timestamp,open,high,low,close,volume
1757419200000,0.2451,0.27849,0.175,0.19246,189616822.0
1757433600000,0.19242,0.33932,0.18251,0.33181,622451748.0
1757448000000,0.33181,0.33319,0.20806,0.21289,313800069.0
1757462400000,0.21287,0.25497,0.19065,0.23865,285173541.0
1757476800000,0.23865,0.25449,0.20662,0.214,318892189.0
1757491200000,0.21398,0.33436,0.204,0.29103,618414909.0
1757505600000,0.29101,0.36398,0.27118,0.34376,641347704.0
1757520000000,0.34378,0.39775,0.32667,0.34757,479372263.0
1757534400000,0.34758,0.38149,0.3245,0.35204,204073378.0
1757548800000,0.35201,0.379,0.33529,0.34718,175949678.0
1757563200000,0.34718,0.35109,0.29718,0.30478,197745218.0
1757577600000,0.3048,0.323,0.28657,0.31464,174319683.0
1757592000000,0.31463,0.32526,0.27228,0.27988,168532069.0
1757606400000,0.2799,0.29944,0.26956,0.29128,126716561.0
1757620800000,0.29128,0.31648,0.29048,0.30879,81958550.0
1757635200000,0.30882,0.31412,0.28276,0.30143,103921664.0
1757649600000,0.30144,0.32935,0.2917,0.2936,123852753.0
1757664000000,0.29352,0.31111,0.28662,0.31007,72544751.0
1757678400000,0.31007,0.40154,0.30907,0.38174,244193798.0
1757692800000,0.38171,0.45355,0.3801,0.43399,275351019.0
1757707200000,0.43412,0.48276,0.42158,0.45947,163940244.0
1757721600000,0.45937,0.47657,0.39659,0.41883,108989520.0
1757736000000,0.41875,0.44922,0.40033,0.44139,79574488.0
1757750400000,0.44134,0.45675,0.42356,0.438,85121637.0
1757764800000,0.438,0.44627,0.41744,0.4458,59827427.0
1757779200000,0.44581,0.59937,0.43522,0.58706,192304369.0
1757793600000,0.58719,0.79536,0.58043,0.77143,274685212.0
1757808000000,0.77143,0.84878,0.7033,0.73004,209927157.0
1757822400000,0.72984,0.83957,0.72956,0.8041,189567482.0
1757836800000,0.80405,0.939,0.76604,0.84026,270209700.0
1757851200000,0.84025,0.86941,0.78417,0.82514,179783353.0
1757865600000,0.82514,0.859,0.7609,0.77229,177434902.0
1757880000000,0.7724,0.85077,0.76887,0.81851,93198470.0
1757894400000,0.81851,0.99928,0.77651,0.88118,232720019.0
1757908800000,0.88114,1.59,0.87612,1.28426,929392871.0
1757923200000,1.2842,1.38,1.13921,1.2592,480918169.0
1757937600000,1.25908,1.26854,1.055,1.1009,343197900.0
1757952000000,1.101,1.26397,1.04713,1.20188,273343244.0
1757966400000,1.20188,1.272,1.1569,1.24249,183896001.0
1757980800000,1.24236,1.30763,1.09129,1.10973,178731926.0
1757995200000,1.10979,1.20522,1.08491,1.12492,146077880.0
1758009600000,1.12492,1.18923,0.95101,1.00435,264989258.0
1758024000000,1.00434,1.04129,0.95299,0.97266,193846017.0
1758038400000,0.97266,1.09196,0.90502,1.06036,186061351.0
1758052800000,1.06031,1.06842,1.00155,1.01798,99957570.0
1758067200000,1.01806,1.02666,0.92693,0.9541,113276045.0
1758081600000,0.95408,0.96296,0.90764,0.91899,89849405.0
1758096000000,0.91887,0.95949,0.90101,0.9433,103677724.0
1758110400000,0.94331,1.07111,0.92615,1.02108,159509306.0
1758124800000,1.02108,1.07985,0.96595,1.01388,198170430.0
1758139200000,1.01385,1.07651,0.99596,1.06311,101029312.0
1758153600000,1.06311,1.20216,1.02912,1.1496,193219049.0
1758168000000,1.14963,1.21454,1.1211,1.13539,153347056.0
1758182400000,1.1354,1.1831,1.1015,1.11806,128793997.0
1758196800000,1.11811,1.1437,1.05938,1.06599,127262333.0
1758211200000,1.066,1.1289,1.066,1.09088,95323251.0
1758225600000,1.09088,1.15,1.08687,1.09946,66171592.0
1758240000000,1.09964,1.15668,1.01657,1.02658,93638667.0
1758254400000,1.02663,1.04287,0.995,1.0202,54623687.0
1758268800000,1.0202,1.0532,1.01,1.0495,32767952.0
1758283200000,1.0495,1.1211,1.0322,1.084,61931300.0
1758297600000,1.0839,1.1364,1.078,1.12,48464979.0
1758312000000,1.1202,1.1346,1.0801,1.1062,33354105.0
1758326400000,1.1063,1.1494,1.05041,1.0829,57871468.0
1758340800000,1.0829,1.2081,1.0589,1.1542,85068831.0
1758355200000,1.1544,1.3939,1.15,1.3933,233512415.0
1758369600000,1.3934,1.4968,1.335,1.4599,264185960.0
1758384000000,1.4598,1.4999,1.3603,1.4154,167864014.0
1758398400000,1.4155,1.4725,1.3765,1.4715,70899822.0
1758412800000,1.4717,1.953,1.455,1.8864,345770532.0
1758427200000,1.8863,2.4799,1.7645,2.2716,451562261.0
1758441600000,2.272,2.479,1.84,1.8757,422107299.0
1758456000000,1.8763,2.385,1.85,2.2131,357309703.0
1758470400000,2.2132,2.2973,2.001,2.2228,222876015.0
1758484800000,2.2229,2.45,2.1743,2.3598,207668477.0
1758499200000,2.3599,2.668,2.1575,2.3101,344036239.0
1758513600000,2.3102,2.491,2.0686,2.1211,258965800.0
1758528000000,2.1211,2.2254,1.965,2.1052,198847161.0
1758542400000,2.1054,2.22,1.877,1.8831,192036599.0
1758556800000,1.883,2.0907,1.8282,1.9702,153172408.0
1758571200000,1.9707,2.1213,1.9427,2.0611,81656948.0
1758585600000,2.0611,2.1392,1.7435,1.8185,120046262.0
1758600000000,1.8185,2.1224,1.7765,2.084,176168167.0
1758614400000,2.0841,2.0869,1.8807,1.9358,102309123.0
1758628800000,1.9355,2.2667,1.9312,2.1947,190801864.0
1758643200000,2.1947,2.23,1.9182,1.938,114660013.0
1758657600000,1.9379,2.0366,1.9197,1.9885,67188230.0
1758672000000,1.9887,2.025,1.8626,1.895,111272065.0
1758686400000,1.895,2.0708,1.8667,1.9785,96513121.0
1758700800000,1.9785,2.1432,1.933,2.0856,92285503.0
1758715200000,2.0854,2.1616,1.9777,2.0754,103979372.0
1758729600000,2.0755,2.1946,2.065,2.1022,81307997.0
1758744000000,2.1021,2.2494,2.0612,2.207,100375244.0
1758758400000,2.207,2.3357,2.0443,2.0787,126360216.0
1758772800000,2.0788,2.0801,1.9562,2.0292,92393251.0
1758787200000,2.0291,2.0567,1.9069,1.9262,80380404.0
1758801600000,1.9259,1.975,1.618,1.7022,182483728.0
1758816000000,1.7024,1.7087,1.5674,1.6455,120964486.0
1758830400000,1.6456,1.6711,1.5536,1.5886,75412838.0
1758844800000,1.5887,1.6243,1.455,1.5025,162736258.0
1758859200000,1.5029,1.555,1.4473,1.5154,115944837.0
1758873600000,1.5155,1.5884,1.4808,1.4876,96500375.0
1758888000000,1.4874,1.579,1.4478,1.5212,128407706.0
1758902400000,1.5213,1.7777,1.5161,1.6288,125325287.0
1758916800000,1.6286,1.6658,1.5675,1.6486,45801966.0
1758931200000,1.6485,1.743,1.596,1.632,70808036.0
1758945600000,1.6321,1.6582,1.5338,1.5457,52079216.0
1758960000000,1.5456,1.5487,1.4826,1.5298,46110867.0
1758974400000,1.5298,1.6299,1.5218,1.5804,67194826.0
1758988800000,1.5805,1.6011,1.5052,1.5404,43392633.0
1759003200000,1.5405,1.5682,1.5062,1.5228,28017665.0
1759017600000,1.5229,1.5314,1.4034,1.4192,60300283.0
1759032000000,1.4191,1.4256,1.344,1.3773,55285822.0
1759046400000,1.3771,1.3967,1.3478,1.3775,45469198.0
1759060800000,1.3774,1.4165,1.3617,1.4046,48052265.0
1759075200000,1.4044,1.4262,1.3603,1.3799,35494881.0
1759089600000,1.3798,1.52,1.3785,1.4828,46299976.0
1759104000000,1.4828,1.4871,1.3832,1.4047,45262399.0
1759118400000,1.4048,1.4975,1.3868,1.4688,56236750.0
1759132800000,1.4687,1.4745,1.2321,1.2439,83220418.0
1759147200000,1.244,1.2676,1.1251,1.1297,127852693.0
1759161600000,1.1297,1.153,1.0642,1.1299,101044645.0
1759176000000,1.1296,1.1716,1.1118,1.1279,53103640.0
1759190400000,1.1278,1.1534,1.0502,1.0636,76262047.0
1759204800000,1.0637,1.1238,1.0637,1.1061,70694547.0
1759219200000,1.1062,1.2355,1.1049,1.1594,176429932.0
1759233600000,1.1597,1.2227,1.1245,1.1943,124993073.0
1759248000000,1.1944,1.3234,1.1719,1.3072,86161040.0
1759262400000,1.3071,1.323,1.2419,1.2927,62224185.0
1759276800000,1.2927,1.2965,1.1776,1.1803,64541053.0
1759291200000,1.1803,1.215,1.1566,1.1753,54285816.0
1759305600000,1.1751,1.256,1.167,1.227,59503829.0
1759320000000,1.227,1.2702,1.1853,1.1897,57043093.0
1759334400000,1.1897,1.2166,1.16,1.1891,49731707.0
1759348800000,1.1891,1.2081,1.142,1.1932,40922892.0
1759363200000,1.1933,1.2077,1.1537,1.1817,39253941.0
1759377600000,1.1817,1.1969,1.1576,1.1803,41965051.0
1759392000000,1.1804,1.2338,1.1637,1.1803,36879056.0
1759406400000,1.1802,1.2075,1.1027,1.1376,55135273.0
1759420800000,1.1374,1.1483,1.1079,1.1175,24794938.0
1759435200000,1.1176,1.1446,1.11207,1.1306,22477873.0
1759449600000,1.1306,1.1449,1.0819,1.1369,37177231.0
1759464000000,1.1369,1.2084,1.1261,1.196,53729698.0
1759478400000,1.1959,1.2031,1.1458,1.179,31038086.0
1759492800000,1.1791,1.2025,1.1502,1.1799,40255496.0
1759507200000,1.1798,1.2803,1.161,1.2601,59778583.0
1759521600000,1.26,1.3,1.2082,1.2531,38296696.0
1759536000000,1.2531,1.2576,1.1955,1.2085,24645251.0
1759550400000,1.2083,1.2878,1.18,1.269,33784980.0
1759564800000,1.2689,1.2738,1.197,1.2023,30465485.0
1759579200000,1.2022,1.2471,1.1571,1.1691,36604809.0
1759593600000,1.1692,1.1893,1.1522,1.1773,17261299.0
1759608000000,1.1773,1.1825,1.1543,1.1581,11142338.0
1759622400000,1.1581,1.1848,1.1185,1.1603,31801666.0
1759636800000,1.1604,1.1851,1.146,1.1536,20115798.0
1759651200000,1.1536,1.1709,1.1058,1.1268,28889598.0
1759665600000,1.1267,1.1399,1.1139,1.1378,21729869.0
1759680000000,1.1378,1.1454,1.0974,1.1133,21132948.0
1759694400000,1.1133,1.1272,1.1006,1.1198,10877963.0
1759708800000,1.1199,1.1499,1.1082,1.1363,24042853.0
1759723200000,1.1364,1.1519,1.1149,1.1324,20461048.0
1759737600000,1.1324,1.153,1.1184,1.1323,21688581.0
1759752000000,1.1324,1.1501,1.1152,1.1169,24733954.0
1759766400000,1.117,1.1232,1.09,1.1101,28856383.0
1759780800000,1.1101,1.1359,1.101,1.1298,14071535.0
1759795200000,1.1298,1.1302,1.1001,1.1076,13225036.0
1759809600000,1.1076,1.1076,1.0551,1.0683,24513280.0
1759824000000,1.0684,1.0955,1.0517,1.0926,29116230.0
1759838400000,1.0925,1.1043,0.9933,0.9972,59952802.0
1759852800000,0.9971,1.0019,0.9607,0.9644,34982370.0
1759867200000,0.9645,0.9866,0.9517,0.9551,18418948.0
1759881600000,0.955,0.9588,0.8693,0.8719,50639814.0
1759896000000,0.8718,0.9051,0.8706,0.8967,31521757.0
1759910400000,0.8968,0.9208,0.8932,0.8951,25786888.0
1759924800000,0.895,0.9215,0.8858,0.9091,26787692.0
1759939200000,0.9091,0.9583,0.9075,0.9259,31270956.0
1759953600000,0.9259,0.9361,0.9022,0.9144,13054317.0
1759968000000,0.9144,0.916,0.8561,0.8721,23318646.0
1759982400000,0.8722,0.8928,0.8618,0.8637,16960286.0
1759996800000,0.8636,0.8685,0.8027,0.8214,47744631.0
1760011200000,0.8214,0.8479,0.808,0.8214,27780006.0
1760025600000,0.8213,0.8402,0.8066,0.8174,21291416.0
1760040000000,0.8175,0.8316,0.7934,0.8288,15912264.0
1760054400000,0.8288,0.8887,0.8245,0.8623,39259431.0
1760068800000,0.8622,0.8704,0.8224,0.8332,19816803.0
1760083200000,0.8333,0.8753,0.8326,0.8699,17136229.0
1760097600000,0.8699,0.89,0.7967,0.7996,44255280.0
1760112000000,0.7995,0.8108,0.7656,0.7923,33513492.0
1760126400000,0.7925,0.7971,0.1856,0.5521,139132981.0
1760140800000,0.5521,0.6045,0.5374,0.5912,56683010.0
1760155200000,0.5912,0.6939,0.5845,0.6573,74507140.0
1760169600000,0.6576,0.6713,0.6365,0.6414,39332531.0
1760184000000,0.6413,0.6682,0.6392,0.6449,40411109.0
1760198400000,0.6449,0.6553,0.5835,0.5888,33830343.0
1760212800000,0.5886,0.6147,0.5787,0.6008,26182543.0
1760227200000,0.6007,0.6862,0.5927,0.6749,59140356.0
1760241600000,0.6749,0.6749,0.64,0.6423,27222383.0
1760256000000,0.6422,0.664,0.6372,0.6571,21694602.0
1760270400000,0.6571,0.6689,0.6173,0.6658,37874380.0
1760284800000,0.6658,0.7078,0.6652,0.677,35044513.0
1760299200000,0.6771,0.6875,0.6526,0.6611,21781678.0
1760313600000,0.661,0.675,0.6406,0.6446,26876483.0
1760328000000,0.6446,0.6656,0.6354,0.6532,19832475.0
1760342400000,0.6533,0.6643,0.6269,0.6334,24126113.0
1760356800000,0.6334,0.6446,0.6133,0.6272,36299967.0
1760371200000,0.6273,0.6475,0.6148,0.6452,25958086.0
1760385600000,0.6453,0.6608,0.6446,0.6586,17444766.0
1760400000000,0.6587,0.6884,0.6306,0.6328,34010766.0
1760414400000,0.6327,0.6368,0.5819,0.5862,31424216.0
1760428800000,0.5862,0.5966,0.5702,0.5893,27458684.0
1760443200000,0.5893,0.6136,0.5772,0.6113,29867352.0
1760457600000,0.6113,0.6289,0.5987,0.613,27087420.0
1760472000000,0.6132,0.6216,0.6045,0.6158,11802276.0
1760486400000,0.6157,0.6302,0.6029,0.6115,18044702.0
1760500800000,0.6116,0.6377,0.6087,0.6347,19776749.0
1760515200000,0.6346,0.6401,0.6065,0.6085,19162186.0
1760529600000,0.6085,0.6322,0.5937,0.5998,32881275.0
1760544000000,0.5999,0.6043,0.582,0.5869,17449052.0
1760558400000,0.5869,0.597,0.5717,0.5893,23042473.0
1760572800000,0.5892,0.5985,0.5751,0.5922,17001818.0
1760587200000,0.5922,0.6037,0.5814,0.596,15396962.0
1760601600000,0.596,0.6064,0.5726,0.6024,26990838.0
1760616000000,0.6024,0.6098,0.5677,0.5725,31790464.0
1760630400000,0.5724,0.579,0.5455,0.551,34591285.0
1760644800000,0.551,0.554,0.5385,0.5501,13333003.0
1760659200000,0.5501,0.5534,0.5292,0.5359,18537530.0
1760673600000,0.5359,0.5363,0.4956,0.4972,40347904.0
1760688000000,0.4974,0.5136,0.4804,0.5043,52744975.0
1760702400000,0.5043,0.5061,0.4826,0.503,39642055.0
1760716800000,0.5032,0.513,0.4875,0.4947,26713330.0
1760731200000,0.4947,0.5102,0.4909,0.5071,13629148.0
1760745600000,0.5072,0.5244,0.497,0.5142,20424893.0
1760760000000,0.5142,0.5191,0.5037,0.5069,15147640.0
1760774400000,0.507,0.5111,0.5024,0.507,10266396.0
1760788800000,0.5069,0.5113,0.4865,0.4919,18138565.0
1760803200000,0.4919,0.5009,0.4821,0.497,13056674.0
1760817600000,0.497,0.501,0.4923,0.4953,7373974.0
1760832000000,0.4952,0.5047,0.4871,0.493,19234670.0
1760846400000,0.493,0.4932,0.4731,0.4814,16731818.0
1760860800000,0.4813,0.4947,0.4719,0.4884,29484659.0
1760875200000,0.4884,0.5013,0.4833,0.5,15323314.0
1760889600000,0.5,0.5053,0.4935,0.498,13021810.0
1760904000000,0.4981,0.4986,0.4874,0.4889,11539605.0
1760918400000,0.4888,0.4973,0.466,0.4949,24771780.0
1760932800000,0.4951,0.502,0.4846,0.4961,18740993.0
1760947200000,0.4962,0.4982,0.4839,0.4889,29284012.0
1760961600000,0.489,0.5262,0.485,0.5164,30552594.0
1760976000000,0.5163,0.6561,0.5065,0.6513,143637742.0
1760990400000,0.6511,0.6659,0.6073,0.6387,158491445.0
1761004800000,0.6388,0.7332,0.6202,0.7076,277229637.0
1761019200000,0.7077,0.7113,0.6127,0.6388,221331250.0
1761033600000,0.6387,0.6387,0.5617,0.5862,134569549.0
1761048000000,0.5861,0.6368,0.5628,0.6327,208715653.0
1761062400000,0.6326,0.68,0.6167,0.6642,247481298.0
1761076800000,0.664,0.6644,0.5904,0.599,91039450.0
1761091200000,0.5989,0.6299,0.5949,0.6129,81533016.0
1761105600000,0.6129,0.6353,0.6023,0.6204,67004546.0
1761120000000,0.6203,0.6476,0.591,0.6356,119363887.0
1761134400000,0.6357,0.6882,0.6171,0.6799,190487908.0
1761148800000,0.6795,0.68,0.6274,0.6309,111555188.0
1761163200000,0.6309,0.6388,0.5919,0.6371,81863215.0
1761177600000,0.6371,0.6473,0.6206,0.6299,69822997.0
1761192000000,0.6299,0.6715,0.6152,0.6539,67801095.0
1761206400000,0.6538,0.6755,0.6442,0.6591,60943307.0
1761220800000,0.6591,0.6879,0.647,0.6558,86920656.0
1761235200000,0.6559,0.6559,0.6305,0.6447,56283940.0
1761249600000,0.6447,0.6689,0.6376,0.6678,33084305.0
1761264000000,0.6678,0.7267,0.655,0.7218,63485693.0
1761278400000,0.7218,0.8059,0.7194,0.7808,131946514.0
1761292800000,0.7808,0.8086,0.7455,0.7777,86495372.0
1761307200000,0.7776,0.872,0.7636,0.809,144314779.0
1761321600000,0.8091,0.8716,0.7954,0.8203,95039549.0
1761336000000,0.8203,0.8245,0.7492,0.7811,76828736.0
1761350400000,0.7811,0.8097,0.7463,0.7514,81614715.0
1761364800000,0.7514,0.789,0.7471,0.7652,53868059.0
1761379200000,0.7653,0.7653,0.7434,0.7568,34454732.0
1761393600000,0.7569,0.7569,0.7152,0.7384,60138639.0
1761408000000,0.7385,0.7494,0.729,0.7388,31676438.0
1761422400000,0.7389,0.773,0.7332,0.7457,47447685.0
1761436800000,0.7458,0.8224,0.7398,0.8174,73272919.0
1761451200000,0.8175,0.8419,0.785,0.8071,71658296.0
1761465600000,0.8071,0.8094,0.775,0.7784,36834651.0
1761480000000,0.7783,0.8109,0.7651,0.7997,48982189.0
1761494400000,0.7997,0.7998,0.7743,0.7769,28208983.0
1761508800000,0.7769,0.7988,0.7696,0.7924,26165333.0
1761523200000,0.7923,0.8145,0.774,0.7781,47483262.0
1761537600000,0.7781,0.7829,0.732,0.7489,46418521.0
1761552000000,0.749,0.7496,0.7268,0.7322,33555762.0
1761566400000,0.7322,0.7447,0.7097,0.7166,35358272.0
1761580800000,0.7165,0.7238,0.704,0.7072,22668323.0
1761595200000,0.7072,0.7072,0.6841,0.6926,25380690.0
1761609600000,0.6925,0.7144,0.6601,0.6687,49257381.0
1761624000000,0.6686,0.6738,0.6506,0.6558,21246174.0
1761638400000,0.6558,0.6848,0.6539,0.6752,26850404.0
1761652800000,0.6752,0.704,0.6582,0.6927,38381748.0
1761667200000,0.6927,0.6927,0.6561,0.6628,22090917.0
1761681600000,0.6627,0.6705,0.6416,0.6644,24200272.0
1761696000000,0.6643,0.6679,0.626,0.634,24789523.0
1761710400000,0.634,0.6732,0.6296,0.6507,24599872.0
1761724800000,0.6506,0.6592,0.6418,0.6505,15985071.0
1761739200000,0.6505,0.6567,0.6333,0.6397,19079016.0
1761753600000,0.6397,0.6722,0.6309,0.6454,41937076.0
1761768000000,0.6453,0.6816,0.6444,0.6659,25485938.0
1761782400000,0.6659,0.6856,0.6445,0.6813,30564010.0
1761796800000,0.6812,0.6813,0.636,0.66,30442299.0
1761811200000,0.66,0.6702,0.6152,0.6201,28524003.0
1761825600000,0.6201,0.6213,0.5769,0.5811,42176354.0
1761840000000,0.5811,0.5902,0.5644,0.5683,22836492.0
1761854400000,0.5682,0.588,0.5606,0.581,21193265.0
1761868800000,0.581,0.6032,0.5791,0.5981,25146239.0
1761883200000,0.5981,0.6489,0.5981,0.6322,38339835.0
1761897600000,0.6323,0.6638,0.6243,0.6613,30732812.0
1761912000000,0.6612,0.6837,0.6557,0.6636,45379496.0
1761926400000,0.6637,0.6673,0.6414,0.6596,30781659.0
1761940800000,0.6595,0.6658,0.6366,0.6418,13486558.0
1761955200000,0.6417,0.6972,0.6407,0.6916,36559398.0
1761969600000,0.6916,0.7256,0.6756,0.6813,43820200.0
1761984000000,0.6813,0.6903,0.671,0.6776,19994419.0
1761998400000,0.6775,0.6799,0.6437,0.6567,28294132.0
1762012800000,0.6567,0.6628,0.6486,0.652,13482417.0
1762027200000,0.6521,0.6596,0.6414,0.6581,11631674.0
1762041600000,0.658,0.675,0.635,0.636,30521591.0
1762056000000,0.636,0.6424,0.6221,0.6295,17603666.0
1762070400000,0.6296,0.6396,0.6243,0.6343,15712398.0
1762084800000,0.6342,0.6638,0.6108,0.6356,37199365.0
1762099200000,0.6356,0.6422,0.6204,0.6252,12072167.0
1762113600000,0.6252,0.6352,0.6214,0.6329,9224941.0
1762128000000,0.6328,0.6399,0.5825,0.5831,24689956.0
1762142400000,0.5831,0.6035,0.5781,0.5971,19879142.0
1762156800000,0.5971,0.6013,0.5837,0.589,12058869.0
1762171200000,0.589,0.5952,0.5293,0.5501,34671853.0
1762185600000,0.5502,0.568,0.5392,0.5396,20833367.0
1762200000000,0.5395,0.5493,0.5264,0.5419,20081227.0
1762214400000,0.5419,0.5603,0.5344,0.5423,32756195.0
1762228800000,0.5422,0.5522,0.514,0.549,42714585.0
1762243200000,0.549,0.5558,0.5373,0.5452,24101442.0
1762257600000,0.5452,0.5513,0.5281,0.5351,21198620.0
1762272000000,0.535,0.5392,0.5068,0.5124,28819939.0
1762286400000,0.5125,0.5298,0.4903,0.5286,30430504.0
1762300800000,0.5286,0.5414,0.5073,0.5295,30119840.0
1762315200000,0.5295,0.5358,0.5221,0.5261,9609384.0
1762329600000,0.526,0.526,0.5083,0.5228,15534178.0
1762344000000,0.5228,0.5459,0.5193,0.542,21136747.0
1762358400000,0.5421,0.5548,0.534,0.5412,16121991.0
1762372800000,0.5411,0.5445,0.5332,0.542,9322162.0
1762387200000,0.542,0.542,0.5171,0.5232,14191610.0
1762401600000,0.5232,0.5239,0.5076,0.5123,10464370.0
1762416000000,0.5122,0.5184,0.5034,0.5081,10942684.0
1762430400000,0.5081,0.5165,0.4946,0.4978,19521728.0
1762444800000,0.4977,0.5151,0.4904,0.5021,16495137.0
1762459200000,0.5021,0.506,0.4942,0.5001,10159643.0
1762473600000,0.5,0.508,0.4866,0.5031,16480010.0
1762488000000,0.5032,0.5277,0.497,0.5193,17526594.0
1762502400000,0.5192,0.5229,0.495,0.5015,15770122.0
1762516800000,0.5015,0.5303,0.4921,0.527,21699092.0
1762531200000,0.5269,0.6574,0.5261,0.6388,56202816.0
1762545600000,0.6387,0.6391,0.5764,0.582,39832672.0
1762560000000,0.5819,0.5992,0.5606,0.5622,25682816.0
1762574400000,0.5621,0.5721,0.5526,0.5694,13911936.0
1762588800000,0.5693,0.5726,0.5583,0.5633,10586863.0
1762603200000,0.5632,0.5657,0.5305,0.532,14488417.0
1762617600000,0.5319,0.5353,0.516,0.5225,12050162.0
1762632000000,0.5224,0.5393,0.5214,0.5356,8032925.0
1762646400000,0.5355,0.5358,0.5099,0.5135,13017713.0
1762660800000,0.5135,0.5254,0.5125,0.5202,9375701.0
1762675200000,0.5201,0.521,0.5104,0.5191,8127929.0
1762689600000,0.519,0.5437,0.5187,0.5388,14840973.0
1762704000000,0.5387,0.552,0.5341,0.543,12384442.0
1762718400000,0.543,0.5486,0.5362,0.5395,7238649.0
1762732800000,0.5396,0.5606,0.5363,0.5477,16424046.0
1762747200000,0.5477,0.5575,0.5448,0.5483,7661334.0
1762761600000,0.5483,0.555,0.5322,0.5392,13827697.0
1762776000000,0.5392,0.5447,0.5277,0.5348,10899346.0
1762790400000,0.5348,0.5402,0.5268,0.5334,6730080.0
1762804800000,0.5333,0.5502,0.5308,0.5468,9418244.0
1762819200000,0.5468,0.564,0.5346,0.5446,15493805.0
1762833600000,0.5445,0.5467,0.5236,0.5243,9480809.0
1762848000000,0.5243,0.5411,0.5164,0.5325,10056983.0
1762862400000,0.5323,0.5393,0.5222,0.5294,10664837.0
1762876800000,0.5294,0.5326,0.5187,0.5197,5917249.0
1762891200000,0.5197,0.5208,0.5022,0.504,8242169.0
1762905600000,0.5038,0.5179,0.4981,0.5112,6480573.0
1762920000000,0.5113,0.5242,0.5113,0.5168,4939556.0
1762934400000,0.5168,0.5278,0.5168,0.524,5965487.0
1762948800000,0.524,0.5281,0.503,0.5055,10309223.0
1762963200000,0.5054,0.5064,0.4769,0.4831,18406687.0
1762977600000,0.483,0.4939,0.4808,0.4911,5741035.0
1762992000000,0.491,0.4998,0.4835,0.4918,8359578.0
1763006400000,0.4919,0.5049,0.4861,0.5001,8692637.0
1763020800000,0.5,0.5023,0.4935,0.4974,5778175.0
1763035200000,0.4974,0.6129,0.4956,0.5677,167328891.0
1763049600000,0.5677,0.5793,0.5022,0.5162,84075321.0
1763064000000,0.5161,0.5382,0.4994,0.5324,31191972.0
1763078400000,0.5325,0.5529,0.5028,0.5105,58199011.0
1763092800000,0.5104,0.5252,0.4867,0.5111,37552173.0
1763107200000,0.5111,0.5183,0.4971,0.5026,28394041.0
1763121600000,0.5026,0.5182,0.4873,0.5103,33596541.0
1763136000000,0.5103,0.5126,0.4935,0.5071,20314997.0
1763150400000,0.5069,0.5115,0.4909,0.5066,19192167.0
1763164800000,0.5066,0.5318,0.5013,0.5246,26635160.0
1763179200000,0.5246,0.532,0.518,0.5257,13804302.0
1763193600000,0.5256,0.5264,0.5002,0.5027,13485438.0
1763208000000,0.5027,0.5114,0.4986,0.5044,13916970.0
1763222400000,0.5043,0.5071,0.4964,0.5003,9068949.0
1763236800000,0.5003,0.5034,0.4926,0.4995,8408565.0
1763251200000,0.4995,0.5082,0.4806,0.4932,22891340.0
1763265600000,0.493,0.4947,0.4863,0.4915,9366086.0
1763280000000,0.4916,0.5018,0.4841,0.4848,14865634.0
1763294400000,0.4847,0.4885,0.4629,0.4636,17887305.0
1763308800000,0.4636,0.4674,0.4487,0.455,23139916.0
1763323200000,0.455,0.4736,0.4436,0.4631,23094830.0
1763337600000,0.4632,0.4698,0.4519,0.4601,16475370.0
1763352000000,0.4602,0.4629,0.4523,0.4612,9205788.0
1763366400000,0.4611,0.4646,0.4554,0.4603,9736920.0
1763380800000,0.4602,0.4613,0.4331,0.4346,22387364.0
1763395200000,0.4347,0.4443,0.4159,0.418,20209410.0
1763409600000,0.4179,0.4293,0.4127,0.429,14541976.0
1763424000000,0.429,0.4297,0.4125,0.4271,17485802.0
1763438400000,0.4272,0.4401,0.4228,0.4334,16529413.0
1763452800000,0.4334,0.4408,0.4299,0.436,10607532.0
1763467200000,0.4361,0.4598,0.4295,0.454,20456867.0
1763481600000,0.4541,0.4552,0.4465,0.4476,12053004.0
1763496000000,0.4476,0.4478,0.4381,0.4406,7856899.0
1763510400000,0.4406,0.46,0.4308,0.4323,27640438.0
1763524800000,0.4322,0.4363,0.4238,0.4333,12290390.0
1763539200000,0.4333,0.4353,0.428,0.4289,6698028.0
1763553600000,0.4289,0.4343,0.4156,0.4166,14075092.0
1763568000000,0.4165,0.4217,0.4056,0.4083,18023200.0
1763582400000,0.4082,0.4279,0.4063,0.4262,12101964.0
1763596800000,0.4263,0.4283,0.4231,0.4261,6709997.0
1763611200000,0.4261,0.4316,0.4226,0.4273,7662481.0
1763625600000,0.4273,0.4286,0.4233,0.4279,5913589.0
1763640000000,0.4279,0.4387,0.4182,0.4191,15462023.0
1763654400000,0.419,0.4196,0.3892,0.3986,26786784.0
1763668800000,0.3985,0.4052,0.3899,0.391,11481036.0
1763683200000,0.3908,0.399,0.3806,0.3844,13247705.0
1763697600000,0.3843,0.3884,0.3235,0.3633,28582456.0
1763712000000,0.3634,0.3701,0.3528,0.3619,24542433.0
1763726400000,0.3619,0.408,0.3533,0.3982,52910236.0
1763740800000,0.3981,0.4286,0.3937,0.4157,63424192.0
1763755200000,0.4156,0.416,0.3963,0.4131,19851802.0
1763769600000,0.4131,0.431,0.4016,0.414,28369570.0
1763784000000,0.4142,0.4152,0.3932,0.3988,21427018.0
1763798400000,0.3989,0.3989,0.3865,0.3928,14761630.0
1763812800000,0.3929,0.394,0.3841,0.3853,13313346.0
1763827200000,0.3853,0.3957,0.3849,0.3908,6889814.0
1763841600000,0.3909,0.3969,0.3864,0.3896,5220363.0
1763856000000,0.3896,0.4233,0.3874,0.401,25793872.0
1763870400000,0.401,0.405,0.3874,0.3906,6975014.0
1763884800000,0.3906,0.3945,0.379,0.3844,8969465.0
1763899200000,0.3844,0.3911,0.3821,0.3869,6656315.0
1763913600000,0.3869,0.3899,0.3812,0.3862,7111797.0
1763928000000,0.3863,0.3912,0.3835,0.3893,8638946.0
1763942400000,0.3892,0.3955,0.3816,0.3898,9157295.0
1763956800000,0.3898,0.394,0.382,0.3844,9407531.0
1763971200000,0.3844,0.3884,0.3731,0.3815,11718905.0
1763985600000,0.3815,0.3883,0.3752,0.3877,11702703.0
1764000000000,0.3878,0.404,0.3867,0.3974,12041968.0
1764014400000,0.3975,0.4026,0.3969,0.3987,8005130.0
1764028800000,0.3986,0.3986,0.3873,0.3907,4859671.0
1764043200000,0.3907,0.392,0.3822,0.3866,8584658.0
1764057600000,0.3866,0.3948,0.3861,0.3916,8264109.0
1764072000000,0.3917,0.3968,0.3827,0.3876,9675128.0
1764086400000,0.3877,0.4008,0.3861,0.3974,10058928.0
1764100800000,0.3975,0.4078,0.3934,0.4053,8355638.0
1764115200000,0.4054,0.4102,0.4003,0.4037,6593927.0
1764129600000,0.4037,0.4076,0.3987,0.4015,4931051.0
1764144000000,0.4015,0.4017,0.3899,0.3949,5665393.0
1764158400000,0.3949,0.3982,0.387,0.3886,8026782.0
1764172800000,0.3886,0.4062,0.3886,0.4026,8756433.0
1764187200000,0.4026,0.4084,0.3985,0.4062,5960443.0
1764201600000,0.4062,0.4064,0.397,0.3987,6757998.0
1764216000000,0.3987,0.4098,0.3987,0.4075,5731401.0
1764230400000,0.4075,0.4159,0.4039,0.4091,10722434.0
1764244800000,0.409,0.4283,0.4081,0.4198,12735022.0
1764259200000,0.4199,0.429,0.4138,0.4186,6835787.0
1764273600000,0.4185,0.4192,0.4072,0.4106,5540249.0
1764288000000,0.4107,0.4154,0.4011,0.407,6369981.0
1764302400000,0.407,0.4073,0.3983,0.401,4782938.0
1764316800000,0.4007,0.4133,0.4005,0.4102,7917892.0
1764331200000,0.4102,0.4179,0.4038,0.4046,9156036.0
1764345600000,0.4047,0.4048,0.3847,0.3891,11978029.0
1764360000000,0.389,0.3954,0.3871,0.3913,5507883.0
1764374400000,0.3913,0.3993,0.3881,0.3894,5993353.0
1764388800000,0.3895,0.3915,0.3834,0.3887,4440615.0
1764403200000,0.3888,0.3917,0.3855,0.3902,4153107.0
1764417600000,0.3902,0.3911,0.3843,0.3882,4113434.0
1764432000000,0.3882,0.3895,0.3812,0.3848,5408971.0
1764446400000,0.3847,0.3917,0.3824,0.3884,3633981.0
1764460800000,0.3884,0.3896,0.3819,0.3854,3372033.0
1764475200000,0.3855,0.3857,0.3781,0.3781,5621341.0
1764489600000,0.3782,0.3802,0.3725,0.3766,6027041.0
1764504000000,0.3766,0.3849,0.3748,0.3774,5895244.0
1764518400000,0.3775,0.3798,0.3753,0.3762,3052529.0
1764532800000,0.3762,0.3783,0.3703,0.3708,4222998.0
1764547200000,0.3709,0.3711,0.3368,0.3376,23193002.0
1764561600000,0.3375,0.3428,0.3353,0.3379,6605141.0
1764576000000,0.3379,0.3408,0.3327,0.3345,5700406.0
1764590400000,0.3346,0.3378,0.3229,0.3295,11444377.0
1764604800000,0.3296,0.33,0.3214,0.3258,7841463.0
1764619200000,0.3258,0.3325,0.3256,0.3281,6632288.0
1764633600000,0.3282,0.3306,0.3207,0.3244,7699586.0
1764648000000,0.3243,0.3255,0.318,0.3246,5419341.0
1764662400000,0.3246,0.3299,0.32,0.3269,5438387.0
1764676800000,0.3269,0.3518,0.3237,0.3506,15229856.0
1764691200000,0.3506,0.3532,0.3391,0.3391,10799380.0
1764705600000,0.339,0.3429,0.335,0.3405,5170760.0
1764720000000,0.3404,0.3566,0.3389,0.3495,8274829.0
1764734400000,0.3495,0.3522,0.3471,0.3487,6515472.0
1764748800000,0.3488,0.3718,0.3488,0.3565,15023702.0
1764763200000,0.3565,0.366,0.3517,0.3596,10234216.0
1764777600000,0.3595,0.3655,0.3555,0.3612,7715040.0
1764792000000,0.3613,0.3677,0.3598,0.3645,5342467.0
1764806400000,0.3646,0.3771,0.3601,0.371,7574349.0
1764820800000,0.3709,0.3734,0.3611,0.3669,6401027.0
1764835200000,0.367,0.3712,0.3573,0.3591,8787685.0
1764849600000,0.3591,0.3648,0.3519,0.3603,9017491.0
1764864000000,0.3603,0.3616,0.3448,0.3524,8915520.0
1764878400000,0.3524,0.3536,0.346,0.3471,4858108.0
1764892800000,0.347,0.3492,0.3417,0.3425,5705383.0
1764907200000,0.3424,0.3479,0.3383,0.3426,7875812.0
1764921600000,0.3425,0.343,0.3333,0.3362,7699454.0
1764936000000,0.3362,0.3427,0.3322,0.3395,8207537.0
1764950400000,0.3395,0.3401,0.3224,0.3244,12117469.0
1764964800000,0.3243,0.3305,0.3228,0.3297,3165060.0
1764979200000,0.3298,0.3314,0.3249,0.3309,2798684.0
1764993600000,0.3309,0.331,0.3251,0.3302,2569934.0
1765008000000,0.3303,0.3306,0.3264,0.3289,2432481.0
1765022400000,0.3288,0.3367,0.3281,0.3323,4101556.0
1765036800000,0.3322,0.3342,0.3292,0.3311,2696612.0
1765051200000,0.3311,0.3325,0.324,0.3261,4807710.0
1765065600000,0.326,0.3282,0.3221,0.3244,3124115.0
1765080000000,0.3244,0.3249,0.3183,0.321,4783142.0
1765094400000,0.321,0.3212,0.3128,0.315,6963312.0
1765108800000,0.3149,0.3166,0.3016,0.312,11330477.0
1765123200000,0.3119,0.3215,0.306,0.3162,7657277.0
1765137600000,0.3162,0.3176,0.2974,0.3007,7600141.0
1765152000000,0.3008,0.3112,0.2997,0.3057,10431822.0
1765166400000,0.3058,0.3092,0.3011,0.3083,6379694.0
1765180800000,0.3084,0.3121,0.3073,0.3099,5243487.0
1765195200000,0.31,0.3203,0.3047,0.3068,13830927.0
1765209600000,0.3068,0.3132,0.3018,0.305,6089396.0
1765224000000,0.305,0.3123,0.3049,0.3056,3947090.0
1765238400000,0.3056,0.3146,0.3022,0.3128,9967078.0
1765252800000,0.3127,0.313,0.3019,0.3054,7206390.0
1765267200000,0.3055,0.3057,0.2988,0.3009,4093011.0
1765281600000,0.3009,0.317,0.3001,0.3156,10040954.0
1765296000000,0.3156,0.3219,0.3143,0.3158,13309984.0
1765310400000,0.3159,0.3167,0.3049,0.3095,6539885.0
1765324800000,0.3093,0.3119,0.3038,0.3062,7003682.0
1765339200000,0.3062,0.3123,0.3054,0.3108,5199841.0
1765353600000,0.3109,0.3109,0.301,0.3024,6529045.0
1765368000000,0.3023,0.3278,0.3013,0.3212,28918910.0
1765382400000,0.3212,0.3327,0.3153,0.3205,16928658.0
1765396800000,0.3205,0.3254,0.309,0.3109,11690583.0
1765411200000,0.3109,0.3117,0.2951,0.2969,11163001.0
1765425600000,0.2969,0.3002,0.2925,0.2934,8961708.0
1765440000000,0.2933,0.2958,0.2901,0.2912,5333427.0
1765454400000,0.2912,0.2939,0.2877,0.2925,8224141.0
1765468800000,0.2925,0.3026,0.2899,0.2958,6802194.0
1765483200000,0.2959,0.3048,0.2957,0.2967,7904320.0
1765497600000,0.2967,0.2981,0.2908,0.2926,5889840.0
1765512000000,0.2925,0.2981,0.2909,0.2954,3722458.0
1765526400000,0.2954,0.3049,0.2944,0.2992,8897967.0
1765540800000,0.2992,0.3015,0.2869,0.289,10558356.0
1765555200000,0.2889,0.2919,0.2852,0.2882,7779299.0
1765569600000,0.2882,0.2941,0.2878,0.2895,4844456.0
1765584000000,0.2895,0.2909,0.2825,0.2844,5454357.0
1765598400000,0.2844,0.2877,0.2798,0.2868,3903921.0
1765612800000,0.2868,0.2891,0.2846,0.2889,2699822.0
1765627200000,0.2889,0.2937,0.2886,0.2919,3995832.0
1765641600000,0.2919,0.294,0.2898,0.2899,2974733.0
1765656000000,0.29,0.2916,0.2889,0.2911,1758120.0
1765670400000,0.2911,0.2925,0.289,0.2901,2050414.0
1765684800000,0.2901,0.2905,0.2811,0.2853,5337713.0
1765699200000,0.2853,0.289,0.282,0.2853,5740151.0
1765713600000,0.2853,0.2866,0.28,0.2802,3544911.0
1765728000000,0.2803,0.2817,0.2712,0.2724,6741428.0
1765742400000,0.2725,0.2748,0.2669,0.2705,5840622.0
1765756800000,0.2706,0.2756,0.2662,0.2732,7135377.0
1765771200000,0.2732,0.2756,0.2712,0.2749,3822438.0
1765785600000,0.2748,0.2752,0.2686,0.2696,3463100.0
1765800000000,0.2696,0.2771,0.2569,0.258,17134933.0
1765814400000,0.258,0.2609,0.2458,0.2471,13032009.0
1765828800000,0.247,0.2504,0.2444,0.2487,6522390.0
1765843200000,0.2487,0.2606,0.2427,0.2606,14260048.0
1765857600000,0.2605,0.268,0.2527,0.2528,18871361.0
1765872000000,0.2529,0.2546,0.2492,0.2533,7207348.0
1765886400000,0.2533,0.2563,0.2493,0.2554,10068631.0
1765900800000,0.2555,0.2592,0.2498,0.2573,9404887.0
1765915200000,0.2573,0.2651,0.2555,0.2608,11477271.0
1765929600000,0.2608,0.2608,0.2543,0.2549,6461545.0
1765944000000,0.2549,0.2573,0.2523,0.254,5140710.0
1765958400000,0.2539,0.2539,0.2498,0.2533,4146168.0
1765972800000,0.2533,0.2593,0.2475,0.2506,10331978.0
1765987200000,0.2505,0.2521,0.2376,0.2418,12401927.0
1766001600000,0.2417,0.2432,0.2356,0.2372,5548207.0
1766016000000,0.2373,0.2384,0.2313,0.2326,6295546.0
1766030400000,0.2326,0.2343,0.2299,0.2334,6345174.0
1766044800000,0.2334,0.2359,0.2317,0.2339,4679966.0
1766059200000,0.234,0.243,0.2332,0.2416,9199421.0
1766073600000,0.2416,0.2436,0.2229,0.2244,15211798.0
1766088000000,0.2243,0.2336,0.224,0.229,6574176.0
1766102400000,0.2291,0.2419,0.229,0.2376,13097785.0
1766116800000,0.2376,0.2507,0.2356,0.2467,9764818.0
1766131200000,0.2466,0.2628,0.2465,0.2516,37861584.0
1766145600000,0.2515,0.255,0.2455,0.2517,20969460.0
1766160000000,0.2517,0.2682,0.2469,0.2624,19419772.0
1766174400000,0.2623,0.2634,0.2538,0.2608,12383071.0
1766188800000,0.2609,0.261,0.252,0.2546,6865870.0
1766203200000,0.2546,0.2607,0.2523,0.2555,6443814.0
1766217600000,0.2556,0.2648,0.2556,0.2638,6676814.0
1766232000000,0.2637,0.2672,0.2589,0.2611,8639406.0
1766246400000,0.261,0.2625,0.2573,0.2579,4405882.0
1766260800000,0.2579,0.2604,0.2566,0.258,3265251.0
1766275200000,0.258,0.258,0.2487,0.2508,7629597.0
1766289600000,0.2508,0.2517,0.248,0.2489,3899615.0
1766304000000,0.2489,0.2503,0.2458,0.2459,5531256.0
1766318400000,0.2459,0.2488,0.2386,0.2417,11601111.0
1766332800000,0.2416,0.2448,0.2396,0.244,5309210.0
1766347200000,0.2441,0.2486,0.2419,0.2462,7069126.0
1766361600000,0.2462,0.271,0.2461,0.2622,30307306.0
1766376000000,0.2621,0.2919,0.2617,0.282,88186371.0
1766390400000,0.2819,0.2819,0.2663,0.2743,36780175.0
1766404800000,0.2743,0.2743,0.2606,0.2631,27106427.0
1766419200000,0.2633,0.2681,0.2613,0.2642,16600811.0
1766433600000,0.2641,0.2655,0.2594,0.2642,10605971.0
1766448000000,0.2643,0.2859,0.2584,0.2811,50774064.0
1766462400000,0.2811,0.3065,0.2704,0.3052,43396257.0
1766476800000,0.305,0.3133,0.2918,0.2974,86371969.0
1766491200000,0.2972,0.3071,0.2806,0.2924,63089002.0
1766505600000,0.2923,0.309,0.2885,0.3056,50408326.0
1766520000000,0.3057,0.3193,0.2996,0.3179,55218610.0
1766534400000,0.3177,0.3518,0.3148,0.3392,259087634.0
1766548800000,0.3391,0.3813,0.3301,0.3714,316396822.0
1766563200000,0.3714,0.3776,0.356,0.3668,212166212.0
1766577600000,0.3669,0.3669,0.3373,0.3495,163224848.0
1766592000000,0.3496,0.3627,0.3413,0.3558,83359656.0
1766606400000,0.3556,0.3734,0.346,0.369,56777025.0
1766620800000,0.3689,0.409,0.3628,0.3917,185937350.0
1766635200000,0.3916,0.3992,0.3726,0.3847,103214505.0
1766649600000,0.3848,0.3886,0.3545,0.3579,78574893.0
1766664000000,0.3579,0.3684,0.3452,0.3641,92456554.0
1766678400000,0.364,0.364,0.3474,0.3499,31828356.0
1766692800000,0.3498,0.3586,0.3363,0.3391,40079512.0
1766707200000,0.339,0.342,0.3216,0.329,55708379.0
1766721600000,0.3289,0.3485,0.3203,0.3373,61540321.0
1766736000000,0.3374,0.3534,0.3307,0.3468,46820405.0
1766750400000,0.3468,0.3733,0.3383,0.3707,76515006.0
1766764800000,0.3707,0.3766,0.355,0.3593,59686903.0
1766779200000,0.3593,0.4045,0.3557,0.3906,67649208.0
1766793600000,0.3906,0.4127,0.3757,0.3893,117598160.0
1766808000000,0.3893,0.4209,0.3841,0.4104,121455384.0
1766822400000,0.4105,0.4189,0.3866,0.3891,103800160.0
1766836800000,0.3892,0.3995,0.3766,0.3992,77234298.0
1766851200000,0.3992,0.4061,0.3888,0.3967,55873917.0
1766865600000,0.3967,0.4048,0.3907,0.3945,35369919.0
1766880000000,0.3944,0.4067,0.3857,0.3998,56156473.0
1766894400000,0.3997,0.402,0.389,0.399,38317739.0
1766908800000,0.399,0.3991,0.3801,0.3825,35500795.0
1766923200000,0.3825,0.3885,0.3718,0.3745,37127400.0
1766937600000,0.3745,0.3801,0.3614,0.365,33317621.0
1766952000000,0.365,0.3792,0.3546,0.3746,40565176.0
1766966400000,0.3746,0.3832,0.3636,0.3757,42017593.0
1766980800000,0.3757,0.3939,0.3737,0.3826,34930203.0
1766995200000,0.3825,0.3903,0.3675,0.3858,35974147.0
1767009600000,0.3858,0.392,0.3663,0.3681,46011374.0
1767024000000,0.368,0.4033,0.3643,0.4019,39246477.0
1767038400000,0.4018,0.4391,0.3924,0.4215,90232044.0
1767052800000,0.4216,0.4277,0.4005,0.4083,56704285.0
1767067200000,0.4083,0.4139,0.3885,0.3954,44055349.0
1767081600000,0.3953,0.3998,0.3839,0.3865,25738660.0
1767096000000,0.3865,0.3964,0.3851,0.393,23797290.0
1767110400000,0.393,0.3964,0.3849,0.3889,19621797.0
1767124800000,0.3888,0.3888,0.3771,0.3835,20107617.0
1767139200000,0.3834,0.3834,0.3694,0.3762,20930030.0
1767153600000,0.3762,0.3766,0.3685,0.3734,17677476.0
1767168000000,0.3733,0.3733,0.3652,0.3662,16448322.0
1767182400000,0.3663,0.3666,0.3444,0.3459,30074232.0
1767196800000,0.3459,0.3652,0.3408,0.36,27830861.0
1767211200000,0.36,0.3606,0.346,0.3468,18269275.0
1767225600000,0.3468,0.3484,0.3318,0.3427,31999937.0
1767240000000,0.3426,0.344,0.3371,0.34,12477671.0
1767254400000,0.3398,0.3579,0.3376,0.3536,21282238.0
1767268800000,0.3535,0.3621,0.3462,0.3552,26025573.0
1767283200000,0.3552,0.3584,0.3504,0.3551,14406729.0
1767297600000,0.3551,0.3551,0.3463,0.3472,12987037.0
1767312000000,0.3472,0.3694,0.3453,0.3617,47409913.0
1767326400000,0.3615,0.3658,0.3553,0.3632,24543492.0
1767340800000,0.3631,0.3632,0.3484,0.3507,20504751.0
1767355200000,0.3506,0.3557,0.3476,0.3534,20515439.0
1767369600000,0.3533,0.3616,0.3508,0.3549,18946546.0
1767384000000,0.3548,0.3617,0.352,0.361,13727528.0
1767398400000,0.361,0.3709,0.3571,0.363,27656945.0
1767412800000,0.3629,0.3656,0.3438,0.3484,20703714.0
1767427200000,0.3484,0.3558,0.3478,0.35,12003197.0
1767441600000,0.3499,0.3564,0.3492,0.3542,9465181.0
1767456000000,0.3542,0.3567,0.3442,0.349,15418136.0
1767470400000,0.3489,0.3546,0.3468,0.3542,7654675.0
1767484800000,0.3542,0.3564,0.3472,0.3497,15970255.0
1767499200000,0.3496,0.3507,0.3443,0.3504,12063532.0
1767513600000,0.3504,0.3512,0.3451,0.3478,12486778.0
1767528000000,0.3477,0.3529,0.346,0.3522,13219381.0
1767542400000,0.3523,0.3579,0.3467,0.3488,15556284.0
1767556800000,0.3487,0.3533,0.3473,0.3518,9582461.0
1767571200000,0.3517,0.3539,0.3461,0.3479,14859252.0
1767585600000,0.3479,0.3488,0.3387,0.3442,13707924.0
1767600000000,0.3441,0.3451,0.337,0.3437,11753622.0
1767614400000,0.3437,0.3464,0.339,0.3423,13091546.0
1767628800000,0.3423,0.3485,0.3359,0.3452,12392265.0
1767643200000,0.3451,0.3501,0.3432,0.3452,8752185.0
1767657600000,0.3452,0.3579,0.3415,0.3484,17731839.0
1767672000000,0.3484,0.3536,0.3444,0.3485,14035635.0
1767686400000,0.3484,0.3505,0.3437,0.3468,10902050.0
1767700800000,0.3467,0.3558,0.3453,0.3491,19004995.0
1767715200000,0.3492,0.3496,0.3346,0.3423,18866458.0
1767729600000,0.3423,0.3522,0.342,0.351,9645067.0
1767744000000,0.3511,0.3516,0.3364,0.341,11181758.0
1767758400000,0.3409,0.3419,0.3374,0.3408,6836261.0
1767772800000,0.3408,0.3412,0.3323,0.3403,10631293.0
1767787200000,0.3403,0.3403,0.3247,0.3273,15709332.0
1767801600000,0.3273,0.33,0.3251,0.3273,6948288.0
1767816000000,0.3273,0.3288,0.3188,0.3232,8419987.0
1767830400000,0.3232,0.3248,0.3099,0.3123,13499182.0
1767844800000,0.3123,0.3155,0.3063,0.3114,10253209.0
1767859200000,0.3114,0.3138,0.305,0.3081,9491570.0
1767873600000,0.3081,0.3129,0.3034,0.3128,12015413.0
1767888000000,0.3128,0.315,0.3084,0.3094,8305033.0
1767902400000,0.3093,0.3115,0.3059,0.3113,6865410.0
1767916800000,0.3112,0.3116,0.3013,0.3066,10317848.0
1767931200000,0.3065,0.3098,0.3049,0.3083,4893289.0
1767945600000,0.3083,0.3088,0.302,0.3063,7432699.0
1767960000000,0.3062,0.3119,0.3007,0.3071,10723626.0
1767974400000,0.3071,0.3097,0.3018,0.3027,7916001.0
1767988800000,0.3027,0.3177,0.3023,0.3154,13160212.0
1768003200000,0.3153,0.3378,0.3114,0.3356,35702076.0
1768017600000,0.3356,0.341,0.3219,0.3226,52453494.0
1768032000000,0.3225,0.3316,0.3136,0.3258,44318444.0
1768046400000,0.3256,0.3281,0.3195,0.3227,20495068.0
1768060800000,0.3226,0.334,0.3195,0.3296,20617287.0
1768075200000,0.3295,0.3299,0.3216,0.3269,10180463.0
1768089600000,0.3269,0.3289,0.315,0.3215,21160574.0
1768104000000,0.3214,0.3227,0.3179,0.3204,9253911.0
1768118400000,0.3205,0.322,0.3172,0.3214,6336508.0
1768132800000,0.3214,0.3218,0.3163,0.3184,7234692.0
1768147200000,0.3184,0.3223,0.3165,0.3172,6182888.0
1768161600000,0.3172,0.3175,0.3064,0.3109,12260739.0
1768176000000,0.3108,0.3224,0.3091,0.3145,27012472.0
1768190400000,0.3145,0.3154,0.3082,0.3082,8749706.0
1768204800000,0.3082,0.3106,0.3022,0.3035,12809140.0
1768219200000,0.3035,0.3103,0.3,0.3095,11730916.0
1768233600000,0.3095,0.3109,0.3042,0.3064,7342118.0
1768248000000,0.3063,0.3162,0.3003,0.315,15482086.0
1768262400000,0.3149,0.3215,0.3099,0.3151,29041118.0
1768276800000,0.3149,0.317,0.3113,0.3125,10664809.0
1768291200000,0.3124,0.3198,0.3102,0.3185,10843956.0
1768305600000,0.3184,0.3199,0.3134,0.3195,14884947.0
1768320000000,0.3194,0.3215,0.3171,0.3199,12207489.0
1768334400000,0.3198,0.33,0.318,0.3275,12539489.0
1768348800000,0.3274,0.3283,0.3216,0.3258,10497905.0
1768363200000,0.3257,0.3276,0.3219,0.3231,10216870.0
1768377600000,0.3231,0.3276,0.3222,0.3236,7991547.0
1768392000000,0.3237,0.3328,0.3232,0.3316,12695488.0
1768406400000,0.3315,0.3413,0.3234,0.3289,20945765.0
1768420800000,0.3289,0.333,0.3215,0.3233,7762957.0
1768435200000,0.3233,0.3235,0.3089,0.3102,14596772.0
1768449600000,0.3102,0.3152,0.3086,0.3147,8455030.0
1768464000000,0.3147,0.3182,0.3128,0.3144,7266805.0
1768478400000,0.3143,0.3163,0.2993,0.3039,12783175.0
1768492800000,0.3038,0.3039,0.2887,0.291,17667221.0
1768507200000,0.291,0.2926,0.2874,0.2919,8404908.0
1768521600000,0.2918,0.3031,0.2909,0.3015,52559440.0
1768536000000,0.3014,0.3014,0.2882,0.2905,18749508.0
1768550400000,0.2904,0.2942,0.2883,0.2908,9610297.0
1768564800000,0.2908,0.2932,0.2838,0.2864,12430639.0
1768579200000,0.2864,0.293,0.2855,0.2926,7458700.0
1768593600000,0.2925,0.2992,0.29,0.2978,9118560.0
1768608000000,0.2978,0.3035,0.2946,0.3004,32440842.0
1768622400000,0.3004,0.3004,0.2949,0.2961,7383798.0
1768636800000,0.296,0.2974,0.29248,0.295,6070844.0
1768651200000,0.2949,0.2988,0.2937,0.2977,8165114.0
1768665600000,0.2976,0.3007,0.2942,0.2988,6240662.0
1768680000000,0.2987,0.3001,0.2953,0.2968,5089523.0
1768694400000,0.2967,0.2967,0.289,0.2907,10645744.0
1768708800000,0.2906,0.2925,0.2891,0.29,4336032.0
1768723200000,0.29,0.2937,0.2885,0.2912,4617428.0
1768737600000,0.2912,0.293,0.289,0.2907,4852000.0
1768752000000,0.2906,0.293,0.2891,0.2901,4617728.0
1768766400000,0.29,0.2919,0.2762,0.2775,10490091.0
1768780800000,0.2774,0.2774,0.25,0.2692,34910742.0
1768795200000,0.2692,0.2706,0.2624,0.269,8965831.0
1768809600000,0.2689,0.2903,0.2674,0.2897,21039807.0
1768824000000,0.2897,0.2975,0.2796,0.2821,57482184.0
1768838400000,0.2821,0.306,0.2791,0.2965,32621990.0
1768852800000,0.2964,0.3034,0.2886,0.2939,17042649.0
1768867200000,0.2939,0.2988,0.2834,0.2856,26306318.0
1768881600000,0.2855,0.2883,0.2786,0.2825,18464630.0
1768896000000,0.2825,0.2845,0.278,0.2814,10130733.0
1768910400000,0.2813,0.2818,0.2742,0.2758,14077461.0
1768924800000,0.2758,0.2782,0.2689,0.2715,9406536.0
1768939200000,0.2714,0.2731,0.2661,0.2697,8916190.0
1768953600000,0.2697,0.2787,0.2684,0.2735,13917127.0
1768968000000,0.2734,0.28,0.2723,0.2791,7358701.0
1768982400000,0.279,0.279,0.2725,0.2731,6567151.0
1768996800000,0.2731,0.2793,0.2693,0.2775,14175474.0
1769011200000,0.2775,0.278,0.2633,0.2776,16715080.0
1769025600000,0.2775,0.2782,0.2719,0.2726,5556903.0
1769040000000,0.2726,0.2732,0.2681,0.2685,6575514.0
1769054400000,0.2686,0.2705,0.2671,0.2679,4772467.0
1769068800000,0.2678,0.2704,0.2639,0.265,6371319.0
1769083200000,0.2649,0.2688,0.2614,0.2652,13255594.0
1769097600000,0.2652,0.2678,0.263,0.2656,6332344.0
1769112000000,0.2655,0.2694,0.2636,0.2682,4882926.0
1769126400000,0.2682,0.2709,0.2661,0.2686,5754694.0
1769140800000,0.2687,0.2764,0.2683,0.2753,9732260.0
1769155200000,0.2752,0.2796,0.2722,0.278,15754706.0
1769169600000,0.278,0.2816,0.2684,0.275,12313661.0
1769184000000,0.2749,0.2796,0.2706,0.2708,7454291.0
1769198400000,0.2709,0.2741,0.2682,0.2717,4885447.0
1769212800000,0.2717,0.279,0.2687,0.2777,7982942.0
1769227200000,0.2779,0.2869,0.2752,0.2852,12011065.0
1769241600000,0.2851,0.2908,0.2792,0.285,20646797.0
1769256000000,0.2851,0.2903,0.2829,0.287,10587954.0
1769270400000,0.287,0.2872,0.2828,0.2833,6408076.0
1769284800000,0.2834,0.2903,0.2822,0.2884,5966161.0
1769299200000,0.2885,0.3357,0.2855,0.3264,133237064.0
1769313600000,0.3264,0.3668,0.3184,0.3592,164859535.0
1769328000000,0.3593,0.3665,0.3315,0.3437,142186150.0
1769342400000,0.3437,0.3559,0.3177,0.3246,108744972.0
1769356800000,0.3245,0.3258,0.2975,0.2985,56675872.0
1769371200000,0.2985,0.3216,0.298,0.3171,61924000.0
1769385600000,0.3172,0.3179,0.2921,0.2949,55899551.0
1769400000000,0.2949,0.3062,0.2925,0.2964,31756994.0
1769414400000,0.2964,0.3009,0.2925,0.2941,22848366.0
1769428800000,0.2941,0.3021,0.2912,0.2988,22082294.0
1769443200000,0.2989,0.3107,0.297,0.3058,21889813.0
1769457600000,0.3058,0.307,0.3008,0.3055,12088632.0
1769472000000,0.3055,0.3166,0.2947,0.301,53012717.0
1769486400000,0.301,0.3024,0.2948,0.2979,11945613.0
1769500800000,0.2978,0.2999,0.2923,0.2949,10725078.0
1769515200000,0.2949,0.2949,0.2856,0.2924,64082521.0
1769529600000,0.2923,0.3008,0.2916,0.2955,30933759.0
1769544000000,0.2955,0.3003,0.2941,0.2994,109331172.0
1769558400000,0.2993,0.3218,0.298,0.3123,71400638.0
1769572800000,0.3123,0.3352,0.3084,0.3244,58105060.0
1769587200000,0.3244,0.341,0.3206,0.3332,53063636.0
1769601600000,0.3331,0.337,0.3224,0.325,44266079.0
1769616000000,0.3249,0.3306,0.3201,0.3233,19624666.0
1769630400000,0.3233,0.3253,0.3084,0.3108,20517905.0
1769644800000,0.3108,0.3148,0.2948,0.2958,31046467.0
1769659200000,0.2958,0.2961,0.2917,0.2924,11696500.0
1769673600000,0.2924,0.2938,0.2842,0.2854,14595911.0
1769688000000,0.2853,0.2916,0.2731,0.2794,30851257.0
1769702400000,0.2793,0.2885,0.2773,0.2799,19376589.0
1769716800000,0.2798,0.2883,0.2785,0.2813,11889953.0
1769731200000,0.2813,0.2861,0.2702,0.2746,26374763.0
1769745600000,0.2746,0.2779,0.2708,0.2733,8387171.0
1769760000000,0.2733,0.287,0.2694,0.2857,11570771.0
1769774400000,0.2858,0.2859,0.2777,0.2805,14382718.0
1769788800000,0.2804,0.2838,0.2746,0.2782,14760121.0
1769803200000,0.2781,0.2789,0.2713,0.2764,12423701.0
1769817600000,0.2763,0.2791,0.271,0.2716,9457963.0
1769832000000,0.2715,0.2734,0.2664,0.2674,8506595.0
1769846400000,0.2674,0.2677,0.2619,0.2631,12316967.0
1769860800000,0.2631,0.2636,0.2443,0.2469,31772815.0
1769875200000,0.247,0.2532,0.2243,0.2386,53312375.0
1769889600000,0.2386,0.2481,0.2353,0.2478,17269575.0
1769904000000,0.2478,0.25,0.2427,0.2497,16042909.0
1769918400000,0.2496,0.2595,0.2493,0.255,15606106.0
1769932800000,0.255,0.258,0.247,0.2491,11132954.0
1769947200000,0.249,0.2495,0.2362,0.239,14361574.0
1769961600000,0.239,0.2439,0.2347,0.2359,13832802.0
1769976000000,0.2359,0.2401,0.2311,0.2351,16228048.0
1769990400000,0.2352,0.2489,0.2301,0.2396,27084380.0
1770004800000,0.2396,0.2422,0.2322,0.2395,16761184.0
1770019200000,0.2396,0.246,0.2393,0.2446,10538482.0
1770033600000,0.2446,0.2458,0.2408,0.2443,10813484.0
1770048000000,0.2443,0.2447,0.2408,0.2429,7020630.0
1770062400000,0.2428,0.2441,0.241,0.2419,4470294.0
1770076800000,0.2419,0.2429,0.2341,0.2382,14983448.0
1770091200000,0.2383,0.2436,0.2367,0.2385,12878343.0
1770105600000,0.2386,0.239,0.233,0.2348,10800662.0
1770120000000,0.2348,0.2387,0.2297,0.2359,18492530.0
1770134400000,0.2359,0.2359,0.2208,0.2329,24904909.0
1770148800000,0.2329,0.2411,0.2282,0.23,14470557.0
1770163200000,0.23,0.2355,0.2289,0.2332,10395907.0
1770177600000,0.2331,0.2341,0.2288,0.231,6606354.0
1770192000000,0.2311,0.2333,0.2281,0.2311,11498115.0
1770206400000,0.2311,0.2343,0.2221,0.2251,16796303.0
1770220800000,0.2253,0.2289,0.22,0.2284,17779848.0
1770235200000,0.2285,0.2289,0.2205,0.2242,8029426.0
1770249600000,0.2243,0.2296,0.2205,0.2222,16829527.0
1770264000000,0.2223,0.2231,0.216,0.2167,13744887.0
1770278400000,0.2168,0.2225,0.2114,0.2142,13245205.0
1770292800000,0.2141,0.215,0.1957,0.2025,45113185.0
1770307200000,0.2026,0.2063,0.192,0.1929,31900204.0
1770321600000,0.1929,0.1948,0.183,0.1881,41599038.0
1770336000000,0.1881,0.195,0.1698,0.1887,74491730.0
1770350400000,0.1888,0.195,0.1878,0.1896,11592631.0
1770364800000,0.1897,0.1921,0.1862,0.1901,15798275.0
1770379200000,0.19,0.2017,0.1896,0.1993,21380525.0
1770393600000,0.1993,0.2071,0.1986,0.2047,15515933.0
1770408000000,0.2047,0.2081,0.2023,0.2054,8567775.0
1770422400000,0.2054,0.219,0.2004,0.2124,33650867.0
1770436800000,0.2123,0.2145,0.195,0.1961,29018158.0
1770451200000,0.1961,0.1997,0.1951,0.1966,8482247.0
1770465600000,0.1965,0.2044,0.1962,0.2017,10412572.0
1770480000000,0.2017,0.2076,0.1999,0.2014,24665567.0
1770494400000,0.2013,0.2034,0.1998,0.2023,5992411.0
1770508800000,0.2024,0.2024,0.1975,0.1981,6125037.0
1770523200000,0.1981,0.1992,0.1943,0.196,8265716.0
1770537600000,0.196,0.1997,0.1946,0.1983,8699342.0
1770552000000,0.1983,0.1984,0.1943,0.1948,8117736.0
1770566400000,0.1948,0.1973,0.1906,0.1964,7263277.0
1770580800000,0.1963,0.1987,0.1919,0.1935,5941571.0
1770595200000,0.1935,0.19635,0.1922,0.1957,9253923.0
1770609600000,0.1957,0.1962,0.1911,0.1927,6331903.0
1770624000000,0.1926,0.193,0.185,0.1868,9942100.0
1770638400000,0.1868,0.1914,0.1866,0.1905,8758111.0
1770652800000,0.1905,0.197,0.1889,0.1953,8902987.0
1770667200000,0.1953,0.1959,0.192,0.1945,4940721.0
1770681600000,0.1945,0.1948,0.1887,0.1904,5397430.0
1770696000000,0.1904,0.1926,0.1856,0.1869,5607483.0
1770710400000,0.187,0.1893,0.1863,0.1878,4453568.0
1770724800000,0.1877,0.1921,0.1874,0.1907,7441380.0
1770739200000,0.1906,0.1914,0.1868,0.1885,6450709.0
1770753600000,0.1886,0.1902,0.1863,0.1878,6278007.0
1770768000000,0.1877,0.1885,0.1843,0.1856,5748781.0
1770782400000,0.1855,0.186,0.1802,0.1812,9680763.0
1770796800000,0.1811,0.1813,0.1782,0.1799,5984328.0
1770811200000,0.1799,0.1878,0.1769,0.1793,13532733.0
1770825600000,0.1793,0.1865,0.1789,0.1832,11156653.0
1770840000000,0.1832,0.1886,0.1822,0.1886,9094796.0
1770854400000,0.1886,0.1965,0.1874,0.1927,16187566.0
1770868800000,0.1926,0.1994,0.192,0.1977,13863581.0
1770883200000,0.1976,0.2116,0.1949,0.1984,64559095.0
1770897600000,0.1984,0.1985,0.1929,0.1954,18840999.0
1770912000000,0.1954,0.1978,0.1896,0.1943,20487438.0
1770926400000,0.1943,0.1989,0.1916,0.1984,8024693.0
1770940800000,0.1983,0.1983,0.191,0.1918,10278002.0
1770955200000,0.1917,0.1947,0.1907,0.1941,7858485.0
1770969600000,0.194,0.2003,0.1937,0.1977,9437591.0
1770984000000,0.1977,0.2021,0.1953,0.2011,11832262.0
1770998400000,0.2012,0.2045,0.2006,0.2036,8898868.0
1771012800000,0.2036,0.2067,0.2029,0.2031,6441092.0
1771027200000,0.2031,0.2056,0.2008,0.2041,9447877.0
1771041600000,0.204,0.2044,0.1999,0.2005,6456777.0
1771056000000,0.2005,0.2074,0.2002,0.2058,10324337.0
1771070400000,0.2057,0.2131,0.2036,0.2102,9287470.0
1771084800000,0.2102,0.2153,0.2081,0.2145,7867887.0
1771099200000,0.2144,0.2158,0.21,0.2106,6326705.0
1771113600000,0.2106,0.2109,0.2047,0.208,9637358.0
1771128000000,0.2079,0.2124,0.2072,0.2111,4958913.0
1771142400000,0.2111,0.2118,0.2061,0.2075,6502638.0
1771156800000,0.2074,0.2077,0.1992,0.2008,8402115.0
1771171200000,0.2007,0.2011,0.1964,0.1972,7530332.0
1771185600000,0.1972,0.2032,0.1965,0.2023,4043935.0
1771200000000,0.2023,0.2051,0.2003,0.2013,6097329.0
1771214400000,0.2013,0.2023,0.1979,0.1985,4616889.0
1771228800000,0.1986,0.2012,0.1966,0.1987,3813603.0
1771243200000,0.1988,0.2044,0.196,0.1972,7205821.0
1771257600000,0.1972,0.2013,0.1969,0.2005,3792384.0
1771272000000,0.2005,0.2053,0.1998,0.2039,2977322.0
1771286400000,0.204,0.2047,0.2006,0.2019,3549813.0
1771300800000,0.2019,0.2027,0.1988,0.2009,2692173.0
1771315200000,0.2008,0.2032,0.1987,0.2017,3987826.0
1771329600000,0.2017,0.2128,0.1996,0.206,33911927.0
1771344000000,0.206,0.2096,0.2019,0.2073,10666532.0
1771358400000,0.2072,0.2111,0.2056,0.208,6336057.0
1771372800000,0.2081,0.2081,0.2023,0.2038,7107433.0
1771387200000,0.2038,0.2056,0.2024,0.2038,4496334.0
1771401600000,0.2038,0.2042,0.199,0.201,7498952.0
1771416000000,0.201,0.2039,0.198,0.2017,5670600.0
1771430400000,0.2017,0.2017,0.19,0.1915,11100042.0
1771444800000,0.1915,0.1923,0.1882,0.1899,5347609.0
1771459200000,0.1899,0.1901,0.1872,0.19,3941905.0
1771473600000,0.19,0.192,0.1878,0.1882,3786376.0
1771488000000,0.1882,0.1882,0.1812,0.1815,8046229.0
1771502400000,0.1816,0.1826,0.1755,0.179,10051735.0
1771516800000,0.1789,0.1871,0.1764,0.1861,7493607.0
1771531200000,0.1861,0.1883,0.1838,0.1883,4243892.0
1771545600000,0.1882,0.1942,0.1867,0.1928,5216616.0
1771560000000,0.1928,0.1942,0.19,0.1908,5577960.0
1771574400000,0.1908,0.1924,0.1893,0.1894,4325773.0
1771588800000,0.1894,0.1924,0.1853,0.1909,6902396.0
1771603200000,0.1908,0.1917,0.1871,0.1894,5248934.0
1771617600000,0.1894,0.192,0.1893,0.191,2389141.0
1771632000000,0.191,0.1965,0.1906,0.1925,8764944.0
1771646400000,0.1924,0.1926,0.1898,0.1912,3218473.0
1771660800000,0.1912,0.1953,0.1911,0.1946,4668282.0
1771675200000,0.1947,0.1953,0.1904,0.1905,3908918.0
1771689600000,0.1904,0.1904,0.1879,0.1885,3687252.0
1771704000000,0.1885,0.189,0.1869,0.1873,2443024.0
1771718400000,0.1872,0.1882,0.1835,0.1843,4282552.0
1771732800000,0.1843,0.1843,0.1812,0.1828,3404725.0
1771747200000,0.1828,0.1863,0.1817,0.1849,3213075.0
1771761600000,0.1849,0.1849,0.1803,0.1818,3400617.0
1771776000000,0.1818,0.1825,0.1808,0.1814,1777246.0
1771790400000,0.1813,0.1822,0.1794,0.1819,2347503.0
1771804800000,0.1818,0.1822,0.1686,0.1724,18738443.0
1771819200000,0.1724,0.176,0.171,0.1756,3601951.0
1771833600000,0.1755,0.1785,0.1748,0.1783,3949785.0
1771848000000,0.1784,0.1807,0.173,0.1734,4844306.0
1771862400000,0.1733,0.1739,0.1684,0.1715,7768698.0
1771876800000,0.1714,0.1748,0.1699,0.174,3643106.0
1771891200000,0.1739,0.1794,0.1724,0.1739,13017362.0
1771905600000,0.1739,0.1745,0.1688,0.1706,4542052.0
1771920000000,0.1706,0.172,0.1693,0.1705,4969006.0
1771934400000,0.1704,0.1821,0.1681,0.1776,14718547.0
1771948800000,0.1775,0.1789,0.1749,0.1772,7591473.0
1771963200000,0.1771,0.1791,0.1747,0.1769,6692169.0
1771977600000,0.1769,0.1834,0.1758,0.1795,7395947.0
1771992000000,0.1795,0.1806,0.1773,0.1803,4935567.0
1772006400000,0.1802,0.1808,0.1782,0.1795,4453516.0
1772020800000,0.1794,0.1868,0.1787,0.1842,7607388.0
1772035200000,0.1842,0.188,0.1839,0.1862,6901873.0
1772049600000,0.1861,0.1899,0.1792,0.182,9153378.0
1772064000000,0.182,0.185,0.1793,0.1809,10974488.0
1772078400000,0.1809,0.182,0.1785,0.1801,6614634.0
1772092800000,0.1801,0.1831,0.1784,0.1789,6750720.0
1772107200000,0.1789,0.1806,0.1766,0.1786,8482060.0
1772121600000,0.1786,0.1797,0.1718,0.1785,12307506.0
1772136000000,0.1785,0.1794,0.1766,0.1789,3126038.0
1772150400000,0.179,0.1897,0.1777,0.1871,13190422.0
1772164800000,0.187,0.1906,0.1834,0.185,7167487.0
1772179200000,0.1849,0.1882,0.1825,0.1842,8145237.0
1772193600000,0.1842,0.1849,0.1801,0.1827,6708608.0
1772208000000,0.1827,0.1842,0.1772,0.1781,5519823.0
1772222400000,0.178,0.1792,0.1741,0.1786,3914663.0
1772236800000,0.1785,0.1801,0.1767,0.1769,3748270.0
1772251200000,0.177,0.1778,0.1639,0.1672,17092866.0
1772265600000,0.1672,0.1681,0.1646,0.1666,8341680.0
1772280000000,0.1665,0.1718,0.1651,0.1704,8173792.0
1772294400000,0.1704,0.1774,0.1682,0.176,6214169.0
1772308800000,0.176,0.1798,0.1752,0.1792,5252804.0
1772323200000,0.1792,0.1854,0.1751,0.1793,7851615.0
1772337600000,0.1793,0.1799,0.177,0.1793,3251769.0
1772352000000,0.1794,0.1794,0.1737,0.1749,4264729.0
1772366400000,0.1749,0.1772,0.1721,0.1741,5466908.0
1772380800000,0.1742,0.1753,0.1694,0.1701,6340804.0
1772395200000,0.1701,0.1726,0.1665,0.1712,6078076.0
1772409600000,0.1713,0.1758,0.1712,0.1746,5498104.0
1772424000000,0.1747,0.1756,0.1704,0.1715,3529317.0
1772438400000,0.1716,0.1742,0.1696,0.1719,3742110.0
1772452800000,0.1719,0.1812,0.1702,0.1794,8039253.0
1772467200000,0.1794,0.1825,0.1747,0.1765,11266497.0
1772481600000,0.1765,0.1776,0.1731,0.1744,5680637.0
1772496000000,0.1744,0.1747,0.1696,0.1714,5646416.0
1772510400000,0.1714,0.1725,0.1698,0.1713,3125967.0
1772524800000,0.1713,0.1717,0.1661,0.1704,8091556.0
1772539200000,0.1705,0.1727,0.167,0.1697,7039365.0
1772553600000,0.1697,0.1727,0.1681,0.1699,7500654.0
1772568000000,0.17,0.1714,0.1678,0.1694,3235320.0
1772582400000,0.1693,0.1707,0.1668,0.169,7141420.0
1772596800000,0.1689,0.1714,0.1678,0.1706,4610705.0
1772611200000,0.1706,0.1741,0.1692,0.1712,8985081.0
1772625600000,0.1711,0.1774,0.169,0.1773,9292432.0
1772640000000,0.1773,0.1777,0.1732,0.1758,6259852.0
1772654400000,0.1758,0.1765,0.172,0.1737,4337370.0
1772668800000,0.1737,0.175,0.1709,0.1746,6613505.0
1772683200000,0.1746,0.1758,0.1728,0.1745,4692047.0
1772697600000,0.1745,0.1755,0.1713,0.1718,5036812.0
1772712000000,0.1718,0.1726,0.1679,0.1692,8594445.0
1772726400000,0.1691,0.1691,0.1651,0.1675,7466297.0
1772740800000,0.1675,0.1702,0.1673,0.1689,3583228.0
1772755200000,0.1689,0.1741,0.1681,0.1714,6573581.0
1772769600000,0.1715,0.1721,0.169,0.1716,3886503.0
1772784000000,0.1716,0.1729,0.1668,0.1671,5412263.0
1772798400000,0.1671,0.1677,0.16,0.1606,14249022.0
1772812800000,0.1605,0.1623,0.1589,0.1617,6899155.0
1772827200000,0.1616,0.1638,0.1614,0.1615,4445541.0
1772841600000,0.1616,0.1623,0.16,0.1609,3253938.0
1772856000000,0.1608,0.1628,0.1592,0.1604,4010402.0
1772870400000,0.1604,0.1622,0.1594,0.16,4117588.0
1772884800000,0.1599,0.1604,0.1538,0.1548,12134182.0
1772899200000,0.1547,0.1564,0.1539,0.1544,4620080.0
1772913600000,0.1544,0.1554,0.1528,0.1551,4165055.0
1772928000000,0.1551,0.1553,0.1506,0.1513,7172682.0
1772942400000,0.1514,0.1543,0.1494,0.1534,6051488.0
1772956800000,0.1534,0.1557,0.1517,0.1523,4975598.0
1772971200000,0.1524,0.1532,0.1501,0.1508,6230903.0
1772985600000,0.1508,0.1529,0.1497,0.1525,4677738.0
1773000000000,0.1525,0.1525,0.1463,0.1467,10317680.0
1773014400000,0.1467,0.157,0.1466,0.1554,33940506.0
1773028800000,0.1553,0.1597,0.1547,0.157,12505163.0
1773043200000,0.1569,0.1569,0.1512,0.1529,10347597.0
1773057600000,0.1529,0.1547,0.1518,0.1525,7611899.0
1773072000000,0.1524,0.1533,0.1506,0.151,5240441.0
1773086400000,0.151,0.1518,0.149,0.1503,7745891.0
1773100800000,0.1503,0.1535,0.1491,0.1507,8485306.0
1773115200000,0.1507,0.1531,0.15,0.1524,5512520.0
1773129600000,0.1524,0.1535,0.1515,0.1524,5835581.0
1773144000000,0.1523,0.1534,0.1487,0.1527,11438058.0
1773158400000,0.1528,0.1541,0.1497,0.1501,11540312.0
1773172800000,0.15,0.1514,0.1493,0.1506,3674463.0
1773187200000,0.1505,0.1506,0.1455,0.1457,10318535.0
1773201600000,0.1458,0.1488,0.1438,0.1473,11162944.0
1773216000000,0.1473,0.1476,0.1437,0.1446,6561053.0
1773230400000,0.1446,0.1524,0.1446,0.1517,19035450.0
1773244800000,0.1516,0.1694,0.1511,0.1628,121875975.0
1773259200000,0.1628,0.1781,0.1612,0.1723,77419147.0
1773273600000,0.1722,0.1969,0.1705,0.1851,244114778.0
1773288000000,0.1852,0.1887,0.1727,0.1738,111271372.0
1773302400000,0.1738,0.1759,0.1704,0.1739,67800075.0
1773316800000,0.1738,0.1749,0.1676,0.1697,56336666.0
1773331200000,0.1696,0.1697,0.1661,0.1681,23068828.0
1773345600000,0.1681,0.1684,0.1638,0.1657,25671835.0
1773360000000,0.1657,0.1736,0.1641,0.1721,59537119.0
1773374400000,0.172,0.1762,0.1687,0.1694,30715284.0
1773388800000,0.1694,0.1696,0.1642,0.1643,22655723.0
1773403200000,0.1643,0.1679,0.1635,0.1653,21192458.0
1773417600000,0.1652,0.1661,0.1602,0.1615,20549264.0
1773432000000,0.1615,0.1628,0.1581,0.1607,15860662.0
1773446400000,0.1607,0.1621,0.1574,0.1607,18943142.0
1773460800000,0.1607,0.1617,0.1579,0.1593,9265563.0
1773475200000,0.1592,0.1601,0.158,0.1593,5737898.0
1773489600000,0.1592,0.1607,0.1578,0.1589,5733996.0
1773504000000,0.1589,0.1606,0.1575,0.1582,7863926.0
1773518400000,0.1582,0.1601,0.1565,0.1595,5683722.0
1773532800000,0.1596,0.1599,0.1578,0.1581,5950538.0
1773547200000,0.1581,0.1609,0.1572,0.1604,6277460.0
1773561600000,0.1603,0.1625,0.1592,0.1608,9840534.0
1773576000000,0.1607,0.1612,0.1584,0.159,7463216.0
1773590400000,0.159,0.1615,0.1588,0.1595,5996002.0
1773604800000,0.1595,0.1608,0.1586,0.1598,7294657.0
1773619200000,0.1597,0.1616,0.1578,0.1602,8241311.0
1773633600000,0.1602,0.1613,0.1594,0.1602,6835458.0
1773648000000,0.1603,0.1624,0.1591,0.1612,9299284.0
1773662400000,0.1612,0.1633,0.1592,0.16,16992505.0
1773676800000,0.1601,0.1666,0.16,0.1646,10261046.0
1773691200000,0.1647,0.1679,0.1641,0.1652,10906791.0
1773705600000,0.1653,0.1683,0.1633,0.1646,15279097.0
1773720000000,0.1646,0.1651,0.1606,0.1624,11672903.0
1773734400000,0.1625,0.1627,0.1604,0.1615,6334678.0
1773748800000,0.1616,0.1622,0.1586,0.1612,8640065.0
1773763200000,0.1611,0.1615,0.1598,0.1601,4028570.0
1773777600000,0.16,0.1627,0.1598,0.1609,4603906.0
1773792000000,0.1609,0.1615,0.1581,0.1607,5865009.0
1773806400000,0.1607,0.1624,0.1586,0.1601,5655124.0
1773820800000,0.1602,0.1613,0.1546,0.1558,12314219.0
1773835200000,0.1558,0.1558,0.1502,0.1513,15468674.0
1773849600000,0.1512,0.1527,0.148,0.1504,12216711.0
1773864000000,0.1504,0.1538,0.1495,0.153,4402507.0
1773878400000,0.153,0.153,0.1503,0.1507,4501470.0
1773892800000,0.1508,0.1509,0.1477,0.1487,5842440.0
1773907200000,0.1486,0.1514,0.1485,0.1509,4529389.0
1773921600000,0.1509,0.1509,0.1465,0.1486,8520249.0
1773936000000,0.1485,0.1506,0.1477,0.1496,3831099.0
1773950400000,0.1496,0.1505,0.1489,0.1491,2199757.0
1773964800000,0.1492,0.1511,0.1488,0.1507,4766828.0
1773979200000,0.1507,0.1513,0.1497,0.1509,5340464.0
1773993600000,0.1509,0.1537,0.1505,0.1521,5491102.0
1774008000000,0.1522,0.1523,0.1496,0.1511,6291142.0
1774022400000,0.1511,0.1517,0.1488,0.15,4906395.0
1774036800000,0.15,0.1521,0.1487,0.1511,2395302.0
1774051200000,0.151,0.1523,0.1505,0.1521,2204595.0
1774065600000,0.1521,0.1523,0.1507,0.151,2511678.0
1774080000000,0.1509,0.151,0.1483,0.1492,3549464.0
1774094400000,0.1493,0.1502,0.1483,0.1501,2496639.0
1774108800000,0.1502,0.1504,0.1489,0.15,1688981.0
1774123200000,0.15,0.1505,0.1421,0.1437,9430658.0
1774137600000,0.1437,0.1437,0.1386,0.1421,17989747.0
1774152000000,0.1421,0.1438,0.1404,0.1405,4506427.0
1774166400000,0.1406,0.1421,0.1397,0.1402,4398164.0
1774180800000,0.1403,0.1423,0.1401,0.1418,2483725.0
1774195200000,0.1419,0.1421,0.1377,0.1384,4851549.0
1774209600000,0.1384,0.1391,0.1348,0.138,8091153.0
1774224000000,0.1379,0.1383,0.1356,0.1375,5805036.0
1774238400000,0.1375,0.1383,0.1349,0.1362,4769987.0
1774252800000,0.1362,0.1418,0.1344,0.1392,16884053.0
1774267200000,0.1392,0.1418,0.1385,0.1388,7532714.0
1774281600000,0.1388,0.1415,0.1388,0.1411,3847195.0
1774296000000,0.1412,0.1422,0.1393,0.1411,3884183.0
1774310400000,0.1411,0.1416,0.1381,0.1384,4993869.0
1774324800000,0.1384,0.1406,0.1376,0.1404,3058393.0
1774339200000,0.1404,0.1409,0.1383,0.139,3229872.0
1774353600000,0.139,0.1399,0.1372,0.1392,4289963.0
1774368000000,0.1391,0.14,0.1368,0.1369,3180004.0
1774382400000,0.137,0.1401,0.1368,0.1396,3390937.0
1774396800000,0.1396,0.1404,0.1387,0.1398,3292433.0
1774411200000,0.1398,0.1412,0.1391,0.1394,2469005.0
1774425600000,0.1394,0.1415,0.1394,0.1408,4315250.0
1774440000000,0.1409,0.1412,0.1387,0.1396,3613185.0
1774454400000,0.1396,0.1453,0.1395,0.1436,7349136.0
1774468800000,0.1436,0.1464,0.1422,0.1446,7856025.0
1774483200000,0.1446,0.1493,0.1441,0.1475,20776971.0
1774497600000,0.1475,0.1482,0.1431,0.1445,12749229.0
1774512000000,0.1444,0.1452,0.1412,0.1421,9604334.0
1774526400000,0.142,0.1483,0.1417,0.1453,18973757.0
1774540800000,0.1452,0.1469,0.1426,0.1432,8747165.0
1774555200000,0.1433,0.1456,0.1416,0.1445,8986397.0
1774569600000,0.1444,0.1473,0.1441,0.1456,9201221.0
1774584000000,0.1455,0.1464,0.1432,0.1442,4705100.0
1774598400000,0.1442,0.1446,0.1362,0.1374,14216110.0
1774612800000,0.1373,0.1395,0.1355,0.1376,6242168.0
1774627200000,0.1377,0.1377,0.1347,0.1371,5400994.0
1774641600000,0.1371,0.1374,0.1336,0.1345,2962558.0
1774656000000,0.1345,0.1346,0.1313,0.133,4566435.0
1774670400000,0.133,0.1347,0.1323,0.1347,2311412.0
1774684800000,0.1347,0.1364,0.1326,0.1364,4268890.0
1774699200000,0.1364,0.1381,0.1344,0.1355,6506382.0
1774713600000,0.1356,0.1375,0.1355,0.1372,2697207.0
1774728000000,0.1373,0.1377,0.1332,0.1335,2814254.0
1774742400000,0.1335,0.1339,0.132,0.1329,4344385.0
1774756800000,0.133,0.1331,0.1312,0.1321,3332281.0
1774771200000,0.1321,0.1336,0.1307,0.1315,4641263.0
1774785600000,0.1315,0.1321,0.1296,0.1307,6057632.0
1774800000000,0.1307,0.1316,0.13,0.1307,3036583.0
1774814400000,0.1307,0.1324,0.1266,0.1302,9800035.0
1774828800000,0.1302,0.1353,0.13,0.1343,7064141.0
1774843200000,0.1343,0.1356,0.1334,0.1344,3954978.0
1774857600000,0.1344,0.1362,0.1336,0.1352,4020700.0
1774872000000,0.1352,0.1354,0.133,0.1335,3381505.0
1774886400000,0.1334,0.1336,0.1304,0.131,3869527.0
1774900800000,0.131,0.1321,0.1298,0.1305,2752291.0
1774915200000,0.1305,0.1326,0.13,0.1306,3832298.0
1774929600000,0.1307,0.1332,0.1304,0.1327,4012771.0
1774944000000,0.1327,0.1328,0.1291,0.1303,5680058.0
1774958400000,0.1304,0.1329,0.1302,0.1309,4735967.0
1774972800000,0.131,0.1344,0.1305,0.1336,5737253.0
1774987200000,0.1337,0.1338,0.1315,0.1327,3129804.0
1775001600000,0.1328,0.1335,0.1309,0.132,4207758.0
1775016000000,0.132,0.1345,0.1318,0.1326,4631405.0
1775030400000,0.1327,0.1339,0.1312,0.1318,4312182.0
1775044800000,0.1319,0.1329,0.1308,0.1321,5184286.0
1775059200000,0.132,0.1337,0.1307,0.131,3544948.0
1775073600000,0.1311,0.1315,0.1297,0.1302,3712856.0
1775088000000,0.1301,0.1321,0.1232,0.124,12676741.0
1775102400000,0.1239,0.1261,0.1231,0.1245,7198654.0
1775116800000,0.1246,0.1256,0.1225,0.1233,8648853.0
1775131200000,0.1232,0.1247,0.1208,0.1236,7817750.0
1775145600000,0.1235,0.1261,0.1232,0.124,3871437.0
1775160000000,0.1241,0.1258,0.1239,0.1256,3525941.0
1775174400000,0.1257,0.126,0.1236,0.1245,4402981.0
1775188800000,0.1244,0.1261,0.1242,0.1258,4806619.0
1775203200000,0.1258,0.1272,0.1258,0.1265,3570574.0
1775217600000,0.1265,0.1285,0.1247,0.1251,5269126.0
1775232000000,0.1251,0.1256,0.1242,0.1243,2071695.0
1775246400000,0.1243,0.1247,0.1236,0.1241,1947566.0
1775260800000,0.1242,0.1244,0.1228,0.1239,3075327.0
1775275200000,0.1239,0.1244,0.1233,0.1242,1572324.0
1775289600000,0.1243,0.1244,0.1226,0.1238,4052272.0
1775304000000,0.1238,0.1246,0.1227,0.1242,3141097.0
1775318400000,0.1243,0.1257,0.1237,0.1248,3240153.0
1775332800000,0.1248,0.1248,0.1231,0.1236,2165667.0
1775347200000,0.1237,0.1241,0.1222,0.1227,2807522.0
1775361600000,0.1227,0.1227,0.1206,0.1209,3323605.0
1775376000000,0.1209,0.1223,0.1208,0.1217,2043121.0
1775390400000,0.1217,0.1282,0.1214,0.128,24198287.0
1775404800000,0.1281,0.1297,0.1248,0.1284,15387451.0
1775419200000,0.1284,0.1294,0.1255,0.1288,8934984.0
1775433600000,0.1289,0.1318,0.1282,0.1296,10596790.0
1775448000000,0.1295,0.1334,0.129,0.1319,16738152.0
1775462400000,0.1319,0.1338,0.1299,0.1334,16313337.0
1775476800000,0.1335,0.1458,0.1327,0.1401,153688798.0
1775491200000,0.1401,0.1404,0.1342,0.1349,31708791.0
1775505600000,0.1349,0.1363,0.1322,0.1349,22578427.0
1775520000000,0.1348,0.1385,0.1292,0.1307,44284458.0
1775534400000,0.1307,0.1342,0.1301,0.1323,13860031.0
1775548800000,0.1324,0.135,0.1319,0.132,14919908.0
1775563200000,0.132,0.1325,0.129,0.1313,14067587.0
1775577600000,0.1313,0.1336,0.1311,0.1334,8811287.0
1775592000000,0.1334,0.1401,0.1327,0.14,13777368.0
1775606400000,0.14,0.1409,0.1372,0.1375,10220552.0
1775620800000,0.1375,0.139,0.1374,0.1385,5173306.0
1775635200000,0.1384,0.1384,0.1356,0.1365,5228255.0
1775649600000,0.1365,0.138,0.1346,0.1361,10307024.0
1775664000000,0.1361,0.1362,0.1341,0.1344,4236828.0
1775678400000,0.1345,0.1359,0.1332,0.1337,5279308.0
1775692800000,0.1337,0.1352,0.1327,0.1344,4638955.0
1775707200000,0.1344,0.1372,0.1342,0.1358,5030781.0
1775721600000,0.1357,0.1366,0.1342,0.1349,6062386.0
1775736000000,0.1349,0.1373,0.1342,0.1367,7915016.0
1775750400000,0.1367,0.1374,0.1359,0.1364,3561043.0
1775764800000,0.1364,0.1377,0.1349,0.1351,3695336.0
1775779200000,0.1351,0.1372,0.1343,0.1365,5537929.0
1775793600000,0.1366,0.1406,0.136,0.1399,12364771.0
1775808000000,0.1398,0.1408,0.1374,0.1388,9934012.0
1775822400000,0.1388,0.1396,0.1371,0.1381,6579919.0
1775836800000,0.1381,0.1451,0.1361,0.1448,16059007.0
1775851200000,0.1448,0.1585,0.1413,0.145,87694979.0
1775865600000,0.1449,0.1449,0.1404,0.1415,18184534.0
1775880000000,0.1415,0.1446,0.1395,0.1398,11392270.0
1775894400000,0.1399,0.1424,0.139,0.1393,9872339.0
1775908800000,0.1393,0.1458,0.1391,0.1449,29576768.0
1775923200000,0.1449,0.1473,0.1436,0.1464,11652972.0
1775937600000,0.1464,0.147,0.1433,0.1441,6405053.0
1775952000000,0.1441,0.1445,0.1371,0.1373,16769955.0
1775966400000,0.1372,0.1392,0.1366,0.1373,8396974.0
1775980800000,0.1372,0.138,0.1322,0.1343,16310222.0
1775995200000,0.1343,0.1355,0.1323,0.1327,6194521.0
1776009600000,0.1327,0.1332,0.1308,0.1312,5626754.0
1776024000000,0.1312,0.1327,0.1291,0.1299,7515775.0
1776038400000,0.1298,0.1317,0.1293,0.1297,6060275.0
1776052800000,0.1297,0.1304,0.1287,0.1289,5550560.0
1776067200000,0.1288,0.1349,0.1283,0.1342,7432558.0
1776081600000,0.1342,0.1343,0.131,0.132,9144702.0
1776096000000,0.132,0.1333,0.1314,0.1331,5003013.0
1776110400000,0.133,0.138,0.1321,0.137,7046683.0
1776124800000,0.137,0.1374,0.134,0.1349,5984494.0
1776139200000,0.1348,0.135,0.1323,0.1327,7321992.0
1776153600000,0.1327,0.1335,0.1317,0.1335,4804714.0
1776168000000,0.1334,0.1342,0.1308,0.1312,9281476.0
1776182400000,0.1313,0.1317,0.1281,0.1287,7340113.0
1776196800000,0.1287,0.131,0.1287,0.1307,3777827.0
1776211200000,0.1306,0.1309,0.1292,0.13,4111696.0
1776225600000,0.13,0.1326,0.1296,0.1304,6033653.0
1776240000000,0.1305,0.134,0.1298,0.1328,7399112.0
1776254400000,0.1329,0.1329,0.13,0.1303,6319817.0
1776268800000,0.1303,0.1325,0.13,0.1323,3383049.0
1776283200000,0.1322,0.1349,0.1316,0.1328,6576396.0
1776297600000,0.1329,0.1353,0.132,0.135,5797640.0
1776312000000,0.135,0.1371,0.134,0.1363,10498387.0
1776326400000,0.1364,0.1414,0.1362,0.141,20854842.0
1776340800000,0.141,0.1425,0.1368,0.1408,22550902.0
1776355200000,0.1408,0.1451,0.1387,0.1448,11915160.0
1776369600000,0.1448,0.145,0.1411,0.1434,7153524.0
1776384000000,0.1434,0.1454,0.1419,0.1441,10677929.0
1776398400000,0.1442,0.1446,0.1401,0.143,7957515.0
1776412800000,0.143,0.1436,0.1408,0.1434,7561279.0
1776427200000,0.1434,0.1468,0.1425,0.1446,14006252.0
1776441600000,0.1446,0.1488,0.1425,0.1482,19342788.0
1776456000000,0.1482,0.1485,0.1452,0.147,11833728.0
1776470400000,0.147,0.1508,0.146,0.1495,18658976.0
1776484800000,0.1495,0.1499,0.1462,0.1476,30515709.0
1776499200000,0.1476,0.1488,0.1408,0.1441,35005768.0
1776513600000,0.144,0.1567,0.1435,0.155,33593876.0
1776528000000,0.155,0.1692,0.1489,0.15,109661172.0
1776542400000,0.15,0.1509,0.1464,0.1465,15183171.0
1776556800000,0.1464,0.1471,0.139,0.1418,26206377.0
1776571200000,0.1417,0.143,0.1371,0.1378,16351712.0
1776585600000,0.1378,0.1386,0.1349,0.1364,13400793.0
1776600000000,0.1365,0.1383,0.1335,0.1356,11876837.0
1776614400000,0.1356,0.1359,0.1326,0.1342,8443268.0
1776628800000,0.1341,0.1344,0.1298,0.1314,11071270.0
1776643200000,0.1314,0.1333,0.1307,0.1328,6752748.0
1776657600000,0.1327,0.135,0.1314,0.1346,8454345.0
1776672000000,0.1347,0.1361,0.1338,0.135,6076823.0
1776686400000,0.135,0.1367,0.1331,0.1352,10070813.0
1776700800000,0.1352,0.138,0.1343,0.1363,6758407.0
1776715200000,0.1363,0.1382,0.1347,0.1353,6111406.0
1776729600000,0.1353,0.1381,0.1345,0.1362,7776275.0
1776744000000,0.1362,0.1366,0.1348,0.1348,5216552.0
1776758400000,0.1348,0.1374,0.1345,0.1364,5119278.0
1776772800000,0.1363,0.1366,0.1337,0.1345,4860467.0
1776787200000,0.1346,0.1348,0.1312,0.1319,5463146.0
1776801600000,0.1319,0.1349,0.1317,0.1347,4351764.0
1776816000000,0.1347,0.1456,0.1343,0.1436,49904534.0
1776830400000,0.1436,0.1498,0.1425,0.148,37161038.0
1776844800000,0.1481,0.1547,0.1459,0.1464,65648768.0
1776859200000,0.1464,0.1548,0.1439,0.1511,48874096.0
1776873600000,0.1512,0.1519,0.1464,0.1479,21770268.0
1776888000000,0.1479,0.1508,0.1452,0.1454,12005501.0
1776902400000,0.1454,0.1457,0.1404,0.142,19513876.0
1776916800000,0.142,0.1444,0.1413,0.1433,8525384.0
1776931200000,0.1434,0.1456,0.1422,0.1448,15063579.0
1776945600000,0.1448,0.146,0.1421,0.1449,10220355.0
1776960000000,0.1449,0.1455,0.1415,0.1427,8670018.0
1776974400000,0.1427,0.1446,0.1424,0.1441,4979413.0
1776988800000,0.1442,0.1525,0.1439,0.151,24019821.0
1777003200000,0.151,0.1531,0.1493,0.1523,13344040.0
1777017600000,0.1523,0.1543,0.1505,0.153,15086493.0
1777032000000,0.153,0.1565,0.1517,0.1525,22904767.0
1777046400000,0.1524,0.1532,0.151,0.1526,7352834.0
1777060800000,0.1526,0.1526,0.1498,0.1511,6473628.0
1777075200000,0.1512,0.1532,0.1487,0.1513,9580478.0
1777089600000,0.1513,0.1523,0.1482,0.1484,7088408.0
1777104000000,0.1483,0.1489,0.1459,0.1469,6982355.0
1777118400000,0.147,0.1496,0.1467,0.1477,10597869.0
1777132800000,0.1477,0.1483,0.1462,0.1463,3964085.0
1777147200000,0.1463,0.1481,0.1458,0.1477,4263344.0
1777161600000,0.1477,0.1518,0.1457,0.1513,18459491.0
1777176000000,0.1513,0.1582,0.1507,0.1549,37471067.0
1777190400000,0.1549,0.1638,0.1532,0.1555,59287083.0
1777204800000,0.1555,0.1616,0.1548,0.1605,28740244.0
1777219200000,0.1604,0.1745,0.1594,0.1675,80800102.0
1777233600000,0.1675,0.1788,0.1646,0.1783,82030816.0
1777248000000,0.1783,0.1792,0.16,0.1605,77463809.0
1777262400000,0.1606,0.1614,0.1531,0.1533,33056258.0
1777276800000,0.1533,0.1559,0.152,0.153,22121318.0
1777291200000,0.153,0.1534,0.1492,0.1505,21401109.0
1777305600000,0.1505,0.1551,0.1496,0.1548,13540435.0
1777320000000,0.1549,0.1551,0.1529,0.1546,10086965.0
1777334400000,0.1546,0.1546,0.1512,0.152,12277512.0
1777348800000,0.152,0.1611,0.1518,0.157,20759836.0
1777363200000,0.157,0.1594,0.1561,0.1566,10391407.0
1777377600000,0.1566,0.1574,0.154,0.1552,11187089.0
1777392000000,0.1552,0.1567,0.1546,0.1559,4953509.0
1777406400000,0.1559,0.1578,0.155,0.1554,7337972.0
1777420800000,0.1555,0.1559,0.153,0.1541,7744362.0
1777435200000,0.154,0.1559,0.1538,0.1541,6454434.0
1777449600000,0.154,0.1548,0.1531,0.1537,6350715.0
1777464000000,0.1536,0.1536,0.148,0.1484,11752130.0
1777478400000,0.1484,0.1489,0.1436,0.1456,9841956.0
1777492800000,0.1456,0.148,0.1454,0.1464,4823820.0
1777507200000,0.1465,0.1498,0.1449,0.1467,9213277.0
1777521600000,0.1468,0.1498,0.145,0.1494,7125866.0
1777536000000,0.1494,0.1497,0.1467,0.1485,6446119.0
1777550400000,0.1484,0.1494,0.1464,0.1476,4387138.0
1777564800000,0.1476,0.1486,0.1463,0.1465,2446381.0
1777579200000,0.1464,0.1473,0.1461,0.1472,2392925.0
1777593600000,0.1473,0.1489,0.1459,0.1484,4585796.0
1777608000000,0.1484,0.1506,0.1481,0.1491,6339786.0
1777622400000,0.1491,0.1501,0.1473,0.1479,4736297.0
1777636800000,0.148,0.1505,0.1477,0.15,6371999.0
1777651200000,0.15,0.1508,0.1488,0.1489,4225503.0
1777665600000,0.1489,0.1493,0.1468,0.148,5133134.0
1777680000000,0.148,0.1485,0.1464,0.1468,3219460.0
1777694400000,0.1467,0.1476,0.1457,0.1468,4618172.0
1777708800000,0.1468,0.1476,0.1461,0.1469,3146576.0
1777723200000,0.147,0.1481,0.1466,0.148,2916482.0
1777737600000,0.148,0.1487,0.1472,0.148,2550696.0
1777752000000,0.1481,0.149,0.1471,0.1476,3105720.0
1777766400000,0.1477,0.148,0.1428,0.144,7249274.0
1777780800000,0.1439,0.1446,0.1431,0.1435,3277119.0
1777795200000,0.1436,0.1441,0.1425,0.1431,3258476.0
1777809600000,0.1431,0.144,0.1414,0.1434,5189716.0
1777824000000,0.1435,0.1451,0.1431,0.1443,4548749.0
1777838400000,0.1443,0.1455,0.1435,0.1435,4271557.0
1777852800000,0.1436,0.1481,0.1417,0.1475,7210191.0
1777867200000,0.1476,0.1487,0.1463,0.1473,3437515.0
1777881600000,0.1472,0.1486,0.1431,0.1451,7364452.0
1777896000000,0.1449,0.1472,0.1437,0.1465,7751903.0
1777910400000,0.1464,0.1483,0.1458,0.1471,5399366.0
1777924800000,0.147,0.1485,0.1455,0.146,3470502.0
1777939200000,0.146,0.1468,0.1446,0.1461,4464023.0
1777953600000,0.146,0.1471,0.1451,0.1462,3162408.0
1777968000000,0.1462,0.1468,0.1451,0.1458,4052461.0
1777982400000,0.1457,0.1474,0.145,0.1451,3030444.0
1777996800000,0.1452,0.1459,0.1443,0.1449,2988687.0
1778011200000,0.145,0.1465,0.1442,0.1449,3910255.0
1778025600000,0.1448,0.1503,0.144,0.1497,8293871.0
1778040000000,0.1498,0.1509,0.1475,0.1501,6872173.0
1778054400000,0.15,0.152,0.1495,0.1512,6054706.0
1778068800000,0.1513,0.1526,0.1472,0.1491,6980213.0
1778083200000,0.149,0.1502,0.1472,0.1487,4769724.0
1778097600000,0.1487,0.1507,0.148,0.1495,2808542.0
1778112000000,0.1496,0.1497,0.1451,0.1453,7281436.0
1778126400000,0.1454,0.1505,0.1452,0.1502,5574759.0
1778140800000,0.1502,0.1559,0.1501,0.1543,10213225.0
1778155200000,0.1543,0.1568,0.1504,0.154,12573996.0
1778169600000,0.154,0.162,0.1537,0.1583,36167715.0
1778184000000,0.1583,0.1601,0.1565,0.1599,7785066.0
1778198400000,0.1599,0.1605,0.1567,0.158,10107164.0
1778212800000,0.1581,0.1587,0.1547,0.1568,8091358.0
1778227200000,0.1567,0.1597,0.1566,0.1594,6509995.0
1778241600000,0.1594,0.1598,0.1555,0.1576,8465632.0
1778256000000,0.1576,0.1604,0.157,0.1596,5810535.0
1778270400000,0.1596,0.1611,0.1583,0.1606,5440780.0
1778284800000,0.1606,0.1695,0.1602,0.1676,25102074.0
1778299200000,0.1675,0.1694,0.1659,0.1662,7787324.0
1778313600000,0.1663,0.168,0.1623,0.1637,8038618.0
1778328000000,0.1637,0.164,0.1585,0.1593,7475440.0
1778342400000,0.1593,0.1622,0.1583,0.1604,4552664.0
1778356800000,0.1604,0.1615,0.1585,0.1596,4413663.0
1778371200000,0.1595,0.1606,0.1569,0.158,6471050.0
1778385600000,0.158,0.1645,0.1577,0.1639,12352327.0
1778400000000,0.1638,0.1656,0.1622,0.1635,7510850.0
1778414400000,0.1634,0.1679,0.1624,0.1662,8445068.0
1778428800000,0.1663,0.1676,0.1656,0.166,4881454.0
1778443200000,0.166,0.1663,0.1601,0.1648,6501764.0
1778457600000,0.1647,0.1655,0.1595,0.161,6483995.0
1778472000000,0.1611,0.1632,0.1602,0.1626,3940179.0
1778486400000,0.1626,0.1643,0.1617,0.1631,3922860.0
1778500800000,0.1631,0.1634,0.1606,0.1628,4204701.0
1778515200000,0.1629,0.1641,0.1623,0.1635,2296170.0
1778529600000,0.1635,0.1653,0.1628,0.1649,3520094.0
1778544000000,0.1649,0.166,0.1599,0.1616,5849462.0
1778558400000,0.1615,0.1632,0.1603,0.1611,2165589.0
1778572800000,0.161,0.1612,0.1575,0.1579,3926928.0
1778587200000,0.1578,0.159,0.1533,0.1534,8155455.0
1778601600000,0.1534,0.1568,0.1522,0.1565,4161939.0
1778616000000,0.1566,0.1575,0.1547,0.1551,3472250.0
1778630400000,0.1551,0.1599,0.1544,0.1595,6539846.0
1778644800000,0.1595,0.1603,0.1574,0.1582,3388386.0
1778659200000,0.1583,0.1605,0.1577,0.1584,4140140.0
1778673600000,0.1583,0.1592,0.1472,0.1477,13728408.0
1778688000000,0.1477,0.1514,0.1475,0.1489,4642435.0
1778702400000,0.1489,0.1505,0.1479,0.1492,2499164.0
1778716800000,0.1492,0.152,0.1462,0.1466,4894582.0
1778731200000,0.1465,0.1514,0.1464,0.1508,4142813.0
1778745600000,0.1509,0.1513,0.1492,0.1499,4354596.0
1778760000000,0.1499,0.1559,0.1497,0.1554,4419983.0
1778774400000,0.1554,0.1563,0.1536,0.1545,3407464.0
1778788800000,0.1545,0.155,0.1519,0.1525,3146865.0
1778803200000,0.1525,0.1545,0.1504,0.1522,4700806.0
1778817600000,0.1522,0.1524,0.1473,0.1492,5059608.0
1778832000000,0.1493,0.1493,0.1476,0.1482,3207688.0
1778846400000,0.1482,0.1483,0.1385,0.1396,16237310.0
1778860800000,0.1397,0.145,0.1393,0.1442,12429368.0
1778875200000,0.1442,0.1449,0.1433,0.1441,2820657.0
1778889600000,0.1441,0.1441,0.142,0.1423,3857281.0
1778904000000,0.1424,0.1424,0.1358,0.1377,6708134.0
1778918400000,0.1376,0.1385,0.1342,0.1362,5935163.0
1778932800000,0.1362,0.1422,0.1361,0.1416,6883081.0
1778947200000,0.1415,0.1422,0.1404,0.1413,3699122.0
1778961600000,0.1414,0.1416,0.1397,0.14,2028934.0
1778976000000,0.1399,0.141,0.1381,0.1407,2956431.0
1778990400000,0.1407,0.1416,0.1402,0.1411,1793221.0
1779004800000,0.1412,0.1417,0.1398,0.1405,1622598.0
1779019200000,0.1404,0.1408,0.1391,0.14,1979376.0
1779033600000,0.1399,0.1411,0.1382,0.1397,3102329.0
1779048000000,0.1398,0.1403,0.1315,0.1354,5010023.0
1779062400000,0.1353,0.1372,0.1339,0.1361,3320092.0
1779076800000,0.136,0.1378,0.1342,0.1347,3053260.0
1779091200000,0.1348,0.1364,0.1337,0.1355,2500065.0
1779105600000,0.1356,0.1371,0.1328,0.1339,3438729.0
1779120000000,0.134,0.137,0.1334,0.1365,2601802.0
1779134400000,0.1365,0.1385,0.1357,0.1378,2158362.0
1779148800000,0.1378,0.1385,0.1355,0.1362,2604191.0
1779163200000,0.1362,0.139,0.1353,0.138,2919783.0
1779177600000,0.138,0.138,0.1348,0.1351,2757188.0
1779192000000,0.135,0.1371,0.134,0.135,2999444.0
1779206400000,0.1351,0.137,0.1347,0.1353,3247880.0
1779220800000,0.1352,0.1361,0.1338,0.1345,1841616.0
1779235200000,0.1344,0.1351,0.1336,0.1348,2816948.0
1779249600000,0.1348,0.1374,0.1342,0.1367,2781916.0
1779264000000,0.1367,0.1375,0.1356,0.1361,3004069.0
1779278400000,0.1359,0.1417,0.1351,0.1414,7310925.0
1779292800000,0.1413,0.1464,0.1397,0.1442,11319415.0
1779307200000,0.1441,0.1512,0.1435,0.1461,14765881.0
1779321600000,0.1461,0.1584,0.1459,0.1552,32532380.0
1779336000000,0.1552,0.1563,0.1479,0.1505,20305473.0
1779350400000,0.1504,0.1699,0.1491,0.1547,161070418.0
1779364800000,0.1546,0.159,0.1479,0.1571,63840997.0
1779379200000,0.1572,0.159,0.1532,0.1544,32500285.0
1779393600000,0.1544,0.1582,0.1541,0.1569,12901668.0
1779408000000,0.1568,0.1585,0.1527,0.1533,18763536.0
1779422400000,0.1534,0.1555,0.1511,0.1525,8219294.0
1779436800000,0.1525,0.1612,0.1523,0.1575,20153608.0
1779451200000,0.1576,0.1625,0.1539,0.1553,20083944.0
1779465600000,0.1553,0.1561,0.1444,0.1456,16995589.0
1779480000000,0.1456,0.1482,0.1428,0.1438,8538523.0
1779494400000,0.1438,0.1479,0.1424,0.1456,8974084.0
1779508800000,0.1456,0.1458,0.1369,0.1392,9573559.0
1779523200000,0.1391,0.1416,0.1381,0.14,4803543.0
1779537600000,0.1399,0.1456,0.1391,0.1453,5066623.0
1779552000000,0.1453,0.151,0.1453,0.1497,8399449.0
1779566400000,0.1497,0.1539,0.1488,0.1509,6279528.0
1779580800000,0.1509,0.1603,0.1507,0.1579,19967825.0
1779595200000,0.1578,0.1615,0.1546,0.1594,15306046.0
1779609600000,0.1595,0.1618,0.1563,0.1571,11939860.0
1779624000000,0.1571,0.1598,0.1512,0.1552,17711917.0
1779638400000,0.1551,0.1563,0.1518,0.152,7059421.0
1779652800000,0.1521,0.1524,0.1482,0.1514,6305555.0
1779667200000,0.1513,0.1532,0.1506,0.1508,4280502.0
1779681600000,0.1507,0.156,0.1504,0.1543,6569833.0
1779696000000,0.1544,0.1552,0.1528,0.153,4689073.0
1779710400000,0.1529,0.1555,0.1524,0.1551,4642683.0
1779724800000,0.155,0.157,0.1544,0.1558,5781463.0
1779739200000,0.1557,0.1574,0.1531,0.1536,4502869.0
1779753600000,0.1537,0.1546,0.1498,0.1511,5648573.0
1779768000000,0.1511,0.1539,0.1485,0.1503,7755274.0
1779782400000,0.1502,0.1516,0.1475,0.1507,6815302.0
1779796800000,0.1507,0.153,0.1476,0.1488,8577990.0
1779811200000,0.1488,0.1489,0.144,0.1452,7895135.0
1779825600000,0.1452,0.1472,0.145,0.1462,4165060.0
1779840000000,0.1463,0.1506,0.1458,0.1479,7621741.0
1779854400000,0.1478,0.1481,0.1453,0.1479,5255119.0
1779868800000,0.1479,0.1482,0.1445,0.1446,4096240.0
1779883200000,0.1447,0.1474,0.142,0.1465,9594593.0
1779897600000,0.1465,0.1474,0.1429,0.145,5521905.0
1779912000000,0.1451,0.1456,0.138,0.1396,7353794.0
1779926400000,0.1396,0.1403,0.1344,0.135,9575517.0
1779940800000,0.135,0.1352,0.1315,0.134,8934510.0
1779955200000,0.134,0.1347,0.1312,0.132,5622969.0
1779969600000,0.1319,0.1333,0.1298,0.1322,8942483.0
1779984000000,0.1321,0.1365,0.1316,0.1342,4550884.0
1779998400000,0.1343,0.1366,0.1335,0.1348,3403896.0
1780012800000,0.1347,0.1355,0.1317,0.1321,2908320.0
1780027200000,0.1321,0.1356,0.1313,0.1342,5020934.0
1780041600000,0.1342,0.1372,0.1329,0.1345,7747793.0
1780056000000,0.1345,0.1371,0.1297,0.1359,13571871.0
1780070400000,0.1358,0.1392,0.1341,0.1355,6283861.0
1780084800000,0.1355,0.1379,0.135,0.137,3012557.0
1780099200000,0.1371,0.1417,0.1366,0.139,7278378.0
1780113600000,0.139,0.1416,0.1368,0.1395,6872103.0
1780128000000,0.1394,0.1395,0.1374,0.138,3886429.0
1780142400000,0.138,0.1391,0.1366,0.1384,4616204.0
1780156800000,0.1383,0.1572,0.1379,0.1506,76807760.0
1780171200000,0.1506,0.1549,0.143,0.1442,29476323.0
1780185600000,0.1443,0.1444,0.1407,0.1426,14094863.0
1780200000000,0.1426,0.1469,0.1423,0.1441,15469944.0
1780214400000,0.144,0.1467,0.1422,0.1434,10458736.0
1780228800000,0.1435,0.1447,0.1386,0.1393,11685307.0
1780243200000,0.1393,0.1407,0.1367,0.1384,9763536.0
1780257600000,0.1385,0.1419,0.1384,0.1408,5750922.0
1780272000000,0.1408,0.1452,0.1393,0.1437,8789605.0
1780286400000,0.1437,0.1446,0.1369,0.137,7502881.0
1780300800000,0.1371,0.1386,0.1359,0.1367,6709035.0
1780315200000,0.1368,0.1373,0.1332,0.1351,12571388.0
1780329600000,0.1352,0.1394,0.1341,0.1389,4317225.0
1780344000000,0.1389,0.139,0.1358,0.138,4179225.0
1780358400000,0.1379,0.1386,0.1336,0.1381,6732298.0
1780372800000,0.1382,0.1383,0.1335,0.1348,4573731.0
1780387200000,0.1348,0.1352,0.1324,0.1337,4999495.0
1780401600000,0.1337,0.1374,0.1267,0.1298,18096697.0
1780416000000,0.1297,0.1346,0.1274,0.1309,9735049.0
1780430400000,0.1309,0.1334,0.1254,0.1291,10369797.0
1780444800000,0.1291,0.1323,0.1279,0.1288,7765548.0
1780459200000,0.1287,0.1363,0.1287,0.1354,6274290.0
1780473600000,0.1354,0.1371,0.134,0.1354,4573975.0
1780488000000,0.1354,0.1382,0.1343,0.1366,6940127.0
1780502400000,0.1367,0.1379,0.1335,0.1366,8585565.0
1780516800000,0.1367,0.1393,0.1312,0.135,11067981.0
1780531200000,0.1349,0.1372,0.1202,0.1307,24696450.0
1780545600000,0.1307,0.1314,0.1221,0.1229,10591825.0
1780560000000,0.1229,0.1233,0.118,0.1209,14470338.0
1780574400000,0.1209,0.1251,0.1201,0.124,10351544.0
1780588800000,0.1239,0.125,0.1212,0.123,5118215.0
1780603200000,0.1231,0.1231,0.1176,0.1194,6790299.0
1780617600000,0.1193,0.1199,0.1118,0.1122,11364415.0
1780632000000,0.1123,0.1142,0.1039,0.1091,21655880.0
1780646400000,0.1092,0.1111,0.1069,0.1098,10155857.0
1780660800000,0.1097,0.1103,0.103,0.1036,17719813.0
1780675200000,0.1035,0.1078,0.0997,0.1043,21699842.0
1780689600000,0.1043,0.1093,0.1032,0.107,9672661.0
1780704000000,0.1069,0.1086,0.1034,0.1037,6405400.0
1780718400000,0.1036,0.1044,0.0979,0.1034,12330809.0
1780732800000,0.1034,0.1053,0.1003,0.1027,6254115.0
1780747200000,0.1027,0.1038,0.1006,0.1015,4526337.0
1780761600000,0.1014,0.1024,0.0992,0.1002,5988340.0
1780776000000,0.1001,0.102,0.0994,0.1013,4214159.0
1780790400000,0.1012,0.1051,0.1011,0.1034,6188594.0
1780804800000,0.1033,0.105,0.1017,0.1041,6958382.0
1780819200000,0.104,0.1059,0.1025,0.1029,8065905.0
1780833600000,0.1028,0.1045,0.1002,0.1028,6576549.0
1780848000000,0.1028,0.103,0.0979,0.0984,7518555.0
1780862400000,0.0983,0.1052,0.0981,0.1016,9200001.0
1780876800000,0.1016,0.1034,0.0999,0.1014,9458993.0
1780891200000,0.1013,0.1016,0.0987,0.1003,5709581.0
1780905600000,0.1003,0.1022,0.0984,0.1017,7511401.0
1780920000000,0.1016,0.1034,0.1004,0.102,8180422.0
1780934400000,0.102,0.1067,0.102,0.104,13438169.0
1780948800000,0.104,0.1049,0.1008,0.1016,7293141.0
1780963200000,0.1015,0.1023,0.098,0.0986,12526570.0
1780977600000,0.0986,0.1026,0.0978,0.1023,10395949.0
1780992000000,0.1022,0.104,0.1012,0.1027,9752975.0
1781006400000,0.1025,0.1038,0.099,0.0993,11027434.0
1781020800000,0.0992,0.1027,0.0975,0.1023,9430833.0
1781035200000,0.1022,0.1029,0.1006,0.1009,4060970.0
1781049600000,0.1009,0.1028,0.0998,0.1021,7433635.0
1781064000000,0.1021,0.1102,0.1021,0.1055,49555877.0
1781078400000,0.1056,0.109,0.1023,0.1038,37940316.0
1781092800000,0.1037,0.108,0.1027,0.106,20423080.0
1781107200000,0.1061,0.1095,0.1028,0.1034,21764355.0
1781121600000,0.1035,0.1041,0.0989,0.1013,16766806.0
1781136000000,0.1013,0.1089,0.1013,0.1076,29008525.0
1781150400000,0.1077,0.1139,0.1066,0.1085,23777017.0
1781164800000,0.1085,0.1092,0.1057,0.1079,8866794.0
1781179200000,0.1078,0.1137,0.1076,0.1133,26412198.0
1781193600000,0.1133,0.1154,0.1093,0.1097,26640700.0
1781208000000,0.1098,0.1122,0.1086,0.1099,11498448.0
1781222400000,0.1099,0.1131,0.1094,0.1125,9106849.0
1781236800000,0.1125,0.1125,0.1084,0.11,11972864.0
1781251200000,0.1099,0.1134,0.1098,0.1115,6627551.0
1781265600000,0.1115,0.1125,0.1093,0.1095,8768698.0
1781280000000,0.1094,0.1116,0.1082,0.1091,6684773.0
1781294400000,0.1091,0.1097,0.1072,0.1081,2883657.0
1781308800000,0.1081,0.1104,0.1074,0.1079,5216189.0
1781323200000,0.1078,0.1108,0.1071,0.1107,5912664.0
1781337600000,0.1107,0.1114,0.1094,0.1111,3682072.0
1781352000000,0.1111,0.113,0.1106,0.1127,4009722.0
1781366400000,0.1126,0.1139,0.1114,0.1116,4565951.0
1781380800000,0.1117,0.1125,0.1107,0.1117,2611652.0
1781395200000,0.1116,0.1119,0.1101,0.1107,3264775.0
1781409600000,0.1107,0.1113,0.1049,0.1055,14108081.0
1781424000000,0.1055,0.1083,0.105,0.108,8170073.0
1781438400000,0.1081,0.1092,0.1051,0.1061,10542781.0
1781452800000,0.1061,0.1099,0.106,0.1082,8572050.0
1781467200000,0.1081,0.1132,0.1076,0.1123,6407473.0
1781481600000,0.1123,0.114,0.1117,0.1136,4366885.0
1781496000000,0.1136,0.1141,0.1102,0.1113,7748737.0
1781510400000,0.1112,0.1148,0.1107,0.1144,7428861.0
1781524800000,0.1144,0.1166,0.1133,0.1153,8427865.0
1781539200000,0.1153,0.1158,0.1115,0.1121,4734217.0
1781553600000,0.1122,0.1126,0.1098,0.1117,4572907.0
1781568000000,0.1117,0.113,0.1085,0.1115,7178782.0
1781582400000,0.1114,0.1166,0.1102,0.1157,14564817.0
1781596800000,0.1156,0.116,0.1122,0.113,10565516.0
1781611200000,0.113,0.1139,0.1095,0.1122,8522400.0
1781625600000,0.1122,0.1186,0.1119,0.1138,12165547.0
1781640000000,0.1137,0.1152,0.113,0.1141,3874699.0
1781654400000,0.1142,0.1152,0.1129,0.114,4034741.0
1781668800000,0.114,0.1142,0.1121,0.113,4414102.0
1781683200000,0.1131,0.1132,0.111,0.1119,4460971.0
1781697600000,0.1118,0.1175,0.1117,0.1174,16544579.0
1781712000000,0.1174,0.118,0.1123,0.1134,17141752.0
1781726400000,0.1135,0.1173,0.1116,0.1149,7915170.0
1781740800000,0.1149,0.1159,0.1122,0.113,7644811.0
1781755200000,0.1131,0.1136,0.1097,0.1126,11178112.0
1781769600000,0.1125,0.113,0.1099,0.1102,4151324.0
1781784000000,0.1102,0.1107,0.1035,0.104,10951928.0
1781798400000,0.104,0.1111,0.1038,0.1087,17065514.0
1781812800000,0.1088,0.1119,0.1086,0.1111,6038292.0
1781827200000,0.1111,0.1146,0.11,0.1109,9895529.0
1781841600000,0.1109,0.1113,0.1086,0.1091,9460085.0
1781856000000,0.109,0.1099,0.1073,0.1077,5416321.0
1781870400000,0.1078,0.1106,0.1072,0.1095,6900805.0
1781884800000,0.1094,0.11,0.1077,0.1083,4474028.0
1781899200000,0.1082,0.1089,0.1079,0.1086,3335320.0
1781913600000,0.1086,0.1132,0.1082,0.1112,10141643.0
1781928000000,0.1112,0.115,0.1106,0.1129,13072516.0
1781942400000,0.113,0.1138,0.1109,0.1111,5667606.0
1781956800000,0.111,0.1113,0.1084,0.111,7055046.0
1781971200000,0.111,0.111,0.1099,0.11,3364810.0
1781985600000,0.1099,0.1115,0.1089,0.1111,4291675.0
1782000000000,0.1111,0.1119,0.1096,0.1098,4635210.0
1782014400000,0.1098,0.1101,0.109,0.1094,3596217.0
1782028800000,0.1093,0.1104,0.1085,0.1088,4487773.0
1782043200000,0.1087,0.1098,0.1082,0.1097,2389698.0
1782057600000,0.1097,0.1098,0.1082,0.1083,2005535.0
1782072000000,0.1082,0.1084,0.1056,0.1058,5836430.0
1782086400000,0.1058,0.1093,0.1057,0.1073,5423353.0
1782100800000,0.1072,0.1081,0.1069,0.1077,3944260.0
1782115200000,0.1077,0.1085,0.1065,0.1082,4259447.0
1782129600000,0.1082,0.1094,0.1066,0.1069,7433258.0
1782144000000,0.1068,0.1071,0.105,0.1054,5571905.0
1782158400000,0.1053,0.1057,0.1,0.1008,16543076.0
1782172800000,0.1008,0.1023,0.1003,0.1023,9239930.0
1782187200000,0.1023,0.1025,0.0968,0.1006,20745283.0
1782201600000,0.1005,0.1016,0.0979,0.1005,12501607.0
1782216000000,0.1005,0.1017,0.0994,0.1008,8251554.0
1782230400000,0.1007,0.1017,0.0998,0.1014,5271441.0
1782244800000,0.1015,0.1029,0.1014,0.1027,4563075.0
1782259200000,0.1026,0.1096,0.1025,0.1089,20476518.0
1782273600000,0.1088,0.1153,0.1065,0.1082,75439684.0
1782288000000,0.1082,0.1152,0.1077,0.1122,44603800.0
1782302400000,0.1122,0.1124,0.1027,0.1035,28134968.0
1782316800000,0.1034,0.104,0.0966,0.1001,18702160.0
1782331200000,0.1001,0.1061,0.0997,0.1041,15338966.0
1782345600000,0.1041,0.1044,0.1012,0.1014,9429967.0
1782360000000,0.1014,0.1046,0.1011,0.1036,10388690.0
1782374400000,0.1036,0.1067,0.1018,0.1027,17429262.0
1782388800000,0.1027,0.1033,0.0933,0.0971,21940752.0
1782403200000,0.0971,0.0993,0.0953,0.0957,8735406.0
1782417600000,0.0958,0.0975,0.0947,0.0968,6121131.0
1782432000000,0.0968,0.0974,0.0915,0.0953,22604326.0
1782446400000,0.0953,0.0955,0.0927,0.095,10361722.0
1782460800000,0.095,0.0953,0.0915,0.0917,9489107.0
1782475200000,0.0918,0.0954,0.0889,0.0942,18189527.0
1782489600000,0.0942,0.0961,0.0925,0.0928,7662807.0
1782504000000,0.0927,0.0956,0.0927,0.0945,9805590.0
1782518400000,0.0944,0.0956,0.0933,0.0941,6321065.0
1782532800000,0.0941,0.096,0.0936,0.0955,3821195.0
1782547200000,0.0955,0.0963,0.0935,0.0943,7440319.0
1782561600000,0.0942,0.0956,0.0936,0.0954,4327915.0
1782576000000,0.0953,0.0957,0.0928,0.0936,5573338.0
1782590400000,0.0936,0.0945,0.0928,0.0936,3356926.0
1782604800000,0.0936,0.0958,0.0932,0.0953,5882120.0
1782619200000,0.0952,0.097,0.094,0.0951,5175990.0
1782633600000,0.0951,0.096,0.0944,0.095,4775259.0
1782648000000,0.0949,0.0955,0.094,0.0943,3448611.0
1782662400000,0.0943,0.0943,0.0915,0.092,5251200.0
1782676800000,0.0919,0.0928,0.0894,0.0916,7181594.0
1782691200000,0.0917,0.094,0.0904,0.093,6355885.0
1782705600000,0.0931,0.0935,0.0913,0.0922,5334434.0
1782720000000,0.0921,0.0946,0.0919,0.0932,8160076.0
1782734400000,0.0932,0.0947,0.0913,0.093,7783486.0
1782748800000,0.093,0.095,0.0926,0.0939,3699569.0
1782763200000,0.0939,0.0945,0.0926,0.0927,2163555.0
1782777600000,0.0927,0.0929,0.0904,0.0905,3296101.0
1782792000000,0.0905,0.0912,0.09,0.0903,3248105.0
1782806400000,0.0904,0.0907,0.088,0.0889,11449874.0
1782820800000,0.0889,0.091,0.0876,0.0903,9092279.0
1782835200000,0.0902,0.0914,0.0899,0.0907,4128220.0
1782849600000,0.0907,0.0909,0.0887,0.0891,4099559.0
1782864000000,0.0891,0.0906,0.0864,0.0904,7078789.0
1782878400000,0.0903,0.0907,0.0882,0.0889,5246822.0
1782892800000,0.0888,0.0889,0.0877,0.0884,7068016.0
1782907200000,0.0884,0.0911,0.0867,0.0905,8650910.0
1782921600000,0.0904,0.0914,0.0885,0.0886,5456889.0
1782936000000,0.0886,0.0919,0.0883,0.09,8455875.0
1782950400000,0.0899,0.0913,0.0888,0.0911,5989499.0
1782964800000,0.0911,0.092,0.0902,0.0919,4256955.0
1782979200000,0.0919,0.0962,0.0915,0.0948,10080595.0
1782993600000,0.0948,0.0982,0.0944,0.0954,13720550.0
1783008000000,0.0954,0.0957,0.0942,0.0947,4383685.0
1783022400000,0.0947,0.0953,0.0934,0.0951,4375924.0
1783036800000,0.0952,0.102,0.0949,0.0991,18000775.0
1783051200000,0.099,0.0996,0.096,0.0966,7245648.0
1783065600000,0.0966,0.0977,0.0964,0.0973,4704385.0
1783080000000,0.0972,0.0988,0.0969,0.0976,4727493.0
1783094400000,0.0975,0.0983,0.0967,0.0977,3613287.0
1783108800000,0.0977,0.0991,0.0976,0.0982,3410700.0
1783123200000,0.0981,0.0988,0.0968,0.0976,3165577.0
1783137600000,0.0975,0.0979,0.0957,0.0966,3767555.0
1783152000000,0.0966,0.0974,0.0955,0.0972,2628374.0
1783166400000,0.0972,0.0996,0.0972,0.0994,3192993.0
1783180800000,0.0993,0.1,0.0984,0.0991,2209680.0
1783195200000,0.099,0.0999,0.097,0.0999,4489817.0
1783209600000,0.0998,0.0999,0.0949,0.0953,6797630.0
1783224000000,0.0952,0.0968,0.0947,0.0967,4623637.0
1783238400000,0.0967,0.0975,0.0942,0.0951,3480723.0
1783252800000,0.095,0.0963,0.0947,0.095,2411261.0
1783267200000,0.095,0.0954,0.0944,0.0945,1616594.0
1783281600000,0.0945,0.0966,0.0943,0.0952,3038936.0
1783296000000,0.0952,0.0958,0.0931,0.0937,4344225.0
1783310400000,0.0936,0.0939,0.091,0.0924,6695443.0
1783324800000,0.0923,0.0932,0.0919,0.092,3411335.0
1783339200000,0.092,0.0953,0.09,0.095,7805412.0
1783353600000,0.0951,0.0993,0.0947,0.0977,7116824.0
1783368000000,0.0978,0.1007,0.0974,0.0986,6045279.0
1783382400000,0.0986,0.0996,0.0961,0.0962,3662262.0
1783396800000,0.0961,0.0994,0.0952,0.0987,8837393.0
1783411200000,0.0988,0.0994,0.096,0.0974,6962952.0
1783425600000,0.0973,0.0979,0.0932,0.0954,6635924.0
1783440000000,0.0954,0.0984,0.0933,0.0941,10617292.0
1783454400000,0.0942,0.0949,0.0922,0.0926,3664764.0
1783468800000,0.0927,0.0941,0.0911,0.0932,6089838.0
1783483200000,0.0932,0.0963,0.0931,0.096,14415655.0
1783497600000,0.096,0.0981,0.0912,0.0941,27737902.0
1783512000000,0.0941,0.0963,0.0927,0.0933,9854057.0
1783526400000,0.0932,0.0971,0.0932,0.0945,3947104.0
1783540800000,0.0944,0.0951,0.0934,0.0947,2480647.0
1783555200000,0.0946,0.0975,0.0945,0.0968,13746139.0
1783569600000,0.0969,0.0973,0.0953,0.0955,3013923.0
1783584000000,0.0954,0.0963,0.0935,0.0941,4083144.0
1783598400000,0.094,0.0952,0.0932,0.0942,4624637.0
1783612800000,0.0941,0.0958,0.0937,0.0944,3042620.0
1783627200000,0.0943,0.0949,0.0934,0.0938,2937381.0
1783641600000,0.0938,0.0964,0.0934,0.095,3711706.0
1783656000000,0.0951,0.0963,0.0944,0.0945,3038017.0
1783670400000,0.0944,0.0957,0.0943,0.0951,2808820.0
1783684800000,0.0951,0.0966,0.0941,0.0948,6835979.0
1783699200000,0.0948,0.0976,0.0944,0.0961,5876367.0
1783713600000,0.096,0.0995,0.0956,0.0991,6043934.0
1783728000000,0.0992,0.1033,0.0988,0.0995,11902599.0
1783742400000,0.0996,0.0996,0.0968,0.0978,6543493.0
1783756800000,0.0979,0.0984,0.0964,0.0974,3587454.0
1783771200000,0.0973,0.0992,0.0963,0.0983,5885002.0
1783785600000,0.0982,0.1015,0.0981,0.0996,4799749.0
1783800000000,0.0996,0.1009,0.0957,0.0963,5096770.0
1783814400000,0.0962,0.0976,0.095,0.0972,3943827.0
1783828800000,0.0971,0.0974,0.0949,0.0957,2850228.0
1783843200000,0.0956,0.0966,0.0955,0.0964,2623626.0
1783857600000,0.0963,0.098,0.0955,0.0978,4230718.0
1783872000000,0.0978,0.1,0.0965,0.0968,5543224.0
1783886400000,0.0967,0.0968,0.0936,0.0942,5230934.0
1783900800000,0.0942,0.0966,0.0915,0.093,7593950.0
1783915200000,0.0929,0.0952,0.0926,0.0943,3384966.0
1783929600000,0.0944,0.0958,0.0941,0.0956,2588578.0
1783944000000,0.0956,0.0968,0.0942,0.0948,5540875.0
1783958400000,0.0949,0.0951,0.0915,0.093,5522581.0
1783972800000,0.093,0.0932,0.0917,0.0926,2478357.0
1783987200000,0.0927,0.0935,0.0923,0.0931,2780595.0
1784001600000,0.093,0.0943,0.092,0.0923,4394531.0
1784016000000,0.0922,0.0933,0.0919,0.0928,3598474.0
1784030400000,0.0927,0.0952,0.0926,0.0946,8382700.0
1784044800000,0.0946,0.0952,0.0931,0.0935,3550462.0
1784059200000,0.0934,0.0941,0.0929,0.0937,2908675.0
1784073600000,0.0937,0.094,0.0927,0.0938,1991177.0
1784088000000,0.0938,0.0957,0.0932,0.0935,6621034.0
1784102400000,0.0935,0.0953,0.0933,0.0937,4303509.0
1784116800000,0.0936,0.0974,0.0934,0.0965,9776471.0
1784131200000,0.0965,0.0965,0.0937,0.0948,8393822.0
1784145600000,0.0948,0.0973,0.0946,0.0967,4773063.0
1784160000000,0.0967,0.0969,0.0947,0.0949,3479273.0
1784174400000,0.0948,0.0956,0.0938,0.0951,5317117.0
1784188800000,0.095,0.0952,0.0925,0.0934,7025506.0
1784203200000,0.0933,0.0945,0.0918,0.0937,5900000.0
1784217600000,0.0936,0.0937,0.0912,0.0917,4223076.0
1784232000000,0.0917,0.0924,0.0901,0.0904,5320908.0
1784246400000,0.0904,0.0918,0.0893,0.0903,5627950.0
1784260800000,0.0903,0.0925,0.0881,0.0894,14051507.0
1784275200000,0.0893,0.09,0.0892,0.0897,3919378.0
1784289600000,0.0897,0.0898,0.0867,0.0891,9881819.0
1784304000000,0.0891,0.0931,0.0888,0.0909,10939610.0
1784318400000,0.0908,0.092,0.0899,0.0916,3633244.0
1784332800000,0.0916,0.0918,0.0898,0.0902,3763438.0
1784347200000,0.0901,0.0902,0.0887,0.089,2730862.0
1784361600000,0.0889,0.0893,0.0883,0.0884,1916750.0
1784376000000,0.0883,0.0887,0.0875,0.088,3849677.0
1784390400000,0.0881,0.0896,0.0877,0.0889,4464467.0
1784404800000,0.0889,0.0899,0.0886,0.0896,2323773.0
1784419200000,0.0897,0.0901,0.0889,0.0893,2588154.0
1784433600000,0.0893,0.0894,0.0885,0.0886,2330859.0
1784448000000,0.0886,0.0897,0.0884,0.0888,3095279.0
1784462400000,0.0887,0.0905,0.0883,0.0902,4057671.0
1784476800000,0.0902,0.0911,0.0882,0.0887,3938869.0
1784491200000,0.0887,0.0897,0.0885,0.0896,2092749.0
1784505600000,0.0895,0.0916,0.0891,0.0898,7266747.0
1784520000000,0.0898,0.0901,0.0871,0.0888,5044487.0
1784534400000,0.0887,0.0908,0.0878,0.0907,3970693.0
1784548800000,0.0907,0.0926,0.0897,0.0921,10610165.0
1784563200000,0.092,0.0935,0.0916,0.0928,5192709.0
1784577600000,0.0929,0.093,0.0912,0.092,2369788.0
1784592000000,0.0919,0.0924,0.0912,0.092,3866753.0
1784606400000,0.0919,0.0952,0.0913,0.0939,8502279.0
1784620800000,0.0938,0.0953,0.0925,0.093,5537721.0
1784635200000,0.0929,0.0941,0.0927,0.0938,3452468.0
1784649600000,0.0938,0.0954,0.0931,0.0941,3837583.0
1784664000000,0.094,0.0942,0.0932,0.0936,1977040.0
1784678400000,0.0936,0.095,0.0927,0.0928,3987027.0
1784692800000,0.0928,0.0934,0.0918,0.0924,2959259.0
1784707200000,0.0924,0.0933,0.0917,0.0922,2773146.0
1784721600000,0.0921,0.0941,0.0915,0.094,3344201.0
1784736000000,0.0941,0.0944,0.0924,0.0928,4728389.0
1784750400000,0.0927,0.0938,0.0924,0.0933,1294227.0
1784764800000,0.0933,0.0939,0.0923,0.0925,1564849.0
1784779200000,0.0925,0.095,0.0925,0.0936,4128777.0
1784793600000,0.0935,0.0952,0.0929,0.0929,3271462.0
1784808000000,0.0928,0.0931,0.0908,0.0917,3935970.0
1784822400000,0.0916,0.0917,0.0896,0.0901,2383467.0
1784836800000,0.0901,0.0913,0.0899,0.09,1945538.0
1784851200000,0.09,0.0909,0.0892,0.0908,2833372.0
1784865600000,0.0908,0.0918,0.0906,0.0917,1958834.0
1784880000000,0.0918,0.0921,0.0908,0.0912,1862642.0
1784894400000,0.0913,0.0918,0.0884,0.0889,4133936.0
1784908800000,0.0888,0.0897,0.0883,0.0893,2179238.0
1784923200000,0.0893,0.0896,0.0881,0.0891,1384668.0
1784937600000,0.0892,0.0899,0.0885,0.0896,2695888.0
1784952000000,0.0895,0.0898,0.088,0.0881,2452929.0
1784966400000,0.0881,0.09,0.0878,0.0888,3285206.0
1784980800000,0.0887,0.0928,0.0887,0.092,6234475.0
1784995200000,0.0919,0.0921,0.0905,0.0906,2810391.0
1785009600000,0.0907,0.0908,0.0901,0.0902,1065469.0
1785024000000,0.0902,0.0904,0.0897,0.09,1913257.0
1785038400000,0.09,0.0915,0.0899,0.0909,3841679.0
1785052800000,0.0909,0.0916,0.0907,0.0911,1695278.0
1785067200000,0.0912,0.0914,0.0901,0.0912,2275816.0
1785081600000,0.0913,0.092,0.0904,0.0907,1125078.0
1785096000000,0.0907,0.0926,0.0907,0.0922,1941723.0
1785110400000,0.0923,0.0926,0.0914,0.0916,2165641.0
1785124800000,0.0917,0.0923,0.0912,0.0913,2743152.0
1785139200000,0.0914,0.0915,0.09,0.09,2602928.0
1785153600000,0.0901,0.0915,0.0878,0.0879,8535608.0
1785168000000,0.088,0.0896,0.0876,0.0891,3944923.0
1785182400000,0.0893,0.0895,0.0847,0.0858,7617206.0
1785196800000,0.0859,0.0859,0.0829,0.0837,9992018.0
1785211200000,0.0837,0.0839,0.0827,0.0829,5733760.0
1785225600000,0.0829,0.0835,0.0822,0.0826,4744345.0
1785240000000,0.0826,0.0854,0.0819,0.0845,9913476.0
1785254400000,0.0846,0.0852,0.0835,0.0846,4087899.0
1785268800000,0.0847,0.0852,0.0831,0.0843,3068917.0
1785283200000,0.0844,0.0852,0.0826,0.0826,4798328.0
1785297600000,0.0826,0.0838,0.0817,0.0831,3819839.0
1785312000000,0.0832,0.0842,0.0826,0.0832,3199887.0
1785326400000,0.0833,0.0834,0.0811,0.0817,4271487.0
1785340800000,0.0817,0.0848,0.0814,0.0819,7997048.0
1785355200000,0.0819,0.0823,0.0799,0.082,6396372.0
1785369600000,0.082,0.084,0.0815,0.0835,4419536.0
1785384000000,0.0835,0.0841,0.083,0.0835,1896506.0
1785398400000,0.0834,0.0846,0.0834,0.0842,2826565.0
1785412800000,0.0842,0.085,0.0835,0.0843,2798927.0
1785427200000,0.0843,0.0851,0.0837,0.0843,2274455.0
1785441600000,0.0843,0.0847,0.0831,0.0834,2796565.0
1785456000000,0.0834,0.0847,0.083,0.0842,3601483.0
1785470400000,0.0841,0.0847,0.083,0.0846,3584412.0
1785484800000,0.0846,0.0848,0.0827,0.0835,3945866.0
1785499200000,0.0836,0.0842,0.0819,0.0827,5086247.0
1785513600000,0.0828,0.0842,0.0826,0.0834,2820369.0
1785528000000,0.0834,0.0836,0.0822,0.0829,2680212.0
1785542400000,0.0829,0.0845,0.0829,0.0841,2334613.0
1785556800000,0.0841,0.0845,0.0832,0.0835,2454903.0
1785571200000,0.0835,0.0843,0.083,0.0835,876416.0
1785585600000,0.0836,0.0837,0.0828,0.0829,1810690.0
1785600000000,0.083,0.0837,0.0808,0.0816,5004631.0
1785614400000,0.0816,0.0821,0.0812,0.0817,1229756.0
1785628800000,0.0818,0.0834,0.0815,0.0825,2513012.0
1785643200000,0.0825,0.0835,0.0825,0.0831,1713640.0
1785657600000,0.0832,0.0832,0.0822,0.0822,1739176.0
1785672000000,0.0822,0.0827,0.0818,0.0819,944057.0
1785686400000,0.0819,0.0827,0.0817,0.0819,5360284.0
1785700800000,0.0819,0.0824,0.0813,0.0814,2406811.0
1785715200000,0.0814,0.0815,0.08,0.0802,3747435.0
1785729600000,0.0802,0.0809,0.0791,0.0793,2666407.0
1785744000000,0.0793,0.0794,0.0782,0.0783,4865018.0
1785758400000,0.0783,0.0809,0.0776,0.0807,6960609.0
1785772800000,0.0808,0.081,0.0802,0.0802,2149684.0
1785787200000,0.0802,0.0805,0.0792,0.0792,2888609.0
1785801600000,0.0792,0.0801,0.0787,0.0796,3966859.0
1785816000000,0.0797,0.0805,0.0791,0.0801,2359639.0
1785830400000,0.0802,0.0809,0.0795,0.0803,3104963.0
1785844800000,0.0803,0.081,0.0792,0.0804,3635880.0
1785859200000,0.0804,0.081,0.08,0.0806,1787488.0
1785873600000,0.0806,0.0809,0.0798,0.0798,2100317.0
1785888000000,0.0798,0.0823,0.0794,0.082,3867987.0
1785902400000,0.082,0.0839,0.082,0.0835,6670767.0
1785916800000,0.0836,0.0842,0.0823,0.0827,3351537.0
1785931200000,0.0828,0.0835,0.0817,0.0822,4545834.0
1785945600000,0.0822,0.083,0.0819,0.0819,3112239.0
1785960000000,0.0819,0.0824,0.0813,0.0814,1404509.0
1785974400000,0.0814,0.0819,0.0803,0.0807,2442452.0
1785988800000,0.0808,0.0844,0.0805,0.08415,7159672.0
1786003200000,0.08414,0.08459,0.0829,0.08373,4498745.0
1786017600000,0.08374,0.08583,0.08293,0.08435,9895832.0
1786032000000,0.08438,0.08469,0.08361,0.08374,2671683.0
1786046400000,0.08373,0.0866,0.08348,0.08413,5560688.0
1786060800000,0.08414,0.08646,0.08339,0.0835,6627359.0
1786075200000,0.08349,0.08536,0.08283,0.08374,4797542.0
1786089600000,0.08374,0.08552,0.08369,0.08517,4356270.0
1786104000000,0.08516,0.08658,0.08508,0.08642,4720093.0
1786118400000,0.08643,0.08829,0.08585,0.08658,7351286.0
1786132800000,0.08657,0.08903,0.08573,0.08727,6140541.0
1786147200000,0.08727,0.08931,0.08651,0.08849,4200218.0
1786161600000,0.08846,0.09131,0.0884,0.08918,13497249.0
1786176000000,0.08915,0.091,0.08846,0.08886,7627780.0
1786190400000,0.08885,0.09088,0.08875,0.09019,8491719.0
1786204800000,0.0902,0.09023,0.08798,0.08805,3196378.0
1786219200000,0.08804,0.08848,0.08734,0.08756,2047446.0
1786233600000,0.08755,0.09215,0.08742,0.0912,8266158.0
1786248000000,0.0912,0.09346,0.09081,0.09209,6800084.0
1786262400000,0.09208,0.09485,0.09123,0.09203,7915403.0
1786276800000,0.09202,0.09428,0.0919,0.09335,5850674.0
1786291200000,0.09335,0.09722,0.09324,0.09522,8469771.0
1786305600000,0.09524,0.09666,0.09266,0.0934,8377237.0
1786320000000,0.0934,0.09667,0.09234,0.09471,8432614.0
1786334400000,0.09471,0.09604,0.09304,0.09596,7220169.0
1786348800000,0.09596,0.09637,0.09421,0.09525,4120502.0
1786363200000,0.09526,0.09632,0.09395,0.09557,6095040.0
1786377600000,0.09557,0.09713,0.09243,0.09285,12628447.0
1786392000000,0.09285,0.09285,0.0909,0.09232,6819013.0
1786406400000,0.09231,0.09388,0.09158,0.09318,5704818.0
1786420800000,0.09317,0.09317,0.09108,0.09119,3303964.0
1786435200000,0.09118,0.09326,0.09115,0.09226,4771976.0
1786449600000,0.09226,0.09397,0.09063,0.09126,7100772.0
1786464000000,0.09125,0.09548,0.0909,0.09503,8184923.0
1786478400000,0.09503,0.09578,0.09324,0.09326,5462389.0
1786492800000,0.09326,0.096,0.09257,0.09309,5487299.0
1786507200000,0.09308,0.09343,0.09117,0.09164,4289577.0
1786521600000,0.09163,0.09266,0.0908,0.09203,4962538.0
1786536000000,0.09202,0.09231,0.08938,0.08953,4992422.0
1786550400000,0.08953,0.09058,0.08921,0.08958,3253213.0
1786564800000,0.08957,0.09075,0.08849,0.09056,3355032.0
1786579200000,0.09055,0.09374,0.09034,0.09161,5190530.0
1786593600000,0.09161,0.09795,0.09099,0.09735,21898850.0
1786608000000,0.09735,0.11,0.09621,0.10157,123058238.0
1786622400000,0.10157,0.11502,0.10044,0.10616,162490494.0
1786636800000,0.10616,0.11268,0.10325,0.10762,134508873.0
1786651200000,0.10763,0.1113,0.10625,0.1081,54377005.0
1786665600000,0.1081,0.11342,0.10504,0.10729,95493904.0
1786680000000,0.10729,0.10791,0.09805,0.09846,68791141.0
1786694400000,0.09848,0.101,0.09821,0.09897,26569521.0
1786708800000,0.09896,0.10463,0.09821,0.10433,23841886.0
1786723200000,0.10432,0.11116,0.10398,0.10754,28052243.0
1786737600000,0.10754,0.10945,0.10308,0.1045,14857933.0
1786752000000,0.10451,0.10946,0.10172,0.10476,25462805.0
1786766400000,0.10476,0.10476,0.09883,0.09912,13171733.0
1786780800000,0.0991,0.10012,0.097,0.09835,16885089.0
1786795200000,0.09839,0.09907,0.09623,0.09823,10691079.0
1786809600000,0.09822,0.1012,0.0974,0.10065,10204561.0
1786824000000,0.10064,0.10264,0.09908,0.09976,7339936.0
1786838400000,0.09976,0.1028,0.09954,0.09989,10451833.0
1786852800000,0.09988,0.10148,0.09796,0.09813,10000619.0
1786867200000,0.09813,0.10341,0.09788,0.10054,16160686.0
1786881600000,0.10053,0.10072,0.09812,0.0985,10468972.0
1786896000000,0.0985,0.10235,0.0983,0.10146,10189396.0
1786910400000,0.10145,0.10212,0.09929,0.1007,5666753.0
1786924800000,0.1007,0.10277,0.09847,0.09876,11945978.0
1786939200000,0.09876,0.09943,0.09721,0.09858,7401024.0
1786953600000,0.09857,0.09925,0.09716,0.09754,6309807.0
1786968000000,0.09753,0.0988,0.09647,0.09701,8111664.0
1786982400000,0.097,0.09762,0.0937,0.09422,11017775.0
1786996800000,0.09422,0.09536,0.09334,0.09419,5836024.0
1787011200000,0.09419,0.09421,0.09033,0.09122,10782082.0
1787025600000,0.09122,0.09266,0.09077,0.09142,6568687.0
1787040000000,0.09142,0.09157,0.09011,0.09124,5786903.0
1787054400000,0.09124,0.09232,0.09093,0.09186,5868905.0
1787068800000,0.09185,0.09211,0.08669,0.08719,18923074.0
1787083200000,0.08718,0.08792,0.0865,0.08693,6360340.0
1787097600000,0.08695,0.08714,0.0853,0.08573,8431907.0
1787112000000,0.08575,0.08591,0.08436,0.08477,5942331.0
1787126400000,0.08476,0.0859,0.08442,0.08461,5215226.0
1787140800000,0.08459,0.08853,0.08327,0.08682,54334051.0
1787155200000,0.08682,0.09025,0.0866,0.08814,13456332.0
1787169600000,0.08813,0.09188,0.08782,0.09002,14493871.0
1787184000000,0.09002,0.09134,0.0886,0.08868,10774178.0
1787198400000,0.08869,0.09278,0.088,0.09188,13466460.0
1787212800000,0.09188,0.09522,0.09134,0.09302,23615668.0
1787227200000,0.09303,0.09591,0.09202,0.09345,16012302.0
1787241600000,0.09344,0.09559,0.0924,0.09279,10014664.0
1787256000000,0.09279,0.0953,0.09279,0.09471,4710734.0
1787270400000,0.09471,0.09504,0.09369,0.09418,6955958.0
1787284800000,0.09419,0.09618,0.09329,0.09614,8032798.0
1787299200000,0.09615,0.10422,0.09601,0.10329,21180454.0
1787313600000,0.10329,0.10785,0.10268,0.10302,27902235.0
1787328000000,0.10301,0.10327,0.09935,0.10078,13877937.0
1787342400000,0.10077,0.10507,0.10046,0.10452,8755489.0
1787356800000,0.10453,0.1161,0.10369,0.11102,26491835.0
1787371200000,0.11102,0.11452,0.09583,0.10764,33469921.0
1787385600000,0.10763,0.10865,0.10042,0.10235,12991670.0
