timestamp,open,high,low,close,volume
1692792000000,6.378,6.581,6.324,6.551,10521819.6
1692806400000,6.551,6.69,6.369,6.451,9841971.5
1692820800000,6.451,6.488,6.265,6.369,4225530.5
1692835200000,6.369,6.748,6.36,6.64,8178189.8
1692849600000,6.639,6.7,6.413,6.434,7104726.2
1692864000000,6.433,7.08,6.384,7.014,18983342.4
1692878400000,7.013,7.219,6.885,7.042,22095919.3
1692892800000,7.042,7.207,6.876,6.918,12229026.7
1692907200000,6.92,6.95,6.666,6.807,7881390.5
1692921600000,6.806,6.932,6.608,6.691,9917834.2
1692936000000,6.691,6.859,6.528,6.735,9390177.1
1692950400000,6.734,6.744,6.442,6.525,6586398.9
1692964800000,6.525,6.776,6.466,6.698,7855563.8
1692979200000,6.698,6.702,6.51,6.516,4113597.1
1692993600000,6.516,6.656,6.504,6.6,2030639.9
1693008000000,6.598,7.146,6.446,7.015,6805712.0
1693022400000,7.013,7.126,6.868,6.999,6585394.5
1693036800000,6.997,7.248,6.908,7.177,11689037.4
1693051200000,7.177,7.217,7.012,7.042,7953709.8
1693065600000,7.042,7.066,6.92,6.924,5036982.9
1693080000000,6.924,7.026,6.805,6.989,5285443.5
1693094400000,6.989,7.294,6.945,7.215,10230339.0
1693108800000,7.215,7.498,7.139,7.451,13818738.0
1693123200000,7.45,7.53,7.273,7.404,13066153.0
1693137600000,7.405,7.653,7.369,7.645,14078230.2
1693152000000,7.645,7.93,7.532,7.79,18389626.6
1693166400000,7.789,7.903,7.637,7.888,8830571.8
1693180800000,7.89,7.902,7.369,7.411,12913688.3
1693195200000,7.411,7.507,7.299,7.409,8161051.7
1693209600000,7.411,7.411,7.112,7.159,7083677.3
1693224000000,7.159,7.28,7.06,7.092,5601497.2
1693238400000,7.091,7.284,6.912,7.181,7930443.6
1693252800000,7.181,7.253,7.067,7.19,3517820.4
1693267200000,7.189,7.248,7.022,7.129,4659696.2
1693281600000,7.13,7.23,7.05,7.171,4630781.7
1693296000000,7.171,7.2,6.95,6.986,5887683.1
1693310400000,6.987,7.48,6.836,7.096,13019351.3
1693324800000,7.098,7.19,7.01,7.144,4771023.7
1693339200000,7.143,7.299,7.085,7.175,2678312.0
1693353600000,7.175,7.18,6.96,7.004,2646447.0
1693368000000,7.004,7.453,6.984,7.406,6007062.1
1693382400000,7.406,7.635,7.3,7.501,5985294.2
1693396800000,7.501,7.598,7.341,7.479,4925978.1
1693411200000,7.479,7.749,7.424,7.502,4296247.6
1693425600000,7.502,7.522,7.322,7.461,2532680.2
1693440000000,7.461,7.546,7.341,7.529,2834904.8
1693454400000,7.529,7.548,7.162,7.217,3198100.7
1693468800000,7.216,7.28,7.173,7.239,2065715.7
1693483200000,7.239,7.252,7.015,7.114,3030530.9
1693497600000,7.113,7.198,6.886,7.09,4342315.6
1693512000000,7.09,7.185,6.853,6.908,2921167.8
1693526400000,6.908,7.085,6.898,7.052,1761649.7
1693540800000,7.052,7.159,7.023,7.111,2065700.6
1693555200000,7.112,7.265,7.074,7.13,2265988.7
1693569600000,7.13,7.28,7.082,7.137,2579280.7
1693584000000,7.137,7.172,7.015,7.065,2563534.2
1693598400000,7.065,7.237,7.062,7.16,1819301.9
1693612800000,7.16,7.349,7.155,7.241,1889552.6
1693627200000,7.241,7.351,7.067,7.2,2705717.4
1693641600000,7.2,7.287,7.044,7.137,2472509.5
1693656000000,7.137,7.163,6.829,6.895,2555205.0
1693670400000,6.894,6.936,6.624,6.715,2860543.8
1693684800000,6.715,6.811,6.632,6.808,1269147.8
1693699200000,6.808,6.826,6.657,6.674,1476443.0
1693713600000,6.674,6.735,6.586,6.673,1645469.4
1693728000000,6.673,6.673,6.562,6.616,1219757.4
1693742400000,6.616,6.917,6.584,6.783,2657446.4
1693756800000,6.783,6.811,6.637,6.744,1668827.5
1693771200000,6.743,6.824,6.698,6.795,993658.3
1693785600000,6.795,7.681,6.754,7.457,13662679.0
1693800000000,7.457,7.855,7.23,7.647,13536763.0
1693814400000,7.65,7.73,7.461,7.712,7464452.3
1693828800000,7.709,7.85,7.324,7.493,15761999.5
1693843200000,7.494,7.793,7.364,7.618,6977782.2
1693857600000,7.617,7.88,7.502,7.828,5962777.3
1693872000000,7.826,7.877,7.274,7.406,7386310.5
1693886400000,7.406,7.431,7.233,7.364,2729714.5
1693900800000,7.365,7.413,7.214,7.397,3082206.1
1693915200000,7.396,7.897,7.363,7.641,9768863.0
1693929600000,7.64,7.664,7.411,7.456,3662057.3
1693944000000,7.456,7.495,7.333,7.437,1358492.2
1693958400000,7.436,7.455,7.304,7.314,2187951.3
1693972800000,7.313,7.367,7.251,7.3,1782562.2
1693987200000,7.299,7.407,7.256,7.303,1702206.1
1694001600000,7.304,7.361,6.98,7.059,3218429.0
1694016000000,7.059,7.322,6.988,7.177,2784709.7
1694030400000,7.176,7.296,7.174,7.269,1027676.3
1694044800000,7.268,7.328,7.142,7.152,1329389.9
1694059200000,7.153,7.19,6.98,7.136,2229936.7
1694073600000,7.136,7.155,6.8,6.843,2950501.7
1694088000000,6.843,6.869,6.65,6.727,2623432.9
1694102400000,6.727,6.765,6.67,6.682,1613075.4
1694116800000,6.682,6.845,6.666,6.806,1672991.2
1694131200000,6.806,7.082,6.757,6.828,4087707.5
1694145600000,6.828,6.842,6.679,6.71,1606370.9
1694160000000,6.71,6.791,6.583,6.639,3002423.6
1694174400000,6.639,6.818,6.635,6.756,1634484.6
1694188800000,6.756,6.846,6.676,6.72,1450114.4
1694203200000,6.721,6.798,6.694,6.79,680571.7
1694217600000,6.789,6.879,6.745,6.768,1018955.7
1694232000000,6.768,6.812,6.661,6.712,975273.5
1694246400000,6.711,6.741,6.023,6.372,4620997.9
1694260800000,6.372,6.373,6.26,6.312,1261416.3
1694275200000,6.312,6.367,6.277,6.365,811375.0
1694289600000,6.364,6.432,6.318,6.349,979011.9
1694304000000,6.349,6.435,6.18,6.183,1858123.0
1694318400000,6.182,6.427,5.818,6.33,3586981.8
1694332800000,6.33,6.495,6.303,6.334,2631247.1
1694347200000,6.334,6.448,6.267,6.329,1676600.8
1694361600000,6.329,6.353,6.19,6.297,1562071.3
1694376000000,6.298,6.391,6.277,6.321,944505.1
1694390400000,6.322,6.369,6.23,6.316,1331607.0
1694404800000,6.315,6.315,6.15,6.2,1032925.2
1694419200000,6.199,6.204,5.85,6.01,2158955.3
1694433600000,6.009,6.118,5.945,5.977,1973810.7
1694448000000,5.978,6.014,5.752,5.786,1439568.9
1694462400000,5.786,5.868,5.759,5.847,890499.6
1694476800000,5.847,6.07,5.796,6.053,1635361.6
1694491200000,6.053,6.06,5.898,5.923,1004043.0
1694505600000,5.924,6.166,5.914,6.117,1354319.8
1694520000000,6.116,6.137,5.935,5.942,896195.2
1694534400000,5.942,6.034,5.858,5.968,1139303.4
1694548800000,5.968,6.0,5.914,5.921,440467.3
1694563200000,5.921,6.128,5.884,5.925,1230755.2
1694577600000,5.924,6.298,5.786,5.926,3698271.9
1694592000000,5.926,5.972,5.868,5.937,1251561.8
1694606400000,5.938,6.089,5.864,6.026,1057071.8
1694620800000,6.026,6.033,5.922,6.008,1099730.3
1694635200000,6.008,6.05,5.981,6.003,448229.4
1694649600000,6.003,6.096,5.966,5.983,959665.5
1694664000000,5.983,6.017,5.925,5.942,587975.0
1694678400000,5.943,5.971,5.883,5.962,602877.5
1694692800000,5.962,5.978,5.895,5.931,832563.7
1694707200000,5.932,5.976,5.909,5.963,529962.7
1694721600000,5.963,5.966,5.903,5.932,412021.2
1694736000000,5.933,6.058,5.884,6.0,792007.3
1694750400000,5.999,6.049,5.79,5.913,1712067.7
1694764800000,5.912,6.07,5.892,6.003,1193302.3
1694779200000,6.003,6.195,5.992,6.025,1480942.4
1694793600000,6.026,6.088,6.011,6.054,604832.2
1694808000000,6.054,6.174,6.02,6.137,723166.8
1694822400000,6.137,6.261,6.087,6.092,1005881.2
1694836800000,6.093,6.268,6.037,6.167,1288480.7
1694851200000,6.167,6.209,6.102,6.115,660746.2
1694865600000,6.114,6.179,5.985,6.022,966899.8
1694880000000,6.023,6.09,5.984,6.031,670348.8
1694894400000,6.031,6.096,6.027,6.068,367433.6
1694908800000,6.069,6.074,5.824,5.948,1397585.8
1694923200000,5.947,5.964,5.879,5.888,390789.6
1694937600000,5.888,5.942,5.854,5.914,462226.2
1694952000000,5.914,5.938,5.878,5.912,398347.6
1694966400000,5.91,5.932,5.773,5.833,739010.1
1694980800000,5.833,5.843,5.682,5.779,835777.8
1694995200000,5.78,5.888,5.712,5.875,905560.9
1695009600000,5.875,5.926,5.82,5.828,564727.4
1695024000000,5.827,5.906,5.812,5.876,752606.3
1695038400000,5.876,5.888,5.826,5.878,617560.7
1695052800000,5.877,5.907,5.781,5.812,688223.4
1695067200000,5.812,5.842,5.75,5.765,408924.9
1695081600000,5.764,5.837,5.713,5.821,518112.8
1695096000000,5.821,5.871,5.806,5.842,438299.2
1695110400000,5.841,5.942,5.827,5.879,1000604.1
1695124800000,5.878,5.924,5.811,5.91,884010.7
1695139200000,5.909,5.915,5.841,5.853,522207.2
1695153600000,5.854,5.946,5.826,5.926,433495.4
1695168000000,5.927,5.944,5.837,5.858,480368.1
1695182400000,5.857,5.882,5.815,5.863,463627.2
1695196800000,5.864,5.889,5.759,5.813,666476.0
1695211200000,5.813,5.819,5.705,5.794,648642.9
1695225600000,5.796,5.833,5.702,5.791,583740.0
1695240000000,5.791,5.899,5.781,5.861,368934.4
1695254400000,5.862,5.992,5.858,5.953,761368.5
1695268800000,5.954,5.962,5.744,5.75,796548.4
1695283200000,5.75,5.757,5.516,5.581,1459896.6
1695297600000,5.582,5.653,5.508,5.634,591263.5
1695312000000,5.634,5.639,5.572,5.623,349219.5
1695326400000,5.624,5.635,5.54,5.568,318180.3
1695340800000,5.568,5.636,5.417,5.628,1001527.4
1695355200000,5.629,5.653,5.601,5.609,412956.1
1695369600000,5.609,5.68,5.607,5.675,340092.0
1695384000000,5.674,5.726,5.651,5.702,509005.2
1695398400000,5.702,5.718,5.643,5.674,418004.2
1695412800000,5.673,5.713,5.649,5.698,342960.4
1695427200000,5.699,5.793,5.636,5.64,516226.1
1695441600000,5.641,5.706,5.62,5.692,300206.4
1695456000000,5.692,5.693,5.622,5.634,208588.3
1695470400000,5.635,5.649,5.552,5.555,271706.1
1695484800000,5.554,5.587,5.474,5.579,625690.9
1695499200000,5.578,5.64,5.569,5.636,282882.8
1695513600000,5.637,5.64,5.54,5.571,392812.6
1695528000000,5.572,5.574,5.513,5.537,247024.5
1695542400000,5.536,5.569,5.53,5.547,238128.6
1695556800000,5.546,5.556,5.481,5.499,393345.1
1695571200000,5.5,5.55,5.457,5.48,489638.0
1695585600000,5.479,5.516,5.411,5.429,420306.5
1695600000000,5.429,5.533,5.42,5.501,559231.7
1695614400000,5.502,5.53,5.46,5.523,325619.1
1695628800000,5.524,5.532,5.46,5.463,290245.2
1695643200000,5.462,5.525,5.433,5.52,327596.0
1695657600000,5.52,5.536,5.493,5.504,229811.6
1695672000000,5.505,5.543,5.482,5.529,236617.0
1695686400000,5.53,5.559,5.509,5.539,275205.5
1695700800000,5.54,5.553,5.481,5.484,247248.8
1695715200000,5.484,5.495,5.43,5.451,388049.9
1695729600000,5.451,5.492,5.45,5.472,366584.1
1695744000000,5.472,5.526,5.467,5.519,333509.0
1695758400000,5.519,5.568,5.462,5.552,353383.1
1695772800000,5.553,5.632,5.519,5.545,560320.8
1695787200000,5.547,5.553,5.475,5.515,261659.8
1695801600000,5.515,5.601,5.487,5.59,524602.4
1695816000000,5.59,5.599,5.453,5.509,542579.6
1695830400000,5.508,5.52,5.438,5.444,384917.3
1695844800000,5.445,5.494,5.375,5.425,535469.5
1695859200000,5.424,5.492,5.406,5.434,421475.4
1695873600000,5.435,5.541,5.403,5.537,380887.8
1695888000000,5.537,5.54,5.456,5.496,560567.9
1695902400000,5.495,5.547,5.478,5.54,472980.0
1695916800000,5.543,5.574,5.492,5.551,480392.5
1695931200000,5.551,5.583,5.509,5.566,251563.9
1695945600000,5.566,5.579,5.536,5.565,280553.7
1695960000000,5.564,5.602,5.541,5.593,301293.3
1695974400000,5.593,5.593,5.507,5.518,303918.0
1695988800000,5.517,5.562,5.46,5.543,580017.2
1696003200000,5.543,5.555,5.509,5.542,292367.6
1696017600000,5.541,5.569,5.531,5.549,231956.6
1696032000000,5.55,5.577,5.514,5.522,265185.2
1696046400000,5.522,5.545,5.511,5.511,177034.7
1696060800000,5.512,5.535,5.476,5.482,235222.9
1696075200000,5.483,5.54,5.481,5.515,259570.0
1696089600000,5.514,5.578,5.49,5.504,1468324.3
1696104000000,5.504,5.51,5.424,5.439,373014.4
1696118400000,5.439,5.486,5.43,5.478,340678.6
1696132800000,5.479,5.586,5.477,5.555,449775.9
1696147200000,5.556,6.287,5.551,6.255,4781346.0
1696161600000,6.255,6.664,6.211,6.565,16926107.1
1696176000000,6.565,7.074,6.524,6.894,18066370.0
1696190400000,6.894,6.926,6.478,6.678,9242743.4
1696204800000,6.678,6.707,6.511,6.682,4155192.9
1696219200000,6.682,6.688,6.356,6.601,4453870.7
1696233600000,6.6,6.62,6.388,6.451,3173066.0
1696248000000,6.452,6.568,6.399,6.47,3137140.1
1696262400000,6.47,6.7,6.426,6.669,3591525.7
1696276800000,6.669,6.734,6.5,6.63,2011215.3
1696291200000,6.63,6.864,6.47,6.758,3151770.5
1696305600000,6.757,6.817,6.125,6.133,5120024.0
1696320000000,6.134,6.218,6.078,6.118,1685353.7
1696334400000,6.118,6.188,5.989,6.01,2108137.5
1696348800000,6.01,6.067,5.918,5.93,1383975.5
1696363200000,5.931,6.065,5.917,5.979,978667.0
1696377600000,5.98,5.984,5.7,5.894,1690718.3
1696392000000,5.893,5.975,5.882,5.933,827049.5
1696406400000,5.933,6.023,5.914,5.984,949851.7
1696420800000,5.985,6.038,5.88,5.913,869994.8
1696435200000,5.913,5.992,5.889,5.904,770512.3
1696449600000,5.904,5.939,5.873,5.887,525611.2
1696464000000,5.888,5.937,5.831,5.87,515859.4
1696478400000,5.871,5.907,5.862,5.884,368306.9
1696492800000,5.885,5.903,5.822,5.831,384707.8
1696507200000,5.832,5.88,5.755,5.8,814970.2
1696521600000,5.8,5.826,5.698,5.71,717108.9
1696536000000,5.71,5.767,5.709,5.731,279588.5
1696550400000,5.732,5.82,5.712,5.815,413850.3
1696564800000,5.816,6.328,5.787,6.262,3170678.4
1696579200000,6.264,6.34,6.036,6.044,3677337.4
1696593600000,6.044,6.082,5.956,6.006,1920863.7
1696608000000,6.005,6.117,5.943,5.993,1273001.8
1696622400000,5.992,6.068,5.965,6.037,702546.1
1696636800000,6.037,6.178,6.028,6.09,1268167.5
1696651200000,6.089,6.217,5.964,6.013,1495009.2
1696665600000,6.014,6.083,5.988,6.016,754575.9
1696680000000,6.014,6.072,5.97,6.009,612180.5
1696694400000,6.008,6.041,5.963,5.973,421987.8
1696708800000,5.973,6.0,5.915,5.952,433376.3
1696723200000,5.953,5.978,5.891,5.975,408187.0
1696737600000,5.976,6.059,5.899,5.942,855051.2
1696752000000,5.941,6.173,5.918,6.134,1002792.2
1696766400000,6.134,6.23,6.068,6.106,2184781.5
1696780800000,6.106,6.171,6.044,6.051,721682.8
1696795200000,6.051,6.058,5.982,6.018,420713.2
1696809600000,6.018,6.037,5.918,6.02,582164.6
1696824000000,6.02,6.048,5.948,5.975,635643.2
1696838400000,5.975,5.985,5.542,5.759,1598600.8
1696852800000,5.759,5.831,5.743,5.801,593178.2
1696867200000,5.8,5.82,5.685,5.769,997059.8
1696881600000,5.768,5.824,5.766,5.799,375959.2
1696896000000,5.8,5.973,5.768,5.9,1026788.8
1696910400000,5.901,5.925,5.83,5.847,443500.2
1696924800000,5.848,5.888,5.817,5.818,339967.2
1696939200000,5.817,5.855,5.774,5.803,483250.9
1696953600000,5.803,5.829,5.766,5.814,392192.2
1696968000000,5.814,5.863,5.739,5.841,399356.3
1696982400000,5.841,5.893,5.695,5.711,698634.0
1696996800000,5.712,5.737,5.618,5.626,684649.2
1697011200000,5.626,5.68,5.538,5.651,760864.6
1697025600000,5.651,5.669,5.54,5.587,486121.1
1697040000000,5.586,5.688,5.581,5.687,493097.1
1697054400000,5.686,5.729,5.657,5.72,277412.8
1697068800000,5.72,5.747,5.614,5.619,447477.3
1697083200000,5.62,5.672,5.611,5.631,292071.4
1697097600000,5.631,5.641,5.502,5.632,624506.4
1697112000000,5.633,5.648,5.583,5.614,442636.0
1697126400000,5.615,5.673,5.562,5.653,415541.1
1697140800000,5.653,5.712,5.641,5.704,288404.3
1697155200000,5.704,5.804,5.682,5.719,554846.1
1697169600000,5.72,5.778,5.713,5.754,353351.3
1697184000000,5.753,5.762,5.678,5.696,352900.1
1697198400000,5.697,5.714,5.66,5.672,304711.1
1697212800000,5.672,5.729,5.662,5.683,375541.1
1697227200000,5.683,5.842,5.669,5.683,653480.5
1697241600000,5.684,5.718,5.669,5.69,316163.7
1697256000000,5.692,5.7,5.663,5.683,269763.8
1697270400000,5.683,5.752,5.657,5.707,429656.9
1697284800000,5.708,5.755,5.698,5.755,302334.1
1697299200000,5.755,5.811,5.697,5.699,898266.3
1697313600000,5.699,5.704,5.643,5.663,305789.0
1697328000000,5.664,5.799,5.643,5.764,831719.3
1697342400000,5.764,5.818,5.735,5.768,491919.8
1697356800000,5.769,5.796,5.729,5.737,383529.6
1697371200000,5.735,5.739,5.659,5.673,479588.7
1697385600000,5.674,5.742,5.673,5.723,249428.1
1697400000000,5.723,5.764,5.695,5.728,342126.8
1697414400000,5.727,5.803,5.723,5.798,346779.3
1697428800000,5.799,5.885,5.768,5.829,718406.5
1697443200000,5.831,5.841,5.776,5.806,276520.8
1697457600000,5.807,5.971,5.725,5.759,1256147.7
1697472000000,5.76,5.872,5.758,5.837,395637.7
1697486400000,5.839,5.885,5.814,5.856,335590.2
1697500800000,5.854,5.874,5.796,5.832,333858.7
1697515200000,5.832,5.857,5.807,5.821,243682.0
1697529600000,5.821,5.839,5.77,5.774,270214.5
1697544000000,5.774,5.776,5.525,5.666,724136.7
1697558400000,5.666,5.667,5.542,5.6,307882.7
1697572800000,5.601,5.648,5.58,5.61,207963.7
1697587200000,5.611,5.624,5.536,5.617,364769.6
1697601600000,5.617,5.684,5.591,5.61,317798.6
1697616000000,5.61,5.638,5.586,5.599,201064.8
1697630400000,5.599,5.605,5.545,5.583,241459.9
1697644800000,5.581,5.603,5.432,5.484,620847.8
1697659200000,5.485,5.518,5.458,5.48,242047.8
1697673600000,5.48,5.494,5.325,5.389,557829.6
1697688000000,5.389,5.44,5.365,5.391,233899.4
1697702400000,5.391,5.446,5.38,5.446,214882.7
1697716800000,5.444,5.463,5.397,5.4,295078.5
1697731200000,5.4,5.434,5.321,5.383,307745.4
1697745600000,5.383,5.393,5.319,5.381,300244.8
1697760000000,5.381,5.509,5.342,5.487,331531.6
1697774400000,5.489,5.518,5.438,5.443,198269.0
1697788800000,5.443,5.566,5.442,5.466,454965.2
1697803200000,5.467,5.509,5.42,5.49,303891.8
1697817600000,5.49,5.518,5.466,5.496,218087.2
1697832000000,5.497,5.532,5.48,5.515,150854.2
1697846400000,5.515,5.527,5.456,5.489,180255.1
1697860800000,5.489,5.561,5.48,5.547,214695.5
1697875200000,5.547,5.628,5.546,5.624,261206.8
1697889600000,5.624,6.072,5.581,5.76,4070208.3
1697904000000,5.76,5.801,5.7,5.742,909327.8
1697918400000,5.744,5.808,5.737,5.79,414567.8
1697932800000,5.789,5.835,5.685,5.708,528728.6
1697947200000,5.708,5.807,5.5,5.668,906817.2
1697961600000,5.671,5.705,5.643,5.668,437114.5
1697976000000,5.668,5.739,5.664,5.714,383779.4
1697990400000,5.714,5.78,5.705,5.725,579147.8
1698004800000,5.725,5.821,5.708,5.808,363048.9
1698019200000,5.807,5.99,5.76,5.97,662498.1
1698033600000,5.971,6.042,5.734,5.812,1885523.0
1698048000000,5.812,5.894,5.762,5.841,949736.3
1698062400000,5.841,5.849,5.76,5.798,600671.9
1698076800000,5.798,5.943,5.786,5.915,596806.0
1698091200000,5.914,6.113,5.86,6.066,1237621.3
1698105600000,6.066,6.196,5.991,6.057,1101181.3
1698120000000,6.056,6.155,5.918,6.025,824023.1
1698134400000,6.026,6.406,6.002,6.335,1217935.1
1698148800000,6.335,6.606,5.946,6.085,3058001.9
1698163200000,6.086,6.295,6.027,6.224,758416.1
1698177600000,6.224,6.274,6.129,6.227,480872.9
1698192000000,6.229,6.34,6.174,6.269,544211.5
1698206400000,6.269,6.379,6.109,6.19,821792.8
1698220800000,6.19,6.341,6.083,6.273,584833.6
1698235200000,6.272,6.413,6.223,6.412,827873.6
1698249600000,6.411,6.435,6.163,6.268,904524.1
1698264000000,6.268,6.294,6.175,6.288,434613.3
1698278400000,6.288,6.433,6.255,6.425,773211.4
1698292800000,6.424,6.465,6.179,6.427,1565999.3
1698307200000,6.427,6.429,6.194,6.249,962761.1
1698321600000,6.249,6.324,5.922,6.132,1376097.1
1698336000000,6.131,6.238,6.08,6.225,564197.9
1698350400000,6.226,6.327,6.223,6.307,307540.9
1698364800000,6.308,6.318,6.152,6.246,425217.4
1698379200000,6.245,6.254,6.135,6.14,326047.3
1698393600000,6.139,6.223,6.125,6.17,273366.9
1698408000000,6.17,6.258,6.136,6.211,472714.4
1698422400000,6.209,6.221,6.011,6.122,606893.4
1698436800000,6.123,6.167,6.105,6.146,193313.3
1698451200000,6.146,6.263,6.129,6.263,258678.0
1698465600000,6.262,6.32,6.225,6.282,361320.3
1698480000000,6.281,6.395,6.256,6.332,525080.1
1698494400000,6.332,6.351,6.22,6.314,300257.9
1698508800000,6.315,6.496,6.27,6.349,860734.9
1698523200000,6.35,6.4,6.317,6.36,358204.1
1698537600000,6.361,6.396,6.23,6.29,462563.3
1698552000000,6.29,6.39,6.27,6.373,215498.6
1698566400000,6.375,6.43,6.354,6.373,334584.2
1698580800000,6.374,6.417,6.31,6.337,440752.4
1698595200000,6.337,6.398,6.318,6.367,371656.6
1698609600000,6.367,6.445,6.351,6.396,336171.0
1698624000000,6.396,6.479,6.362,6.396,500105.7
1698638400000,6.397,6.43,6.27,6.306,434026.6
1698652800000,6.307,6.547,6.281,6.509,864077.8
1698667200000,6.509,6.528,6.368,6.384,447034.9
1698681600000,6.384,6.446,6.213,6.417,597823.8
1698696000000,6.418,6.458,6.384,6.443,203737.2
1698710400000,6.442,6.533,6.392,6.408,409769.5
1698724800000,6.409,6.515,6.355,6.366,399756.1
1698739200000,6.366,6.487,6.25,6.46,448002.3
1698753600000,6.461,6.473,5.954,6.077,1211262.1
1698768000000,6.077,6.181,6.041,6.132,424611.2
1698782400000,6.132,6.197,6.105,6.166,246215.5
1698796800000,6.165,6.222,6.086,6.096,279953.1
1698811200000,6.097,6.11,5.971,6.058,364352.6
1698825600000,6.058,6.099,5.991,6.041,282668.6
1698840000000,6.041,6.239,6.006,6.215,1314144.8
1698854400000,6.214,6.564,6.21,6.49,1379042.2
1698868800000,6.491,6.61,6.488,6.563,732468.8
1698883200000,6.563,6.649,6.513,6.569,643587.0
1698897600000,6.57,6.612,6.441,6.499,576364.8
1698912000000,6.498,6.651,6.445,6.607,594789.0
1698926400000,6.606,6.645,6.321,6.381,1174924.5
1698940800000,6.381,6.564,6.289,6.56,712744.3
1698955200000,6.56,6.689,6.485,6.609,630819.4
1698969600000,6.609,6.679,6.263,6.664,1285009.8
1698984000000,6.665,6.829,6.529,6.577,1638814.3
1698998400000,6.577,6.641,6.44,6.621,926105.5
1699012800000,6.622,6.734,6.505,6.62,871747.9
1699027200000,6.621,6.63,6.496,6.605,447496.0
1699041600000,6.605,6.704,6.589,6.656,320538.1
1699056000000,6.655,6.7,6.586,6.633,296113.5
1699070400000,6.633,6.679,6.541,6.597,397341.2
1699084800000,6.598,6.637,6.551,6.579,330897.3
1699099200000,6.579,6.614,6.456,6.476,371591.8
1699113600000,6.474,6.528,6.464,6.492,273961.1
1699128000000,6.492,6.616,6.477,6.58,264110.0
1699142400000,6.581,6.704,6.533,6.687,442770.1
1699156800000,6.687,6.71,6.63,6.709,297695.2
1699171200000,6.71,6.741,6.65,6.689,400461.6
1699185600000,6.69,6.707,6.435,6.583,620900.9
1699200000000,6.583,6.647,6.559,6.575,265923.3
1699214400000,6.576,6.629,6.447,6.573,334941.2
1699228800000,6.574,6.757,6.527,6.753,494774.8
1699243200000,6.752,6.766,6.557,6.622,481985.8
1699257600000,6.622,6.733,6.576,6.714,265196.4
1699272000000,6.713,6.833,6.679,6.685,627378.6
1699286400000,6.686,6.996,6.642,6.899,945363.6
1699300800000,6.899,6.902,6.811,6.845,320140.3
1699315200000,6.845,6.89,6.649,6.773,721058.1
1699329600000,6.773,6.86,6.68,6.817,354449.9
1699344000000,6.816,7.243,6.715,7.087,1819277.2
1699358400000,7.087,7.142,6.613,6.707,1839313.8
1699372800000,6.707,6.876,6.545,6.756,865342.3
1699387200000,6.758,6.817,6.706,6.746,366248.0
1699401600000,6.747,6.852,6.669,6.83,384605.1
1699416000000,6.83,6.9,6.782,6.811,320595.3
1699430400000,6.811,6.882,6.756,6.867,364398.0
1699444800000,6.866,6.885,6.76,6.823,491035.0
1699459200000,6.823,6.927,6.798,6.902,406028.4
1699473600000,6.901,6.982,6.88,6.945,381514.9
1699488000000,6.945,7.06,6.891,7.029,432877.3
1699502400000,7.028,7.071,6.902,6.924,456834.4
1699516800000,6.924,6.96,6.759,6.853,747397.9
1699531200000,6.854,7.059,6.786,6.855,1097216.8
1699545600000,6.857,6.905,5.761,6.282,2752102.3
1699560000000,6.282,6.557,6.16,6.552,638067.2
1699574400000,6.553,6.652,6.48,6.53,548455.6
1699588800000,6.531,6.608,6.435,6.491,434392.8
1699603200000,6.492,6.617,6.362,6.566,525742.8
1699617600000,6.569,6.573,6.256,6.345,638916.2
1699632000000,6.399,6.499,6.399,6.468,503013.2
1699646400000,6.469,6.714,6.44,6.632,404232.4
1699660800000,6.632,6.714,6.478,6.575,1063210.1
1699675200000,6.573,6.646,6.37,6.584,697181.2
1699689600000,6.585,6.712,6.557,6.613,501433.2
1699704000000,6.613,6.899,6.55,6.818,770869.2
1699718400000,6.817,6.988,6.817,6.98,536857.4
1699732800000,6.981,6.988,6.72,6.838,478085.9
1699747200000,6.839,6.862,6.515,6.736,749125.4
1699761600000,6.738,6.897,6.608,6.85,536629.0
1699776000000,6.85,6.963,6.774,6.919,489832.7
1699790400000,6.92,7.047,6.719,6.942,912181.6
1699804800000,6.941,6.981,6.85,6.895,494813.4
1699819200000,6.894,7.035,6.865,7.013,405806.4
1699833600000,7.012,7.194,6.801,6.831,828888.6
1699848000000,6.831,6.938,6.778,6.9,530483.8
1699862400000,6.9,6.95,6.748,6.797,462283.4
1699876800000,6.792,7.5,6.726,7.226,2692962.3
1699891200000,7.225,7.261,6.871,7.04,754588.5
1699905600000,7.04,7.091,6.739,6.751,658817.9
1699920000000,6.751,6.837,6.554,6.819,852450.9
1699934400000,6.818,6.97,6.814,6.889,492528.5
1699948800000,6.89,7.192,6.691,6.792,286625.2
1699963200000,6.788,6.941,6.731,6.838,767597.8
1699977600000,6.838,7.024,6.47,6.834,1228085.9
1699992000000,6.835,7.114,6.723,7.012,562174.4
1700006400000,7.012,7.121,6.834,6.841,646606.6
1700020800000,6.841,7.078,6.838,7.024,498092.6
1700035200000,7.024,7.207,6.892,7.178,642047.9
1700049600000,7.177,7.559,7.156,7.451,2226234.2
1700064000000,7.451,7.56,7.237,7.529,990907.8
1700078400000,7.529,7.537,7.297,7.397,519550.6
1700092800000,7.398,7.609,7.309,7.475,775426.8
1700107200000,7.474,7.496,7.336,7.405,515759.8
1700121600000,7.404,7.522,7.214,7.279,959985.1
1700136000000,7.279,7.326,7.014,7.124,930523.8
1700150400000,7.125,7.324,6.92,7.156,777788.1
1700164800000,7.155,7.415,7.073,7.411,877027.9
1700179200000,7.41,7.698,7.279,7.369,1493564.2
1700193600000,7.368,7.52,7.257,7.281,740985.7
1700208000000,7.282,7.338,7.046,7.101,710974.6
1700222400000,7.101,7.232,6.745,6.794,914607.9
1700236800000,6.794,7.052,6.758,6.918,581112.2
1700251200000,6.918,7.033,6.862,7.0,353304.9
1700265600000,7.0,7.0,6.828,6.835,433650.1
1700280000000,6.836,6.89,6.488,6.71,646640.7
1700294400000,6.711,6.83,6.667,6.785,327775.1
1700308800000,6.785,6.9,6.708,6.878,466147.8
1700323200000,6.878,6.938,6.78,6.885,387408.9
1700337600000,6.886,6.903,6.805,6.871,191838.4
1700352000000,6.873,6.908,6.716,6.899,280787.9
1700366400000,6.898,6.987,6.845,6.965,295247.6
1700380800000,6.965,7.04,6.879,6.984,283933.5
1700395200000,6.983,7.147,6.961,7.005,434493.7
1700409600000,7.004,7.12,6.967,7.114,313528.4
1700424000000,7.113,7.199,7.05,7.171,390514.7
1700438400000,7.172,7.327,7.1,7.119,423633.0
1700452800000,7.119,7.131,6.987,7.086,311053.3
1700467200000,7.086,7.155,7.012,7.041,258178.7
1700481600000,7.04,7.07,6.867,7.006,453401.3
1700496000000,7.006,7.145,6.901,6.975,488738.8
1700510400000,6.974,7.067,6.817,6.952,374813.0
1700524800000,6.952,7.088,6.867,6.995,361985.5
1700539200000,6.995,7.08,6.9,6.91,329751.1
1700553600000,6.911,7.045,6.891,6.903,326738.3
1700568000000,6.9,6.928,6.558,6.743,746701.0
1700582400000,6.743,6.822,6.334,6.525,964830.9
1700596800000,6.527,6.612,6.16,6.273,599802.1
1700611200000,6.272,6.401,6.242,6.28,551928.0
1700625600000,6.28,6.345,6.199,6.288,544443.5
1700640000000,6.287,6.39,6.286,6.333,386024.0
1700654400000,6.334,6.43,6.281,6.336,476061.6
1700668800000,6.334,6.491,6.294,6.466,451965.4
1700683200000,6.465,6.532,6.423,6.47,346883.9
1700697600000,6.471,6.592,6.468,6.542,341652.4
1700712000000,6.542,6.581,6.515,6.563,248209.1
1700726400000,6.563,6.584,6.403,6.435,387597.5
1700740800000,6.435,6.463,6.308,6.332,423085.3
1700755200000,6.332,6.475,6.327,6.416,233318.7
1700769600000,6.416,6.505,6.413,6.472,163777.4
1700784000000,6.473,6.559,6.459,6.532,226718.2
1700798400000,6.532,6.56,6.487,6.544,190844.6
1700812800000,6.544,6.64,6.506,6.601,396302.4
1700827200000,6.602,6.649,6.556,6.574,420242.5
1700841600000,6.574,6.636,6.501,6.53,604761.7
1700856000000,6.532,6.552,6.391,6.469,356790.5
1700870400000,6.469,6.635,6.408,6.633,322210.0
1700884800000,6.633,6.636,6.569,6.631,199486.3
1700899200000,6.632,6.636,6.487,6.527,261712.2
1700913600000,6.526,6.597,6.523,6.572,229930.3
1700928000000,6.57,6.645,6.57,6.619,210124.5
1700942400000,6.618,6.708,6.582,6.702,242647.4
1700956800000,6.702,6.719,6.604,6.62,247910.1
1700971200000,6.62,6.647,6.576,6.586,164281.5
1700985600000,6.588,6.66,6.554,6.612,342185.1
1701000000000,6.613,6.682,6.413,6.439,612967.1
1701014400000,6.438,6.464,6.223,6.443,560298.9
1701028800000,6.444,6.465,6.373,6.397,211315.2
1701043200000,6.396,6.466,6.229,6.298,312587.9
1701057600000,6.299,6.383,6.183,6.275,433772.5
1701072000000,6.275,6.341,6.201,6.263,522744.8
1701086400000,6.262,6.266,6.073,6.112,718600.0
1701100800000,6.111,6.249,6.073,6.128,381409.9
1701115200000,6.128,6.271,6.09,6.268,269565.5
1701129600000,6.268,6.288,6.176,6.245,222103.1
1701144000000,6.246,6.25,6.074,6.165,299781.4
1701158400000,6.164,6.274,6.158,6.259,285076.0
1701172800000,6.258,6.263,6.188,6.255,217005.5
1701187200000,6.257,6.418,6.222,6.362,572253.9
1701201600000,6.364,6.378,6.275,6.317,256891.0
1701216000000,6.316,6.335,6.272,6.321,178939.8
1701230400000,6.322,6.343,6.265,6.324,191566.4
1701244800000,6.323,6.372,6.22,6.234,325292.1
1701259200000,6.233,6.297,6.167,6.243,308129.7
1701273600000,6.244,6.273,6.197,6.26,178010.0
1701288000000,6.26,6.299,6.2,6.288,159669.2
1701302400000,6.287,6.336,6.243,6.334,250362.8
1701316800000,6.333,6.397,6.292,6.359,309658.4
1701331200000,6.36,6.428,6.285,6.415,337890.6
1701345600000,6.416,6.428,6.264,6.294,387131.1
1701360000000,6.293,6.342,6.281,6.308,159884.4
1701374400000,6.307,6.401,6.299,6.393,183092.4
1701388800000,6.392,6.427,6.336,6.379,221084.3
1701403200000,6.378,6.397,6.336,6.344,174898.5
1701417600000,6.344,6.405,6.333,6.385,231315.6
1701432000000,6.386,6.392,6.302,6.325,208994.3
1701446400000,6.325,6.383,6.304,6.373,206509.1
1701460800000,6.373,6.381,6.315,6.356,145111.9
1701475200000,6.356,6.41,6.346,6.402,127725.5
1701489600000,6.402,6.428,6.393,6.422,127960.4
1701504000000,6.423,6.54,6.414,6.485,370832.6
1701518400000,6.485,6.588,6.4,6.524,653301.8
1701532800000,6.523,6.591,6.467,6.552,495432.9
1701547200000,6.553,6.815,6.522,6.655,991854.6
1701561600000,6.656,6.665,6.53,6.557,468037.6
1701576000000,6.558,6.587,6.508,6.58,255536.7
1701590400000,6.58,6.634,6.579,6.62,271356.1
1701604800000,6.62,6.625,6.44,6.461,501038.2
1701619200000,6.462,6.493,6.414,6.447,191732.2
1701633600000,6.447,6.558,6.419,6.492,335479.1
1701648000000,6.492,6.645,6.457,6.611,306663.2
1701662400000,6.612,6.71,6.58,6.682,465867.6
1701676800000,6.683,6.769,6.085,6.513,1344432.3
1701691200000,6.513,6.672,6.421,6.489,819631.7
1701705600000,6.489,6.679,6.469,6.641,599490.4
1701720000000,6.64,6.94,6.627,6.884,1434765.2
1701734400000,6.885,7.057,6.809,6.985,1312993.7
1701748800000,6.986,7.016,6.71,6.737,895851.4
1701763200000,6.738,6.795,6.477,6.489,1049712.7
1701777600000,6.488,6.586,6.445,6.583,827850.8
1701792000000,6.582,6.674,6.481,6.661,969065.2
1701806400000,6.662,6.678,6.474,6.631,918130.2
1701820800000,6.631,6.784,6.599,6.657,573634.1
1701835200000,6.657,6.727,6.486,6.614,604664.7
1701849600000,6.615,6.727,6.349,6.453,881602.3
1701864000000,6.453,6.617,6.431,6.592,610994.8
1701878400000,6.591,6.729,6.582,6.717,557956.1
1701892800000,6.717,6.73,6.5,6.565,360674.3
1701907200000,6.565,6.706,6.548,6.594,355888.2
1701921600000,6.593,6.771,6.58,6.727,412534.8
1701936000000,6.727,6.763,6.468,6.607,729968.2
1701950400000,6.609,6.782,6.589,6.774,389229.3
1701964800000,6.775,6.966,6.749,6.8,763826.6
1701979200000,6.8,6.914,6.79,6.865,317594.4
1701993600000,6.865,6.903,6.789,6.877,234627.5
1702008000000,6.877,6.91,6.745,6.802,416833.2
1702022400000,6.803,6.879,6.765,6.857,274457.9
1702036800000,6.856,6.907,6.799,6.83,304504.5
1702051200000,6.83,7.04,6.83,6.985,652148.7
1702065600000,6.985,7.038,6.98,7.015,316279.0
1702080000000,7.015,7.12,6.966,7.117,352167.9
1702094400000,7.117,7.219,7.113,7.16,421598.6
1702108800000,7.159,7.202,6.94,7.006,867049.3
1702123200000,7.006,7.117,6.945,7.027,458035.7
1702137600000,7.027,7.045,6.844,6.888,399899.1
1702152000000,6.888,6.902,6.64,6.723,413143.7
1702166400000,6.724,6.93,6.72,6.862,473216.4
1702180800000,6.862,6.943,6.8,6.857,282867.0
1702195200000,6.857,6.875,6.61,6.727,481198.7
1702209600000,6.727,6.87,6.709,6.822,353484.8
1702224000000,6.821,6.837,6.702,6.801,235001.5
1702238400000,6.802,6.947,6.799,6.89,358412.2
1702252800000,6.892,6.926,6.026,6.419,1773509.6
1702267200000,6.418,6.491,6.278,6.363,591425.4
1702281600000,6.364,6.414,6.29,6.394,454003.3
1702296000000,6.393,6.408,6.219,6.309,549870.2
1702310400000,6.308,6.345,5.982,6.125,795112.8
1702324800000,6.126,6.228,6.072,6.209,251742.2
1702339200000,6.21,6.385,6.195,6.322,374425.1
1702353600000,6.322,6.338,6.144,6.317,361326.5
1702368000000,6.317,6.343,6.215,6.225,316188.0
1702382400000,6.227,6.415,6.191,6.332,713127.7
1702396800000,6.331,6.374,6.156,6.272,447583.6
1702411200000,6.271,6.361,6.197,6.342,244616.2
1702425600000,6.343,6.356,6.07,6.133,617728.1
1702440000000,6.134,6.178,5.962,6.089,471585.6
1702454400000,6.089,6.149,6.048,6.058,222362.0
1702468800000,6.059,6.279,6.05,6.259,339422.8
1702483200000,6.259,6.337,6.18,6.321,327776.2
1702497600000,6.321,6.411,6.289,6.369,282835.7
1702512000000,6.37,6.438,6.334,6.396,337689.5
1702526400000,6.396,6.432,6.343,6.396,228472.9
1702540800000,6.395,6.531,6.367,6.524,411697.6
1702555200000,6.526,6.705,6.17,6.573,1725269.9
1702569600000,6.574,6.788,6.56,6.661,638023.6
1702584000000,6.66,6.735,6.634,6.715,247379.3
1702598400000,6.716,6.723,6.613,6.666,271323.9
1702612800000,6.666,6.815,6.556,6.699,729987.0
1702627200000,6.699,6.843,6.674,6.747,769910.0
1702641600000,6.746,6.85,6.567,6.659,975264.7
1702656000000,6.658,6.91,6.647,6.89,767734.9
1702670400000,6.89,6.91,6.671,6.791,617047.8
1702684800000,6.791,6.909,6.653,6.879,783739.7
1702699200000,6.878,8.0,6.851,7.58,6125831.1
1702713600000,7.579,7.839,7.306,7.44,3429959.5
1702728000000,7.44,7.517,7.257,7.44,1778516.0
1702742400000,7.439,8.085,7.343,7.589,3799818.5
1702756800000,7.588,8.05,7.558,7.624,2585584.9
1702771200000,7.624,7.678,7.376,7.437,1394401.1
1702785600000,7.437,7.58,7.302,7.325,1501385.4
1702800000000,7.325,7.61,7.308,7.565,1007937.3
1702814400000,7.564,8.625,7.487,8.512,4079314.3
1702828800000,8.513,8.658,8.104,8.167,2279405.9
1702843200000,8.167,8.369,8.074,8.338,1137292.0
1702857600000,8.338,8.374,7.703,7.802,2419426.1
1702872000000,7.802,7.831,7.157,7.241,1980260.2
1702886400000,7.241,7.318,6.95,7.121,1776822.8
1702900800000,7.121,7.236,6.975,7.229,1133356.8
1702915200000,7.23,7.241,7.081,7.128,882546.9
1702929600000,7.126,7.377,7.075,7.31,984522.0
1702944000000,7.311,7.548,7.265,7.49,802048.5
1702958400000,7.489,7.547,7.279,7.327,623936.5
1702972800000,7.326,7.345,7.109,7.191,805567.4
1702987200000,7.19,7.354,7.105,7.242,943932.9
1703001600000,7.242,7.968,7.224,7.68,2704134.2
1703016000000,7.681,7.977,7.67,7.823,1284299.2
1703030400000,7.823,8.103,7.742,8.04,2016423.9
1703044800000,8.04,8.209,7.738,7.795,1775742.9
1703059200000,7.795,8.824,7.767,8.785,4394302.4
1703073600000,8.785,10.489,8.514,10.375,15771280.5
1703088000000,10.375,10.683,9.509,9.761,11008522.5
1703102400000,9.761,9.911,9.158,9.449,3193062.4
1703116800000,9.448,9.685,9.235,9.405,3077132.8
1703131200000,9.405,9.729,9.172,9.272,2459254.2
1703145600000,9.271,9.847,9.204,9.512,2519512.7
1703160000000,9.512,9.772,9.453,9.763,1868497.2
1703174400000,9.763,9.766,9.184,9.398,1821835.6
1703188800000,9.399,9.443,9.257,9.291,707838.2
1703203200000,9.291,9.395,9.011,9.134,986584.3
1703217600000,9.134,9.535,9.0,9.459,1544499.6
1703232000000,9.458,9.575,9.057,9.11,1074154.1
1703246400000,9.111,9.175,8.812,8.892,934427.3
1703260800000,8.892,9.052,8.801,8.863,691789.6
1703275200000,8.863,8.935,8.808,8.916,291268.1
1703289600000,8.916,9.237,8.754,9.191,816201.5
1703304000000,9.192,9.774,9.056,9.163,2063654.6
1703318400000,9.164,9.314,9.054,9.079,786063.7
1703332800000,9.08,9.103,8.816,8.85,740513.6
1703347200000,8.853,8.912,8.78,8.85,493795.6
1703361600000,8.849,8.982,8.795,8.961,420823.0
1703376000000,8.96,9.285,8.905,9.096,885427.3
1703390400000,9.1,9.592,9.04,9.244,1094667.6
1703404800000,9.242,9.696,9.219,9.541,908352.3
1703419200000,9.542,9.68,9.184,9.249,687765.2
1703433600000,9.249,9.342,9.18,9.226,331144.7
1703448000000,9.226,9.257,8.781,9.08,705163.2
1703462400000,9.08,9.335,8.811,8.91,778554.0
1703476800000,8.912,9.153,8.911,9.067,355862.8
1703491200000,9.071,9.165,8.852,8.946,549722.3
1703505600000,8.945,9.255,8.898,9.144,619410.1
1703520000000,9.145,9.217,9.057,9.139,277327.0
1703534400000,9.139,9.289,9.055,9.28,210955.9
1703548800000,9.28,9.418,9.193,9.269,324583.9
1703563200000,9.273,9.298,8.646,8.805,1027458.5
1703577600000,8.809,8.839,8.608,8.764,503729.6
1703592000000,8.765,8.86,8.55,8.562,656712.2
1703606400000,8.565,8.758,8.072,8.432,1369144.1
1703620800000,8.432,8.652,8.428,8.609,303638.0
1703635200000,8.61,8.632,8.258,8.333,410274.6
1703649600000,8.332,8.52,8.325,8.384,304757.1
1703664000000,8.386,8.671,8.386,8.596,407342.6
1703678400000,8.597,8.61,8.38,8.485,494941.6
1703692800000,8.484,8.674,8.421,8.579,414420.3
1703707200000,8.581,8.664,8.488,8.584,224070.8
1703721600000,8.583,8.741,8.577,8.69,397663.0
1703736000000,8.688,8.748,8.463,8.556,419682.9
1703750400000,8.557,8.791,8.507,8.781,310198.3
1703764800000,8.779,8.839,8.329,8.5,917151.3
1703779200000,8.499,8.678,8.415,8.66,386450.4
1703793600000,8.658,8.662,8.342,8.537,365660.6
1703808000000,8.537,8.56,8.208,8.477,557467.2
1703822400000,8.481,8.52,8.252,8.274,240223.0
1703836800000,8.275,8.581,8.273,8.521,320415.5
1703851200000,8.521,8.57,8.268,8.344,379018.4
1703865600000,8.345,8.373,8.033,8.186,599765.5
1703880000000,8.186,8.232,7.942,8.21,287914.5
1703894400000,8.208,8.466,8.183,8.274,361795.5
1703908800000,8.273,8.409,8.269,8.283,194731.9
1703923200000,8.285,8.309,8.062,8.087,424562.9
1703937600000,8.089,8.394,8.074,8.356,324673.0
1703952000000,8.356,8.437,8.275,8.333,333800.8
1703966400000,8.332,8.374,8.229,8.336,226437.6
1703980800000,8.335,8.391,8.129,8.178,334302.9
1703995200000,8.178,8.393,8.144,8.384,226245.6
1704009600000,8.384,8.432,8.311,8.317,281500.6
1704024000000,8.316,8.388,8.215,8.267,198691.6
1704038400000,8.267,8.318,8.16,8.192,220250.9
1704052800000,8.192,8.22,7.672,7.96,608314.9
1704067200000,7.96,8.057,7.841,7.88,368731.2
1704081600000,7.882,7.924,7.774,7.903,286340.4
1704096000000,7.903,7.975,7.9,7.97,183327.9
1704110400000,7.971,8.19,7.936,8.184,282747.3
1704124800000,8.187,8.238,8.087,8.21,257124.7
1704139200000,8.21,8.315,8.141,8.29,204264.1
1704153600000,8.291,8.655,8.196,8.539,594562.6
1704168000000,8.54,8.571,8.362,8.443,280841.7
1704182400000,8.441,8.497,8.341,8.451,355056.0
1704196800000,8.45,8.528,8.2,8.265,781419.5
1704211200000,8.263,8.428,8.242,8.407,390494.7
1704225600000,8.407,8.547,8.359,8.515,470682.6
1704240000000,8.515,8.65,8.392,8.483,615172.6
1704254400000,8.483,8.676,8.46,8.512,465714.6
1704268800000,8.514,8.707,8.168,8.299,790006.9
1704283200000,8.301,8.313,6.0,7.32,3101540.4
1704297600000,7.318,7.341,6.857,7.035,752464.3
1704312000000,7.034,7.222,7.021,7.122,401634.1
1704326400000,7.122,7.188,6.992,7.158,356653.6
1704340800000,7.157,7.406,7.144,7.257,325722.7
1704355200000,7.257,7.342,7.181,7.32,321091.5
1704369600000,7.319,7.499,7.261,7.456,452413.2
1704384000000,7.457,7.481,7.346,7.373,212226.5
1704398400000,7.373,7.494,7.309,7.382,202524.0
1704412800000,7.381,7.438,6.947,7.077,560734.8
1704427200000,7.077,7.219,7.018,7.12,432344.4
1704441600000,7.121,7.216,6.972,6.995,413452.6
1704456000000,6.992,7.117,6.879,6.943,539470.2
1704470400000,6.944,7.009,6.735,6.907,454231.4
1704484800000,6.905,7.113,6.902,7.112,281539.8
1704499200000,7.111,7.123,6.92,6.945,202859.6
1704513600000,6.944,6.973,6.448,6.654,599815.3
1704528000000,6.651,6.833,6.611,6.757,385797.8
1704542400000,6.756,7.054,6.72,7.016,465059.0
1704556800000,7.017,7.068,6.884,6.942,280989.7
1704571200000,6.942,6.978,6.83,6.962,196290.3
1704585600000,6.959,7.063,6.873,6.952,225078.3
1704600000000,6.952,7.05,6.931,7.004,194381.4
1704614400000,7.005,7.045,6.814,6.859,320837.8
1704628800000,6.858,6.91,6.652,6.681,381064.1
1704643200000,6.683,6.761,6.572,6.706,269811.7
1704657600000,6.706,6.717,6.33,6.43,455601.8
1704672000000,6.429,6.476,5.93,6.131,900725.1
1704686400000,6.132,6.401,6.088,6.336,392211.6
1704700800000,6.335,6.461,6.241,6.444,317935.2
1704715200000,6.445,6.7,6.441,6.665,533940.9
1704729600000,6.666,7.023,6.605,6.937,560937.9
1704744000000,6.938,7.005,6.83,6.958,315942.6
1704758400000,6.958,6.975,6.764,6.865,400292.8
1704772800000,6.867,7.123,6.838,6.95,672223.5
1704787200000,6.951,6.951,6.656,6.757,537035.0
1704801600000,6.758,6.779,6.198,6.512,775537.5
1704816000000,6.512,6.538,6.328,6.414,297318.9
1704830400000,6.416,6.646,6.26,6.604,750712.0
1704844800000,6.604,6.731,6.555,6.668,238462.3
1704859200000,6.667,6.729,6.572,6.6,237173.1
1704873600000,6.601,6.779,6.504,6.724,255442.0
1704888000000,6.72,6.743,6.383,6.714,567857.2
1704902400000,6.712,6.889,6.628,6.863,391331.4
1704916800000,6.863,7.572,6.674,7.339,1153305.7
1704931200000,7.34,7.471,7.249,7.438,463001.4
1704945600000,7.438,7.465,7.153,7.329,366592.8
1704960000000,7.329,7.592,7.298,7.576,399595.8
1704974400000,7.576,7.76,7.302,7.453,957961.3
1704988800000,7.453,7.665,7.223,7.589,588328.0
1705003200000,7.588,7.662,7.427,7.62,330783.4
1705017600000,7.613,8.392,7.454,8.211,1688508.5
1705032000000,8.212,9.517,8.112,8.75,8902757.2
1705046400000,8.75,8.962,8.31,8.389,4211291.9
1705060800000,8.387,8.431,7.829,8.096,2837720.3
1705075200000,8.092,8.147,7.698,7.896,2050665.7
1705089600000,7.894,7.972,7.441,7.812,1387411.5
1705104000000,7.811,8.385,7.539,8.351,2979614.9
1705118400000,8.354,8.442,8.016,8.061,1542255.1
1705132800000,8.062,8.164,7.756,8.106,1072653.0
1705147200000,8.107,8.241,7.46,7.883,1479564.8
1705161600000,7.884,7.895,7.718,7.786,647737.6
1705176000000,7.791,7.918,7.781,7.883,367222.8
1705190400000,7.883,7.91,7.669,7.786,575171.6
1705204800000,7.786,7.81,7.689,7.778,348986.9
1705219200000,7.778,8.087,7.753,7.897,661198.8
1705233600000,7.893,8.418,7.832,8.131,1348434.6
1705248000000,8.131,8.149,7.924,7.957,661261.9
1705262400000,7.954,8.053,7.757,7.788,617612.7
1705276800000,7.79,8.108,7.744,8.011,538747.9
1705291200000,8.012,8.023,7.804,7.848,432789.7
1705305600000,7.846,7.918,7.804,7.846,322654.0
1705320000000,7.845,7.973,7.732,7.808,528419.7
1705334400000,7.806,8.012,7.779,7.965,376257.8
1705348800000,7.965,8.021,7.812,7.916,321665.3
1705363200000,7.915,7.998,7.846,7.92,289603.7
1705377600000,7.92,7.926,7.653,7.728,511941.0
1705392000000,7.728,7.867,7.665,7.716,336969.8
1705406400000,7.715,7.775,7.551,7.737,632545.0
1705420800000,7.735,7.774,7.654,7.713,215798.7
1705435200000,7.712,7.984,7.706,7.888,685737.1
1705449600000,7.888,8.046,7.87,7.936,443570.2
1705464000000,7.937,7.989,7.771,7.812,302696.5
1705478400000,7.811,7.99,7.767,7.971,369936.0
1705492800000,7.967,8.08,7.75,7.773,679329.0
1705507200000,7.772,7.809,7.645,7.747,328352.8
1705521600000,7.747,7.838,7.704,7.801,236816.6
1705536000000,7.802,7.867,7.668,7.741,256781.0
1705550400000,7.74,7.876,7.662,7.84,263784.5
1705564800000,7.839,7.881,7.628,7.65,296738.4
1705579200000,7.65,7.65,7.45,7.5,481781.3
1705593600000,7.5,7.53,7.06,7.128,895233.0
1705608000000,7.129,7.273,7.121,7.232,272646.9
1705622400000,7.233,7.26,7.022,7.133,279597.6
1705636800000,7.135,7.318,7.13,7.3,161233.8
1705651200000,7.299,7.369,7.26,7.365,167770.2
1705665600000,7.364,7.365,7.106,7.122,315300.2
1705680000000,7.122,7.145,6.792,7.113,662849.4
1705694400000,7.113,7.223,7.072,7.189,157334.5
1705708800000,7.189,7.479,7.107,7.242,489119.7
1705723200000,7.243,7.404,7.219,7.304,283064.8
1705737600000,7.303,7.45,7.254,7.286,304762.7
1705752000000,7.286,7.602,7.27,7.553,498766.6
1705766400000,7.551,7.555,7.387,7.521,358969.6
1705780800000,7.521,7.651,7.479,7.626,254372.6
1705795200000,7.625,7.715,7.484,7.643,481499.0
1705809600000,7.64,7.648,7.537,7.624,484529.1
1705824000000,7.622,7.692,7.52,7.563,334464.7
1705838400000,7.564,7.746,7.5,7.707,309103.0
1705852800000,7.707,7.739,7.606,7.683,342716.4
1705867200000,7.685,7.685,7.524,7.561,186521.6
1705881600000,7.56,7.668,7.264,7.365,632582.5
1705896000000,7.364,7.466,7.27,7.378,303916.8
1705910400000,7.377,7.378,7.134,7.275,391775.1
1705924800000,7.274,7.384,7.09,7.203,367157.6
1705939200000,7.206,7.232,6.891,7.021,387162.5
1705953600000,7.024,7.153,7.004,7.033,226253.5
1705968000000,7.032,7.129,6.929,7.071,295071.8
1705982400000,7.069,7.135,6.918,6.96,136153.8
1705996800000,6.96,6.992,6.469,6.572,755627.7
1706011200000,6.572,6.638,6.352,6.574,484224.1
1706025600000,6.572,6.679,6.509,6.525,266943.8
1706040000000,6.526,6.754,6.494,6.753,174208.5
1706054400000,6.752,6.784,6.61,6.631,177238.8
1706068800000,6.631,6.773,6.606,6.722,246469.3
1706083200000,6.724,6.897,6.715,6.82,175274.9
1706097600000,6.82,6.851,6.678,6.755,261577.6
1706112000000,6.756,6.817,6.636,6.705,205054.0
1706126400000,6.706,6.797,6.625,6.791,108424.5
1706140800000,6.792,6.795,6.651,6.709,188376.0
1706155200000,6.709,6.745,6.569,6.733,349391.3
1706169600000,6.734,6.745,6.6,6.681,303837.0
1706184000000,6.682,6.708,6.546,6.616,249331.7
1706198400000,6.617,6.736,6.536,6.704,176970.9
1706212800000,6.705,6.769,6.679,6.705,168104.0
1706227200000,6.705,6.899,6.625,6.868,398841.2
1706241600000,6.87,6.909,6.759,6.776,272703.9
1706256000000,6.777,7.091,6.768,7.072,270270.8
1706270400000,7.073,7.092,6.982,7.079,308839.1
1706284800000,7.08,7.24,7.069,7.102,457010.2
1706299200000,7.101,7.132,7.055,7.119,164527.3
1706313600000,7.122,7.193,7.117,7.155,217509.6
1706328000000,7.155,7.188,7.016,7.061,153793.6
1706342400000,7.062,7.098,6.986,7.037,219888.3
1706356800000,7.034,7.158,7.034,7.108,151783.0
1706371200000,7.111,7.237,7.101,7.199,185062.6
1706385600000,7.202,7.231,7.177,7.222,105077.0
1706400000000,7.223,7.281,7.182,7.251,257082.5
1706414400000,7.251,7.286,7.132,7.145,252536.6
1706428800000,7.145,7.249,7.115,7.154,160013.3
1706443200000,7.154,7.241,7.052,7.182,297351.0
1706457600000,7.183,7.237,7.048,7.093,195192.5
1706472000000,7.095,7.185,7.026,7.121,174915.4
1706486400000,7.125,7.201,7.066,7.163,207609.9
1706500800000,7.163,7.198,7.104,7.112,118117.4
1706515200000,7.116,7.18,7.039,7.137,189317.5
1706529600000,7.138,7.183,6.977,7.183,203147.1
1706544000000,7.182,7.357,7.162,7.317,252192.6
1706558400000,7.317,7.373,7.302,7.337,130788.6
1706572800000,7.337,7.418,7.247,7.344,248051.3
1706587200000,7.345,7.366,7.25,7.304,110511.4
1706601600000,7.305,7.399,7.273,7.34,154949.2
1706616000000,7.341,7.369,7.198,7.305,245196.8
1706630400000,7.306,7.382,7.271,7.32,137955.6
1706644800000,7.318,7.345,7.12,7.168,134356.6
1706659200000,7.168,7.219,7.045,7.192,281085.1
1706673600000,7.192,7.246,7.157,7.213,109164.6
1706688000000,7.214,7.23,6.948,7.037,309091.2
1706702400000,7.036,7.109,6.885,7.06,290520.8
1706716800000,7.06,7.184,7.038,7.135,197695.8
1706731200000,7.138,7.148,6.916,7.012,240293.6
1706745600000,7.012,7.134,6.862,7.002,319780.9
1706760000000,7.001,7.038,6.848,6.947,268685.9
1706774400000,6.946,7.005,6.907,6.92,128673.0
1706788800000,6.921,7.106,6.915,7.028,191712.9
1706803200000,7.03,7.064,6.924,7.016,162982.9
1706817600000,7.016,7.067,6.978,7.062,122515.5
1706832000000,7.064,7.156,7.039,7.063,184516.3
1706846400000,7.064,7.104,7.002,7.099,95931.0
1706860800000,7.097,7.103,7.027,7.077,83833.4
1706875200000,7.077,7.114,6.99,7.11,178969.5
1706889600000,7.111,7.21,7.091,7.126,259498.6
1706904000000,7.127,7.332,7.108,7.242,258074.1
1706918400000,7.243,7.659,7.217,7.587,622807.4
1706932800000,7.585,7.853,7.358,7.385,2181408.1
1706947200000,7.388,7.431,7.259,7.322,782889.6
1706961600000,7.32,7.355,7.158,7.198,591870.1
1706976000000,7.197,7.35,7.189,7.255,487731.4
1706990400000,7.254,7.27,7.206,7.259,179480.5
1707004800000,7.258,7.287,7.128,7.191,395531.0
1707019200000,7.188,7.261,7.132,7.186,245680.2
1707033600000,7.186,7.242,7.16,7.194,188525.0
1707048000000,7.192,7.232,7.166,7.219,182496.7
1707062400000,7.221,7.228,7.081,7.138,299871.8
1707076800000,7.137,7.195,7.023,7.059,259822.1
1707091200000,7.06,7.084,6.861,7.073,357125.1
1707105600000,7.074,7.176,7.05,7.156,186088.1
1707120000000,7.161,7.162,7.093,7.124,138990.5
1707134400000,7.126,7.155,7.003,7.021,255332.4
1707148800000,7.022,7.056,6.967,7.007,177302.0
1707163200000,7.008,7.018,6.888,7.013,167092.3
1707177600000,7.011,7.075,6.972,7.041,93783.4
1707192000000,7.043,7.077,6.993,7.074,144311.4
1707206400000,7.072,7.106,6.979,6.992,169348.0
1707220800000,6.992,7.025,6.915,7.022,164575.2
1707235200000,7.022,7.076,6.996,7.072,119804.1
1707249600000,7.071,7.082,6.987,6.996,89894.3
1707264000000,6.999,7.076,6.997,7.016,119797.1
1707278400000,7.015,7.073,6.951,7.03,143406.0
1707292800000,7.031,7.155,7.024,7.127,199289.2
1707307200000,7.128,7.225,7.089,7.19,288952.2
1707321600000,7.19,7.233,7.159,7.19,215433.1
1707336000000,7.191,7.339,7.191,7.319,199384.9
1707350400000,7.317,7.415,7.311,7.322,189342.7
1707364800000,7.321,7.341,7.229,7.276,155979.7
1707379200000,7.277,7.306,7.249,7.268,126624.0
1707393600000,7.268,7.37,7.244,7.335,148994.5
1707408000000,7.335,7.361,7.201,7.318,208680.1
1707422400000,7.318,7.364,7.281,7.295,97587.9
1707436800000,7.294,7.44,7.294,7.368,151157.3
1707451200000,7.366,7.392,7.32,7.37,96261.5
1707465600000,7.37,7.451,7.339,7.431,187365.9
1707480000000,7.431,7.486,7.304,7.418,280105.9
1707494400000,7.417,7.535,7.377,7.465,202984.3
1707508800000,7.464,7.523,7.416,7.509,155535.9
1707523200000,7.508,7.63,7.475,7.591,266704.7
1707537600000,7.59,7.595,7.506,7.516,115317.2
1707552000000,7.515,7.542,7.328,7.383,226458.3
1707566400000,7.385,7.403,7.312,7.393,242862.5
1707580800000,7.393,7.517,7.378,7.483,214429.0
1707595200000,7.482,7.539,7.46,7.487,115771.7
1707609600000,7.486,7.582,7.416,7.557,132483.9
1707624000000,7.557,7.644,7.53,7.599,209875.3
1707638400000,7.599,7.63,7.512,7.583,133785.9
1707652800000,7.582,7.598,7.461,7.533,159400.1
1707667200000,7.533,7.625,7.356,7.376,472646.0
1707681600000,7.376,7.447,7.357,7.41,222425.7
1707696000000,7.41,7.517,7.308,7.401,318805.6
1707710400000,7.4,7.521,7.359,7.516,253061.3
1707724800000,7.516,7.58,7.378,7.431,352148.9
1707739200000,7.431,7.649,7.389,7.645,512163.1
1707753600000,7.646,7.736,7.568,7.632,538652.2
1707768000000,7.632,7.727,7.632,7.688,148407.6
1707782400000,7.687,7.758,7.614,7.654,432475.4
1707796800000,7.655,7.735,7.639,7.713,312338.6
1707811200000,7.712,7.715,7.616,7.66,236154.8
1707825600000,7.659,7.665,7.42,7.527,434081.9
1707840000000,7.527,7.611,7.488,7.55,219514.8
1707854400000,7.551,7.671,7.539,7.634,303149.0
1707868800000,7.633,7.746,7.587,7.737,296356.2
1707883200000,7.737,7.967,7.672,7.94,612333.1
1707897600000,7.94,8.095,7.855,8.088,678185.1
1707912000000,8.091,8.093,7.8,7.911,815824.3
1707926400000,7.91,8.052,7.83,7.977,449306.8
1707940800000,7.977,7.99,7.94,7.96,162507.7
1707955200000,7.96,8.062,7.92,8.036,449535.5
1707969600000,8.036,8.086,7.876,8.022,341713.4
1707984000000,8.021,8.137,7.984,8.046,429031.2
1707998400000,8.047,8.156,7.979,8.045,482926.8
1708012800000,8.044,8.098,7.951,8.084,415192.8
1708027200000,8.082,8.116,7.95,8.111,181499.2
1708041600000,8.11,8.635,8.089,8.523,998874.5
1708056000000,8.525,11.5,8.511,11.225,16423119.5
1708070400000,11.225,13.23,11.12,11.824,37399089.7
1708084800000,11.825,13.74,11.516,13.671,33067600.1
1708099200000,13.671,14.81,13.56,14.087,31278574.4
1708113600000,14.088,14.89,13.5,14.384,18489306.0
1708128000000,14.384,14.706,13.327,14.262,15146827.9
1708142400000,14.262,14.668,13.51,14.074,11412713.0
1708156800000,14.074,18.333,13.645,17.664,36643880.7
1708171200000,17.664,20.333,17.136,19.281,43086106.7
1708185600000,19.282,19.38,17.323,17.513,16323766.5
1708200000000,17.513,18.243,16.783,17.95,9149603.3
1708214400000,17.949,19.645,17.717,18.15,11621756.1
1708228800000,18.15,18.879,16.177,16.787,12086711.0
1708243200000,16.787,17.858,16.6,17.465,8371903.2
1708257600000,17.467,18.389,17.23,18.187,7718590.4
1708272000000,18.188,20.699,18.148,18.474,13930579.4
1708286400000,18.475,18.64,17.706,17.842,3585206.1
1708300800000,17.843,18.587,17.654,18.081,4307039.9
1708315200000,18.081,19.309,17.605,17.986,6423170.1
1708329600000,17.985,18.317,17.02,17.495,4548120.1
1708344000000,17.494,17.644,16.555,16.858,4739910.6
1708358400000,16.859,17.183,16.564,16.715,2971791.8
1708372800000,16.715,17.416,16.63,17.22,1950493.6
1708387200000,17.219,17.797,15.4,15.467,5483417.4
1708401600000,15.466,15.895,15.4,15.677,2675226.9
1708416000000,15.676,15.839,15.109,15.533,2774281.9
1708430400000,15.533,15.628,14.0,14.673,4958827.9
1708444800000,14.673,14.765,14.364,14.542,2380098.8
1708459200000,14.542,14.844,14.352,14.588,1783820.5
1708473600000,14.59,15.29,14.43,14.839,3566728.2
1708488000000,14.842,15.488,14.503,14.6,3427396.0
1708502400000,14.597,15.163,14.162,14.214,3135747.5
1708516800000,14.215,16.171,14.161,15.004,7037417.2
1708531200000,15.004,15.076,13.851,14.105,2935377.2
1708545600000,14.105,15.639,14.031,15.563,2614476.2
1708560000000,15.564,15.85,14.347,15.108,3136509.7
1708574400000,15.111,17.35,14.958,16.55,6643108.3
1708588800000,16.552,16.606,15.43,15.478,3482184.4
1708603200000,15.478,15.673,14.8,15.088,3065029.8
1708617600000,15.088,15.294,14.872,15.046,1507708.7
1708632000000,15.045,15.214,14.588,14.859,1638993.4
1708646400000,14.86,15.295,14.622,14.859,1616721.7
1708660800000,14.86,15.24,14.5,14.973,1816355.3
1708675200000,14.974,15.313,14.65,14.719,2152346.5
1708689600000,14.719,14.908,13.891,13.954,3091258.5
1708704000000,13.954,14.075,13.7,14.061,1783897.1
1708718400000,14.06,14.12,13.539,13.744,1053615.6
1708732800000,13.746,13.775,13.325,13.636,1200795.2
1708747200000,13.637,13.704,13.434,13.496,750944.6
1708761600000,13.497,13.855,13.362,13.76,960424.2
1708776000000,13.761,13.934,13.568,13.696,1231890.0
1708790400000,13.698,13.97,13.651,13.846,959970.2
1708804800000,13.847,14.312,13.767,14.095,1388592.1
1708819200000,14.095,14.649,14.034,14.264,1715566.8
1708833600000,14.264,14.489,13.726,13.814,1268068.7
1708848000000,13.815,13.884,13.652,13.727,729249.5
1708862400000,13.726,16.039,13.658,14.565,6672888.0
1708876800000,14.566,14.859,14.403,14.549,1703185.2
1708891200000,14.549,14.698,14.253,14.563,1319564.6
1708905600000,14.564,14.888,14.267,14.405,1133096.1
1708920000000,14.403,14.411,13.881,13.954,1407572.5
1708934400000,13.954,14.854,13.885,14.419,2897840.4
1708948800000,14.419,14.474,13.881,14.418,1715246.9
1708963200000,14.417,14.699,14.083,14.337,1558927.4
1708977600000,14.337,14.597,14.248,14.417,651261.7
1708992000000,14.417,15.274,14.119,14.161,2288472.9
1709006400000,14.162,14.585,14.137,14.38,880671.4
1709020800000,14.38,14.994,14.311,14.845,1266954.6
1709035200000,14.846,15.24,14.156,14.222,1742847.8
1709049600000,14.223,14.278,13.979,14.073,987554.7
1709064000000,14.073,14.595,14.023,14.316,851184.4
1709078400000,14.315,15.073,14.238,14.792,1439660.3
1709092800000,14.791,15.524,14.232,14.574,2472791.2
1709107200000,14.574,14.648,14.129,14.382,1570834.3
1709121600000,14.379,15.5,14.2,14.788,2495128.9
1709136000000,14.788,15.065,11.3,13.361,4551054.4
1709150400000,13.361,14.002,13.247,13.87,962691.5
1709164800000,13.871,14.113,13.659,13.812,1174615.6
1709179200000,13.81,14.005,13.7,13.847,748603.5
1709193600000,13.848,14.228,13.72,13.74,1018177.1
1709208000000,13.741,13.97,13.636,13.807,975150.3
1709222400000,13.807,13.868,13.367,13.709,1202300.6
1709236800000,13.71,14.027,13.028,13.448,1934604.2
1709251200000,13.448,14.08,13.446,13.966,902685.8
1709265600000,13.964,15.516,13.908,14.194,3421931.2
1709280000000,14.195,14.533,14.1,14.345,1135994.2
1709294400000,14.345,14.54,14.047,14.141,950329.3
1709308800000,14.141,14.229,13.939,14.126,658282.8
1709323200000,14.125,14.518,14.041,14.459,578455.7
1709337600000,14.459,14.668,14.22,14.394,1033214.3
1709352000000,14.393,14.525,14.055,14.217,682711.7
1709366400000,14.214,14.284,13.967,14.12,550033.9
1709380800000,14.113,14.408,13.935,14.204,684814.6
1709395200000,14.205,14.523,14.193,14.459,577052.9
1709409600000,14.457,14.649,14.297,14.615,377070.5
1709424000000,14.616,15.29,14.492,15.072,1136977.1
1709438400000,15.072,15.179,12.2,13.868,1959064.6
1709452800000,13.869,14.12,13.627,13.941,1088299.8
1709467200000,13.941,14.747,13.911,14.223,1344024.6
1709481600000,14.224,14.449,14.04,14.432,617216.8
1709496000000,14.431,14.484,14.212,14.29,390837.1
1709510400000,14.291,14.48,14.052,14.11,950146.1
1709524800000,14.11,14.248,13.881,14.134,565715.0
1709539200000,14.134,14.195,13.773,13.957,1182979.1
1709553600000,13.958,14.116,13.532,13.817,814304.7
1709568000000,13.817,14.121,13.437,14.085,940984.7
1709582400000,14.084,14.35,13.932,14.239,626050.1
1709596800000,14.242,14.391,13.663,13.793,580300.6
1709611200000,13.795,14.756,13.789,14.444,1646567.9
1709625600000,14.442,14.917,14.375,14.809,1201067.3
1709640000000,14.81,15.911,14.029,14.232,2773457.7
1709654400000,14.233,14.33,11.235,12.508,2579270.1
1709668800000,12.493,13.2,12.32,13.138,1374130.0
1709683200000,13.138,13.21,12.577,12.832,534484.5
1709697600000,12.832,13.71,12.8,13.706,712684.5
1709712000000,13.706,14.749,13.273,14.062,1325587.3
1709726400000,14.062,14.542,13.67,14.005,2217259.6
1709740800000,14.006,14.89,13.912,14.323,1531007.0
1709755200000,14.323,14.813,14.148,14.782,546385.2
1709769600000,14.783,16.9,14.594,15.262,3004548.3
1709784000000,15.259,15.374,14.448,15.237,1747018.3
1709798400000,15.237,15.332,14.743,14.9,902898.1
1709812800000,14.899,15.221,14.797,15.018,861585.6
1709827200000,15.022,15.375,14.927,15.262,524544.4
1709841600000,15.264,16.23,15.221,16.128,830599.2
1709856000000,16.134,16.4,15.262,15.372,1281736.5
1709870400000,15.37,16.474,15.358,15.835,1078239.8
1709884800000,15.835,15.861,15.452,15.689,672685.4
1709899200000,15.689,16.944,14.95,16.768,2445142.9
1709913600000,16.762,23.8,16.332,22.927,11567868.1
1709928000000,22.923,24.521,22.202,23.307,6572637.6
1709942400000,23.303,26.248,23.272,25.49,6235517.7
1709956800000,25.488,26.325,24.546,26.047,4979456.7
1709971200000,26.044,26.975,23.732,23.905,5996780.8
1709985600000,23.903,23.928,22.536,22.808,5026639.1
1710000000000,22.809,22.896,21.627,22.132,2908754.1
1710014400000,22.131,23.68,22.002,23.303,2103971.8
1710028800000,23.307,23.5,21.903,22.56,2144246.4
1710043200000,22.56,23.265,22.368,22.508,1245701.5
1710057600000,22.509,22.817,21.924,22.287,1228672.3
1710072000000,22.287,22.414,21.051,21.176,1220999.2
1710086400000,21.176,21.984,21.05,21.791,805803.2
1710100800000,21.79,22.261,21.568,22.045,654174.4
1710115200000,22.048,22.715,20.25,22.443,2126760.8
1710129600000,22.443,22.475,21.269,21.707,1089559.0
1710144000000,21.707,21.96,20.896,21.032,930217.2
1710158400000,21.035,21.3,20.582,20.767,757748.1
1710172800000,20.769,20.905,20.476,20.673,566885.9
1710187200000,20.674,21.045,20.64,20.914,287623.4
1710201600000,20.916,21.434,20.712,20.767,666302.5
1710216000000,20.768,21.034,19.848,20.016,682217.7
1710230400000,20.014,20.135,19.53,19.856,631877.1
1710244800000,19.853,20.456,19.663,20.257,764939.7
1710259200000,20.258,21.56,19.2,20.358,2177551.5
1710273600000,20.357,20.438,20.019,20.282,339419.8
1710288000000,20.282,21.095,19.95,20.713,568296.9
1710302400000,20.713,21.002,20.373,20.839,493718.4
1710316800000,20.839,20.898,20.266,20.433,390995.3
1710331200000,20.441,20.584,19.728,20.093,573570.9
1710345600000,20.094,20.33,20.0,20.097,217555.5
1710360000000,20.1,20.499,19.924,20.362,242115.5
1710374400000,20.367,22.857,20.252,21.999,2194792.0
1710388800000,21.996,22.98,21.023,22.194,2099179.9
1710403200000,22.192,22.408,21.266,21.792,1324673.0
1710417600000,21.79,22.304,20.488,22.072,2003658.8
1710432000000,22.062,26.455,21.416,25.334,7456151.6
1710446400000,25.328,27.472,25.226,27.211,3113996.3
1710460800000,27.213,27.378,23.3,25.628,4112022.8
1710475200000,25.629,25.921,23.986,24.646,2152690.4
1710489600000,24.651,24.679,22.08,23.775,2873596.1
1710504000000,23.767,24.225,22.546,22.633,1977181.1
1710518400000,22.636,24.048,22.46,23.403,1204113.6
1710532800000,23.403,23.783,22.869,23.736,600329.4
1710547200000,23.737,23.751,22.786,22.962,494259.2
1710561600000,22.963,23.16,22.24,22.789,586509.3
1710576000000,22.789,23.902,22.457,22.759,946530.1
1710590400000,22.759,22.807,20.86,21.594,1078863.6
1710604800000,21.594,21.599,19.8,20.127,1138539.8
1710619200000,20.124,20.587,19.687,20.163,563656.6
1710633600000,20.163,20.842,19.611,20.773,668193.5
1710648000000,20.773,20.78,19.109,19.725,680383.7
1710662400000,19.721,21.522,19.562,20.807,1048383.4
1710676800000,20.806,24.224,20.52,22.792,2197330.6
1710691200000,22.793,23.772,22.171,22.56,1126237.9
1710705600000,22.559,22.728,21.829,22.049,563271.9
1710720000000,22.05,22.059,21.091,21.255,690242.4
1710734400000,21.261,21.64,20.72,20.909,619019.3
1710748800000,20.91,20.92,20.359,20.492,632311.5
1710763200000,20.491,20.568,19.71,20.044,779495.7
1710777600000,20.044,20.208,19.021,19.07,851174.3
1710792000000,19.07,19.525,19.04,19.326,496968.1
1710806400000,19.325,19.506,17.749,18.139,1012231.1
1710820800000,18.137,18.351,16.726,17.67,991020.0
1710835200000,17.673,17.703,16.807,17.679,937338.2
1710849600000,17.682,18.266,17.533,18.218,744472.2
1710864000000,18.218,18.568,18.068,18.337,567136.7
1710878400000,18.337,18.363,17.064,17.471,603019.1
1710892800000,17.47,17.904,17.16,17.215,531527.2
1710907200000,17.218,17.927,16.4,17.821,720990.4
1710921600000,17.821,17.961,17.465,17.899,398765.2
1710936000000,17.898,18.246,17.461,17.544,594560.7
1710950400000,17.545,18.749,16.806,18.634,833701.2
1710964800000,18.633,19.226,18.548,19.007,452281.1
1710979200000,19.009,19.25,18.784,18.903,405522.0
1710993600000,18.908,19.032,18.214,18.69,467704.9
1711008000000,18.692,19.177,18.568,18.82,361692.4
1711022400000,18.822,19.128,18.452,18.605,415727.2
1711036800000,18.605,19.086,18.112,18.681,512432.1
1711051200000,18.678,19.161,18.416,18.965,297057.5
1711065600000,18.966,19.926,18.561,18.997,1003629.0
1711080000000,18.997,19.314,18.823,19.17,440087.8
1711094400000,19.17,19.242,18.297,18.419,422154.8
1711108800000,18.416,18.621,17.622,18.265,592321.3
1711123200000,18.272,18.391,17.934,18.197,338471.0
1711137600000,18.199,18.31,17.721,18.305,215702.2
1711152000000,18.305,19.004,18.145,18.409,344001.0
1711166400000,18.409,19.051,18.32,18.932,297847.3
1711180800000,18.932,19.716,18.926,19.247,646382.0
1711195200000,19.244,19.441,19.028,19.234,427670.7
1711209600000,19.234,19.562,19.082,19.192,263216.6
1711224000000,19.19,19.255,18.779,18.838,215351.7
1711238400000,18.837,19.08,18.666,18.669,209375.8
1711252800000,18.674,18.759,18.541,18.736,142152.4
1711267200000,18.738,19.208,18.692,18.995,212882.6
1711281600000,18.993,19.623,18.955,19.21,384146.0
1711296000000,19.208,19.74,19.105,19.695,410511.7
1711310400000,19.694,21.476,19.56,20.486,1112364.1
1711324800000,20.491,20.523,20.009,20.173,446702.9
1711339200000,20.172,20.223,19.824,19.872,334979.4
1711353600000,19.871,20.31,19.869,20.059,274972.9
1711368000000,20.059,20.667,19.921,20.511,478539.5
1711382400000,20.509,20.632,20.249,20.507,332962.1
1711396800000,20.507,20.537,20.16,20.344,213052.8
1711411200000,20.344,21.92,20.255,21.435,560145.5
1711425600000,21.439,22.013,21.038,21.372,680270.4
1711440000000,21.372,21.664,21.169,21.268,277528.1
1711454400000,21.267,21.437,20.283,20.547,576614.2
1711468800000,20.553,20.756,20.151,20.389,387768.1
1711483200000,20.388,20.76,20.359,20.544,153756.4
1711497600000,20.545,21.08,20.438,20.606,248730.4
1711512000000,20.605,20.99,20.433,20.662,296832.9
1711526400000,20.667,21.626,19.805,20.748,1227104.4
1711540800000,20.748,21.146,19.809,19.823,582962.1
1711555200000,19.824,19.982,19.557,19.83,309877.0
1711569600000,19.82,20.006,19.699,19.763,126270.7
1711584000000,19.761,19.977,18.935,19.173,388026.8
1711598400000,19.171,19.637,19.077,19.598,273907.9
1711612800000,19.595,19.651,19.251,19.374,305887.5
1711627200000,19.373,19.593,19.066,19.433,352896.5
1711641600000,19.433,19.607,19.238,19.473,163192.3
1711656000000,19.473,19.489,19.225,19.367,140456.1
1711670400000,19.365,19.402,18.963,19.305,250890.4
1711684800000,19.306,19.44,18.576,18.696,268876.6
1711699200000,18.695,19.203,18.673,19.124,210263.9
1711713600000,19.121,19.22,18.605,18.798,272967.1
1711728000000,18.802,19.093,18.687,18.798,211510.9
1711742400000,18.796,18.922,18.526,18.827,157848.8
1711756800000,18.826,18.976,18.681,18.803,135955.8
1711771200000,18.805,19.05,18.51,18.662,203364.9
1711785600000,18.666,18.76,18.48,18.719,204369.7
1711800000000,18.719,18.75,18.512,18.602,132622.9
1711814400000,18.602,18.853,18.509,18.685,133402.3
1711828800000,18.68,18.742,18.363,18.567,149251.4
1711843200000,18.571,18.767,18.48,18.566,136652.8
1711857600000,18.567,18.95,18.543,18.822,118254.2
1711872000000,18.823,18.888,18.634,18.726,94422.9
1711886400000,18.726,18.775,18.569,18.639,123394.8
1711900800000,18.64,18.839,18.63,18.815,121687.5
1711915200000,18.816,18.87,18.529,18.761,135327.7
1711929600000,18.76,18.876,18.634,18.817,160053.7
1711944000000,18.808,19.025,17.5,18.208,626505.9
1711958400000,18.211,18.267,17.829,17.866,232880.5
1711972800000,17.866,18.187,17.26,17.402,351098.6
1711987200000,17.404,17.731,17.215,17.716,267488.9
1712001600000,17.72,18.046,17.643,18.018,129011.7
1712016000000,18.019,18.052,16.692,17.025,529973.0
1712030400000,17.028,17.237,16.813,17.046,197724.8
1712044800000,17.046,17.103,16.248,16.514,510310.9
1712059200000,16.512,17.089,16.342,16.512,519839.9
1712073600000,16.514,16.792,16.21,16.673,411376.5
1712088000000,16.672,16.79,16.482,16.566,162252.0
1712102400000,16.568,16.788,15.828,16.691,382662.5
1712116800000,16.693,17.01,16.628,16.898,154016.0
1712131200000,16.898,17.259,16.809,16.868,199357.1
1712145600000,16.869,17.045,16.403,16.617,380097.2
1712160000000,16.616,16.858,16.26,16.339,190826.7
1712174400000,16.338,16.451,15.921,16.339,151156.8
1712188800000,16.34,16.571,15.992,16.129,186354.6
1712203200000,16.129,16.503,15.905,16.436,166406.8
1712217600000,16.438,16.698,16.404,16.603,139481.3
1712232000000,16.603,16.961,16.554,16.852,181252.8
1712246400000,16.854,17.236,16.797,16.944,182457.8
1712260800000,16.946,16.965,16.557,16.779,138618.2
1712275200000,16.784,16.789,16.259,16.626,174801.3
1712289600000,16.622,16.638,16.032,16.151,166192.2
1712304000000,16.152,16.403,15.637,15.673,299489.5
1712318400000,15.673,16.331,15.5,16.182,402516.8
1712332800000,16.181,16.469,16.089,16.328,155399.3
1712347200000,16.327,16.497,16.25,16.261,67094.5
1712361600000,16.261,16.662,16.18,16.597,176218.0
1712376000000,16.598,16.848,16.479,16.785,152318.2
1712390400000,16.789,16.978,16.731,16.849,177907.1
1712404800000,16.852,16.89,16.612,16.772,158625.7
1712419200000,16.774,17.276,16.759,16.939,413588.3
1712433600000,16.945,17.389,16.939,17.138,190352.8
1712448000000,17.139,17.221,16.962,17.039,220011.8
1712462400000,17.037,17.138,16.935,17.071,136189.2
1712476800000,17.07,17.256,17.024,17.235,122893.9
1712491200000,17.235,17.345,17.106,17.148,161248.4
1712505600000,17.15,17.391,16.936,16.977,160529.2
1712520000000,16.976,17.135,16.782,17.096,129349.2
1712534400000,17.094,17.178,16.678,16.786,162413.4
1712548800000,16.781,17.432,16.749,17.309,158241.0
1712563200000,17.319,17.767,17.29,17.766,248962.4
1712577600000,17.767,17.8,17.308,17.532,253004.5
1712592000000,17.531,17.843,17.504,17.668,136363.5
1712606400000,17.671,17.865,17.594,17.743,79025.4
1712620800000,17.742,17.763,17.317,17.396,205701.6
1712635200000,17.396,17.648,17.011,17.086,295866.0
1712649600000,17.084,17.3,16.774,17.198,224927.8
1712664000000,17.199,17.241,16.277,16.458,326584.6
1712678400000,16.458,16.534,16.198,16.365,160041.0
1712692800000,16.364,16.449,16.079,16.158,126755.6
1712707200000,16.154,16.264,15.582,15.792,313888.9
1712721600000,15.793,16.001,15.694,15.812,148172.1
1712736000000,15.812,15.841,15.435,15.542,223142.6
1712750400000,15.543,15.566,14.85,15.416,455233.5
1712764800000,15.412,15.708,15.271,15.527,242228.9
1712779200000,15.529,15.819,15.463,15.665,150272.6
1712793600000,15.665,15.702,15.507,15.603,114393.2
1712808000000,15.602,16.128,15.482,15.982,253132.3
1712822400000,15.983,16.182,15.388,15.426,278889.7
1712836800000,15.432,15.713,15.311,15.523,278538.9
1712851200000,15.523,15.624,15.288,15.462,150226.9
1712865600000,15.469,15.58,15.309,15.425,83848.6
1712880000000,15.424,15.78,15.39,15.74,121945.5
1712894400000,15.737,15.804,15.468,15.539,103031.0
1712908800000,15.538,15.631,15.39,15.568,123178.3
1712923200000,15.563,15.647,14.717,14.801,434160.9
1712937600000,14.8,14.86,10.465,11.814,2536939.1
1712952000000,11.816,12.458,11.791,12.274,684427.0
1712966400000,12.272,12.291,11.634,12.158,551573.8
1712980800000,12.159,12.6,12.077,12.442,320715.0
1712995200000,12.441,12.643,12.299,12.424,257354.3
1713009600000,12.425,12.684,12.336,12.382,424544.1
1713024000000,12.383,12.441,10.182,10.681,1564399.0
1713038400000,10.685,11.133,9.1,10.949,2833146.3
1713052800000,10.945,10.996,10.498,10.879,584196.3
1713067200000,10.878,11.799,10.803,11.79,472338.9
1713081600000,11.79,11.867,11.285,11.356,389189.2
1713096000000,11.353,11.643,11.054,11.299,644311.8
1713110400000,11.298,11.778,10.9,11.561,839044.9
1713124800000,11.56,12.26,11.214,12.078,490418.9
1713139200000,12.078,12.106,11.701,11.851,327952.3
1713153600000,11.852,13.335,11.677,13.178,588920.4
1713168000000,13.178,13.31,12.815,13.063,654339.8
1713182400000,13.061,13.18,12.214,12.443,635602.5
1713196800000,12.442,12.531,11.318,11.904,748824.5
1713211200000,11.905,12.091,11.535,11.94,356799.6
1713225600000,11.941,12.5,11.633,11.783,709900.3
1713240000000,11.785,12.116,11.392,12.093,466465.0
1713254400000,12.093,12.648,11.874,12.613,647838.0
1713268800000,12.613,12.613,11.892,11.938,579104.8
1713283200000,11.937,12.202,11.573,11.773,682063.1
1713297600000,11.771,12.375,11.753,12.038,293077.2
1713312000000,12.035,12.18,11.71,11.907,408050.0
1713326400000,11.906,12.231,11.629,11.81,336621.8
1713340800000,11.805,11.976,11.554,11.589,343170.4
1713355200000,11.59,11.678,11.028,11.094,678015.7
1713369600000,11.096,12.072,10.952,11.763,591860.5
1713384000000,11.769,11.95,11.589,11.648,299438.1
1713398400000,11.648,11.962,11.339,11.807,383908.5
1713412800000,11.806,11.916,11.31,11.373,285118.4
1713427200000,11.374,11.79,11.249,11.577,342598.1
1713441600000,11.576,12.007,11.307,11.971,414213.8
1713456000000,11.971,14.193,11.969,13.89,4716535.1
1713470400000,13.889,14.137,13.288,13.343,2416014.0
1713484800000,13.343,13.343,11.972,12.454,1713421.9
1713499200000,12.453,13.31,12.405,13.01,1012962.9
1713513600000,13.01,13.262,12.822,12.839,693071.6
1713528000000,12.84,13.147,12.734,13.08,730932.5
1713542400000,13.077,13.531,12.955,13.117,798579.4
1713556800000,13.116,13.123,12.638,12.965,459646.9
1713571200000,12.965,13.591,12.814,13.09,532116.1
1713585600000,13.088,13.318,13.023,13.154,341041.5
1713600000000,13.155,13.306,12.998,13.023,312220.7
1713614400000,13.023,13.625,12.939,13.608,352869.5
1713628800000,13.607,14.441,13.489,14.408,518358.2
1713643200000,14.409,16.2,14.239,16.046,1474985.2
1713657600000,16.045,16.155,15.264,15.377,1589812.8
1713672000000,15.373,15.523,15.163,15.39,606942.6
1713686400000,15.389,15.492,15.059,15.278,553356.7
1713700800000,15.278,15.573,15.033,15.109,695380.0
1713715200000,15.108,15.328,14.739,15.153,804506.6
1713729600000,15.152,15.333,15.085,15.231,381834.4
1713744000000,15.229,15.598,15.042,15.232,548431.0
1713758400000,15.233,15.499,15.03,15.269,466772.7
1713772800000,15.274,15.8,15.118,15.516,591571.6
1713787200000,15.517,15.705,15.018,15.119,394048.4
1713801600000,15.118,15.392,14.924,15.35,363653.4
1713816000000,15.351,15.735,15.333,15.63,301169.4
1713830400000,15.63,16.648,15.243,15.248,998227.5
1713844800000,15.252,15.519,15.139,15.236,371711.4
1713859200000,15.239,15.937,15.197,15.519,539886.0
1713873600000,15.518,15.65,15.317,15.385,455186.2
1713888000000,15.385,15.882,15.21,15.848,405150.8
1713902400000,15.848,15.855,15.193,15.226,318299.2
1713916800000,15.226,15.506,15.223,15.3,208712.6
1713931200000,15.3,15.58,15.257,15.307,230531.4
1713945600000,15.307,15.381,15.065,15.232,290825.2
1713960000000,15.235,15.282,14.408,14.424,597057.6
1713974400000,14.422,14.575,14.162,14.439,347590.1
1713988800000,14.44,14.507,13.975,14.163,248964.5
1714003200000,14.162,14.426,13.962,14.033,258223.0
1714017600000,14.034,14.442,13.82,14.192,231792.0
1714032000000,14.195,14.666,14.051,14.518,371355.9
1714046400000,14.519,15.633,14.355,15.39,932774.6
1714060800000,15.389,15.429,14.848,14.993,429184.0
1714075200000,14.994,15.21,14.869,14.876,217731.8
1714089600000,14.877,15.021,14.555,14.717,304155.9
1714104000000,14.718,14.931,14.479,14.585,258822.7
1714118400000,14.578,14.72,14.432,14.562,182700.4
1714132800000,14.561,14.749,14.256,14.46,311668.5
1714147200000,14.465,14.533,14.268,14.335,168052.7
1714161600000,14.336,14.404,13.888,14.036,185041.2
1714176000000,14.037,14.221,13.365,13.808,467994.9
1714190400000,13.806,14.263,13.796,13.959,197600.8
1714204800000,13.956,14.095,13.683,13.801,184807.8
1714219200000,13.8,14.081,13.744,13.935,177912.9
1714233600000,13.935,14.374,13.77,14.069,275286.6
1714248000000,14.071,14.108,13.838,13.955,119125.9
1714262400000,13.959,14.568,13.903,14.435,203981.1
1714276800000,14.439,14.548,14.131,14.213,173810.2
1714291200000,14.214,14.243,13.82,13.869,167302.7
1714305600000,13.866,14.093,13.809,13.936,151054.4
1714320000000,13.93,14.061,13.804,13.832,162189.3
1714334400000,13.829,13.871,13.402,13.477,210853.2
1714348800000,13.481,13.624,13.209,13.231,221506.6
1714363200000,13.23,13.422,13.012,13.148,206492.5
1714377600000,13.143,13.265,13.019,13.096,166260.1
1714392000000,13.088,13.187,12.862,13.102,312069.3
1714406400000,13.104,13.174,12.906,13.061,171808.3
1714420800000,13.06,13.528,12.915,13.358,197736.9
1714435200000,13.359,13.529,13.041,13.241,223947.5
1714449600000,13.242,13.364,13.1,13.176,146166.2
1714464000000,13.177,13.249,12.475,12.536,327023.1
1714478400000,12.535,12.658,12.272,12.413,481480.7
1714492800000,12.417,12.423,12.069,12.19,412313.4
1714507200000,12.194,12.556,12.194,12.365,211673.1
1714521600000,12.366,12.432,12.132,12.353,227131.3
1714536000000,12.353,12.424,11.711,11.848,317615.3
1714550400000,11.853,12.02,11.548,12.013,280727.8
1714564800000,12.014,12.213,11.847,12.003,208289.2
1714579200000,12.0,12.702,11.902,12.21,419144.7
1714593600000,12.213,12.448,12.104,12.391,222521.1
1714608000000,12.393,12.417,11.963,12.202,197395.9
1714622400000,12.202,12.308,12.085,12.149,139640.1
1714636800000,12.15,12.569,12.122,12.52,217731.2
1714651200000,12.522,12.731,12.34,12.655,249390.3
1714665600000,12.654,12.806,12.516,12.684,184539.6
1714680000000,12.683,12.842,12.534,12.635,131549.6
1714694400000,12.633,12.923,12.531,12.81,181890.7
1714708800000,12.808,12.933,12.608,12.648,161744.4
1714723200000,12.646,12.746,12.515,12.625,136229.1
1714737600000,12.622,13.477,12.585,13.412,329565.5
1714752000000,13.41,14.152,13.351,13.619,754500.5
1714766400000,13.618,13.856,13.526,13.551,229768.1
1714780800000,13.549,13.708,13.429,13.625,196528.3
1714795200000,13.626,13.739,13.396,13.405,183272.1
1714809600000,13.403,13.861,13.399,13.657,221582.7
1714824000000,13.655,13.768,13.486,13.641,187908.5
1714838400000,13.641,13.809,13.543,13.802,180463.5
1714852800000,13.803,13.858,13.64,13.653,136531.6
1714867200000,13.652,13.692,13.26,13.47,230862.5
1714881600000,13.473,14.008,13.362,13.822,470340.4
1714896000000,13.828,15.461,13.62,14.747,3652832.5
1714910400000,14.746,15.081,14.223,14.845,2203289.5
1714924800000,14.849,15.367,14.703,15.039,1000416.7
1714939200000,15.037,15.134,14.708,15.044,488934.8
1714953600000,15.044,15.409,15.008,15.078,599542.4
1714968000000,15.078,15.898,14.746,15.786,947509.4
1714982400000,15.786,16.658,15.508,15.876,1700985.3
1714996800000,15.877,15.992,15.041,15.533,1031958.1
1715011200000,15.536,16.198,15.275,15.355,1069357.0
1715025600000,15.356,15.598,15.244,15.282,308774.9
1715040000000,15.282,15.932,15.248,15.39,988326.9
1715054400000,15.39,15.738,15.192,15.65,513859.4
1715068800000,15.651,16.588,15.586,16.182,1204860.6
1715083200000,16.183,16.643,15.744,16.219,1553213.2
1715097600000,16.216,16.366,15.956,15.984,492059.3
1715112000000,15.98,16.046,15.592,15.674,406726.3
1715126400000,15.674,15.873,15.457,15.617,488216.5
1715140800000,15.617,15.646,15.059,15.186,508534.0
1715155200000,15.185,15.783,15.176,15.297,714103.3
1715169600000,15.301,15.694,14.658,14.704,911935.8
1715184000000,14.707,14.712,14.068,14.167,1062129.4
1715198400000,14.17,14.242,13.837,13.976,628714.7
1715212800000,13.976,15.341,13.943,15.05,1279583.1
1715227200000,15.05,15.952,14.845,15.593,1082910.6
1715241600000,15.593,15.698,14.92,15.492,831328.6
1715256000000,15.492,16.489,15.367,16.295,1203339.7
1715270400000,16.299,17.084,15.868,16.51,2037875.6
1715284800000,16.509,17.325,16.22,17.108,1787237.6
1715299200000,17.108,18.245,16.936,18.093,3069514.0
1715313600000,18.092,19.991,17.621,17.75,8659637.8
1715328000000,17.75,18.42,17.473,18.06,2992334.2
1715342400000,18.057,18.18,17.044,17.327,2405426.1
1715356800000,17.325,17.521,16.8,17.092,1407730.3
1715371200000,17.091,17.138,16.753,16.871,659961.1
1715385600000,16.875,17.271,16.728,16.973,1029280.1
1715400000000,16.973,17.599,16.812,17.553,1140586.5
1715414400000,17.551,17.7,16.84,16.922,966371.6
1715428800000,16.925,17.766,16.909,17.251,1319056.7
1715443200000,17.251,18.858,17.12,17.626,2862156.8
1715457600000,17.627,18.246,17.604,17.793,867102.2
1715472000000,17.793,18.6,17.786,18.137,1525011.9
1715486400000,18.139,18.244,17.761,17.914,1197182.3
1715500800000,17.915,18.216,17.565,18.038,1195705.7
1715515200000,18.033,18.291,17.926,17.94,878778.2
1715529600000,17.938,18.317,17.66,17.912,684761.2
1715544000000,17.911,18.191,17.724,17.92,503090.6
1715558400000,17.924,18.141,16.664,16.778,1467418.5
1715572800000,16.775,17.675,16.653,17.629,1162829.3
1715587200000,17.632,17.996,16.742,16.802,1037110.7
1715601600000,16.803,17.231,16.637,17.083,857263.3
1715616000000,17.084,18.062,17.083,17.335,1163845.0
1715630400000,17.334,18.047,17.27,17.84,578426.0
1715644800000,17.835,18.183,17.021,17.082,754332.5
1715659200000,17.082,18.03,17.018,17.868,1223278.9
1715673600000,17.866,17.995,17.337,17.387,800206.3
1715688000000,17.384,17.573,16.111,16.19,1249914.6
1715702400000,16.19,17.068,15.962,16.73,966634.8
1715716800000,16.73,17.318,16.663,17.296,667989.9
1715731200000,17.296,17.417,16.939,17.256,688968.3
1715745600000,17.256,17.872,17.041,17.743,734985.2
1715760000000,17.748,18.457,17.422,17.977,1150794.8
1715774400000,17.977,20.968,17.866,20.633,4732401.5
1715788800000,20.633,20.853,19.721,20.419,2302936.6
1715803200000,20.419,20.568,19.858,20.368,927234.5
1715817600000,20.36,20.575,19.701,19.962,919627.5
1715832000000,19.962,20.49,19.948,20.27,596093.2
1715846400000,20.265,20.631,19.985,20.225,905756.4
1715860800000,20.225,20.547,19.112,19.191,1407670.1
1715875200000,19.193,20.037,19.122,19.636,604969.1
1715889600000,19.634,19.745,19.471,19.527,277859.3
1715904000000,19.528,19.895,19.182,19.188,500944.7
1715918400000,19.189,19.496,19.088,19.215,409336.2
1715932800000,19.217,19.357,18.709,19.001,578147.4
1715947200000,19.005,19.995,19.001,19.314,1120673.0
1715961600000,19.311,19.516,18.984,19.425,498678.8
1715976000000,19.427,19.692,19.278,19.425,295751.7
1715990400000,19.426,19.845,19.132,19.249,458757.2
1716004800000,19.249,19.654,18.956,19.034,361396.6
1716019200000,19.031,19.359,18.901,19.163,280262.1
1716033600000,19.163,19.429,18.819,18.956,434749.7
1716048000000,18.957,19.46,18.879,18.937,347193.1
1716062400000,18.931,19.015,18.795,18.909,159193.5
1716076800000,18.908,19.344,18.86,18.918,407814.7
1716091200000,18.918,19.14,18.8,18.896,238339.0
1716105600000,18.898,19.328,18.829,19.212,521205.5
1716120000000,19.213,19.574,18.909,19.546,770823.0
1716134400000,19.551,19.754,18.341,18.735,1269178.3
1716148800000,18.732,19.3,18.482,18.812,641563.9
1716163200000,18.812,19.756,18.735,19.48,1068570.3
1716177600000,19.483,20.358,19.426,20.211,1259667.9
1716192000000,20.213,20.631,19.965,20.464,1009841.8
1716206400000,20.464,20.883,20.047,20.722,1026942.5
1716220800000,20.728,21.498,20.489,21.08,1183037.5
1716235200000,21.083,21.334,20.642,20.857,807342.6
1716249600000,20.856,21.347,20.463,20.496,695808.3
1716264000000,20.493,21.918,20.454,21.486,1043083.4
1716278400000,21.484,22.449,20.925,21.053,807731.0
1716292800000,21.054,21.647,20.736,21.111,973106.3
1716307200000,21.111,21.432,20.985,21.056,316831.8
1716321600000,21.055,21.192,20.636,20.693,234274.4
1716336000000,20.692,22.1,20.668,22.04,654079.6
1716350400000,22.042,22.25,21.205,21.369,652978.0
1716364800000,21.371,22.853,21.277,21.802,760711.1
1716379200000,21.798,23.975,21.465,23.813,1550505.0
1716393600000,23.812,25.961,23.812,24.502,3514485.7
1716408000000,24.505,24.752,23.382,23.572,1122089.7
1716422400000,23.571,24.36,23.415,23.609,923090.8
1716436800000,23.604,23.81,23.147,23.221,541185.5
1716451200000,23.221,23.32,22.768,22.841,509871.5
1716465600000,22.842,23.009,21.287,21.928,1163110.1
1716480000000,21.932,22.939,21.903,22.499,803859.1
1716494400000,22.501,23.424,21.3,22.909,906006.4
1716508800000,22.907,23.196,22.268,22.317,380362.0
1716523200000,22.315,22.673,22.126,22.264,403576.1
1716537600000,22.263,22.766,21.841,21.858,461200.1
1716552000000,21.858,22.572,21.728,21.928,535877.2
1716566400000,21.928,22.478,21.884,22.112,384496.7
1716580800000,22.114,22.776,22.007,22.469,318824.8
1716595200000,22.469,23.622,22.097,23.506,561548.8
1716609600000,23.51,23.676,22.901,22.942,432114.3
1716624000000,22.942,22.975,22.61,22.694,256725.7
1716638400000,22.695,22.752,22.233,22.466,336272.1
1716652800000,22.466,22.572,22.218,22.422,131557.5
1716667200000,22.422,22.553,22.237,22.451,123529.1
1716681600000,22.451,23.487,22.426,22.727,557570.3
1716696000000,22.73,23.558,22.493,22.82,460791.9
1716710400000,22.821,23.286,22.753,23.047,348539.3
1716724800000,23.044,23.346,22.487,22.552,405373.8
1716739200000,22.555,22.926,22.301,22.813,356095.8
1716753600000,22.815,23.073,22.757,22.804,188187.3
1716768000000,22.805,23.132,22.462,22.509,243830.7
1716782400000,22.507,22.558,21.008,21.201,735740.3
1716796800000,21.202,21.429,20.882,21.264,633112.3
1716811200000,21.268,21.715,21.002,21.586,560576.8
1716825600000,21.587,21.672,20.931,20.982,444365.8
1716840000000,20.979,21.435,20.915,21.304,267695.0
1716854400000,21.301,21.492,20.497,20.693,590841.7
1716868800000,20.7,21.528,20.368,21.393,396645.5
1716883200000,21.393,21.559,21.232,21.304,304470.3
1716897600000,21.304,23.009,21.213,22.159,1080387.2
1716912000000,22.163,22.459,21.478,21.824,450806.5
1716926400000,21.823,21.856,21.385,21.75,201454.9
1716940800000,21.747,22.4,21.384,22.36,478710.0
1716955200000,22.363,22.708,22.053,22.431,448783.6
1716969600000,22.432,22.516,21.389,21.433,471964.8
1716984000000,21.434,21.571,21.098,21.124,343269.9
1716998400000,21.123,21.459,21.008,21.117,245049.6
1717012800000,21.117,21.295,20.914,21.064,230601.1
1717027200000,21.064,21.323,20.882,21.227,270565.8
1717041600000,21.23,21.404,20.156,20.235,358517.4
1717056000000,20.235,20.9,19.848,20.784,378438.7
1717070400000,20.784,22.181,20.728,21.617,634190.4
1717084800000,21.619,21.89,21.443,21.525,226797.8
1717099200000,21.527,21.544,21.241,21.249,173994.2
1717113600000,21.25,21.318,20.879,21.161,189837.9
1717128000000,21.161,21.854,20.81,21.835,295792.8
1717142400000,21.835,22.651,21.686,22.597,600096.8
1717156800000,22.599,23.162,22.42,22.506,739777.9
1717171200000,22.504,23.034,22.242,22.844,476461.4
1717185600000,22.845,23.099,22.752,22.766,202950.4
1717200000000,22.766,22.951,22.637,22.769,171930.7
1717214400000,22.769,23.105,22.696,22.97,194170.9
1717228800000,22.966,23.425,22.944,23.211,318226.2
1717243200000,23.207,23.46,22.978,23.339,238532.7
1717257600000,23.334,23.6,23.109,23.457,217768.8
1717272000000,23.455,23.544,23.052,23.057,138558.1
1717286400000,23.055,23.828,22.924,23.125,382996.2
1717300800000,23.129,23.293,22.42,22.545,226492.4
1717315200000,22.544,22.837,22.223,22.472,247591.4
1717329600000,22.474,22.693,22.01,22.016,232186.6
1717344000000,22.018,22.044,21.434,21.66,334621.3
1717358400000,21.664,21.756,21.431,21.488,128515.6
1717372800000,21.488,21.69,21.114,21.391,299612.0
1717387200000,21.393,21.852,21.133,21.754,301464.0
1717401600000,21.756,22.332,21.435,21.598,442168.4
1717416000000,21.596,21.697,21.0,21.338,350395.9
1717430400000,21.344,21.36,20.9,21.03,171061.7
1717444800000,21.033,21.21,20.839,21.033,138273.6
1717459200000,21.034,22.133,21.006,21.297,379433.6
1717473600000,21.296,21.583,21.08,21.505,189085.6
1717488000000,21.505,21.926,21.448,21.694,209637.6
1717502400000,21.695,22.097,21.577,21.962,205999.4
1717516800000,21.963,22.28,21.596,21.643,200375.7
1717531200000,21.647,21.799,21.541,21.568,97816.6
1717545600000,21.569,21.845,21.101,21.386,236806.8
1717560000000,21.39,22.114,21.243,21.727,296770.5
1717574400000,21.727,21.861,21.416,21.446,155192.1
1717588800000,21.444,21.784,21.195,21.622,248547.7
1717603200000,21.62,21.739,21.338,21.478,120644.3
1717617600000,21.481,21.502,21.257,21.406,93475.9
1717632000000,21.407,22.661,21.35,22.172,513331.3
1717646400000,22.167,23.52,22.019,23.381,1007925.9
1717660800000,23.381,24.283,23.319,23.992,1125226.1
1717675200000,23.993,24.985,23.39,24.623,1440652.8
1717689600000,24.62,25.114,23.726,23.881,1261249.1
1717704000000,23.883,24.375,23.61,24.005,670407.1
1717718400000,24.003,24.239,23.706,24.083,496665.4
1717732800000,24.087,24.599,23.785,24.178,530145.5
1717747200000,24.18,24.266,23.444,23.538,478175.3
1717761600000,23.538,24.45,23.071,24.173,712228.1
1717776000000,24.173,24.179,20.231,22.052,1296092.3
1717790400000,22.049,23.471,21.98,23.351,532194.9
1717804800000,23.345,24.102,22.826,23.923,612613.7
1717819200000,23.922,24.006,23.427,23.86,389876.4
1717833600000,23.857,24.139,23.131,23.245,453712.7
1717848000000,23.254,23.58,21.868,23.241,1052719.0
1717862400000,23.245,23.411,22.318,23.221,515911.8
1717876800000,23.221,23.374,22.787,22.941,244709.6
1717891200000,22.941,23.897,22.185,22.621,693885.7
1717905600000,22.619,23.218,22.493,22.593,536036.4
1717920000000,22.588,23.117,22.315,22.506,439336.4
1717934400000,22.506,22.65,22.156,22.172,415044.8
1717948800000,22.169,22.246,21.759,21.838,390964.5
1717963200000,21.838,22.27,21.68,22.171,275021.9
1717977600000,22.171,23.904,22.124,23.542,1028557.0
1717992000000,23.543,23.637,21.5,21.502,793575.1
1718006400000,21.504,21.747,20.889,21.59,980929.7
1718020800000,21.594,22.117,20.904,21.862,905044.1
1718035200000,21.862,23.486,21.709,23.268,1090371.7
1718049600000,23.271,23.319,22.596,22.891,674834.7
1718064000000,22.893,23.382,22.073,22.408,929206.6
1718078400000,22.398,22.739,21.045,21.131,709551.3
1718092800000,21.13,22.336,20.932,21.891,1033798.0
1718107200000,21.893,21.976,20.007,20.147,977692.1
1718121600000,20.147,20.446,19.668,20.17,582913.9
1718136000000,20.168,20.768,19.765,20.117,447512.7
1718150400000,20.118,20.4,18.719,20.282,792997.9
1718164800000,20.279,21.136,20.148,21.059,541219.5
1718179200000,21.065,21.88,20.9,21.772,749832.9
1718193600000,21.765,25.482,21.647,25.012,2587556.4
1718208000000,25.023,26.35,24.002,24.057,3075514.0
1718222400000,24.055,25.382,23.647,25.009,1496523.6
1718236800000,25.012,25.072,23.609,23.681,1324937.4
1718251200000,23.681,24.7,23.591,24.58,980434.8
1718265600000,24.574,24.913,23.92,24.175,1260588.2
1718280000000,24.176,25.05,23.542,23.683,1879119.3
1718294400000,23.682,24.317,23.589,23.774,692403.0
1718308800000,23.775,24.003,23.411,23.796,436203.1
1718323200000,23.798,24.006,22.908,23.628,839279.1
1718337600000,23.628,24.142,23.293,24.043,699740.9
1718352000000,24.044,24.131,23.5,23.961,595226.0
1718366400000,23.965,24.822,22.961,23.102,1280822.5
1718380800000,23.1,23.395,22.004,22.225,1350193.4
1718395200000,22.228,23.73,22.158,23.574,711965.1
1718409600000,23.576,23.942,22.931,23.294,639700.4
1718424000000,23.297,23.4,22.025,22.031,503314.5
1718438400000,22.03,22.999,21.645,22.925,849586.5
1718452800000,22.925,22.944,22.01,22.243,560864.1
1718467200000,22.244,22.424,21.803,21.898,369080.0
1718481600000,21.898,22.203,21.62,21.951,404570.3
1718496000000,21.952,22.199,21.608,21.84,418665.8
1718510400000,21.844,22.342,21.458,22.198,529619.2
1718524800000,22.199,22.32,21.639,22.16,490773.8
1718539200000,22.159,22.38,21.722,22.328,423401.7
1718553600000,22.326,23.44,21.955,22.989,1222270.3
1718568000000,22.992,23.024,21.847,22.005,630520.1
1718582400000,22.006,22.007,20.825,20.995,763406.9
1718596800000,20.995,21.179,20.638,20.75,565867.6
1718611200000,20.748,21.138,20.496,20.897,466019.6
1718625600000,20.898,20.91,20.142,20.217,404561.8
1718640000000,20.21,20.864,19.804,20.627,565285.5
1718654400000,20.629,20.654,20.1,20.341,248489.1
1718668800000,20.341,20.37,16.0,18.492,1708435.4
1718683200000,18.492,18.881,18.154,18.475,399603.5
1718697600000,18.474,18.83,18.085,18.493,388405.7
1718712000000,18.495,18.654,17.703,18.148,671061.9
1718726400000,18.154,18.187,17.622,17.9,363109.6
1718740800000,17.899,18.523,17.709,18.27,341060.3
1718755200000,18.271,19.225,17.88,18.682,720324.6
1718769600000,18.685,19.294,18.645,18.791,380871.3
1718784000000,18.794,18.846,18.102,18.248,367351.2
1718798400000,18.248,18.593,17.882,18.122,369198.8
1718812800000,18.122,19.014,17.98,18.481,379155.8
1718827200000,18.482,19.0,18.378,18.768,251398.9
1718841600000,18.769,19.194,18.396,18.657,390719.2
1718856000000,18.659,19.908,18.43,19.885,533268.6
1718870400000,19.889,20.154,19.416,20.032,464926.3
1718884800000,20.032,20.199,18.555,18.687,594363.2
1718899200000,18.701,19.208,18.328,19.071,373755.7
1718913600000,19.073,19.159,18.718,18.835,137674.6
1718928000000,18.834,19.22,18.459,18.657,270820.7
1718942400000,18.659,18.826,18.082,18.14,227189.9
1718956800000,18.137,18.53,17.8,18.348,320335.0
1718971200000,18.346,18.479,17.786,18.002,448971.7
1718985600000,18.002,18.199,17.508,17.955,409633.7
1719000000000,17.954,18.155,17.821,17.917,124626.2
1719014400000,17.92,18.083,17.498,17.96,208698.5
1719028800000,17.956,18.029,17.713,17.79,112354.6
1719043200000,17.797,17.993,17.628,17.86,147930.6
1719057600000,17.86,18.05,17.629,17.981,165415.8
1719072000000,17.984,18.021,17.46,17.586,175500.1
1719086400000,17.585,17.716,17.346,17.484,137940.5
1719100800000,17.487,17.939,17.444,17.863,200400.4
1719115200000,17.861,17.878,17.584,17.717,124778.2
1719129600000,17.713,17.804,17.132,17.46,327693.5
1719144000000,17.46,17.495,16.889,16.97,267640.4
1719158400000,16.968,17.052,16.776,16.926,175979.6
1719172800000,16.928,16.964,16.454,16.637,186889.5
1719187200000,16.638,16.856,16.291,16.366,274796.8
1719201600000,16.359,16.434,15.689,15.79,443617.1
1719216000000,15.79,16.148,14.864,15.907,687337.7
1719230400000,15.902,16.323,15.884,16.008,302131.4
1719244800000,16.007,16.338,15.78,15.914,290368.5
1719259200000,15.917,16.594,15.585,16.497,303404.1
1719273600000,16.497,17.075,16.28,16.866,335353.8
1719288000000,16.867,17.007,16.517,16.54,228727.2
1719302400000,16.541,16.99,16.4,16.828,254368.0
1719316800000,16.822,17.216,16.739,17.208,298045.4
1719331200000,17.21,17.654,17.047,17.517,350963.2
1719345600000,17.521,17.528,17.198,17.338,147213.6
1719360000000,17.338,17.789,17.209,17.388,275731.9
1719374400000,17.388,17.435,17.094,17.23,182495.9
1719388800000,17.233,17.274,16.971,17.09,173123.0
1719403200000,17.089,17.466,16.837,16.926,252860.2
1719417600000,16.926,16.963,16.379,16.884,296883.3
1719432000000,16.883,16.975,16.519,16.56,118913.7
1719446400000,16.562,16.583,16.296,16.386,199858.4
1719460800000,16.39,16.41,16.112,16.214,166521.7
1719475200000,16.214,16.677,16.178,16.606,179692.6
1719489600000,16.605,17.349,16.585,16.744,350961.1
1719504000000,16.745,16.869,16.644,16.689,119566.0
1719518400000,16.689,16.885,16.675,16.884,113730.7
1719532800000,16.883,17.155,16.612,16.804,213813.0
1719547200000,16.802,16.92,16.568,16.882,166982.3
1719561600000,16.882,17.18,16.727,17.034,166130.1
1719576000000,17.034,17.355,16.65,16.849,249802.9
1719590400000,16.85,16.945,16.42,16.62,199604.9
1719604800000,16.619,16.727,16.326,16.37,102560.7
1719619200000,16.366,16.78,16.274,16.541,126937.3
1719633600000,16.542,16.734,16.444,16.58,174134.5
1719648000000,16.58,16.594,16.354,16.486,110983.5
1719662400000,16.486,16.496,15.988,16.07,191702.3
1719676800000,16.069,16.075,15.6,15.685,184793.9
1719691200000,15.681,15.722,15.346,15.409,161651.2
1719705600000,15.41,15.554,15.2,15.303,194174.4
1719720000000,15.301,15.912,15.086,15.826,315926.9
1719734400000,15.826,16.294,15.77,16.005,351304.3
1719748800000,16.006,16.159,15.782,16.137,195049.3
1719763200000,16.139,16.249,15.866,16.206,211982.0
1719777600000,16.204,16.873,16.14,16.728,249984.1
1719792000000,16.726,17.116,16.617,16.79,272831.1
1719806400000,16.795,17.195,16.788,17.049,215205.5
1719820800000,17.052,17.173,16.707,16.892,226847.3
1719835200000,16.895,17.062,16.568,16.956,280539.4
1719849600000,16.956,17.133,16.863,16.925,174533.7
1719864000000,16.929,16.942,16.405,16.427,152387.2
1719878400000,16.429,16.682,16.288,16.56,174488.3
1719892800000,16.562,16.747,16.314,16.369,152898.2
1719907200000,16.369,16.538,16.298,16.344,113164.1
1719921600000,16.346,16.807,16.151,16.343,239596.2
1719936000000,16.339,16.646,16.1,16.595,142101.0
1719950400000,16.599,16.622,16.352,16.494,88726.9
1719964800000,16.495,16.546,15.629,15.845,260287.3
1719979200000,15.848,16.058,15.753,15.901,132817.1
1719993600000,15.901,16.025,15.45,15.636,239723.0
1720008000000,15.636,15.898,15.307,15.845,292611.3
1720022400000,15.849,15.921,15.2,15.374,225523.1
1720036800000,15.374,15.428,15.205,15.25,132667.7
1720051200000,15.249,15.365,14.268,14.648,579394.8
1720065600000,14.648,14.677,14.119,14.266,201598.6
1720080000000,14.266,14.34,14.0,14.048,199399.3
1720094400000,14.045,14.063,13.27,13.712,473190.4
1720108800000,13.713,13.715,13.357,13.363,245475.6
1720123200000,13.362,13.578,12.739,12.816,315148.8
1720137600000,12.822,12.869,11.211,11.684,1405041.5
1720152000000,11.685,12.3,11.441,11.857,594485.8
1720166400000,11.856,12.256,11.513,12.172,423563.9
1720180800000,12.17,12.408,11.901,12.368,466074.2
1720195200000,12.368,12.56,12.162,12.21,326349.4
1720209600000,12.209,12.286,12.007,12.209,197499.0
1720224000000,12.211,12.742,12.013,12.31,332241.1
1720238400000,12.31,12.476,12.084,12.258,241214.0
1720252800000,12.261,12.423,12.064,12.304,190232.4
1720267200000,12.303,12.552,12.094,12.473,234719.7
1720281600000,12.477,13.38,12.352,13.293,375347.9
1720296000000,13.293,13.79,13.29,13.636,264008.9
1720310400000,13.64,13.646,13.059,13.32,365247.3
1720324800000,13.32,13.353,12.886,13.05,194617.0
1720339200000,13.049,13.272,13.02,13.243,179924.3
1720353600000,13.242,13.393,12.5,12.952,386022.4
1720368000000,12.954,13.767,12.895,13.518,438362.9
1720382400000,13.516,13.556,12.858,12.924,288369.2
1720396800000,12.923,13.051,12.216,12.855,674751.6
1720411200000,12.855,13.718,12.798,13.512,606254.7
1720425600000,13.512,14.037,13.275,13.455,864427.1
1720440000000,13.452,13.711,12.899,13.19,612682.9
1720454400000,13.19,13.303,12.901,13.119,342522.4
1720468800000,13.122,13.198,12.991,13.077,207983.3
1720483200000,13.077,13.521,12.993,13.381,346094.7
1720497600000,13.382,13.499,13.161,13.408,188270.2
1720512000000,13.41,13.598,13.143,13.27,240068.5
1720526400000,13.27,13.5,13.05,13.23,255062.5
1720540800000,13.231,13.422,13.088,13.239,189515.0
1720555200000,13.24,13.308,13.05,13.141,133931.5
1720569600000,13.144,13.152,12.844,13.129,200829.0
1720584000000,13.128,13.771,13.123,13.552,349085.7
1720598400000,13.552,13.6,13.265,13.428,190087.8
1720612800000,13.43,13.607,13.157,13.528,268010.8
1720627200000,13.529,13.64,13.329,13.382,145130.0
1720641600000,13.386,13.434,13.246,13.397,99665.7
1720656000000,13.396,13.567,13.101,13.251,262756.1
1720670400000,13.255,13.934,13.185,13.881,332864.8
1720684800000,13.881,14.116,13.709,14.087,271486.8
1720699200000,14.086,14.659,13.867,13.982,806102.2
1720713600000,13.978,14.06,13.726,13.748,292850.1
1720728000000,13.749,13.753,13.397,13.469,215727.7
1720742400000,13.47,13.83,13.274,13.576,417726.0
1720756800000,13.579,13.835,13.424,13.53,328499.2
1720771200000,13.529,13.551,12.812,12.96,364564.8
1720785600000,12.958,13.784,12.952,13.752,390418.5
1720800000000,13.754,13.998,13.601,13.671,282221.9
1720814400000,13.68,13.703,13.538,13.609,128267.2
1720828800000,13.612,13.767,13.509,13.654,168248.3
1720843200000,13.654,13.811,13.499,13.703,161291.4
1720857600000,13.701,13.988,13.609,13.962,274284.5
1720872000000,13.964,13.969,13.453,13.637,250213.4
1720886400000,13.631,13.724,13.33,13.389,156502.7
1720900800000,13.389,13.869,13.226,13.572,217132.9
1720915200000,13.568,13.891,13.553,13.763,209232.4
1720929600000,13.762,13.947,13.67,13.786,138946.0
1720944000000,13.786,13.877,13.631,13.64,118521.6
1720958400000,13.64,13.643,13.365,13.593,160287.5
1720972800000,13.593,13.854,13.55,13.661,113400.0
1720987200000,13.661,14.535,13.634,14.393,256160.0
1721001600000,14.393,14.904,14.181,14.779,352166.8
1721016000000,14.779,14.833,14.512,14.682,231283.2
1721030400000,14.679,14.789,14.382,14.686,189381.2
1721044800000,14.688,14.794,14.51,14.64,142577.8
1721059200000,14.64,14.849,14.482,14.817,273848.1
1721073600000,14.815,15.371,14.801,15.293,240363.9
1721088000000,15.297,15.441,15.067,15.19,216493.0
1721102400000,15.191,15.27,14.173,14.187,383232.3
1721116800000,14.19,14.561,13.96,14.477,331556.0
1721131200000,14.48,15.194,14.26,15.109,389181.3
1721145600000,15.109,15.809,15.025,15.558,469243.6
1721160000000,15.555,15.653,15.219,15.346,192133.0
1721174400000,15.346,16.102,15.337,15.763,437159.9
1721188800000,15.763,15.982,15.616,15.722,203640.9
1721203200000,15.722,16.037,15.43,15.579,415113.9
1721217600000,15.576,17.343,15.349,16.546,2814466.4
1721232000000,16.542,17.177,16.052,16.928,958550.5
1721246400000,16.927,17.35,16.613,16.646,649927.9
1721260800000,16.65,17.094,16.56,16.676,461446.3
1721275200000,16.679,16.744,16.265,16.364,373741.4
1721289600000,16.364,16.434,16.096,16.356,354657.0
1721304000000,16.35,16.461,15.934,15.948,421372.5
1721318400000,15.947,16.065,15.708,15.817,321618.0
1721332800000,15.817,16.302,15.77,16.302,172249.9
1721347200000,16.303,16.353,15.647,16.334,273348.0
1721361600000,16.334,16.426,15.934,15.96,201043.3
1721376000000,15.961,16.134,15.743,16.042,248769.1
1721390400000,16.044,16.636,15.917,16.455,322038.4
1721404800000,16.455,16.795,16.433,16.698,263633.3
1721419200000,16.699,16.821,16.54,16.68,129805.2
1721433600000,16.681,16.732,16.314,16.658,174807.4
1721448000000,16.667,17.014,16.612,16.725,163028.0
1721462400000,16.73,16.988,16.603,16.715,152514.8
1721476800000,16.717,16.935,16.452,16.788,226164.3
1721491200000,16.793,17.312,16.772,17.175,287462.5
1721505600000,17.174,17.421,16.976,17.089,151641.8
1721520000000,17.09,17.312,16.878,17.148,136512.7
1721534400000,17.145,17.26,16.728,16.873,326983.3
1721548800000,16.87,17.072,16.756,16.827,124134.7
1721563200000,16.831,16.962,16.436,16.764,230607.4
1721577600000,16.766,16.861,15.798,16.424,454381.5
1721592000000,16.422,17.514,16.374,17.123,299277.7
1721606400000,17.119,17.333,16.701,16.717,192409.7
1721620800000,16.713,16.814,16.232,16.308,154763.7
1721635200000,16.307,16.582,16.132,16.574,161619.3
1721649600000,16.57,16.681,16.104,16.229,203251.1
1721664000000,16.229,16.318,16.096,16.274,111248.0
1721678400000,16.277,16.286,15.731,15.87,130826.2
1721692800000,15.87,16.169,15.848,15.895,119052.7
1721707200000,15.891,15.968,15.37,15.517,212261.5
1721721600000,15.519,16.005,15.512,15.803,177666.3
1721736000000,15.803,15.973,15.526,15.631,182015.0
1721750400000,15.625,15.672,15.101,15.299,193864.4
1721764800000,15.295,15.393,15.102,15.222,88999.8
1721779200000,15.22,15.52,15.113,15.515,103678.3
1721793600000,15.507,15.55,15.3,15.548,63873.5
1721808000000,15.545,15.72,15.49,15.61,110655.7
1721822400000,15.608,15.824,15.43,15.489,143781.7
1721836800000,15.496,15.734,15.304,15.44,124491.3
1721851200000,15.447,15.467,14.881,15.03,142002.3
1721865600000,15.025,15.134,14.108,14.325,459992.7
1721880000000,14.325,14.563,14.227,14.437,145191.1
1721894400000,14.432,14.55,14.23,14.348,81261.5
1721908800000,14.349,14.46,14.039,14.281,176605.4
1721923200000,14.285,14.402,13.632,13.81,199594.6
1721937600000,13.813,14.354,13.619,14.311,136627.5
1721952000000,14.311,15.01,14.282,14.899,174697.1
1721966400000,14.9,14.928,14.633,14.731,124534.1
1721980800000,14.733,14.926,14.66,14.768,79001.0
1721995200000,14.764,15.1,14.643,14.932,227748.4
1722009600000,14.933,15.15,14.889,15.037,98180.8
1722024000000,15.04,15.162,14.892,15.095,93161.0
1722038400000,15.091,15.204,14.956,15.05,90551.4
1722052800000,15.048,15.342,15.04,15.256,74974.5
1722067200000,15.253,15.338,15.11,15.233,73744.1
1722081600000,15.231,15.548,15.008,15.101,198550.4
1722096000000,15.106,15.247,14.91,15.224,121539.8
1722110400000,15.218,15.732,14.839,15.525,234570.9
1722124800000,15.525,15.618,15.252,15.254,129156.3
1722139200000,15.257,15.28,14.907,15.154,148425.5
1722153600000,15.154,15.445,15.04,15.269,102377.6
1722168000000,15.272,15.289,15.002,15.074,85493.9
1722182400000,15.075,15.175,14.98,15.013,57853.2
1722196800000,15.013,15.017,14.704,14.872,68858.8
1722211200000,14.874,15.593,14.831,15.42,204966.2
1722225600000,15.421,15.645,15.379,15.638,96242.0
1722240000000,15.639,15.7,15.423,15.433,72811.4
1722254400000,15.434,15.463,14.702,14.809,219556.0
1722268800000,14.811,14.857,14.476,14.597,169132.6
1722283200000,14.596,14.63,14.412,14.49,95667.7
1722297600000,14.489,14.791,14.343,14.651,157676.1
1722312000000,14.649,14.715,14.486,14.683,79260.0
1722326400000,14.681,14.703,14.5,14.582,60773.4
1722340800000,14.583,14.658,14.381,14.606,130362.8
1722355200000,14.606,14.757,14.204,14.449,146345.3
1722369600000,14.446,14.715,14.214,14.523,107777.7
1722384000000,14.523,14.715,14.354,14.508,106228.4
1722398400000,14.506,14.898,14.26,14.758,184248.0
1722412800000,14.76,14.782,14.497,14.666,107363.9
1722427200000,14.665,14.889,14.445,14.648,160830.2
1722441600000,14.649,14.802,14.09,14.225,189552.8
1722456000000,14.224,14.288,13.982,13.997,139543.4
1722470400000,13.997,14.16,13.775,13.792,148442.0
1722484800000,13.791,13.861,13.425,13.611,164208.8
1722499200000,13.611,13.928,13.604,13.816,107734.8
1722513600000,13.813,13.957,13.212,13.296,196440.5
1722528000000,13.297,13.303,12.817,13.189,278807.1
1722542400000,13.188,13.956,13.128,13.878,147414.2
1722556800000,13.877,13.97,13.322,13.625,120696.8
1722571200000,13.629,13.654,13.086,13.321,91525.4
1722585600000,13.323,13.567,13.185,13.276,102354.6
1722600000000,13.276,13.75,12.548,13.016,337608.0
1722614400000,13.017,13.117,12.673,12.804,131095.0
1722628800000,12.808,12.959,12.552,12.639,157988.8
1722643200000,12.638,12.71,12.133,12.587,218141.1
1722657600000,12.591,12.658,12.508,12.538,50541.2
1722672000000,12.539,12.543,12.402,12.486,62551.5
1722686400000,12.487,12.631,11.913,11.928,203085.0
1722700800000,11.926,12.009,11.325,11.336,364225.0
1722715200000,11.336,11.795,11.309,11.693,169072.5
1722729600000,11.691,11.95,11.624,11.858,127978.8
1722744000000,11.852,11.884,11.538,11.553,80939.8
1722758400000,11.557,11.695,11.473,11.624,83411.3
1722772800000,11.623,11.77,10.943,10.978,231578.8
1722787200000,10.981,11.303,10.464,11.194,399487.2
1722801600000,11.186,11.336,10.829,10.85,162419.3
1722816000000,10.849,10.989,8.924,9.491,1449507.5
1722830400000,9.492,9.677,8.283,9.401,1061293.5
1722844800000,9.403,9.41,8.589,8.951,412401.5
1722859200000,8.95,10.086,8.614,10.033,778479.0
1722873600000,10.035,10.453,9.786,9.937,383498.7
1722888000000,9.94,10.142,9.869,9.924,187808.2
1722902400000,9.924,10.693,9.898,10.335,247226.7
1722916800000,10.338,10.737,10.274,10.668,191527.0
1722931200000,10.663,10.663,10.266,10.369,183841.7
1722945600000,10.366,10.897,10.166,10.791,332611.5
1722960000000,10.794,10.907,10.561,10.6,157533.5
1722974400000,10.597,10.731,10.459,10.52,121159.5
1722988800000,10.516,10.903,10.406,10.672,183979.4
1723003200000,10.669,10.849,10.568,10.656,145928.7
1723017600000,10.652,10.769,10.519,10.546,192737.0
1723032000000,10.546,10.716,10.041,10.178,309077.5
1723046400000,10.176,10.232,9.842,9.906,238450.2
1723060800000,9.907,10.049,9.771,9.968,185559.4
1723075200000,9.97,10.642,9.788,10.464,289169.0
1723089600000,10.464,10.589,10.429,10.433,116736.1
1723104000000,10.434,10.495,10.352,10.368,102191.4
1723118400000,10.362,10.692,10.21,10.665,340685.8
1723132800000,10.669,10.987,10.635,10.811,244117.4
1723147200000,10.808,11.384,10.791,11.332,217066.9
1723161600000,11.329,11.38,11.182,11.233,156749.1
1723176000000,11.235,11.259,10.996,11.146,115886.6
1723190400000,11.146,11.248,10.91,11.02,130388.1
1723204800000,11.019,11.156,10.764,10.784,167550.4
1723219200000,10.781,10.964,10.751,10.924,85480.1
1723233600000,10.929,11.044,10.823,11.039,95685.0
1723248000000,11.038,11.231,10.861,10.912,107743.7
1723262400000,10.912,11.094,10.798,11.041,83232.3
1723276800000,11.04,11.245,10.953,11.245,132107.2
1723291200000,11.243,11.301,11.069,11.161,146061.8
1723305600000,11.162,11.461,11.134,11.411,159762.3
1723320000000,11.415,11.705,11.348,11.605,209563.7
1723334400000,11.605,11.93,11.488,11.896,283614.8
1723348800000,11.896,12.798,11.819,12.535,1641716.9
1723363200000,12.535,12.716,12.034,12.112,1154865.7
1723377600000,12.112,12.112,11.604,11.675,633673.4
1723392000000,11.67,11.78,11.3,11.313,383415.9
1723406400000,11.316,11.351,11.007,11.129,307555.9
1723420800000,11.128,11.36,11.044,11.198,346166.9
1723435200000,11.199,11.4,10.881,11.342,342810.4
1723449600000,11.345,12.05,11.181,12.017,474863.9
1723464000000,12.021,12.15,11.368,11.958,622517.4
1723478400000,11.958,12.093,11.801,11.882,282004.7
1723492800000,11.885,12.009,11.687,11.816,187121.2
1723507200000,11.819,11.899,11.445,11.468,251530.4
1723521600000,11.471,11.639,11.371,11.446,160133.6
1723536000000,11.445,11.481,11.23,11.401,151155.6
1723550400000,11.402,11.62,11.288,11.464,233926.2
1723564800000,11.463,11.884,11.432,11.667,303101.3
1723579200000,11.662,11.79,11.587,11.651,116073.7
1723593600000,11.651,11.802,11.401,11.688,243334.9
1723608000000,11.686,11.724,11.491,11.545,164322.1
1723622400000,11.545,11.686,11.441,11.556,181308.3
1723636800000,11.556,11.774,11.002,11.344,488232.6
1723651200000,11.342,11.391,11.16,11.227,148209.5
1723665600000,11.225,11.284,11.08,11.229,90304.7
1723680000000,11.23,11.362,11.114,11.212,152664.3
1723694400000,11.213,11.245,10.92,11.048,232459.4
1723708800000,11.047,11.31,10.982,11.267,140973.1
1723723200000,11.266,11.599,11.223,11.307,306166.7
1723737600000,11.305,11.358,10.431,10.571,515512.8
1723752000000,10.573,10.676,10.465,10.608,142107.0
1723766400000,10.609,10.752,10.476,10.578,153926.0
1723780800000,10.575,10.773,10.55,10.657,101982.5
1723795200000,10.658,10.691,10.482,10.522,102361.7
1723809600000,10.523,10.693,10.175,10.284,287206.6
1723824000000,10.285,10.634,10.264,10.586,192971.1
1723838400000,10.589,10.699,10.53,10.577,114757.2
1723852800000,10.575,10.621,10.484,10.555,83605.8
1723867200000,10.557,10.644,10.546,10.615,65952.1
1723881600000,10.612,10.665,10.515,10.557,95340.7
1723896000000,10.554,10.734,10.521,10.643,130553.5
1723910400000,10.646,10.756,10.536,10.567,103428.4
1723924800000,10.567,10.696,10.546,10.665,63796.8
1723939200000,10.659,10.703,10.47,10.488,134261.7
1723953600000,10.488,10.584,10.409,10.542,79045.6
1723968000000,10.539,10.834,10.518,10.819,144094.0
1723982400000,10.816,11.074,10.751,10.96,198635.3
1723996800000,10.963,11.044,10.816,10.949,144373.4
1724011200000,10.951,10.974,10.672,10.689,120960.1
1724025600000,10.691,10.792,10.529,10.749,196081.7
1724040000000,10.749,10.784,10.624,10.666,87951.7
1724054400000,10.667,10.838,10.446,10.611,180069.8
1724068800000,10.61,10.88,10.542,10.667,205476.0
1724083200000,10.668,10.989,10.565,10.874,160681.6
1724097600000,10.874,11.02,10.812,10.995,108026.6
1724112000000,10.991,11.48,10.934,11.291,317231.4
1724126400000,11.292,11.436,11.135,11.27,222243.7
1724140800000,11.27,11.387,11.183,11.295,167021.7
1724155200000,11.295,11.352,10.78,10.894,326884.1
1724169600000,10.891,11.159,10.83,11.13,133574.1
1724184000000,11.134,11.202,11.039,11.117,73066.1
1724198400000,11.117,11.287,11.001,11.251,105606.5
1724212800000,11.251,11.421,11.242,11.403,108427.7
1724227200000,11.401,11.447,11.215,11.26,174698.9
1724241600000,11.26,11.454,11.06,11.331,265008.2
1724256000000,11.327,11.628,11.265,11.623,177320.4
1724270400000,11.624,11.7,11.488,11.546,133880.4
1724284800000,11.548,11.568,11.226,11.39,141908.4
1724299200000,11.392,11.498,11.348,11.482,74132.6
1724313600000,11.483,12.369,11.428,12.204,850364.0
1724328000000,12.204,12.221,11.719,11.876,442569.8
1724342400000,11.875,13.09,11.852,12.787,1475797.1
1724356800000,12.788,12.992,12.609,12.753,854203.5
1724371200000,12.752,12.922,12.502,12.674,662887.8
1724385600000,12.674,12.88,12.536,12.804,428758.5
1724400000000,12.799,12.892,12.693,12.782,310765.0
1724414400000,12.782,14.926,12.756,14.684,5226509.8
1724428800000,14.684,15.587,14.562,15.199,2743494.7
1724443200000,15.204,15.576,15.005,15.471,822016.3
1724457600000,15.472,15.859,15.348,15.402,958444.9
1724472000000,15.401,15.645,15.265,15.331,569370.5
1724486400000,15.33,15.7,15.296,15.672,623240.1
1724500800000,15.672,16.246,15.547,15.939,1158511.6
1724515200000,15.939,16.212,15.729,15.809,575515.5
1724529600000,15.808,15.968,15.411,15.627,538241.6
1724544000000,15.627,15.635,14.93,15.31,508106.9
1724558400000,15.312,15.446,14.626,14.781,433927.0
1724572800000,14.78,15.2,14.662,15.072,290903.2
1724587200000,15.074,15.599,15.064,15.451,356450.6
1724601600000,15.452,15.514,15.161,15.305,187308.8
1724616000000,15.305,15.5,15.174,15.192,209468.8
1724630400000,15.196,15.377,14.869,15.024,211662.7
1724644800000,15.021,15.041,14.658,14.713,242059.7
1724659200000,14.713,14.88,14.576,14.673,281305.5
1724673600000,14.675,14.721,14.255,14.344,362112.8
1724688000000,14.336,14.535,14.048,14.152,277624.6
1724702400000,14.151,14.288,14.07,14.212,132113.2
1724716800000,14.213,14.896,14.213,14.706,466368.2
1724731200000,14.701,15.091,14.25,14.387,578297.5
1724745600000,14.385,14.447,13.86,13.944,366318.5
1724760000000,13.944,14.343,13.863,14.013,321996.2
1724774400000,14.013,14.287,13.931,14.061,184843.2
1724788800000,14.063,14.072,12.946,13.381,560389.6
1724803200000,13.381,13.387,13.02,13.221,227257.5
1724817600000,13.222,13.257,12.77,12.789,203134.7
1724832000000,12.788,13.536,12.701,13.289,321488.6
1724846400000,13.286,13.366,12.658,12.792,282233.9
1724860800000,12.786,13.099,12.287,12.794,399875.3
1724875200000,12.794,13.088,12.582,12.667,196309.8
1724889600000,12.666,12.964,12.662,12.822,132961.4
1724904000000,12.815,13.194,12.724,12.984,152232.4
1724918400000,12.985,13.038,12.761,12.796,177159.7
1724932800000,12.796,12.977,12.74,12.888,207218.3
1724947200000,12.886,12.991,12.24,12.407,318654.2
1724961600000,12.408,12.559,12.343,12.495,106636.0
1724976000000,12.49,12.562,12.255,12.353,133353.3
1724990400000,12.354,12.633,12.288,12.498,102121.3
1725004800000,12.497,12.697,12.497,12.515,116281.7
1725019200000,12.511,12.74,11.943,12.009,372650.5
1725033600000,12.009,12.525,11.913,12.359,231442.2
1725048000000,12.36,12.592,12.3,12.53,76237.0
1725062400000,12.532,12.696,12.43,12.472,144575.9
1725076800000,12.47,12.563,12.309,12.379,87888.2
1725091200000,12.379,12.406,12.121,12.321,109226.7
1725105600000,12.32,12.37,12.124,12.189,119514.8
1725120000000,12.194,12.252,11.959,12.107,102599.8
1725134400000,12.104,12.242,12.055,12.213,61304.0
1725148800000,12.209,12.248,11.902,12.017,115023.1
1725163200000,12.018,12.292,11.872,12.292,135216.9
1725177600000,12.293,12.294,12.024,12.163,184711.9
1725192000000,12.159,12.265,11.677,12.263,274999.3
1725206400000,12.261,12.359,11.909,12.119,286066.1
1725220800000,12.12,12.201,11.474,11.581,186073.4
1725235200000,11.577,11.827,11.498,11.751,142229.2
1725249600000,11.756,11.85,11.515,11.601,134470.5
1725264000000,11.599,12.138,11.568,11.982,218644.9
1725278400000,11.987,12.223,11.783,12.121,150859.1
1725292800000,12.119,12.496,12.115,12.359,286121.6
1725307200000,12.36,12.939,12.358,12.638,255347.0
1725321600000,12.635,12.711,12.502,12.526,141769.7
1725336000000,12.526,12.593,12.421,12.509,120950.3
1725350400000,12.508,12.514,12.275,12.37,122711.3
1725364800000,12.371,12.549,11.788,11.826,272701.9
1725379200000,11.825,12.027,11.787,11.934,93708.3
1725393600000,11.933,11.986,11.649,11.668,83606.2
1725408000000,11.67,11.825,11.034,11.443,294082.4
1725422400000,11.442,11.473,11.203,11.385,151542.6
1725436800000,11.386,11.467,11.086,11.189,157444.8
1725451200000,11.189,11.654,11.05,11.627,286156.2
1725465600000,11.628,12.063,11.621,11.736,268123.4
1725480000000,11.744,11.904,11.682,11.781,87479.1
1725494400000,11.781,11.917,11.494,11.53,163496.2
1725508800000,11.531,12.074,11.516,12.005,194705.7
1725523200000,12.004,12.034,11.62,11.709,170516.2
1725537600000,11.71,11.945,11.381,11.448,215110.3
1725552000000,11.449,11.502,11.171,11.213,203017.1
1725566400000,11.204,11.357,11.184,11.293,90789.3
1725580800000,11.29,11.547,11.228,11.393,111002.4
1725595200000,11.391,11.416,11.026,11.186,164719.3
1725609600000,11.186,11.377,11.16,11.252,131323.4
1725624000000,11.251,11.684,10.954,11.167,415687.0
1725638400000,11.168,11.196,10.653,10.737,295109.5
1725652800000,10.736,10.927,10.385,10.918,220314.4
1725667200000,10.919,10.977,10.729,10.741,87371.8
1725681600000,10.741,10.996,10.703,10.978,127050.0
1725696000000,10.978,11.033,10.896,10.954,81364.0
1725710400000,10.962,11.42,10.914,11.172,247200.6
1725724800000,11.172,11.326,10.955,11.226,226998.5
1725739200000,11.222,11.225,10.814,10.954,159406.7
1725753600000,10.956,11.275,10.912,11.192,137658.1
1725768000000,11.192,11.365,11.156,11.327,132563.9
1725782400000,11.327,11.56,11.242,11.308,202800.6
1725796800000,11.306,11.354,11.02,11.041,187919.9
1725811200000,11.041,11.282,11.012,11.179,105080.0
1725825600000,11.179,11.533,11.129,11.402,161884.9
1725840000000,11.399,11.522,11.232,11.361,141561.0
1725854400000,11.357,11.456,11.228,11.43,104549.0
1725868800000,11.43,11.648,11.418,11.486,195132.3
1725883200000,11.487,11.652,11.345,11.556,214403.4
1725897600000,11.556,11.901,11.551,11.889,211291.6
1725912000000,11.887,12.071,11.769,11.899,168328.4
1725926400000,11.9,11.91,11.622,11.628,109130.5
1725940800000,11.629,11.999,11.59,11.96,123982.5
1725955200000,11.959,12.043,11.814,11.882,117616.1
1725969600000,11.88,11.962,11.721,11.758,180380.3
1725984000000,11.758,12.027,11.717,11.948,153591.9
1725998400000,11.957,12.017,11.823,11.867,89651.2
1726012800000,11.868,11.883,11.528,11.574,154469.7
1726027200000,11.571,11.586,11.175,11.457,236491.4
1726041600000,11.456,11.458,11.248,11.387,109678.1
1726056000000,11.387,11.583,11.134,11.422,308732.7
1726070400000,11.414,11.705,11.388,11.607,158937.6
1726084800000,11.601,11.676,11.516,11.621,81356.4
1726099200000,11.62,12.068,11.616,11.97,274854.9
1726113600000,11.966,12.168,11.911,11.971,190308.6
1726128000000,11.968,12.062,11.812,11.858,101383.5
1726142400000,11.857,11.927,11.656,11.682,193365.0
1726156800000,11.676,12.806,11.671,12.48,924575.8
1726171200000,12.478,12.544,12.285,12.493,321185.0
1726185600000,12.491,12.646,12.39,12.42,262704.5
1726200000000,12.42,12.724,12.391,12.514,280350.9
1726214400000,12.512,12.531,12.131,12.154,241564.4
1726228800000,12.156,12.681,12.088,12.601,442547.3
1726243200000,12.601,13.02,12.547,12.779,545664.2
1726257600000,12.778,12.991,12.719,12.831,158478.3
1726272000000,12.833,12.999,12.752,12.923,172948.9
1726286400000,12.92,12.933,12.561,12.624,170898.4
1726300800000,12.624,12.697,12.41,12.464,140727.7
1726315200000,12.461,12.709,12.446,12.626,125371.7
1726329600000,12.629,12.707,12.333,12.468,117266.9
1726344000000,12.47,12.543,12.43,12.48,83475.1
1726358400000,12.479,12.62,12.434,12.525,75426.5
1726372800000,12.521,12.599,12.416,12.574,85992.8
1726387200000,12.576,12.576,12.285,12.35,92471.3
1726401600000,12.347,12.606,12.303,12.55,158446.2
1726416000000,12.551,12.617,12.242,12.336,177840.6
1726430400000,12.335,12.348,11.874,12.0,209027.7
1726444800000,12.001,12.038,11.683,11.917,206528.7
1726459200000,11.917,12.024,11.849,11.987,120767.6
1726473600000,11.988,12.051,11.712,11.801,154011.6
1726488000000,11.805,11.823,11.497,11.613,172653.9
1726502400000,11.615,11.68,11.414,11.428,169857.5
1726516800000,11.427,11.556,11.323,11.496,95878.5
1726531200000,11.493,11.557,11.338,11.537,109362.6
1726545600000,11.539,11.72,11.52,11.689,104534.0
1726560000000,11.685,12.063,11.683,11.929,270116.4
1726574400000,11.928,12.72,11.872,12.677,475510.0
1726588800000,12.679,12.78,12.371,12.458,278098.1
1726603200000,12.458,12.615,12.417,12.488,162901.8
1726617600000,12.491,12.787,12.281,12.684,200661.3
1726632000000,12.682,12.69,12.369,12.442,138448.3
1726646400000,12.444,12.46,11.996,12.038,187104.2
1726660800000,12.039,12.155,11.83,11.877,200100.2
1726675200000,11.868,12.505,11.761,12.124,462512.5
1726689600000,12.124,12.775,12.02,12.76,181217.7
1726704000000,12.762,13.41,12.762,13.235,414208.5
1726718400000,13.236,13.336,13.052,13.336,182448.2
1726732800000,13.338,13.41,13.103,13.292,232433.5
1726747200000,13.291,13.921,13.202,13.572,549725.0
1726761600000,13.571,13.811,13.542,13.595,218086.9
1726776000000,13.599,13.638,13.325,13.419,175115.1
1726790400000,13.417,13.725,13.209,13.714,227390.5
1726804800000,13.714,13.97,13.631,13.853,272035.6
1726819200000,13.857,13.878,13.431,13.492,178950.8
1726833600000,13.492,13.654,13.257,13.418,245189.7
1726848000000,13.421,13.628,13.19,13.607,200550.5
1726862400000,13.605,13.952,13.492,13.65,258944.1
1726876800000,13.652,13.789,13.421,13.445,178435.6
1726891200000,13.449,13.532,13.28,13.457,102567.9
1726905600000,13.457,13.512,13.363,13.462,62187.7
1726920000000,13.465,13.678,13.366,13.497,170492.7
1726934400000,13.497,13.575,13.424,13.527,92767.6
1726948800000,13.526,13.826,13.47,13.747,94291.3
1726963200000,13.748,13.838,13.309,13.519,183309.4
1726977600000,13.517,13.664,13.413,13.441,117076.2
1726992000000,13.44,13.512,13.258,13.459,173206.3
1727006400000,13.459,13.518,13.2,13.26,153617.9
1727020800000,13.254,13.482,13.12,13.316,176656.3
1727035200000,13.318,13.51,12.932,13.43,270556.6
1727049600000,13.433,14.921,13.104,14.604,749202.7
1727064000000,14.606,14.996,14.182,14.617,804718.7
1727078400000,14.615,14.819,14.447,14.649,343372.7
1727092800000,14.643,15.228,14.549,14.959,571153.5
1727107200000,14.958,15.761,14.674,15.16,1078429.3
1727121600000,15.157,15.266,14.849,15.011,329991.5
1727136000000,15.011,15.055,14.461,14.762,332527.6
1727150400000,14.764,14.94,14.545,14.798,240009.6
1727164800000,14.799,15.182,14.765,14.916,314018.0
1727179200000,14.917,14.978,14.46,14.52,323075.4
1727193600000,14.521,14.818,14.485,14.79,196644.4
1727208000000,14.79,14.973,14.657,14.858,156665.1
1727222400000,14.857,15.41,14.713,15.274,462559.0
1727236800000,15.272,15.346,14.52,14.617,443307.5
1727251200000,14.616,14.849,14.576,14.846,204060.5
1727265600000,14.847,15.227,14.616,14.934,301480.2
1727280000000,14.937,15.498,14.645,14.739,558689.6
1727294400000,14.737,14.936,14.413,14.531,192497.1
1727308800000,14.531,14.664,14.287,14.61,242480.3
1727323200000,14.612,15.0,14.5,14.864,220672.3
1727337600000,14.863,14.94,14.6,14.91,201928.5
1727352000000,14.908,15.07,14.502,14.964,394830.7
1727366400000,14.965,15.119,14.668,14.671,274542.1
1727380800000,14.671,15.034,14.5,15.028,176761.1
1727395200000,15.03,15.232,14.812,15.207,191095.7
1727409600000,15.211,15.28,14.847,14.88,195644.7
1727424000000,14.881,15.11,14.628,14.75,274060.0
1727438400000,14.751,15.454,14.68,15.23,354284.2
1727452800000,15.231,15.402,14.969,15.069,210117.0
1727467200000,15.07,15.502,14.984,15.366,128213.7
1727481600000,15.366,15.825,15.248,15.472,196776.6
1727496000000,15.469,15.475,14.877,14.943,219186.0
1727510400000,14.94,15.038,14.559,14.956,241049.4
1727524800000,14.956,14.961,14.635,14.753,161489.0
1727539200000,14.752,14.846,14.55,14.814,155818.3
1727553600000,14.811,15.047,14.535,15.0,109021.8
1727568000000,15.003,15.122,14.713,14.98,212816.1
1727582400000,14.978,15.015,14.516,14.582,182421.5
1727596800000,14.584,14.889,14.551,14.719,163911.6
1727611200000,14.721,14.987,14.485,14.942,251148.7
1727625600000,14.946,15.147,14.835,15.138,198224.8
1727640000000,15.135,15.234,14.727,14.802,208917.5
1727654400000,14.803,14.922,14.368,14.656,278549.7
1727668800000,14.657,14.853,14.413,14.822,181171.5
1727683200000,14.821,14.852,14.283,14.587,272271.6
1727697600000,14.589,14.716,14.023,14.037,233752.7
1727712000000,14.041,14.214,13.955,14.013,204889.2
1727726400000,14.011,14.139,13.676,13.807,190434.7
1727740800000,13.806,14.123,13.692,14.093,247058.9
1727755200000,14.094,14.402,14.021,14.242,157666.2
1727769600000,14.24,14.31,14.048,14.056,137405.9
1727784000000,14.059,14.12,12.768,13.182,553525.0
1727798400000,13.178,13.261,11.858,12.235,646096.3
1727812800000,12.236,12.471,11.972,12.229,306837.1
1727827200000,12.228,12.759,12.148,12.515,280103.2
1727841600000,12.511,12.724,12.29,12.631,197070.8
1727856000000,12.629,12.772,12.236,12.245,287200.9
1727870400000,12.245,12.465,11.995,12.42,312825.2
1727884800000,12.421,12.59,11.551,11.756,329188.4
1727899200000,11.753,12.038,11.698,11.945,152375.5
1727913600000,11.944,12.273,11.865,12.262,197474.3
1727928000000,12.263,12.265,12.009,12.01,96838.8
1727942400000,12.011,12.165,11.684,11.963,213451.2
1727956800000,11.963,12.078,11.531,11.831,284051.2
1727971200000,11.829,11.931,11.582,11.849,258500.3
1727985600000,11.847,11.896,11.641,11.844,103295.5
1728000000000,11.845,12.103,11.787,11.921,149637.5
1728014400000,11.923,12.144,11.917,12.092,113413.7
1728028800000,12.091,12.249,11.982,12.094,139115.8
1728043200000,12.092,12.252,11.868,12.234,289548.8
1728057600000,12.235,12.434,12.206,12.39,173436.0
1728072000000,12.394,12.414,12.09,12.172,126123.6
1728086400000,12.171,12.39,12.036,12.12,128640.4
1728100800000,12.121,12.501,12.097,12.351,110976.8
1728115200000,12.349,12.534,12.316,12.372,106243.5
1728129600000,12.372,12.622,12.331,12.422,174465.5
1728144000000,12.424,12.445,12.108,12.15,123676.0
1728158400000,12.149,12.336,12.055,12.253,83155.7
1728172800000,12.253,12.398,12.153,12.156,94244.6
1728187200000,12.159,12.249,12.099,12.172,94382.7
1728201600000,12.174,12.191,12.021,12.101,134513.7
1728216000000,12.098,12.466,12.061,12.438,192818.1
1728230400000,12.44,12.53,12.285,12.304,135483.7
1728244800000,12.304,12.501,12.214,12.496,82609.9
1728259200000,12.498,12.967,12.389,12.885,216084.3
1728273600000,12.89,12.922,12.635,12.771,122251.7
1728288000000,12.774,12.887,12.238,12.559,313025.2
1728302400000,12.558,13.061,12.39,12.755,316756.3
1728316800000,12.751,12.855,12.368,12.552,206443.3
1728331200000,12.551,12.632,12.179,12.204,144206.4
1728345600000,12.205,12.484,12.201,12.427,126391.1
1728360000000,12.427,12.477,11.938,12.074,132075.8
1728374400000,12.072,12.163,11.998,12.15,84891.2
1728388800000,12.147,12.207,11.78,11.93,213904.2
1728403200000,11.929,12.075,11.682,11.869,104312.4
1728417600000,11.871,12.073,11.82,11.972,71349.7
1728432000000,11.972,12.084,11.849,11.936,96571.1
1728446400000,11.935,12.076,11.829,11.897,71485.6
1728460800000,11.896,11.997,11.842,11.951,58093.4
1728475200000,11.952,11.968,11.64,11.923,123878.4
1728489600000,11.923,11.952,11.496,11.581,140542.8
1728504000000,11.579,11.584,11.311,11.489,144414.3
1728518400000,11.491,11.702,11.423,11.647,88440.5
1728532800000,11.648,11.68,11.488,11.503,67825.3
1728547200000,11.504,11.638,11.332,11.625,101580.9
1728561600000,11.625,11.669,11.355,11.516,175480.0
1728576000000,11.521,11.597,11.068,11.35,208179.9
1728590400000,11.345,11.558,11.309,11.551,83055.0
1728604800000,11.553,11.748,11.496,11.589,120411.5
1728619200000,11.588,11.617,11.491,11.579,52665.7
1728633600000,11.577,11.796,11.571,11.734,62561.6
1728648000000,11.734,12.147,11.717,12.124,196453.7
1728662400000,12.127,12.373,12.068,12.244,310861.0
1728676800000,12.243,12.267,12.148,12.174,109023.8
1728691200000,12.174,12.366,12.071,12.105,124576.6
1728705600000,12.104,12.648,12.1,12.64,197315.7
1728720000000,12.64,12.649,12.4,12.437,162362.7
1728734400000,12.436,12.563,12.334,12.413,146839.4
1728748800000,12.416,12.495,12.259,12.319,85613.0
1728763200000,12.318,12.575,12.305,12.484,82877.2
1728777600000,12.485,12.571,12.141,12.164,142680.0
1728792000000,12.162,12.375,12.157,12.248,83796.2
1728806400000,12.245,12.302,12.034,12.045,104980.9
1728820800000,12.04,12.17,11.56,11.677,184048.8
1728835200000,11.678,11.931,11.653,11.85,115532.2
1728849600000,11.851,12.17,11.787,12.107,107387.5
1728864000000,12.108,12.717,11.904,12.687,265845.5
1728878400000,12.686,12.754,12.281,12.702,305793.8
1728892800000,12.702,12.795,12.479,12.667,268719.5
1728907200000,12.665,12.927,12.524,12.698,319059.0
1728921600000,12.698,12.917,12.547,12.569,316265.6
1728936000000,12.567,12.966,12.56,12.861,177789.4
1728950400000,12.866,13.331,12.547,12.552,600071.1
1728964800000,12.552,12.742,12.373,12.722,249182.9
1728979200000,12.718,12.943,12.132,12.224,418054.7
1728993600000,12.225,12.959,11.966,12.317,730137.2
1729008000000,12.321,12.662,12.287,12.434,204947.9
1729022400000,12.427,12.825,12.121,12.648,251300.3
1729036800000,12.649,13.15,12.475,12.969,544180.8
1729051200000,12.968,13.127,12.284,12.365,479073.6
1729065600000,12.365,12.813,12.339,12.59,330674.7
1729080000000,12.593,12.889,12.28,12.468,343723.1
1729094400000,12.47,12.511,12.236,12.353,140975.8
1729108800000,12.351,12.589,12.317,12.335,106203.8
1729123200000,12.337,12.596,12.316,12.434,164521.9
1729137600000,12.434,12.457,12.12,12.18,200603.4
1729152000000,12.18,12.214,11.733,11.755,223200.0
1729166400000,11.754,12.129,11.721,12.077,256121.1
1729180800000,12.075,12.08,11.659,11.848,134852.5
1729195200000,11.848,11.953,11.832,11.883,53396.0
1729209600000,11.883,12.212,11.808,11.896,152893.8
1729224000000,11.895,12.171,11.879,12.107,109248.1
1729238400000,12.11,12.16,11.995,12.006,68826.4
1729252800000,12.005,12.209,11.837,12.197,178340.2
1729267200000,12.193,12.432,12.08,12.227,128596.8
1729281600000,12.221,12.366,12.134,12.332,59522.4
1729296000000,12.331,12.591,12.285,12.463,114724.0
1729310400000,12.468,12.542,12.375,12.41,61410.0
1729324800000,12.412,12.473,12.021,12.029,103457.7
1729339200000,12.032,12.33,12.024,12.289,109746.1
1729353600000,12.291,13.341,12.236,13.321,1153870.8
1729368000000,13.322,13.684,13.08,13.168,805989.4
1729382400000,13.172,13.192,12.682,12.854,367408.4
1729396800000,12.853,13.185,12.769,13.064,522694.2
1729411200000,13.055,13.28,13.021,13.174,326550.3
1729425600000,13.174,13.253,12.911,13.116,368763.4
1729440000000,13.11,13.221,13.015,13.033,105890.1
1729454400000,13.035,13.265,12.988,13.253,159090.1
1729468800000,13.258,13.342,12.861,12.95,233757.2
1729483200000,12.945,13.134,12.893,13.06,154369.9
1729497600000,13.061,13.171,12.718,12.801,220907.3
1729512000000,12.804,12.881,12.516,12.66,227593.4
1729526400000,12.662,12.723,12.497,12.62,112120.3
1729540800000,12.616,12.769,12.57,12.608,69784.3
1729555200000,12.609,12.908,12.404,12.869,152106.6
1729569600000,12.87,12.87,12.633,12.635,80123.9
1729584000000,12.635,12.657,12.264,12.413,183161.6
1729598400000,12.409,12.469,12.133,12.262,171693.7
1729612800000,12.258,12.321,12.06,12.271,122440.7
1729627200000,12.272,12.418,12.255,12.33,62479.2
1729641600000,12.333,12.353,12.002,12.083,157321.9
1729656000000,12.083,12.204,11.971,12.002,119630.4
1729670400000,12.004,12.057,11.847,11.895,118703.7
1729684800000,11.904,11.987,11.549,11.667,171197.1
1729699200000,11.668,11.733,11.434,11.685,178755.5
1729713600000,11.687,11.89,11.634,11.854,96784.3
1729728000000,11.858,12.086,11.749,11.962,142527.2
1729742400000,11.965,12.056,11.795,11.801,90349.1
1729756800000,11.797,11.888,11.577,11.845,129110.9
1729771200000,11.844,11.927,11.756,11.875,120261.3
1729785600000,11.876,11.95,11.768,11.937,79033.2
1729800000000,11.939,12.027,11.775,11.83,87259.2
1729814400000,11.83,11.905,11.656,11.733,71056.6
1729828800000,11.733,11.746,11.453,11.52,98831.7
1729843200000,11.522,11.631,11.368,11.573,130083.3
1729857600000,11.574,11.758,11.441,11.514,144429.7
1729872000000,11.514,11.616,11.162,11.306,212571.0
1729886400000,11.304,11.422,10.033,10.705,441167.3
1729900800000,10.705,10.943,10.483,10.88,241974.6
1729915200000,10.876,10.994,10.823,10.89,129204.6
1729929600000,10.886,11.026,10.815,10.837,189398.8
1729944000000,10.838,10.921,10.556,10.642,147406.1
1729958400000,10.639,10.854,10.558,10.832,77836.7
1729972800000,10.833,10.941,10.827,10.872,69579.9
1729987200000,10.87,10.873,10.741,10.866,68243.8
1730001600000,10.869,10.875,10.713,10.739,41464.3
1730016000000,10.739,10.804,10.68,10.728,43527.2
1730030400000,10.728,11.028,10.726,11.009,96796.7
1730044800000,11.009,11.133,10.937,11.01,82674.3
1730059200000,11.012,11.192,10.979,11.076,65607.3
1730073600000,11.076,11.137,10.671,10.713,101919.2
1730088000000,10.71,11.009,10.633,10.921,79503.8
1730102400000,10.921,11.032,10.852,10.936,75185.8
1730116800000,10.936,10.968,10.582,10.627,135763.7
1730131200000,10.626,10.857,10.462,10.739,134840.5
1730145600000,10.848,11.179,10.807,11.02,82673.7
1730160000000,11.021,11.273,10.989,11.176,185804.7
1730174400000,11.177,11.269,11.128,11.209,104842.5
1730188800000,11.211,11.275,11.172,11.208,65058.7
1730203200000,11.208,11.297,11.103,11.29,135772.0
1730217600000,11.289,11.474,11.123,11.172,203366.1
1730232000000,11.173,11.401,11.062,11.319,119564.5
1730246400000,11.319,11.423,11.211,11.32,127637.1
1730260800000,11.323,11.565,11.287,11.368,141188.8
1730275200000,11.368,11.427,11.007,11.025,171837.3
1730289600000,11.024,11.355,10.951,11.125,196122.7
1730304000000,11.126,11.2,11.039,11.073,128353.3
1730318400000,11.075,11.189,10.983,11.055,75189.1
1730332800000,11.053,11.098,10.839,10.953,130255.4
1730347200000,10.954,10.997,10.805,10.827,108100.1
1730361600000,10.827,10.92,10.714,10.871,109911.3
1730376000000,10.872,10.904,10.576,10.734,193661.6
1730390400000,10.735,10.756,10.362,10.468,162731.8
1730404800000,10.465,10.624,10.437,10.561,81382.3
1730419200000,10.563,10.671,10.329,10.569,138776.4
1730433600000,10.566,10.627,10.288,10.378,95249.6
1730448000000,10.377,10.614,10.359,10.559,83283.0
1730462400000,10.556,10.847,10.243,10.39,192073.6
1730476800000,10.385,10.585,10.292,10.346,131154.5
1730491200000,10.346,10.423,10.159,10.333,74018.6
1730505600000,10.338,10.459,10.309,10.325,66226.4
1730520000000,10.326,10.359,10.24,10.274,48363.3
1730534400000,10.271,10.303,10.18,10.19,60093.3
1730548800000,10.191,10.214,9.843,10.015,198114.2
1730563200000,10.019,10.066,9.817,9.978,118370.0
1730577600000,9.98,9.996,9.856,9.955,45413.8
1730592000000,9.959,10.026,9.462,9.66,199844.5
1730606400000,9.661,9.845,9.656,9.78,69481.2
1730620800000,9.781,9.814,9.503,9.518,100914.6
1730635200000,9.515,9.603,8.904,9.244,356392.7
1730649600000,9.242,9.335,9.051,9.298,132108.3
1730664000000,9.297,9.441,9.275,9.402,103354.0
1730678400000,9.401,9.494,9.25,9.291,148178.0
1730692800000,9.29,9.378,9.144,9.154,100830.2
1730707200000,9.161,9.411,9.114,9.321,153410.9
1730721600000,9.325,9.508,9.217,9.307,270542.6
1730736000000,9.31,9.339,9.081,9.143,154504.2
1730750400000,9.14,9.153,8.809,9.064,187252.3
1730764800000,9.064,9.24,9.042,9.184,108187.6
1730779200000,9.181,9.295,9.166,9.273,76763.7
1730793600000,9.273,9.349,9.179,9.236,83720.1
1730808000000,9.239,9.582,9.207,9.561,230007.2
1730822400000,9.562,9.749,9.373,9.419,236270.7
1730836800000,9.42,9.608,9.379,9.535,77448.5
1730851200000,9.536,10.211,9.53,10.135,274635.4
1730865600000,10.14,10.498,10.064,10.281,262865.4
1730880000000,10.279,10.675,9.948,10.474,283128.2
1730894400000,10.476,10.632,10.329,10.478,256627.9
1730908800000,10.48,10.626,10.402,10.577,120150.6
1730923200000,10.578,11.16,10.546,11.008,420226.9
1730937600000,11.009,11.289,10.867,11.163,249075.1
1730952000000,11.165,11.18,10.63,10.814,261675.1
1730966400000,10.81,10.963,10.692,10.702,117377.0
1730980800000,10.699,10.972,10.601,10.97,109134.4
1730995200000,10.971,11.014,10.817,10.943,172012.7
1731009600000,10.942,11.051,10.82,10.962,125145.8
1731024000000,10.967,11.079,10.724,10.836,120187.1
1731038400000,10.838,10.937,10.734,10.805,68943.8
1731052800000,10.801,10.844,10.642,10.823,126572.6
1731067200000,10.824,10.951,10.644,10.723,222203.9
1731081600000,10.72,10.762,10.302,10.586,220944.0
1731096000000,10.586,10.655,10.461,10.642,82747.7
1731110400000,10.645,10.721,10.483,10.496,88859.3
1731124800000,10.499,11.059,10.494,11.049,183594.8
1731139200000,11.054,11.145,10.86,10.997,154561.6
1731153600000,10.996,11.046,10.729,10.87,193870.1
1731168000000,10.868,10.968,10.624,10.833,111614.0
1731182400000,10.833,11.313,10.804,11.21,247915.6
1731196800000,11.211,11.222,10.695,11.092,394426.0
1731211200000,11.091,11.604,11.029,11.284,580892.8
1731225600000,11.283,12.722,11.276,12.356,1205608.3
1731240000000,12.354,12.561,11.873,12.195,574330.5
1731254400000,12.198,12.709,11.884,12.011,548850.8
1731268800000,12.018,12.145,11.403,12.067,519857.4
1731283200000,12.062,12.766,11.949,12.421,390194.8
1731297600000,12.42,12.44,11.621,11.8,443527.2
1731312000000,11.799,12.187,11.736,12.15,287378.6
1731326400000,12.147,12.168,11.572,11.749,430115.2
1731340800000,11.75,12.264,11.709,12.077,544234.1
1731355200000,12.078,12.499,11.856,12.459,356296.0
1731369600000,12.461,12.913,11.9,12.726,936370.8
1731384000000,12.723,12.858,12.281,12.389,374922.3
1731398400000,12.392,12.598,10.969,11.443,889318.4
1731412800000,11.448,11.572,10.936,11.072,452168.1
1731427200000,11.074,11.445,10.773,11.336,311136.3
1731441600000,11.338,11.646,11.172,11.399,202491.1
1731456000000,11.402,11.643,10.705,10.72,547141.7
1731470400000,10.717,10.901,10.253,10.567,395993.0
1731484800000,10.569,10.624,10.277,10.467,211441.3
1731499200000,10.468,11.137,10.329,11.094,504596.1
1731513600000,11.094,11.265,10.57,10.631,441703.8
1731528000000,10.63,10.884,10.356,10.873,289848.7
1731542400000,10.873,10.952,10.556,10.887,262749.0
1731556800000,10.889,11.331,10.828,11.195,261101.4
1731571200000,11.199,11.284,10.586,10.83,234908.0
1731585600000,10.829,10.924,10.298,10.399,320982.9
1731600000000,10.396,10.734,10.314,10.578,186493.3
1731614400000,10.577,10.578,9.944,10.081,359622.8
1731628800000,10.079,10.1,9.786,9.98,413073.2
1731643200000,9.979,10.12,9.669,9.995,313267.9
1731657600000,9.995,10.306,9.864,10.282,228327.3
1731672000000,10.283,10.376,9.836,9.914,252898.4
1731686400000,9.912,10.324,9.859,10.261,207918.4
1731700800000,10.262,10.55,10.255,10.5,131485.4
1731715200000,10.499,10.829,10.405,10.81,152865.3
1731729600000,10.807,10.831,10.602,10.758,129719.2
1731744000000,10.757,11.433,10.675,11.299,311733.7
1731758400000,11.302,11.408,10.766,10.941,393583.7
1731772800000,10.947,11.488,10.88,11.318,285497.8
1731787200000,11.322,11.468,11.167,11.387,156656.1
1731801600000,11.387,11.496,10.658,11.121,418603.5
1731816000000,11.121,11.336,11.013,11.217,168338.1
1731830400000,11.215,11.274,10.866,10.869,175495.6
1731844800000,10.873,11.163,10.852,10.906,200545.7
1731859200000,10.899,10.95,10.533,10.628,202663.3
1731873600000,10.628,10.66,10.355,10.585,163321.9
1731888000000,10.59,10.904,10.481,10.904,208315.4
1731902400000,10.901,11.189,10.804,11.122,248639.5
1731916800000,11.123,11.161,10.632,10.72,232733.3
1731931200000,10.717,11.14,10.558,11.076,234487.3
1731945600000,11.079,11.28,10.69,10.881,266577.9
1731960000000,10.877,11.075,10.819,11.034,233886.3
1731974400000,11.035,11.129,10.909,10.954,148207.5
1731988800000,10.953,11.07,10.7,10.937,238425.9
1732003200000,10.938,10.976,10.682,10.89,180654.3
1732017600000,10.896,11.018,10.565,10.684,257533.9
1732032000000,10.687,10.877,10.617,10.747,127259.9
1732046400000,10.75,10.784,10.25,10.605,246895.9
1732060800000,10.606,10.61,10.011,10.238,284017.9
1732075200000,10.234,10.357,10.122,10.256,116836.5
1732089600000,10.252,10.427,10.115,10.21,174903.8
1732104000000,10.21,10.579,10.102,10.397,312157.2
1732118400000,10.399,10.489,9.765,9.887,369700.4
1732132800000,9.886,10.133,9.815,9.955,139757.7
1732147200000,9.957,10.141,9.562,9.791,289475.8
1732161600000,9.794,10.163,9.732,10.047,245456.7
1732176000000,10.049,10.07,9.788,10.04,146198.3
1732190400000,10.043,10.774,10.021,10.358,562876.7
1732204800000,10.36,10.727,10.36,10.611,211731.4
1732219200000,10.61,10.761,10.553,10.653,155861.3
1732233600000,10.654,10.743,10.38,10.725,190852.6
1732248000000,10.726,10.929,10.587,10.6,313974.5
1732262400000,10.596,10.71,10.4,10.636,144424.5
1732276800000,10.634,10.722,10.172,10.647,352326.4
1732291200000,10.65,10.679,10.285,10.415,192125.4
1732305600000,10.412,11.055,10.368,11.035,223221.2
1732320000000,11.035,11.566,10.9,11.354,576451.2
1732334400000,11.353,11.634,11.19,11.617,312942.1
1732348800000,11.612,11.667,11.324,11.5,243578.6
1732363200000,11.502,12.134,11.441,12.033,503852.3
1732377600000,12.035,12.284,11.293,12.079,979462.6
1732392000000,12.078,12.504,11.774,12.183,394550.6
1732406400000,12.183,13.566,12.114,13.33,977705.4
1732420800000,13.331,13.705,13.0,13.106,687871.3
1732435200000,13.106,13.143,12.15,12.151,655943.1
1732449600000,12.15,12.351,11.528,11.739,854743.3
1732464000000,11.736,12.473,11.661,12.305,359854.4
1732478400000,12.305,13.101,12.278,12.989,264893.5
1732492800000,12.992,13.235,12.416,12.95,447192.9
1732507200000,12.948,13.092,12.49,12.704,285944.9
1732521600000,12.7,13.237,12.684,12.849,346881.4
1732536000000,12.846,13.093,12.224,13.006,567638.0
1732550400000,13.01,13.242,12.586,13.002,421189.1
1732564800000,13.001,13.321,12.516,12.999,491444.2
1732579200000,12.997,13.703,12.839,13.053,740530.2
1732593600000,13.053,13.394,12.746,12.833,409662.6
1732608000000,12.831,12.851,11.82,12.201,534651.8
1732622400000,12.199,12.427,11.949,12.032,320526.8
1732636800000,12.029,12.626,11.943,12.234,359632.1
1732651200000,12.234,12.877,12.177,12.807,243839.6
1732665600000,12.811,13.488,12.445,13.147,703929.2
1732680000000,13.148,13.548,12.928,12.939,367269.1
1732694400000,12.942,13.303,12.816,13.148,436117.3
1732708800000,13.143,13.749,12.808,13.568,455405.5
1732723200000,13.577,13.843,13.473,13.592,278646.7
1732737600000,13.593,14.278,13.564,14.224,327218.5
1732752000000,14.227,14.545,13.65,13.814,614315.1
1732766400000,13.815,14.478,13.765,14.167,467511.5
1732780800000,14.163,14.686,14.032,14.585,782167.1
1732795200000,14.584,14.794,14.105,14.175,816469.7
1732809600000,14.176,15.335,14.176,15.239,1064879.3
1732824000000,15.239,15.49,14.779,15.27,472119.0
1732838400000,15.27,15.298,14.734,14.778,540059.8
1732852800000,14.778,15.059,14.392,14.466,570795.4
1732867200000,14.466,14.895,14.466,14.585,456229.1
1732881600000,14.586,14.756,14.446,14.519,399482.0
1732896000000,14.52,14.752,14.432,14.641,357040.2
1732910400000,14.641,15.037,14.639,14.951,237786.4
1732924800000,14.952,16.184,14.622,16.099,526938.9
1732939200000,16.095,16.624,15.453,15.726,626924.8
1732953600000,15.726,16.177,15.324,15.796,594774.4
1732968000000,15.803,16.626,15.719,16.122,633961.5
1732982400000,16.125,16.179,15.75,15.933,281030.2
1732996800000,15.924,16.01,15.692,15.7,204158.8
1733011200000,15.701,15.868,15.239,15.624,397807.0
1733025600000,15.627,15.767,15.435,15.66,168001.8
1733040000000,15.657,15.788,15.294,15.56,284661.6
1733054400000,15.568,15.941,15.542,15.757,290775.0
1733068800000,15.756,15.758,15.325,15.396,192941.3
1733083200000,15.392,15.719,15.148,15.579,306697.8
1733097600000,15.583,16.211,15.142,15.278,569912.0
1733112000000,15.278,15.877,14.95,15.44,495725.9
1733126400000,15.438,15.533,14.339,14.635,575505.1
1733140800000,14.634,15.677,14.56,15.631,437330.3
1733155200000,15.633,15.72,14.828,15.618,458081.1
1733169600000,15.621,16.238,15.591,16.122,260007.4
1733184000000,16.12,16.656,15.903,16.472,386180.6
1733198400000,16.469,16.873,15.925,16.244,500772.2
1733212800000,16.241,16.593,15.923,16.508,443884.7
1733227200000,16.511,16.659,14.593,15.814,1124179.5
1733241600000,15.817,16.288,15.588,16.112,420404.8
1733256000000,16.112,16.957,16.091,16.883,289050.5
1733270400000,16.883,16.944,16.245,16.619,357161.3
1733284800000,16.614,17.354,16.513,17.266,463944.2
1733299200000,17.262,17.439,16.897,17.069,309779.6
1733313600000,17.068,17.62,16.732,17.219,747396.6
1733328000000,17.219,18.596,16.437,18.31,1124161.1
1733342400000,18.311,18.42,17.188,17.476,445410.5
1733356800000,17.48,17.898,16.515,17.301,681274.5
1733371200000,17.307,18.471,17.177,18.243,677929.8
1733385600000,18.245,18.786,17.784,18.554,611407.6
1733400000000,18.558,19.2,17.959,18.454,716230.2
1733414400000,18.456,19.513,18.371,18.512,879482.0
1733428800000,18.514,20.792,18.279,19.592,1882372.4
1733443200000,19.593,23.091,19.031,22.041,2876888.2
1733457600000,22.044,23.859,21.8,23.39,2298698.0
1733472000000,23.381,24.464,21.56,22.141,3454966.7
1733486400000,22.133,22.222,21.206,21.507,1646085.7
1733500800000,21.51,22.876,21.282,22.671,1042095.0
1733515200000,22.671,24.9,22.513,23.011,2334100.1
1733529600000,23.011,23.707,22.685,22.839,990844.8
1733544000000,22.841,23.143,22.297,22.363,588402.7
1733558400000,22.363,22.443,21.595,22.015,628267.1
1733572800000,22.017,22.489,21.75,21.894,596819.4
1733587200000,21.896,22.179,21.423,21.523,433627.5
1733601600000,21.522,21.836,21.469,21.663,275743.7
1733616000000,21.673,22.335,21.615,21.839,452635.3
1733630400000,21.842,21.883,20.974,21.274,609045.2
1733644800000,21.274,21.292,20.362,20.828,636660.8
1733659200000,20.829,21.225,20.659,20.999,526378.5
1733673600000,21.002,21.072,20.596,20.925,372299.0
1733688000000,20.925,21.273,20.63,21.161,274558.2
1733702400000,21.161,21.166,19.8,20.016,656246.1
1733716800000,20.019,20.359,19.561,20.041,555162.8
1733731200000,20.048,20.048,19.221,19.278,627617.6
1733745600000,19.276,19.963,19.012,19.16,514660.8
1733760000000,19.158,20.59,18.89,19.092,1181756.6
1733774400000,19.087,19.191,13.963,17.072,2537091.0
1733788800000,17.072,17.433,15.443,16.174,940325.2
1733803200000,16.175,16.828,15.871,16.387,522564.9
1733817600000,16.389,16.853,16.172,16.542,414807.4
1733832000000,16.544,16.629,14.84,14.86,1061495.5
1733846400000,14.866,15.208,14.281,15.008,1078723.7
1733860800000,15.004,15.704,14.945,15.499,462358.8
1733875200000,15.5,15.824,14.796,15.796,596449.1
1733889600000,15.801,15.908,15.47,15.512,381016.5
1733904000000,15.512,16.55,15.48,16.405,570213.1
1733918400000,16.403,17.225,16.376,16.991,1004283.4
1733932800000,16.989,17.123,16.645,16.908,342198.4
1733947200000,16.908,17.328,16.812,17.261,311360.5
1733961600000,17.26,18.309,16.921,17.983,665393.2
1733976000000,17.979,18.78,17.853,18.276,652298.6
1733990400000,18.279,18.365,17.501,17.664,420419.5
1734004800000,17.67,18.371,17.669,18.007,694942.7
1734019200000,18.011,18.192,17.1,17.221,458825.9
1734033600000,17.22,17.68,17.176,17.468,287165.5
1734048000000,17.47,17.759,17.025,17.539,393026.4
1734062400000,17.54,17.632,16.772,17.071,372656.8
1734076800000,17.072,17.343,16.921,17.059,240515.0
1734091200000,17.06,17.376,16.782,16.804,454160.7
1734105600000,16.798,17.2,16.748,17.083,345861.7
1734120000000,17.082,17.392,16.892,17.356,168625.2
1734134400000,17.357,17.68,17.039,17.101,254492.5
1734148800000,17.102,17.192,16.889,16.915,154143.9
1734163200000,16.917,17.111,16.549,16.822,289194.1
1734177600000,16.822,16.886,16.046,16.295,405236.6
1734192000000,16.293,16.396,15.83,16.058,294553.7
1734206400000,16.058,16.204,15.744,16.173,221639.4
1734220800000,16.175,16.437,15.885,16.003,258741.9
1734235200000,16.0,16.379,15.654,15.824,249849.5
1734249600000,15.822,16.262,15.81,16.169,196550.6
1734264000000,16.169,17.065,16.11,16.744,426869.0
1734278400000,16.744,16.876,16.376,16.544,212923.7
1734292800000,16.545,16.892,15.902,16.782,345588.9
1734307200000,16.787,17.292,16.482,16.573,340784.7
1734321600000,16.572,16.732,16.274,16.475,252708.8
1734336000000,16.473,16.517,15.75,15.788,274278.1
1734350400000,15.79,16.296,15.774,16.146,273739.0
1734364800000,16.146,16.887,16.126,16.535,264253.3
1734379200000,16.539,16.829,16.146,16.248,178800.2
1734393600000,16.248,16.292,15.886,16.232,283078.9
1734408000000,16.231,16.231,15.801,15.883,386124.3
1734422400000,15.885,16.282,15.736,16.08,281908.1
1734436800000,16.079,16.212,15.171,15.324,500690.3
1734451200000,15.324,15.912,15.185,15.594,421327.1
1734465600000,15.594,15.727,14.971,15.285,240046.2
1734480000000,15.288,15.354,14.786,14.81,315554.7
1734494400000,14.809,15.244,14.61,14.788,513913.3
1734508800000,14.788,14.994,14.608,14.903,230279.8
1734523200000,14.898,14.924,14.463,14.697,380671.5
1734537600000,14.701,15.075,14.409,14.409,420682.4
1734552000000,14.414,14.531,13.2,13.594,1119785.7
1734566400000,13.597,13.798,12.712,13.601,1024435.4
1734580800000,13.601,13.78,13.457,13.553,284753.6
1734595200000,13.553,13.812,13.275,13.692,274983.4
1734609600000,13.69,13.71,12.873,13.15,456757.2
1734624000000,13.15,13.302,11.949,12.221,1073875.0
1734638400000,12.227,12.652,11.814,12.369,527843.5
1734652800000,12.361,13.117,12.166,12.802,679216.7
1734667200000,12.8,12.916,12.168,12.432,480676.2
1734681600000,12.432,12.456,10.868,10.912,1275978.1
1734696000000,10.91,13.162,10.905,13.158,1108468.4
1734710400000,13.158,13.188,12.683,13.004,793146.0
1734724800000,13.003,13.375,12.755,13.304,400638.3
1734739200000,13.303,14.598,13.236,14.096,2037065.1
1734753600000,14.1,15.025,13.849,14.808,1306271.8
1734768000000,14.808,14.947,14.21,14.638,725922.2
1734782400000,14.636,14.636,13.399,13.942,1415647.9
1734796800000,13.943,14.544,13.283,13.587,1186571.4
1734811200000,13.581,13.764,13.356,13.565,484577.5
1734825600000,13.566,14.626,13.416,14.57,1438718.8
1734840000000,14.57,15.836,14.342,14.61,4308142.8
1734854400000,14.611,15.642,14.601,15.166,2158090.6
1734868800000,15.167,15.684,14.605,15.458,3501141.2
1734883200000,15.459,16.72,15.271,15.424,4657067.6
1734897600000,15.424,16.199,15.031,15.518,2556287.4
1734912000000,15.517,15.993,14.644,15.987,2664521.0
1734926400000,15.99,16.002,14.789,15.213,1427004.4
1734940800000,15.212,15.714,14.836,15.028,1252694.1
1734955200000,15.029,15.557,14.608,14.688,1918858.8
1734969600000,14.688,15.374,14.611,15.008,1156693.9
1734984000000,15.007,15.807,14.993,15.559,990830.3
1734998400000,15.559,16.594,15.544,16.399,2054912.7
1735012800000,16.4,18.864,16.152,18.742,5124676.7
1735027200000,18.742,19.479,18.204,18.982,4192472.1
1735041600000,18.978,19.449,18.618,18.634,2689008.8
1735056000000,18.64,20.291,18.635,19.683,3969915.5
1735070400000,19.693,20.227,19.23,19.601,2313479.1
1735084800000,19.603,19.604,18.579,18.969,1853116.9
1735099200000,18.969,20.538,18.804,20.318,2789951.1
1735113600000,20.318,21.436,19.769,20.268,3659118.5
1735128000000,20.269,20.32,18.913,18.991,1858393.7
1735142400000,18.991,19.334,18.669,18.947,1068658.1
1735156800000,18.945,19.288,18.675,19.258,878921.5
1735171200000,19.259,19.381,17.75,17.921,1962079.2
1735185600000,17.921,17.921,17.351,17.697,1207220.4
1735200000000,17.694,19.086,17.296,18.418,2932293.6
1735214400000,18.417,18.814,17.836,17.944,2231400.3
1735228800000,17.943,18.135,17.591,17.818,739384.1
1735243200000,17.817,17.865,17.436,17.644,667236.8
1735257600000,17.65,17.996,17.015,17.293,1469540.9
1735272000000,17.292,17.461,16.582,16.679,975821.2
1735286400000,16.684,17.327,16.682,17.206,1079503.4
1735300800000,17.205,17.573,16.514,16.647,1252179.0
1735315200000,16.647,16.817,16.309,16.613,549835.3
1735329600000,16.613,16.655,16.249,16.425,322258.6
1735344000000,16.427,16.429,15.972,16.187,529857.2
1735358400000,16.186,16.197,15.598,15.61,529566.4
1735372800000,15.609,15.882,15.564,15.735,513696.5
1735387200000,15.738,16.359,15.517,15.932,900592.1
1735401600000,15.933,16.569,15.903,16.537,453087.8
1735416000000,16.537,16.92,16.338,16.463,337455.5
1735430400000,16.464,17.015,16.284,17.0,830787.0
1735444800000,17.0,17.041,16.302,16.455,570982.9
1735459200000,16.455,16.6,16.227,16.342,371835.2
1735473600000,16.343,16.8,16.118,16.523,644793.4
1735488000000,16.525,16.577,16.064,16.201,405181.7
1735502400000,16.203,16.247,15.77,16.022,389062.5
1735516800000,16.022,16.322,15.793,15.828,597843.1
1735531200000,15.827,16.142,15.665,15.796,341634.2
1735545600000,15.797,15.956,15.5,15.724,389405.1
1735560000000,15.723,15.893,14.859,15.046,892730.7
1735574400000,15.045,15.558,14.849,15.428,467869.4
1735588800000,15.43,15.658,14.947,15.129,362360.9
1735603200000,15.128,15.146,14.714,14.812,313234.3
1735617600000,14.811,14.912,14.604,14.754,272699.8
1735632000000,14.754,15.264,14.747,15.188,457101.2
1735646400000,15.189,15.771,15.018,15.51,577236.3
1735660800000,15.509,15.645,15.002,15.091,423817.0
1735675200000,15.09,15.181,14.834,15.02,191190.8
1735689600000,15.02,15.301,14.802,14.803,199798.7
1735704000000,14.804,14.824,14.437,14.764,359679.3
1735718400000,14.765,14.875,14.501,14.786,292032.1
1735732800000,14.785,15.363,14.752,15.314,434748.4
1735747200000,15.316,15.635,15.043,15.55,286839.8
1735761600000,15.555,15.685,15.443,15.499,175236.0
1735776000000,15.501,15.884,15.403,15.431,405162.7
1735790400000,15.434,15.746,15.372,15.695,274829.2
1735804800000,15.696,16.2,15.512,15.845,1410298.2
1735819200000,15.845,16.165,15.648,15.999,627491.2
1735833600000,15.999,16.82,15.938,16.198,1243496.6
1735848000000,16.202,16.638,15.92,16.476,385546.4
1735862400000,16.476,16.721,16.001,16.132,603976.0
1735876800000,16.132,16.134,15.604,15.646,375784.5
1735891200000,15.65,16.188,15.537,16.116,326004.9
1735905600000,16.118,16.874,15.96,16.828,616606.4
1735920000000,16.833,17.116,16.735,17.012,452798.9
1735934400000,17.011,17.282,16.884,17.133,587765.6
1735948800000,17.134,17.24,16.766,16.957,288730.5
1735963200000,16.958,17.062,16.664,17.024,245178.2
1735977600000,17.025,17.029,16.562,16.72,262524.6
1735992000000,16.721,17.22,16.355,16.379,513031.9
1736006400000,16.378,16.758,16.371,16.676,265596.6
1736020800000,16.677,16.799,16.587,16.709,135663.3
1736035200000,16.71,16.724,16.345,16.57,261398.9
1736049600000,16.57,17.018,16.46,16.549,284065.3
1736064000000,16.549,16.675,16.214,16.376,288044.9
1736078400000,16.375,16.491,16.033,16.322,331364.2
1736092800000,16.321,16.416,16.064,16.389,157085.6
1736107200000,16.388,16.648,16.357,16.597,170639.7
1736121600000,16.597,16.858,15.967,16.748,392139.0
1736136000000,16.752,17.0,16.59,16.722,293462.6
1736150400000,16.721,16.824,16.452,16.741,181269.3
1736164800000,16.738,17.073,16.462,16.922,399325.7
1736179200000,16.92,17.327,16.727,16.834,318907.1
1736193600000,16.835,16.943,16.568,16.75,199770.2
1736208000000,16.75,16.75,16.369,16.45,205665.3
1736222400000,16.447,16.593,16.28,16.484,124290.5
1736236800000,16.484,16.712,16.157,16.293,211933.2
1736251200000,16.296,16.499,15.119,15.393,901438.4
1736265600000,15.392,15.417,14.68,14.752,397852.1
1736280000000,14.75,14.979,14.586,14.608,276884.2
1736294400000,14.605,14.784,14.154,14.31,334861.0
1736308800000,14.309,14.324,13.61,13.916,437952.5
1736323200000,13.915,14.108,13.658,13.796,230573.7
1736337600000,13.8,13.99,13.629,13.826,296227.5
1736352000000,13.822,13.83,12.946,13.333,854056.1
1736366400000,13.33,13.614,13.242,13.491,223959.4
1736380800000,13.488,13.818,13.415,13.557,396535.4
1736395200000,13.558,13.63,13.155,13.185,237127.0
1736409600000,13.188,13.614,13.176,13.361,413728.8
1736424000000,13.356,13.756,12.904,13.656,1613318.5
1736438400000,13.655,13.902,13.149,13.244,372685.3
1736452800000,13.244,13.565,13.086,13.516,253806.3
1736467200000,13.515,13.73,13.352,13.559,237840.7
1736481600000,13.558,14.132,13.424,14.069,312408.6
1736496000000,14.069,14.134,13.643,13.784,270707.2
1736510400000,13.786,13.892,13.21,13.587,688500.6
1736524800000,13.589,14.084,13.386,14.032,284656.2
1736539200000,14.034,14.047,13.76,13.907,106871.6
1736553600000,13.906,14.118,13.661,13.691,164678.6
1736568000000,13.691,13.878,13.628,13.714,100290.1
1736582400000,13.715,13.863,13.618,13.762,125326.9
1736596800000,13.765,13.801,13.567,13.615,281178.5
1736611200000,13.616,13.662,13.469,13.545,113245.7
1736625600000,13.545,14.106,13.506,13.737,160216.6
1736640000000,13.737,13.809,13.614,13.705,116114.0
1736654400000,13.707,13.75,13.501,13.61,101197.9
1736668800000,13.611,13.619,13.412,13.566,116621.7
1736683200000,13.567,13.83,13.475,13.75,140141.3
1736697600000,13.755,13.815,13.573,13.624,109755.5
1736712000000,13.628,13.664,13.255,13.46,129265.9
1736726400000,13.462,13.881,12.98,13.029,343266.1
1736740800000,13.029,13.305,12.725,12.878,241210.0
1736755200000,12.873,12.914,12.013,12.019,434563.6
1736769600000,12.021,12.853,11.928,12.712,587383.7
1736784000000,12.716,12.766,12.171,12.41,286214.0
1736798400000,12.415,13.053,12.34,13.044,229558.7
1736812800000,13.044,13.223,12.934,12.992,183762.8
1736827200000,12.992,13.189,12.924,12.93,124162.8
1736841600000,12.93,13.421,12.926,13.082,237446.4
1736856000000,13.085,13.448,12.962,13.255,240553.7
1736870400000,13.252,13.43,13.104,13.35,123547.4
1736884800000,13.348,13.606,13.237,13.527,139178.1
1736899200000,13.531,13.826,13.389,13.534,348018.2
1736913600000,13.537,13.853,13.403,13.69,325225.6
1736928000000,13.691,13.922,13.254,13.453,350145.5
1736942400000,13.454,14.603,13.287,14.488,713570.5
1736956800000,14.489,14.92,14.243,14.847,395758.0
1736971200000,14.844,15.249,14.705,15.169,288641.0
1736985600000,15.169,15.366,14.714,14.8,555311.7
1737000000000,14.801,14.894,14.631,14.798,159476.0
1737014400000,14.802,14.829,14.374,14.778,389463.4
1737028800000,14.778,15.076,14.268,14.712,709348.5
1737043200000,14.709,14.907,14.632,14.881,246538.3
1737057600000,14.882,14.934,14.385,14.501,148454.4
1737072000000,14.503,15.111,14.503,14.765,287336.9
1737086400000,14.765,14.996,14.671,14.847,148308.5
1737100800000,14.845,15.094,14.827,15.0,245631.8
1737115200000,14.999,15.161,14.781,14.963,432983.0
1737129600000,14.965,15.142,14.853,14.933,554364.4
1737144000000,14.934,15.24,14.934,15.082,167287.6
1737158400000,15.083,15.319,14.409,14.478,313375.9
1737172800000,14.476,14.546,13.551,13.593,769741.3
1737187200000,13.591,14.009,13.407,13.934,324290.2
1737201600000,13.936,14.119,13.674,13.722,356027.7
1737216000000,13.726,13.775,13.329,13.596,372710.1
1737230400000,13.599,13.788,13.414,13.702,122474.8
1737244800000,13.702,14.205,13.664,13.85,241723.5
1737259200000,13.85,13.863,13.207,13.331,287838.5
1737273600000,13.324,13.324,12.356,12.449,997774.8
1737288000000,12.456,13.871,12.44,13.529,818743.5
1737302400000,13.531,13.662,13.37,13.596,183341.5
1737316800000,13.596,13.69,12.123,12.442,1221162.7
1737331200000,12.442,12.528,11.828,12.28,931462.3
1737345600000,12.28,13.69,12.132,13.222,796378.9
1737360000000,13.224,13.527,12.957,13.208,265456.2
1737374400000,13.208,13.218,12.538,12.589,411596.4
1737388800000,12.595,12.887,12.001,12.483,799105.7
1737403200000,12.481,12.653,12.151,12.265,173217.2
1737417600000,12.264,12.314,11.674,11.809,410801.2
1737432000000,11.813,12.101,11.55,11.973,357351.1
1737446400000,11.972,12.345,11.76,12.275,365196.1
1737460800000,12.279,12.465,12.024,12.207,347687.5
1737475200000,12.203,12.831,12.164,12.584,360917.3
1737489600000,12.584,12.66,12.366,12.528,199230.2
1737504000000,12.527,12.594,12.239,12.475,194291.3
1737518400000,12.478,12.742,12.362,12.662,273563.9
1737532800000,12.663,12.811,12.402,12.701,256104.4
1737547200000,12.706,12.841,12.346,12.676,284832.0
1737561600000,12.679,13.061,12.515,12.741,438740.6
1737576000000,12.742,12.831,12.386,12.449,181605.7
1737590400000,12.45,12.508,12.12,12.165,209817.7
1737604800000,12.166,12.218,11.972,12.187,198926.4
1737619200000,12.183,12.211,11.925,12.025,170500.4
1737633600000,12.025,12.427,11.84,12.215,395985.0
1737648000000,12.214,12.483,11.729,11.772,461668.6
1737662400000,11.767,12.199,11.707,12.04,416958.4
1737676800000,12.042,12.143,11.589,11.832,235538.8
1737691200000,11.83,12.433,11.741,12.367,295499.7
1737705600000,12.37,12.549,12.283,12.45,189247.8
1737720000000,12.448,12.592,12.201,12.312,197201.8
1737734400000,12.311,12.399,12.11,12.139,153742.5
1737748800000,12.141,12.171,11.718,11.789,227478.5
1737763200000,11.79,11.922,11.513,11.887,241576.5
1737777600000,11.89,11.89,11.763,11.821,141002.8
1737792000000,11.823,11.963,11.685,11.924,159185.4
1737806400000,11.926,12.084,11.837,11.989,126896.4
1737820800000,11.989,12.046,11.862,12.018,127314.2
1737835200000,12.016,12.114,11.915,11.934,72335.4
1737849600000,11.934,12.134,11.867,12.066,102405.4
1737864000000,12.068,12.256,12.025,12.099,102387.9
1737878400000,12.103,12.152,11.872,12.063,193525.4
1737892800000,12.063,12.097,11.886,12.032,129149.3
1737907200000,12.03,12.172,11.937,12.052,96246.7
1737921600000,12.053,12.069,11.469,11.539,247955.6
1737936000000,11.538,11.567,10.944,11.206,562472.7
1737950400000,11.206,11.216,10.428,10.779,480173.8
1737964800000,10.776,10.945,10.556,10.777,276878.4
1737979200000,10.776,11.355,10.706,11.258,466828.6
1737993600000,11.259,11.336,10.92,11.033,253194.1
1738008000000,11.032,11.575,11.031,11.428,182663.1
1738022400000,11.428,11.546,11.168,11.362,134067.7
1738036800000,11.365,11.468,11.153,11.183,97709.2
1738051200000,11.185,11.21,11.024,11.131,116029.4
1738065600000,11.133,11.243,10.981,11.091,148554.8
1738080000000,11.092,11.103,10.777,10.88,240966.8
1738094400000,10.883,10.906,10.277,10.369,224428.0
1738108800000,10.369,10.691,10.225,10.669,177897.9
1738123200000,10.669,10.966,10.625,10.941,109776.6
1738137600000,10.939,10.976,10.674,10.804,122873.8
1738152000000,10.806,10.822,10.476,10.612,180391.0
1738166400000,10.611,10.994,10.314,10.87,363951.2
1738180800000,10.87,11.141,10.641,10.663,296841.7
1738195200000,10.663,10.996,10.505,10.975,159889.9
1738209600000,10.972,11.095,10.886,10.975,189760.1
1738224000000,10.976,11.162,10.861,11.142,116458.4
1738238400000,11.143,11.473,11.031,11.356,209201.5
1738252800000,11.36,11.549,11.281,11.509,160474.2
1738267200000,11.512,11.519,11.145,11.257,183565.1
1738281600000,11.258,11.332,10.971,11.097,134793.6
1738296000000,11.1,11.403,10.992,11.299,157900.2
1738310400000,11.299,11.679,11.179,11.666,148067.0
1738324800000,11.665,11.991,11.528,11.964,270425.1
1738339200000,11.966,12.002,11.366,11.438,263387.9
1738353600000,11.436,11.44,11.162,11.366,210737.2
1738368000000,11.366,11.47,11.245,11.331,128013.1
1738382400000,11.333,11.552,11.273,11.335,150510.1
1738396800000,11.337,11.369,10.958,11.123,290952.6
1738411200000,11.122,11.236,10.88,11.017,170368.5
1738425600000,11.018,11.096,10.554,10.587,197161.2
1738440000000,10.586,10.629,10.17,10.238,372353.4
1738454400000,10.239,10.538,10.002,10.046,292033.1
1738468800000,10.048,10.329,10.016,10.155,239770.6
1738483200000,10.154,10.35,9.984,10.006,269155.1
1738497600000,10.006,10.337,9.994,10.119,271995.4
1738512000000,10.121,10.127,8.985,9.366,966209.5
1738526400000,9.366,9.513,8.527,9.109,629913.9
1738540800000,9.114,9.116,6.52,7.572,2392978.7
1738555200000,7.575,8.3,7.298,8.272,546528.8
1738569600000,8.267,8.267,7.883,8.016,437298.0
1738584000000,8.018,8.631,7.65,8.524,1331724.7
1738598400000,8.524,8.897,8.459,8.871,418827.4
1738612800000,8.87,9.138,8.62,9.056,332556.0
1738627200000,9.056,9.159,8.586,8.644,249718.2
1738641600000,8.645,8.763,8.044,8.077,601311.1
1738656000000,8.08,8.431,7.991,8.296,311051.9
1738670400000,8.297,8.633,8.274,8.395,431565.5
1738684800000,8.396,8.62,8.242,8.242,321585.4
1738699200000,8.242,8.325,7.937,8.213,499329.8
1738713600000,8.216,8.326,8.11,8.206,219005.1
1738728000000,8.208,8.325,8.123,8.23,151444.3
1738742400000,8.229,8.378,8.127,8.364,156736.8
1738756800000,8.364,8.495,8.133,8.228,390889.1
1738771200000,8.227,8.275,7.855,8.113,335723.6
1738785600000,8.113,8.149,7.868,8.037,191266.8
1738800000000,8.036,8.17,7.952,8.087,182691.5
1738814400000,8.086,8.261,8.052,8.171,173851.2
1738828800000,8.171,8.193,7.947,8.056,213600.6
1738843200000,8.056,8.064,7.571,7.63,507572.1
1738857600000,7.629,7.808,7.562,7.585,380908.7
1738872000000,7.585,7.762,7.567,7.641,227998.8
1738886400000,7.641,7.947,7.624,7.882,244758.3
1738900800000,7.88,7.934,7.688,7.817,143093.5
1738915200000,7.82,8.107,7.783,8.098,215425.0
1738929600000,8.097,8.399,8.003,8.188,541700.9
1738944000000,8.189,8.231,7.948,8.02,241583.6
1738958400000,8.019,8.027,7.615,7.891,300265.3
1738972800000,7.89,7.995,7.804,7.861,180679.2
1738987200000,7.861,7.876,7.682,7.825,145493.8
1739001600000,7.826,7.826,7.664,7.712,357766.5
1739016000000,7.711,7.789,7.626,7.685,200962.3
1739030400000,7.683,7.941,7.622,7.899,216603.2
1739044800000,7.899,7.991,7.838,7.938,103495.6
1739059200000,7.938,8.237,7.915,8.198,195871.1
1739073600000,8.198,8.198,8.028,8.118,137088.2
1739088000000,8.117,8.154,8.016,8.02,155567.0
1739102400000,8.019,8.086,7.762,7.912,458580.0
1739116800000,7.913,7.968,7.744,7.773,166889.6
1739131200000,7.772,7.904,7.466,7.867,353420.5
1739145600000,7.866,8.019,7.536,7.775,333111.2
1739160000000,7.774,7.988,7.731,7.891,144689.9
1739174400000,7.891,8.008,7.808,7.855,159968.0
1739188800000,7.856,8.013,7.654,7.728,282972.5
1739203200000,7.729,7.998,7.712,7.915,232669.9
1739217600000,7.915,8.068,7.912,8.06,252230.1
1739232000000,8.059,8.269,8.036,8.171,219654.7
1739246400000,8.17,8.467,8.148,8.346,256820.6
1739260800000,8.344,8.472,8.19,8.302,224829.6
1739275200000,8.301,8.31,7.977,8.128,328797.5
1739289600000,8.125,8.182,7.753,7.794,241426.2
1739304000000,7.795,7.961,7.778,7.894,149472.0
1739318400000,7.892,8.014,7.77,7.842,186952.3
1739332800000,7.841,7.954,7.732,7.795,271497.1
1739347200000,7.794,7.847,7.649,7.77,214333.9
1739361600000,7.771,7.92,7.431,7.771,504020.9
1739376000000,7.772,8.026,7.657,7.911,203513.5
1739390400000,7.912,8.146,7.872,8.135,253546.1
1739404800000,8.134,8.599,8.077,8.43,1013094.5
1739419200000,8.432,8.57,8.029,8.053,557855.5
1739433600000,8.052,8.147,7.956,8.064,263388.5
1739448000000,8.064,8.108,7.712,7.806,483301.2
1739462400000,7.804,7.819,7.611,7.685,220514.5
1739476800000,7.685,7.9,7.67,7.864,165471.8
1739491200000,7.864,8.063,7.825,8.043,207460.4
1739505600000,8.044,8.081,7.86,7.88,149571.9
1739520000000,7.88,8.152,7.87,8.021,222710.3
1739534400000,8.021,8.218,7.947,8.152,244345.5
1739548800000,8.152,8.342,8.042,8.245,317173.2
1739563200000,8.247,8.292,8.009,8.125,186621.1
1739577600000,8.125,8.236,8.024,8.182,162330.0
1739592000000,8.183,8.232,8.037,8.095,131338.5
1739606400000,8.096,8.166,7.972,8.022,141995.4
1739620800000,8.022,8.102,7.863,7.906,236113.0
1739635200000,7.907,7.938,7.749,7.757,170483.3
1739649600000,7.758,7.837,7.69,7.798,135899.2
1739664000000,7.795,7.872,7.728,7.806,135331.0
1739678400000,7.807,7.936,7.786,7.857,156903.3
1739692800000,7.855,8.267,7.834,8.266,342512.5
1739707200000,8.266,8.309,7.955,8.047,378062.0
1739721600000,8.048,8.176,7.946,8.07,248078.5
1739736000000,8.069,8.1,7.972,8.041,207114.9
1739750400000,8.042,8.298,8.025,8.128,254932.3
1739764800000,8.131,8.135,7.88,7.92,263458.1
1739779200000,7.918,8.112,7.798,8.045,298529.6
1739793600000,8.044,8.253,7.895,7.909,268467.6
1739808000000,7.907,7.975,7.647,7.729,340447.5
1739822400000,7.728,7.924,7.703,7.782,250671.4
1739836800000,7.782,7.817,7.653,7.709,207381.2
1739851200000,7.708,7.716,7.224,7.237,537563.3
1739865600000,7.237,7.441,7.122,7.345,579134.3
1739880000000,7.344,7.466,6.983,7.028,539783.8
1739894400000,7.029,7.126,6.801,6.964,577300.7
1739908800000,6.965,7.134,6.893,7.123,271350.8
1739923200000,7.122,7.164,6.999,7.053,200363.4
1739937600000,7.053,7.269,6.953,7.214,349701.7
1739952000000,7.214,7.372,7.171,7.31,366374.9
1739966400000,7.311,7.332,7.059,7.094,344419.5
1739980800000,7.094,7.199,7.019,7.106,239578.4
1739995200000,7.105,7.177,6.989,7.085,231370.5
1740009600000,7.085,7.292,7.059,7.247,321389.7
1740024000000,7.247,7.356,7.168,7.17,309159.3
1740038400000,7.169,7.295,7.125,7.265,230658.7
1740052800000,7.264,7.36,7.114,7.132,349104.1
1740067200000,7.133,7.44,7.122,7.42,348124.2
1740081600000,7.42,7.501,7.334,7.48,288582.5
1740096000000,7.48,7.536,7.333,7.391,323584.4
1740110400000,7.392,7.637,7.387,7.586,226082.7
1740124800000,7.587,7.885,7.563,7.734,522324.3
1740139200000,7.733,7.925,7.45,7.564,636282.7
1740153600000,7.564,7.68,7.122,7.168,563755.6
1740168000000,7.171,7.231,7.073,7.119,316112.9
1740182400000,7.121,7.314,7.068,7.237,260471.2
1740196800000,7.237,7.347,7.213,7.241,152261.4
1740211200000,7.241,7.393,7.238,7.355,163874.1
1740225600000,7.356,7.443,7.292,7.421,241945.6
1740240000000,7.422,7.614,7.422,7.559,257009.8
1740254400000,7.56,7.582,7.453,7.571,145113.0
1740268800000,7.57,7.582,7.411,7.463,174142.8
1740283200000,7.464,7.596,7.39,7.573,128368.1
1740297600000,7.574,7.579,7.386,7.386,169294.3
1740312000000,7.387,7.409,7.246,7.249,216000.6
1740326400000,7.248,7.364,7.244,7.315,110744.1
1740340800000,7.315,7.429,7.267,7.398,122347.3
1740355200000,7.399,7.436,6.982,7.0,266996.1
1740369600000,7.0,7.149,6.889,7.096,267176.7
1740384000000,7.095,7.095,6.894,7.009,296165.1
1740398400000,7.009,7.11,6.805,6.904,373074.8
1740412800000,6.907,6.985,6.771,6.818,242145.7
1740427200000,6.819,6.992,6.168,6.283,871071.4
1740441600000,6.281,6.353,6.045,6.242,536992.7
1740456000000,6.245,6.327,5.898,6.12,733296.2
1740470400000,6.119,6.332,5.985,6.307,408939.6
1740484800000,6.305,6.481,6.185,6.379,412685.2
1740499200000,6.38,6.547,6.325,6.544,245895.8
1740513600000,6.545,6.736,6.511,6.61,239578.6
1740528000000,6.612,8.067,6.575,7.716,2727218.8
1740542400000,7.714,7.719,7.093,7.243,3043493.6
1740556800000,7.244,7.439,7.139,7.201,1004839.5
1740571200000,7.201,7.313,6.956,7.201,1107807.8
1740585600000,7.201,7.253,6.716,6.792,906528.8
1740600000000,6.793,7.172,6.696,6.995,610146.6
1740614400000,6.996,7.101,6.877,7.087,505343.6
1740628800000,7.086,7.195,6.985,7.118,393336.2
1740643200000,7.118,7.2,7.053,7.085,316399.5
1740657600000,7.084,7.139,6.913,6.996,455627.5
1740672000000,6.997,7.057,6.843,6.887,257268.2
1740686400000,6.886,6.925,6.741,6.909,360659.9
1740700800000,6.91,6.919,6.358,6.369,983448.5
1740715200000,6.37,6.418,6.265,6.329,719438.2
1740729600000,6.33,6.502,6.247,6.299,524801.6
1740744000000,6.298,6.622,6.222,6.539,916570.1
1740758400000,6.539,6.722,6.447,6.645,509464.9
1740772800000,6.645,6.708,6.58,6.632,248233.1
1740787200000,6.633,6.686,6.507,6.581,334864.1
1740801600000,6.581,6.699,6.475,6.501,323661.1
1740816000000,6.501,6.557,6.338,6.357,262832.0
1740830400000,6.358,6.457,6.3,6.42,317177.4
1740844800000,6.42,6.483,6.365,6.44,262061.6
1740859200000,6.439,6.551,6.399,6.509,222704.2
1740873600000,6.51,6.525,6.431,6.457,214846.5
1740888000000,6.458,6.52,6.398,6.445,166174.2
1740902400000,6.445,6.599,6.405,6.598,244349.6
1740916800000,6.598,7.128,6.415,6.909,1020737.4
1740931200000,6.91,7.461,6.885,7.452,1048751.0
1740945600000,7.451,7.523,7.395,7.507,284331.2
1740960000000,7.506,7.533,7.075,7.14,397446.5
1740974400000,7.14,7.246,6.809,6.964,582372.8
1740988800000,6.965,7.05,6.8,6.994,356020.1
1741003200000,6.994,7.123,6.813,6.949,513662.3
1741017600000,6.949,6.979,6.161,6.191,1248454.1
1741032000000,6.191,6.284,6.089,6.186,428006.5
1741046400000,6.185,6.228,5.624,5.887,829615.8
1741060800000,5.888,6.039,5.877,5.962,276664.4
1741075200000,5.961,6.078,5.93,5.999,292335.1
1741089600000,5.998,6.191,5.85,6.017,749692.4
1741104000000,6.017,6.204,5.65,6.153,536087.7
1741118400000,6.153,6.197,5.99,6.099,242717.9
1741132800000,6.101,6.12,5.968,5.97,236323.2
1741147200000,5.972,6.103,5.966,6.101,140695.2
1741161600000,6.101,6.327,6.085,6.201,184287.7
1741176000000,6.202,6.297,6.121,6.173,207724.8
1741190400000,6.173,6.301,6.072,6.265,190859.0
1741204800000,6.265,6.339,6.244,6.311,120266.5
1741219200000,6.312,6.36,6.194,6.351,166133.5
1741233600000,6.352,6.441,6.248,6.265,152319.2
1741248000000,6.266,6.389,6.264,6.369,123760.7
1741262400000,6.37,6.376,6.126,6.274,249791.1
1741276800000,6.275,6.305,6.013,6.04,209607.3
1741291200000,6.041,6.186,6.031,6.081,136711.7
1741305600000,6.08,6.146,5.739,5.965,383127.1
1741320000000,5.965,6.056,5.941,6.029,146588.9
1741334400000,6.028,6.15,5.981,6.11,135513.8
1741348800000,6.108,6.299,6.012,6.204,349188.6
1741363200000,6.202,6.323,6.008,6.192,218498.9
1741377600000,6.193,6.235,5.977,6.02,222522.3
1741392000000,6.019,6.091,5.926,6.011,153584.4
1741406400000,6.011,6.048,5.921,5.958,105526.9
1741420800000,5.958,5.985,5.855,5.918,113323.8
1741435200000,5.919,6.008,5.885,5.94,132368.7
1741449600000,5.943,6.006,5.851,5.991,132201.7
1741464000000,5.991,5.991,5.856,5.929,96018.9
1741478400000,5.93,5.958,5.83,5.879,84559.5
1741492800000,5.878,5.929,5.815,5.88,107832.5
1741507200000,5.88,5.883,5.714,5.738,126331.3
1741521600000,5.737,6.071,5.586,5.669,599747.8
1741536000000,5.669,5.7,5.323,5.515,446084.8
1741550400000,5.515,5.597,5.419,5.472,222725.2
1741564800000,5.474,5.569,5.372,5.459,253715.9
1741579200000,5.46,5.565,5.447,5.513,156695.5
1741593600000,5.513,5.745,5.426,5.661,357713.6
1741608000000,5.661,5.705,5.292,5.423,432615.2
1741622400000,5.42,5.444,4.781,5.01,712726.8
1741636800000,5.011,5.082,4.93,4.945,261693.9
1741651200000,4.946,5.013,4.577,4.917,665416.9
1741665600000,4.917,5.075,4.889,5.002,287165.4
1741680000000,5.0,5.099,4.972,5.05,242935.2
1741694400000,5.051,5.143,4.878,5.117,511554.4
1741708800000,5.118,5.314,5.047,5.245,257738.3
1741723200000,5.244,5.29,5.197,5.229,157104.3
1741737600000,5.228,5.31,5.085,5.096,262426.7
1741752000000,5.096,5.221,5.054,5.207,188781.4
1741766400000,5.208,5.369,5.17,5.357,247494.6
1741780800000,5.357,5.529,5.131,5.246,564193.5
1741795200000,5.245,5.356,5.232,5.293,152732.9
1741809600000,5.292,5.418,5.233,5.356,281417.7
1741824000000,5.356,5.399,5.305,5.311,128290.0
1741838400000,5.31,5.337,5.205,5.265,160003.3
1741852800000,5.263,5.391,5.226,5.345,161537.7
1741867200000,5.346,5.432,5.196,5.212,276621.6
1741881600000,5.213,5.222,5.07,5.1,160545.2
1741896000000,5.1,5.23,5.053,5.171,125845.5
1741910400000,5.172,5.252,5.148,5.195,265800.6
1741924800000,5.199,5.271,5.181,5.231,224456.5
1741939200000,5.232,5.322,5.227,5.284,125016.4
1741953600000,5.283,5.442,5.231,5.382,292766.1
1741968000000,5.383,5.448,5.343,5.385,155832.0
1741982400000,5.386,5.446,5.355,5.391,96422.6
1741996800000,5.39,5.415,5.331,5.413,74987.9
1742011200000,5.413,5.484,5.365,5.381,135159.0
1742025600000,5.382,5.406,5.336,5.391,95629.3
1742040000000,5.39,5.46,5.378,5.454,103800.7
1742054400000,5.452,5.592,5.437,5.524,192264.3
1742068800000,5.524,5.603,5.523,5.548,153209.8
1742083200000,5.548,5.574,5.419,5.547,219628.4
1742097600000,5.547,5.607,5.505,5.553,143723.2
1742112000000,5.552,5.755,5.393,5.394,649222.9
1742126400000,5.394,5.492,5.361,5.396,378768.2
1742140800000,5.396,5.562,5.302,5.319,247151.9
1742155200000,5.32,5.382,5.261,5.318,116397.2
1742169600000,5.319,5.506,5.316,5.483,147665.5
1742184000000,5.482,5.535,5.394,5.516,171556.2
1742198400000,5.517,5.585,5.468,5.555,165012.6
1742212800000,5.554,5.638,5.443,5.55,357407.4
1742227200000,5.551,5.701,5.536,5.657,354284.6
1742241600000,5.658,6.082,5.604,5.73,997594.2
1742256000000,5.731,5.753,5.528,5.556,390045.7
1742270400000,5.555,5.638,5.534,5.598,225289.2
1742284800000,5.6,5.69,5.552,5.569,353183.6
1742299200000,5.569,5.645,5.507,5.518,320210.0
1742313600000,5.517,5.577,5.405,5.566,306602.9
1742328000000,5.566,5.689,5.528,5.652,195292.2
1742342400000,5.652,5.728,5.636,5.728,172662.2
1742356800000,5.729,5.77,5.644,5.655,200808.5
1742371200000,5.656,5.765,5.59,5.756,254881.6
1742385600000,5.756,5.764,5.618,5.698,229534.5
1742400000000,5.698,5.705,5.535,5.652,293127.1
1742414400000,5.652,5.726,5.614,5.705,135628.9
1742428800000,5.704,5.807,5.621,5.634,306989.7
1742443200000,5.633,5.637,5.562,5.568,135331.6
1742457600000,5.568,5.632,5.465,5.498,188009.9
1742472000000,5.5,5.575,5.444,5.467,442319.4
1742486400000,5.466,5.513,5.359,5.445,247502.1
1742500800000,5.444,5.455,5.389,5.418,106492.2
1742515200000,5.418,5.5,5.415,5.435,121953.6
1742529600000,5.435,5.516,5.377,5.411,173676.0
1742544000000,5.412,5.427,5.299,5.343,178846.2
1742558400000,5.343,5.41,5.306,5.321,210038.8
1742572800000,5.323,5.448,5.305,5.43,156947.2
1742587200000,5.43,5.52,5.42,5.446,187166.6
1742601600000,5.445,5.468,5.369,5.426,129835.5
1742616000000,5.424,5.527,5.422,5.511,165015.7
1742630400000,5.51,5.558,5.491,5.501,124549.9
1742644800000,5.503,5.538,5.422,5.531,137813.0
1742659200000,5.53,6.01,5.526,5.733,1091006.1
1742673600000,5.733,5.763,5.554,5.612,198817.0
1742688000000,5.611,5.674,5.59,5.649,242402.6
1742702400000,5.649,5.652,5.532,5.596,183218.7
1742716800000,5.597,5.626,5.428,5.446,415356.6
1742731200000,5.446,5.549,5.44,5.461,308769.5
1742745600000,5.463,5.48,5.341,5.386,222218.9
1742760000000,5.386,5.46,5.382,5.457,104148.7
1742774400000,5.458,5.531,5.382,5.492,227839.9
1742788800000,5.491,5.667,5.49,5.614,234702.6
1742803200000,5.613,5.712,5.588,5.7,227667.4
1742817600000,5.699,5.881,5.651,5.827,931886.3
1742832000000,5.828,5.983,5.746,5.899,992809.2
1742846400000,5.901,5.954,5.801,5.874,324983.7
1742860800000,5.873,5.946,5.746,5.765,308742.6
1742875200000,5.764,5.885,5.722,5.824,253268.5
1742889600000,5.825,6.036,5.82,5.901,886195.2
1742904000000,5.902,5.943,5.839,5.876,391543.9
1742918400000,5.873,5.941,5.804,5.889,462018.3
1742932800000,5.889,5.962,5.854,5.937,354527.9
1742947200000,5.937,5.995,5.864,5.919,351910.3
1742961600000,5.919,6.013,5.904,6.002,222830.4
1742976000000,6.002,6.032,5.923,5.983,301282.3
1742990400000,5.983,5.99,5.665,5.772,715077.5
1743004800000,5.772,5.803,5.591,5.641,325846.5
1743019200000,5.64,5.699,5.575,5.652,204418.9
1743033600000,5.652,5.819,5.62,5.809,218577.4
1743048000000,5.81,5.814,5.716,5.758,209553.5
1743062400000,5.757,5.805,5.612,5.629,297005.1
1743076800000,5.628,5.725,5.504,5.652,392566.7
1743091200000,5.65,5.682,5.568,5.623,192456.4
1743105600000,5.622,5.654,5.567,5.576,148870.1
1743120000000,5.576,5.586,5.441,5.474,270242.3
1743134400000,5.475,5.48,5.034,5.053,932308.2
1743148800000,5.053,5.077,4.951,5.058,439711.9
1743163200000,5.057,5.09,4.95,5.011,562056.4
1743177600000,5.01,5.067,4.921,4.93,294146.2
1743192000000,4.932,5.092,4.909,5.087,185063.7
1743206400000,5.085,5.11,4.885,4.966,254674.4
1743220800000,4.965,4.978,4.776,4.821,223882.6
1743235200000,4.822,4.865,4.686,4.737,370205.7
1743249600000,4.738,4.816,4.717,4.726,240789.0
1743264000000,4.725,4.745,4.555,4.695,308990.3
1743278400000,4.695,4.725,4.649,4.713,161502.1
1743292800000,4.714,4.832,4.661,4.779,214157.8
1743307200000,4.778,4.821,4.76,4.801,149416.0
1743321600000,4.799,4.877,4.798,4.853,167895.4
1743336000000,4.854,4.869,4.765,4.829,196601.7
1743350400000,4.83,4.905,4.772,4.898,141116.3
1743364800000,4.898,4.9,4.734,4.84,160919.2
1743379200000,4.841,4.876,4.706,4.804,226357.4
1743393600000,4.806,4.977,4.768,4.865,493724.6
1743408000000,4.866,4.971,4.777,4.889,578366.6
1743422400000,4.889,4.991,4.824,4.942,461025.6
1743436800000,4.943,4.949,4.806,4.863,187061.0
1743451200000,4.862,4.888,4.75,4.802,244157.5
1743465600000,4.802,4.9,4.766,4.87,225828.9
1743480000000,4.871,4.981,4.866,4.939,204651.6
1743494400000,4.939,5.076,4.871,4.904,346428.3
1743508800000,4.903,5.025,4.843,4.999,380395.3
1743523200000,5.0,5.027,4.904,4.914,127159.1
1743537600000,4.914,4.943,4.842,4.858,250554.5
1743552000000,4.856,4.876,4.592,4.733,443771.8
1743566400000,4.733,4.77,4.647,4.721,314316.3
1743580800000,4.72,4.826,4.692,4.749,273866.0
1743595200000,4.749,4.907,4.674,4.849,404960.0
1743609600000,4.851,4.89,4.746,4.815,275190.1
1743624000000,4.815,4.944,4.448,4.498,684326.8
1743638400000,4.499,4.699,4.486,4.667,171951.4
1743652800000,4.668,4.684,4.501,4.522,189415.8
1743667200000,4.522,4.558,4.308,4.379,292016.6
1743681600000,4.379,4.411,4.259,4.295,515400.1
1743696000000,4.295,4.446,4.28,4.422,322828.4
1743710400000,4.422,4.524,4.412,4.492,148551.3
1743724800000,4.493,4.518,4.435,4.501,187488.6
1743739200000,4.501,4.589,4.494,4.566,139156.7
1743753600000,4.567,4.644,4.313,4.378,432152.5
1743768000000,4.379,4.438,4.191,4.204,736490.8
1743782400000,4.205,4.494,4.205,4.365,1525070.3
1743796800000,4.366,4.435,4.352,4.404,181248.6
1743811200000,4.405,4.457,4.32,4.324,206821.8
1743825600000,4.324,4.398,4.32,4.397,131972.6
1743840000000,4.397,4.419,4.321,4.334,170289.8
1743854400000,4.334,4.34,4.205,4.227,654659.3
1743868800000,4.226,4.298,4.224,4.263,157482.0
1743883200000,4.264,4.347,4.261,4.34,113716.0
1743897600000,4.341,4.365,4.284,4.302,151962.6
1743912000000,4.302,4.329,4.276,4.284,85155.5
1743926400000,4.284,4.331,4.268,4.298,118753.4
1743940800000,4.296,4.298,4.112,4.183,280038.1
1743955200000,4.182,4.184,3.825,3.932,830243.0
1743969600000,3.931,3.959,3.776,3.886,454323.3
1743984000000,3.888,4.014,3.737,3.787,312529.2
1743998400000,3.785,3.847,3.467,3.575,772089.5
1744012800000,3.574,3.76,3.548,3.676,391126.9
1744027200000,3.676,4.039,3.658,3.852,795254.3
1744041600000,3.851,3.899,3.771,3.827,250476.6
1744056000000,3.827,3.915,3.819,3.875,162031.3
1744070400000,3.877,3.986,3.825,3.886,172006.3
1744084800000,3.886,3.924,3.808,3.834,202616.0
1744099200000,3.834,3.923,3.809,3.908,133630.6
1744113600000,3.91,4.086,3.837,3.965,2338513.1
1744128000000,3.965,4.009,3.204,3.539,9443702.9
1744142400000,3.538,3.546,3.459,3.487,623160.3
1744156800000,3.485,3.675,3.412,3.53,1927561.8
1744171200000,3.529,3.6,3.471,3.592,1077560.1
1744185600000,3.59,3.641,3.533,3.544,623070.0
1744200000000,3.544,3.693,3.523,3.639,1428865.0
1744214400000,3.64,4.142,3.627,3.996,7270082.9
1744228800000,3.996,4.043,3.959,3.993,494419.8
1744243200000,3.992,4.042,3.798,3.847,1703048.4
1744257600000,3.847,3.869,3.789,3.815,425179.7
1744272000000,3.816,3.864,3.763,3.804,317300.8
1744286400000,3.804,3.958,3.722,3.768,931694.1
1744300800000,3.768,3.799,3.715,3.769,392756.6
1744315200000,3.772,3.969,3.761,3.862,547719.1
1744329600000,3.861,3.973,3.823,3.883,471175.7
1744344000000,3.881,3.896,3.844,3.86,197279.8
1744358400000,3.859,3.984,3.833,3.933,370325.6
1744372800000,3.935,3.973,3.865,3.926,333814.2
1744387200000,3.926,3.992,3.896,3.921,307237.3
1744401600000,3.922,3.98,3.91,3.928,178805.5
1744416000000,3.927,3.93,3.826,3.849,233785.5
1744430400000,3.849,3.942,3.83,3.937,167358.2
1744444800000,3.936,3.996,3.911,3.915,223405.9
1744459200000,3.914,4.13,3.876,4.083,476885.8
1744473600000,4.082,4.137,4.042,4.092,266032.0
1744488000000,4.093,4.138,4.074,4.095,115395.8
1744502400000,4.095,4.109,4.018,4.033,136345.6
1744516800000,4.034,4.035,3.967,4.028,121419.3
1744531200000,4.026,4.105,3.988,4.003,157846.9
1744545600000,4.003,4.018,3.888,3.927,215048.9
1744560000000,3.926,4.076,3.86,3.916,490496.9
1744574400000,3.917,3.965,3.812,3.854,301231.2
1744588800000,3.854,4.004,3.825,3.888,284844.1
1744603200000,3.888,3.934,3.824,3.882,200364.5
1744617600000,3.881,3.994,3.869,3.966,197948.3
1744632000000,3.967,4.026,3.869,3.883,385607.3
1744646400000,3.882,3.959,3.86,3.936,192507.2
1744660800000,3.937,3.959,3.889,3.907,142024.3
1744675200000,3.908,3.938,3.855,3.934,149291.2
1744689600000,3.934,3.978,3.894,3.963,184240.3
1744704000000,3.963,4.005,3.89,3.916,198373.5
1744718400000,3.915,3.955,3.837,3.906,197866.0
1744732800000,3.906,3.914,3.792,3.795,169636.1
1744747200000,3.795,3.852,3.774,3.797,156249.2
1744761600000,3.796,3.844,3.747,3.827,148811.7
1744776000000,3.827,3.845,3.775,3.786,126002.8
1744790400000,3.784,3.828,3.733,3.806,161321.6
1744804800000,3.805,3.841,3.733,3.783,196011.8
1744819200000,3.784,3.833,3.665,3.816,398515.3
1744833600000,3.815,3.836,3.763,3.799,112965.8
1744848000000,3.799,3.891,3.749,3.778,508635.5
1744862400000,3.777,3.902,3.736,3.884,225608.5
1744876800000,3.884,3.899,3.763,3.781,252129.8
1744891200000,3.781,3.817,3.717,3.779,240694.8
1744905600000,3.779,3.868,3.751,3.811,227199.4
1744920000000,3.811,3.856,3.806,3.834,103509.1
1744934400000,3.835,3.883,3.789,3.86,236217.3
1744948800000,3.859,3.925,3.83,3.923,144455.6
1744963200000,3.923,3.952,3.885,3.913,157215.0
1744977600000,3.914,3.933,3.866,3.888,151218.9
1744992000000,3.889,3.92,3.885,3.898,83588.7
1745006400000,3.899,3.914,3.873,3.9,92228.4
1745020800000,3.9,4.017,3.891,3.991,161913.7
1745035200000,3.992,4.06,3.967,4.039,197855.3
1745049600000,4.038,4.057,3.969,3.984,160594.7
1745064000000,3.985,4.054,3.95,4.045,167000.1
1745078400000,4.046,4.096,4.005,4.049,191663.4
1745092800000,4.049,4.058,4.002,4.022,141411.5
1745107200000,4.022,4.11,3.997,4.11,168033.9
1745121600000,4.108,4.189,4.078,4.107,263832.0
1745136000000,4.106,4.108,4.015,4.049,176169.0
1745150400000,4.048,4.13,4.032,4.125,187282.7
1745164800000,4.124,4.18,4.116,4.162,211852.9
1745179200000,4.161,4.194,4.141,4.162,119763.5
1745193600000,4.161,4.281,4.145,4.181,397411.9
1745208000000,4.181,4.294,4.154,4.276,272066.0
1745222400000,4.278,4.31,4.18,4.208,285414.6
1745236800000,4.208,4.265,4.193,4.228,288990.4
1745251200000,4.228,4.254,4.104,4.175,295644.7
1745265600000,4.173,4.195,4.088,4.11,169573.0
1745280000000,4.111,4.195,4.026,4.144,355998.9
1745294400000,4.145,4.187,4.044,4.152,374278.5
1745308800000,4.153,4.251,4.132,4.226,208347.4
1745323200000,4.226,5.639,4.211,5.367,7511524.8
1745337600000,5.369,5.961,5.2,5.332,16647231.7
1745352000000,5.332,5.722,5.28,5.484,4379919.2
1745366400000,5.48,5.653,5.312,5.559,3646795.9
1745380800000,5.56,6.239,5.427,5.579,6140614.5
1745395200000,5.582,5.767,5.463,5.554,2722381.0
1745409600000,5.553,5.709,5.22,5.237,3083646.8
1745424000000,5.237,5.28,5.034,5.076,1585648.9
1745438400000,5.076,5.167,5.074,5.12,401096.1
1745452800000,5.12,5.144,4.925,4.931,735679.0
1745467200000,4.932,5.03,4.893,4.904,637029.0
1745481600000,4.905,5.008,4.844,5.0,623964.8
1745496000000,4.999,5.154,4.958,5.116,762538.1
1745510400000,5.119,5.191,5.042,5.121,574921.3
1745524800000,5.122,5.182,5.094,5.172,339562.2
1745539200000,5.173,5.198,5.036,5.088,447850.1
1745553600000,5.088,5.492,5.072,5.425,1821554.5
1745568000000,5.424,5.476,5.266,5.391,934633.2
1745582400000,5.39,5.682,5.305,5.516,973723.0
1745596800000,5.516,5.59,5.322,5.389,545343.0
1745611200000,5.389,5.466,5.311,5.382,381243.5
1745625600000,5.384,5.759,5.384,5.591,790368.5
1745640000000,5.591,5.683,5.537,5.557,394502.3
1745654400000,5.556,5.611,5.341,5.368,534951.4
1745668800000,5.367,5.474,5.349,5.466,317454.6
1745683200000,5.466,5.545,5.381,5.406,281440.9
1745697600000,5.405,5.449,5.382,5.42,198769.1
1745712000000,5.42,5.433,5.229,5.327,323422.9
1745726400000,5.327,5.333,5.132,5.219,354380.7
1745740800000,5.219,5.259,5.17,5.18,191364.7
1745755200000,5.18,5.187,5.076,5.123,209765.6
1745769600000,5.123,5.153,5.063,5.148,130837.5
1745784000000,5.148,5.158,5.072,5.08,126505.5
1745798400000,5.08,5.153,4.953,5.128,510373.6
1745812800000,5.129,5.298,5.128,5.273,365956.0
1745827200000,5.274,5.35,5.189,5.268,342059.5
1745841600000,5.273,5.285,5.017,5.061,302870.5
1745856000000,5.061,5.226,5.009,5.209,188118.8
1745870400000,5.209,5.233,5.168,5.226,149322.5
1745884800000,5.226,5.341,5.204,5.281,273198.6
1745899200000,5.281,5.298,5.188,5.264,173584.4
1745913600000,5.263,5.275,5.072,5.111,251600.2
1745928000000,5.111,5.17,5.05,5.111,213389.6
1745942400000,5.111,5.137,5.068,5.087,126355.1
1745956800000,5.087,5.094,4.863,4.982,256594.7
1745971200000,4.981,5.036,4.936,5.006,178784.9
1745985600000,5.005,5.047,4.942,4.96,112823.0
1746000000000,4.96,5.062,4.945,5.044,114344.6
1746014400000,5.044,5.063,4.873,4.955,386651.6
1746028800000,4.955,5.08,4.909,5.02,260594.7
1746043200000,5.021,5.06,4.992,5.033,128468.2
1746057600000,5.034,5.112,4.941,4.945,223531.5
1746072000000,4.946,5.057,4.923,5.025,201093.7
1746086400000,5.024,5.109,4.999,5.1,206237.3
1746100800000,5.1,5.196,5.029,5.118,326624.4
1746115200000,5.118,5.19,5.063,5.097,155667.8
1746129600000,5.098,5.124,5.042,5.076,109915.5
1746144000000,5.076,5.159,5.034,5.052,233554.9
1746158400000,5.053,5.056,4.949,4.956,166542.0
1746172800000,4.956,5.02,4.948,4.984,172686.4
1746187200000,4.985,5.051,4.955,5.023,203272.5
1746201600000,5.023,5.1,4.73,4.829,828991.2
1746216000000,4.828,4.885,4.809,4.867,207614.5
1746230400000,4.866,4.882,4.812,4.84,203416.1
1746244800000,4.841,4.873,4.799,4.811,179449.6
1746259200000,4.81,4.864,4.76,4.768,293649.2
1746273600000,4.768,4.849,4.765,4.824,180574.6
1746288000000,4.823,4.828,4.652,4.806,383267.0
1746302400000,4.807,4.821,4.756,4.757,99100.0
1746316800000,4.757,4.787,4.658,4.719,243538.2
1746331200000,4.72,4.769,4.688,4.728,215775.7
1746345600000,4.728,4.747,4.652,4.729,178911.8
1746360000000,4.73,4.75,4.677,4.711,157645.5
1746374400000,4.71,4.722,4.619,4.663,132556.3
1746388800000,4.663,4.718,4.648,4.684,108724.0
1746403200000,4.684,4.748,4.621,4.731,196942.6
1746417600000,4.731,4.798,4.729,4.756,173198.2
1746432000000,4.756,4.78,4.63,4.72,380262.0
1746446400000,4.718,4.774,4.645,4.674,274465.0
1746460800000,4.676,4.78,4.667,4.729,153596.8
1746475200000,4.729,4.744,4.638,4.671,172250.2
1746489600000,4.67,4.736,4.603,4.724,241648.5
1746504000000,4.724,4.764,4.675,4.676,204432.2
1746518400000,4.675,4.688,4.456,4.506,432015.7
1746532800000,4.506,4.595,4.451,4.519,276939.7
1746547200000,4.518,4.588,4.452,4.524,246416.5
1746561600000,4.525,4.613,4.37,4.592,448992.2
1746576000000,4.591,4.723,4.49,4.601,407298.2
1746590400000,4.601,4.628,4.53,4.61,196356.8
1746604800000,4.61,4.646,4.58,4.61,167892.5
1746619200000,4.609,4.614,4.528,4.54,179949.0
1746633600000,4.538,4.569,4.472,4.503,248592.8
1746648000000,4.501,4.656,4.488,4.633,110844.8
1746662400000,4.634,4.749,4.609,4.718,331945.4
1746676800000,4.721,4.831,4.721,4.811,296820.2
1746691200000,4.812,4.899,4.807,4.865,372243.1
1746705600000,4.867,5.027,4.824,4.98,373194.0
1746720000000,4.979,5.061,4.974,5.046,309897.9
1746734400000,5.048,5.218,5.034,5.208,459847.8
1746748800000,5.207,5.293,5.164,5.186,393694.1
1746763200000,5.185,5.624,5.18,5.547,1519756.6
1746777600000,5.548,5.675,5.357,5.478,849316.8
1746792000000,5.477,5.551,5.319,5.453,426810.3
1746806400000,5.454,5.5,5.37,5.442,417566.9
1746820800000,5.442,5.549,5.42,5.545,213994.2
1746835200000,5.546,5.693,5.466,5.56,414766.4
1746849600000,5.559,5.665,5.496,5.648,404173.9
1746864000000,5.647,5.686,5.442,5.475,554032.7
1746878400000,5.475,5.654,5.417,5.587,479868.4
1746892800000,5.587,6.075,5.551,5.92,2248904.9
1746907200000,5.922,6.291,5.884,6.257,1149881.0
1746921600000,6.256,6.4,6.026,6.275,1360522.6
1746936000000,6.273,6.33,5.854,5.912,954307.7
1746950400000,5.911,6.044,5.806,6.027,451173.2
1746964800000,6.026,6.061,5.806,5.861,569062.8
1746979200000,5.862,5.973,5.78,5.945,323859.3
1746993600000,5.945,6.02,5.885,5.988,271864.2
1747008000000,5.989,6.108,5.87,6.061,445303.9
1747022400000,6.06,6.311,5.942,6.149,548545.4
1747036800000,6.149,6.274,6.021,6.056,530899.9
1747051200000,6.054,6.239,5.843,5.904,796186.5
1747065600000,5.904,6.017,5.579,5.807,611475.7
1747080000000,5.807,6.065,5.782,6.022,236398.0
1747094400000,6.022,6.048,5.621,5.638,386267.3
1747108800000,5.639,5.879,5.613,5.797,358516.8
1747123200000,5.798,5.953,5.79,5.831,355598.7
1747137600000,5.83,5.995,5.779,5.952,448775.6
1747152000000,5.953,6.407,5.949,6.339,520309.6
1747166400000,6.338,6.369,6.21,6.26,268089.0
1747180800000,6.26,6.405,6.153,6.396,528131.9
1747195200000,6.395,6.699,6.286,6.291,1198887.3
1747209600000,6.291,6.346,6.051,6.266,845620.0
1747224000000,6.266,6.311,5.932,6.104,818575.6
1747238400000,6.103,6.172,5.984,6.126,420224.6
1747252800000,6.128,6.178,6.042,6.158,344863.7
1747267200000,6.158,6.26,5.983,6.003,446728.5
1747281600000,6.004,6.052,5.698,5.718,676603.6
1747296000000,5.717,5.924,5.715,5.851,543305.6
1747310400000,5.853,5.955,5.652,5.914,653701.9
1747324800000,5.911,5.996,5.724,5.812,406100.7
1747339200000,5.813,5.849,5.528,5.679,413512.0
1747353600000,5.681,5.863,5.64,5.843,358830.2
1747368000000,5.844,5.955,5.784,5.917,337472.0
1747382400000,5.916,5.997,5.806,5.931,355025.8
1747396800000,5.93,5.961,5.761,5.778,419609.6
1747411200000,5.778,5.798,5.593,5.684,446636.5
1747425600000,5.68,5.693,5.504,5.541,233552.0
1747440000000,5.54,5.556,5.319,5.46,340130.1
1747454400000,5.46,5.505,5.312,5.347,183691.4
1747468800000,5.347,5.41,5.281,5.369,251777.7
1747483200000,5.371,5.399,5.289,5.346,216170.5
1747497600000,5.345,5.406,5.237,5.316,309678.5
1747512000000,5.316,5.397,5.287,5.337,153886.2
1747526400000,5.338,5.388,5.303,5.337,124522.0
1747540800000,5.337,5.612,5.335,5.61,303755.7
1747555200000,5.611,5.723,5.585,5.598,359017.4
1747569600000,5.599,5.809,5.548,5.774,311948.4
1747584000000,5.777,5.793,5.301,5.311,452010.3
1747598400000,5.31,5.698,5.176,5.657,471002.1
1747612800000,5.661,5.714,5.312,5.312,307430.8
1747627200000,5.312,5.338,5.134,5.235,608581.6
1747641600000,5.234,5.239,5.121,5.164,252142.7
1747656000000,5.164,5.297,5.103,5.249,463073.6
1747670400000,5.252,5.41,5.208,5.311,327532.1
1747684800000,5.311,5.333,5.242,5.307,213830.7
1747699200000,5.309,5.47,5.245,5.349,375453.9
1747713600000,5.347,5.406,5.253,5.276,214960.0
1747728000000,5.276,5.302,5.191,5.24,188906.3
1747742400000,5.239,5.282,5.179,5.256,198861.1
1747756800000,5.256,5.357,5.163,5.332,232495.4
1747771200000,5.33,5.411,5.294,5.378,206250.5
1747785600000,5.377,5.433,5.28,5.4,206125.0
1747800000000,5.399,5.541,5.372,5.406,372825.7
1747814400000,5.408,5.469,5.305,5.41,203163.2
1747828800000,5.409,5.517,5.356,5.508,294963.4
1747843200000,5.508,5.713,5.331,5.496,620284.3
1747857600000,5.495,5.649,5.418,5.573,212998.9
1747872000000,5.575,5.736,5.553,5.721,231164.6
1747886400000,5.724,5.784,5.663,5.781,247371.5
1747900800000,5.782,5.888,5.734,5.809,305259.6
1747915200000,5.809,6.015,5.74,5.946,368259.6
1747929600000,5.947,6.08,5.946,5.978,388099.8
1747944000000,5.979,6.054,5.913,6.02,244603.8
1747958400000,6.021,6.17,5.968,6.093,335812.6
1747972800000,6.093,6.103,5.787,5.807,388512.3
1747987200000,5.808,5.981,5.563,5.611,564274.8
1748001600000,5.612,5.777,5.391,5.635,834266.9
1748016000000,5.637,5.728,5.589,5.606,264311.5
1748030400000,5.606,5.607,5.338,5.384,258465.3
1748044800000,5.386,5.504,5.34,5.468,234675.1
1748059200000,5.468,5.5,5.386,5.432,154539.9
1748073600000,5.432,5.566,5.401,5.542,180153.9
1748088000000,5.543,5.624,5.511,5.56,274744.7
1748102400000,5.56,5.608,5.474,5.512,142031.9
1748116800000,5.514,5.524,5.395,5.444,106143.5
1748131200000,5.444,5.476,5.261,5.371,246269.6
1748145600000,5.372,5.415,5.297,5.326,198783.7
1748160000000,5.326,5.326,5.184,5.207,202421.8
1748174400000,5.207,5.271,5.082,5.17,235821.8
1748188800000,5.169,5.31,5.114,5.284,181189.6
1748203200000,5.282,5.465,5.229,5.451,185778.2
1748217600000,5.45,5.516,5.411,5.469,164742.5
1748232000000,5.47,5.591,5.427,5.563,170004.0
1748246400000,5.564,5.578,5.481,5.514,210304.0
1748260800000,5.513,5.568,5.414,5.515,332629.1
1748275200000,5.516,5.554,5.375,5.418,341559.0
1748289600000,5.418,5.519,5.403,5.48,159821.8
1748304000000,5.48,5.534,5.297,5.423,326954.8
1748318400000,5.424,5.552,5.364,5.543,256954.5
1748332800000,5.544,5.644,5.544,5.604,266738.8
1748347200000,5.603,5.73,5.537,5.617,375928.9
1748361600000,5.618,5.716,5.589,5.646,215625.9
1748376000000,5.644,5.691,5.556,5.584,142822.4
1748390400000,5.583,5.624,5.464,5.533,274812.1
1748404800000,5.533,5.575,5.477,5.518,188058.8
1748419200000,5.52,5.648,5.477,5.643,224702.3
1748433600000,5.644,5.708,5.38,5.405,361809.5
1748448000000,5.405,5.508,5.301,5.306,263154.4
1748462400000,5.306,5.553,5.3,5.545,247898.2
1748476800000,5.544,5.765,5.504,5.711,535627.9
1748491200000,5.709,5.715,5.528,5.568,342640.6
1748505600000,5.569,5.658,5.526,5.638,210217.4
1748520000000,5.638,5.638,5.411,5.484,277451.7
1748534400000,5.485,5.498,5.386,5.418,214665.9
1748548800000,5.417,5.556,5.413,5.472,198491.9
1748563200000,5.47,7.131,5.129,6.744,8596575.2
1748577600000,6.747,7.77,6.525,7.705,40042229.5
1748592000000,7.706,11.471,7.166,10.678,126274389.9
1748606400000,10.678,13.34,10.38,11.778,92844931.1
1748620800000,11.779,11.867,10.108,11.192,64772853.3
1748635200000,11.192,13.476,10.816,11.67,43022004.7
1748649600000,11.67,13.0,10.709,11.195,43132568.4
1748664000000,11.195,12.15,10.427,11.685,32996491.6
1748678400000,11.685,12.064,9.901,10.313,38289680.2
1748692800000,10.313,10.565,8.735,8.931,40831670.8
1748707200000,8.929,9.29,8.638,8.833,21426740.4
1748721600000,8.833,9.931,8.78,9.632,20895422.8
1748736000000,9.632,9.843,8.751,9.04,16182327.1
1748750400000,9.04,9.354,8.708,9.011,12261040.7
1748764800000,9.011,9.344,8.6,8.863,17334797.5
1748779200000,8.862,9.4,8.737,9.238,14335853.2
1748793600000,9.239,9.275,8.374,8.526,10550565.1
1748808000000,8.525,9.173,8.506,8.927,6485964.7
1748822400000,8.926,9.008,8.157,8.195,7748801.5
1748836800000,8.194,8.444,8.101,8.36,8726601.5
1748851200000,8.359,8.487,8.116,8.151,6348601.6
1748865600000,8.15,8.346,7.991,8.289,7910596.7
1748880000000,8.29,8.438,8.233,8.302,3831615.6
1748894400000,8.303,8.58,8.303,8.442,3351343.4
1748908800000,8.443,8.793,8.322,8.379,4762710.0
1748923200000,8.379,8.73,8.135,8.183,4511615.2
1748937600000,8.182,8.238,8.057,8.131,3502753.6
1748952000000,8.132,8.191,8.001,8.037,3326025.4
1748966400000,8.037,8.041,7.83,7.929,3238249.0
1748980800000,7.929,7.949,7.808,7.863,2003914.5
1748995200000,7.864,8.066,7.833,7.912,3456308.1
1749009600000,7.912,7.973,7.607,7.714,3146672.7
1749024000000,7.715,7.736,7.6,7.623,2582089.2
1749038400000,7.624,8.621,7.51,8.414,8208500.5
1749052800000,8.411,10.38,8.397,9.917,43381892.2
1749067200000,9.916,10.777,9.732,10.419,24494398.8
1749081600000,10.418,10.668,8.765,8.872,25705933.8
1749096000000,8.87,8.999,8.333,8.376,20920479.8
1749110400000,8.376,8.571,8.171,8.338,12020232.6
1749124800000,8.339,8.813,8.253,8.451,19260107.4
1749139200000,8.451,8.504,8.043,8.191,6531275.8
1749153600000,8.191,8.197,7.815,7.882,8103100.2
1749168000000,7.882,8.032,7.665,7.771,7816185.1
1749182400000,7.771,8.087,7.631,7.873,6677126.7
1749196800000,7.872,8.075,7.743,7.79,5713788.4
1749211200000,7.79,7.909,7.557,7.656,6621004.4
1749225600000,7.655,7.958,7.21,7.257,10690604.0
1749240000000,7.257,7.292,7.082,7.191,3498045.1
1749254400000,7.191,7.797,7.176,7.272,7329877.2
1749268800000,7.273,7.415,7.2,7.291,2960256.9
1749283200000,7.29,7.649,7.236,7.521,5719776.2
1749297600000,7.521,7.759,7.382,7.511,6533951.8
1749312000000,7.511,7.561,7.422,7.485,2655476.6
1749326400000,7.486,7.699,7.427,7.53,3926058.5
1749340800000,7.531,8.417,7.477,8.049,13452202.2
1749355200000,8.051,8.32,7.681,8.112,13467956.4
1749369600000,8.112,8.397,7.961,7.99,14002445.2
1749384000000,7.991,8.179,7.857,7.87,7420750.5
1749398400000,7.87,7.955,7.804,7.865,3866320.3
1749412800000,7.865,8.021,7.84,7.893,3591561.9
1749427200000,7.892,7.994,7.651,7.799,5023191.1
1749441600000,7.799,7.829,7.464,7.525,3665736.8
1749456000000,7.525,7.706,7.511,7.66,4241077.2
1749470400000,7.659,7.706,7.564,7.589,2590481.5
1749484800000,7.588,7.726,7.584,7.664,1636631.2
1749499200000,7.664,8.184,7.654,8.079,4031069.0
1749513600000,8.08,8.727,8.042,8.566,12247160.2
1749528000000,8.566,8.821,8.026,8.075,8220348.2
1749542400000,8.075,8.176,7.896,8.113,4518856.9
1749556800000,8.113,8.218,7.835,7.993,4841061.7
1749571200000,7.994,8.181,7.935,8.126,2508646.9
1749585600000,8.127,8.245,8.064,8.21,1837263.8
1749600000000,8.209,8.27,8.041,8.239,2763612.9
1749614400000,8.24,8.349,8.052,8.068,2014031.7
1749628800000,8.069,8.127,7.856,7.917,2457138.3
1749643200000,7.918,8.318,7.908,8.314,3193441.1
1749657600000,8.313,8.343,8.025,8.036,3036335.8
1749672000000,8.034,8.073,7.658,7.674,2882299.4
1749686400000,7.675,7.692,7.477,7.535,2382014.3
1749700800000,7.536,7.625,7.493,7.536,1965896.4
1749715200000,7.536,7.667,7.455,7.532,2227739.5
1749729600000,7.532,8.33,7.529,8.093,8603060.4
1749744000000,8.095,8.193,7.251,7.476,6800403.1
1749758400000,7.475,7.528,7.315,7.353,2554588.1
1749772800000,7.353,7.388,6.91,7.109,6991364.7
1749787200000,7.109,7.139,6.836,6.884,2715938.6
1749801600000,6.882,7.013,6.714,6.851,3791712.1
1749816000000,6.852,7.055,6.779,6.987,2874566.3
1749830400000,6.988,7.073,6.834,6.897,2518923.8
1749844800000,6.899,7.093,6.899,7.001,3112331.8
1749859200000,7.0,7.27,6.856,6.943,3714365.5
1749873600000,6.942,7.17,6.908,7.016,2253486.5
1749888000000,7.015,7.016,6.903,6.931,1540088.0
1749902400000,6.931,7.066,6.799,6.849,2550960.1
1749916800000,6.85,6.915,6.627,6.74,2713148.6
1749931200000,6.74,6.876,6.678,6.808,1637821.5
1749945600000,6.808,6.872,6.777,6.813,1345286.2
1749960000000,6.813,6.942,6.795,6.836,1557584.0
1749974400000,6.836,6.904,6.811,6.882,1118236.6
1749988800000,6.882,6.883,6.717,6.749,1674433.1
1750003200000,6.749,6.871,6.7,6.853,1473510.4
1750017600000,6.854,6.99,6.709,6.901,2002274.7
1750032000000,6.902,6.938,6.715,6.849,1838254.9
1750046400000,6.85,6.968,6.842,6.906,1256774.0
1750060800000,6.907,6.914,6.766,6.828,1594064.2
1750075200000,6.828,6.902,6.73,6.835,1786204.3
1750089600000,6.835,6.93,6.787,6.897,1287826.4
1750104000000,6.897,6.983,6.432,6.465,2956663.9
1750118400000,6.465,6.61,6.3,6.581,3499611.4
1750132800000,6.58,6.585,6.401,6.425,1293003.0
1750147200000,6.422,6.43,6.325,6.339,1414456.2
1750161600000,6.339,6.404,6.201,6.233,2120958.5
1750176000000,6.231,6.338,6.13,6.294,2064845.1
1750190400000,6.293,6.318,6.196,6.265,978159.6
1750204800000,6.265,6.462,6.187,6.375,2447980.7
1750219200000,6.374,6.404,6.174,6.19,1682790.3
1750233600000,6.191,6.214,6.062,6.182,1625058.3
1750248000000,6.181,6.216,6.015,6.157,2124894.3
1750262400000,6.157,6.204,6.06,6.121,1406551.2
1750276800000,6.121,6.324,6.115,6.289,1105279.4
1750291200000,6.289,6.358,6.13,6.162,1223747.3
1750305600000,6.163,6.249,6.148,6.192,920370.3
1750320000000,6.192,6.387,6.178,6.276,1415061.9
1750334400000,6.275,6.281,6.124,6.171,1186747.7
1750348800000,6.172,6.313,6.128,6.209,1320182.9
1750363200000,6.209,6.261,6.157,6.192,675458.1
1750377600000,6.193,6.221,6.115,6.179,925603.4
1750392000000,6.18,6.304,6.08,6.278,1220096.3
1750406400000,6.279,6.357,6.251,6.32,1028216.3
1750420800000,6.319,6.364,6.084,6.106,1512326.3
1750435200000,6.107,6.119,5.8,5.908,2701699.5
1750449600000,5.907,6.009,5.828,5.867,889436.9
1750464000000,5.868,6.066,5.862,5.993,1087805.9
1750478400000,5.994,6.103,5.986,6.062,835711.0
1750492800000,6.063,6.108,6.033,6.083,704598.4
1750507200000,6.082,6.088,5.884,5.951,1222131.0
1750521600000,5.949,5.965,5.786,5.796,1213963.8
1750536000000,5.795,5.869,5.487,5.651,1967690.4
1750550400000,5.65,5.71,5.45,5.507,1673056.0
1750564800000,5.507,5.574,5.453,5.489,1125086.4
1750579200000,5.49,5.59,5.403,5.544,1576093.9
1750593600000,5.543,5.593,5.293,5.45,3731157.1
1750608000000,5.448,5.484,5.365,5.418,1235017.5
1750622400000,5.419,5.485,5.301,5.469,1466669.4
1750636800000,5.469,5.561,5.449,5.487,910917.2
1750651200000,5.487,5.57,5.458,5.545,922363.2
1750665600000,5.544,5.562,5.439,5.475,709880.6
1750680000000,5.476,5.655,5.443,5.452,1616956.2
1750694400000,5.452,5.684,5.307,5.671,2005674.2
1750708800000,5.671,6.141,5.67,6.103,2460711.9
1750723200000,6.103,6.117,5.98,6.11,1073314.7
1750737600000,6.109,6.446,6.092,6.356,1735465.6
1750752000000,6.355,6.369,6.253,6.32,1225961.5
1750766400000,6.32,6.769,6.116,6.142,6778495.6
1750780800000,6.142,6.293,5.979,6.031,2277777.0
1750795200000,6.031,6.098,5.996,6.056,885885.2
1750809600000,6.056,6.172,5.97,5.998,1411077.4
1750824000000,5.999,6.015,5.936,5.957,914785.2
1750838400000,5.958,5.961,5.789,5.864,1399397.9
1750852800000,5.864,5.953,5.758,5.778,1643029.0
1750867200000,5.778,5.826,5.674,5.735,1234930.9
1750881600000,5.735,5.789,5.637,5.654,791163.1
1750896000000,5.653,5.812,5.615,5.725,1163253.7
1750910400000,5.724,5.813,5.665,5.747,919268.0
1750924800000,5.747,5.774,5.61,5.611,983675.3
1750939200000,5.612,5.613,5.474,5.527,1405343.5
1750953600000,5.527,5.567,5.446,5.526,946095.7
1750968000000,5.524,5.611,5.497,5.527,812607.9
1750982400000,5.526,5.553,5.436,5.537,717303.1
1750996800000,5.536,5.612,5.495,5.525,735068.7
1751011200000,5.526,5.633,5.519,5.605,755741.0
1751025600000,5.605,6.599,5.598,6.392,13573766.5
1751040000000,6.391,6.551,5.951,6.059,15425303.1
1751054400000,6.058,6.145,5.915,6.046,3618752.6
1751068800000,6.047,6.049,5.87,5.9,2956227.0
1751083200000,5.9,5.926,5.78,5.796,2659803.5
1751097600000,5.797,5.864,5.752,5.826,2836920.9
1751112000000,5.826,5.878,5.759,5.836,2008208.9
1751126400000,5.836,5.924,5.818,5.889,1861231.2
1751140800000,5.889,5.958,5.861,5.902,1218601.9
1751155200000,5.902,6.632,5.892,6.4,13484704.5
1751169600000,6.399,6.972,6.393,6.817,14340695.1
1751184000000,6.817,6.947,6.552,6.633,7444089.9
1751198400000,6.633,6.715,6.496,6.531,6063623.1
1751212800000,6.531,6.627,6.476,6.583,2846045.5
1751227200000,6.583,6.675,6.492,6.618,2980708.2
1751241600000,6.617,6.758,6.435,6.512,3326765.8
1751256000000,6.512,6.514,6.296,6.332,2784497.8
1751270400000,6.331,6.354,6.2,6.227,2373355.5
1751284800000,6.228,6.373,6.149,6.322,3740417.3
1751299200000,6.322,6.34,6.241,6.293,1732389.0
1751313600000,6.293,6.303,6.146,6.18,1353848.2
1751328000000,6.179,6.274,5.964,6.034,2709973.5
1751342400000,6.034,6.197,6.007,6.134,1956505.5
1751356800000,6.134,6.219,6.012,6.028,1868367.7
1751371200000,6.028,6.085,5.905,5.942,2133568.1
1751385600000,5.942,6.017,5.91,5.991,1338905.9
1751400000000,5.991,6.115,5.961,6.107,1997990.8
1751414400000,6.108,6.127,5.901,5.919,1996947.6
1751428800000,5.919,6.089,5.881,6.04,1459169.9
1751443200000,6.04,6.098,5.992,6.097,1126409.2
1751457600000,6.096,6.235,6.024,6.209,1780354.8
1751472000000,6.209,6.319,6.204,6.298,1822029.3
1751486400000,6.297,6.384,6.274,6.308,1178372.1
1751500800000,6.309,6.365,6.253,6.271,1070182.7
1751515200000,6.271,6.425,6.268,6.331,1086569.5
1751529600000,6.33,6.353,6.243,6.265,1311906.2
1751544000000,6.265,6.362,6.131,6.151,1892943.3
1751558400000,6.152,6.277,6.149,6.214,882418.1
1751572800000,6.214,6.282,6.205,6.271,551297.6
1751587200000,6.271,6.301,6.18,6.195,797311.8
1751601600000,6.195,6.246,6.029,6.044,1107555.5
1751616000000,6.044,6.112,6.004,6.015,787079.1
1751630400000,6.016,6.035,5.921,5.959,1149583.2
1751644800000,5.958,6.029,5.871,5.913,1137590.7
1751659200000,5.912,5.975,5.898,5.966,578176.9
1751673600000,5.965,6.021,5.955,5.996,640330.9
1751688000000,5.997,6.031,5.947,5.995,508715.0
1751702400000,5.996,6.183,5.954,6.178,1174795.0
1751716800000,6.178,6.65,6.103,6.323,14220603.9
1751731200000,6.321,6.363,6.161,6.211,4858527.1
1751745600000,6.211,6.315,6.157,6.275,1611443.5
1751760000000,6.274,6.304,6.012,6.1,2621659.7
1751774400000,6.1,6.266,6.048,6.1,2782137.1
1751788800000,6.1,6.128,6.056,6.086,1462247.6
1751803200000,6.086,6.207,6.063,6.172,1757215.1
1751817600000,6.171,6.288,6.16,6.249,1268311.5
1751832000000,6.249,6.269,6.174,6.217,1103918.2
1751846400000,6.218,6.307,6.126,6.221,1293248.0
1751860800000,6.222,6.237,6.17,6.205,828690.0
1751875200000,6.204,6.308,6.172,6.204,1251828.9
1751889600000,6.203,6.211,6.118,6.155,1097902.3
1751904000000,6.156,6.171,6.084,6.155,749663.4
1751918400000,6.154,6.155,6.028,6.07,780897.8
1751932800000,6.071,6.107,5.968,6.032,946346.6
1751947200000,6.031,6.059,5.998,6.037,463346.5
1751961600000,6.037,6.117,5.98,6.091,611843.2
1751976000000,6.092,6.15,6.008,6.022,874824.9
1751990400000,6.023,6.173,5.99,6.125,709551.9
1752004800000,6.124,6.178,6.114,6.171,407985.3
1752019200000,6.171,6.205,6.106,6.142,579074.9
1752033600000,6.143,6.218,6.139,6.183,570861.1
1752048000000,6.183,6.19,6.136,6.145,574213.9
1752062400000,6.146,6.2,6.086,6.107,947000.5
1752076800000,6.107,6.263,6.068,6.245,1019057.9
1752091200000,6.246,6.317,6.185,6.295,1132096.7
1752105600000,6.295,6.346,6.232,6.317,919384.9
1752120000000,6.316,6.42,6.284,6.385,1231987.7
1752134400000,6.384,6.398,6.307,6.366,735558.5
1752148800000,6.366,6.428,6.312,6.352,943258.6
1752163200000,6.353,6.568,6.336,6.484,1327653.0
1752177600000,6.483,6.758,6.482,6.716,1427653.5
1752192000000,6.718,6.882,6.638,6.853,1637666.0
1752206400000,6.852,7.055,6.785,6.795,2247508.2
1752220800000,6.795,7.005,6.794,6.855,1475967.5
1752235200000,6.855,6.988,6.736,6.767,1461704.9
1752249600000,6.767,6.913,6.728,6.893,946428.3
1752264000000,6.892,6.908,6.495,6.585,1323941.2
1752278400000,6.587,6.74,6.487,6.718,903744.8
1752292800000,6.717,6.741,6.536,6.681,892618.8
1752307200000,6.681,6.706,6.588,6.612,492223.3
1752321600000,6.612,6.629,6.309,6.358,1382311.4
1752336000000,6.358,6.479,6.321,6.479,486474.8
1752350400000,6.48,6.494,6.378,6.466,391350.2
1752364800000,6.466,6.551,6.449,6.495,498266.8
1752379200000,6.495,6.598,6.444,6.588,564955.9
1752393600000,6.587,6.665,6.527,6.652,710622.9
1752408000000,6.651,6.756,6.614,6.647,1191447.7
1752422400000,6.647,6.709,6.574,6.647,551830.9
1752436800000,6.646,6.68,6.485,6.561,631648.3
1752451200000,6.561,6.809,6.522,6.785,962262.2
1752465600000,6.788,6.927,6.686,6.826,1484438.6
1752480000000,6.827,7.084,6.753,6.838,2834528.4
1752494400000,6.838,6.891,6.682,6.733,1357681.5
1752508800000,6.732,6.811,6.654,6.699,684787.5
1752523200000,6.7,6.83,6.602,6.788,561780.8
1752537600000,6.789,6.975,6.435,6.522,1711878.2
1752552000000,6.521,6.597,6.467,6.548,620953.5
1752566400000,6.549,6.626,6.513,6.616,707953.9
1752580800000,6.616,6.759,6.551,6.712,1189700.6
1752595200000,6.71,6.869,6.688,6.723,1028113.3
1752609600000,6.722,6.975,6.69,6.966,645975.3
1752624000000,6.965,7.038,6.849,6.867,944969.4
1752638400000,6.866,6.963,6.807,6.944,484516.7
1752652800000,6.943,6.945,6.789,6.854,635012.7
1752667200000,6.855,6.981,6.796,6.936,1004254.0
1752681600000,6.936,7.144,6.92,7.105,1092133.5
1752696000000,7.105,7.249,7.02,7.07,822213.6
1752710400000,7.07,7.148,6.795,6.85,828764.3
1752724800000,6.85,7.048,6.831,6.983,644904.2
1752739200000,6.985,7.137,6.948,7.042,830284.1
1752753600000,7.042,7.135,6.957,7.061,832824.8
1752768000000,7.061,7.134,6.862,7.021,1268408.3
1752782400000,7.019,7.272,6.92,7.237,1129061.1
1752796800000,7.237,7.531,7.136,7.451,1325863.8
1752811200000,7.451,7.899,7.421,7.447,1844254.3
1752825600000,7.448,7.527,7.352,7.41,1027880.2
1752840000000,7.412,7.571,7.165,7.247,1414850.6
1752854400000,7.246,7.383,7.188,7.276,669543.8
1752868800000,7.277,7.338,7.092,7.272,790790.3
1752883200000,7.275,7.315,7.037,7.308,580885.0
1752897600000,7.309,7.348,7.187,7.208,425093.0
1752912000000,7.208,7.224,7.11,7.138,403574.6
1752926400000,7.139,7.165,7.002,7.067,429854.3
1752940800000,7.066,7.234,7.02,7.195,444617.5
1752955200000,7.194,7.261,7.108,7.251,355750.0
1752969600000,7.251,7.357,7.212,7.298,433694.7
1752984000000,7.298,7.354,7.253,7.321,361201.3
1752998400000,7.321,7.451,7.321,7.416,462696.8
1753012800000,7.415,7.587,7.394,7.57,623834.1
1753027200000,7.57,7.709,7.525,7.587,950874.0
1753041600000,7.589,7.69,7.38,7.62,928998.2
1753056000000,7.622,7.687,7.411,7.684,777233.2
1753070400000,7.684,7.808,7.667,7.736,899953.4
1753084800000,7.737,7.868,7.62,7.826,731755.7
1753099200000,7.825,7.95,7.681,7.844,928636.1
1753113600000,7.846,7.883,7.591,7.634,959828.9
1753128000000,7.632,7.85,7.597,7.793,403831.5
1753142400000,7.793,7.9,7.495,7.576,995053.5
1753156800000,7.577,7.602,7.355,7.478,932597.2
1753171200000,7.477,7.545,7.268,7.493,1157335.8
1753185600000,7.493,7.617,7.344,7.54,942921.4
1753200000000,7.541,7.656,7.451,7.487,628896.7
1753214400000,7.485,7.771,7.462,7.73,427261.6
1753228800000,7.729,7.74,7.59,7.625,386438.0
1753243200000,7.626,7.719,7.469,7.513,450893.3
1753257600000,7.513,7.602,7.376,7.43,447848.8
1753272000000,7.43,7.44,6.937,7.168,1924709.1
1753286400000,7.167,7.19,6.824,6.966,978048.5
1753300800000,6.966,7.028,6.71,7.016,932956.1
1753315200000,7.017,7.185,6.961,7.066,835953.5
1753329600000,7.067,7.095,6.441,6.693,1478891.7
1753344000000,6.692,6.912,6.631,6.873,792132.7
1753358400000,6.873,7.054,6.682,6.942,978238.1
1753372800000,6.943,6.997,6.732,6.899,727225.5
1753387200000,6.898,6.978,6.807,6.842,419967.9
1753401600000,6.843,6.947,6.566,6.657,1576252.9
1753416000000,6.656,6.754,6.515,6.596,750477.9
1753430400000,6.596,6.819,6.583,6.778,552296.8
1753444800000,6.779,6.836,6.51,6.619,845927.4
1753459200000,6.62,6.728,6.565,6.676,421142.0
1753473600000,6.677,6.918,6.672,6.91,396883.8
1753488000000,6.911,6.954,6.835,6.942,302651.1
1753502400000,6.941,6.954,6.871,6.875,218374.7
1753516800000,6.875,6.94,6.867,6.873,216593.4
1753531200000,6.873,6.925,6.814,6.886,297635.3
1753545600000,6.886,6.921,6.792,6.918,275427.3
1753560000000,6.919,6.964,6.797,6.838,402694.3
1753574400000,6.837,6.908,6.809,6.855,213551.1
1753588800000,6.854,6.964,6.846,6.917,260809.6
1753603200000,6.916,7.071,6.849,6.996,434617.1
1753617600000,6.995,7.087,6.936,7.029,477901.3
1753632000000,7.027,7.136,7.016,7.066,439947.1
1753646400000,7.067,7.257,7.059,7.223,373868.3
1753660800000,7.223,7.289,7.071,7.224,542004.2
1753675200000,7.221,7.375,7.173,7.261,721012.4
1753689600000,7.262,7.382,7.233,7.328,502430.9
1753704000000,7.329,7.385,6.914,6.971,1037802.2
1753718400000,6.97,7.01,6.766,6.827,601963.2
1753732800000,6.828,6.841,6.652,6.724,443063.2
1753747200000,6.725,6.784,6.571,6.708,563424.4
1753761600000,6.709,6.95,6.645,6.916,614380.1
1753776000000,6.916,6.929,6.708,6.778,520050.9
1753790400000,6.778,6.885,6.572,6.626,783239.6
1753804800000,6.627,6.709,6.522,6.551,478269.9
1753819200000,6.552,6.643,6.469,6.612,401603.1
1753833600000,6.613,6.645,6.473,6.587,347692.2
1753848000000,6.586,6.623,6.495,6.524,205848.2
1753862400000,6.525,6.577,6.303,6.339,463018.6
1753876800000,6.34,6.533,6.287,6.484,592041.6
1753891200000,6.486,6.597,6.176,6.5,1042583.1
1753905600000,6.5,6.576,6.408,6.559,398716.9
1753920000000,6.56,6.718,6.554,6.684,305669.3
1753934400000,6.685,6.729,6.663,6.712,217216.0
1753948800000,6.712,6.768,6.697,6.71,264528.0
1753963200000,6.711,6.717,6.404,6.494,635529.2
1753977600000,6.496,6.638,6.395,6.417,452003.0
1753992000000,6.416,6.424,6.179,6.217,457313.7
1754006400000,6.217,6.239,5.973,6.155,873404.0
1754020800000,6.155,6.156,5.999,6.063,485803.6
1754035200000,6.062,6.11,5.919,6.093,612231.1
1754049600000,6.093,6.205,5.95,6.136,805347.4
1754064000000,6.135,6.186,5.964,6.103,594514.9
1754078400000,6.104,6.13,5.759,5.957,822362.3
1754092800000,5.957,6.032,5.947,6.018,291133.3
1754107200000,6.018,6.045,5.885,6.035,394674.6
1754121600000,6.036,6.057,5.918,5.999,496010.2
1754136000000,5.998,6.03,5.873,5.898,400439.0
1754150400000,5.898,5.956,5.732,5.806,729427.5
1754164800000,5.808,5.91,5.79,5.854,295242.5
1754179200000,5.855,5.966,5.757,5.947,314576.5
1754193600000,5.948,6.018,5.929,6.01,155935.4
1754208000000,6.01,6.065,5.997,6.032,186920.7
1754222400000,6.031,6.067,6.008,6.059,209340.1
1754236800000,6.058,6.112,6.031,6.068,167577.6
1754251200000,6.069,6.129,6.043,6.095,213182.5
1754265600000,6.096,6.226,6.079,6.173,285093.5
1754280000000,6.173,6.202,6.132,6.184,211123.8
1754294400000,6.184,6.214,6.146,6.171,223325.9
1754308800000,6.171,6.334,6.158,6.312,478071.9
1754323200000,6.311,6.448,6.304,6.323,378516.2
1754337600000,6.322,6.478,6.316,6.46,238643.8
1754352000000,6.46,6.474,6.315,6.318,281022.9
1754366400000,6.317,6.344,6.187,6.2,333252.8
1754380800000,6.2,6.396,6.171,6.385,318752.2
1754395200000,6.385,6.395,6.09,6.115,552460.5
1754409600000,6.114,6.206,6.07,6.085,323186.6
1754424000000,6.086,6.153,5.991,6.136,278562.0
1754438400000,6.136,6.138,5.982,6.0,264580.0
1754452800000,6.001,6.224,5.968,6.212,393928.0
1754467200000,6.212,6.215,6.102,6.112,392729.4
1754481600000,6.113,6.275,6.051,6.258,497892.1
1754496000000,6.258,6.293,6.18,6.231,296137.4
1754510400000,6.232,6.247,6.197,6.227,177852.7
1754524800000,6.227,6.256,6.153,6.164,232729.8
1754539200000,6.164,6.26,6.154,6.228,195759.5
1754553600000,6.23,6.494,6.222,6.465,492534.0
1754568000000,6.465,6.478,6.367,6.409,338237.3
1754582400000,6.409,6.451,6.271,6.451,323582.2
1754596800000,6.451,6.567,6.437,6.564,304700.3
1754611200000,6.565,6.617,6.475,6.549,562716.4
1754625600000,6.548,6.614,6.487,6.602,220785.2
1754640000000,6.602,6.654,6.561,6.629,289496.8
1754654400000,6.629,6.742,6.51,6.566,445479.0
1754668800000,6.567,6.791,6.567,6.76,444999.6
1754683200000,6.761,6.775,6.696,6.712,185075.5
1754697600000,6.713,6.742,6.665,6.678,221038.8
1754712000000,6.678,6.899,6.662,6.85,404734.8
1754726400000,6.85,6.96,6.844,6.896,582610.7
1754740800000,6.899,6.978,6.819,6.906,377626.3
1754755200000,6.906,6.983,6.884,6.951,267290.5
1754769600000,6.95,7.007,6.878,6.926,434500.4
1754784000000,6.926,7.04,6.905,7.02,458760.4
1754798400000,7.02,7.085,6.735,6.752,585027.2
1754812800000,6.753,6.835,6.66,6.692,470134.1
1754827200000,6.691,6.867,6.668,6.826,327978.3
1754841600000,6.825,6.937,6.812,6.905,261020.6
1754856000000,6.906,6.916,6.776,6.885,240041.4
1754870400000,6.886,7.081,6.858,7.04,491710.0
1754884800000,7.041,7.29,6.87,6.883,1040196.9
1754899200000,6.884,6.973,6.612,6.648,542253.6
1754913600000,6.648,6.751,6.58,6.724,547480.2
1754928000000,6.719,6.835,6.555,6.612,555779.5
1754942400000,6.612,6.62,6.372,6.429,413385.2
1754956800000,6.428,6.611,6.405,6.503,305208.8
1754971200000,6.502,6.534,6.378,6.467,252067.6
1754985600000,6.468,6.488,6.284,6.375,442092.2
1755000000000,6.375,6.786,6.351,6.78,931842.2
1755014400000,6.78,6.905,6.729,6.889,490120.1
1755028800000,6.889,6.985,6.874,6.895,403976.6
1755043200000,6.896,6.966,6.793,6.932,365319.4
1755057600000,6.931,6.988,6.814,6.935,303182.2
1755072000000,6.934,7.133,6.93,7.086,476504.4
1755086400000,7.086,7.145,6.944,7.033,625037.9
1755100800000,7.035,7.095,6.978,7.094,354835.8
1755115200000,7.094,7.191,7.04,7.131,257190.6
1755129600000,7.131,7.227,7.022,7.21,363795.2
1755144000000,7.21,7.229,6.973,7.019,393179.6
1755158400000,7.019,7.021,6.84,6.897,477331.8
1755172800000,6.898,6.947,6.345,6.575,1819190.3
1755187200000,6.575,6.577,6.386,6.472,476298.8
1755201600000,6.472,6.511,6.35,6.492,312816.7
1755216000000,6.492,6.61,6.449,6.583,271275.1
1755230400000,6.583,6.666,6.534,6.643,332744.2
1755244800000,6.643,6.656,6.525,6.533,288396.9
1755259200000,6.532,6.605,6.203,6.256,862232.2
1755273600000,6.256,6.366,6.19,6.287,475968.4
1755288000000,6.287,6.493,6.267,6.429,291802.9
1755302400000,6.428,6.501,6.418,6.426,202281.6
1755316800000,6.427,6.492,6.409,6.478,180616.2
1755331200000,6.477,6.531,6.389,6.47,261015.6
1755345600000,6.471,6.656,6.464,6.634,428110.3
1755360000000,6.634,6.771,6.634,6.675,560758.2
1755374400000,6.676,6.92,6.667,6.804,757205.2
1755388800000,6.804,7.404,6.802,7.183,6129259.3
1755403200000,7.181,7.24,6.978,7.057,1637848.3
1755417600000,7.057,7.092,6.912,6.949,880440.5
1755432000000,6.949,6.965,6.903,6.961,598323.6
1755446400000,6.961,6.991,6.82,6.832,712289.4
1755460800000,6.832,6.845,6.753,6.758,548242.8
1755475200000,6.757,6.875,6.322,6.39,2116528.9
1755489600000,6.39,6.457,6.326,6.354,869782.2
1755504000000,6.354,6.434,6.294,6.39,628066.8
1755518400000,6.39,6.481,6.335,6.416,749203.2
1755532800000,6.416,6.451,6.325,6.357,454924.0
1755547200000,6.357,6.452,6.318,6.336,409925.7
1755561600000,6.335,6.41,6.187,6.221,676962.6
1755576000000,6.219,6.255,6.136,6.201,478867.7
1755590400000,6.2,6.297,6.137,6.297,417253.9
1755604800000,6.298,6.333,6.121,6.188,895999.3
1755619200000,6.187,6.191,6.04,6.118,552338.1
1755633600000,6.119,6.189,6.068,6.085,347103.4
1755648000000,6.087,6.17,6.033,6.12,405186.0
1755662400000,6.121,6.244,6.121,6.184,263754.5
1755676800000,6.184,6.318,6.175,6.263,484038.0
1755691200000,6.265,6.34,6.08,6.292,744564.4
1755705600000,6.293,6.454,6.289,6.445,438434.4
1755720000000,6.446,6.471,6.414,6.428,276779.0
1755734400000,6.428,6.48,6.362,6.377,257778.3
1755748800000,6.378,6.4,6.293,6.327,219137.3
1755763200000,6.327,6.337,6.243,6.293,196194.1
1755777600000,6.293,6.358,6.193,6.208,408047.1
1755792000000,6.211,6.283,6.178,6.212,203131.0
1755806400000,6.212,6.299,6.198,6.253,144555.8
1755820800000,6.253,6.328,6.201,6.223,180696.2
1755835200000,6.223,6.299,6.213,6.283,136112.4
1755849600000,6.282,6.309,6.143,6.145,215059.7
1755864000000,6.147,6.554,6.007,6.484,1761925.7
1755878400000,6.488,6.865,6.488,6.838,868583.1
1755892800000,6.839,6.877,6.798,6.843,421077.3
1755907200000,6.844,6.866,6.563,6.676,548316.1
1755921600000,6.674,6.856,6.672,6.736,376703.5
1755936000000,6.738,6.806,6.699,6.724,343355.4
1755950400000,6.726,6.768,6.681,6.745,298728.4
1755964800000,6.745,6.766,6.702,6.764,146300.3
1755979200000,6.763,6.77,6.716,6.752,130862.2
1755993600000,6.752,6.779,6.641,6.675,223322.4
1756008000000,6.676,6.704,6.553,6.573,244649.6
1756022400000,6.574,6.631,6.525,6.562,265176.4
1756036800000,6.561,6.66,6.541,6.587,241722.1
1756051200000,6.588,6.865,6.534,6.668,914062.8
1756065600000,6.669,6.698,6.513,6.592,523760.4
1756080000000,6.593,6.7,6.47,6.616,382311.3
1756094400000,6.616,6.634,6.287,6.321,427779.9
1756108800000,6.321,6.359,6.21,6.253,483474.4
1756123200000,6.253,6.3,6.182,6.215,424621.2
1756137600000,6.217,6.253,5.97,5.992,614130.7
1756152000000,5.992,6.001,5.75,5.91,1209864.8
1756166400000,5.91,6.052,5.862,5.961,474892.9
1756180800000,5.96,6.047,5.92,6.003,319323.6
1756195200000,6.002,6.077,5.948,5.999,301002.7
1756209600000,6.0,6.155,5.966,6.152,765543.3
1756224000000,6.153,6.971,6.152,6.639,8397788.1
1756238400000,6.639,6.747,6.534,6.729,2219830.1
1756252800000,6.728,6.95,6.573,6.632,3638224.3
1756267200000,6.631,8.45,6.592,8.196,18578738.9
1756281600000,8.192,8.196,7.426,7.713,17720434.7
1756296000000,7.713,8.037,7.144,7.641,15288157.0
1756310400000,7.64,8.324,7.5,7.574,12200821.0
1756324800000,7.572,7.96,7.283,7.346,6444017.5
1756339200000,7.347,9.143,7.224,8.782,23100113.5
1756353600000,8.781,8.783,8.075,8.303,13686173.4
1756368000000,8.303,8.369,7.909,8.303,5756863.5
1756382400000,8.303,8.672,7.611,7.653,10272616.8
1756396800000,7.652,7.698,7.404,7.534,3622367.2
1756411200000,7.535,7.843,7.42,7.642,3125633.7
1756425600000,7.64,8.115,7.484,7.497,6221570.9
1756440000000,7.497,7.518,7.2,7.231,2826810.8
1756454400000,7.232,7.261,7.112,7.199,1949795.0
1756468800000,7.198,7.321,6.943,6.964,2197123.0
1756483200000,6.965,7.047,6.855,6.86,1255499.8
1756497600000,6.86,6.947,6.805,6.929,967848.9
1756512000000,6.93,7.08,6.748,6.973,2592546.5
1756526400000,6.974,7.367,6.957,7.141,2902916.8
1756540800000,7.14,7.322,7.084,7.173,1786125.0
1756555200000,7.172,7.209,7.023,7.054,984942.3
1756569600000,7.055,7.099,7.006,7.039,544839.2
1756584000000,7.04,7.093,7.007,7.078,477612.1
1756598400000,7.077,7.231,7.019,7.14,2097723.2
1756612800000,7.14,7.144,6.963,6.973,587263.0
1756627200000,6.973,7.045,6.925,6.991,557152.0
1756641600000,6.99,7.147,6.921,7.034,965673.6
1756656000000,7.034,7.036,6.943,6.946,479171.5
1756670400000,6.947,6.973,6.836,6.853,435803.6
1756684800000,6.853,6.855,6.648,6.715,1050997.5
1756699200000,6.715,6.796,6.606,6.794,689454.3
1756713600000,6.794,6.916,6.745,6.751,727898.3
1756728000000,6.75,6.788,6.633,6.648,601426.9
1756742400000,6.647,6.707,6.61,6.684,493705.4
1756756800000,6.686,6.704,6.47,6.614,926917.7
1756771200000,6.614,6.8,6.576,6.79,511334.2
1756785600000,6.79,6.83,6.707,6.726,413315.2
1756800000000,6.725,6.788,6.708,6.74,358416.1
1756814400000,6.739,6.797,6.558,6.567,851231.7
1756828800000,6.567,6.697,6.567,6.608,506939.5
1756843200000,6.606,6.724,6.6,6.7,361257.4
1756857600000,6.7,6.762,6.64,6.718,350235.1
1756872000000,6.717,6.722,6.602,6.636,301447.3
1756886400000,6.635,6.732,6.6,6.69,288712.9
1756900800000,6.69,6.917,6.668,6.819,596649.6
1756915200000,6.819,7.281,6.797,7.213,2495112.1
1756929600000,7.213,7.414,7.04,7.151,2624895.0
1756944000000,7.152,7.152,6.909,6.913,1024478.8
1756958400000,6.913,6.952,6.762,6.814,919860.7
1756972800000,6.814,6.845,6.75,6.772,660531.9
1756987200000,6.772,6.805,6.582,6.598,832494.6
1757001600000,6.599,6.623,6.537,6.546,675223.7
1757016000000,6.546,6.682,6.534,6.612,510801.2
1757030400000,6.611,6.772,6.607,6.732,546532.1
1757044800000,6.732,6.835,6.696,6.823,408133.1
1757059200000,6.823,6.953,6.789,6.898,764973.5
1757073600000,6.898,6.981,6.683,6.791,1095008.3
1757088000000,6.791,6.848,6.731,6.848,361658.3
1757102400000,6.848,6.893,6.823,6.839,349622.1
1757116800000,6.839,6.933,6.802,6.915,337530.0
1757131200000,6.914,7.01,6.832,6.938,786085.1
1757145600000,6.938,7.281,6.858,7.019,2327131.4
1757160000000,7.018,7.361,6.907,7.148,3023938.4
1757174400000,7.147,7.216,6.982,6.995,1287792.1
1757188800000,6.996,7.017,6.93,6.942,649774.5
1757203200000,6.942,7.138,6.93,7.015,1617066.6
1757217600000,7.014,7.061,6.99,7.005,602850.7
1757232000000,7.004,7.206,7.003,7.094,1339037.6
1757246400000,7.094,7.107,6.952,6.99,860152.7
1757260800000,6.989,7.024,6.91,6.915,492746.9
1757275200000,6.916,7.0,6.902,6.982,375174.7
1757289600000,6.981,7.078,6.917,7.023,563609.7
1757304000000,7.023,7.031,6.93,6.948,469402.4
1757318400000,6.946,7.081,6.945,6.993,635144.1
1757332800000,6.994,7.104,6.955,7.104,614622.9
1757347200000,7.104,7.13,6.973,7.008,644636.8
1757361600000,7.009,7.059,6.955,7.037,406724.0
1757376000000,7.037,7.2,7.027,7.139,1125996.6
1757390400000,7.14,7.319,7.106,7.26,964763.5
1757404800000,7.262,7.303,7.167,7.173,736100.7
1757419200000,7.174,7.225,6.959,6.992,865980.5
1757433600000,6.992,7.032,6.916,6.999,482190.4
1757448000000,7.0,7.128,6.992,7.103,300824.6
1757462400000,7.104,7.168,7.027,7.137,428797.3
1757476800000,7.136,7.136,7.054,7.076,299125.7
1757491200000,7.076,7.093,7.013,7.074,277963.0
1757505600000,7.074,7.198,7.037,7.112,635545.8
1757520000000,7.112,7.118,6.937,6.982,393183.0
1757534400000,6.982,7.07,6.971,7.068,167853.8
1757548800000,7.069,7.144,7.059,7.142,322847.0
1757563200000,7.143,7.29,7.133,7.188,902087.5
1757577600000,7.188,7.199,7.068,7.078,420346.6
1757592000000,7.077,7.162,6.981,7.011,706570.4
1757606400000,7.012,7.121,7.006,7.105,214824.3
1757620800000,7.106,7.199,7.093,7.188,203309.2
1757635200000,7.188,7.276,7.122,7.159,468356.8
1757649600000,7.159,7.215,7.146,7.169,254712.5
1757664000000,7.169,7.176,7.066,7.09,340242.0
1757678400000,7.09,7.166,7.043,7.128,368809.9
1757692800000,7.128,7.297,7.123,7.295,445240.9
1757707200000,7.293,7.354,7.258,7.335,424108.4
1757721600000,7.334,7.392,7.266,7.375,379367.2
1757736000000,7.376,7.386,7.323,7.326,228904.9
1757750400000,7.327,7.488,7.323,7.466,536308.1
1757764800000,7.466,7.471,7.189,7.318,750628.0
1757779200000,7.319,7.349,7.158,7.233,527154.9
1757793600000,7.233,7.395,7.226,7.348,348845.8
1757808000000,7.347,7.355,7.22,7.244,325470.7
1757822400000,7.244,7.33,7.176,7.225,295533.6
1757836800000,7.224,7.246,7.053,7.061,425266.1
1757851200000,7.062,7.11,6.943,6.997,577929.6
1757865600000,6.998,7.078,6.981,7.036,217093.3
1757880000000,7.036,7.092,6.976,6.991,237607.9
1757894400000,6.99,7.041,6.911,7.02,381491.9
1757908800000,7.02,7.066,6.822,6.857,567305.1
1757923200000,6.855,6.856,6.699,6.774,760627.6
1757937600000,6.773,6.817,6.645,6.703,530322.2
1757952000000,6.701,6.75,6.622,6.725,303799.5
1757966400000,6.725,6.763,6.708,6.744,216312.5
1757980800000,6.744,6.766,6.657,6.659,259323.1
1757995200000,6.659,6.746,6.61,6.712,299488.9
1758009600000,6.713,6.776,6.689,6.721,292417.6
1758024000000,6.721,6.772,6.619,6.756,421115.8
1758038400000,6.757,6.821,6.714,6.801,316990.4
1758052800000,6.801,6.83,6.768,6.774,132306.7
1758067200000,6.773,6.855,6.746,6.77,223579.5
1758081600000,6.77,6.841,6.719,6.818,277450.5
1758096000000,6.817,6.82,6.739,6.778,291060.7
1758110400000,6.777,6.83,6.713,6.726,324395.0
1758124800000,6.725,6.903,6.674,6.899,671292.9
1758139200000,6.9,7.13,6.803,7.062,474433.5
1758153600000,7.063,7.088,6.976,7.079,363032.8
1758168000000,7.079,7.102,6.961,7.026,322042.4
1758182400000,7.026,7.148,7.018,7.147,410965.3
1758196800000,7.146,7.218,7.099,7.152,515185.6
1758211200000,7.152,7.245,7.138,7.171,327724.7
1758225600000,7.172,7.198,7.098,7.144,232579.1
1758240000000,7.144,7.204,7.016,7.03,327402.4
1758254400000,7.029,7.059,6.923,6.967,383731.0
1758268800000,6.966,7.014,6.852,6.875,306556.6
1758283200000,6.876,6.931,6.744,6.794,475376.9
1758297600000,6.795,6.859,6.769,6.787,262842.7
1758312000000,6.786,6.829,6.708,6.753,173938.5
1758326400000,6.752,6.784,6.687,6.775,211231.3
1758340800000,6.774,6.853,6.763,6.852,168225.4
1758355200000,6.851,6.859,6.755,6.792,225355.7
1758369600000,6.792,6.927,6.776,6.888,308204.1
1758384000000,6.888,6.911,6.823,6.885,221145.5
1758398400000,6.885,6.921,6.862,6.88,154096.8
1758412800000,6.879,6.905,6.827,6.881,173596.1
1758427200000,6.881,6.921,6.846,6.886,157231.4
1758441600000,6.888,6.9,6.718,6.763,271679.1
1758456000000,6.763,6.826,6.751,6.764,166660.3
1758470400000,6.765,6.793,6.686,6.773,187080.0
1758484800000,6.772,6.788,6.67,6.711,175835.8
1758499200000,6.711,6.75,6.358,6.464,1101811.9
1758513600000,6.464,6.515,5.843,6.228,1095012.5
1758528000000,6.229,6.302,6.182,6.229,401633.6
1758542400000,6.23,6.317,6.191,6.209,318181.5
1758556800000,6.206,6.246,6.141,6.169,258603.3
1758571200000,6.168,6.306,6.158,6.302,137355.4
1758585600000,6.302,6.323,6.112,6.22,311906.9
1758600000000,6.222,6.31,6.155,6.273,256629.7
1758614400000,6.274,6.443,6.274,6.363,786133.4
1758628800000,6.362,6.454,6.326,6.391,423641.2
1758643200000,6.39,6.466,6.273,6.292,308728.7
1758657600000,6.292,6.354,6.265,6.283,173583.7
1758672000000,6.283,6.374,6.162,6.195,341345.6
1758686400000,6.196,6.337,6.113,6.305,461245.5
1758700800000,6.306,6.312,6.231,6.249,295960.1
1758715200000,6.25,6.328,6.204,6.24,351428.4
1758729600000,6.24,6.283,6.193,6.212,185097.2
1758744000000,6.212,6.231,6.135,6.196,160313.5
1758758400000,6.197,6.207,6.038,6.109,458714.1
1758772800000,6.108,6.129,5.959,6.017,459609.4
1758787200000,6.018,6.086,5.955,5.978,325584.1
1758801600000,5.977,6.093,5.848,6.031,610158.4
1758816000000,6.031,6.044,5.76,5.945,804000.0
1758830400000,5.946,5.967,5.827,5.879,330070.7
1758844800000,5.879,5.991,5.871,5.974,293018.1
1758859200000,5.974,5.987,5.907,5.973,272278.4
1758873600000,5.973,5.996,5.873,5.933,253181.4
1758888000000,5.933,6.018,5.868,6.002,494943.3
1758902400000,6.001,6.125,5.997,6.068,431872.3
1758916800000,6.069,6.136,6.053,6.134,177022.8
1758931200000,6.134,6.134,6.066,6.068,153100.9
1758945600000,6.068,6.121,6.061,6.085,120584.6
1758960000000,6.085,6.086,6.015,6.078,159365.7
1758974400000,6.079,6.137,6.071,6.126,196297.2
1758988800000,6.127,6.127,6.013,6.042,233701.0
1759003200000,6.043,6.077,6.017,6.03,138809.8
1759017600000,6.031,6.035,5.946,5.983,199407.3
1759032000000,5.984,6.029,5.952,6.009,195642.6
1759046400000,6.01,6.012,5.915,5.939,143355.8
1759060800000,5.938,6.01,5.9,5.977,219499.1
1759075200000,5.977,6.086,5.966,6.084,245811.9
1759089600000,6.085,6.203,6.08,6.191,389087.2
1759104000000,6.191,6.195,6.127,6.145,164527.6
1759118400000,6.146,6.147,6.078,6.12,185782.6
1759132800000,6.119,6.192,6.056,6.095,297733.5
1759147200000,6.094,6.228,6.016,6.134,416050.3
1759161600000,6.135,6.188,6.067,6.179,257085.2
1759176000000,6.18,6.232,6.152,6.154,139390.7
1759190400000,6.153,6.163,6.074,6.104,215097.2
1759204800000,6.104,6.14,6.069,6.094,152714.6
1759219200000,6.095,6.104,5.973,6.031,253540.5
1759233600000,6.031,6.043,5.893,5.931,303146.1
1759248000000,5.932,6.057,5.88,6.047,283482.0
1759262400000,6.046,6.11,6.0,6.045,313756.3
1759276800000,6.044,6.085,6.004,6.004,236300.3
1759291200000,6.003,6.111,5.998,6.093,294596.3
1759305600000,6.093,6.417,6.083,6.331,984705.7
1759320000000,6.331,6.383,6.276,6.365,280881.1
1759334400000,6.366,6.74,6.328,6.576,1389823.2
1759348800000,6.577,6.586,6.459,6.489,443632.5
1759363200000,6.49,6.574,6.455,6.517,353557.2
1759377600000,6.516,6.801,6.502,6.629,995035.9
1759392000000,6.63,6.681,6.565,6.566,447170.2
1759406400000,6.566,6.616,6.442,6.553,677516.9
1759420800000,6.553,6.666,6.529,6.606,331619.6
1759435200000,6.606,6.616,6.538,6.597,289150.4
1759449600000,6.599,6.604,6.469,6.524,393773.8
1759464000000,6.524,6.587,6.492,6.533,262336.7
1759478400000,6.532,6.565,6.499,6.529,232732.0
1759492800000,6.529,6.672,6.453,6.665,396430.4
1759507200000,6.666,6.725,6.51,6.647,606677.2
1759521600000,6.648,6.687,6.619,6.653,140194.2
1759536000000,6.653,6.671,6.534,6.574,239293.2
1759550400000,6.573,6.63,6.55,6.586,153302.2
1759564800000,6.586,6.592,6.426,6.46,355322.0
1759579200000,6.461,6.546,6.382,6.421,303105.6
1759593600000,6.422,6.461,6.387,6.46,146933.6
1759608000000,6.461,6.496,6.458,6.485,112583.7
1759622400000,6.485,6.611,6.437,6.569,430176.7
1759636800000,6.568,6.663,6.561,6.657,411107.4
1759651200000,6.656,6.675,6.507,6.553,374803.6
1759665600000,6.552,6.553,6.441,6.5,293764.4
1759680000000,6.5,6.517,6.36,6.371,238963.3
1759694400000,6.372,6.442,6.353,6.411,164164.8
1759708800000,6.412,6.493,6.373,6.469,309798.1
1759723200000,6.469,6.537,6.426,6.476,227076.3
1759737600000,6.478,6.543,6.459,6.501,160916.1
1759752000000,6.503,6.665,6.496,6.653,321902.1
1759766400000,6.653,6.729,6.61,6.687,329378.3
1759780800000,6.686,6.708,6.617,6.63,261047.2
1759795200000,6.63,6.658,6.589,6.602,228683.3
1759809600000,6.601,6.667,6.503,6.522,306140.0
1759824000000,6.522,6.57,6.426,6.551,333233.3
1759838400000,6.553,6.58,6.254,6.291,859054.4
1759852800000,6.291,6.36,6.241,6.273,333252.4
1759867200000,6.273,6.35,6.241,6.265,170347.4
1759881600000,6.265,6.37,6.215,6.244,247907.8
1759896000000,6.245,6.293,6.21,6.286,153450.1
1759910400000,6.286,6.34,6.27,6.304,172386.9
1759924800000,6.304,6.398,6.254,6.344,273611.5
1759939200000,6.345,6.498,6.332,6.468,286240.4
1759953600000,6.469,6.485,6.43,6.464,91908.5
1759968000000,6.465,6.486,6.284,6.368,242069.2
1759982400000,6.368,6.393,6.275,6.291,173095.5
1759996800000,6.291,6.299,6.16,6.224,369597.9
1760011200000,6.223,6.287,6.122,6.152,370488.8
1760025600000,6.151,6.215,6.087,6.205,300625.3
1760040000000,6.204,6.267,6.185,6.245,144259.8
1760054400000,6.246,6.541,6.223,6.405,896463.0
1760068800000,6.404,6.742,6.398,6.51,1524513.8
1760083200000,6.508,6.672,6.457,6.629,953755.0
1760097600000,6.629,6.639,6.095,6.212,1343506.9
1760112000000,6.211,6.278,5.955,6.029,710729.1
1760126400000,6.029,6.069,2.11,4.46,7149448.1
1760140800000,4.456,5.079,4.436,4.585,3927454.6
1760155200000,4.586,4.716,4.579,4.64,802557.7
1760169600000,4.641,4.869,4.63,4.762,784404.7
1760184000000,4.762,4.84,4.653,4.82,719769.9
1760198400000,4.82,4.881,4.619,4.669,610512.2
1760212800000,4.668,4.686,4.476,4.621,629833.7
1760227200000,4.622,5.057,4.5,4.647,3774930.9
1760241600000,4.646,4.901,4.628,4.836,890926.0
1760256000000,4.835,4.886,4.742,4.833,636689.7
1760270400000,4.832,5.149,4.804,5.127,1413376.0
1760284800000,5.128,5.269,5.118,5.26,778662.9
1760299200000,5.26,5.31,5.139,5.28,578776.8
1760313600000,5.279,5.309,5.169,5.228,571217.3
1760328000000,5.23,5.405,5.193,5.314,597118.3
1760342400000,5.314,5.428,5.201,5.305,929605.0
1760356800000,5.304,5.466,5.255,5.409,1044821.7
1760371200000,5.411,5.549,5.375,5.5,602837.9
1760385600000,5.5,5.589,5.485,5.561,282472.5
1760400000000,5.561,5.582,5.383,5.404,420216.3
1760414400000,5.404,5.422,5.015,5.076,986986.0
1760428800000,5.075,5.192,5.008,5.14,621284.3
1760443200000,5.139,5.316,5.023,5.312,654106.9
1760457600000,5.313,5.407,5.217,5.325,699351.1
1760472000000,5.327,5.387,5.294,5.368,260893.0
1760486400000,5.367,5.431,5.309,5.362,384566.8
1760500800000,5.363,5.473,5.321,5.455,285601.8
1760515200000,5.454,5.547,5.322,5.373,571378.2
1760529600000,5.374,5.402,5.207,5.254,648762.5
1760544000000,5.255,5.268,5.153,5.173,435806.2
1760558400000,5.173,5.204,5.075,5.169,309087.8
1760572800000,5.169,5.212,5.14,5.151,264031.3
1760587200000,5.151,5.239,5.114,5.173,272865.5
1760601600000,5.174,5.271,4.992,5.248,583191.7
1760616000000,5.248,5.289,5.01,5.043,689640.0
1760630400000,5.041,5.156,4.936,4.985,642361.4
1760644800000,4.985,5.007,4.909,4.967,258146.0
1760659200000,4.968,5.038,4.931,5.018,214015.9
1760673600000,5.019,5.025,4.668,4.692,825334.1
1760688000000,4.694,4.907,4.598,4.857,948805.1
1760702400000,4.856,4.892,4.726,4.87,583578.7
1760716800000,4.871,4.932,4.812,4.844,340171.0
1760731200000,4.845,4.936,4.822,4.859,161053.0
1760745600000,4.861,4.961,4.85,4.939,165124.0
1760760000000,4.938,5.006,4.898,4.927,235745.9
1760774400000,4.926,4.987,4.895,4.978,151452.0
1760788800000,4.978,4.985,4.873,4.916,201807.7
1760803200000,4.917,4.936,4.852,4.922,192842.2
1760817600000,4.925,4.959,4.917,4.924,86514.9
1760832000000,4.925,4.974,4.871,4.959,180418.3
1760846400000,4.959,4.964,4.872,4.904,93614.2
1760860800000,4.904,5.037,4.843,4.993,404368.3
1760875200000,4.993,5.085,4.966,5.06,205334.2
1760889600000,5.062,5.147,5.047,5.091,184830.9
1760904000000,5.092,5.106,5.032,5.045,119817.8
1760918400000,5.044,5.168,4.954,5.152,225627.3
1760932800000,5.151,5.239,5.125,5.208,257174.1
1760947200000,5.208,5.284,5.182,5.244,390874.9
1760961600000,5.242,5.259,5.171,5.177,296745.2
1760976000000,5.175,5.205,5.076,5.188,320643.9
1760990400000,5.188,5.215,5.151,5.164,92802.6
1761004800000,5.162,5.166,5.062,5.08,131989.0
1761019200000,5.079,5.08,4.952,5.006,534718.6
1761033600000,5.006,5.041,4.937,5.019,181884.0
1761048000000,5.02,5.278,4.979,5.264,393530.3
1761062400000,5.263,5.285,5.141,5.178,427437.9
1761076800000,5.174,5.179,4.93,4.941,312538.7
1761091200000,4.941,4.973,4.877,4.957,227558.6
1761105600000,4.957,4.995,4.791,4.868,429975.3
1761120000000,4.867,4.898,4.757,4.854,259116.7
1761134400000,4.855,4.967,4.84,4.913,438857.8
1761148800000,4.912,4.938,4.815,4.86,272654.9
1761163200000,4.862,4.874,4.6,4.796,652621.2
1761177600000,4.797,4.826,4.781,4.81,131046.2
1761192000000,4.811,4.902,4.799,4.888,160028.9
1761206400000,4.888,4.927,4.846,4.856,138622.2
1761220800000,4.855,4.947,4.809,4.911,323255.4
1761235200000,4.912,4.976,4.899,4.922,160943.0
1761249600000,4.921,4.922,4.848,4.914,134961.5
1761264000000,4.915,5.118,4.91,4.986,2168317.5
1761278400000,4.987,5.1,4.97,5.084,374990.8
1761292800000,5.085,5.164,5.062,5.146,396493.8
1761307200000,5.145,5.236,5.012,5.029,474869.5
1761321600000,5.029,5.134,4.992,5.107,216035.4
1761336000000,5.108,5.184,5.1,5.161,128590.4
1761350400000,5.161,5.166,5.031,5.034,220946.8
1761364800000,5.034,5.052,4.997,5.015,167560.4
1761379200000,5.016,5.059,5.004,5.027,120498.7
1761393600000,5.027,5.078,5.024,5.061,183721.3
1761408000000,5.061,5.109,5.042,5.101,132855.8
1761422400000,5.102,5.104,5.06,5.064,100131.2
1761436800000,5.065,5.107,5.02,5.036,222909.7
1761451200000,5.036,5.09,5.027,5.088,111214.7
1761465600000,5.089,5.191,5.082,5.175,187222.1
1761480000000,5.178,5.249,5.137,5.247,248739.5
1761494400000,5.247,5.263,5.169,5.176,236816.6
1761508800000,5.177,5.283,5.142,5.215,234618.5
1761523200000,5.215,5.329,5.196,5.286,290584.0
1761537600000,5.285,5.357,5.236,5.267,385563.4
1761552000000,5.268,5.278,5.124,5.177,329055.9
1761566400000,5.177,5.192,5.084,5.13,485172.7
1761580800000,5.13,5.237,5.129,5.153,288192.0
1761595200000,5.154,5.155,5.032,5.06,290353.3
1761609600000,5.06,5.106,5.009,5.044,199750.8
1761624000000,5.043,5.107,4.988,5.043,254721.8
1761638400000,5.045,5.112,5.036,5.077,116834.2
1761652800000,5.077,5.161,5.017,5.092,299724.8
1761667200000,5.091,5.138,4.952,4.986,254775.2
1761681600000,4.984,4.984,4.843,4.959,456920.4
1761696000000,4.959,4.987,4.923,4.933,157388.5
1761710400000,4.932,4.999,4.928,4.978,127629.3
1761724800000,4.979,5.023,4.938,5.015,137538.3
1761739200000,5.015,5.048,4.909,4.933,221018.8
1761753600000,4.933,5.043,4.807,5.007,697982.2
1761768000000,5.008,5.078,4.92,4.954,217036.7
1761782400000,4.955,5.011,4.923,4.959,152980.6
1761796800000,4.959,4.96,4.76,4.925,345312.5
1761811200000,4.923,4.923,4.843,4.849,169479.5
1761825600000,4.849,4.87,4.601,4.627,750827.7
1761840000000,4.627,4.665,4.41,4.455,869212.6
1761854400000,4.454,4.619,4.442,4.612,304340.1
1761868800000,4.612,4.688,4.601,4.671,217118.8
1761883200000,4.672,4.727,4.659,4.679,203006.4
1761897600000,4.679,4.74,4.651,4.733,234177.8
1761912000000,4.732,4.768,4.668,4.712,394167.3
1761926400000,4.711,4.755,4.604,4.739,394012.0
1761940800000,4.738,4.744,4.678,4.696,128133.1
1761955200000,4.696,4.77,4.681,4.761,162977.1
1761969600000,4.762,5.499,4.727,5.343,3069298.7
1761984000000,5.342,5.786,5.184,5.345,7110574.9
1761998400000,5.342,5.735,5.206,5.484,9491446.2
1762012800000,5.484,5.523,5.352,5.485,2482517.1
1762027200000,5.484,5.527,5.305,5.414,1390233.7
1762041600000,5.413,6.373,5.352,6.126,17503011.7
1762056000000,6.125,6.132,5.629,5.673,8197661.7
1762070400000,5.674,5.921,5.51,5.767,7126141.6
1762084800000,5.767,5.93,5.436,5.651,5884152.9
1762099200000,5.649,5.749,5.524,5.737,2661361.9
1762113600000,5.739,5.74,5.561,5.644,1522490.5
1762128000000,5.644,5.653,5.035,5.066,4334633.0
1762142400000,5.067,5.149,4.934,5.124,2443399.6
1762156800000,5.124,5.161,4.971,5.037,2313984.0
1762171200000,5.037,5.038,4.548,4.782,3669362.5
1762185600000,4.783,4.986,4.754,4.879,1963543.8
1762200000000,4.88,4.943,4.756,4.904,1301466.6
1762214400000,4.904,5.268,4.833,5.257,2242942.1
1762228800000,5.257,5.283,4.914,5.135,3659734.8
1762243200000,5.135,5.246,5.041,5.099,2008725.7
1762257600000,5.099,5.255,4.936,5.022,2040101.3
1762272000000,5.022,5.09,4.844,4.925,2139385.4
1762286400000,4.925,4.951,4.634,4.797,2687441.6
1762300800000,4.797,5.12,4.58,4.979,2703577.7
1762315200000,4.979,5.184,4.937,5.118,1547927.3
1762329600000,5.117,5.234,4.858,5.14,2231957.5
1762344000000,5.139,5.239,5.053,5.187,1958036.6
1762358400000,5.188,5.2,5.111,5.149,856894.1
1762372800000,5.149,5.177,5.072,5.077,547837.6
1762387200000,5.077,5.203,4.968,5.041,1374624.8
1762401600000,5.041,5.216,4.953,5.196,1053969.4
1762416000000,5.197,5.298,5.073,5.229,1696634.1
1762430400000,5.228,5.23,5.054,5.106,1147357.5
1762444800000,5.107,5.211,5.067,5.163,822217.4
1762459200000,5.164,5.545,5.144,5.298,1717019.1
1762473600000,5.297,5.499,5.187,5.323,1898843.2
1762488000000,5.323,5.437,5.26,5.428,998690.6
1762502400000,5.428,5.428,5.097,5.166,1074641.1
1762516800000,5.165,5.369,5.084,5.309,1260610.8
1762531200000,5.31,5.8,5.289,5.707,2201335.6
1762545600000,5.707,5.715,5.603,5.655,756435.1
1762560000000,5.655,5.763,5.405,5.575,1380529.1
1762574400000,5.575,5.675,5.457,5.631,1137758.7
1762588800000,5.632,5.698,5.53,5.591,912538.1
1762603200000,5.593,5.668,5.372,5.403,890465.6
1762617600000,5.404,5.466,5.34,5.41,470856.6
1762632000000,5.409,5.455,5.376,5.397,304375.6
1762646400000,5.397,5.402,5.121,5.166,806544.3
1762660800000,5.166,5.258,5.166,5.241,329947.3
1762675200000,5.24,5.317,5.109,5.27,545404.2
1762689600000,5.268,5.42,5.229,5.398,523403.3
1762704000000,5.397,5.423,5.331,5.393,378894.6
1762718400000,5.392,5.395,5.284,5.347,302750.4
1762732800000,5.347,5.479,5.301,5.41,552295.0
1762747200000,5.409,5.428,5.353,5.405,266170.3
1762761600000,5.405,5.411,5.264,5.328,461520.3
1762776000000,5.328,5.367,5.195,5.229,490985.2
1762790400000,5.228,5.283,5.139,5.224,422645.8
1762804800000,5.224,5.304,5.138,5.276,417539.6
1762819200000,5.277,5.346,5.175,5.279,483421.6
1762833600000,5.279,5.284,5.039,5.051,445758.1
1762848000000,5.051,5.211,5.051,5.187,444057.4
1762862400000,5.187,5.488,5.148,5.377,2141403.1
1762876800000,5.376,5.529,5.323,5.44,1170383.6
1762891200000,5.441,5.451,5.097,5.107,903518.1
1762905600000,5.107,5.208,5.042,5.178,566381.4
1762920000000,5.177,5.249,5.145,5.171,392063.8
1762934400000,5.169,5.286,5.159,5.267,415697.5
1762948800000,5.266,5.303,5.037,5.067,648099.9
1762963200000,5.068,5.076,4.832,4.897,812619.1
1762977600000,4.896,5.01,4.885,4.981,280628.1
1762992000000,4.982,5.042,4.853,4.975,559389.6
1763006400000,4.975,5.044,4.941,4.957,301979.3
1763020800000,4.958,5.019,4.912,4.931,346427.2
1763035200000,4.931,5.023,4.871,4.912,458860.5
1763049600000,4.912,4.934,4.657,4.686,678841.8
1763064000000,4.686,4.789,4.636,4.764,394485.9
1763078400000,4.763,4.796,4.644,4.674,419533.2
1763092800000,4.675,4.681,4.481,4.624,736658.3
1763107200000,4.624,4.636,4.549,4.594,311263.9
1763121600000,4.593,4.712,4.488,4.677,775088.5
1763136000000,4.678,4.709,4.584,4.664,338170.9
1763150400000,4.665,4.677,4.478,4.556,375469.8
1763164800000,4.555,4.702,4.542,4.684,369335.4
1763179200000,4.684,4.713,4.643,4.663,213120.5
1763193600000,4.663,4.672,4.585,4.623,271503.3
1763208000000,4.623,4.681,4.611,4.648,199485.6
1763222400000,4.647,4.698,4.603,4.658,187158.5
1763236800000,4.658,4.677,4.59,4.675,196010.1
1763251200000,4.676,4.676,4.551,4.633,287241.5
1763265600000,4.634,4.647,4.583,4.641,203783.3
1763280000000,4.641,4.646,4.531,4.557,248997.2
1763294400000,4.557,4.588,4.473,4.485,272568.7
1763308800000,4.484,4.523,4.357,4.438,611490.0
1763323200000,4.439,4.511,4.391,4.477,255703.4
1763337600000,4.477,4.591,4.433,4.582,276230.6
1763352000000,4.581,4.893,4.571,4.779,1631563.0
1763366400000,4.778,4.793,4.642,4.659,947092.0
1763380800000,4.658,4.727,4.533,4.592,965322.8
1763395200000,4.592,4.616,4.356,4.383,598939.9
1763409600000,4.383,4.435,4.332,4.388,383021.7
1763424000000,4.388,4.456,4.285,4.446,646764.8
1763438400000,4.446,4.467,4.304,4.366,468846.2
1763452800000,4.365,4.41,4.333,4.341,396497.9
1763467200000,4.341,4.482,4.311,4.459,480203.7
1763481600000,4.459,4.542,4.454,4.5,319188.3
1763496000000,4.499,4.504,4.422,4.454,171309.9
1763510400000,4.454,4.47,4.354,4.356,279980.7
1763524800000,4.355,4.368,4.23,4.357,337247.1
1763539200000,4.356,4.389,4.324,4.37,200284.4
1763553600000,4.37,4.439,4.281,4.288,380057.7
1763568000000,4.287,4.312,4.174,4.218,402139.3
1763582400000,4.218,4.361,4.195,4.335,320599.2
1763596800000,4.336,4.363,4.32,4.36,246066.9
1763611200000,4.358,4.387,4.336,4.378,189435.7
1763625600000,4.378,4.401,4.334,4.397,187979.6
1763640000000,4.396,4.467,4.358,4.367,532445.0
1763654400000,4.366,4.572,4.221,4.319,3330432.2
1763668800000,4.318,4.409,4.208,4.292,632920.0
1763683200000,4.292,4.451,4.284,4.412,966149.5
1763697600000,4.411,4.412,3.769,4.095,1219204.9
1763712000000,4.093,4.14,3.947,3.965,798172.0
1763726400000,3.966,4.158,3.886,4.046,946962.6
1763740800000,4.047,4.189,3.994,4.115,579648.3
1763755200000,4.115,4.124,3.902,4.038,370790.9
1763769600000,4.038,4.138,3.918,3.927,824671.4
1763784000000,3.927,3.93,3.77,3.889,549385.1
1763798400000,3.89,3.901,3.814,3.874,339298.3
1763812800000,3.875,3.954,3.826,3.929,336358.2
1763827200000,3.93,3.984,3.921,3.947,231829.8
1763841600000,3.948,4.027,3.897,3.97,228865.1
1763856000000,3.97,4.044,3.947,4.043,232794.4
1763870400000,4.043,4.143,3.995,4.033,343352.4
1763884800000,4.034,4.062,3.998,4.046,193772.3
1763899200000,4.046,4.071,3.975,4.04,260833.7
1763913600000,4.041,4.085,4.004,4.043,232192.4
1763928000000,4.042,4.067,3.987,3.995,146698.6
1763942400000,3.996,4.105,3.95,4.069,402353.7
1763956800000,4.068,4.084,4.001,4.02,285041.5
1763971200000,4.021,4.026,3.934,3.944,244218.2
1763985600000,3.943,4.027,3.909,4.006,402322.8
1764000000000,4.007,4.168,4.007,4.125,395580.6
1764014400000,4.126,4.171,4.113,4.122,172477.5
1764028800000,4.122,4.122,4.04,4.045,278628.0
1764043200000,4.045,4.068,4.007,4.013,195674.5
1764057600000,4.013,4.046,3.989,4.021,172979.1
1764072000000,4.022,4.064,3.973,4.025,250334.2
1764086400000,4.024,4.087,3.99,4.037,216214.6
1764100800000,4.039,4.115,4.015,4.091,146494.4
1764115200000,4.092,4.391,4.081,4.091,2045665.4
1764129600000,4.09,4.101,4.044,4.082,403996.9
1764144000000,4.082,4.093,4.012,4.022,322001.5
1764158400000,4.022,4.037,3.969,3.99,289645.2
1764172800000,3.99,4.155,3.989,4.135,352271.3
1764187200000,4.135,4.144,4.098,4.136,164677.9
1764201600000,4.135,4.15,4.089,4.119,393163.7
1764216000000,4.118,4.178,4.11,4.142,290032.5
1764230400000,4.142,4.196,4.104,4.146,1063603.5
1764244800000,4.146,4.182,4.106,4.182,329805.5
1764259200000,4.182,4.224,4.177,4.215,181234.1
1764273600000,4.216,4.238,4.17,4.186,180160.6
1764288000000,4.186,4.233,4.137,4.155,376043.9
1764302400000,4.155,4.182,4.128,4.15,175257.0
1764316800000,4.151,4.235,4.15,4.195,288301.2
1764331200000,4.194,4.216,4.153,4.184,261082.1
1764345600000,4.184,4.189,4.054,4.138,324791.8
1764360000000,4.138,4.139,4.084,4.096,122985.3
1764374400000,4.096,4.121,4.073,4.096,188726.2
1764388800000,4.096,4.117,4.041,4.048,182536.0
1764403200000,4.049,4.085,4.032,4.082,121366.2
1764417600000,4.082,4.087,4.028,4.052,131101.3
1764432000000,4.053,4.061,3.973,3.998,206327.4
1764446400000,3.999,4.017,3.976,4.006,123734.1
1764460800000,4.006,4.024,3.965,4.011,131080.8
1764475200000,4.01,4.015,3.972,4.005,121169.9
1764489600000,4.006,4.029,3.993,4.004,148106.0
1764504000000,4.004,4.062,3.991,4.032,198615.7
1764518400000,4.032,4.078,4.029,4.057,147559.6
1764532800000,4.057,4.082,3.997,4.002,157122.3
1764547200000,4.002,4.005,3.657,3.667,961646.2
1764561600000,3.666,3.691,3.632,3.664,384211.8
1764576000000,3.664,3.728,3.664,3.682,236074.7
1764590400000,3.682,3.729,3.615,3.676,381161.4
1764604800000,3.676,3.687,3.632,3.665,340097.3
1764619200000,3.665,3.768,3.665,3.754,293063.5
1764633600000,3.755,3.783,3.71,3.736,185703.6
1764648000000,3.736,3.753,3.691,3.711,197530.9
1764662400000,3.71,3.739,3.669,3.719,212467.7
1764676800000,3.72,4.019,3.72,4.006,763061.5
1764691200000,4.006,4.017,3.943,3.969,253560.1
1764705600000,3.97,3.974,3.91,3.918,257842.6
1764720000000,3.918,3.951,3.9,3.918,257535.9
1764734400000,3.918,4.01,3.905,3.953,245130.5
1764748800000,3.953,4.028,3.952,4.023,292630.3
1764763200000,4.022,4.048,3.918,3.999,515036.3
1764777600000,4.0,4.024,3.972,4.018,207766.6
1764792000000,4.018,4.084,4.002,4.051,290150.7
1764806400000,4.051,4.066,4.002,4.01,230122.2
1764820800000,4.011,4.036,3.993,4.02,148557.8
1764835200000,4.021,4.04,3.992,4.005,176648.5
1764849600000,4.005,4.01,3.92,3.99,316681.1
1764864000000,3.991,4.004,3.844,3.918,227786.5
1764878400000,3.919,3.932,3.883,3.907,124654.0
1764892800000,3.907,3.937,3.884,3.901,148583.1
1764907200000,3.901,3.918,3.851,3.907,137437.2
1764921600000,3.906,3.906,3.817,3.829,268259.3
1764936000000,3.829,3.868,3.774,3.812,437052.4
1764950400000,3.812,3.812,3.677,3.724,456465.5
1764964800000,3.722,3.745,3.705,3.732,137137.9
1764979200000,3.732,3.834,3.693,3.752,476606.9
1764993600000,3.753,3.78,3.721,3.77,194913.3
1765008000000,3.77,3.801,3.752,3.798,154545.0
1765022400000,3.798,3.829,3.778,3.796,180754.0
1765036800000,3.796,3.869,3.796,3.844,160294.6
1765051200000,3.845,3.907,3.827,3.849,196013.2
1765065600000,3.85,3.883,3.828,3.841,152116.3
1765080000000,3.841,3.855,3.808,3.822,85022.6
1765094400000,3.822,3.833,3.766,3.769,117957.7
1765108800000,3.769,3.797,3.656,3.782,340067.1
1765123200000,3.781,3.854,3.738,3.822,260596.0
1765137600000,3.823,3.831,3.689,3.753,205966.3
1765152000000,3.754,3.814,3.745,3.801,133310.0
1765166400000,3.802,3.852,3.802,3.839,91381.8
1765180800000,3.839,3.901,3.834,3.873,126452.3
1765195200000,3.874,3.877,3.789,3.814,233442.7
1765209600000,3.813,3.867,3.778,3.795,150349.7
1765224000000,3.796,3.83,3.786,3.812,111048.4
1765238400000,3.812,3.825,3.746,3.779,161363.2
1765252800000,3.78,3.787,3.732,3.765,115876.8
1765267200000,3.765,3.769,3.722,3.749,135469.8
1765281600000,3.748,3.882,3.744,3.875,248419.0
1765296000000,3.876,4.011,3.876,3.95,427813.9
1765310400000,3.949,3.949,3.861,3.928,163309.8
1765324800000,3.928,3.93,3.836,3.849,136436.5
1765339200000,3.848,3.853,3.811,3.845,120624.5
1765353600000,3.844,3.847,3.766,3.784,162487.2
1765368000000,3.784,3.819,3.764,3.807,225198.5
1765382400000,3.806,3.909,3.794,3.899,304868.7
1765396800000,3.9,3.966,3.783,3.796,262126.6
1765411200000,3.796,3.799,3.578,3.58,594196.9
1765425600000,3.58,3.64,3.555,3.617,208999.7
1765440000000,3.617,3.659,3.581,3.633,176792.7
1765454400000,3.633,3.668,3.594,3.613,277749.5
1765468800000,3.613,3.689,3.599,3.657,281782.8
1765483200000,3.656,3.736,3.651,3.67,196879.2
1765497600000,3.671,3.693,3.618,3.671,164989.0
1765512000000,3.672,3.703,3.652,3.679,99037.6
1765526400000,3.679,3.715,3.667,3.709,176143.2
1765540800000,3.709,3.725,3.509,3.531,399152.8
1765555200000,3.53,3.542,3.433,3.484,419222.6
1765569600000,3.483,3.555,3.481,3.546,114860.9
1765584000000,3.546,3.603,3.545,3.598,114864.6
1765598400000,3.599,3.61,3.568,3.598,101810.9
1765612800000,3.598,3.633,3.575,3.612,265128.0
1765627200000,3.612,3.661,3.61,3.644,176200.4
1765641600000,3.644,3.655,3.629,3.649,100296.3
1765656000000,3.649,3.655,3.612,3.641,102722.4
1765670400000,3.641,3.648,3.619,3.633,68679.2
1765684800000,3.632,3.632,3.572,3.579,102838.3
1765699200000,3.579,3.596,3.511,3.545,168166.6
1765713600000,3.544,3.566,3.494,3.497,138135.2
1765728000000,3.497,3.525,3.453,3.467,161749.4
1765742400000,3.467,3.494,3.416,3.461,190270.2
1765756800000,3.461,3.535,3.439,3.493,239294.3
1765771200000,3.494,3.537,3.48,3.49,86139.2
1765785600000,3.49,3.498,3.449,3.473,139620.0
1765800000000,3.474,3.509,3.346,3.362,619985.1
1765814400000,3.361,3.361,3.198,3.293,706155.8
1765828800000,3.292,3.334,3.257,3.327,179495.5
1765843200000,3.328,3.337,3.263,3.286,165093.1
1765857600000,3.287,3.326,3.23,3.268,205096.3
1765872000000,3.268,3.348,3.264,3.342,155765.3
1765886400000,3.342,3.356,3.261,3.333,342607.8
1765900800000,3.333,3.334,3.287,3.324,158316.4
1765915200000,3.323,3.336,3.306,3.319,75734.6
1765929600000,3.319,3.34,3.27,3.277,133708.4
1765944000000,3.277,3.281,3.24,3.264,108480.5
1765958400000,3.264,3.282,3.233,3.282,102867.5
1765972800000,3.283,3.357,3.227,3.247,378790.1
1765987200000,3.246,3.26,3.11,3.15,372367.8
1766001600000,3.151,3.177,3.122,3.145,157164.8
1766016000000,3.145,3.151,3.091,3.102,153749.1
1766030400000,3.101,3.118,3.064,3.079,158143.1
1766044800000,3.08,3.132,3.077,3.119,134487.5
1766059200000,3.119,3.238,3.109,3.203,508529.3
1766073600000,3.204,3.209,2.961,2.973,570138.6
1766088000000,2.972,3.047,2.964,3.01,282788.9
1766102400000,3.01,3.12,2.969,3.08,281344.8
1766116800000,3.08,3.143,3.066,3.112,225366.8
1766131200000,3.112,3.124,3.099,3.117,124409.5
1766145600000,3.117,3.171,3.096,3.125,319593.0
1766160000000,3.124,3.187,3.104,3.169,336856.3
1766174400000,3.169,3.181,3.132,3.145,138002.0
1766188800000,3.146,3.146,3.111,3.12,107309.1
1766203200000,3.119,3.137,3.095,3.133,144248.7
1766217600000,3.133,3.151,3.118,3.143,110950.7
1766232000000,3.143,3.147,3.107,3.135,195552.2
1766246400000,3.136,3.15,3.127,3.136,112972.6
1766260800000,3.136,3.171,3.128,3.159,113997.6
1766275200000,3.16,3.195,3.081,3.091,353375.7
1766289600000,3.091,3.114,3.082,3.105,80978.6
1766304000000,3.104,3.12,3.066,3.074,164373.6
1766318400000,3.074,3.084,2.967,3.028,572213.6
1766332800000,3.028,3.064,3.019,3.062,120136.1
1766347200000,3.062,3.089,3.036,3.083,112384.1
1766361600000,3.082,3.143,3.041,3.074,274529.8
1766376000000,3.075,3.099,3.065,3.095,96405.4
1766390400000,3.094,3.119,3.077,3.102,137947.8
1766404800000,3.103,3.124,3.076,3.095,262240.7
1766419200000,3.095,3.108,3.015,3.02,182765.3
1766433600000,3.019,3.035,2.998,3.027,242776.2
1766448000000,3.027,3.038,2.964,2.976,310169.4
1766462400000,2.974,2.994,2.937,2.968,398193.0
1766476800000,2.968,3.013,2.968,2.988,162638.6
1766491200000,2.987,2.988,2.913,2.925,464157.9
1766505600000,2.924,2.977,2.914,2.951,409300.5
1766520000000,2.951,2.988,2.932,2.941,156650.2
1766534400000,2.941,2.949,2.87,2.9,240139.7
1766548800000,2.9,2.915,2.872,2.876,136854.9
1766563200000,2.876,2.884,2.863,2.869,128400.7
1766577600000,2.869,2.888,2.837,2.878,226777.4
1766592000000,2.877,2.895,2.852,2.881,245827.9
1766606400000,2.881,2.913,2.877,2.901,119917.0
1766620800000,2.902,2.93,2.872,2.909,182095.8
1766635200000,2.909,2.925,2.891,2.922,147987.5
1766649600000,2.922,2.935,2.872,2.876,164480.0
1766664000000,2.875,2.918,2.866,2.906,132267.1
1766678400000,2.907,2.934,2.897,2.915,160223.1
1766692800000,2.916,2.917,2.803,2.807,240499.7
1766707200000,2.807,2.894,2.788,2.869,257813.4
1766721600000,2.869,2.893,2.848,2.866,171112.8
1766736000000,2.866,2.879,2.857,2.874,130821.7
1766750400000,2.875,2.888,2.79,2.807,363747.6
1766764800000,2.806,2.827,2.771,2.822,186418.5
1766779200000,2.822,2.84,2.801,2.822,99357.4
1766793600000,2.821,3.218,2.82,3.08,2986394.1
1766808000000,3.079,3.18,3.027,3.095,5946321.4
1766822400000,3.096,3.108,2.943,2.969,2243961.9
1766836800000,2.969,2.993,2.931,2.964,1072497.0
1766851200000,2.964,2.992,2.936,2.983,557107.4
1766865600000,2.982,3.018,2.965,3.007,526106.1
1766880000000,3.007,3.007,2.915,2.946,686389.4
1766894400000,2.946,2.973,2.939,2.965,582282.9
1766908800000,2.965,2.976,2.922,2.939,455847.5
1766923200000,2.94,2.955,2.921,2.929,310562.2
1766937600000,2.928,2.941,2.869,2.876,437672.2
1766952000000,2.877,2.891,2.863,2.882,235908.4
1766966400000,2.882,2.989,2.876,2.986,429121.8
1766980800000,2.986,2.992,2.919,2.934,423132.7
1766995200000,2.933,2.947,2.875,2.915,551023.6
1767009600000,2.914,2.915,2.843,2.875,565406.1
1767024000000,2.874,2.887,2.842,2.857,277502.4
1767038400000,2.857,2.865,2.833,2.836,256387.8
1767052800000,2.835,2.857,2.816,2.851,266181.3
1767067200000,2.85,2.875,2.82,2.869,239324.7
1767081600000,2.868,2.952,2.867,2.945,505020.3
1767096000000,2.944,2.965,2.893,2.942,478274.1
1767110400000,2.943,3.033,2.898,3.026,497622.8
1767124800000,3.027,3.032,2.948,3.006,1010767.7
1767139200000,3.006,3.039,2.927,2.989,865548.2
1767153600000,2.989,2.992,2.934,2.966,307436.0
1767168000000,2.966,2.967,2.927,2.951,377742.0
1767182400000,2.95,2.971,2.905,2.922,302867.0
1767196800000,2.921,2.924,2.827,2.855,399191.3
1767211200000,2.854,2.911,2.839,2.899,174178.6
1767225600000,2.9,2.927,2.89,2.917,168486.7
1767240000000,2.917,2.929,2.887,2.922,145489.5
1767254400000,2.923,3.01,2.912,3.001,253509.6
1767268800000,3.0,3.006,2.955,2.996,324484.8
1767283200000,2.997,3.021,2.973,3.014,243427.6
1767297600000,3.016,3.029,2.993,3.016,135610.7
1767312000000,3.016,3.019,2.976,3.011,210486.9
1767326400000,3.012,3.015,2.988,2.994,160883.1
1767340800000,2.995,3.049,2.982,3.013,321976.2
1767355200000,3.012,3.064,2.997,3.047,403876.6
1767369600000,3.047,3.103,3.032,3.072,372960.6
1767384000000,3.073,3.123,3.065,3.119,202302.8
1767398400000,3.118,3.195,3.104,3.195,378195.7
1767412800000,3.194,3.202,3.08,3.094,341052.2
1767427200000,3.093,3.111,3.063,3.076,282249.0
1767441600000,3.076,3.103,3.072,3.078,131300.3
1767456000000,3.078,3.122,3.078,3.108,141641.4
1767470400000,3.108,3.175,3.089,3.168,198754.4
1767484800000,3.167,3.226,3.145,3.165,366599.1
1767499200000,3.164,3.179,3.115,3.139,217367.1
1767513600000,3.138,3.175,3.121,3.168,189164.4
1767528000000,3.168,3.359,3.151,3.214,2051580.9
1767542400000,3.214,3.245,3.141,3.164,432853.3
1767556800000,3.164,3.301,3.132,3.196,2383013.7
1767571200000,3.196,3.388,3.194,3.29,1090283.1
1767585600000,3.292,3.302,3.18,3.252,570298.2
1767600000000,3.252,3.254,3.176,3.229,413901.8
1767614400000,3.229,3.37,3.216,3.343,682381.4
1767628800000,3.343,3.385,3.288,3.354,426830.3
1767643200000,3.354,3.395,3.343,3.367,274422.4
1767657600000,3.367,3.397,3.319,3.382,301310.2
1767672000000,3.381,3.443,3.335,3.349,413676.7
1767686400000,3.349,3.424,3.334,3.415,259499.4
1767700800000,3.415,3.503,3.361,3.39,733611.3
1767715200000,3.39,3.398,3.227,3.296,771084.4
1767729600000,3.295,3.432,3.295,3.425,324799.8
1767744000000,3.424,3.43,3.314,3.36,281458.5
1767758400000,3.361,3.393,3.327,3.387,205022.6
1767772800000,3.387,3.398,3.311,3.35,234930.6
1767787200000,3.35,3.352,3.232,3.248,373431.7
1767801600000,3.248,3.288,3.227,3.25,210711.2
1767816000000,3.249,3.256,3.174,3.225,321005.0
1767830400000,3.225,3.269,3.195,3.198,219393.1
1767844800000,3.197,3.23,3.088,3.163,434768.6
1767859200000,3.163,3.172,3.076,3.116,293636.6
1767873600000,3.116,3.166,3.048,3.163,342494.5
1767888000000,3.162,3.169,3.1,3.108,232561.3
1767902400000,3.108,3.148,3.087,3.118,165353.7
1767916800000,3.119,3.21,3.087,3.144,764486.2
1767931200000,3.145,3.15,3.123,3.127,136878.4
1767945600000,3.128,3.136,3.069,3.12,169343.6
1767960000000,3.121,3.175,3.069,3.137,393296.8
1767974400000,3.138,3.182,3.086,3.096,198861.2
1767988800000,3.095,3.146,3.09,3.129,113338.7
1768003200000,3.13,3.18,3.097,3.117,440717.0
1768017600000,3.117,3.12,3.075,3.117,126426.3
1768032000000,3.118,3.163,3.117,3.163,200609.6
1768046400000,3.163,3.19,3.152,3.155,164156.5
1768060800000,3.155,3.524,3.143,3.504,1853336.3
1768075200000,3.503,3.504,3.226,3.269,2727645.0
1768089600000,3.268,3.268,3.191,3.222,571205.6
1768104000000,3.222,3.23,3.168,3.199,362397.3
1768118400000,3.198,3.199,3.162,3.179,333142.1
1768132800000,3.18,3.206,3.134,3.152,403847.0
1768147200000,3.152,3.193,3.145,3.159,238751.1
1768161600000,3.158,3.158,3.083,3.14,423290.4
1768176000000,3.14,3.185,3.082,3.137,362791.2
1768190400000,3.137,3.177,3.116,3.122,215041.9
1768204800000,3.121,3.126,3.066,3.1,321505.8
1768219200000,3.1,3.129,3.042,3.125,310235.1
1768233600000,3.124,3.149,3.085,3.102,172490.4
1768248000000,3.102,3.113,3.031,3.051,209487.3
1768262400000,3.051,3.083,3.039,3.069,180378.7
1768276800000,3.07,3.12,3.069,3.104,160758.5
1768291200000,3.104,3.161,3.099,3.138,225934.7
1768305600000,3.14,3.268,3.133,3.253,457868.6
1768320000000,3.253,3.33,3.229,3.298,483539.8
1768334400000,3.299,3.578,3.267,3.432,929677.9
1768348800000,3.432,3.52,3.381,3.411,690883.4
1768363200000,3.41,3.412,3.316,3.344,399362.3
1768377600000,3.343,3.439,3.338,3.39,546721.9
1768392000000,3.391,3.442,3.342,3.422,531769.9
1768406400000,3.423,3.446,3.317,3.359,360368.7
1768420800000,3.36,3.384,3.315,3.349,170129.9
1768435200000,3.349,3.361,3.218,3.223,444331.4
1768449600000,3.222,3.326,3.219,3.314,219058.0
1768464000000,3.314,3.322,3.283,3.295,175367.3
1768478400000,3.295,3.319,3.139,3.197,462042.0
1768492800000,3.196,3.211,3.109,3.135,424937.9
1768507200000,3.134,3.164,3.103,3.16,163044.6
1768521600000,3.16,3.19,3.131,3.16,196190.4
1768536000000,3.161,3.22,3.132,3.198,186512.3
1768550400000,3.198,3.281,3.195,3.272,313707.7
1768564800000,3.272,3.274,3.123,3.15,363523.9
1768579200000,3.149,3.219,3.144,3.193,210537.1
1768593600000,3.193,3.278,3.171,3.27,203147.1
1768608000000,3.271,3.283,3.24,3.245,119316.4
1768622400000,3.245,3.254,3.212,3.245,150194.8
1768636800000,3.246,3.283,3.23,3.252,246682.4
1768651200000,3.252,3.362,3.251,3.321,452987.7
1768665600000,3.32,3.32,3.262,3.287,196567.6
1768680000000,3.286,3.3,3.247,3.252,115430.4
1768694400000,3.253,3.302,3.228,3.274,200173.1
1768708800000,3.274,3.274,3.203,3.243,153268.1
1768723200000,3.243,3.315,3.229,3.287,287782.1
1768737600000,3.288,3.29,3.208,3.251,275348.2
1768752000000,3.25,3.272,3.212,3.238,242061.0
1768766400000,3.239,3.27,3.082,3.088,492942.6
1768780800000,3.087,3.089,2.703,2.964,1301752.4
1768795200000,2.964,2.983,2.916,2.973,351285.7
1768809600000,2.973,2.976,2.925,2.931,328757.3
1768824000000,2.93,2.953,2.916,2.939,165255.4
1768838400000,2.938,3.027,2.932,2.995,246939.9
1768852800000,2.996,3.006,2.934,2.973,273555.1
1768867200000,2.973,2.976,2.931,2.949,162409.6
1768881600000,2.949,2.957,2.897,2.908,281415.6
1768896000000,2.908,2.914,2.823,2.884,360155.0
1768910400000,2.884,2.935,2.863,2.886,409426.5
1768924800000,2.887,2.895,2.801,2.811,244491.2
1768939200000,2.81,2.841,2.765,2.816,198056.4
1768953600000,2.816,2.901,2.809,2.886,249091.1
1768968000000,2.885,2.906,2.876,2.889,167018.4
1768982400000,2.889,2.902,2.836,2.839,309629.6
1768996800000,2.839,2.888,2.791,2.873,422878.7
1769011200000,2.874,2.912,2.754,2.911,425213.2
1769025600000,2.912,2.927,2.865,2.878,155247.5
1769040000000,2.878,2.921,2.878,2.892,109602.9
1769054400000,2.892,2.91,2.868,2.87,102397.1
1769068800000,2.87,2.887,2.84,2.843,115637.8
1769083200000,2.843,2.858,2.778,2.808,217794.4
1769097600000,2.807,2.851,2.804,2.826,140985.1
1769112000000,2.826,2.833,2.792,2.814,111236.6
1769126400000,2.815,2.873,2.807,2.867,113117.7
1769140800000,2.867,2.88,2.847,2.861,120475.6
1769155200000,2.86,2.9,2.837,2.889,143165.7
1769169600000,2.888,2.891,2.788,2.848,273332.9
1769184000000,2.85,2.916,2.817,2.83,296932.1
1769198400000,2.829,2.844,2.794,2.841,125544.6
1769212800000,2.841,3.374,2.841,3.309,12908640.1
1769227200000,3.31,3.449,3.108,3.138,7213404.3
1769241600000,3.139,3.494,3.112,3.467,10091049.9
1769256000000,3.466,3.72,3.423,3.484,19786794.0
1769270400000,3.484,3.613,3.37,3.577,8470805.4
1769284800000,3.575,3.766,3.507,3.621,8955084.1
1769299200000,3.62,3.799,3.292,3.31,12952850.8
1769313600000,3.31,3.319,3.172,3.189,3825770.6
1769328000000,3.189,3.222,3.158,3.17,2713856.8
1769342400000,3.169,3.197,3.109,3.151,2516976.7
1769356800000,3.15,3.15,3.001,3.034,3065509.5
1769371200000,3.033,3.123,3.029,3.076,1837329.9
1769385600000,3.075,3.346,2.991,3.155,6138062.0
1769400000000,3.155,3.191,3.103,3.134,1957769.6
1769414400000,3.134,3.343,3.098,3.216,4532542.3
1769428800000,3.215,3.241,3.166,3.213,1225033.1
1769443200000,3.213,3.25,3.169,3.227,814508.4
1769457600000,3.227,3.264,3.215,3.226,568994.7
1769472000000,3.226,3.378,3.159,3.321,2914593.7
1769486400000,3.321,3.338,3.186,3.2,1268140.7
1769500800000,3.2,3.349,3.196,3.242,1971228.8
1769515200000,3.242,3.249,3.174,3.205,898167.2
1769529600000,3.205,3.235,3.156,3.206,618193.1
1769544000000,3.206,3.23,3.18,3.225,510579.8
1769558400000,3.224,3.26,3.185,3.207,640927.1
1769572800000,3.206,3.234,3.138,3.202,704416.8
1769587200000,3.203,3.246,3.183,3.218,595593.0
1769601600000,3.22,3.232,3.181,3.204,613955.1
1769616000000,3.204,3.208,3.161,3.198,366270.7
1769630400000,3.198,3.213,3.145,3.163,427208.5
1769644800000,3.164,3.19,3.074,3.089,881458.7
1769659200000,3.089,3.138,3.08,3.104,460550.1
1769673600000,3.104,3.107,3.063,3.096,491720.2
1769688000000,3.095,3.117,2.93,3.018,1283055.9
1769702400000,3.018,3.054,2.936,2.975,557887.8
1769716800000,2.976,3.024,2.971,3.003,245371.8
1769731200000,3.002,3.032,2.875,2.952,712938.3
1769745600000,2.952,3.01,2.95,2.995,330553.5
1769760000000,2.995,3.007,2.931,2.978,409933.5
1769774400000,2.978,3.012,2.926,2.949,636816.2
1769788800000,2.948,2.986,2.883,2.942,823732.2
1769803200000,2.943,2.944,2.883,2.921,459638.0
1769817600000,2.921,2.921,2.881,2.898,305084.4
1769832000000,2.898,2.913,2.833,2.856,370326.8
1769846400000,2.856,2.86,2.788,2.798,443910.1
1769860800000,2.798,2.804,2.617,2.698,1400480.7
1769875200000,2.697,2.748,2.38,2.545,1805774.5
1769889600000,2.546,2.649,2.513,2.632,487379.4
1769904000000,2.632,2.653,2.603,2.621,301550.0
1769918400000,2.621,2.651,2.607,2.636,277797.5
1769932800000,2.637,2.678,2.599,2.614,387063.3
1769947200000,2.615,2.631,2.505,2.528,459516.1
1769961600000,2.529,2.595,2.509,2.551,385679.5
1769976000000,2.551,2.586,2.486,2.536,479075.5
1769990400000,2.537,2.601,2.47,2.563,690318.9
1770004800000,2.563,2.599,2.484,2.551,664708.0
1770019200000,2.551,2.61,2.55,2.585,476331.2
1770033600000,2.585,2.746,2.576,2.728,1125216.6
1770048000000,2.728,2.764,2.657,2.657,651734.9
1770062400000,2.657,2.657,2.624,2.641,324236.9
1770076800000,2.64,2.644,2.571,2.625,400681.3
1770091200000,2.624,2.65,2.611,2.63,311297.8
1770105600000,2.63,2.644,2.583,2.603,313125.9
1770120000000,2.604,2.685,2.594,2.684,510998.8
1770134400000,2.683,2.684,2.525,2.622,853301.7
1770148800000,2.621,2.729,2.601,2.634,569395.3
1770163200000,2.633,2.668,2.612,2.657,344747.1
1770177600000,2.657,2.674,2.638,2.656,218542.6
1770192000000,2.656,2.669,2.602,2.636,251713.2
1770206400000,2.637,2.641,2.528,2.558,451488.9
1770220800000,2.558,2.613,2.514,2.608,581043.1
1770235200000,2.608,2.621,2.54,2.587,344186.9
1770249600000,2.587,2.64,2.543,2.55,428784.3
1770264000000,2.551,2.576,2.521,2.523,370671.8
1770278400000,2.524,2.592,2.464,2.501,487002.4
1770292800000,2.5,2.552,2.363,2.424,1249687.5
1770307200000,2.424,2.46,2.323,2.338,1179676.4
1770321600000,2.338,2.356,2.205,2.242,1715651.5
1770336000000,2.241,2.295,2.016,2.222,2399313.1
1770350400000,2.222,2.309,2.204,2.26,624247.4
1770364800000,2.26,2.332,2.233,2.319,658427.2
1770379200000,2.319,2.409,2.3,2.395,672547.5
1770393600000,2.394,2.501,2.385,2.441,647233.0
1770408000000,2.439,2.478,2.409,2.457,246394.3
1770422400000,2.456,2.495,2.403,2.478,555599.3
1770436800000,2.477,2.504,2.349,2.393,568645.7
1770451200000,2.392,2.416,2.352,2.378,305106.2
1770465600000,2.377,2.466,2.372,2.439,402294.5
1770480000000,2.44,2.504,2.431,2.474,864541.3
1770494400000,2.474,2.499,2.445,2.472,248716.8
1770508800000,2.473,2.476,2.421,2.432,246693.7
1770523200000,2.431,2.451,2.406,2.425,142478.6
1770537600000,2.424,2.469,2.415,2.463,448219.1
1770552000000,2.463,2.464,2.413,2.422,280662.7
1770566400000,2.421,2.431,2.372,2.425,280691.5
1770580800000,2.426,2.453,2.374,2.393,229260.0
1770595200000,2.392,2.443,2.377,2.438,267753.0
1770609600000,2.438,2.438,2.377,2.387,193036.1
1770624000000,2.388,2.392,2.292,2.327,388950.0
1770638400000,2.328,2.394,2.325,2.388,304076.8
1770652800000,2.389,2.441,2.37,2.434,339013.6
1770667200000,2.434,2.448,2.402,2.418,184791.5
1770681600000,2.418,2.431,2.369,2.391,230462.7
1770696000000,2.391,2.422,2.347,2.364,279985.8
1770710400000,2.364,2.376,2.338,2.342,162877.8
1770724800000,2.342,2.415,2.339,2.396,349224.6
1770739200000,2.396,2.412,2.347,2.378,304130.9
1770753600000,2.377,2.393,2.359,2.365,171093.1
1770768000000,2.365,2.384,2.333,2.346,249172.9
1770782400000,2.347,2.351,2.278,2.293,392901.8
1770796800000,2.292,2.305,2.268,2.289,201557.8
1770811200000,2.29,2.368,2.252,2.274,695671.4
1770825600000,2.274,2.334,2.264,2.312,308554.5
1770840000000,2.311,2.367,2.302,2.356,322046.0
1770854400000,2.356,2.411,2.351,2.402,298567.2
1770868800000,2.401,2.432,2.38,2.423,310815.0
1770883200000,2.424,2.425,2.388,2.393,307377.3
1770897600000,2.392,2.395,2.338,2.339,368963.6
1770912000000,2.34,2.349,2.286,2.322,373592.5
1770926400000,2.323,2.346,2.298,2.343,151589.5
1770940800000,2.344,2.667,2.344,2.582,17330153.2
1770955200000,2.582,2.589,2.391,2.418,4959661.5
1770969600000,2.416,2.461,2.402,2.405,1709729.3
1770984000000,2.405,2.478,2.396,2.45,1532406.9
1770998400000,2.449,2.496,2.446,2.487,1120922.2
1771012800000,2.486,2.516,2.473,2.49,987779.9
1771027200000,2.489,2.489,2.431,2.463,1346192.8
1771041600000,2.463,2.49,2.442,2.444,962623.7
1771056000000,2.444,2.505,2.441,2.501,740420.5
1771070400000,2.5,2.515,2.481,2.505,587422.0
1771084800000,2.504,2.534,2.473,2.526,576525.6
1771099200000,2.527,2.533,2.493,2.506,499495.5
1771113600000,2.506,2.548,2.476,2.524,910811.0
1771128000000,2.523,2.553,2.513,2.534,434397.5
1771142400000,2.534,2.536,2.455,2.474,560104.9
1771156800000,2.474,2.495,2.399,2.414,963188.9
1771171200000,2.414,2.414,2.324,2.357,866956.0
1771185600000,2.357,2.393,2.351,2.385,345260.7
1771200000000,2.385,2.468,2.377,2.451,817634.1
1771214400000,2.45,2.553,2.425,2.447,2505329.9
1771228800000,2.446,2.531,2.434,2.489,1491002.5
1771243200000,2.488,2.532,2.426,2.443,784571.3
1771257600000,2.443,2.476,2.438,2.471,340153.7
1771272000000,2.471,2.491,2.464,2.469,764802.7
1771286400000,2.469,2.515,2.457,2.491,688179.4
1771300800000,2.49,2.5,2.455,2.465,358492.5
1771315200000,2.465,2.475,2.436,2.449,547563.0
1771329600000,2.449,2.5,2.433,2.463,859426.9
1771344000000,2.463,2.499,2.447,2.457,380971.5
1771358400000,2.457,2.477,2.444,2.468,231263.4
1771372800000,2.468,2.471,2.435,2.454,281235.1
1771387200000,2.455,2.472,2.445,2.451,212093.0
1771401600000,2.451,2.471,2.423,2.442,218272.9
1771416000000,2.442,2.448,2.374,2.414,446351.3
1771430400000,2.414,2.418,2.336,2.346,411850.4
1771444800000,2.346,2.366,2.325,2.35,300004.4
1771459200000,2.35,2.376,2.328,2.348,328656.0
1771473600000,2.349,2.354,2.302,2.329,321442.8
1771488000000,2.329,2.33,2.297,2.307,223519.8
1771502400000,2.307,2.318,2.256,2.296,452438.5
1771516800000,2.296,2.326,2.27,2.311,383707.4
1771531200000,2.31,2.327,2.293,2.324,219503.5
1771545600000,2.324,2.335,2.307,2.32,275520.5
1771560000000,2.319,2.331,2.295,2.315,246219.5
1771574400000,2.316,2.327,2.294,2.3,204412.4
1771588800000,2.3,2.353,2.267,2.348,696189.1
1771603200000,2.349,2.354,2.299,2.323,478790.1
1771617600000,2.323,2.366,2.315,2.362,299158.5
1771632000000,2.361,2.381,2.34,2.358,248966.4
1771646400000,2.357,2.373,2.346,2.352,139166.8
1771660800000,2.352,2.385,2.349,2.375,274846.0
1771675200000,2.374,2.387,2.353,2.375,236573.0
1771689600000,2.374,2.385,2.351,2.354,228360.1
1771704000000,2.353,2.354,2.333,2.344,204268.7
1771718400000,2.343,2.343,2.286,2.309,235263.9
1771732800000,2.309,2.325,2.293,2.319,165697.1
1771747200000,2.32,2.32,2.296,2.297,217014.7
1771761600000,2.297,2.297,2.255,2.277,262173.3
1771776000000,2.276,2.276,2.259,2.264,166221.6
1771790400000,2.264,2.269,2.242,2.263,227446.2
1771804800000,2.263,2.264,2.152,2.175,877849.2
1771819200000,2.175,2.23,2.163,2.217,249408.7
1771833600000,2.218,2.26,2.209,2.249,241225.1
1771848000000,2.248,2.273,2.21,2.214,293551.6
1771862400000,2.214,2.225,2.166,2.183,274594.7
1771876800000,2.183,2.206,2.165,2.197,209893.6
1771891200000,2.197,2.398,2.196,2.266,7730785.6
1771905600000,2.265,2.276,2.175,2.194,1488747.7
1771920000000,2.193,2.229,2.177,2.205,942616.5
1771934400000,2.205,2.249,2.184,2.229,656022.6
1771948800000,2.229,2.248,2.223,2.24,417992.2
1771963200000,2.24,2.25,2.219,2.221,492521.4
1771977600000,2.22,2.28,2.196,2.269,882025.1
1771992000000,2.269,2.317,2.245,2.316,551929.4
1772006400000,2.315,2.371,2.287,2.357,912152.3
1772020800000,2.356,2.403,2.335,2.381,884173.3
1772035200000,2.381,2.436,2.378,2.431,597580.2
1772049600000,2.431,2.474,2.38,2.406,736406.2
1772064000000,2.405,2.423,2.369,2.37,494291.3
1772078400000,2.37,2.382,2.336,2.351,473096.8
1772092800000,2.351,2.382,2.333,2.34,288396.8
1772107200000,2.34,2.381,2.313,2.343,444552.3
1772121600000,2.343,2.347,2.28,2.337,589339.9
1772136000000,2.337,2.351,2.32,2.346,172644.3
1772150400000,2.346,2.4,2.325,2.399,379412.1
1772164800000,2.398,2.439,2.377,2.404,460791.5
1772179200000,2.404,2.412,2.326,2.335,498988.1
1772193600000,2.335,2.365,2.304,2.347,452749.0
1772208000000,2.347,2.347,2.286,2.297,363770.1
1772222400000,2.297,2.313,2.251,2.3,311399.8
1772236800000,2.3,2.31,2.284,2.289,229117.6
1772251200000,2.29,2.306,2.169,2.217,733427.7
1772265600000,2.217,2.218,2.161,2.187,430023.7
1772280000000,2.186,2.249,2.169,2.229,605155.9
1772294400000,2.229,2.313,2.21,2.302,298372.1
1772308800000,2.302,2.351,2.291,2.326,358392.4
1772323200000,2.326,2.41,2.296,2.364,536462.1
1772337600000,2.365,2.387,2.346,2.364,351779.7
1772352000000,2.363,2.365,2.303,2.334,319786.7
1772366400000,2.333,2.369,2.306,2.33,333859.8
1772380800000,2.331,2.349,2.273,2.275,393669.8
1772395200000,2.275,2.305,2.236,2.285,360111.6
1772409600000,2.285,2.329,2.277,2.307,304079.0
1772424000000,2.308,2.314,2.251,2.273,291875.3
1772438400000,2.273,2.307,2.254,2.286,321828.4
1772452800000,2.287,2.384,2.273,2.364,498336.8
1772467200000,2.365,2.404,2.339,2.355,485736.0
1772481600000,2.355,2.375,2.329,2.34,282284.6
1772496000000,2.341,2.345,2.313,2.329,264836.4
1772510400000,2.33,2.339,2.31,2.327,182120.9
1772524800000,2.327,2.328,2.271,2.289,358727.3
1772539200000,2.289,2.325,2.259,2.298,341880.9
1772553600000,2.298,2.33,2.282,2.298,317983.0
1772568000000,2.3,2.308,2.268,2.289,192964.3
1772582400000,2.29,2.303,2.251,2.267,340429.6
1772596800000,2.267,2.296,2.254,2.291,225682.4
1772611200000,2.291,2.371,2.278,2.335,586185.3
1772625600000,2.334,2.389,2.314,2.389,399951.3
1772640000000,2.388,2.417,2.357,2.407,387175.7
1772654400000,2.407,2.413,2.347,2.369,223246.4
1772668800000,2.369,2.443,2.344,2.375,997204.2
1772683200000,2.376,2.39,2.339,2.348,199279.1
1772697600000,2.347,2.388,2.337,2.367,226473.2
1772712000000,2.366,2.384,2.324,2.338,428658.8
1772726400000,2.338,2.363,2.299,2.336,366357.2
1772740800000,2.336,2.357,2.335,2.342,127922.0
1772755200000,2.343,2.362,2.328,2.357,178634.0
1772769600000,2.358,2.377,2.336,2.37,210919.5
1772784000000,2.37,2.379,2.331,2.346,256951.5
1772798400000,2.346,2.349,2.277,2.286,510041.4
1772812800000,2.285,2.294,2.248,2.262,272105.5
1772827200000,2.263,2.27,2.256,2.262,134229.6
1772841600000,2.262,2.282,2.248,2.254,172213.0
1772856000000,2.253,2.254,2.219,2.239,238671.9
1772870400000,2.239,2.268,2.236,2.249,143186.8
1772884800000,2.248,2.252,2.206,2.217,198102.4
1772899200000,2.217,2.229,2.204,2.22,152806.4
1772913600000,2.22,2.227,2.187,2.218,158823.7
1772928000000,2.218,2.277,2.19,2.195,2378197.3
1772942400000,2.196,2.227,2.186,2.22,348555.5
1772956800000,2.22,2.259,2.201,2.242,318903.2
1772971200000,2.241,2.255,2.204,2.211,267307.7
1772985600000,2.211,2.257,2.192,2.253,734438.1
1773000000000,2.252,2.256,2.192,2.22,366781.1
1773014400000,2.22,2.296,2.207,2.272,472085.1
1773028800000,2.271,2.314,2.256,2.279,419607.3
1773043200000,2.28,2.289,2.265,2.285,362021.7
1773057600000,2.285,2.293,2.267,2.28,241876.1
1773072000000,2.28,2.311,2.272,2.288,224625.5
1773086400000,2.288,2.292,2.251,2.257,167094.7
1773100800000,2.257,2.294,2.233,2.267,256859.1
1773115200000,2.268,2.289,2.261,2.286,156928.3
1773129600000,2.286,2.309,2.283,2.294,181037.2
1773144000000,2.294,2.33,2.271,2.313,298003.9
1773158400000,2.313,2.328,2.258,2.271,329533.7
1773172800000,2.271,2.293,2.254,2.268,158389.1
1773187200000,2.269,2.272,2.242,2.246,185468.7
1773201600000,2.247,2.273,2.235,2.271,147961.4
1773216000000,2.27,2.291,2.252,2.255,224331.3
1773230400000,2.256,2.295,2.255,2.272,313978.4
1773244800000,2.273,2.277,2.249,2.265,252280.7
1773259200000,2.265,2.279,2.255,2.262,129146.3
1773273600000,2.262,2.28,2.245,2.252,174507.4
1773288000000,2.251,2.258,2.234,2.245,129225.4
1773302400000,2.244,2.253,2.223,2.242,230386.3
1773316800000,2.242,2.264,2.21,2.245,353555.8
1773331200000,2.245,2.264,2.234,2.257,232597.0
1773345600000,2.256,2.287,2.243,2.27,326517.4
1773360000000,2.269,2.294,2.25,2.291,411897.7
1773374400000,2.29,2.312,2.274,2.293,260268.2
1773388800000,2.293,2.322,2.284,2.303,344477.6
1773403200000,2.302,2.356,2.297,2.306,491239.1
1773417600000,2.306,2.318,2.279,2.283,296506.1
1773432000000,2.285,2.3,2.26,2.282,163375.4
1773446400000,2.281,2.319,2.265,2.309,217308.5
1773460800000,2.309,2.322,2.248,2.25,265093.8
1773475200000,2.25,2.255,2.238,2.251,176693.1
1773489600000,2.251,2.259,2.232,2.255,211229.2
1773504000000,2.255,2.263,2.241,2.242,146386.3
1773518400000,2.242,2.26,2.233,2.259,119512.4
1773532800000,2.259,2.279,2.235,2.252,232031.2
1773547200000,2.253,2.287,2.246,2.285,161733.3
1773561600000,2.284,2.315,2.273,2.315,199356.4
1773576000000,2.314,2.323,2.266,2.288,310206.9
1773590400000,2.288,2.303,2.275,2.299,130941.2
1773604800000,2.299,2.326,2.29,2.324,270698.9
1773619200000,2.324,2.365,2.294,2.351,480893.3
1773633600000,2.35,2.373,2.339,2.352,430510.9
1773648000000,2.352,2.366,2.324,2.351,269073.1
1773662400000,2.352,2.372,2.302,2.346,442518.3
1773676800000,2.346,2.403,2.345,2.387,318606.7
1773691200000,2.388,2.443,2.387,2.429,309490.4
1773705600000,2.429,2.448,2.372,2.393,347707.7
1773720000000,2.392,2.401,2.353,2.383,274469.5
1773734400000,2.382,2.42,2.382,2.418,404564.4
1773748800000,2.417,2.419,2.363,2.399,297563.9
1773763200000,2.399,2.416,2.377,2.38,188006.9
1773777600000,2.38,2.401,2.374,2.387,136144.9
1773792000000,2.387,2.398,2.356,2.381,287097.9
1773806400000,2.381,2.395,2.359,2.376,303592.5
1773820800000,2.375,2.393,2.316,2.331,261415.4
1773835200000,2.33,2.33,2.239,2.255,471531.3
1773849600000,2.254,2.287,2.235,2.256,213748.0
1773864000000,2.256,2.288,2.241,2.282,130219.7
1773878400000,2.282,2.296,2.252,2.276,175281.2
1773892800000,2.275,2.278,2.215,2.231,242177.5
1773907200000,2.231,2.254,2.223,2.229,239159.9
1773921600000,2.229,2.23,2.191,2.218,318105.0
1773936000000,2.218,2.229,2.203,2.223,142897.6
1773950400000,2.223,2.239,2.22,2.231,127261.7
1773964800000,2.231,2.241,2.219,2.231,120236.0
1773979200000,2.231,2.249,2.22,2.227,223300.8
1773993600000,2.227,2.24,2.213,2.224,151925.3
1774008000000,2.225,2.23,2.206,2.227,170237.2
1774022400000,2.228,2.24,2.206,2.218,200253.2
1774036800000,2.218,2.251,2.2,2.242,227472.0
1774051200000,2.242,2.25,2.225,2.242,108725.1
1774065600000,2.241,2.251,2.234,2.235,103723.2
1774080000000,2.234,2.242,2.211,2.224,195401.5
1774094400000,2.224,2.234,2.213,2.233,132090.8
1774108800000,2.233,2.235,2.209,2.212,113802.9
1774123200000,2.213,2.225,2.146,2.168,298346.8
1774137600000,2.169,2.197,2.126,2.181,340720.7
1774152000000,2.181,2.195,2.166,2.166,128799.1
1774166400000,2.166,2.18,2.155,2.162,149903.6
1774180800000,2.163,2.184,2.156,2.164,166594.9
1774195200000,2.165,2.167,2.131,2.144,156383.5
1774209600000,2.144,2.149,2.105,2.129,253870.6
1774224000000,2.128,2.161,2.121,2.147,434559.1
1774238400000,2.147,2.159,2.12,2.13,171184.2
1774252800000,2.13,2.206,2.121,2.187,601577.8
1774267200000,2.188,2.224,2.177,2.193,389052.3
1774281600000,2.194,2.219,2.186,2.206,166328.3
1774296000000,2.206,2.232,2.204,2.222,168548.2
1774310400000,2.222,2.231,2.187,2.201,225238.3
1774324800000,2.202,2.218,2.189,2.215,172191.6
1774339200000,2.217,2.218,2.187,2.2,204415.4
1774353600000,2.2,2.21,2.18,2.196,229561.7
1774368000000,2.196,2.2,2.179,2.186,125587.2
1774382400000,2.186,2.217,2.185,2.21,127082.0
1774396800000,2.211,2.221,2.204,2.211,94196.2
1774411200000,2.21,2.223,2.198,2.211,179352.5
1774425600000,2.212,2.239,2.208,2.232,204496.7
1774440000000,2.232,2.243,2.215,2.222,197392.7
1774454400000,2.222,2.241,2.217,2.22,135247.3
1774468800000,2.221,2.225,2.208,2.224,89771.4
1774483200000,2.224,2.226,2.191,2.195,104456.0
1774497600000,2.196,2.196,2.169,2.174,110692.8
1774512000000,2.175,2.176,2.133,2.14,258307.3
1774526400000,2.14,2.167,2.139,2.144,153311.0
1774540800000,2.144,2.169,2.111,2.116,436225.4
1774555200000,2.116,2.151,2.104,2.137,482522.2
1774569600000,2.137,2.151,2.131,2.137,145763.6
1774584000000,2.138,2.146,2.117,2.145,157750.8
1774598400000,2.145,2.147,2.076,2.08,486301.4
1774612800000,2.08,2.103,2.065,2.083,285368.4
1774627200000,2.083,2.093,2.068,2.09,186869.0
1774641600000,2.09,2.094,2.068,2.075,123870.3
1774656000000,2.075,2.078,2.047,2.067,178874.0
1774670400000,2.067,2.094,2.062,2.094,72010.6
1774684800000,2.094,2.112,2.078,2.089,172025.8
1774699200000,2.088,2.116,2.079,2.101,181622.9
1774713600000,2.102,2.104,2.086,2.091,82285.6
1774728000000,2.091,2.096,2.056,2.06,144753.9
1774742400000,2.059,2.072,2.041,2.062,136752.0
1774756800000,2.062,2.074,2.043,2.046,306907.9
1774771200000,2.046,2.067,2.041,2.051,232497.7
1774785600000,2.052,2.052,2.03,2.043,206724.4
1774800000000,2.043,2.051,2.035,2.037,87690.8
1774814400000,2.037,2.057,1.982,2.032,541310.2
1774828800000,2.033,2.091,2.032,2.078,358936.0
1774843200000,2.079,2.114,2.079,2.111,174535.2
1774857600000,2.111,2.129,2.094,2.114,274522.7
1774872000000,2.115,2.121,2.089,2.1,176810.7
1774886400000,2.101,2.103,2.042,2.058,220738.0
1774900800000,2.058,2.069,2.039,2.041,186440.9
1774915200000,2.042,2.081,2.03,2.056,271362.1
1774929600000,2.057,2.075,2.052,2.069,165428.5
1774944000000,2.069,2.074,2.032,2.056,271530.1
1774958400000,2.057,2.126,2.048,2.076,1132559.9
1774972800000,2.078,2.113,2.072,2.097,568181.0
1774987200000,2.097,2.121,2.096,2.12,245907.8
1775001600000,2.12,2.123,2.087,2.104,395660.9
1775016000000,2.103,2.133,2.089,2.115,253647.8
1775030400000,2.115,2.12,2.089,2.098,240033.6
1775044800000,2.097,2.116,2.082,2.103,282099.6
1775059200000,2.104,2.12,2.084,2.09,169288.4
1775073600000,2.089,2.097,2.079,2.083,99201.0
1775088000000,2.083,2.096,2.003,2.01,523528.2
1775102400000,2.009,2.031,1.998,2.025,210142.8
1775116800000,2.025,2.025,1.99,1.997,229888.5
1775131200000,1.997,2.019,1.979,2.008,380276.5
1775145600000,2.008,2.033,2.003,2.01,195590.7
1775160000000,2.009,2.03,2.001,2.017,150477.2
1775174400000,2.017,2.025,1.999,2.019,144263.6
1775188800000,2.019,2.042,2.016,2.029,182717.2
1775203200000,2.03,2.037,2.014,2.024,125153.0
1775217600000,2.024,2.035,2.006,2.017,230405.8
1775232000000,2.016,2.029,2.011,2.029,114733.6
1775246400000,2.029,2.03,2.01,2.021,127714.4
1775260800000,2.022,2.028,2.015,2.022,81385.3
1775275200000,2.022,2.023,2.004,2.02,130847.4
1775289600000,2.02,2.026,2.013,2.019,121636.1
1775304000000,2.018,2.027,2.004,2.021,157169.9
1775318400000,2.02,2.033,2.013,2.029,111060.1
1775332800000,2.028,2.032,2.012,2.022,95123.8
1775347200000,2.023,2.027,2.018,2.02,77971.2
1775361600000,2.02,2.029,1.992,1.996,213874.9
1775376000000,1.996,2.006,1.991,2.004,113602.8
1775390400000,2.003,2.017,1.988,2.005,187101.5
1775404800000,2.005,2.013,1.996,2.001,78003.7
1775419200000,2.002,2.037,1.997,2.037,155273.9
1775433600000,2.038,2.095,2.032,2.065,1338713.0
1775448000000,2.065,2.094,2.065,2.082,314266.0
1775462400000,2.083,2.111,2.08,2.103,254244.1
1775476800000,2.103,2.106,2.065,2.083,319894.6
1775491200000,2.083,2.084,2.061,2.069,202461.8
1775505600000,2.069,2.069,2.019,2.035,202496.8
1775520000000,2.035,2.036,2.005,2.013,195889.1
1775534400000,2.013,2.02,1.995,2.007,214794.9
1775548800000,2.007,2.022,1.992,1.998,244630.5
1775563200000,1.998,1.998,1.866,1.947,1017078.2
1775577600000,1.947,1.986,1.945,1.976,284410.9
1775592000000,1.977,2.088,1.969,2.08,594695.1
1775606400000,2.08,2.084,2.048,2.053,305720.6
1775620800000,2.054,2.071,2.049,2.069,221341.6
1775635200000,2.069,2.077,2.041,2.05,176357.7
1775649600000,2.051,2.062,2.019,2.039,319149.2
1775664000000,2.04,2.053,2.016,2.02,200078.4
1775678400000,2.02,2.032,1.998,2.006,201414.4
1775692800000,2.006,2.01,1.966,1.986,393430.7
1775707200000,1.985,2.005,1.981,1.999,151786.8
1775721600000,1.999,2.009,1.985,1.987,177846.9
1775736000000,1.987,2.013,1.972,2.005,374265.1
1775750400000,2.007,2.027,2.007,2.017,265823.5
1775764800000,2.018,2.032,1.997,2.001,199248.5
1775779200000,2.001,2.014,1.992,1.994,199326.6
1775793600000,1.994,2.008,1.979,1.982,186799.6
1775808000000,1.981,2.017,1.98,2.014,228721.6
1775822400000,2.014,2.745,2.012,2.432,21832344.6
1775836800000,2.433,2.453,2.281,2.29,8190690.0
1775851200000,2.29,2.298,2.194,2.213,2624230.1
1775865600000,2.213,2.323,2.155,2.176,7282785.9
1775880000000,2.175,2.192,2.121,2.139,2263858.7
1775894400000,2.138,2.22,2.126,2.153,3336068.2
1775908800000,2.154,2.166,2.132,2.146,1578426.6
1775923200000,2.145,2.19,2.143,2.189,1124579.5
1775937600000,2.189,2.192,2.133,2.134,785900.1
1775952000000,2.134,2.184,2.052,2.106,3952800.4
1775966400000,2.105,2.116,2.081,2.088,612114.1
1775980800000,2.088,2.091,2.058,2.063,845883.0
1775995200000,2.063,2.075,2.041,2.048,930254.0
1776009600000,2.047,2.084,2.036,2.067,669713.0
1776024000000,2.066,2.104,2.044,2.066,750037.2
1776038400000,2.065,2.074,2.041,2.055,582315.4
1776052800000,2.055,2.068,2.039,2.041,470437.7
1776067200000,2.041,2.056,2.02,2.032,650239.5
1776081600000,2.032,2.068,2.027,2.05,575916.6
1776096000000,2.049,2.059,2.027,2.057,543657.9
1776110400000,2.057,2.123,2.042,2.113,581541.8
1776124800000,2.113,2.159,2.103,2.116,757890.4
1776139200000,2.116,2.148,2.108,2.12,511550.8
1776153600000,2.12,2.134,2.088,2.099,446511.8
1776168000000,2.099,2.117,2.072,2.092,564056.8
1776182400000,2.092,2.102,2.046,2.068,403425.3
1776196800000,2.069,2.1,2.058,2.077,251814.9
1776211200000,2.077,2.106,2.075,2.087,328685.3
1776225600000,2.087,2.092,2.059,2.067,276262.5
1776240000000,2.068,2.085,2.057,2.076,304227.0
1776254400000,2.077,2.092,2.054,2.071,422681.9
1776268800000,2.07,2.114,2.067,2.109,351967.6
1776283200000,2.109,2.115,2.092,2.11,223334.2
1776297600000,2.111,2.189,2.105,2.175,831246.5
1776312000000,2.174,2.179,2.133,2.168,507613.8
1776326400000,2.168,2.176,2.148,2.17,479880.0
1776340800000,2.169,2.198,2.121,2.183,1091493.3
1776355200000,2.183,2.24,2.175,2.236,610315.7
1776369600000,2.235,2.242,2.19,2.224,598328.9
1776384000000,2.224,2.232,2.185,2.188,512739.3
1776398400000,2.189,2.207,2.154,2.207,616089.1
1776412800000,2.207,2.216,2.173,2.208,629955.1
1776427200000,2.207,2.266,2.198,2.236,778296.8
1776441600000,2.235,2.263,2.219,2.232,323909.9
1776456000000,2.233,2.24,2.204,2.219,297418.8
1776470400000,2.218,2.222,2.187,2.2,541521.8
1776484800000,2.2,2.273,2.192,2.243,793550.8
1776499200000,2.243,2.258,2.147,2.172,799052.1
1776513600000,2.172,2.178,2.131,2.16,454969.9
1776528000000,2.159,2.167,2.115,2.12,317203.4
1776542400000,2.121,2.139,2.109,2.126,306547.5
1776556800000,2.126,2.145,2.073,2.089,661529.2
1776571200000,2.09,2.109,2.08,2.088,291476.5
1776585600000,2.088,2.102,2.07,2.091,277903.9
1776600000000,2.091,2.119,2.083,2.099,303202.0
1776614400000,2.099,2.102,2.054,2.091,326232.7
1776628800000,2.09,2.091,2.055,2.059,284085.9
1776643200000,2.059,2.088,2.057,2.087,275158.0
1776657600000,2.087,2.105,2.065,2.084,265788.8
1776672000000,2.085,2.098,2.075,2.091,229777.2
1776686400000,2.091,2.106,2.078,2.094,217045.4
1776700800000,2.095,2.122,2.086,2.114,238956.1
1776715200000,2.115,2.129,2.107,2.115,119315.0
1776729600000,2.115,2.122,2.086,2.098,202063.0
1776744000000,2.098,2.112,2.09,2.099,141643.2
1776758400000,2.099,2.112,2.086,2.104,258540.8
1776772800000,2.103,2.11,2.083,2.097,223772.8
1776787200000,2.098,2.104,2.072,2.075,234042.4
1776801600000,2.074,2.112,2.074,2.111,182988.4
1776816000000,2.111,2.148,2.104,2.138,268276.3
1776830400000,2.139,2.167,2.138,2.151,231047.3
1776844800000,2.151,2.158,2.138,2.145,175934.5
1776859200000,2.146,2.155,2.13,2.145,264627.5
1776873600000,2.144,2.153,2.13,2.138,201694.4
1776888000000,2.139,2.145,2.111,2.112,199014.1
1776902400000,2.112,2.118,2.077,2.088,382982.3
1776916800000,2.088,2.11,2.083,2.098,196813.1
1776931200000,2.098,2.1,2.076,2.092,222030.3
1776945600000,2.091,2.129,2.091,2.125,193175.9
1776960000000,2.125,2.127,2.082,2.103,259259.6
1776974400000,2.103,2.132,2.103,2.127,188633.9
1776988800000,2.128,2.138,2.117,2.122,187219.9
1777003200000,2.123,2.138,2.108,2.136,186990.1
1777017600000,2.136,2.147,2.126,2.144,212409.1
1777032000000,2.145,2.151,2.122,2.148,232737.4
1777046400000,2.149,2.154,2.134,2.144,158593.9
1777060800000,2.144,2.153,2.13,2.134,121505.0
1777075200000,2.133,2.15,2.127,2.146,178630.2
1777089600000,2.146,2.185,2.139,2.16,357732.7
1777104000000,2.159,2.176,2.149,2.153,251610.3
1777118400000,2.155,2.266,2.146,2.186,4230997.0
1777132800000,2.184,2.186,2.152,2.159,762806.8
1777147200000,2.159,2.196,2.155,2.196,258675.7
1777161600000,2.195,2.196,2.153,2.167,546335.4
1777176000000,2.166,2.339,2.166,2.333,1827541.9
1777190400000,2.333,2.333,2.204,2.23,2665504.6
1777204800000,2.229,2.235,2.162,2.174,1131082.0
1777219200000,2.174,2.183,2.165,2.178,289865.1
1777233600000,2.178,2.188,2.164,2.174,301174.9
1777248000000,2.173,2.209,2.158,2.193,528913.7
1777262400000,2.192,2.198,2.117,2.122,830362.8
1777276800000,2.121,2.142,2.109,2.134,411587.7
1777291200000,2.134,2.154,2.092,2.108,618010.9
1777305600000,2.107,2.121,2.1,2.109,222138.9
1777320000000,2.11,2.135,2.11,2.134,168063.9
1777334400000,2.133,2.133,2.111,2.116,229506.7
1777348800000,2.117,2.135,2.115,2.121,362332.5
1777363200000,2.121,2.123,2.095,2.103,281287.1
1777377600000,2.103,2.11,2.08,2.108,429781.2
1777392000000,2.109,2.128,2.104,2.125,212334.4
1777406400000,2.126,2.13,2.114,2.122,119638.2
1777420800000,2.123,2.153,2.121,2.15,237607.6
1777435200000,2.151,2.164,2.137,2.14,260084.8
1777449600000,2.14,2.166,2.133,2.144,328135.2
1777464000000,2.143,2.144,2.083,2.086,496415.0
1777478400000,2.086,2.096,2.03,2.057,696385.0
1777492800000,2.058,2.093,2.057,2.082,253816.5
1777507200000,2.082,2.102,2.072,2.08,281283.4
1777521600000,2.079,2.089,2.058,2.087,261123.9
1777536000000,2.088,2.096,2.071,2.081,248598.6
1777550400000,2.081,2.094,2.067,2.081,310655.3
1777564800000,2.082,2.089,2.071,2.074,158376.8
1777579200000,2.073,2.092,2.069,2.092,258039.4
1777593600000,2.091,2.116,2.08,2.106,229705.8
1777608000000,2.106,2.116,2.089,2.094,250709.1
1777622400000,2.094,2.103,2.076,2.088,248871.2
1777636800000,2.087,2.114,2.085,2.105,321779.2
1777651200000,2.105,2.116,2.095,2.106,259116.9
1777665600000,2.106,2.114,2.094,2.113,197321.6
1777680000000,2.112,2.13,2.103,2.118,260678.6
1777694400000,2.118,2.127,2.104,2.126,207957.6
1777708800000,2.126,2.154,2.123,2.144,275031.7
1777723200000,2.144,2.202,2.138,2.194,587090.5
1777737600000,2.194,2.196,2.163,2.182,310405.2
1777752000000,2.182,2.185,2.166,2.17,188799.8
1777766400000,2.171,2.171,2.125,2.136,457498.2
1777780800000,2.136,2.157,2.134,2.141,277836.9
1777795200000,2.141,2.15,2.121,2.139,459451.6
1777809600000,2.14,2.147,2.131,2.137,267287.2
1777824000000,2.137,2.141,2.122,2.135,170572.8
1777838400000,2.134,2.143,2.115,2.124,300101.4
1777852800000,2.124,2.174,2.102,2.164,614305.2
1777867200000,2.165,2.182,2.145,2.15,339919.3
1777881600000,2.15,2.167,2.11,2.132,491843.2
1777896000000,2.132,2.156,2.12,2.137,424338.8
1777910400000,2.138,2.154,2.127,2.139,247725.2
1777924800000,2.139,2.145,2.121,2.128,146577.0
1777939200000,2.129,2.159,2.129,2.154,237516.3
1777953600000,2.154,2.171,2.147,2.158,198405.8
1777968000000,2.159,2.168,2.152,2.162,140620.3
1777982400000,2.162,2.173,2.154,2.164,224992.9
1777996800000,2.163,2.173,2.158,2.169,131919.2
1778011200000,2.17,2.196,2.16,2.183,329413.1
1778025600000,2.182,2.238,2.169,2.233,476094.1
1778040000000,2.234,2.349,2.209,2.253,4641949.7
1778054400000,2.254,2.268,2.236,2.247,1460396.9
1778068800000,2.246,2.253,2.177,2.224,1533433.1
1778083200000,2.224,2.236,2.214,2.226,381748.9
1778097600000,2.226,2.253,2.216,2.24,288774.9
1778112000000,2.24,2.243,2.194,2.204,558670.1
1778126400000,2.205,2.263,2.203,2.254,535797.3
1778140800000,2.254,2.263,2.228,2.243,437125.8
1778155200000,2.244,2.27,2.195,2.207,609008.1
1778169600000,2.207,2.246,2.203,2.237,358143.9
1778184000000,2.238,2.278,2.235,2.26,1188941.8
1778198400000,2.26,2.271,2.238,2.262,493102.4
1778212800000,2.261,2.281,2.25,2.271,641727.5
1778227200000,2.27,2.282,2.254,2.272,473723.0
1778241600000,2.272,2.294,2.234,2.293,923886.2
1778256000000,2.293,2.328,2.283,2.311,582364.1
1778270400000,2.313,2.353,2.311,2.347,390226.1
1778284800000,2.347,2.391,2.34,2.364,661191.5
1778299200000,2.365,2.376,2.337,2.344,460977.4
1778313600000,2.345,2.36,2.322,2.337,356177.2
1778328000000,2.336,2.34,2.295,2.302,411732.7
1778342400000,2.302,2.334,2.295,2.318,426928.0
1778356800000,2.318,2.333,2.307,2.312,149688.3
1778371200000,2.312,2.315,2.281,2.3,339541.3
1778385600000,2.299,2.341,2.296,2.33,342929.1
1778400000000,2.33,2.34,2.319,2.327,310991.7
1778414400000,2.327,2.378,2.324,2.376,454783.3
1778428800000,2.376,2.431,2.376,2.409,607117.5
1778443200000,2.408,2.42,2.333,2.386,734247.4
1778457600000,2.385,2.394,2.317,2.337,732299.5
1778472000000,2.336,2.361,2.321,2.345,365619.7
1778486400000,2.346,2.368,2.329,2.35,243080.9
1778500800000,2.35,2.362,2.328,2.356,553034.7
1778515200000,2.356,2.361,2.341,2.354,277059.6
1778529600000,2.355,2.363,2.341,2.352,226070.9
1778544000000,2.351,2.367,2.318,2.321,447485.8
1778558400000,2.322,2.336,2.305,2.319,249007.1
1778572800000,2.32,2.321,2.27,2.278,431656.4
1778587200000,2.278,2.284,2.214,2.221,679949.5
1778601600000,2.221,2.275,2.208,2.269,468439.5
1778616000000,2.269,2.273,2.252,2.254,178040.3
1778630400000,2.254,2.306,2.252,2.299,287165.6
1778644800000,2.3,2.311,2.28,2.293,240702.2
1778659200000,2.293,2.322,2.272,2.275,353648.7
1778673600000,2.274,2.283,2.168,2.177,806654.7
1778688000000,2.178,2.212,2.172,2.189,297038.4
1778702400000,2.189,2.202,2.174,2.192,149116.1
1778716800000,2.193,2.205,2.154,2.159,336589.0
1778731200000,2.16,2.193,2.154,2.171,254680.4
1778745600000,2.171,2.192,2.167,2.173,146772.3
1778760000000,2.173,2.238,2.169,2.234,342717.2
1778774400000,2.235,2.253,2.221,2.234,330177.4
1778788800000,2.234,2.237,2.209,2.215,218042.3
1778803200000,2.214,2.237,2.202,2.216,253046.3
1778817600000,2.215,2.215,2.162,2.189,372905.8
1778832000000,2.19,2.19,2.165,2.172,236063.5
1778846400000,2.171,2.174,2.084,2.108,835472.0
1778860800000,2.108,2.129,2.101,2.112,251177.7
1778875200000,2.112,2.117,2.097,2.115,227239.0
1778889600000,2.114,2.126,2.11,2.115,191309.4
1778904000000,2.115,2.116,2.045,2.062,506824.6
1778918400000,2.063,2.07,2.028,2.049,458123.1
1778932800000,2.05,2.07,2.045,2.065,250602.1
1778947200000,2.064,2.075,2.062,2.071,143967.3
1778961600000,2.072,2.082,2.068,2.075,152847.6
1778976000000,2.074,2.091,2.061,2.085,200754.1
1778990400000,2.085,2.098,2.083,2.089,161285.8
1779004800000,2.089,2.105,2.085,2.092,190636.9
1779019200000,2.091,2.109,2.073,2.083,270108.2
1779033600000,2.084,2.092,2.069,2.089,166977.1
1779048000000,2.09,2.094,1.95,2.041,618305.7
1779062400000,2.041,2.058,2.02,2.043,337280.9
1779076800000,2.043,2.061,2.024,2.031,291638.6
1779091200000,2.031,2.044,2.01,2.031,453219.3
1779105600000,2.032,2.051,1.996,2.016,512912.2
1779120000000,2.015,2.032,1.99,2.028,309293.1
1779134400000,2.029,2.053,2.016,2.047,190085.0
1779148800000,2.048,2.061,2.03,2.041,132886.5
1779163200000,2.042,2.056,2.03,2.046,165765.4
1779177600000,2.045,2.046,2.017,2.019,189678.3
1779192000000,2.018,2.046,2.01,2.017,231777.1
1779206400000,2.017,2.029,2.005,2.01,173762.6
1779220800000,2.011,2.016,1.996,2.009,93354.8
1779235200000,2.009,2.018,1.998,2.003,176271.4
1779249600000,2.003,2.034,2.003,2.022,147466.3
1779264000000,2.022,2.038,2.015,2.02,151672.5
1779278400000,2.019,2.053,2.006,2.045,325459.7
1779292800000,2.045,2.06,2.031,2.041,244995.4
1779307200000,2.041,2.042,2.025,2.034,150311.6
1779321600000,2.034,2.057,2.033,2.052,179780.1
1779336000000,2.052,2.058,2.032,2.044,213066.7
1779350400000,2.044,2.058,2.02,2.021,233073.8
1779364800000,2.022,2.046,2.018,2.04,243148.4
1779379200000,2.039,2.26,2.032,2.144,6760271.8
1779393600000,2.144,2.164,2.098,2.158,1572147.2
1779408000000,2.158,2.217,2.129,2.185,1383644.6
1779422400000,2.186,2.221,2.163,2.197,1142615.0
1779436800000,2.198,2.35,2.197,2.244,7952261.7
1779451200000,2.244,2.244,2.185,2.207,2191189.9
1779465600000,2.207,2.226,2.1,2.122,1840735.6
1779480000000,2.122,2.147,2.068,2.088,881094.0
1779494400000,2.089,2.147,2.061,2.115,2794397.6
1779508800000,2.114,2.129,2.056,2.074,957258.7
1779523200000,2.073,2.136,2.062,2.13,551728.3
1779537600000,2.129,2.248,2.111,2.213,2000187.2
1779552000000,2.213,2.232,2.184,2.215,698154.3
1779566400000,2.215,2.244,2.197,2.204,743687.6
1779580800000,2.203,2.207,2.175,2.182,464486.2
1779595200000,2.182,2.21,2.179,2.196,314819.8
1779609600000,2.197,2.203,2.178,2.183,274391.8
1779624000000,2.184,2.264,2.16,2.23,1341860.1
1779638400000,2.231,2.303,2.177,2.195,1678892.7
1779652800000,2.196,2.209,2.13,2.18,448681.1
1779667200000,2.18,2.198,2.167,2.178,287733.4
1779681600000,2.178,2.275,2.178,2.271,713468.0
1779696000000,2.272,2.327,2.252,2.305,1572986.4
1779710400000,2.306,2.373,2.287,2.307,2107235.4
1779724800000,2.308,2.367,2.302,2.328,785434.2
1779739200000,2.328,2.34,2.277,2.304,554398.8
1779753600000,2.304,2.325,2.252,2.296,1002740.1
1779768000000,2.295,2.36,2.27,2.309,1285556.5
1779782400000,2.31,2.428,2.305,2.379,1923392.8
1779796800000,2.381,2.393,2.283,2.302,1268026.5
1779811200000,2.302,2.304,2.253,2.282,769939.0
1779825600000,2.283,2.295,2.265,2.285,266884.7
1779840000000,2.285,2.306,2.242,2.243,481096.6
1779854400000,2.242,2.298,2.211,2.285,937145.3
1779868800000,2.285,2.291,2.23,2.238,623323.0
1779883200000,2.237,2.262,2.219,2.25,571101.0
1779897600000,2.25,2.259,2.188,2.21,420651.9
1779912000000,2.211,2.213,2.133,2.151,619344.5
1779926400000,2.151,2.158,2.075,2.082,794671.2
1779940800000,2.081,2.11,2.061,2.107,539349.2
1779955200000,2.108,2.11,2.071,2.08,288986.8
1779969600000,2.08,2.095,2.045,2.078,381050.3
1779984000000,2.077,2.177,2.061,2.121,848735.6
1779998400000,2.121,2.132,2.102,2.107,209309.4
1780012800000,2.106,2.136,2.103,2.128,243894.6
1780027200000,2.128,2.163,2.109,2.141,377680.8
1780041600000,2.14,2.148,2.102,2.114,355892.5
1780056000000,2.114,2.145,2.064,2.131,508831.4
1780070400000,2.131,2.139,2.086,2.106,390199.2
1780084800000,2.106,2.119,2.09,2.1,152198.1
1780099200000,2.1,2.132,2.091,2.115,273397.5
1780113600000,2.115,2.117,2.081,2.1,247397.0
1780128000000,2.1,2.115,2.092,2.102,233874.4
1780142400000,2.101,2.122,2.099,2.117,322056.5
1780156800000,2.117,2.131,2.104,2.116,338273.7
1780171200000,2.117,2.131,2.094,2.108,197608.8
1780185600000,2.109,2.142,2.099,2.134,241972.6
1780200000000,2.134,2.146,2.106,2.117,224493.1
1780214400000,2.117,2.126,2.088,2.1,222902.0
1780228800000,2.1,2.109,2.056,2.07,419889.5
1780243200000,2.07,2.073,2.048,2.062,265771.1
1780257600000,2.063,2.106,2.062,2.089,185795.4
1780272000000,2.089,2.121,2.067,2.106,333106.6
1780286400000,2.106,2.112,2.059,2.063,370017.9
1780300800000,2.063,2.086,2.053,2.075,386585.4
1780315200000,2.075,2.082,2.033,2.062,631804.4
1780329600000,2.062,2.123,2.05,2.12,475872.7
1780344000000,2.12,2.121,2.091,2.113,167694.6
1780358400000,2.114,2.117,2.055,2.098,270020.2
1780372800000,2.098,2.102,2.05,2.066,264267.5
1780387200000,2.066,2.071,2.042,2.062,302033.8
1780401600000,2.062,2.066,1.946,1.975,1028054.7
1780416000000,1.974,2.015,1.923,1.96,529480.7
1780430400000,1.959,1.989,1.884,1.918,899669.0
1780444800000,1.918,1.954,1.903,1.913,560562.8
1780459200000,1.912,1.999,1.912,1.995,433667.9
1780473600000,1.995,2.02,1.977,2.008,379966.8
1780488000000,2.008,2.029,1.983,1.985,486139.0
1780502400000,1.986,1.987,1.939,1.943,428782.3
1780516800000,1.942,2.004,1.918,1.957,424029.4
1780531200000,1.957,1.98,1.773,1.915,1640229.2
1780545600000,1.915,1.93,1.846,1.848,495627.4
1780560000000,1.849,1.865,1.79,1.819,568713.6
1780574400000,1.82,1.888,1.809,1.883,437314.8
1780588800000,1.883,1.911,1.859,1.891,321224.6
1780603200000,1.891,1.891,1.828,1.858,336847.2
1780617600000,1.858,1.865,1.801,1.807,599014.9
1780632000000,1.808,1.911,1.705,1.86,7207767.6
1780646400000,1.86,1.911,1.797,1.814,1698537.7
1780660800000,1.813,1.833,1.76,1.778,1110604.8
1780675200000,1.777,1.823,1.714,1.77,1262560.2
1780689600000,1.769,1.843,1.751,1.815,607048.3
1780704000000,1.814,1.854,1.782,1.793,643078.9
1780718400000,1.792,1.794,1.685,1.766,992969.2
1780732800000,1.766,1.82,1.738,1.771,476279.1
1780747200000,1.772,1.795,1.756,1.773,292884.3
1780761600000,1.773,1.783,1.747,1.753,299596.0
1780776000000,1.753,1.771,1.742,1.767,233768.4
1780790400000,1.767,1.8,1.757,1.788,286131.2
1780804800000,1.788,1.817,1.775,1.805,253323.0
1780819200000,1.805,1.834,1.782,1.798,296298.9
1780833600000,1.798,1.801,1.76,1.791,297545.9
1780848000000,1.792,1.808,1.751,1.756,376352.7
1780862400000,1.755,1.842,1.751,1.803,395177.8
1780876800000,1.803,1.826,1.78,1.79,247582.4
1780891200000,1.791,1.794,1.751,1.781,307146.6
1780905600000,1.78,1.82,1.768,1.809,274870.8
1780920000000,1.808,1.829,1.789,1.812,316074.4
1780934400000,1.813,1.826,1.802,1.807,212157.9
1780948800000,1.806,1.826,1.78,1.788,212705.6
1780963200000,1.788,1.79,1.727,1.749,423715.7
1780977600000,1.748,1.788,1.742,1.773,283072.7
1780992000000,1.773,1.774,1.745,1.759,234628.1
1781006400000,1.758,1.77,1.719,1.723,416170.8
1781020800000,1.723,1.753,1.693,1.75,638733.2
1781035200000,1.75,1.758,1.732,1.74,163636.4
1781049600000,1.74,1.749,1.724,1.737,199583.1
1781064000000,1.737,1.757,1.722,1.752,177647.5
1781078400000,1.753,1.759,1.704,1.711,410679.8
1781092800000,1.71,1.767,1.706,1.758,390874.1
1781107200000,1.758,1.764,1.711,1.717,255253.8
1781121600000,1.716,1.72,1.667,1.701,420039.3
1781136000000,1.7,1.74,1.699,1.733,301574.5
1781150400000,1.733,1.743,1.719,1.732,204721.7
1781164800000,1.731,1.746,1.719,1.737,222234.8
1781179200000,1.737,1.744,1.713,1.726,460377.7
1781193600000,1.726,1.77,1.711,1.754,429576.1
1781208000000,1.755,1.778,1.744,1.768,292568.1
1781222400000,1.769,1.817,1.764,1.798,396063.6
1781236800000,1.797,1.812,1.768,1.776,347802.2
1781251200000,1.776,1.808,1.775,1.795,300347.0
1781265600000,1.795,1.838,1.776,1.8,498783.3
1781280000000,1.8,1.823,1.796,1.811,317646.6
1781294400000,1.811,1.82,1.802,1.819,197964.0
1781308800000,1.819,1.835,1.809,1.81,226415.7
1781323200000,1.81,1.82,1.79,1.815,303983.5
1781337600000,1.815,1.821,1.805,1.818,153346.5
1781352000000,1.817,1.858,1.811,1.852,315288.8
1781366400000,1.851,1.851,1.81,1.816,230934.9
1781380800000,1.816,1.833,1.804,1.809,176459.7
1781395200000,1.809,1.809,1.793,1.803,194768.9
1781409600000,1.803,1.805,1.779,1.783,206416.3
1781424000000,1.782,1.799,1.78,1.786,172733.1
1781438400000,1.786,1.793,1.751,1.759,245844.2
1781452800000,1.759,1.765,1.742,1.751,161766.9
1781467200000,1.751,1.833,1.748,1.833,334641.5
1781481600000,1.833,1.843,1.811,1.827,269039.5
1781496000000,1.827,1.84,1.815,1.816,182948.6
1781510400000,1.817,1.861,1.814,1.853,282804.1
1781524800000,1.853,1.89,1.847,1.884,330820.5
1781539200000,1.885,1.889,1.823,1.828,277860.5
1781553600000,1.829,1.838,1.804,1.82,247412.0
1781568000000,1.82,1.833,1.788,1.817,208452.4
1781582400000,1.818,1.833,1.799,1.826,161923.2
1781596800000,1.825,1.841,1.816,1.829,175658.4
1781611200000,1.828,1.843,1.768,1.794,343602.7
1781625600000,1.794,1.829,1.793,1.809,198395.5
1781640000000,1.809,1.831,1.806,1.815,157644.9
1781654400000,1.816,1.846,1.813,1.825,220802.4
1781668800000,1.825,1.83,1.809,1.817,128276.6
1781683200000,1.817,1.818,1.789,1.802,156455.5
1781697600000,1.801,1.841,1.796,1.839,156492.1
1781712000000,1.84,1.849,1.776,1.788,422889.8
1781726400000,1.788,1.807,1.77,1.805,262388.9
1781740800000,1.806,1.839,1.805,1.813,252782.4
1781755200000,1.814,1.822,1.787,1.81,198602.9
1781769600000,1.81,1.817,1.785,1.789,221763.1
1781784000000,1.789,1.805,1.724,1.732,495497.4
1781798400000,1.732,1.746,1.72,1.742,252471.1
1781812800000,1.742,1.759,1.731,1.745,262009.3
1781827200000,1.744,1.769,1.735,1.749,267793.0
1781841600000,1.749,1.755,1.739,1.747,160948.4
1781856000000,1.748,1.749,1.736,1.745,182976.4
1781870400000,1.744,1.768,1.739,1.754,214120.9
1781884800000,1.754,1.767,1.746,1.755,142548.1
1781899200000,1.754,1.77,1.752,1.768,96201.6
1781913600000,1.768,1.773,1.746,1.76,123613.6
1781928000000,1.759,1.788,1.756,1.765,251150.3
1781942400000,1.766,1.792,1.761,1.778,175485.3
1781956800000,1.777,1.788,1.75,1.779,262300.0
1781971200000,1.779,1.779,1.755,1.77,231589.5
1781985600000,1.77,1.779,1.758,1.773,105661.2
1782000000000,1.772,1.773,1.758,1.767,147821.4
1782014400000,1.766,1.767,1.749,1.756,110682.6
1782028800000,1.756,1.774,1.749,1.75,246067.0
1782043200000,1.75,1.76,1.746,1.753,139345.3
1782057600000,1.754,1.758,1.739,1.751,131361.1
1782072000000,1.751,1.757,1.731,1.738,332129.9
1782086400000,1.737,1.776,1.737,1.741,214486.1
1782100800000,1.74,1.751,1.737,1.743,153500.0
1782115200000,1.742,1.76,1.729,1.756,251958.5
1782129600000,1.755,1.78,1.751,1.755,360574.7
1782144000000,1.756,1.757,1.726,1.729,224019.4
1782158400000,1.729,1.736,1.699,1.718,220999.5
1782172800000,1.717,1.724,1.704,1.712,162945.7
1782187200000,1.711,1.714,1.628,1.661,571038.7
1782201600000,1.661,1.667,1.613,1.64,432668.1
1782216000000,1.64,1.649,1.609,1.623,373493.4
1782230400000,1.622,1.636,1.609,1.628,215222.1
1782244800000,1.629,1.637,1.618,1.625,107390.5
1782259200000,1.624,1.63,1.612,1.622,197744.3
1782273600000,1.622,1.65,1.615,1.639,218772.3
1782288000000,1.64,1.659,1.624,1.652,157382.6
1782302400000,1.652,1.654,1.594,1.609,455936.1
1782316800000,1.609,1.625,1.531,1.594,601580.5
1782331200000,1.594,1.628,1.59,1.614,181414.7
1782345600000,1.614,1.619,1.597,1.605,169100.3
1782360000000,1.605,1.63,1.596,1.62,142924.5
1782374400000,1.619,1.62,1.587,1.59,174422.3
1782388800000,1.59,1.602,1.482,1.542,633021.8
1782403200000,1.542,1.559,1.507,1.521,206352.6
1782417600000,1.522,1.548,1.522,1.537,145211.9
1782432000000,1.538,1.544,1.486,1.527,301512.1
1782446400000,1.528,1.544,1.506,1.544,169719.3
1782460800000,1.544,1.545,1.499,1.504,200677.9
1782475200000,1.505,1.555,1.489,1.548,282682.8
1782489600000,1.548,1.563,1.534,1.534,192084.9
1782504000000,1.535,1.552,1.52,1.546,186417.1
1782518400000,1.545,1.602,1.544,1.597,286011.9
1782532800000,1.598,1.602,1.566,1.571,238702.1
1782547200000,1.57,1.571,1.551,1.56,126611.3
1782561600000,1.559,1.57,1.556,1.564,116455.7
1782576000000,1.563,1.565,1.527,1.535,153204.8
1782590400000,1.534,1.538,1.517,1.526,121510.2
1782604800000,1.525,1.551,1.523,1.551,128613.8
1782619200000,1.55,1.57,1.528,1.57,234433.3
1782633600000,1.57,1.661,1.566,1.585,1516568.6
1782648000000,1.585,1.589,1.555,1.568,411221.1
1782662400000,1.569,1.58,1.553,1.566,181210.3
1782676800000,1.565,1.578,1.538,1.562,332940.8
1782691200000,1.561,1.581,1.536,1.577,201895.8
1782705600000,1.577,1.599,1.54,1.562,479930.5
1782720000000,1.561,1.572,1.55,1.561,198412.8
1782734400000,1.561,1.584,1.54,1.566,297796.8
1782748800000,1.566,1.599,1.557,1.579,134083.6
1782763200000,1.579,1.58,1.558,1.571,89757.3
1782777600000,1.57,1.575,1.541,1.545,156202.9
1782792000000,1.545,1.555,1.537,1.538,162361.4
1782806400000,1.537,1.548,1.513,1.516,178781.8
1782820800000,1.515,1.524,1.492,1.509,329994.1
1782835200000,1.509,1.524,1.5,1.518,166610.9
1782849600000,1.517,1.522,1.505,1.511,155963.2
1782864000000,1.51,1.536,1.484,1.533,160811.6
1782878400000,1.533,1.559,1.518,1.531,214334.0
1782892800000,1.531,1.533,1.518,1.524,117141.3
1782907200000,1.524,1.583,1.507,1.575,302861.4
1782921600000,1.575,1.575,1.545,1.548,118464.9
1782936000000,1.547,1.579,1.542,1.546,129850.0
1782950400000,1.547,1.57,1.535,1.57,344960.7
1782964800000,1.571,1.571,1.54,1.55,135606.5
1782979200000,1.55,1.569,1.548,1.563,150017.3
1782993600000,1.562,1.587,1.56,1.571,232945.1
1783008000000,1.571,1.575,1.56,1.564,83448.8
1783022400000,1.564,1.573,1.558,1.571,66927.7
1783036800000,1.57,1.582,1.563,1.577,108540.0
1783051200000,1.576,1.589,1.568,1.586,118796.3
1783065600000,1.585,1.609,1.581,1.606,133956.1
1783080000000,1.605,1.618,1.597,1.607,171581.2
1783094400000,1.606,1.628,1.602,1.627,122804.8
1783108800000,1.628,1.64,1.624,1.627,115217.6
1783123200000,1.627,1.634,1.602,1.61,158706.5
1783137600000,1.61,1.616,1.597,1.606,116229.1
1783152000000,1.606,1.627,1.598,1.622,159139.4
1783166400000,1.621,1.644,1.617,1.637,194559.0
1783180800000,1.637,1.66,1.632,1.653,202778.8
1783195200000,1.654,1.666,1.628,1.635,176495.2
1783209600000,1.635,1.656,1.608,1.648,240307.5
1783224000000,1.649,1.657,1.605,1.62,309818.3
1783238400000,1.619,1.621,1.586,1.599,222627.3
1783252800000,1.6,1.632,1.595,1.623,141756.2
1783267200000,1.623,1.633,1.616,1.624,90813.2
1783281600000,1.624,1.654,1.624,1.634,195413.9
1783296000000,1.634,1.637,1.611,1.616,107697.2
1783310400000,1.616,1.617,1.596,1.608,155182.1
1783324800000,1.608,1.614,1.59,1.596,138428.6
1783339200000,1.595,1.633,1.567,1.631,254316.4
1783353600000,1.631,1.642,1.608,1.616,157395.4
1783368000000,1.616,1.64,1.61,1.619,147015.7
1783382400000,1.618,1.628,1.59,1.594,105353.9
1783396800000,1.593,1.606,1.582,1.59,81349.8
1783411200000,1.59,1.596,1.572,1.587,161264.4
1783425600000,1.586,1.597,1.556,1.584,174399.9
1783440000000,1.584,1.59,1.547,1.56,242503.0
1783454400000,1.56,1.574,1.542,1.562,160498.7
1783468800000,1.563,1.57,1.524,1.534,201857.7
1783483200000,1.534,1.558,1.524,1.545,188713.2
1783497600000,1.545,1.55,1.508,1.533,276394.9
1783512000000,1.532,1.537,1.516,1.522,141999.5
1783526400000,1.521,1.539,1.519,1.53,78955.4
1783540800000,1.53,1.551,1.524,1.549,99885.9
1783555200000,1.549,1.566,1.527,1.536,396513.6
1783569600000,1.536,1.57,1.533,1.564,147530.2
1783584000000,1.563,1.567,1.548,1.552,102303.9
1783598400000,1.551,1.56,1.542,1.544,112084.0
1783612800000,1.543,1.562,1.539,1.549,84096.0
1783627200000,1.548,1.552,1.543,1.551,54467.0
1783641600000,1.552,1.579,1.547,1.57,111214.8
1783656000000,1.57,1.571,1.561,1.565,51287.9
1783670400000,1.565,1.589,1.564,1.578,189770.8
1783684800000,1.579,1.604,1.561,1.601,570738.1
1783699200000,1.602,1.628,1.587,1.595,296336.5
1783713600000,1.594,1.613,1.59,1.611,109787.3
1783728000000,1.612,1.622,1.598,1.611,224751.5
1783742400000,1.61,1.619,1.599,1.601,107291.3
1783756800000,1.6,1.606,1.59,1.596,131691.9
1783771200000,1.596,1.607,1.589,1.6,167107.3
1783785600000,1.599,1.6,1.589,1.593,165732.6
1783800000000,1.593,1.598,1.563,1.564,137406.4
1783814400000,1.563,1.574,1.556,1.573,138130.6
1783828800000,1.573,1.575,1.541,1.542,139899.9
1783843200000,1.541,1.553,1.532,1.551,170706.6
1783857600000,1.551,1.558,1.535,1.552,142900.3
1783872000000,1.552,1.554,1.544,1.552,103365.4
1783886400000,1.551,1.553,1.521,1.53,120107.3
1783900800000,1.53,1.554,1.496,1.508,228151.3
1783915200000,1.508,1.528,1.507,1.525,101387.5
1783929600000,1.525,1.536,1.519,1.521,84815.9
1783944000000,1.52,1.527,1.501,1.514,156889.6
1783958400000,1.514,1.518,1.496,1.513,125509.0
1783972800000,1.512,1.514,1.487,1.512,95205.4
1783987200000,1.512,1.525,1.501,1.516,124300.0
1784001600000,1.516,1.535,1.513,1.517,138008.2
1784016000000,1.516,1.523,1.508,1.514,108881.8
1784030400000,1.514,1.557,1.511,1.547,285519.0
1784044800000,1.546,1.547,1.53,1.534,90982.4
1784059200000,1.535,1.543,1.528,1.537,81249.9
1784073600000,1.538,1.543,1.527,1.537,94006.2
1784088000000,1.537,1.544,1.528,1.534,86336.9
1784102400000,1.533,1.541,1.531,1.538,94016.5
1784116800000,1.537,1.561,1.535,1.548,205782.2
1784131200000,1.547,1.549,1.531,1.537,183747.9
1784145600000,1.536,1.546,1.535,1.543,67906.2
1784160000000,1.542,1.546,1.527,1.531,121737.8
1784174400000,1.53,1.533,1.512,1.515,163688.3
1784188800000,1.515,1.52,1.501,1.513,187574.3
1784203200000,1.512,1.524,1.507,1.521,87225.1
1784217600000,1.521,1.521,1.51,1.515,75704.0
1784232000000,1.514,1.517,1.495,1.5,118062.4
1784246400000,1.5,1.514,1.495,1.505,128598.6
1784260800000,1.505,1.509,1.485,1.485,136409.4
1784275200000,1.484,1.491,1.476,1.484,179856.0
1784289600000,1.484,1.498,1.467,1.488,329908.9
1784304000000,1.488,1.51,1.485,1.502,149328.0
1784318400000,1.501,1.503,1.495,1.5,64156.8
1784332800000,1.5,1.502,1.483,1.487,164071.2
1784347200000,1.486,1.489,1.477,1.482,99497.3
1784361600000,1.482,1.491,1.478,1.485,87675.3
1784376000000,1.484,1.488,1.473,1.479,108526.4
1784390400000,1.479,1.494,1.476,1.486,105136.3
1784404800000,1.486,1.49,1.481,1.483,83312.0
1784419200000,1.482,1.487,1.477,1.478,73455.3
1784433600000,1.478,1.484,1.477,1.478,85388.0
1784448000000,1.478,1.483,1.466,1.469,274931.4
1784462400000,1.468,1.468,1.452,1.456,291114.4
1784476800000,1.456,1.457,1.397,1.419,936554.3
1784491200000,1.42,1.447,1.42,1.436,205011.3
1784505600000,1.435,1.454,1.427,1.437,222519.7
1784520000000,1.436,1.438,1.407,1.424,281092.4
1784534400000,1.423,1.436,1.41,1.435,215998.5
1784548800000,1.434,1.45,1.419,1.447,344558.5
1784563200000,1.447,1.454,1.435,1.441,217478.8
1784577600000,1.441,1.449,1.436,1.44,97531.2
1784592000000,1.439,1.467,1.434,1.466,241118.8
1784606400000,1.467,1.469,1.45,1.466,210649.0
1784620800000,1.465,1.468,1.451,1.455,135617.0
1784635200000,1.455,1.47,1.453,1.469,127317.5
1784649600000,1.468,1.469,1.447,1.464,117883.4
1784664000000,1.463,1.466,1.455,1.465,69796.5
1784678400000,1.465,1.472,1.456,1.458,85511.4
1784692800000,1.459,1.466,1.44,1.442,174100.1
1784707200000,1.442,1.456,1.441,1.453,157544.8
1784721600000,1.453,1.469,1.443,1.466,130616.2
1784736000000,1.466,1.47,1.451,1.457,111653.6
1784750400000,1.456,1.461,1.45,1.461,59073.7
1784764800000,1.461,1.463,1.44,1.443,107404.0
1784779200000,1.442,1.455,1.438,1.445,102652.3
1784793600000,1.445,1.451,1.439,1.441,81993.3
1784808000000,1.44,1.445,1.427,1.435,170681.0
1784822400000,1.435,1.435,1.414,1.419,100595.7
1784836800000,1.419,1.428,1.416,1.421,73895.4
1784851200000,1.421,1.428,1.408,1.425,109690.3
1784865600000,1.426,1.438,1.421,1.432,108338.5
1784880000000,1.433,1.438,1.423,1.43,165254.0
1784894400000,1.431,1.431,1.398,1.406,285221.5
1784908800000,1.406,1.41,1.398,1.406,109072.4
1784923200000,1.406,1.41,1.399,1.41,55707.7
1784937600000,1.41,1.417,1.408,1.409,58661.8
1784952000000,1.409,1.412,1.402,1.403,75131.0
1784966400000,1.403,1.406,1.398,1.401,73475.2
1784980800000,1.402,1.418,1.4,1.417,77863.7
1784995200000,1.417,1.424,1.415,1.419,85482.4
1785009600000,1.418,1.425,1.416,1.42,50942.9
1785024000000,1.42,1.428,1.418,1.428,59818.7
1785038400000,1.428,1.543,1.421,1.457,1942476.5
1785052800000,1.457,1.756,1.445,1.551,15862017.1
1785067200000,1.552,1.591,1.46,1.477,6094230.3
1785081600000,1.477,1.508,1.453,1.505,1709899.3
1785096000000,1.505,1.522,1.485,1.509,1212719.9
1785110400000,1.508,1.564,1.455,1.469,3957117.7
1785124800000,1.469,1.481,1.451,1.454,970763.9
1785139200000,1.454,1.455,1.428,1.437,1067084.1
1785153600000,1.436,1.448,1.407,1.412,1280085.5
1785168000000,1.413,1.432,1.407,1.41,527622.3
1785182400000,1.409,1.41,1.339,1.354,1490167.3
1785196800000,1.355,1.369,1.333,1.348,1042860.3
1785211200000,1.348,1.356,1.341,1.345,438036.6
1785225600000,1.344,1.357,1.343,1.349,463654.8
1785240000000,1.349,1.383,1.336,1.378,674178.0
1785254400000,1.377,1.38,1.363,1.37,301686.2
1785268800000,1.37,1.396,1.37,1.389,355911.3
1785283200000,1.388,1.397,1.35,1.351,459509.7
1785297600000,1.351,1.37,1.343,1.365,317078.6
1785312000000,1.364,1.374,1.352,1.355,395798.9
1785326400000,1.355,1.356,1.311,1.313,711606.0
1785340800000,1.312,1.332,1.285,1.289,664931.9
1785355200000,1.289,1.303,1.271,1.298,554812.1
1785369600000,1.298,1.308,1.289,1.299,312608.0
1785384000000,1.299,1.313,1.296,1.303,281872.1
1785398400000,1.302,1.303,1.283,1.288,298676.6
1785412800000,1.288,1.298,1.277,1.278,341034.2
1785427200000,1.279,1.28,1.262,1.265,429519.0
1785441600000,1.265,1.27,1.255,1.257,335383.6
1785456000000,1.257,1.276,1.253,1.263,333824.3
1785470400000,1.263,1.273,1.258,1.268,404461.6
1785484800000,1.268,1.272,1.237,1.241,508134.6
1785499200000,1.24,1.251,1.223,1.247,478984.7
1785513600000,1.246,1.277,1.245,1.272,349640.5
1785528000000,1.271,1.306,1.27,1.299,637659.1
1785542400000,1.299,1.306,1.288,1.298,486440.0
1785556800000,1.299,1.302,1.277,1.279,286539.2
1785571200000,1.279,1.286,1.269,1.273,290458.8
1785585600000,1.273,1.282,1.264,1.267,619173.5
1785600000000,1.267,1.271,1.249,1.257,354854.0
1785614400000,1.256,1.26,1.248,1.254,129542.1
1785628800000,1.254,1.269,1.252,1.266,301781.4
1785643200000,1.265,1.269,1.251,1.252,213965.0
1785657600000,1.252,1.254,1.233,1.253,312460.7
1785672000000,1.254,1.293,1.253,1.289,500839.7
1785686400000,1.289,1.291,1.277,1.28,323512.9
1785700800000,1.28,1.285,1.271,1.284,181328.1
1785715200000,1.283,1.284,1.258,1.264,290007.4
1785729600000,1.264,1.29,1.264,1.284,310556.3
1785744000000,1.284,1.314,1.268,1.296,1204445.5
1785758400000,1.296,1.298,1.274,1.286,553108.9
1785772800000,1.287,1.301,1.286,1.298,236166.7
1785787200000,1.297,1.305,1.289,1.293,216739.2
1785801600000,1.292,1.302,1.291,1.297,255522.2
1785816000000,1.296,1.302,1.281,1.285,182865.6
1785830400000,1.286,1.288,1.278,1.281,199685.8
1785844800000,1.281,1.292,1.274,1.289,172135.2
1785859200000,1.288,1.29,1.28,1.284,157539.2
1785873600000,1.285,1.291,1.276,1.277,124799.7
1785888000000,1.277,1.294,1.272,1.277,230889.6
1785902400000,1.278,1.286,1.277,1.285,126272.8
1785916800000,1.286,1.293,1.279,1.28,166040.9
1785931200000,1.281,1.297,1.279,1.291,263179.6
1785945600000,1.291,1.299,1.277,1.284,236875.4
1785960000000,1.284,1.287,1.275,1.277,128565.8
1785974400000,1.277,1.284,1.271,1.276,155403.0
1785988800000,1.277,1.291,1.276,1.283,166757.5
1786003200000,1.282,1.287,1.262,1.268,287617.0
1786017600000,1.269,1.281,1.261,1.277,205752.4
1786032000000,1.277,1.288,1.272,1.273,141293.1
1786046400000,1.274,1.282,1.271,1.274,118934.5
1786060800000,1.274,1.283,1.271,1.271,179918.5
1786075200000,1.272,1.292,1.27,1.283,191432.0
1786089600000,1.283,1.291,1.273,1.274,191529.6
1786104000000,1.275,1.276,1.262,1.262,283858.8
1786118400000,1.263,1.265,1.246,1.247,371462.2
1786132800000,1.247,1.248,1.239,1.242,188055.9
1786147200000,1.242,1.257,1.234,1.254,211810.4
1786161600000,1.255,1.259,1.25,1.257,87362.0
1786176000000,1.257,1.273,1.254,1.257,357053.3
1786190400000,1.257,1.275,1.254,1.272,202336.1
1786204800000,1.271,1.277,1.267,1.27,179473.5
1786219200000,1.271,1.274,1.262,1.263,122874.1
1786233600000,1.263,1.265,1.255,1.26,207704.8
1786248000000,1.26,1.278,1.26,1.268,255405.1
1786262400000,1.267,1.269,1.261,1.265,114558.6
1786276800000,1.265,1.272,1.264,1.271,132896.4
1786291200000,1.271,1.279,1.268,1.279,97977.1
1786305600000,1.279,1.282,1.258,1.262,140576.5
1786320000000,1.262,1.276,1.26,1.266,166605.5
1786334400000,1.267,1.271,1.26,1.262,134585.6
1786348800000,1.263,1.275,1.254,1.258,233544.1
1786363200000,1.259,1.263,1.242,1.247,319403.7
1786377600000,1.246,1.253,1.238,1.253,300757.6
1786392000000,1.253,1.264,1.248,1.263,175717.5
1786406400000,1.263,1.269,1.256,1.261,177801.7
1786420800000,1.261,1.261,1.245,1.246,190377.7
1786435200000,1.246,1.257,1.244,1.253,151845.5
1786449600000,1.252,1.253,1.208,1.215,681494.0
1786464000000,1.214,1.219,1.202,1.218,364156.9
1786478400000,1.218,1.225,1.214,1.215,160046.3
1786492800000,1.215,1.236,1.214,1.229,376291.2
1786507200000,1.228,1.233,1.22,1.224,248755.4
1786521600000,1.224,1.229,1.218,1.226,168342.7
1786536000000,1.226,1.233,1.206,1.211,326240.5
1786550400000,1.211,1.215,1.201,1.202,252407.3
1786564800000,1.203,1.212,1.164,1.182,736115.1
1786579200000,1.182,1.194,1.182,1.192,187710.0
1786593600000,1.192,1.202,1.19,1.2,171625.2
1786608000000,1.201,1.212,1.198,1.2,243767.0
1786622400000,1.2,1.227,1.198,1.205,261072.5
1786636800000,1.204,1.209,1.189,1.199,305465.0
1786651200000,1.199,1.206,1.196,1.2,117770.0
1786665600000,1.199,1.207,1.198,1.201,146376.8
1786680000000,1.201,1.205,1.192,1.193,131693.7
1786694400000,1.193,1.207,1.189,1.191,223864.5
1786708800000,1.191,1.196,1.181,1.195,206347.8
1786723200000,1.196,1.202,1.186,1.189,200998.7
1786737600000,1.189,1.2,1.188,1.199,101305.0
1786752000000,1.2,1.202,1.193,1.195,117575.9
1786766400000,1.194,1.207,1.194,1.194,137964.4
1786780800000,1.194,1.198,1.189,1.196,163737.2
1786795200000,1.196,1.206,1.194,1.204,147889.1
1786809600000,1.204,1.205,1.196,1.197,142142.4
1786824000000,1.197,1.199,1.186,1.188,206759.9
1786838400000,1.189,1.192,1.184,1.187,151187.3
1786852800000,1.187,1.195,1.184,1.19,126497.1
1786867200000,1.19,1.193,1.186,1.189,100713.9
1786881600000,1.189,1.193,1.187,1.19,100611.7
1786896000000,1.191,1.196,1.188,1.193,107889.2
1786910400000,1.193,1.196,1.167,1.178,284366.2
1786924800000,1.177,1.192,1.173,1.186,207945.6
1786939200000,1.186,1.19,1.178,1.182,81486.0
1786953600000,1.182,1.184,1.175,1.181,122509.6
1786968000000,1.181,1.186,1.176,1.186,133865.6
1786982400000,1.186,1.186,1.179,1.184,159045.1
1786996800000,1.184,1.193,1.182,1.186,147302.8
1787011200000,1.187,1.188,1.154,1.162,331992.8
1787025600000,1.162,1.179,1.159,1.179,128774.3
1787040000000,1.18,1.19,1.176,1.183,165625.5
1787054400000,1.184,1.19,1.176,1.186,113516.7
1787068800000,1.186,1.188,1.181,1.184,89942.3
1787083200000,1.185,1.185,1.179,1.183,54058.5
1787097600000,1.184,1.187,1.179,1.184,86306.5
1787112000000,1.184,1.194,1.178,1.19,115217.2
1787126400000,1.19,1.196,1.181,1.185,132952.6
1787140800000,1.185,1.241,1.184,1.214,678251.2
1787155200000,1.214,1.228,1.213,1.228,224992.3
1787169600000,1.228,1.266,1.228,1.249,461901.7
1787184000000,1.249,1.256,1.239,1.247,236295.8
1787198400000,1.247,1.254,1.245,1.248,103341.5
1787212800000,1.248,1.278,1.248,1.268,537379.4
1787227200000,1.268,1.294,1.258,1.286,372526.6
1787241600000,1.286,1.307,1.284,1.29,520541.1
1787256000000,1.29,1.316,1.286,1.314,297709.2
1787270400000,1.313,1.328,1.306,1.311,540078.7
1787284800000,1.311,1.357,1.31,1.356,471322.3
1787299200000,1.356,1.389,1.346,1.38,1108372.6
1787313600000,1.381,1.414,1.372,1.408,670810.1
1787328000000,1.409,1.414,1.376,1.384,462403.2
1787342400000,1.383,1.449,1.379,1.445,419038.4
1787356800000,1.446,1.556,1.436,1.536,1186228.7
1787371200000,1.536,1.586,1.267,1.429,2614521.3
1787385600000,1.429,1.443,1.37,1.394,700994.8
