timestamp,open,high,low,close,volume
1708560000000,0.3707,0.3727,0.3476,0.3588,100898543.7
1708574400000,0.3588,0.3999,0.3578,0.3952,153814168.0
1708588800000,0.3953,0.407,0.3737,0.3793,111651376.0
1708603200000,0.3793,0.4315,0.3736,0.4264,154913324.1
1708617600000,0.4263,0.45,0.4143,0.4443,156671673.6
1708632000000,0.4442,0.4661,0.427,0.4342,153334053.6
1708646400000,0.4342,0.4527,0.415,0.4283,111414621.7
1708660800000,0.4284,0.4403,0.4149,0.4206,81806447.0
1708675200000,0.4207,0.4273,0.3971,0.4143,121070725.4
1708689600000,0.4142,0.4254,0.3875,0.3883,107131670.8
1708704000000,0.3882,0.4509,0.381,0.4457,123638214.2
1708718400000,0.4456,0.456,0.4063,0.4124,92419808.0
1708732800000,0.4124,0.4165,0.3904,0.4067,67605821.6
1708747200000,0.4067,0.4329,0.4052,0.4127,57164803.9
1708761600000,0.4126,0.4239,0.4073,0.4193,36866391.6
1708776000000,0.4194,0.4239,0.4088,0.4128,37580770.4
1708790400000,0.4128,0.4392,0.4115,0.4377,44311395.9
1708804800000,0.4378,0.4389,0.4126,0.419,29406856.6
1708819200000,0.419,0.4411,0.4116,0.4305,49183766.9
1708833600000,0.4304,0.4492,0.42,0.4327,48626232.4
1708848000000,0.4326,0.4447,0.423,0.4386,39047658.5
1708862400000,0.4385,0.4635,0.4283,0.4446,74931278.1
1708876800000,0.4446,0.4539,0.426,0.4335,46886226.8
1708891200000,0.4334,0.4373,0.4165,0.4207,32148670.5
1708905600000,0.4207,0.4404,0.4173,0.435,37894889.7
1708920000000,0.4351,0.4351,0.408,0.4121,41921102.1
1708934400000,0.4121,0.4163,0.3978,0.4094,61846065.6
1708948800000,0.4094,0.4318,0.4047,0.4231,57002743.9
1708963200000,0.4231,0.4384,0.4175,0.4253,59646357.1
1708977600000,0.4253,0.4435,0.4159,0.429,46551125.2
1708992000000,0.4291,0.4507,0.4136,0.4194,84654451.9
1709006400000,0.4193,0.4442,0.4182,0.4391,59718760.8
1709020800000,0.4392,0.4765,0.4377,0.4682,121929642.4
1709035200000,0.4682,0.4732,0.4362,0.4431,86209130.2
1709049600000,0.4432,0.4587,0.4263,0.4368,77287893.6
1709064000000,0.4368,0.4458,0.4252,0.442,28144673.7
1709078400000,0.4421,0.4452,0.4273,0.4293,31077930.6
1709092800000,0.4294,0.4438,0.426,0.4307,36936874.3
1709107200000,0.4307,0.4445,0.4112,0.4223,96061482.6
1709121600000,0.4222,0.4355,0.4139,0.4173,88596634.9
1709136000000,0.4174,0.4286,0.3451,0.3859,223438289.4
1709150400000,0.3859,0.4108,0.3809,0.4061,66909782.2
1709164800000,0.4062,0.4207,0.3949,0.397,51599167.3
1709179200000,0.3969,0.404,0.3811,0.404,63377756.3
1709193600000,0.404,0.4161,0.396,0.3963,60179288.7
1709208000000,0.3963,0.3984,0.3838,0.3877,53291186.9
1709222400000,0.3877,0.4886,0.36,0.4504,377575229.5
1709236800000,0.4503,0.4543,0.4135,0.4304,103231490.7
1709251200000,0.4303,0.4735,0.4242,0.471,94869457.4
1709265600000,0.4709,0.5033,0.4607,0.4867,149392233.3
1709280000000,0.4868,0.5029,0.4702,0.4725,102290957.0
1709294400000,0.4726,0.4966,0.4629,0.4792,108480170.5
1709308800000,0.4791,0.5552,0.4787,0.5087,144301420.6
1709323200000,0.5088,0.5341,0.504,0.5057,60342133.0
1709337600000,0.5058,0.5179,0.4921,0.4961,50519811.6
1709352000000,0.4961,0.5271,0.494,0.526,49546066.2
1709366400000,0.5261,0.5263,0.4837,0.4886,63835430.6
1709380800000,0.4887,0.4952,0.4702,0.473,51018079.3
1709395200000,0.4731,0.4885,0.4717,0.4867,30490806.5
1709409600000,0.4867,0.4909,0.4773,0.4884,19845273.4
1709424000000,0.4884,0.4988,0.4789,0.483,38092425.2
1709438400000,0.4831,0.5124,0.44,0.495,89902925.4
1709452800000,0.4951,0.52,0.4834,0.5079,79890001.4
1709467200000,0.5079,0.5428,0.4961,0.5285,79211419.7
1709481600000,0.5285,0.53,0.5038,0.5093,42031443.3
1709496000000,0.5094,0.511,0.4987,0.5016,24293331.9
1709510400000,0.5017,0.5426,0.5,0.5014,68295914.8
1709524800000,0.5013,0.5212,0.5002,0.5046,32240985.1
1709539200000,0.5047,0.5188,0.4922,0.5028,52187360.7
1709553600000,0.5029,0.5211,0.4841,0.5002,61862765.6
1709568000000,0.5002,0.5083,0.47,0.5066,70176863.7
1709582400000,0.5066,0.5183,0.487,0.4897,35458296.7
1709596800000,0.4897,0.5011,0.4766,0.4827,31052413.6
1709611200000,0.4828,0.5259,0.4764,0.491,75381375.9
1709625600000,0.491,0.5043,0.4862,0.4941,34051241.6
1709640000000,0.4942,0.5236,0.479,0.5051,79717768.0
1709654400000,0.5052,0.5261,0.4101,0.4426,227142361.9
1709668800000,0.4434,0.522,0.4421,0.5137,111265936.8
1709683200000,0.5136,0.5225,0.4767,0.482,45396115.5
1709697600000,0.4821,0.5412,0.4795,0.5259,63507230.4
1709712000000,0.5259,0.5311,0.4986,0.502,48334881.2
1709726400000,0.502,0.5029,0.481,0.4942,50918733.1
1709740800000,0.4943,0.5365,0.4918,0.5311,39406086.0
1709755200000,0.5311,0.5803,0.5156,0.5785,67018053.7
1709769600000,0.5788,0.5843,0.5559,0.5582,46661970.7
1709784000000,0.5582,0.5907,0.556,0.5777,41850210.8
1709798400000,0.5778,0.61,0.5676,0.5774,53945845.7
1709812800000,0.5774,0.6062,0.5656,0.5972,52377495.6
1709827200000,0.5971,0.6121,0.5785,0.5911,36946435.7
1709841600000,0.5912,0.6076,0.5828,0.6031,20619235.4
1709856000000,0.6032,0.64,0.599,0.6326,36318603.2
1709870400000,0.6324,0.6607,0.6134,0.6401,45855173.5
1709884800000,0.6401,0.6544,0.6254,0.635,40537157.5
1709899200000,0.6351,0.6388,0.5841,0.6189,49892659.4
1709913600000,0.6191,0.6376,0.59,0.5935,51011932.7
1709928000000,0.5936,0.6135,0.5935,0.6016,19257276.5
1709942400000,0.6016,0.6452,0.6016,0.6202,20331527.4
1709956800000,0.6202,0.6328,0.6138,0.6306,18183961.8
1709971200000,0.6307,0.636,0.6088,0.6198,23952918.5
1709985600000,0.6198,0.6451,0.6105,0.6188,38513813.6
1710000000000,0.6188,0.6224,0.61,0.6129,14803344.3
1710014400000,0.6129,0.6193,0.6051,0.6126,8817571.2
1710028800000,0.6127,0.6294,0.6032,0.6065,18719997.9
1710043200000,0.6065,0.613,0.5974,0.601,15417689.3
1710057600000,0.6011,0.6114,0.5888,0.5986,27039631.2
1710072000000,0.5986,0.602,0.5799,0.5836,23381215.1
1710086400000,0.5836,0.5976,0.5836,0.5919,8560639.6
1710100800000,0.5919,0.5994,0.568,0.599,16706146.6
1710115200000,0.5991,0.6029,0.5569,0.5892,29554752.9
1710129600000,0.5893,0.6071,0.5791,0.6019,18768243.6
1710144000000,0.6019,0.6147,0.5943,0.6021,20191232.9
1710158400000,0.6021,0.6175,0.5861,0.6013,25316567.4
1710172800000,0.6013,0.6126,0.59,0.6015,15669795.3
1710187200000,0.6015,0.6275,0.5991,0.6156,16382139.0
1710201600000,0.6157,0.6426,0.6075,0.6148,24970476.5
1710216000000,0.6149,0.6317,0.6007,0.6017,22028746.0
1710230400000,0.6018,0.6105,0.5802,0.5821,33009060.9
1710244800000,0.5821,0.5966,0.572,0.5861,40825119.1
1710259200000,0.5861,0.5943,0.5525,0.5907,40905316.1
1710273600000,0.5907,0.5918,0.5798,0.5871,12286299.8
1710288000000,0.5872,0.5965,0.581,0.5845,16143564.4
1710302400000,0.5846,0.5904,0.5761,0.5841,14641862.9
1710316800000,0.5842,0.5858,0.5725,0.5735,17021897.7
1710331200000,0.5735,0.5796,0.556,0.5593,31046940.8
1710345600000,0.5593,0.5747,0.557,0.57,15111120.7
1710360000000,0.5699,0.574,0.5613,0.5692,8902297.9
1710374400000,0.5693,0.5749,0.5552,0.5596,19504976.2
1710388800000,0.5596,0.5597,0.5342,0.5424,36971198.6
1710403200000,0.5424,0.5524,0.5382,0.5458,24747053.9
1710417600000,0.5457,0.5496,0.5173,0.5265,58967135.6
1710432000000,0.5267,0.558,0.5116,0.5311,79811588.7
1710446400000,0.5312,0.56,0.5311,0.5537,24253503.3
1710460800000,0.5537,0.5621,0.491,0.5197,56264654.1
1710475200000,0.5197,0.5246,0.5024,0.5087,35867021.8
1710489600000,0.5088,0.5113,0.47,0.4973,73830119.5
1710504000000,0.4974,0.5103,0.4925,0.4953,26095350.4
1710518400000,0.4953,0.5254,0.4902,0.5093,26593048.6
1710532800000,0.5092,0.5244,0.491,0.5203,20068317.8
1710547200000,0.5204,0.5273,0.5137,0.5201,16818597.3
1710561600000,0.52,0.5385,0.5023,0.5378,20934668.8
1710576000000,0.538,0.543,0.5154,0.5206,22310879.3
1710590400000,0.5205,0.5205,0.4886,0.51,30045138.7
1710604800000,0.51,0.5101,0.455,0.47,46374745.3
1710619200000,0.47,0.4814,0.4585,0.4707,29376524.8
1710633600000,0.4707,0.5012,0.4612,0.4867,28351803.7
1710648000000,0.4868,0.487,0.4444,0.4583,35695808.2
1710662400000,0.4583,0.485,0.4562,0.4776,27869853.1
1710676800000,0.4776,0.4941,0.4672,0.4932,25504576.4
1710691200000,0.4931,0.4969,0.4869,0.4964,15370861.5
1710705600000,0.4963,0.5025,0.4887,0.4919,12480646.7
1710720000000,0.492,0.4932,0.4714,0.4851,16453710.1
1710734400000,0.4851,0.5004,0.477,0.491,13772372.7
1710748800000,0.4911,0.4912,0.4711,0.4785,16878216.5
1710763200000,0.4785,0.4803,0.4464,0.454,30039451.7
1710777600000,0.4539,0.4587,0.4378,0.4435,23549368.2
1710792000000,0.4437,0.4549,0.4413,0.4446,13685141.9
1710806400000,0.4445,0.4503,0.4026,0.4158,57086406.3
1710820800000,0.4157,0.42,0.3849,0.4144,46411020.6
1710835200000,0.4144,0.4207,0.3946,0.4203,47216239.4
1710849600000,0.4202,0.4404,0.4116,0.4388,37599131.4
1710864000000,0.4388,0.5236,0.4296,0.514,183598592.4
1710878400000,0.5139,0.53,0.483,0.5107,185782665.5
1710892800000,0.5106,0.5442,0.5055,0.5154,150198088.4
1710907200000,0.5154,0.5493,0.4776,0.5404,187690724.2
1710921600000,0.5404,0.6035,0.539,0.5937,294566423.5
1710936000000,0.5936,0.6221,0.5676,0.569,286142444.6
1710950400000,0.5689,0.6012,0.5402,0.5869,229924115.2
1710964800000,0.5869,0.67,0.5783,0.6573,119617889.2
1710979200000,0.6574,0.785,0.642,0.7098,245112691.0
1710993600000,0.7098,0.7412,0.6812,0.736,151044748.0
1711008000000,0.736,0.8276,0.7334,0.8075,200053433.8
1711022400000,0.8075,0.8125,0.7603,0.8032,139394879.3
1711036800000,0.8031,0.8032,0.7302,0.7491,129127399.6
1711051200000,0.749,0.7681,0.7322,0.7483,70600653.0
1711065600000,0.7483,0.7816,0.7092,0.725,117665094.7
1711080000000,0.725,0.7326,0.7063,0.7122,54351730.2
1711094400000,0.7123,0.7424,0.6889,0.7052,79370020.3
1711108800000,0.7051,0.7686,0.6628,0.7656,149023485.2
1711123200000,0.7658,0.799,0.7121,0.7523,139971288.7
1711137600000,0.7523,0.7603,0.7073,0.7403,63797551.6
1711152000000,0.7404,0.7413,0.6891,0.6925,61716586.3
1711166400000,0.6925,0.7121,0.688,0.7075,52594161.4
1711180800000,0.7075,0.7202,0.6843,0.6939,57832580.3
1711195200000,0.694,0.7375,0.6835,0.737,64408156.3
1711209600000,0.7371,0.7513,0.7011,0.7172,77097460.5
1711224000000,0.7172,0.7332,0.7,0.7032,28857045.4
1711238400000,0.7032,0.7446,0.7031,0.719,49391441.7
1711252800000,0.719,0.769,0.7001,0.7339,84901473.4
1711267200000,0.7338,0.8004,0.7275,0.7895,124502775.2
1711281600000,0.7896,0.8425,0.7597,0.8166,132341065.4
1711296000000,0.8166,0.8534,0.792,0.8442,113154078.7
1711310400000,0.8442,0.8885,0.8286,0.8757,88387300.4
1711324800000,0.8759,0.9538,0.8436,0.9463,143230064.0
1711339200000,0.9463,0.9799,0.911,0.9299,166322115.5
1711353600000,0.9298,0.9523,0.8908,0.8945,128338381.8
1711368000000,0.8944,0.948,0.8638,0.9377,152263047.6
1711382400000,0.9379,0.9464,0.9021,0.9204,86353376.6
1711396800000,0.9203,0.9499,0.892,0.9292,67199984.8
1711411200000,0.9292,0.9526,0.9094,0.9168,92429321.7
1711425600000,0.9168,0.9981,0.912,0.9351,139991695.5
1711440000000,0.9352,0.9447,0.9022,0.9123,68524889.6
1711454400000,0.9124,0.9213,0.8673,0.8815,121407711.4
1711468800000,0.8816,0.8955,0.842,0.8683,95813528.8
1711483200000,0.8684,0.8865,0.8573,0.8781,33382847.2
1711497600000,0.878,0.9433,0.865,0.9131,76194458.1
1711512000000,0.9131,0.9222,0.8672,0.8758,57786056.9
1711526400000,0.8759,0.9095,0.8301,0.8723,121613978.7
1711540800000,0.8723,0.9121,0.8432,0.8472,132815095.7
1711555200000,0.8473,0.9516,0.847,0.8747,186646443.3
1711569600000,0.8746,0.9039,0.8581,0.8655,54055555.1
1711584000000,0.8656,0.8909,0.8502,0.8897,60906920.2
1711598400000,0.8896,0.9444,0.8892,0.9344,88509221.9
1711612800000,0.9345,0.9655,0.8996,0.9015,111235177.5
1711627200000,0.9017,0.9201,0.8817,0.8985,71227449.9
1711641600000,0.8985,0.95,0.8885,0.9358,58101569.2
1711656000000,0.9359,0.9371,0.9046,0.9143,26765509.0
1711670400000,0.9141,0.943,0.8833,0.8961,64861152.3
1711684800000,0.8963,0.9093,0.875,0.8828,50300484.8
1711699200000,0.8828,0.897,0.8704,0.8819,38734116.9
1711713600000,0.8818,0.9039,0.8604,0.8752,55042432.5
1711728000000,0.8753,0.91,0.8749,0.8938,39344743.4
1711742400000,0.8937,0.9026,0.8751,0.8781,22609895.2
1711756800000,0.8781,0.9051,0.8687,0.8933,33424065.9
1711771200000,0.8934,0.928,0.8868,0.8962,50390119.2
1711785600000,0.8962,0.9382,0.8802,0.9346,60645154.8
1711800000000,0.9344,0.9486,0.9035,0.9042,71928196.7
1711814400000,0.9043,0.9244,0.8986,0.919,35765062.5
1711828800000,0.919,0.9194,0.8881,0.8979,27463036.9
1711843200000,0.8977,0.9171,0.8903,0.8924,29435182.2
1711857600000,0.8924,0.9,0.8899,0.8979,23004123.9
1711872000000,0.8979,0.9223,0.8916,0.921,47788278.8
1711886400000,0.921,0.9476,0.8965,0.9298,77089449.5
1711900800000,0.9299,1.049,0.924,1.037,176298635.4
1711915200000,1.0372,1.0578,0.9678,0.9775,84476602.7
1711929600000,0.9776,0.9846,0.9211,0.9232,58913823.6
1711944000000,0.9233,0.9349,0.8278,0.8939,108664694.1
1711958400000,0.8938,0.9385,0.8846,0.9027,77183537.7
1711972800000,0.9028,0.9091,0.85,0.8665,79777758.8
1711987200000,0.8664,0.8782,0.8401,0.8758,56753965.7
1712001600000,0.8758,0.9126,0.8667,0.901,35143897.4
1712016000000,0.9013,0.9034,0.8094,0.8399,88916865.1
1712030400000,0.8401,0.8511,0.816,0.8162,51981490.1
1712044800000,0.8161,0.8187,0.7711,0.8054,86115647.4
1712059200000,0.8053,0.8459,0.7915,0.8102,77641504.2
1712073600000,0.8105,0.8398,0.7952,0.8118,50675683.4
1712088000000,0.8118,0.8137,0.7865,0.7952,32312709.8
1712102400000,0.7951,0.8261,0.7503,0.7929,78149363.2
1712116800000,0.7928,0.8313,0.79,0.8137,37585290.3
1712131200000,0.8137,0.8392,0.8058,0.8141,57729101.1
1712145600000,0.8142,0.8363,0.7925,0.8027,50650546.2
1712160000000,0.8028,0.832,0.7802,0.8006,43233880.6
1712174400000,0.8007,0.8166,0.777,0.8019,29194737.2
1712188800000,0.8017,0.8082,0.7605,0.764,34434299.4
1712203200000,0.764,0.7793,0.7506,0.7741,32357663.3
1712217600000,0.7742,0.815,0.7712,0.8041,34112204.2
1712232000000,0.804,0.8496,0.8003,0.8446,65068520.1
1712246400000,0.8446,0.8488,0.8133,0.816,44611582.8
1712260800000,0.8162,0.8172,0.78,0.8072,39073264.5
1712275200000,0.8072,0.8134,0.7701,0.786,32282227.0
1712289600000,0.786,0.7926,0.7614,0.7685,32813090.3
1712304000000,0.7685,0.7784,0.7355,0.7386,46709282.3
1712318400000,0.7386,0.7798,0.7351,0.7743,57418485.2
1712332800000,0.7741,0.7907,0.7736,0.7799,28970011.0
1712347200000,0.7798,0.8002,0.7716,0.7731,17817037.3
1712361600000,0.773,0.7986,0.7639,0.7969,21754244.4
1712376000000,0.7971,0.8131,0.7875,0.8053,24114377.7
1712390400000,0.8051,0.8334,0.7961,0.7986,29235696.2
1712404800000,0.7985,0.8122,0.7933,0.8073,20238586.1
1712419200000,0.8072,0.8117,0.7929,0.798,16877827.5
1712433600000,0.7979,0.8157,0.795,0.7986,13917890.4
1712448000000,0.7987,0.8376,0.796,0.8346,21528469.2
1712462400000,0.8347,0.8536,0.8238,0.8356,27285436.8
1712476800000,0.8355,0.8386,0.808,0.8137,21571471.2
1712491200000,0.8137,0.822,0.8035,0.8044,18901983.2
1712505600000,0.8044,0.82,0.795,0.7971,20075126.5
1712520000000,0.7971,0.8092,0.7815,0.8051,20197994.2
1712534400000,0.805,0.8062,0.783,0.7911,24704123.5
1712548800000,0.7912,0.8192,0.7837,0.8178,26853392.6
1712563200000,0.8179,0.8362,0.814,0.8235,38793999.5
1712577600000,0.8233,0.8315,0.8101,0.8273,27886395.2
1712592000000,0.8273,0.8423,0.8226,0.8353,18429742.5
1712606400000,0.8354,0.8649,0.8269,0.8443,17199794.0
1712620800000,0.8444,0.8474,0.8158,0.8171,22312670.3
1712635200000,0.8171,0.8261,0.7879,0.796,36352775.4
1712649600000,0.7961,0.805,0.7794,0.8028,34277283.8
1712664000000,0.8027,0.8039,0.7588,0.7729,38872512.3
1712678400000,0.7729,0.7744,0.754,0.769,21375991.1
1712692800000,0.7689,0.773,0.7547,0.7599,11437535.4
1712707200000,0.7599,0.7683,0.7361,0.7544,33529638.3
1712721600000,0.7544,0.787,0.7512,0.781,21488968.9
1712736000000,0.7809,0.7886,0.7581,0.7659,26304625.4
1712750400000,0.7659,0.7699,0.7188,0.7551,65770767.0
1712764800000,0.7551,0.7898,0.7513,0.777,28187109.2
1712779200000,0.7772,0.7872,0.767,0.7764,15636205.3
1712793600000,0.7764,0.7803,0.7657,0.7717,13084138.9
1712808000000,0.7716,0.7957,0.7632,0.7859,18366415.1
1712822400000,0.786,0.793,0.7477,0.7503,22801128.1
1712836800000,0.7503,0.7782,0.7419,0.7559,37424181.3
1712851200000,0.7559,0.7792,0.7399,0.7765,22885010.1
1712865600000,0.7766,0.846,0.7726,0.8211,88918700.8
1712880000000,0.8212,0.8593,0.8035,0.838,58759432.1
1712894400000,0.838,0.8497,0.8133,0.8203,45594478.9
1712908800000,0.8204,0.8211,0.7789,0.7855,44481271.5
1712923200000,0.7856,0.7898,0.745,0.7646,69453987.1
1712937600000,0.7646,0.7701,0.5517,0.6803,236772805.1
1712952000000,0.6802,0.7131,0.6774,0.6987,63308518.9
1712966400000,0.6987,0.7296,0.6356,0.7223,87636530.5
1712980800000,0.7223,0.7681,0.7114,0.7654,62892214.1
1712995200000,0.7654,0.843,0.7608,0.8263,122078262.8
1713009600000,0.8264,0.8366,0.7718,0.8013,138398505.5
1713024000000,0.8012,0.8134,0.6464,0.713,221748273.1
1713038400000,0.7128,0.8236,0.6011,0.772,371898562.2
1713052800000,0.772,0.79,0.6965,0.7361,173420816.9
1713067200000,0.7363,0.8141,0.72,0.8066,121107677.6
1713081600000,0.8066,0.8379,0.7936,0.8034,115545371.6
1713096000000,0.8033,0.8294,0.7848,0.7947,124458618.2
1713110400000,0.7947,0.8423,0.7669,0.8097,133451381.4
1713124800000,0.8098,0.9407,0.7917,0.9026,121463161.0
1713139200000,0.9026,0.9049,0.8552,0.8727,94783090.7
1713153600000,0.8728,1.0306,0.8689,0.9836,201332167.1
1713168000000,0.9835,1.0001,0.9332,0.9397,86863300.4
1713182400000,0.9397,0.978,0.8946,0.9444,158004735.5
1713196800000,0.9443,0.9518,0.8503,0.8765,151729033.2
1713211200000,0.8766,0.8943,0.832,0.8601,87148483.2
1713225600000,0.8602,0.8812,0.8165,0.8273,113211184.2
1713240000000,0.8273,0.8797,0.7872,0.8547,135239549.8
1713254400000,0.8547,0.889,0.8199,0.8595,144280413.5
1713268800000,0.8595,0.8645,0.7632,0.7688,154336961.0
1713283200000,0.7688,0.8132,0.7638,0.7764,115481997.2
1713297600000,0.7763,0.8424,0.7747,0.8227,72129366.2
1713312000000,0.8227,0.8465,0.796,0.8051,65682511.3
1713326400000,0.8051,0.8455,0.7866,0.798,78096889.1
1713340800000,0.7978,0.8873,0.7975,0.8188,139646498.8
1713355200000,0.8187,0.833,0.7679,0.7763,134600555.8
1713369600000,0.7764,0.8416,0.7681,0.8153,111724381.9
1713384000000,0.8152,0.8313,0.7921,0.7959,53045494.9
1713398400000,0.7958,0.8016,0.774,0.7942,64516304.9
1713412800000,0.7942,0.8085,0.7405,0.7453,82810148.2
1713427200000,0.7454,0.7939,0.7396,0.7756,71979699.2
1713441600000,0.7756,0.8272,0.7511,0.8165,117557066.9
1713456000000,0.8165,0.8384,0.7851,0.8033,79845875.2
1713470400000,0.8033,0.805,0.7626,0.7661,39288929.1
1713484800000,0.7662,0.7679,0.6898,0.7392,134085984.3
1713499200000,0.7393,0.8,0.7376,0.7796,83234020.3
1713513600000,0.7796,0.8044,0.7725,0.7834,62378037.7
1713528000000,0.7833,0.7978,0.7607,0.7836,65519661.9
1713542400000,0.7836,0.7904,0.7613,0.7682,61462257.0
1713556800000,0.7683,0.7753,0.7315,0.7472,48582757.7
1713571200000,0.7473,0.7573,0.7308,0.7414,39282852.5
1713585600000,0.7414,0.7643,0.7384,0.7566,29790542.5
1713600000000,0.7567,0.764,0.7463,0.7521,30285113.9
1713614400000,0.7522,0.7928,0.75,0.7926,55202988.9
1713628800000,0.7927,0.8178,0.7845,0.8128,53865226.5
1713643200000,0.8129,0.8318,0.802,0.8226,26743096.5
1713657600000,0.8226,0.8498,0.7997,0.8238,47544443.6
1713672000000,0.8237,0.847,0.8164,0.839,33023138.0
1713686400000,0.8391,0.8517,0.816,0.8333,43990818.3
1713700800000,0.8332,0.8358,0.8092,0.8223,33871535.2
1713715200000,0.8223,0.8429,0.802,0.8108,59873619.7
1713729600000,0.8109,0.8218,0.8059,0.8117,22136101.3
1713744000000,0.8117,0.8296,0.805,0.8213,36522399.9
1713758400000,0.8212,0.8695,0.8166,0.8174,61278536.3
1713772800000,0.8175,0.8295,0.8091,0.8175,35151936.5
1713787200000,0.8175,0.825,0.7868,0.8026,45061199.5
1713801600000,0.8027,0.8109,0.7917,0.7998,26830478.8
1713816000000,0.7997,0.8051,0.7831,0.787,23142609.1
1713830400000,0.7871,0.801,0.7763,0.7777,29464374.7
1713844800000,0.7777,0.781,0.7611,0.7666,40760637.0
1713859200000,0.7665,0.8498,0.7598,0.8177,175433849.3
1713873600000,0.8177,0.8503,0.8082,0.8317,88232149.0
1713888000000,0.8318,0.8375,0.8032,0.8108,37382558.1
1713902400000,0.8108,0.8136,0.7963,0.8011,24024830.6
1713916800000,0.801,0.8612,0.8003,0.8464,80415651.7
1713931200000,0.8464,0.8988,0.8427,0.8817,81924938.7
1713945600000,0.8817,0.9273,0.8541,0.9151,67375982.1
1713960000000,0.9152,0.9273,0.8586,0.8655,105304035.1
1713974400000,0.8654,0.8792,0.844,0.8611,61748839.2
1713988800000,0.8611,0.8643,0.8219,0.8378,60739867.0
1714003200000,0.8378,0.8538,0.8102,0.8161,62994830.1
1714017600000,0.8162,0.8411,0.805,0.8288,48618680.4
1714032000000,0.8289,0.8425,0.8088,0.8149,46236267.4
1714046400000,0.815,0.8458,0.7934,0.8433,69521040.7
1714060800000,0.8432,0.86,0.8362,0.8428,40511385.5
1714075200000,0.8428,0.8492,0.8125,0.8137,23947033.1
1714089600000,0.8136,0.8169,0.7954,0.7982,37213240.3
1714104000000,0.7981,0.8045,0.7872,0.7947,32631093.9
1714118400000,0.7948,0.8018,0.78,0.7902,30302626.7
1714132800000,0.7901,0.81,0.775,0.7835,48209000.9
1714147200000,0.7836,0.7949,0.779,0.7855,20119903.7
1714161600000,0.7854,0.7942,0.7653,0.7697,21150208.4
1714176000000,0.7697,0.7762,0.7314,0.7693,54407834.0
1714190400000,0.7693,0.7769,0.7621,0.7698,21640362.3
1714204800000,0.7698,0.7812,0.7508,0.7607,28563475.3
1714219200000,0.7606,0.7752,0.7553,0.7597,22048937.8
1714233600000,0.7597,0.7938,0.7575,0.7836,30335294.4
1714248000000,0.7836,0.8,0.7755,0.7942,15306622.4
1714262400000,0.7941,0.8286,0.7941,0.8161,34554788.2
1714276800000,0.8161,0.8262,0.8074,0.8159,22069011.4
1714291200000,0.8159,0.8199,0.7914,0.7954,24688875.9
1714305600000,0.7954,0.8107,0.7936,0.7971,18689902.3
1714320000000,0.7971,0.8078,0.7967,0.8005,11827352.4
1714334400000,0.8005,0.8023,0.77,0.7738,21286315.2
1714348800000,0.7737,0.7883,0.7621,0.7633,22392358.7
1714363200000,0.7635,0.7765,0.752,0.7608,25988132.7
1714377600000,0.7607,0.772,0.75,0.7642,24321533.0
1714392000000,0.7642,0.7778,0.7522,0.7667,28895259.5
1714406400000,0.7667,0.7702,0.7542,0.7648,16568701.1
1714420800000,0.7649,0.7969,0.759,0.7829,21593400.0
1714435200000,0.783,0.8015,0.7678,0.7814,25015850.7
1714449600000,0.7813,0.7846,0.7653,0.77,16249331.8
1714464000000,0.7699,0.7726,0.722,0.7264,42312776.9
1714478400000,0.7265,0.7294,0.7016,0.7101,54905620.4
1714492800000,0.7102,0.7233,0.696,0.7156,34823536.7
1714507200000,0.7156,0.7676,0.7153,0.7454,41432659.0
1714521600000,0.7453,0.7497,0.7211,0.7399,30779942.1
1714536000000,0.7399,0.7436,0.6941,0.7113,47983436.3
1714550400000,0.7113,0.7461,0.702,0.7434,49931969.6
1714564800000,0.7433,0.7596,0.7215,0.7287,48879561.8
1714579200000,0.7287,0.7896,0.7221,0.7465,68916909.7
1714593600000,0.7466,0.7717,0.7413,0.7683,21031269.5
1714608000000,0.7684,0.7747,0.7381,0.748,30273902.4
1714622400000,0.748,0.7505,0.7319,0.7442,19367652.4
1714636800000,0.7441,0.7868,0.7421,0.781,34082918.4
1714651200000,0.781,0.7991,0.777,0.7917,44634670.7
1714665600000,0.7918,0.8012,0.7827,0.7945,25267249.2
1714680000000,0.7946,0.817,0.7859,0.8043,26905932.4
1714694400000,0.8044,0.8427,0.8044,0.8284,44834807.8
1714708800000,0.8284,0.8339,0.788,0.7913,36755360.2
1714723200000,0.7914,0.808,0.7887,0.7945,23610688.9
1714737600000,0.7946,0.8374,0.7858,0.8231,55595922.6
1714752000000,0.8232,0.8333,0.812,0.8201,20815457.4
1714766400000,0.8201,0.8353,0.8173,0.8245,16955544.5
1714780800000,0.8244,0.8534,0.8233,0.8291,29184270.8
1714795200000,0.829,0.8324,0.8119,0.8185,21465836.8
1714809600000,0.8185,0.838,0.8177,0.8254,21334324.9
1714824000000,0.8254,0.8292,0.813,0.8193,19838918.4
1714838400000,0.8194,0.8269,0.815,0.8234,11677349.0
1714852800000,0.8235,0.8296,0.8053,0.807,14751336.1
1714867200000,0.807,0.8144,0.7937,0.8024,20634078.7
1714881600000,0.8025,0.8113,0.7947,0.8062,13418847.7
1714896000000,0.8061,0.8223,0.805,0.8131,14965330.3
1714910400000,0.8131,0.8367,0.8017,0.8362,27816970.7
1714924800000,0.8362,0.85,0.8266,0.829,30970135.2
1714939200000,0.829,0.8621,0.819,0.8533,26613221.1
1714953600000,0.8532,0.8685,0.836,0.8484,32073732.1
1714968000000,0.8484,0.8925,0.8421,0.8906,31799074.2
1714982400000,0.8908,0.9,0.8499,0.8642,55575385.0
1714996800000,0.8642,0.8676,0.82,0.8385,63477642.6
1715011200000,0.8385,0.8437,0.8135,0.8285,30341160.6
1715025600000,0.8287,0.844,0.8262,0.8303,15812046.7
1715040000000,0.8303,0.855,0.8207,0.829,28800818.5
1715054400000,0.8291,0.8355,0.8226,0.8283,15176232.1
1715068800000,0.8284,0.8502,0.8254,0.8308,31019347.3
1715083200000,0.8309,0.845,0.8165,0.8346,26464522.2
1715097600000,0.8345,0.8388,0.8077,0.8143,19400284.0
1715112000000,0.8142,0.817,0.7943,0.7961,24405409.8
1715126400000,0.796,0.8057,0.783,0.8005,23715522.3
1715140800000,0.8005,0.8049,0.7824,0.7857,22388310.7
1715155200000,0.7857,0.7941,0.78,0.7864,18352831.0
1715169600000,0.7863,0.8037,0.7755,0.787,34258649.5
1715184000000,0.7868,0.8005,0.777,0.7868,19991688.1
1715198400000,0.7868,0.7915,0.7602,0.7678,33800977.5
1715212800000,0.7679,0.791,0.7667,0.7876,16159912.0
1715227200000,0.7876,0.7991,0.7806,0.785,19643339.3
1715241600000,0.7849,0.7888,0.7617,0.7734,21849660.0
1715256000000,0.7733,0.7972,0.7681,0.795,25041649.3
1715270400000,0.7949,0.8051,0.7872,0.8024,18654645.0
1715284800000,0.8023,0.8214,0.7979,0.8169,18046283.2
1715299200000,0.8168,0.8307,0.8121,0.8264,17892760.6
1715313600000,0.8264,0.8305,0.8141,0.8216,15043462.7
1715328000000,0.8216,0.8359,0.8142,0.8343,17366201.3
1715342400000,0.8345,0.8408,0.7914,0.805,46462387.5
1715356800000,0.8048,0.8249,0.793,0.8091,47225423.3
1715371200000,0.8092,0.813,0.7991,0.8036,14539251.9
1715385600000,0.8036,0.8328,0.7985,0.7994,26470488.8
1715400000000,0.7994,0.8133,0.7986,0.8095,12144040.2
1715414400000,0.8096,0.8125,0.7853,0.7885,18650944.8
1715428800000,0.7885,0.8126,0.786,0.8071,22494491.4
1715443200000,0.8071,0.8195,0.7983,0.8004,15985040.9
1715457600000,0.8003,0.801,0.7853,0.7876,11750114.2
1715472000000,0.7875,0.7935,0.7815,0.7849,11118915.0
1715486400000,0.7849,0.7939,0.778,0.7813,14435262.0
1715500800000,0.7812,0.796,0.7801,0.7913,12026519.5
1715515200000,0.7913,0.8028,0.7896,0.7982,13217362.4
1715529600000,0.7981,0.809,0.7897,0.7921,15324334.4
1715544000000,0.7921,0.7921,0.7832,0.7844,7625285.9
1715558400000,0.7843,0.7939,0.7465,0.7615,34116552.5
1715572800000,0.7614,0.7798,0.7494,0.7783,19596056.4
1715587200000,0.7783,0.7951,0.7685,0.7726,28030060.8
1715601600000,0.7728,0.7859,0.7697,0.7786,20864318.0
1715616000000,0.7786,0.7975,0.7629,0.7749,24327721.9
1715630400000,0.7747,0.7772,0.7654,0.7704,8811699.3
1715644800000,0.7703,0.7731,0.7543,0.7579,13946668.7
1715659200000,0.7578,0.7668,0.7465,0.7602,18208217.9
1715673600000,0.7603,0.7632,0.7533,0.7562,10728103.4
1715688000000,0.756,0.762,0.7349,0.7471,29557893.6
1715702400000,0.7472,0.7486,0.7253,0.7412,16438626.7
1715716800000,0.7413,0.7454,0.7304,0.7335,7533340.1
1715731200000,0.7335,0.7556,0.7291,0.7496,11751342.3
1715745600000,0.7496,0.7548,0.7446,0.7528,9226836.8
1715760000000,0.7527,0.7636,0.7429,0.7498,17203521.1
1715774400000,0.75,0.819,0.7477,0.8064,72602911.7
1715788800000,0.8066,0.847,0.8018,0.8375,43300034.0
1715803200000,0.8373,0.8479,0.828,0.8429,22305493.3
1715817600000,0.8428,0.8513,0.8298,0.8378,18608322.9
1715832000000,0.8377,0.878,0.8355,0.8531,29546686.6
1715846400000,0.853,0.8743,0.8413,0.8709,30039680.7
1715860800000,0.8708,0.875,0.8326,0.8414,49653871.8
1715875200000,0.8414,0.8482,0.8233,0.8407,24346379.4
1715889600000,0.8409,0.8688,0.8351,0.866,16361441.9
1715904000000,0.8662,0.8822,0.8536,0.8731,28271565.8
1715918400000,0.8731,0.9441,0.8651,0.9327,55890089.8
1715932800000,0.9327,0.9613,0.9263,0.9542,76504139.6
1715947200000,0.9542,0.98,0.9188,0.9348,82602519.8
1715961600000,0.9347,0.9657,0.9307,0.943,49384315.7
1715976000000,0.9429,0.9651,0.9346,0.953,25517326.2
1715990400000,0.953,1.024,0.9527,1.0134,68725683.7
1716004800000,1.0134,1.0433,0.992,1.0273,82999112.9
1716019200000,1.0274,1.0336,0.9718,0.9741,53026885.1
1716033600000,0.974,0.986,0.9404,0.9568,58682482.7
1716048000000,0.9566,0.9586,0.9242,0.9308,34394101.2
1716062400000,0.9308,0.9348,0.9203,0.9331,19008823.5
1716076800000,0.9331,0.9475,0.9268,0.9445,28085802.4
1716091200000,0.9445,0.9765,0.9385,0.9574,42713489.9
1716105600000,0.9573,0.9722,0.9259,0.9403,35642748.8
1716120000000,0.9403,0.9403,0.8954,0.9169,58889703.8
1716134400000,0.9168,0.9248,0.8953,0.9126,28196356.2
1716148800000,0.9127,0.9167,0.8952,0.8971,13487393.5
1716163200000,0.8972,0.93,0.8771,0.9197,40257777.9
1716177600000,0.9197,0.955,0.9188,0.9313,45195932.2
1716192000000,0.9313,0.9368,0.9154,0.9252,24369949.6
1716206400000,0.9252,0.9396,0.9051,0.9376,30253005.2
1716220800000,0.9377,0.9806,0.9271,0.9772,59107903.1
1716235200000,0.9773,0.983,0.9394,0.9727,50527774.1
1716249600000,0.9727,0.978,0.9281,0.9336,37066607.3
1716264000000,0.9336,0.9569,0.9302,0.9467,25751977.5
1716278400000,0.9466,0.96,0.9366,0.9481,29299781.4
1716292800000,0.9481,0.9486,0.9116,0.915,46742931.1
1716307200000,0.915,0.9396,0.9132,0.9242,21522710.1
1716321600000,0.9243,0.9497,0.9238,0.9378,14818198.2
1716336000000,0.9379,0.9506,0.9283,0.9386,17138017.2
1716350400000,0.9387,0.9465,0.9066,0.9277,25237264.1
1716364800000,0.9276,0.9303,0.91,0.9101,15352021.0
1716379200000,0.91,0.9415,0.8944,0.9355,35698904.0
1716393600000,0.9355,0.954,0.9222,0.9373,30459593.4
1716408000000,0.9373,0.9599,0.9207,0.9338,27267638.5
1716422400000,0.9337,0.9733,0.9232,0.9669,27906357.8
1716436800000,0.9668,1.0027,0.9538,0.988,43628340.5
1716451200000,0.9881,0.9981,0.9725,0.9794,40370588.7
1716465600000,0.9795,1.0024,0.94,0.962,72054874.4
1716480000000,0.9619,0.9711,0.94,0.9456,25480159.1
1716494400000,0.9456,1.0779,0.9103,1.0732,103310387.7
1716508800000,1.0732,1.1639,1.0631,1.0957,123727420.9
1716523200000,1.0956,1.1346,1.0483,1.0704,76041478.6
1716537600000,1.0704,1.1333,1.0608,1.1322,59911143.1
1716552000000,1.1322,1.1587,1.087,1.0939,100103411.0
1716566400000,1.0939,1.1294,1.0811,1.1266,39612178.3
1716580800000,1.1266,1.1729,1.105,1.1448,46524229.5
1716595200000,1.1448,1.2281,1.1436,1.1948,82918409.5
1716609600000,1.1948,1.2388,1.1831,1.2021,59609383.6
1716624000000,1.2023,1.2511,1.194,1.2406,73175810.4
1716638400000,1.2405,1.2448,1.1925,1.1982,52797099.5
1716652800000,1.1984,1.2049,1.1759,1.1883,34255764.6
1716667200000,1.1884,1.2441,1.1839,1.2434,28947035.4
1716681600000,1.2434,1.3319,1.2369,1.311,87740793.0
1716696000000,1.311,1.3271,1.28,1.2941,57590578.2
1716710400000,1.294,1.3133,1.2601,1.2758,45598421.9
1716724800000,1.2759,1.2949,1.2594,1.2768,47553341.7
1716739200000,1.277,1.298,1.2675,1.2928,29466031.9
1716753600000,1.2928,1.2932,1.221,1.2219,30301534.3
1716768000000,1.2224,1.2582,1.2224,1.2301,30021799.0
1716782400000,1.2302,1.2447,1.1869,1.2105,34327189.3
1716796800000,1.2106,1.2181,1.19,1.2157,25572009.9
1716811200000,1.2156,1.2835,1.2072,1.2778,43357056.1
1716825600000,1.2779,1.2851,1.2235,1.2302,31229041.8
1716840000000,1.2303,1.2586,1.2184,1.2214,14561180.5
1716854400000,1.2213,1.2486,1.1737,1.1878,31079547.3
1716868800000,1.1877,1.2535,1.1825,1.2361,33054257.1
1716883200000,1.2363,1.2571,1.214,1.2161,24583234.2
1716897600000,1.2162,1.2378,1.2019,1.2304,31471614.1
1716912000000,1.2303,1.2791,1.217,1.274,25909764.1
1716926400000,1.2741,1.2769,1.239,1.2515,15283321.0
1716940800000,1.2516,1.2925,1.2512,1.2784,22389906.3
1716955200000,1.2785,1.2807,1.2536,1.256,19153740.3
1716969600000,1.2561,1.262,1.2134,1.2212,29710603.0
1716984000000,1.2212,1.2227,1.1854,1.187,37317700.0
1716998400000,1.1869,1.195,1.16,1.1636,17488676.6
1717012800000,1.1636,1.1794,1.1533,1.1659,16894279.0
1717027200000,1.166,1.1947,1.1659,1.1886,15672373.4
1717041600000,1.1885,1.1893,1.1085,1.1163,35971276.1
1717056000000,1.1167,1.1528,1.1053,1.1383,22160822.3
1717070400000,1.138,1.2048,1.138,1.1827,31995585.0
1717084800000,1.1826,1.2422,1.1822,1.219,33459392.2
1717099200000,1.2191,1.2196,1.1752,1.1802,16173569.2
1717113600000,1.1803,1.2091,1.1795,1.1844,14308623.3
1717128000000,1.1845,1.199,1.1593,1.1771,23414755.8
1717142400000,1.1771,1.24,1.1761,1.2161,27707015.1
1717156800000,1.2162,1.2635,1.2037,1.2078,41669178.8
1717171200000,1.2078,1.2673,1.1857,1.2531,29228201.5
1717185600000,1.2532,1.2656,1.2406,1.2437,16265401.9
1717200000000,1.2437,1.2554,1.2267,1.2432,13335275.7
1717214400000,1.2431,1.259,1.232,1.2566,13033843.4
1717228800000,1.2565,1.2785,1.2464,1.2638,25288488.7
1717243200000,1.2641,1.357,1.2564,1.3342,44706812.1
1717257600000,1.3344,1.3807,1.325,1.3555,48198503.1
1717272000000,1.3555,1.4198,1.3553,1.4109,27659411.5
1717286400000,1.4107,1.4557,1.3785,1.3823,59530314.9
1717300800000,1.3822,1.4048,1.372,1.3924,25346812.4
1717315200000,1.3925,1.398,1.3315,1.3578,33960259.9
1717329600000,1.3576,1.3685,1.3309,1.3557,25120345.5
1717344000000,1.3557,1.3815,1.3386,1.3556,25052504.5
1717358400000,1.3556,1.3826,1.3386,1.3773,14231814.7
1717372800000,1.3774,1.4366,1.3711,1.416,30293587.3
1717387200000,1.4162,1.4444,1.3867,1.4258,27894855.6
1717401600000,1.426,1.4859,1.4162,1.4184,33007053.0
1717416000000,1.4185,1.4304,1.3672,1.3957,31145351.8
1717430400000,1.3957,1.3962,1.3548,1.3587,16819774.7
1717444800000,1.3588,1.3757,1.35,1.3713,11878089.3
1717459200000,1.3712,1.4437,1.3678,1.4236,27348138.8
1717473600000,1.4237,1.4532,1.3991,1.4068,29879030.7
1717488000000,1.4069,1.4196,1.3855,1.4046,17186412.1
1717502400000,1.4047,1.44,1.3883,1.4362,21017343.7
1717516800000,1.4362,1.4484,1.4147,1.4323,17017493.4
1717531200000,1.4324,1.4737,1.404,1.4487,19560356.4
1717545600000,1.4488,1.4644,1.4069,1.4126,24545225.8
1717560000000,1.4125,1.4366,1.4057,1.4171,15871799.8
1717574400000,1.4168,1.4199,1.373,1.3933,30206689.1
1717588800000,1.3933,1.4065,1.373,1.403,20353779.6
1717603200000,1.403,1.4156,1.3762,1.3972,15275970.4
1717617600000,1.397,1.3974,1.3791,1.3814,9402291.3
1717632000000,1.3815,1.396,1.3771,1.3877,10132575.6
1717646400000,1.3877,1.3935,1.3388,1.3542,25644131.4
1717660800000,1.3543,1.4092,1.3459,1.3959,22801891.9
1717675200000,1.3958,1.4043,1.3805,1.3839,12542507.4
1717689600000,1.384,1.3904,1.347,1.353,12228682.8
1717704000000,1.3529,1.3685,1.346,1.3505,8800664.3
1717718400000,1.3505,1.3616,1.3362,1.3487,10667867.7
1717732800000,1.3488,1.3692,1.3446,1.358,9624335.8
1717747200000,1.3579,1.3895,1.357,1.3823,16385014.2
1717761600000,1.3822,1.4108,1.354,1.3775,33075945.3
1717776000000,1.3775,1.3917,1.1785,1.2855,74599595.0
1717790400000,1.2857,1.3419,1.2786,1.329,16301266.7
1717804800000,1.3291,1.3886,1.3291,1.3538,22641167.3
1717819200000,1.3537,1.3663,1.3334,1.3569,13498053.6
1717833600000,1.3569,1.36,1.3006,1.3038,15641700.2
1717848000000,1.3038,1.3245,1.2839,1.3076,25299494.6
1717862400000,1.3078,1.318,1.2872,1.3018,12237774.4
1717876800000,1.3018,1.3046,1.2614,1.2673,14538017.1
1717891200000,1.2673,1.2984,1.264,1.2839,12201897.2
1717905600000,1.2842,1.2984,1.2751,1.2876,10150300.2
1717920000000,1.2877,1.3138,1.2813,1.2896,10559814.9
1717934400000,1.2893,1.3122,1.2718,1.295,15358411.0
1717948800000,1.2952,1.3089,1.2886,1.2948,7923133.1
1717963200000,1.295,1.305,1.2812,1.305,5788720.1
1717977600000,1.3051,1.3061,1.2844,1.2881,9630757.5
1717992000000,1.2884,1.3094,1.2357,1.238,24955602.0
1718006400000,1.2378,1.268,1.2372,1.2464,13290715.5
1718020800000,1.2465,1.2833,1.2033,1.2746,30615844.7
1718035200000,1.275,1.281,1.2157,1.2193,18832564.4
1718049600000,1.2191,1.226,1.1815,1.1979,19188904.0
1718064000000,1.1979,1.2225,1.1674,1.219,32088654.4
1718078400000,1.2189,1.2332,1.1942,1.2176,21889919.6
1718092800000,1.2177,1.2462,1.2051,1.2307,25145944.9
1718107200000,1.2308,1.2456,1.1803,1.1894,28371441.1
1718121600000,1.1894,1.2657,1.1889,1.245,29609581.8
1718136000000,1.245,1.2878,1.2408,1.2726,23697558.6
1718150400000,1.2724,1.2779,1.2052,1.2591,31667171.1
1718164800000,1.2591,1.2777,1.2492,1.2591,19761672.3
1718179200000,1.2591,1.2978,1.2305,1.2753,27818401.1
1718193600000,1.2753,1.4019,1.2743,1.3871,57640989.0
1718208000000,1.3871,1.4055,1.311,1.3241,47204075.8
1718222400000,1.3244,1.3481,1.3114,1.3439,13372598.2
1718236800000,1.3437,1.365,1.2814,1.3081,25344615.3
1718251200000,1.308,1.3175,1.2915,1.3026,14259035.9
1718265600000,1.3028,1.3113,1.2725,1.283,17262323.3
1718280000000,1.2829,1.3238,1.2076,1.2169,55845028.3
1718294400000,1.2169,1.2565,1.1991,1.2289,25821734.2
1718308800000,1.229,1.2457,1.2174,1.2303,10388564.7
1718323200000,1.2304,1.46,1.2151,1.306,85505947.4
1718337600000,1.3061,1.352,1.2963,1.3293,59519770.0
1718352000000,1.3292,1.3349,1.2422,1.2538,84690138.3
1718366400000,1.2537,1.2657,1.1805,1.1887,49510416.2
1718380800000,1.1886,1.1928,1.135,1.1763,49216081.5
1718395200000,1.1763,1.2251,1.1719,1.201,27253116.5
1718409600000,1.2011,1.2397,1.1916,1.213,29785427.7
1718424000000,1.2131,1.2256,1.2041,1.2089,13133354.8
1718438400000,1.2088,1.2304,1.2022,1.2198,12042329.5
1718452800000,1.2198,1.2392,1.2074,1.2241,14277336.8
1718467200000,1.2241,1.228,1.1969,1.2037,8996222.5
1718481600000,1.2039,1.2173,1.1938,1.2101,8579832.1
1718496000000,1.2102,1.2158,1.177,1.1803,13239411.5
1718510400000,1.1802,1.2031,1.1722,1.1916,14512819.2
1718524800000,1.1915,1.1992,1.1789,1.1881,10769076.9
1718539200000,1.1881,1.2048,1.1834,1.1937,14973950.7
1718553600000,1.194,1.1985,1.1776,1.1788,9884207.7
1718568000000,1.1788,1.2021,1.1628,1.1663,16650584.1
1718582400000,1.1663,1.175,1.1114,1.1176,36550356.1
1718596800000,1.1175,1.1465,1.1109,1.1131,32210283.3
1718611200000,1.1131,1.1182,1.0719,1.0994,42262099.7
1718625600000,1.0994,1.1127,1.0623,1.0752,38254133.9
1718640000000,1.0754,1.1429,1.0522,1.1217,41669444.9
1718654400000,1.1218,1.129,1.097,1.1071,20233642.4
1718668800000,1.1071,1.1221,1.0032,1.107,97529244.5
1718683200000,1.1071,1.1237,1.096,1.1057,37665696.1
1718697600000,1.1056,1.1322,1.0742,1.0956,43263706.2
1718712000000,1.0954,1.139,1.059,1.1236,93047197.2
1718726400000,1.1236,1.1287,1.0803,1.1019,47427331.3
1718740800000,1.102,1.1687,1.0855,1.1644,45239023.7
1718755200000,1.1644,1.2161,1.1414,1.1911,57431890.7
1718769600000,1.1911,1.2257,1.1838,1.2128,35290342.2
1718784000000,1.213,1.2179,1.1683,1.1992,37399870.4
1718798400000,1.1994,1.213,1.1818,1.2035,28633129.0
1718812800000,1.2034,1.2384,1.1905,1.2019,31668189.3
1718827200000,1.202,1.2154,1.1877,1.1985,17644749.2
1718841600000,1.1985,1.2599,1.1905,1.2535,36568746.3
1718856000000,1.2536,1.2685,1.2317,1.2532,27673738.1
1718870400000,1.2533,1.299,1.2495,1.2748,31705769.8
1718884800000,1.2749,1.2887,1.2182,1.2356,41965221.6
1718899200000,1.2357,1.2838,1.2119,1.2688,25607431.7
1718913600000,1.2688,1.2731,1.2351,1.2419,12588785.4
1718928000000,1.242,1.2667,1.2125,1.2183,26844348.8
1718942400000,1.2185,1.2228,1.1909,1.1936,20610649.7
1718956800000,1.1936,1.2156,1.175,1.2074,31611777.0
1718971200000,1.2072,1.2393,1.188,1.212,35846794.7
1718985600000,1.212,1.2178,1.1883,1.2058,20256969.5
1719000000000,1.206,1.2235,1.2028,1.2071,10987125.2
1719014400000,1.2071,1.2222,1.1855,1.2111,18214157.1
1719028800000,1.2111,1.2204,1.2004,1.2098,9275501.3
1719043200000,1.2098,1.2137,1.1732,1.1751,16402224.6
1719057600000,1.1751,1.1845,1.1601,1.1767,15416251.9
1719072000000,1.177,1.1933,1.1646,1.167,12216816.6
1719086400000,1.167,1.1707,1.1518,1.1627,9818847.5
1719100800000,1.1628,1.19,1.1615,1.1765,12738488.5
1719115200000,1.1765,1.1917,1.1687,1.1745,10806743.0
1719129600000,1.1745,1.1941,1.1703,1.1825,12322823.2
1719144000000,1.1823,1.1887,1.1262,1.1306,26629555.2
1719158400000,1.1306,1.1412,1.1157,1.1244,21324277.6
1719172800000,1.1242,1.1252,1.0867,1.0963,26569593.0
1719187200000,1.0962,1.1059,1.0792,1.0837,20175078.3
1719201600000,1.0842,1.0871,1.0444,1.0701,36789242.9
1719216000000,1.0701,1.1279,1.041,1.1193,63154729.2
1719230400000,1.1192,1.1441,1.1001,1.1137,39642031.5
1719244800000,1.1136,1.1699,1.1091,1.1503,43688486.8
1719259200000,1.1502,1.2146,1.1405,1.2128,34212175.5
1719273600000,1.2127,1.2411,1.1948,1.2241,27538598.1
1719288000000,1.224,1.2309,1.1932,1.196,23151721.8
1719302400000,1.1961,1.2148,1.1892,1.1977,18447619.2
1719316800000,1.1976,1.24,1.191,1.2384,25114707.2
1719331200000,1.2384,1.25,1.2083,1.2339,22928451.2
1719345600000,1.2337,1.2431,1.2211,1.2313,9537718.5
1719360000000,1.2315,1.2929,1.2241,1.2478,30891727.1
1719374400000,1.2482,1.2551,1.2225,1.2445,18924253.8
1719388800000,1.2446,1.2475,1.1916,1.2111,25058957.1
1719403200000,1.2112,1.2295,1.196,1.2043,23351751.3
1719417600000,1.2044,1.2173,1.1842,1.217,15835632.2
1719432000000,1.217,1.2262,1.1864,1.187,12765198.6
1719446400000,1.187,1.2065,1.1713,1.1878,16893608.3
1719460800000,1.1878,1.1928,1.15,1.1514,19036344.3
1719475200000,1.1515,1.1849,1.1469,1.1742,17302369.8
1719489600000,1.174,1.2259,1.1724,1.1786,31710432.7
1719504000000,1.1787,1.1838,1.1563,1.1612,13542337.2
1719518400000,1.1612,1.1729,1.157,1.1668,10570916.7
1719532800000,1.1668,1.1874,1.1505,1.1678,20533395.3
1719547200000,1.1679,1.1685,1.1517,1.1628,11133737.2
1719561600000,1.1628,1.1645,1.1429,1.1553,12069602.8
1719576000000,1.1554,1.168,1.1295,1.1394,24281627.9
1719590400000,1.1394,1.1446,1.1116,1.1158,19346319.3
1719604800000,1.1158,1.1266,1.1047,1.1157,11446799.7
1719619200000,1.1157,1.1316,1.1121,1.1174,12526059.9
1719633600000,1.1174,1.1389,1.1154,1.1337,6907847.2
1719648000000,1.1336,1.147,1.1301,1.1363,8559444.3
1719662400000,1.1363,1.1437,1.1276,1.1364,8457599.9
1719676800000,1.1365,1.1379,1.1146,1.1218,5271599.9
1719691200000,1.1218,1.1251,1.1021,1.1072,7827226.7
1719705600000,1.1073,1.1206,1.0901,1.0991,12980317.4
1719720000000,1.099,1.1367,1.0897,1.131,14469468.5
1719734400000,1.1311,1.1643,1.1311,1.1599,18549574.7
1719748800000,1.16,1.1639,1.1422,1.1602,14229027.1
1719763200000,1.1603,1.1778,1.1566,1.1703,11024712.2
1719777600000,1.1702,1.2103,1.1616,1.2008,15682433.7
1719792000000,1.2009,1.2295,1.1905,1.2097,19156004.2
1719806400000,1.2098,1.2222,1.2062,1.2171,10923512.3
1719820800000,1.2172,1.2189,1.1807,1.1878,22355932.1
1719835200000,1.1878,1.219,1.187,1.219,20227697.1
1719849600000,1.2189,1.234,1.2033,1.2062,15661027.1
1719864000000,1.2061,1.2139,1.187,1.1895,9046204.8
1719878400000,1.1895,1.2006,1.1801,1.1903,11851379.7
1719892800000,1.1905,1.2012,1.1705,1.1753,14290325.0
1719907200000,1.1753,1.1837,1.1692,1.1759,9182757.6
1719921600000,1.1761,1.1919,1.155,1.1693,19604506.7
1719936000000,1.1692,1.1868,1.1506,1.1716,15168196.1
1719950400000,1.1718,1.1745,1.1579,1.165,7132769.4
1719964800000,1.1651,1.1711,1.126,1.1472,21023170.9
1719979200000,1.1472,1.1533,1.1301,1.1349,12482782.6
1719993600000,1.1349,1.1473,1.1152,1.1326,21837169.3
1720008000000,1.1325,1.1349,1.109,1.1095,23154453.0
1720022400000,1.1094,1.1255,1.0925,1.097,21006518.6
1720036800000,1.0971,1.1285,1.0936,1.119,14213429.3
1720051200000,1.1191,1.1369,1.0522,1.1046,46488898.1
1720065600000,1.1046,1.119,1.0751,1.08,24276242.7
1720080000000,1.08,1.1035,1.072,1.0798,27986321.0
1720094400000,1.0798,1.0831,1.0198,1.0761,53967490.4
1720108800000,1.076,1.0959,1.0668,1.0789,21151523.4
1720123200000,1.0789,1.1043,1.0328,1.0377,25682640.7
1720137600000,1.0378,1.0544,0.886,0.9414,131395265.3
1720152000000,0.9414,0.9775,0.912,0.9533,61125097.1
1720166400000,0.9535,1.0022,0.9081,1.0012,49474364.1
1720180800000,1.0012,1.0182,0.968,1.0161,56870132.9
1720195200000,1.0162,1.0264,0.985,0.9888,27968126.7
1720209600000,0.9887,1.0072,0.9839,0.989,17684502.1
1720224000000,0.989,1.0279,0.9713,0.9844,36232178.6
1720238400000,0.9844,1.006,0.9599,0.9991,22785662.8
1720252800000,0.9991,1.0124,0.9784,1.0089,23772670.3
1720267200000,1.0088,1.0187,0.987,1.0113,25717133.5
1720281600000,1.0114,1.0374,1.0025,1.0287,25771320.8
1720296000000,1.0287,1.051,1.0265,1.0368,16634366.1
1720310400000,1.0368,1.0389,0.9982,1.0079,26384756.8
1720324800000,1.0078,1.0092,0.973,0.9857,23335910.3
1720339200000,0.9857,0.993,0.975,0.9803,16654123.0
1720353600000,0.9803,0.9867,0.9263,0.9352,42749565.7
1720368000000,0.9352,0.9499,0.9229,0.9266,22917168.9
1720382400000,0.9265,0.9405,0.8921,0.8999,30214165.2
1720396800000,0.8999,0.9157,0.8418,0.8947,71324447.9
1720411200000,0.8946,0.9297,0.8913,0.9215,28196353.8
1720425600000,0.9216,0.9758,0.918,0.96,51328009.0
1720440000000,0.9598,0.9737,0.9047,0.9161,59969345.9
1720454400000,0.9162,0.9326,0.9062,0.9289,16506027.8
1720468800000,0.9289,0.9439,0.9128,0.9274,13264645.5
1720483200000,0.9275,0.9497,0.9136,0.9371,23860659.2
1720497600000,0.9371,0.9667,0.9335,0.9496,20802402.2
1720512000000,0.9497,0.9628,0.9325,0.9379,19957553.7
1720526400000,0.9378,0.9456,0.9126,0.9295,26049394.3
1720540800000,0.9296,0.941,0.9111,0.9404,16820995.6
1720555200000,0.9404,0.95,0.9292,0.9406,12450475.0
1720569600000,0.9405,0.9482,0.9221,0.9476,12902385.4
1720584000000,0.9476,0.9822,0.9472,0.966,27581394.4
1720598400000,0.9663,0.9749,0.9503,0.9639,15047786.6
1720612800000,0.9639,1.002,0.9482,0.9929,41100590.1
1720627200000,0.993,1.0009,0.9722,0.9765,15773069.4
1720641600000,0.9764,0.9871,0.9653,0.9805,11004013.8
1720656000000,0.9804,1.0169,0.9756,0.9889,24392880.9
1720670400000,0.9889,1.0011,0.9811,0.9989,11052682.2
1720684800000,0.999,1.0217,0.9957,1.0131,18640926.3
1720699200000,1.0131,1.0494,0.9576,0.9674,60708908.3
1720713600000,0.9673,0.9777,0.9505,0.952,21314954.4
1720728000000,0.952,0.9764,0.945,0.9649,15639988.5
1720742400000,0.9649,0.9782,0.9414,0.9571,23145872.6
1720756800000,0.9571,0.9619,0.945,0.949,12512382.3
1720771200000,0.9489,0.9508,0.9161,0.9322,18877861.4
1720785600000,0.9322,0.9838,0.9311,0.9794,26110982.6
1720800000000,0.9795,1.0051,0.9727,0.9849,20446569.6
1720814400000,0.9852,0.987,0.9722,0.9844,11027275.6
1720828800000,0.9843,0.9972,0.9746,0.982,11247485.9
1720843200000,0.982,0.9846,0.9719,0.9775,9563814.4
1720857600000,0.9776,0.987,0.9662,0.9826,15923469.6
1720872000000,0.9829,0.9916,0.974,0.9854,9228883.0
1720886400000,0.9855,0.9914,0.9736,0.98,6462603.8
1720900800000,0.9798,0.9982,0.9712,0.9818,12181249.0
1720915200000,0.982,1.0042,0.9818,0.996,14936943.3
1720929600000,0.9959,1.0121,0.9932,1.0012,13375765.0
1720944000000,1.0009,1.0121,0.981,0.9837,14469511.3
1720958400000,0.9837,0.9902,0.9735,0.9862,11144564.2
1720972800000,0.9862,0.9875,0.977,0.9789,5157260.2
1720987200000,0.9788,1.0189,0.9778,1.0094,13171801.5
1721001600000,1.0093,1.0475,1.0005,1.038,24084642.0
1721016000000,1.0382,1.0597,1.0292,1.0505,17309926.5
1721030400000,1.0505,1.0512,1.0253,1.029,17169767.6
1721044800000,1.0288,1.0495,1.0267,1.0363,13111809.6
1721059200000,1.0363,1.0816,1.0304,1.0766,21308776.9
1721073600000,1.0767,1.1199,1.0735,1.1143,20619560.7
1721088000000,1.1144,1.1287,1.0911,1.0979,23536681.4
1721102400000,1.098,1.1047,1.0531,1.059,25797841.7
1721116800000,1.0589,1.081,1.0372,1.0656,24051507.6
1721131200000,1.0657,1.103,1.0507,1.1026,23841625.4
1721145600000,1.1023,1.118,1.0839,1.0998,17915944.1
1721160000000,1.0999,1.1012,1.0705,1.0818,10309159.5
1721174400000,1.082,1.1373,1.0794,1.117,26079878.6
1721188800000,1.1169,1.1299,1.1116,1.1168,14271536.2
1721203200000,1.1168,1.1292,1.0842,1.0882,27881158.7
1721217600000,1.0881,1.1043,1.0752,1.0783,18806313.5
1721232000000,1.0784,1.0843,1.0557,1.0808,20626892.8
1721246400000,1.0809,1.091,1.05,1.0512,12763080.0
1721260800000,1.0511,1.0785,1.0463,1.073,14738505.0
1721275200000,1.0732,1.1004,1.0557,1.0789,17762255.0
1721289600000,1.0791,1.0918,1.0653,1.0736,12012871.6
1721304000000,1.0734,1.0774,1.0219,1.0243,26272786.0
1721318400000,1.0243,1.0355,1.0117,1.0257,15615743.8
1721332800000,1.0258,1.0563,1.0232,1.0545,7551221.7
1721347200000,1.0545,1.0671,1.0228,1.0633,13690063.7
1721361600000,1.0635,1.066,1.0321,1.0358,10174813.2
1721376000000,1.0359,1.045,1.0229,1.0388,11443922.7
1721390400000,1.0388,1.0876,1.033,1.0735,26655666.1
1721404800000,1.0734,1.0994,1.0733,1.0927,18996656.2
1721419200000,1.0928,1.0945,1.0751,1.0787,9091510.6
1721433600000,1.0787,1.0942,1.0663,1.0855,12563483.7
1721448000000,1.0856,1.111,1.0833,1.0978,11420495.8
1721462400000,1.0978,1.1037,1.0763,1.078,10549812.5
1721476800000,1.0781,1.0993,1.0627,1.0983,15894160.7
1721491200000,1.0982,1.1149,1.0926,1.0989,19836638.5
1721505600000,1.099,1.1031,1.087,1.0909,7451243.6
1721520000000,1.0911,1.1,1.0783,1.0866,10707721.2
1721534400000,1.0867,1.091,1.0627,1.0706,10542162.3
1721548800000,1.0706,1.0808,1.0656,1.0719,7289086.5
1721563200000,1.0719,1.0868,1.0551,1.0806,13685169.5
1721577600000,1.0804,1.0892,1.0322,1.073,29504185.8
1721592000000,1.073,1.1021,1.0708,1.0903,17754913.7
1721606400000,1.0905,1.101,1.073,1.0731,12482013.0
1721620800000,1.0731,1.0771,1.0403,1.0489,18055458.0
1721635200000,1.0491,1.0629,1.0403,1.061,12083883.2
1721649600000,1.0611,1.0675,1.0303,1.0409,19491864.7
1721664000000,1.0409,1.0516,1.0356,1.0511,8258937.1
1721678400000,1.0511,1.0517,1.0202,1.0279,15356284.7
1721692800000,1.0279,1.0491,1.0254,1.0392,15457055.2
1721707200000,1.0391,1.0412,1.0005,1.0093,21043340.8
1721721600000,1.0094,1.0353,1.0075,1.0177,18700456.5
1721736000000,1.0176,1.0255,0.991,0.9948,41623150.0
1721750400000,0.9947,0.9979,0.9583,0.9734,27650579.6
1721764800000,0.9732,0.9849,0.9672,0.9757,10644442.0
1721779200000,0.9756,0.983,0.9609,0.9795,11999727.6
1721793600000,0.9795,0.9865,0.9642,0.9864,8642735.9
1721808000000,0.9863,1.005,0.9819,0.9945,19343162.9
1721822400000,0.9946,1.0081,0.9775,0.9789,20742784.0
1721836800000,0.979,0.9999,0.9725,0.9773,16101247.6
1721851200000,0.9774,0.9852,0.9427,0.9529,18956301.0
1721865600000,0.9528,0.9598,0.9128,0.9254,32358813.3
1721880000000,0.9251,0.9428,0.9201,0.9365,14919407.0
1721894400000,0.9366,0.9533,0.9312,0.9345,14364793.2
1721908800000,0.9346,0.9431,0.9198,0.9302,21557127.7
1721923200000,0.9302,0.9475,0.9122,0.9283,15537776.4
1721937600000,0.9284,0.9575,0.9127,0.9529,14058721.2
1721952000000,0.9528,0.9868,0.9498,0.977,16655678.1
1721966400000,0.9772,0.9891,0.9755,0.9786,10079073.5
1721980800000,0.9787,0.9944,0.9786,0.9924,8927340.7
1721995200000,0.9925,1.005,0.985,1.0,16218034.0
1722009600000,1.0001,1.0084,0.9962,1.004,6748798.0
1722024000000,1.0042,1.0052,0.9933,1.001,6066000.7
1722038400000,1.0012,1.0038,0.9821,0.9903,8644585.8
1722052800000,0.9904,1.0041,0.9887,0.999,6122940.4
1722067200000,0.9989,1.0054,0.9928,1.0003,6971322.2
1722081600000,1.0004,1.0161,0.9771,0.9867,18031502.2
1722096000000,0.9868,0.9925,0.966,0.9791,13495475.2
1722110400000,0.9792,1.002,0.9533,0.9837,24934744.1
1722124800000,0.9837,0.9872,0.9688,0.9739,13445148.7
1722139200000,0.9738,0.976,0.9525,0.967,11080999.9
1722153600000,0.9671,0.979,0.9625,0.9758,9862002.0
1722168000000,0.9758,0.9788,0.964,0.9671,8394593.6
1722182400000,0.9671,0.9832,0.962,0.9789,7864723.5
1722196800000,0.9791,0.9936,0.9698,0.9922,7298594.1
1722211200000,0.9923,1.0152,0.9892,1.0034,15730523.4
1722225600000,1.0035,1.0467,1.002,1.0434,30802338.7
1722240000000,1.0434,1.0494,1.016,1.0186,20586585.0
1722254400000,1.0186,1.0204,0.9818,0.992,29573480.7
1722268800000,0.9918,0.9969,0.976,0.9922,18432984.4
1722283200000,0.9921,0.9932,0.9752,0.9776,9777084.4
1722297600000,0.9776,0.9927,0.9692,0.9819,12492485.2
1722312000000,0.9818,0.9965,0.9783,0.9916,7260339.7
1722326400000,0.9917,0.9949,0.9711,0.9762,11991349.6
1722340800000,0.9761,0.9847,0.9613,0.9703,15748436.3
1722355200000,0.9701,0.9743,0.9429,0.9469,13413972.8
1722369600000,0.9472,0.9529,0.9355,0.9485,12270855.8
1722384000000,0.9484,0.9537,0.9389,0.9396,8497883.1
1722398400000,0.9395,0.961,0.9286,0.9503,14985572.1
1722412800000,0.9503,0.9562,0.9435,0.951,7211701.4
1722427200000,0.951,0.9696,0.9492,0.953,11567617.4
1722441600000,0.953,0.9655,0.9354,0.9423,14824905.3
1722456000000,0.9422,0.9427,0.9235,0.9265,14795488.9
1722470400000,0.9264,0.9372,0.923,0.9326,13389211.7
1722484800000,0.9324,0.9471,0.9164,0.924,25117971.4
1722499200000,0.924,0.9353,0.9229,0.9302,8237669.8
1722513600000,0.9303,0.9431,0.8909,0.8944,30727479.1
1722528000000,0.8945,0.8953,0.8613,0.8832,33397488.7
1722542400000,0.883,0.9133,0.8748,0.907,20595921.5
1722556800000,0.9069,0.9116,0.8715,0.8804,17686590.6
1722571200000,0.8804,0.8835,0.8508,0.8624,21381314.4
1722585600000,0.862,0.8808,0.8563,0.8738,11986148.0
1722600000000,0.8737,0.8848,0.7974,0.8338,71733740.5
1722614400000,0.8337,0.8389,0.812,0.819,20674380.8
1722628800000,0.819,0.8266,0.789,0.7984,33316527.2
1722643200000,0.7984,0.8092,0.77,0.7985,31518224.5
1722657600000,0.7985,0.799,0.7864,0.7875,9309451.4
1722672000000,0.7874,0.7906,0.7735,0.788,20722009.0
1722686400000,0.788,0.8017,0.7637,0.7664,23779445.9
1722700800000,0.7664,0.772,0.7226,0.7262,54716354.6
1722715200000,0.7262,0.7406,0.723,0.7334,21148201.4
1722729600000,0.7333,0.7591,0.7277,0.7478,22062919.9
1722744000000,0.7479,0.7516,0.7237,0.7249,15402191.5
1722758400000,0.7246,0.7381,0.7127,0.7328,21546729.5
1722772800000,0.7327,0.7386,0.6777,0.6803,47253608.7
1722787200000,0.6803,0.7127,0.649,0.7074,85407498.0
1722801600000,0.7073,0.7197,0.6816,0.6839,31875509.3
1722816000000,0.6838,0.6891,0.5627,0.6239,198721650.1
1722830400000,0.6239,0.6337,0.53,0.584,168179807.2
1722844800000,0.5841,0.5869,0.5074,0.5287,102084248.0
1722859200000,0.5286,0.725,0.5011,0.7075,224546573.9
1722873600000,0.7074,0.7363,0.6695,0.695,163168589.1
1722888000000,0.6946,0.723,0.6879,0.6891,59479237.4
1722902400000,0.6892,0.7333,0.6847,0.716,93608970.5
1722916800000,0.716,0.7516,0.707,0.7437,61169979.3
1722931200000,0.7436,0.7474,0.6961,0.6987,76539534.1
1722945600000,0.6987,0.7334,0.6776,0.7262,100007850.2
1722960000000,0.7262,0.734,0.7118,0.7168,38031833.4
1722974400000,0.7167,0.7369,0.7021,0.7072,35478825.9
1722988800000,0.7071,0.738,0.6916,0.7287,45588211.0
1723003200000,0.7286,0.7464,0.718,0.7299,35719354.2
1723017600000,0.7299,0.7462,0.7147,0.7169,37391539.9
1723032000000,0.7169,0.7298,0.6802,0.6897,78567371.8
1723046400000,0.6897,0.6925,0.657,0.6607,50217141.5
1723060800000,0.6608,0.6659,0.6435,0.6544,47657380.8
1723075200000,0.6544,0.7195,0.644,0.7071,59635103.2
1723089600000,0.7072,0.7168,0.699,0.705,27502575.0
1723104000000,0.7051,0.727,0.7034,0.7161,24818693.8
1723118400000,0.7162,0.7454,0.6989,0.7438,54882529.2
1723132800000,0.7438,0.7586,0.7288,0.7314,31624895.3
1723147200000,0.7314,0.7819,0.7304,0.7701,32104981.6
1723161600000,0.7702,0.7838,0.7621,0.7698,27478685.6
1723176000000,0.7697,0.7792,0.7454,0.776,24208841.1
1723190400000,0.7759,0.7964,0.7617,0.7673,33858478.6
1723204800000,0.7672,0.7784,0.7486,0.7498,39128770.0
1723219200000,0.7497,0.7749,0.7468,0.7647,19117843.8
1723233600000,0.7648,0.7781,0.7556,0.7727,17707370.5
1723248000000,0.7728,0.7855,0.7533,0.7536,22296381.6
1723262400000,0.7537,0.7641,0.748,0.7603,13618256.7
1723276800000,0.7603,0.7714,0.7525,0.7698,14324175.7
1723291200000,0.7698,0.7703,0.7483,0.7586,17506518.0
1723305600000,0.7586,0.7822,0.7539,0.7718,15849428.6
1723320000000,0.7719,0.792,0.7678,0.7838,14625335.6
1723334400000,0.7839,0.818,0.7796,0.8095,31778571.8
1723348800000,0.8095,0.8127,0.801,0.8045,13304943.4
1723363200000,0.8046,0.8238,0.7803,0.7874,29682351.8
1723377600000,0.7873,0.7908,0.7504,0.7542,36357072.4
1723392000000,0.7542,0.7626,0.735,0.7382,20150920.3
1723406400000,0.7382,0.7383,0.7197,0.7233,24521311.4
1723420800000,0.7234,0.7448,0.7157,0.7355,24463391.3
1723435200000,0.7356,0.7482,0.7133,0.7408,26095598.1
1723449600000,0.7408,0.7847,0.735,0.7794,44167240.5
1723464000000,0.7796,0.7855,0.7393,0.7626,61497939.4
1723478400000,0.7626,0.7653,0.725,0.73,24700110.5
1723492800000,0.7299,0.7551,0.724,0.753,20585757.4
1723507200000,0.7531,0.7626,0.7302,0.7338,23193534.9
1723521600000,0.7337,0.743,0.7282,0.7361,12680235.8
1723536000000,0.7361,0.7388,0.7256,0.7329,10745772.5
1723550400000,0.733,0.7509,0.732,0.7404,24298062.4
1723564800000,0.7403,0.7726,0.7392,0.7616,25463472.3
1723579200000,0.7616,0.7707,0.7562,0.765,10287394.3
1723593600000,0.7649,0.7751,0.7522,0.7595,16952057.9
1723608000000,0.7595,0.7638,0.7488,0.7554,11915879.3
1723622400000,0.7553,0.769,0.748,0.7633,16305147.9
1723636800000,0.7633,0.7803,0.7272,0.7424,51281518.5
1723651200000,0.7424,0.7458,0.7234,0.7269,15941155.3
1723665600000,0.7267,0.7417,0.7232,0.7301,12876464.9
1723680000000,0.7302,0.7347,0.72,0.721,14434407.5
1723694400000,0.7209,0.7234,0.7061,0.715,17741532.4
1723708800000,0.715,0.7233,0.711,0.7215,14557251.0
1723723200000,0.7214,0.7431,0.7178,0.7313,27934261.0
1723737600000,0.7313,0.7358,0.6828,0.6943,35847635.2
1723752000000,0.6944,0.7301,0.6876,0.718,27675359.2
1723766400000,0.7179,0.7317,0.707,0.7095,25549019.1
1723780800000,0.7095,0.7258,0.7094,0.7191,12139016.6
1723795200000,0.719,0.721,0.7067,0.7084,11954995.5
1723809600000,0.7084,0.7205,0.6858,0.6917,39725776.4
1723824000000,0.6916,0.7112,0.6838,0.7051,28740020.1
1723838400000,0.7052,0.7081,0.6928,0.6954,9316920.4
1723852800000,0.6953,0.7059,0.6905,0.6961,10964525.2
1723867200000,0.6962,0.7012,0.6941,0.6974,4575780.0
1723881600000,0.6974,0.7041,0.6881,0.6913,8207220.7
1723896000000,0.6912,0.7058,0.6887,0.6995,13886740.1
1723910400000,0.6995,0.7069,0.6916,0.6941,9788573.0
1723924800000,0.6942,0.7035,0.6925,0.701,6308214.1
1723939200000,0.7009,0.7054,0.6917,0.692,11656135.4
1723953600000,0.692,0.6965,0.686,0.6936,9849794.8
1723968000000,0.6936,0.7118,0.6923,0.7055,13328343.9
1723982400000,0.7055,0.7159,0.702,0.7121,13821772.1
1723996800000,0.7121,0.719,0.7,0.7103,11036915.1
1724011200000,0.7102,0.7139,0.6868,0.6878,12595104.5
1724025600000,0.6879,0.6884,0.6652,0.6708,32925172.8
1724040000000,0.6707,0.6745,0.6644,0.667,16508653.7
1724054400000,0.667,0.675,0.6555,0.6658,21204065.4
1724068800000,0.6658,0.6835,0.6619,0.6748,25923946.4
1724083200000,0.6747,0.6859,0.6662,0.6742,22011417.7
1724097600000,0.6741,0.685,0.6725,0.6839,10698678.1
1724112000000,0.6839,0.7165,0.6796,0.6888,40617431.3
1724126400000,0.6889,0.7084,0.6885,0.7031,17175044.2
1724140800000,0.7032,0.7041,0.6824,0.6846,16315471.8
1724155200000,0.6846,0.6922,0.659,0.6649,32149688.3
1724169600000,0.6648,0.6792,0.6616,0.678,12410535.9
1724184000000,0.6779,0.6805,0.6692,0.6709,9157818.5
1724198400000,0.6708,0.6759,0.6645,0.6735,9319850.6
1724212800000,0.6735,0.681,0.6722,0.6793,7241794.1
1724227200000,0.6793,0.6818,0.6653,0.6693,10848279.9
1724241600000,0.6692,0.6799,0.6571,0.671,19339383.7
1724256000000,0.6709,0.7055,0.6687,0.7009,21579989.1
1724270400000,0.701,0.7096,0.6944,0.6968,13847610.0
1724284800000,0.6968,0.7083,0.6888,0.7053,18205231.0
1724299200000,0.7052,0.7114,0.7016,0.7104,11316107.9
1724313600000,0.7103,0.725,0.7069,0.719,17508942.1
1724328000000,0.719,0.7196,0.7059,0.7117,20097267.3
1724342400000,0.7117,0.7286,0.711,0.716,14929842.2
1724356800000,0.7161,0.7311,0.7155,0.7234,11441811.0
1724371200000,0.7235,0.7366,0.7213,0.7278,12491881.8
1724385600000,0.7279,0.7454,0.7268,0.739,14866455.2
1724400000000,0.739,0.7426,0.72,0.72,17697852.4
1724414400000,0.7201,0.7615,0.7201,0.7366,48937594.2
1724428800000,0.7366,0.7846,0.734,0.7787,35748916.0
1724443200000,0.7787,0.7954,0.7773,0.7792,18812686.1
1724457600000,0.7794,0.7829,0.7676,0.7721,12203591.6
1724472000000,0.7721,0.7839,0.7704,0.783,8274774.5
1724486400000,0.7829,0.7991,0.7766,0.7776,17790196.1
1724500800000,0.7777,0.7859,0.7721,0.7758,12539254.0
1724515200000,0.7759,0.8048,0.774,0.7895,22734970.0
1724529600000,0.7896,0.7949,0.7588,0.7715,19930036.2
1724544000000,0.7715,0.7725,0.7427,0.7524,21714220.4
1724558400000,0.7525,0.7545,0.7269,0.7315,17740157.6
1724572800000,0.7314,0.7416,0.7272,0.7362,9967685.8
1724587200000,0.7362,0.7539,0.735,0.7459,13302693.2
1724601600000,0.7462,0.7509,0.7355,0.7398,7994458.9
1724616000000,0.7399,0.7539,0.734,0.7374,10297077.0
1724630400000,0.7374,0.743,0.7178,0.7316,18439848.4
1724644800000,0.7316,0.7346,0.7174,0.7204,11742593.1
1724659200000,0.7206,0.7314,0.7141,0.7236,14834984.9
1724673600000,0.7235,0.7252,0.7021,0.7103,27449125.5
1724688000000,0.7102,0.7163,0.6888,0.6949,21444919.2
1724702400000,0.695,0.6998,0.6883,0.6944,8072090.7
1724716800000,0.6943,0.7071,0.6935,0.7032,11889070.5
1724731200000,0.7031,0.7098,0.6991,0.7028,7473106.1
1724745600000,0.7028,0.7054,0.6825,0.6906,16842366.1
1724760000000,0.6906,0.7014,0.6855,0.6932,18611095.2
1724774400000,0.693,0.6999,0.6865,0.6921,10231615.7
1724788800000,0.6919,0.6919,0.6377,0.6698,36318370.1
1724803200000,0.6699,0.6705,0.6561,0.6695,14563652.4
1724817600000,0.6695,0.6709,0.6521,0.6529,9669013.0
1724832000000,0.653,0.6883,0.65,0.6786,19130615.8
1724846400000,0.6785,0.6827,0.6542,0.6618,17470345.0
1724860800000,0.6617,0.6704,0.6396,0.6569,22212066.8
1724875200000,0.6568,0.6685,0.6538,0.6646,10934534.4
1724889600000,0.6647,0.6703,0.6602,0.665,6771707.0
1724904000000,0.6651,0.6768,0.6621,0.6746,6772085.4
1724918400000,0.6743,0.6862,0.672,0.6789,8111542.3
1724932800000,0.6788,0.6896,0.6775,0.6836,12721007.2
1724947200000,0.6837,0.6857,0.6515,0.6568,14370275.8
1724961600000,0.6568,0.6628,0.6459,0.6545,10945711.1
1724976000000,0.6543,0.6595,0.6473,0.6493,6993870.4
1724990400000,0.6492,0.6592,0.6442,0.6539,7297434.9
1725004800000,0.6538,0.6587,0.6494,0.65,6261863.6
1725019200000,0.6501,0.661,0.6125,0.6148,30890910.0
1725033600000,0.615,0.6474,0.6115,0.6359,17097108.9
1725048000000,0.6358,0.6511,0.6357,0.6495,6265562.8
1725062400000,0.6495,0.6562,0.6441,0.6452,5783995.2
1725076800000,0.6451,0.649,0.6411,0.6416,3435802.4
1725091200000,0.6415,0.6429,0.6286,0.6392,10143655.2
1725105600000,0.6392,0.6428,0.6289,0.6342,9516857.9
1725120000000,0.6344,0.6346,0.6232,0.6251,6367614.5
1725134400000,0.6251,0.6342,0.6235,0.6306,3882939.1
1725148800000,0.6305,0.6323,0.6162,0.6227,7881744.6
1725163200000,0.6226,0.6261,0.6132,0.6234,7574167.5
1725177600000,0.6235,0.6243,0.6039,0.6111,13202582.5
1725192000000,0.611,0.6143,0.5923,0.6107,24323285.3
1725206400000,0.6107,0.6212,0.5965,0.6167,12371623.4
1725220800000,0.6167,0.6218,0.5883,0.591,16400010.8
1725235200000,0.5909,0.5994,0.5891,0.5982,9377841.6
1725249600000,0.5982,0.5995,0.5835,0.5879,12882465.0
1725264000000,0.5877,0.6204,0.5871,0.6144,19343731.1
1725278400000,0.6145,0.6226,0.6015,0.6139,21119814.0
1725292800000,0.6138,0.6193,0.6085,0.6122,6744047.1
1725307200000,0.6123,0.6319,0.6108,0.6189,10393508.3
1725321600000,0.619,0.6317,0.6175,0.621,9989888.1
1725336000000,0.621,0.6236,0.6143,0.6216,7843071.2
1725350400000,0.6216,0.622,0.6102,0.6162,7643337.2
1725364800000,0.6162,0.6213,0.5902,0.5925,18765714.0
1725379200000,0.5924,0.6039,0.5909,0.6003,9302987.6
1725393600000,0.6004,0.6036,0.5762,0.5801,12140322.7
1725408000000,0.5801,0.5885,0.5531,0.5826,29439142.3
1725422400000,0.5826,0.5869,0.575,0.5819,8987108.5
1725436800000,0.582,0.5833,0.5677,0.5695,15601976.7
1725451200000,0.5695,0.5983,0.5671,0.5977,28310989.4
1725465600000,0.5976,0.611,0.5895,0.5952,15587080.9
1725480000000,0.5952,0.6051,0.5904,0.5972,9088628.2
1725494400000,0.5972,0.606,0.5877,0.5896,13631481.1
1725508800000,0.5896,0.5983,0.5852,0.5943,10488685.7
1725523200000,0.5943,0.597,0.5851,0.588,9171367.1
1725537600000,0.588,0.6019,0.5747,0.5777,26657006.7
1725552000000,0.5776,0.5805,0.569,0.5726,15389211.0
1725566400000,0.5726,0.5749,0.5656,0.5693,8167452.5
1725580800000,0.5693,0.5851,0.5648,0.5778,11659163.5
1725595200000,0.5778,0.5797,0.562,0.5691,13825548.3
1725609600000,0.5691,0.5794,0.5676,0.5757,11625747.2
1725624000000,0.5756,0.5984,0.5669,0.5782,42988656.2
1725638400000,0.578,0.5792,0.5597,0.5661,21473818.8
1725652800000,0.566,0.5733,0.5374,0.5718,36883446.3
1725667200000,0.5717,0.577,0.5666,0.5732,9845723.3
1725681600000,0.5732,0.5903,0.572,0.5858,17088819.4
1725696000000,0.5858,0.5882,0.5815,0.5839,7078121.1
1725710400000,0.5839,0.5931,0.5839,0.5888,11830590.9
1725724800000,0.5887,0.5917,0.5773,0.5848,10568124.0
1725739200000,0.5847,0.5853,0.5707,0.577,6121974.0
1725753600000,0.5771,0.586,0.5747,0.586,5748665.1
1725768000000,0.5859,0.5903,0.584,0.5896,6256741.2
1725782400000,0.5896,0.5958,0.5847,0.5857,7737534.1
1725796800000,0.5857,0.5872,0.5712,0.572,11980309.9
1725811200000,0.572,0.5835,0.5701,0.5794,6874046.2
1725825600000,0.5795,0.5983,0.5776,0.5895,10447809.5
1725840000000,0.5895,0.5977,0.5859,0.5924,10201504.8
1725854400000,0.5924,0.6041,0.5861,0.6032,10709661.9
1725868800000,0.6032,0.6176,0.6028,0.6098,13599562.6
1725883200000,0.6098,0.616,0.6006,0.611,16991146.4
1725897600000,0.6109,0.6315,0.6105,0.63,21905190.2
1725912000000,0.63,0.6382,0.6233,0.6278,10240865.2
1725926400000,0.6279,0.6281,0.614,0.6162,7354070.2
1725940800000,0.6163,0.6312,0.6134,0.6288,7563087.3
1725955200000,0.6286,0.6331,0.6213,0.6316,8612938.2
1725969600000,0.6315,0.634,0.619,0.6202,19057132.2
1725984000000,0.6202,0.639,0.6198,0.6354,11390596.4
1725998400000,0.6354,0.6421,0.6319,0.6363,8468577.4
1726012800000,0.6364,0.6364,0.6133,0.6159,18159950.3
1726027200000,0.6159,0.6183,0.6052,0.6169,9790617.8
1726041600000,0.6169,0.617,0.6073,0.6135,6847298.3
1726056000000,0.6132,0.6239,0.6008,0.6146,17858482.5
1726070400000,0.6146,0.627,0.6136,0.621,10583114.7
1726084800000,0.6212,0.6244,0.6175,0.6194,3208911.9
1726099200000,0.6193,0.6402,0.6192,0.6344,9013375.0
1726113600000,0.6343,0.6394,0.6287,0.6331,6415154.3
1726128000000,0.6331,0.6378,0.6293,0.6326,5097910.5
1726142400000,0.6326,0.6372,0.6167,0.6197,16530118.0
1726156800000,0.6196,0.6323,0.6189,0.6295,8568241.5
1726171200000,0.6296,0.6382,0.6271,0.636,6263130.6
1726185600000,0.6359,0.6394,0.6307,0.6308,6929935.3
1726200000000,0.6308,0.6347,0.625,0.6287,5290171.5
1726214400000,0.629,0.6351,0.6261,0.6283,8326531.2
1726228800000,0.6284,0.6526,0.6235,0.6483,20273054.4
1726243200000,0.6483,0.6504,0.6374,0.6431,11282660.0
1726257600000,0.6432,0.659,0.6421,0.6528,7363474.2
1726272000000,0.6528,0.6564,0.6487,0.6551,6126720.9
1726286400000,0.6549,0.6552,0.639,0.6412,5802808.3
1726300800000,0.6413,0.6426,0.6309,0.6332,6968590.5
1726315200000,0.6332,0.6452,0.632,0.6418,6636037.5
1726329600000,0.6417,0.6491,0.6352,0.6402,6712732.7
1726344000000,0.6402,0.6469,0.6393,0.6432,3448095.0
1726358400000,0.6433,0.653,0.642,0.6479,7549958.6
1726372800000,0.6478,0.649,0.642,0.6462,4780459.3
1726387200000,0.6462,0.6468,0.6352,0.6404,5760798.7
1726401600000,0.6403,0.6453,0.6356,0.6413,5712782.6
1726416000000,0.6412,0.6414,0.6267,0.629,10582086.9
1726430400000,0.629,0.6295,0.6046,0.6106,13625079.8
1726444800000,0.6107,0.612,0.594,0.6027,14783785.3
1726459200000,0.6028,0.6077,0.599,0.6051,7689011.1
1726473600000,0.6051,0.6104,0.5947,0.5976,10302890.8
1726488000000,0.5975,0.6019,0.5911,0.5985,9243131.7
1726502400000,0.5988,0.601,0.5882,0.5913,9630252.0
1726516800000,0.5912,0.5961,0.5842,0.5946,6199769.8
1726531200000,0.5946,0.5955,0.5852,0.5937,4379693.1
1726545600000,0.5938,0.603,0.593,0.5997,4479638.0
1726560000000,0.5997,0.6082,0.5962,0.6018,9470533.4
1726574400000,0.6017,0.6209,0.5962,0.6174,21150131.3
1726588800000,0.6174,0.6205,0.5944,0.5985,12521862.7
1726603200000,0.5985,0.6041,0.5894,0.5966,11248959.0
1726617600000,0.5966,0.6047,0.5891,0.6025,8678634.1
1726632000000,0.6026,0.6047,0.5943,0.6011,6304929.5
1726646400000,0.601,0.6019,0.5858,0.593,7376171.7
1726660800000,0.5932,0.5984,0.5801,0.5823,10089624.6
1726675200000,0.5823,0.6108,0.5776,0.5931,28350144.1
1726689600000,0.5931,0.6356,0.5864,0.6346,14198508.2
1726704000000,0.6346,0.6473,0.6263,0.6437,23845256.6
1726718400000,0.6438,0.6529,0.6369,0.6522,12811931.3
1726732800000,0.6522,0.6571,0.6425,0.6493,18396991.1
1726747200000,0.6492,0.6622,0.6457,0.6573,24888946.1
1726761600000,0.6574,0.6753,0.6571,0.6588,16578396.8
1726776000000,0.6589,0.6625,0.6479,0.6525,11927355.4
1726790400000,0.6523,0.6841,0.6379,0.6836,18019073.8
1726804800000,0.6836,0.7146,0.6775,0.701,40319985.6
1726819200000,0.7012,0.7013,0.6849,0.6868,20936355.6
1726833600000,0.6868,0.6942,0.6749,0.6849,26294913.8
1726848000000,0.685,0.6871,0.6686,0.6789,15303068.2
1726862400000,0.6789,0.6939,0.6781,0.6889,7510147.4
1726876800000,0.689,0.694,0.6767,0.6778,14312245.6
1726891200000,0.6776,0.6882,0.6692,0.6869,10791362.4
1726905600000,0.687,0.691,0.6801,0.6863,7136438.4
1726920000000,0.6863,0.7034,0.6838,0.6931,16281497.8
1726934400000,0.6933,0.6995,0.6908,0.6963,8134763.8
1726948800000,0.6962,0.7048,0.6916,0.7025,5108982.6
1726963200000,0.7024,0.7111,0.6901,0.7048,18462109.0
1726977600000,0.7049,0.7078,0.6919,0.694,9650252.5
1726992000000,0.694,0.6976,0.6713,0.6784,16123934.0
1727006400000,0.6784,0.684,0.6674,0.6715,10877680.7
1727020800000,0.6715,0.6852,0.6665,0.6825,9460763.8
1727035200000,0.6826,0.6905,0.66,0.684,16196209.7
1727049600000,0.6842,0.7342,0.6676,0.7225,44193617.3
1727064000000,0.7227,0.724,0.7111,0.7184,16539828.7
1727078400000,0.7182,0.7239,0.709,0.7181,13185897.3
1727092800000,0.7181,0.75,0.7125,0.745,30376066.9
1727107200000,0.7449,0.7507,0.7291,0.7369,17916605.5
1727121600000,0.7369,0.7394,0.7245,0.7325,11564713.0
1727136000000,0.7325,0.7343,0.7126,0.7197,23983096.2
1727150400000,0.7197,0.7483,0.7146,0.7473,14434373.3
1727164800000,0.7473,0.7575,0.7408,0.7496,18502210.0
1727179200000,0.7496,0.7587,0.7246,0.7285,26687559.3
1727193600000,0.7288,0.7507,0.7287,0.7481,10229612.4
1727208000000,0.748,0.7839,0.7473,0.7804,24497568.3
1727222400000,0.7803,0.8011,0.7803,0.7899,22567119.3
1727236800000,0.7899,0.7911,0.7569,0.7604,22500647.9
1727251200000,0.7604,0.7916,0.7556,0.7889,19168978.0
1727265600000,0.7888,0.8087,0.7741,0.7798,35216952.1
1727280000000,0.7799,0.7895,0.7676,0.7723,16470422.6
1727294400000,0.7723,0.786,0.7601,0.7654,11217283.7
1727308800000,0.7654,0.7875,0.75,0.7862,19570446.1
1727323200000,0.7861,0.7961,0.778,0.7954,18168753.0
1727337600000,0.7956,0.8199,0.7834,0.8058,24588321.7
1727352000000,0.8059,0.8167,0.7897,0.8089,34396748.2
1727366400000,0.8091,0.8311,0.8063,0.8154,25003497.2
1727380800000,0.8154,0.8307,0.801,0.8227,16321078.1
1727395200000,0.8227,0.8422,0.8137,0.8361,19228943.7
1727409600000,0.8361,0.8532,0.8288,0.8501,21487971.1
1727424000000,0.8502,0.8744,0.8332,0.8401,30250671.9
1727438400000,0.84,0.8636,0.8361,0.8431,30338562.3
1727452800000,0.8431,0.8588,0.8353,0.8379,17353847.5
1727467200000,0.8379,0.8411,0.8306,0.8352,7214645.2
1727481600000,0.8353,0.8571,0.8347,0.8538,13037741.8
1727496000000,0.8538,0.8592,0.817,0.8189,24237260.6
1727510400000,0.819,0.8345,0.805,0.8265,18071434.1
1727524800000,0.8265,0.8269,0.809,0.8199,11277216.7
1727539200000,0.8199,0.825,0.8149,0.8183,6143974.3
1727553600000,0.8183,0.8214,0.8017,0.8187,11323995.9
1727568000000,0.8188,0.8254,0.808,0.8192,13540278.6
1727582400000,0.8192,0.8236,0.793,0.7957,14961927.3
1727596800000,0.7958,0.8082,0.7928,0.8026,13646062.7
1727611200000,0.8027,0.807,0.7855,0.8044,17550740.7
1727625600000,0.8044,0.8294,0.7971,0.8275,14019243.0
1727640000000,0.8276,0.8312,0.7987,0.8081,14857921.1
1727654400000,0.8082,0.8121,0.7716,0.7905,34692098.1
1727668800000,0.7905,0.7983,0.7775,0.7925,15602765.0
1727683200000,0.7925,0.7941,0.765,0.7752,20236784.6
1727697600000,0.7752,0.7836,0.7555,0.756,17876357.9
1727712000000,0.7563,0.7663,0.7551,0.7636,10609310.0
1727726400000,0.7636,0.7742,0.7426,0.7509,15066043.3
1727740800000,0.7509,0.7828,0.7472,0.7816,15851448.1
1727755200000,0.7816,0.7949,0.7758,0.7899,13671701.5
1727769600000,0.7897,0.7969,0.7832,0.7872,9759992.0
1727784000000,0.7872,0.7952,0.714,0.7414,54456238.9
1727798400000,0.7415,0.7464,0.681,0.7171,53146953.0
1727812800000,0.7171,0.7251,0.699,0.7208,22871562.0
1727827200000,0.7207,0.7317,0.7161,0.7305,15856921.7
1727841600000,0.7304,0.7448,0.7161,0.7394,14314177.2
1727856000000,0.7394,0.7443,0.7053,0.7139,23067379.4
1727870400000,0.7141,0.7239,0.6984,0.7216,27085017.8
1727884800000,0.7215,0.7353,0.6867,0.7007,21905148.6
1727899200000,0.7009,0.7104,0.6929,0.7033,11194698.1
1727913600000,0.7033,0.722,0.6964,0.7213,15719343.5
1727928000000,0.7212,0.7215,0.6966,0.6968,9399248.0
1727942400000,0.6967,0.6983,0.6629,0.6801,25418395.1
1727956800000,0.6802,0.6947,0.6603,0.6754,30441101.0
1727971200000,0.6755,0.6799,0.6562,0.6795,13340571.4
1727985600000,0.6794,0.6817,0.6621,0.6754,11093206.7
1728000000000,0.6754,0.6938,0.6678,0.6878,15056545.8
1728014400000,0.6878,0.6966,0.6846,0.69,9386761.6
1728028800000,0.6899,0.7002,0.6823,0.6906,12770989.2
1728043200000,0.6906,0.7069,0.6797,0.7014,24311988.1
1728057600000,0.7015,0.7165,0.6978,0.7117,12794904.5
1728072000000,0.7117,0.7134,0.7046,0.7088,5027252.4
1728086400000,0.7088,0.718,0.6946,0.6979,11630226.3
1728100800000,0.698,0.7138,0.6961,0.7078,7215281.9
1728115200000,0.708,0.7184,0.7059,0.7135,10475127.7
1728129600000,0.7134,0.7304,0.7058,0.7113,17073429.4
1728144000000,0.7114,0.7127,0.6971,0.7001,11662953.8
1728158400000,0.7001,0.7141,0.6922,0.7095,7136453.0
1728172800000,0.7096,0.7156,0.7031,0.7043,8230835.6
1728187200000,0.7044,0.7145,0.6996,0.7107,8065047.1
1728201600000,0.7108,0.7177,0.7093,0.7132,8427101.0
1728216000000,0.7132,0.7396,0.7115,0.7386,17345369.5
1728230400000,0.7385,0.7434,0.7309,0.7315,11793227.9
1728244800000,0.7315,0.744,0.7225,0.7435,7798277.8
1728259200000,0.7434,0.7697,0.7392,0.7453,25348264.4
1728273600000,0.7454,0.7538,0.7382,0.7468,16436678.1
1728288000000,0.7468,0.7512,0.7174,0.7338,24519994.8
1728302400000,0.7338,0.7575,0.7248,0.7324,27368216.6
1728316800000,0.7325,0.7458,0.7156,0.7272,16082062.7
1728331200000,0.7272,0.7285,0.7037,0.705,11776891.1
1728345600000,0.7049,0.7157,0.7018,0.7135,12577720.3
1728360000000,0.7136,0.7173,0.6831,0.6886,19717107.8
1728374400000,0.6885,0.6962,0.685,0.6952,8184524.6
1728388800000,0.6951,0.7027,0.6752,0.6836,19990452.2
1728403200000,0.6837,0.689,0.6744,0.6831,11588237.2
1728417600000,0.6832,0.6905,0.6778,0.6848,6537257.9
1728432000000,0.6848,0.6923,0.6791,0.6833,7885195.6
1728446400000,0.6832,0.691,0.68,0.6831,6500328.4
1728460800000,0.683,0.6847,0.679,0.6831,4707089.2
1728475200000,0.683,0.683,0.6636,0.6779,18153003.4
1728489600000,0.6778,0.6788,0.6625,0.6671,8533111.7
1728504000000,0.6669,0.6676,0.6549,0.6607,8623022.6
1728518400000,0.6606,0.6812,0.6577,0.6723,12843266.3
1728532800000,0.6723,0.6799,0.6707,0.6731,5350041.0
1728547200000,0.673,0.68,0.6633,0.676,11347678.6
1728561600000,0.676,0.6773,0.6583,0.6684,17816611.3
1728576000000,0.6684,0.6727,0.646,0.666,16929078.2
1728590400000,0.6659,0.6793,0.6629,0.6782,9181863.6
1728604800000,0.6783,0.6835,0.6693,0.6771,9533310.3
1728619200000,0.6772,0.6858,0.674,0.6811,7647907.0
1728633600000,0.6812,0.6918,0.6811,0.6893,9643459.0
1728648000000,0.6894,0.7068,0.6876,0.7045,19574852.7
1728662400000,0.7045,0.7178,0.6995,0.7134,11501735.3
1728676800000,0.7134,0.721,0.707,0.709,6926228.1
1728691200000,0.709,0.7185,0.7035,0.7065,6973448.0
1728705600000,0.7065,0.7149,0.7051,0.7144,4015994.6
1728720000000,0.7143,0.7186,0.7079,0.7136,8906586.7
1728734400000,0.7137,0.7283,0.7093,0.7185,12743298.1
1728748800000,0.7186,0.7235,0.7076,0.7106,6885057.3
1728763200000,0.7106,0.7188,0.7096,0.7129,3490835.4
1728777600000,0.713,0.7175,0.6968,0.6997,10018746.0
1728792000000,0.6997,0.7103,0.6995,0.7054,5760754.3
1728806400000,0.7055,0.7099,0.6913,0.6935,10824974.8
1728820800000,0.6936,0.6989,0.6743,0.6795,13710155.2
1728835200000,0.6794,0.6939,0.6781,0.6896,9842015.9
1728849600000,0.6896,0.7281,0.6879,0.7274,14257640.6
1728864000000,0.7276,0.7389,0.7052,0.7386,16860421.5
1728878400000,0.7385,0.7483,0.7265,0.7461,18045804.3
1728892800000,0.7461,0.7515,0.7359,0.7472,12718879.9
1728907200000,0.7472,0.7593,0.738,0.7556,20280665.0
1728921600000,0.7556,0.767,0.746,0.757,15166355.2
1728936000000,0.7571,0.767,0.7518,0.7613,6836361.3
1728950400000,0.7615,0.7693,0.7468,0.7486,15383791.8
1728964800000,0.7485,0.7623,0.7439,0.755,12569965.2
1728979200000,0.7551,0.7647,0.7305,0.7362,16940251.7
1728993600000,0.7361,0.7791,0.7166,0.736,48688602.6
1729008000000,0.7364,0.7545,0.7361,0.7465,12826131.6
1729022400000,0.7464,0.7493,0.7263,0.7463,8886175.7
1729036800000,0.7463,0.752,0.7322,0.7364,9145500.0
1729051200000,0.7363,0.7418,0.7213,0.7276,9772688.5
1729065600000,0.7276,0.756,0.7269,0.7488,13560153.4
1729080000000,0.7489,0.7502,0.7257,0.7318,17067543.0
1729094400000,0.7317,0.734,0.7233,0.7313,5881643.8
1729108800000,0.7312,0.745,0.7286,0.7291,5912815.0
1729123200000,0.729,0.7392,0.7261,0.734,6052671.3
1729137600000,0.734,0.7345,0.7189,0.7228,6800725.3
1729152000000,0.7228,0.7268,0.7051,0.7069,12091218.6
1729166400000,0.7069,0.726,0.7051,0.7246,12233451.2
1729180800000,0.7245,0.7251,0.7011,0.7061,9894506.4
1729195200000,0.7062,0.7148,0.7056,0.7131,3052371.1
1729209600000,0.7131,0.7391,0.711,0.7216,12678897.8
1729224000000,0.7216,0.7394,0.7216,0.7356,6571782.0
1729238400000,0.7355,0.7375,0.7256,0.726,5815046.8
1729252800000,0.7261,0.7388,0.7226,0.7356,13842897.1
1729267200000,0.7355,0.8127,0.7297,0.8093,95873036.6
1729281600000,0.8094,0.8144,0.7841,0.806,32402890.5
1729296000000,0.8061,0.8196,0.7872,0.802,35808645.5
1729310400000,0.8021,0.8073,0.7875,0.7942,17945567.0
1729324800000,0.7941,0.7966,0.7718,0.7734,23267492.0
1729339200000,0.7733,0.791,0.772,0.7849,12213477.7
1729353600000,0.7849,0.786,0.7735,0.7763,8371399.6
1729368000000,0.7763,0.7919,0.7754,0.7893,5577387.8
1729382400000,0.7893,0.7908,0.7676,0.7727,11852963.7
1729396800000,0.7726,0.7811,0.7697,0.7756,8691519.9
1729411200000,0.7756,0.7821,0.7731,0.7799,5770008.4
1729425600000,0.7799,0.8128,0.7671,0.8078,29406758.3
1729440000000,0.808,0.8248,0.806,0.8179,15087684.5
1729454400000,0.8179,0.8385,0.8161,0.8338,14915787.7
1729468800000,0.8339,0.84,0.8163,0.8204,16385934.4
1729483200000,0.8203,0.8265,0.808,0.8084,10138368.2
1729497600000,0.8084,0.8177,0.792,0.7998,13511152.2
1729512000000,0.7999,0.807,0.7756,0.7814,29754845.7
1729526400000,0.7812,0.7817,0.7661,0.7771,14787775.4
1729540800000,0.7769,0.7871,0.7704,0.7707,8882157.5
1729555200000,0.7705,0.7807,0.7533,0.7763,17685487.2
1729569600000,0.7762,0.7853,0.7665,0.7686,8158607.9
1729584000000,0.7687,0.7692,0.7505,0.7633,14378755.7
1729598400000,0.7632,0.7729,0.752,0.7624,17868801.4
1729612800000,0.7624,0.7697,0.7551,0.7638,7751610.1
1729627200000,0.7638,0.7737,0.7621,0.7675,5217483.6
1729641600000,0.7675,0.7697,0.7475,0.754,8985115.1
1729656000000,0.7541,0.7586,0.7463,0.7482,6955784.5
1729670400000,0.7483,0.7551,0.74,0.7409,12144164.5
1729684800000,0.741,0.7529,0.7266,0.7323,15983824.0
1729699200000,0.7324,0.7385,0.7179,0.7367,15237554.0
1729713600000,0.7367,0.7494,0.7342,0.7473,9034416.4
1729728000000,0.7474,0.7594,0.7421,0.7531,9418408.4
1729742400000,0.7531,0.762,0.7483,0.7495,5967011.2
1729756800000,0.7494,0.7533,0.7359,0.7479,8361981.9
1729771200000,0.7482,0.7605,0.7474,0.7569,10183018.5
1729785600000,0.7567,0.7649,0.7504,0.7645,6078370.0
1729800000000,0.7645,0.7692,0.7569,0.7594,7887897.2
1729814400000,0.7594,0.7619,0.7412,0.7443,9584759.0
1729828800000,0.7442,0.746,0.7227,0.7302,10239694.7
1729843200000,0.73,0.7473,0.7262,0.7439,7987878.9
1729857600000,0.7439,0.75,0.7207,0.7233,12314462.6
1729872000000,0.7231,0.7256,0.6918,0.7056,25627363.1
1729886400000,0.7056,0.7133,0.6268,0.672,40938758.4
1729900800000,0.6719,0.6865,0.6601,0.684,18840810.0
1729915200000,0.684,0.6928,0.68,0.6888,7045154.8
1729929600000,0.6888,0.6971,0.6876,0.6918,5519169.2
1729944000000,0.6917,0.6931,0.6681,0.6739,9088171.5
1729958400000,0.6739,0.6857,0.671,0.6843,4648285.8
1729972800000,0.6844,0.6926,0.6836,0.6865,4008051.6
1729987200000,0.6866,0.6908,0.6789,0.6896,4664917.8
1730001600000,0.6897,0.6908,0.6811,0.6827,3715807.9
1730016000000,0.6827,0.6871,0.6765,0.6795,5076421.6
1730030400000,0.6795,0.698,0.679,0.6902,11660134.5
1730044800000,0.6903,0.6979,0.6859,0.6914,5609435.4
1730059200000,0.6914,0.7061,0.6885,0.6975,5825674.9
1730073600000,0.6974,0.6993,0.6725,0.6753,7740426.4
1730088000000,0.675,0.6956,0.6685,0.6897,9453037.8
1730102400000,0.6898,0.6957,0.684,0.6871,8316159.4
1730116800000,0.6871,0.6881,0.651,0.6541,27527510.2
1730131200000,0.654,0.6708,0.6453,0.6662,13215209.3
1730145600000,0.6617,0.6898,0.6586,0.6781,15540782.6
1730160000000,0.6782,0.712,0.6739,0.7033,24164940.2
1730174400000,0.7033,0.7394,0.7033,0.7157,22952157.8
1730188800000,0.7157,0.7297,0.7151,0.7263,9346799.5
1730203200000,0.7263,0.73,0.7143,0.73,16605878.7
1730217600000,0.7299,0.7426,0.7221,0.7237,15714695.2
1730232000000,0.7237,0.7368,0.7154,0.7349,11169544.9
1730246400000,0.7349,0.7448,0.7233,0.7296,13142052.0
1730260800000,0.7294,0.7363,0.7255,0.7287,7115619.0
1730275200000,0.7286,0.7372,0.7176,0.7182,11853068.0
1730289600000,0.7183,0.7519,0.7153,0.7304,48267456.9
1730304000000,0.7304,0.7378,0.7208,0.7225,7945575.5
1730318400000,0.7224,0.734,0.715,0.7242,10561432.0
1730332800000,0.724,0.7263,0.7111,0.7183,7884359.1
1730347200000,0.7184,0.7195,0.7031,0.709,8402524.6
1730361600000,0.709,0.7146,0.7014,0.7109,7045189.5
1730376000000,0.7109,0.7117,0.6836,0.6954,31152483.1
1730390400000,0.6954,0.7006,0.6877,0.6891,13397838.2
1730404800000,0.6892,0.6965,0.6837,0.6919,6736070.5
1730419200000,0.6918,0.6983,0.6773,0.6893,11706091.1
1730433600000,0.6893,0.6966,0.6782,0.6828,9891593.1
1730448000000,0.6827,0.7015,0.6807,0.6976,11355455.3
1730462400000,0.6976,0.7155,0.6737,0.6813,28384535.5
1730476800000,0.6812,0.6979,0.6716,0.6775,15501288.3
1730491200000,0.6775,0.6786,0.6613,0.6678,9927780.9
1730505600000,0.6678,0.6737,0.6629,0.664,6427499.5
1730520000000,0.664,0.6648,0.6558,0.6566,5940132.7
1730534400000,0.6565,0.66,0.6457,0.6488,10641732.5
1730548800000,0.6488,0.6501,0.6354,0.6377,21323561.1
1730563200000,0.6377,0.6422,0.6312,0.639,8883110.7
1730577600000,0.6391,0.6433,0.6318,0.6373,6245573.6
1730592000000,0.6372,0.6396,0.612,0.6229,20177964.4
1730606400000,0.6229,0.6299,0.6078,0.619,16067551.9
1730620800000,0.619,0.6204,0.6075,0.6089,11325324.0
1730635200000,0.6088,0.6126,0.5875,0.6032,38201478.3
1730649600000,0.6033,0.6175,0.6,0.6171,19823724.4
1730664000000,0.617,0.6379,0.6134,0.6208,19007526.4
1730678400000,0.6207,0.6342,0.61,0.6255,12872271.9
1730692800000,0.6255,0.6288,0.6123,0.6127,7505680.0
1730707200000,0.6126,0.6152,0.5994,0.607,19560350.7
1730721600000,0.6069,0.6158,0.5996,0.6022,15415036.8
1730736000000,0.6022,0.6055,0.5928,0.5998,10831649.5
1730750400000,0.5996,0.6045,0.5802,0.5961,19148591.3
1730764800000,0.596,0.6089,0.5956,0.6052,11576483.1
1730779200000,0.6051,0.617,0.6033,0.6145,7037605.8
1730793600000,0.6146,0.619,0.6067,0.6161,7338097.9
1730808000000,0.6159,0.6486,0.6122,0.6279,29033203.7
1730822400000,0.628,0.6365,0.6101,0.6135,15372778.4
1730836800000,0.6136,0.6301,0.6109,0.6246,9561712.7
1730851200000,0.6247,0.6934,0.6247,0.6839,50458854.5
1730865600000,0.684,0.6971,0.67,0.6787,42434978.0
1730880000000,0.6788,0.711,0.662,0.709,34795112.6
1730894400000,0.7091,0.7136,0.6822,0.6906,21264462.7
1730908800000,0.6907,0.7107,0.6891,0.7101,11847556.8
1730923200000,0.7101,0.7419,0.7059,0.7369,15206946.3
1730937600000,0.7368,0.762,0.721,0.7485,29921608.4
1730952000000,0.7485,0.7512,0.7209,0.7294,18827357.7
1730966400000,0.7294,0.743,0.7286,0.7321,11633645.2
1730980800000,0.7322,0.7594,0.7244,0.7582,21225017.4
1730995200000,0.7582,0.7658,0.7438,0.756,18240891.4
1731009600000,0.7558,0.7613,0.7356,0.7402,13670803.1
1731024000000,0.7404,0.7547,0.7201,0.729,19598360.8
1731038400000,0.7289,0.7417,0.7235,0.7294,10943615.6
1731052800000,0.7294,0.7336,0.7209,0.7255,10914363.4
1731067200000,0.7254,0.75,0.7211,0.7304,26818508.2
1731081600000,0.7304,0.7391,0.7066,0.7328,22174773.0
1731096000000,0.7327,0.7369,0.7164,0.7257,14321511.8
1731110400000,0.7256,0.7301,0.7091,0.7149,13295669.8
1731124800000,0.7148,0.7511,0.7143,0.7342,18362391.4
1731139200000,0.7342,0.7566,0.7315,0.7562,20946367.8
1731153600000,0.7561,0.7572,0.7317,0.7327,21838291.2
1731168000000,0.7327,0.7374,0.7151,0.7286,16229666.4
1731182400000,0.7286,0.7713,0.726,0.7667,15408500.4
1731196800000,0.7667,0.7808,0.7468,0.7728,27506521.5
1731211200000,0.7728,0.7943,0.7662,0.7733,28486479.5
1731225600000,0.7732,0.7954,0.7718,0.7945,18606915.4
1731240000000,0.7945,0.8658,0.7746,0.847,78625098.4
1731254400000,0.8471,0.869,0.8153,0.8232,49065120.9
1731268800000,0.8232,0.8479,0.7846,0.8409,42905059.4
1731283200000,0.841,0.9225,0.8336,0.9116,66689396.8
1731297600000,0.9113,0.9152,0.8451,0.8713,40386754.0
1731312000000,0.871,0.9333,0.8692,0.9227,58695029.1
1731326400000,0.9227,0.9294,0.887,0.9005,54614725.2
1731340800000,0.9005,0.9094,0.8843,0.8886,35342178.5
1731355200000,0.8887,0.96,0.8881,0.9511,36032805.9
1731369600000,0.9513,0.9636,0.9037,0.9415,47931990.3
1731384000000,0.9414,0.9467,0.9185,0.9359,28585204.7
1731398400000,0.9361,0.9433,0.8423,0.8815,78896659.7
1731412800000,0.8814,0.8939,0.8491,0.8732,45424540.2
1731427200000,0.8737,0.8891,0.85,0.8828,21868004.2
1731441600000,0.8831,0.9151,0.8694,0.8846,21097360.5
1731456000000,0.8849,0.8965,0.827,0.8273,35157103.0
1731470400000,0.8271,0.8384,0.79,0.8226,45204093.5
1731484800000,0.8227,0.8299,0.8072,0.822,24952600.8
1731499200000,0.8218,0.9023,0.811,0.8995,63411463.3
1731513600000,0.8996,0.9517,0.8712,0.8736,69531249.3
1731528000000,0.8737,0.8949,0.852,0.8761,30996546.7
1731542400000,0.8762,0.8767,0.8461,0.867,22227084.3
1731556800000,0.867,0.9418,0.8633,0.9252,48510109.6
1731571200000,0.925,0.9469,0.8864,0.9089,49597367.7
1731585600000,0.9091,0.9132,0.8462,0.8507,42991032.7
1731600000000,0.851,0.8772,0.8431,0.8698,27755043.3
1731614400000,0.8695,0.8749,0.8216,0.8304,32213143.1
1731628800000,0.8305,0.8525,0.8209,0.8401,26361826.9
1731643200000,0.8401,0.8496,0.8082,0.8394,23828713.1
1731657600000,0.8394,0.8737,0.8309,0.8733,18565678.7
1731672000000,0.8731,0.8789,0.8246,0.8335,30147470.0
1731686400000,0.8335,0.8595,0.8286,0.8502,17279360.9
1731700800000,0.8502,0.8824,0.8495,0.8755,19701863.9
1731715200000,0.8756,0.9552,0.8685,0.9431,43958201.4
1731729600000,0.9431,0.9465,0.8998,0.9067,24575257.3
1731744000000,0.9067,0.9518,0.9054,0.9513,24785562.0
1731758400000,0.9512,0.9921,0.928,0.9599,73947524.5
1731772800000,0.9598,1.0104,0.9443,0.9881,34859163.3
1731787200000,0.9881,1.0188,0.9754,0.996,32234336.3
1731801600000,0.9961,1.0091,0.926,0.9542,44303376.0
1731816000000,0.9542,0.9796,0.9465,0.9702,23661559.7
1731830400000,0.9704,0.988,0.9318,0.9333,26429114.5
1731844800000,0.9332,0.9521,0.9291,0.936,18900038.5
1731859200000,0.9361,0.9516,0.9165,0.9322,16981389.3
1731873600000,0.9322,0.9351,0.9059,0.9241,18197524.9
1731888000000,0.9241,0.9773,0.9138,0.9771,19830658.1
1731902400000,0.9772,0.9772,0.9514,0.9639,16351006.1
1731916800000,0.9638,0.9741,0.9312,0.9416,18817052.1
1731931200000,0.9418,1.0164,0.9294,1.0149,48631250.9
1731945600000,1.0149,1.0225,0.955,0.9705,44423389.3
1731960000000,0.9705,1.0375,0.9573,1.0294,33413325.1
1731974400000,1.0294,1.0669,0.9953,1.0319,43706993.3
1731988800000,1.0319,1.0864,1.0232,1.0475,55964909.5
1732003200000,1.0478,1.0601,1.0061,1.0333,36497082.3
1732017600000,1.0333,1.0494,0.9948,1.0078,28349384.8
1732032000000,1.0078,1.045,1.0049,1.0186,22424892.9
1732046400000,1.0187,1.0233,0.9842,1.0158,22148614.1
1732060800000,1.0157,1.0161,0.958,0.979,21500423.0
1732075200000,0.9789,0.9978,0.9705,0.9972,11938534.2
1732089600000,0.9971,1.0398,0.9931,1.0077,27632945.8
1732104000000,1.0076,1.0294,0.9932,1.0054,30638767.0
1732118400000,1.0054,1.0108,0.947,0.9576,30065519.3
1732132800000,0.9575,0.9975,0.9502,0.9677,16748176.5
1732147200000,0.9678,1.0075,0.9463,0.976,33480120.8
1732161600000,0.9761,1.0325,0.9711,0.9971,28698275.1
1732176000000,0.9971,1.0045,0.9574,0.977,20921021.8
1732190400000,0.977,1.0285,0.9723,0.9854,47750449.6
1732204800000,0.9856,1.0313,0.9854,1.0109,24388773.1
1732219200000,1.0108,1.0293,1.0042,1.0099,11283113.4
1732233600000,1.0099,1.0211,0.9882,1.0057,20116325.0
1732248000000,1.0059,1.0197,0.9883,0.9893,19275695.4
1732262400000,0.9894,0.9997,0.9751,0.9877,14184275.1
1732276800000,0.9876,1.0013,0.9513,0.9879,32606064.9
1732291200000,0.988,0.9916,0.9607,0.9735,14823975.2
1732305600000,0.9734,1.0481,0.9675,1.0399,22446350.1
1732320000000,1.0402,1.0574,1.0061,1.0463,43769695.3
1732334400000,1.0462,1.0908,1.0285,1.0875,20067602.6
1732348800000,1.0875,1.0978,1.0673,1.0868,23251491.1
1732363200000,1.0869,1.1223,1.081,1.0911,32983991.9
1732377600000,1.0912,1.1067,1.0464,1.0565,35252450.9
1732392000000,1.0564,1.0714,1.0105,1.0519,26012641.5
1732406400000,1.052,1.074,1.0428,1.0669,18104404.2
1732420800000,1.0669,1.0768,1.0446,1.0737,20550241.1
1732435200000,1.0737,1.0773,0.9973,0.9991,31877289.5
1732449600000,0.9988,1.0113,0.9607,0.9785,48028653.0
1732464000000,0.9787,1.0196,0.9705,1.014,18354088.8
1732478400000,1.0139,1.0692,1.0114,1.0654,16935369.9
1732492800000,1.0652,1.1058,1.045,1.0807,36027696.5
1732507200000,1.0807,1.1173,1.0531,1.0671,19807223.8
1732521600000,1.0672,1.094,1.0549,1.0633,19917198.2
1732536000000,1.0634,1.0711,0.9983,1.0505,42431798.1
1732550400000,1.0505,1.0676,1.0156,1.0323,23424592.9
1732564800000,1.0323,1.055,0.9926,1.0108,18109779.1
1732579200000,1.0108,1.0427,1.0003,1.0294,15502650.8
1732593600000,1.0291,1.0546,1.0073,1.0181,15709216.3
1732608000000,1.018,1.0191,0.9481,0.9766,38882458.7
1732622400000,0.9766,1.0053,0.9561,0.9736,27669219.4
1732636800000,0.9738,1.0115,0.9657,0.9926,22366739.5
1732651200000,0.9924,1.0229,0.9876,1.0195,12888865.1
1732665600000,1.0196,1.0296,0.9977,1.0188,17108134.4
1732680000000,1.0189,1.0429,1.0157,1.0371,13871648.9
1732694400000,1.037,1.0473,1.0166,1.0332,14124070.2
1732708800000,1.0333,1.0588,1.0134,1.0502,20590392.6
1732723200000,1.0503,1.08,1.0373,1.0678,21933159.1
1732737600000,1.0677,1.0949,1.0639,1.0948,15387360.7
1732752000000,1.0946,1.0948,1.0517,1.0652,17792992.2
1732766400000,1.0653,1.0887,1.0604,1.0687,13067912.0
1732780800000,1.0688,1.0836,1.0523,1.0705,13622231.6
1732795200000,1.0704,1.0818,1.053,1.0541,19685939.9
1732809600000,1.0541,1.1061,1.054,1.0884,18302946.0
1732824000000,1.0886,1.1169,1.0725,1.1012,12307519.5
1732838400000,1.1012,1.1041,1.0801,1.0896,12555589.3
1732852800000,1.0896,1.095,1.0666,1.0666,10546201.7
1732867200000,1.0666,1.1121,1.0666,1.1112,7995913.7
1732881600000,1.1114,1.1365,1.104,1.1264,24899990.3
1732896000000,1.1264,1.1578,1.1244,1.1536,16801296.7
1732910400000,1.1536,1.1958,1.1496,1.17,15315374.8
1732924800000,1.17,1.2511,1.1575,1.2339,49710235.7
1732939200000,1.234,1.2414,1.188,1.2201,22925099.5
1732953600000,1.2201,1.276,1.2129,1.218,41662488.3
1732968000000,1.218,1.2819,1.2169,1.2524,26802066.4
1732982400000,1.2525,1.2542,1.2288,1.2435,11866965.9
1732996800000,1.2436,1.2528,1.2282,1.2303,9197687.9
1733011200000,1.2303,1.2866,1.2242,1.2526,31803373.5
1733025600000,1.2526,1.2713,1.2244,1.2387,16777838.9
1733040000000,1.2386,1.2537,1.2247,1.2432,9251743.7
1733054400000,1.2432,1.2679,1.2335,1.2513,11075746.2
1733068800000,1.2512,1.2572,1.2321,1.2427,7592820.9
1733083200000,1.2427,1.3011,1.2231,1.2819,19017985.4
1733097600000,1.2821,1.3012,1.2056,1.2164,29150708.0
1733112000000,1.2164,1.2337,1.2006,1.2096,19456204.9
1733126400000,1.2096,1.2119,1.1364,1.1742,34371744.7
1733140800000,1.174,1.2811,1.1701,1.2589,38650384.3
1733155200000,1.259,1.2608,1.2037,1.2449,26755179.2
1733169600000,1.2445,1.5028,1.2428,1.4835,60710085.6
1733184000000,1.4838,1.8,1.4113,1.7082,196341897.3
1733198400000,1.7082,1.7566,1.588,1.6913,106507079.4
1733212800000,1.6914,1.8285,1.6463,1.6581,129431835.3
1733227200000,1.6582,1.7489,1.5387,1.7242,155570934.8
1733241600000,1.7243,1.7685,1.6141,1.6174,71791159.8
1733256000000,1.6174,1.7231,1.6038,1.6356,40692525.8
1733270400000,1.6356,1.8923,1.6342,1.8887,91733099.9
1733284800000,1.8887,1.954,1.7745,1.8,70050903.3
1733299200000,1.8002,1.8713,1.7899,1.8012,44220910.4
1733313600000,1.8013,1.8138,1.7318,1.7769,41997227.3
1733328000000,1.7767,1.8831,1.7397,1.821,63480462.5
1733342400000,1.8211,1.8631,1.7231,1.7359,36475366.7
1733356800000,1.7361,1.8053,1.6506,1.7247,67919891.8
1733371200000,1.7247,1.7778,1.6952,1.7468,27539297.2
1733385600000,1.747,1.8391,1.7469,1.7901,23854659.7
1733400000000,1.7901,1.8048,1.7228,1.7443,23411308.2
1733414400000,1.7442,1.7678,1.6982,1.7024,19164301.8
1733428800000,1.7024,1.7294,1.6338,1.6778,32053098.1
1733443200000,1.6778,1.742,1.657,1.7076,23579016.9
1733457600000,1.7076,1.7361,1.6983,1.7117,11679460.3
1733472000000,1.7117,1.7297,1.6222,1.6544,30279774.5
1733486400000,1.6544,1.7081,1.6128,1.68,28990955.2
1733500800000,1.68,1.7105,1.6707,1.693,12812451.9
1733515200000,1.693,1.781,1.6897,1.7799,23296466.4
1733529600000,1.78,1.78,1.7021,1.7156,21566590.3
1733544000000,1.7155,1.7339,1.68,1.6944,9528757.7
1733558400000,1.6944,1.7298,1.68,1.7138,11733531.1
1733572800000,1.7136,1.7343,1.6841,1.7018,10028370.4
1733587200000,1.7018,1.7029,1.6644,1.6667,10786224.9
1733601600000,1.6669,1.6966,1.665,1.6788,6954659.6
1733616000000,1.6788,1.7218,1.6582,1.7121,14189611.2
1733630400000,1.7121,1.7285,1.6804,1.7116,14030304.4
1733644800000,1.7115,1.7132,1.6434,1.6981,21525643.0
1733659200000,1.698,1.7509,1.6687,1.6856,21813469.2
1733673600000,1.6856,1.6983,1.6588,1.674,10489201.0
1733688000000,1.674,1.6941,1.6605,1.6896,7275092.2
1733702400000,1.6898,1.6902,1.5794,1.5967,33851747.7
1733716800000,1.5967,1.6183,1.5641,1.5844,22521401.1
1733731200000,1.5844,1.5875,1.52,1.5379,31844130.3
1733745600000,1.5378,1.659,1.5218,1.6054,42152235.5
1733760000000,1.6054,1.6299,1.5839,1.5883,15665869.7
1733774400000,1.5886,1.6709,1.2735,1.5172,106751917.1
1733788800000,1.517,1.5447,1.3937,1.4788,50584659.4
1733803200000,1.4787,1.6854,1.4558,1.62,56546116.1
1733817600000,1.6199,1.68,1.5756,1.6226,43554504.2
1733832000000,1.6228,1.6589,1.55,1.5605,68462065.3
1733846400000,1.561,1.5927,1.4662,1.5641,70850406.9
1733860800000,1.5639,1.7443,1.5507,1.7319,50864875.5
1733875200000,1.732,1.7547,1.6093,1.6897,59217086.9
1733889600000,1.6897,1.7169,1.6361,1.6395,31168406.5
1733904000000,1.6395,1.772,1.6337,1.7455,43678883.3
1733918400000,1.7455,1.8207,1.7428,1.7806,57491972.1
1733932800000,1.7808,1.7837,1.6961,1.7442,32453619.3
1733947200000,1.7443,1.8387,1.7378,1.786,28459478.2
1733961600000,1.7861,1.897,1.7529,1.8383,50598134.1
1733976000000,1.8383,1.9041,1.8299,1.8532,34641205.6
1733990400000,1.8529,1.9299,1.8249,1.8499,42832302.0
1734004800000,1.85,1.8599,1.79,1.8061,34935886.9
1734019200000,1.8061,1.8472,1.7455,1.7523,25791314.2
1734033600000,1.7523,1.7906,1.7308,1.7538,22554401.5
1734048000000,1.7538,1.8994,1.7469,1.8456,58594312.3
1734062400000,1.8456,1.8649,1.7904,1.8217,30805905.5
1734076800000,1.8217,1.8917,1.8029,1.865,24084914.0
1734091200000,1.8652,1.9909,1.8431,1.9164,85424695.3
1734105600000,1.9163,1.9784,1.9022,1.9543,41825876.8
1734120000000,1.9544,1.9779,1.9179,1.9723,25295950.2
1734134400000,1.9727,2.008,1.9154,1.9385,42257687.8
1734148800000,1.9385,1.9428,1.8914,1.9264,23647247.6
1734163200000,1.9265,1.9352,1.8736,1.8809,23160387.6
1734177600000,1.8809,1.8863,1.8158,1.8568,47332632.4
1734192000000,1.8568,1.8723,1.7978,1.827,30825132.8
1734206400000,1.8272,1.9236,1.7993,1.8852,28254134.6
1734220800000,1.885,1.8918,1.8313,1.8428,24523783.4
1734235200000,1.8427,1.8654,1.7728,1.7842,24162424.8
1734249600000,1.7841,1.8355,1.7787,1.8142,21105370.7
1734264000000,1.8143,1.874,1.8065,1.8585,29266513.0
1734278400000,1.8585,1.9498,1.8203,1.8727,52428027.4
1734292800000,1.8727,2.0847,1.7999,2.0405,136143853.0
1734307200000,2.0404,2.1465,1.991,2.0065,97913391.8
1734321600000,2.0066,2.1089,1.9972,2.0878,50679502.8
1734336000000,2.0877,2.0878,1.9908,2.0045,47420391.8
1734350400000,2.0045,2.056,1.976,2.0528,50528613.8
1734364800000,2.0528,2.0759,1.993,2.0712,38304002.7
1734379200000,2.0712,2.0724,2.0049,2.0177,24700877.4
1734393600000,2.0176,2.0478,1.9512,2.0329,38622109.3
1734408000000,2.0329,2.0383,1.9827,1.9933,22599838.8
1734422400000,1.9932,2.0069,1.9621,1.9752,24195791.1
1734436800000,1.9751,1.9974,1.8888,1.9019,43112380.1
1734451200000,1.902,1.9498,1.8844,1.9427,24081286.4
1734465600000,1.9427,1.9492,1.8846,1.9343,22851356.8
1734480000000,1.9347,2.0,1.8889,1.9048,38457648.6
1734494400000,1.9049,1.9876,1.8588,1.9678,48722351.5
1734508800000,1.9679,2.0211,1.9465,2.0099,30294187.5
1734523200000,2.0099,2.0148,1.9125,1.936,38203132.9
1734537600000,1.9359,1.9979,1.9057,1.9076,41035955.8
1734552000000,1.9067,1.9343,1.7902,1.8151,86754462.2
1734566400000,1.8153,1.8976,1.7113,1.8916,73519964.3
1734580800000,1.8924,1.9368,1.8651,1.9056,44602426.2
1734595200000,1.9055,1.9333,1.8834,1.9134,26086181.8
1734609600000,1.9135,1.9209,1.7964,1.8258,52258900.7
1734624000000,1.8256,1.8428,1.6818,1.712,85109581.0
1734638400000,1.7124,1.7943,1.662,1.7414,49783360.8
1734652800000,1.7414,1.8032,1.7068,1.7594,37734758.8
1734667200000,1.7594,1.7679,1.654,1.6898,41880004.0
1734681600000,1.6893,1.6893,1.4766,1.4791,113336334.2
1734696000000,1.4792,1.748,1.4754,1.7106,100246104.5
1734710400000,1.7105,1.7938,1.69,1.7804,43130265.5
1734724800000,1.7798,1.83,1.7266,1.7974,40964129.7
1734739200000,1.7972,1.8771,1.7517,1.8578,42316452.0
1734753600000,1.8579,1.9248,1.8433,1.8533,41122227.7
1734768000000,1.8531,1.8659,1.8003,1.815,32800272.4
1734782400000,1.815,1.8152,1.6912,1.7308,68203547.8
1734796800000,1.7309,1.7454,1.6501,1.6776,39081798.5
1734811200000,1.6774,1.6973,1.6393,1.6753,22659117.1
1734825600000,1.6754,1.7151,1.61,1.6579,38089929.5
1734840000000,1.6576,1.6619,1.596,1.6406,29008251.9
1734854400000,1.6404,1.7157,1.6377,1.6649,34324458.9
1734868800000,1.6649,1.6843,1.6047,1.6174,36096614.2
1734883200000,1.6172,1.6575,1.5889,1.6,29754934.5
1734897600000,1.6002,1.6425,1.5748,1.6156,23739933.7
1734912000000,1.6154,1.6534,1.5728,1.6498,48870584.4
1734926400000,1.6499,1.6602,1.5708,1.5965,30429937.2
1734940800000,1.5964,1.6299,1.5854,1.6113,19111300.6
1734955200000,1.6115,1.6278,1.5379,1.551,35116598.2
1734969600000,1.5509,1.6506,1.5463,1.6332,34345922.5
1734984000000,1.6332,1.734,1.6318,1.678,36879187.6
1734998400000,1.6781,1.6801,1.6261,1.6532,25501126.7
1735012800000,1.6531,1.6658,1.6212,1.6346,16267571.3
1735027200000,1.6346,1.649,1.6,1.6302,16867272.2
1735041600000,1.6301,1.7133,1.6143,1.7011,32401957.5
1735056000000,1.701,1.737,1.674,1.6752,22158826.2
1735070400000,1.6752,1.7242,1.6531,1.7102,16626989.6
1735084800000,1.7103,1.712,1.6537,1.6573,17393674.8
1735099200000,1.6574,1.6872,1.6432,1.6459,16234416.7
1735113600000,1.6459,1.6892,1.6311,1.6346,17108072.1
1735128000000,1.6347,1.6456,1.6159,1.6205,14892563.9
1735142400000,1.6206,1.6326,1.6001,1.6285,11122597.5
1735156800000,1.6288,1.6353,1.6,1.6086,11336026.9
1735171200000,1.6089,1.6272,1.54,1.5427,25570540.5
1735185600000,1.5427,1.5428,1.4916,1.4962,36477688.7
1735200000000,1.4963,1.5065,1.4593,1.4867,40682263.1
1735214400000,1.4866,1.4956,1.4489,1.4518,30161513.5
1735228800000,1.4518,1.4753,1.437,1.4588,18608689.6
1735243200000,1.4587,1.4732,1.435,1.45,15377924.1
1735257600000,1.4501,1.5273,1.4255,1.5017,47762175.9
1735272000000,1.5017,1.5156,1.4428,1.4573,26391802.4
1735286400000,1.4574,1.5369,1.4574,1.5077,31935859.7
1735300800000,1.5078,1.5103,1.438,1.4519,25080137.5
1735315200000,1.452,1.48,1.4374,1.4646,18111124.4
1735329600000,1.4645,1.4681,1.4218,1.436,18427111.6
1735344000000,1.436,1.4392,1.38,1.3914,26024401.0
1735358400000,1.3915,1.398,1.3586,1.3702,24410102.0
1735372800000,1.3703,1.4789,1.3671,1.4584,38816592.5
1735387200000,1.4584,1.4843,1.4263,1.461,29334162.9
1735401600000,1.4609,1.5387,1.448,1.5164,29938426.5
1735416000000,1.5164,1.5243,1.4886,1.4959,11464839.4
1735430400000,1.496,1.499,1.4514,1.4646,17720843.8
1735444800000,1.4644,1.4705,1.4434,1.4657,12330053.1
1735459200000,1.4659,1.4661,1.4464,1.4489,11305871.7
1735473600000,1.449,1.4614,1.4223,1.4259,18090553.9
1735488000000,1.426,1.4343,1.4171,1.4208,10006375.8
1735502400000,1.4208,1.4228,1.3819,1.3901,16370579.2
1735516800000,1.3901,1.4349,1.3774,1.3987,21490332.0
1735531200000,1.3987,1.4188,1.3641,1.3793,21216098.5
1735545600000,1.3794,1.3936,1.3636,1.3743,14801867.4
1735560000000,1.3741,1.3912,1.3191,1.3407,37083664.0
1735574400000,1.3408,1.3875,1.3251,1.3863,21334664.1
1735588800000,1.3864,1.4192,1.3493,1.3671,24070242.7
1735603200000,1.3673,1.3681,1.3288,1.3311,16310068.8
1735617600000,1.331,1.3458,1.3126,1.3377,19537886.8
1735632000000,1.3374,1.3947,1.3338,1.3651,22669055.3
1735646400000,1.3651,1.4319,1.3547,1.3942,34663805.0
1735660800000,1.3941,1.4035,1.3416,1.3668,20656627.5
1735675200000,1.3667,1.3697,1.34,1.3457,9400193.2
1735689600000,1.3456,1.3686,1.3288,1.3389,12494629.8
1735704000000,1.3389,1.3424,1.32,1.3352,10476643.3
1735718400000,1.3352,1.3389,1.312,1.3313,13942550.3
1735732800000,1.3313,1.3788,1.3313,1.3734,16759651.0
1735747200000,1.3735,1.4328,1.3601,1.4305,30043371.3
1735761600000,1.4303,1.4772,1.4279,1.459,26494901.1
1735776000000,1.4589,1.4974,1.4364,1.4542,23935717.0
1735790400000,1.4543,1.4844,1.4437,1.4775,15614144.3
1735804800000,1.4775,1.5085,1.4565,1.4951,24898034.9
1735819200000,1.4952,1.529,1.4551,1.4585,35784009.2
1735833600000,1.4585,1.4748,1.4373,1.4392,18129818.6
1735848000000,1.4392,1.4521,1.4205,1.4446,13134170.3
1735862400000,1.4446,1.4691,1.4222,1.4559,17056368.9
1735876800000,1.456,1.4593,1.4253,1.4277,10662923.3
1735891200000,1.4276,1.4916,1.4155,1.4883,20447239.0
1735905600000,1.4887,1.5751,1.4833,1.5653,36240953.2
1735920000000,1.5653,1.58,1.5434,1.5616,27155173.8
1735934400000,1.5613,1.6173,1.544,1.6053,22020703.4
1735948800000,1.6054,1.6184,1.5639,1.5939,22276616.8
1735963200000,1.5944,1.6055,1.5715,1.5991,14019754.8
1735977600000,1.5988,1.6049,1.5621,1.5695,17587607.3
1735992000000,1.5697,1.642,1.5633,1.5684,31063925.4
1736006400000,1.5684,1.595,1.5646,1.5837,12644595.6
1736020800000,1.5837,1.6115,1.5761,1.5775,11297840.7
1736035200000,1.5776,1.5803,1.5361,1.5649,18235375.9
1736049600000,1.5652,1.5738,1.5449,1.5462,9553158.2
1736064000000,1.5463,1.5503,1.5194,1.5325,15201447.2
1736078400000,1.5325,1.5463,1.5061,1.5362,16756593.4
1736092800000,1.5362,1.5585,1.53,1.5463,10405351.3
1736107200000,1.5462,1.5655,1.5365,1.545,8252616.6
1736121600000,1.5451,1.5673,1.5055,1.5427,20680558.1
1736136000000,1.5427,1.5543,1.5204,1.5294,13430810.5
1736150400000,1.5295,1.5334,1.4973,1.5194,14060986.7
1736164800000,1.5194,1.5712,1.4903,1.56,33137384.4
1736179200000,1.5599,1.5966,1.5226,1.5388,29715176.0
1736193600000,1.5384,1.5503,1.51,1.522,12900211.1
1736208000000,1.5221,1.5361,1.5057,1.5237,14708011.4
1736222400000,1.5237,1.5412,1.5134,1.522,9251287.1
1736236800000,1.5221,1.5449,1.4902,1.5027,15633511.0
1736251200000,1.5027,1.5154,1.4001,1.4284,53732367.2
1736265600000,1.4289,1.4432,1.367,1.3727,34166845.8
1736280000000,1.3727,1.3878,1.3541,1.3667,20576316.1
1736294400000,1.3666,1.3835,1.328,1.3398,24053654.0
1736308800000,1.3397,1.3458,1.2971,1.3193,30898517.3
1736323200000,1.3192,1.3435,1.3002,1.3061,19510351.7
1736337600000,1.3059,1.3112,1.2514,1.2612,49537403.6
1736352000000,1.2613,1.271,1.1812,1.2634,69387471.2
1736366400000,1.2633,1.3179,1.2507,1.3117,24075143.8
1736380800000,1.3116,1.3191,1.2638,1.2707,30755188.4
1736395200000,1.2706,1.2872,1.226,1.23,23638873.3
1736409600000,1.2302,1.259,1.2161,1.2375,26745231.3
1736424000000,1.2371,1.2678,1.1909,1.2568,40827412.0
1736438400000,1.2567,1.265,1.2101,1.2198,35357552.6
1736452800000,1.2198,1.2332,1.1942,1.2076,22307662.7
1736467200000,1.2076,1.2622,1.2074,1.2503,19839758.2
1736481600000,1.2503,1.2997,1.2361,1.2824,26469662.7
1736496000000,1.2823,1.3482,1.2707,1.2915,37874510.5
1736510400000,1.2918,1.2987,1.2194,1.2532,62537714.9
1736524800000,1.2532,1.2994,1.232,1.288,24580953.4
1736539200000,1.288,1.29,1.2629,1.2657,9100513.2
1736553600000,1.2657,1.2739,1.2349,1.2421,15135232.6
1736568000000,1.2422,1.2615,1.2357,1.2498,10291084.8
1736582400000,1.2497,1.278,1.2357,1.2722,10940435.3
1736596800000,1.2722,1.2748,1.2436,1.2512,13306110.5
1736611200000,1.2513,1.2635,1.2384,1.2475,12617633.8
1736625600000,1.2476,1.3143,1.2432,1.2717,21327250.2
1736640000000,1.2718,1.2727,1.2468,1.2568,12690613.5
1736654400000,1.2567,1.2599,1.2396,1.2495,6410017.5
1736668800000,1.2496,1.2498,1.2208,1.2382,12867251.5
1736683200000,1.2382,1.2574,1.2276,1.2514,10310059.6
1736697600000,1.2514,1.2557,1.229,1.2303,8580238.5
1736712000000,1.2303,1.2375,1.1946,1.2074,15082126.5
1736726400000,1.2075,1.2409,1.15,1.1592,48922578.4
1736740800000,1.1592,1.1757,1.1279,1.1384,28411435.4
1736755200000,1.1385,1.1404,1.0849,1.094,45524740.5
1736769600000,1.0938,1.2193,1.093,1.195,92638486.6
1736784000000,1.1949,1.2265,1.1487,1.1556,55210624.4
1736798400000,1.1555,1.2446,1.1435,1.2194,44316064.3
1736812800000,1.2194,1.2195,1.1803,1.1812,33585622.4
1736827200000,1.1814,1.2031,1.1717,1.1728,19191212.8
1736841600000,1.1729,1.2187,1.1707,1.2001,43014189.1
1736856000000,1.2001,1.2201,1.1821,1.1958,31407960.8
1736870400000,1.1956,1.1986,1.1739,1.1813,19886738.6
1736884800000,1.1813,1.1978,1.171,1.1901,14594665.4
1736899200000,1.1901,1.1995,1.1347,1.1535,40554600.8
1736913600000,1.1536,1.1794,1.1431,1.176,23462812.0
1736928000000,1.176,1.1786,1.1381,1.1489,27308353.4
1736942400000,1.1489,1.246,1.139,1.2321,62102393.6
1736956800000,1.2319,1.2513,1.2151,1.2388,26383311.7
1736971200000,1.2389,1.297,1.2344,1.2873,27514939.5
1736985600000,1.2874,1.3,1.2248,1.2348,35278432.3
1737000000000,1.2348,1.2453,1.227,1.232,13716398.2
1737014400000,1.232,1.2392,1.1945,1.235,40602337.8
1737028800000,1.235,1.285,1.2058,1.238,65791547.1
1737043200000,1.2381,1.2773,1.2316,1.2695,25131479.9
1737057600000,1.2695,1.2776,1.1982,1.2148,41166651.8
1737072000000,1.215,1.2507,1.2077,1.2246,33723189.8
1737086400000,1.2245,1.246,1.2242,1.2358,15136094.9
1737100800000,1.2355,1.2676,1.2349,1.2566,27851542.0
1737115200000,1.2566,1.2579,1.2264,1.2409,45477570.1
1737129600000,1.2407,1.3116,1.2367,1.2484,66092045.1
1737144000000,1.2483,1.318,1.2436,1.3059,50464224.5
1737158400000,1.3058,1.4814,1.2932,1.3643,188962485.1
1737172800000,1.3643,1.3909,1.3117,1.359,114558106.2
1737187200000,1.3589,1.3601,1.3103,1.3318,82626571.0
1737201600000,1.3317,1.3318,1.1561,1.2141,238055962.7
1737216000000,1.2141,1.2192,1.1772,1.216,69014366.9
1737230400000,1.2159,1.3047,1.1935,1.2969,52882154.7
1737244800000,1.2968,1.427,1.2701,1.3478,123200286.3
1737259200000,1.3476,1.363,1.3095,1.3555,54868112.0
1737273600000,1.3555,1.4377,1.3155,1.3735,131725036.5
1737288000000,1.3731,1.4879,1.3708,1.4313,131465910.4
1737302400000,1.4314,1.5495,1.4308,1.4878,99024413.7
1737316800000,1.4878,1.4893,1.3223,1.3629,145687706.1
1737331200000,1.3628,1.3864,1.2922,1.3147,111550219.2
1737345600000,1.3146,1.4711,1.2978,1.4382,115670984.7
1737360000000,1.4382,1.4936,1.4028,1.4223,72582772.7
1737374400000,1.422,1.424,1.3525,1.3562,93093423.2
1737388800000,1.3562,1.3789,1.2688,1.3255,101744736.3
1737403200000,1.3255,1.3402,1.2721,1.2923,43930768.9
1737417600000,1.2924,1.2945,1.2427,1.274,57722822.4
1737432000000,1.2741,1.346,1.258,1.3016,56102926.2
1737446400000,1.3016,1.3454,1.2904,1.3271,46818967.4
1737460800000,1.3272,1.3458,1.2873,1.3115,43861224.2
1737475200000,1.3114,1.4226,1.3055,1.3919,59055003.8
1737489600000,1.392,1.4003,1.3532,1.3613,32341009.0
1737504000000,1.361,1.3949,1.3309,1.3357,31354366.7
1737518400000,1.3356,1.3444,1.3098,1.3123,25141506.5
1737532800000,1.3123,1.3246,1.2969,1.3183,26409466.0
1737547200000,1.3183,1.3314,1.2978,1.3162,43820707.0
1737561600000,1.3163,1.3293,1.2906,1.3103,28876139.7
1737576000000,1.3102,1.3237,1.2762,1.2896,19951792.8
1737590400000,1.2896,1.2979,1.255,1.2761,26709286.1
1737604800000,1.2762,1.2854,1.2558,1.2757,19753960.6
1737619200000,1.2758,1.2787,1.2491,1.2616,15158006.4
1737633600000,1.2616,1.3974,1.2555,1.3519,146114199.5
1737648000000,1.352,1.4065,1.323,1.3309,70345578.6
1737662400000,1.331,1.3872,1.2898,1.3461,67985690.3
1737676800000,1.3461,1.373,1.2994,1.3266,48938663.7
1737691200000,1.3264,1.443,1.3179,1.4351,49044669.7
1737705600000,1.4351,1.4973,1.414,1.4836,84908966.4
1737720000000,1.4836,1.5294,1.4649,1.4833,95408478.3
1737734400000,1.4834,1.5118,1.4529,1.4593,51182801.6
1737748800000,1.4594,1.4694,1.3774,1.4027,53126733.5
1737763200000,1.4028,1.4619,1.367,1.4561,75297365.0
1737777600000,1.4557,1.4583,1.4115,1.4296,39782451.1
1737792000000,1.4295,1.4498,1.3956,1.4189,35023137.7
1737806400000,1.4189,1.4493,1.4029,1.4159,37416366.8
1737820800000,1.4158,1.4919,1.4004,1.468,55522296.7
1737835200000,1.468,1.49,1.4294,1.4342,27854453.5
1737849600000,1.4343,1.497,1.4268,1.454,42904161.7
1737864000000,1.4539,1.4733,1.4351,1.4423,23147365.3
1737878400000,1.4424,1.4469,1.405,1.4134,24321625.8
1737892800000,1.4134,1.4644,1.4086,1.434,33583766.2
1737907200000,1.4341,1.4681,1.4247,1.4357,20517190.1
1737921600000,1.4357,1.4393,1.365,1.3682,34056240.1
1737936000000,1.3682,1.3912,1.3086,1.323,83199633.1
1737950400000,1.323,1.3256,1.264,1.2964,75388958.5
1737964800000,1.2966,1.3066,1.2679,1.2698,46949893.3
1737979200000,1.2699,1.3457,1.2588,1.3197,70068925.1
1737993600000,1.3197,1.3209,1.27,1.293,29968940.3
1738008000000,1.2929,1.3716,1.2916,1.3345,38387130.7
1738022400000,1.3347,1.3498,1.3021,1.3208,22096064.8
1738036800000,1.321,1.3597,1.32,1.3314,24334967.4
1738051200000,1.3317,1.352,1.3199,1.3245,22196069.3
1738065600000,1.3245,1.3878,1.306,1.3798,71601795.7
1738080000000,1.3796,1.4385,1.3543,1.4086,72534261.3
1738094400000,1.4085,1.4138,1.3159,1.3314,50979199.1
1738108800000,1.3315,1.3839,1.3173,1.3708,39757291.1
1738123200000,1.3708,1.4283,1.3652,1.3963,32110621.3
1738137600000,1.3963,1.4329,1.377,1.4311,33388882.4
1738152000000,1.4311,1.4329,1.3687,1.4072,54163047.0
1738166400000,1.4073,1.4893,1.3856,1.4661,91042258.0
1738180800000,1.4658,1.5464,1.4537,1.4659,77055809.7
1738195200000,1.4659,1.5499,1.4398,1.5448,59175453.4
1738209600000,1.5446,1.6087,1.5322,1.5652,84839706.8
1738224000000,1.5652,1.5955,1.5652,1.5765,41030882.0
1738238400000,1.5763,1.6391,1.5432,1.6034,67299848.4
1738252800000,1.6035,1.619,1.5741,1.6001,31341048.6
1738267200000,1.6003,1.6125,1.5616,1.564,23617029.4
1738281600000,1.564,1.5948,1.5487,1.5657,35553548.8
1738296000000,1.5657,1.5672,1.5361,1.5417,23269697.3
1738310400000,1.5413,1.5643,1.52,1.5615,35123032.5
1738324800000,1.5616,1.5755,1.5273,1.5537,40757590.0
1738339200000,1.5535,1.5907,1.4897,1.5024,55959989.8
1738353600000,1.5023,1.5091,1.4683,1.4869,27545046.6
1738368000000,1.487,1.4984,1.4629,1.4715,23598857.5
1738382400000,1.4717,1.4824,1.4466,1.4509,18886891.8
1738396800000,1.451,1.4595,1.4216,1.4383,32370724.7
1738411200000,1.4383,1.4435,1.4024,1.4187,25533241.6
1738425600000,1.4187,1.4536,1.3889,1.394,36949545.1
1738440000000,1.394,1.396,1.325,1.3411,47026041.1
1738454400000,1.3412,1.3944,1.3005,1.302,62587939.5
1738468800000,1.3021,1.3402,1.2975,1.3172,37564199.9
1738483200000,1.3173,1.3504,1.3006,1.3047,30957200.5
1738497600000,1.305,1.3307,1.2832,1.3074,48472659.0
1738512000000,1.3074,1.3076,1.1793,1.2482,100304607.5
1738526400000,1.2483,1.2763,1.1748,1.2522,84500358.6
1738540800000,1.2524,1.2536,0.9029,1.1302,279258799.8
1738555200000,1.1304,1.2634,1.0818,1.2548,88486322.1
1738569600000,1.255,1.2594,1.2003,1.2239,71078211.6
1738584000000,1.2237,1.3754,1.1593,1.3489,174265141.6
1738598400000,1.349,1.4449,1.3236,1.4232,116990526.1
1738612800000,1.4233,1.4382,1.3665,1.4063,56780769.0
1738627200000,1.4063,1.4449,1.3831,1.3991,43992585.5
1738641600000,1.3989,1.4106,1.2918,1.3075,96810599.0
1738656000000,1.3072,1.3847,1.2902,1.3586,69135899.1
1738670400000,1.3586,1.4686,1.3569,1.4232,122910109.1
1738684800000,1.4237,1.5,1.3759,1.3809,98012683.0
1738699200000,1.3808,1.4174,1.3333,1.3524,118943553.6
1738713600000,1.3525,1.3903,1.3373,1.3559,44157205.2
1738728000000,1.3559,1.3757,1.3412,1.3602,30852263.7
1738742400000,1.3601,1.4563,1.3486,1.4404,77779375.3
1738756800000,1.4403,1.4694,1.3659,1.3796,87698244.2
1738771200000,1.3791,1.3858,1.2956,1.322,78090952.3
1738785600000,1.322,1.3347,1.2843,1.3085,54241722.4
1738800000000,1.3084,1.3774,1.303,1.3631,51149931.0
1738814400000,1.3629,1.4222,1.3618,1.4025,52983088.8
1738828800000,1.4025,1.4156,1.3709,1.3923,54755238.9
1738843200000,1.3922,1.3967,1.3118,1.3341,159115469.7
1738857600000,1.3339,1.3612,1.2808,1.3252,97825207.1
1738872000000,1.3254,1.3852,1.302,1.3527,84694182.5
1738886400000,1.3526,1.3875,1.3343,1.3796,63320413.6
1738900800000,1.3796,1.4,1.3405,1.3491,55167913.2
1738915200000,1.3492,1.4496,1.3453,1.4264,74213295.2
1738929600000,1.4263,1.4892,1.402,1.4242,131444879.3
1738944000000,1.4244,1.4279,1.3825,1.3888,56558766.2
1738958400000,1.3887,1.4073,1.3577,1.3994,51602818.7
1738972800000,1.3994,1.4283,1.371,1.3748,44280524.2
1738987200000,1.3748,1.3817,1.3403,1.3779,42180508.4
1739001600000,1.3779,1.387,1.3527,1.366,27435344.5
1739016000000,1.366,1.3717,1.3213,1.3266,40635672.8
1739030400000,1.3264,1.3609,1.3123,1.3447,33806098.9
1739044800000,1.3447,1.3593,1.3318,1.3456,20643141.2
1739059200000,1.3453,1.3868,1.339,1.3801,37742205.1
1739073600000,1.38,1.3803,1.3393,1.3476,29171092.1
1739088000000,1.3476,1.3573,1.33,1.3406,25589810.0
1739102400000,1.3407,1.3453,1.3051,1.3421,35499244.6
1739116800000,1.3419,1.3474,1.3112,1.3168,19873210.4
1739131200000,1.3167,1.3348,1.2926,1.3255,48998391.8
1739145600000,1.3257,1.3478,1.29,1.327,59230426.7
1739160000000,1.3268,1.3419,1.3134,1.3294,25930832.0
1739174400000,1.3293,1.3487,1.3225,1.3375,24549478.8
1739188800000,1.3375,1.3748,1.3178,1.3338,53740934.2
1739203200000,1.3337,1.35,1.3246,1.3395,20467206.4
1739217600000,1.3394,1.3409,1.3163,1.3299,16501629.9
1739232000000,1.3299,1.3742,1.3263,1.3524,29456802.0
1739246400000,1.3525,1.4124,1.3491,1.3904,38236520.2
1739260800000,1.3904,1.4081,1.3779,1.3894,25134213.9
1739275200000,1.3893,1.4351,1.3516,1.3908,132647853.4
1739289600000,1.3912,1.3999,1.3245,1.3469,53607437.6
1739304000000,1.3467,1.3685,1.3277,1.3305,27313700.1
1739318400000,1.3304,1.3548,1.316,1.3206,28489772.4
1739332800000,1.3205,1.3424,1.3152,1.3418,15844275.3
1739347200000,1.3422,1.3566,1.3364,1.3483,22273315.2
1739361600000,1.3484,1.3638,1.2957,1.3472,81293530.3
1739376000000,1.3473,1.3909,1.3282,1.3838,39062665.6
1739390400000,1.3838,1.4155,1.3679,1.3972,21250085.7
1739404800000,1.3972,1.3995,1.3734,1.3832,17247972.1
1739419200000,1.3832,1.3856,1.3415,1.3475,22050587.5
1739433600000,1.3476,1.3735,1.3304,1.3431,46642269.1
1739448000000,1.3432,1.351,1.3214,1.3341,32217060.4
1739462400000,1.334,1.3411,1.3142,1.3233,23826314.4
1739476800000,1.3233,1.3364,1.3186,1.3307,18152603.8
1739491200000,1.3307,1.34,1.3116,1.3357,18349918.4
1739505600000,1.3358,1.3364,1.315,1.3199,14802838.7
1739520000000,1.32,1.3519,1.319,1.3281,25669299.5
1739534400000,1.3281,1.3564,1.3197,1.344,40942232.6
1739548800000,1.344,1.3629,1.3303,1.3376,30548193.3
1739563200000,1.3377,1.3419,1.3179,1.3266,22956211.5
1739577600000,1.3267,1.3337,1.3188,1.3237,13938092.0
1739592000000,1.3236,1.3274,1.2966,1.3011,31486122.8
1739606400000,1.3011,1.3063,1.2901,1.3028,23092300.0
1739620800000,1.3028,1.3111,1.245,1.2736,59595267.3
1739635200000,1.2738,1.2807,1.2555,1.2636,22308660.5
1739649600000,1.2636,1.2776,1.2542,1.2761,13019237.0
1739664000000,1.2762,1.2783,1.2575,1.2678,12247392.0
1739678400000,1.2679,1.2787,1.2612,1.2637,10075159.3
1739692800000,1.2639,1.2877,1.2599,1.286,20749273.5
1739707200000,1.286,1.288,1.2615,1.2821,28009646.6
1739721600000,1.2822,1.304,1.279,1.2959,18804471.4
1739736000000,1.2958,1.2997,1.2706,1.2737,12685840.2
1739750400000,1.2736,1.2883,1.2659,1.2715,13451155.3
1739764800000,1.2716,1.2724,1.2355,1.2483,36042673.1
1739779200000,1.2483,1.286,1.243,1.2705,26099348.1
1739793600000,1.2706,1.2937,1.2465,1.2506,35509376.9
1739808000000,1.2506,1.2583,1.2027,1.2161,53737222.6
1739822400000,1.2162,1.253,1.2152,1.2337,16084719.3
1739836800000,1.2336,1.2391,1.2073,1.2254,17269751.8
1739851200000,1.2254,1.229,1.1728,1.1877,33596343.8
1739865600000,1.1877,1.1936,1.1528,1.1798,27652611.3
1739880000000,1.1798,1.2189,1.1498,1.1585,41101137.5
1739894400000,1.1586,1.1712,1.1263,1.1478,40070256.9
1739908800000,1.148,1.2048,1.1388,1.2015,21144059.8
1739923200000,1.2016,1.2175,1.1745,1.1979,23683288.7
1739937600000,1.1978,1.2019,1.1671,1.1913,20427965.7
1739952000000,1.1913,1.2231,1.1853,1.221,18264944.9
1739966400000,1.2211,1.2222,1.1826,1.1955,27257552.5
1739980800000,1.1956,1.2205,1.1941,1.2057,16843105.6
1739995200000,1.2055,1.2231,1.1912,1.2126,15149049.4
1740009600000,1.2127,1.2527,1.204,1.2453,18511028.8
1740024000000,1.2453,1.2535,1.2185,1.229,15773147.0
1740038400000,1.229,1.2457,1.2241,1.236,13412072.9
1740052800000,1.2359,1.2583,1.2172,1.219,30377847.5
1740067200000,1.2191,1.2496,1.2158,1.2437,15540409.0
1740081600000,1.2437,1.2535,1.2291,1.2407,11943929.8
1740096000000,1.2406,1.2488,1.218,1.2213,15291382.6
1740110400000,1.2213,1.2398,1.2173,1.2276,11358684.7
1740124800000,1.2276,1.2579,1.2239,1.2269,29126655.0
1740139200000,1.2267,1.2519,1.1694,1.1893,56806487.8
1740153600000,1.1893,1.2061,1.0945,1.1032,79017067.5
1740168000000,1.1032,1.1294,1.1003,1.1258,42717017.1
1740182400000,1.1259,1.152,1.1127,1.1228,37265507.5
1740196800000,1.1228,1.1554,1.1203,1.1511,21717976.5
1740211200000,1.1511,1.1758,1.1444,1.1713,24260145.1
1740225600000,1.1712,1.189,1.1666,1.1759,21236602.8
1740240000000,1.1758,1.1869,1.1622,1.1647,13740684.1
1740254400000,1.1647,1.1718,1.1554,1.1591,9710249.4
1740268800000,1.159,1.1676,1.1438,1.1499,12985464.2
1740283200000,1.1498,1.1643,1.1381,1.1582,14444171.0
1740297600000,1.1583,1.1591,1.1218,1.1257,19382934.7
1740312000000,1.1257,1.1369,1.115,1.1178,22845779.1
1740326400000,1.1179,1.1321,1.1178,1.1296,9666549.3
1740340800000,1.1295,1.1386,1.1209,1.1335,9064276.9
1740355200000,1.1335,1.1399,1.0759,1.0853,36660492.8
1740369600000,1.0854,1.1155,1.0672,1.1034,26319468.6
1740384000000,1.1033,1.1051,1.0709,1.0868,27324283.9
1740398400000,1.0869,1.0929,1.0353,1.047,52333834.6
1740412800000,1.0469,1.0636,1.0133,1.0287,32612648.2
1740427200000,1.0288,1.0451,0.9736,0.9835,69498476.5
1740441600000,0.9835,1.0082,0.95,0.9802,64698228.1
1740456000000,0.9805,0.9918,0.9072,0.9401,80895689.9
1740470400000,0.9402,0.9642,0.905,0.9567,73576266.6
1740484800000,0.9569,0.9938,0.9316,0.9697,76705683.0
1740499200000,0.97,0.991,0.9547,0.9905,34658040.7
1740513600000,0.9905,1.021,0.9815,1.0034,36943373.4
1740528000000,1.0034,1.012,0.9782,0.9966,29515352.4
1740542400000,0.9967,1.0117,0.9714,0.9812,24291531.8
1740556800000,0.9812,0.9968,0.9688,0.9737,23391876.9
1740571200000,0.9738,0.9984,0.943,0.9908,64424212.0
1740585600000,0.9909,0.9932,0.9246,0.9367,58719470.2
1740600000000,0.9368,1.0019,0.9259,0.9774,46356570.1
1740614400000,0.9774,1.0063,0.9662,0.9921,26657452.4
1740628800000,0.992,1.0138,0.9762,1.0021,20819735.6
1740643200000,1.002,1.0183,0.9925,0.9995,23026593.8
1740657600000,0.9996,1.0051,0.9671,0.9842,36760551.4
1740672000000,0.9842,0.9879,0.9558,0.9633,20486122.6
1740686400000,0.9633,0.9759,0.9452,0.9717,22092562.4
1740700800000,0.9718,0.9746,0.9009,0.9041,66093263.9
1740715200000,0.9042,0.9094,0.8849,0.8975,44527493.1
1740729600000,0.8973,0.9248,0.8855,0.913,34171124.0
1740744000000,0.9129,0.9926,0.9086,0.9842,56186539.7
1740758400000,0.984,0.9989,0.9737,0.992,29302766.1
1740772800000,0.9919,1.0032,0.9825,0.9903,15746688.0
1740787200000,0.9904,1.0253,0.9773,1.0139,30703338.0
1740801600000,1.0138,1.04,1.0038,1.0048,21802730.4
1740816000000,1.005,1.0268,0.9959,1.0077,24389547.4
1740830400000,1.0078,1.0106,0.9817,0.9985,22561120.1
1740844800000,0.9985,1.0119,0.989,1.009,16248013.3
1740859200000,1.0091,1.0469,1.0037,1.0241,21690769.6
1740873600000,1.0242,1.0292,1.0113,1.0221,17364569.2
1740888000000,1.0222,1.0269,1.0063,1.0143,11903059.6
1740902400000,1.0144,1.0209,1.0075,1.014,11774939.3
1740916800000,1.014,1.0695,0.9891,1.0357,51347883.3
1740931200000,1.0357,1.2104,1.0327,1.1873,126486009.5
1740945600000,1.1872,1.2333,1.1837,1.194,43315782.4
1740960000000,1.194,1.1986,1.13,1.1568,43526398.7
1740974400000,1.1568,1.1777,1.1171,1.135,41070673.5
1740988800000,1.1352,1.137,1.0943,1.1243,34579638.9
1741003200000,1.1243,1.1722,1.1111,1.1192,69201888.5
1741017600000,1.1193,1.1293,0.985,0.9908,93455410.5
1741032000000,0.991,1.0057,0.9734,0.982,48814509.6
1741046400000,0.9819,0.9907,0.904,0.9386,75361777.2
1741060800000,0.9386,0.9515,0.9159,0.9181,36343529.3
1741075200000,0.9181,0.9327,0.9144,0.9203,31534815.3
1741089600000,0.9202,0.9487,0.8763,0.9098,96648554.2
1741104000000,0.9098,0.9804,0.8656,0.9792,74328256.0
1741118400000,0.9791,0.9906,0.9507,0.9597,43268985.5
1741132800000,0.9595,0.9968,0.949,0.9598,33050739.3
1741147200000,0.9598,0.9984,0.9571,0.9958,19000438.2
1741161600000,0.9957,1.0523,0.9945,1.019,41814408.1
1741176000000,1.0189,1.0649,1.0052,1.0621,56981210.7
1741190400000,1.062,1.1485,1.0416,1.1386,71844362.6
1741204800000,1.1386,1.1495,1.106,1.1195,42255923.0
1741219200000,1.1194,1.1999,1.1157,1.1922,81207676.7
1741233600000,1.1921,1.2054,1.1523,1.1536,59007509.1
1741248000000,1.1535,1.1936,1.1525,1.1864,40169331.6
1741262400000,1.1865,1.1866,1.1223,1.1614,75732962.4
1741276800000,1.1615,1.1754,1.1171,1.1336,47445707.4
1741291200000,1.1335,1.1541,1.0672,1.0719,46698089.4
1741305600000,1.0718,1.0807,0.9948,1.0187,125350228.5
1741320000000,1.0187,1.0472,1.0133,1.0238,37848528.3
1741334400000,1.0238,1.0459,1.0109,1.0345,37673668.5
1741348800000,1.0344,1.0509,1.0019,1.0154,69774125.6
1741363200000,1.0152,1.045,0.976,1.0124,68499788.6
1741377600000,1.0125,1.0253,0.9623,0.9762,63579971.3
1741392000000,0.9762,0.9887,0.9534,0.9677,27990947.3
1741406400000,0.9675,0.9745,0.9575,0.9592,15567147.4
1741420800000,0.9592,0.9624,0.9294,0.9365,29993049.3
1741435200000,0.9366,0.9619,0.931,0.9451,28505520.2
1741449600000,0.9452,0.9737,0.9315,0.9703,21906192.0
1741464000000,0.9703,0.9722,0.9404,0.9476,19686876.2
1741478400000,0.9475,0.966,0.9435,0.9626,15815144.9
1741492800000,0.963,0.9647,0.9457,0.9544,14613450.2
1741507200000,0.9544,0.9601,0.91,0.9212,35034811.0
1741521600000,0.9212,0.9222,0.8903,0.8955,39688473.2
1741536000000,0.8954,0.9016,0.8453,0.8708,51657117.9
1741550400000,0.8708,0.8845,0.8401,0.8496,37424853.2
1741564800000,0.8496,0.8784,0.8243,0.8624,49655141.6
1741579200000,0.8624,0.8784,0.8597,0.8655,22141938.0
1741593600000,0.8655,0.9054,0.8383,0.8874,50003265.3
1741608000000,0.8875,0.8943,0.8057,0.8181,78093368.8
1741622400000,0.8179,0.8216,0.7673,0.8156,80776351.1
1741636800000,0.8154,0.8196,0.7784,0.7829,34849218.7
1741651200000,0.7829,0.7919,0.7284,0.7834,71281698.7
1741665600000,0.7832,0.8149,0.7812,0.8003,31240953.4
1741680000000,0.8004,0.8289,0.7973,0.8209,25975247.2
1741694400000,0.8209,0.8219,0.7729,0.8123,71516307.6
1741708800000,0.8122,0.8498,0.7908,0.8386,45841774.3
1741723200000,0.8386,0.8516,0.826,0.8292,24896408.4
1741737600000,0.8292,0.8676,0.8255,0.8327,33103786.4
1741752000000,0.8327,0.8426,0.8132,0.8399,29499913.6
1741766400000,0.8399,0.8673,0.8286,0.8636,33446253.1
1741780800000,0.8635,0.8953,0.8215,0.8425,79442181.2
1741795200000,0.8423,0.8575,0.8366,0.8518,24376712.5
1741809600000,0.8517,0.8783,0.848,0.8755,19979881.2
1741824000000,0.8755,0.8871,0.8582,0.8587,21177001.4
1741838400000,0.8587,0.8635,0.8389,0.8454,19253259.3
1741852800000,0.8453,0.8713,0.8364,0.8631,25640787.8
1741867200000,0.8631,0.8784,0.8342,0.8384,40801218.4
1741881600000,0.8385,0.842,0.8059,0.8122,31069789.8
1741896000000,0.8121,0.8463,0.8089,0.8279,19915012.6
1741910400000,0.8279,0.8429,0.8146,0.8371,22082459.4
1741924800000,0.837,0.8462,0.8355,0.8388,12253471.3
1741939200000,0.8387,0.8608,0.8387,0.8569,18262078.9
1741953600000,0.8569,0.8944,0.8564,0.8777,50649784.7
1741968000000,0.8779,0.8859,0.8635,0.8674,22662975.0
1741982400000,0.8674,0.8783,0.8555,0.8682,19248153.8
1741996800000,0.868,0.8858,0.8653,0.8825,12999465.8
1742011200000,0.8825,0.886,0.8611,0.8634,12802007.6
1742025600000,0.8635,0.8761,0.8598,0.8748,10764099.0
1742040000000,0.8748,0.882,0.8691,0.8744,14177742.3
1742054400000,0.8746,0.8786,0.8626,0.8706,10130736.0
1742068800000,0.8706,0.8903,0.8689,0.8693,15408777.7
1742083200000,0.8693,0.8777,0.8535,0.8691,14725521.8
1742097600000,0.8692,0.8753,0.8605,0.8709,9861869.5
1742112000000,0.8709,0.873,0.8216,0.8264,26250473.2
1742126400000,0.8265,0.834,0.8121,0.8261,25734389.4
1742140800000,0.826,0.8469,0.8121,0.8183,21655497.8
1742155200000,0.8184,0.8234,0.8044,0.8138,13917642.8
1742169600000,0.8138,0.8492,0.813,0.839,29935243.8
1742184000000,0.839,0.848,0.8233,0.8462,14179248.7
1742198400000,0.8463,0.858,0.8405,0.853,19986863.1
1742212800000,0.8531,0.8651,0.8377,0.8583,27545527.9
1742227200000,0.8581,0.8846,0.8534,0.8774,26729181.5
1742241600000,0.8774,0.8793,0.8544,0.8556,22762924.8
1742256000000,0.8556,0.8627,0.8301,0.834,19509627.3
1742270400000,0.8338,0.8393,0.8221,0.8385,14824973.0
1742284800000,0.8384,0.8443,0.8248,0.8264,14354910.4
1742299200000,0.8263,0.8333,0.8112,0.8149,22761432.8
1742313600000,0.8151,0.8215,0.8065,0.8203,16127604.9
1742328000000,0.8202,0.8408,0.813,0.8374,15432440.2
1742342400000,0.8375,0.8533,0.8276,0.8433,17582487.9
1742356800000,0.8433,0.8436,0.8279,0.829,15370690.5
1742371200000,0.8288,0.8677,0.8287,0.8644,18316930.7
1742385600000,0.8644,0.8766,0.8485,0.8719,35334021.7
1742400000000,0.872,0.877,0.8369,0.8619,33149451.1
1742414400000,0.8619,0.8885,0.8582,0.8842,17926419.5
1742428800000,0.8842,0.8929,0.862,0.8679,21353180.2
1742443200000,0.8678,0.8735,0.8593,0.8634,11673883.6
1742457600000,0.8633,0.8792,0.8528,0.8621,19416559.7
1742472000000,0.8621,0.8815,0.8503,0.8508,27027431.9
1742486400000,0.8507,0.8572,0.8351,0.8417,15933586.8
1742500800000,0.8417,0.8514,0.8366,0.8433,10519347.1
1742515200000,0.8433,0.85,0.8337,0.8373,10624529.8
1742529600000,0.8373,0.8417,0.8231,0.8294,12673034.2
1742544000000,0.8293,0.8339,0.8166,0.8245,12382737.9
1742558400000,0.8245,0.8282,0.8161,0.8172,15954725.0
1742572800000,0.8172,0.8314,0.8148,0.8257,12156525.3
1742587200000,0.8258,0.838,0.8232,0.827,8914599.4
1742601600000,0.827,0.8329,0.8197,0.8293,8260283.1
1742616000000,0.8293,0.8362,0.8281,0.8304,8111834.6
1742630400000,0.8304,0.8399,0.8277,0.8345,9550373.9
1742644800000,0.8345,0.8371,0.8256,0.8305,9417047.8
1742659200000,0.8305,0.8381,0.8295,0.8342,7342042.4
1742673600000,0.8342,0.8372,0.8209,0.8279,9310680.7
1742688000000,0.8279,0.83,0.8225,0.83,8389657.0
1742702400000,0.83,0.8337,0.8217,0.8315,8070854.8
1742716800000,0.8316,0.846,0.8289,0.8411,12714010.1
1742731200000,0.8412,0.8444,0.8319,0.8374,13666716.2
1742745600000,0.8376,0.841,0.8233,0.8307,14115368.3
1742760000000,0.8307,0.8458,0.825,0.8455,9359438.4
1742774400000,0.8456,0.8593,0.8308,0.8581,21891105.2
1742788800000,0.8582,0.8767,0.8579,0.8687,21779452.1
1742803200000,0.8686,0.8962,0.8684,0.8885,29400404.3
1742817600000,0.8886,0.9175,0.8744,0.8999,41029615.0
1742832000000,0.8998,0.9103,0.8851,0.9061,21591423.1
1742846400000,0.9059,0.9087,0.8765,0.8844,17883707.3
1742860800000,0.8843,0.895,0.8683,0.8724,19435904.1
1742875200000,0.8723,0.9088,0.869,0.8984,21335393.3
1742889600000,0.8984,0.9416,0.8978,0.9315,35614975.1
1742904000000,0.9315,0.9402,0.9147,0.9264,42676432.1
1742918400000,0.9263,0.9315,0.9163,0.929,14846049.7
1742932800000,0.929,0.9339,0.9102,0.9171,11499180.9
1742947200000,0.9171,0.9349,0.9108,0.9192,22805987.9
1742961600000,0.9191,0.9498,0.9173,0.9486,22019221.0
1742976000000,0.9485,0.9568,0.9411,0.9517,19607479.6
1742990400000,0.9518,0.9556,0.905,0.9146,41978699.2
1743004800000,0.9145,0.9231,0.8836,0.9002,28337193.5
1743019200000,0.9001,0.9161,0.892,0.9011,16793291.3
1743033600000,0.9012,0.9333,0.8976,0.9292,16095401.7
1743048000000,0.9293,0.9299,0.9136,0.9192,12570294.8
1743062400000,0.9192,0.9276,0.8984,0.9029,19116634.9
1743076800000,0.9029,0.9226,0.8834,0.9067,41396346.9
1743091200000,0.9067,0.9172,0.8969,0.9077,13482234.4
1743105600000,0.9078,0.922,0.9045,0.9129,7458386.2
1743120000000,0.913,0.9187,0.8941,0.8978,15531151.8
1743134400000,0.8978,0.8988,0.861,0.8616,30276970.8
1743148800000,0.8616,0.8697,0.8429,0.8566,29240948.5
1743163200000,0.8565,0.8605,0.8385,0.8429,22686759.6
1743177600000,0.8428,0.8456,0.8278,0.8302,21451768.6
1743192000000,0.8303,0.8457,0.8246,0.8416,16171097.5
1743206400000,0.8416,0.849,0.817,0.8271,18594088.5
1743220800000,0.8271,0.8296,0.8035,0.8059,15237665.8
1743235200000,0.8059,0.8138,0.7777,0.7849,31253453.5
1743249600000,0.785,0.8051,0.7825,0.7901,21193812.0
1743264000000,0.7901,0.7984,0.7777,0.7938,19404923.4
1743278400000,0.7938,0.7992,0.7847,0.7982,8976573.6
1743292800000,0.7982,0.8123,0.7863,0.8042,14679706.4
1743307200000,0.8039,0.8104,0.7967,0.8036,9418411.0
1743321600000,0.8035,0.8134,0.7994,0.8027,14787551.0
1743336000000,0.8028,0.8071,0.788,0.7957,14876180.7
1743350400000,0.7956,0.8062,0.7815,0.7955,15565163.0
1743364800000,0.7955,0.7991,0.7781,0.7904,14014533.4
1743379200000,0.7905,0.7944,0.7721,0.7776,17774908.1
1743393600000,0.7778,0.7896,0.7668,0.7708,21879269.5
1743408000000,0.7707,0.7768,0.75,0.766,24657570.9
1743422400000,0.7658,0.7982,0.7595,0.7884,26882856.0
1743436800000,0.7885,0.7923,0.7701,0.7775,17225500.5
1743451200000,0.7775,0.7824,0.7709,0.7783,9788041.5
1743465600000,0.7783,0.7976,0.7776,0.79,13465757.7
1743480000000,0.79,0.8006,0.7874,0.7932,11813636.8
1743494400000,0.7932,0.8142,0.7929,0.7972,27608405.1
1743508800000,0.7974,0.8301,0.7883,0.8237,30927268.4
1743523200000,0.8237,0.8284,0.8154,0.825,21576583.1
1743537600000,0.825,0.835,0.8189,0.8218,14048776.3
1743552000000,0.8218,0.8288,0.8051,0.8073,19795982.7
1743566400000,0.8073,0.8137,0.7917,0.805,17939158.2
1743580800000,0.805,0.8259,0.8015,0.8109,20445210.1
1743595200000,0.8108,0.875,0.806,0.8637,62647359.0
1743609600000,0.8638,0.8712,0.8358,0.8558,31793391.5
1743624000000,0.8559,0.8872,0.7735,0.7842,73627613.3
1743638400000,0.7843,0.8174,0.7794,0.8072,26023272.1
1743652800000,0.8073,0.829,0.8021,0.8092,23677419.9
1743667200000,0.8092,0.8209,0.7866,0.7914,28076360.1
1743681600000,0.7914,0.7964,0.7707,0.79,46634167.1
1743696000000,0.7899,0.801,0.7852,0.7963,21470592.1
1743710400000,0.7964,0.8256,0.79,0.8142,24108513.8
1743724800000,0.8143,0.8245,0.8047,0.8103,19655847.0
1743739200000,0.8104,0.8275,0.7981,0.8258,18271119.3
1743753600000,0.8259,0.8358,0.7827,0.7974,41639143.9
1743768000000,0.7973,0.8275,0.7899,0.8105,51163775.0
1743782400000,0.8108,0.834,0.8068,0.8229,27896828.4
1743796800000,0.8228,0.8263,0.8154,0.8209,10677380.5
1743811200000,0.8209,0.8268,0.8093,0.8104,12730095.7
1743825600000,0.8102,0.8166,0.8027,0.8084,9575518.6
1743840000000,0.8084,0.8235,0.8074,0.8129,12049560.9
1743854400000,0.8129,0.8145,0.7937,0.7976,20958294.7
1743868800000,0.7976,0.8088,0.7973,0.8004,13367943.6
1743883200000,0.8004,0.8113,0.7971,0.8096,7681765.6
1743897600000,0.8097,0.8152,0.7994,0.8036,9481343.6
1743912000000,0.8037,0.8066,0.7888,0.7896,32036547.3
1743926400000,0.7895,0.7969,0.7859,0.7905,11601215.4
1743940800000,0.7905,0.7925,0.7718,0.7814,28140748.2
1743955200000,0.7813,0.7818,0.7311,0.7422,41994051.8
1743969600000,0.7421,0.7441,0.7116,0.7309,47464481.6
1743984000000,0.731,0.7558,0.7042,0.7167,50973711.1
1743998400000,0.7166,0.7266,0.6637,0.6746,66148096.8
1744012800000,0.6745,0.7179,0.6721,0.6994,55728146.2
1744027200000,0.6995,0.8012,0.6961,0.7562,129863236.4
1744041600000,0.7561,0.7645,0.7358,0.7512,32265875.8
1744056000000,0.7512,0.774,0.7506,0.7569,18245429.2
1744070400000,0.7569,0.785,0.7509,0.7684,20068358.2
1744084800000,0.7684,0.7779,0.7508,0.7576,26530708.0
1744099200000,0.7576,0.7749,0.745,0.7732,28996371.2
1744113600000,0.7733,0.7754,0.7452,0.7517,36807449.9
1744128000000,0.7518,0.7526,0.7122,0.7151,41608854.4
1744142400000,0.7152,0.7244,0.7053,0.7092,17663820.8
1744156800000,0.7093,0.7163,0.6811,0.699,34796937.0
1744171200000,0.6989,0.7379,0.6972,0.7323,31235743.3
1744185600000,0.7324,0.7397,0.7148,0.721,33961374.3
1744200000000,0.721,0.7486,0.714,0.742,33774748.1
1744214400000,0.7421,0.8969,0.7406,0.8698,127118571.7
1744228800000,0.87,0.8829,0.8471,0.8499,32127404.6
1744243200000,0.8499,0.8824,0.8428,0.8532,41404300.6
1744257600000,0.8532,0.8608,0.8264,0.8317,30048560.4
1744272000000,0.8318,0.8429,0.8269,0.8402,24881602.7
1744286400000,0.8401,0.8566,0.7987,0.801,62649442.3
1744300800000,0.801,0.8228,0.7957,0.8177,32462963.3
1744315200000,0.8176,0.8254,0.81,0.8123,11356173.1
1744329600000,0.8123,0.8389,0.8082,0.8336,19029800.5
1744344000000,0.8335,0.8429,0.8273,0.8336,15041370.0
1744358400000,0.8337,0.899,0.8248,0.8791,113448374.8
1744372800000,0.8792,0.9205,0.8721,0.8933,123582605.4
1744387200000,0.8932,0.9198,0.8772,0.9034,72829004.5
1744401600000,0.9033,0.9272,0.8856,0.8929,45716327.6
1744416000000,0.8929,0.9,0.8751,0.8752,31027798.5
1744430400000,0.8752,0.8874,0.8643,0.8836,44633010.6
1744444800000,0.8836,0.8926,0.871,0.8753,29142839.2
1744459200000,0.8753,0.9235,0.8729,0.9116,58227388.2
1744473600000,0.9117,0.9151,0.8925,0.9121,29171113.3
1744488000000,0.9119,0.9252,0.9014,0.9045,28932402.8
1744502400000,0.9045,0.9271,0.9006,0.9041,31045638.9
1744516800000,0.9044,0.9052,0.8802,0.8807,20040301.0
1744531200000,0.8807,0.9019,0.8761,0.8839,25512480.8
1744545600000,0.8839,0.89,0.8666,0.8708,25514397.3
1744560000000,0.8707,0.8995,0.8515,0.8628,41606575.9
1744574400000,0.863,0.8725,0.838,0.8463,33418470.9
1744588800000,0.8464,0.8893,0.8437,0.8624,38814695.7
1744603200000,0.8625,0.8797,0.8583,0.8661,22766422.7
1744617600000,0.8661,0.8961,0.8643,0.8946,26814484.4
1744632000000,0.8947,0.913,0.8709,0.875,55761784.4
1744646400000,0.8749,0.8955,0.8702,0.8884,30118443.1
1744660800000,0.8885,0.8905,0.8731,0.8754,14925457.0
1744675200000,0.8756,0.8909,0.867,0.8736,23505565.5
1744689600000,0.8736,0.8849,0.8648,0.8791,19444295.6
1744704000000,0.879,0.8927,0.8655,0.8717,26840646.6
1744718400000,0.8717,0.8846,0.8501,0.8535,36074782.5
1744732800000,0.8535,0.8592,0.8403,0.8436,17370577.7
1744747200000,0.8434,0.8481,0.8272,0.8314,18956951.6
1744761600000,0.8313,0.8352,0.8196,0.8283,17591489.7
1744776000000,0.8284,0.8312,0.8126,0.8135,23849926.8
1744790400000,0.8136,0.8293,0.8082,0.8203,25331023.4
1744804800000,0.8204,0.8438,0.8102,0.829,29479049.3
1744819200000,0.8291,0.841,0.8015,0.8361,39773179.0
1744833600000,0.836,0.8432,0.8159,0.8186,15520215.8
1744848000000,0.8186,0.8356,0.8168,0.8262,19533470.6
1744862400000,0.8263,0.8504,0.824,0.8434,17956786.7
1744876800000,0.8435,0.8457,0.8327,0.8412,16293731.8
1744891200000,0.8412,0.8486,0.8212,0.8378,27061090.7
1744905600000,0.8378,0.8512,0.8264,0.8319,25498961.2
1744920000000,0.8318,0.8395,0.8231,0.8289,14937855.0
1744934400000,0.8289,0.8334,0.8212,0.8283,10916696.4
1744948800000,0.8282,0.8309,0.8221,0.8301,10964176.4
1744963200000,0.8301,0.8363,0.8253,0.831,13489907.2
1744977600000,0.831,0.838,0.8216,0.8235,15398973.0
1744992000000,0.8236,0.8354,0.8217,0.8315,12277116.9
1745006400000,0.8315,0.8347,0.8251,0.8299,8002057.2
1745020800000,0.8299,0.848,0.8282,0.8429,12427597.7
1745035200000,0.8429,0.8487,0.8351,0.8442,9895109.4
1745049600000,0.8442,0.8489,0.8355,0.8399,12794553.5
1745064000000,0.8399,0.8506,0.8397,0.8441,13298361.9
1745078400000,0.8441,0.8558,0.839,0.85,15940200.1
1745092800000,0.8501,0.8581,0.8489,0.8543,7510865.3
1745107200000,0.8542,0.8623,0.8487,0.8512,13575804.4
1745121600000,0.8511,0.8589,0.8423,0.8466,13408726.4
1745136000000,0.8465,0.8465,0.8219,0.8268,19719021.8
1745150400000,0.8268,0.8312,0.8201,0.8217,17718309.6
1745164800000,0.8216,0.8397,0.8191,0.8395,13637496.0
1745179200000,0.8395,0.8466,0.8256,0.8376,17017323.6
1745193600000,0.8375,0.8805,0.8351,0.87,38934000.6
1745208000000,0.8701,0.8847,0.8661,0.8818,19451886.7
1745222400000,0.8818,0.8913,0.87,0.8748,23070679.8
1745236800000,0.8747,0.8835,0.8642,0.8675,28868391.4
1745251200000,0.8675,0.8691,0.8376,0.8571,32233177.2
1745265600000,0.8571,0.8571,0.8445,0.8507,14411081.1
1745280000000,0.8506,0.8721,0.8351,0.8571,30504648.3
1745294400000,0.8569,0.8659,0.8422,0.8655,22777985.2
1745308800000,0.8654,0.8678,0.8533,0.8637,21348071.1
1745323200000,0.8637,0.9076,0.8607,0.8913,53587780.8
1745337600000,0.8912,0.8973,0.8829,0.8946,16892548.0
1745352000000,0.8948,0.9221,0.8887,0.9151,27493820.8
1745366400000,0.9152,0.9333,0.9102,0.9318,31326485.6
1745380800000,0.9316,0.9525,0.9238,0.9449,28928415.2
1745395200000,0.9448,0.9522,0.9229,0.9282,27309436.8
1745409600000,0.9282,0.949,0.903,0.9244,51589081.5
1745424000000,0.9244,0.9388,0.9113,0.9157,27021341.6
1745438400000,0.9156,0.9251,0.9106,0.9154,12599299.9
1745452800000,0.9153,0.9216,0.8817,0.8823,28478592.5
1745467200000,0.8823,0.8951,0.873,0.8764,37842885.8
1745481600000,0.8765,0.8878,0.8659,0.8833,23274657.1
1745496000000,0.8834,1.0446,0.8786,1.0103,207764112.9
1745510400000,1.0103,1.0209,0.9627,0.9853,84719797.6
1745524800000,0.9854,0.9904,0.961,0.979,29638009.0
1745539200000,0.9789,0.987,0.9436,0.9631,50689156.2
1745553600000,0.963,1.0097,0.9564,1.0068,52211771.0
1745568000000,1.0067,1.0367,0.9968,1.0199,71580084.2
1745582400000,1.0201,1.0273,0.9834,0.9971,73289095.9
1745596800000,0.997,1.0219,0.9827,0.9995,55700324.1
1745611200000,0.9995,1.0031,0.9837,0.9894,18201009.1
1745625600000,0.9894,1.029,0.9893,1.0289,31462125.8
1745640000000,1.0289,1.0499,1.0082,1.0273,41993430.6
1745654400000,1.0273,1.0323,0.9967,0.9996,49042332.1
1745668800000,0.9996,1.0165,0.9835,1.0092,38764265.9
1745683200000,1.0092,1.0118,0.9881,0.9929,18042675.7
1745697600000,0.9928,0.9997,0.9867,0.9943,12151698.4
1745712000000,0.9942,1.0073,0.9567,0.972,45399270.7
1745726400000,0.9719,0.9737,0.9484,0.9622,27404843.4
1745740800000,0.9622,0.9684,0.9559,0.9613,17006713.6
1745755200000,0.9613,0.9619,0.9367,0.9483,37843750.2
1745769600000,0.9482,0.961,0.9405,0.9599,29941808.5
1745784000000,0.9598,0.9659,0.9418,0.9442,17152832.2
1745798400000,0.9442,0.9528,0.9136,0.9465,56519487.5
1745812800000,0.9464,0.9862,0.9463,0.9835,43180240.3
1745827200000,0.9836,0.9954,0.9555,0.9836,69244655.2
1745841600000,0.9837,0.9873,0.951,0.957,67922924.8
1745856000000,0.9568,0.9843,0.9467,0.9815,34885370.6
1745870400000,0.9813,0.9822,0.9644,0.9728,17540723.3
1745884800000,0.9728,0.9895,0.9655,0.9794,31350835.1
1745899200000,0.9793,0.9819,0.96,0.9799,26734233.7
1745913600000,0.9799,0.9847,0.9649,0.9702,22575955.7
1745928000000,0.9702,0.9726,0.9503,0.9562,32685301.8
1745942400000,0.9562,0.9701,0.9518,0.9535,18979304.7
1745956800000,0.9535,0.9557,0.9179,0.9289,45261298.0
1745971200000,0.929,0.9422,0.9151,0.9403,28131143.2
1745985600000,0.9403,0.9428,0.9213,0.9283,15158436.7
1746000000000,0.9283,0.9344,0.9231,0.9301,17372934.2
1746014400000,0.9302,0.9308,0.8737,0.8982,78448252.4
1746028800000,0.8982,0.9185,0.887,0.9048,27832906.8
1746043200000,0.9048,0.9247,0.9024,0.9067,21961585.4
1746057600000,0.9066,0.9251,0.9043,0.906,17666774.5
1746072000000,0.9061,0.9174,0.9023,0.9087,12701463.8
1746086400000,0.9087,0.9345,0.9054,0.9247,27281123.5
1746100800000,0.9247,0.9363,0.9036,0.9094,53168967.9
1746115200000,0.9093,0.9226,0.9053,0.9094,26673228.2
1746129600000,0.9094,0.9224,0.9066,0.9133,13403443.5
1746144000000,0.9134,0.9276,0.9097,0.9177,17909671.3
1746158400000,0.9177,0.92,0.8906,0.8921,26851354.6
1746172800000,0.892,0.9078,0.8914,0.9041,17885515.5
1746187200000,0.9042,0.9226,0.8959,0.9107,35843083.5
1746201600000,0.9107,0.9261,0.909,0.9113,22764786.8
1746216000000,0.9113,0.9222,0.908,0.9218,12680374.6
1746230400000,0.9218,0.9223,0.9021,0.9056,17318045.3
1746244800000,0.9057,0.9069,0.8943,0.8984,12453836.6
1746259200000,0.8984,0.9014,0.8822,0.8849,23666245.2
1746273600000,0.8849,0.8982,0.8842,0.8908,12089039.5
1746288000000,0.8908,0.8913,0.8669,0.8857,27511279.0
1746302400000,0.8857,0.887,0.869,0.8741,18276242.5
1746316800000,0.8743,0.8871,0.8664,0.8707,18840967.4
1746331200000,0.8707,0.8804,0.8666,0.8719,12425472.9
1746345600000,0.872,0.8729,0.8576,0.8654,21971146.7
1746360000000,0.8654,0.8714,0.8542,0.8622,17574428.6
1746374400000,0.8622,0.8649,0.8514,0.859,14463970.2
1746388800000,0.859,0.8676,0.8514,0.8579,10699644.0
1746403200000,0.8579,0.8736,0.8521,0.8632,20247184.4
1746417600000,0.8632,0.8889,0.8632,0.8886,17067535.6
1746432000000,0.8885,0.8903,0.8582,0.863,24763685.8
1746446400000,0.8632,0.8954,0.8542,0.8602,41820946.6
1746460800000,0.8602,0.8793,0.8583,0.8663,18631069.5
1746475200000,0.8661,0.876,0.8505,0.867,19436691.8
1746489600000,0.867,0.8707,0.8525,0.8664,17575561.8
1746504000000,0.8663,0.8701,0.8592,0.8597,10144230.4
1746518400000,0.8598,0.8606,0.8274,0.8343,34974944.8
1746532800000,0.8344,0.8512,0.8302,0.8421,25610172.9
1746547200000,0.8424,0.8575,0.8359,0.851,16931517.9
1746561600000,0.8511,0.8691,0.8278,0.8668,28418955.9
1746576000000,0.8669,0.8823,0.8586,0.8671,23056098.9
1746590400000,0.8671,0.872,0.8566,0.8719,16101651.0
1746604800000,0.8718,0.8799,0.8672,0.8728,14327992.9
1746619200000,0.8728,0.874,0.8565,0.8606,20872985.5
1746633600000,0.8605,0.8679,0.8455,0.8539,29363853.5
1746648000000,0.8541,0.8788,0.85,0.8718,12323355.3
1746662400000,0.8719,0.9165,0.8711,0.915,32156955.8
1746676800000,0.9151,0.9258,0.9073,0.9192,27098899.7
1746691200000,0.9193,0.9348,0.9184,0.9244,24790299.9
1746705600000,0.9244,0.9605,0.9204,0.9486,38622103.7
1746720000000,0.9485,0.96,0.9419,0.9575,26305506.3
1746734400000,0.9576,0.9852,0.9501,0.9754,35255614.3
1746748800000,0.9753,1.0057,0.9641,0.9744,36095829.1
1746763200000,0.9746,1.0346,0.9723,1.0217,35562462.3
1746777600000,1.0217,1.0621,0.9985,1.0266,80692455.8
1746792000000,1.0265,1.0446,1.0023,1.0166,40889010.9
1746806400000,1.0167,1.0268,0.9998,1.007,26689385.9
1746820800000,1.007,1.0153,1.002,1.0059,16333195.6
1746835200000,1.006,1.0273,0.993,1.0133,26729402.9
1746849600000,1.0133,1.0421,1.0022,1.0359,27092703.8
1746864000000,1.0359,1.0503,1.0132,1.0149,41521741.6
1746878400000,1.0151,1.038,1.0151,1.0278,19863636.7
1746892800000,1.0278,1.0699,1.0229,1.057,40977940.9
1746907200000,1.0571,1.108,1.0483,1.1021,36114193.3
1746921600000,1.102,1.1105,1.0545,1.0625,37768620.7
1746936000000,1.0624,1.0706,1.0174,1.0244,38400444.0
1746950400000,1.0244,1.0438,1.0184,1.0431,25004088.6
1746964800000,1.0431,1.0512,1.0093,1.0164,37481431.1
1746979200000,1.0163,1.0444,1.0066,1.0362,25568634.5
1746993600000,1.0363,1.0469,1.0252,1.0391,13267386.3
1747008000000,1.0392,1.0664,1.027,1.0636,30422516.2
1747022400000,1.0636,1.1108,1.0459,1.0799,50829572.1
1747036800000,1.08,1.094,1.0535,1.0562,38336414.2
1747051200000,1.0561,1.0899,1.0218,1.0285,71603463.4
1747065600000,1.0286,1.046,0.9746,1.0155,67458519.5
1747080000000,1.0155,1.0392,1.0103,1.0298,29323826.7
1747094400000,1.0299,1.0314,0.9722,0.9748,41857090.9
1747108800000,0.9748,1.0095,0.972,1.0023,29348525.3
1747123200000,1.0023,1.024,0.998,1.0154,24965875.7
1747137600000,1.0153,1.0412,0.992,1.0168,70226287.6
1747152000000,1.0166,1.0788,1.0141,1.0587,54546569.8
1747166400000,1.0586,1.0631,1.0393,1.0444,34679976.5
1747180800000,1.0444,1.0528,1.0202,1.0297,33565811.7
1747195200000,1.0297,1.048,1.023,1.03,24355717.9
1747209600000,1.03,1.0341,0.9967,1.0153,46374797.3
1747224000000,1.0155,1.1359,0.999,1.0542,266631933.2
1747238400000,1.0541,1.0545,1.0124,1.0328,56165518.4
1747252800000,1.0329,1.039,1.0,1.0081,37287692.3
1747267200000,1.0081,1.0311,0.9926,0.9982,49719350.0
1747281600000,0.9981,1.0074,0.9562,0.9586,57490999.0
1747296000000,0.9585,0.98,0.9515,0.9695,38995763.0
1747310400000,0.9693,0.999,0.9504,0.9916,120200999.5
1747324800000,0.9917,1.0178,0.9705,0.9824,57834703.4
1747339200000,0.9824,0.9888,0.945,0.9677,41224866.0
1747353600000,0.9676,0.997,0.9621,0.9941,32297050.5
1747368000000,0.9942,0.9981,0.9805,0.9873,21784575.8
1747382400000,0.9873,0.9967,0.9654,0.983,34771571.8
1747396800000,0.9829,0.9864,0.962,0.9734,32576125.5
1747411200000,0.9734,0.9811,0.957,0.9686,19676789.0
1747425600000,0.9685,0.9708,0.9305,0.9366,30295498.8
1747440000000,0.9366,0.9385,0.9033,0.9246,45141512.0
1747454400000,0.9245,0.9314,0.9148,0.9238,22251251.5
1747468800000,0.9238,0.9293,0.9092,0.9153,22503588.5
1747483200000,0.9153,0.9226,0.9025,0.9155,19204746.1
1747497600000,0.9155,0.921,0.9011,0.9101,19999000.5
1747512000000,0.91,0.9221,0.9036,0.9143,16566307.9
1747526400000,0.9142,0.9266,0.9133,0.9164,15873697.2
1747540800000,0.9165,0.9378,0.9164,0.9366,16680554.0
1747555200000,0.9367,0.9456,0.929,0.9298,20279440.6
1747569600000,0.9298,0.9738,0.9235,0.9707,36670699.8
1747584000000,0.9707,0.9795,0.9105,0.9122,61309653.3
1747598400000,0.9121,0.9656,0.89,0.9589,55468733.3
1747612800000,0.959,0.9709,0.9044,0.9064,40587859.9
1747627200000,0.9066,0.9144,0.8846,0.9021,40585939.7
1747641600000,0.9022,0.9054,0.8852,0.8951,27888189.2
1747656000000,0.8951,0.9229,0.8832,0.9154,41984265.7
1747670400000,0.9155,0.9356,0.9073,0.9248,31064877.5
1747684800000,0.9247,0.9302,0.9173,0.9268,14008325.2
1747699200000,0.9269,0.9597,0.9218,0.9429,32649793.7
1747713600000,0.9429,0.9539,0.9315,0.9357,22314838.2
1747728000000,0.9357,0.9438,0.9228,0.9296,18616479.4
1747742400000,0.9296,0.9345,0.9142,0.9324,25607639.7
1747756800000,0.9324,0.944,0.9184,0.9396,23848633.4
1747771200000,0.9397,0.9537,0.9311,0.9435,21986819.8
1747785600000,0.9436,0.9517,0.9304,0.946,18457014.3
1747800000000,0.9459,0.964,0.9402,0.9441,28400510.0
1747814400000,0.9441,0.9503,0.93,0.9434,19304244.0
1747828800000,0.9433,0.9772,0.9378,0.9756,41485743.3
1747843200000,0.9757,0.9977,0.9412,0.967,78704773.8
1747857600000,0.9669,0.9917,0.9558,0.9752,28930028.0
1747872000000,0.9753,1.0032,0.9753,0.9996,28965253.4
1747886400000,0.9995,1.0077,0.9901,1.0062,25405196.7
1747900800000,1.0061,1.0215,0.9959,1.0049,28128549.3
1747915200000,1.0049,1.0246,0.9936,1.0161,30582594.3
1747929600000,1.0162,1.0262,1.008,1.0116,18755643.2
1747944000000,1.0117,1.0206,1.0028,1.0198,12591166.2
1747958400000,1.0199,1.0514,1.0097,1.047,35541033.3
1747972800000,1.047,1.0483,1.0045,1.0136,34271540.0
1747987200000,1.0136,1.0403,0.9718,0.9779,52858741.2
1748001600000,0.9781,0.9949,0.94,0.971,89395658.4
1748016000000,0.9709,0.9848,0.9626,0.9692,24914181.0
1748030400000,0.9692,0.9693,0.9236,0.9329,31763020.8
1748044800000,0.9328,0.953,0.9267,0.953,23092689.9
1748059200000,0.9529,0.9574,0.9444,0.9478,13997240.0
1748073600000,0.948,0.9655,0.9413,0.957,17299639.4
1748088000000,0.957,0.9619,0.9503,0.9569,12627514.6
1748102400000,0.957,0.9603,0.946,0.9482,8884840.1
1748116800000,0.9483,0.9531,0.9338,0.9397,12526387.6
1748131200000,0.9398,0.9461,0.92,0.9403,19587028.7
1748145600000,0.9402,0.9438,0.9267,0.9291,11782495.1
1748160000000,0.9291,0.9293,0.9124,0.9197,20444500.5
1748174400000,0.9197,0.9286,0.9028,0.9139,21317377.6
1748188800000,0.914,0.9294,0.9036,0.9249,13429715.2
1748203200000,0.9249,0.9515,0.9176,0.9497,20539888.5
1748217600000,0.9499,0.9602,0.9412,0.954,15427637.2
1748232000000,0.954,0.9715,0.9507,0.9714,16298672.7
1748246400000,0.9714,0.9727,0.9474,0.9514,18555977.0
1748260800000,0.9514,0.9582,0.9353,0.9501,23880991.7
1748275200000,0.9502,0.9542,0.929,0.9325,17759995.3
1748289600000,0.9324,0.9454,0.9292,0.9395,10876717.6
1748304000000,0.9395,0.9454,0.9144,0.9316,20731430.5
1748318400000,0.9316,0.9464,0.9244,0.9452,16425625.2
1748332800000,0.9453,0.953,0.9422,0.9493,18313126.5
1748347200000,0.9493,0.9692,0.9393,0.9569,34328174.7
1748361600000,0.957,0.9707,0.9534,0.962,20398307.2
1748376000000,0.9621,0.9644,0.943,0.9484,14528469.8
1748390400000,0.9484,0.9551,0.9366,0.9472,13216860.5
1748404800000,0.9471,0.9509,0.9363,0.9419,9494439.3
1748419200000,0.942,0.9536,0.9336,0.9522,13297903.0
1748433600000,0.9523,0.9628,0.919,0.9216,31160135.6
1748448000000,0.9217,0.9347,0.9071,0.9087,18653683.4
1748462400000,0.909,0.9346,0.9084,0.9335,14047260.4
1748476800000,0.9335,0.9576,0.9273,0.945,27257398.0
1748491200000,0.945,0.9464,0.9233,0.9337,18883757.9
1748505600000,0.9338,0.9422,0.9289,0.9403,14943765.8
1748520000000,0.9403,0.9417,0.9091,0.9148,28992717.3
1748534400000,0.9148,0.9178,0.8979,0.9025,26146496.6
1748548800000,0.9024,0.9162,0.8938,0.8994,18399856.4
1748563200000,0.8994,0.9044,0.8399,0.8755,61672198.2
1748577600000,0.8755,0.8805,0.858,0.8625,20748366.9
1748592000000,0.8626,0.8717,0.8533,0.8664,19892551.7
1748606400000,0.8664,0.8698,0.8488,0.8543,27370554.6
1748620800000,0.8543,0.8573,0.813,0.8468,47070335.1
1748635200000,0.8467,0.8492,0.8056,0.8173,24656216.0
1748649600000,0.8173,0.8191,0.783,0.7964,45625476.1
1748664000000,0.7963,0.8137,0.7884,0.8119,16297765.0
1748678400000,0.8119,0.8152,0.8014,0.8046,15425549.5
1748692800000,0.8046,0.8296,0.8027,0.8215,22012160.9
1748707200000,0.8215,0.8408,0.8186,0.8374,11979402.6
1748721600000,0.8373,0.8418,0.8302,0.8311,9117374.2
1748736000000,0.831,0.8354,0.8179,0.8234,13435797.7
1748750400000,0.8234,0.8357,0.8207,0.826,9838349.0
1748764800000,0.826,0.8286,0.8068,0.8183,18216095.4
1748779200000,0.8183,0.8312,0.8103,0.8283,12706648.0
1748793600000,0.8281,0.8392,0.8202,0.8328,15659520.4
1748808000000,0.8328,0.8472,0.8285,0.8439,9996998.1
1748822400000,0.844,0.8505,0.8282,0.8297,16136275.5
1748836800000,0.8297,0.8403,0.8221,0.8339,11359988.6
1748851200000,0.8338,0.8393,0.8177,0.825,15782426.6
1748865600000,0.825,0.8373,0.82,0.8326,15292921.1
1748880000000,0.8327,0.8375,0.8215,0.8268,10340883.3
1748894400000,0.8268,0.8551,0.8268,0.8503,16049578.1
1748908800000,0.8502,0.869,0.8472,0.851,17680769.7
1748923200000,0.8509,0.856,0.8445,0.8497,9190745.7
1748937600000,0.8497,0.8588,0.8427,0.8563,8957719.7
1748952000000,0.8563,0.8692,0.8533,0.8628,18318070.1
1748966400000,0.8628,0.8641,0.8532,0.8614,11480425.6
1748980800000,0.8614,0.8623,0.8386,0.85,13762672.2
1748995200000,0.8499,0.8608,0.843,0.8555,10256147.2
1749009600000,0.8556,0.8584,0.8466,0.8499,8303253.9
1749024000000,0.8499,0.8573,0.8406,0.8411,10912188.2
1749038400000,0.8411,0.8512,0.8301,0.8488,18516987.7
1749052800000,0.8488,0.8494,0.836,0.8363,8351507.5
1749067200000,0.8362,0.8391,0.8244,0.8309,12102427.2
1749081600000,0.8308,0.8365,0.8247,0.8306,9144350.5
1749096000000,0.8305,0.8345,0.8178,0.8223,13372452.3
1749110400000,0.8222,0.8277,0.8141,0.8203,9188718.0
1749124800000,0.8202,0.8378,0.8077,0.8202,25742745.3
1749139200000,0.8202,0.8211,0.7844,0.7902,32022811.3
1749153600000,0.7902,0.7921,0.7567,0.7745,49756331.2
1749168000000,0.7746,0.7946,0.7673,0.7934,15882002.7
1749182400000,0.7935,0.803,0.7904,0.7975,12185668.6
1749196800000,0.7976,0.8062,0.7975,0.8021,9407192.9
1749211200000,0.8022,0.8223,0.8008,0.816,19091609.9
1749225600000,0.816,0.8182,0.7991,0.8024,12581338.8
1749240000000,0.8024,0.81,0.8002,0.8047,8645155.3
1749254400000,0.8048,0.8214,0.8014,0.8207,9392195.7
1749268800000,0.8207,0.8321,0.8178,0.8285,9903980.0
1749283200000,0.8285,0.8366,0.8263,0.8343,9507149.8
1749297600000,0.8343,0.8427,0.8308,0.8329,10395484.7
1749312000000,0.8329,0.8353,0.824,0.8322,10508745.1
1749326400000,0.8323,0.8397,0.832,0.8356,6324876.2
1749340800000,0.8356,0.8367,0.8279,0.8314,7314882.7
1749355200000,0.8314,0.8349,0.8252,0.8262,6976881.6
1749369600000,0.8262,0.833,0.8177,0.8316,10868486.4
1749384000000,0.8315,0.837,0.823,0.8316,10576916.2
1749398400000,0.8317,0.8424,0.8317,0.8421,8592276.8
1749412800000,0.8421,0.8474,0.8285,0.8314,10679944.7
1749427200000,0.8313,0.8332,0.8217,0.8287,9444009.3
1749441600000,0.8287,0.8299,0.8178,0.823,8300740.4
1749456000000,0.823,0.8466,0.8206,0.8462,16979847.4
1749470400000,0.8463,0.8485,0.8361,0.8402,21211145.2
1749484800000,0.8403,0.8516,0.8392,0.8429,15392476.5
1749499200000,0.843,0.8779,0.843,0.8748,23825408.4
1749513600000,0.8749,0.8843,0.8689,0.8696,16452285.5
1749528000000,0.8697,0.8739,0.8575,0.8708,12883163.4
1749542400000,0.8709,0.8982,0.8669,0.8963,17828781.8
1749556800000,0.8962,0.9058,0.8686,0.8811,36498089.3
1749571200000,0.8811,0.8966,0.8723,0.8874,15386442.9
1749585600000,0.8875,0.8993,0.879,0.8991,13302334.5
1749600000000,0.8991,0.9009,0.8775,0.8888,11788989.8
1749614400000,0.8888,0.9022,0.8829,0.8985,13893197.9
1749628800000,0.8986,0.9038,0.8793,0.8832,16298523.3
1749643200000,0.8833,0.9191,0.8792,0.9168,40940862.0
1749657600000,0.9169,0.9203,0.8852,0.8871,23488589.8
1749672000000,0.887,0.8916,0.854,0.8662,25674272.4
1749686400000,0.8663,0.8678,0.8482,0.8505,18707664.5
1749700800000,0.8505,0.8549,0.8423,0.8446,18720102.8
1749715200000,0.8446,0.8468,0.8314,0.834,18232079.2
1749729600000,0.8341,0.8585,0.8317,0.8374,31497289.2
1749744000000,0.8374,0.8584,0.824,0.8269,27541617.0
1749758400000,0.8267,0.8306,0.8056,0.813,34921129.6
1749772800000,0.8131,0.8137,0.75,0.7804,106470611.6
1749787200000,0.7805,0.7831,0.7651,0.7786,26671628.7
1749801600000,0.7786,0.7892,0.7703,0.7808,23330091.9
1749816000000,0.7808,0.7931,0.7681,0.788,30348062.5
1749830400000,0.788,0.7998,0.7717,0.7774,27981808.5
1749844800000,0.7776,0.7977,0.7753,0.7967,12444229.8
1749859200000,0.7966,0.7985,0.7877,0.7916,12587172.0
1749873600000,0.7916,0.7968,0.7857,0.7905,7893716.7
1749888000000,0.7904,0.7987,0.7862,0.795,15207105.1
1749902400000,0.7949,0.7969,0.7801,0.7839,10556924.0
1749916800000,0.7839,0.7863,0.7682,0.7736,14600795.3
1749931200000,0.7737,0.7877,0.7678,0.7847,9490705.4
1749945600000,0.7848,0.7907,0.7834,0.7878,5603241.9
1749960000000,0.7878,0.7977,0.7841,0.786,9810509.6
1749974400000,0.786,0.787,0.7752,0.7805,12444800.2
1749988800000,0.7806,0.7938,0.7782,0.7859,14816325.5
1750003200000,0.786,0.7937,0.7829,0.786,9623525.3
1750017600000,0.7861,0.794,0.7741,0.7918,11393434.0
1750032000000,0.7918,0.8091,0.7851,0.8024,15187798.6
1750046400000,0.8025,0.8256,0.8021,0.8246,15862813.9
1750060800000,0.8247,0.8277,0.8107,0.82,13411419.9
1750075200000,0.82,0.8349,0.8166,0.8245,19042462.7
1750089600000,0.8245,0.8393,0.824,0.836,13213354.8
1750104000000,0.8361,0.8404,0.789,0.7915,29861994.3
1750118400000,0.7916,0.7974,0.7677,0.7891,42981458.2
1750132800000,0.7892,0.7918,0.7695,0.7714,21955328.2
1750147200000,0.7713,0.7739,0.7591,0.7637,25377834.8
1750161600000,0.7637,0.7713,0.7367,0.7447,42375167.2
1750176000000,0.7447,0.753,0.7267,0.7481,42281712.3
1750190400000,0.748,0.7514,0.7354,0.7431,16582804.3
1750204800000,0.7432,0.7554,0.742,0.7527,15825758.9
1750219200000,0.7526,0.7643,0.7495,0.754,14539452.3
1750233600000,0.7539,0.7581,0.7272,0.739,24402790.9
1750248000000,0.739,0.7485,0.7197,0.7426,35166444.2
1750262400000,0.7425,0.754,0.7314,0.7397,37161591.6
1750276800000,0.7397,0.7858,0.7376,0.7756,43000436.1
1750291200000,0.7757,0.7856,0.7675,0.7802,19365488.3
1750305600000,0.7803,0.786,0.7743,0.7782,14885120.3
1750320000000,0.7783,0.7917,0.7776,0.779,19065988.9
1750334400000,0.779,0.7832,0.7607,0.7634,21874667.9
1750348800000,0.7635,0.7737,0.757,0.7646,18303945.2
1750363200000,0.7647,0.7758,0.7605,0.7681,11537191.7
1750377600000,0.768,0.773,0.7626,0.7629,8399379.5
1750392000000,0.7628,0.7755,0.7555,0.7748,16894304.3
1750406400000,0.7748,0.7804,0.769,0.7761,17996408.9
1750420800000,0.776,0.7814,0.7464,0.7508,31232723.5
1750435200000,0.7509,0.7517,0.721,0.7401,39377140.2
1750449600000,0.74,0.7478,0.7259,0.7356,13221541.7
1750464000000,0.7356,0.7448,0.7334,0.7413,8671738.5
1750478400000,0.7413,0.7422,0.736,0.7381,6446695.3
1750492800000,0.7381,0.7429,0.7361,0.7388,7325718.4
1750507200000,0.7388,0.7405,0.7204,0.7258,17244276.0
1750521600000,0.7258,0.7292,0.6897,0.6899,35264492.0
1750536000000,0.6899,0.7013,0.6743,0.6935,49155257.7
1750550400000,0.6936,0.7065,0.6784,0.6855,40565033.9
1750564800000,0.6856,0.6964,0.683,0.6855,17608268.4
1750579200000,0.6856,0.6868,0.6681,0.6727,24534823.8
1750593600000,0.6726,0.6778,0.6344,0.6374,93325540.3
1750608000000,0.6373,0.655,0.6352,0.6375,26912548.5
1750622400000,0.6376,0.6725,0.6213,0.6723,49638344.0
1750636800000,0.6721,0.6794,0.6674,0.6749,22018809.1
1750651200000,0.6749,0.6911,0.6731,0.682,23515595.0
1750665600000,0.682,0.6848,0.6644,0.6698,22922116.5
1750680000000,0.6698,0.693,0.6655,0.6712,40677215.8
1750694400000,0.6711,0.7023,0.6499,0.6995,70463495.3
1750708800000,0.6997,0.7722,0.6983,0.7547,78373840.3
1750723200000,0.7547,0.7605,0.7453,0.75,22211968.7
1750737600000,0.7499,0.7887,0.7494,0.768,31442211.8
1750752000000,0.7678,0.7774,0.7578,0.7698,28408869.2
1750766400000,0.7698,0.7823,0.7636,0.7764,32606804.0
1750780800000,0.7765,0.7943,0.7634,0.7723,27550290.0
1750795200000,0.7723,0.7834,0.7681,0.7834,13575441.4
1750809600000,0.7835,0.7875,0.7727,0.7815,16422679.5
1750824000000,0.7816,0.7866,0.7727,0.7846,13479872.4
1750838400000,0.7846,0.7858,0.7698,0.7805,18466349.5
1750852800000,0.7806,0.7873,0.759,0.7604,29944731.4
1750867200000,0.7604,0.7706,0.755,0.7676,21143088.9
1750881600000,0.7676,0.7715,0.7523,0.7591,10319271.9
1750896000000,0.7592,0.7787,0.7512,0.765,24507145.9
1750910400000,0.765,0.7692,0.7547,0.7653,13119355.0
1750924800000,0.7652,0.7717,0.7462,0.7483,16141536.7
1750939200000,0.7483,0.7494,0.7307,0.7381,29183062.8
1750953600000,0.738,0.7447,0.7292,0.7407,14493597.1
1750968000000,0.7406,0.7537,0.7291,0.7333,18256319.8
1750982400000,0.7332,0.7417,0.7211,0.739,19107149.0
1750996800000,0.739,0.7457,0.7318,0.7336,14617768.4
1751011200000,0.7336,0.7459,0.7325,0.7404,10964541.1
1751025600000,0.7404,0.7492,0.7304,0.7473,16408349.8
1751040000000,0.7473,0.76,0.7292,0.7377,17618169.3
1751054400000,0.7377,0.7493,0.7365,0.7465,7497831.7
1751068800000,0.7466,0.7502,0.7417,0.7464,6510004.3
1751083200000,0.7464,0.753,0.7422,0.7525,7077352.3
1751097600000,0.7526,0.7565,0.7476,0.7518,8108058.8
1751112000000,0.7519,0.7563,0.745,0.7552,8396021.8
1751126400000,0.7553,0.7648,0.7519,0.7599,11166742.9
1751140800000,0.7599,0.7658,0.7542,0.7606,6824407.9
1751155200000,0.7606,0.7712,0.7557,0.7577,16196697.9
1751169600000,0.7578,0.7662,0.7564,0.7662,5535724.1
1751184000000,0.7663,0.7734,0.7634,0.7716,10223318.4
1751198400000,0.7714,0.7731,0.7592,0.761,9814267.2
1751212800000,0.761,0.7689,0.7571,0.7668,7358292.4
1751227200000,0.7667,0.7996,0.7611,0.7913,21046996.4
1751241600000,0.7913,0.797,0.7768,0.7812,13674497.3
1751256000000,0.7811,0.7822,0.7645,0.7748,10498174.0
1751270400000,0.7747,0.7774,0.7637,0.7654,10988432.4
1751284800000,0.7653,0.7731,0.752,0.7673,20101957.5
1751299200000,0.7674,0.7878,0.7642,0.7868,13421797.4
1751313600000,0.7868,0.7885,0.7671,0.7684,9166391.4
1751328000000,0.7684,0.7719,0.7597,0.7641,9740551.2
1751342400000,0.7641,0.7641,0.7472,0.7575,12371123.3
1751356800000,0.7574,0.7608,0.748,0.7506,9866010.9
1751371200000,0.7504,0.7559,0.7385,0.7455,14932009.9
1751385600000,0.7456,0.7501,0.7344,0.7349,10297571.7
1751400000000,0.7349,0.7438,0.7327,0.7409,7609463.6
1751414400000,0.7409,0.75,0.7333,0.7476,10692001.2
1751428800000,0.7477,0.7633,0.7454,0.7601,11230479.0
1751443200000,0.7603,0.7688,0.7588,0.7627,11129269.4
1751457600000,0.7628,0.7839,0.7571,0.7821,16894130.1
1751472000000,0.7822,0.8021,0.7812,0.8009,30882128.8
1751486400000,0.8009,0.8042,0.7846,0.7851,16153084.9
1751500800000,0.7852,0.7935,0.782,0.7862,13056085.1
1751515200000,0.7861,0.8076,0.7846,0.8054,19805882.1
1751529600000,0.8054,0.8145,0.7972,0.8027,19579480.1
1751544000000,0.8026,0.8141,0.7788,0.7803,44847328.7
1751558400000,0.7802,0.7978,0.7796,0.796,34709612.7
1751572800000,0.796,0.8032,0.7944,0.7968,9025236.9
1751587200000,0.7968,0.8039,0.785,0.7852,12042296.2
1751601600000,0.7853,0.7877,0.7675,0.7693,27986390.8
1751616000000,0.7693,0.7802,0.7641,0.7775,11437823.7
1751630400000,0.7776,0.797,0.7662,0.7727,62123801.9
1751644800000,0.7727,0.7781,0.7619,0.7657,21226909.0
1751659200000,0.7657,0.78,0.7647,0.7738,8769032.6
1751673600000,0.7738,0.7803,0.7668,0.7773,9301415.0
1751688000000,0.7774,0.7843,0.7701,0.7779,8959696.5
1751702400000,0.778,0.7809,0.7704,0.7798,8776417.8
1751716800000,0.7798,0.7806,0.7718,0.7749,9430160.4
1751731200000,0.775,0.7802,0.7657,0.7747,9756053.6
1751745600000,0.7746,0.7838,0.7728,0.7819,6237652.9
1751760000000,0.7819,0.7825,0.7741,0.7764,6155018.8
1751774400000,0.7763,0.7797,0.7724,0.7757,5811519.3
1751788800000,0.7757,0.7802,0.7716,0.7781,7076499.6
1751803200000,0.778,0.7966,0.7763,0.789,16580977.1
1751817600000,0.7889,0.7975,0.7863,0.794,8671129.1
1751832000000,0.7942,0.8077,0.792,0.7958,13952058.6
1751846400000,0.7959,0.8037,0.7893,0.7959,8497899.6
1751860800000,0.796,0.8145,0.7902,0.7981,29366256.3
1751875200000,0.7981,0.7987,0.786,0.7894,14655503.9
1751889600000,0.7895,0.7951,0.7812,0.7831,13832669.1
1751904000000,0.7831,0.7858,0.771,0.7771,14692384.0
1751918400000,0.777,0.7806,0.7672,0.7797,10369029.2
1751932800000,0.7798,0.7834,0.769,0.7741,11076089.2
1751947200000,0.7741,0.782,0.771,0.7814,6905811.8
1751961600000,0.7814,0.7911,0.778,0.7865,9606252.3
1751976000000,0.7865,0.7972,0.785,0.7876,14053510.9
1751990400000,0.7878,0.8055,0.7861,0.801,17045509.1
1752004800000,0.8011,0.8027,0.7982,0.8014,7782045.5
1752019200000,0.8014,0.8023,0.7922,0.7928,7799365.8
1752033600000,0.7928,0.8067,0.7917,0.8042,10950967.3
1752048000000,0.8042,0.8124,0.8016,0.8104,12196368.9
1752062400000,0.8103,0.825,0.8076,0.8157,25639450.9
1752076800000,0.8158,0.8397,0.8092,0.8353,23564053.7
1752091200000,0.8353,0.8381,0.8232,0.8324,19316960.5
1752105600000,0.8324,0.8428,0.8262,0.841,13761036.4
1752120000000,0.8409,0.8553,0.8362,0.8492,17078022.4
1752134400000,0.849,0.8559,0.8441,0.8477,17171835.1
1752148800000,0.8476,0.848,0.8359,0.8419,19193719.1
1752163200000,0.842,0.8754,0.8414,0.8675,27708806.0
1752177600000,0.8674,0.9013,0.8672,0.8937,28032537.0
1752192000000,0.8937,0.9071,0.8749,0.9056,23848006.3
1752206400000,0.9056,0.928,0.895,0.8995,30841501.5
1752220800000,0.8996,0.9219,0.8989,0.9145,21309506.9
1752235200000,0.9146,0.9387,0.9024,0.9058,46829102.9
1752249600000,0.9059,0.9217,0.8966,0.9216,31756584.6
1752264000000,0.9215,0.923,0.8691,0.8848,28627474.4
1752278400000,0.8849,0.911,0.8714,0.8984,20196807.3
1752292800000,0.8984,0.9005,0.8783,0.8903,13394270.4
1752307200000,0.8903,0.9018,0.8837,0.8905,10702490.0
1752321600000,0.8905,0.8921,0.8521,0.8592,29452190.6
1752336000000,0.8592,0.8771,0.8555,0.8729,10018368.6
1752350400000,0.873,0.877,0.8595,0.8739,7162299.3
1752364800000,0.874,0.8827,0.8707,0.8789,9530769.2
1752379200000,0.8789,0.8967,0.8745,0.8958,11370647.8
1752393600000,0.8958,0.911,0.8872,0.9034,19910070.0
1752408000000,0.9033,0.9288,0.9007,0.9084,31194297.5
1752422400000,0.9083,0.9184,0.9002,0.9054,14694282.3
1752436800000,0.9055,0.9128,0.8887,0.904,12666869.2
1752451200000,0.904,0.9408,0.8996,0.9355,25947164.4
1752465600000,0.9356,0.9612,0.9225,0.9554,36941425.2
1752480000000,0.9554,0.957,0.9342,0.9463,30308310.4
1752494400000,0.9461,0.9571,0.9015,0.9107,45962444.7
1752508800000,0.9106,0.9172,0.8905,0.8981,24428063.3
1752523200000,0.8982,0.9391,0.888,0.9223,42471441.1
1752537600000,0.9224,0.9276,0.8802,0.8908,38969330.8
1752552000000,0.8909,0.9065,0.8817,0.8932,19118445.2
1752566400000,0.8931,0.9083,0.8838,0.9048,19350958.7
1752580800000,0.9049,0.935,0.8894,0.9178,52739622.7
1752595200000,0.9178,0.9431,0.9135,0.9149,30825735.6
1752609600000,0.9149,0.9456,0.9117,0.9387,36108029.7
1752624000000,0.9388,0.9481,0.9235,0.9359,22067668.5
1752638400000,0.9359,0.9509,0.9279,0.9482,14853032.7
1752652800000,0.9481,0.9555,0.9393,0.9449,16134095.2
1752667200000,0.945,0.9653,0.9402,0.9508,28382507.2
1752681600000,0.9508,0.9766,0.9472,0.9668,22326983.7
1752696000000,0.9667,0.9829,0.9516,0.9591,25350386.5
1752710400000,0.9591,0.9713,0.9308,0.9389,30825064.6
1752724800000,0.9389,0.9683,0.9366,0.9641,24639441.9
1752739200000,0.9642,0.9851,0.9578,0.9658,29215603.4
1752753600000,0.9658,1.0498,0.9657,1.0367,129912168.3
1752768000000,1.0366,1.0424,1.0082,1.013,46087289.5
1752782400000,1.0128,1.0623,0.992,1.0347,58462022.5
1752796800000,1.0346,1.0789,1.0242,1.0678,40842647.1
1752811200000,1.0678,1.0928,1.046,1.0472,42554843.9
1752825600000,1.0472,1.0629,1.0318,1.0416,40070934.1
1752840000000,1.0416,1.0646,1.0089,1.0196,53654489.4
1752854400000,1.0196,1.0353,1.0051,1.0123,22819154.0
1752868800000,1.0124,1.0169,0.9835,1.0072,31914716.3
1752883200000,1.0071,1.0321,0.9888,1.0236,24740530.0
1752897600000,1.0237,1.035,1.0195,1.0254,16081849.3
1752912000000,1.0252,1.0279,1.0042,1.0086,18579005.2
1752926400000,1.0086,1.0263,0.9982,1.0221,23271950.4
1752940800000,1.0221,1.0306,1.0141,1.0277,15416395.7
1752955200000,1.0277,1.0383,1.0131,1.0311,15336267.3
1752969600000,1.0311,1.0406,1.0212,1.033,16554096.9
1752984000000,1.0329,1.0468,1.0295,1.0423,15906492.2
1752998400000,1.0423,1.0691,1.0423,1.0616,25062764.9
1753012800000,1.0615,1.0769,1.0549,1.0751,22906904.6
1753027200000,1.0751,1.0827,1.0576,1.067,31977426.4
1753041600000,1.0671,1.0681,1.0259,1.0477,31037064.5
1753056000000,1.0478,1.064,1.026,1.0605,24532231.8
1753070400000,1.0606,1.0845,1.0551,1.0792,21071798.3
1753084800000,1.0792,1.0915,1.063,1.088,26909344.0
1753099200000,1.0881,1.1288,1.0809,1.1037,53290352.7
1753113600000,1.1037,1.1066,1.0562,1.0606,39455320.3
1753128000000,1.0605,1.0822,1.0545,1.0753,17284432.4
1753142400000,1.0754,1.1012,1.0408,1.0666,48474550.0
1753156800000,1.0665,1.0705,1.031,1.055,41008074.4
1753171200000,1.055,1.0562,1.02,1.0551,39976313.9
1753185600000,1.0552,1.0668,1.0271,1.0539,52898360.7
1753200000000,1.0538,1.0712,1.0431,1.047,30128123.3
1753214400000,1.0469,1.1703,1.0443,1.1441,99550609.0
1753228800000,1.144,1.1478,1.0978,1.1025,50617745.4
1753243200000,1.1025,1.1245,1.0984,1.1048,33689619.4
1753257600000,1.1048,1.108,1.067,1.0742,35636192.9
1753272000000,1.0742,1.0788,1.0036,1.0461,92686842.7
1753286400000,1.046,1.046,0.9949,1.0199,46286239.3
1753300800000,1.0199,1.0433,0.9868,1.0298,43781929.2
1753315200000,1.0299,1.0453,1.0206,1.0324,23742666.9
1753329600000,1.0325,1.0338,0.9481,0.991,76620452.7
1753344000000,0.991,1.0276,0.984,1.0224,40042636.3
1753358400000,1.0223,1.0628,1.0098,1.0581,56271270.9
1753372800000,1.0582,1.0799,1.0336,1.0557,53263412.8
1753387200000,1.0555,1.0603,1.013,1.018,29690764.6
1753401600000,1.0181,1.0183,0.9807,0.9928,41186064.3
1753416000000,0.9928,1.0094,0.979,0.9991,36805072.1
1753430400000,0.9994,1.0398,0.9979,1.0284,41599083.7
1753444800000,1.0284,1.0396,0.9881,1.0024,44421345.8
1753459200000,1.0025,1.0211,0.9954,1.015,20655938.9
1753473600000,1.015,1.0415,1.0131,1.0378,20298379.3
1753488000000,1.0378,1.0484,1.0316,1.0429,14710842.0
1753502400000,1.0428,1.0512,1.0408,1.0415,12184183.0
1753516800000,1.0415,1.0577,1.0415,1.0473,16776664.9
1753531200000,1.0473,1.057,1.0426,1.0553,16298374.5
1753545600000,1.0554,1.062,1.0434,1.056,15450558.7
1753560000000,1.0561,1.059,1.0409,1.0424,11282887.7
1753574400000,1.0423,1.0598,1.0398,1.0534,14448201.0
1753588800000,1.0534,1.067,1.0471,1.0557,14465457.1
1753603200000,1.0557,1.0573,1.0382,1.0466,19616522.0
1753617600000,1.0465,1.0547,1.0363,1.0433,19084633.0
1753632000000,1.0433,1.0574,1.038,1.0515,28044123.2
1753646400000,1.0516,1.0716,1.044,1.0689,25764916.0
1753660800000,1.0689,1.0791,1.0476,1.0653,25325892.2
1753675200000,1.0653,1.0843,1.0553,1.0607,22978291.8
1753689600000,1.0606,1.0672,1.0461,1.0548,17976789.8
1753704000000,1.0548,1.0596,1.0036,1.0109,52554289.2
1753718400000,1.0107,1.0174,0.9888,0.9997,32809871.2
1753732800000,0.9999,1.0015,0.9843,0.9918,23346928.4
1753747200000,0.9918,0.9997,0.968,0.9885,28829100.0
1753761600000,0.9885,1.0118,0.9782,1.0076,22378990.3
1753776000000,1.0076,1.0099,0.9745,0.9811,21646687.7
1753790400000,0.9813,0.9946,0.9518,0.9584,41783458.2
1753804800000,0.9584,0.9671,0.9432,0.9516,26018756.3
1753819200000,0.9515,0.9616,0.9382,0.9592,21348552.7
1753833600000,0.9592,0.9642,0.9412,0.9588,16049823.8
1753848000000,0.9587,0.963,0.9463,0.9541,11494528.5
1753862400000,0.954,0.9595,0.9237,0.93,24960208.5
1753876800000,0.93,0.9595,0.9235,0.9532,30042715.1
1753891200000,0.9533,0.9628,0.9,0.9452,44743536.9
1753905600000,0.9451,0.957,0.9338,0.9451,18552024.8
1753920000000,0.945,0.9707,0.9415,0.9684,18515916.4
1753934400000,0.9685,0.984,0.965,0.9789,13997979.2
1753948800000,0.9789,1.0042,0.976,0.9803,28992349.0
1753963200000,0.9804,0.9808,0.9407,0.9531,40857730.3
1753977600000,0.9529,1.0036,0.9454,0.9484,85917228.9
1753992000000,0.9483,0.9503,0.9141,0.9186,32051086.2
1754006400000,0.9186,0.927,0.8869,0.9157,50493465.8
1754020800000,0.9156,0.9156,0.8902,0.9027,32773025.7
1754035200000,0.9026,0.9102,0.8833,0.9094,29405034.0
1754049600000,0.9093,0.9254,0.8862,0.916,51204896.2
1754064000000,0.916,0.9226,0.8896,0.9104,32459990.1
1754078400000,0.9103,0.913,0.8661,0.8893,45092428.8
1754092800000,0.8894,0.9077,0.8858,0.9037,12582849.6
1754107200000,0.9038,0.9087,0.8793,0.9009,19467238.4
1754121600000,0.9008,0.9043,0.8757,0.8831,25156272.8
1754136000000,0.883,0.8903,0.8632,0.8664,25416393.7
1754150400000,0.8664,0.879,0.8434,0.8607,40767726.8
1754164800000,0.8608,0.8814,0.8595,0.8745,18191566.0
1754179200000,0.8746,0.8926,0.8581,0.8897,18676744.9
1754193600000,0.8898,0.8987,0.885,0.8987,9501059.9
1754208000000,0.8985,0.9172,0.8966,0.9119,14069545.6
1754222400000,0.9119,0.9158,0.9032,0.9152,12928260.5
1754236800000,0.915,0.9265,0.9083,0.92,12404081.3
1754251200000,0.9201,0.9263,0.9157,0.9207,9748833.4
1754265600000,0.9208,0.9432,0.919,0.9287,16906685.9
1754280000000,0.9288,0.9322,0.9159,0.9271,16870139.5
1754294400000,0.9272,0.933,0.9189,0.9229,14194518.5
1754308800000,0.9229,0.9463,0.9206,0.9382,24656561.7
1754323200000,0.9382,0.9576,0.9354,0.9369,22316045.0
1754337600000,0.9369,0.9559,0.934,0.9499,14876968.2
1754352000000,0.9499,0.9503,0.9292,0.9299,14082415.4
1754366400000,0.9298,0.9335,0.9071,0.9141,27466439.7
1754380800000,0.914,0.9492,0.9105,0.9421,25608295.3
1754395200000,0.9422,0.9439,0.9045,0.9107,39630160.8
1754409600000,0.9106,0.9374,0.9019,0.9058,33155329.7
1754424000000,0.9058,0.9262,0.9023,0.9194,33978837.8
1754438400000,0.9195,0.9202,0.9009,0.9053,18388057.1
1754452800000,0.9052,0.9274,0.8986,0.9238,19633380.1
1754467200000,0.9238,0.9296,0.9153,0.9222,16906988.9
1754481600000,0.9222,0.9379,0.9093,0.9355,32236233.4
1754496000000,0.9357,0.9458,0.928,0.9432,16728854.3
1754510400000,0.9431,0.9442,0.9355,0.941,8505354.6
1754524800000,0.941,0.949,0.9321,0.9324,14466151.3
1754539200000,0.9323,0.9532,0.9312,0.9502,17673364.4
1754553600000,0.9501,0.9841,0.9484,0.9833,23062981.9
1754568000000,0.9834,0.9983,0.9759,0.9892,49607008.2
1754582400000,0.9891,0.9955,0.9671,0.9954,21842255.1
1754596800000,0.9954,1.0114,0.9937,1.0096,23838455.5
1754611200000,1.0097,1.02,0.9989,1.0109,35727360.8
1754625600000,1.0109,1.0193,1.0012,1.0169,18335315.4
1754640000000,1.0167,1.0235,1.0076,1.0179,16832923.7
1754654400000,1.0179,1.0317,1.0003,1.0092,30144876.9
1754668800000,1.0092,1.0316,1.0054,1.0284,23001327.2
1754683200000,1.0284,1.0297,1.019,1.0207,8905475.5
1754697600000,1.0208,1.0248,1.0144,1.0179,9984509.2
1754712000000,1.0179,1.0463,1.0156,1.039,20759118.9
1754726400000,1.039,1.0573,1.0371,1.0429,20281337.4
1754740800000,1.0429,1.0579,1.0309,1.0425,22779246.6
1754755200000,1.0425,1.0529,1.0385,1.0495,14747715.0
1754769600000,1.0494,1.058,1.0361,1.0373,17203662.4
1754784000000,1.0374,1.0536,1.0309,1.0474,21135411.0
1754798400000,1.0475,1.0566,1.0069,1.0105,29443988.3
1754812800000,1.0105,1.0217,0.998,1.0073,29359509.7
1754827200000,1.0073,1.0322,1.0023,1.028,22114833.8
1754841600000,1.0279,1.0364,1.0235,1.0298,14364939.3
1754856000000,1.0298,1.0308,1.0111,1.0257,13592741.0
1754870400000,1.0257,1.054,1.0205,1.0473,26423699.5
1754884800000,1.0474,1.0559,1.0243,1.0275,18684361.5
1754899200000,1.0274,1.0348,0.9899,0.9946,33947660.4
1754913600000,0.9945,1.0211,0.9881,1.0167,43862882.9
1754928000000,1.0168,1.0295,0.9899,0.9979,31891261.6
1754942400000,0.9979,1.0106,0.9753,0.9833,36393205.0
1754956800000,0.9833,1.0045,0.9815,0.9943,12342035.6
1754971200000,0.9943,0.9975,0.9747,0.9943,14195944.6
1754985600000,0.9944,0.9957,0.9678,0.9839,18265947.2
1755000000000,0.9838,1.044,0.979,1.0429,60348336.9
1755014400000,1.0428,1.069,1.0393,1.0518,54384370.9
1755028800000,1.052,1.0631,1.0463,1.0605,26231652.6
1755043200000,1.0605,1.0715,1.0453,1.0683,28437581.7
1755057600000,1.0682,1.0748,1.0481,1.0656,18333687.3
1755072000000,1.0655,1.0898,1.0649,1.0729,33213552.4
1755086400000,1.0728,1.0872,1.05,1.0622,42360577.6
1755100800000,1.0622,1.0738,1.055,1.0725,19584437.2
1755115200000,1.0725,1.0856,1.0649,1.0772,17913831.3
1755129600000,1.0772,1.1118,1.064,1.1059,33599988.9
1755144000000,1.106,1.1102,1.0656,1.0803,43968561.1
1755158400000,1.0804,1.0823,1.0489,1.0583,41236068.0
1755172800000,1.0583,1.0711,0.98,1.0107,128192893.6
1755187200000,1.0107,1.011,0.9832,0.9992,38618777.2
1755201600000,0.9991,1.0053,0.977,1.0008,21266782.2
1755216000000,1.0008,1.0216,0.993,1.0212,17623577.8
1755230400000,1.0212,1.027,1.0065,1.0189,16473545.2
1755244800000,1.0189,1.0284,1.0069,1.0087,18380168.7
1755259200000,1.0088,1.0209,0.9619,0.9696,54656700.2
1755273600000,0.9696,0.9819,0.959,0.9684,28799988.1
1755288000000,0.9685,1.0024,0.9647,0.9895,15604776.8
1755302400000,0.9895,1.0009,0.9837,0.9845,12962634.9
1755316800000,0.9846,0.9939,0.9808,0.9913,17342335.2
1755331200000,0.9912,0.9938,0.9778,0.9798,13631352.7
1755345600000,0.9799,1.0044,0.9761,1.0042,16573242.6
1755360000000,1.0041,1.0089,0.9927,0.997,10221102.9
1755374400000,0.997,1.0024,0.993,1.0004,6417835.8
1755388800000,1.0005,1.0093,0.9945,1.0067,9094773.4
1755403200000,1.0068,1.0163,1.0055,1.0128,11712617.8
1755417600000,1.0129,1.0246,1.0112,1.0237,15381609.8
1755432000000,1.0238,1.0356,1.0119,1.0356,16311977.1
1755446400000,1.0356,1.0415,1.0043,1.0086,25048214.2
1755460800000,1.0087,1.0219,1.0055,1.0073,12651312.5
1755475200000,1.0072,1.009,0.9587,0.9685,35920626.8
1755489600000,0.9685,0.9775,0.9503,0.9564,21276536.1
1755504000000,0.9563,0.9597,0.9407,0.9491,24317614.4
1755518400000,0.949,0.9682,0.944,0.9599,29053900.5
1755532800000,0.9598,0.9723,0.9483,0.963,16138534.5
1755547200000,0.963,0.9767,0.9554,0.9601,13454706.3
1755561600000,0.9601,0.9741,0.9364,0.9385,24584359.6
1755576000000,0.9384,0.9497,0.93,0.942,19603509.3
1755590400000,0.9421,0.9596,0.9354,0.9579,14663190.9
1755604800000,0.9578,0.9615,0.9226,0.925,40836106.3
1755619200000,0.925,0.9272,0.906,0.9136,30916100.1
1755633600000,0.9137,0.9234,0.9072,0.91,15337749.5
1755648000000,0.9099,0.9261,0.9058,0.9195,17965951.2
1755662400000,0.9196,0.9313,0.9192,0.9243,11632833.4
1755676800000,0.9244,0.9371,0.918,0.9291,15496935.3
1755691200000,0.9291,0.945,0.9028,0.9328,42946951.1
1755705600000,0.9327,0.9527,0.929,0.952,22517900.3
1755720000000,0.9519,0.9527,0.9415,0.9461,11614783.0
1755734400000,0.9462,0.9549,0.9343,0.9408,14570953.1
1755748800000,0.9407,0.9475,0.9306,0.94,22587501.8
1755763200000,0.9401,0.9414,0.9251,0.9289,12633124.5
1755777600000,0.9288,0.9361,0.9136,0.9153,27318865.7
1755792000000,0.9153,0.9273,0.9106,0.9149,15061994.0
1755806400000,0.9149,0.9248,0.9109,0.9168,9759858.1
1755820800000,0.9167,0.9324,0.9102,0.9172,13575824.3
1755835200000,0.9172,0.9291,0.9163,0.9261,11288818.0
1755849600000,0.926,0.9334,0.906,0.9063,14823096.7
1755864000000,0.9064,0.9907,0.8904,0.9785,123578305.8
1755878400000,0.9785,1.0143,0.9783,1.0103,44235557.2
1755892800000,1.0103,1.0185,1.0049,1.0114,24405239.0
1755907200000,1.0114,1.0135,0.9774,0.9821,28001020.5
1755921600000,0.9821,1.0222,0.9815,1.0034,24419124.1
1755936000000,1.0035,1.007,0.9919,0.9953,14151813.4
1755950400000,0.9953,1.0013,0.9896,0.9957,15801067.3
1755964800000,0.9957,1.0126,0.9908,1.0119,14010608.8
1755979200000,1.012,1.0129,0.9958,1.0025,16955985.1
1755993600000,1.0024,1.0109,0.9923,0.9995,13455837.0
1756008000000,0.9996,1.0024,0.9796,0.9805,17840189.8
1756022400000,0.9805,0.9861,0.958,0.9634,21080669.3
1756036800000,0.9634,0.9838,0.9617,0.9731,18112288.4
1756051200000,0.9731,1.0291,0.9675,0.9923,69494319.4
1756065600000,0.9923,0.993,0.9648,0.9725,38880587.9
1756080000000,0.9725,0.9888,0.9483,0.9737,28210861.6
1756094400000,0.9737,0.9762,0.9266,0.9305,28901686.2
1756108800000,0.9304,0.9364,0.9145,0.9263,24070622.5
1756123200000,0.9262,0.9354,0.9159,0.9254,31087160.6
1756137600000,0.9256,0.9325,0.8961,0.8971,27331178.0
1756152000000,0.8972,0.9024,0.8759,0.8918,52009862.9
1756166400000,0.8917,0.9109,0.8848,0.8991,20197716.1
1756180800000,0.8992,0.9125,0.8968,0.9068,15945392.9
1756195200000,0.9067,0.9112,0.8994,0.9055,13415079.2
1756209600000,0.9055,0.9275,0.8986,0.916,31811277.9
1756224000000,0.9161,0.9505,0.9127,0.9484,19481976.1
1756238400000,0.9482,0.9524,0.936,0.9409,17815267.4
1756252800000,0.9409,0.9422,0.9259,0.9343,17607873.0
1756267200000,0.9343,0.9458,0.9267,0.9329,25884794.4
1756281600000,0.9329,0.9444,0.9283,0.9414,14836250.0
1756296000000,0.9413,0.9521,0.9312,0.9485,20402586.7
1756310400000,0.9486,0.9545,0.9332,0.9383,15066854.0
1756324800000,0.9382,0.95,0.9244,0.9272,35573899.2
1756339200000,0.9271,0.9404,0.9191,0.9365,15005286.2
1756353600000,0.9365,0.9455,0.9335,0.9405,12804114.1
1756368000000,0.9404,0.9478,0.9327,0.9442,12844555.2
1756382400000,0.9441,0.9522,0.9352,0.9383,23949870.9
1756396800000,0.9382,0.9456,0.925,0.9251,14772473.9
1756411200000,0.9252,0.949,0.9238,0.9453,11196645.0
1756425600000,0.9454,0.9498,0.9281,0.9363,14258150.3
1756440000000,0.9363,0.9382,0.9088,0.9125,19083208.8
1756454400000,0.9124,0.9166,0.8964,0.9112,20376723.3
1756468800000,0.9113,0.9351,0.8961,0.9004,41519401.8
1756483200000,0.9004,0.9068,0.8905,0.9009,14265282.4
1756497600000,0.9009,0.9083,0.8908,0.9055,9706675.3
1756512000000,0.9055,0.921,0.8929,0.9147,15199871.1
1756526400000,0.9148,0.9211,0.9109,0.9203,8146052.7
1756540800000,0.9202,0.9209,0.9096,0.913,6865714.5
1756555200000,0.9129,0.9146,0.897,0.9123,12986268.4
1756569600000,0.9122,0.9122,0.9009,0.9053,6009951.6
1756584000000,0.9054,0.9081,0.9002,0.9077,5113689.0
1756598400000,0.9078,0.9191,0.9068,0.9188,9876047.3
1756612800000,0.9189,0.9193,0.909,0.912,5760147.1
1756627200000,0.912,0.9201,0.9071,0.9149,9376235.9
1756641600000,0.9148,0.9155,0.9043,0.9087,8529455.2
1756656000000,0.9088,0.9148,0.9043,0.9079,7113171.7
1756670400000,0.9078,0.9131,0.8955,0.8962,9596039.3
1756684800000,0.8962,0.8962,0.87,0.8754,26610682.4
1756699200000,0.8754,0.903,0.8683,0.9028,16047692.1
1756713600000,0.9029,0.9115,0.8865,0.8895,20923914.6
1756728000000,0.8896,0.8956,0.88,0.8826,14483154.5
1756742400000,0.8825,0.8873,0.8737,0.8872,10605938.8
1756756800000,0.8872,0.8873,0.858,0.8799,26154250.7
1756771200000,0.8798,0.9184,0.8754,0.9034,29177698.7
1756785600000,0.9034,0.9293,0.9,0.9153,19931002.3
1756800000000,0.9152,0.924,0.9124,0.9141,13664286.0
1756814400000,0.914,0.9261,0.8922,0.9033,35012660.1
1756828800000,0.9033,0.9426,0.9029,0.9306,24388572.1
1756843200000,0.9306,0.9533,0.9279,0.9479,20989289.6
1756857600000,0.948,0.9744,0.9404,0.9645,40131537.8
1756872000000,0.9644,0.969,0.9474,0.9623,18866555.4
1756886400000,0.9623,0.9737,0.9586,0.9696,23169525.2
1756900800000,0.9697,0.9859,0.9611,0.972,37696954.3
1756915200000,0.9721,0.9737,0.9547,0.9613,21003408.9
1756929600000,0.9615,0.9619,0.9382,0.941,21962783.2
1756944000000,0.941,0.9468,0.9292,0.9298,19836888.3
1756958400000,0.9298,0.931,0.9156,0.9195,20596576.1
1756972800000,0.9195,0.9314,0.9192,0.9209,18167033.5
1756987200000,0.921,0.9257,0.9076,0.9125,22948197.7
1757001600000,0.9125,0.9145,0.9032,0.9047,14682609.1
1757016000000,0.9046,0.9188,0.9042,0.9092,13613124.6
1757030400000,0.9092,0.9184,0.9056,0.9179,12273873.6
1757044800000,0.918,0.9348,0.9153,0.9336,15383332.0
1757059200000,0.9337,0.934,0.9224,0.9295,11767113.3
1757073600000,0.9296,0.9417,0.9048,0.9101,50107627.7
1757088000000,0.9101,0.9192,0.9057,0.9176,13933141.7
1757102400000,0.9176,0.9194,0.9087,0.9109,12523797.9
1757116800000,0.911,0.915,0.9087,0.9122,7098394.7
1757131200000,0.9121,0.9121,0.9018,0.9051,9314398.9
1757145600000,0.9051,0.906,0.8964,0.901,11147717.0
1757160000000,0.901,0.9055,0.899,0.8993,7828497.3
1757174400000,0.8992,0.9037,0.8953,0.8967,8183535.6
1757188800000,0.8968,0.9026,0.8965,0.9012,5434927.4
1757203200000,0.9012,0.9063,0.8998,0.9045,7489630.3
1757217600000,0.9045,0.9095,0.9021,0.9043,7963150.6
1757232000000,0.9043,0.9097,0.9034,0.9096,6205409.9
1757246400000,0.9096,0.9136,0.904,0.9123,10271020.9
1757260800000,0.9123,0.9132,0.8994,0.9033,8672901.6
1757275200000,0.9034,0.9144,0.9019,0.9104,10967416.1
1757289600000,0.9104,0.9204,0.9042,0.9145,12331310.2
1757304000000,0.9145,0.9186,0.9077,0.9151,10822518.9
1757318400000,0.9151,0.9328,0.914,0.9274,22372834.8
1757332800000,0.9274,0.9459,0.9267,0.9423,37022268.9
1757347200000,0.9422,0.9446,0.9261,0.9285,16468422.6
1757361600000,0.9286,0.9368,0.9222,0.9326,9709263.1
1757376000000,0.9326,0.9418,0.9237,0.9376,15298718.2
1757390400000,0.9377,0.9713,0.9348,0.9695,24363292.0
1757404800000,0.9695,0.9793,0.9654,0.9677,22165749.7
1757419200000,0.9677,0.9783,0.9401,0.944,51582855.6
1757433600000,0.944,0.9574,0.942,0.9545,14174045.7
1757448000000,0.9545,0.9607,0.9476,0.9532,18745837.0
1757462400000,0.9533,1.0614,0.9529,1.0362,147385326.5
1757476800000,1.0364,1.0465,0.9963,1.0074,73104051.3
1757491200000,1.0075,1.0281,1.0033,1.009,33340418.1
1757505600000,1.009,1.0374,1.0052,1.0326,50224359.6
1757520000000,1.0326,1.0338,1.0012,1.0045,28365903.1
1757534400000,1.0046,1.0273,1.004,1.0235,15754138.5
1757548800000,1.0235,1.024,1.0069,1.0159,19529465.8
1757563200000,1.0158,1.0159,1.0047,1.0108,16192387.9
1757577600000,1.0108,1.0301,1.0076,1.0172,21129198.3
1757592000000,1.0171,1.0302,0.995,1.0133,52756245.0
1757606400000,1.0134,1.0732,1.0133,1.0608,67767449.7
1757620800000,1.0609,1.0814,1.0534,1.0804,51514659.3
1757635200000,1.0803,1.1353,1.0791,1.1036,81317548.8
1757649600000,1.1036,1.1081,1.0848,1.098,44113411.9
1757664000000,1.0981,1.0981,1.0745,1.078,28163575.2
1757678400000,1.078,1.0963,1.0666,1.0905,43467926.5
1757692800000,1.0904,1.1113,1.0879,1.11,30514002.0
1757707200000,1.11,1.1113,1.0968,1.1011,20755499.4
1757721600000,1.1012,1.1126,1.0878,1.0999,24321857.4
1757736000000,1.1,1.1013,1.0891,1.0943,12665769.5
1757750400000,1.0943,1.1199,1.0941,1.1196,26342974.6
1757764800000,1.1196,1.1205,1.0842,1.088,40285378.4
1757779200000,1.088,1.0923,1.0667,1.0817,26787114.1
1757793600000,1.0817,1.092,1.0796,1.0916,10254005.3
1757808000000,1.0916,1.0918,1.0652,1.0668,34725874.5
1757822400000,1.0667,1.0747,1.0533,1.0643,24306630.1
1757836800000,1.0642,1.0711,1.0528,1.0552,17161428.0
1757851200000,1.0551,1.0593,1.0321,1.0422,33839757.9
1757865600000,1.0421,1.059,1.04,1.0496,13833103.6
1757880000000,1.0496,1.0624,1.0452,1.0491,10528165.9
1757894400000,1.0492,1.0623,1.0384,1.0607,25545661.1
1757908800000,1.0607,1.0766,1.0444,1.05,32090091.7
1757923200000,1.0499,1.051,1.0185,1.027,46603052.7
1757937600000,1.027,1.0326,1.0107,1.0179,28511799.1
1757952000000,1.0179,1.0284,1.0068,1.024,21102973.3
1757966400000,1.0239,1.0368,1.0223,1.0363,14259993.8
1757980800000,1.0363,1.0364,1.0158,1.0161,18789160.7
1757995200000,1.0162,1.0348,1.007,1.0344,13964949.2
1758009600000,1.0343,1.0475,1.0338,1.0418,18732586.6
1758024000000,1.0418,1.0469,1.0193,1.0329,27361958.8
1758038400000,1.0329,1.0369,1.0155,1.0255,22118201.1
1758052800000,1.0256,1.0295,1.0168,1.0204,11994679.0
1758067200000,1.0204,1.026,1.011,1.012,16147735.6
1758081600000,1.0122,1.0275,1.0038,1.025,22805025.4
1758096000000,1.025,1.0254,1.0073,1.0095,13171319.9
1758110400000,1.0096,1.0236,1.0049,1.0069,25491338.4
1758124800000,1.0069,1.043,1.0002,1.0397,59839633.5
1758139200000,1.0397,1.0726,1.0205,1.066,38101878.7
1758153600000,1.0664,1.0723,1.0494,1.0669,35805711.2
1758168000000,1.067,1.0694,1.0431,1.0491,22851245.4
1758182400000,1.0492,1.0581,1.046,1.0517,15620414.0
1758196800000,1.0516,1.089,1.0469,1.0819,38605626.3
1758211200000,1.0819,1.0944,1.0733,1.0933,28069163.0
1758225600000,1.0934,1.0955,1.0709,1.0779,19096125.4
1758240000000,1.0779,1.0899,1.0613,1.0625,21383310.3
1758254400000,1.0625,1.069,1.0514,1.0584,22249844.4
1758268800000,1.0583,1.0653,1.0333,1.0381,24331480.6
1758283200000,1.0382,1.0478,1.02,1.0277,29903562.8
1758297600000,1.0278,1.0356,1.0155,1.0165,15691067.9
1758312000000,1.0165,1.028,1.0122,1.022,12745270.9
1758326400000,1.0221,1.0262,1.0105,1.0166,13672888.9
1758340800000,1.0165,1.0312,1.0137,1.031,11100293.3
1758355200000,1.0309,1.0309,1.0118,1.0168,13706681.3
1758369600000,1.0167,1.0325,1.0136,1.0256,14802865.3
1758384000000,1.0256,1.0304,1.0126,1.0146,11725235.4
1758398400000,1.0146,1.022,1.0125,1.0148,5995485.8
1758412800000,1.0147,1.0199,1.0088,1.0183,11120580.4
1758427200000,1.0183,1.023,1.0134,1.0161,8758610.7
1758441600000,1.0162,1.018,0.9985,1.0037,20185155.3
1758456000000,1.0037,1.0119,0.9965,0.9999,14885367.5
1758470400000,1.0,1.0037,0.9883,0.9994,18848829.1
1758484800000,0.9994,0.9997,0.9892,0.9896,9811642.1
1758499200000,0.9896,0.9941,0.9461,0.9556,58178808.0
1758513600000,0.9556,0.961,0.8814,0.9208,74820592.2
1758528000000,0.9208,0.9371,0.912,0.9283,31294214.0
1758542400000,0.9284,0.9461,0.9255,0.93,24090439.4
1758556800000,0.9299,0.9343,0.9138,0.9156,15422896.7
1758571200000,0.9157,0.9423,0.9147,0.9405,13111231.6
1758585600000,0.9405,0.9508,0.9167,0.9297,37190572.2
1758600000000,0.9299,0.9437,0.9216,0.937,18408437.2
1758614400000,0.9371,0.9457,0.932,0.9375,14109810.2
1758628800000,0.9374,0.9506,0.9328,0.9381,20241320.5
1758643200000,0.9381,0.9476,0.9155,0.9178,22487439.5
1758657600000,0.9179,0.9291,0.9142,0.9173,11191096.8
1758672000000,0.9172,0.933,0.9092,0.91,21654354.0
1758686400000,0.91,0.9327,0.8988,0.9312,28385668.2
1758700800000,0.9313,0.9366,0.927,0.9346,15397689.2
1758715200000,0.9346,0.9443,0.9286,0.9362,17953971.9
1758729600000,0.9361,0.9396,0.9287,0.9331,13384379.5
1758744000000,0.9332,0.9349,0.9215,0.9238,9326183.9
1758758400000,0.924,0.9272,0.9039,0.9098,22735280.7
1758772800000,0.9097,0.9125,0.8934,0.8978,24586996.1
1758787200000,0.898,0.9054,0.8892,0.8909,18240229.4
1758801600000,0.8908,0.9094,0.8786,0.8962,40625421.5
1758816000000,0.8962,0.8978,0.8567,0.8816,50879401.4
1758830400000,0.8817,0.8847,0.865,0.8725,19070651.0
1758844800000,0.8725,0.8907,0.8722,0.8873,19782185.5
1758859200000,0.8872,0.8888,0.8707,0.8773,15506909.1
1758873600000,0.8773,0.8818,0.8586,0.8675,19048399.0
1758888000000,0.8675,0.8867,0.8595,0.8831,34431436.7
1758902400000,0.8831,0.9065,0.8823,0.8946,19736888.6
1758916800000,0.8946,0.8992,0.8916,0.8962,9288697.0
1758931200000,0.8961,0.8966,0.8885,0.8894,7537675.2
1758945600000,0.8895,0.8955,0.8863,0.8877,6356339.2
1758960000000,0.8878,0.891,0.8802,0.8872,9748606.8
1758974400000,0.8872,0.8925,0.8819,0.8902,9355827.9
1758988800000,0.8902,0.8909,0.878,0.8806,10899280.4
1759003200000,0.8807,0.8915,0.8793,0.8838,6460804.3
1759017600000,0.8838,0.8858,0.873,0.879,9364463.6
1759032000000,0.8789,0.8825,0.8719,0.8782,7352146.5
1759046400000,0.8783,0.8809,0.8673,0.8707,9499005.3
1759060800000,0.8707,0.8815,0.8641,0.8814,9856554.5
1759075200000,0.8815,0.89,0.8803,0.8879,6643135.2
1759089600000,0.888,0.9091,0.8876,0.9055,12627413.5
1759104000000,0.9055,0.9059,0.8914,0.8943,9471261.2
1759118400000,0.8944,0.8951,0.8817,0.8884,9372037.5
1759132800000,0.8885,0.8941,0.875,0.8794,12863739.4
1759147200000,0.8794,0.9035,0.8715,0.8876,32547610.1
1759161600000,0.8877,0.897,0.88,0.8959,14118826.5
1759176000000,0.8959,0.906,0.8923,0.893,13557012.2
1759190400000,0.8929,0.8956,0.8826,0.8837,14944574.1
1759204800000,0.8837,0.8867,0.8757,0.8779,11301213.0
1759219200000,0.8778,0.8841,0.8731,0.8791,16935646.7
1759233600000,0.879,0.8899,0.8627,0.8661,35808593.5
1759248000000,0.8661,0.8849,0.8616,0.8831,20025234.7
1759262400000,0.8831,0.8918,0.8761,0.8837,13418179.2
1759276800000,0.8838,0.89,0.876,0.877,10063892.9
1759291200000,0.8769,0.8921,0.8762,0.8861,15942966.6
1759305600000,0.8859,0.9301,0.884,0.9199,57228051.5
1759320000000,0.9199,0.9332,0.9097,0.9316,35140245.1
1759334400000,0.9317,0.9358,0.92,0.9312,19881130.3
1759348800000,0.9312,0.9369,0.9204,0.936,13352624.9
1759363200000,0.9361,0.95,0.933,0.9456,21273492.9
1759377600000,0.9456,0.9532,0.9398,0.9437,14000947.8
1759392000000,0.9438,0.9526,0.9419,0.9465,12431751.4
1759406400000,0.9466,0.9504,0.9242,0.9447,31522343.1
1759420800000,0.9448,0.9675,0.9426,0.9655,20099196.3
1759435200000,0.9655,0.9659,0.953,0.9569,11744477.3
1759449600000,0.9569,0.9587,0.9411,0.9499,16059806.5
1759464000000,0.9499,0.9597,0.9406,0.9448,10877758.1
1759478400000,0.9448,0.9484,0.9381,0.943,10777738.2
1759492800000,0.9431,0.9643,0.9374,0.9635,18966048.7
1759507200000,0.9636,0.9793,0.9381,0.9549,42332426.8
1759521600000,0.955,0.9561,0.942,0.9426,10416032.4
1759536000000,0.9427,0.9456,0.9261,0.9303,15786014.4
1759550400000,0.9303,0.9393,0.9287,0.9316,8706451.4
1759564800000,0.9315,0.9333,0.9173,0.9191,15271332.6
1759579200000,0.9191,0.9276,0.9068,0.9096,22166030.4
1759593600000,0.9097,0.9157,0.9069,0.9147,8684738.9
1759608000000,0.9147,0.9247,0.9142,0.922,7025006.9
1759622400000,0.922,0.9384,0.9145,0.9323,16518690.9
1759636800000,0.9323,0.9592,0.9308,0.958,16612861.0
1759651200000,0.958,0.9653,0.9346,0.9433,25747398.7
1759665600000,0.9432,0.9451,0.9289,0.9308,17919139.4
1759680000000,0.9309,0.9367,0.9118,0.9131,18595145.9
1759694400000,0.9132,0.9205,0.9023,0.9166,20955201.2
1759708800000,0.9166,0.925,0.9095,0.9196,16146095.7
1759723200000,0.9195,0.929,0.9109,0.9181,14220452.4
1759737600000,0.9182,0.9328,0.9176,0.9269,13191337.1
1759752000000,0.9268,0.978,0.9268,0.9669,72283704.5
1759766400000,0.9669,0.9747,0.9576,0.9721,26720846.3
1759780800000,0.9721,0.9737,0.9596,0.9624,14421711.4
1759795200000,0.9624,0.9697,0.959,0.9661,13610971.5
1759809600000,0.966,0.9707,0.9423,0.9451,21696341.1
1759824000000,0.9452,0.9509,0.9326,0.9482,32836632.2
1759838400000,0.948,0.9539,0.9053,0.9105,59223866.0
1759852800000,0.9106,0.9192,0.9024,0.905,23965169.3
1759867200000,0.9051,0.918,0.9042,0.9081,12860777.2
1759881600000,0.9081,0.9203,0.8948,0.9016,19839323.9
1759896000000,0.9016,0.909,0.8954,0.9083,12204677.9
1759910400000,0.9083,0.9155,0.9053,0.908,11939346.0
1759924800000,0.9079,0.9206,0.9016,0.9063,16346424.0
1759939200000,0.9062,0.9334,0.9042,0.9244,22132368.9
1759953600000,0.9244,0.9294,0.9173,0.9228,11751070.9
1759968000000,0.9229,0.927,0.8952,0.9053,19151030.6
1759982400000,0.9053,0.91,0.8962,0.8972,8894832.5
1759996800000,0.8972,0.8988,0.8807,0.8914,20918235.7
1760011200000,0.8914,0.9002,0.8726,0.8759,25738522.6
1760025600000,0.8759,0.8823,0.8666,0.8804,18411559.3
1760040000000,0.8804,0.8908,0.8777,0.8837,8855741.1
1760054400000,0.8837,0.8914,0.8746,0.8844,12662885.5
1760068800000,0.8844,0.8912,0.8747,0.8754,14278591.7
1760083200000,0.8755,0.89,0.8733,0.8885,13783019.0
1760097600000,0.8886,0.9017,0.837,0.8491,64960397.2
1760112000000,0.8491,0.8546,0.8152,0.8247,44569137.7
1760126400000,0.8248,0.8338,0.238,0.6926,462090027.9
1760140800000,0.6927,0.7565,0.683,0.7345,95206808.3
1760155200000,0.7346,0.7593,0.7266,0.7366,42404732.9
1760169600000,0.7366,0.7693,0.7353,0.762,38565141.5
1760184000000,0.762,0.7694,0.7351,0.752,36917104.0
1760198400000,0.7519,0.7559,0.712,0.7189,29291929.8
1760212800000,0.7188,0.7225,0.6945,0.7168,38951199.5
1760227200000,0.7169,0.728,0.6986,0.7247,37108277.8
1760241600000,0.7247,0.7626,0.7233,0.7565,32566053.5
1760256000000,0.7565,0.7629,0.7386,0.7532,24050861.6
1760270400000,0.7532,0.7995,0.7416,0.7876,63901787.8
1760284800000,0.7877,0.8243,0.7877,0.819,47315230.8
1760299200000,0.8189,0.8355,0.8069,0.8144,30763560.3
1760313600000,0.8144,0.8269,0.8011,0.8049,26858248.9
1760328000000,0.8049,0.8296,0.8002,0.8236,22162460.7
1760342400000,0.8237,0.8349,0.7882,0.8033,38034470.9
1760356800000,0.8033,0.8282,0.7964,0.8099,50217782.9
1760371200000,0.8098,0.8376,0.7989,0.8288,35113827.1
1760385600000,0.8289,0.8426,0.825,0.8331,18254634.3
1760400000000,0.8328,0.8383,0.8084,0.8166,20192083.7
1760414400000,0.8165,0.8183,0.7517,0.7636,58986674.8
1760428800000,0.7635,0.773,0.743,0.7623,38480242.2
1760443200000,0.7623,0.7889,0.7387,0.7879,59833592.4
1760457600000,0.7881,0.8076,0.7788,0.7929,61503072.7
1760472000000,0.793,0.8017,0.7858,0.7997,13942471.4
1760486400000,0.7996,0.8051,0.7873,0.7913,17282952.3
1760500800000,0.7914,0.8045,0.7873,0.8033,17701709.9
1760515200000,0.8033,0.82,0.7883,0.7929,26324072.6
1760529600000,0.7928,0.7963,0.7655,0.7698,49698644.1
1760544000000,0.7699,0.7721,0.7588,0.763,19369854.6
1760558400000,0.763,0.7676,0.7503,0.7631,16789933.4
1760572800000,0.7631,0.7699,0.7558,0.7619,10788122.3
1760587200000,0.7619,0.7702,0.7541,0.7631,10484626.5
1760601600000,0.7631,0.7763,0.7368,0.7737,29906538.3
1760616000000,0.7737,0.7795,0.7288,0.7327,40538676.9
1760630400000,0.7327,0.751,0.7185,0.7259,41530698.5
1760644800000,0.7259,0.7307,0.7131,0.7269,15854000.4
1760659200000,0.7269,0.7333,0.7193,0.7284,13940312.4
1760673600000,0.7285,0.7286,0.6757,0.6802,42097012.9
1760688000000,0.6804,0.7058,0.6639,0.7006,58309528.6
1760702400000,0.7005,0.7057,0.681,0.7016,34967250.7
1760716800000,0.7015,0.7107,0.6934,0.7002,20922955.5
1760731200000,0.7002,0.7143,0.6986,0.7038,11010852.2
1760745600000,0.7037,0.7178,0.702,0.7147,12956076.4
1760760000000,0.7147,0.7255,0.7061,0.7134,14408146.7
1760774400000,0.7134,0.7231,0.7105,0.7201,10075848.1
1760788800000,0.7202,0.7229,0.7052,0.7089,14166133.1
1760803200000,0.7089,0.7134,0.7012,0.7133,11457938.9
1760817600000,0.7132,0.718,0.7094,0.7132,10192604.2
1760832000000,0.7132,0.7152,0.7051,0.7135,8196400.4
1760846400000,0.7135,0.7144,0.705,0.709,7768653.5
1760860800000,0.7091,0.7333,0.7003,0.7261,36618710.8
1760875200000,0.7262,0.7459,0.7206,0.7409,19390687.4
1760889600000,0.7409,0.7473,0.7354,0.7426,14633646.6
1760904000000,0.7426,0.7451,0.7296,0.7311,8654910.0
1760918400000,0.731,0.7525,0.7142,0.75,18913391.5
1760932800000,0.7501,0.7733,0.7435,0.7659,22193474.1
1760947200000,0.7658,0.7679,0.7539,0.7611,13815308.4
1760961600000,0.761,0.7701,0.7559,0.7561,15162116.4
1760976000000,0.756,0.7582,0.7431,0.7521,20345260.7
1760990400000,0.7521,0.755,0.7451,0.7516,8398731.4
1761004800000,0.7517,0.7541,0.7355,0.7362,10771568.8
1761019200000,0.7362,0.7367,0.7206,0.7277,17304076.0
1761033600000,0.7276,0.7312,0.7176,0.7262,12864020.2
1761048000000,0.7262,0.7786,0.7225,0.7738,44940227.6
1761062400000,0.7738,0.782,0.756,0.7577,27214826.3
1761076800000,0.7578,0.7591,0.7219,0.7235,22886356.8
1761091200000,0.7235,0.7286,0.7171,0.7219,18056628.9
1761105600000,0.7219,0.7292,0.7135,0.7208,13588708.7
1761120000000,0.7207,0.7252,0.7053,0.7188,24145598.4
1761134400000,0.7188,0.7274,0.7103,0.7193,29814464.6
1761148800000,0.7194,0.7222,0.7022,0.7086,22537643.9
1761163200000,0.7088,0.7115,0.6825,0.7024,25079066.8
1761177600000,0.7025,0.7137,0.7011,0.7081,11492894.1
1761192000000,0.7082,0.7236,0.7068,0.7209,14438881.3
1761206400000,0.7209,0.7258,0.7142,0.7155,10070679.6
1761220800000,0.7155,0.7242,0.7088,0.72,18498397.6
1761235200000,0.72,0.7327,0.718,0.7229,12669644.9
1761249600000,0.7229,0.7233,0.7115,0.7219,8695745.8
1761264000000,0.7218,0.7275,0.7183,0.7208,9305610.0
1761278400000,0.7208,0.7374,0.7186,0.7305,15479978.2
1761292800000,0.7306,0.7376,0.7282,0.7368,11317106.7
1761307200000,0.7369,0.7539,0.7245,0.7275,27831460.7
1761321600000,0.7275,0.7407,0.723,0.7388,8850687.3
1761336000000,0.7389,0.7448,0.7383,0.7439,7535275.8
1761350400000,0.7438,0.7444,0.73,0.73,10439910.0
1761364800000,0.73,0.7332,0.7192,0.7202,12758630.0
1761379200000,0.7202,0.7269,0.7192,0.7256,11120125.7
1761393600000,0.7256,0.7341,0.7254,0.7306,9522509.3
1761408000000,0.7307,0.7391,0.7293,0.7383,6945410.6
1761422400000,0.7384,0.7399,0.7333,0.7336,5821736.9
1761436800000,0.7336,0.7358,0.722,0.7237,8301190.2
1761451200000,0.7237,0.7336,0.7231,0.733,5042157.9
1761465600000,0.733,0.7534,0.7329,0.7529,14614885.7
1761480000000,0.7529,0.7603,0.7494,0.7572,14077414.8
1761494400000,0.7573,0.7578,0.7503,0.7523,5999060.7
1761508800000,0.7523,0.7701,0.7467,0.7661,17410658.4
1761523200000,0.766,0.777,0.7637,0.7679,13230934.4
1761537600000,0.7679,0.7795,0.7601,0.7646,15614689.9
1761552000000,0.7645,0.7665,0.746,0.7512,22033994.2
1761566400000,0.7512,0.7565,0.7399,0.7516,18940245.1
1761580800000,0.7517,0.7667,0.7517,0.7531,16447125.1
1761595200000,0.7531,0.7533,0.7388,0.7457,12682686.4
1761609600000,0.7456,0.7525,0.7376,0.7408,13116972.3
1761624000000,0.7408,0.7553,0.7359,0.7456,15204590.9
1761638400000,0.7456,0.7535,0.7445,0.7469,11098255.3
1761652800000,0.7468,0.7619,0.7374,0.746,28339756.7
1761667200000,0.7461,0.7528,0.7301,0.7339,19685870.6
1761681600000,0.7338,0.7341,0.7143,0.7284,27157178.3
1761696000000,0.7285,0.7351,0.7258,0.7308,9707772.4
1761710400000,0.7307,0.7376,0.7291,0.7319,10192808.1
1761724800000,0.7319,0.7396,0.7284,0.7375,8989830.5
1761739200000,0.7374,0.7439,0.7223,0.7258,17192276.5
1761753600000,0.7258,0.7602,0.7159,0.7402,69149697.3
1761768000000,0.7403,0.7497,0.7223,0.7282,18387556.7
1761782400000,0.7282,0.7377,0.7213,0.7322,11821721.4
1761796800000,0.7322,0.734,0.7033,0.7338,32057384.3
1761811200000,0.7338,0.7342,0.7132,0.7139,13999852.1
1761825600000,0.7139,0.7156,0.6771,0.6796,39469502.6
1761840000000,0.6796,0.6859,0.6638,0.6664,25874509.9
1761854400000,0.6663,0.689,0.664,0.6883,17761532.6
1761868800000,0.6883,0.6989,0.6865,0.6955,15768555.0
1761883200000,0.6956,0.7032,0.687,0.6895,14844330.1
1761897600000,0.6894,0.6979,0.6848,0.697,13827144.3
1761912000000,0.6969,0.7014,0.6853,0.6926,24456452.7
1761926400000,0.6925,0.6953,0.6722,0.6921,21004057.1
1761940800000,0.692,0.6927,0.6835,0.6867,8429665.6
1761955200000,0.6868,0.6927,0.6787,0.6914,8262816.1
1761969600000,0.6914,0.6949,0.684,0.6935,7875458.7
1761984000000,0.6934,0.6998,0.6916,0.699,11020490.6
1761998400000,0.6991,0.6999,0.6882,0.6968,13207581.7
1762012800000,0.6969,0.7053,0.6951,0.705,13160836.2
1762027200000,0.705,0.7098,0.6962,0.7025,12515458.5
1762041600000,0.7024,0.7028,0.6957,0.6969,7203379.0
1762056000000,0.6969,0.7089,0.6965,0.7081,8535254.6
1762070400000,0.7082,0.7088,0.6957,0.7065,10799205.1
1762084800000,0.7065,0.7067,0.6836,0.6871,14332776.1
1762099200000,0.6871,0.6903,0.6794,0.6836,11781839.5
1762113600000,0.6837,0.6997,0.6819,0.6974,7680344.6
1762128000000,0.6975,0.6995,0.6507,0.6522,28275261.5
1762142400000,0.6522,0.6608,0.6397,0.6466,27161467.8
1762156800000,0.6466,0.6536,0.6355,0.6441,22953195.6
1762171200000,0.6442,0.6495,0.5826,0.6092,68336478.9
1762185600000,0.6093,0.634,0.6044,0.6141,31398609.0
1762200000000,0.6141,0.6154,0.5996,0.6145,23211887.4
1762214400000,0.6145,0.6267,0.607,0.6251,22639957.6
1762228800000,0.6252,0.6281,0.5909,0.5959,40209743.0
1762243200000,0.5959,0.616,0.5918,0.6101,26951299.9
1762257600000,0.6101,0.6173,0.5927,0.6008,34428952.3
1762272000000,0.6009,0.6049,0.5662,0.5778,72205016.8
1762286400000,0.5778,0.6005,0.5493,0.5929,110357512.2
1762300800000,0.5929,0.6045,0.5622,0.6015,41290083.4
1762315200000,0.6014,0.607,0.5973,0.6028,16249922.1
1762329600000,0.6029,0.6051,0.5896,0.6041,26419067.8
1762344000000,0.604,0.6147,0.6017,0.6141,29067513.9
1762358400000,0.6141,0.6207,0.6062,0.6162,19617263.7
1762372800000,0.6162,0.6193,0.6102,0.6162,14125081.9
1762387200000,0.6161,0.6173,0.6021,0.612,16000501.2
1762401600000,0.6121,0.6135,0.599,0.5999,12848010.8
1762416000000,0.5998,0.6033,0.5951,0.6002,13193879.8
1762430400000,0.6001,0.6053,0.579,0.5822,31342102.8
1762444800000,0.5822,0.5964,0.5698,0.5915,29177461.9
1762459200000,0.5916,0.5966,0.584,0.595,16716099.9
1762473600000,0.595,0.6137,0.5931,0.6123,22584282.9
1762488000000,0.6123,0.621,0.6048,0.6209,14970519.4
1762502400000,0.6208,0.623,0.5967,0.6047,25252054.6
1762516800000,0.6048,0.634,0.5907,0.6324,40296525.1
1762531200000,0.6324,0.6877,0.6293,0.6755,50321512.0
1762545600000,0.6754,0.6855,0.6641,0.667,17676603.4
1762560000000,0.667,0.6814,0.6622,0.6637,20582541.8
1762574400000,0.6639,0.6757,0.6514,0.6606,15659858.8
1762588800000,0.6606,0.6749,0.657,0.6684,17326678.8
1762603200000,0.6685,0.672,0.6415,0.645,21204824.7
1762617600000,0.6451,0.6563,0.6394,0.6535,14033814.6
1762632000000,0.6534,0.6609,0.6495,0.6596,6229780.1
1762646400000,0.6596,0.66,0.6314,0.6355,15117234.3
1762660800000,0.6356,0.6477,0.6349,0.6473,8690873.5
1762675200000,0.6472,0.6495,0.6341,0.6464,12964218.1
1762689600000,0.6464,0.6699,0.6446,0.664,22883687.7
1762704000000,0.664,0.6772,0.6591,0.6771,12620443.3
1762718400000,0.6771,0.6785,0.6658,0.6713,12448361.6
1762732800000,0.6713,0.6902,0.6661,0.6843,18185806.0
1762747200000,0.6841,0.6953,0.6809,0.6938,13452874.2
1762761600000,0.6939,0.7021,0.6871,0.6929,19248999.6
1762776000000,0.6927,0.696,0.6721,0.6806,31928475.5
1762790400000,0.6805,0.6895,0.6711,0.6831,18243835.8
1762804800000,0.6831,0.6984,0.6763,0.6926,14705684.0
1762819200000,0.6927,0.7054,0.6826,0.6959,23109619.5
1762833600000,0.6958,0.6977,0.6674,0.6676,17619980.2
1762848000000,0.6676,0.6785,0.6665,0.6746,11465068.9
1762862400000,0.6746,0.6783,0.6621,0.6666,17884062.3
1762876800000,0.6667,0.6742,0.6553,0.6571,13798315.5
1762891200000,0.6572,0.6587,0.646,0.6489,14352563.2
1762905600000,0.6489,0.6564,0.6433,0.654,12183517.0
1762920000000,0.654,0.6617,0.6514,0.6523,8230593.6
1762934400000,0.6523,0.6742,0.6523,0.6702,12361516.6
1762948800000,0.6702,0.6757,0.6416,0.644,27186771.8
1762963200000,0.644,0.6458,0.6278,0.6349,26626879.8
1762977600000,0.635,0.6434,0.6325,0.6368,10209555.3
1762992000000,0.6369,0.6546,0.6325,0.6478,14193265.5
1763006400000,0.6478,0.6627,0.6429,0.6566,14473038.9
1763020800000,0.6566,0.6617,0.6509,0.6533,8516431.9
1763035200000,0.6535,0.6562,0.6357,0.6385,22538142.3
1763049600000,0.6384,0.6392,0.5967,0.5992,37239189.8
1763064000000,0.5992,0.62,0.5937,0.6131,19541849.3
1763078400000,0.6132,0.6158,0.6015,0.6052,16871143.7
1763092800000,0.6052,0.6082,0.5828,0.6031,35050671.4
1763107200000,0.6031,0.6034,0.5857,0.5894,16754955.3
1763121600000,0.5894,0.6014,0.5734,0.595,38477959.7
1763136000000,0.5952,0.6048,0.5885,0.5987,17861849.8
1763150400000,0.5987,0.5994,0.5657,0.5748,19599771.0
1763164800000,0.5749,0.5922,0.574,0.5908,13458050.3
1763179200000,0.5909,0.593,0.5844,0.5867,8137435.2
1763193600000,0.5866,0.5873,0.574,0.5781,11417751.5
1763208000000,0.5781,0.5885,0.576,0.5825,9685245.9
1763222400000,0.5824,0.5904,0.5778,0.5865,9726786.7
1763236800000,0.5864,0.5877,0.579,0.5826,7136480.4
1763251200000,0.5827,0.5882,0.5711,0.5852,11607142.5
1763265600000,0.5851,0.5887,0.5801,0.5886,7086835.7
1763280000000,0.5886,0.5918,0.576,0.5777,12504028.2
1763294400000,0.5777,0.5808,0.5598,0.5612,18170748.8
1763308800000,0.5612,0.5669,0.5466,0.5544,29643951.2
1763323200000,0.5545,0.5618,0.544,0.5574,18245823.0
1763337600000,0.5574,0.5653,0.5494,0.563,16294597.3
1763352000000,0.5631,0.5669,0.5579,0.5644,9665858.6
1763366400000,0.5645,0.5694,0.5582,0.5648,9331362.2
1763380800000,0.5648,0.5664,0.5383,0.5408,35694290.8
1763395200000,0.5409,0.5517,0.5219,0.5241,33607780.5
1763409600000,0.5241,0.5321,0.519,0.5311,18571567.5
1763424000000,0.5313,0.5359,0.5179,0.5326,23520172.1
1763438400000,0.5328,0.5392,0.5216,0.532,19531348.4
1763452800000,0.532,0.5399,0.5312,0.5337,12713923.0
1763467200000,0.5337,0.547,0.5272,0.5426,22147912.7
1763481600000,0.5425,0.5542,0.5403,0.5505,16806417.0
1763496000000,0.5505,0.553,0.542,0.5461,8702852.7
1763510400000,0.546,0.5482,0.5357,0.537,13289695.8
1763524800000,0.5369,0.5385,0.5217,0.5358,16721268.7
1763539200000,0.5357,0.5378,0.5294,0.5335,9608550.9
1763553600000,0.5335,0.5406,0.5186,0.5198,23938268.8
1763568000000,0.5197,0.5238,0.5014,0.5054,32154621.1
1763582400000,0.5054,0.5313,0.5044,0.5292,24984691.7
1763596800000,0.5293,0.5356,0.5264,0.5335,10128454.7
1763611200000,0.5335,0.5409,0.5305,0.5405,9163078.3
1763625600000,0.5405,0.5451,0.5348,0.5406,14243655.6
1763640000000,0.5407,0.5498,0.5291,0.5295,22924558.0
1763654400000,0.5298,0.5305,0.4937,0.5053,54991325.9
1763668800000,0.5053,0.5189,0.4999,0.5004,17240239.3
1763683200000,0.5006,0.5098,0.4883,0.4914,23915084.0
1763697600000,0.4913,0.4956,0.4378,0.469,45726183.6
1763712000000,0.469,0.4736,0.4538,0.4556,37119393.2
1763726400000,0.4556,0.4756,0.4437,0.4638,61470061.4
1763740800000,0.4638,0.4811,0.4573,0.4697,39790112.5
1763755200000,0.4696,0.4709,0.4518,0.4664,27310617.4
1763769600000,0.4663,0.4716,0.463,0.4656,12361127.4
1763784000000,0.4656,0.466,0.4532,0.4639,16447299.7
1763798400000,0.4639,0.464,0.4538,0.4615,17080796.7
1763812800000,0.4615,0.4647,0.4521,0.459,17925889.2
1763827200000,0.4589,0.4652,0.4572,0.459,9570385.8
1763841600000,0.459,0.4685,0.4551,0.4623,9985670.0
1763856000000,0.4622,0.4719,0.4598,0.4692,11172170.5
1763870400000,0.4693,0.4752,0.464,0.4681,9075599.4
1763884800000,0.4682,0.4725,0.4673,0.4707,8264114.6
1763899200000,0.4708,0.4798,0.4692,0.4779,16674647.6
1763913600000,0.478,0.4836,0.4726,0.4812,11882915.0
1763928000000,0.4813,0.4856,0.4743,0.4751,9299226.6
1763942400000,0.4752,0.4861,0.4693,0.4819,14075052.0
1763956800000,0.4818,0.4859,0.4726,0.478,13414880.8
1763971200000,0.478,0.4785,0.4677,0.4736,12264646.7
1763985600000,0.4736,0.4806,0.4679,0.4783,23328407.6
1764000000000,0.4783,0.5043,0.4782,0.5006,22429970.9
1764014400000,0.5008,0.5077,0.4987,0.4995,10386965.8
1764028800000,0.4995,0.5017,0.4934,0.4967,9162635.2
1764043200000,0.4966,0.5012,0.4925,0.493,8096193.7
1764057600000,0.4931,0.4992,0.4893,0.4943,13712736.2
1764072000000,0.4944,0.5002,0.4848,0.4949,21900000.5
1764086400000,0.4948,0.507,0.492,0.5001,19752317.0
1764100800000,0.5001,0.51,0.4944,0.5054,11874570.8
1764115200000,0.5054,0.5078,0.4984,0.4989,10067584.1
1764129600000,0.4989,0.5056,0.4974,0.5055,9036772.2
1764144000000,0.5054,0.5057,0.4963,0.4973,11529880.7
1764158400000,0.4973,0.5008,0.492,0.4952,14443736.9
1764172800000,0.4951,0.5193,0.4949,0.5176,27509035.0
1764187200000,0.5176,0.5212,0.5129,0.5166,11135843.5
1764201600000,0.5167,0.5265,0.5139,0.5169,15186337.9
1764216000000,0.5169,0.5206,0.5148,0.5176,7463259.7
1764230400000,0.5176,0.5223,0.5145,0.5171,9013607.7
1764244800000,0.517,0.5282,0.5152,0.5274,13990694.9
1764259200000,0.5274,0.5394,0.5258,0.5315,18404771.4
1764273600000,0.5315,0.5319,0.5201,0.5215,8442792.7
1764288000000,0.5215,0.5235,0.5124,0.5184,11176482.7
1764302400000,0.5184,0.5201,0.5143,0.5149,8053148.9
1764316800000,0.5149,0.5293,0.5148,0.522,13359494.3
1764331200000,0.5219,0.5335,0.5198,0.5297,17834094.1
1764345600000,0.5296,0.5298,0.5104,0.5198,17111420.0
1764360000000,0.5196,0.5202,0.514,0.5153,7527177.3
1764374400000,0.5152,0.5196,0.5131,0.515,9298510.0
1764388800000,0.515,0.5194,0.5108,0.5124,6959599.4
1764403200000,0.5123,0.5159,0.5089,0.5151,5619020.0
1764417600000,0.5152,0.5164,0.5079,0.5135,8624586.1
1764432000000,0.5135,0.5135,0.5045,0.5087,8658966.1
1764446400000,0.5086,0.5122,0.5071,0.5092,5351918.9
1764460800000,0.5092,0.5132,0.5056,0.5132,5734172.8
1764475200000,0.5132,0.5137,0.5081,0.5127,5731277.8
1764489600000,0.5127,0.5156,0.5083,0.5089,5960236.8
1764504000000,0.5089,0.5196,0.5071,0.5133,8480951.9
1764518400000,0.5132,0.5206,0.5131,0.5164,5517041.1
1764532800000,0.5163,0.5185,0.5026,0.5036,7405029.6
1764547200000,0.5036,0.505,0.464,0.4653,42665863.3
1764561600000,0.4653,0.4674,0.4614,0.467,13448953.4
1764576000000,0.467,0.4685,0.4603,0.4608,11698113.4
1764590400000,0.4609,0.4658,0.446,0.4544,30916312.0
1764604800000,0.4545,0.4546,0.4478,0.4503,17529083.7
1764619200000,0.4503,0.4663,0.4503,0.4623,17164509.1
1764633600000,0.4622,0.4697,0.4563,0.4614,12948965.3
1764648000000,0.4614,0.4635,0.4569,0.46,8599153.9
1764662400000,0.46,0.4666,0.4545,0.4654,10744301.1
1764676800000,0.4655,0.5119,0.4632,0.5108,39125833.6
1764691200000,0.5109,0.5155,0.5042,0.5044,26310799.3
1764705600000,0.5045,0.5068,0.4968,0.5014,11104021.1
1764720000000,0.5014,0.5097,0.4995,0.5054,11506163.5
1764734400000,0.5054,0.519,0.5044,0.5106,22365069.8
1764748800000,0.5106,0.5128,0.5032,0.5082,13122383.2
1764763200000,0.5082,0.5122,0.4945,0.5038,25751669.0
1764777600000,0.5038,0.512,0.4998,0.5091,13257329.4
1764792000000,0.5092,0.5204,0.507,0.5128,12600665.5
1764806400000,0.5129,0.5197,0.5092,0.5103,12521318.7
1764820800000,0.5103,0.5112,0.5035,0.5061,11030818.5
1764835200000,0.5062,0.5098,0.5017,0.5031,8263878.9
1764849600000,0.5031,0.5051,0.4938,0.5007,16802799.3
1764864000000,0.5006,0.5018,0.4812,0.4909,20669657.1
1764878400000,0.4909,0.4945,0.4885,0.4909,7047575.5
1764892800000,0.4909,0.4943,0.4871,0.4881,8229742.8
1764907200000,0.488,0.492,0.4836,0.4918,8927647.4
1764921600000,0.4917,0.4918,0.4777,0.4796,13231871.1
1764936000000,0.4796,0.4857,0.4722,0.4765,19042574.6
1764950400000,0.4764,0.4765,0.4549,0.4616,26069142.0
1764964800000,0.4615,0.4641,0.4588,0.4631,7301829.6
1764979200000,0.4631,0.4682,0.462,0.4681,5686659.6
1764993600000,0.4681,0.4698,0.4615,0.4638,7749950.0
1765008000000,0.4639,0.4652,0.461,0.4646,5181776.2
1765022400000,0.4645,0.4704,0.4639,0.4652,7636889.3
1765036800000,0.4653,0.4692,0.4635,0.4648,7480011.9
1765051200000,0.4648,0.47,0.4644,0.4677,4590172.0
1765065600000,0.4677,0.4702,0.4672,0.4688,6082267.0
1765080000000,0.4689,0.4695,0.4631,0.4653,5938405.0
1765094400000,0.4652,0.4655,0.4588,0.4598,6776929.4
1765108800000,0.4599,0.4635,0.4458,0.4609,22505831.3
1765123200000,0.4609,0.4778,0.4561,0.4727,17717666.0
1765137600000,0.4728,0.4739,0.4506,0.4555,16725570.7
1765152000000,0.4555,0.4666,0.4532,0.4632,15000928.7
1765166400000,0.4632,0.4708,0.4632,0.4688,8900096.6
1765180800000,0.4689,0.4781,0.4676,0.4712,11576322.7
1765195200000,0.4713,0.51,0.4682,0.4773,188897408.4
1765209600000,0.4774,0.4791,0.4677,0.4738,31648323.6
1765224000000,0.4738,0.485,0.4734,0.4842,16938377.6
1765238400000,0.4842,0.4846,0.4733,0.4798,18552679.0
1765252800000,0.4799,0.483,0.4715,0.4781,14905570.5
1765267200000,0.4782,0.4804,0.4727,0.4802,12705082.6
1765281600000,0.4802,0.4998,0.4785,0.4989,28977446.1
1765296000000,0.4988,0.5199,0.4988,0.5079,42048209.8
1765310400000,0.5079,0.5083,0.4933,0.4991,17076853.2
1765324800000,0.499,0.5011,0.4924,0.4975,10387715.1
1765339200000,0.4976,0.5026,0.4944,0.4962,8868913.6
1765353600000,0.4962,0.5008,0.4888,0.4911,12103135.6
1765368000000,0.4911,0.4962,0.4893,0.4916,9350953.5
1765382400000,0.4917,0.5075,0.4907,0.5038,24487350.9
1765396800000,0.5039,0.5163,0.4866,0.4894,29925338.6
1765411200000,0.4895,0.4901,0.4635,0.4649,22382286.3
1765425600000,0.4649,0.4724,0.4635,0.4679,12857759.6
1765440000000,0.4678,0.4686,0.4642,0.4666,9097515.4
1765454400000,0.4666,0.4702,0.4612,0.4647,15639983.6
1765468800000,0.4647,0.4701,0.4601,0.4646,18628332.7
1765483200000,0.4645,0.4829,0.4642,0.4733,19716169.0
1765497600000,0.4734,0.4795,0.4673,0.4737,13706780.4
1765512000000,0.4736,0.4792,0.4706,0.4746,10614653.1
1765526400000,0.4746,0.4793,0.4717,0.4765,7774261.4
1765540800000,0.4764,0.4791,0.4533,0.4557,26231598.3
1765555200000,0.4557,0.4602,0.448,0.4554,22125907.0
1765569600000,0.4553,0.4599,0.4532,0.4584,8724063.0
1765584000000,0.4585,0.4631,0.4582,0.4618,6844223.4
1765598400000,0.4619,0.4625,0.4579,0.4605,5062496.3
1765612800000,0.4606,0.4651,0.4606,0.4618,5142207.2
1765627200000,0.4619,0.4644,0.4596,0.4626,6571443.4
1765641600000,0.4627,0.4643,0.4609,0.4629,4323589.4
1765656000000,0.463,0.4635,0.4583,0.463,4168808.7
1765670400000,0.4629,0.4657,0.4611,0.4636,5326801.3
1765684800000,0.4637,0.4643,0.4584,0.4607,4502750.8
1765699200000,0.4607,0.4619,0.4488,0.4538,16526546.1
1765713600000,0.4538,0.4563,0.4483,0.4501,11250686.3
1765728000000,0.45,0.4526,0.4453,0.4469,10789375.9
1765742400000,0.4468,0.4493,0.436,0.4412,13344332.7
1765756800000,0.4412,0.4555,0.4405,0.4493,12288327.5
1765771200000,0.4494,0.4528,0.447,0.4479,6569266.3
1765785600000,0.448,0.4539,0.4472,0.4502,6923404.6
1765800000000,0.4502,0.4519,0.4161,0.4188,45745703.2
1765814400000,0.4188,0.4201,0.4032,0.4065,33509970.6
1765828800000,0.4065,0.4165,0.4019,0.4162,14856389.4
1765843200000,0.4163,0.4173,0.3995,0.4058,22036236.0
1765857600000,0.4059,0.41,0.3982,0.4028,9942348.5
1765872000000,0.4028,0.4146,0.4011,0.414,17179950.1
1765886400000,0.414,0.4186,0.4037,0.4166,28491908.1
1765900800000,0.4166,0.417,0.4083,0.4135,15654360.4
1765915200000,0.4135,0.4161,0.4116,0.4147,8196944.1
1765929600000,0.4148,0.4188,0.4124,0.4146,10772024.7
1765944000000,0.4147,0.4156,0.4066,0.4096,11603520.4
1765958400000,0.4095,0.4095,0.4037,0.4075,9340285.1
1765972800000,0.4074,0.4239,0.4005,0.4023,35248583.4
1765987200000,0.4022,0.4054,0.3852,0.3911,35601241.0
1766001600000,0.3911,0.3935,0.3857,0.3902,14129903.2
1766016000000,0.3901,0.3917,0.3855,0.3868,12596312.4
1766030400000,0.3868,0.3888,0.3801,0.3839,10240940.1
1766044800000,0.384,0.3898,0.3833,0.3878,8916597.7
1766059200000,0.3879,0.4065,0.3861,0.4001,33681560.5
1766073600000,0.4001,0.4003,0.3656,0.3668,43078435.6
1766088000000,0.3667,0.3756,0.366,0.3683,21341955.8
1766102400000,0.3683,0.3812,0.3597,0.3774,26161633.2
1766116800000,0.3774,0.3891,0.3762,0.3845,12499782.7
1766131200000,0.3844,0.3881,0.382,0.3876,8727391.7
1766145600000,0.3876,0.3989,0.3849,0.3904,17581026.0
1766160000000,0.3904,0.4004,0.3871,0.3972,18159088.3
1766174400000,0.3973,0.4012,0.3957,0.3974,6711176.6
1766188800000,0.3975,0.3977,0.3936,0.3961,5395129.9
1766203200000,0.3961,0.4005,0.3934,0.4003,5353079.0
1766217600000,0.4003,0.4024,0.3968,0.4005,6901985.2
1766232000000,0.4004,0.4007,0.3956,0.3993,5721287.1
1766246400000,0.3994,0.3998,0.3961,0.3977,4507505.1
1766260800000,0.3977,0.4013,0.3976,0.3987,5509576.6
1766275200000,0.3987,0.3988,0.3924,0.3953,7622936.7
1766289600000,0.3954,0.3961,0.3925,0.3943,4312706.3
1766304000000,0.3943,0.3993,0.393,0.3935,7302360.2
1766318400000,0.3935,0.3955,0.3797,0.3841,17966447.5
1766332800000,0.3841,0.3886,0.3826,0.3878,7869301.4
1766347200000,0.3878,0.3923,0.3838,0.3902,6281434.3
1766361600000,0.3903,0.4017,0.3855,0.3917,13989151.3
1766376000000,0.3917,0.3966,0.3913,0.396,5528249.6
1766390400000,0.3959,0.4004,0.3946,0.3981,6809084.6
1766404800000,0.3981,0.4038,0.3961,0.4011,14923321.7
1766419200000,0.4011,0.4037,0.389,0.3898,12679181.8
1766433600000,0.3898,0.3945,0.3872,0.3935,7395705.9
1766448000000,0.3934,0.3967,0.3875,0.3904,8692036.1
1766462400000,0.3903,0.3915,0.3852,0.3866,8204115.6
1766476800000,0.3867,0.3906,0.3846,0.3897,5206244.8
1766491200000,0.3897,0.3905,0.3807,0.3854,14918492.4
1766505600000,0.3854,0.3908,0.3824,0.3876,15518492.7
1766520000000,0.3877,0.3919,0.3837,0.3863,6329920.9
1766534400000,0.3862,0.3897,0.3778,0.3825,9921277.4
1766548800000,0.3826,0.3843,0.3751,0.3755,8635771.4
1766563200000,0.3755,0.3775,0.3737,0.3764,7116458.0
1766577600000,0.3763,0.3778,0.3703,0.3743,12941034.6
1766592000000,0.3744,0.3781,0.373,0.3765,9230304.7
1766606400000,0.3765,0.3796,0.3752,0.376,6071876.2
1766620800000,0.376,0.3805,0.3746,0.3792,6692190.2
1766635200000,0.3793,0.3803,0.3762,0.3774,5670162.9
1766649600000,0.3774,0.38,0.3718,0.373,10869636.3
1766664000000,0.373,0.382,0.3723,0.3807,11207261.2
1766678400000,0.3808,0.3836,0.3765,0.3833,13085280.6
1766692800000,0.3833,0.3835,0.3661,0.3677,15235093.9
1766707200000,0.3676,0.3843,0.3656,0.3825,22560275.2
1766721600000,0.3825,0.385,0.3777,0.3787,9447393.1
1766736000000,0.3788,0.3829,0.3786,0.38,6518952.7
1766750400000,0.38,0.3835,0.3704,0.3724,15193377.9
1766764800000,0.3725,0.3756,0.3686,0.3749,9435431.2
1766779200000,0.3749,0.3768,0.3727,0.3753,4345736.0
1766793600000,0.3754,0.3779,0.3747,0.3764,6078699.1
1766808000000,0.3765,0.3767,0.3725,0.3757,14226867.5
1766822400000,0.3758,0.3792,0.3734,0.3787,6195757.9
1766836800000,0.3787,0.3803,0.3756,0.3795,6988965.8
1766851200000,0.3795,0.3802,0.377,0.379,5790743.9
1766865600000,0.379,0.389,0.379,0.3876,9655718.2
1766880000000,0.3876,0.3885,0.3851,0.388,5764384.4
1766894400000,0.3879,0.3905,0.3861,0.3897,6233834.3
1766908800000,0.3897,0.3922,0.3887,0.3898,6160226.4
1766923200000,0.3897,0.3925,0.3864,0.3898,6534987.4
1766937600000,0.3899,0.391,0.3828,0.3835,8782377.9
1766952000000,0.3834,0.3881,0.3824,0.3875,5689869.2
1766966400000,0.3875,0.3985,0.386,0.3981,14751628.2
1766980800000,0.3981,0.3998,0.3899,0.3919,10215474.8
1766995200000,0.3918,0.3937,0.3827,0.384,12452531.8
1767009600000,0.384,0.385,0.3773,0.3822,18042089.7
1767024000000,0.3822,0.3823,0.3767,0.3781,10808911.6
1767038400000,0.3781,0.3794,0.3761,0.3767,5604445.2
1767052800000,0.3766,0.3781,0.3729,0.3769,9143170.9
1767067200000,0.3769,0.3779,0.3735,0.3755,4836300.7
1767081600000,0.3756,0.3817,0.3754,0.3785,7155165.8
1767096000000,0.3785,0.3817,0.3743,0.3794,12562438.5
1767110400000,0.3795,0.3823,0.3726,0.3758,10831159.4
1767124800000,0.3758,0.3759,0.3723,0.3744,5395372.4
1767139200000,0.3743,0.3772,0.3725,0.3752,6034018.4
1767153600000,0.3752,0.3759,0.3727,0.3743,3786522.1
1767168000000,0.3744,0.3776,0.3731,0.3772,6033676.8
1767182400000,0.3772,0.3778,0.3697,0.3709,11765049.8
1767196800000,0.3709,0.3718,0.3606,0.3622,18557668.1
1767211200000,0.3623,0.3646,0.358,0.3587,11696563.4
1767225600000,0.3586,0.3618,0.3574,0.3584,8195594.5
1767240000000,0.3584,0.3605,0.3541,0.3587,9994443.5
1767254400000,0.3587,0.3649,0.3586,0.3644,7993543.9
1767268800000,0.3645,0.3762,0.3624,0.373,14196694.6
1767283200000,0.3731,0.3825,0.3717,0.3825,13099272.0
1767297600000,0.3825,0.3875,0.3787,0.3869,11357433.1
1767312000000,0.387,0.3963,0.3839,0.3944,13582185.2
1767326400000,0.3944,0.3952,0.3895,0.3921,10325563.1
1767340800000,0.3921,0.4054,0.3917,0.3989,24670153.8
1767355200000,0.3989,0.4107,0.3974,0.4073,25230540.7
1767369600000,0.4073,0.42,0.4064,0.4193,23294866.7
1767384000000,0.4194,0.4272,0.4193,0.4235,13610781.4
1767398400000,0.4236,0.4299,0.423,0.4284,9565197.4
1767412800000,0.4284,0.4292,0.4101,0.4125,14242337.8
1767427200000,0.4126,0.4181,0.4106,0.4158,8418552.8
1767441600000,0.4158,0.4223,0.4149,0.4179,8959611.0
1767456000000,0.4179,0.4243,0.4179,0.424,8122910.6
1767470400000,0.4241,0.4286,0.4207,0.4275,5278271.6
1767484800000,0.4275,0.4358,0.4258,0.4341,16742231.5
1767499200000,0.4341,0.4432,0.4315,0.4341,17348329.2
1767513600000,0.4341,0.4397,0.4298,0.4372,10230558.9
1767528000000,0.4372,0.4421,0.4353,0.4412,10608448.0
1767542400000,0.4412,0.4446,0.4325,0.4364,15233354.3
1767556800000,0.4364,0.4411,0.4348,0.4385,7755318.2
1767571200000,0.4385,0.4495,0.4365,0.4438,16277788.9
1767585600000,0.4437,0.4446,0.4309,0.4397,15156871.7
1767600000000,0.4397,0.4418,0.4337,0.4366,12912989.6
1767614400000,0.4367,0.4437,0.4324,0.4433,16207685.1
1767628800000,0.4433,0.4545,0.4373,0.4512,19864919.3
1767643200000,0.4512,0.462,0.4507,0.4546,16379275.8
1767657600000,0.4546,0.4621,0.449,0.4586,12786893.0
1767672000000,0.4586,0.4605,0.446,0.4473,12731686.5
1767686400000,0.4472,0.4568,0.4463,0.4564,10132308.9
1767700800000,0.4564,0.4708,0.4552,0.4584,33778371.1
1767715200000,0.4583,0.4614,0.4331,0.441,30996595.0
1767729600000,0.4411,0.4585,0.441,0.4572,15465761.7
1767744000000,0.4572,0.4572,0.44,0.4443,13502860.1
1767758400000,0.4444,0.4486,0.4409,0.4486,7361963.5
1767772800000,0.4486,0.4512,0.4371,0.4397,18054453.1
1767787200000,0.4396,0.4399,0.4231,0.4257,26859761.3
1767801600000,0.4256,0.429,0.419,0.4229,20711575.1
1767816000000,0.423,0.4245,0.4178,0.4224,11859148.3
1767830400000,0.4224,0.4265,0.4167,0.4173,12472932.0
1767844800000,0.4173,0.4208,0.4068,0.4142,22276228.2
1767859200000,0.4142,0.4167,0.4046,0.4053,19013060.0
1767873600000,0.4053,0.4138,0.3991,0.4132,27694190.6
1767888000000,0.4132,0.414,0.4057,0.4068,16237864.9
1767902400000,0.4067,0.4111,0.403,0.4071,9510955.7
1767916800000,0.4072,0.4108,0.4026,0.4068,9747443.6
1767931200000,0.4068,0.4073,0.4037,0.404,6443128.7
1767945600000,0.404,0.4047,0.3972,0.4019,11094862.5
1767960000000,0.4019,0.4137,0.3978,0.4077,25361844.2
1767974400000,0.4078,0.4135,0.3975,0.3993,19616298.5
1767988800000,0.3993,0.4039,0.399,0.4024,7505076.6
1768003200000,0.4024,0.4025,0.3983,0.401,6126394.1
1768017600000,0.4011,0.4029,0.3984,0.4018,5016774.5
1768032000000,0.4019,0.4053,0.4011,0.4051,5161175.3
1768046400000,0.4052,0.4071,0.4004,0.4007,7143662.0
1768060800000,0.4007,0.4024,0.3988,0.4017,6844367.7
1768075200000,0.4018,0.4019,0.3971,0.3992,5215341.2
1768089600000,0.3992,0.4016,0.3987,0.4003,4229124.6
1768104000000,0.4003,0.4043,0.3994,0.4022,14455663.5
1768118400000,0.4023,0.404,0.4009,0.4017,6235347.1
1768132800000,0.4017,0.4047,0.3983,0.3996,10104435.9
1768147200000,0.3997,0.4045,0.3984,0.3993,11852394.7
1768161600000,0.3993,0.3995,0.3904,0.399,15631845.0
1768176000000,0.399,0.4081,0.3924,0.4015,18642396.2
1768190400000,0.4014,0.4053,0.3948,0.3952,11432046.4
1768204800000,0.3952,0.3978,0.3892,0.3929,14925763.4
1768219200000,0.3929,0.3961,0.3851,0.3954,19775059.1
1768233600000,0.3954,0.3998,0.3893,0.3937,16662267.8
1768248000000,0.3937,0.3961,0.3853,0.3866,9898316.8
1768262400000,0.3865,0.3908,0.3841,0.3897,9951155.7
1768276800000,0.3897,0.3958,0.389,0.3904,9159235.4
1768291200000,0.3904,0.4002,0.3887,0.3981,28703336.4
1768305600000,0.3981,0.4082,0.3974,0.4081,25457449.5
1768320000000,0.4081,0.4108,0.4033,0.407,21983694.1
1768334400000,0.4071,0.4223,0.4043,0.4158,31072557.7
1768348800000,0.4158,0.4207,0.4142,0.4193,16689626.8
1768363200000,0.4192,0.4203,0.4099,0.4143,14735298.3
1768377600000,0.4142,0.4163,0.405,0.4057,12671441.0
1768392000000,0.4056,0.4165,0.4024,0.4132,27386763.8
1768406400000,0.4132,0.419,0.3983,0.4032,37268469.7
1768420800000,0.4032,0.4069,0.3976,0.4009,15446942.9
1768435200000,0.401,0.4012,0.3826,0.3841,27013403.6
1768449600000,0.384,0.3928,0.383,0.3907,23351534.2
1768464000000,0.3906,0.3948,0.3887,0.3908,15436795.1
1768478400000,0.3907,0.3948,0.3783,0.3855,31789270.6
1768492800000,0.3854,0.3863,0.3745,0.3787,21436138.3
1768507200000,0.3786,0.3808,0.3751,0.3799,8297312.7
1768521600000,0.38,0.3827,0.3771,0.3785,8763980.8
1768536000000,0.3785,0.3808,0.3759,0.3791,10492864.7
1768550400000,0.3791,0.3815,0.3778,0.379,6765179.4
1768564800000,0.379,0.3811,0.3689,0.372,17172484.2
1768579200000,0.3719,0.3774,0.3712,0.3758,10870020.0
1768593600000,0.3758,0.3874,0.3736,0.3835,18580655.7
1768608000000,0.3836,0.3867,0.3823,0.3856,8657870.0
1768622400000,0.3856,0.389,0.3846,0.3885,9081649.1
1768636800000,0.3886,0.3913,0.383,0.3849,19585909.4
1768651200000,0.3848,0.3979,0.3846,0.3948,17657594.3
1768665600000,0.3948,0.3953,0.3881,0.3909,14467320.1
1768680000000,0.3909,0.3917,0.3833,0.385,10434039.9
1768694400000,0.385,0.3893,0.3831,0.3843,15131149.0
1768708800000,0.3843,0.3871,0.3831,0.3847,6792223.9
1768723200000,0.3847,0.3856,0.3765,0.3785,17835484.3
1768737600000,0.3785,0.3798,0.3685,0.3719,41281728.6
1768752000000,0.3717,0.3729,0.3646,0.3656,24320873.2
1768766400000,0.3657,0.3711,0.3519,0.3546,42172387.5
1768780800000,0.3546,0.3546,0.3173,0.3406,94608717.1
1768795200000,0.3406,0.3417,0.3353,0.3367,20725845.1
1768809600000,0.3368,0.3413,0.3351,0.337,22298044.9
1768824000000,0.337,0.3392,0.3339,0.339,19010475.1
1768838400000,0.339,0.3504,0.3387,0.3496,21102195.0
1768852800000,0.3496,0.3506,0.3436,0.3484,17453004.1
1768867200000,0.3483,0.3497,0.345,0.3471,16562485.1
1768881600000,0.347,0.3486,0.3399,0.34,19706614.0
1768896000000,0.3399,0.3415,0.3365,0.3392,19641178.5
1768910400000,0.3393,0.3428,0.334,0.3377,27125370.2
1768924800000,0.3376,0.3388,0.3303,0.3336,20542132.5
1768939200000,0.3335,0.3366,0.3263,0.3289,19733685.4
1768953600000,0.329,0.3381,0.3289,0.3361,16691651.4
1768968000000,0.3361,0.3415,0.3347,0.3351,19540522.6
1768982400000,0.3351,0.3367,0.3292,0.3299,12049104.1
1768996800000,0.3299,0.3414,0.325,0.3401,36536732.9
1769011200000,0.3401,0.349,0.3241,0.3484,42751588.6
1769025600000,0.3484,0.3489,0.3386,0.34,18067516.0
1769040000000,0.34,0.3467,0.34,0.3421,11159309.4
1769054400000,0.3421,0.3446,0.341,0.3423,9283639.3
1769068800000,0.3422,0.3454,0.3412,0.343,10616419.4
1769083200000,0.343,0.3457,0.3342,0.3378,20974655.0
1769097600000,0.338,0.3453,0.3371,0.3414,20595088.3
1769112000000,0.3413,0.3448,0.3378,0.3421,10688666.5
1769126400000,0.3421,0.3464,0.3412,0.346,11955615.9
1769140800000,0.346,0.3543,0.3452,0.3531,19124543.9
1769155200000,0.3531,0.3546,0.347,0.3507,20352941.2
1769169600000,0.3507,0.3569,0.3443,0.3564,31797667.1
1769184000000,0.3564,0.3625,0.3477,0.3496,30729193.1
1769198400000,0.3497,0.3502,0.3445,0.3467,12027690.5
1769212800000,0.3467,0.3485,0.343,0.3473,10690461.4
1769227200000,0.3474,0.3483,0.3444,0.3452,7044237.3
1769241600000,0.3452,0.3476,0.3422,0.3444,10654701.7
1769256000000,0.3445,0.3463,0.3414,0.3438,8401490.1
1769270400000,0.3438,0.3466,0.3422,0.343,8567509.9
1769284800000,0.343,0.3452,0.3429,0.3433,5340639.9
1769299200000,0.3434,0.3437,0.3366,0.3385,20287864.8
1769313600000,0.3385,0.3394,0.3351,0.3365,8662183.5
1769328000000,0.3365,0.3409,0.3344,0.3396,11400528.6
1769342400000,0.3396,0.3399,0.3332,0.3341,11358326.4
1769356800000,0.334,0.3341,0.3162,0.3185,40575247.4
1769371200000,0.3185,0.324,0.3175,0.3226,18851704.0
1769385600000,0.3225,0.331,0.3216,0.3257,16356540.9
1769400000000,0.3257,0.3315,0.3256,0.3307,11177993.4
1769414400000,0.3307,0.3339,0.3266,0.3296,10243628.3
1769428800000,0.3295,0.338,0.3276,0.3323,19951867.9
1769443200000,0.3322,0.3393,0.3313,0.3338,24588076.9
1769457600000,0.3338,0.3376,0.3313,0.3317,8958843.5
1769472000000,0.3317,0.3372,0.3303,0.3358,11426136.5
1769486400000,0.3358,0.3377,0.3331,0.3343,5968676.0
1769500800000,0.3343,0.3352,0.3308,0.3318,7368913.5
1769515200000,0.3317,0.3336,0.3272,0.3297,13838854.2
1769529600000,0.3297,0.3353,0.3235,0.3313,28119838.2
1769544000000,0.3313,0.3418,0.3308,0.3406,16415456.6
1769558400000,0.3406,0.3412,0.3364,0.3375,9288045.9
1769572800000,0.3374,0.3418,0.3356,0.3404,9644510.3
1769587200000,0.3403,0.3477,0.3379,0.3473,10029998.0
1769601600000,0.3472,0.3524,0.3347,0.3363,38161087.2
1769616000000,0.3363,0.343,0.3342,0.3412,16284234.9
1769630400000,0.3411,0.3501,0.3377,0.3462,15710684.4
1769644800000,0.3462,0.347,0.3314,0.335,18704684.1
1769659200000,0.335,0.336,0.332,0.334,8597743.7
1769673600000,0.3339,0.3346,0.3273,0.3291,12928103.7
1769688000000,0.3291,0.3325,0.3101,0.3172,45817786.5
1769702400000,0.3171,0.3232,0.3063,0.3092,39840648.7
1769716800000,0.3092,0.3167,0.3082,0.3148,12647994.7
1769731200000,0.3148,0.3179,0.3014,0.306,37850651.6
1769745600000,0.306,0.3137,0.3032,0.3103,19551029.9
1769760000000,0.3103,0.3146,0.3047,0.3132,11957111.2
1769774400000,0.3131,0.3144,0.3068,0.3118,24440038.9
1769788800000,0.3117,0.3204,0.3031,0.3171,29695565.3
1769803200000,0.3171,0.3172,0.3095,0.3113,15813905.6
1769817600000,0.3114,0.3119,0.3089,0.3109,7804536.3
1769832000000,0.3108,0.3145,0.306,0.307,10483033.2
1769846400000,0.307,0.3075,0.2985,0.3006,18531444.8
1769860800000,0.3006,0.3013,0.2816,0.2881,43003805.4
1769875200000,0.2881,0.2927,0.2555,0.2768,100637569.8
1769889600000,0.2768,0.2901,0.2728,0.2875,23591394.5
1769904000000,0.2874,0.2906,0.2833,0.2898,19592586.7
1769918400000,0.2899,0.2911,0.2867,0.2892,11013977.6
1769932800000,0.2892,0.2921,0.284,0.2865,13368060.2
1769947200000,0.2865,0.287,0.2723,0.2761,26280072.1
1769961600000,0.2761,0.2854,0.2733,0.2774,21374625.2
1769976000000,0.2774,0.2806,0.2681,0.2747,26139107.8
1769990400000,0.2748,0.2828,0.2642,0.2753,38585641.2
1770004800000,0.2754,0.279,0.2645,0.2735,39874811.5
1770019200000,0.2735,0.2807,0.2731,0.2784,18856604.8
1770033600000,0.2785,0.2894,0.2785,0.2874,31237809.4
1770048000000,0.2874,0.2884,0.2827,0.2832,15241565.8
1770062400000,0.2832,0.2853,0.281,0.2841,9866042.6
1770076800000,0.284,0.2846,0.2763,0.2823,18909949.9
1770091200000,0.2822,0.2849,0.2795,0.2833,10768172.0
1770105600000,0.2833,0.2853,0.2785,0.2811,15342543.4
1770120000000,0.2811,0.2967,0.2795,0.2959,85582663.6
1770134400000,0.296,0.2961,0.2678,0.2821,74738327.4
1770148800000,0.282,0.2949,0.2767,0.2786,34120725.8
1770163200000,0.2786,0.2866,0.2762,0.2842,17677462.9
1770177600000,0.2843,0.2862,0.2818,0.2848,21314188.1
1770192000000,0.2849,0.2854,0.2766,0.2801,14363293.7
1770206400000,0.2802,0.2809,0.2662,0.2694,34283940.2
1770220800000,0.2695,0.2775,0.2635,0.277,45658518.2
1770235200000,0.2771,0.2772,0.2646,0.2698,20349578.7
1770249600000,0.2698,0.2733,0.2633,0.264,25837532.3
1770264000000,0.264,0.268,0.2597,0.2607,25476062.5
1770278400000,0.2607,0.2648,0.2495,0.2524,29801159.3
1770292800000,0.2525,0.2579,0.2357,0.242,81235142.9
1770307200000,0.2421,0.247,0.232,0.233,64063328.2
1770321600000,0.2331,0.235,0.2211,0.2248,102084500.7
1770336000000,0.2248,0.2332,0.2016,0.2292,115647795.3
1770350400000,0.2292,0.2397,0.2284,0.2321,29412853.7
1770364800000,0.2321,0.2466,0.2304,0.2446,39734440.2
1770379200000,0.2445,0.2599,0.2423,0.2548,64779768.2
1770393600000,0.2548,0.2695,0.2535,0.2587,50821500.3
1770408000000,0.2587,0.2623,0.256,0.2579,16881857.2
1770422400000,0.258,0.2582,0.2524,0.2565,21871581.3
1770436800000,0.2564,0.2605,0.2462,0.2494,39604329.7
1770451200000,0.2493,0.2515,0.2472,0.2492,15197811.8
1770465600000,0.2491,0.2583,0.2488,0.2564,24922484.2
1770480000000,0.2565,0.2633,0.2551,0.2614,52569235.3
1770494400000,0.2614,0.2683,0.2607,0.2623,16134209.3
1770508800000,0.2624,0.2628,0.2583,0.2587,9175294.9
1770523200000,0.2587,0.2604,0.2565,0.2587,12578356.0
1770537600000,0.2586,0.2638,0.2579,0.2625,17568347.6
1770552000000,0.2625,0.263,0.2584,0.2596,19385662.2
1770566400000,0.2596,0.2609,0.2533,0.2604,11956155.9
1770580800000,0.2604,0.2641,0.2551,0.2577,12213280.3
1770595200000,0.2577,0.2585,0.2528,0.2581,19218938.4
1770609600000,0.2581,0.2581,0.2476,0.2476,24910199.6
1770624000000,0.2476,0.2484,0.2403,0.2428,24349983.3
1770638400000,0.2429,0.2501,0.2405,0.249,21230757.7
1770652800000,0.249,0.2557,0.2467,0.2529,18785649.8
1770667200000,0.2529,0.2542,0.2483,0.2504,9588581.9
1770681600000,0.2504,0.2537,0.2463,0.2485,13358689.0
1770696000000,0.2485,0.2503,0.2429,0.2451,17873414.3
1770710400000,0.2451,0.2474,0.2446,0.2449,10603134.6
1770724800000,0.2448,0.2487,0.2435,0.2471,17222072.9
1770739200000,0.2471,0.2515,0.2436,0.2461,18107329.3
1770753600000,0.2461,0.2477,0.2447,0.2474,7578551.6
1770768000000,0.2474,0.2506,0.2453,0.2481,12588252.7
1770782400000,0.2481,0.2485,0.239,0.2398,21643553.5
1770796800000,0.2398,0.2402,0.2373,0.2398,9570350.5
1770811200000,0.2398,0.2514,0.2351,0.2382,41074992.8
1770825600000,0.2381,0.2449,0.2364,0.2428,25733926.5
1770840000000,0.2426,0.2478,0.2396,0.2412,15143127.9
1770854400000,0.2412,0.2474,0.2412,0.246,13608102.2
1770868800000,0.246,0.251,0.2443,0.2508,9455192.3
1770883200000,0.2508,0.2598,0.2492,0.257,21664664.1
1770897600000,0.257,0.2577,0.2488,0.2493,27950987.7
1770912000000,0.2493,0.2522,0.2425,0.2479,30357258.1
1770926400000,0.248,0.2521,0.2445,0.2512,9750219.6
1770940800000,0.2512,0.2523,0.2472,0.2486,11229993.1
1770955200000,0.2486,0.2504,0.2457,0.2487,7534933.5
1770969600000,0.2487,0.2554,0.2484,0.2539,11158426.6
1770984000000,0.2539,0.2647,0.2519,0.2599,22734622.0
1770998400000,0.26,0.2656,0.2588,0.2628,14217544.2
1771012800000,0.2628,0.2652,0.2622,0.2632,8714486.2
1771027200000,0.2633,0.2727,0.2632,0.2723,17902110.2
1771041600000,0.2722,0.276,0.2693,0.2734,15800350.8
1771056000000,0.2735,0.2832,0.2735,0.2827,20264879.8
1771070400000,0.2827,0.2853,0.2774,0.2851,20484379.8
1771084800000,0.2852,0.2954,0.2804,0.2944,18555654.3
1771099200000,0.2945,0.2976,0.2905,0.2942,19455632.0
1771113600000,0.2942,0.2974,0.2855,0.2908,20147185.6
1771128000000,0.2908,0.2965,0.2904,0.2916,15546877.1
1771142400000,0.2917,0.2921,0.2838,0.2858,13272299.2
1771156800000,0.2858,0.2863,0.2756,0.2806,25234722.9
1771171200000,0.2806,0.2806,0.2696,0.2715,23738065.4
1771185600000,0.2715,0.2765,0.2703,0.2754,11983812.3
1771200000000,0.2754,0.2778,0.2735,0.2752,13665265.0
1771214400000,0.2751,0.2785,0.2727,0.2746,9900878.4
1771228800000,0.2746,0.2788,0.2717,0.2752,8268508.1
1771243200000,0.2752,0.2823,0.2682,0.2703,29059111.7
1771257600000,0.2704,0.2753,0.2701,0.2742,8852411.4
1771272000000,0.2742,0.2789,0.2732,0.2783,7412725.4
1771286400000,0.2782,0.2786,0.2744,0.2768,6400851.6
1771300800000,0.2767,0.2787,0.2737,0.2762,4754066.5
1771315200000,0.2762,0.2771,0.2724,0.2741,5962367.3
1771329600000,0.2741,0.2784,0.2695,0.2742,19420527.5
1771344000000,0.2743,0.2806,0.2716,0.2748,18834871.0
1771358400000,0.2748,0.2762,0.2731,0.2743,5758563.8
1771372800000,0.2744,0.2761,0.2714,0.2756,8154457.0
1771387200000,0.2756,0.2791,0.2747,0.2779,6175399.8
1771401600000,0.2779,0.2793,0.271,0.2716,11596151.6
1771416000000,0.2716,0.2776,0.2691,0.2741,12503684.5
1771430400000,0.2742,0.2742,0.2634,0.265,14704746.4
1771444800000,0.265,0.2668,0.2627,0.2646,9757842.9
1771459200000,0.2647,0.268,0.2628,0.2676,8366233.4
1771473600000,0.2677,0.2685,0.2649,0.2671,6101207.3
1771488000000,0.2671,0.2671,0.2602,0.2606,12956508.8
1771502400000,0.2605,0.2608,0.2554,0.2573,16723858.9
1771516800000,0.2574,0.2611,0.254,0.2602,13126764.0
1771531200000,0.2602,0.2619,0.2586,0.2618,6825261.7
1771545600000,0.2617,0.2645,0.2611,0.2623,7125429.1
1771560000000,0.2624,0.2643,0.2595,0.2627,8132492.0
1771574400000,0.2627,0.2669,0.2619,0.263,8838369.5
1771588800000,0.263,0.2698,0.256,0.2697,23622601.2
1771603200000,0.2698,0.2723,0.2625,0.2669,27058545.2
1771617600000,0.267,0.2685,0.2653,0.2673,7258275.3
1771632000000,0.2674,0.2691,0.2655,0.2676,6466470.5
1771646400000,0.2676,0.2692,0.2663,0.2677,4610791.3
1771660800000,0.2678,0.2734,0.2674,0.2718,8303125.7
1771675200000,0.2718,0.2747,0.2694,0.2715,9527554.1
1771689600000,0.2715,0.2717,0.2682,0.2691,8196848.1
1771704000000,0.2691,0.2699,0.2663,0.267,7159432.5
1771718400000,0.2669,0.2673,0.2621,0.2642,9698610.5
1771732800000,0.2641,0.2652,0.262,0.2627,6867570.9
1771747200000,0.2627,0.2659,0.2595,0.2651,11912976.4
1771761600000,0.2651,0.2653,0.2592,0.2613,9418210.3
1771776000000,0.2613,0.2613,0.2586,0.2593,6877951.9
1771790400000,0.2594,0.2626,0.2587,0.2624,4598015.7
1771804800000,0.2624,0.2628,0.2464,0.2494,32108476.9
1771819200000,0.2495,0.2546,0.2474,0.253,10058770.9
1771833600000,0.253,0.2585,0.2508,0.2557,12680398.1
1771848000000,0.2557,0.2601,0.2514,0.252,14623693.1
1771862400000,0.252,0.2532,0.2457,0.2469,17802563.3
1771876800000,0.247,0.251,0.2455,0.2484,8874597.4
1771891200000,0.2484,0.2504,0.2434,0.245,18883375.9
1771905600000,0.2451,0.2464,0.2431,0.2445,10658744.2
1771920000000,0.2444,0.2457,0.2423,0.2433,10045612.7
1771934400000,0.2433,0.2508,0.2417,0.2476,79170339.5
1771948800000,0.2476,0.2518,0.2475,0.2498,19652252.3
1771963200000,0.2498,0.2503,0.2456,0.2463,12130572.9
1771977600000,0.2463,0.2584,0.2453,0.2532,27383943.1
1771992000000,0.2531,0.2546,0.249,0.2531,13741841.7
1772006400000,0.253,0.2575,0.2523,0.257,13669868.9
1772020800000,0.257,0.2721,0.2565,0.2713,34634080.0
1772035200000,0.2714,0.2851,0.2705,0.2844,28892688.3
1772049600000,0.2845,0.292,0.2725,0.2756,38410778.9
1772064000000,0.2755,0.2773,0.2718,0.2742,22776684.8
1772078400000,0.2741,0.277,0.2694,0.2705,20581495.6
1772092800000,0.2705,0.2756,0.2685,0.2695,18481668.3
1772107200000,0.2695,0.2727,0.2651,0.2686,22791617.9
1772121600000,0.2687,0.2689,0.2579,0.2653,34819461.7
1772136000000,0.2652,0.2666,0.2634,0.2658,7638184.4
1772150400000,0.2658,0.2677,0.2626,0.2672,8159839.9
1772164800000,0.2673,0.2724,0.2672,0.2709,11431828.5
1772179200000,0.2709,0.2732,0.2605,0.2616,18478547.5
1772193600000,0.2615,0.2632,0.2576,0.2588,19063155.2
1772208000000,0.2588,0.2591,0.2542,0.2548,20996707.0
1772222400000,0.2548,0.2573,0.2515,0.2567,11494846.0
1772236800000,0.2566,0.2586,0.2556,0.2558,7534841.1
1772251200000,0.2558,0.256,0.2409,0.2449,35861442.0
1772265600000,0.2448,0.2448,0.2394,0.2403,20124346.0
1772280000000,0.2403,0.2494,0.2397,0.2469,26372717.5
1772294400000,0.2468,0.2589,0.2454,0.2571,20210785.2
1772308800000,0.257,0.2649,0.2563,0.2611,18341703.4
1772323200000,0.2612,0.2724,0.2572,0.266,21634722.3
1772337600000,0.266,0.267,0.2617,0.2637,13094316.9
1772352000000,0.2638,0.2648,0.2568,0.258,12321805.3
1772366400000,0.2581,0.2636,0.255,0.2588,19349714.8
1772380800000,0.2588,0.2609,0.2512,0.2517,20926737.7
1772395200000,0.2517,0.2557,0.2472,0.2517,20444678.3
1772409600000,0.2518,0.2584,0.2516,0.2559,12491220.9
1772424000000,0.256,0.2563,0.2492,0.2514,10919761.1
1772438400000,0.2514,0.2547,0.2493,0.2524,11087573.5
1772452800000,0.2525,0.2674,0.2494,0.2651,24545771.1
1772467200000,0.2653,0.2708,0.2596,0.2617,27760262.4
1772481600000,0.2617,0.2634,0.2567,0.2576,13234885.8
1772496000000,0.2576,0.2585,0.2536,0.2564,13126191.8
1772510400000,0.2565,0.2575,0.2533,0.2552,10717847.0
1772524800000,0.2553,0.2561,0.2483,0.2502,14025306.0
1772539200000,0.2501,0.2545,0.2471,0.2524,17418381.0
1772553600000,0.2524,0.2589,0.2509,0.2547,16622587.0
1772568000000,0.2546,0.2572,0.2505,0.2556,10220943.6
1772582400000,0.2556,0.2589,0.2523,0.2555,14841739.7
1772596800000,0.2555,0.2599,0.253,0.2587,10812912.6
1772611200000,0.2587,0.2733,0.2577,0.266,32392885.5
1772625600000,0.2659,0.2769,0.2625,0.2768,33321742.8
1772640000000,0.2768,0.2782,0.2711,0.2744,18934951.2
1772654400000,0.2744,0.2749,0.2668,0.2688,15751209.0
1772668800000,0.2689,0.2703,0.2652,0.2665,13990065.0
1772683200000,0.2665,0.2687,0.2635,0.2648,13319172.1
1772697600000,0.2648,0.2728,0.2636,0.2692,16923220.0
1772712000000,0.2692,0.2715,0.2631,0.2645,19502193.2
1772726400000,0.2645,0.2656,0.2588,0.2635,19046209.9
1772740800000,0.2635,0.2675,0.2631,0.2647,8708542.0
1772755200000,0.2648,0.2692,0.263,0.2689,11256850.9
1772769600000,0.269,0.2697,0.2657,0.2685,10593195.0
1772784000000,0.2685,0.2685,0.2615,0.2617,12508415.3
1772798400000,0.2617,0.2632,0.2521,0.253,39702925.5
1772812800000,0.253,0.2562,0.2511,0.2541,17118631.2
1772827200000,0.2542,0.2562,0.253,0.2554,7413840.3
1772841600000,0.2554,0.2561,0.2527,0.253,10520494.7
1772856000000,0.2529,0.2535,0.2504,0.252,8535355.7
1772870400000,0.2519,0.2543,0.2509,0.2529,7985638.7
1772884800000,0.2529,0.253,0.2488,0.2501,12835740.3
1772899200000,0.2501,0.2519,0.2473,0.2483,9953080.5
1772913600000,0.2482,0.2495,0.2464,0.2487,6751622.5
1772928000000,0.2488,0.2495,0.2439,0.2449,13257109.4
1772942400000,0.2449,0.2472,0.2433,0.2465,9832075.4
1772956800000,0.2464,0.2513,0.2454,0.248,12283723.1
1772971200000,0.248,0.2495,0.2439,0.2453,12016488.0
1772985600000,0.2452,0.2486,0.2431,0.2475,10781570.8
1773000000000,0.2476,0.2485,0.2405,0.2435,17720753.8
1773014400000,0.2435,0.2509,0.2433,0.2477,15521730.4
1773028800000,0.2478,0.2528,0.2461,0.2485,15328972.9
1773043200000,0.2485,0.2525,0.2468,0.2489,10308803.8
1773057600000,0.2489,0.2546,0.2488,0.2511,18131642.5
1773072000000,0.2511,0.258,0.2493,0.2539,18223911.2
1773086400000,0.2539,0.2556,0.25,0.2506,11775026.2
1773100800000,0.2506,0.2588,0.2504,0.254,14743177.8
1773115200000,0.2541,0.2571,0.2532,0.2567,8612824.4
1773129600000,0.2568,0.2617,0.2567,0.2591,15135926.6
1773144000000,0.2592,0.2657,0.2539,0.2629,26878220.3
1773158400000,0.2629,0.265,0.2541,0.2551,24474890.8
1773172800000,0.255,0.2566,0.2525,0.2551,9702177.1
1773187200000,0.2551,0.2553,0.2521,0.2534,9444760.4
1773201600000,0.2534,0.2553,0.2513,0.2527,7347399.5
1773216000000,0.2527,0.2545,0.2519,0.2528,6892309.0
1773230400000,0.2529,0.2621,0.2522,0.2565,22547575.3
1773244800000,0.2565,0.2597,0.2553,0.2578,21728865.5
1773259200000,0.2577,0.2589,0.255,0.2554,11306430.6
1773273600000,0.2555,0.2558,0.2513,0.252,10678361.0
1773288000000,0.252,0.2544,0.2506,0.2542,6475521.2
1773302400000,0.2542,0.2577,0.2528,0.2562,11681119.8
1773316800000,0.2563,0.258,0.2516,0.2557,20808439.4
1773331200000,0.2557,0.2597,0.2544,0.2588,10217814.6
1773345600000,0.2587,0.2607,0.2568,0.2593,9131191.1
1773360000000,0.2593,0.2675,0.2586,0.2668,21551107.0
1773374400000,0.2668,0.2692,0.2648,0.2669,13645120.4
1773388800000,0.2668,0.2707,0.2653,0.2692,14442335.8
1773403200000,0.2692,0.2774,0.2671,0.2681,33179690.2
1773417600000,0.2681,0.2695,0.2631,0.2655,22462930.6
1773432000000,0.2655,0.2666,0.2609,0.2628,12795086.5
1773446400000,0.2628,0.2647,0.261,0.2641,10154974.3
1773460800000,0.2641,0.266,0.2587,0.2592,14780954.4
1773475200000,0.2592,0.2605,0.2574,0.2604,7200445.5
1773489600000,0.2603,0.2611,0.2579,0.2588,7146024.2
1773504000000,0.2588,0.2602,0.2581,0.2581,4143231.1
1773518400000,0.2582,0.2626,0.2579,0.2625,7948256.9
1773532800000,0.2625,0.2662,0.2603,0.2646,10597060.3
1773547200000,0.2646,0.2663,0.2625,0.2637,9132848.4
1773561600000,0.2638,0.2668,0.2638,0.2666,7322723.5
1773576000000,0.2666,0.2668,0.2626,0.264,10077311.6
1773590400000,0.2639,0.2673,0.2635,0.266,7884341.0
1773604800000,0.266,0.2722,0.265,0.27,15761113.7
1773619200000,0.2701,0.2779,0.2687,0.275,19209763.9
1773633600000,0.2751,0.2827,0.2751,0.2814,19874803.4
1773648000000,0.2814,0.2839,0.2775,0.2797,17227585.6
1773662400000,0.2797,0.2846,0.2773,0.2794,24585975.5
1773676800000,0.2794,0.2874,0.2792,0.2849,17588068.5
1773691200000,0.2849,0.2909,0.2842,0.289,13216727.7
1773705600000,0.2891,0.2915,0.2821,0.2833,23356728.7
1773720000000,0.2832,0.2842,0.2791,0.2825,13141884.6
1773734400000,0.2825,0.2834,0.2801,0.2808,10739198.9
1773748800000,0.2807,0.2824,0.2774,0.2801,21241427.3
1773763200000,0.2801,0.2832,0.2794,0.2807,9494380.8
1773777600000,0.2807,0.2851,0.2804,0.2808,7567581.2
1773792000000,0.2809,0.2854,0.2781,0.2836,10366755.2
1773806400000,0.2836,0.2847,0.2793,0.2804,9054024.5
1773820800000,0.2805,0.282,0.271,0.2729,14497413.6
1773835200000,0.2729,0.2735,0.2616,0.2644,29083229.8
1773849600000,0.2643,0.2682,0.2615,0.2642,14817435.1
1773864000000,0.2642,0.2676,0.2616,0.267,16482201.6
1773878400000,0.267,0.2689,0.2643,0.2666,10686442.2
1773892800000,0.2666,0.2668,0.2589,0.2608,13716652.7
1773907200000,0.2607,0.2632,0.26,0.26,10589228.1
1773921600000,0.26,0.26,0.2536,0.2559,18763770.6
1773936000000,0.2559,0.2577,0.2526,0.2557,13034248.0
1773950400000,0.2557,0.2584,0.2553,0.2575,7326553.4
1773964800000,0.2574,0.2607,0.2569,0.26,10399116.1
1773979200000,0.26,0.2628,0.2587,0.2613,9017292.4
1773993600000,0.2613,0.2642,0.2584,0.2603,17442648.0
1774008000000,0.2604,0.2611,0.2566,0.2587,12939490.9
1774022400000,0.2587,0.2592,0.2552,0.2575,8663581.1
1774036800000,0.2576,0.2613,0.2556,0.2601,8970927.5
1774051200000,0.2601,0.2612,0.2596,0.2601,5352758.8
1774065600000,0.2601,0.2617,0.2596,0.2605,5931181.3
1774080000000,0.2605,0.2616,0.2581,0.2584,5012371.6
1774094400000,0.2585,0.261,0.2577,0.261,6094089.2
1774108800000,0.261,0.2611,0.2589,0.2595,4901886.1
1774123200000,0.2595,0.2608,0.2504,0.2523,16038925.6
1774137600000,0.2522,0.2559,0.2482,0.2541,17145399.9
1774152000000,0.254,0.2555,0.2507,0.2508,7348002.2
1774166400000,0.2507,0.2512,0.2468,0.2472,12845627.3
1774180800000,0.2472,0.2499,0.2472,0.2483,6740586.9
1774195200000,0.2483,0.2486,0.2449,0.2457,11692320.1
1774209600000,0.2458,0.2473,0.2422,0.2454,13098377.7
1774224000000,0.2453,0.2483,0.2441,0.2461,9506969.2
1774238400000,0.2461,0.2485,0.2425,0.2442,8568172.5
1774252800000,0.2441,0.2587,0.2416,0.2523,47001241.1
1774267200000,0.2523,0.2601,0.2504,0.2528,28873960.5
1774281600000,0.2529,0.2551,0.2497,0.25,14584562.3
1774296000000,0.25,0.2542,0.2494,0.2539,6932614.9
1774310400000,0.2539,0.2548,0.2511,0.2529,11693723.8
1774324800000,0.253,0.2577,0.2512,0.2574,8282221.0
1774339200000,0.2574,0.2683,0.2542,0.2574,53792064.8
1774353600000,0.2574,0.2601,0.2516,0.2526,29812410.3
1774368000000,0.2525,0.2539,0.2479,0.2486,16234526.4
1774382400000,0.2486,0.2571,0.2486,0.2559,12611547.4
1774396800000,0.2559,0.2573,0.253,0.2553,11397466.8
1774411200000,0.2553,0.261,0.2544,0.2598,12092814.5
1774425600000,0.2598,0.2629,0.2597,0.2619,13641329.1
1774440000000,0.2619,0.2634,0.2572,0.2578,22094778.7
1774454400000,0.2579,0.263,0.2567,0.2625,17171776.6
1774468800000,0.2626,0.2673,0.2595,0.2653,14228579.5
1774483200000,0.2652,0.2738,0.2652,0.2691,33495097.4
1774497600000,0.2691,0.2697,0.2596,0.2636,29654605.4
1774512000000,0.2636,0.2639,0.2547,0.2552,25134458.7
1774526400000,0.2551,0.2653,0.2539,0.2627,30640415.2
1774540800000,0.2627,0.2642,0.2577,0.2585,26272762.6
1774555200000,0.2585,0.2701,0.2578,0.2689,33707293.1
1774569600000,0.2689,0.2873,0.2685,0.28,82941801.0
1774584000000,0.2801,0.2911,0.2764,0.2806,82139056.6
1774598400000,0.2806,0.2815,0.2662,0.2667,74549190.5
1774612800000,0.2667,0.2674,0.2596,0.2658,49516670.2
1774627200000,0.2658,0.2713,0.2614,0.27,42406148.8
1774641600000,0.27,0.2745,0.2675,0.2684,35431374.4
1774656000000,0.2684,0.2714,0.2598,0.2637,39589339.5
1774670400000,0.2637,0.2668,0.2604,0.2647,32655866.4
1774684800000,0.2647,0.2684,0.2623,0.2681,22237735.2
1774699200000,0.2681,0.279,0.2657,0.2767,40841151.6
1774713600000,0.2768,0.2779,0.2726,0.2746,19957068.2
1774728000000,0.2747,0.2772,0.2668,0.2683,21021964.8
1774742400000,0.2683,0.2716,0.2668,0.2707,16032262.7
1774756800000,0.2707,0.2715,0.2676,0.2681,13436245.0
1774771200000,0.2681,0.2699,0.2652,0.2676,14933392.4
1774785600000,0.2676,0.2679,0.2617,0.2627,19572616.9
1774800000000,0.2626,0.2635,0.2585,0.2587,14426178.5
1774814400000,0.2588,0.2613,0.2511,0.2574,31233238.4
1774828800000,0.2575,0.2709,0.257,0.2688,29585490.0
1774843200000,0.2689,0.2716,0.2666,0.2704,19471504.5
1774857600000,0.2704,0.2725,0.2661,0.2677,16117136.3
1774872000000,0.2678,0.2719,0.2638,0.2702,16518696.7
1774886400000,0.2702,0.2713,0.2613,0.2629,15870479.9
1774900800000,0.2628,0.2679,0.2611,0.2616,13185653.6
1774915200000,0.2617,0.2676,0.2607,0.2637,15754959.8
1774929600000,0.2638,0.2643,0.2596,0.2611,12841133.1
1774944000000,0.2612,0.2627,0.2555,0.2579,18052947.7
1774958400000,0.2579,0.2672,0.257,0.2621,26368832.2
1774972800000,0.2622,0.2725,0.262,0.2715,29973112.0
1774987200000,0.2714,0.2806,0.2706,0.2727,28020011.7
1775001600000,0.2727,0.2751,0.27,0.2737,18329222.4
1775016000000,0.2735,0.2789,0.2727,0.2741,25485601.3
1775030400000,0.2741,0.2745,0.2712,0.2734,14676778.4
1775044800000,0.2733,0.2771,0.2703,0.2731,19605180.3
1775059200000,0.2731,0.2756,0.2678,0.2702,16123340.3
1775073600000,0.2703,0.272,0.2686,0.2699,8222792.7
1775088000000,0.2699,0.2733,0.2584,0.2599,33665262.4
1775102400000,0.2598,0.2633,0.2578,0.2617,15432366.8
1775116800000,0.2616,0.2628,0.2561,0.2571,17352228.4
1775131200000,0.257,0.2609,0.2524,0.2582,19661243.4
1775145600000,0.2582,0.2613,0.2564,0.2578,13682383.4
1775160000000,0.2578,0.2593,0.2562,0.2575,7135920.6
1775174400000,0.2575,0.2592,0.2563,0.2585,10489301.1
1775188800000,0.2585,0.2635,0.2581,0.2621,12632461.1
1775203200000,0.2621,0.2642,0.2604,0.2614,9658489.4
1775217600000,0.2614,0.2646,0.2592,0.2592,14421526.5
1775232000000,0.2592,0.2617,0.2585,0.2599,8418311.3
1775246400000,0.2599,0.2611,0.2579,0.2591,6802260.5
1775260800000,0.2591,0.2598,0.2573,0.2579,6935130.2
1775275200000,0.2578,0.2595,0.2574,0.2581,5443074.9
1775289600000,0.2581,0.2592,0.2562,0.2571,6678055.4
1775304000000,0.2571,0.2579,0.2547,0.256,11404625.9
1775318400000,0.2559,0.259,0.2548,0.2562,9118392.3
1775332800000,0.2562,0.2564,0.2543,0.2553,6743487.7
1775347200000,0.2553,0.2556,0.2523,0.2533,10231274.0
1775361600000,0.2533,0.2537,0.2483,0.249,21815302.3
1775376000000,0.2489,0.2505,0.2486,0.2493,10023967.4
1775390400000,0.2493,0.2523,0.2469,0.2502,16848867.7
1775404800000,0.2502,0.2513,0.249,0.2498,7804459.6
1775419200000,0.2499,0.2588,0.2497,0.2585,19662540.7
1775433600000,0.2585,0.2672,0.2582,0.265,29778231.6
1775448000000,0.265,0.2686,0.2607,0.2633,28587368.3
1775462400000,0.2633,0.2702,0.2625,0.2684,23574281.8
1775476800000,0.2684,0.269,0.2628,0.2647,21135462.1
1775491200000,0.2647,0.2657,0.2606,0.2618,12876847.7
1775505600000,0.2618,0.263,0.2544,0.2558,15479951.9
1775520000000,0.2558,0.2571,0.252,0.2539,15270923.2
1775534400000,0.2538,0.2546,0.2507,0.2522,10813335.0
1775548800000,0.2522,0.2555,0.249,0.2498,18028039.3
1775563200000,0.2498,0.2536,0.2475,0.2496,26339345.9
1775577600000,0.2496,0.2542,0.2494,0.2535,13825417.0
1775592000000,0.2535,0.2731,0.2535,0.2695,35586131.0
1775606400000,0.2695,0.2709,0.2668,0.2694,18071206.9
1775620800000,0.2694,0.2727,0.269,0.2697,13723330.1
1775635200000,0.2697,0.2715,0.2664,0.2677,13181131.0
1775649600000,0.2677,0.2706,0.2602,0.2625,25586705.3
1775664000000,0.2626,0.2644,0.2582,0.2592,14833561.6
1775678400000,0.2591,0.2612,0.255,0.2554,11824634.1
1775692800000,0.2554,0.2561,0.2502,0.2503,29675899.8
1775707200000,0.2503,0.2539,0.2492,0.2524,17764890.6
1775721600000,0.2524,0.2541,0.2515,0.2519,14303238.0
1775736000000,0.2518,0.2586,0.2502,0.2572,22460612.4
1775750400000,0.2573,0.2589,0.2537,0.2555,19944357.3
1775764800000,0.2554,0.2631,0.2526,0.2542,20135288.1
1775779200000,0.2542,0.2554,0.2507,0.2529,17547200.9
1775793600000,0.2528,0.2564,0.2517,0.2522,12829415.6
1775808000000,0.2522,0.2546,0.2511,0.2538,13979405.3
1775822400000,0.2538,0.258,0.2516,0.2521,27541658.1
1775836800000,0.2521,0.2582,0.252,0.2578,11435023.0
1775851200000,0.2579,0.2586,0.2557,0.2564,12090150.6
1775865600000,0.2564,0.2567,0.2535,0.2537,9057796.4
1775880000000,0.2536,0.2546,0.2521,0.2539,9041421.5
1775894400000,0.2539,0.2549,0.2529,0.2534,9429774.9
1775908800000,0.2534,0.2542,0.2513,0.2539,10158921.1
1775923200000,0.2539,0.2615,0.2537,0.2614,24080733.1
1775937600000,0.2614,0.262,0.2551,0.256,14135978.3
1775952000000,0.256,0.2569,0.2466,0.2473,28052519.3
1775966400000,0.2472,0.2486,0.2463,0.2482,11296388.6
1775980800000,0.2481,0.2492,0.2451,0.2467,10397662.1
1775995200000,0.2467,0.2477,0.2437,0.2448,15308455.1
1776009600000,0.2448,0.2466,0.2432,0.2436,15236390.3
1776024000000,0.2436,0.2461,0.2411,0.2423,22821840.9
1776038400000,0.2423,0.2459,0.242,0.245,11710835.6
1776052800000,0.245,0.2489,0.2431,0.2449,19272421.9
1776067200000,0.2449,0.2479,0.2438,0.2476,15432927.3
1776081600000,0.2476,0.2543,0.2462,0.2482,34739399.8
1776096000000,0.2482,0.2519,0.2463,0.2514,16625630.1
1776110400000,0.2514,0.2588,0.2487,0.2575,27413257.6
1776124800000,0.2575,0.2579,0.2532,0.2551,15389320.9
1776139200000,0.2552,0.2556,0.2518,0.2533,10135471.8
1776153600000,0.2533,0.2574,0.2523,0.255,17683665.2
1776168000000,0.2549,0.2609,0.2532,0.254,31606047.5
1776182400000,0.254,0.2555,0.2475,0.2503,19963975.6
1776196800000,0.2504,0.2516,0.2493,0.2509,6905894.7
1776211200000,0.2509,0.2542,0.2507,0.2517,11891345.8
1776225600000,0.2517,0.2534,0.2487,0.2492,13022490.0
1776240000000,0.2491,0.2542,0.2488,0.2529,13860516.6
1776254400000,0.2528,0.2556,0.2509,0.2522,18044346.6
1776268800000,0.2522,0.2592,0.2518,0.2581,19163601.0
1776283200000,0.2582,0.2603,0.256,0.2586,15353389.1
1776297600000,0.2586,0.2612,0.2561,0.2605,14440955.2
1776312000000,0.2605,0.2647,0.2601,0.2626,21822830.0
1776326400000,0.2626,0.2654,0.2604,0.2634,18230202.4
1776340800000,0.2635,0.2694,0.2583,0.2685,46944463.8
1776355200000,0.2685,0.2733,0.2641,0.2728,25096838.9
1776369600000,0.2728,0.2736,0.2677,0.2696,15060183.3
1776384000000,0.2695,0.2698,0.2628,0.2643,26743298.1
1776398400000,0.2643,0.2661,0.2613,0.2653,23390398.1
1776412800000,0.2654,0.2684,0.2621,0.2664,20168923.9
1776427200000,0.2664,0.2757,0.2659,0.2739,49670886.2
1776441600000,0.2739,0.2798,0.2717,0.2739,39099047.8
1776456000000,0.2739,0.2748,0.2689,0.2702,12976320.9
1776470400000,0.2702,0.2715,0.2672,0.2693,13863029.8
1776484800000,0.2693,0.2719,0.2683,0.2713,9722975.7
1776499200000,0.2712,0.2713,0.2591,0.2609,27689898.2
1776513600000,0.2608,0.2618,0.2577,0.2605,19434101.1
1776528000000,0.2606,0.2611,0.2552,0.2569,21562787.6
1776542400000,0.257,0.2603,0.2561,0.2578,10405416.6
1776556800000,0.2579,0.2581,0.2535,0.2559,18158028.4
1776571200000,0.2559,0.257,0.252,0.2543,15723882.6
1776585600000,0.2543,0.2563,0.2523,0.2561,10202862.7
1776600000000,0.2562,0.2612,0.2555,0.2586,17900033.6
1776614400000,0.2587,0.259,0.253,0.2547,14897157.5
1776628800000,0.2546,0.2547,0.2491,0.25,15009347.8
1776643200000,0.2501,0.2537,0.2496,0.2529,11603286.5
1776657600000,0.2529,0.2565,0.2493,0.2527,15327947.7
1776672000000,0.2526,0.255,0.2511,0.2533,11852508.5
1776686400000,0.2532,0.255,0.2506,0.2532,16882702.2
1776700800000,0.2532,0.2573,0.2518,0.2558,11928969.7
1776715200000,0.2558,0.2573,0.2536,0.2549,10055245.1
1776729600000,0.255,0.2585,0.2535,0.2551,10545484.7
1776744000000,0.2551,0.2582,0.2543,0.2574,8241764.4
1776758400000,0.2574,0.2614,0.2571,0.2595,13433610.6
1776772800000,0.2595,0.2601,0.2551,0.2574,23182314.0
1776787200000,0.2574,0.2582,0.2518,0.2528,18111173.6
1776801600000,0.2528,0.258,0.2525,0.2579,10113926.7
1776816000000,0.2579,0.2655,0.2571,0.2639,21246858.9
1776830400000,0.2639,0.2703,0.263,0.2686,24619330.6
1776844800000,0.2687,0.2719,0.2678,0.2701,20586504.5
1776859200000,0.2701,0.2708,0.266,0.2673,22332745.5
1776873600000,0.2673,0.268,0.2627,0.2643,17035196.5
1776888000000,0.2643,0.2648,0.2606,0.2607,9456694.1
1776902400000,0.2607,0.2616,0.255,0.2566,24237396.6
1776916800000,0.2565,0.2595,0.2559,0.2586,9714662.7
1776931200000,0.2586,0.2591,0.2548,0.2576,11375111.5
1776945600000,0.2575,0.2633,0.2575,0.2631,13744794.8
1776960000000,0.2631,0.2635,0.2563,0.258,24956776.2
1776974400000,0.2579,0.2623,0.2577,0.2621,7918574.4
1776988800000,0.2621,0.2656,0.2603,0.2616,12954303.4
1777003200000,0.2617,0.2627,0.26,0.2613,8079147.1
1777017600000,0.2613,0.265,0.2596,0.264,10157267.5
1777032000000,0.264,0.2667,0.2616,0.2667,14039211.6
1777046400000,0.2667,0.2672,0.2635,0.2656,12422916.8
1777060800000,0.2656,0.2659,0.2613,0.2619,9432190.9
1777075200000,0.2618,0.2637,0.2602,0.2634,9144007.8
1777089600000,0.2634,0.2635,0.2614,0.2619,5494586.7
1777104000000,0.2618,0.264,0.2602,0.2612,8863724.9
1777118400000,0.2612,0.2624,0.259,0.2601,9357107.9
1777132800000,0.2601,0.2606,0.2576,0.2581,8450463.1
1777147200000,0.2582,0.261,0.2579,0.2608,4988747.3
1777161600000,0.2608,0.2609,0.258,0.2592,8049572.8
1777176000000,0.2592,0.2634,0.2585,0.2633,9849823.4
1777190400000,0.2634,0.2734,0.2625,0.2707,30862417.6
1777204800000,0.2708,0.2728,0.2665,0.2696,27308077.2
1777219200000,0.2697,0.2702,0.267,0.2679,16919774.0
1777233600000,0.2679,0.2691,0.2653,0.2669,11240816.9
1777248000000,0.2669,0.2734,0.2661,0.2711,21675018.8
1777262400000,0.2711,0.2717,0.2605,0.2614,28777141.2
1777276800000,0.2614,0.263,0.26,0.262,15216938.2
1777291200000,0.262,0.2652,0.257,0.2602,28122374.4
1777305600000,0.2601,0.2627,0.2594,0.2603,12111700.6
1777320000000,0.2603,0.2665,0.26,0.2663,8303581.5
1777334400000,0.2663,0.2672,0.2621,0.263,16826238.2
1777348800000,0.263,0.2649,0.26,0.2617,14520205.8
1777363200000,0.2617,0.2628,0.2596,0.2605,12771203.0
1777377600000,0.2605,0.2647,0.2587,0.2646,15834348.2
1777392000000,0.2647,0.265,0.2619,0.2637,12717006.7
1777406400000,0.2638,0.2647,0.2625,0.2641,4199252.7
1777420800000,0.2641,0.2669,0.2633,0.2668,9004522.9
1777435200000,0.2669,0.2681,0.265,0.2655,10386492.9
1777449600000,0.2655,0.2703,0.2639,0.269,15193932.0
1777464000000,0.269,0.2693,0.2601,0.2608,21330212.6
1777478400000,0.2608,0.2625,0.2539,0.2581,28725490.3
1777492800000,0.2581,0.2636,0.258,0.2634,15250822.9
1777507200000,0.2634,0.268,0.2611,0.2624,17168519.9
1777521600000,0.2623,0.2638,0.2584,0.2638,9152305.3
1777536000000,0.2639,0.2658,0.2618,0.2634,12280804.5
1777550400000,0.2634,0.2648,0.2613,0.264,11021510.5
1777564800000,0.2639,0.2641,0.262,0.2627,6918881.1
1777579200000,0.2626,0.2637,0.2611,0.2624,5508124.0
1777593600000,0.2625,0.2688,0.2619,0.267,15913728.1
1777608000000,0.267,0.2684,0.2641,0.266,11764517.7
1777622400000,0.2661,0.2679,0.2645,0.2654,10275569.6
1777636800000,0.2654,0.2725,0.265,0.2713,26736035.8
1777651200000,0.2712,0.2736,0.2691,0.2713,20507498.7
1777665600000,0.2713,0.2715,0.2668,0.2677,8296170.0
1777680000000,0.2677,0.2703,0.267,0.2694,8771892.5
1777694400000,0.2693,0.2721,0.2675,0.2698,13873583.3
1777708800000,0.2698,0.2781,0.2692,0.2748,21358839.8
1777723200000,0.2749,0.2902,0.2741,0.2892,42164335.9
1777737600000,0.2893,0.2898,0.2814,0.2865,31395011.5
1777752000000,0.2865,0.2877,0.2815,0.2834,15722921.2
1777766400000,0.2835,0.2842,0.2767,0.2782,18317384.1
1777780800000,0.2782,0.2797,0.2761,0.2789,12497876.0
1777795200000,0.2789,0.281,0.2749,0.2769,19772524.5
1777809600000,0.2768,0.2792,0.2768,0.2773,19190934.3
1777824000000,0.2773,0.2955,0.2768,0.2923,44774422.0
1777838400000,0.2923,0.294,0.2856,0.2872,43289469.0
1777852800000,0.2872,0.3025,0.2842,0.2995,38698225.7
1777867200000,0.2995,0.3188,0.2974,0.3065,90791798.2
1777881600000,0.3065,0.318,0.3006,0.3032,102741431.0
1777896000000,0.3031,0.3195,0.3002,0.3103,100171484.2
1777910400000,0.3103,0.3259,0.3063,0.3238,97258661.4
1777924800000,0.3238,0.3247,0.3138,0.3138,55137934.7
1777939200000,0.3138,0.3223,0.3056,0.3221,56022762.2
1777953600000,0.322,0.327,0.3152,0.3186,54673375.7
1777968000000,0.3185,0.3275,0.3161,0.3216,57794825.6
1777982400000,0.3216,0.3239,0.3132,0.3161,47849743.4
1777996800000,0.3161,0.3207,0.3127,0.3137,26442046.9
1778011200000,0.3137,0.3291,0.3131,0.3209,68824362.0
1778025600000,0.3209,0.3254,0.3151,0.3202,47047802.1
1778040000000,0.3203,0.3229,0.3146,0.321,41091968.8
1778054400000,0.3209,0.3254,0.319,0.3202,43350002.7
1778068800000,0.3203,0.3387,0.3082,0.3284,151765607.8
1778083200000,0.3283,0.3329,0.3224,0.3256,43800271.0
1778097600000,0.3257,0.3297,0.3208,0.3233,20182762.7
1778112000000,0.3233,0.3237,0.3164,0.323,29960767.5
1778126400000,0.323,0.3478,0.3219,0.3461,68960749.5
1778140800000,0.3462,0.3568,0.3375,0.349,97924230.6
1778155200000,0.3489,0.3782,0.3479,0.3563,228838656.9
1778169600000,0.3563,0.361,0.3452,0.3508,77424196.3
1778184000000,0.3509,0.3539,0.346,0.3524,26103595.3
1778198400000,0.3524,0.3607,0.3434,0.3584,51592948.3
1778212800000,0.3584,0.3697,0.3557,0.3656,61351449.7
1778227200000,0.3656,0.4089,0.3647,0.3966,153321436.0
1778241600000,0.3967,0.4263,0.3879,0.4245,200856337.7
1778256000000,0.4247,0.4653,0.4148,0.4332,309304672.0
1778270400000,0.4332,0.4559,0.4296,0.4513,137433958.6
1778284800000,0.4514,0.4882,0.4433,0.45,346120588.9
1778299200000,0.4499,0.4548,0.4329,0.4347,121986331.0
1778313600000,0.4348,0.4368,0.4126,0.4256,152311100.4
1778328000000,0.4256,0.4286,0.4191,0.4215,71919682.4
1778342400000,0.4215,0.4333,0.4191,0.4248,51464478.8
1778356800000,0.4248,0.4256,0.417,0.4181,27322435.2
1778371200000,0.4181,0.4242,0.4083,0.4102,81493215.9
1778385600000,0.4101,0.4146,0.4015,0.4056,60108922.8
1778400000000,0.4056,0.4217,0.4041,0.4144,76748600.6
1778414400000,0.4143,0.4178,0.4087,0.4167,53580419.0
1778428800000,0.4166,0.4234,0.4118,0.4177,67860964.2
1778443200000,0.4178,0.4298,0.4027,0.4234,76424176.5
1778457600000,0.4235,0.4464,0.4195,0.4367,147768020.0
1778472000000,0.4366,0.4613,0.4265,0.4288,141675857.0
1778486400000,0.4289,0.4308,0.4183,0.421,58526508.6
1778500800000,0.421,0.4411,0.4143,0.4332,100228728.9
1778515200000,0.4332,0.4349,0.4217,0.4321,44756420.9
1778529600000,0.4321,0.4385,0.4261,0.4283,36437366.6
1778544000000,0.4284,0.4477,0.4253,0.4274,101799789.0
1778558400000,0.4274,0.4367,0.4196,0.42,56116641.1
1778572800000,0.4201,0.4225,0.4053,0.4091,82234467.8
1778587200000,0.4091,0.4135,0.3884,0.3892,116473757.7
1778601600000,0.3893,0.3986,0.3872,0.395,56461963.4
1778616000000,0.3951,0.3951,0.388,0.3883,23886263.1
1778630400000,0.3883,0.409,0.3876,0.4077,73898477.5
1778644800000,0.4076,0.4095,0.3958,0.3983,55190017.9
1778659200000,0.3983,0.409,0.3926,0.3939,53032312.7
1778673600000,0.3938,0.394,0.3784,0.3794,89738170.1
1778688000000,0.3794,0.3876,0.3794,0.3811,38338790.4
1778702400000,0.3811,0.3858,0.38,0.3853,19369282.1
1778716800000,0.3852,0.3861,0.3734,0.3744,38714867.0
1778731200000,0.3743,0.3896,0.3732,0.3849,45630120.2
1778745600000,0.3848,0.3864,0.3792,0.3802,35524416.6
1778760000000,0.3801,0.4152,0.3798,0.4028,95341114.5
1778774400000,0.4028,0.4049,0.3913,0.3937,63983783.6
1778788800000,0.3937,0.3951,0.3863,0.3881,27692502.9
1778803200000,0.388,0.3948,0.3868,0.3887,33966218.4
1778817600000,0.3886,0.3898,0.376,0.3808,42522323.8
1778832000000,0.3808,0.3828,0.3758,0.3809,28588553.0
1778846400000,0.3808,0.3822,0.3595,0.3614,89860804.6
1778860800000,0.3614,0.3715,0.359,0.3674,26735009.6
1778875200000,0.3674,0.3675,0.3613,0.363,16085105.6
1778889600000,0.363,0.3645,0.3584,0.3598,17835148.0
1778904000000,0.3597,0.3599,0.3458,0.3464,41957414.3
1778918400000,0.3465,0.3491,0.3401,0.3448,43837206.6
1778932800000,0.3447,0.3481,0.3426,0.3466,19665404.0
1778947200000,0.3467,0.3495,0.3453,0.347,19262028.6
1778961600000,0.347,0.3476,0.3431,0.344,9279616.0
1778976000000,0.3439,0.3457,0.3392,0.3426,20316585.1
1778990400000,0.3427,0.3606,0.3424,0.3576,48148991.3
1779004800000,0.3576,0.3633,0.354,0.3559,32284860.3
1779019200000,0.3559,0.3583,0.3492,0.3517,27428322.6
1779033600000,0.3517,0.356,0.3466,0.355,23729743.5
1779048000000,0.355,0.3562,0.333,0.3456,46766834.9
1779062400000,0.3456,0.3457,0.3389,0.34,36575390.3
1779076800000,0.3399,0.3437,0.3363,0.3391,30612905.1
1779091200000,0.3391,0.3419,0.3327,0.3407,30436438.7
1779105600000,0.3406,0.3496,0.3376,0.3413,78302120.4
1779120000000,0.3413,0.3493,0.3376,0.3477,49019260.8
1779134400000,0.3477,0.3874,0.3477,0.3857,168664700.0
1779148800000,0.3857,0.3975,0.3775,0.3952,159827165.8
1779163200000,0.3953,0.3994,0.3801,0.3871,149316828.2
1779177600000,0.3872,0.3873,0.3662,0.3671,124560800.8
1779192000000,0.367,0.3719,0.3585,0.365,139948425.2
1779206400000,0.365,0.379,0.3631,0.3641,69765352.9
1779220800000,0.3641,0.3702,0.3615,0.3686,32904635.9
1779235200000,0.3686,0.3785,0.3628,0.3712,77452706.9
1779249600000,0.3713,0.3877,0.371,0.3762,71872254.8
1779264000000,0.3763,0.3867,0.3723,0.3864,75075207.7
1779278400000,0.3864,0.4066,0.3782,0.4031,148333040.4
1779292800000,0.4031,0.4086,0.3933,0.3989,83245074.5
1779307200000,0.3989,0.4064,0.3933,0.4016,47091995.2
1779321600000,0.4016,0.4138,0.396,0.4075,83787415.5
1779336000000,0.4076,0.4106,0.3977,0.4057,67190108.1
1779350400000,0.4057,0.418,0.3956,0.4063,94665437.1
1779364800000,0.4062,0.4172,0.396,0.4089,84130289.6
1779379200000,0.4089,0.4279,0.4061,0.4173,83956726.5
1779393600000,0.4175,0.4271,0.4126,0.4141,50993167.0
1779408000000,0.4142,0.4209,0.4085,0.4115,48001366.5
1779422400000,0.4114,0.4152,0.4043,0.4092,40388486.4
1779436800000,0.4092,0.44,0.408,0.4275,184034448.9
1779451200000,0.4275,0.4756,0.4265,0.4436,303883584.2
1779465600000,0.4436,0.4486,0.39,0.3914,254949108.5
1779480000000,0.3914,0.397,0.3784,0.3837,103112027.4
1779494400000,0.3836,0.3864,0.3761,0.3823,72483054.8
1779508800000,0.3823,0.3866,0.373,0.3793,79359421.7
1779523200000,0.3793,0.403,0.3771,0.3926,121293705.5
1779537600000,0.3926,0.4219,0.3901,0.4165,132406661.8
1779552000000,0.4164,0.427,0.4091,0.4259,78976113.1
1779566400000,0.4259,0.4275,0.4144,0.4261,71472272.1
1779580800000,0.4261,0.4369,0.4179,0.4221,68109713.5
1779595200000,0.4222,0.4426,0.4191,0.432,79268196.5
1779609600000,0.4319,0.445,0.4317,0.4422,73614036.6
1779624000000,0.4423,0.4511,0.4281,0.4429,151463480.1
1779638400000,0.4429,0.4525,0.4362,0.4376,87464459.2
1779652800000,0.4376,0.4422,0.422,0.4396,65628541.7
1779667200000,0.4397,0.4489,0.4356,0.4382,66225636.3
1779681600000,0.4382,0.4458,0.4341,0.4433,54435390.8
1779696000000,0.4433,0.4442,0.4271,0.4309,63048303.5
1779710400000,0.4309,0.4439,0.4281,0.4358,65538628.2
1779724800000,0.4359,0.4422,0.4309,0.4354,45503203.0
1779739200000,0.4353,0.4434,0.4233,0.4273,82536679.2
1779753600000,0.4273,0.4296,0.4083,0.4134,120677328.8
1779768000000,0.4135,0.4253,0.4133,0.4204,55162296.3
1779782400000,0.4205,0.4324,0.4164,0.4205,73142612.1
1779796800000,0.4204,0.423,0.4101,0.4175,101471879.6
1779811200000,0.4176,0.4295,0.404,0.4075,91674777.7
1779825600000,0.4076,0.4129,0.4043,0.4053,30258041.5
1779840000000,0.4054,0.4131,0.402,0.4072,50050533.7
1779854400000,0.4072,0.4145,0.403,0.4065,39048684.1
1779868800000,0.4066,0.4087,0.3947,0.3965,54742165.4
1779883200000,0.3964,0.4077,0.3914,0.4021,79915251.1
1779897600000,0.4021,0.4037,0.3911,0.3966,38240367.7
1779912000000,0.3965,0.4007,0.3828,0.3831,54663598.8
1779926400000,0.383,0.3858,0.3601,0.3603,91409175.6
1779940800000,0.3604,0.3647,0.3511,0.362,118782789.1
1779955200000,0.3621,0.3653,0.3548,0.3589,60122331.8
1779969600000,0.3589,0.365,0.3541,0.3611,62173030.3
1779984000000,0.3612,0.3755,0.3594,0.3691,56230984.9
1779998400000,0.3692,0.3749,0.3658,0.3687,29508700.8
1780012800000,0.3687,0.3731,0.3638,0.3644,37632090.3
1780027200000,0.3644,0.3738,0.3614,0.3684,36843224.4
1780041600000,0.3683,0.3745,0.3623,0.3653,43210437.9
1780056000000,0.3653,0.3727,0.3552,0.3691,80845939.1
1780070400000,0.3692,0.3708,0.3595,0.362,46507806.6
1780084800000,0.362,0.3643,0.3528,0.3544,32322186.1
1780099200000,0.3545,0.3556,0.3446,0.349,66677944.7
1780113600000,0.349,0.3536,0.3444,0.3459,33525724.7
1780128000000,0.3459,0.3483,0.3434,0.3479,32395054.3
1780142400000,0.3479,0.3482,0.3411,0.3426,45938082.7
1780156800000,0.3426,0.3574,0.3417,0.3552,53777825.8
1780171200000,0.3552,0.3788,0.3533,0.3757,105601252.1
1780185600000,0.3757,0.3886,0.3624,0.3761,130019428.8
1780200000000,0.3761,0.3773,0.36,0.3612,84819495.0
1780214400000,0.3613,0.3673,0.3563,0.3586,78581116.7
1780228800000,0.3586,0.3625,0.353,0.3595,60116331.3
1780243200000,0.3596,0.3609,0.3536,0.3578,36855330.5
1780257600000,0.3578,0.3667,0.3578,0.3638,35084152.6
1780272000000,0.3638,0.3731,0.3594,0.3697,53350994.3
1780286400000,0.3698,0.3718,0.3512,0.3529,63000711.0
1780300800000,0.353,0.3736,0.3467,0.3518,150755925.3
1780315200000,0.3518,0.3575,0.3436,0.3465,80728629.0
1780329600000,0.3465,0.3598,0.3431,0.3577,49679064.5
1780344000000,0.3577,0.3586,0.3485,0.3563,26743153.5
1780358400000,0.3563,0.3677,0.3448,0.3641,56144794.7
1780372800000,0.3641,0.3675,0.3481,0.3538,77237429.3
1780387200000,0.3539,0.3621,0.3502,0.3591,46694022.3
1780401600000,0.3591,0.3779,0.352,0.3637,155578745.5
1780416000000,0.3636,0.3967,0.3607,0.3853,195879286.4
1780430400000,0.3853,0.403,0.3783,0.3886,143896665.7
1780444800000,0.3886,0.3955,0.3766,0.3787,71085629.0
1780459200000,0.3787,0.4205,0.3786,0.4108,129083617.8
1780473600000,0.4108,0.4298,0.4087,0.4141,82080250.7
1780488000000,0.4142,0.4334,0.4116,0.4227,104405099.9
1780502400000,0.4228,0.4288,0.4142,0.4226,64164835.4
1780516800000,0.4226,0.4291,0.4124,0.4135,66660457.9
1780531200000,0.4136,0.4248,0.374,0.4099,171702323.2
1780545600000,0.4099,0.4117,0.3786,0.379,170950196.3
1780560000000,0.379,0.3823,0.3495,0.3623,150163473.7
1780574400000,0.3623,0.3912,0.3612,0.3821,100439703.6
1780588800000,0.3821,0.3946,0.3753,0.3817,69339879.0
1780603200000,0.3816,0.3821,0.3629,0.37,43265360.9
1780617600000,0.3699,0.3752,0.356,0.3575,59511560.0
1780632000000,0.3576,0.3703,0.342,0.3643,103648057.1
1780646400000,0.3643,0.3644,0.3481,0.3501,52878264.8
1780660800000,0.35,0.3628,0.3255,0.3301,127022834.5
1780675200000,0.33,0.3455,0.3208,0.3324,100638107.7
1780689600000,0.3323,0.3519,0.3272,0.344,56049129.7
1780704000000,0.3439,0.3486,0.3257,0.3294,39923614.3
1780718400000,0.3294,0.3358,0.3126,0.3304,73603475.7
1780732800000,0.3304,0.3386,0.3193,0.3235,52564327.3
1780747200000,0.3235,0.3319,0.3209,0.3251,40047303.6
1780761600000,0.3251,0.3304,0.3183,0.3191,30747265.4
1780776000000,0.3191,0.3261,0.3179,0.3242,18306322.0
1780790400000,0.3242,0.3389,0.3217,0.3332,34812620.5
1780804800000,0.3331,0.3543,0.3302,0.3493,58630299.2
1780819200000,0.3493,0.3574,0.3394,0.3434,59207882.9
1780833600000,0.3434,0.3526,0.3325,0.3484,57020149.4
1780848000000,0.3483,0.3515,0.33,0.3325,43579667.4
1780862400000,0.3325,0.3538,0.331,0.3491,47307254.9
1780876800000,0.3491,0.3542,0.3428,0.3495,35840344.6
1780891200000,0.3495,0.3656,0.3413,0.3622,54674653.2
1780905600000,0.3621,0.3705,0.3548,0.3636,58318130.3
1780920000000,0.3637,0.3708,0.3581,0.3697,64598962.0
1780934400000,0.3698,0.3795,0.3662,0.3746,52465700.2
1780948800000,0.3747,0.3781,0.3629,0.3645,42809521.1
1780963200000,0.3645,0.3649,0.3521,0.3555,42883939.4
1780977600000,0.3556,0.3736,0.3545,0.3722,44300973.1
1780992000000,0.3722,0.3748,0.3593,0.3605,50371093.0
1781006400000,0.3605,0.3682,0.3553,0.3565,70079374.2
1781020800000,0.3565,0.3645,0.3467,0.3608,58437417.2
1781035200000,0.3607,0.3682,0.355,0.3573,23293639.5
1781049600000,0.3574,0.3646,0.3502,0.3514,33240169.3
1781064000000,0.3515,0.3521,0.3435,0.3486,34613093.0
1781078400000,0.3485,0.3487,0.3389,0.3408,38342217.1
1781092800000,0.3407,0.3599,0.3391,0.3531,65131538.0
1781107200000,0.3532,0.3543,0.3335,0.3345,46235462.3
1781121600000,0.3344,0.3359,0.3266,0.3329,34280223.8
1781136000000,0.3329,0.3482,0.3321,0.3456,35709759.7
1781150400000,0.3455,0.3486,0.3424,0.3463,23014145.5
1781164800000,0.3464,0.3524,0.3437,0.3488,27992042.7
1781179200000,0.3488,0.3566,0.342,0.35,43345776.0
1781193600000,0.35,0.3634,0.3439,0.3626,41793702.8
1781208000000,0.3626,0.3694,0.3564,0.3655,25986507.6
1781222400000,0.3655,0.3691,0.3611,0.3638,21057728.1
1781236800000,0.3639,0.3668,0.3534,0.3573,25731051.7
1781251200000,0.3572,0.3685,0.3569,0.366,27509190.4
1781265600000,0.366,0.3704,0.356,0.3591,45259812.5
1781280000000,0.3591,0.3691,0.3574,0.3583,34004409.0
1781294400000,0.3583,0.3588,0.3516,0.3536,42304635.7
1781308800000,0.3536,0.3599,0.3523,0.3551,17764795.3
1781323200000,0.3552,0.3655,0.3526,0.365,22156121.4
1781337600000,0.365,0.3682,0.3608,0.3667,20349314.9
1781352000000,0.3667,0.3763,0.3655,0.3716,36545795.3
1781366400000,0.3716,0.3719,0.3645,0.3654,25230956.5
1781380800000,0.3654,0.3703,0.3618,0.3647,18052345.0
1781395200000,0.3646,0.366,0.3594,0.3618,21723597.9
1781409600000,0.3618,0.3631,0.3566,0.3587,19515195.1
1781424000000,0.3588,0.3622,0.3556,0.3562,24497786.4
1781438400000,0.3562,0.3565,0.3435,0.3482,48501621.3
1781452800000,0.3482,0.3505,0.3442,0.3455,26510822.5
1781467200000,0.3455,0.3704,0.3447,0.3676,54072337.2
1781481600000,0.3675,0.3826,0.3623,0.3782,40191108.9
1781496000000,0.3782,0.3855,0.3763,0.3774,47177805.6
1781510400000,0.3774,0.386,0.3766,0.3829,35238811.0
1781524800000,0.3829,0.392,0.379,0.3892,60369708.0
1781539200000,0.3892,0.3893,0.3733,0.3751,38510087.0
1781553600000,0.375,0.3774,0.3652,0.3698,35329374.4
1781568000000,0.3699,0.3752,0.3627,0.3746,34112771.8
1781582400000,0.3746,0.3787,0.3669,0.3779,38151908.8
1781596800000,0.378,0.3908,0.3765,0.3845,52663135.7
1781611200000,0.3845,0.3871,0.3654,0.37,73713027.7
1781625600000,0.37,0.3727,0.3634,0.3668,38209825.5
1781640000000,0.3668,0.3794,0.3653,0.3695,27373367.0
1781654400000,0.3695,0.3834,0.3695,0.3782,38842217.5
1781668800000,0.3783,0.3827,0.369,0.3714,43211534.4
1781683200000,0.3714,0.373,0.3652,0.3711,36848038.4
1781697600000,0.3711,0.3828,0.3636,0.3827,53751629.9
1781712000000,0.3826,0.3843,0.3646,0.3665,81662622.9
1781726400000,0.3665,0.371,0.3572,0.3646,36711379.9
1781740800000,0.3647,0.3724,0.3623,0.3642,32856656.4
1781755200000,0.3643,0.3656,0.353,0.364,39513581.8
1781769600000,0.3641,0.3717,0.3594,0.3619,39255455.0
1781784000000,0.362,0.3785,0.3553,0.3561,112963987.8
1781798400000,0.356,0.3618,0.3498,0.3567,61674215.6
1781812800000,0.3568,0.3665,0.3568,0.3661,28428232.6
1781827200000,0.3662,0.3666,0.3535,0.3576,28015576.1
1781841600000,0.3575,0.3606,0.3468,0.3486,31394521.7
1781856000000,0.3486,0.353,0.3448,0.3481,27237579.1
1781870400000,0.3482,0.3599,0.3449,0.3546,36144728.0
1781884800000,0.3547,0.3573,0.3479,0.3492,23972833.4
1781899200000,0.3493,0.3567,0.3475,0.3554,16055914.3
1781913600000,0.3554,0.3566,0.3482,0.3498,15162026.2
1781928000000,0.3498,0.3546,0.3488,0.3501,17908288.1
1781942400000,0.3501,0.3526,0.3465,0.3475,17536538.6
1781956800000,0.3474,0.3495,0.3367,0.3442,50476792.8
1781971200000,0.3443,0.3443,0.3356,0.3385,20625547.9
1781985600000,0.3385,0.3455,0.3372,0.3432,17643791.0
1782000000000,0.3432,0.3435,0.3372,0.3398,16491085.0
1782014400000,0.3398,0.3412,0.3358,0.3384,15114728.8
1782028800000,0.3384,0.3429,0.3338,0.3366,28649581.9
1782043200000,0.3366,0.3426,0.3354,0.3415,19324110.4
1782057600000,0.3414,0.3417,0.3357,0.3402,13135251.2
1782072000000,0.3402,0.3405,0.3291,0.3295,27993592.6
1782086400000,0.3295,0.3418,0.3294,0.3332,27955047.2
1782100800000,0.3333,0.3394,0.3324,0.3373,18902185.9
1782115200000,0.3373,0.3399,0.3334,0.3393,20116821.3
1782129600000,0.3393,0.344,0.3318,0.3326,49477111.7
1782144000000,0.3327,0.3337,0.3285,0.3306,27479574.9
1782158400000,0.3306,0.3331,0.3255,0.3288,18875745.7
1782172800000,0.3287,0.3293,0.3217,0.3247,26380697.3
1782187200000,0.3247,0.3251,0.3101,0.3142,48134429.1
1782201600000,0.3143,0.3167,0.3086,0.3134,35533509.2
1782216000000,0.3134,0.3158,0.3078,0.3106,35576085.6
1782230400000,0.3107,0.313,0.3081,0.3115,24056914.5
1782244800000,0.3115,0.3163,0.3114,0.3146,30373528.5
1782259200000,0.3146,0.3157,0.3073,0.3088,19663480.8
1782273600000,0.3088,0.3119,0.3052,0.307,19673998.3
1782288000000,0.3071,0.3091,0.3013,0.3067,26110086.4
1782302400000,0.3067,0.3083,0.2964,0.2981,58438077.2
1782316800000,0.2981,0.3042,0.2932,0.3017,63560723.1
1782331200000,0.3017,0.3144,0.301,0.3143,37645048.6
1782345600000,0.3143,0.3194,0.3124,0.3147,32699872.5
1782360000000,0.3147,0.3238,0.3121,0.32,34997351.3
1782374400000,0.32,0.3202,0.3111,0.3126,25669205.4
1782388800000,0.3126,0.3209,0.2952,0.3086,102219758.4
1782403200000,0.3087,0.3132,0.3028,0.3065,48245400.0
1782417600000,0.3065,0.3153,0.3065,0.3138,26197669.7
1782432000000,0.3139,0.3156,0.3014,0.309,37644024.8
1782446400000,0.3089,0.3185,0.306,0.317,30611891.3
1782460800000,0.317,0.3176,0.3052,0.3064,25094046.1
1782475200000,0.3065,0.3169,0.3029,0.3151,40586533.3
1782489600000,0.3151,0.3206,0.3125,0.3171,28567369.9
1782504000000,0.3172,0.3211,0.3139,0.317,17243244.6
1782518400000,0.317,0.3224,0.3139,0.3209,14825500.2
1782532800000,0.321,0.3232,0.3173,0.3191,16005647.4
1782547200000,0.3192,0.3192,0.3148,0.3179,13962372.9
1782561600000,0.3179,0.3214,0.3161,0.3188,16125165.0
1782576000000,0.3189,0.3192,0.3091,0.3117,22884262.8
1782590400000,0.3117,0.3146,0.3092,0.3109,11443477.8
1782604800000,0.3109,0.3133,0.3078,0.31,11571453.2
1782619200000,0.31,0.3111,0.3063,0.3105,12052216.9
1782633600000,0.3104,0.3131,0.3073,0.3098,12912031.2
1782648000000,0.3099,0.3125,0.3074,0.3083,14061368.9
1782662400000,0.3084,0.3096,0.3047,0.3072,17816197.7
1782676800000,0.3071,0.3109,0.3038,0.3097,15894059.6
1782691200000,0.3097,0.3135,0.3052,0.312,21735188.3
1782705600000,0.3121,0.3132,0.3083,0.3114,14204239.7
1782720000000,0.3114,0.3148,0.3092,0.311,24020131.5
1782734400000,0.311,0.3165,0.3078,0.312,41814565.8
1782748800000,0.312,0.3225,0.3107,0.3194,27232192.1
1782763200000,0.3194,0.3201,0.3156,0.3171,12042834.7
1782777600000,0.3171,0.3175,0.3106,0.3117,18006750.2
1782792000000,0.3117,0.3174,0.3105,0.3141,16936030.1
1782806400000,0.3141,0.3142,0.3081,0.3088,17512914.4
1782820800000,0.3088,0.3119,0.3043,0.3087,41621390.5
1782835200000,0.3087,0.3126,0.3065,0.3117,17899754.1
1782849600000,0.3116,0.3135,0.3077,0.3083,11841717.8
1782864000000,0.3083,0.3151,0.3026,0.3146,30611589.9
1782878400000,0.3146,0.3163,0.3081,0.3114,21949572.1
1782892800000,0.3113,0.3129,0.308,0.3107,17642718.4
1782907200000,0.3107,0.3214,0.3073,0.3205,47692126.1
1782921600000,0.3205,0.3221,0.3164,0.3181,24793813.6
1782936000000,0.3181,0.3308,0.3167,0.3245,29806548.4
1782950400000,0.3246,0.3368,0.3221,0.3334,37476009.3
1782964800000,0.3333,0.3337,0.3278,0.3306,21840689.2
1782979200000,0.3306,0.3355,0.3298,0.3337,24983227.4
1782993600000,0.3337,0.3397,0.3303,0.3329,61843729.2
1783008000000,0.333,0.3348,0.3298,0.331,21258287.9
1783022400000,0.331,0.3318,0.3261,0.3283,15404021.8
1783036800000,0.3282,0.335,0.3274,0.3316,22158107.6
1783051200000,0.3316,0.332,0.3288,0.3303,13090533.0
1783065600000,0.3304,0.3337,0.3285,0.3335,19063678.3
1783080000000,0.3336,0.3383,0.3312,0.3319,41421320.6
1783094400000,0.3319,0.3375,0.3299,0.335,19828806.6
1783108800000,0.3349,0.3392,0.3333,0.3338,31318160.9
1783123200000,0.3338,0.3381,0.3311,0.3359,18919007.8
1783137600000,0.3358,0.3396,0.3313,0.3324,16980948.4
1783152000000,0.3325,0.3344,0.3293,0.3312,14355931.9
1783166400000,0.3312,0.3371,0.3307,0.3361,20492687.1
1783180800000,0.3361,0.3479,0.3348,0.3398,42282081.0
1783195200000,0.3397,0.3411,0.3337,0.3356,22981234.5
1783209600000,0.3356,0.3357,0.3255,0.3269,27998361.6
1783224000000,0.3268,0.3297,0.3262,0.3296,14332148.9
1783238400000,0.3295,0.3302,0.3226,0.3246,22334973.9
1783252800000,0.3246,0.3315,0.3238,0.33,22610139.8
1783267200000,0.3301,0.3308,0.3263,0.3297,12784175.0
1783281600000,0.3296,0.3365,0.3284,0.333,25911460.8
1783296000000,0.333,0.3352,0.327,0.3282,21312071.2
1783310400000,0.3282,0.3284,0.3237,0.3264,12155599.0
1783324800000,0.3264,0.3345,0.3238,0.3288,30099995.6
1783339200000,0.3288,0.3365,0.3229,0.3359,43729683.1
1783353600000,0.3359,0.3396,0.3337,0.3378,28229037.8
1783368000000,0.3378,0.3417,0.3327,0.333,13409589.4
1783382400000,0.333,0.3369,0.3275,0.3284,23057856.8
1783396800000,0.3284,0.3325,0.3263,0.3306,13592810.5
1783411200000,0.3307,0.333,0.3284,0.332,12233788.2
1783425600000,0.332,0.3368,0.3277,0.3368,27574553.1
1783440000000,0.3367,0.3378,0.3271,0.3313,18032214.0
1783454400000,0.3313,0.3321,0.3251,0.3276,13794249.0
1783468800000,0.3276,0.3324,0.3227,0.3274,25352975.3
1783483200000,0.3273,0.3275,0.3174,0.3205,24252576.0
1783497600000,0.3205,0.3229,0.3142,0.3192,25726718.9
1783512000000,0.3192,0.3201,0.3088,0.3112,37453425.8
1783526400000,0.3111,0.3183,0.3111,0.3147,14493778.7
1783540800000,0.3148,0.3168,0.3122,0.3156,11158695.6
1783555200000,0.3156,0.3165,0.3092,0.3132,16636214.4
1783569600000,0.3132,0.3218,0.3128,0.3189,21206031.2
1783584000000,0.3189,0.3199,0.316,0.3178,9860579.2
1783598400000,0.3178,0.3203,0.3142,0.3168,19774354.2
1783612800000,0.3168,0.3203,0.3133,0.3181,15588758.5
1783627200000,0.3181,0.3187,0.3156,0.3165,6397099.5
1783641600000,0.3165,0.323,0.3144,0.3204,15331180.7
1783656000000,0.3205,0.3249,0.32,0.3208,19513099.1
1783670400000,0.3207,0.3282,0.3203,0.327,22034999.6
1783684800000,0.3269,0.3305,0.322,0.3262,30695308.3
1783699200000,0.3262,0.3292,0.324,0.3263,12875010.8
1783713600000,0.3263,0.3304,0.3243,0.3281,9528459.1
1783728000000,0.328,0.3324,0.3267,0.3291,13591533.2
1783742400000,0.3291,0.3297,0.3259,0.327,10330219.2
1783756800000,0.327,0.3343,0.3263,0.3335,21250916.2
1783771200000,0.3335,0.3375,0.3315,0.3343,19565256.8
1783785600000,0.3343,0.3361,0.3321,0.3345,11703709.1
1783800000000,0.3345,0.3352,0.3239,0.324,17467734.9
1783814400000,0.3239,0.3263,0.3221,0.326,15790296.8
1783828800000,0.326,0.3272,0.3227,0.3255,9949712.3
1783843200000,0.3254,0.3307,0.3251,0.3286,11615975.4
1783857600000,0.3286,0.3308,0.3254,0.3271,13063500.0
1783872000000,0.3272,0.3286,0.3239,0.327,12053392.0
1783886400000,0.3269,0.327,0.3208,0.3226,13106553.2
1783900800000,0.3227,0.3278,0.3144,0.3162,30434429.6
1783915200000,0.3162,0.32,0.3154,0.3188,13213228.5
1783929600000,0.3188,0.3208,0.3181,0.3182,8130745.4
1783944000000,0.3182,0.3187,0.3131,0.3158,22595960.6
1783958400000,0.3158,0.3167,0.31,0.313,18644404.5
1783972800000,0.313,0.3132,0.3075,0.3108,16842561.9
1783987200000,0.3108,0.3122,0.3047,0.3056,18738751.7
1784001600000,0.3057,0.3102,0.3057,0.3075,14861132.9
1784016000000,0.3075,0.3094,0.3069,0.3076,12329374.9
1784030400000,0.3077,0.3187,0.3065,0.3151,46685064.2
1784044800000,0.3152,0.3165,0.3131,0.315,18905995.0
1784059200000,0.315,0.316,0.313,0.3147,13779989.3
1784073600000,0.3148,0.3233,0.3146,0.3219,30099426.9
1784088000000,0.322,0.3239,0.317,0.3179,23407465.5
1784102400000,0.3179,0.3238,0.3167,0.3227,20084666.5
1784116800000,0.3228,0.3397,0.3221,0.3331,76029761.3
1784131200000,0.3331,0.3368,0.3273,0.3337,26438058.5
1784145600000,0.3337,0.3705,0.3335,0.3649,174916462.3
1784160000000,0.3649,0.373,0.3575,0.368,91897755.1
1784174400000,0.3679,0.3773,0.3603,0.3703,98424531.8
1784188800000,0.3704,0.3767,0.3656,0.3741,102330135.5
1784203200000,0.3742,0.3947,0.3715,0.384,188277195.0
1784217600000,0.384,0.3895,0.372,0.3757,91572592.8
1784232000000,0.3756,0.3776,0.3604,0.3635,74952325.4
1784246400000,0.3634,0.372,0.3585,0.3675,71882701.9
1784260800000,0.3676,0.3736,0.3592,0.3637,75600085.4
1784275200000,0.3637,0.3847,0.3617,0.3802,70426926.7
1784289600000,0.3801,0.3839,0.3658,0.3778,85028173.9
1784304000000,0.3778,0.3812,0.3741,0.375,31075407.6
1784318400000,0.3751,0.3751,0.3677,0.3729,23935244.8
1784332800000,0.3728,0.388,0.3696,0.3777,40608065.9
1784347200000,0.3778,0.3781,0.3661,0.3664,30963759.9
1784361600000,0.3665,0.3709,0.3397,0.3437,180874135.5
1784376000000,0.3437,0.3456,0.3372,0.3396,52119276.3
1784390400000,0.3396,0.3494,0.3377,0.3482,40642108.4
1784404800000,0.3481,0.3525,0.3453,0.3466,26936351.1
1784419200000,0.3466,0.3469,0.34,0.3425,29826120.3
1784433600000,0.3425,0.3515,0.3415,0.3508,28210565.7
1784448000000,0.3508,0.357,0.3494,0.3528,41877054.2
1784462400000,0.3527,0.3529,0.3465,0.3477,26922917.1
1784476800000,0.3478,0.3482,0.3424,0.3472,22572784.6
1784491200000,0.3471,0.3518,0.3438,0.3452,22663378.0
1784505600000,0.3453,0.3501,0.3434,0.3459,22013042.9
1784520000000,0.3458,0.3476,0.3386,0.3426,32927336.2
1784534400000,0.3425,0.3557,0.3397,0.3534,37533632.8
1784548800000,0.3534,0.3561,0.3436,0.3529,49775718.6
1784563200000,0.3529,0.3622,0.351,0.356,50305383.6
1784577600000,0.356,0.3597,0.3525,0.3579,22901718.7
1784592000000,0.3578,0.3645,0.357,0.3632,25211263.6
1784606400000,0.3632,0.3946,0.3609,0.3902,92668806.9
1784620800000,0.3902,0.4086,0.3848,0.4008,142522086.8
1784635200000,0.4009,0.4116,0.3985,0.4075,89340562.7
1784649600000,0.4076,0.4079,0.3949,0.4011,58284178.4
1784664000000,0.4011,0.4029,0.3906,0.4016,37052641.8
1784678400000,0.4015,0.4068,0.3957,0.3965,36213963.8
1784692800000,0.3964,0.4039,0.3946,0.3999,46367693.9
1784707200000,0.3999,0.4185,0.3989,0.4101,79296245.1
1784721600000,0.41,0.4228,0.4042,0.4135,70668402.0
1784736000000,0.4134,0.4189,0.4069,0.4105,41638032.9
1784750400000,0.4104,0.4186,0.4099,0.4127,28460163.0
1784764800000,0.4127,0.4161,0.3982,0.4097,52228215.4
1784779200000,0.4098,0.4139,0.4018,0.4047,29962922.5
1784793600000,0.4048,0.4073,0.4023,0.4036,24114332.8
1784808000000,0.4036,0.4092,0.3986,0.4006,48948355.7
1784822400000,0.4006,0.406,0.3949,0.4007,28365629.9
1784836800000,0.4006,0.4052,0.3998,0.4011,18528130.8
1784851200000,0.4011,0.405,0.3931,0.4044,30497407.3
1784865600000,0.4044,0.407,0.3996,0.4006,26305502.0
1784880000000,0.4006,0.4006,0.3905,0.3933,29344003.5
1784894400000,0.3932,0.3957,0.38,0.3934,71708048.0
1784908800000,0.3934,0.3951,0.3875,0.3893,18814790.2
1784923200000,0.3892,0.3906,0.3781,0.3833,26699153.7
1784937600000,0.3833,0.3843,0.3741,0.3749,22357826.1
1784952000000,0.3749,0.3792,0.3732,0.3768,19855883.6
1784966400000,0.3768,0.3837,0.3716,0.3798,28160187.1
1784980800000,0.3798,0.3844,0.3783,0.381,20488401.6
1784995200000,0.381,0.3858,0.3803,0.3827,16598913.0
1785009600000,0.3827,0.3833,0.3775,0.378,11402107.0
1785024000000,0.378,0.3851,0.3763,0.3847,21937649.8
1785038400000,0.3847,0.391,0.383,0.3871,24137295.8
1785052800000,0.387,0.389,0.3836,0.3843,18705052.9
1785067200000,0.3843,0.3964,0.3818,0.3957,29579389.7
1785081600000,0.3957,0.4092,0.3957,0.3998,53638233.3
1785096000000,0.3999,0.4068,0.3959,0.4047,29923177.8
1785110400000,0.4048,0.4135,0.4007,0.4054,33315535.6
1785124800000,0.4054,0.4176,0.4036,0.4144,29486239.3
1785139200000,0.4144,0.4183,0.4053,0.4056,33618214.7
1785153600000,0.4057,0.418,0.3989,0.4028,71113390.4
1785168000000,0.4028,0.4124,0.3978,0.4042,33876180.7
1785182400000,0.4043,0.4053,0.3907,0.3939,33610032.5
1785196800000,0.394,0.3958,0.3865,0.3919,34842136.8
1785211200000,0.3919,0.3968,0.3879,0.39,22123610.3
1785225600000,0.39,0.3909,0.3839,0.3893,24388552.4
1785240000000,0.3892,0.4127,0.388,0.4098,66007823.3
1785254400000,0.4097,0.414,0.4,0.4057,31688925.1
1785268800000,0.4058,0.4118,0.4022,0.406,27744017.8
1785283200000,0.4059,0.4084,0.3919,0.3939,33254078.3
1785297600000,0.394,0.4066,0.392,0.4045,27123553.4
1785312000000,0.4045,0.4094,0.4004,0.4035,25319311.6
1785326400000,0.4036,0.4036,0.3914,0.3931,40635092.1
1785340800000,0.3931,0.4117,0.3908,0.3981,62159240.3
1785355200000,0.3981,0.4081,0.3919,0.4035,36402248.8
1785369600000,0.4035,0.4112,0.4001,0.4023,37385125.2
1785384000000,0.4024,0.4105,0.3994,0.409,30616308.5
1785398400000,0.4091,0.4234,0.4083,0.4214,52997363.0
1785412800000,0.4215,0.4277,0.4163,0.4183,54548880.1
1785427200000,0.4184,0.4279,0.4117,0.4207,65643843.8
1785441600000,0.4208,0.4233,0.4152,0.4156,21176738.3
1785456000000,0.4156,0.4189,0.4057,0.4076,38195256.2
1785470400000,0.4075,0.4084,0.4008,0.4039,25915862.1
1785484800000,0.4039,0.4075,0.3984,0.402,29309248.2
1785499200000,0.402,0.4054,0.396,0.398,52557646.9
1785513600000,0.3979,0.4008,0.3942,0.3964,28103079.7
1785528000000,0.3963,0.3969,0.3884,0.39,26367999.3
1785542400000,0.39,0.3934,0.3887,0.3919,18038105.3
1785556800000,0.3919,0.3931,0.3844,0.3861,20801863.8
1785571200000,0.386,0.3873,0.382,0.3852,23607783.0
1785585600000,0.3852,0.3911,0.385,0.3875,18321311.3
1785600000000,0.3875,0.3881,0.3782,0.3783,31864909.7
1785614400000,0.3783,0.3831,0.3758,0.3797,17360651.6
1785628800000,0.3797,0.395,0.3789,0.3939,28336973.1
1785643200000,0.3938,0.3965,0.3882,0.3915,25618827.3
1785657600000,0.3916,0.3919,0.3836,0.3844,23441558.5
1785672000000,0.3844,0.3868,0.3831,0.3848,17241847.5
1785686400000,0.3849,0.3894,0.3832,0.389,12239068.7
1785700800000,0.3891,0.391,0.3769,0.3793,29480585.2
1785715200000,0.3794,0.3795,0.3686,0.3715,40663738.7
1785729600000,0.3715,0.3733,0.3657,0.3702,27018990.2
1785744000000,0.3702,0.3724,0.3676,0.3716,17138777.4
1785758400000,0.3716,0.3792,0.3707,0.3753,30003370.0
1785772800000,0.3754,0.3793,0.3725,0.3747,18801010.7
1785787200000,0.3747,0.3762,0.3697,0.3717,14487126.2
1785801600000,0.3716,0.3754,0.3683,0.3718,21111149.0
1785816000000,0.3717,0.3734,0.3641,0.3693,22922994.5
1785830400000,0.3693,0.3749,0.3669,0.3734,22140494.6
1785844800000,0.3733,0.374,0.3656,0.3681,29424692.0
1785859200000,0.368,0.3759,0.3648,0.3742,28665964.7
1785873600000,0.3742,0.3787,0.3716,0.3738,21011547.9
1785888000000,0.3738,0.381,0.3698,0.376,24227641.8
1785902400000,0.376,0.3867,0.3757,0.3815,24341547.7
1785916800000,0.3815,0.385,0.3785,0.3836,16716700.0
1785931200000,0.3837,0.3892,0.3758,0.3779,37599126.8
1785945600000,0.3779,0.3835,0.3757,0.3759,17445743.9
1785960000000,0.376,0.3771,0.372,0.3737,17505890.7
1785974400000,0.3737,0.3752,0.3694,0.3715,17589806.6
1785988800000,0.3714,0.3772,0.3709,0.3733,14411183.1
1786003200000,0.3733,0.3756,0.3671,0.3714,21551195.0
1786017600000,0.3714,0.3723,0.3638,0.369,28767276.1
1786032000000,0.3689,0.3716,0.3658,0.3665,14923245.0
1786046400000,0.3665,0.3678,0.3573,0.3586,35552367.7
1786060800000,0.3586,0.3592,0.3504,0.3507,38207454.9
1786075200000,0.3506,0.3538,0.3426,0.3496,49516425.2
1786089600000,0.3496,0.3534,0.348,0.3522,26444816.8
1786104000000,0.3521,0.3547,0.3476,0.349,43924606.6
1786118400000,0.349,0.3501,0.3435,0.3471,35763840.1
1786132800000,0.3471,0.3504,0.3451,0.3477,17333862.4
1786147200000,0.3476,0.3544,0.3455,0.3525,17151930.0
1786161600000,0.3525,0.3552,0.3507,0.3545,13690513.4
1786176000000,0.3546,0.3557,0.3515,0.3524,14958769.0
1786190400000,0.3525,0.3578,0.351,0.3568,15768232.2
1786204800000,0.3569,0.3591,0.3535,0.3547,11328980.3
1786219200000,0.3547,0.3557,0.3513,0.3518,7383471.9
1786233600000,0.3519,0.3521,0.3457,0.3487,17225496.0
1786248000000,0.3488,0.3502,0.3459,0.3477,8961508.8
1786262400000,0.3478,0.3495,0.3467,0.3477,11924043.8
1786276800000,0.3477,0.3541,0.3469,0.3539,14026390.4
1786291200000,0.3539,0.3543,0.3503,0.3517,15064415.1
1786305600000,0.3517,0.359,0.3468,0.348,22952867.5
1786320000000,0.348,0.3522,0.3473,0.3483,21303068.9
1786334400000,0.3483,0.3543,0.348,0.3524,15821229.8
1786348800000,0.3525,0.354,0.3489,0.3537,15088348.3
1786363200000,0.3537,0.354,0.3438,0.3466,29130747.4
1786377600000,0.3467,0.3485,0.3421,0.3444,21092790.4
1786392000000,0.3445,0.3463,0.3372,0.3399,25894015.2
1786406400000,0.3399,0.3424,0.3365,0.3396,23318514.1
1786420800000,0.3396,0.3398,0.3368,0.3371,11241601.7
1786435200000,0.3372,0.341,0.3362,0.3395,16208811.1
1786449600000,0.3395,0.3396,0.3308,0.3331,39714138.8
1786464000000,0.3332,0.3361,0.3319,0.3358,17770868.5
1786478400000,0.3358,0.3377,0.3345,0.3356,14266210.9
1786492800000,0.3356,0.3384,0.3345,0.3359,13865677.7
1786507200000,0.3358,0.3371,0.3317,0.3337,14673734.9
1786521600000,0.3336,0.3384,0.3316,0.3375,17803063.2
1786536000000,0.3375,0.3402,0.3319,0.3346,39097912.1
1786550400000,0.3345,0.335,0.3288,0.3304,18491554.4
1786564800000,0.3305,0.3324,0.3251,0.3302,23358630.5
1786579200000,0.3302,0.3355,0.33,0.3346,18083474.7
1786593600000,0.3346,0.337,0.334,0.3346,13694589.3
1786608000000,0.3345,0.3363,0.3319,0.3323,14538748.9
1786622400000,0.3322,0.3395,0.3317,0.3347,20644081.6
1786636800000,0.3347,0.336,0.33,0.3331,23137035.5
1786651200000,0.3331,0.3356,0.3321,0.3349,9572209.3
1786665600000,0.3348,0.3353,0.3302,0.3304,11454928.2
1786680000000,0.3303,0.3326,0.3292,0.3309,12385761.2
1786694400000,0.3309,0.3316,0.3262,0.3264,15360705.4
1786708800000,0.3264,0.3294,0.3223,0.3269,31125669.8
1786723200000,0.3269,0.3285,0.3218,0.3239,17355717.2
1786737600000,0.3238,0.3272,0.3212,0.3272,14892441.7
1786752000000,0.3272,0.3314,0.3267,0.3304,13357519.2
1786766400000,0.3304,0.331,0.3257,0.326,10452391.1
1786780800000,0.326,0.3278,0.3252,0.3257,9094613.4
1786795200000,0.3257,0.3295,0.3254,0.3268,11983260.6
1786809600000,0.3267,0.3272,0.3242,0.3255,8216275.3
1786824000000,0.3254,0.3258,0.3231,0.3234,7768299.8
1786838400000,0.3234,0.3281,0.3218,0.3246,16829998.6
1786852800000,0.3245,0.3252,0.3228,0.3241,7625561.3
1786867200000,0.324,0.3268,0.3237,0.3259,6858976.9
1786881600000,0.3259,0.3337,0.3252,0.3325,15601169.0
1786896000000,0.3325,0.3335,0.3299,0.3317,11736312.7
1786910400000,0.3318,0.332,0.3261,0.3303,12529855.7
1786924800000,0.3302,0.3355,0.3285,0.3335,21771265.3
1786939200000,0.3336,0.3393,0.3333,0.338,21699380.6
1786953600000,0.3381,0.3417,0.3349,0.3406,26408396.6
1786968000000,0.3406,0.3421,0.3365,0.3384,33343028.7
1786982400000,0.3385,0.3385,0.3323,0.3327,19852948.4
1786996800000,0.3327,0.3365,0.3318,0.3362,13113447.8
1787011200000,0.3361,0.3364,0.3274,0.3301,26850820.9
1787025600000,0.3301,0.3328,0.3284,0.3293,13354057.8
1787040000000,0.3292,0.3318,0.3275,0.3314,10484152.1
1787054400000,0.3313,0.3344,0.3279,0.3338,25596055.1
1787068800000,0.3338,0.3342,0.3296,0.3305,13599807.8
1787083200000,0.3305,0.3308,0.3225,0.326,27240702.5
1787097600000,0.3261,0.3263,0.3214,0.3255,21596677.8
1787112000000,0.3255,0.3257,0.322,0.3242,16239586.2
1787126400000,0.3242,0.3266,0.3227,0.3257,12686022.3
1787140800000,0.3257,0.3512,0.3248,0.3402,97029566.7
1787155200000,0.3401,0.3416,0.3352,0.3409,40356972.2
1787169600000,0.3409,0.3556,0.3404,0.3471,65786454.6
1787184000000,0.3471,0.3518,0.3412,0.3418,30727503.8
1787198400000,0.3417,0.3472,0.3411,0.3433,24966408.1
1787212800000,0.3432,0.3566,0.3425,0.3531,72952405.8
1787227200000,0.353,0.3576,0.3469,0.3567,52979067.5
1787241600000,0.3568,0.3628,0.3462,0.3471,61667895.8
1787256000000,0.3471,0.3572,0.3463,0.3554,27930126.2
1787270400000,0.3554,0.3692,0.3522,0.3637,65255750.6
1787284800000,0.3636,0.3757,0.3621,0.3739,48132837.7
1787299200000,0.3739,0.382,0.3671,0.3723,94325077.9
1787313600000,0.3723,0.4005,0.371,0.3994,95227347.1
1787328000000,0.3994,0.4067,0.375,0.379,96942172.1
1787342400000,0.3789,0.4031,0.3775,0.3971,58509005.2
1787356800000,0.3971,0.4253,0.3934,0.4197,96801122.7
1787371200000,0.4198,0.4288,0.3,0.384,227905760.0
1787385600000,0.3841,0.3843,0.3602,0.3701,83181325.9
