timestamp,open,high,low,close,volume
1724328000000,0.5617,0.5936,0.5405,0.5609,30076519.0
1724342400000,0.5609,0.5902,0.5564,0.5643,22608673.0
1724356800000,0.5647,0.5867,0.564,0.5819,7998761.0
1724371200000,0.5818,0.632,0.5811,0.5928,23749114.0
1724385600000,0.5928,0.6226,0.5786,0.5938,21373475.0
1724400000000,0.5943,0.6153,0.5615,0.5891,26354919.0
1724414400000,0.5891,0.7029,0.5851,0.6684,79353950.0
1724428800000,0.6684,0.7381,0.6589,0.6999,63852455.0
1724443200000,0.6999,0.7665,0.6995,0.739,41882620.0
1724457600000,0.7391,0.78,0.715,0.7693,43156549.0
1724472000000,0.7693,0.7775,0.74,0.75,31536735.0
1724486400000,0.7497,0.7615,0.712,0.7216,29474897.0
1724500800000,0.7215,0.7558,0.7214,0.7426,23125084.0
1724515200000,0.7426,0.7946,0.7424,0.7607,35900433.0
1724529600000,0.7608,0.7722,0.7225,0.7527,19183973.0
1724544000000,0.7527,0.7696,0.7326,0.7423,15867522.0
1724558400000,0.7422,0.7524,0.6923,0.7184,25455872.0
1724572800000,0.7186,0.7536,0.7073,0.7435,18202314.0
1724587200000,0.7433,0.7741,0.7272,0.7354,25217140.0
1724601600000,0.7353,0.7756,0.7322,0.7731,17666636.0
1724616000000,0.7736,0.808,0.7537,0.7601,36244360.0
1724630400000,0.7602,0.7696,0.7381,0.7687,20093285.0
1724644800000,0.7686,0.7726,0.7362,0.7439,16635613.0
1724659200000,0.7442,0.78,0.7394,0.765,21536406.0
1724673600000,0.7651,0.772,0.7163,0.7287,35820336.0
1724688000000,0.7285,0.7424,0.6902,0.7122,28883952.0
1724702400000,0.7121,0.7197,0.6833,0.7015,17944682.0
1724716800000,0.7015,0.7358,0.6861,0.7057,18820140.0
1724731200000,0.7057,0.7366,0.671,0.6767,27895122.0
1724745600000,0.6768,0.6827,0.66,0.6776,20669181.0
1724760000000,0.6774,0.69,0.662,0.6793,24123083.0
1724774400000,0.6791,0.7165,0.6699,0.7029,21329785.0
1724788800000,0.7026,0.7028,0.6387,0.677,38192535.0
1724803200000,0.6771,0.7254,0.6666,0.7173,28874852.0
1724817600000,0.7175,0.7417,0.691,0.6912,33780161.0
1724832000000,0.6914,0.7619,0.6895,0.7488,50433306.0
1724846400000,0.7487,0.7588,0.6941,0.7028,47587104.0
1724860800000,0.7027,0.7119,0.6652,0.686,41364918.0
1724875200000,0.6858,0.7073,0.6541,0.664,25804147.0
1724889600000,0.6639,0.6863,0.6579,0.671,14702630.0
1724904000000,0.6711,0.7108,0.667,0.6988,21737326.0
1724918400000,0.6988,0.7299,0.6794,0.7056,23307658.0
1724932800000,0.7055,0.7492,0.6918,0.7273,31181005.0
1724947200000,0.7274,0.7469,0.6803,0.6875,45949571.0
1724961600000,0.6874,0.6955,0.6538,0.656,24163270.0
1724976000000,0.6559,0.6664,0.6101,0.6111,33307009.0
1724990400000,0.6112,0.6287,0.6111,0.6203,20504953.0
1725004800000,0.6202,0.6353,0.6149,0.6199,18727243.0
1725019200000,0.62,0.6385,0.5713,0.5736,45530134.0
1725033600000,0.5736,0.6008,0.5602,0.5798,44855012.0
1725048000000,0.5797,0.6012,0.5773,0.5933,22306145.0
1725062400000,0.5933,0.6054,0.5869,0.5895,17678574.0
1725076800000,0.5895,0.592,0.5766,0.581,13026765.0
1725091200000,0.5811,0.5921,0.5726,0.5861,14770699.0
1725105600000,0.5861,0.589,0.5738,0.5819,13261318.0
1725120000000,0.5819,0.5836,0.557,0.5629,17749271.0
1725134400000,0.5631,0.5714,0.5571,0.5643,12099000.0
1725148800000,0.5641,0.5713,0.5456,0.5613,16792859.0
1725163200000,0.5613,0.5619,0.5402,0.5482,16307730.0
1725177600000,0.5483,0.5491,0.5286,0.5402,21668681.0
1725192000000,0.5402,0.5514,0.5206,0.5471,34293428.0
1725206400000,0.547,0.5716,0.5294,0.5641,30103024.0
1725220800000,0.5641,0.5814,0.528,0.5355,40633092.0
1725235200000,0.5354,0.5668,0.535,0.5603,30715752.0
1725249600000,0.5602,0.5617,0.5365,0.5424,24848842.0
1725264000000,0.5422,0.5898,0.5394,0.5786,45378850.0
1725278400000,0.5785,0.5997,0.5659,0.5914,43965282.0
1725292800000,0.5914,0.5999,0.5811,0.5883,27107838.0
1725307200000,0.5883,0.6185,0.582,0.6082,29628968.0
1725321600000,0.6081,0.63,0.5976,0.605,31059439.0
1725336000000,0.605,0.6054,0.5916,0.6005,16586509.0
1725350400000,0.6005,0.6107,0.5884,0.6049,24281173.0
1725364800000,0.6048,0.6171,0.5629,0.565,39693407.0
1725379200000,0.5651,0.5764,0.5572,0.5699,17455291.0
1725393600000,0.5699,0.5734,0.5395,0.5421,17909848.0
1725408000000,0.5421,0.563,0.5214,0.5565,35002129.0
1725422400000,0.5565,0.5959,0.55,0.59,27108095.0
1725436800000,0.5903,0.5943,0.5674,0.5713,25189300.0
1725451200000,0.5716,0.6107,0.5577,0.6002,44690887.0
1725465600000,0.6001,0.6117,0.5834,0.594,26305040.0
1725480000000,0.5942,0.6166,0.5878,0.5965,19555056.0
1725494400000,0.5966,0.605,0.5787,0.5817,17745190.0
1725508800000,0.5816,0.6028,0.5786,0.5929,15204452.0
1725523200000,0.5927,0.5991,0.5733,0.5746,13690898.0
1725537600000,0.5746,0.6298,0.5729,0.58,55304020.0
1725552000000,0.5801,0.5831,0.531,0.5336,37469222.0
1725566400000,0.5337,0.5431,0.5258,0.5305,29514654.0
1725580800000,0.5305,0.5476,0.5175,0.5415,40660380.0
1725595200000,0.5415,0.5437,0.51,0.5223,33572627.0
1725609600000,0.5222,0.525,0.5105,0.5217,37160297.0
1725624000000,0.5216,0.5689,0.5,0.5075,149848944.0
1725638400000,0.5075,0.5139,0.4745,0.4821,78247109.0
1725652800000,0.482,0.4984,0.4632,0.4945,56446867.0
1725667200000,0.4945,0.526,0.4942,0.5031,44525669.0
1725681600000,0.503,0.519,0.4985,0.5081,28273692.0
1725696000000,0.5081,0.5159,0.5029,0.5071,18116858.0
1725710400000,0.507,0.531,0.5069,0.5209,25608565.0
1725724800000,0.5209,0.5259,0.4928,0.5196,34318271.0
1725739200000,0.5196,0.5198,0.487,0.4933,20763987.0
1725753600000,0.4933,0.5098,0.4933,0.5058,16645693.0
1725768000000,0.5058,0.5206,0.5037,0.5162,19391645.0
1725782400000,0.5162,0.5339,0.511,0.5221,23686624.0
1725796800000,0.5222,0.5285,0.5026,0.5043,34455255.0
1725811200000,0.5043,0.5239,0.5005,0.5121,28235461.0
1725825600000,0.5121,0.5537,0.506,0.5391,47941628.0
1725840000000,0.5392,0.5567,0.527,0.5376,26942345.0
1725854400000,0.5376,0.5497,0.5243,0.5473,21515159.0
1725868800000,0.5472,0.578,0.5466,0.5718,55452012.0
1725883200000,0.5718,0.5878,0.557,0.5743,69788976.0
1725897600000,0.5744,0.6269,0.5743,0.6231,96717161.0
1725912000000,0.6229,0.6482,0.6047,0.6107,56625979.0
1725926400000,0.6108,0.6123,0.5964,0.6008,29106166.0
1725940800000,0.6007,0.6263,0.6,0.6206,43424816.0
1725955200000,0.6207,0.6209,0.6021,0.6159,26242541.0
1725969600000,0.616,0.6227,0.5986,0.6119,36890049.0
1725984000000,0.6119,0.6587,0.6067,0.643,69574514.0
1725998400000,0.6431,0.6439,0.6211,0.6289,23667200.0
1726012800000,0.6289,0.6353,0.61,0.6206,31403863.0
1726027200000,0.6204,0.6208,0.5861,0.5883,33104478.0
1726041600000,0.5882,0.5898,0.5605,0.576,45566560.0
1726056000000,0.576,0.5874,0.5455,0.5702,71717449.0
1726070400000,0.5702,0.618,0.5688,0.6003,54213133.0
1726084800000,0.6003,0.6119,0.5874,0.5975,21759795.0
1726099200000,0.5975,0.6298,0.5975,0.6237,31336613.0
1726113600000,0.6238,0.6496,0.6144,0.6483,40398610.0
1726128000000,0.6483,0.6794,0.6432,0.6515,91467533.0
1726142400000,0.6515,0.6718,0.625,0.6287,95978225.0
1726156800000,0.6286,0.6687,0.6268,0.6685,51608597.0
1726171200000,0.6684,0.6774,0.6531,0.6728,32665037.0
1726185600000,0.6729,0.6733,0.6518,0.6541,31071263.0
1726200000000,0.6541,0.6695,0.6528,0.6655,26017548.0
1726214400000,0.6655,0.6668,0.6422,0.6441,26461580.0
1726228800000,0.6442,0.6948,0.6361,0.6924,58429887.0
1726243200000,0.6924,0.7538,0.6874,0.7343,86655666.0
1726257600000,0.7343,0.7513,0.7251,0.7283,36173835.0
1726272000000,0.7283,0.7424,0.7253,0.7337,25071184.0
1726286400000,0.7336,0.742,0.7176,0.7202,26847925.0
1726300800000,0.7203,0.745,0.7123,0.7181,40327262.0
1726315200000,0.7181,0.7363,0.7154,0.7224,29701427.0
1726329600000,0.7224,0.7338,0.7103,0.7197,25118409.0
1726344000000,0.7196,0.7279,0.7145,0.7209,14004499.0
1726358400000,0.7209,0.7419,0.7208,0.7278,18255951.0
1726372800000,0.7277,0.7496,0.7213,0.7403,22492141.0
1726387200000,0.7403,0.7404,0.7109,0.7141,23896570.0
1726401600000,0.714,0.7433,0.7055,0.7225,32580408.0
1726416000000,0.7225,0.7262,0.6929,0.6973,31558346.0
1726430400000,0.6973,0.701,0.6707,0.6888,29971764.0
1726444800000,0.6888,0.6956,0.6624,0.6811,27920406.0
1726459200000,0.681,0.7051,0.671,0.6964,24462838.0
1726473600000,0.6964,0.7018,0.6766,0.6975,20136973.0
1726488000000,0.6976,0.7076,0.6725,0.6801,39042059.0
1726502400000,0.6801,0.706,0.6696,0.6889,27885990.0
1726516800000,0.6888,0.6997,0.6695,0.6936,14703566.0
1726531200000,0.6938,0.7041,0.675,0.6911,16071091.0
1726545600000,0.6915,0.7182,0.6888,0.6941,18615696.0
1726560000000,0.6941,0.7129,0.6864,0.7016,21325176.0
1726574400000,0.7016,0.7389,0.6899,0.7305,44393700.0
1726588800000,0.7305,0.7645,0.6939,0.7031,42995600.0
1726603200000,0.7032,0.7206,0.6984,0.7058,14275836.0
1726617600000,0.7058,0.7248,0.6877,0.7187,19816822.0
1726632000000,0.7187,0.7228,0.7096,0.7142,10139673.0
1726646400000,0.7143,0.7185,0.6731,0.6819,19132935.0
1726660800000,0.6819,0.6903,0.6539,0.658,20782795.0
1726675200000,0.6582,0.7338,0.6538,0.6913,68091569.0
1726689600000,0.6912,0.8443,0.6794,0.8402,61538023.0
1726704000000,0.8404,0.8807,0.8403,0.8639,62347195.0
1726718400000,0.8639,0.8822,0.8585,0.8659,33014087.0
1726732800000,0.866,0.9279,0.8536,0.9173,59641765.0
1726747200000,0.9172,0.938,0.8919,0.8981,59481400.0
1726761600000,0.8981,0.9308,0.8927,0.8973,43276457.0
1726776000000,0.8974,0.8993,0.8685,0.889,22820210.0
1726790400000,0.8889,0.9138,0.8775,0.9096,20097450.0
1726804800000,0.9096,0.9695,0.9001,0.9305,37014661.0
1726819200000,0.9307,0.9638,0.917,0.9347,35310384.0
1726833600000,0.9346,0.9497,0.9012,0.9133,42183812.0
1726848000000,0.9134,0.9231,0.8745,0.893,22551118.0
1726862400000,0.893,0.9084,0.8896,0.8971,10631945.0
1726876800000,0.8973,0.9042,0.8775,0.8823,12004515.0
1726891200000,0.8824,0.9037,0.8699,0.8985,11761322.0
1726905600000,0.8985,0.916,0.8938,0.9052,12089121.0
1726920000000,0.9051,0.9119,0.8814,0.8853,11649514.0
1726934400000,0.8853,0.9101,0.8852,0.9008,9900539.0
1726948800000,0.9007,0.93,0.8981,0.9192,9285216.0
1726963200000,0.9193,0.9199,0.8549,0.8808,20678639.0
1726977600000,0.8808,0.8868,0.8602,0.8645,8600220.0
1726992000000,0.8645,0.8695,0.8375,0.8441,15589127.0
1727006400000,0.8442,0.8553,0.8211,0.8275,15840849.0
1727020800000,0.8273,0.8472,0.821,0.8402,16861067.0
1727035200000,0.8402,0.9011,0.8144,0.887,38981588.0
1727049600000,0.8871,0.9621,0.8625,0.9203,53634800.0
1727064000000,0.9203,0.9388,0.901,0.9057,31602281.0
1727078400000,0.9056,0.9525,0.8933,0.9332,35298493.0
1727092800000,0.9331,0.987,0.9217,0.9748,65873042.0
1727107200000,0.9746,0.9869,0.9286,0.938,39552641.0
1727121600000,0.9381,0.944,0.9184,0.926,18472268.0
1727136000000,0.926,0.933,0.9,0.9212,20464987.0
1727150400000,0.9212,0.9304,0.9078,0.9282,12782820.0
1727164800000,0.9282,0.9506,0.9195,0.922,18505509.0
1727179200000,0.9222,0.9363,0.8705,0.8832,46402682.0
1727193600000,0.8834,0.948,0.8824,0.9316,33413947.0
1727208000000,0.9318,1.0446,0.9266,1.0091,64222313.0
1727222400000,1.0088,1.0774,1.0045,1.053,43984868.0
1727236800000,1.0527,1.0536,1.0106,1.0149,29633350.0
1727251200000,1.015,1.0346,1.0059,1.0181,23342011.0
1727265600000,1.0181,1.0303,0.9933,0.9953,35269884.0
1727280000000,0.9953,1.0328,0.9842,1.0084,38164150.0
1727294400000,1.0084,1.0316,0.9699,0.9826,24535819.0
1727308800000,0.9827,0.9981,0.9617,0.9901,27511537.0
1727323200000,0.99,1.0423,0.9813,1.0333,26576317.0
1727337600000,1.0332,1.0639,1.0231,1.0484,34179718.0
1727352000000,1.0484,1.0864,1.0229,1.047,67028407.0
1727366400000,1.0469,1.0861,1.0247,1.0273,39874238.0
1727380800000,1.0275,1.0449,1.011,1.0273,21739492.0
1727395200000,1.0272,1.0478,0.994,1.0202,26823206.0
1727409600000,1.0201,1.085,1.018,1.0426,35623669.0
1727424000000,1.0426,1.0624,0.9751,0.9806,39474570.0
1727438400000,0.9805,1.0368,0.9711,0.9802,60390161.0
1727452800000,0.9806,0.9839,0.9301,0.9329,50140474.0
1727467200000,0.9328,0.9448,0.9155,0.933,30943494.0
1727481600000,0.933,0.957,0.93,0.9361,24243302.0
1727496000000,0.9361,0.9382,0.9064,0.9104,27905684.0
1727510400000,0.9104,0.945,0.8964,0.9295,34152261.0
1727524800000,0.9293,0.9294,0.9112,0.917,18598271.0
1727539200000,0.9168,0.9308,0.8995,0.923,16559292.0
1727553600000,0.9231,0.9269,0.8942,0.9237,15908086.0
1727568000000,0.9238,0.9584,0.91,0.9542,29765120.0
1727582400000,0.9543,0.9543,0.913,0.9316,24983797.0
1727596800000,0.9316,0.9499,0.919,0.945,18496221.0
1727611200000,0.9449,0.9535,0.911,0.9276,26882624.0
1727625600000,0.9275,0.9726,0.9158,0.9684,30361854.0
1727640000000,0.9685,1.0511,0.9511,0.988,80518139.0
1727654400000,0.988,1.0373,0.97,1.0209,56256989.0
1727668800000,1.0207,1.0214,0.9202,0.94,51648107.0
1727683200000,0.9401,0.9697,0.9225,0.9518,44844668.0
1727697600000,0.9518,0.9904,0.9438,0.9452,42533419.0
1727712000000,0.9454,0.9829,0.9448,0.9585,34602751.0
1727726400000,0.9586,1.016,0.9289,0.9459,47043635.0
1727740800000,0.9462,1.0207,0.9459,1.0155,32100542.0
1727755200000,1.0155,1.0468,1.0007,1.0424,31619911.0
1727769600000,1.0423,1.0522,1.0264,1.0368,38593257.0
1727784000000,1.0367,1.059,0.9405,0.9962,110477481.0
1727798400000,0.9963,1.0277,0.9188,0.9515,125013818.0
1727812800000,0.9516,1.026,0.9434,0.9796,67720346.0
1727827200000,0.9797,1.0224,0.9552,1.008,46322923.0
1727841600000,1.008,1.0555,0.9696,1.0353,55743713.0
1727856000000,1.0353,1.0586,0.9903,0.9922,58990213.0
1727870400000,0.9923,1.0296,0.9492,0.9988,89356057.0
1727884800000,0.9987,1.0282,0.9018,0.9383,88167247.0
1727899200000,0.9384,0.9895,0.9383,0.9759,49806330.0
1727913600000,0.9759,1.0652,0.9603,1.0647,53443321.0
1727928000000,1.0648,1.0734,1.0034,1.0047,54751550.0
1727942400000,1.0046,1.0119,0.9567,0.9577,62343656.0
1727956800000,0.9575,0.9936,0.9009,0.9386,95893346.0
1727971200000,0.9384,1.003,0.9132,0.9876,86174441.0
1727985600000,0.9878,0.997,0.9477,0.956,35147868.0
1728000000000,0.9559,0.9993,0.9362,0.9538,34915803.0
1728014400000,0.9538,1.0311,0.953,1.0192,37323128.0
1728028800000,1.0191,1.0386,0.9802,0.994,37643542.0
1728043200000,0.9938,1.0831,0.9795,1.0677,117535859.0
1728057600000,1.0678,1.195,1.0455,1.1749,112893563.0
1728072000000,1.1753,1.1849,1.1429,1.1631,44542626.0
1728086400000,1.163,1.1764,1.1345,1.1429,32782480.0
1728100800000,1.1428,1.2965,1.141,1.2245,110614938.0
1728115200000,1.2248,1.2675,1.219,1.2467,45299365.0
1728129600000,1.2468,1.2688,1.2295,1.2385,48297483.0
1728144000000,1.2385,1.2459,1.2025,1.2114,44455885.0
1728158400000,1.2113,1.2196,1.1827,1.2122,31383642.0
1728172800000,1.2123,1.2394,1.2073,1.2099,23678920.0
1728187200000,1.2101,1.2292,1.2013,1.2215,16031445.0
1728201600000,1.2215,1.298,1.2167,1.2732,47847500.0
1728216000000,1.2733,1.4712,1.2665,1.4181,146571620.0
1728230400000,1.4181,1.4367,1.3708,1.3811,66320601.0
1728244800000,1.3814,1.4262,1.3566,1.3955,42347017.0
1728259200000,1.3955,1.4756,1.3943,1.4153,59319325.0
1728273600000,1.4154,1.469,1.4086,1.4571,39005257.0
1728288000000,1.4572,1.4868,1.4115,1.426,52599574.0
1728302400000,1.4253,1.4466,1.376,1.395,74745615.0
1728316800000,1.3951,1.4291,1.3401,1.3587,45534390.0
1728331200000,1.3588,1.3644,1.2719,1.2775,46238540.0
1728345600000,1.2777,1.3139,1.2724,1.3035,30863026.0
1728360000000,1.3035,1.3037,1.1752,1.2051,68852264.0
1728374400000,1.2051,1.2513,1.1963,1.2436,44699471.0
1728388800000,1.2436,1.2699,1.1922,1.2262,58114531.0
1728403200000,1.2261,1.2537,1.1952,1.2451,43293666.0
1728417600000,1.245,1.2741,1.2096,1.2157,27634088.0
1728432000000,1.2156,1.2906,1.2075,1.241,30443918.0
1728446400000,1.2409,1.2632,1.186,1.1879,31098405.0
1728460800000,1.1879,1.2136,1.1856,1.1915,20802241.0
1728475200000,1.1916,1.2088,1.1518,1.1993,47204023.0
1728489600000,1.1992,1.2031,1.1493,1.1641,30355658.0
1728504000000,1.1641,1.1751,1.1267,1.1575,29343677.0
1728518400000,1.1577,1.1924,1.154,1.1818,18329634.0
1728532800000,1.1817,1.2315,1.1722,1.2149,20711358.0
1728547200000,1.2149,1.2459,1.1652,1.2413,42124914.0
1728561600000,1.2408,1.2538,1.1323,1.1526,65278079.0
1728576000000,1.1526,1.2251,1.1167,1.211,59162545.0
1728590400000,1.211,1.2789,1.1852,1.2741,35249297.0
1728604800000,1.2741,1.2869,1.2275,1.2705,37751896.0
1728619200000,1.2711,1.3331,1.2461,1.2928,35919494.0
1728633600000,1.2927,1.3107,1.2721,1.2925,30864146.0
1728648000000,1.2928,1.3421,1.279,1.3323,41570680.0
1728662400000,1.3324,1.3434,1.2861,1.3132,41627099.0
1728676800000,1.3132,1.364,1.3022,1.3633,24849443.0
1728691200000,1.3634,1.5114,1.3578,1.4436,72037900.0
1728705600000,1.4436,1.4562,1.407,1.425,19945153.0
1728720000000,1.4251,1.4868,1.4109,1.4687,23186537.0
1728734400000,1.4687,1.5636,1.461,1.5158,51780678.0
1728748800000,1.5158,1.5396,1.4874,1.4995,30533105.0
1728763200000,1.4995,1.5338,1.4754,1.4841,24000868.0
1728777600000,1.4841,1.5052,1.465,1.4889,20133533.0
1728792000000,1.4889,1.5189,1.46,1.4733,17998228.0
1728806400000,1.4732,1.5078,1.4551,1.4628,21274001.0
1728820800000,1.4631,1.4935,1.3936,1.4073,35027785.0
1728835200000,1.4074,1.4374,1.3565,1.367,32789722.0
1728849600000,1.367,1.4124,1.3474,1.3819,33114612.0
1728864000000,1.382,1.4064,1.3191,1.4021,42094657.0
1728878400000,1.4018,1.4405,1.356,1.4246,44746874.0
1728892800000,1.4247,1.425,1.3506,1.3639,32568591.0
1728907200000,1.3639,1.4946,1.3529,1.4554,49924325.0
1728921600000,1.4552,1.4694,1.3859,1.4209,33405332.0
1728936000000,1.421,1.4297,1.3829,1.3945,22287415.0
1728950400000,1.3947,1.4028,1.3564,1.3675,21191673.0
1728964800000,1.3676,1.3848,1.3427,1.3751,18774640.0
1728979200000,1.3752,1.3836,1.3057,1.32,28136598.0
1728993600000,1.3199,1.4021,1.2815,1.3303,66652824.0
1729008000000,1.3305,1.371,1.312,1.3235,22099360.0
1729022400000,1.3239,1.3262,1.2498,1.2861,29168868.0
1729036800000,1.2859,1.3035,1.2356,1.2626,25774463.0
1729051200000,1.2627,1.2716,1.195,1.1962,32977281.0
1729065600000,1.1963,1.2712,1.1826,1.2386,39337370.0
1729080000000,1.2388,1.2714,1.2232,1.2309,28541734.0
1729094400000,1.231,1.2335,1.198,1.204,16252932.0
1729108800000,1.2039,1.2536,1.2032,1.2275,14454464.0
1729123200000,1.2275,1.254,1.2114,1.249,19415100.0
1729137600000,1.249,1.253,1.1768,1.2074,23118472.0
1729152000000,1.2073,1.2767,1.2039,1.2452,42741904.0
1729166400000,1.2454,1.3744,1.2444,1.3522,90187860.0
1729180800000,1.352,1.3543,1.289,1.3281,48622646.0
1729195200000,1.3282,1.3855,1.3269,1.3567,35501323.0
1729209600000,1.3568,1.3884,1.3374,1.3617,34604237.0
1729224000000,1.3617,1.4,1.3453,1.3531,33829146.0
1729238400000,1.3531,1.389,1.3159,1.3198,28513044.0
1729252800000,1.3198,1.3759,1.3106,1.3736,34237391.0
1729267200000,1.3736,1.4197,1.372,1.3766,36656150.0
1729281600000,1.3766,1.3878,1.3655,1.378,10687405.0
1729296000000,1.3781,1.3865,1.3557,1.3646,14586793.0
1729310400000,1.3647,1.3802,1.3322,1.3368,16093099.0
1729324800000,1.3369,1.3433,1.3086,1.3158,13716372.0
1729339200000,1.3158,1.3252,1.2743,1.2848,24323235.0
1729353600000,1.2848,1.3117,1.2793,1.2831,18385670.0
1729368000000,1.2832,1.2878,1.235,1.2598,27017017.0
1729382400000,1.26,1.2833,1.2414,1.2481,22071695.0
1729396800000,1.248,1.2651,1.22,1.2477,18991916.0
1729411200000,1.2476,1.2527,1.227,1.2378,13298779.0
1729425600000,1.238,1.2792,1.2239,1.2699,27792439.0
1729440000000,1.2699,1.3115,1.2601,1.2729,19282569.0
1729454400000,1.273,1.4007,1.2691,1.3708,40173442.0
1729468800000,1.3707,1.4287,1.3621,1.3637,34740947.0
1729483200000,1.3638,1.411,1.3529,1.3867,24616325.0
1729497600000,1.3865,1.398,1.3099,1.3279,34707368.0
1729512000000,1.328,1.3332,1.2615,1.3113,37917279.0
1729526400000,1.3113,1.3337,1.2787,1.3172,29977736.0
1729540800000,1.3175,1.3252,1.294,1.2956,11669007.0
1729555200000,1.2954,1.3527,1.277,1.3465,23248934.0
1729569600000,1.3465,1.3877,1.3291,1.3834,17414799.0
1729584000000,1.3837,1.4324,1.33,1.4236,50572497.0
1729598400000,1.4233,1.4674,1.3752,1.4573,76313936.0
1729612800000,1.4575,1.469,1.4167,1.4398,36399133.0
1729627200000,1.4398,1.479,1.4231,1.4351,27788230.0
1729641600000,1.435,1.4445,1.4011,1.4113,20144406.0
1729656000000,1.4113,1.4149,1.3665,1.3703,24976052.0
1729670400000,1.3703,1.4067,1.3587,1.3988,23029358.0
1729684800000,1.3986,1.4291,1.3469,1.3653,32276940.0
1729699200000,1.3654,1.4951,1.3304,1.4716,70838124.0
1729713600000,1.4718,1.5071,1.4433,1.494,26353945.0
1729728000000,1.494,1.6443,1.4823,1.6312,76044706.0
1729742400000,1.6314,1.6805,1.6131,1.6144,75744803.0
1729756800000,1.6141,1.6294,1.5242,1.5521,60435744.0
1729771200000,1.5522,1.6194,1.5474,1.6095,52756195.0
1729785600000,1.6096,1.6268,1.5787,1.5866,31041759.0
1729800000000,1.5866,1.601,1.5454,1.552,26690881.0
1729814400000,1.5521,1.5566,1.4953,1.511,27404581.0
1729828800000,1.5109,1.5248,1.4466,1.4485,33792200.0
1729843200000,1.4485,1.4923,1.4317,1.4854,32889146.0
1729857600000,1.4853,1.5159,1.4534,1.4703,38564863.0
1729872000000,1.4704,1.4924,1.3568,1.4217,75990994.0
1729886400000,1.4215,1.455,1.28,1.3624,77690158.0
1729900800000,1.3624,1.4514,1.3386,1.4488,48922859.0
1729915200000,1.4489,1.4772,1.4257,1.4518,22965027.0
1729929600000,1.4519,1.4909,1.4506,1.4575,22381376.0
1729944000000,1.4575,1.476,1.4266,1.4345,22225807.0
1729958400000,1.4345,1.4596,1.4121,1.4411,16784901.0
1729972800000,1.4411,1.4749,1.4343,1.435,11869958.0
1729987200000,1.4348,1.4683,1.4097,1.4625,22930589.0
1730001600000,1.4624,1.4912,1.4303,1.4312,14421806.0
1730016000000,1.4313,1.4637,1.4161,1.4179,13934542.0
1730030400000,1.4178,1.521,1.417,1.4849,33170549.0
1730044800000,1.4849,1.5317,1.4614,1.531,24144745.0
1730059200000,1.531,1.8273,1.5157,1.5625,45753809.0
1730073600000,1.5626,1.5705,1.4514,1.453,28892655.0
1730088000000,1.4531,1.5296,1.4282,1.5182,43089376.0
1730102400000,1.5182,1.5495,1.5045,1.5396,22726483.0
1730116800000,1.5397,1.5607,1.4593,1.4593,46987954.0
1730131200000,1.4594,1.5516,1.4364,1.4918,46735837.0
1730145600000,1.5227,1.7002,1.5153,1.591,35250453.0
1730160000000,1.591,1.7263,1.5698,1.6762,50127126.0
1730174400000,1.6763,1.7117,1.6539,1.6977,30989089.0
1730188800000,1.6976,1.762,1.6837,1.7367,44200441.0
1730203200000,1.7367,1.748,1.6817,1.707,45985795.0
1730217600000,1.7071,1.8214,1.7052,1.7323,72098333.0
1730232000000,1.7323,1.7568,1.7002,1.7221,28101653.0
1730246400000,1.7222,1.7267,1.6792,1.7026,24115967.0
1730260800000,1.7023,1.7544,1.6848,1.7015,24861103.0
1730275200000,1.7013,1.728,1.6795,1.6965,21779390.0
1730289600000,1.6965,1.7209,1.6404,1.6691,46868428.0
1730304000000,1.669,1.6974,1.66,1.6782,18523248.0
1730318400000,1.6782,1.7384,1.6675,1.7014,26036580.0
1730332800000,1.7015,1.7187,1.6614,1.669,17929029.0
1730347200000,1.669,1.6928,1.6364,1.6713,18530446.0
1730361600000,1.6713,1.6736,1.6441,1.6471,15230210.0
1730376000000,1.6471,1.6617,1.5887,1.5938,37696615.0
1730390400000,1.5938,1.6036,1.5462,1.5519,30337909.0
1730404800000,1.5517,1.5912,1.5514,1.5611,17706137.0
1730419200000,1.561,1.5687,1.5161,1.54,24375143.0
1730433600000,1.54,1.5522,1.5217,1.5429,14417802.0
1730448000000,1.5429,1.643,1.5333,1.6395,29242427.0
1730462400000,1.6396,1.7042,1.579,1.6026,76725013.0
1730476800000,1.6027,1.6368,1.5733,1.596,30170439.0
1730491200000,1.5962,1.6066,1.469,1.5085,41225129.0
1730505600000,1.5086,1.5208,1.4731,1.489,18972807.0
1730520000000,1.4891,1.4999,1.4634,1.4985,12788247.0
1730534400000,1.4986,1.5037,1.4525,1.4621,17937650.0
1730548800000,1.462,1.4745,1.4226,1.4267,31970687.0
1730563200000,1.4267,1.4988,1.4257,1.4923,30649610.0
1730577600000,1.4922,1.5208,1.459,1.4771,19135331.0
1730592000000,1.4771,1.4842,1.4056,1.4151,40363784.0
1730606400000,1.4151,1.4741,1.4117,1.4423,21174267.0
1730620800000,1.4423,1.4572,1.4111,1.4121,21549059.0
1730635200000,1.4122,1.4239,1.2233,1.2843,99610029.0
1730649600000,1.284,1.3488,1.2747,1.3198,55567417.0
1730664000000,1.3199,1.3935,1.3104,1.3735,39356207.0
1730678400000,1.3735,1.4129,1.3422,1.3539,31267763.0
1730692800000,1.3539,1.36,1.2913,1.2946,28859174.0
1730707200000,1.2948,1.3044,1.2126,1.2491,79220496.0
1730721600000,1.2491,1.32,1.2406,1.2594,63305709.0
1730736000000,1.2593,1.2811,1.2256,1.2299,38096329.0
1730750400000,1.2299,1.2391,1.1716,1.2159,61462121.0
1730764800000,1.2159,1.259,1.2001,1.2498,36583998.0
1730779200000,1.2498,1.3098,1.2439,1.3049,32633309.0
1730793600000,1.305,1.3512,1.2867,1.3407,38183337.0
1730808000000,1.3407,1.3732,1.29,1.3479,62685853.0
1730822400000,1.348,1.3806,1.2525,1.2626,43680927.0
1730836800000,1.2626,1.2954,1.2508,1.2672,31529657.0
1730851200000,1.2671,1.4767,1.2609,1.4574,95917365.0
1730865600000,1.4575,1.6118,1.4499,1.5233,98998780.0
1730880000000,1.5234,1.6018,1.4739,1.5952,58010814.0
1730894400000,1.5951,1.6106,1.5226,1.5377,55153867.0
1730908800000,1.5381,1.5673,1.5074,1.5596,35453733.0
1730923200000,1.5597,1.6696,1.5505,1.6094,43077527.0
1730937600000,1.6094,1.6424,1.5763,1.5786,33929771.0
1730952000000,1.5786,1.5874,1.516,1.5238,24378053.0
1730966400000,1.5238,1.5377,1.4877,1.4966,22508780.0
1730980800000,1.4967,1.5481,1.4814,1.5452,27555212.0
1730995200000,1.5451,1.5941,1.5131,1.5938,36307098.0
1731009600000,1.594,1.65,1.5291,1.604,51797001.0
1731024000000,1.6038,1.6535,1.5375,1.5536,29994132.0
1731038400000,1.5536,1.5833,1.5296,1.545,19329874.0
1731052800000,1.545,1.614,1.5252,1.5911,21842146.0
1731067200000,1.5909,1.6384,1.5253,1.5356,41836342.0
1731081600000,1.5356,1.5646,1.4788,1.5403,34990467.0
1731096000000,1.5403,1.5452,1.4936,1.5237,20930463.0
1731110400000,1.5239,1.5706,1.43,1.4442,34943724.0
1731124800000,1.4441,1.476,1.4368,1.4546,20692814.0
1731139200000,1.4547,1.4941,1.4514,1.476,25788105.0
1731153600000,1.4761,1.4879,1.3851,1.4027,35011448.0
1731168000000,1.4028,1.4206,1.3665,1.3899,24552246.0
1731182400000,1.39,1.451,1.3866,1.42,25762160.0
1731196800000,1.42,1.446,1.3719,1.4111,40400708.0
1731211200000,1.4108,1.474,1.39,1.4229,42091441.0
1731225600000,1.4229,1.473,1.4228,1.4579,28862766.0
1731240000000,1.4579,1.595,1.3942,1.5436,100365338.0
1731254400000,1.5437,1.5849,1.4254,1.457,71380404.0
1731268800000,1.4568,1.5503,1.4,1.506,62281905.0
1731283200000,1.5062,1.6169,1.495,1.5604,36948143.0
1731297600000,1.5603,1.5696,1.4881,1.5548,46871537.0
1731312000000,1.5546,1.6796,1.5298,1.6437,59597379.0
1731326400000,1.6436,1.6442,1.5696,1.6161,61413169.0
1731340800000,1.6162,1.6896,1.5893,1.6389,57635068.0
1731355200000,1.639,1.7425,1.631,1.7072,59492688.0
1731369600000,1.707,1.7201,1.6121,1.6579,40933260.0
1731384000000,1.6577,1.7353,1.6116,1.7309,43900867.0
1731398400000,1.731,1.7414,1.4373,1.5315,99662230.0
1731412800000,1.5309,1.5838,1.4817,1.5363,57689599.0
1731427200000,1.5363,1.6232,1.5018,1.6051,36065468.0
1731441600000,1.605,1.7575,1.5688,1.6982,49884077.0
1731456000000,1.6982,1.7227,1.482,1.4855,62865905.0
1731470400000,1.4856,1.5248,1.3796,1.4389,65587146.0
1731484800000,1.4389,1.4741,1.4261,1.4421,32340817.0
1731499200000,1.4423,1.691,1.3983,1.6844,108314920.0
1731513600000,1.6837,1.9269,1.6015,1.7711,140403021.0
1731528000000,1.7711,2.0116,1.7197,1.9653,85761810.0
1731542400000,1.9654,1.998,1.7685,1.9265,69642925.0
1731556800000,1.9267,1.9582,1.7977,1.818,45461199.0
1731571200000,1.818,1.9928,1.7733,1.8178,56132105.0
1731585600000,1.8179,1.8664,1.6706,1.7598,78111523.0
1731600000000,1.7596,1.8156,1.7311,1.7742,37135688.0
1731614400000,1.7738,1.828,1.6434,1.6648,50085670.0
1731628800000,1.6654,1.6942,1.6056,1.621,26948759.0
1731643200000,1.621,1.6657,1.5342,1.6414,32296663.0
1731657600000,1.6415,1.7044,1.6185,1.6887,22338811.0
1731672000000,1.6887,1.7247,1.5971,1.6106,38103996.0
1731686400000,1.6106,1.7213,1.6031,1.6884,34025379.0
1731700800000,1.6886,1.9515,1.6855,1.8802,62076568.0
1731715200000,1.8802,1.9512,1.8213,1.9412,30210559.0
1731729600000,1.9412,1.9592,1.77,1.8746,32287653.0
1731744000000,1.8743,1.8795,1.775,1.8076,19574866.0
1731758400000,1.8078,1.8643,1.7,1.7376,32116792.0
1731772800000,1.7377,1.7716,1.7149,1.7618,15785009.0
1731787200000,1.7619,1.7713,1.6898,1.744,20912346.0
1731801600000,1.744,1.7447,1.6356,1.7179,24854798.0
1731816000000,1.7179,1.8816,1.7172,1.847,35197656.0
1731830400000,1.8472,1.8922,1.8182,1.8222,32775428.0
1731844800000,1.8222,2.089,1.8047,2.0014,72830093.0
1731859200000,2.0016,2.0546,1.8774,1.9077,68530537.0
1731873600000,1.908,1.956,1.8568,1.9059,25916833.0
1731888000000,1.9061,1.92,1.8507,1.9141,26396906.0
1731902400000,1.9142,1.9282,1.8448,1.8511,18425143.0
1731916800000,1.8512,1.8778,1.7808,1.7988,24805276.0
1731931200000,1.7988,1.8518,1.7474,1.8262,36712248.0
1731945600000,1.8265,1.8336,1.7112,1.7346,35341067.0
1731960000000,1.7346,1.7916,1.7276,1.7565,18109022.0
1731974400000,1.7565,1.8339,1.7341,1.7975,15985876.0
1731988800000,1.7976,1.817,1.7672,1.7856,13217910.0
1732003200000,1.7855,1.8579,1.772,1.8514,18220333.0
1732017600000,1.8514,1.8892,1.7844,1.8619,33586432.0
1732032000000,1.8623,1.8862,1.8276,1.8669,25975758.0
1732046400000,1.8673,1.869,1.6971,1.756,37963756.0
1732060800000,1.7563,1.7678,1.665,1.7047,18580071.0
1732075200000,1.7047,1.7588,1.6832,1.7413,13155272.0
1732089600000,1.7408,1.7516,1.6514,1.6645,14620485.0
1732104000000,1.6643,1.7157,1.6336,1.6567,27500774.0
1732118400000,1.6569,1.6771,1.4905,1.5142,55718832.0
1732132800000,1.5143,1.5699,1.4922,1.5114,24374584.0
1732147200000,1.5114,1.5706,1.4337,1.4735,38495996.0
1732161600000,1.4734,1.5723,1.4658,1.5605,25348226.0
1732176000000,1.5605,1.5658,1.5005,1.5231,13840005.0
1732190400000,1.5229,1.6498,1.5205,1.596,44363469.0
1732204800000,1.5959,1.6256,1.5645,1.5686,22425663.0
1732219200000,1.5686,1.5912,1.56,1.5749,11030758.0
1732233600000,1.5749,1.6389,1.5273,1.6119,24116470.0
1732248000000,1.6121,1.619,1.5467,1.5504,15826678.0
1732262400000,1.5504,1.5912,1.5459,1.5758,14601845.0
1732276800000,1.5759,1.5762,1.4699,1.4938,33244085.0
1732291200000,1.4941,1.4959,1.4251,1.4503,22540639.0
1732305600000,1.4503,1.5096,1.4465,1.5058,15413959.0
1732320000000,1.5057,1.5069,1.41,1.4527,27383293.0
1732334400000,1.4526,1.5211,1.4475,1.5049,33701101.0
1732348800000,1.5049,1.5421,1.4967,1.5103,18761067.0
1732363200000,1.5102,1.5924,1.5007,1.5474,31584744.0
1732377600000,1.5474,1.5674,1.4373,1.4617,44127067.0
1732392000000,1.4617,1.5131,1.4122,1.4806,24639104.0
1732406400000,1.4807,1.5639,1.4722,1.5292,18460208.0
1732420800000,1.5293,1.549,1.4733,1.4899,22214640.0
1732435200000,1.4896,1.4946,1.3907,1.3974,24314937.0
1732449600000,1.3974,1.4203,1.3222,1.369,41643979.0
1732464000000,1.3692,1.4495,1.3623,1.4274,19004093.0
1732478400000,1.4273,1.4617,1.4126,1.4459,13032437.0
1732492800000,1.446,1.473,1.3945,1.4593,18007667.0
1732507200000,1.4593,1.4818,1.4426,1.4672,9835427.0
1732521600000,1.4671,1.4908,1.4177,1.424,14286351.0
1732536000000,1.4241,1.4558,1.33,1.3944,39085353.0
1732550400000,1.3947,1.4119,1.31,1.3331,31791867.0
1732564800000,1.3334,1.3428,1.2596,1.3161,30247626.0
1732579200000,1.316,1.346,1.3095,1.3314,13045872.0
1732593600000,1.3316,1.3388,1.2863,1.2957,10999117.0
1732608000000,1.2956,1.2969,1.2041,1.2541,41990934.0
1732622400000,1.2539,1.277,1.2308,1.2328,31161699.0
1732636800000,1.233,1.2798,1.2154,1.2491,24561076.0
1732651200000,1.2487,1.2875,1.2428,1.2708,19563620.0
1732665600000,1.2709,1.2978,1.2378,1.2624,17532007.0
1732680000000,1.2623,1.2852,1.2413,1.2748,15766774.0
1732694400000,1.2747,1.2792,1.2054,1.2279,25591351.0
1732708800000,1.2282,1.3186,1.2066,1.3109,32283529.0
1732723200000,1.3109,1.3595,1.286,1.3545,29068740.0
1732737600000,1.3545,1.3838,1.2768,1.2856,29908345.0
1732752000000,1.2858,1.3559,1.2763,1.3081,22212359.0
1732766400000,1.3083,1.3243,1.2809,1.2987,12549015.0
1732780800000,1.2986,1.3149,1.2362,1.2565,21280410.0
1732795200000,1.2565,1.2696,1.23,1.235,22421435.0
1732809600000,1.2349,1.277,1.2331,1.261,13188447.0
1732824000000,1.261,1.2787,1.2503,1.2561,10720902.0
1732838400000,1.2558,1.3302,1.2463,1.3257,14230038.0
1732852800000,1.3256,1.3498,1.2827,1.2861,17107986.0
1732867200000,1.2862,1.3782,1.2862,1.3718,20652710.0
1732881600000,1.3721,1.3979,1.3437,1.3685,30716252.0
1732896000000,1.3688,1.4001,1.328,1.3583,25220610.0
1732910400000,1.3584,1.3847,1.351,1.3647,13370855.0
1732924800000,1.3647,1.3647,1.3061,1.3294,16380633.0
1732939200000,1.3291,1.3559,1.3121,1.3548,12744105.0
1732953600000,1.3549,1.3816,1.3083,1.3121,24482078.0
1732968000000,1.3121,1.3267,1.2955,1.3233,19909416.0
1732982400000,1.3233,1.361,1.3107,1.3409,16098486.0
1732996800000,1.3408,1.4069,1.3365,1.3378,19622514.0
1733011200000,1.338,1.3824,1.2748,1.3039,30361603.0
1733025600000,1.3038,1.3586,1.2931,1.3327,16180092.0
1733040000000,1.3326,1.3533,1.3128,1.3343,12196117.0
1733054400000,1.3343,1.3982,1.3204,1.3873,19382639.0
1733068800000,1.3875,1.4119,1.3322,1.3442,33896418.0
1733083200000,1.3441,1.3795,1.3154,1.3415,20795734.0
1733097600000,1.3414,1.3516,1.231,1.2443,35618802.0
1733112000000,1.2443,1.2543,1.2115,1.2275,30723343.0
1733126400000,1.2274,1.2296,1.09,1.1454,78791497.0
1733140800000,1.1453,1.2389,1.1349,1.2283,47271854.0
1733155200000,1.2286,1.2357,1.139,1.1793,39112277.0
1733169600000,1.1794,1.2199,1.1685,1.218,24349563.0
1733184000000,1.2182,1.2357,1.1922,1.2178,21823645.0
1733198400000,1.2177,1.3065,1.213,1.2917,47110949.0
1733212800000,1.292,1.3209,1.2384,1.2655,23878048.0
1733227200000,1.2654,1.4239,1.2181,1.3678,107110461.0
1733241600000,1.3677,1.4146,1.342,1.4096,38192473.0
1733256000000,1.4096,1.4742,1.3836,1.3882,37252480.0
1733270400000,1.3881,1.4251,1.3632,1.3961,25087682.0
1733284800000,1.396,1.4299,1.3747,1.391,14965027.0
1733299200000,1.391,1.4466,1.3797,1.4286,20783680.0
1733313600000,1.4283,1.4597,1.3737,1.4157,41689019.0
1733328000000,1.4158,1.4237,1.3092,1.3997,50706703.0
1733342400000,1.4,1.4307,1.2963,1.3331,31680895.0
1733356800000,1.3342,1.4334,1.271,1.3798,44396059.0
1733371200000,1.3799,1.4108,1.3461,1.405,20173082.0
1733385600000,1.405,1.4458,1.3514,1.3839,21092787.0
1733400000000,1.3838,1.425,1.3549,1.3667,28115843.0
1733414400000,1.3673,1.3889,1.3041,1.3106,23562247.0
1733428800000,1.3103,1.3991,1.265,1.3491,46932630.0
1733443200000,1.3492,1.4278,1.3388,1.4159,27959643.0
1733457600000,1.4161,1.429,1.3794,1.3998,11398179.0
1733472000000,1.3998,1.4444,1.3376,1.3475,28783009.0
1733486400000,1.3473,1.378,1.3101,1.3549,32465359.0
1733500800000,1.3547,1.4688,1.3422,1.4288,47176212.0
1733515200000,1.4287,1.473,1.4106,1.4311,24884762.0
1733529600000,1.4312,1.4709,1.3931,1.4056,20755223.0
1733544000000,1.4056,1.4702,1.4045,1.466,12836993.0
1733558400000,1.466,1.5437,1.4586,1.5208,45862047.0
1733572800000,1.5208,1.535,1.4871,1.5228,20681183.0
1733587200000,1.5231,1.5913,1.5019,1.588,41784250.0
1733601600000,1.5878,1.6,1.528,1.5311,29388810.0
1733616000000,1.5312,1.5867,1.5226,1.5707,17452836.0
1733630400000,1.5703,1.5815,1.5273,1.552,15829751.0
1733644800000,1.5521,1.5573,1.4768,1.5114,21897093.0
1733659200000,1.5114,1.5332,1.4845,1.5212,14346110.0
1733673600000,1.5214,1.5294,1.4855,1.5089,15564003.0
1733688000000,1.5091,1.53,1.4856,1.517,14504988.0
1733702400000,1.5169,1.5254,1.472,1.5034,21313490.0
1733716800000,1.5031,1.5429,1.465,1.5191,25298656.0
1733731200000,1.5192,1.5218,1.3026,1.3183,81455977.0
1733745600000,1.318,1.4066,1.3002,1.3421,70088980.0
1733760000000,1.3418,1.3459,1.2941,1.2973,28544756.0
1733774400000,1.2973,1.3029,1.0,1.1955,181989392.0
1733788800000,1.1955,1.2277,1.0835,1.15,52807996.0
1733803200000,1.1499,1.1928,1.1187,1.1692,29160667.0
1733817600000,1.1689,1.1864,1.1402,1.1555,20179769.0
1733832000000,1.1558,1.1611,1.0432,1.0479,55960851.0
1733846400000,1.0483,1.142,1.0261,1.1341,80956860.0
1733860800000,1.1338,1.1873,1.129,1.1714,25705589.0
1733875200000,1.1714,1.2183,1.1323,1.2158,28214784.0
1733889600000,1.216,1.2408,1.1989,1.2232,20235822.0
1733904000000,1.2233,1.2626,1.2175,1.2227,31975813.0
1733918400000,1.2227,1.2688,1.2046,1.2492,29951297.0
1733932800000,1.2492,1.287,1.2317,1.278,27435673.0
1733947200000,1.278,1.2865,1.2426,1.2547,12499705.0
1733961600000,1.2549,1.2919,1.2292,1.2603,17639846.0
1733976000000,1.2603,1.2822,1.2474,1.2554,17897950.0
1733990400000,1.2555,1.2953,1.2207,1.2351,27860357.0
1734004800000,1.2351,1.277,1.2266,1.259,32845141.0
1734019200000,1.259,1.2815,1.2141,1.2154,30794380.0
1734033600000,1.2154,1.2607,1.2074,1.2306,20781030.0
1734048000000,1.2305,1.267,1.209,1.2523,15401411.0
1734062400000,1.2524,1.2544,1.1859,1.2092,17216698.0
1734076800000,1.2091,1.253,1.2077,1.2304,14615950.0
1734091200000,1.2305,1.2688,1.1879,1.1893,27956315.0
1734105600000,1.1893,1.229,1.1826,1.2198,22414590.0
1734120000000,1.22,1.2413,1.1929,1.2231,11194210.0
1734134400000,1.223,1.2281,1.185,1.1869,13165581.0
1734148800000,1.187,1.1946,1.1636,1.1764,12902561.0
1734163200000,1.1766,1.1855,1.1526,1.1636,12038743.0
1734177600000,1.1636,1.1658,1.0951,1.1097,32919976.0
1734192000000,1.1095,1.1493,1.081,1.1053,43731246.0
1734206400000,1.1052,1.1144,1.0741,1.092,17716081.0
1734220800000,1.0919,1.1161,1.0672,1.0825,15236591.0
1734235200000,1.0826,1.1049,1.0566,1.077,15743219.0
1734249600000,1.077,1.1169,1.0759,1.1081,14538470.0
1734264000000,1.1078,1.1563,1.102,1.1519,19527494.0
1734278400000,1.1517,1.1707,1.1376,1.145,14658886.0
1734292800000,1.1447,1.1588,1.0734,1.145,28918550.0
1734307200000,1.145,1.1788,1.1013,1.1104,21271050.0
1734321600000,1.1105,1.1339,1.0997,1.1161,11502708.0
1734336000000,1.116,1.1195,1.065,1.0733,21384979.0
1734350400000,1.0734,1.0937,1.053,1.0609,25818431.0
1734364800000,1.0608,1.107,1.0568,1.0684,31659678.0
1734379200000,1.0685,1.0821,1.0446,1.0478,23188083.0
1734393600000,1.0478,1.0517,1.015,1.0411,25379678.0
1734408000000,1.0412,1.0486,1.0224,1.0443,11138163.0
1734422400000,1.0444,1.101,1.0441,1.0748,24075998.0
1734436800000,1.0746,1.1038,1.0203,1.0636,38422121.0
1734451200000,1.0634,1.1017,1.0468,1.0737,31009885.0
1734465600000,1.0739,1.0808,1.0218,1.0415,19997283.0
1734480000000,1.0415,1.0527,1.0018,1.0111,22670578.0
1734494400000,1.0109,1.0148,0.9616,0.982,36030774.0
1734508800000,0.9821,1.0144,0.9717,1.0039,18175613.0
1734523200000,1.0038,1.0066,0.9695,0.9859,27945922.0
1734537600000,0.9859,0.9931,0.9177,0.9177,53143517.0
1734552000000,0.9177,0.9314,0.8,0.8265,140705714.0
1734566400000,0.8264,0.8412,0.7349,0.8151,125161546.0
1734580800000,0.815,0.8211,0.7913,0.7949,30986618.0
1734595200000,0.7947,0.8271,0.7817,0.8241,42664421.0
1734609600000,0.824,0.8279,0.7616,0.7842,58936350.0
1734624000000,0.7841,0.8119,0.7,0.7264,135475411.0
1734638400000,0.7266,0.7864,0.7,0.7686,85999561.0
1734652800000,0.7686,0.8057,0.752,0.781,49208185.0
1734667200000,0.781,0.7985,0.7589,0.775,36644887.0
1734681600000,0.7748,0.7752,0.6456,0.6522,131861556.0
1734696000000,0.6524,0.7409,0.6448,0.7211,78793453.0
1734710400000,0.7212,0.7895,0.7158,0.7762,44263344.0
1734724800000,0.776,0.8167,0.7588,0.7932,36631580.0
1734739200000,0.7931,0.8268,0.7891,0.8034,23201806.0
1734753600000,0.8034,0.874,0.7974,0.8634,28211465.0
1734768000000,0.8635,0.8661,0.8032,0.8126,29571406.0
1734782400000,0.8126,0.8136,0.7307,0.7573,55202912.0
1734796800000,0.7575,0.7583,0.7007,0.7156,48854919.0
1734811200000,0.7154,0.731,0.6955,0.7096,32129843.0
1734825600000,0.7096,0.7273,0.7025,0.721,28306398.0
1734840000000,0.7208,0.7541,0.7021,0.7524,32934019.0
1734854400000,0.7523,0.8106,0.7492,0.7991,43340552.0
1734868800000,0.7992,0.8203,0.7532,0.7776,51188007.0
1734883200000,0.7777,0.8126,0.747,0.7515,38449839.0
1734897600000,0.7513,0.7899,0.7362,0.7656,43605759.0
1734912000000,0.7656,0.7912,0.7459,0.7852,36301977.0
1734926400000,0.7855,0.7905,0.7478,0.7608,29537749.0
1734940800000,0.7607,0.7724,0.7406,0.7429,24676227.0
1734955200000,0.7428,0.7518,0.7241,0.7272,34065227.0
1734969600000,0.7269,0.8119,0.7213,0.7857,41734944.0
1734984000000,0.7856,0.8532,0.783,0.8146,36189171.0
1734998400000,0.8147,0.8169,0.7715,0.7944,24097526.0
1735012800000,0.7944,0.7947,0.7758,0.7801,15054953.0
1735027200000,0.7801,0.7908,0.7485,0.7668,29221404.0
1735041600000,0.7666,0.8063,0.7559,0.7962,30382645.0
1735056000000,0.7962,0.8031,0.7719,0.7728,25264010.0
1735070400000,0.7728,0.8135,0.76,0.8059,18553184.0
1735084800000,0.8057,0.8435,0.8001,0.8185,30878834.0
1735099200000,0.8185,0.8485,0.8069,0.8319,23492765.0
1735113600000,0.8319,0.8544,0.812,0.8362,31354122.0
1735128000000,0.8363,0.8549,0.8108,0.8313,33395172.0
1735142400000,0.8314,0.8337,0.79,0.7993,30183886.0
1735156800000,0.7994,0.8127,0.7813,0.7953,23791178.0
1735171200000,0.7955,0.8112,0.7702,0.7719,21394811.0
1735185600000,0.7721,0.7754,0.7593,0.769,21007563.0
1735200000000,0.7689,0.773,0.7481,0.7515,22376569.0
1735214400000,0.7512,0.7555,0.73,0.7323,27819841.0
1735228800000,0.7324,0.7427,0.7167,0.7249,19889008.0
1735243200000,0.7247,0.7452,0.7104,0.7295,24174332.0
1735257600000,0.7294,0.7443,0.7283,0.7406,16754970.0
1735272000000,0.7407,0.7523,0.718,0.7317,17713067.0
1735286400000,0.7317,0.7938,0.7316,0.7855,34125880.0
1735300800000,0.7856,0.788,0.752,0.7645,24853513.0
1735315200000,0.7645,0.7673,0.7321,0.7629,29775516.0
1735329600000,0.7629,0.7642,0.7302,0.7465,15257100.0
1735344000000,0.7465,0.7497,0.7244,0.7302,10828194.0
1735358400000,0.7303,0.7534,0.7241,0.7282,13154214.0
1735372800000,0.7283,0.7498,0.728,0.7401,10713949.0
1735387200000,0.7401,0.7945,0.7331,0.7748,27997870.0
1735401600000,0.7748,0.81,0.7711,0.7923,21560491.0
1735416000000,0.7922,0.8072,0.783,0.7944,27127540.0
1735430400000,0.7944,0.8052,0.7832,0.7945,12899142.0
1735444800000,0.7945,0.7978,0.7776,0.796,9142552.0
1735459200000,0.7961,0.8074,0.7852,0.7885,12900274.0
1735473600000,0.7885,0.7886,0.7536,0.7686,27003446.0
1735488000000,0.7687,0.77,0.7437,0.7447,13875663.0
1735502400000,0.7447,0.7448,0.7129,0.7315,25255756.0
1735516800000,0.7315,0.7865,0.7272,0.7713,27799670.0
1735531200000,0.7712,0.788,0.7657,0.7798,15862930.0
1735545600000,0.7799,0.7978,0.7798,0.7872,19672740.0
1735560000000,0.787,0.8062,0.7707,0.7933,32934199.0
1735574400000,0.7932,0.8158,0.766,0.8042,37591229.0
1735588800000,0.8041,0.8061,0.7581,0.7732,21783945.0
1735603200000,0.7732,0.7742,0.7402,0.7464,16803798.0
1735617600000,0.7466,0.7548,0.7278,0.7545,19326277.0
1735632000000,0.7545,0.7629,0.7387,0.7454,21064234.0
1735646400000,0.7456,0.7897,0.7403,0.7647,29091182.0
1735660800000,0.7649,0.8078,0.7434,0.747,35245034.0
1735675200000,0.7469,0.7594,0.7314,0.7375,18180948.0
1735689600000,0.7376,0.7761,0.733,0.733,19937194.0
1735704000000,0.733,0.7445,0.7296,0.7404,11575986.0
1735718400000,0.7404,0.7604,0.7184,0.7593,33595097.0
1735732800000,0.7594,0.7653,0.7276,0.7419,29273483.0
1735747200000,0.7419,0.7519,0.7262,0.746,26817113.0
1735761600000,0.7461,0.7662,0.7442,0.754,23807244.0
1735776000000,0.7541,0.7827,0.7524,0.7717,22085136.0
1735790400000,0.7719,0.8225,0.7707,0.8072,27711432.0
1735804800000,0.8072,0.8719,0.8072,0.8612,35555882.0
1735819200000,0.8612,0.9,0.8586,0.8787,58325767.0
1735833600000,0.8787,0.898,0.8601,0.8732,34448885.0
1735848000000,0.8735,0.8857,0.843,0.8718,24463859.0
1735862400000,0.8719,0.8729,0.8448,0.856,15502915.0
1735876800000,0.856,0.8708,0.8383,0.8532,18466456.0
1735891200000,0.8533,0.9132,0.8514,0.9075,32159767.0
1735905600000,0.9076,0.9528,0.8824,0.9404,48849050.0
1735920000000,0.9405,0.9833,0.9284,0.9349,47643620.0
1735934400000,0.9349,0.9373,0.9174,0.9311,16870336.0
1735948800000,0.9311,0.9339,0.9111,0.9281,11983433.0
1735963200000,0.9281,0.9298,0.9118,0.916,13466182.0
1735977600000,0.916,0.9175,0.8876,0.8979,20408546.0
1735992000000,0.8979,0.9066,0.8704,0.8746,22014577.0
1736006400000,0.8744,0.8901,0.8667,0.8867,13456227.0
1736020800000,0.8868,0.9007,0.881,0.8899,9940895.0
1736035200000,0.8901,0.8942,0.8711,0.8813,9980547.0
1736049600000,0.8812,0.8864,0.87,0.872,5826410.0
1736064000000,0.872,0.8733,0.85,0.8695,17173587.0
1736078400000,0.8696,0.8771,0.8504,0.866,17169427.0
1736092800000,0.866,0.8731,0.8456,0.8636,9606407.0
1736107200000,0.8638,0.8742,0.8606,0.8629,7978897.0
1736121600000,0.863,0.876,0.8426,0.8659,17432377.0
1736136000000,0.866,0.8738,0.8521,0.8622,11476097.0
1736150400000,0.8624,0.8728,0.8388,0.8702,17037089.0
1736164800000,0.8703,0.9007,0.8569,0.8851,39933166.0
1736179200000,0.8851,0.9068,0.8612,0.8761,24111314.0
1736193600000,0.8761,0.8808,0.844,0.8529,18271186.0
1736208000000,0.853,0.8583,0.801,0.8121,36904154.0
1736222400000,0.8122,0.8152,0.7969,0.8118,22708570.0
1736236800000,0.8118,0.824,0.7879,0.7994,25322361.0
1736251200000,0.7996,0.8004,0.7504,0.7657,62973150.0
1736265600000,0.7657,0.7705,0.7266,0.7311,41976487.0
1736280000000,0.731,0.7344,0.7056,0.7067,35512137.0
1736294400000,0.7067,0.7197,0.6626,0.6666,57249472.0
1736308800000,0.6666,0.6833,0.6522,0.6634,38991046.0
1736323200000,0.6636,0.6816,0.6513,0.6582,33665264.0
1736337600000,0.6582,0.668,0.6432,0.6542,45394951.0
1736352000000,0.6544,0.6562,0.5634,0.5984,121859964.0
1736366400000,0.5984,0.6086,0.5895,0.6018,24616301.0
1736380800000,0.6018,0.6071,0.5874,0.5926,25367637.0
1736395200000,0.5926,0.5952,0.5732,0.579,30745713.0
1736409600000,0.5789,0.589,0.564,0.5685,40934129.0
1736424000000,0.5683,0.5748,0.5221,0.549,101849597.0
1736438400000,0.5489,0.5593,0.5265,0.5284,56263639.0
1736452800000,0.5283,0.5466,0.5207,0.5394,46205386.0
1736467200000,0.5394,0.5792,0.5392,0.5766,44214643.0
1736481600000,0.5766,0.5949,0.5753,0.5862,31161160.0
1736496000000,0.5861,0.591,0.5697,0.5754,26191590.0
1736510400000,0.5754,0.5761,0.5271,0.5463,81871774.0
1736524800000,0.5465,0.5611,0.5301,0.5453,39591773.0
1736539200000,0.5452,0.5456,0.5302,0.5343,19988007.0
1736553600000,0.5344,0.5415,0.5166,0.5196,31615480.0
1736568000000,0.5196,0.531,0.5125,0.5276,29968351.0
1736582400000,0.5275,0.5332,0.5222,0.5286,22732647.0
1736596800000,0.5286,0.5313,0.5178,0.5237,29799086.0
1736611200000,0.5236,0.528,0.5155,0.526,25620675.0
1736625600000,0.526,0.5753,0.5241,0.5559,59424881.0
1736640000000,0.556,0.556,0.5371,0.5442,25459170.0
1736654400000,0.5443,0.552,0.5378,0.5512,17134100.0
1736668800000,0.5511,0.5823,0.5406,0.58,64424846.0
1736683200000,0.5799,0.5945,0.5624,0.5903,152173080.0
1736697600000,0.5902,0.5939,0.5683,0.5745,75494159.0
1736712000000,0.5745,0.5819,0.5622,0.5786,39730472.0
1736726400000,0.5786,0.5937,0.5511,0.5547,61110510.0
1736740800000,0.5549,0.5687,0.5529,0.5637,47676429.0
1736755200000,0.5637,0.5674,0.5043,0.5048,110598516.0
1736769600000,0.5049,0.5276,0.4861,0.5213,131218558.0
1736784000000,0.5214,0.546,0.506,0.5201,83987230.0
1736798400000,0.52,0.5623,0.5126,0.5551,52241022.0
1736812800000,0.5552,0.5662,0.5467,0.5574,27909570.0
1736827200000,0.5574,0.5725,0.5541,0.5565,25718800.0
1736841600000,0.5566,0.5753,0.551,0.5544,43008010.0
1736856000000,0.5541,0.5753,0.5517,0.5577,47916370.0
1736870400000,0.5576,0.5644,0.5492,0.5594,30978448.0
1736884800000,0.5593,0.5614,0.5445,0.5471,27405358.0
1736899200000,0.5471,0.5517,0.5239,0.528,38947481.0
1736913600000,0.5282,0.5428,0.5273,0.536,28866556.0
1736928000000,0.5361,0.5422,0.518,0.5236,21846938.0
1736942400000,0.5235,0.5806,0.5199,0.5641,57986563.0
1736956800000,0.5642,0.6179,0.5642,0.5997,71944188.0
1736971200000,0.5997,0.6104,0.5869,0.5962,26067125.0
1736985600000,0.5963,0.6046,0.5702,0.5714,25251679.0
1737000000000,0.5713,0.5875,0.5686,0.5868,16050023.0
1737014400000,0.5867,0.5949,0.5636,0.5938,30169323.0
1737028800000,0.5938,0.6157,0.5732,0.5883,75005023.0
1737043200000,0.5882,0.6232,0.5874,0.619,43203753.0
1737057600000,0.619,0.6249,0.5848,0.5924,33954390.0
1737072000000,0.5924,0.6347,0.5909,0.6123,35163587.0
1737086400000,0.6123,0.6178,0.6063,0.6108,17369364.0
1737100800000,0.6109,0.6904,0.6101,0.6874,90477294.0
1737115200000,0.6872,0.7224,0.6838,0.7177,83294334.0
1737129600000,0.7178,0.733,0.6917,0.6974,68598291.0
1737144000000,0.6975,0.7391,0.6924,0.7195,42468162.0
1737158400000,0.7196,0.7498,0.6851,0.6885,68796937.0
1737172800000,0.6883,0.7074,0.6473,0.648,88095153.0
1737187200000,0.6482,0.6569,0.6282,0.6323,75144998.0
1737201600000,0.6326,0.6486,0.6091,0.6361,54974969.0
1737216000000,0.6361,0.6623,0.6205,0.6291,66792180.0
1737230400000,0.6292,0.6317,0.594,0.61,45286532.0
1737244800000,0.6101,0.6264,0.5955,0.5955,44486369.0
1737259200000,0.5958,0.626,0.5882,0.5891,65161184.0
1737273600000,0.589,0.5908,0.516,0.5223,111451828.0
1737288000000,0.5223,0.5415,0.5132,0.5304,79822147.0
1737302400000,0.5305,0.6134,0.5277,0.612,80466144.0
1737316800000,0.612,0.6419,0.4888,0.5063,193992295.0
1737331200000,0.5063,0.5064,0.4112,0.4423,170874884.0
1737345600000,0.4424,0.4811,0.4276,0.4627,120995074.0
1737360000000,0.4627,0.4809,0.4404,0.4483,75978195.0
1737374400000,0.4483,0.4514,0.4202,0.4372,100865986.0
1737388800000,0.4373,0.448,0.39,0.4232,136211874.0
1737403200000,0.4232,0.4562,0.4182,0.4285,73878514.0
1737417600000,0.4284,0.4474,0.4221,0.4411,61244907.0
1737432000000,0.4411,0.4413,0.4246,0.4293,37412268.0
1737446400000,0.4292,0.455,0.4191,0.4508,56789152.0
1737460800000,0.4509,0.4695,0.4373,0.4561,75080430.0
1737475200000,0.456,0.5483,0.4537,0.5121,146212320.0
1737489600000,0.5123,0.5295,0.491,0.4968,89679244.0
1737504000000,0.4969,0.5078,0.4855,0.4985,38122227.0
1737518400000,0.4984,0.5558,0.4976,0.5497,65892297.0
1737532800000,0.5497,0.5749,0.5298,0.5654,82656924.0
1737547200000,0.5655,0.6092,0.5523,0.6052,112771450.0
1737561600000,0.6052,0.6227,0.5742,0.6062,100072958.0
1737576000000,0.606,0.6345,0.564,0.5713,120047115.0
1737590400000,0.5714,0.6047,0.5521,0.5578,105330723.0
1737604800000,0.5578,0.5942,0.5577,0.5771,68350580.0
1737619200000,0.5771,0.5771,0.5444,0.5451,46824982.0
1737633600000,0.545,0.6164,0.5349,0.573,100671483.0
1737648000000,0.573,0.5944,0.5398,0.5403,51502828.0
1737662400000,0.5402,0.6009,0.5318,0.5606,81545617.0
1737676800000,0.5605,0.5797,0.5384,0.5619,46579725.0
1737691200000,0.5619,0.5967,0.5544,0.5693,50451255.0
1737705600000,0.5694,0.5713,0.5197,0.5368,59487039.0
1737720000000,0.5367,0.5515,0.4966,0.5008,75908671.0
1737734400000,0.5006,0.5095,0.4765,0.4796,69013407.0
1737748800000,0.4796,0.4829,0.4404,0.4426,66011266.0
1737763200000,0.4427,0.445,0.4158,0.4349,80819628.0
1737777600000,0.4349,0.4368,0.4254,0.4275,41772457.0
1737792000000,0.4276,0.4395,0.4254,0.4307,39660625.0
1737806400000,0.4307,0.4501,0.4264,0.4479,45928450.0
1737820800000,0.4478,0.4702,0.4359,0.4484,78420500.0
1737835200000,0.4483,0.4543,0.4179,0.422,66664287.0
1737849600000,0.4221,0.4343,0.4199,0.4254,34135180.0
1737864000000,0.4255,0.4389,0.4233,0.4339,30773824.0
1737878400000,0.4339,0.4377,0.4212,0.4344,33934097.0
1737892800000,0.4345,0.4373,0.4255,0.4334,30186036.0
1737907200000,0.4334,0.467,0.4279,0.45,68716808.0
1737921600000,0.4501,0.4537,0.4013,0.4025,65833018.0
1737936000000,0.4025,0.4128,0.3775,0.3831,81289799.0
1737950400000,0.3832,0.3843,0.3417,0.3564,74254348.0
1737964800000,0.3565,0.3629,0.3395,0.3546,61876369.0
1737979200000,0.3547,0.3795,0.3524,0.3697,70809125.0
1737993600000,0.3697,0.3771,0.3474,0.3542,53548110.0
1738008000000,0.3542,0.3917,0.354,0.3844,63388202.0
1738022400000,0.3844,0.3971,0.3778,0.386,40622180.0
1738036800000,0.3861,0.4006,0.3803,0.3822,44583702.0
1738051200000,0.3823,0.3934,0.3742,0.3786,39715192.0
1738065600000,0.3787,0.3854,0.3694,0.3745,52328272.0
1738080000000,0.3745,0.3757,0.3551,0.3606,56200015.0
1738094400000,0.3607,0.3648,0.3275,0.3297,76732222.0
1738108800000,0.3297,0.3805,0.3253,0.3633,103182382.0
1738123200000,0.3633,0.3844,0.361,0.3789,54403548.0
1738137600000,0.3788,0.3833,0.366,0.3771,39376134.0
1738152000000,0.3772,0.3774,0.3389,0.345,72801194.0
1738166400000,0.3452,0.3821,0.3347,0.3639,130349230.0
1738180800000,0.3637,0.3934,0.3404,0.3421,88647085.0
1738195200000,0.3421,0.3582,0.3352,0.3571,48577121.0
1738209600000,0.357,0.3602,0.3395,0.3477,41077410.0
1738224000000,0.3478,0.3534,0.3378,0.344,51619631.0
1738238400000,0.3438,0.3726,0.3355,0.3534,95183136.0
1738252800000,0.3534,0.3575,0.3361,0.3432,63426049.0
1738267200000,0.3432,0.3435,0.3255,0.3258,60518519.0
1738281600000,0.3259,0.3388,0.3138,0.331,66966289.0
1738296000000,0.3309,0.3322,0.3175,0.3185,36235961.0
1738310400000,0.3184,0.3379,0.3129,0.3345,58151489.0
1738324800000,0.3346,0.3591,0.3304,0.3495,115239774.0
1738339200000,0.3495,0.356,0.3144,0.3301,109823530.0
1738353600000,0.3301,0.3301,0.312,0.316,60120469.0
1738368000000,0.316,0.3332,0.3109,0.3167,57210608.0
1738382400000,0.3167,0.3282,0.3126,0.3163,41200275.0
1738396800000,0.3164,0.3181,0.2673,0.2767,165675399.0
1738411200000,0.2766,0.2886,0.2695,0.273,81619686.0
1738425600000,0.2731,0.2735,0.2468,0.2499,144634115.0
1738440000000,0.2498,0.2529,0.2251,0.2259,152691033.0
1738454400000,0.226,0.2428,0.2205,0.2217,137274704.0
1738468800000,0.2218,0.2437,0.2209,0.2377,101212839.0
1738483200000,0.2376,0.2449,0.2285,0.2298,69219874.0
1738497600000,0.2299,0.2353,0.2158,0.2212,189568427.0
1738512000000,0.2212,0.2417,0.2054,0.2311,403320887.0
1738526400000,0.231,0.2456,0.2106,0.2391,248457156.0
1738540800000,0.2392,0.2394,0.1596,0.1832,454923141.0
1738555200000,0.1833,0.2078,0.1744,0.206,143291572.0
1738569600000,0.206,0.2269,0.2017,0.2124,128863092.0
1738584000000,0.2125,0.2606,0.2006,0.2485,252231428.0
1738598400000,0.2488,0.2579,0.238,0.2502,150100001.0
1738612800000,0.2502,0.2664,0.2438,0.2608,98328986.0
1738627200000,0.2608,0.2682,0.2546,0.264,79287473.0
1738641600000,0.2639,0.2688,0.2303,0.2413,182377280.0
1738656000000,0.2412,0.2509,0.2348,0.2462,80312382.0
1738670400000,0.2462,0.279,0.2462,0.2694,152481565.0
1738684800000,0.2694,0.2769,0.25,0.2503,127040031.0
1738699200000,0.2505,0.2544,0.2274,0.2381,152646272.0
1738713600000,0.2381,0.2572,0.2377,0.2492,85381194.0
1738728000000,0.2492,0.2615,0.2436,0.2455,62172004.0
1738742400000,0.2454,0.2609,0.2406,0.2558,56941713.0
1738756800000,0.2557,0.2609,0.2384,0.244,72659361.0
1738771200000,0.2439,0.2469,0.2176,0.2261,143854609.0
1738785600000,0.2262,0.2298,0.2118,0.2159,77497134.0
1738800000000,0.216,0.2278,0.216,0.2249,70667915.0
1738814400000,0.225,0.2327,0.2215,0.2239,54486548.0
1738828800000,0.2239,0.2285,0.2151,0.2211,61059972.0
1738843200000,0.2212,0.2243,0.2022,0.2045,121473034.0
1738857600000,0.2045,0.2185,0.2037,0.2119,132631780.0
1738872000000,0.2118,0.2173,0.2043,0.2067,76481426.0
1738886400000,0.2066,0.218,0.2055,0.2134,57802258.0
1738900800000,0.2135,0.2198,0.2086,0.2142,47956235.0
1738915200000,0.2143,0.2257,0.2123,0.2221,46188391.0
1738929600000,0.2221,0.2816,0.2183,0.2358,390004256.0
1738944000000,0.2358,0.2412,0.2139,0.2157,161327980.0
1738958400000,0.2158,0.2178,0.2043,0.2152,112725638.0
1738972800000,0.2152,0.2339,0.2137,0.2266,87722918.0
1738987200000,0.2265,0.2617,0.2236,0.2519,129316672.0
1739001600000,0.2519,0.2766,0.2436,0.2716,254812031.0
1739016000000,0.2715,0.2843,0.2629,0.2674,308802148.0
1739030400000,0.2675,0.3109,0.2589,0.2963,274532457.0
1739044800000,0.2964,0.3028,0.2743,0.2764,144810118.0
1739059200000,0.2763,0.322,0.269,0.305,175736216.0
1739073600000,0.3051,0.3054,0.2863,0.3009,126895537.0
1739088000000,0.3009,0.3173,0.2951,0.2997,122637709.0
1739102400000,0.2998,0.3172,0.2863,0.2896,169944300.0
1739116800000,0.2895,0.2895,0.2752,0.2771,87750730.0
1739131200000,0.2772,0.2864,0.2573,0.2826,137412300.0
1739145600000,0.2826,0.3097,0.2756,0.2897,141566900.0
1739160000000,0.2897,0.3036,0.2831,0.292,84400518.0
1739174400000,0.2919,0.314,0.2916,0.3043,101952081.0
1739188800000,0.3043,0.337,0.3002,0.3073,173723403.0
1739203200000,0.3073,0.3153,0.291,0.2932,98646105.0
1739217600000,0.2932,0.2977,0.2782,0.2806,71947299.0
1739232000000,0.2807,0.2956,0.2774,0.2853,82823100.0
1739246400000,0.2853,0.3038,0.2819,0.2995,79400258.0
1739260800000,0.2994,0.3022,0.2652,0.2749,133189147.0
1739275200000,0.2748,0.2751,0.2585,0.2709,143909915.0
1739289600000,0.2709,0.2775,0.2617,0.2655,105440045.0
1739304000000,0.2654,0.2722,0.2542,0.2655,91201280.0
1739318400000,0.2656,0.2689,0.2515,0.2608,67499634.0
1739332800000,0.2607,0.2685,0.2543,0.2635,58426506.0
1739347200000,0.2635,0.2658,0.2549,0.2617,57665259.0
1739361600000,0.2617,0.2718,0.2386,0.2481,190009022.0
1739376000000,0.2482,0.2706,0.238,0.2688,134774453.0
1739390400000,0.2689,0.3278,0.2629,0.3145,331863529.0
1739404800000,0.3146,0.3381,0.3019,0.3311,104979581.0
1739419200000,0.331,0.3396,0.3169,0.3213,135853545.0
1739433600000,0.3213,0.3307,0.305,0.3106,120943193.0
1739448000000,0.3107,0.3143,0.2837,0.2893,168642093.0
1739462400000,0.2893,0.32,0.282,0.3037,173264188.0
1739476800000,0.3037,0.3174,0.2972,0.3106,78820095.0
1739491200000,0.3106,0.3535,0.3105,0.3451,175317642.0
1739505600000,0.3451,0.3599,0.3364,0.3529,110440409.0
1739520000000,0.3528,0.3742,0.3468,0.3526,140456166.0
1739534400000,0.3525,0.3764,0.3439,0.3683,155553611.0
1739548800000,0.3683,0.3793,0.3502,0.3566,151068243.0
1739563200000,0.3566,0.3582,0.3249,0.3417,115070574.0
1739577600000,0.3417,0.3427,0.3178,0.3205,78303609.0
1739592000000,0.3205,0.3234,0.3064,0.3128,61749147.0
1739606400000,0.3127,0.3185,0.2998,0.3103,72885392.0
1739620800000,0.3104,0.3266,0.3054,0.3243,92128600.0
1739635200000,0.3244,0.3303,0.316,0.32,78011900.0
1739649600000,0.32,0.3206,0.2838,0.2866,143439573.0
1739664000000,0.2867,0.2978,0.2832,0.2978,64262802.0
1739678400000,0.2978,0.3175,0.2967,0.3017,87515957.0
1739692800000,0.3017,0.3065,0.2963,0.3034,61806985.0
1739707200000,0.3034,0.3136,0.2953,0.3115,83303525.0
1739721600000,0.3115,0.3165,0.2869,0.2903,103028754.0
1739736000000,0.2903,0.3053,0.282,0.2928,82703237.0
1739750400000,0.2928,0.3025,0.2847,0.2917,67889201.0
1739764800000,0.2916,0.2934,0.2683,0.2794,104969189.0
1739779200000,0.2794,0.2984,0.2757,0.2961,72265297.0
1739793600000,0.2962,0.3034,0.2798,0.2817,82768358.0
1739808000000,0.2816,0.2831,0.2511,0.2608,156776996.0
1739822400000,0.2608,0.2731,0.2607,0.2669,60026678.0
1739836800000,0.267,0.2719,0.2645,0.266,43053669.0
1739851200000,0.266,0.2663,0.2444,0.2521,90250313.0
1739865600000,0.2522,0.2583,0.2453,0.2527,67314638.0
1739880000000,0.2526,0.2563,0.2359,0.2382,95712390.0
1739894400000,0.2382,0.2429,0.2245,0.235,114511542.0
1739908800000,0.2351,0.2436,0.231,0.2387,66962199.0
1739923200000,0.2387,0.2411,0.2306,0.233,57912157.0
1739937600000,0.233,0.2402,0.2253,0.2379,69223986.0
1739952000000,0.2379,0.2494,0.234,0.2442,102580781.0
1739966400000,0.2443,0.2451,0.2286,0.2306,85222338.0
1739980800000,0.2306,0.2395,0.2277,0.2298,76855896.0
1739995200000,0.2297,0.2338,0.2143,0.2263,103426336.0
1740009600000,0.2264,0.2339,0.224,0.2297,62780654.0
1740024000000,0.2298,0.2353,0.2241,0.2274,41795706.0
1740038400000,0.2274,0.24,0.2251,0.2379,55439187.0
1740052800000,0.2379,0.2436,0.2307,0.2362,76096766.0
1740067200000,0.2363,0.245,0.2325,0.2395,59927814.0
1740081600000,0.2394,0.251,0.2347,0.2498,56429777.0
1740096000000,0.2498,0.2532,0.2306,0.2351,60924831.0
1740110400000,0.235,0.2493,0.2347,0.2454,46327129.0
1740124800000,0.2454,0.2635,0.2446,0.2583,64294617.0
1740139200000,0.2583,0.2768,0.2405,0.2429,152635421.0
1740153600000,0.243,0.2573,0.2389,0.2428,132528437.0
1740168000000,0.2429,0.2562,0.2415,0.2445,78194514.0
1740182400000,0.2445,0.2529,0.2291,0.233,68836616.0
1740196800000,0.2331,0.2492,0.2314,0.2476,43497735.0
1740211200000,0.2475,0.2599,0.245,0.2577,45731273.0
1740225600000,0.2576,0.2657,0.2534,0.2635,41164065.0
1740240000000,0.2634,0.2675,0.2553,0.2584,42000798.0
1740254400000,0.2584,0.2708,0.2558,0.2632,36368445.0
1740268800000,0.2633,0.2634,0.2495,0.2502,32016235.0
1740283200000,0.2503,0.2586,0.244,0.2572,41201188.0
1740297600000,0.2571,0.2617,0.2466,0.2479,44870411.0
1740312000000,0.2479,0.2488,0.2341,0.2342,46081044.0
1740326400000,0.2343,0.2434,0.2339,0.2404,26692738.0
1740340800000,0.2405,0.2475,0.2378,0.242,29288075.0
1740355200000,0.2421,0.2479,0.228,0.2306,48102753.0
1740369600000,0.2307,0.2334,0.2246,0.229,32477205.0
1740384000000,0.2289,0.2305,0.2196,0.2274,51263017.0
1740398400000,0.2273,0.234,0.2175,0.2215,134425527.0
1740412800000,0.2215,0.2283,0.2164,0.22,78562710.0
1740427200000,0.2201,0.227,0.1888,0.2026,113284687.0
1740441600000,0.2026,0.2113,0.1957,0.2062,77228142.0
1740456000000,0.2063,0.2159,0.1948,0.2064,112191563.0
1740470400000,0.2065,0.2187,0.1991,0.2161,91235336.0
1740484800000,0.2162,0.2306,0.2103,0.2271,93642584.0
1740499200000,0.2271,0.2316,0.2168,0.2288,84921081.0
1740513600000,0.2287,0.2364,0.2237,0.2246,50504134.0
1740528000000,0.2247,0.2391,0.2245,0.2339,36694098.0
1740542400000,0.2339,0.2384,0.2305,0.2313,31333510.0
1740556800000,0.2311,0.2377,0.2226,0.2243,49193987.0
1740571200000,0.2244,0.2442,0.2197,0.2423,71450027.0
1740585600000,0.2424,0.2469,0.2264,0.2288,71291194.0
1740600000000,0.2288,0.2614,0.2281,0.2584,98002969.0
1740614400000,0.2585,0.2727,0.2573,0.2704,44041795.0
1740628800000,0.2703,0.2733,0.2616,0.2709,35591053.0
1740643200000,0.2709,0.2746,0.2618,0.2661,41020876.0
1740657600000,0.2661,0.2737,0.2581,0.2666,72790324.0
1740672000000,0.2665,0.2698,0.2496,0.2514,67832024.0
1740686400000,0.2513,0.2606,0.2473,0.2553,63914715.0
1740700800000,0.2553,0.2596,0.2424,0.2463,71322105.0
1740715200000,0.2464,0.2636,0.2432,0.2555,60100008.0
1740729600000,0.2555,0.2631,0.2472,0.2489,66055902.0
1740744000000,0.2488,0.2858,0.2468,0.2829,108844100.0
1740758400000,0.2829,0.2935,0.2754,0.2868,69986980.0
1740772800000,0.2868,0.2965,0.2774,0.2826,44601571.0
1740787200000,0.2826,0.2933,0.2797,0.2844,47122479.0
1740801600000,0.2843,0.2923,0.2827,0.2863,28821996.0
1740816000000,0.2863,0.2874,0.2647,0.2658,51065556.0
1740830400000,0.2658,0.2681,0.2489,0.2531,60288263.0
1740844800000,0.2532,0.2542,0.2442,0.2521,45367364.0
1740859200000,0.2521,0.2549,0.2451,0.2497,33528058.0
1740873600000,0.2497,0.2556,0.2464,0.247,35182244.0
1740888000000,0.2469,0.2524,0.2208,0.2365,98287987.0
1740902400000,0.2364,0.2483,0.2352,0.2435,50909468.0
1740916800000,0.2436,0.2493,0.2256,0.2423,137900234.0
1740931200000,0.2424,0.2939,0.241,0.2896,183475335.0
1740945600000,0.2895,0.2968,0.2836,0.2904,55110156.0
1740960000000,0.2904,0.2982,0.276,0.2855,53235074.0
1740974400000,0.2854,0.2985,0.2702,0.2803,66741727.0
1740988800000,0.2803,0.2927,0.2753,0.2833,53927344.0
1741003200000,0.2832,0.2979,0.253,0.2546,110432513.0
1741017600000,0.2545,0.258,0.2387,0.2413,98704415.0
1741032000000,0.2414,0.247,0.2267,0.228,53221274.0
1741046400000,0.2281,0.2312,0.2018,0.2195,89794010.0
1741060800000,0.2196,0.226,0.215,0.2155,37618453.0
1741075200000,0.2156,0.2243,0.2117,0.22,38785570.0
1741089600000,0.2199,0.2243,0.2044,0.2112,88543515.0
1741104000000,0.2112,0.2192,0.193,0.218,98364840.0
1741118400000,0.218,0.2213,0.2065,0.2122,42566826.0
1741132800000,0.2122,0.2147,0.2075,0.2093,27110055.0
1741147200000,0.2094,0.2142,0.2087,0.2131,21483736.0
1741161600000,0.2132,0.2311,0.2127,0.2263,53796533.0
1741176000000,0.2264,0.2341,0.2173,0.2197,59535726.0
1741190400000,0.2196,0.2244,0.2112,0.2214,56315738.0
1741204800000,0.2214,0.2343,0.2201,0.2328,31780264.0
1741219200000,0.2329,0.2374,0.2261,0.233,39776650.0
1741233600000,0.2329,0.2345,0.2255,0.2317,38096524.0
1741248000000,0.2317,0.2438,0.2315,0.2422,50592554.0
1741262400000,0.2422,0.2436,0.2305,0.2413,62353419.0
1741276800000,0.2414,0.243,0.227,0.2328,52981399.0
1741291200000,0.2328,0.2352,0.221,0.2212,48014115.0
1741305600000,0.2212,0.2281,0.2041,0.2217,99135583.0
1741320000000,0.2217,0.2237,0.2153,0.2175,24226843.0
1741334400000,0.2175,0.221,0.2117,0.2121,33102824.0
1741348800000,0.2121,0.2217,0.2082,0.2192,69399503.0
1741363200000,0.2191,0.23,0.2103,0.2242,64288140.0
1741377600000,0.2242,0.2257,0.2067,0.2083,55586195.0
1741392000000,0.2082,0.2158,0.2043,0.2115,40826453.0
1741406400000,0.2114,0.212,0.2037,0.21,30414753.0
1741420800000,0.21,0.2137,0.2002,0.2026,41455942.0
1741435200000,0.2027,0.2046,0.1963,0.1997,41170855.0
1741449600000,0.1998,0.205,0.1953,0.2036,30947393.0
1741464000000,0.2036,0.2041,0.1915,0.1994,30187153.0
1741478400000,0.1994,0.2041,0.1987,0.2017,20460596.0
1741492800000,0.2018,0.2024,0.1964,0.1991,16334450.0
1741507200000,0.199,0.1992,0.1894,0.1917,28695205.0
1741521600000,0.1917,0.194,0.1766,0.1782,51163801.0
1741536000000,0.1783,0.1809,0.1646,0.1705,88811069.0
1741550400000,0.1705,0.1739,0.1647,0.169,40611566.0
1741564800000,0.1691,0.1764,0.1669,0.1706,37354398.0
1741579200000,0.1706,0.1756,0.17,0.1745,22421173.0
1741593600000,0.1745,0.1808,0.1699,0.1757,54307760.0
1741608000000,0.1758,0.1778,0.1576,0.1635,98765539.0
1741622400000,0.1634,0.1645,0.1466,0.1569,101211540.0
1741636800000,0.1569,0.1585,0.1503,0.1508,34159925.0
1741651200000,0.1509,0.1537,0.1374,0.1489,83191748.0
1741665600000,0.1489,0.1555,0.1488,0.1519,33786476.0
1741680000000,0.1519,0.1563,0.1516,0.1549,36733923.0
1741694400000,0.1548,0.1578,0.1449,0.1547,84812381.0
1741708800000,0.1546,0.1616,0.1511,0.1609,66105996.0
1741723200000,0.1608,0.1617,0.1547,0.1558,33282788.0
1741737600000,0.1559,0.1588,0.1496,0.1501,29485625.0
1741752000000,0.1501,0.1549,0.1485,0.1544,39167194.0
1741766400000,0.1544,0.1573,0.1503,0.1548,37110439.0
1741780800000,0.1547,0.1621,0.1478,0.153,99678166.0
1741795200000,0.153,0.1577,0.1528,0.157,37582059.0
1741809600000,0.157,0.1663,0.1561,0.1653,46185828.0
1741824000000,0.1652,0.1678,0.1606,0.1668,52294987.0
1741838400000,0.1667,0.1675,0.1575,0.1633,54824368.0
1741852800000,0.1633,0.1716,0.1616,0.1674,59013141.0
1741867200000,0.1675,0.1956,0.166,0.1914,357712463.0
1741881600000,0.1915,0.1931,0.1687,0.1704,291156826.0
1741896000000,0.1705,0.1817,0.1639,0.1749,104095479.0
1741910400000,0.175,0.1854,0.1749,0.181,100612229.0
1741924800000,0.181,0.185,0.1765,0.1836,63547487.0
1741939200000,0.1836,0.2027,0.1824,0.1971,188735455.0
1741953600000,0.1971,0.2163,0.1864,0.2098,223921612.0
1741968000000,0.2098,0.2132,0.1998,0.2018,137898781.0
1741982400000,0.2019,0.204,0.1909,0.1918,110727061.0
1741996800000,0.1917,0.1986,0.189,0.198,58063705.0
1742011200000,0.1981,0.2001,0.1906,0.1921,57139194.0
1742025600000,0.1922,0.2022,0.19,0.1972,79691944.0
1742040000000,0.1973,0.1987,0.191,0.1976,73083527.0
1742054400000,0.1977,0.201,0.1905,0.1973,82651418.0
1742068800000,0.1972,0.2033,0.1965,0.1985,34009988.0
1742083200000,0.1986,0.2059,0.1964,0.204,50585234.0
1742097600000,0.204,0.205,0.1964,0.199,40840392.0
1742112000000,0.199,0.2038,0.1839,0.1848,113918202.0
1742126400000,0.1849,0.1883,0.182,0.1859,59672705.0
1742140800000,0.1858,0.1957,0.1836,0.1847,96499092.0
1742155200000,0.1847,0.1858,0.1801,0.1804,28897445.0
1742169600000,0.1805,0.1869,0.1792,0.1866,42265760.0
1742184000000,0.1866,0.1997,0.185,0.1992,75095638.0
1742198400000,0.1992,0.2062,0.197,0.203,72418083.0
1742212800000,0.203,0.2093,0.1981,0.2023,70414315.0
1742227200000,0.2024,0.2098,0.1965,0.204,58102710.0
1742241600000,0.204,0.2049,0.1967,0.1983,25678736.0
1742256000000,0.1984,0.1992,0.1875,0.1892,58315669.0
1742270400000,0.1892,0.1925,0.1854,0.1863,60627119.0
1742284800000,0.1864,0.1898,0.1841,0.185,37225663.0
1742299200000,0.1849,0.1861,0.1813,0.1821,40008619.0
1742313600000,0.1821,0.1876,0.1798,0.1871,48167732.0
1742328000000,0.1871,0.2008,0.1842,0.1969,64353779.0
1742342400000,0.1968,0.1999,0.1904,0.1946,31284900.0
1742356800000,0.1947,0.1965,0.1901,0.1919,27110359.0
1742371200000,0.1919,0.2023,0.1914,0.2012,38976608.0
1742385600000,0.2011,0.2053,0.1947,0.1992,63928654.0
1742400000000,0.1993,0.2038,0.1857,0.2002,131478190.0
1742414400000,0.2003,0.2077,0.1986,0.2071,62255140.0
1742428800000,0.2071,0.2134,0.189,0.1904,99545261.0
1742443200000,0.1905,0.1929,0.1881,0.1902,32934622.0
1742457600000,0.1902,0.1907,0.1831,0.1872,51585569.0
1742472000000,0.1872,0.1982,0.1863,0.191,99734841.0
1742486400000,0.1911,0.1982,0.1888,0.1943,47960994.0
1742500800000,0.1943,0.1947,0.1896,0.1902,20439581.0
1742515200000,0.1903,0.1975,0.1893,0.1903,42242596.0
1742529600000,0.1903,0.1913,0.1849,0.1854,23367580.0
1742544000000,0.1853,0.189,0.1833,0.1851,34041855.0
1742558400000,0.185,0.188,0.1818,0.1841,61099699.0
1742572800000,0.1841,0.191,0.1827,0.1898,39860817.0
1742587200000,0.1899,0.2048,0.1885,0.1948,109673118.0
1742601600000,0.1948,0.202,0.1911,0.1996,61034453.0
1742616000000,0.1997,0.2073,0.1981,0.2049,39181351.0
1742630400000,0.2049,0.2129,0.2048,0.2088,61665799.0
1742644800000,0.2088,0.2118,0.2045,0.2093,51774833.0
1742659200000,0.2093,0.2204,0.2061,0.2099,69152610.0
1742673600000,0.2099,0.2099,0.1984,0.1996,58915202.0
1742688000000,0.1995,0.2108,0.1985,0.206,32871500.0
1742702400000,0.2061,0.209,0.2001,0.2037,82065608.0
1742716800000,0.2038,0.215,0.2026,0.2146,57970286.0
1742731200000,0.2146,0.2151,0.2063,0.2074,72538137.0
1742745600000,0.2074,0.2083,0.2013,0.2073,35406295.0
1742760000000,0.2073,0.2149,0.2051,0.2146,29129326.0
1742774400000,0.2145,0.2266,0.2091,0.2262,54823739.0
1742788800000,0.2262,0.2354,0.2247,0.228,61226296.0
1742803200000,0.228,0.231,0.2253,0.2294,35181936.0
1742817600000,0.2294,0.2462,0.2273,0.2349,116311285.0
1742832000000,0.235,0.236,0.2263,0.2301,59570414.0
1742846400000,0.23,0.2357,0.2284,0.235,27653785.0
1742860800000,0.2352,0.2429,0.2273,0.2288,59445517.0
1742875200000,0.2289,0.2333,0.2271,0.2307,40508297.0
1742889600000,0.2308,0.2501,0.2307,0.2471,80906564.0
1742904000000,0.247,0.26,0.24,0.2538,129393911.0
1742918400000,0.2537,0.2643,0.2444,0.2508,85269303.0
1742932800000,0.2508,0.2542,0.2439,0.2449,37979648.0
1742947200000,0.2449,0.2457,0.2336,0.2353,74376274.0
1742961600000,0.2353,0.2555,0.235,0.2537,56088672.0
1742976000000,0.2537,0.2574,0.2472,0.2558,48218253.0
1742990400000,0.2559,0.2566,0.2448,0.249,122091345.0
1743004800000,0.249,0.2535,0.2321,0.2381,93474302.0
1743019200000,0.2381,0.2481,0.2364,0.2451,56422393.0
1743033600000,0.2452,0.2502,0.2412,0.2482,38326621.0
1743048000000,0.2482,0.2489,0.239,0.2405,43145837.0
1743062400000,0.2404,0.2437,0.2343,0.2357,55742087.0
1743076800000,0.2357,0.2451,0.2292,0.2389,58712612.0
1743091200000,0.2389,0.2463,0.2362,0.2429,47073441.0
1743105600000,0.2429,0.2472,0.2391,0.2438,53074549.0
1743120000000,0.2439,0.2455,0.2348,0.237,38147372.0
1743134400000,0.2371,0.238,0.2269,0.2275,60896065.0
1743148800000,0.2274,0.2302,0.2194,0.223,40960307.0
1743163200000,0.2229,0.2245,0.2032,0.2057,104641368.0
1743177600000,0.2056,0.2095,0.2004,0.2073,73287227.0
1743192000000,0.2073,0.2097,0.2039,0.2066,55819370.0
1743206400000,0.2067,0.2074,0.1976,0.204,38528328.0
1743220800000,0.204,0.2047,0.1958,0.1983,38087952.0
1743235200000,0.1983,0.2007,0.1893,0.1915,47228135.0
1743249600000,0.1915,0.1938,0.1857,0.1872,39504425.0
1743264000000,0.1872,0.1882,0.1804,0.1853,74871905.0
1743278400000,0.1853,0.1855,0.1801,0.1834,37078498.0
1743292800000,0.1835,0.1891,0.1815,0.1855,52117530.0
1743307200000,0.1855,0.1941,0.1854,0.1913,29754767.0
1743321600000,0.1912,0.1921,0.1871,0.1897,32416285.0
1743336000000,0.1898,0.1912,0.1865,0.1896,29431294.0
1743350400000,0.1896,0.1993,0.1849,0.1938,59800602.0
1743364800000,0.1938,0.1944,0.1858,0.19,35020446.0
1743379200000,0.1901,0.1919,0.1842,0.1878,37363445.0
1743393600000,0.1879,0.1926,0.1863,0.1903,32916544.0
1743408000000,0.1903,0.1922,0.1807,0.186,43152690.0
1743422400000,0.186,0.1939,0.1832,0.1925,57920321.0
1743436800000,0.1925,0.1937,0.1836,0.1869,43159919.0
1743451200000,0.1869,0.1926,0.1866,0.1907,27409824.0
1743465600000,0.1908,0.1972,0.1893,0.1941,30435147.0
1743480000000,0.194,0.1987,0.1918,0.1964,37368003.0
1743494400000,0.1964,0.2026,0.1952,0.1957,116280855.0
1743508800000,0.1957,0.202,0.1882,0.1999,86678678.0
1743523200000,0.1999,0.2016,0.1882,0.1906,52339542.0
1743537600000,0.1907,0.1963,0.1878,0.1914,33714276.0
1743552000000,0.1914,0.1924,0.1813,0.1859,40796478.0
1743566400000,0.1859,0.1919,0.1814,0.1847,43053448.0
1743580800000,0.1846,0.1906,0.1825,0.1837,38463445.0
1743595200000,0.1838,0.1952,0.1806,0.192,103079421.0
1743609600000,0.1921,0.1935,0.1839,0.1864,60052299.0
1743624000000,0.1864,0.1932,0.1604,0.1619,173348196.0
1743638400000,0.1619,0.1685,0.1609,0.166,38918291.0
1743652800000,0.1659,0.1724,0.1656,0.1687,43333475.0
1743667200000,0.1686,0.1697,0.1572,0.1599,45902663.0
1743681600000,0.1599,0.1613,0.1488,0.1554,85187534.0
1743696000000,0.1554,0.161,0.1493,0.1561,81508327.0
1743710400000,0.1562,0.1638,0.1549,0.1622,65192470.0
1743724800000,0.1622,0.1665,0.1617,0.1648,42258543.0
1743739200000,0.1647,0.1675,0.163,0.1661,52339232.0
1743753600000,0.1661,0.1714,0.1539,0.1569,91539887.0
1743768000000,0.1569,0.1663,0.1518,0.1611,110881206.0
1743782400000,0.1612,0.1674,0.158,0.1646,64877534.0
1743796800000,0.1646,0.1683,0.1625,0.1648,26853087.0
1743811200000,0.1649,0.1681,0.1632,0.1645,17545434.0
1743825600000,0.1644,0.1646,0.1605,0.1619,16041527.0
1743840000000,0.162,0.1641,0.1589,0.1592,25990687.0
1743854400000,0.1592,0.1606,0.1526,0.1541,64608890.0
1743868800000,0.1542,0.1602,0.1539,0.158,30205873.0
1743883200000,0.1581,0.161,0.1579,0.1603,12597385.0
1743897600000,0.1602,0.1603,0.1564,0.1575,11974198.0
1743912000000,0.1575,0.1599,0.1559,0.1562,17069273.0
1743926400000,0.1562,0.1602,0.155,0.1582,43089927.0
1743940800000,0.1582,0.1584,0.1464,0.1505,66699641.0
1743955200000,0.1504,0.1511,0.1378,0.143,97999467.0
1743969600000,0.1429,0.1439,0.1345,0.1382,73540480.0
1743984000000,0.1382,0.142,0.1307,0.1335,55769121.0
1743998400000,0.1335,0.1405,0.1231,0.1307,116380928.0
1744012800000,0.1306,0.1453,0.1302,0.1372,102033661.0
1744027200000,0.1373,0.1509,0.1354,0.1395,143559982.0
1744041600000,0.1394,0.1421,0.1359,0.1377,57782868.0
1744056000000,0.1377,0.142,0.1375,0.1388,27305695.0
1744070400000,0.1388,0.1454,0.1371,0.1405,41200527.0
1744084800000,0.1406,0.1424,0.1367,0.1381,27430883.0
1744099200000,0.1382,0.1401,0.1354,0.1398,34297180.0
1744113600000,0.1398,0.1407,0.1335,0.1375,60090975.0
1744128000000,0.1374,0.138,0.1287,0.1305,72689410.0
1744142400000,0.1305,0.1313,0.1236,0.1252,41097832.0
1744156800000,0.1252,0.1302,0.1176,0.1257,87032145.0
1744171200000,0.1257,0.1331,0.1254,0.1328,50632890.0
1744185600000,0.1328,0.1364,0.13,0.132,48829946.0
1744200000000,0.1319,0.1342,0.1288,0.1329,52881080.0
1744214400000,0.133,0.1551,0.1326,0.1542,152661824.0
1744228800000,0.1543,0.174,0.152,0.1703,204651440.0
1744243200000,0.1703,0.1732,0.1593,0.165,93211807.0
1744257600000,0.1651,0.173,0.1639,0.1725,91885490.0
1744272000000,0.1725,0.176,0.1616,0.1658,244329675.0
1744286400000,0.1657,0.1708,0.1552,0.1562,149362852.0
1744300800000,0.1561,0.1647,0.1557,0.1627,76083050.0
1744315200000,0.1627,0.1748,0.1623,0.1744,81280336.0
1744329600000,0.1743,0.1992,0.1698,0.1887,185905432.0
1744344000000,0.1887,0.1949,0.1805,0.193,95371085.0
1744358400000,0.1931,0.2219,0.1891,0.2102,233674884.0
1744372800000,0.2103,0.2239,0.2084,0.2169,166774316.0
1744387200000,0.2168,0.2276,0.2138,0.2194,166814032.0
1744401600000,0.2194,0.24,0.2109,0.2163,157247508.0
1744416000000,0.2164,0.2294,0.2148,0.2245,79674417.0
1744430400000,0.2244,0.2498,0.2211,0.2473,154326035.0
1744444800000,0.2473,0.2646,0.2408,0.2583,160111171.0
1744459200000,0.2584,0.2908,0.2501,0.2753,220776631.0
1744473600000,0.2753,0.2857,0.2647,0.2732,130492459.0
1744488000000,0.2732,0.282,0.2637,0.2689,107889447.0
1744502400000,0.2687,0.28,0.2676,0.2756,72673103.0
1744516800000,0.2755,0.278,0.2648,0.2665,93824970.0
1744531200000,0.2665,0.2899,0.2655,0.2823,105205925.0
1744545600000,0.2826,0.283,0.246,0.2492,146042487.0
1744560000000,0.2492,0.2667,0.249,0.2573,102021327.0
1744574400000,0.2574,0.2626,0.2331,0.2444,104078345.0
1744588800000,0.2444,0.2734,0.2414,0.2645,111617912.0
1744603200000,0.2645,0.2711,0.2553,0.2594,68639237.0
1744617600000,0.2595,0.2745,0.2555,0.2694,72167107.0
1744632000000,0.2694,0.2902,0.2616,0.2623,140624036.0
1744646400000,0.2623,0.2861,0.259,0.2813,112186979.0
1744660800000,0.2813,0.288,0.2701,0.279,86008302.0
1744675200000,0.279,0.2819,0.261,0.2669,80951673.0
1744689600000,0.2669,0.2686,0.2514,0.2571,91953918.0
1744704000000,0.2571,0.2663,0.2453,0.2492,90453079.0
1744718400000,0.2491,0.2689,0.2434,0.2468,146423502.0
1744732800000,0.2468,0.2495,0.2348,0.2411,93946147.0
1744747200000,0.2411,0.2416,0.2243,0.2251,75466927.0
1744761600000,0.225,0.242,0.2201,0.2367,100273479.0
1744776000000,0.2367,0.2417,0.2229,0.2244,70798556.0
1744790400000,0.2244,0.2423,0.221,0.2402,87586679.0
1744804800000,0.2402,0.2575,0.2347,0.252,113972694.0
1744819200000,0.252,0.2679,0.2435,0.261,150388015.0
1744833600000,0.261,0.2667,0.2418,0.244,79158706.0
1744848000000,0.244,0.2499,0.2376,0.2426,65997412.0
1744862400000,0.2425,0.26,0.2414,0.2535,69602556.0
1744876800000,0.2535,0.2576,0.2427,0.2445,62573477.0
1744891200000,0.2444,0.2548,0.2302,0.2382,99733658.0
1744905600000,0.2381,0.2715,0.2367,0.2534,155120654.0
1744920000000,0.2534,0.2604,0.2456,0.2546,62414342.0
1744934400000,0.2546,0.2599,0.2393,0.2422,71404930.0
1744948800000,0.2422,0.2456,0.2364,0.241,60131697.0
1744963200000,0.241,0.2473,0.2335,0.2383,68421160.0
1744977600000,0.2382,0.2449,0.2273,0.2303,72325263.0
1744992000000,0.2304,0.2408,0.229,0.2346,58539891.0
1745006400000,0.2345,0.2361,0.2279,0.2302,43870043.0
1745020800000,0.2302,0.2406,0.226,0.2391,51541020.0
1745035200000,0.2391,0.2424,0.2338,0.2381,43231503.0
1745049600000,0.238,0.2434,0.2322,0.2371,52292818.0
1745064000000,0.237,0.2422,0.2345,0.2346,56165645.0
1745078400000,0.2346,0.2413,0.2332,0.2389,34466597.0
1745092800000,0.2389,0.2482,0.2386,0.2428,32786112.0
1745107200000,0.2427,0.2572,0.2413,0.2539,43799763.0
1745121600000,0.254,0.265,0.2459,0.2476,60171453.0
1745136000000,0.2477,0.248,0.239,0.2413,39058907.0
1745150400000,0.2411,0.2546,0.2405,0.2487,45986437.0
1745164800000,0.2486,0.2532,0.2462,0.2508,34472721.0
1745179200000,0.2509,0.2619,0.241,0.2544,67499182.0
1745193600000,0.2544,0.2752,0.2521,0.2557,103967809.0
1745208000000,0.2558,0.2645,0.2535,0.2552,45126650.0
1745222400000,0.2552,0.259,0.2464,0.2503,53539754.0
1745236800000,0.2503,0.26,0.2482,0.2546,66587972.0
1745251200000,0.2547,0.2567,0.242,0.2549,67434876.0
1745265600000,0.2549,0.2617,0.2503,0.2617,39998670.0
1745280000000,0.2617,0.2728,0.2522,0.2617,68924278.0
1745294400000,0.2616,0.2829,0.2616,0.2823,59694149.0
1745308800000,0.2822,0.3167,0.2788,0.315,207694743.0
1745323200000,0.3149,0.3306,0.312,0.3225,295799990.0
1745337600000,0.3225,0.3255,0.3131,0.3172,90495858.0
1745352000000,0.3172,0.347,0.3167,0.3376,115120256.0
1745366400000,0.3377,0.3676,0.332,0.3607,151456807.0
1745380800000,0.3609,0.3646,0.3382,0.347,83636147.0
1745395200000,0.347,0.3979,0.3385,0.383,112674290.0
1745409600000,0.3831,0.3897,0.3504,0.3637,135582657.0
1745424000000,0.3638,0.3643,0.3401,0.3441,86245553.0
1745438400000,0.344,0.3495,0.3259,0.3346,58331987.0
1745452800000,0.3345,0.3378,0.3162,0.3172,68358857.0
1745467200000,0.3171,0.3357,0.3155,0.3206,49585184.0
1745481600000,0.3205,0.3409,0.3171,0.3395,57760300.0
1745496000000,0.3394,0.3872,0.3367,0.3617,127956884.0
1745510400000,0.3619,0.3787,0.3532,0.3731,102562088.0
1745524800000,0.3728,0.3963,0.3648,0.3938,74212585.0
1745539200000,0.3937,0.4294,0.3708,0.3853,135919350.0
1745553600000,0.3853,0.407,0.3783,0.4011,63904346.0
1745568000000,0.401,0.4242,0.3932,0.4137,96765529.0
1745582400000,0.4135,0.4507,0.3939,0.4278,137408111.0
1745596800000,0.4277,0.4324,0.3864,0.4063,109031850.0
1745611200000,0.4062,0.4112,0.3873,0.3959,40999133.0
1745625600000,0.3961,0.4217,0.3959,0.4112,66118514.0
1745640000000,0.4112,0.4137,0.3919,0.4016,47131019.0
1745654400000,0.4015,0.4058,0.3826,0.3851,52221074.0
1745668800000,0.3852,0.4028,0.3795,0.4009,40032103.0
1745683200000,0.401,0.4082,0.3868,0.3882,29086140.0
1745697600000,0.3882,0.4092,0.387,0.4027,28805897.0
1745712000000,0.4026,0.4058,0.3665,0.376,57532320.0
1745726400000,0.3761,0.3829,0.3575,0.38,41274144.0
1745740800000,0.38,0.3907,0.3733,0.3775,29866214.0
1745755200000,0.3774,0.3968,0.3715,0.3842,40892614.0
1745769600000,0.384,0.3949,0.3781,0.3883,28763431.0
1745784000000,0.3883,0.3916,0.369,0.3798,42174884.0
1745798400000,0.3799,0.3952,0.3671,0.3911,44105619.0
1745812800000,0.3911,0.423,0.389,0.4191,64363469.0
1745827200000,0.4192,0.45,0.4074,0.4195,67050616.0
1745841600000,0.4195,0.4292,0.3809,0.3877,110950137.0
1745856000000,0.3876,0.3977,0.3751,0.3954,58836621.0
1745870400000,0.3953,0.3969,0.381,0.3832,42212828.0
1745884800000,0.3832,0.3934,0.3724,0.3785,40351975.0
1745899200000,0.3785,0.3823,0.3565,0.3759,59570282.0
1745913600000,0.3759,0.3809,0.3645,0.3712,37516352.0
1745928000000,0.3711,0.3734,0.3585,0.3696,41277547.0
1745942400000,0.3695,0.385,0.368,0.3785,49402622.0
1745956800000,0.3786,0.3809,0.3503,0.3625,41966980.0
1745971200000,0.3625,0.3716,0.3582,0.3675,28151896.0
1745985600000,0.3675,0.3774,0.3665,0.3709,25649084.0
1746000000000,0.3707,0.3799,0.3683,0.3787,22618860.0
1746014400000,0.3788,0.3817,0.3412,0.369,94833228.0
1746028800000,0.3691,0.3873,0.3548,0.3838,56071187.0
1746043200000,0.3839,0.4027,0.383,0.3998,45887406.0
1746057600000,0.3998,0.4046,0.3806,0.3865,39385406.0
1746072000000,0.3866,0.3941,0.3792,0.3922,24974943.0
1746086400000,0.3923,0.408,0.3881,0.395,39430343.0
1746100800000,0.395,0.3974,0.3755,0.3824,51334015.0
1746115200000,0.3823,0.3903,0.3715,0.3759,40209807.0
1746129600000,0.3758,0.3847,0.3725,0.3828,29507464.0
1746144000000,0.3828,0.3976,0.3812,0.3863,46180850.0
1746158400000,0.3863,0.3872,0.3651,0.366,44858014.0
1746172800000,0.3658,0.3859,0.3657,0.3831,31561392.0
1746187200000,0.3832,0.3893,0.3756,0.3835,39530748.0
1746201600000,0.3836,0.4023,0.3781,0.3978,52476425.0
1746216000000,0.398,0.4138,0.3902,0.4099,47344297.0
1746230400000,0.4099,0.4161,0.3872,0.4133,43777770.0
1746244800000,0.4133,0.4136,0.3775,0.3818,57662253.0
1746259200000,0.3817,0.3856,0.3697,0.3752,37725692.0
1746273600000,0.3752,0.389,0.3743,0.3815,32177525.0
1746288000000,0.3815,0.3817,0.3652,0.3735,48905333.0
1746302400000,0.3734,0.3752,0.3648,0.3696,23796731.0
1746316800000,0.3696,0.3771,0.356,0.3601,36215493.0
1746331200000,0.3602,0.3674,0.3569,0.3649,24373140.0
1746345600000,0.3649,0.3659,0.3486,0.3587,37512384.0
1746360000000,0.3586,0.3694,0.3559,0.3665,27171908.0
1746374400000,0.3664,0.3725,0.3568,0.3646,30613305.0
1746388800000,0.3646,0.3748,0.3604,0.3642,29223665.0
1746403200000,0.3643,0.3739,0.3476,0.3691,38644588.0
1746417600000,0.3691,0.3845,0.3686,0.3803,27706661.0
1746432000000,0.3802,0.3826,0.3613,0.3652,32212575.0
1746446400000,0.3652,0.3767,0.3597,0.3658,38400221.0
1746460800000,0.3658,0.3827,0.3637,0.3753,42437900.0
1746475200000,0.3753,0.3933,0.3643,0.3835,43579560.0
1746489600000,0.3834,0.3902,0.37,0.3835,31837315.0
1746504000000,0.3836,0.3973,0.3806,0.3864,34079123.0
1746518400000,0.3863,0.3884,0.3652,0.3716,47989250.0
1746532800000,0.3716,0.3885,0.3654,0.387,62105048.0
1746547200000,0.3871,0.4002,0.3829,0.3865,73195326.0
1746561600000,0.3865,0.4055,0.3691,0.4047,61248657.0
1746576000000,0.4047,0.4239,0.3938,0.408,71721296.0
1746590400000,0.408,0.4147,0.3913,0.4118,59193111.0
1746604800000,0.4117,0.4217,0.4062,0.4147,56565836.0
1746619200000,0.4148,0.4289,0.404,0.4181,81051332.0
1746633600000,0.418,0.4452,0.4066,0.4225,138369478.0
1746648000000,0.4226,0.4625,0.4223,0.4586,79645209.0
1746662400000,0.4586,0.473,0.4467,0.4546,78202175.0
1746676800000,0.4547,0.4821,0.4471,0.4774,54630730.0
1746691200000,0.4773,0.4897,0.471,0.4732,58107358.0
1746705600000,0.4731,0.4999,0.4685,0.4864,70656775.0
1746720000000,0.4863,0.4908,0.4727,0.4772,48819098.0
1746734400000,0.4773,0.5046,0.4572,0.4743,88920277.0
1746748800000,0.4742,0.4849,0.4584,0.4617,61285152.0
1746763200000,0.4618,0.5211,0.4592,0.5042,63697107.0
1746777600000,0.5043,0.5396,0.4815,0.5272,99901263.0
1746792000000,0.5272,0.5296,0.4916,0.4981,56797386.0
1746806400000,0.4983,0.52,0.484,0.5154,42742522.0
1746820800000,0.5155,0.528,0.5092,0.5192,26882074.0
1746835200000,0.5193,0.5353,0.512,0.5242,39904888.0
1746849600000,0.5239,0.5571,0.515,0.5419,46538966.0
1746864000000,0.542,0.5519,0.4919,0.4957,49127760.0
1746878400000,0.4958,0.5184,0.4957,0.5042,34914921.0
1746892800000,0.5043,0.5308,0.5033,0.5268,33767307.0
1746907200000,0.5268,0.5498,0.521,0.5473,28008370.0
1746921600000,0.5472,0.55,0.5104,0.5238,35915066.0
1746936000000,0.5238,0.5352,0.5058,0.5096,22465315.0
1746950400000,0.5096,0.5327,0.5061,0.5321,27617745.0
1746964800000,0.5322,0.5403,0.4983,0.507,57545649.0
1746979200000,0.507,0.5208,0.4948,0.5125,40059072.0
1746993600000,0.5125,0.5263,0.5076,0.5261,19881186.0
1747008000000,0.5262,0.5829,0.5223,0.5818,60537184.0
1747022400000,0.5819,0.6437,0.5612,0.5931,91412154.0
1747036800000,0.5932,0.6256,0.5781,0.5829,74556372.0
1747051200000,0.5828,0.6099,0.5544,0.559,82933225.0
1747065600000,0.5591,0.5715,0.5055,0.5545,78174685.0
1747080000000,0.5545,0.5924,0.5485,0.5708,42370761.0
1747094400000,0.5709,0.5727,0.5173,0.5262,46078683.0
1747108800000,0.5261,0.5636,0.5231,0.5629,35608494.0
1747123200000,0.563,0.5759,0.5498,0.5644,36462341.0
1747137600000,0.5643,0.5922,0.5472,0.5711,52636287.0
1747152000000,0.571,0.6077,0.5692,0.5995,57581425.0
1747166400000,0.5993,0.6059,0.5727,0.5763,34179814.0
1747180800000,0.5763,0.5786,0.5458,0.5565,32912510.0
1747195200000,0.5565,0.5832,0.5524,0.5627,31240017.0
1747209600000,0.5627,0.5694,0.5417,0.5544,37435462.0
1747224000000,0.5545,0.559,0.5269,0.5357,41014058.0
1747238400000,0.5357,0.5416,0.514,0.5358,44979205.0
1747252800000,0.5359,0.5387,0.5146,0.5238,25418046.0
1747267200000,0.5239,0.5304,0.5021,0.5043,32043039.0
1747281600000,0.5042,0.5206,0.4574,0.4622,79898307.0
1747296000000,0.4622,0.4946,0.4622,0.4835,51989504.0
1747310400000,0.4834,0.4991,0.4625,0.4959,66016279.0
1747324800000,0.4958,0.5235,0.4915,0.5045,65450281.0
1747339200000,0.5045,0.5094,0.4745,0.4891,35428635.0
1747353600000,0.4891,0.5046,0.4834,0.4906,25590078.0
1747368000000,0.4908,0.4976,0.4751,0.4805,28905354.0
1747382400000,0.4806,0.4891,0.4661,0.4844,27539205.0
1747396800000,0.4845,0.4988,0.4741,0.485,38425442.0
1747411200000,0.4851,0.4893,0.4628,0.4759,30910543.0
1747425600000,0.4759,0.4759,0.4272,0.4315,55996651.0
1747440000000,0.4316,0.436,0.4172,0.4285,41247118.0
1747454400000,0.4284,0.4387,0.4236,0.4317,30548569.0
1747468800000,0.4318,0.4397,0.4263,0.4339,30027235.0
1747483200000,0.434,0.4422,0.4226,0.4314,29444678.0
1747497600000,0.4314,0.4362,0.4135,0.4263,33003130.0
1747512000000,0.4262,0.4394,0.4236,0.4287,35490653.0
1747526400000,0.4286,0.443,0.4254,0.4384,22718891.0
1747540800000,0.4384,0.4598,0.4367,0.4578,28490601.0
1747555200000,0.4578,0.4697,0.4549,0.4572,34517059.0
1747569600000,0.4573,0.4848,0.4529,0.4813,49376851.0
1747584000000,0.4813,0.4838,0.4388,0.4436,77731122.0
1747598400000,0.4435,0.4848,0.4334,0.4789,46119405.0
1747612800000,0.479,0.4802,0.4504,0.4557,52054753.0
1747627200000,0.4558,0.4593,0.4274,0.4378,47786001.0
1747641600000,0.4378,0.4378,0.4227,0.4298,26133217.0
1747656000000,0.4298,0.4422,0.4202,0.437,38304009.0
1747670400000,0.4371,0.4499,0.4291,0.4386,33555870.0
1747684800000,0.4385,0.4428,0.4267,0.435,22686497.0
1747699200000,0.4351,0.4552,0.4264,0.4383,42269663.0
1747713600000,0.4382,0.4564,0.4325,0.4405,30428083.0
1747728000000,0.4404,0.4495,0.4272,0.4367,28686276.0
1747742400000,0.4366,0.4408,0.429,0.4392,25995733.0
1747756800000,0.4392,0.4518,0.4298,0.4484,38746543.0
1747771200000,0.4484,0.4598,0.4415,0.4534,31792381.0
1747785600000,0.4534,0.4642,0.4397,0.459,24042265.0
1747800000000,0.4589,0.4689,0.4452,0.4513,38703285.0
1747814400000,0.4512,0.467,0.4456,0.4663,22823160.0
1747828800000,0.4663,0.4913,0.461,0.4826,56868675.0
1747843200000,0.4826,0.5317,0.4656,0.4903,109686704.0
1747857600000,0.4901,0.4999,0.4734,0.4864,33568903.0
1747872000000,0.4865,0.5357,0.4858,0.5297,50390925.0
1747886400000,0.5298,0.5411,0.509,0.5299,54880686.0
1747900800000,0.5299,0.5446,0.5252,0.5334,48372081.0
1747915200000,0.5334,0.5388,0.5187,0.5285,36387279.0
1747929600000,0.5286,0.5351,0.5167,0.5199,35134942.0
1747944000000,0.52,0.5465,0.5151,0.5409,37971576.0
1747958400000,0.541,0.5957,0.5336,0.591,49140226.0
1747972800000,0.5911,0.5928,0.547,0.5509,41737994.0
1747987200000,0.551,0.5904,0.538,0.5416,66501940.0
1748001600000,0.5418,0.5797,0.5126,0.5467,95768225.0
1748016000000,0.5467,0.5714,0.5312,0.5443,59059882.0
1748030400000,0.5442,0.5453,0.4884,0.4978,51850338.0
1748044800000,0.4978,0.5105,0.4919,0.5055,37371317.0
1748059200000,0.5055,0.5109,0.4834,0.4871,28948998.0
1748073600000,0.4872,0.5078,0.4781,0.5007,41708169.0
1748088000000,0.5008,0.5028,0.486,0.4921,31052536.0
1748102400000,0.4921,0.4992,0.4841,0.4881,25871321.0
1748116800000,0.4882,0.4966,0.4785,0.4842,24610585.0
1748131200000,0.4843,0.4902,0.46,0.4722,39244281.0
1748145600000,0.4722,0.4741,0.4576,0.4593,16772944.0
1748160000000,0.4594,0.4596,0.4467,0.4524,27242219.0
1748174400000,0.4523,0.4571,0.4377,0.447,32804378.0
1748188800000,0.4471,0.4636,0.4381,0.4586,24187292.0
1748203200000,0.4586,0.4858,0.4505,0.484,34593583.0
1748217600000,0.4839,0.4977,0.478,0.4864,30404547.0
1748232000000,0.4864,0.5019,0.4851,0.497,29592144.0
1748246400000,0.4969,0.4986,0.4781,0.4798,23100942.0
1748260800000,0.4798,0.4865,0.4682,0.4765,29075555.0
1748275200000,0.4765,0.4822,0.4546,0.4606,24832930.0
1748289600000,0.4605,0.474,0.4572,0.4711,15668433.0
1748304000000,0.4711,0.4775,0.4528,0.473,23346622.0
1748318400000,0.473,0.4782,0.4665,0.4753,16514080.0
1748332800000,0.4753,0.4845,0.4716,0.479,23625573.0
1748347200000,0.479,0.4924,0.4668,0.4809,35254618.0
1748361600000,0.4809,0.4916,0.4746,0.4763,23426399.0
1748376000000,0.4764,0.4809,0.4634,0.4681,16486770.0
1748390400000,0.468,0.4764,0.4588,0.4653,13677528.0
1748404800000,0.4653,0.469,0.4589,0.4616,11515354.0
1748419200000,0.4617,0.4651,0.4512,0.4637,18975555.0
1748433600000,0.4636,0.4727,0.4367,0.4411,37052688.0
1748448000000,0.441,0.4504,0.426,0.4283,33745877.0
1748462400000,0.4284,0.4509,0.4225,0.4491,31030178.0
1748476800000,0.4491,0.4664,0.4435,0.4572,28408638.0
1748491200000,0.4571,0.46,0.44,0.4487,18719078.0
1748505600000,0.4488,0.4543,0.4448,0.4503,15897195.0
1748520000000,0.4502,0.4502,0.4247,0.4267,35406513.0
1748534400000,0.4268,0.4305,0.4025,0.4074,43149485.0
1748548800000,0.4074,0.4208,0.4058,0.4085,25751616.0
1748563200000,0.4084,0.4128,0.369,0.3951,52176830.0
1748577600000,0.3951,0.396,0.3794,0.3819,26350807.0
1748592000000,0.382,0.3991,0.378,0.3921,32097215.0
1748606400000,0.3922,0.3947,0.3752,0.3801,37474773.0
1748620800000,0.3802,0.3864,0.3498,0.3817,89375365.0
1748635200000,0.3816,0.3848,0.3449,0.3491,54720996.0
1748649600000,0.3492,0.3547,0.3291,0.3395,66382462.0
1748664000000,0.3395,0.3544,0.3306,0.3527,30619474.0
1748678400000,0.3527,0.362,0.3488,0.3513,37913063.0
1748692800000,0.3514,0.3747,0.3491,0.3664,47044855.0
1748707200000,0.3665,0.3739,0.3625,0.3686,23657715.0
1748721600000,0.3685,0.3718,0.3612,0.3641,14451862.0
1748736000000,0.3641,0.3704,0.3539,0.3578,21353101.0
1748750400000,0.3576,0.3657,0.3549,0.3584,18243813.0
1748764800000,0.3584,0.359,0.3447,0.358,22719378.0
1748779200000,0.3579,0.3692,0.3507,0.366,25790577.0
1748793600000,0.3659,0.3741,0.3574,0.3688,29402479.0
1748808000000,0.3688,0.384,0.3658,0.3745,26503906.0
1748822400000,0.3744,0.3773,0.3618,0.3649,18336202.0
1748836800000,0.3649,0.3719,0.359,0.3697,16176494.0
1748851200000,0.3697,0.3747,0.3561,0.3618,26948581.0
1748865600000,0.3617,0.3711,0.3563,0.3625,32192955.0
1748880000000,0.3626,0.3702,0.3521,0.3572,31472891.0
1748894400000,0.3573,0.3897,0.3573,0.3867,37073448.0
1748908800000,0.3868,0.4289,0.3833,0.4193,63066453.0
1748923200000,0.4193,0.4241,0.4107,0.4176,29713729.0
1748937600000,0.4177,0.4193,0.4032,0.4119,36743225.0
1748952000000,0.412,0.4215,0.4054,0.418,48395384.0
1748966400000,0.4179,0.419,0.4025,0.4111,31776550.0
1748980800000,0.4112,0.412,0.3714,0.3812,57561710.0
1748995200000,0.3811,0.3845,0.3696,0.3727,28650897.0
1749009600000,0.3728,0.3779,0.3655,0.3682,34346594.0
1749024000000,0.3683,0.3843,0.3682,0.371,42543008.0
1749038400000,0.3711,0.3764,0.3609,0.373,42955496.0
1749052800000,0.373,0.3732,0.3565,0.3582,39990360.0
1749067200000,0.3581,0.3594,0.3428,0.3474,41019215.0
1749081600000,0.3473,0.3576,0.346,0.3544,19107153.0
1749096000000,0.3545,0.3571,0.3436,0.3504,28553246.0
1749110400000,0.3505,0.3534,0.3377,0.3436,26810146.0
1749124800000,0.3436,0.357,0.3323,0.3424,66060529.0
1749139200000,0.3424,0.3439,0.31,0.3256,87190154.0
1749153600000,0.3255,0.3348,0.3166,0.3292,66788796.0
1749168000000,0.3293,0.3413,0.3291,0.3389,35562626.0
1749182400000,0.3389,0.3547,0.3369,0.3509,34843796.0
1749196800000,0.351,0.3595,0.3496,0.3523,31789948.0
1749211200000,0.3523,0.3688,0.3511,0.3559,62773390.0
1749225600000,0.3558,0.3595,0.3336,0.3354,59904496.0
1749240000000,0.3353,0.342,0.3311,0.3343,23303395.0
1749254400000,0.3343,0.3542,0.3302,0.3529,28200019.0
1749268800000,0.353,0.3623,0.3482,0.3609,30298913.0
1749283200000,0.3609,0.3622,0.3522,0.3539,24869169.0
1749297600000,0.3538,0.3584,0.3498,0.352,25332870.0
1749312000000,0.3519,0.3537,0.3448,0.3497,26894180.0
1749326400000,0.3498,0.3523,0.3473,0.3493,13063005.0
1749340800000,0.3493,0.363,0.3458,0.3573,26057271.0
1749355200000,0.3573,0.3643,0.3496,0.3503,20516227.0
1749369600000,0.3503,0.3601,0.343,0.3589,32500360.0
1749384000000,0.359,0.3621,0.3523,0.3587,27048550.0
1749398400000,0.3587,0.3728,0.3578,0.3689,42145644.0
1749412800000,0.369,0.3781,0.3559,0.3566,39679414.0
1749427200000,0.3566,0.3668,0.3515,0.3562,26098677.0
1749441600000,0.3562,0.3613,0.3481,0.36,31767691.0
1749456000000,0.36,0.3815,0.357,0.3775,46230501.0
1749470400000,0.3775,0.3846,0.3672,0.38,42531901.0
1749484800000,0.38,0.394,0.3796,0.3867,43506846.0
1749499200000,0.3867,0.4105,0.3867,0.4045,45194633.0
1749513600000,0.4042,0.4076,0.3911,0.3955,25655530.0
1749528000000,0.3955,0.3974,0.3876,0.3916,24361753.0
1749542400000,0.3917,0.4078,0.3865,0.4044,34588705.0
1749556800000,0.4044,0.4105,0.385,0.392,51454517.0
1749571200000,0.392,0.4092,0.385,0.3995,41306375.0
1749585600000,0.3997,0.4177,0.3936,0.4156,33262912.0
1749600000000,0.4156,0.4157,0.3965,0.4023,24725253.0
1749614400000,0.4023,0.4041,0.3964,0.4009,14865232.0
1749628800000,0.401,0.4058,0.3862,0.3905,29979184.0
1749643200000,0.3907,0.4169,0.3878,0.4128,54151316.0
1749657600000,0.4128,0.4229,0.4,0.4007,65795928.0
1749672000000,0.4006,0.4047,0.3726,0.3809,48021877.0
1749686400000,0.381,0.3816,0.3662,0.3691,25520204.0
1749700800000,0.3693,0.3703,0.3609,0.3633,24380266.0
1749715200000,0.3633,0.3649,0.3514,0.3524,31977637.0
1749729600000,0.3525,0.37,0.3484,0.3518,57044305.0
1749744000000,0.3518,0.3656,0.3444,0.3476,38474233.0
1749758400000,0.3475,0.3524,0.3363,0.3388,41272050.0
1749772800000,0.3388,0.3401,0.2935,0.3113,151591084.0
1749787200000,0.3112,0.3118,0.297,0.3028,41969484.0
1749801600000,0.3027,0.3118,0.2964,0.3008,55572398.0
1749816000000,0.3008,0.3173,0.296,0.3129,77061168.0
1749830400000,0.3128,0.3218,0.3052,0.3104,62918276.0
1749844800000,0.3105,0.3262,0.3092,0.3213,37708316.0
1749859200000,0.3214,0.3223,0.3122,0.3133,24413400.0
1749873600000,0.3132,0.3219,0.3124,0.3212,20320974.0
1749888000000,0.3212,0.3212,0.3137,0.3179,18571547.0
1749902400000,0.3178,0.3255,0.3094,0.3142,40022368.0
1749916800000,0.3142,0.3161,0.3019,0.3032,41432834.0
1749931200000,0.3032,0.3139,0.2988,0.3099,25996672.0
1749945600000,0.31,0.3126,0.3071,0.3085,14872004.0
1749960000000,0.3085,0.3186,0.3083,0.3097,25105030.0
1749974400000,0.3096,0.3165,0.3053,0.3143,29625139.0
1749988800000,0.3143,0.3306,0.3117,0.3233,55755936.0
1750003200000,0.3232,0.3263,0.3174,0.3214,37253167.0
1750017600000,0.3214,0.3254,0.3105,0.3219,35040567.0
1750032000000,0.3219,0.3432,0.3156,0.3311,45782280.0
1750046400000,0.331,0.3449,0.3306,0.3421,34350200.0
1750060800000,0.3421,0.3424,0.3316,0.3361,28555167.0
1750075200000,0.3361,0.3418,0.3305,0.3337,40017896.0
1750089600000,0.3338,0.3456,0.3326,0.3391,31951711.0
1750104000000,0.339,0.3438,0.3115,0.3135,61685746.0
1750118400000,0.3135,0.3218,0.3005,0.3174,67462376.0
1750132800000,0.3174,0.319,0.311,0.3135,24030285.0
1750147200000,0.3135,0.3144,0.3048,0.3076,30367412.0
1750161600000,0.3076,0.3107,0.2947,0.2993,53036275.0
1750176000000,0.2994,0.3047,0.2856,0.3002,77180207.0
1750190400000,0.3001,0.3023,0.2912,0.2922,33829970.0
1750204800000,0.2922,0.2997,0.2901,0.2936,24812168.0
1750219200000,0.2935,0.2991,0.2922,0.2971,20967543.0
1750233600000,0.2971,0.2987,0.2829,0.2889,38537689.0
1750248000000,0.2889,0.2908,0.2737,0.2867,77549364.0
1750262400000,0.2866,0.3006,0.2829,0.2927,71637064.0
1750276800000,0.2928,0.3103,0.2908,0.303,44844487.0
1750291200000,0.3029,0.3082,0.298,0.3029,24012495.0
1750305600000,0.3028,0.3058,0.2975,0.2982,22394494.0
1750320000000,0.2983,0.3015,0.2939,0.2954,22819445.0
1750334400000,0.2954,0.2979,0.2897,0.2905,31683195.0
1750348800000,0.2905,0.2946,0.2846,0.2901,36376570.0
1750363200000,0.2901,0.2946,0.2882,0.2921,22350345.0
1750377600000,0.2922,0.2938,0.287,0.2878,15525621.0
1750392000000,0.2878,0.2982,0.28,0.2965,39563467.0
1750406400000,0.2965,0.2999,0.294,0.299,28690471.0
1750420800000,0.299,0.302,0.2774,0.2815,63172374.0
1750435200000,0.2815,0.2822,0.262,0.2763,97230993.0
1750449600000,0.2762,0.2856,0.2761,0.2837,36854782.0
1750464000000,0.2836,0.2889,0.2808,0.2867,19238893.0
1750478400000,0.2867,0.2868,0.2801,0.2839,14126016.0
1750492800000,0.2838,0.2849,0.2782,0.2789,20083806.0
1750507200000,0.2788,0.2805,0.2603,0.2654,52880374.0
1750521600000,0.2654,0.2676,0.2543,0.2566,53492712.0
1750536000000,0.2566,0.2711,0.2503,0.2708,75104022.0
1750550400000,0.2709,0.2735,0.2592,0.2605,49905685.0
1750564800000,0.2606,0.2653,0.2581,0.2618,25173050.0
1750579200000,0.2619,0.2624,0.2526,0.2557,34289706.0
1750593600000,0.2557,0.2575,0.238,0.245,138841762.0
1750608000000,0.2451,0.2498,0.2413,0.2434,48698581.0
1750622400000,0.2435,0.2588,0.2372,0.2584,67577281.0
1750636800000,0.2584,0.2618,0.2555,0.2607,32210339.0
1750651200000,0.2607,0.2669,0.2593,0.2654,25643351.0
1750665600000,0.2655,0.2678,0.2588,0.2616,26833246.0
1750680000000,0.2617,0.2719,0.2565,0.2575,64372529.0
1750694400000,0.2574,0.2819,0.2479,0.2775,127762358.0
1750708800000,0.2775,0.304,0.2744,0.3009,109725919.0
1750723200000,0.3009,0.3037,0.2959,0.3016,34414654.0
1750737600000,0.3015,0.3148,0.298,0.3046,41403738.0
1750752000000,0.3045,0.3094,0.2972,0.2995,35276159.0
1750766400000,0.2996,0.3024,0.294,0.2967,46787245.0
1750780800000,0.2968,0.3026,0.2855,0.2876,49863118.0
1750795200000,0.2876,0.2973,0.2863,0.297,30204018.0
1750809600000,0.2971,0.3127,0.2943,0.3036,58868220.0
1750824000000,0.3036,0.3068,0.2967,0.2998,31277293.0
1750838400000,0.2998,0.3071,0.2878,0.2922,97064552.0
1750852800000,0.2922,0.302,0.2781,0.2794,58166964.0
1750867200000,0.2794,0.2824,0.2729,0.2749,41279175.0
1750881600000,0.2749,0.2798,0.2656,0.2696,31325816.0
1750896000000,0.2697,0.2851,0.2696,0.2747,39562666.0
1750910400000,0.2747,0.2752,0.2662,0.2711,28739728.0
1750924800000,0.2711,0.2735,0.2626,0.2642,34179726.0
1750939200000,0.2642,0.2652,0.2507,0.2541,63651003.0
1750953600000,0.254,0.2592,0.2511,0.2572,34987869.0
1750968000000,0.2571,0.2674,0.256,0.2592,38698090.0
1750982400000,0.2592,0.2659,0.2563,0.264,30541417.0
1750996800000,0.264,0.2713,0.2626,0.2634,36039617.0
1751011200000,0.2635,0.2721,0.2631,0.2654,32002214.0
1751025600000,0.2654,0.2688,0.2618,0.2667,34795898.0
1751040000000,0.2667,0.2719,0.2602,0.2635,39283687.0
1751054400000,0.2635,0.273,0.2627,0.2725,25976089.0
1751068800000,0.2725,0.2769,0.2697,0.2759,15999851.0
1751083200000,0.2759,0.2862,0.2747,0.286,26770883.0
1751097600000,0.286,0.2904,0.2823,0.2868,28275599.0
1751112000000,0.2867,0.2877,0.2819,0.2869,22874203.0
1751126400000,0.2869,0.3054,0.2869,0.2996,52646730.0
1751140800000,0.2995,0.3065,0.2935,0.3044,35728683.0
1751155200000,0.3043,0.3073,0.2987,0.3002,29718062.0
1751169600000,0.3002,0.3025,0.2957,0.3008,20790606.0
1751184000000,0.3008,0.3084,0.2991,0.3017,30644209.0
1751198400000,0.3016,0.3115,0.3006,0.3018,38381900.0
1751212800000,0.3018,0.3042,0.2997,0.3014,16944991.0
1751227200000,0.3013,0.3226,0.2977,0.3148,61330706.0
1751241600000,0.3149,0.3173,0.3051,0.3067,34665314.0
1751256000000,0.3067,0.3118,0.3011,0.3091,37857741.0
1751270400000,0.3091,0.3097,0.2982,0.2986,29100737.0
1751284800000,0.2986,0.3103,0.2928,0.3046,68527407.0
1751299200000,0.3047,0.3116,0.3018,0.3102,48982981.0
1751313600000,0.3103,0.3134,0.2959,0.2978,32791304.0
1751328000000,0.2977,0.301,0.2918,0.295,28558035.0
1751342400000,0.295,0.2954,0.2829,0.2878,37984433.0
1751356800000,0.2878,0.2879,0.2812,0.2841,24321947.0
1751371200000,0.284,0.2846,0.2758,0.2768,42325938.0
1751385600000,0.2768,0.2791,0.2702,0.2719,33851301.0
1751400000000,0.2719,0.2776,0.2708,0.2771,22814099.0
1751414400000,0.2771,0.2816,0.2736,0.2775,18982700.0
1751428800000,0.2774,0.2843,0.276,0.2804,26682463.0
1751443200000,0.2804,0.2898,0.2802,0.2869,31458130.0
1751457600000,0.2868,0.3036,0.2825,0.303,43511286.0
1751472000000,0.303,0.3181,0.3017,0.3171,86278308.0
1751486400000,0.3171,0.3279,0.3146,0.3156,58564081.0
1751500800000,0.3157,0.327,0.3157,0.3184,39877347.0
1751515200000,0.3184,0.3328,0.3173,0.3299,49622091.0
1751529600000,0.33,0.3362,0.323,0.3237,37306855.0
1751544000000,0.3237,0.3308,0.3076,0.3079,65077865.0
1751558400000,0.3079,0.3166,0.3058,0.315,45412591.0
1751572800000,0.315,0.3234,0.3149,0.3205,21459637.0
1751587200000,0.3206,0.332,0.3183,0.319,36452899.0
1751601600000,0.319,0.3223,0.3089,0.3103,34609629.0
1751616000000,0.3103,0.3127,0.3053,0.3075,23230969.0
1751630400000,0.3074,0.3111,0.2943,0.2956,45840058.0
1751644800000,0.2955,0.2979,0.2902,0.291,34507610.0
1751659200000,0.2911,0.3031,0.2905,0.2986,24215915.0
1751673600000,0.2987,0.3026,0.2953,0.3006,18243277.0
1751688000000,0.3004,0.3109,0.2959,0.3067,27954135.0
1751702400000,0.3068,0.3074,0.2963,0.2977,30508027.0
1751716800000,0.2977,0.2992,0.2915,0.2951,29410275.0
1751731200000,0.2951,0.2993,0.286,0.2906,43001757.0
1751745600000,0.2906,0.2963,0.289,0.2952,17502306.0
1751760000000,0.2953,0.2995,0.2924,0.2943,17827270.0
1751774400000,0.2941,0.3029,0.2914,0.297,27079347.0
1751788800000,0.2969,0.2988,0.2923,0.2973,29215037.0
1751803200000,0.2974,0.3124,0.2943,0.3037,58095026.0
1751817600000,0.3037,0.3092,0.3027,0.3061,27540329.0
1751832000000,0.3061,0.3152,0.2987,0.301,34370485.0
1751846400000,0.3011,0.3122,0.2988,0.3031,29414112.0
1751860800000,0.3031,0.3069,0.2986,0.3067,22997546.0
1751875200000,0.3066,0.3079,0.2962,0.2982,29774658.0
1751889600000,0.2981,0.3037,0.2914,0.2927,58931125.0
1751904000000,0.2927,0.2938,0.2832,0.2843,78146314.0
1751918400000,0.2842,0.2862,0.275,0.2857,55614132.0
1751932800000,0.2856,0.2898,0.2803,0.281,35136821.0
1751947200000,0.2811,0.2866,0.2788,0.285,26806616.0
1751961600000,0.285,0.2897,0.2818,0.2873,28134705.0
1751976000000,0.2873,0.2915,0.2776,0.2799,42290307.0
1751990400000,0.2799,0.2962,0.2781,0.2931,55791711.0
1752004800000,0.293,0.294,0.2864,0.2905,22919914.0
1752019200000,0.2904,0.2921,0.2828,0.2847,26200202.0
1752033600000,0.2847,0.2986,0.2827,0.2947,73654455.0
1752048000000,0.2946,0.2992,0.2913,0.2975,30856279.0
1752062400000,0.2975,0.3075,0.2947,0.2972,70176311.0
1752076800000,0.2972,0.3109,0.2936,0.3093,55685556.0
1752091200000,0.3093,0.3277,0.3044,0.325,78932861.0
1752105600000,0.325,0.3309,0.3196,0.3303,35783135.0
1752120000000,0.3302,0.3412,0.3283,0.3366,46118445.0
1752134400000,0.3365,0.3467,0.3347,0.3433,43694541.0
1752148800000,0.3432,0.3436,0.3349,0.3364,40910954.0
1752163200000,0.3365,0.3554,0.3357,0.3425,74763699.0
1752177600000,0.3424,0.3821,0.3423,0.3769,82161238.0
1752192000000,0.3769,0.3799,0.3628,0.3777,46210633.0
1752206400000,0.3776,0.3907,0.3683,0.3703,56848263.0
1752220800000,0.3705,0.3823,0.3695,0.3745,34380127.0
1752235200000,0.3746,0.3867,0.3627,0.365,44024415.0
1752249600000,0.3651,0.3859,0.3639,0.3857,34362263.0
1752264000000,0.3857,0.3866,0.3478,0.3614,50171412.0
1752278400000,0.3614,0.3703,0.3517,0.3691,24226475.0
1752292800000,0.3691,0.3699,0.353,0.3645,21286838.0
1752307200000,0.3645,0.3711,0.3619,0.3654,22122663.0
1752321600000,0.3653,0.3686,0.3504,0.3529,42306753.0
1752336000000,0.3529,0.3681,0.3491,0.3668,31495405.0
1752350400000,0.3668,0.3669,0.3541,0.3592,21157566.0
1752364800000,0.3593,0.3665,0.3558,0.359,20057380.0
1752379200000,0.3591,0.364,0.3561,0.3604,19994561.0
1752393600000,0.3605,0.372,0.3528,0.3712,26224336.0
1752408000000,0.3713,0.3792,0.3664,0.3707,46888945.0
1752422400000,0.3708,0.3888,0.3649,0.3797,49066947.0
1752436800000,0.3796,0.3888,0.3622,0.3721,35637970.0
1752451200000,0.3722,0.4097,0.3706,0.4026,49217645.0
1752465600000,0.4026,0.412,0.3864,0.3976,52228244.0
1752480000000,0.3977,0.399,0.3818,0.3831,37000341.0
1752494400000,0.3831,0.3929,0.3674,0.3724,52366615.0
1752508800000,0.3724,0.3822,0.3651,0.3693,41937025.0
1752523200000,0.3694,0.374,0.3633,0.3688,23174390.0
1752537600000,0.369,0.372,0.3503,0.3563,40201702.0
1752552000000,0.3564,0.3686,0.3518,0.3584,25876643.0
1752566400000,0.3585,0.3619,0.354,0.3614,21154929.0
1752580800000,0.3614,0.3811,0.354,0.3705,73997361.0
1752595200000,0.3705,0.3815,0.3565,0.3605,41299243.0
1752609600000,0.3604,0.3786,0.3582,0.3779,37591247.0
1752624000000,0.3778,0.3841,0.3627,0.3657,28373868.0
1752638400000,0.3657,0.3793,0.3608,0.3754,21167684.0
1752652800000,0.3754,0.3974,0.373,0.3965,46831622.0
1752667200000,0.3964,0.4202,0.3939,0.4116,110902580.0
1752681600000,0.4117,0.432,0.4085,0.4136,77093776.0
1752696000000,0.4136,0.4292,0.4074,0.4124,48619932.0
1752710400000,0.4124,0.4291,0.3921,0.3973,50387866.0
1752724800000,0.3972,0.4154,0.3956,0.4136,41702720.0
1752739200000,0.4136,0.4229,0.4071,0.4147,41871727.0
1752753600000,0.4147,0.4226,0.401,0.4086,49016884.0
1752768000000,0.4084,0.41,0.3903,0.3918,42913843.0
1752782400000,0.3917,0.4136,0.383,0.3935,62621731.0
1752796800000,0.3935,0.4094,0.3894,0.4071,49708404.0
1752811200000,0.4072,0.4275,0.402,0.4055,63164919.0
1752825600000,0.4056,0.41,0.3854,0.391,48382889.0
1752840000000,0.391,0.4022,0.3704,0.3756,79251935.0
1752854400000,0.3757,0.3836,0.3697,0.3742,33323797.0
1752868800000,0.3741,0.3764,0.3602,0.3744,37046857.0
1752883200000,0.3745,0.3834,0.3651,0.3813,22918540.0
1752897600000,0.3813,0.3897,0.3791,0.3811,22158013.0
1752912000000,0.3811,0.3885,0.3774,0.3836,16826701.0
1752926400000,0.3837,0.3878,0.3759,0.3844,22854822.0
1752940800000,0.3844,0.3877,0.3762,0.3858,22762858.0
1752955200000,0.3858,0.3937,0.3799,0.3886,21138443.0
1752969600000,0.3887,0.3958,0.3841,0.3888,21891304.0
1752984000000,0.3888,0.3933,0.3819,0.3874,17388599.0
1752998400000,0.3875,0.4004,0.3871,0.3941,25113476.0
1753012800000,0.3941,0.414,0.3924,0.4138,40040658.0
1753027200000,0.414,0.425,0.3987,0.4115,63835632.0
1753041600000,0.4116,0.4266,0.4012,0.4199,56149302.0
1753056000000,0.42,0.448,0.3952,0.4388,88851136.0
1753070400000,0.4387,0.4442,0.4257,0.4397,39778247.0
1753084800000,0.4397,0.4447,0.4289,0.4321,40321794.0
1753099200000,0.4321,0.448,0.4256,0.4328,68872871.0
1753113600000,0.4329,0.439,0.4119,0.4166,64744692.0
1753128000000,0.4166,0.4434,0.4147,0.4361,42232475.0
1753142400000,0.436,0.4589,0.4149,0.4374,88538312.0
1753156800000,0.4374,0.4396,0.4128,0.4151,70275674.0
1753171200000,0.415,0.4248,0.4024,0.4221,55555382.0
1753185600000,0.4222,0.4264,0.4098,0.4181,80017408.0
1753200000000,0.418,0.4443,0.4123,0.4283,86667701.0
1753214400000,0.4282,0.4889,0.4265,0.4823,102030457.0
1753228800000,0.4823,0.4828,0.4552,0.4584,71763966.0
1753243200000,0.4583,0.465,0.4392,0.441,40232945.0
1753257600000,0.4409,0.4475,0.4291,0.4356,47857068.0
1753272000000,0.4357,0.4429,0.4156,0.4283,106683497.0
1753286400000,0.4281,0.4281,0.4006,0.4111,70583442.0
1753300800000,0.4112,0.4143,0.3823,0.3915,87920542.0
1753315200000,0.3915,0.405,0.3859,0.3968,38261337.0
1753329600000,0.3968,0.3983,0.3526,0.3733,120187165.0
1753344000000,0.3732,0.3918,0.3702,0.3905,59280724.0
1753358400000,0.3904,0.402,0.3719,0.3923,78761158.0
1753372800000,0.3924,0.3952,0.3741,0.3787,47431662.0
1753387200000,0.3788,0.3861,0.3613,0.3635,38510120.0
1753401600000,0.3636,0.3652,0.3458,0.3545,59838133.0
1753416000000,0.3544,0.3628,0.3474,0.3573,42316415.0
1753430400000,0.3574,0.3706,0.3563,0.369,35349085.0
1753444800000,0.369,0.3705,0.3452,0.3533,49983931.0
1753459200000,0.3532,0.3667,0.3487,0.363,30176598.0
1753473600000,0.363,0.3857,0.3618,0.3843,34030430.0
1753488000000,0.3842,0.3854,0.3772,0.3811,21134848.0
1753502400000,0.3811,0.388,0.3801,0.3856,13684461.0
1753516800000,0.3857,0.3917,0.3813,0.3828,22323551.0
1753531200000,0.3829,0.3839,0.373,0.3766,22634471.0
1753545600000,0.3766,0.381,0.3737,0.3803,17162261.0
1753560000000,0.3803,0.3821,0.3734,0.3744,13991456.0
1753574400000,0.3745,0.3832,0.3739,0.3803,12460741.0
1753588800000,0.3803,0.3872,0.3802,0.3835,12629188.0
1753603200000,0.3835,0.3889,0.3762,0.3822,21826819.0
1753617600000,0.3822,0.3881,0.3777,0.3815,20484243.0
1753632000000,0.3816,0.394,0.3797,0.3833,32226619.0
1753646400000,0.3834,0.3944,0.3767,0.3835,29762850.0
1753660800000,0.3835,0.39,0.3735,0.3897,29169493.0
1753675200000,0.3897,0.393,0.3835,0.3892,23843611.0
1753689600000,0.3891,0.3921,0.3809,0.3849,21180196.0
1753704000000,0.385,0.3909,0.3617,0.3642,60959205.0
1753718400000,0.3641,0.3667,0.3519,0.3567,50229875.0
1753732800000,0.3568,0.3573,0.3411,0.3453,48897611.0
1753747200000,0.3454,0.3518,0.3368,0.3466,40809460.0
1753761600000,0.3468,0.3603,0.3444,0.3599,27364658.0
1753776000000,0.36,0.361,0.3452,0.3484,25073420.0
1753790400000,0.3486,0.356,0.3303,0.3348,59229215.0
1753804800000,0.3348,0.3403,0.3275,0.3338,35802857.0
1753819200000,0.3339,0.3396,0.3274,0.3369,22913733.0
1753833600000,0.3369,0.3418,0.3286,0.3392,17863756.0
1753848000000,0.3392,0.3412,0.3327,0.3353,15048705.0
1753862400000,0.3351,0.3378,0.3157,0.3182,51086816.0
1753876800000,0.3182,0.3276,0.3155,0.3247,44222790.0
1753891200000,0.3247,0.3372,0.3056,0.3264,96389055.0
1753905600000,0.3263,0.333,0.3225,0.3312,26450756.0
1753920000000,0.3312,0.3382,0.3285,0.3376,20051795.0
1753934400000,0.3376,0.3409,0.335,0.3393,17595811.0
1753948800000,0.3393,0.3462,0.3374,0.3385,28578096.0
1753963200000,0.3387,0.3394,0.3216,0.3269,42701720.0
1753977600000,0.327,0.336,0.3194,0.3208,36835521.0
1753992000000,0.3208,0.321,0.3042,0.307,43339853.0
1754006400000,0.307,0.3124,0.2951,0.3104,49345771.0
1754020800000,0.3103,0.3117,0.3002,0.3075,29870029.0
1754035200000,0.3074,0.3075,0.2972,0.3036,37115389.0
1754049600000,0.3035,0.3106,0.2914,0.3071,65986033.0
1754064000000,0.3069,0.3111,0.2966,0.3077,40433194.0
1754078400000,0.3077,0.3085,0.2849,0.2984,50492862.0
1754092800000,0.2984,0.3025,0.2967,0.2991,15429739.0
1754107200000,0.2991,0.3024,0.2893,0.3014,20747915.0
1754121600000,0.3015,0.3025,0.2891,0.2933,19862090.0
1754136000000,0.2933,0.2958,0.285,0.2863,23375616.0
1754150400000,0.2864,0.2907,0.2745,0.2825,55599555.0
1754164800000,0.2826,0.2878,0.2817,0.2855,27122944.0
1754179200000,0.2855,0.293,0.2809,0.2922,20920109.0
1754193600000,0.2922,0.2938,0.2906,0.2926,8947838.0
1754208000000,0.2926,0.2978,0.2913,0.2945,16022285.0
1754222400000,0.2945,0.2952,0.2915,0.2936,12956000.0
1754236800000,0.2935,0.2979,0.2918,0.2948,14006669.0
1754251200000,0.2948,0.2984,0.2929,0.295,13471601.0
1754265600000,0.295,0.3045,0.2947,0.3003,19799668.0
1754280000000,0.3004,0.3052,0.2976,0.3034,13763658.0
1754294400000,0.3035,0.3076,0.2994,0.3016,25369333.0
1754308800000,0.3016,0.3121,0.3007,0.3055,31743228.0
1754323200000,0.3056,0.3145,0.3035,0.3041,27765033.0
1754337600000,0.3041,0.3176,0.3037,0.3139,26019004.0
1754352000000,0.3139,0.3144,0.3033,0.3033,13579108.0
1754366400000,0.3033,0.3081,0.2969,0.2979,26133049.0
1754380800000,0.2978,0.3119,0.2964,0.3107,17680712.0
1754395200000,0.3107,0.3116,0.2905,0.2922,41828316.0
1754409600000,0.2921,0.2959,0.2881,0.29,20373600.0
1754424000000,0.29,0.2942,0.2841,0.2936,22681386.0
1754438400000,0.2937,0.2938,0.284,0.2856,16270718.0
1754452800000,0.2856,0.2975,0.2832,0.2967,21014940.0
1754467200000,0.2967,0.2983,0.292,0.294,18484780.0
1754481600000,0.294,0.3034,0.2901,0.3023,30971088.0
1754496000000,0.3022,0.3071,0.2974,0.3037,25548078.0
1754510400000,0.3038,0.3043,0.3003,0.3031,11886723.0
1754524800000,0.3031,0.3073,0.2997,0.3002,11631796.0
1754539200000,0.3002,0.3053,0.3,0.3036,12076847.0
1754553600000,0.3036,0.3196,0.3021,0.3183,32179007.0
1754568000000,0.3183,0.3201,0.3111,0.3146,27563492.0
1754582400000,0.3146,0.3189,0.304,0.3185,24733811.0
1754596800000,0.3185,0.3279,0.3173,0.3266,25883014.0
1754611200000,0.3267,0.3296,0.3202,0.3243,35347351.0
1754625600000,0.3242,0.3261,0.3189,0.325,14478710.0
1754640000000,0.325,0.3276,0.3206,0.3254,16796943.0
1754654400000,0.3253,0.3321,0.3153,0.3187,33730440.0
1754668800000,0.3188,0.3324,0.3177,0.3274,25826678.0
1754683200000,0.3275,0.3286,0.3235,0.3246,10826817.0
1754697600000,0.3247,0.3263,0.3204,0.321,11579192.0
1754712000000,0.3211,0.3362,0.3202,0.3341,30016665.0
1754726400000,0.334,0.3427,0.3335,0.3385,33106884.0
1754740800000,0.3384,0.3456,0.3317,0.3373,32515295.0
1754755200000,0.3372,0.3442,0.3338,0.3422,22971153.0
1754769600000,0.3421,0.349,0.3363,0.3372,25199041.0
1754784000000,0.3372,0.3452,0.3352,0.3443,30067720.0
1754798400000,0.3443,0.3493,0.325,0.3266,33090142.0
1754812800000,0.3265,0.3326,0.3214,0.3251,20731154.0
1754827200000,0.3251,0.3357,0.322,0.3331,22445595.0
1754841600000,0.333,0.3515,0.3324,0.3483,40711588.0
1754856000000,0.3484,0.3512,0.3365,0.3429,32365843.0
1754870400000,0.343,0.3528,0.338,0.348,36747354.0
1754884800000,0.348,0.3509,0.3338,0.3349,30345369.0
1754899200000,0.3349,0.3385,0.3183,0.32,44872329.0
1754913600000,0.3201,0.3254,0.3155,0.3219,59503605.0
1754928000000,0.322,0.3277,0.3123,0.3152,50122713.0
1754942400000,0.3153,0.3157,0.3003,0.3049,33527416.0
1754956800000,0.3048,0.3134,0.3042,0.3082,18950402.0
1754971200000,0.3082,0.3113,0.3016,0.3071,17325677.0
1754985600000,0.3071,0.3071,0.2968,0.302,24664143.0
1755000000000,0.3019,0.3224,0.2999,0.3215,65875320.0
1755014400000,0.3216,0.3357,0.3204,0.3334,47289255.0
1755028800000,0.3335,0.3378,0.3302,0.334,29588072.0
1755043200000,0.3341,0.3445,0.3297,0.3411,38824505.0
1755057600000,0.341,0.3466,0.332,0.3415,24046158.0
1755072000000,0.3414,0.3489,0.3411,0.3455,26892214.0
1755086400000,0.3454,0.3487,0.3335,0.3391,52530244.0
1755100800000,0.3391,0.3439,0.3352,0.3433,26837619.0
1755115200000,0.3433,0.3484,0.3391,0.3447,21212379.0
1755129600000,0.3448,0.353,0.3401,0.3504,30164374.0
1755144000000,0.3503,0.3555,0.3418,0.3448,40799518.0
1755158400000,0.3449,0.3451,0.3277,0.333,37896223.0
1755172800000,0.333,0.3362,0.2951,0.3036,153606025.0
1755187200000,0.3036,0.3036,0.2931,0.2997,53540091.0
1755201600000,0.2997,0.3011,0.2889,0.2993,30266732.0
1755216000000,0.2993,0.3082,0.2965,0.3071,24833377.0
1755230400000,0.3071,0.3101,0.3041,0.3066,21451625.0
1755244800000,0.3067,0.3083,0.3017,0.3037,22611984.0
1755259200000,0.3037,0.3092,0.2806,0.2836,71809374.0
1755273600000,0.2835,0.2907,0.2792,0.2829,43672626.0
1755288000000,0.2829,0.2989,0.2816,0.2926,23783180.0
1755302400000,0.2926,0.2978,0.2914,0.296,13741981.0
1755316800000,0.2961,0.2986,0.2939,0.2972,11801378.0
1755331200000,0.2973,0.2977,0.2886,0.2896,20812961.0
1755345600000,0.2896,0.2963,0.2876,0.294,18364736.0
1755360000000,0.2939,0.2976,0.2923,0.2948,12441386.0
1755374400000,0.2948,0.298,0.2938,0.2966,9259898.0
1755388800000,0.2966,0.3002,0.2946,0.2985,10625829.0
1755403200000,0.2986,0.3012,0.2962,0.2984,9938779.0
1755417600000,0.2984,0.3025,0.297,0.3009,12961064.0
1755432000000,0.301,0.3062,0.2976,0.3062,16380514.0
1755446400000,0.3062,0.3094,0.2928,0.2951,34288968.0
1755460800000,0.2951,0.303,0.2946,0.2965,18996209.0
1755475200000,0.2965,0.2975,0.2799,0.2845,45790469.0
1755489600000,0.2843,0.2889,0.2802,0.2829,23329556.0
1755504000000,0.2828,0.2851,0.2769,0.2834,27866768.0
1755518400000,0.2833,0.2869,0.2788,0.2822,26064950.0
1755532800000,0.2822,0.2866,0.2785,0.2825,20716684.0
1755547200000,0.2824,0.2871,0.2791,0.2798,13249887.0
1755561600000,0.2799,0.2845,0.2709,0.2742,34945618.0
1755576000000,0.2741,0.2784,0.2708,0.2764,19725507.0
1755590400000,0.2765,0.2843,0.2745,0.2839,15304117.0
1755604800000,0.284,0.2842,0.2691,0.272,44254903.0
1755619200000,0.272,0.2727,0.2633,0.2666,38517614.0
1755633600000,0.2666,0.2726,0.2651,0.2673,17196111.0
1755648000000,0.2673,0.2734,0.2658,0.2708,19213317.0
1755662400000,0.2708,0.2751,0.2707,0.272,14714457.0
1755676800000,0.2721,0.2753,0.2689,0.2728,14740718.0
1755691200000,0.2728,0.2809,0.2649,0.278,41940196.0
1755705600000,0.278,0.2848,0.2767,0.2845,31997488.0
1755720000000,0.2846,0.2874,0.2821,0.2847,18499208.0
1755734400000,0.2848,0.2889,0.2787,0.2803,30241271.0
1755748800000,0.2802,0.2854,0.2794,0.2819,20410758.0
1755763200000,0.2819,0.2823,0.2763,0.2777,14346341.0
1755777600000,0.2776,0.2824,0.2743,0.275,28522637.0
1755792000000,0.2749,0.2776,0.2705,0.2733,22151042.0
1755806400000,0.2733,0.2773,0.2711,0.2734,11252729.0
1755820800000,0.2734,0.2792,0.271,0.2733,15135731.0
1755835200000,0.2733,0.2771,0.2724,0.2755,11186394.0
1755849600000,0.2756,0.2779,0.2674,0.2676,15804209.0
1755864000000,0.2677,0.292,0.2569,0.287,160633334.0
1755878400000,0.287,0.2994,0.2869,0.2977,49238031.0
1755892800000,0.2978,0.3015,0.296,0.2994,18704973.0
1755907200000,0.2994,0.3002,0.2857,0.2878,17150392.0
1755921600000,0.2877,0.3012,0.2877,0.2951,22181969.0
1755936000000,0.2951,0.2967,0.2906,0.292,12337225.0
1755950400000,0.2921,0.2946,0.2895,0.293,15120786.0
1755964800000,0.293,0.2952,0.2911,0.2945,8639935.0
1755979200000,0.2945,0.2951,0.2917,0.2941,5327742.0
1755993600000,0.2941,0.2966,0.2904,0.292,18132823.0
1756008000000,0.2921,0.2934,0.2827,0.284,17370728.0
1756022400000,0.2841,0.2862,0.2767,0.2789,16140913.0
1756036800000,0.2788,0.2863,0.2776,0.2815,16522946.0
1756051200000,0.2815,0.2989,0.2769,0.2845,82859933.0
1756065600000,0.2845,0.2871,0.2764,0.282,39282170.0
1756080000000,0.2821,0.2905,0.2754,0.2848,31546829.0
1756094400000,0.2849,0.2858,0.2708,0.2723,39600602.0
1756108800000,0.2723,0.2744,0.2646,0.2696,27376541.0
1756123200000,0.2696,0.2724,0.2657,0.2672,23818816.0
1756137600000,0.2673,0.2715,0.2585,0.2589,31090909.0
1756152000000,0.259,0.2602,0.2475,0.2541,65228474.0
1756166400000,0.2541,0.2582,0.252,0.2548,21872937.0
1756180800000,0.2548,0.2618,0.2545,0.2603,21105235.0
1756195200000,0.2603,0.2622,0.2561,0.2575,22141713.0
1756209600000,0.2576,0.2651,0.2559,0.2608,41884383.0
1756224000000,0.2608,0.2722,0.2606,0.2712,27966193.0
1756238400000,0.2711,0.2725,0.2673,0.2686,19264075.0
1756252800000,0.2686,0.2733,0.2654,0.2706,18832973.0
1756267200000,0.2706,0.2744,0.2665,0.2679,18741547.0
1756281600000,0.268,0.2703,0.2656,0.269,14335952.0
1756296000000,0.2689,0.272,0.2638,0.271,31446133.0
1756310400000,0.271,0.2727,0.2652,0.2673,21694809.0
1756324800000,0.2673,0.2732,0.2628,0.266,54912781.0
1756339200000,0.2659,0.27,0.2631,0.2681,14592187.0
1756353600000,0.2682,0.2726,0.2675,0.2718,15724179.0
1756368000000,0.2718,0.2748,0.2679,0.2706,15002176.0
1756382400000,0.2706,0.2748,0.268,0.2693,27937938.0
1756396800000,0.2693,0.2717,0.263,0.2642,23601276.0
1756411200000,0.2642,0.2751,0.2634,0.2747,16780874.0
1756425600000,0.2746,0.2766,0.2682,0.273,17430946.0
1756440000000,0.273,0.2742,0.2595,0.2604,25241253.0
1756454400000,0.2604,0.262,0.254,0.258,39113478.0
1756468800000,0.2579,0.2691,0.2532,0.2543,96111065.0
1756483200000,0.2543,0.2561,0.2493,0.2547,36413370.0
1756497600000,0.2547,0.2593,0.2513,0.2584,19433006.0
1756512000000,0.2584,0.2654,0.2535,0.2638,18626564.0
1756526400000,0.2639,0.2645,0.2616,0.2635,8556828.0
1756540800000,0.2636,0.2641,0.2615,0.2636,7399532.0
1756555200000,0.2637,0.2653,0.2577,0.264,15993977.0
1756569600000,0.2641,0.2648,0.2598,0.2612,12599812.0
1756584000000,0.2612,0.2622,0.2592,0.2616,5957518.0
1756598400000,0.2617,0.266,0.2615,0.2652,11190458.0
1756612800000,0.2653,0.2654,0.2619,0.2624,4698244.0
1756627200000,0.2624,0.2645,0.2598,0.2623,8612530.0
1756641600000,0.2623,0.2626,0.2578,0.2599,9480249.0
1756656000000,0.26,0.2619,0.2581,0.2605,10034542.0
1756670400000,0.2606,0.2618,0.2527,0.2532,12849171.0
1756684800000,0.2533,0.2544,0.2459,0.2477,29090827.0
1756699200000,0.2478,0.2535,0.2429,0.2535,26785646.0
1756713600000,0.2535,0.2578,0.2464,0.2469,28260126.0
1756728000000,0.247,0.2486,0.2389,0.24,27178782.0
1756742400000,0.24,0.2432,0.2374,0.2429,26410765.0
1756756800000,0.2429,0.243,0.2273,0.2351,59984779.0
1756771200000,0.2352,0.2449,0.2339,0.2425,22849389.0
1756785600000,0.2426,0.2459,0.2413,0.2429,16560235.0
1756800000000,0.2428,0.249,0.2425,0.2472,21224298.0
1756814400000,0.2471,0.2578,0.2401,0.2462,58825257.0
1756828800000,0.2462,0.2525,0.2462,0.2483,23737951.0
1756843200000,0.2483,0.2573,0.2476,0.2557,16367813.0
1756857600000,0.2556,0.2584,0.2531,0.2554,15309576.0
1756872000000,0.2554,0.2557,0.249,0.252,18930087.0
1756886400000,0.2519,0.2535,0.2492,0.2509,10461003.0
1756900800000,0.2509,0.2554,0.25,0.2538,19074927.0
1756915200000,0.2538,0.2556,0.2513,0.2545,17028617.0
1756929600000,0.2546,0.2553,0.252,0.2541,8025464.0
1756944000000,0.254,0.2572,0.2489,0.2494,16731990.0
1756958400000,0.2495,0.2504,0.2423,0.2435,19721387.0
1756972800000,0.2435,0.2455,0.2424,0.2426,11964913.0
1756987200000,0.2426,0.2447,0.2333,0.2352,30213825.0
1757001600000,0.2351,0.2371,0.2322,0.2339,13741178.0
1757016000000,0.2339,0.2403,0.2334,0.2362,13284306.0
1757030400000,0.2361,0.2403,0.2357,0.2402,12246179.0
1757044800000,0.2403,0.2455,0.2384,0.2448,13992466.0
1757059200000,0.2449,0.2452,0.2404,0.2434,11397355.0
1757073600000,0.2435,0.249,0.2358,0.2403,50275457.0
1757088000000,0.2404,0.2437,0.238,0.2437,14710664.0
1757102400000,0.2438,0.2458,0.2413,0.244,17469258.0
1757116800000,0.244,0.2469,0.2435,0.2453,7472539.0
1757131200000,0.2454,0.2454,0.2422,0.2427,5942296.0
1757145600000,0.2427,0.2434,0.2397,0.2418,6288961.0
1757160000000,0.2418,0.243,0.2391,0.2393,8138791.0
1757174400000,0.2392,0.2425,0.2377,0.238,11774016.0
1757188800000,0.2381,0.242,0.2379,0.2399,9727932.0
1757203200000,0.24,0.2437,0.2399,0.2437,10134541.0
1757217600000,0.2438,0.2448,0.2423,0.2432,6917676.0
1757232000000,0.2433,0.2468,0.2426,0.2468,7682017.0
1757246400000,0.2467,0.2471,0.2451,0.2464,7287990.0
1757260800000,0.2464,0.247,0.2421,0.2444,7979108.0
1757275200000,0.2443,0.251,0.2432,0.2488,11167600.0
1757289600000,0.2488,0.2549,0.2466,0.2519,10961644.0
1757304000000,0.2518,0.2535,0.2502,0.2519,10594508.0
1757318400000,0.2519,0.2594,0.2516,0.2557,17505470.0
1757332800000,0.2558,0.2631,0.2541,0.2614,21892353.0
1757347200000,0.2614,0.2646,0.2587,0.2591,18618903.0
1757361600000,0.2592,0.2654,0.2569,0.2635,16955678.0
1757376000000,0.2636,0.2684,0.2589,0.2655,18911182.0
1757390400000,0.2654,0.2744,0.263,0.2719,20691861.0
1757404800000,0.272,0.2752,0.2707,0.2718,14130809.0
1757419200000,0.2718,0.275,0.2587,0.2604,31725368.0
1757433600000,0.2604,0.2653,0.2592,0.2638,17583525.0
1757448000000,0.2637,0.2664,0.2619,0.265,9024047.0
1757462400000,0.265,0.2721,0.2625,0.2699,14210651.0
1757476800000,0.2697,0.2714,0.2655,0.2695,11296439.0
1757491200000,0.2694,0.2711,0.2662,0.2676,9492884.0
1757505600000,0.2676,0.2775,0.2674,0.2723,28329609.0
1757520000000,0.2724,0.2733,0.2647,0.2662,14617180.0
1757534400000,0.2662,0.2727,0.266,0.2722,8249006.0
1757548800000,0.2721,0.2744,0.271,0.2744,6780850.0
1757563200000,0.2743,0.2743,0.2698,0.2728,8336011.0
1757577600000,0.2728,0.2734,0.2691,0.2697,7389556.0
1757592000000,0.2696,0.2751,0.2639,0.2664,25320114.0
1757606400000,0.2664,0.273,0.2662,0.2719,10080078.0
1757620800000,0.272,0.2789,0.2711,0.2783,10936317.0
1757635200000,0.2784,0.2843,0.2768,0.2801,15355008.0
1757649600000,0.28,0.2845,0.2784,0.2819,12796050.0
1757664000000,0.282,0.2822,0.2746,0.2749,14196559.0
1757678400000,0.2749,0.279,0.2715,0.2748,17522038.0
1757692800000,0.2749,0.2896,0.2736,0.2895,32411306.0
1757707200000,0.2894,0.2911,0.2843,0.29,17073694.0
1757721600000,0.2899,0.2995,0.2885,0.2957,26143933.0
1757736000000,0.2957,0.2989,0.2917,0.2953,13720703.0
1757750400000,0.2953,0.3079,0.295,0.3072,24724824.0
1757764800000,0.3071,0.3107,0.2953,0.2973,42898145.0
1757779200000,0.2974,0.2994,0.2893,0.2949,23913568.0
1757793600000,0.295,0.2991,0.2949,0.2985,11298815.0
1757808000000,0.2984,0.2996,0.2902,0.2916,15388187.0
1757822400000,0.2916,0.2958,0.287,0.2929,13251339.0
1757836800000,0.2929,0.2937,0.2837,0.2846,13603795.0
1757851200000,0.2846,0.2861,0.275,0.2784,27592663.0
1757865600000,0.2784,0.2875,0.2777,0.2829,16463994.0
1757880000000,0.2828,0.2867,0.2809,0.2817,8985194.0
1757894400000,0.2817,0.2843,0.2772,0.2832,10357634.0
1757908800000,0.2831,0.2855,0.2674,0.2693,26413797.0
1757923200000,0.2693,0.2693,0.261,0.2636,39054578.0
1757937600000,0.2635,0.2666,0.2583,0.2607,21568391.0
1757952000000,0.2606,0.264,0.2569,0.2622,16654718.0
1757966400000,0.2622,0.267,0.2619,0.2656,10349110.0
1757980800000,0.2655,0.2669,0.2634,0.2634,6380882.0
1757995200000,0.2635,0.2688,0.26,0.2675,12004071.0
1758009600000,0.2676,0.2708,0.266,0.2673,9970169.0
1758024000000,0.2673,0.2734,0.2637,0.2732,28183145.0
1758038400000,0.2733,0.2756,0.2699,0.2724,18444564.0
1758052800000,0.2724,0.2764,0.2715,0.2746,14892403.0
1758067200000,0.2747,0.2754,0.2696,0.2699,13888292.0
1758081600000,0.27,0.2736,0.2671,0.2718,12500435.0
1758096000000,0.2719,0.2719,0.2658,0.2688,10625274.0
1758110400000,0.2688,0.2702,0.2656,0.2668,10011875.0
1758124800000,0.2667,0.2781,0.2636,0.2774,45451076.0
1758139200000,0.2775,0.2919,0.2729,0.2895,24670046.0
1758153600000,0.2896,0.2912,0.2843,0.2875,12908082.0
1758168000000,0.2875,0.288,0.2807,0.2829,9165181.0
1758182400000,0.2829,0.2885,0.2821,0.2856,9515534.0
1758196800000,0.2855,0.2906,0.2823,0.2897,16048746.0
1758211200000,0.2898,0.2959,0.2882,0.2905,19343875.0
1758225600000,0.2904,0.293,0.2859,0.2885,12366377.0
1758240000000,0.2886,0.2935,0.2833,0.2836,16559318.0
1758254400000,0.2836,0.2851,0.2797,0.2811,14546760.0
1758268800000,0.2811,0.2842,0.2748,0.2759,12654515.0
1758283200000,0.2758,0.279,0.2677,0.2711,23250359.0
1758297600000,0.271,0.2741,0.2674,0.2691,12338881.0
1758312000000,0.2692,0.2729,0.2652,0.2678,10983929.0
1758326400000,0.2677,0.2689,0.2643,0.2682,10013954.0
1758340800000,0.2683,0.2714,0.2671,0.2681,9682564.0
1758355200000,0.2681,0.2681,0.2625,0.2648,8660136.0
1758369600000,0.2649,0.27,0.2637,0.2683,9114159.0
1758384000000,0.2682,0.2695,0.2634,0.2651,7431714.0
1758398400000,0.2651,0.2679,0.2644,0.2654,4381642.0
1758412800000,0.2653,0.267,0.2636,0.2661,5852360.0
1758427200000,0.2661,0.268,0.2647,0.2658,7350576.0
1758441600000,0.2659,0.2664,0.2591,0.261,10399096.0
1758456000000,0.261,0.264,0.2603,0.2609,8854440.0
1758470400000,0.2609,0.2623,0.2566,0.2609,18529537.0
1758484800000,0.2609,0.261,0.2568,0.2569,6689609.0
1758499200000,0.257,0.259,0.2427,0.245,41306532.0
1758513600000,0.2449,0.2457,0.2199,0.2298,56215020.0
1758528000000,0.2298,0.2314,0.2254,0.2295,19829402.0
1758542400000,0.2295,0.2332,0.2255,0.2263,21223403.0
1758556800000,0.2262,0.2288,0.2231,0.2245,18703576.0
1758571200000,0.2245,0.2312,0.2239,0.2309,11217861.0
1758585600000,0.2309,0.232,0.2223,0.2276,23301402.0
1758600000000,0.2277,0.2314,0.2251,0.2301,18606932.0
1758614400000,0.2301,0.2324,0.2282,0.2315,14544192.0
1758628800000,0.2314,0.2332,0.2267,0.2304,24597175.0
1758643200000,0.2304,0.2327,0.2241,0.2248,24295411.0
1758657600000,0.2248,0.2278,0.2229,0.2242,13219956.0
1758672000000,0.2242,0.2291,0.2187,0.22,29796051.0
1758686400000,0.22,0.2257,0.2162,0.2254,34922430.0
1758700800000,0.2253,0.2285,0.2236,0.2271,17421371.0
1758715200000,0.2272,0.2304,0.2244,0.2262,21807059.0
1758729600000,0.2263,0.2283,0.2238,0.2251,12859631.0
1758744000000,0.2252,0.2259,0.2205,0.2211,13110621.0
1758758400000,0.2212,0.2237,0.2165,0.2193,26271107.0
1758772800000,0.2193,0.234,0.2126,0.2233,114696531.0
1758787200000,0.2233,0.2258,0.2154,0.2165,79854262.0
1758801600000,0.2164,0.218,0.2066,0.2117,48448073.0
1758816000000,0.2118,0.2158,0.2033,0.2124,57921568.0
1758830400000,0.2125,0.214,0.2069,0.2091,24772226.0
1758844800000,0.209,0.2138,0.208,0.213,25179904.0
1758859200000,0.2129,0.2143,0.2103,0.2127,20277298.0
1758873600000,0.2127,0.2141,0.2087,0.2109,18894928.0
1758888000000,0.2109,0.214,0.2075,0.2122,33865336.0
1758902400000,0.2121,0.2194,0.212,0.2162,27700667.0
1758916800000,0.2161,0.2172,0.2147,0.2172,9899937.0
1758931200000,0.2171,0.219,0.2149,0.2171,10923301.0
1758945600000,0.2171,0.2186,0.216,0.2163,16532913.0
1758960000000,0.2162,0.2171,0.2137,0.2161,15859892.0
1758974400000,0.2161,0.2176,0.2132,0.2169,11916722.0
1758988800000,0.2169,0.2172,0.2116,0.2142,14054175.0
1759003200000,0.2142,0.2181,0.2137,0.2152,9574163.0
1759017600000,0.2152,0.2159,0.212,0.2133,9710968.0
1759032000000,0.2133,0.2138,0.211,0.2125,9149769.0
1759046400000,0.2125,0.2131,0.2093,0.2109,9670132.0
1759060800000,0.2108,0.2146,0.2084,0.2144,17368238.0
1759075200000,0.2143,0.218,0.214,0.2174,12690351.0
1759089600000,0.2174,0.2262,0.2171,0.2249,17648677.0
1759104000000,0.2249,0.225,0.2198,0.2202,11469361.0
1759118400000,0.2203,0.2206,0.2169,0.2192,11298992.0
1759132800000,0.2191,0.2211,0.2145,0.2167,14652282.0
1759147200000,0.2167,0.224,0.2137,0.2184,28262724.0
1759161600000,0.2185,0.2219,0.2147,0.2215,21383349.0
1759176000000,0.2215,0.2257,0.221,0.2218,17120641.0
1759190400000,0.2218,0.2224,0.2163,0.2178,21830964.0
1759204800000,0.2177,0.2201,0.2159,0.217,16134928.0
1759219200000,0.2169,0.2174,0.2124,0.2135,13104493.0
1759233600000,0.2136,0.2156,0.2081,0.21,24107007.0
1759248000000,0.2099,0.2135,0.2086,0.2127,23141700.0
1759262400000,0.2127,0.2197,0.2124,0.2169,20339016.0
1759276800000,0.217,0.2182,0.2139,0.214,11250389.0
1759291200000,0.214,0.2178,0.2137,0.2171,10925648.0
1759305600000,0.2172,0.2315,0.2168,0.229,33752346.0
1759320000000,0.229,0.2356,0.2269,0.234,26064935.0
1759334400000,0.234,0.2354,0.2295,0.234,22154152.0
1759348800000,0.2341,0.2343,0.2308,0.2318,14738967.0
1759363200000,0.2318,0.2368,0.23,0.2347,22718530.0
1759377600000,0.2346,0.2406,0.2342,0.2367,24863573.0
1759392000000,0.2368,0.24,0.2359,0.238,13394385.0
1759406400000,0.238,0.24,0.2295,0.2357,32360700.0
1759420800000,0.2356,0.2434,0.2338,0.242,27395702.0
1759435200000,0.242,0.2425,0.2379,0.2398,14012276.0
1759449600000,0.2398,0.2399,0.2335,0.2341,19701348.0
1759464000000,0.2341,0.2369,0.2307,0.2327,13667522.0
1759478400000,0.2326,0.2344,0.2305,0.2324,10983629.0
1759492800000,0.2324,0.2409,0.2303,0.2404,28471388.0
1759507200000,0.2406,0.2446,0.2325,0.2423,68843296.0
1759521600000,0.2423,0.2462,0.2399,0.2424,16382683.0
1759536000000,0.2425,0.2446,0.2357,0.2381,14428613.0
1759550400000,0.2381,0.2458,0.2371,0.2431,24420605.0
1759564800000,0.2431,0.2433,0.2342,0.2356,15521741.0
1759579200000,0.2356,0.2384,0.2288,0.2297,26552767.0
1759593600000,0.2297,0.2338,0.2284,0.2338,13326780.0
1759608000000,0.2339,0.2373,0.2334,0.2363,10266731.0
1759622400000,0.2363,0.2402,0.2321,0.238,30080087.0
1759636800000,0.238,0.2539,0.2369,0.2511,45706129.0
1759651200000,0.2512,0.2535,0.24,0.2419,37173785.0
1759665600000,0.242,0.242,0.2363,0.2392,18028501.0
1759680000000,0.2393,0.2405,0.2316,0.232,22223642.0
1759694400000,0.232,0.235,0.231,0.2335,12129102.0
1759708800000,0.2335,0.2367,0.2302,0.2347,26463735.0
1759723200000,0.2347,0.2393,0.2318,0.2353,16599369.0
1759737600000,0.2353,0.2405,0.2353,0.2387,12503879.0
1759752000000,0.2387,0.2502,0.2387,0.2488,29693311.0
1759766400000,0.2488,0.2523,0.2462,0.2491,29845570.0
1759780800000,0.2491,0.2525,0.247,0.2483,26220777.0
1759795200000,0.2484,0.2508,0.2455,0.2473,15195933.0
1759809600000,0.2472,0.2504,0.2396,0.2408,19722275.0
1759824000000,0.2408,0.2462,0.2366,0.2455,19251001.0
1759838400000,0.2455,0.2469,0.2285,0.23,76632863.0
1759852800000,0.23,0.2341,0.226,0.2274,31350823.0
1759867200000,0.2275,0.2323,0.2266,0.2285,23836999.0
1759881600000,0.2285,0.2321,0.2247,0.2257,17776001.0
1759896000000,0.2256,0.2285,0.2237,0.2273,13639929.0
1759910400000,0.2274,0.2314,0.2272,0.229,14891358.0
1759924800000,0.2289,0.235,0.2272,0.231,24335767.0
1759939200000,0.2311,0.2432,0.2308,0.2421,30904856.0
1759953600000,0.2421,0.2436,0.2395,0.2413,9918254.0
1759968000000,0.2413,0.2423,0.229,0.2328,24000064.0
1759982400000,0.2327,0.2366,0.229,0.2299,16705318.0
1759996800000,0.2298,0.2304,0.2225,0.2256,27328532.0
1760011200000,0.2256,0.2291,0.2176,0.2206,42299945.0
1760025600000,0.2206,0.2238,0.217,0.2231,24567279.0
1760040000000,0.2231,0.2255,0.2217,0.2234,9879178.0
1760054400000,0.2234,0.2305,0.2219,0.2277,16567296.0
1760068800000,0.2277,0.2303,0.2238,0.2242,15108922.0
1760083200000,0.2242,0.2301,0.2237,0.2293,12996078.0
1760097600000,0.2293,0.2345,0.2118,0.2134,71098473.0
1760112000000,0.2134,0.2176,0.2028,0.2053,54900206.0
1760126400000,0.2053,0.2076,0.064,0.1506,339255392.0
1760140800000,0.1507,0.1609,0.1465,0.1548,78420882.0
1760155200000,0.1549,0.1582,0.1511,0.1529,38041446.0
1760169600000,0.1528,0.1606,0.1518,0.1561,39227374.0
1760184000000,0.1561,0.1582,0.1499,0.1572,38752694.0
1760198400000,0.1572,0.1594,0.1461,0.1479,42427472.0
1760212800000,0.1479,0.1499,0.141,0.1489,52074903.0
1760227200000,0.1489,0.1494,0.1433,0.1467,42232926.0
1760241600000,0.1467,0.1519,0.1466,0.1502,25470875.0
1760256000000,0.1501,0.151,0.1466,0.1487,22174351.0
1760270400000,0.1487,0.1671,0.1469,0.1656,83632458.0
1760284800000,0.1657,0.1719,0.1651,0.1706,64187033.0
1760299200000,0.1707,0.1715,0.1641,0.1652,38626884.0
1760313600000,0.1653,0.1664,0.1613,0.1621,37219246.0
1760328000000,0.162,0.1666,0.1604,0.1629,28761813.0
1760342400000,0.1629,0.1662,0.1566,0.1609,41819361.0
1760356800000,0.1608,0.1689,0.159,0.1679,82144622.0
1760371200000,0.168,0.1744,0.166,0.1738,80033743.0
1760385600000,0.1739,0.1769,0.1724,0.175,20951012.0
1760400000000,0.175,0.176,0.1687,0.169,25767305.0
1760414400000,0.1689,0.1698,0.1547,0.1575,57567102.0
1760428800000,0.1574,0.1606,0.1534,0.1584,42039559.0
1760443200000,0.1583,0.1668,0.153,0.1663,62773220.0
1760457600000,0.1664,0.171,0.1635,0.1664,64664451.0
1760472000000,0.1665,0.1693,0.1653,0.1685,14611032.0
1760486400000,0.1685,0.1708,0.1646,0.1661,26365173.0
1760500800000,0.1661,0.1693,0.1652,0.1691,20577742.0
1760515200000,0.1691,0.1724,0.1641,0.1648,26707175.0
1760529600000,0.1648,0.1654,0.1571,0.1586,70549923.0
1760544000000,0.1586,0.1612,0.1569,0.1581,42066564.0
1760558400000,0.1582,0.16,0.155,0.1582,35580397.0
1760572800000,0.1583,0.16,0.1574,0.1583,16841181.0
1760587200000,0.1583,0.161,0.1573,0.1594,20821726.0
1760601600000,0.1594,0.1645,0.1527,0.1629,47603276.0
1760616000000,0.163,0.1655,0.1522,0.153,54345399.0
1760630400000,0.153,0.1583,0.1486,0.1506,69687807.0
1760644800000,0.1506,0.1519,0.1469,0.1515,27452642.0
1760659200000,0.1515,0.1536,0.1507,0.1535,17435204.0
1760673600000,0.1535,0.1537,0.1378,0.1385,67426822.0
1760688000000,0.1385,0.146,0.1351,0.144,89259934.0
1760702400000,0.144,0.1454,0.1391,0.1431,188627862.0
1760716800000,0.1431,0.146,0.1415,0.1435,41175125.0
1760731200000,0.1436,0.1476,0.143,0.1449,15652497.0
1760745600000,0.1448,0.1477,0.1445,0.1465,13810709.0
1760760000000,0.1466,0.1497,0.1455,0.1468,15988440.0
1760774400000,0.1469,0.1506,0.1467,0.1498,18904941.0
1760788800000,0.1498,0.1509,0.1459,0.1484,15590331.0
1760803200000,0.1484,0.1514,0.1466,0.1491,23619996.0
1760817600000,0.1492,0.1503,0.1479,0.1486,11375588.0
1760832000000,0.1487,0.1498,0.147,0.1493,12215597.0
1760846400000,0.1493,0.1495,0.1463,0.1478,8719664.0
1760860800000,0.1478,0.154,0.1456,0.1521,42888661.0
1760875200000,0.1521,0.1569,0.1507,0.1558,25964613.0
1760889600000,0.1559,0.1572,0.1543,0.1556,17117962.0
1760904000000,0.1556,0.1561,0.1534,0.1537,11692287.0
1760918400000,0.1538,0.1586,0.1498,0.1581,19642058.0
1760932800000,0.1581,0.1596,0.1558,0.1585,20321438.0
1760947200000,0.1584,0.1612,0.1572,0.16,22046878.0
1760961600000,0.16,0.162,0.1577,0.1578,20796187.0
1760976000000,0.1578,0.1578,0.1538,0.1572,27234675.0
1760990400000,0.1571,0.1585,0.1562,0.1567,10104950.0
1761004800000,0.1566,0.1571,0.1522,0.1526,15854881.0
1761019200000,0.1526,0.1529,0.1481,0.1518,28812573.0
1761033600000,0.1518,0.153,0.1493,0.1513,16905977.0
1761048000000,0.1512,0.1616,0.1508,0.1597,52006674.0
1761062400000,0.1596,0.1609,0.1552,0.1557,35609473.0
1761076800000,0.1557,0.156,0.1462,0.1469,35218548.0
1761091200000,0.1468,0.1482,0.1456,0.1475,23433862.0
1761105600000,0.1475,0.1486,0.1446,0.146,23765586.0
1761120000000,0.1459,0.1481,0.1428,0.1472,27400471.0
1761134400000,0.1472,0.1504,0.146,0.1478,47306565.0
1761148800000,0.1479,0.1489,0.1426,0.1446,33521485.0
1761163200000,0.1446,0.1452,0.1374,0.1425,35060658.0
1761177600000,0.1426,0.1444,0.1423,0.1431,12710258.0
1761192000000,0.1431,0.147,0.1427,0.1467,16093195.0
1761206400000,0.1467,0.1485,0.1456,0.1461,16522664.0
1761220800000,0.146,0.1503,0.1444,0.1493,25168162.0
1761235200000,0.1494,0.1527,0.1483,0.1504,24816639.0
1761249600000,0.1504,0.1508,0.1476,0.1507,14348294.0
1761264000000,0.1508,0.1523,0.15,0.1514,10595495.0
1761278400000,0.1515,0.1549,0.151,0.1538,16595427.0
1761292800000,0.1538,0.1558,0.1515,0.1539,15742765.0
1761307200000,0.1539,0.1585,0.1503,0.1512,39426992.0
1761321600000,0.1511,0.1545,0.15,0.1534,16044593.0
1761336000000,0.1535,0.157,0.1533,0.1559,13133179.0
1761350400000,0.1558,0.1567,0.154,0.1543,12012454.0
1761364800000,0.1543,0.1554,0.1529,0.1532,8934535.0
1761379200000,0.1533,0.1558,0.1531,0.1536,10978930.0
1761393600000,0.1536,0.1566,0.1535,0.156,12338317.0
1761408000000,0.1561,0.158,0.1548,0.1569,22676930.0
1761422400000,0.157,0.158,0.1554,0.1556,8052020.0
1761436800000,0.1556,0.1566,0.1521,0.1526,32138586.0
1761451200000,0.1526,0.1569,0.1524,0.1569,13565639.0
1761465600000,0.1568,0.1622,0.1562,0.1618,24186919.0
1761480000000,0.1619,0.1645,0.1606,0.1632,20229676.0
1761494400000,0.1632,0.1636,0.1616,0.1625,9859901.0
1761508800000,0.1625,0.1662,0.161,0.1639,22551046.0
1761523200000,0.1639,0.1663,0.1633,0.164,14296396.0
1761537600000,0.164,0.1681,0.1628,0.1646,18430109.0
1761552000000,0.1647,0.165,0.1598,0.1618,18223841.0
1761566400000,0.1618,0.162,0.1577,0.1593,24710059.0
1761580800000,0.1594,0.1653,0.1594,0.1603,26116783.0
1761595200000,0.1603,0.1603,0.1555,0.1564,22587144.0
1761609600000,0.1565,0.1574,0.1536,0.1543,22320331.0
1761624000000,0.1542,0.158,0.1531,0.1555,17056768.0
1761638400000,0.1556,0.1595,0.1553,0.1568,13209022.0
1761652800000,0.1569,0.161,0.1537,0.1566,33008436.0
1761667200000,0.1565,0.159,0.1509,0.1521,27610584.0
1761681600000,0.152,0.1521,0.1462,0.1496,37504684.0
1761696000000,0.1495,0.1509,0.1473,0.1475,15463780.0
1761710400000,0.1474,0.1507,0.1472,0.1497,15402410.0
1761724800000,0.1497,0.1531,0.1487,0.1527,13474722.0
1761739200000,0.1526,0.1554,0.1492,0.1501,31711334.0
1761753600000,0.1501,0.1617,0.1486,0.1605,106081757.0
1761768000000,0.1606,0.1646,0.1559,0.1567,49051426.0
1761782400000,0.1567,0.1589,0.155,0.1563,38443003.0
1761796800000,0.1563,0.1563,0.1477,0.1525,63832021.0
1761811200000,0.1526,0.1526,0.1481,0.1485,32491809.0
1761825600000,0.1486,0.1495,0.1391,0.1397,59613694.0
1761840000000,0.1397,0.1421,0.1338,0.1348,72683257.0
1761854400000,0.1348,0.139,0.1331,0.1387,35694935.0
1761868800000,0.1387,0.142,0.1379,0.1391,23052321.0
1761883200000,0.1392,0.1409,0.139,0.1406,18934051.0
1761897600000,0.1407,0.1431,0.1392,0.143,14447869.0
1761912000000,0.143,0.1445,0.14,0.1425,35980631.0
1761926400000,0.1425,0.1425,0.1351,0.1412,45357824.0
1761940800000,0.1411,0.1416,0.139,0.1404,11588833.0
1761955200000,0.1404,0.1441,0.1387,0.1436,15032942.0
1761969600000,0.1436,0.147,0.1418,0.1461,22510537.0
1761984000000,0.1461,0.1497,0.1456,0.1484,26192680.0
1761998400000,0.1485,0.1498,0.1458,0.1497,18564162.0
1762012800000,0.1497,0.1529,0.1493,0.1526,27217642.0
1762027200000,0.1526,0.1555,0.1501,0.153,23171121.0
1762041600000,0.1529,0.1538,0.1489,0.1492,17022191.0
1762056000000,0.1493,0.1521,0.1491,0.1518,14337797.0
1762070400000,0.1518,0.1531,0.1488,0.1528,16451152.0
1762084800000,0.1528,0.153,0.1463,0.1465,21130667.0
1762099200000,0.1464,0.1484,0.1448,0.1471,14605906.0
1762113600000,0.1471,0.1527,0.1463,0.152,13217726.0
1762128000000,0.152,0.1525,0.1371,0.1373,30684540.0
1762142400000,0.1373,0.1387,0.1322,0.1352,36828050.0
1762156800000,0.1351,0.1373,0.1314,0.1335,35808302.0
1762171200000,0.1335,0.1364,0.118,0.1238,116116152.0
1762185600000,0.1238,0.1289,0.122,0.1228,52522674.0
1762200000000,0.1228,0.1247,0.1197,0.1241,39010322.0
1762214400000,0.1242,0.1269,0.1232,0.1263,31455459.0
1762228800000,0.1264,0.1274,0.1177,0.1181,79355898.0
1762243200000,0.1182,0.1216,0.1165,0.119,47915110.0
1762257600000,0.119,0.1202,0.1144,0.1163,65107720.0
1762272000000,0.1164,0.1182,0.11,0.1132,104960070.0
1762286400000,0.1133,0.1244,0.1028,0.123,200689346.0
1762300800000,0.123,0.129,0.1133,0.1263,92875923.0
1762315200000,0.1263,0.1298,0.1251,0.1284,66044309.0
1762329600000,0.1284,0.1295,0.1256,0.128,41583536.0
1762344000000,0.1279,0.1307,0.1256,0.127,57329273.0
1762358400000,0.1269,0.1312,0.1254,0.1276,35334967.0
1762372800000,0.1276,0.1305,0.1269,0.1292,26494789.0
1762387200000,0.1292,0.1298,0.1261,0.128,24209651.0
1762401600000,0.128,0.1289,0.1253,0.1262,22345449.0
1762416000000,0.1262,0.1284,0.1257,0.1278,20248162.0
1762430400000,0.1279,0.1323,0.126,0.1274,46455055.0
1762444800000,0.1273,0.1292,0.1235,0.1277,46255393.0
1762459200000,0.1277,0.1299,0.1265,0.1284,35084690.0
1762473600000,0.1285,0.1328,0.1281,0.1303,37104791.0
1762488000000,0.1303,0.1358,0.1294,0.1353,34275247.0
1762502400000,0.1353,0.1353,0.128,0.1313,32897980.0
1762516800000,0.1312,0.1356,0.1274,0.1346,45629711.0
1762531200000,0.1347,0.1483,0.1338,0.1476,51595557.0
1762545600000,0.1476,0.1517,0.1453,0.1466,24656788.0
1762560000000,0.1465,0.1505,0.1436,0.1441,23756771.0
1762574400000,0.1441,0.1476,0.1404,0.1425,21513738.0
1762588800000,0.1424,0.1471,0.1403,0.1451,22033339.0
1762603200000,0.1451,0.1469,0.1393,0.1398,30971540.0
1762617600000,0.1399,0.1433,0.1384,0.1415,23715486.0
1762632000000,0.1415,0.1455,0.1405,0.1441,13656294.0
1762646400000,0.1441,0.1444,0.1371,0.1379,24114685.0
1762660800000,0.1379,0.1422,0.1376,0.1422,15056432.0
1762675200000,0.1421,0.1424,0.1377,0.1414,22375894.0
1762689600000,0.1414,0.1465,0.1399,0.1465,59481239.0
1762704000000,0.1466,0.1499,0.1437,0.1499,23916440.0
1762718400000,0.1499,0.1503,0.1422,0.144,23585610.0
1762732800000,0.144,0.1469,0.1422,0.1446,19460399.0
1762747200000,0.1447,0.1467,0.1434,0.1446,16167940.0
1762761600000,0.1446,0.1489,0.1431,0.1473,18580033.0
1762776000000,0.1473,0.1495,0.143,0.1471,40126669.0
1762790400000,0.147,0.1488,0.1446,0.1473,25891965.0
1762804800000,0.1472,0.1531,0.1469,0.1503,27178121.0
1762819200000,0.1503,0.1524,0.1463,0.151,46268898.0
1762833600000,0.1509,0.1516,0.1423,0.1427,36240761.0
1762848000000,0.1426,0.147,0.1423,0.146,20121000.0
1762862400000,0.146,0.1483,0.1431,0.1448,28753095.0
1762876800000,0.1448,0.1573,0.1441,0.1505,155797159.0
1762891200000,0.1505,0.1537,0.1492,0.1501,57771076.0
1762905600000,0.1501,0.1525,0.1484,0.1523,24476327.0
1762920000000,0.1523,0.165,0.1516,0.161,78045056.0
1762934400000,0.161,0.1714,0.1604,0.1665,79050482.0
1762948800000,0.1665,0.2132,0.1611,0.1656,1118320631.0
1762963200000,0.1656,0.1675,0.1193,0.1322,801685538.0
1762977600000,0.1321,0.1368,0.1255,0.1271,124250107.0
1762992000000,0.1271,0.1312,0.1237,0.1289,91221109.0
1763006400000,0.1289,0.129,0.1212,0.1219,71479573.0
1763020800000,0.1218,0.1259,0.1206,0.1232,66092506.0
1763035200000,0.1232,0.1274,0.1192,0.1212,140916400.0
1763049600000,0.1211,0.1222,0.1147,0.1162,128777638.0
1763064000000,0.1162,0.1251,0.1152,0.1224,79024286.0
1763078400000,0.1224,0.1224,0.117,0.1177,48945694.0
1763092800000,0.1177,0.1187,0.1114,0.1154,73747135.0
1763107200000,0.1154,0.1157,0.1094,0.1107,49745493.0
1763121600000,0.1107,0.1124,0.1069,0.1108,78446263.0
1763136000000,0.1109,0.1137,0.1092,0.1127,41423086.0
1763150400000,0.1127,0.113,0.1047,0.1064,48324212.0
1763164800000,0.1064,0.1091,0.1062,0.1085,31197297.0
1763179200000,0.1084,0.1099,0.1078,0.1092,16752680.0
1763193600000,0.1092,0.1104,0.1067,0.109,23312033.0
1763208000000,0.109,0.1108,0.1087,0.1099,18803526.0
1763222400000,0.1099,0.1116,0.1084,0.1099,21362513.0
1763236800000,0.1098,0.1105,0.1081,0.1101,15444054.0
1763251200000,0.1102,0.112,0.1077,0.1112,22666738.0
1763265600000,0.1112,0.1122,0.1098,0.1116,21132035.0
1763280000000,0.1116,0.1125,0.1091,0.1094,36150446.0
1763294400000,0.1094,0.11,0.105,0.1051,33938450.0
1763308800000,0.1052,0.1064,0.1017,0.1045,49757572.0
1763323200000,0.1045,0.1084,0.1031,0.1076,31042051.0
1763337600000,0.1076,0.1094,0.1061,0.108,17305746.0
1763352000000,0.1081,0.1095,0.1064,0.1091,25173963.0
1763366400000,0.109,0.1103,0.108,0.11,23522645.0
1763380800000,0.11,0.1104,0.104,0.1054,56451178.0
1763395200000,0.1054,0.1082,0.102,0.1029,42633640.0
1763409600000,0.1029,0.1064,0.1015,0.1062,32075498.0
1763424000000,0.1063,0.1065,0.1028,0.1054,28078720.0
1763438400000,0.1055,0.106,0.1018,0.1024,44910137.0
1763452800000,0.1024,0.1058,0.1024,0.1042,28113654.0
1763467200000,0.1042,0.1076,0.1022,0.1068,39242602.0
1763481600000,0.1069,0.109,0.105,0.1078,41805150.0
1763496000000,0.1077,0.1084,0.106,0.1067,13093542.0
1763510400000,0.1067,0.1067,0.1045,0.1052,15504924.0
1763524800000,0.1051,0.1066,0.1028,0.1062,20409351.0
1763539200000,0.1063,0.1073,0.1059,0.1065,12410145.0
1763553600000,0.1065,0.1087,0.1024,0.1027,49781116.0
1763568000000,0.1027,0.1036,0.0991,0.1003,43218033.0
1763582400000,0.1003,0.1076,0.1,0.1068,34661676.0
1763596800000,0.1068,0.1085,0.1061,0.1074,15836927.0
1763611200000,0.1074,0.1131,0.1063,0.1112,34267559.0
1763625600000,0.1111,0.1149,0.1096,0.1112,58339313.0
1763640000000,0.1113,0.114,0.1081,0.1087,47709946.0
1763654400000,0.1086,0.1089,0.1007,0.1041,76637685.0
1763668800000,0.1041,0.1077,0.1026,0.1035,28820079.0
1763683200000,0.1035,0.1053,0.1014,0.1036,30493586.0
1763697600000,0.1035,0.1044,0.0889,0.0971,109366627.0
1763712000000,0.097,0.0981,0.0924,0.0926,45305169.0
1763726400000,0.0927,0.0961,0.0903,0.0929,76908127.0
1763740800000,0.093,0.0969,0.0912,0.0934,62084576.0
1763755200000,0.0933,0.0934,0.0883,0.0921,48030261.0
1763769600000,0.0922,0.0929,0.0901,0.0905,20550197.0
1763784000000,0.0904,0.0905,0.0835,0.0877,108334680.0
1763798400000,0.0877,0.0905,0.0866,0.0892,52636067.0
1763812800000,0.0891,0.0896,0.0872,0.0892,29181599.0
1763827200000,0.0892,0.0907,0.089,0.0899,18123453.0
1763841600000,0.0899,0.0917,0.0888,0.0899,13841194.0
1763856000000,0.0899,0.0912,0.0893,0.09,21774122.0
1763870400000,0.0901,0.092,0.0891,0.0903,30066588.0
1763884800000,0.0903,0.0911,0.0889,0.0898,13440489.0
1763899200000,0.0898,0.091,0.0889,0.0906,18335152.0
1763913600000,0.0906,0.0928,0.088,0.0915,64476029.0
1763928000000,0.0915,0.092,0.09,0.0903,15617897.0
1763942400000,0.0903,0.0946,0.0895,0.0942,30431341.0
1763956800000,0.0942,0.096,0.0926,0.0948,31385326.0
1763971200000,0.0948,0.0953,0.0903,0.0927,75140549.0
1763985600000,0.0927,0.1006,0.0919,0.0988,76536169.0
1764000000000,0.0988,0.1049,0.0981,0.1025,47425322.0
1764014400000,0.1026,0.1063,0.1026,0.1037,27326469.0
1764028800000,0.1037,0.1047,0.101,0.1018,28047846.0
1764043200000,0.1018,0.1037,0.0983,0.1016,47218583.0
1764057600000,0.1015,0.1035,0.0999,0.103,26407959.0
1764072000000,0.103,0.1053,0.101,0.1041,44185340.0
1764086400000,0.1041,0.1068,0.1025,0.1044,38729451.0
1764100800000,0.1044,0.106,0.1023,0.104,19364586.0
1764115200000,0.1041,0.1054,0.1018,0.102,11530303.0
1764129600000,0.1021,0.1037,0.1018,0.1036,11491804.0
1764144000000,0.1036,0.1038,0.1008,0.1013,11748805.0
1764158400000,0.1013,0.1041,0.0999,0.1023,26503914.0
1764172800000,0.1024,0.1076,0.1023,0.1066,34431036.0
1764187200000,0.1067,0.1122,0.1047,0.11,45745425.0
1764201600000,0.1099,0.1114,0.1087,0.1091,21272759.0
1764216000000,0.1092,0.1096,0.108,0.1087,11193655.0
1764230400000,0.1087,0.1089,0.1062,0.1066,17422443.0
1764244800000,0.1065,0.1091,0.1063,0.1089,12946394.0
1764259200000,0.109,0.1124,0.1084,0.1114,16467554.0
1764273600000,0.1113,0.112,0.108,0.109,15134383.0
1764288000000,0.109,0.1106,0.1073,0.1086,13380579.0
1764302400000,0.1085,0.1093,0.1077,0.1082,6722749.0
1764316800000,0.1081,0.1138,0.1081,0.111,28381583.0
1764331200000,0.111,0.1148,0.1093,0.1119,19258623.0
1764345600000,0.1119,0.112,0.1062,0.1084,22131520.0
1764360000000,0.1085,0.1097,0.1071,0.1083,11156076.0
1764374400000,0.1082,0.109,0.1069,0.1071,6070628.0
1764388800000,0.1071,0.1086,0.1054,0.1061,12407177.0
1764403200000,0.1061,0.1065,0.1047,0.1064,8673383.0
1764417600000,0.1063,0.1069,0.1047,0.1061,7481353.0
1764432000000,0.1061,0.1063,0.1032,0.1052,11973617.0
1764446400000,0.1052,0.1073,0.1044,0.1061,6826874.0
1764460800000,0.1062,0.107,0.1041,0.1059,6390355.0
1764475200000,0.1059,0.1066,0.1043,0.1065,5506402.0
1764489600000,0.1065,0.1083,0.106,0.1066,16427129.0
1764504000000,0.1066,0.1101,0.1061,0.1074,13913312.0
1764518400000,0.1075,0.1092,0.1067,0.1073,12110585.0
1764532800000,0.1073,0.1075,0.1036,0.1038,15153841.0
1764547200000,0.1038,0.1044,0.0936,0.0936,52904364.0
1764561600000,0.0937,0.094,0.0914,0.0922,19482432.0
1764576000000,0.0922,0.0951,0.0921,0.0928,13621686.0
1764590400000,0.0929,0.096,0.0919,0.0943,29558651.0
1764604800000,0.0943,0.0951,0.0922,0.0941,22780432.0
1764619200000,0.0941,0.0972,0.094,0.0953,12033311.0
1764633600000,0.0952,0.0964,0.0942,0.0961,11867292.0
1764648000000,0.0961,0.0969,0.0945,0.0959,13246290.0
1764662400000,0.0958,0.0972,0.0944,0.0968,15763336.0
1764676800000,0.0969,0.1087,0.0966,0.1081,38355901.0
1764691200000,0.1081,0.1111,0.1049,0.1052,48058344.0
1764705600000,0.1053,0.1056,0.1022,0.1039,20794237.0
1764720000000,0.1039,0.1079,0.1026,0.1052,24280705.0
1764734400000,0.1051,0.1066,0.104,0.1046,19094100.0
1764748800000,0.1045,0.1056,0.1031,0.1038,18897632.0
1764763200000,0.1038,0.1061,0.1017,0.1033,36286315.0
1764777600000,0.1034,0.1054,0.1023,0.1038,18223642.0
1764792000000,0.1037,0.1095,0.1029,0.1071,23746281.0
1764806400000,0.1071,0.1093,0.1062,0.1076,16500998.0
1764820800000,0.1076,0.1095,0.1062,0.1067,15125270.0
1764835200000,0.1067,0.1071,0.1054,0.1065,9597234.0
1764849600000,0.1066,0.109,0.1044,0.1078,20878280.0
1764864000000,0.1078,0.1088,0.1035,0.1071,38088932.0
1764878400000,0.1072,0.1074,0.1046,0.1052,12846327.0
1764892800000,0.1052,0.1067,0.1043,0.1049,7763523.0
1764907200000,0.1049,0.1076,0.1037,0.1069,7821074.0
1764921600000,0.1069,0.107,0.1021,0.1029,14458274.0
1764936000000,0.103,0.1035,0.0999,0.1008,22406665.0
1764950400000,0.1008,0.1014,0.0953,0.0978,31022706.0
1764964800000,0.0979,0.0986,0.097,0.0978,9731287.0
1764979200000,0.0979,0.0996,0.0974,0.0987,5810159.0
1764993600000,0.0987,0.0992,0.097,0.0974,5415837.0
1765008000000,0.0975,0.0991,0.097,0.0988,6603192.0
1765022400000,0.0988,0.1011,0.0985,0.1004,11802278.0
1765036800000,0.1004,0.1017,0.0989,0.0994,11321124.0
1765051200000,0.0995,0.1025,0.099,0.1014,20357744.0
1765065600000,0.1013,0.1046,0.1012,0.1045,17546802.0
1765080000000,0.1044,0.1048,0.1022,0.1025,9473073.0
1765094400000,0.1025,0.1027,0.0991,0.1,11441601.0
1765108800000,0.0999,0.1021,0.0958,0.1017,27241343.0
1765123200000,0.1017,0.1051,0.1002,0.1032,22123815.0
1765137600000,0.1032,0.1038,0.0976,0.0993,15709128.0
1765152000000,0.0993,0.1039,0.0986,0.1027,9610374.0
1765166400000,0.1028,0.1058,0.1026,0.1046,9058688.0
1765180800000,0.1047,0.107,0.1042,0.1064,12456013.0
1765195200000,0.1063,0.1064,0.1028,0.104,21584984.0
1765209600000,0.1041,0.1056,0.0999,0.1003,24661260.0
1765224000000,0.1003,0.103,0.1002,0.1027,12661604.0
1765238400000,0.1026,0.103,0.1005,0.1019,8411253.0
1765252800000,0.102,0.1022,0.0997,0.1016,8517854.0
1765267200000,0.1015,0.1022,0.1005,0.102,6569130.0
1765281600000,0.102,0.1073,0.1011,0.107,19733620.0
1765296000000,0.107,0.1112,0.107,0.1079,26337468.0
1765310400000,0.1078,0.1081,0.1036,0.1056,14903923.0
1765324800000,0.1056,0.1061,0.103,0.1036,6916567.0
1765339200000,0.1036,0.1045,0.1027,0.1032,5173610.0
1765353600000,0.1033,0.1047,0.1019,0.1027,10140031.0
1765368000000,0.1026,0.104,0.1023,0.1029,8039393.0
1765382400000,0.1028,0.1079,0.1022,0.1072,30560771.0
1765396800000,0.1073,0.1096,0.1007,0.1013,30316601.0
1765411200000,0.1014,0.1017,0.0963,0.0966,15296992.0
1765425600000,0.0967,0.0992,0.0958,0.0987,12490301.0
1765440000000,0.0987,0.0997,0.0981,0.099,9554918.0
1765454400000,0.099,0.1003,0.0976,0.0987,14342247.0
1765468800000,0.0986,0.1013,0.0978,0.0996,16267442.0
1765483200000,0.0995,0.1032,0.0994,0.1007,14460498.0
1765497600000,0.1007,0.1014,0.0991,0.1004,7359161.0
1765512000000,0.1004,0.1032,0.0998,0.1014,10636341.0
1765526400000,0.1014,0.1031,0.1011,0.1029,7194615.0
1765540800000,0.1028,0.1037,0.0975,0.098,18153398.0
1765555200000,0.098,0.099,0.0955,0.0971,25424666.0
1765569600000,0.0971,0.0996,0.0969,0.0992,11605259.0
1765584000000,0.0993,0.1,0.0986,0.0993,6215669.0
1765598400000,0.0992,0.1011,0.0992,0.1002,4709767.0
1765612800000,0.1003,0.1013,0.0998,0.1001,6936118.0
1765627200000,0.1001,0.1008,0.0994,0.1,4488489.0
1765641600000,0.1001,0.1007,0.0997,0.1,4774784.0
1765656000000,0.0999,0.1002,0.0981,0.0986,5168620.0
1765670400000,0.0985,0.0986,0.0975,0.0978,4450099.0
1765684800000,0.0978,0.0979,0.096,0.097,6008188.0
1765699200000,0.097,0.0976,0.0959,0.0972,7155533.0
1765713600000,0.0971,0.0982,0.0962,0.0969,7907068.0
1765728000000,0.0969,0.0977,0.0954,0.096,9069226.0
1765742400000,0.096,0.0967,0.0941,0.0958,10547891.0
1765756800000,0.0959,0.099,0.0956,0.0975,8274349.0
1765771200000,0.0976,0.0992,0.0972,0.098,6113534.0
1765785600000,0.0981,0.0986,0.0976,0.0982,5562687.0
1765800000000,0.0982,0.0985,0.0917,0.0926,23116728.0
1765814400000,0.0926,0.0927,0.0885,0.0901,26331081.0
1765828800000,0.0901,0.0901,0.0881,0.0895,10770164.0
1765843200000,0.0896,0.09,0.0869,0.0881,12002453.0
1765857600000,0.0882,0.0887,0.0865,0.087,8293556.0
1765872000000,0.087,0.0905,0.0869,0.0903,9394523.0
1765886400000,0.0903,0.0922,0.0886,0.0917,19172092.0
1765900800000,0.0916,0.0926,0.0898,0.0914,24659779.0
1765915200000,0.0913,0.0929,0.0913,0.0922,5883068.0
1765929600000,0.0921,0.0922,0.0899,0.0902,7691090.0
1765944000000,0.0901,0.0906,0.0891,0.0902,6824862.0
1765958400000,0.0903,0.0903,0.0891,0.09,5351285.0
1765972800000,0.0901,0.0937,0.0884,0.089,24198725.0
1765987200000,0.089,0.0898,0.0824,0.0845,36267681.0
1766001600000,0.0845,0.0855,0.0833,0.0844,10425754.0
1766016000000,0.0844,0.0848,0.0831,0.0836,9318598.0
1766030400000,0.0836,0.084,0.0814,0.0828,16660275.0
1766044800000,0.0828,0.0844,0.0827,0.084,12859273.0
1766059200000,0.084,0.0875,0.0833,0.0861,29790354.0
1766073600000,0.086,0.0864,0.0754,0.0757,48554656.0
1766088000000,0.0757,0.0787,0.0755,0.0768,18584296.0
1766102400000,0.0769,0.0804,0.0757,0.0795,18638004.0
1766116800000,0.0795,0.0825,0.0793,0.0813,13045014.0
1766131200000,0.0813,0.0829,0.0811,0.0822,11190467.0
1766145600000,0.0822,0.0855,0.0819,0.0832,18387144.0
1766160000000,0.0831,0.0851,0.0819,0.0843,17979301.0
1766174400000,0.0844,0.085,0.0838,0.0839,5776935.0
1766188800000,0.0839,0.084,0.0825,0.0828,5613483.0
1766203200000,0.0828,0.083,0.0819,0.0828,5883561.0
1766217600000,0.0829,0.0837,0.0819,0.0832,6139748.0
1766232000000,0.0831,0.0831,0.0812,0.0817,8264732.0
1766246400000,0.0817,0.0827,0.0814,0.0822,9170048.0
1766260800000,0.0821,0.0824,0.0812,0.0817,4936970.0
1766275200000,0.0817,0.0819,0.0803,0.081,6784781.0
1766289600000,0.081,0.0819,0.0807,0.0817,3794494.0
1766304000000,0.0817,0.0825,0.0805,0.0807,7467866.0
1766318400000,0.0807,0.0811,0.0776,0.0796,16996303.0
1766332800000,0.0795,0.081,0.0791,0.0803,9268975.0
1766347200000,0.0804,0.0824,0.0799,0.0814,5150520.0
1766361600000,0.0813,0.0839,0.0797,0.0808,14406630.0
1766376000000,0.0808,0.0821,0.0806,0.0816,4242581.0
1766390400000,0.0816,0.0826,0.081,0.0821,6799179.0
1766404800000,0.0821,0.0828,0.0807,0.0826,17391816.0
1766419200000,0.0827,0.083,0.0801,0.0804,18111557.0
1766433600000,0.0803,0.081,0.0797,0.08,9874484.0
1766448000000,0.08,0.0804,0.0784,0.0794,9046858.0
1766462400000,0.0793,0.0797,0.0779,0.0784,8184155.0
1766476800000,0.0783,0.0802,0.0782,0.0801,6974165.0
1766491200000,0.0801,0.0804,0.0784,0.0794,16762443.0
1766505600000,0.0794,0.0808,0.079,0.0801,9284084.0
1766520000000,0.0801,0.0809,0.0792,0.0792,9391625.0
1766534400000,0.0793,0.08,0.0777,0.0793,8802271.0
1766548800000,0.0792,0.0795,0.0779,0.0785,6259745.0
1766563200000,0.0784,0.0789,0.078,0.0784,5400811.0
1766577600000,0.0784,0.0797,0.0773,0.0795,8691492.0
1766592000000,0.0794,0.0799,0.0771,0.0782,12126292.0
1766606400000,0.0782,0.0799,0.0781,0.0791,5408074.0
1766620800000,0.0791,0.0812,0.0789,0.0809,15947282.0
1766635200000,0.0808,0.0825,0.0808,0.0823,8738733.0
1766649600000,0.0823,0.0826,0.0803,0.0808,7037038.0
1766664000000,0.0807,0.0818,0.0805,0.0814,7070002.0
1766678400000,0.0815,0.0817,0.0805,0.0815,7260656.0
1766692800000,0.0815,0.0816,0.078,0.0784,11676789.0
1766707200000,0.0783,0.0821,0.0779,0.0814,13827641.0
1766721600000,0.0815,0.0818,0.0802,0.0805,4720768.0
1766736000000,0.0804,0.0812,0.0803,0.0806,4220410.0
1766750400000,0.0805,0.0813,0.0785,0.0791,9640547.0
1766764800000,0.0791,0.0799,0.0781,0.0794,7903015.0
1766779200000,0.0794,0.0799,0.0786,0.0795,4182815.0
1766793600000,0.0795,0.0803,0.0794,0.0802,4957896.0
1766808000000,0.0803,0.0804,0.0796,0.0796,2625405.0
1766822400000,0.0797,0.0803,0.0788,0.0802,3373750.0
1766836800000,0.0803,0.0805,0.0799,0.0802,4683259.0
1766851200000,0.0803,0.0807,0.0798,0.0801,4164987.0
1766865600000,0.0801,0.0814,0.0798,0.0812,4758440.0
1766880000000,0.0813,0.0816,0.0807,0.081,3696588.0
1766894400000,0.0809,0.0813,0.0807,0.0808,2659907.0
1766908800000,0.0808,0.0813,0.0802,0.0804,3430939.0
1766923200000,0.0805,0.081,0.0798,0.0802,4397240.0
1766937600000,0.0802,0.0806,0.0781,0.0782,8580758.0
1766952000000,0.0781,0.0807,0.0778,0.0805,11635911.0
1766966400000,0.0806,0.0843,0.0803,0.0839,16445693.0
1766980800000,0.0839,0.0841,0.0817,0.0825,11260222.0
1766995200000,0.0825,0.0829,0.08,0.0803,11188546.0
1767009600000,0.0802,0.0804,0.0783,0.0794,15487541.0
1767024000000,0.0794,0.0803,0.0789,0.0794,7949581.0
1767038400000,0.0793,0.08,0.0786,0.0788,5129617.0
1767052800000,0.0786,0.0794,0.0776,0.0785,6576348.0
1767067200000,0.0784,0.0789,0.0776,0.078,5142281.0
1767081600000,0.078,0.0793,0.078,0.0785,6998499.0
1767096000000,0.0785,0.0796,0.0777,0.0795,8389790.0
1767110400000,0.0795,0.08,0.0773,0.0784,8674175.0
1767124800000,0.0785,0.0786,0.0776,0.0784,3536338.0
1767139200000,0.0784,0.0787,0.0776,0.078,4135332.0
1767153600000,0.078,0.0783,0.0775,0.0777,2842524.0
1767168000000,0.0777,0.078,0.0768,0.078,6400066.0
1767182400000,0.0779,0.078,0.0764,0.0769,7371151.0
1767196800000,0.0769,0.0773,0.0725,0.0739,33421384.0
1767211200000,0.0739,0.0753,0.0735,0.0738,10091680.0
1767225600000,0.0738,0.0747,0.0733,0.0735,5916843.0
1767240000000,0.0736,0.0741,0.073,0.0737,4112418.0
1767254400000,0.0737,0.0746,0.0735,0.0741,5503711.0
1767268800000,0.0741,0.0757,0.0734,0.0751,8977542.0
1767283200000,0.0751,0.082,0.0744,0.0816,57669979.0
1767297600000,0.0817,0.0837,0.0804,0.0834,26918949.0
1767312000000,0.0834,0.0844,0.0818,0.0839,31536042.0
1767326400000,0.0839,0.0878,0.0833,0.0843,52843793.0
1767340800000,0.0844,0.0946,0.0842,0.0896,130005490.0
1767355200000,0.0896,0.0963,0.0891,0.0954,177438531.0
1767369600000,0.0953,0.0965,0.092,0.0932,91960447.0
1767384000000,0.0933,0.0952,0.0915,0.094,39260164.0
1767398400000,0.0939,0.0944,0.0923,0.0939,23455375.0
1767412800000,0.0939,0.0943,0.0902,0.0908,26271465.0
1767427200000,0.0908,0.0926,0.0903,0.0917,22231241.0
1767441600000,0.0916,0.0925,0.0913,0.092,14285397.0
1767456000000,0.092,0.0948,0.092,0.0929,21715809.0
1767470400000,0.0929,0.1008,0.092,0.0982,46324640.0
1767484800000,0.0982,0.0994,0.0955,0.0969,34660376.0
1767499200000,0.0968,0.099,0.096,0.098,17738054.0
1767513600000,0.0979,0.1015,0.0966,0.1008,36095514.0
1767528000000,0.1007,0.1056,0.0993,0.1045,58192760.0
1767542400000,0.1045,0.1111,0.1041,0.1086,62248716.0
1767556800000,0.1086,0.113,0.1067,0.111,41543492.0
1767571200000,0.1111,0.1122,0.1071,0.1076,27007626.0
1767585600000,0.1075,0.1091,0.1054,0.1075,24084831.0
1767600000000,0.1074,0.1076,0.1044,0.1055,21722071.0
1767614400000,0.1055,0.1073,0.1036,0.1065,26561186.0
1767628800000,0.1065,0.1091,0.1049,0.1074,21665695.0
1767643200000,0.1074,0.1105,0.1074,0.1081,18323488.0
1767657600000,0.1081,0.1115,0.1059,0.1095,22653321.0
1767672000000,0.1096,0.1103,0.1043,0.105,24799280.0
1767686400000,0.105,0.1095,0.1042,0.1086,16296860.0
1767700800000,0.1087,0.115,0.1075,0.1082,54053852.0
1767715200000,0.1082,0.109,0.1026,0.1031,46142716.0
1767729600000,0.1031,0.1083,0.1031,0.1066,22602788.0
1767744000000,0.1066,0.1076,0.1037,0.1049,15293172.0
1767758400000,0.1049,0.1073,0.1038,0.1072,11762478.0
1767772800000,0.1072,0.1091,0.1037,0.1049,25894393.0
1767787200000,0.105,0.105,0.1005,0.1017,27186120.0
1767801600000,0.1017,0.107,0.1015,0.1051,25246355.0
1767816000000,0.1051,0.1081,0.1031,0.1062,29432569.0
1767830400000,0.1062,0.1086,0.1025,0.1033,20090144.0
1767844800000,0.1033,0.1046,0.0986,0.1013,28692201.0
1767859200000,0.1013,0.102,0.0978,0.0993,22345545.0
1767873600000,0.0993,0.1013,0.0954,0.1011,35138814.0
1767888000000,0.1011,0.1018,0.0981,0.0983,20320171.0
1767902400000,0.0983,0.1016,0.0973,0.0996,12887577.0
1767916800000,0.0997,0.1007,0.0982,0.1006,15813008.0
1767931200000,0.1005,0.1008,0.0995,0.1002,9220544.0
1767945600000,0.1002,0.1014,0.0983,0.1006,14937124.0
1767960000000,0.1005,0.1032,0.0985,0.1017,29424979.0
1767974400000,0.1018,0.1043,0.0995,0.102,36097004.0
1767988800000,0.102,0.1039,0.1012,0.1027,14662759.0
1768003200000,0.1027,0.1028,0.1008,0.1013,9529863.0
1768017600000,0.1012,0.1014,0.099,0.1006,10847872.0
1768032000000,0.1007,0.1019,0.1006,0.1019,6972220.0
1768046400000,0.1018,0.1034,0.1011,0.1013,8374623.0
1768060800000,0.1013,0.1014,0.0995,0.1011,10927564.0
1768075200000,0.1011,0.1012,0.0975,0.0987,8673356.0
1768089600000,0.0987,0.1006,0.0983,0.0999,6778226.0
1768104000000,0.0998,0.1019,0.0994,0.1017,6295923.0
1768118400000,0.1017,0.1026,0.1009,0.1015,7823182.0
1768132800000,0.1015,0.1025,0.0998,0.1005,10887758.0
1768147200000,0.1004,0.1027,0.1,0.1004,11327732.0
1768161600000,0.1005,0.1005,0.0971,0.0997,14220174.0
1768176000000,0.0997,0.1028,0.098,0.1008,18224532.0
1768190400000,0.1009,0.1012,0.0982,0.0983,10114097.0
1768204800000,0.0982,0.0987,0.0961,0.0974,12485844.0
1768219200000,0.0973,0.0985,0.0951,0.0981,16218131.0
1768233600000,0.0981,0.0996,0.0957,0.0964,15510038.0
1768248000000,0.0965,0.0973,0.0938,0.0951,11958008.0
1768262400000,0.095,0.096,0.0945,0.0952,8096480.0
1768276800000,0.0953,0.0975,0.095,0.0971,8214870.0
1768291200000,0.0971,0.0982,0.0964,0.0974,8433906.0
1768305600000,0.0974,0.1033,0.0969,0.1031,23754161.0
1768320000000,0.1032,0.1053,0.1017,0.1038,22304442.0
1768334400000,0.1038,0.1096,0.1027,0.1071,27974529.0
1768348800000,0.1071,0.1082,0.1062,0.1073,13711583.0
1768363200000,0.1072,0.1073,0.1044,0.1056,9648458.0
1768377600000,0.1057,0.1071,0.1046,0.1054,9984992.0
1768392000000,0.1053,0.1073,0.104,0.1063,18440430.0
1768406400000,0.1064,0.1087,0.1024,0.1047,23764856.0
1768420800000,0.1046,0.1055,0.1008,0.1019,16318221.0
1768435200000,0.102,0.1021,0.0955,0.0956,24581896.0
1768449600000,0.0956,0.0982,0.0954,0.0977,11336121.0
1768464000000,0.0977,0.0981,0.0964,0.0967,7560698.0
1768478400000,0.0966,0.0978,0.0921,0.094,26921366.0
1768492800000,0.0939,0.0952,0.0911,0.0925,22074478.0
1768507200000,0.0924,0.094,0.092,0.0935,9203742.0
1768521600000,0.0935,0.0946,0.0934,0.0938,7225816.0
1768536000000,0.0939,0.0947,0.0926,0.0939,8515361.0
1768550400000,0.0939,0.0946,0.0936,0.0941,5496460.0
1768564800000,0.0941,0.0944,0.0897,0.0908,13985871.0
1768579200000,0.0908,0.0939,0.0907,0.0932,11712214.0
1768593600000,0.0932,0.0952,0.0926,0.0948,10053140.0
1768608000000,0.0949,0.0951,0.0931,0.0939,6156577.0
1768622400000,0.0938,0.0945,0.0932,0.0941,3581971.0
1768636800000,0.0941,0.0942,0.0922,0.0924,5539990.0
1768651200000,0.0924,0.0936,0.092,0.0932,7709544.0
1768665600000,0.0931,0.0931,0.0915,0.0921,7433400.0
1768680000000,0.0922,0.0924,0.0904,0.0909,4676858.0
1768694400000,0.0909,0.0916,0.0898,0.0902,7115505.0
1768708800000,0.0902,0.0911,0.0898,0.0903,3725844.0
1768723200000,0.0904,0.0912,0.0902,0.0905,8649419.0
1768737600000,0.0906,0.0911,0.0895,0.0905,6378213.0
1768752000000,0.0905,0.0928,0.0903,0.0912,10368797.0
1768766400000,0.0912,0.0921,0.0856,0.0858,18084185.0
1768780800000,0.0858,0.0859,0.0751,0.0814,56058428.0
1768795200000,0.0813,0.0817,0.0801,0.0807,8354707.0
1768809600000,0.0807,0.0821,0.0806,0.0814,11588439.0
1768824000000,0.0814,0.0816,0.0804,0.0808,8713882.0
1768838400000,0.0807,0.0833,0.0807,0.0831,8799304.0
1768852800000,0.0832,0.0837,0.0813,0.0823,8598221.0
1768867200000,0.0822,0.0823,0.0804,0.081,9049229.0
1768881600000,0.081,0.0815,0.0793,0.0795,11202432.0
1768896000000,0.0794,0.0795,0.078,0.0782,9554309.0
1768910400000,0.0781,0.0793,0.0771,0.0777,15279493.0
1768924800000,0.0777,0.0781,0.0754,0.0768,12715287.0
1768939200000,0.0768,0.0782,0.0753,0.0762,12504771.0
1768953600000,0.0761,0.0788,0.0761,0.0781,10439202.0
1768968000000,0.0782,0.0793,0.078,0.0788,6394524.0
1768982400000,0.0787,0.079,0.0768,0.077,6842955.0
1768996800000,0.077,0.0799,0.0758,0.0795,22702736.0
1769011200000,0.0795,0.0809,0.0753,0.0806,27765902.0
1769025600000,0.0806,0.0816,0.079,0.0797,21826981.0
1769040000000,0.0797,0.0812,0.0797,0.0804,10410873.0
1769054400000,0.0804,0.0811,0.0796,0.0798,6503451.0
1769068800000,0.0798,0.0812,0.0796,0.0803,7502843.0
1769083200000,0.0804,0.0806,0.0768,0.0784,16131720.0
1769097600000,0.0783,0.0794,0.0776,0.0787,11632122.0
1769112000000,0.0786,0.0788,0.0775,0.0778,6052510.0
1769126400000,0.0778,0.0797,0.0776,0.0796,3448085.0
1769140800000,0.0797,0.0806,0.0792,0.0796,6771566.0
1769155200000,0.0796,0.0799,0.0784,0.0791,5256102.0
1769169600000,0.0791,0.0798,0.0767,0.0798,8684094.0
1769184000000,0.0798,0.0816,0.0782,0.0784,15527790.0
1769198400000,0.0785,0.0791,0.0771,0.0789,6488869.0
1769212800000,0.0789,0.0805,0.0784,0.0799,4792107.0
1769227200000,0.0799,0.0803,0.0786,0.0786,4760843.0
1769241600000,0.0786,0.0791,0.0782,0.0787,4906856.0
1769256000000,0.0787,0.079,0.0773,0.0774,3467471.0
1769270400000,0.0774,0.0781,0.077,0.0775,4094317.0
1769284800000,0.0775,0.0783,0.0771,0.0777,3278038.0
1769299200000,0.0778,0.0782,0.0767,0.0771,4120713.0
1769313600000,0.077,0.0776,0.0761,0.0768,6696983.0
1769328000000,0.0768,0.0779,0.0764,0.0769,6249393.0
1769342400000,0.0769,0.077,0.0758,0.0759,7845160.0
1769356800000,0.0759,0.076,0.0706,0.0713,38513401.0
1769371200000,0.0713,0.0724,0.0709,0.0724,15058387.0
1769385600000,0.0723,0.0745,0.072,0.0733,8937477.0
1769400000000,0.0734,0.075,0.0733,0.0745,5419439.0
1769414400000,0.0745,0.0752,0.0736,0.0739,5151775.0
1769428800000,0.0739,0.0754,0.0729,0.0739,12441759.0
1769443200000,0.0739,0.0748,0.0733,0.0735,11862246.0
1769457600000,0.0736,0.0745,0.073,0.0734,5357416.0
1769472000000,0.0734,0.0744,0.0731,0.0735,4777854.0
1769486400000,0.0735,0.0739,0.0725,0.0733,4204175.0
1769500800000,0.0734,0.0737,0.0724,0.0728,4287257.0
1769515200000,0.0728,0.0729,0.0712,0.0727,9932156.0
1769529600000,0.0726,0.0742,0.0711,0.0728,18646372.0
1769544000000,0.0728,0.0746,0.0727,0.0744,11214296.0
1769558400000,0.0745,0.0751,0.0738,0.0747,6748061.0
1769572800000,0.0746,0.0755,0.074,0.0747,5697965.0
1769587200000,0.0748,0.076,0.0746,0.0759,7519993.0
1769601600000,0.0759,0.0759,0.0733,0.0739,8294505.0
1769616000000,0.0738,0.0742,0.0726,0.0736,12470369.0
1769630400000,0.0737,0.0749,0.0728,0.0737,10978070.0
1769644800000,0.0738,0.074,0.0705,0.0718,15942960.0
1769659200000,0.0717,0.0724,0.0712,0.0722,4920312.0
1769673600000,0.0721,0.0724,0.0713,0.0713,4351039.0
1769688000000,0.0713,0.0722,0.0654,0.0679,35696467.0
1769702400000,0.0679,0.0704,0.0664,0.0673,28716607.0
1769716800000,0.0673,0.0684,0.0671,0.0677,9243961.0
1769731200000,0.0676,0.0683,0.065,0.0665,24893482.0
1769745600000,0.0666,0.0676,0.0648,0.0662,13905398.0
1769760000000,0.0662,0.0667,0.0648,0.0662,11550975.0
1769774400000,0.0662,0.0664,0.064,0.0657,20537201.0
1769788800000,0.0656,0.0676,0.0639,0.0665,25017293.0
1769803200000,0.0665,0.0666,0.0651,0.0656,12725995.0
1769817600000,0.0656,0.066,0.0647,0.0657,5483476.0
1769832000000,0.0657,0.0663,0.0644,0.0649,6975781.0
1769846400000,0.065,0.0652,0.0631,0.0633,14505300.0
1769860800000,0.0633,0.0635,0.0571,0.0582,56404735.0
1769875200000,0.0583,0.0597,0.0494,0.0542,136527556.0
1769889600000,0.0542,0.0565,0.053,0.0561,34144410.0
1769904000000,0.056,0.0575,0.0559,0.0569,14075805.0
1769918400000,0.057,0.0573,0.0563,0.0569,10823582.0
1769932800000,0.0569,0.0578,0.0557,0.0563,12261752.0
1769947200000,0.0564,0.0575,0.0539,0.0552,26350816.0
1769961600000,0.0552,0.0568,0.0545,0.0557,25017236.0
1769976000000,0.0556,0.0561,0.053,0.0543,28549481.0
1769990400000,0.0542,0.0562,0.0525,0.0547,35961080.0
1770004800000,0.0548,0.0558,0.0529,0.0547,29702630.0
1770019200000,0.0546,0.0557,0.0543,0.0551,16887153.0
1770033600000,0.0552,0.057,0.0551,0.0564,20895712.0
1770048000000,0.0564,0.0568,0.0558,0.0561,13004963.0
1770062400000,0.056,0.0572,0.0558,0.0567,10935326.0
1770076800000,0.0568,0.0571,0.055,0.0563,14326474.0
1770091200000,0.0563,0.0567,0.0553,0.0564,11971597.0
1770105600000,0.0564,0.0571,0.0554,0.0561,17059392.0
1770120000000,0.0561,0.0584,0.0556,0.0583,27969841.0
1770134400000,0.0583,0.0584,0.0536,0.0564,46777625.0
1770148800000,0.0563,0.0593,0.0555,0.0561,32473758.0
1770163200000,0.056,0.0574,0.0557,0.0572,11602209.0
1770177600000,0.0572,0.0581,0.0566,0.0577,12015831.0
1770192000000,0.0578,0.0579,0.056,0.0572,15066504.0
1770206400000,0.0571,0.0576,0.0556,0.0568,37658247.0
1770220800000,0.0568,0.0575,0.055,0.0573,44267293.0
1770235200000,0.0573,0.0574,0.0546,0.0557,19540695.0
1770249600000,0.0557,0.0565,0.0544,0.0546,21027919.0
1770264000000,0.0545,0.055,0.0531,0.0532,23403699.0
1770278400000,0.0533,0.0542,0.0508,0.0517,28101890.0
1770292800000,0.0517,0.052,0.047,0.0489,70047095.0
1770307200000,0.0489,0.0496,0.0468,0.0477,53708700.0
1770321600000,0.0478,0.048,0.045,0.0459,72735191.0
1770336000000,0.0459,0.0476,0.0398,0.0461,132676028.0
1770350400000,0.046,0.0509,0.046,0.0482,59804258.0
1770364800000,0.0482,0.0496,0.0473,0.0495,20294991.0
1770379200000,0.0495,0.0511,0.049,0.0507,25768397.0
1770393600000,0.0506,0.0531,0.0504,0.0516,29091073.0
1770408000000,0.0515,0.0528,0.0509,0.052,12264213.0
1770422400000,0.052,0.0531,0.051,0.0527,14808297.0
1770436800000,0.0526,0.0534,0.0499,0.0504,18770192.0
1770451200000,0.0505,0.0515,0.0501,0.0509,10469456.0
1770465600000,0.0508,0.0527,0.0507,0.0519,15936940.0
1770480000000,0.052,0.0541,0.0518,0.0532,36549712.0
1770494400000,0.0531,0.0542,0.0529,0.0533,9646791.0
1770508800000,0.0533,0.0534,0.052,0.0521,6741907.0
1770523200000,0.0521,0.0525,0.0515,0.052,5816719.0
1770537600000,0.0519,0.053,0.0517,0.0529,12784240.0
1770552000000,0.053,0.0533,0.0519,0.0522,9498956.0
1770566400000,0.0522,0.0529,0.0512,0.0517,9036155.0
1770580800000,0.0518,0.0527,0.0505,0.0515,11181760.0
1770595200000,0.0515,0.0529,0.0511,0.0527,9319321.0
1770609600000,0.0526,0.0529,0.05132,0.05135,8515080.0
1770624000000,0.05135,0.05147,0.04953,0.04996,23540947.0
1770638400000,0.04994,0.05196,0.04976,0.05144,22601646.0
1770652800000,0.05143,0.05236,0.05082,0.05189,13790922.0
1770667200000,0.05187,0.05207,0.05095,0.05113,6114010.0
1770681600000,0.05113,0.05219,0.05023,0.05084,10943659.0
1770696000000,0.05083,0.0516,0.04958,0.05019,8578259.0
1770710400000,0.05021,0.05083,0.04991,0.05001,8280627.0
1770724800000,0.05,0.05068,0.04941,0.05043,11963628.0
1770739200000,0.05041,0.0511,0.0493,0.04996,12992362.0
1770753600000,0.04993,0.05019,0.04955,0.04999,5073636.0
1770768000000,0.04998,0.05089,0.0495,0.04995,10143680.0
1770782400000,0.04996,0.05006,0.04817,0.04818,11488708.0
1770796800000,0.04819,0.04822,0.04728,0.04809,11420567.0
1770811200000,0.0481,0.05022,0.0473,0.04818,22298779.0
1770825600000,0.04815,0.0491,0.04751,0.04867,12730459.0
1770840000000,0.04866,0.0495,0.04765,0.04786,11202691.0
1770854400000,0.04787,0.04929,0.04785,0.04917,9273960.0
1770868800000,0.04916,0.04933,0.04835,0.04916,12410416.0
1770883200000,0.04917,0.05045,0.04869,0.05009,12890837.0
1770897600000,0.05007,0.0505,0.04893,0.04895,11510220.0
1770912000000,0.04893,0.04954,0.04776,0.04888,11483431.0
1770926400000,0.04889,0.05024,0.04804,0.05004,7724204.0
1770940800000,0.05004,0.05021,0.04921,0.04949,5115606.0
1770955200000,0.04947,0.0495,0.04847,0.04913,6489805.0
1770969600000,0.04913,0.0499,0.0491,0.0494,6002264.0
1770984000000,0.04941,0.05208,0.04901,0.05083,13534111.0
1770998400000,0.05081,0.0523,0.05067,0.05181,10637695.0
1771012800000,0.05182,0.0522,0.05104,0.05119,12028264.0
1771027200000,0.05118,0.05214,0.05068,0.05171,8968609.0
1771041600000,0.05169,0.05182,0.05101,0.05144,4376117.0
1771056000000,0.05143,0.05293,0.05137,0.05259,8204368.0
1771070400000,0.0526,0.055,0.05242,0.05483,20432830.0
1771084800000,0.05482,0.06148,0.05421,0.06005,87501462.0
1771099200000,0.06006,0.06441,0.05932,0.06116,68565590.0
1771113600000,0.06115,0.06173,0.0586,0.05952,59932781.0
1771128000000,0.05952,0.06091,0.0575,0.05792,52256906.0
1771142400000,0.05792,0.05841,0.05545,0.05596,21161133.0
1771156800000,0.05596,0.0561,0.05281,0.05361,25328291.0
1771171200000,0.05357,0.05388,0.05208,0.05254,17998337.0
1771185600000,0.05253,0.05524,0.05213,0.05328,36113779.0
1771200000000,0.05328,0.05361,0.05248,0.05329,10010096.0
1771214400000,0.05328,0.05446,0.05308,0.05401,11884542.0
1771228800000,0.054,0.05578,0.05382,0.05521,24532613.0
1771243200000,0.05521,0.0571,0.05262,0.0534,39490557.0
1771257600000,0.0534,0.05532,0.05331,0.05474,11300206.0
1771272000000,0.05474,0.05652,0.05423,0.05466,36795202.0
1771286400000,0.05466,0.05488,0.05385,0.05427,7412928.0
1771300800000,0.05427,0.0543,0.05285,0.05318,10126621.0
1771315200000,0.05318,0.05331,0.05201,0.05272,10115461.0
1771329600000,0.05272,0.05312,0.05137,0.05271,19100730.0
1771344000000,0.05272,0.05397,0.05229,0.0529,18614526.0
1771358400000,0.0529,0.05311,0.05231,0.05253,6786898.0
1771372800000,0.05253,0.05283,0.05186,0.05263,7497558.0
1771387200000,0.05263,0.05335,0.05226,0.05316,4639078.0
1771401600000,0.05318,0.05343,0.05177,0.05233,8133384.0
1771416000000,0.05234,0.05284,0.05108,0.05209,13492625.0
1771430400000,0.05208,0.05214,0.05019,0.05067,15249194.0
1771444800000,0.05068,0.05074,0.04981,0.05034,11172627.0
1771459200000,0.05035,0.0509,0.04996,0.05078,5970678.0
1771473600000,0.05075,0.05129,0.05037,0.05085,5717030.0
1771488000000,0.05082,0.05088,0.04974,0.04996,8006137.0
1771502400000,0.04995,0.05017,0.04879,0.04917,11998005.0
1771516800000,0.04913,0.04979,0.04831,0.04933,25642463.0
1771531200000,0.04934,0.04966,0.04899,0.04963,4110476.0
1771545600000,0.04963,0.05065,0.04947,0.05032,7311901.0
1771560000000,0.05033,0.05185,0.04984,0.05084,21039811.0
1771574400000,0.05084,0.05199,0.05074,0.05089,9492057.0
1771588800000,0.05089,0.05241,0.04904,0.05199,24783372.0
1771603200000,0.05198,0.05239,0.05035,0.05183,23041777.0
1771617600000,0.05182,0.05218,0.0515,0.05195,8855347.0
1771632000000,0.05196,0.05202,0.05144,0.05163,5283850.0
1771646400000,0.05163,0.05209,0.05151,0.0517,5153579.0
1771660800000,0.05171,0.05291,0.05162,0.05228,7500267.0
1771675200000,0.05228,0.05281,0.05175,0.05212,7500567.0
1771689600000,0.05212,0.0525,0.05153,0.05185,7588503.0
1771704000000,0.05185,0.05194,0.05109,0.05126,6383671.0
1771718400000,0.05122,0.05123,0.04981,0.05033,5601693.0
1771732800000,0.05031,0.05037,0.04978,0.05019,3597851.0
1771747200000,0.0502,0.05054,0.04975,0.05014,5787268.0
1771761600000,0.05011,0.05013,0.04873,0.04929,9585063.0
1771776000000,0.04929,0.04935,0.04871,0.04894,6058504.0
1771790400000,0.04895,0.04911,0.04845,0.04893,5568664.0
1771804800000,0.04894,0.04896,0.04562,0.04623,27097900.0
1771819200000,0.04625,0.04775,0.04598,0.04729,6536150.0
1771833600000,0.04728,0.04801,0.04691,0.04777,12409490.0
1771848000000,0.04777,0.04846,0.04669,0.04688,15234989.0
1771862400000,0.04688,0.04693,0.04578,0.04625,16323253.0
1771876800000,0.04626,0.04722,0.04598,0.04661,10504029.0
1771891200000,0.04662,0.04699,0.04541,0.04586,11200163.0
1771905600000,0.04587,0.04589,0.04505,0.04545,8622855.0
1771920000000,0.04545,0.04596,0.04522,0.04567,7646345.0
1771934400000,0.04565,0.047,0.04504,0.04653,14467398.0
1771948800000,0.04654,0.04715,0.04632,0.04685,9827477.0
1771963200000,0.04682,0.04716,0.04652,0.0468,7119008.0
1771977600000,0.04679,0.04914,0.04679,0.04797,18349568.0
1771992000000,0.04798,0.04828,0.04731,0.04817,7704086.0
1772006400000,0.04818,0.0489,0.04788,0.04869,12108837.0
1772020800000,0.04867,0.05129,0.04864,0.05114,24145540.0
1772035200000,0.05117,0.05364,0.05103,0.05312,25871109.0
1772049600000,0.05313,0.05473,0.05052,0.05146,23475101.0
1772064000000,0.05146,0.05178,0.05016,0.05043,15843758.0
1772078400000,0.05042,0.0509,0.04967,0.04997,8225638.0
1772092800000,0.05,0.05091,0.04954,0.04965,6102227.0
1772107200000,0.04966,0.05023,0.04832,0.04877,11038575.0
1772121600000,0.04884,0.04895,0.04707,0.04875,15600822.0
1772136000000,0.04869,0.0489,0.04805,0.04855,4959339.0
1772150400000,0.04857,0.04946,0.04833,0.04933,5730746.0
1772164800000,0.0493,0.05044,0.04928,0.05021,7227375.0
1772179200000,0.0502,0.05032,0.04803,0.04826,10695960.0
1772193600000,0.04827,0.04851,0.0472,0.04787,10099695.0
1772208000000,0.04786,0.04804,0.04691,0.04712,9523054.0
1772222400000,0.04713,0.04747,0.04625,0.04727,9128472.0
1772236800000,0.04728,0.04768,0.04709,0.04718,4539064.0
1772251200000,0.04717,0.0474,0.044,0.04508,24566416.0
1772265600000,0.04507,0.0452,0.04378,0.04442,16226000.0
1772280000000,0.04441,0.04629,0.04427,0.0456,15736868.0
1772294400000,0.04559,0.0473,0.04526,0.04684,11134894.0
1772308800000,0.04684,0.04802,0.04661,0.04794,11561627.0
1772323200000,0.04793,0.04996,0.0471,0.04831,13863467.0
1772337600000,0.04831,0.04857,0.04754,0.04817,6749810.0
1772352000000,0.04818,0.04833,0.04694,0.04711,6396703.0
1772366400000,0.04711,0.0478,0.04625,0.04716,9939142.0
1772380800000,0.04717,0.04747,0.04571,0.04594,10496931.0
1772395200000,0.04594,0.04654,0.04507,0.04621,10099370.0
1772409600000,0.0462,0.04737,0.04617,0.04704,6338273.0
1772424000000,0.04706,0.04723,0.04578,0.04625,7721525.0
1772438400000,0.04624,0.04712,0.04569,0.04684,8926117.0
1772452800000,0.04685,0.0497,0.04623,0.04904,19818465.0
1772467200000,0.04905,0.04955,0.04766,0.04852,15875404.0
1772481600000,0.04854,0.04884,0.04712,0.04748,7126118.0
1772496000000,0.04749,0.04774,0.04678,0.04768,7107282.0
1772510400000,0.04768,0.04812,0.04716,0.04775,6559273.0
1772524800000,0.04777,0.04787,0.04631,0.04687,9833705.0
1772539200000,0.04686,0.04777,0.04604,0.04714,11358602.0
1772553600000,0.04714,0.04847,0.04678,0.04767,12146557.0
1772568000000,0.04767,0.04829,0.04692,0.04782,7464772.0
1772582400000,0.04784,0.04842,0.04726,0.04778,6801036.0
1772596800000,0.04778,0.04846,0.04728,0.04832,4531237.0
1772611200000,0.04833,0.05106,0.04801,0.04949,22750237.0
1772625600000,0.04948,0.05362,0.0488,0.05354,25103250.0
1772640000000,0.05353,0.05422,0.05181,0.05278,22757113.0
1772654400000,0.05278,0.05288,0.05108,0.05147,8903627.0
1772668800000,0.05145,0.0516,0.05032,0.05048,6538226.0
1772683200000,0.05049,0.05094,0.04989,0.05045,7145388.0
1772697600000,0.05045,0.05284,0.05023,0.0523,14019589.0
1772712000000,0.05233,0.05287,0.0504,0.05084,17359567.0
1772726400000,0.05086,0.05121,0.04945,0.05071,12735505.0
1772740800000,0.05071,0.05226,0.05063,0.05164,14928320.0
1772755200000,0.05165,0.05385,0.05155,0.05377,11523620.0
1772769600000,0.05379,0.05389,0.0523,0.0531,8887992.0
1772784000000,0.05309,0.05333,0.05137,0.05164,6779221.0
1772798400000,0.05164,0.05299,0.04972,0.04992,15376383.0
1772812800000,0.0499,0.05145,0.04984,0.05063,7741252.0
1772827200000,0.05063,0.05116,0.05024,0.05088,4792313.0
1772841600000,0.05086,0.05213,0.05074,0.05162,4462412.0
1772856000000,0.05162,0.05262,0.05085,0.05085,6716540.0
1772870400000,0.05087,0.05123,0.05044,0.05079,10087389.0
1772884800000,0.05077,0.05093,0.0493,0.04954,8340031.0
1772899200000,0.04952,0.05005,0.04912,0.04938,5635693.0
1772913600000,0.04938,0.04955,0.04866,0.04895,6968819.0
1772928000000,0.04897,0.04906,0.04814,0.04822,4667893.0
1772942400000,0.04824,0.04954,0.04786,0.0495,6963764.0
1772956800000,0.04952,0.05047,0.04912,0.04965,7393582.0
1772971200000,0.04965,0.05,0.0485,0.04917,11407651.0
1772985600000,0.04917,0.05112,0.04879,0.05086,4751395.0
1773000000000,0.05086,0.05198,0.04949,0.04987,23119221.0
1773014400000,0.04988,0.05154,0.04973,0.05072,9971061.0
1773028800000,0.05072,0.05286,0.05064,0.05187,12288521.0
1773043200000,0.05187,0.05259,0.05091,0.05145,9635324.0
1773057600000,0.05147,0.05341,0.05147,0.0524,14731273.0
1773072000000,0.0524,0.05345,0.05144,0.05235,11610815.0
1773086400000,0.05234,0.05244,0.05116,0.05129,6819120.0
1773100800000,0.05128,0.05288,0.05121,0.05194,9524574.0
1773115200000,0.05193,0.05244,0.05154,0.0519,6636318.0
1773129600000,0.05192,0.05307,0.05184,0.05216,5638148.0
1773144000000,0.05216,0.0528,0.05065,0.05275,11990471.0
1773158400000,0.05273,0.05311,0.05058,0.051,10896589.0
1773172800000,0.05097,0.05155,0.05031,0.05065,6900354.0
1773187200000,0.05067,0.05113,0.05043,0.05079,4854212.0
1773201600000,0.05076,0.05127,0.05021,0.05073,5098456.0
1773216000000,0.05072,0.05095,0.05038,0.05052,5840907.0
1773230400000,0.05051,0.05234,0.05037,0.05117,12630165.0
1773244800000,0.05116,0.05189,0.05088,0.05162,5727685.0
1773259200000,0.0516,0.05188,0.05107,0.05119,3488734.0
1773273600000,0.0512,0.05137,0.05018,0.05029,4351919.0
1773288000000,0.05028,0.05053,0.05001,0.0505,3562626.0
1773302400000,0.05049,0.05121,0.05034,0.05073,6980753.0
1773316800000,0.05076,0.05158,0.04981,0.05095,10203270.0
1773331200000,0.05094,0.05247,0.05056,0.052,10105076.0
1773345600000,0.05201,0.05287,0.05158,0.0525,6874945.0
1773360000000,0.0525,0.05402,0.0523,0.05383,8347638.0
1773374400000,0.05381,0.05402,0.05325,0.05357,6533825.0
1773388800000,0.05356,0.05643,0.05335,0.05587,16991819.0
1773403200000,0.05584,0.05724,0.05449,0.05469,30663457.0
1773417600000,0.05471,0.05522,0.05323,0.05348,12175779.0
1773432000000,0.05349,0.05386,0.0523,0.0527,8779643.0
1773446400000,0.05269,0.05405,0.05239,0.05368,12291612.0
1773460800000,0.05368,0.05404,0.05211,0.05231,6159340.0
1773475200000,0.0523,0.05259,0.05183,0.05245,4981247.0
1773489600000,0.05245,0.05305,0.0522,0.05279,4335289.0
1773504000000,0.05276,0.05292,0.05211,0.05216,2840588.0
1773518400000,0.05217,0.053,0.05202,0.05283,3735157.0
1773532800000,0.05283,0.05427,0.05228,0.05384,5428105.0
1773547200000,0.05382,0.05405,0.05338,0.05371,3612612.0
1773561600000,0.05369,0.05486,0.05336,0.05443,10625867.0
1773576000000,0.05444,0.0567,0.05401,0.05623,30470739.0
1773590400000,0.05625,0.05679,0.0552,0.05557,13046299.0
1773604800000,0.05558,0.05669,0.05445,0.05526,17168673.0
1773619200000,0.05528,0.057,0.05507,0.05629,9618458.0
1773633600000,0.05628,0.05869,0.0559,0.05845,17758746.0
1773648000000,0.05846,0.0594,0.05715,0.05738,19037531.0
1773662400000,0.05738,0.05817,0.0562,0.05641,15959011.0
1773676800000,0.05641,0.058,0.05638,0.05745,8773597.0
1773691200000,0.05745,0.05892,0.05744,0.05851,8692360.0
1773705600000,0.0585,0.05914,0.05709,0.05733,14125190.0
1773720000000,0.05732,0.05757,0.05578,0.05586,11985634.0
1773734400000,0.05589,0.05645,0.05548,0.0556,7984900.0
1773748800000,0.05559,0.05596,0.05458,0.05537,10343429.0
1773763200000,0.05536,0.05667,0.05505,0.05557,7351190.0
1773777600000,0.05557,0.05686,0.05549,0.05582,6029863.0
1773792000000,0.05582,0.05827,0.05501,0.05736,9264845.0
1773806400000,0.05737,0.05803,0.05645,0.05693,8621026.0
1773820800000,0.05692,0.05738,0.05464,0.0552,8215395.0
1773835200000,0.05519,0.05559,0.05368,0.05423,17723097.0
1773849600000,0.0542,0.056,0.05369,0.05437,9650079.0
1773864000000,0.05437,0.0554,0.05388,0.05498,6262529.0
1773878400000,0.055,0.05525,0.05414,0.05453,4720012.0
1773892800000,0.05452,0.05453,0.05245,0.05278,9080839.0
1773907200000,0.05278,0.05351,0.05255,0.05276,4769392.0
1773921600000,0.05277,0.05277,0.05126,0.05184,9770659.0
1773936000000,0.05184,0.05293,0.05113,0.05223,7855497.0
1773950400000,0.05221,0.05264,0.05195,0.05246,4523667.0
1773964800000,0.05246,0.05343,0.05245,0.0532,4107981.0
1773979200000,0.05316,0.05395,0.05251,0.05311,6926419.0
1773993600000,0.05309,0.05364,0.05261,0.05289,4998547.0
1774008000000,0.05289,0.05308,0.05163,0.05185,9089523.0
1774022400000,0.05183,0.05198,0.05038,0.05106,10433583.0
1774036800000,0.05108,0.05191,0.05057,0.05156,4117529.0
1774051200000,0.05156,0.05221,0.05156,0.05179,3010526.0
1774065600000,0.05178,0.05237,0.05168,0.0521,2601011.0
1774080000000,0.05212,0.05263,0.05186,0.05198,3644333.0
1774094400000,0.05198,0.05309,0.0517,0.0528,5558016.0
1774108800000,0.0528,0.05333,0.0524,0.05263,8699826.0
1774123200000,0.05263,0.0536,0.05034,0.05079,12503263.0
1774137600000,0.05079,0.05207,0.04981,0.05136,11560448.0
1774152000000,0.05136,0.0519,0.05069,0.0507,5106661.0
1774166400000,0.05071,0.05094,0.05013,0.05019,4471586.0
1774180800000,0.05019,0.05101,0.05013,0.05061,4308138.0
1774195200000,0.05061,0.05087,0.04958,0.04989,6989341.0
1774209600000,0.0499,0.05036,0.04899,0.05003,8999492.0
1774224000000,0.05004,0.05106,0.0499,0.05056,3974309.0
1774238400000,0.05055,0.05139,0.04977,0.0502,5164558.0
1774252800000,0.05021,0.05237,0.04923,0.05024,24841856.0
1774267200000,0.05026,0.0519,0.0498,0.05046,12416227.0
1774281600000,0.05046,0.0517,0.04995,0.05114,6846584.0
1774296000000,0.05116,0.05161,0.05048,0.05099,3816695.0
1774310400000,0.051,0.05115,0.05011,0.05049,4000235.0
1774324800000,0.05049,0.05149,0.05011,0.05137,3483658.0
1774339200000,0.05138,0.05149,0.05001,0.05014,5885120.0
1774353600000,0.05015,0.0507,0.0498,0.0501,7648235.0
1774368000000,0.0501,0.05056,0.04975,0.05041,5878437.0
1774382400000,0.05041,0.05175,0.05038,0.05149,5268591.0
1774396800000,0.0515,0.0525,0.05139,0.05239,5735018.0
1774411200000,0.05239,0.05389,0.05222,0.05323,10256421.0
1774425600000,0.05324,0.05385,0.05286,0.05334,6492224.0
1774440000000,0.05336,0.05398,0.05241,0.0528,11085686.0
1774454400000,0.05284,0.05373,0.05272,0.05315,5053281.0
1774468800000,0.05316,0.05354,0.05268,0.05339,3433601.0
1774483200000,0.05339,0.05349,0.05212,0.05226,3952972.0
1774497600000,0.05227,0.05237,0.05111,0.05129,4956509.0
1774512000000,0.05128,0.05132,0.0504,0.05046,5150656.0
1774526400000,0.05044,0.05142,0.05031,0.05045,5021678.0
1774540800000,0.05044,0.05054,0.0492,0.04939,7483094.0
1774555200000,0.04941,0.05077,0.04921,0.05001,9140683.0
1774569600000,0.05,0.0503,0.04978,0.04987,3021833.0
1774584000000,0.04986,0.05048,0.0494,0.05046,4286280.0
1774598400000,0.05046,0.0507,0.04803,0.04823,15501832.0
1774612800000,0.04823,0.04831,0.04747,0.04764,9030095.0
1774627200000,0.04764,0.04776,0.04712,0.04756,6235999.0
1774641600000,0.04755,0.04795,0.04715,0.04733,4373557.0
1774656000000,0.04733,0.04755,0.04675,0.04684,3931006.0
1774670400000,0.04684,0.0475,0.04657,0.04749,6086405.0
1774684800000,0.04749,0.0478,0.04726,0.04741,4568894.0
1774699200000,0.0474,0.04878,0.04714,0.0481,8922410.0
1774713600000,0.04811,0.04815,0.04743,0.04752,4530335.0
1774728000000,0.04753,0.04772,0.04645,0.04682,4038941.0
1774742400000,0.04682,0.0474,0.04642,0.04729,3321581.0
1774756800000,0.04727,0.04735,0.04695,0.04702,2386423.0
1774771200000,0.04701,0.04716,0.04624,0.04649,4306293.0
1774785600000,0.04647,0.04653,0.04587,0.04615,6391724.0
1774800000000,0.04616,0.04645,0.04593,0.04622,5732033.0
1774814400000,0.0462,0.04714,0.04521,0.04619,14885721.0
1774828800000,0.04621,0.04793,0.04618,0.04784,7807824.0
1774843200000,0.04786,0.04875,0.04784,0.04865,7614659.0
1774857600000,0.04864,0.04882,0.04789,0.04819,5850392.0
1774872000000,0.0482,0.04835,0.04731,0.04782,7137955.0
1774886400000,0.04783,0.0479,0.04652,0.04692,5733058.0
1774900800000,0.04689,0.04744,0.04663,0.04689,5042204.0
1774915200000,0.04691,0.04784,0.04681,0.04751,4363260.0
1774929600000,0.04751,0.0478,0.04731,0.04776,3280461.0
1774944000000,0.04776,0.0481,0.04641,0.04709,22056062.0
1774958400000,0.04711,0.04793,0.04685,0.04692,6481863.0
1774972800000,0.04692,0.04836,0.0469,0.04773,5696921.0
1774987200000,0.04772,0.04802,0.04743,0.04794,3055460.0
1775001600000,0.04794,0.04818,0.0468,0.04744,5743152.0
1775016000000,0.04744,0.0489,0.04724,0.04848,8118713.0
1775030400000,0.04848,0.04869,0.04775,0.04816,5034835.0
1775044800000,0.04817,0.04895,0.04783,0.0489,9122182.0
1775059200000,0.04891,0.04986,0.0482,0.04849,8945246.0
1775073600000,0.04849,0.04872,0.04775,0.0479,4442411.0
1775088000000,0.04789,0.04845,0.04635,0.0465,10028288.0
1775102400000,0.04649,0.04742,0.04622,0.04732,5614704.0
1775116800000,0.0473,0.04742,0.04606,0.04627,4615351.0
1775131200000,0.04626,0.04709,0.04565,0.04668,8400152.0
1775145600000,0.0467,0.04715,0.04628,0.04656,4008435.0
1775160000000,0.04657,0.04703,0.04643,0.04659,2559915.0
1775174400000,0.04659,0.04732,0.04645,0.04719,2734080.0
1775188800000,0.0472,0.04841,0.04716,0.04797,5208067.0
1775203200000,0.04795,0.04927,0.04795,0.04903,7571575.0
1775217600000,0.04904,0.04981,0.04781,0.04819,12445358.0
1775232000000,0.04819,0.04905,0.04804,0.04823,6613573.0
1775246400000,0.04822,0.04836,0.04773,0.04801,2629932.0
1775260800000,0.048,0.04812,0.04736,0.04738,2775140.0
1775275200000,0.04737,0.04793,0.04735,0.04777,2826500.0
1775289600000,0.04777,0.04787,0.04733,0.04785,3055554.0
1775304000000,0.04782,0.04894,0.04752,0.04875,6430832.0
1775318400000,0.04875,0.05002,0.04834,0.04854,10167957.0
1775332800000,0.04855,0.04867,0.04813,0.04821,4469163.0
1775347200000,0.04828,0.04832,0.04775,0.04787,2847627.0
1775361600000,0.04787,0.04826,0.04662,0.04669,6429274.0
1775376000000,0.04668,0.04742,0.04664,0.04706,4695228.0
1775390400000,0.04705,0.04783,0.04646,0.04712,7672658.0
1775404800000,0.04711,0.04759,0.04681,0.0473,3914881.0
1775419200000,0.04731,0.04919,0.04714,0.04882,10771638.0
1775433600000,0.04883,0.04979,0.0488,0.04891,9445947.0
1775448000000,0.04893,0.04936,0.04815,0.0485,6878037.0
1775462400000,0.04851,0.04984,0.04849,0.04956,5778195.0
1775476800000,0.04957,0.04997,0.04856,0.04896,7881943.0
1775491200000,0.04897,0.04914,0.04853,0.04884,5083634.0
1775505600000,0.04886,0.04896,0.04691,0.04729,6803656.0
1775520000000,0.04728,0.04824,0.04727,0.04802,14838128.0
1775534400000,0.048,0.04849,0.04757,0.04815,7404650.0
1775548800000,0.04814,0.04875,0.04744,0.04757,9691125.0
1775563200000,0.04756,0.04818,0.04702,0.04785,7218143.0
1775577600000,0.04783,0.04917,0.04761,0.04912,6687138.0
1775592000000,0.0491,0.05186,0.04876,0.0513,20246248.0
1775606400000,0.0513,0.05147,0.05042,0.05063,6420916.0
1775620800000,0.05064,0.05119,0.05062,0.05073,5790661.0
1775635200000,0.05074,0.05126,0.04996,0.05025,5989185.0
1775649600000,0.05025,0.05087,0.04972,0.05056,10067229.0
1775664000000,0.05056,0.05109,0.0501,0.05052,11558572.0
1775678400000,0.05051,0.05191,0.05027,0.05067,16751089.0
1775692800000,0.05067,0.05091,0.04946,0.04958,8608571.0
1775707200000,0.04956,0.05006,0.04916,0.04986,5925811.0
1775721600000,0.04986,0.05038,0.04975,0.05015,4878380.0
1775736000000,0.05013,0.05125,0.0497,0.05083,8568616.0
1775750400000,0.05086,0.05147,0.05056,0.0511,7811856.0
1775764800000,0.0511,0.05255,0.05025,0.05043,8231802.0
1775779200000,0.05044,0.05152,0.05017,0.05097,5840367.0
1775793600000,0.05099,0.05201,0.05062,0.05071,8658755.0
1775808000000,0.0507,0.0513,0.05055,0.05101,5737730.0
1775822400000,0.05101,0.05254,0.05089,0.05162,11929603.0
1775836800000,0.05164,0.05303,0.05141,0.05297,7117010.0
1775851200000,0.05298,0.05328,0.05193,0.05225,6002218.0
1775865600000,0.05225,0.05228,0.05148,0.05158,3303044.0
1775880000000,0.05158,0.05186,0.05108,0.0516,4337957.0
1775894400000,0.05158,0.05224,0.05148,0.05167,6775281.0
1775908800000,0.05166,0.0519,0.05081,0.05184,6881125.0
1775923200000,0.05184,0.05358,0.05174,0.05356,9975445.0
1775937600000,0.05355,0.05374,0.05176,0.05204,6738598.0
1775952000000,0.05206,0.05215,0.04987,0.05022,8552765.0
1775966400000,0.05021,0.05067,0.04997,0.05029,3374735.0
1775980800000,0.05025,0.05043,0.04998,0.05018,2272788.0
1775995200000,0.05015,0.05068,0.0497,0.04978,3407477.0
1776009600000,0.04977,0.05098,0.04966,0.05038,4592294.0
1776024000000,0.05038,0.051,0.04924,0.04946,5523872.0
1776038400000,0.04946,0.0505,0.04938,0.04996,4104359.0
1776052800000,0.04995,0.05025,0.04951,0.04957,3231834.0
1776067200000,0.04957,0.04964,0.04909,0.04954,3979117.0
1776081600000,0.04954,0.05069,0.04943,0.04989,6205586.0
1776096000000,0.04989,0.05154,0.04967,0.05141,7409778.0
1776110400000,0.0514,0.05365,0.0507,0.05356,13353796.0
1776124800000,0.05359,0.05383,0.05231,0.05285,7340290.0
1776139200000,0.05286,0.05312,0.05126,0.0513,8195960.0
1776153600000,0.05131,0.05238,0.05112,0.05164,7178999.0
1776168000000,0.05161,0.0525,0.05063,0.05103,8371779.0
1776182400000,0.05101,0.05138,0.04971,0.05023,9476049.0
1776196800000,0.05024,0.05039,0.04981,0.05002,3686738.0
1776211200000,0.05003,0.05165,0.05002,0.05141,5319906.0
1776225600000,0.05142,0.05237,0.05073,0.05122,9332684.0
1776240000000,0.05124,0.05254,0.05103,0.05212,6939739.0
1776254400000,0.0521,0.05315,0.05182,0.05201,7690738.0
1776268800000,0.05202,0.05408,0.0519,0.05337,11172058.0
1776283200000,0.05337,0.05387,0.05236,0.05279,10565481.0
1776297600000,0.05281,0.05552,0.05245,0.05521,19677102.0
1776312000000,0.05522,0.05686,0.05463,0.0561,22903226.0
1776326400000,0.05608,0.05709,0.05492,0.05646,21826881.0
1776340800000,0.05644,0.05904,0.0544,0.05756,41496637.0
1776355200000,0.05757,0.06353,0.05637,0.0611,69706448.0
1776369600000,0.0611,0.06144,0.0588,0.06093,25416360.0
1776384000000,0.06093,0.06324,0.05903,0.05958,32582916.0
1776398400000,0.05959,0.05999,0.05783,0.05804,15774522.0
1776412800000,0.05803,0.06172,0.05787,0.06051,25919297.0
1776427200000,0.06053,0.06513,0.06022,0.06351,58633473.0
1776441600000,0.06349,0.06428,0.06194,0.06323,17506542.0
1776456000000,0.06321,0.06391,0.06217,0.06259,11879299.0
1776470400000,0.06258,0.06656,0.06256,0.06523,29533519.0
1776484800000,0.06524,0.06682,0.06437,0.06541,22429452.0
1776499200000,0.06541,0.06595,0.06228,0.0624,26875389.0
1776513600000,0.06238,0.06374,0.06127,0.06363,16688417.0
1776528000000,0.06359,0.06429,0.06187,0.0622,14840382.0
1776542400000,0.06222,0.06235,0.06082,0.06131,8045465.0
1776556800000,0.06131,0.06212,0.06068,0.06078,13702342.0
1776571200000,0.06077,0.06175,0.05969,0.06057,12616526.0
1776585600000,0.06055,0.06174,0.05963,0.06138,8602787.0
1776600000000,0.06136,0.06392,0.06054,0.06269,25333970.0
1776614400000,0.06269,0.06318,0.05886,0.06044,28376698.0
1776628800000,0.06042,0.06044,0.05792,0.05875,13436841.0
1776643200000,0.05877,0.05974,0.05821,0.05867,8879897.0
1776657600000,0.05867,0.05955,0.05736,0.05868,13937966.0
1776672000000,0.05872,0.05912,0.0576,0.0588,11750619.0
1776686400000,0.05879,0.06064,0.05838,0.06041,18385488.0
1776700800000,0.06041,0.06222,0.05945,0.06117,20335721.0
1776715200000,0.06117,0.0619,0.05986,0.06004,7264384.0
1776729600000,0.06002,0.06087,0.05874,0.05908,8587993.0
1776744000000,0.05907,0.06037,0.05881,0.05977,9306082.0
1776758400000,0.05976,0.06178,0.05934,0.06103,10313456.0
1776772800000,0.06103,0.0614,0.05995,0.06075,9414469.0
1776787200000,0.06075,0.06123,0.05845,0.05885,11048045.0
1776801600000,0.05883,0.06039,0.05865,0.06017,7492089.0
1776816000000,0.06019,0.06161,0.05963,0.06103,8849261.0
1776830400000,0.06106,0.06268,0.06056,0.06161,8367712.0
1776844800000,0.06161,0.0634,0.06148,0.06308,13604292.0
1776859200000,0.0631,0.06332,0.06175,0.06272,9614319.0
1776873600000,0.06272,0.06334,0.06053,0.06133,10064388.0
1776888000000,0.06134,0.06175,0.05951,0.05958,8229735.0
1776902400000,0.05961,0.05981,0.05786,0.05823,14039730.0
1776916800000,0.05823,0.06064,0.05795,0.05947,11527291.0
1776931200000,0.05948,0.05957,0.05816,0.059,7329069.0
1776945600000,0.05899,0.06072,0.05898,0.06054,6891314.0
1776960000000,0.06051,0.0606,0.05796,0.05885,8388715.0
1776974400000,0.05885,0.06037,0.05884,0.06005,4492995.0
1776988800000,0.06006,0.06109,0.05944,0.05982,7926231.0
1777003200000,0.05983,0.06075,0.05912,0.06043,4347165.0
1777017600000,0.06043,0.06174,0.06008,0.06139,9538806.0
1777032000000,0.06142,0.06171,0.06007,0.06136,7070109.0
1777046400000,0.06134,0.06147,0.0603,0.06101,7645202.0
1777060800000,0.06101,0.06193,0.06008,0.06031,6966562.0
1777075200000,0.06031,0.06091,0.05992,0.06074,3748414.0
1777089600000,0.06075,0.06106,0.06,0.0603,4479616.0
1777104000000,0.06029,0.06085,0.05954,0.05984,4767751.0
1777118400000,0.05982,0.06033,0.05896,0.05922,7687996.0
1777132800000,0.05921,0.05944,0.05795,0.05851,6857526.0
1777147200000,0.0585,0.0593,0.05826,0.05914,3182141.0
1777161600000,0.05914,0.0598,0.05847,0.05957,6489571.0
1777176000000,0.05955,0.0615,0.05943,0.06142,8363420.0
1777190400000,0.06141,0.06287,0.06112,0.06197,12411634.0
1777204800000,0.06197,0.06222,0.06055,0.06168,14963425.0
1777219200000,0.06168,0.06213,0.06079,0.0617,7613991.0
1777233600000,0.0617,0.06273,0.06104,0.06222,12286162.0
1777248000000,0.06226,0.065,0.06194,0.06332,25030862.0
1777262400000,0.0633,0.06378,0.05975,0.05988,18236855.0
1777276800000,0.05985,0.06162,0.05961,0.06112,12088266.0
1777291200000,0.0611,0.06232,0.0594,0.06,20474715.0
1777305600000,0.05998,0.06155,0.05957,0.06119,10622180.0
1777320000000,0.06119,0.06398,0.06113,0.06342,14860027.0
1777334400000,0.06341,0.06352,0.06103,0.06126,15872042.0
1777348800000,0.06125,0.06298,0.06077,0.06117,17590067.0
1777363200000,0.06117,0.06189,0.05978,0.06013,11820025.0
1777377600000,0.06015,0.06101,0.0597,0.06058,13141285.0
1777392000000,0.06056,0.06125,0.05995,0.06094,6784238.0
1777406400000,0.06095,0.06119,0.06049,0.06078,4199518.0
1777420800000,0.0608,0.06121,0.06004,0.06117,14245238.0
1777435200000,0.06118,0.06182,0.0604,0.06149,10433058.0
1777449600000,0.06151,0.06288,0.06054,0.06172,17325695.0
1777464000000,0.06173,0.06174,0.05858,0.0589,17364469.0
1777478400000,0.05888,0.0601,0.05743,0.05877,23688393.0
1777492800000,0.05878,0.05986,0.05836,0.05885,7467151.0
1777507200000,0.05887,0.05997,0.05789,0.05804,10513290.0
1777521600000,0.05803,0.05806,0.05666,0.05781,10746598.0
1777536000000,0.05781,0.05838,0.05732,0.05774,6907656.0
1777550400000,0.05775,0.05818,0.05684,0.05742,6972797.0
1777564800000,0.05742,0.05782,0.05685,0.05699,8149072.0
1777579200000,0.05699,0.05707,0.05527,0.05565,9587069.0
1777593600000,0.05565,0.05784,0.05551,0.05758,10541373.0
1777608000000,0.0576,0.0581,0.05629,0.0567,9309138.0
1777622400000,0.05669,0.05734,0.05622,0.0571,5942921.0
1777636800000,0.05711,0.05991,0.05679,0.05955,16916125.0
1777651200000,0.05955,0.06011,0.05853,0.05865,8745522.0
1777665600000,0.05867,0.05888,0.05766,0.05823,9083696.0
1777680000000,0.05824,0.05904,0.0581,0.05829,4987105.0
1777694400000,0.05829,0.05832,0.05731,0.05794,6929131.0
1777708800000,0.05794,0.05833,0.05745,0.05767,4066167.0
1777723200000,0.05767,0.06002,0.05753,0.05959,9974722.0
1777737600000,0.05961,0.06036,0.05882,0.05988,15769063.0
1777752000000,0.0599,0.06088,0.05978,0.0605,6773493.0
1777766400000,0.06051,0.06115,0.05961,0.06008,11785894.0
1777780800000,0.06008,0.06222,0.06001,0.06116,16595435.0
1777795200000,0.06118,0.06136,0.06032,0.0607,9417975.0
1777809600000,0.06069,0.06159,0.0603,0.06072,11275219.0
1777824000000,0.06072,0.06153,0.06018,0.06053,8259621.0
1777838400000,0.06052,0.06154,0.0598,0.0601,9108564.0
1777852800000,0.06013,0.062,0.05945,0.06156,13964852.0
1777867200000,0.06154,0.06192,0.06006,0.06023,7634055.0
1777881600000,0.06022,0.06098,0.05905,0.05989,13593171.0
1777896000000,0.05989,0.06084,0.05913,0.05963,14269873.0
1777910400000,0.05964,0.0609,0.05933,0.06008,7051613.0
1777924800000,0.06008,0.06132,0.05973,0.06016,5261210.0
1777939200000,0.06017,0.06231,0.06016,0.06135,10042580.0
1777953600000,0.06136,0.06183,0.06065,0.06143,6954620.0
1777968000000,0.06142,0.06255,0.06126,0.06247,8823027.0
1777982400000,0.06246,0.06302,0.06155,0.06213,16766969.0
1777996800000,0.06216,0.06279,0.06188,0.06266,8034861.0
1778011200000,0.06264,0.0637,0.06162,0.06204,14457448.0
1778025600000,0.062,0.06383,0.06153,0.0636,9646248.0
1778040000000,0.06361,0.06701,0.06307,0.06611,47946379.0
1778054400000,0.06608,0.0709,0.06563,0.06915,54155896.0
1778068800000,0.06915,0.06919,0.0655,0.06716,34298241.0
1778083200000,0.06715,0.06772,0.0656,0.067,14868187.0
1778097600000,0.06701,0.07435,0.06692,0.0703,69436254.0
1778112000000,0.0703,0.0708,0.06651,0.06685,22690578.0
1778126400000,0.06684,0.07106,0.06655,0.07053,18987503.0
1778140800000,0.07052,0.07052,0.0684,0.06924,14665202.0
1778155200000,0.06924,0.07229,0.06754,0.06792,34408177.0
1778169600000,0.06794,0.06849,0.06645,0.06756,23418762.0
1778184000000,0.06764,0.06886,0.06681,0.06864,14389598.0
1778198400000,0.06864,0.06944,0.06701,0.06861,10777961.0
1778212800000,0.06859,0.06891,0.0672,0.06794,7572665.0
1778227200000,0.06794,0.06915,0.06753,0.06819,7620846.0
1778241600000,0.06818,0.06898,0.0673,0.06878,14433288.0
1778256000000,0.06877,0.07079,0.06824,0.06988,14771428.0
1778270400000,0.06989,0.07085,0.06913,0.06956,8940796.0
1778284800000,0.06956,0.07058,0.06924,0.07025,8924510.0
1778299200000,0.07025,0.0709,0.06884,0.06918,12508720.0
1778313600000,0.06917,0.06957,0.0679,0.06868,8368197.0
1778328000000,0.06867,0.06892,0.06702,0.06752,8057151.0
1778342400000,0.06751,0.0685,0.06734,0.0684,5375474.0
1778356800000,0.06841,0.06842,0.06738,0.06781,5222354.0
1778371200000,0.06781,0.06992,0.06742,0.06935,16280753.0
1778385600000,0.06932,0.06988,0.06815,0.06931,9692805.0
1778400000000,0.06927,0.07209,0.06924,0.07122,21842158.0
1778414400000,0.07126,0.07262,0.0705,0.07199,13540743.0
1778428800000,0.072,0.07767,0.07197,0.07533,44288156.0
1778443200000,0.07535,0.07614,0.07017,0.07219,38244942.0
1778457600000,0.07217,0.07239,0.06855,0.06987,18829847.0
1778472000000,0.06982,0.07149,0.06941,0.07041,10506956.0
1778486400000,0.0704,0.07162,0.06996,0.07032,8561318.0
1778500800000,0.07033,0.0715,0.06886,0.07144,19910231.0
1778515200000,0.07141,0.07292,0.07089,0.07161,14490727.0
1778529600000,0.07163,0.07213,0.07025,0.07064,11532677.0
1778544000000,0.07068,0.07106,0.06861,0.06943,12841655.0
1778558400000,0.06943,0.06999,0.0686,0.06935,7629069.0
1778572800000,0.06936,0.06999,0.06785,0.06842,12715542.0
1778587200000,0.0684,0.06847,0.06613,0.06655,25592867.0
1778601600000,0.06655,0.06773,0.06576,0.06743,13082191.0
1778616000000,0.06745,0.06773,0.06655,0.0667,7277684.0
1778630400000,0.06669,0.06843,0.06647,0.06831,6562791.0
1778644800000,0.06831,0.06874,0.06732,0.06744,5999029.0
1778659200000,0.06749,0.0696,0.06676,0.06696,12785543.0
1778673600000,0.06696,0.0673,0.06252,0.06282,18127879.0
1778688000000,0.06282,0.06446,0.06277,0.06348,5841084.0
1778702400000,0.06348,0.06398,0.06282,0.06331,5131605.0
1778716800000,0.06331,0.0639,0.06175,0.06193,6048862.0
1778731200000,0.06195,0.06321,0.06165,0.06228,5016193.0
1778745600000,0.06227,0.063,0.06161,0.06228,13386202.0
1778760000000,0.06227,0.0647,0.06225,0.06459,9969326.0
1778774400000,0.06463,0.06548,0.06384,0.06449,10555776.0
1778788800000,0.06454,0.06461,0.06346,0.0637,7683302.0
1778803200000,0.0637,0.06471,0.06332,0.06442,6172038.0
1778817600000,0.06437,0.06446,0.06203,0.06369,11243198.0
1778832000000,0.0637,0.0637,0.0621,0.06245,5586514.0
1778846400000,0.06243,0.06245,0.05891,0.0601,17373479.0
1778860800000,0.0601,0.06102,0.05997,0.06027,7446814.0
1778875200000,0.06028,0.06032,0.05961,0.05994,6583023.0
1778889600000,0.05995,0.06149,0.05986,0.06127,5222844.0
1778904000000,0.06128,0.06139,0.05732,0.05816,14552846.0
1778918400000,0.05815,0.05859,0.05654,0.05753,12927165.0
1778932800000,0.05754,0.05871,0.05736,0.05845,5983793.0
1778947200000,0.05844,0.05895,0.05798,0.05827,8332993.0
1778961600000,0.05829,0.05841,0.05781,0.05789,2956294.0
1778976000000,0.05791,0.05865,0.05705,0.05851,7980660.0
1778990400000,0.05851,0.05936,0.05828,0.05904,10127194.0
1779004800000,0.05904,0.05913,0.05833,0.05859,3432183.0
1779019200000,0.0586,0.05874,0.05753,0.05828,4352971.0
1779033600000,0.05828,0.05876,0.05761,0.0583,6504002.0
1779048000000,0.05829,0.05867,0.05421,0.05622,11542728.0
1779062400000,0.05619,0.05691,0.05545,0.05647,11523302.0
1779076800000,0.05647,0.05701,0.05545,0.05594,6683101.0
1779091200000,0.05594,0.05632,0.05516,0.05582,6256296.0
1779105600000,0.05583,0.05666,0.05506,0.05554,9668580.0
1779120000000,0.05554,0.05686,0.055,0.05657,7243580.0
1779134400000,0.05659,0.05758,0.05616,0.05704,6076300.0
1779148800000,0.05708,0.05758,0.05631,0.05649,3256541.0
1779163200000,0.0565,0.05737,0.056,0.05718,4662967.0
1779177600000,0.05719,0.05725,0.05561,0.05576,4324067.0
1779192000000,0.05576,0.05682,0.05533,0.05577,7425016.0
1779206400000,0.05578,0.05635,0.05556,0.05575,3742458.0
1779220800000,0.05577,0.05617,0.05524,0.05557,3171661.0
1779235200000,0.05557,0.05614,0.0552,0.05584,3072621.0
1779249600000,0.05583,0.05713,0.05568,0.05649,4594967.0
1779264000000,0.05651,0.05692,0.05586,0.05599,3399698.0
1779278400000,0.05599,0.05754,0.0559,0.05734,9168909.0
1779292800000,0.05736,0.05784,0.05673,0.05728,7008226.0
1779307200000,0.05727,0.05732,0.05635,0.05688,4356880.0
1779321600000,0.05689,0.05797,0.05681,0.05778,3743018.0
1779336000000,0.05778,0.0581,0.05698,0.05764,3989266.0
1779350400000,0.05763,0.05816,0.05648,0.05667,6638847.0
1779364800000,0.05666,0.05771,0.05649,0.05738,5623019.0
1779379200000,0.05739,0.05868,0.05693,0.0584,8996375.0
1779393600000,0.05842,0.05853,0.05747,0.0578,4860460.0
1779408000000,0.05784,0.05813,0.05717,0.05795,3607961.0
1779422400000,0.05796,0.05829,0.05739,0.05786,4758329.0
1779436800000,0.05789,0.05826,0.05724,0.05774,3644076.0
1779451200000,0.05771,0.05831,0.05657,0.05719,8161644.0
1779465600000,0.05717,0.05745,0.0538,0.05463,15854816.0
1779480000000,0.05464,0.05511,0.05304,0.05337,10083823.0
1779494400000,0.05337,0.0542,0.05297,0.05397,4410106.0
1779508800000,0.05396,0.05406,0.05107,0.05183,10011351.0
1779523200000,0.05184,0.0521,0.05135,0.0519,6191179.0
1779537600000,0.05191,0.05408,0.05172,0.05367,4914833.0
1779552000000,0.05366,0.05513,0.05359,0.05452,8648415.0
1779566400000,0.05454,0.05653,0.05434,0.05505,8634148.0
1779580800000,0.05506,0.05516,0.05404,0.05412,4149705.0
1779595200000,0.05414,0.05482,0.05404,0.05434,3924569.0
1779609600000,0.05434,0.05475,0.05409,0.05422,3710823.0
1779624000000,0.05422,0.05422,0.05239,0.05388,8386921.0
1779638400000,0.0539,0.05579,0.05377,0.05509,10759638.0
1779652800000,0.0551,0.05521,0.05289,0.05427,14361779.0
1779667200000,0.05428,0.05515,0.05405,0.0546,5301592.0
1779681600000,0.0546,0.05588,0.05441,0.05563,4202666.0
1779696000000,0.05563,0.05642,0.05531,0.0562,5364041.0
1779710400000,0.05622,0.05771,0.0559,0.05695,21961875.0
1779724800000,0.05697,0.05755,0.05642,0.05707,7264633.0
1779739200000,0.05706,0.05725,0.05562,0.05614,6165768.0
1779753600000,0.05615,0.05616,0.05483,0.05543,7114693.0
1779768000000,0.05542,0.05643,0.05527,0.05563,4303118.0
1779782400000,0.05563,0.05702,0.05544,0.05622,6112295.0
1779796800000,0.05619,0.05744,0.05565,0.05626,11736291.0
1779811200000,0.05626,0.05696,0.05536,0.05582,11768298.0
1779825600000,0.05583,0.05596,0.05506,0.05511,3563857.0
1779840000000,0.05511,0.05599,0.05486,0.05529,6201376.0
1779854400000,0.05527,0.05553,0.05432,0.05528,4682951.0
1779868800000,0.05527,0.05562,0.05456,0.05466,5339643.0
1779883200000,0.05468,0.05568,0.05417,0.05522,8034177.0
1779897600000,0.05524,0.05546,0.05351,0.05401,7584846.0
1779912000000,0.05403,0.05419,0.05216,0.0525,9398684.0
1779926400000,0.05255,0.05276,0.05077,0.05095,12924272.0
1779940800000,0.05092,0.05147,0.04966,0.0514,15492464.0
1779955200000,0.05142,0.05185,0.05083,0.05106,5723358.0
1779969600000,0.05106,0.0518,0.05045,0.05109,11184150.0
1779984000000,0.05108,0.05214,0.05044,0.0515,14160149.0
1779998400000,0.05152,0.05236,0.05104,0.05143,6278536.0
1780012800000,0.05141,0.05196,0.05056,0.05062,7658928.0
1780027200000,0.05063,0.05168,0.05036,0.05146,5915786.0
1780041600000,0.05147,0.05205,0.05058,0.05093,3972055.0
1780056000000,0.05093,0.05277,0.0496,0.05216,12836168.0
1780070400000,0.05221,0.05273,0.05114,0.05171,7968637.0
1780084800000,0.05174,0.05232,0.05143,0.05181,5575284.0
1780099200000,0.05182,0.05337,0.05182,0.05293,5689108.0
1780113600000,0.05291,0.05331,0.05194,0.053,6161491.0
1780128000000,0.05299,0.05301,0.05244,0.05256,3325546.0
1780142400000,0.05256,0.05323,0.05222,0.05267,9049883.0
1780156800000,0.05267,0.05323,0.05247,0.053,3083611.0
1780171200000,0.05302,0.05319,0.05186,0.05226,3960859.0
1780185600000,0.05227,0.05283,0.05204,0.05265,3603990.0
1780200000000,0.05265,0.05291,0.05182,0.05193,2357833.0
1780214400000,0.05193,0.05215,0.05136,0.05157,3685705.0
1780228800000,0.05156,0.0518,0.05046,0.05107,6792346.0
1780243200000,0.05106,0.05136,0.05057,0.05115,4782857.0
1780257600000,0.05115,0.05224,0.05115,0.05189,4516065.0
1780272000000,0.0519,0.05258,0.05115,0.05235,5832369.0
1780286400000,0.05236,0.05264,0.05025,0.05041,5440427.0
1780300800000,0.05041,0.05122,0.05035,0.05064,5990775.0
1780315200000,0.05065,0.05143,0.04962,0.05125,12974093.0
1780329600000,0.05125,0.05344,0.05077,0.0528,8950366.0
1780344000000,0.0528,0.05395,0.05212,0.05382,6927647.0
1780358400000,0.05384,0.05429,0.05208,0.05415,9079609.0
1780372800000,0.05416,0.05428,0.05217,0.05268,7599644.0
1780387200000,0.05271,0.05316,0.05221,0.05265,6838779.0
1780401600000,0.05264,0.05323,0.0493,0.05006,19918847.0
1780416000000,0.05005,0.05147,0.04888,0.0501,14841164.0
1780430400000,0.05011,0.05141,0.04808,0.04947,16470428.0
1780444800000,0.04947,0.05016,0.0486,0.04887,11228825.0
1780459200000,0.04887,0.05235,0.04886,0.05203,8021043.0
1780473600000,0.05202,0.05275,0.05151,0.05219,7807379.0
1780488000000,0.05217,0.05274,0.05163,0.05173,8557747.0
1780502400000,0.05176,0.05186,0.05019,0.05043,11272031.0
1780516800000,0.0504,0.05206,0.04967,0.05023,12692944.0
1780531200000,0.05022,0.0507,0.04512,0.04903,31541143.0
1780545600000,0.04905,0.04918,0.04661,0.04669,15447688.0
1780560000000,0.04669,0.04717,0.0446,0.04568,25108414.0
1780574400000,0.04568,0.04818,0.04532,0.04783,20264025.0
1780588800000,0.04783,0.0479,0.04591,0.04678,13767418.0
1780603200000,0.04675,0.0468,0.0448,0.046,11483873.0
1780617600000,0.04598,0.04619,0.04398,0.04419,10832004.0
1780632000000,0.04419,0.04523,0.04118,0.04358,25611714.0
1780646400000,0.04357,0.04402,0.04268,0.04306,11638210.0
1780660800000,0.04304,0.04339,0.04115,0.04151,18671772.0
1780675200000,0.04149,0.04286,0.03971,0.04125,24506008.0
1780689600000,0.04125,0.0428,0.04081,0.04197,12953495.0
1780704000000,0.04197,0.04265,0.0412,0.04137,8486094.0
1780718400000,0.04136,0.04156,0.03726,0.03928,29696850.0
1780732800000,0.0393,0.03994,0.03847,0.03921,11041790.0
1780747200000,0.03922,0.03963,0.03887,0.03926,8364614.0
1780761600000,0.03925,0.03936,0.0383,0.03871,11099946.0
1780776000000,0.0387,0.03909,0.03853,0.03901,4748447.0
1780790400000,0.03902,0.04166,0.03897,0.04161,15011666.0
1780804800000,0.0416,0.04171,0.04081,0.04165,8030105.0
1780819200000,0.04165,0.04235,0.0406,0.04096,10613573.0
1780833600000,0.04097,0.04113,0.03997,0.04063,7892270.0
1780848000000,0.04063,0.04144,0.0396,0.03989,12843034.0
1780862400000,0.03987,0.04238,0.03976,0.04132,13909504.0
1780876800000,0.04134,0.04198,0.0408,0.04183,8693531.0
1780891200000,0.04185,0.04188,0.04074,0.04168,6532465.0
1780905600000,0.04167,0.0425,0.04117,0.0422,7054393.0
1780920000000,0.04219,0.04304,0.04174,0.0424,13000322.0
1780934400000,0.0424,0.04306,0.04224,0.04247,7825042.0
1780948800000,0.04248,0.04314,0.04151,0.04174,11458784.0
1780963200000,0.04175,0.04179,0.04044,0.04091,11062605.0
1780977600000,0.04091,0.04227,0.04074,0.04205,8913774.0
1780992000000,0.04206,0.04212,0.04127,0.04181,6486681.0
1781006400000,0.0418,0.04215,0.04061,0.04077,12795635.0
1781020800000,0.04076,0.04161,0.04022,0.04149,14641800.0
1781035200000,0.0415,0.04186,0.04097,0.0412,7414202.0
1781049600000,0.0412,0.04161,0.04076,0.04085,6174835.0
1781064000000,0.04086,0.04092,0.04016,0.04044,6123586.0
1781078400000,0.04045,0.04056,0.03968,0.03983,7424784.0
1781092800000,0.03982,0.04146,0.03968,0.04092,12940839.0
1781107200000,0.04093,0.04108,0.03932,0.03947,10021227.0
1781121600000,0.03948,0.03956,0.03846,0.03933,11761211.0
1781136000000,0.03935,0.04092,0.03934,0.0408,12291490.0
1781150400000,0.0408,0.0412,0.04057,0.04078,7248887.0
1781164800000,0.04079,0.04138,0.04065,0.04121,7193971.0
1781179200000,0.04121,0.04125,0.04033,0.04101,14393260.0
1781193600000,0.04103,0.04219,0.04058,0.04171,11568356.0
1781208000000,0.04172,0.04186,0.0411,0.0413,5406027.0
1781222400000,0.0413,0.04181,0.0412,0.04176,6099468.0
1781236800000,0.04177,0.04198,0.04079,0.04112,6952635.0
1781251200000,0.04112,0.04165,0.04111,0.04152,6594529.0
1781265600000,0.0415,0.04173,0.04052,0.04055,14537435.0
1781280000000,0.04056,0.0412,0.04038,0.04055,8944679.0
1781294400000,0.04054,0.041,0.04025,0.04045,5736550.0
1781308800000,0.04044,0.04123,0.04036,0.04076,5413555.0
1781323200000,0.04075,0.04127,0.04037,0.04115,6542897.0
1781337600000,0.04114,0.04158,0.04092,0.04148,8588900.0
1781352000000,0.04151,0.0416,0.04104,0.04125,5943136.0
1781366400000,0.04127,0.04313,0.04104,0.04182,58018304.0
1781380800000,0.04182,0.04226,0.0415,0.04194,5048198.0
1781395200000,0.04194,0.04233,0.04147,0.04177,5809325.0
1781409600000,0.04178,0.04192,0.04114,0.04123,16096611.0
1781424000000,0.04123,0.04153,0.04097,0.0411,5982413.0
1781438400000,0.04111,0.04115,0.03972,0.04003,8813224.0
1781452800000,0.04003,0.04063,0.03977,0.0402,9349724.0
1781467200000,0.04021,0.04268,0.04011,0.04239,11738285.0
1781481600000,0.04235,0.04423,0.04209,0.04303,21307809.0
1781496000000,0.04302,0.04309,0.04219,0.04226,6368972.0
1781510400000,0.04227,0.04312,0.04203,0.04279,11210490.0
1781524800000,0.04282,0.04521,0.0427,0.04455,19812053.0
1781539200000,0.04454,0.04576,0.04373,0.04447,26713025.0
1781553600000,0.04445,0.04514,0.04364,0.044,12944512.0
1781568000000,0.044,0.0448,0.04333,0.04474,12742296.0
1781582400000,0.04474,0.04484,0.04416,0.04446,10215912.0
1781596800000,0.04446,0.04513,0.04428,0.04473,14574107.0
1781611200000,0.04474,0.04507,0.04263,0.04335,22872363.0
1781625600000,0.04334,0.04431,0.04298,0.04362,8451667.0
1781640000000,0.0436,0.04427,0.04354,0.04373,4167729.0
1781654400000,0.04376,0.04592,0.04372,0.04525,13898681.0
1781668800000,0.04525,0.04565,0.04464,0.04486,7017642.0
1781683200000,0.04486,0.04491,0.04353,0.04358,6718492.0
1781697600000,0.04358,0.04543,0.04345,0.04542,8275436.0
1781712000000,0.04542,0.04583,0.04326,0.0435,23476969.0
1781726400000,0.0435,0.04397,0.04286,0.04375,9647258.0
1781740800000,0.04376,0.04419,0.04282,0.04288,10810700.0
1781755200000,0.04289,0.04301,0.04182,0.04258,12376696.0
1781769600000,0.04258,0.04297,0.04212,0.0425,5934295.0
1781784000000,0.04252,0.04288,0.04022,0.04034,16201325.0
1781798400000,0.04033,0.04138,0.04026,0.04124,8958356.0
1781812800000,0.04124,0.04305,0.04124,0.04209,14201740.0
1781827200000,0.04208,0.04254,0.04119,0.04164,6810170.0
1781841600000,0.04167,0.04263,0.04118,0.04152,23934453.0
1781856000000,0.04152,0.04175,0.04122,0.04125,6292033.0
1781870400000,0.04127,0.04238,0.04093,0.04218,10527612.0
1781884800000,0.04218,0.04278,0.04184,0.04211,13149699.0
1781899200000,0.04212,0.04273,0.04187,0.04269,5281279.0
1781913600000,0.0427,0.04329,0.04224,0.04231,6201331.0
1781928000000,0.04232,0.0434,0.04225,0.04285,7375850.0
1781942400000,0.04283,0.04329,0.04257,0.04281,7559224.0
1781956800000,0.04281,0.04364,0.04187,0.04345,9721769.0
1781971200000,0.04346,0.04361,0.04276,0.04347,6281026.0
1781985600000,0.04346,0.04649,0.04346,0.04561,16815453.0
1782000000000,0.04564,0.04812,0.04539,0.04677,24598117.0
1782014400000,0.04676,0.04714,0.04603,0.04689,15356089.0
1782028800000,0.04688,0.04959,0.04658,0.04871,39109594.0
1782043200000,0.04871,0.04976,0.04759,0.04795,42595241.0
1782057600000,0.04794,0.04908,0.04724,0.04801,22412008.0
1782072000000,0.04801,0.04804,0.04625,0.04693,14212574.0
1782086400000,0.04695,0.04957,0.04686,0.04759,25702457.0
1782100800000,0.04761,0.04883,0.0475,0.0485,10810475.0
1782115200000,0.04852,0.04903,0.04735,0.04854,11207593.0
1782129600000,0.04853,0.04874,0.04669,0.04683,15631175.0
1782144000000,0.04684,0.04705,0.04474,0.045,28851616.0
1782158400000,0.04502,0.04529,0.04257,0.0429,23243067.0
1782172800000,0.0429,0.05095,0.04207,0.04783,130931197.0
1782187200000,0.04783,0.05095,0.04703,0.04989,45652606.0
1782201600000,0.04991,0.05363,0.04824,0.05264,102746521.0
1782216000000,0.05266,0.0535,0.0506,0.05156,82137860.0
1782230400000,0.05156,0.05256,0.05063,0.05084,48588956.0
1782244800000,0.05084,0.05321,0.05077,0.05234,65477484.0
1782259200000,0.05233,0.0539,0.04928,0.04945,134459739.0
1782273600000,0.04947,0.0524,0.04915,0.051,63827075.0
1782288000000,0.051,0.05183,0.0498,0.05129,32122721.0
1782302400000,0.05131,0.05264,0.04895,0.04952,41887142.0
1782316800000,0.04951,0.0502,0.04581,0.04696,55967366.0
1782331200000,0.04696,0.05209,0.04378,0.04654,314517281.0
1782345600000,0.04655,0.04818,0.04536,0.04798,33639414.0
1782360000000,0.048,0.05253,0.04798,0.05234,47575077.0
1782374400000,0.05233,0.05615,0.04318,0.04443,202928187.0
1782388800000,0.04446,0.04559,0.04129,0.04458,68570988.0
1782403200000,0.04459,0.04501,0.04345,0.0442,26003936.0
1782417600000,0.04421,0.04523,0.04405,0.04456,12070919.0
1782432000000,0.04457,0.04491,0.04259,0.04432,20808373.0
1782446400000,0.04433,0.04538,0.04361,0.04491,14804172.0
1782460800000,0.04491,0.04615,0.04326,0.04514,47071164.0
1782475200000,0.04515,0.04697,0.0445,0.04516,77559670.0
1782489600000,0.04518,0.04651,0.04475,0.04579,16913621.0
1782504000000,0.04574,0.04643,0.04453,0.04488,10451877.0
1782518400000,0.04488,0.04571,0.04421,0.04504,10870148.0
1782532800000,0.04503,0.04537,0.04449,0.04501,10359446.0
1782547200000,0.045,0.04521,0.04413,0.04446,19484567.0
1782561600000,0.04445,0.04508,0.04422,0.04479,6103754.0
1782576000000,0.04478,0.04598,0.04437,0.04462,13645134.0
1782590400000,0.04462,0.04506,0.04345,0.04359,7390051.0
1782604800000,0.04358,0.04417,0.04322,0.04372,10552902.0
1782619200000,0.04371,0.04471,0.04294,0.04406,10095725.0
1782633600000,0.04406,0.0452,0.04381,0.04482,6761260.0
1782648000000,0.04482,0.04557,0.04417,0.04475,12804988.0
1782662400000,0.04477,0.04571,0.04392,0.04469,18374125.0
1782676800000,0.04469,0.04579,0.04441,0.04503,11538424.0
1782691200000,0.04504,0.04633,0.04461,0.04591,11423256.0
1782705600000,0.04592,0.04594,0.04487,0.04488,6948190.0
1782720000000,0.04488,0.04549,0.04437,0.04495,7494719.0
1782734400000,0.04493,0.04582,0.04387,0.04467,14506283.0
1782748800000,0.04467,0.04581,0.04422,0.04512,12153911.0
1782763200000,0.04512,0.0452,0.0442,0.04437,4035299.0
1782777600000,0.04436,0.04452,0.04391,0.04421,4532814.0
1782792000000,0.04421,0.04481,0.04402,0.04475,7776649.0
1782806400000,0.04475,0.04482,0.04304,0.04339,9929321.0
1782820800000,0.04338,0.04368,0.04267,0.04336,9453054.0
1782835200000,0.04337,0.04362,0.04275,0.04336,7138055.0
1782849600000,0.04335,0.04353,0.04258,0.0426,3738172.0
1782864000000,0.0426,0.04269,0.04034,0.04163,24781604.0
1782878400000,0.04163,0.04191,0.04004,0.04062,9779636.0
1782892800000,0.04064,0.04132,0.04051,0.04105,5911852.0
1782907200000,0.04105,0.04212,0.04046,0.04198,15607957.0
1782921600000,0.04198,0.04304,0.04134,0.04147,11199439.0
1782936000000,0.04147,0.04223,0.04134,0.04149,7978794.0
1782950400000,0.04148,0.04295,0.04106,0.04265,11936332.0
1782964800000,0.04265,0.04305,0.04208,0.04247,7085953.0
1782979200000,0.04248,0.04381,0.04215,0.04354,10638806.0
1782993600000,0.04353,0.04438,0.04314,0.04401,10803480.0
1783008000000,0.04402,0.04545,0.04355,0.04512,16173592.0
1783022400000,0.04515,0.04805,0.04505,0.04779,46859990.0
1783036800000,0.04778,0.05033,0.04669,0.04782,66143065.0
1783051200000,0.04781,0.05016,0.04756,0.04944,32574906.0
1783065600000,0.04943,0.05019,0.04853,0.04887,22990301.0
1783080000000,0.04887,0.05195,0.04852,0.05085,33039473.0
1783094400000,0.05085,0.05259,0.0506,0.05153,44458936.0
1783108800000,0.05152,0.05322,0.05114,0.05163,23184756.0
1783123200000,0.05162,0.05206,0.04921,0.05015,21653477.0
1783137600000,0.05014,0.05341,0.04944,0.05218,56413328.0
1783152000000,0.05217,0.05259,0.05023,0.05043,16310086.0
1783166400000,0.05042,0.0519,0.04961,0.05072,30845896.0
1783180800000,0.0507,0.05211,0.05023,0.05035,17941082.0
1783195200000,0.05032,0.05045,0.04831,0.04886,11028180.0
1783209600000,0.04886,0.05068,0.04866,0.05033,15503171.0
1783224000000,0.05033,0.0512,0.05004,0.05096,9621902.0
1783238400000,0.05095,0.05158,0.04988,0.05089,11590608.0
1783252800000,0.05088,0.05134,0.05024,0.05049,6227624.0
1783267200000,0.05049,0.05152,0.05044,0.05142,7259181.0
1783281600000,0.05142,0.05197,0.05087,0.05103,7576617.0
1783296000000,0.05103,0.05151,0.05057,0.05109,5566117.0
1783310400000,0.05108,0.05119,0.04901,0.0494,10057381.0
1783324800000,0.04939,0.05039,0.04926,0.04965,5174895.0
1783339200000,0.04961,0.05112,0.04854,0.05087,14685636.0
1783353600000,0.05087,0.05231,0.04938,0.04987,18380720.0
1783368000000,0.04987,0.05031,0.04937,0.04952,5104203.0
1783382400000,0.04952,0.05003,0.04842,0.04861,6784141.0
1783396800000,0.0486,0.0495,0.04819,0.04892,4453071.0
1783411200000,0.04891,0.04925,0.04869,0.04914,3522265.0
1783425600000,0.04913,0.04953,0.04806,0.049,8253468.0
1783440000000,0.04896,0.04919,0.04713,0.04748,9395445.0
1783454400000,0.04749,0.04771,0.04664,0.0467,7602105.0
1783468800000,0.04668,0.04714,0.04601,0.0466,5837324.0
1783483200000,0.04662,0.04775,0.04641,0.04708,9494350.0
1783497600000,0.04706,0.04748,0.04606,0.04643,8752055.0
1783512000000,0.04642,0.04657,0.04498,0.0451,7593815.0
1783526400000,0.04509,0.04548,0.04481,0.04487,3621434.0
1783540800000,0.04486,0.04629,0.04457,0.04628,9426104.0
1783555200000,0.04624,0.04676,0.04523,0.04552,5464410.0
1783569600000,0.04551,0.04665,0.04547,0.04609,4978843.0
1783584000000,0.04607,0.04647,0.04559,0.04611,6213655.0
1783598400000,0.04609,0.04654,0.04572,0.04654,4418048.0
1783612800000,0.04653,0.0474,0.04624,0.0464,7409447.0
1783627200000,0.0464,0.04659,0.04559,0.0457,3314593.0
1783641600000,0.04569,0.04665,0.04485,0.04645,7504862.0
1783656000000,0.04644,0.04661,0.04555,0.04566,4496213.0
1783670400000,0.04566,0.04707,0.04558,0.04644,6235384.0
1783684800000,0.04645,0.04666,0.04511,0.04579,7588212.0
1783699200000,0.04578,0.04633,0.04517,0.04547,13353853.0
1783713600000,0.04547,0.04589,0.04525,0.0456,6756074.0
1783728000000,0.04561,0.04689,0.04527,0.04619,15498053.0
1783742400000,0.04617,0.04625,0.0457,0.04603,3714595.0
1783756800000,0.04603,0.04617,0.04577,0.04603,2516943.0
1783771200000,0.04602,0.04773,0.04587,0.04736,13598547.0
1783785600000,0.04732,0.04767,0.04686,0.04719,6921580.0
1783800000000,0.04717,0.04742,0.04514,0.04543,8592694.0
1783814400000,0.04543,0.04589,0.04493,0.0458,5659291.0
1783828800000,0.04579,0.04593,0.04484,0.04487,6585144.0
1783843200000,0.04487,0.04566,0.04479,0.04551,4167531.0
1783857600000,0.0455,0.0455,0.04486,0.04491,3617844.0
1783872000000,0.0449,0.04515,0.04454,0.04504,3862606.0
1783886400000,0.04501,0.04627,0.04436,0.04484,10055604.0
1783900800000,0.04485,0.04573,0.04338,0.04406,11043971.0
1783915200000,0.04403,0.04489,0.04398,0.04466,4056335.0
1783929600000,0.04466,0.04478,0.04405,0.04411,2887368.0
1783944000000,0.0441,0.04437,0.0437,0.04376,5903510.0
1783958400000,0.04377,0.04395,0.04322,0.04369,5495491.0
1783972800000,0.04368,0.0438,0.04267,0.04377,5252463.0
1783987200000,0.04375,0.04409,0.04341,0.0438,2677747.0
1784001600000,0.0438,0.04404,0.04357,0.04376,2826324.0
1784016000000,0.04375,0.04425,0.04364,0.04388,2338352.0
1784030400000,0.04389,0.04494,0.04359,0.04469,8842614.0
1784044800000,0.04469,0.04489,0.0443,0.04444,4398488.0
1784059200000,0.04444,0.04525,0.04436,0.04516,3198173.0
1784073600000,0.04516,0.04652,0.04512,0.046,8490852.0
1784088000000,0.04599,0.04671,0.04508,0.04523,9791490.0
1784102400000,0.04521,0.04551,0.0448,0.04499,6709438.0
1784116800000,0.04497,0.04612,0.04489,0.0453,6766269.0
1784131200000,0.04529,0.04549,0.0445,0.04472,5749632.0
1784145600000,0.04472,0.04539,0.04471,0.04521,2639679.0
1784160000000,0.04519,0.0455,0.04486,0.04508,2825808.0
1784174400000,0.04507,0.0452,0.04442,0.04459,4929669.0
1784188800000,0.04458,0.04462,0.04386,0.04416,4415114.0
1784203200000,0.04414,0.04532,0.0441,0.04487,3757225.0
1784217600000,0.04487,0.04518,0.04433,0.04502,3404261.0
1784232000000,0.04501,0.04582,0.04466,0.04478,4408573.0
1784246400000,0.04479,0.04553,0.04396,0.04405,4787633.0
1784260800000,0.04403,0.0442,0.04339,0.04359,4141805.0
1784275200000,0.04358,0.04406,0.04325,0.0439,2564881.0
1784289600000,0.04389,0.04389,0.0429,0.04357,7124440.0
1784304000000,0.04357,0.04386,0.04304,0.04326,7538074.0
1784318400000,0.04325,0.04343,0.04266,0.0429,2960327.0
1784332800000,0.04292,0.04315,0.04279,0.04313,2720523.0
1784347200000,0.04312,0.04315,0.04194,0.04258,8495075.0
1784361600000,0.04258,0.04295,0.04227,0.04257,3352659.0
1784376000000,0.04256,0.0427,0.04212,0.04224,3587818.0
1784390400000,0.04224,0.04294,0.04217,0.04262,5546366.0
1784404800000,0.04262,0.04333,0.04252,0.04287,5036572.0
1784419200000,0.04285,0.04328,0.04265,0.04302,4237175.0
1784433600000,0.04303,0.04378,0.04292,0.04376,4127671.0
1784448000000,0.04376,0.044,0.0429,0.04297,6056994.0
1784462400000,0.04299,0.04349,0.04273,0.04291,6652278.0
1784476800000,0.04291,0.04312,0.04216,0.04257,3350370.0
1784491200000,0.04257,0.04303,0.04243,0.04283,4286954.0
1784505600000,0.04281,0.04387,0.04257,0.04271,8369170.0
1784520000000,0.04271,0.04349,0.04234,0.04348,6629914.0
1784534400000,0.04349,0.04432,0.04307,0.04422,5129460.0
1784548800000,0.04421,0.04519,0.04348,0.04495,8897180.0
1784563200000,0.04495,0.04512,0.04418,0.04463,9106380.0
1784577600000,0.04466,0.04536,0.04414,0.04443,5883134.0
1784592000000,0.04443,0.04495,0.04434,0.04479,3611221.0
1784606400000,0.04481,0.04502,0.04445,0.04458,5505166.0
1784620800000,0.04458,0.0453,0.04439,0.0445,17239999.0
1784635200000,0.0445,0.04474,0.04427,0.04436,2579321.0
1784649600000,0.04435,0.04457,0.04401,0.04438,4386997.0
1784664000000,0.04439,0.04451,0.04423,0.04439,2205839.0
1784678400000,0.04438,0.04488,0.04393,0.04403,4465596.0
1784692800000,0.04403,0.04423,0.04352,0.04371,3385410.0
1784707200000,0.04371,0.04397,0.04365,0.04382,2637387.0
1784721600000,0.0438,0.04441,0.04333,0.04418,4785034.0
1784736000000,0.04419,0.04447,0.04395,0.04428,4051023.0
1784750400000,0.04427,0.04433,0.04365,0.04406,2570926.0
1784764800000,0.04406,0.04434,0.04373,0.04378,4786632.0
1784779200000,0.04378,0.04443,0.04374,0.04411,3165337.0
1784793600000,0.04411,0.04563,0.04402,0.04489,8702527.0
1784808000000,0.04488,0.04561,0.04397,0.04435,9514696.0
1784822400000,0.04436,0.04452,0.04348,0.04374,8414552.0
1784836800000,0.04373,0.04467,0.04361,0.04418,5441569.0
1784851200000,0.04418,0.04461,0.04385,0.04453,5969622.0
1784865600000,0.04453,0.04455,0.0441,0.04435,3539272.0
1784880000000,0.04433,0.04438,0.04344,0.04358,3361375.0
1784894400000,0.04358,0.0437,0.04172,0.0421,14759812.0
1784908800000,0.04209,0.04265,0.04195,0.04216,7672835.0
1784923200000,0.04218,0.04256,0.04178,0.04222,3487942.0
1784937600000,0.04223,0.04223,0.04158,0.04185,3974678.0
1784952000000,0.04186,0.04197,0.04151,0.0417,3145304.0
1784966400000,0.0417,0.04251,0.04161,0.04213,5367815.0
1784980800000,0.04214,0.04279,0.04201,0.04268,3025790.0
1784995200000,0.04268,0.04344,0.04263,0.04314,6844140.0
1785009600000,0.04316,0.04347,0.04289,0.04303,3581680.0
1785024000000,0.04303,0.04375,0.04294,0.04345,3277520.0
1785038400000,0.04346,0.04461,0.04326,0.04404,17297146.0
1785052800000,0.04406,0.04415,0.04338,0.04346,5695922.0
1785067200000,0.04351,0.04392,0.0432,0.04343,5533508.0
1785081600000,0.04345,0.04366,0.04292,0.043,3726848.0
1785096000000,0.043,0.0438,0.04288,0.04366,6453762.0
1785110400000,0.04365,0.04378,0.04341,0.04359,4179181.0
1785124800000,0.04358,0.04404,0.04326,0.04326,6441624.0
1785139200000,0.04327,0.04349,0.0431,0.04322,2677444.0
1785153600000,0.04324,0.04356,0.04167,0.04202,9658033.0
1785168000000,0.04203,0.04233,0.04161,0.04214,5019212.0
1785182400000,0.04216,0.04233,0.04059,0.04099,11160628.0
1785196800000,0.041,0.04151,0.04035,0.04113,8957250.0
1785211200000,0.04113,0.04177,0.041,0.04122,5631679.0
1785225600000,0.04121,0.04126,0.04079,0.04108,3039787.0
1785240000000,0.04107,0.04163,0.0403,0.04152,5827487.0
1785254400000,0.04152,0.04173,0.04094,0.04148,5254418.0
1785268800000,0.04149,0.04153,0.04095,0.0414,3010832.0
1785283200000,0.04141,0.04176,0.04046,0.04051,5750476.0
1785297600000,0.04051,0.04103,0.04028,0.04103,4415137.0
1785312000000,0.04102,0.0417,0.0407,0.04135,5870324.0
1785326400000,0.04134,0.04144,0.04079,0.04089,5238956.0
1785340800000,0.04088,0.04172,0.0406,0.04065,7745186.0
1785355200000,0.04065,0.04113,0.03987,0.04104,6255587.0
1785369600000,0.04104,0.04175,0.04095,0.04144,3657879.0
1785384000000,0.04144,0.04163,0.04116,0.04148,3203540.0
1785398400000,0.04149,0.04236,0.04137,0.04175,8411768.0
1785412800000,0.04175,0.04205,0.04153,0.04185,5120643.0
1785427200000,0.04184,0.04252,0.04179,0.04214,8657979.0
1785441600000,0.04214,0.04379,0.04203,0.04345,7865811.0
1785456000000,0.04347,0.04386,0.0421,0.04238,8681448.0
1785470400000,0.04237,0.04283,0.04211,0.04237,5985804.0
1785484800000,0.04237,0.04269,0.04225,0.04236,3412402.0
1785499200000,0.04238,0.04417,0.04173,0.04375,16289105.0
1785513600000,0.04376,0.04463,0.04309,0.04328,14075657.0
1785528000000,0.04328,0.04346,0.04304,0.04338,2374517.0
1785542400000,0.0434,0.0443,0.04336,0.04345,5844004.0
1785556800000,0.04345,0.04383,0.04322,0.04342,4095392.0
1785571200000,0.04342,0.04385,0.04322,0.0433,2289060.0
1785585600000,0.04333,0.04371,0.04307,0.04317,3176278.0
1785600000000,0.04318,0.04339,0.042,0.04242,6888827.0
1785614400000,0.04242,0.04292,0.04235,0.0426,1793335.0
1785628800000,0.0426,0.04358,0.04255,0.04348,3551370.0
1785643200000,0.0435,0.04455,0.04341,0.0445,6070544.0
1785657600000,0.04451,0.04512,0.04409,0.04466,6389968.0
1785672000000,0.04467,0.04516,0.0442,0.04427,4953156.0
1785686400000,0.04427,0.04452,0.04397,0.04419,4803142.0
1785700800000,0.0442,0.04483,0.04411,0.04452,4759154.0
1785715200000,0.04451,0.04459,0.04346,0.04372,4647876.0
1785729600000,0.04372,0.04419,0.0435,0.04357,2568770.0
1785744000000,0.04357,0.04434,0.04333,0.04393,1937613.0
1785758400000,0.04394,0.04571,0.0438,0.04532,8752227.0
1785772800000,0.04532,0.04552,0.04473,0.04512,4873157.0
1785787200000,0.04512,0.04528,0.04492,0.04509,2577904.0
1785801600000,0.04509,0.04616,0.04504,0.04542,7242474.0
1785816000000,0.0454,0.04551,0.04439,0.04456,4070191.0
1785830400000,0.04456,0.04483,0.04423,0.04468,4417040.0
1785844800000,0.04468,0.04526,0.04455,0.04521,6101794.0
1785859200000,0.04522,0.04601,0.0448,0.04568,6555458.0
1785873600000,0.0457,0.0457,0.04503,0.04505,3804113.0
1785888000000,0.04504,0.04526,0.04466,0.04484,4625399.0
1785902400000,0.04483,0.0453,0.04474,0.04501,3361143.0
1785916800000,0.04501,0.04531,0.04478,0.04482,2837319.0
1785931200000,0.04482,0.0455,0.04432,0.04436,7135841.0
1785945600000,0.04435,0.04501,0.04432,0.04453,2959622.0
1785960000000,0.04452,0.04467,0.04411,0.04434,2403294.0
1785974400000,0.04435,0.04603,0.04396,0.04407,17399969.0
1785988800000,0.04408,0.04463,0.04401,0.04418,4115297.0
1786003200000,0.04418,0.04433,0.04326,0.04342,7710312.0
1786017600000,0.04343,0.04383,0.04308,0.04334,10254985.0
1786032000000,0.04335,0.04365,0.04302,0.04327,4590264.0
1786046400000,0.04326,0.04352,0.04278,0.04309,4640934.0
1786060800000,0.04309,0.04344,0.04301,0.04305,4046038.0
1786075200000,0.04305,0.04329,0.04264,0.04312,3061867.0
1786089600000,0.04313,0.04347,0.04274,0.04287,4691100.0
1786104000000,0.04287,0.04326,0.04246,0.04269,4553966.0
1786118400000,0.04269,0.04286,0.04217,0.04239,3257199.0
1786132800000,0.0424,0.04274,0.04236,0.04266,2093219.0
1786147200000,0.04267,0.04318,0.04266,0.04316,1398089.0
1786161600000,0.04318,0.04334,0.04287,0.04303,1979933.0
1786176000000,0.04302,0.04316,0.04273,0.04286,1545398.0
1786190400000,0.04286,0.04431,0.04276,0.04427,7306855.0
1786204800000,0.04427,0.0445,0.04342,0.04349,6735230.0
1786219200000,0.04349,0.04362,0.04322,0.04336,2530455.0
1786233600000,0.04336,0.04372,0.0431,0.04345,2814748.0
1786248000000,0.04345,0.04396,0.04333,0.0438,4130161.0
1786262400000,0.0438,0.04432,0.04359,0.04384,3704262.0
1786276800000,0.04383,0.0445,0.04357,0.04442,3842724.0
1786291200000,0.04444,0.04596,0.04423,0.04536,10046586.0
1786305600000,0.04536,0.04633,0.04418,0.04439,9289432.0
1786320000000,0.04441,0.0454,0.04429,0.04436,6449423.0
1786334400000,0.04438,0.04473,0.0441,0.04454,5299125.0
1786348800000,0.04454,0.04497,0.04419,0.04475,3974788.0
1786363200000,0.04476,0.04479,0.04331,0.04337,7260896.0
1786377600000,0.04336,0.04385,0.04321,0.04326,5866154.0
1786392000000,0.04326,0.04345,0.04262,0.04292,3406227.0
1786406400000,0.04293,0.04325,0.0428,0.04301,2210415.0
1786420800000,0.043,0.04316,0.04241,0.04242,3913699.0
1786435200000,0.04241,0.04288,0.04194,0.04259,7211272.0
1786449600000,0.04259,0.04262,0.04115,0.04158,8644685.0
1786464000000,0.04157,0.04198,0.04151,0.04195,3907867.0
1786478400000,0.04194,0.04241,0.04183,0.04202,2877634.0
1786492800000,0.042,0.04272,0.04193,0.0425,4332216.0
1786507200000,0.0425,0.04278,0.04215,0.04242,2878771.0
1786521600000,0.0424,0.04252,0.04206,0.04236,3290320.0
1786536000000,0.04237,0.04285,0.04172,0.04172,6920358.0
1786550400000,0.04173,0.04199,0.04124,0.04143,5488860.0
1786564800000,0.04143,0.04173,0.04114,0.04133,4967539.0
1786579200000,0.04134,0.0422,0.04128,0.04219,2833166.0
1786593600000,0.04219,0.0424,0.04192,0.04206,2645724.0
1786608000000,0.04207,0.04258,0.04192,0.0422,3466841.0
1786622400000,0.0422,0.0423,0.04145,0.04152,4581626.0
1786636800000,0.04151,0.04182,0.04102,0.04174,4871772.0
1786651200000,0.04174,0.04257,0.04167,0.04216,4002740.0
1786665600000,0.04215,0.04224,0.04174,0.04179,2530053.0
1786680000000,0.0418,0.04248,0.0414,0.0414,6419816.0
1786694400000,0.04141,0.04157,0.04112,0.04121,4055678.0
1786708800000,0.04121,0.04167,0.04111,0.04162,3814536.0
1786723200000,0.04164,0.0422,0.04158,0.04215,4573718.0
1786737600000,0.04217,0.04242,0.04185,0.04241,2621612.0
1786752000000,0.04242,0.04265,0.0422,0.04235,2832349.0
1786766400000,0.04234,0.04299,0.0423,0.04255,4532327.0
1786780800000,0.04255,0.04274,0.04224,0.04239,2710505.0
1786795200000,0.0424,0.04256,0.04224,0.04247,1518421.0
1786809600000,0.04248,0.04285,0.04241,0.04258,2498836.0
1786824000000,0.04258,0.0428,0.04226,0.04228,2933575.0
1786838400000,0.0423,0.04251,0.04214,0.04237,1689753.0
1786852800000,0.04238,0.04255,0.04217,0.04244,2275692.0
1786867200000,0.04244,0.0428,0.04228,0.0426,2630772.0
1786881600000,0.04257,0.04278,0.04247,0.04256,2596878.0
1786896000000,0.04258,0.04268,0.0422,0.04224,1587393.0
1786910400000,0.04225,0.04225,0.04135,0.04156,4482654.0
1786924800000,0.04155,0.04209,0.04147,0.04202,2672552.0
1786939200000,0.042,0.0421,0.04182,0.04185,1894490.0
1786953600000,0.04185,0.04191,0.04143,0.04168,3131602.0
1786968000000,0.04168,0.04199,0.0415,0.04181,6407687.0
1786982400000,0.04181,0.04214,0.04126,0.04131,6116751.0
1786996800000,0.0413,0.04134,0.04094,0.04117,4196186.0
1787011200000,0.04117,0.04119,0.04023,0.04065,8203481.0
1787025600000,0.04065,0.0415,0.04049,0.04123,4626287.0
1787040000000,0.04121,0.04144,0.04109,0.04127,3129097.0
1787054400000,0.04128,0.04169,0.04107,0.04137,5312080.0
1787068800000,0.04138,0.04145,0.04079,0.04082,4574350.0
1787083200000,0.04083,0.0412,0.04062,0.04106,2333469.0
1787097600000,0.04106,0.04111,0.04076,0.04096,2599357.0
1787112000000,0.04096,0.04107,0.04058,0.04094,2494059.0
1787126400000,0.04094,0.04129,0.04086,0.041,2838507.0
1787140800000,0.041,0.04297,0.04098,0.04216,13705791.0
1787155200000,0.04217,0.04245,0.04195,0.04221,9711841.0
1787169600000,0.04223,0.04411,0.04216,0.04321,13004934.0
1787184000000,0.0432,0.04408,0.0427,0.04294,10524850.0
1787198400000,0.04293,0.04363,0.04287,0.04356,9819090.0
1787212800000,0.04356,0.04523,0.04347,0.04495,17224534.0
1787227200000,0.04496,0.04702,0.04431,0.04649,25566371.0
1787241600000,0.04649,0.04783,0.04582,0.0463,19849339.0
1787256000000,0.04634,0.04738,0.04625,0.04696,6787276.0
1787270400000,0.04695,0.04798,0.04646,0.04682,15304747.0
1787284800000,0.04687,0.0487,0.04674,0.04847,17748630.0
1787299200000,0.04849,0.04967,0.04763,0.04887,21764096.0
1787313600000,0.04887,0.05107,0.04883,0.05028,17295501.0
1787328000000,0.05029,0.05286,0.04947,0.05086,30059902.0
1787342400000,0.05088,0.05304,0.05061,0.05292,17731123.0
1787356800000,0.05293,0.05811,0.05204,0.05767,33784122.0
1787371200000,0.05769,0.06095,0.04863,0.05533,69172267.0
1787385600000,0.05534,0.05729,0.05432,0.05585,31271318.0
