timestamp,open,high,low,close,volume
1595203200000,1.85,2.002,1.427,1.655,4490992.467
1595289600000,1.658,1.749,1.373,1.655,7598127.259
1595376000000,1.653,1.782,1.481,1.536,6040926.1
1595462400000,1.537,1.677,1.505,1.632,4887930.609
1595548800000,1.632,2.13,1.576,2.033,17257814.177
1595635200000,2.03,2.281,1.921,1.996,10344600.33
1595721600000,1.998,2.062,1.805,1.902,8129180.419
1595808000000,1.904,1.962,1.257,1.512,22773081.975
1595894400000,1.516,1.729,1.441,1.613,13083637.711
1595980800000,1.614,1.756,1.498,1.567,9028484.824
1596067200000,1.568,1.619,1.51,1.52,6720048.358
1596153600000,1.52,1.857,1.515,1.759,16464194.334
1596240000000,1.758,1.939,1.603,1.632,18700653.572
1596326400000,1.633,1.79,1.4,1.735,16326248.515
1596412800000,1.735,1.95,1.672,1.931,15503435.267
1596499200000,1.925,2.088,1.74,1.849,21127037.647
1596585600000,1.849,1.941,1.734,1.783,24295384.509
1596672000000,1.784,1.951,1.76,1.923,15398601.679
1596758400000,1.923,1.947,1.756,1.839,17505186.397
1596844800000,1.838,2.19,1.812,2.146,25454558.152
1596931200000,2.146,2.56,2.052,2.346,37822129.579
1597017600000,2.345,2.705,2.293,2.532,27401557.265
1597104000000,2.532,3.253,2.388,3.155,38099114.803
1597190400000,3.158,3.88,2.991,3.831,21172408.575
1597276800000,3.83,5.0,3.65,4.322,36534445.907
1597363200000,4.32,4.458,3.502,3.715,24432221.699
1597449600000,3.716,3.93,3.31,3.332,19846382.772
1597536000000,3.335,3.704,3.208,3.414,23384857.311
1597622400000,3.413,3.5,3.0,3.103,21703533.874
1597708800000,3.102,4.07,2.916,3.607,38113271.529
1597795200000,3.613,3.797,2.84,3.09,35890590.153
1597881600000,3.091,3.55,3.081,3.198,27075169.457
1597968000000,3.194,3.272,2.54,2.623,39890999.245
1598054400000,2.623,2.875,2.3,2.795,36176960.522
1598140800000,2.797,2.956,2.51,2.853,19467585.544
1598227200000,2.852,3.131,2.701,2.935,21675894.486
1598313600000,2.936,2.98,2.455,2.636,21664602.242
1598400000000,2.637,2.944,2.55,2.859,19244905.697
1598486400000,2.861,3.085,2.557,2.765,27004956.663
1598572800000,2.765,3.03,2.725,2.912,18412860.435
1598659200000,2.909,3.26,2.87,3.032,21130285.127
1598745600000,3.032,3.217,2.86,2.941,18740181.116
1598832000000,2.94,3.1,2.81,2.848,19188182.582
1598918400000,2.851,2.98,2.55,2.57,24114796.217
1599004800000,2.57,2.724,2.011,2.373,30387412.142
1599091200000,2.373,2.422,1.75,1.814,33618421.571
1599177600000,1.813,2.18,1.758,2.036,35321316.389
1599264000000,2.036,2.095,1.519,1.675,38428364.164
1599350400000,1.672,1.953,1.53,1.797,29520658.949
1599436800000,1.797,1.853,1.56,1.752,24006309.767
1599523200000,1.755,1.806,1.579,1.655,17968361.41
1599609600000,1.655,1.88,1.622,1.788,18377846.573
1599696000000,1.788,1.95,1.759,1.779,19614028.473
1599782400000,1.779,1.817,1.67,1.789,10319126.302
1599868800000,1.793,1.873,1.712,1.829,18034499.813
1599955200000,1.831,1.924,1.671,1.726,23385036.894
1600041600000,1.728,1.98,1.617,1.863,32154413.013
1600128000000,1.861,1.9,1.58,1.622,24082166.17
1600214400000,1.624,1.626,1.458,1.515,16162325.874
1600300800000,1.515,1.61,1.422,1.507,13125500.824
1600387200000,1.506,1.691,1.464,1.541,19678732.511
1600473600000,1.541,1.657,1.479,1.58,12297894.646
1600560000000,1.581,1.639,1.481,1.53,10552128.559
1600646400000,1.531,1.566,1.212,1.268,23508121.738
1600732800000,1.269,1.347,1.2,1.269,24005057.532
1600819200000,1.269,1.289,1.042,1.079,25278380.232
1600905600000,1.08,1.245,1.036,1.234,19206143.407
1600992000000,1.232,1.32,1.125,1.26,15805473.889
1601078400000,1.263,1.383,1.252,1.344,14191942.779
1601164800000,1.343,1.8,1.261,1.689,48961065.185
1601251200000,1.69,1.86,1.515,1.575,54963592.426
1601337600000,1.574,1.678,1.523,1.594,20996704.665
1601424000000,1.595,1.77,1.55,1.743,17852072.342
1601510400000,1.745,1.788,1.463,1.551,26717553.386
1601596800000,1.549,1.566,1.349,1.406,24915256.05
1601683200000,1.405,1.468,1.376,1.381,8206428.297
1601769600000,1.38,1.398,1.298,1.363,8433737.171
1601856000000,1.362,1.45,1.312,1.367,11476489.757
1601942400000,1.369,1.37,1.128,1.156,29568469.636
1602028800000,1.155,1.2,1.065,1.186,18504154.711
1602115200000,1.187,1.34,1.116,1.315,20112304.408
1602201600000,1.313,1.385,1.265,1.358,13800274.388
1602288000000,1.357,1.414,1.255,1.284,16349385.326
1602374400000,1.284,1.354,1.253,1.304,10850044.771
1602460800000,1.306,1.354,1.246,1.302,18665714.7
1602547200000,1.304,1.31,1.235,1.261,9359530.278
1602633600000,1.262,1.274,1.175,1.206,10363379.496
1602720000000,1.205,1.303,1.178,1.211,13681109.786
1602806400000,1.211,1.24,1.154,1.186,8705844.803
1602892800000,1.188,1.234,1.168,1.207,9625172.531
1602979200000,1.205,1.236,1.2,1.223,6669010.787
1603065600000,1.223,1.225,1.179,1.192,5726970.65
1603152000000,1.194,1.199,1.085,1.129,14771783.684
1603238400000,1.129,1.21,1.077,1.155,22743282.827
1603324800000,1.154,1.2,1.133,1.166,12044715.089
1603411200000,1.165,1.185,1.096,1.128,12231090.491
1603497600000,1.128,1.145,1.101,1.12,6074283.898
1603584000000,1.12,1.123,1.08,1.085,6178700.953
1603670400000,1.086,1.09,0.909,1.012,28813413.771
1603756800000,1.011,1.049,0.93,1.001,16887517.196
1603843200000,1.001,1.004,0.842,0.865,18647980.891
1603929600000,0.866,0.895,0.796,0.872,30001877.825
1604016000000,0.871,0.9,0.785,0.842,21707523.704
1604102400000,0.841,0.885,0.815,0.823,12366354.044
1604188800000,0.823,0.843,0.806,0.829,10396527.129
1604275200000,0.83,0.886,0.798,0.807,23412370.145
1604361600000,0.807,0.816,0.715,0.769,19552468.899
1604448000000,0.769,0.79,0.724,0.769,9582524.446
1604534400000,0.77,0.855,0.767,0.81,16826114.575
1604620800000,0.812,0.952,0.808,0.952,19254465.112
1604707200000,0.952,1.182,0.907,1.001,53953532.533
1604793600000,1.001,1.067,0.94,0.984,26831336.426
1604880000000,0.983,1.007,0.885,0.954,24227929.397
1604966400000,0.954,1.045,0.932,1.015,20878850.152
1605052800000,1.015,1.039,0.947,0.952,18509253.626
1605139200000,0.952,0.956,0.886,0.902,12050740.783
1605225600000,0.902,0.998,0.899,0.948,19675525.705
1605312000000,0.948,0.977,0.886,0.935,15885585.863
1605398400000,0.936,0.995,0.89,0.919,24362534.48
1605484800000,0.919,1.045,0.904,1.032,30152434.681
1605571200000,1.032,1.151,1.003,1.049,29483528.69
1605657600000,1.049,1.075,0.93,0.978,26027593.818
1605744000000,0.978,0.985,0.921,0.953,17646646.283
1605830400000,0.954,1.028,0.95,0.98,19932759.912
1605916800000,0.979,1.16,0.977,1.132,37870149.641
1606003200000,1.133,1.157,0.992,1.034,33445245.758
1606089600000,1.032,1.157,1.018,1.139,35178879.698
1606176000000,1.139,1.249,1.045,1.174,56420547.357
1606262400000,1.173,1.284,1.07,1.118,49414100.327
1606348800000,1.118,1.16,0.8,0.953,91767139.658
1606435200000,0.953,1.035,0.912,0.969,27265658.633
1606521600000,0.969,1.003,0.916,0.961,21932126.991
1606608000000,0.962,0.97,0.923,0.946,13362966.162
1606694400000,0.947,1.049,0.914,0.979,87820704.405
1606780800000,0.98,1.037,0.926,0.942,33014501.808
1606867200000,0.942,0.987,0.916,0.967,20944235.589
1606953600000,0.966,0.978,0.946,0.961,12115944.982
1607040000000,0.962,0.968,0.86,0.871,16323880.411
1607126400000,0.871,0.924,0.85,0.92,8746110.639
1607212800000,0.92,0.933,0.883,0.908,8443625.393
1607299200000,0.908,0.928,0.888,0.912,9772522.797
1607385600000,0.913,0.921,0.829,0.853,13069802.102
1607472000000,0.853,0.865,0.785,0.856,19729780.327
1607558400000,0.856,0.865,0.824,0.841,8271755.943
1607644800000,0.842,0.844,0.795,0.804,10136598.038
1607731200000,0.805,0.874,0.804,0.864,8292564.395
1607817600000,0.864,0.87,0.819,0.853,16447190.667
1607904000000,0.852,0.861,0.82,0.858,10132871.092
1607990400000,0.858,0.954,0.843,0.935,19166546.845
1608076800000,0.935,0.958,0.891,0.936,22832323.657
1608163200000,0.935,0.986,0.896,0.921,27240744.116
1608249600000,0.921,0.94,0.897,0.928,11937602.009
1608336000000,0.929,0.959,0.921,0.931,10572676.587
1608422400000,0.93,0.95,0.89,0.912,11677598.836
1608508800000,0.911,0.925,0.82,0.853,12666236.677
1608595200000,0.854,0.862,0.805,0.838,12725497.544
1608681600000,0.839,0.852,0.558,0.622,42175834.011
1608768000000,0.623,0.73,0.591,0.728,25097647.161
1608854400000,0.727,0.758,0.675,0.71,16228972.157
1608940800000,0.71,0.74,0.651,0.69,13397196.326
1609027200000,0.689,0.721,0.643,0.672,23110088.154
1609113600000,0.672,0.718,0.655,0.67,16392144.537
1609200000000,0.671,0.68,0.603,0.638,19814088.132
1609286400000,0.639,0.687,0.632,0.674,13872349.044
1609372800000,0.675,0.744,0.643,0.742,14772678.284
1609459200000,0.741,0.771,0.675,0.712,17088286.156
1609545600000,0.712,0.76,0.685,0.746,16530728.999
1609632000000,0.747,0.832,0.729,0.772,57275490.264
1609718400000,0.773,0.915,0.675,0.731,63690044.793
1609804800000,0.732,0.776,0.692,0.758,28254693.931
1609891200000,0.758,0.847,0.718,0.826,41055165.947
1609977600000,0.825,0.941,0.762,0.872,58328757.63
1610064000000,0.871,0.987,0.776,0.984,67738412.628
1610150400000,0.979,1.119,0.949,1.041,60666860.265
1610236800000,1.042,1.182,0.888,1.012,58974332.365
1610323200000,1.012,1.018,0.737,0.847,56297408.069
1610409600000,0.846,0.897,0.791,0.811,28907440.347
1610496000000,0.81,0.91,0.777,0.883,34830239.441
1610582400000,0.885,0.908,0.84,0.881,28244505.503
1610668800000,0.88,0.997,0.809,0.904,48856196.824
1610755200000,0.904,1.01,0.9,0.953,38250350.575
1610841600000,0.954,1.048,0.894,1.029,40918729.616
1610928000000,1.029,1.155,0.95,1.15,56933186.016
1611014400000,1.149,1.159,0.974,1.007,48427082.461
1611100800000,1.007,1.038,0.923,1.019,46550415.215
1611187200000,1.018,1.024,0.821,0.849,43769465.16
1611273600000,0.848,0.942,0.802,0.889,35265778.222
1611360000000,0.889,1.035,0.873,0.98,49497879.782
1611446400000,0.98,1.047,0.965,0.991,32602974.303
1611532800000,0.991,1.108,0.954,0.977,56571647.786
1611619200000,0.978,1.054,0.942,1.028,46147656.172
1611705600000,1.028,1.383,1.025,1.256,164586314.296
1611792000000,1.257,1.369,1.201,1.21,89829035.57
1611878400000,1.21,1.33,1.1,1.235,84420362.605
1611964800000,1.236,1.359,1.17,1.25,63553750.737
1612051200000,1.251,1.468,1.251,1.356,77268812.163
1612137600000,1.356,1.417,1.22,1.275,56975564.722
1612224000000,1.275,1.393,1.203,1.32,53685108.02
1612310400000,1.321,1.56,1.315,1.53,67525517.66
1612396800000,1.53,1.865,1.323,1.726,115470655.735
1612483200000,1.726,1.941,1.691,1.769,68896769.882
1612569600000,1.768,1.829,1.577,1.753,62443616.139
1612656000000,1.752,2.171,1.733,1.99,107555077.377
1612742400000,1.99,2.439,1.973,2.214,90913548.563
1612828800000,2.215,2.57,2.14,2.428,59807999.336
1612915200000,2.427,2.733,2.098,2.357,83114209.8
1613001600000,2.357,2.96,2.356,2.62,81013089.059
1613088000000,2.618,2.985,2.61,2.821,45174253.923
1613174400000,2.821,2.925,2.47,2.702,39272611.323
1613260800000,2.703,2.728,2.167,2.312,77520793.334
1613347200000,2.317,2.418,1.81,2.198,89829331.384
1613433600000,2.198,2.41,2.1,2.226,43923543.329
1613520000000,2.226,2.6,1.988,2.477,51354524.026
1613606400000,2.477,3.18,2.378,3.121,90631819.538
1613692800000,3.121,3.79,2.91,3.482,97143961.99
1613779200000,3.485,3.754,2.611,3.022,78582523.938
1613865600000,3.017,3.39,2.907,3.093,65274885.464
1613952000000,3.094,3.112,2.3,2.832,87275617.59
1614038400000,2.83,2.846,1.704,2.29,120488919.383
1614124800000,2.285,2.548,2.108,2.302,81142587.701
1614211200000,2.303,2.742,2.234,2.275,73971400.738
1614297600000,2.275,2.435,2.019,2.231,74205930.093
1614384000000,2.229,2.371,2.162,2.224,40779164.077
1614470400000,2.224,2.247,1.82,1.991,59057796.692
1614556800000,1.991,2.265,1.959,2.246,44149419.225
1614643200000,2.245,2.382,2.103,2.231,45620523.47
1614729600000,2.232,2.77,2.199,2.608,62334079.303
1614816000000,2.609,2.738,2.287,2.435,63061767.059
1614902400000,2.432,2.435,2.222,2.383,38886574.144
1614988800000,2.383,2.43,2.25,2.379,22395793.101
1615075200000,2.378,2.722,2.375,2.59,41573297.714
1615161600000,2.592,2.986,2.515,2.863,57591807.536
1615248000000,2.864,3.14,2.801,2.995,48757847.956
1615334400000,2.997,3.417,2.766,3.14,70768179.516
1615420800000,3.139,3.78,3.03,3.419,86655147.002
1615507200000,3.418,3.68,3.063,3.276,66414379.626
1615593600000,3.281,3.284,2.917,3.039,57758348.643
1615680000000,3.041,3.35,2.826,3.033,68464210.289
1615766400000,3.035,3.224,2.755,2.875,52412492.48
1615852800000,2.875,3.288,2.7,3.155,56665861.537
1615939200000,3.156,3.288,2.956,3.218,38151607.045
1616025600000,3.218,3.517,3.147,3.36,44434976.981
1616112000000,3.362,3.98,3.22,3.973,59199291.734
1616198400000,3.973,4.14,3.547,3.569,51985350.968
1616284800000,3.57,3.957,3.427,3.824,47468640.63
1616371200000,3.818,3.994,3.356,3.383,45325571.85
1616457600000,3.381,3.507,3.141,3.261,44277804.609
1616544000000,3.259,3.505,2.666,2.876,57424611.732
1616630400000,2.877,2.927,2.601,2.771,59276113.747
1616716800000,2.767,3.118,2.764,3.044,35673602.175
1616803200000,3.044,3.18,2.903,3.162,32761324.127
1616889600000,3.162,3.335,2.999,3.104,34170761.715
1616976000000,3.103,3.32,3.038,3.295,25922381.125
1617062400000,3.296,3.763,3.238,3.643,44550418.273
1617148800000,3.642,3.758,3.236,3.496,37452121.149
1617235200000,3.496,3.818,3.41,3.668,35387368.438
1617321600000,3.668,3.79,3.567,3.734,25283797.543
1617408000000,3.733,3.895,3.368,3.376,32437801.249
1617494400000,3.376,4.47,3.292,4.458,64397874.756
1617580800000,4.459,5.38,4.101,4.72,85314351.519
1617667200000,4.721,5.006,4.214,4.637,60523224.691
1617753600000,4.636,4.85,3.837,4.083,59385783.269
1617840000000,4.084,4.903,4.021,4.669,47480894.359
1617926400000,4.667,4.93,4.469,4.77,36323951.166
1618012800000,4.771,5.507,4.718,5.179,62857462.155
1618099200000,5.181,5.3,4.77,5.03,33173501.088
1618185600000,5.032,5.201,4.577,4.736,37102077.71
1618272000000,4.737,4.863,4.424,4.619,37805719.493
1618358400000,4.62,4.977,4.32,4.517,48320891.047
1618444800000,4.517,4.898,4.362,4.693,42919925.943
1618531200000,4.694,5.116,4.469,4.883,57389332.594
1618617600000,4.885,5.14,4.57,4.626,36461484.479
1618704000000,4.627,4.676,3.012,4.115,86884665.69
1618790400000,4.112,4.336,3.524,3.657,54186833.842
1618876800000,3.657,3.99,3.212,3.866,61407192.096
1618963200000,3.861,4.18,3.605,3.73,58796257.843
1619049600000,3.73,4.123,3.158,3.422,77586608.702
1619136000000,3.422,3.525,2.65,3.145,101235578.979
1619222400000,3.144,3.168,2.75,3.015,57827082.912
1619308800000,3.016,3.309,2.7,2.935,62180366.242
1619395200000,2.937,3.755,2.9,3.622,80268483.748
1619481600000,3.622,4.16,3.544,4.118,58000006.025
1619568000000,4.116,4.406,3.681,4.138,78445520.278
1619654400000,4.138,4.884,3.971,4.619,108498372.486
1619740800000,4.619,5.3,4.436,5.247,73262820.888
1619827200000,5.247,5.62,4.959,5.075,74818271.852
1619913600000,5.075,5.55,4.629,5.451,66019437.012
1620000000000,5.45,5.87,5.218,5.469,75605961.813
1620086400000,5.468,5.555,4.69,4.707,93346558.631
1620172800000,4.709,5.2,4.56,5.046,65969846.295
1620259200000,5.047,5.3,4.7,4.896,59297290.822
1620345600000,4.895,5.099,4.581,4.816,46722474.263
1620432000000,4.816,5.095,4.738,4.84,36698446.675
1620518400000,4.841,5.183,4.6,5.077,41321591.434
1620604800000,5.077,5.258,4.01,4.415,61675347.609
1620691200000,4.413,4.8,4.305,4.776,41844714.449
1620777600000,4.774,4.998,3.78,3.962,53464248.357
1620864000000,3.937,4.291,3.577,3.963,68281545.889
1620950400000,3.957,4.228,3.903,4.069,35207707.058
1621036800000,4.068,4.155,3.653,3.688,40175304.711
1621123200000,3.69,4.13,3.51,3.804,45159361.217
1621209600000,3.807,3.94,3.264,3.699,63355309.281
1621296000000,3.7,4.08,3.625,3.821,51891519.32
1621382400000,3.822,3.888,1.727,1.968,173676308.793
1621468800000,1.968,2.779,1.754,2.589,121069733.834
1621555200000,2.588,2.74,1.853,2.228,97325496.757
1621641600000,2.23,2.355,1.949,2.016,69168154.239
1621728000000,2.016,2.115,1.34,1.684,95524668.219
1621814400000,1.684,2.211,1.63,2.141,82451520.71
1621900800000,2.142,2.227,1.886,2.221,59164028.961
1621987200000,2.22,2.46,2.202,2.446,64705723.943
1622073600000,2.446,2.494,2.131,2.269,47155859.49
1622160000000,2.272,2.308,1.912,2.004,58775897.38
1622246400000,2.005,2.111,1.754,1.865,44617691.316
1622332800000,1.867,2.162,1.74,1.961,46603200.352
1622419200000,1.962,2.14,1.851,2.115,45288064.641
1622505600000,2.116,2.154,1.971,2.042,37504550.888
1622592000000,2.041,2.266,2.003,2.178,40713081.906
1622678400000,2.179,2.397,2.112,2.329,36471186.599
1622764800000,2.329,2.334,1.946,2.083,50108737.782
1622851200000,2.083,2.211,1.924,2.017,37622753.348
1622937600000,2.017,2.169,1.994,2.139,28587240.123
1623024000000,2.139,2.249,1.892,1.923,40468535.178
1623110400000,1.922,1.971,1.721,1.897,47665909.292
1623196800000,1.898,2.047,1.789,2.022,43961426.977
1623283200000,2.022,2.036,1.819,1.869,35091382.887
1623369600000,1.869,1.91,1.711,1.749,26155128.456
1623456000000,1.75,1.754,1.603,1.692,32281616.665
1623542400000,1.692,1.946,1.67,1.913,30946422.538
1623628800000,1.914,2.081,1.874,2.078,35617721.36
1623715200000,2.079,2.232,2.014,2.183,40096476.834
1623801600000,2.182,2.428,2.116,2.325,65497288.909
1623888000000,2.324,2.373,2.139,2.23,33400988.258
1623974400000,2.23,2.231,1.931,2.064,35862124.007
1624060800000,2.064,2.285,2.014,2.065,37265381.524
1624147200000,2.065,2.258,1.954,2.196,40729060.126
1624233600000,2.197,2.224,1.82,1.828,73456819.465
1624320000000,1.828,1.952,1.45,1.686,86294043.073
1624406400000,1.685,1.982,1.612,1.873,53565941.787
1624492800000,1.873,1.956,1.775,1.913,32446961.703
1624579200000,1.914,1.944,1.685,1.703,38609441.971
1624665600000,1.703,1.786,1.636,1.742,28751994.48
1624752000000,1.743,1.869,1.718,1.867,26758947.675
1624838400000,1.867,1.932,1.819,1.893,20433947.344
1624924800000,1.895,2.065,1.887,2.021,28139157.946
1625011200000,2.022,2.085,1.854,2.025,28924182.147
1625097600000,2.026,2.028,1.857,1.899,19674287.768
1625184000000,1.901,1.935,1.794,1.887,17627466.697
1625270400000,1.887,1.963,1.853,1.938,11804000.222
1625356800000,1.938,2.075,1.903,2.022,14934952.199
1625443200000,2.021,2.035,1.892,1.948,18649206.324
1625529600000,1.948,2.129,1.947,2.095,26943431.205
1625616000000,2.095,2.21,2.06,2.098,23957660.104
1625702400000,2.098,2.108,1.901,1.931,21764042.671
1625788800000,1.933,2.006,1.837,1.949,16156076.649
1625875200000,1.948,1.987,1.878,1.914,11601894.296
1625961600000,1.914,1.961,1.879,1.952,7465630.661
1626048000000,1.952,1.974,1.861,1.904,10062226.651
1626134400000,1.904,1.911,1.791,1.832,12022935.556
1626220800000,1.833,1.848,1.725,1.831,11915816.026
1626307200000,1.829,1.85,1.704,1.731,15800497.823
1626393600000,1.732,1.77,1.635,1.656,13327705.947
1626480000000,1.656,1.713,1.627,1.677,10326005.645
1626566400000,1.677,1.74,1.672,1.709,7481261.817
1626652800000,1.709,1.717,1.543,1.554,17583591.051
1626739200000,1.554,1.575,1.398,1.43,26733824.039
1626825600000,1.43,1.586,1.368,1.529,25914904.542
1626912000000,1.529,1.568,1.493,1.552,20713719.584
1626998400000,1.552,1.597,1.493,1.59,20251835.379
1627084800000,1.59,1.677,1.57,1.63,19404317.98
1627171200000,1.63,1.65,1.555,1.64,12836293.781
1627257600000,1.641,1.845,1.626,1.675,35961520.417
1627344000000,1.675,1.778,1.63,1.764,22559422.07
1627430400000,1.764,1.861,1.724,1.817,25494902.229
1627516800000,1.817,2.045,1.778,1.995,30017276.237
1627603200000,1.995,2.064,1.868,2.056,20296856.542
1627689600000,2.056,2.207,1.997,2.154,20050420.388
1627776000000,2.154,2.287,2.065,2.099,19132846.698
1627862400000,2.1,2.519,2.1,2.229,38577635.785
1627948800000,2.229,2.248,2.09,2.17,15642891.914
1628035200000,2.17,2.325,2.134,2.286,12961549.309
1628121600000,2.286,2.38,2.234,2.341,17994714.211
1628208000000,2.341,2.637,2.3,2.581,24013658.506
1628294400000,2.582,2.693,2.525,2.615,23860364.284
1628380800000,2.617,2.662,2.414,2.472,18578873.699
1628467200000,2.471,3.07,2.426,2.971,40892362.977
1628553600000,2.969,3.131,2.868,3.058,24058211.024
1628640000000,3.059,3.422,3.037,3.222,22136597.961
1628726400000,3.222,3.355,3.004,3.285,20102959.691
1628812800000,3.283,3.59,3.239,3.578,17062407.807
1628899200000,3.578,3.583,3.375,3.468,13999671.5
1628985600000,3.468,3.479,3.316,3.463,12760649.446
1629072000000,3.462,3.577,3.155,3.248,16020689.739
1629158400000,3.25,3.37,2.983,3.018,18509972.296
1629244800000,3.018,3.28,2.812,3.159,18240034.136
1629331200000,3.159,3.619,3.06,3.604,19405262.602
1629417600000,3.605,3.777,3.481,3.712,16031425.674
1629504000000,3.714,3.818,3.543,3.755,12985439.788
1629590400000,3.755,3.808,3.512,3.692,11721487.921
1629676800000,3.691,3.931,3.6,3.801,14179819.521
1629763200000,3.8,4.2,3.701,3.869,32622642.125
1629849600000,3.869,4.58,3.866,3.98,40894366.382
1629936000000,3.98,4.023,3.611,3.727,14582963.432
1630022400000,3.727,4.029,3.623,4.001,14378741.59
1630108800000,4.004,4.069,3.814,3.852,7740228.942
1630195200000,3.852,3.893,3.654,3.726,11506086.0
1630281600000,3.728,3.758,3.465,3.515,14696569.746
1630368000000,3.515,3.68,3.439,3.517,15040561.195
1630454400000,3.515,3.75,3.448,3.673,12382844.2
1630540800000,3.674,3.803,3.614,3.623,13312980.4
1630627200000,3.625,3.78,3.521,3.679,18043275.0
1630713600000,3.679,3.86,3.611,3.694,13653932.4
1630800000000,3.696,3.896,3.666,3.843,15390118.2
1630886400000,3.844,4.089,3.678,3.814,19961176.891
1630972800000,3.812,3.9,2.348,2.706,148900376.029
1631059200000,2.707,2.869,2.436,2.774,79193829.564
1631145600000,2.773,2.995,2.637,2.874,46623120.4
1631232000000,2.874,3.072,2.576,2.707,37198856.9
1631318400000,2.707,2.832,2.668,2.767,19372587.2
1631404800000,2.769,2.85,2.645,2.816,18771994.8
1631491200000,2.817,2.845,2.415,2.608,26345831.9
1631577600000,2.607,2.695,2.552,2.692,19077848.3
1631664000000,2.692,2.937,2.651,2.892,25203810.8
1631750400000,2.892,2.897,2.654,2.752,33398857.9
1631836800000,2.753,2.764,2.589,2.632,16767438.9
1631923200000,2.634,2.703,2.584,2.647,15019693.1
1632009600000,2.647,2.656,2.445,2.502,14277064.0
1632096000000,2.502,2.505,2.062,2.172,38329401.425
1632182400000,2.173,2.256,1.95,2.017,25489215.468
1632268800000,2.017,2.335,1.98,2.305,18733956.6
1632355200000,2.304,2.379,2.233,2.377,14434267.7
1632441600000,2.376,2.403,2.02,2.176,24007120.2
1632528000000,2.176,2.224,2.057,2.114,15080955.7
1632614400000,2.114,2.15,1.954,2.093,16561280.2
1632700800000,2.092,2.231,2.051,2.067,13303811.0
1632787200000,2.065,2.106,1.984,1.991,11106127.5
1632873600000,1.99,2.13,1.981,2.062,11427185.6
1632960000000,2.063,2.207,2.053,2.18,11570597.7
1633046400000,2.18,2.378,2.153,2.372,14888414.4
1633132800000,2.371,2.467,2.326,2.378,13080138.6
1633219200000,2.378,2.513,2.298,2.447,14095423.3
1633305600000,2.448,2.448,2.251,2.345,16223206.7
1633392000000,2.346,2.635,2.321,2.509,27607275.3
1633478400000,2.51,2.59,2.343,2.481,26106061.3
1633564800000,2.483,2.535,2.38,2.446,17195445.9
1633651200000,2.446,2.557,2.43,2.479,16431065.9
1633737600000,2.48,2.597,2.441,2.551,14129781.0
1633824000000,2.551,2.68,2.501,2.52,20212714.8
1633910400000,2.52,2.578,2.36,2.441,11877004.7
1633996800000,2.441,2.442,2.205,2.311,21592422.4
1634083200000,2.31,2.503,2.257,2.423,26766703.6
1634169600000,2.422,2.55,2.397,2.452,20595121.9
1634256000000,2.451,2.452,2.285,2.36,18743626.6
1634342400000,2.361,2.469,2.347,2.422,15299348.2
1634428800000,2.422,2.448,2.219,2.308,14736226.8
1634515200000,2.309,2.328,2.232,2.289,10464805.9
1634601600000,2.288,2.321,2.253,2.287,10994190.5
1634688000000,2.287,2.446,2.245,2.392,17756083.0
1634774400000,2.391,2.438,2.255,2.28,21527389.4
1634860800000,2.28,2.349,2.257,2.307,13722324.5
1634947200000,2.308,2.322,2.265,2.299,9575487.0
1635033600000,2.298,2.313,2.176,2.235,13222975.0
1635120000000,2.235,2.3,2.224,2.28,10531120.9
1635206400000,2.28,2.374,2.23,2.261,18937307.4
1635292800000,2.262,2.32,1.79,2.015,33469025.627
1635379200000,2.015,2.23,1.997,2.126,19291019.2
1635465600000,2.126,2.245,2.114,2.221,11213146.1
1635552000000,2.221,2.279,2.131,2.23,14358284.0
1635638400000,2.23,2.539,2.215,2.444,38013229.7
1635724800000,2.444,2.487,2.303,2.421,17662143.5
1635811200000,2.421,2.53,2.413,2.48,16638952.8
1635897600000,2.48,2.48,2.31,2.425,17710527.5
1635984000000,2.424,2.427,2.327,2.377,11159926.3
1636070400000,2.377,2.564,2.338,2.46,20283531.6
1636156800000,2.46,2.536,2.34,2.419,12569135.7
1636243200000,2.419,2.438,2.38,2.405,8800239.9
1636329600000,2.405,2.536,2.35,2.525,19883131.6
1636416000000,2.525,2.685,2.501,2.587,22484408.1
1636502400000,2.587,2.649,2.194,2.386,25132726.1
1636588800000,2.385,2.466,2.344,2.417,12940170.1
1636675200000,2.416,2.439,2.313,2.39,11050389.3
1636761600000,2.39,2.622,2.374,2.607,22229011.8
1636848000000,2.607,2.623,2.474,2.542,10445640.2
1636934400000,2.542,2.98,2.508,2.769,47200079.4
1637020800000,2.77,3.0,2.55,2.604,107217810.3
1637107200000,2.602,2.622,2.419,2.548,27357471.8
1637193600000,2.547,2.573,2.254,2.298,24495294.4
1637280000000,2.297,2.483,2.264,2.48,18188337.6
1637366400000,2.48,2.606,2.4,2.543,18351680.5
1637452800000,2.541,2.695,2.474,2.623,21867246.2
1637539200000,2.627,2.667,2.416,2.468,19431682.1
1637625600000,2.466,2.487,2.373,2.455,13274500.0
1637712000000,2.454,2.456,2.282,2.388,16059081.2
1637798400000,2.387,2.608,2.354,2.493,22110201.1
1637884800000,2.494,2.556,2.222,2.306,25821522.6
1637971200000,2.306,2.344,2.215,2.249,8972371.9
1638057600000,2.247,2.263,2.062,2.257,11425990.6
1638144000000,2.256,2.299,2.223,2.279,7600134.4
1638230400000,2.28,2.355,2.183,2.271,13573221.3
1638316800000,2.273,2.44,2.257,2.341,13104510.6
1638403200000,2.341,2.342,2.231,2.273,9163247.1
1638489600000,2.273,2.336,2.1,2.155,11228279.7
1638576000000,2.155,2.163,1.276,1.745,52133498.496
1638662400000,1.744,1.761,1.511,1.585,18373406.6
1638748800000,1.586,1.644,1.424,1.635,19249549.5
1638835200000,1.635,1.693,1.602,1.637,14916307.1
1638921600000,1.637,1.742,1.586,1.709,15266773.3
1639008000000,1.711,1.722,1.545,1.552,10137695.1
1639094400000,1.551,1.61,1.483,1.492,9018335.2
1639180800000,1.49,1.575,1.471,1.562,5800483.8
1639267200000,1.563,1.594,1.518,1.567,5591453.2
1639353600000,1.567,1.576,1.378,1.397,9960766.2
1639440000000,1.398,1.485,1.382,1.468,10737274.8
1639526400000,1.468,1.519,1.359,1.498,10616552.8
1639612800000,1.5,1.54,1.451,1.471,7211028.9
1639699200000,1.471,1.492,1.393,1.443,7245166.2
1639785600000,1.443,1.504,1.414,1.468,4568365.7
1639872000000,1.468,1.58,1.449,1.512,12653967.5
1639958400000,1.512,1.585,1.425,1.485,11766847.9
1640044800000,1.487,1.537,1.463,1.533,6248247.2
1640131200000,1.534,1.597,1.518,1.545,9425123.5
1640217600000,1.545,1.694,1.524,1.672,11120053.3
1640304000000,1.672,1.7,1.604,1.623,7664883.1
1640390400000,1.622,1.678,1.612,1.646,5628457.0
1640476800000,1.646,1.658,1.585,1.641,5524721.9
1640563200000,1.641,1.736,1.633,1.666,8415849.2
1640649600000,1.665,1.666,1.506,1.512,9722701.3
1640736000000,1.512,1.57,1.462,1.551,11143783.8
1640822400000,1.551,2.02,1.5,1.934,118415264.3
1640908800000,1.935,2.139,1.842,2.026,71143337.1
1640995200000,2.027,2.269,2.015,2.254,32628744.7
1641081600000,2.254,2.359,2.11,2.139,31453393.1
1641168000000,2.138,2.142,1.888,1.944,29432966.1
1641254400000,1.944,1.974,1.842,1.857,21325121.1
1641340800000,1.858,1.976,1.569,1.657,26543071.7
1641427200000,1.658,1.718,1.583,1.693,19646981.9
1641513600000,1.694,1.699,1.523,1.586,20072235.8
1641600000000,1.586,1.62,1.441,1.512,13913696.0
1641686400000,1.511,1.593,1.489,1.553,10271146.4
1641772800000,1.554,1.593,1.4,1.484,14737425.4
1641859200000,1.483,1.605,1.445,1.583,14376235.5
1641945600000,1.583,1.729,1.568,1.693,16391393.9
1642032000000,1.693,1.77,1.622,1.628,15136228.0
1642118400000,1.627,1.82,1.615,1.771,22510479.4
1642204800000,1.77,1.848,1.758,1.764,12112265.5
1642291200000,1.764,1.794,1.716,1.74,6919806.4
1642377600000,1.738,1.754,1.626,1.666,7904646.0
1642464000000,1.666,1.677,1.562,1.623,7000998.5
1642550400000,1.622,1.709,1.518,1.574,13247544.5
1642636800000,1.574,1.669,1.507,1.52,9728731.1
1642723200000,1.519,1.57,1.36,1.432,21886808.6
1642809600000,1.431,1.533,1.18,1.279,28291125.621
1642896000000,1.28,1.352,1.24,1.321,13245341.2
1642982400000,1.32,1.323,1.113,1.264,21147475.108
1643068800000,1.262,1.272,1.201,1.252,9773674.6
1643155200000,1.251,1.4,1.231,1.285,17460100.2
1643241600000,1.284,1.365,1.222,1.307,15707166.1
1643328000000,1.306,1.351,1.266,1.34,8297036.9
1643414400000,1.339,1.39,1.333,1.372,6898819.6
1643500800000,1.373,1.385,1.294,1.325,5500461.7
1643587200000,1.325,1.377,1.265,1.366,6968164.6
1643673600000,1.366,1.388,1.337,1.366,7320073.6
1643760000000,1.368,1.428,1.305,1.32,10991286.9
1643846400000,1.319,1.385,1.303,1.379,5839599.6
1643932800000,1.379,1.513,1.367,1.502,12025734.5
1644019200000,1.502,1.554,1.485,1.532,8082955.9
1644105600000,1.532,1.571,1.459,1.532,7901417.6
1644192000000,1.533,1.599,1.489,1.563,9683088.6
1644278400000,1.565,1.617,1.458,1.503,12340724.7
1644364800000,1.503,1.56,1.481,1.545,6874940.7
1644451200000,1.544,1.554,1.438,1.457,11233138.3
1644537600000,1.457,1.492,1.345,1.363,7332798.4
1644624000000,1.363,1.414,1.312,1.375,5112851.8
1644710400000,1.376,1.394,1.325,1.342,4373685.6
1644796800000,1.343,1.403,1.305,1.383,6374606.3
1644883200000,1.382,1.499,1.377,1.492,5987187.7
1644969600000,1.493,1.507,1.418,1.47,5891008.0
1645056000000,1.47,1.487,1.326,1.33,7980183.5
1645142400000,1.331,1.37,1.283,1.304,7062456.5
1645228800000,1.304,1.324,1.268,1.299,4178018.6
1645315200000,1.299,1.306,1.224,1.244,5297183.1
1645401600000,1.243,1.303,1.162,1.167,10680126.0
1645488000000,1.168,1.24,1.11,1.234,10688898.8
1645574400000,1.234,1.335,1.227,1.242,14367205.0
1645660800000,1.242,1.249,1.045,1.203,23782865.665
1645747200000,1.202,1.309,1.192,1.294,10267286.0
1645833600000,1.294,1.33,1.256,1.278,6118869.4
1645920000000,1.28,1.369,1.235,1.28,14382027.2
1646006400000,1.281,1.42,1.249,1.415,11584735.1
1646092800000,1.415,1.45,1.388,1.438,10808969.6
1646179200000,1.438,1.439,1.365,1.389,8044480.5
1646265600000,1.39,1.43,1.36,1.407,8855212.3
1646352000000,1.406,1.489,1.36,1.388,18936325.7
1646438400000,1.388,1.415,1.336,1.409,6556139.3
1646524800000,1.409,1.431,1.322,1.328,6569727.8
1646611200000,1.328,1.353,1.241,1.273,8620031.2
1646697600000,1.273,1.309,1.262,1.284,6184504.5
1646784000000,1.284,1.364,1.279,1.344,8791939.9
1646870400000,1.344,1.353,1.241,1.275,8907244.0
1646956800000,1.275,1.29,1.226,1.24,5514783.1
1647043200000,1.239,1.262,1.236,1.239,2563372.0
1647129600000,1.238,1.268,1.186,1.192,4019079.5
1647216000000,1.191,1.248,1.168,1.243,6600844.7
1647302400000,1.242,1.272,1.226,1.254,7197331.3
1647388800000,1.255,1.352,1.242,1.35,9993987.7
1647475200000,1.351,1.419,1.336,1.384,8216508.6
1647561600000,1.385,1.494,1.341,1.452,12242120.8
1647648000000,1.452,1.547,1.451,1.532,14115095.8
1647734400000,1.532,1.64,1.394,1.401,24821737.1
1647820800000,1.401,1.476,1.368,1.442,21601345.5
1647907200000,1.441,1.562,1.426,1.502,20673187.1
1647993600000,1.501,1.585,1.493,1.581,8835495.7
1648080000000,1.582,1.617,1.548,1.612,10268222.3
1648166400000,1.612,1.67,1.52,1.559,14549396.9
1648252800000,1.558,1.629,1.538,1.624,6384649.2
1648339200000,1.624,1.705,1.59,1.703,11823541.8
1648425600000,1.703,1.82,1.581,1.618,21010057.6
1648512000000,1.619,1.694,1.573,1.63,15892396.7
1648598400000,1.629,1.712,1.543,1.645,17105226.3
1648684800000,1.645,1.688,1.538,1.565,14517426.3
1648771200000,1.565,1.613,1.489,1.599,11420128.7
1648857600000,1.599,1.684,1.589,1.596,12308114.2
1648944000000,1.596,1.683,1.561,1.667,9923628.9
1649030400000,1.667,1.669,1.501,1.574,10859580.6
1649116800000,1.574,1.589,1.474,1.482,6394082.1
1649203200000,1.481,1.482,1.316,1.322,14972824.9
1649289600000,1.322,1.39,1.3,1.377,7913005.7
1649376000000,1.376,1.386,1.261,1.292,6022153.8
1649462400000,1.292,1.342,1.291,1.339,3330850.0
1649548800000,1.34,1.351,1.295,1.299,3697632.4
1649635200000,1.3,1.302,1.157,1.185,9101239.0
1649721600000,1.185,1.262,1.17,1.237,5867469.9
1649808000000,1.239,1.278,1.223,1.272,4417923.4
1649894400000,1.272,1.289,1.212,1.227,4083986.1
1649980800000,1.226,1.266,1.217,1.256,3642119.1
1650067200000,1.255,1.266,1.231,1.256,3626173.6
1650153600000,1.258,1.264,1.191,1.198,2902809.2
1650240000000,1.198,1.368,1.145,1.364,25842487.0
1650326400000,1.364,1.42,1.333,1.394,16349682.1
1650412800000,1.394,1.402,1.312,1.334,7774974.4
1650499200000,1.334,1.354,1.244,1.265,7892611.2
1650585600000,1.265,1.29,1.229,1.234,5068248.6
1650672000000,1.234,1.256,1.204,1.222,3763095.5
1650758400000,1.222,1.24,1.196,1.201,3589937.3
1650844800000,1.201,1.205,1.118,1.184,8331273.6
1650931200000,1.184,1.198,1.05,1.071,7808241.6
1651017600000,1.071,1.129,1.058,1.111,5575158.8
1651104000000,1.11,1.136,1.087,1.109,7018189.2
1651190400000,1.109,1.149,1.033,1.056,8139400.6
1651276800000,1.057,1.069,0.91,0.945,13382648.266
1651363200000,0.945,1.007,0.901,0.999,12187103.7
1651449600000,0.998,1.035,0.961,1.019,10046127.3
1651536000000,1.019,1.07,0.999,1.036,8807797.4
1651622400000,1.036,1.107,1.014,1.104,9000134.2
1651708800000,1.105,1.117,0.942,0.971,11345637.5
1651795200000,0.971,0.975,0.921,0.952,7624055.3
1651881600000,0.951,0.964,0.892,0.915,6186622.866
1651968000000,0.915,0.922,0.852,0.862,10850075.08
1652054400000,0.862,0.878,0.66,0.671,25405197.953
1652140800000,0.67,0.761,0.637,0.691,37001897.7
1652227200000,0.691,0.706,0.384,0.428,76742255.395
1652313600000,0.429,0.456,0.303,0.389,79716976.7
1652400000000,0.389,0.48,0.382,0.438,28373194.6
1652486400000,0.439,0.482,0.424,0.479,21299678.1
1652572800000,0.478,0.511,0.47,0.502,18672257.2
1652659200000,0.502,0.502,0.447,0.455,16036779.3
1652745600000,0.455,0.491,0.453,0.488,12515490.3
1652832000000,0.488,0.496,0.419,0.42,12198798.9
1652918400000,0.419,0.46,0.397,0.453,15147296.6
1653004800000,0.453,0.47,0.431,0.445,13022584.0
1653091200000,0.446,0.475,0.442,0.463,9146834.8
1653177600000,0.462,0.5,0.461,0.496,9827886.0
1653264000000,0.495,0.525,0.473,0.484,16075861.2
1653350400000,0.484,0.519,0.476,0.509,27544966.7
1653436800000,0.508,0.55,0.505,0.532,32808742.3
1653523200000,0.532,0.543,0.447,0.471,24336623.6
1653609600000,0.472,0.477,0.442,0.454,24425876.4
1653696000000,0.455,0.472,0.448,0.469,8212609.2
1653782400000,0.469,0.486,0.454,0.483,8233898.8
1653868800000,0.484,0.524,0.477,0.522,13684917.1
1653955200000,0.522,0.53,0.494,0.516,13332639.5
1654041600000,0.516,0.577,0.505,0.511,36747092.4
1654128000000,0.511,0.578,0.496,0.536,30800767.3
1654214400000,0.535,0.599,0.527,0.597,42102624.5
1654300800000,0.597,0.61,0.554,0.589,18546985.5
1654387200000,0.589,0.593,0.551,0.565,6842094.0
1654473600000,0.565,0.603,0.561,0.581,10854580.5
1654560000000,0.58,0.583,0.526,0.547,10860243.4
1654646400000,0.547,0.562,0.526,0.549,9886317.0
1654732800000,0.548,0.549,0.529,0.536,5343119.4
1654819200000,0.535,0.538,0.468,0.475,13159657.9
1654905600000,0.474,0.487,0.423,0.432,10365969.3
1654992000000,0.432,0.433,0.385,0.386,15681468.1
1655078400000,0.386,0.396,0.325,0.345,25437202.2
1655164800000,0.344,0.362,0.321,0.351,16589685.6
1655251200000,0.351,0.381,0.313,0.381,19615843.0
1655337600000,0.381,0.391,0.344,0.348,11920559.9
1655424000000,0.348,0.375,0.345,0.366,7520116.8
1655510400000,0.365,0.373,0.318,0.34,13426629.2
1655596800000,0.341,0.379,0.33,0.373,10273846.2
1655683200000,0.373,0.428,0.358,0.413,21099687.2
1655769600000,0.413,0.432,0.397,0.415,18644342.7
1655856000000,0.415,0.42,0.391,0.401,11757412.7
1655942400000,0.402,0.428,0.402,0.424,8701429.5
1656028800000,0.425,0.441,0.421,0.432,11936761.6
1656115200000,0.433,0.444,0.415,0.441,8356563.1
1656201600000,0.441,0.449,0.408,0.411,8620404.4
1656288000000,0.411,0.501,0.409,0.43,36027313.5
1656374400000,0.43,0.449,0.406,0.41,12097079.3
1656460800000,0.41,0.42,0.397,0.407,10111505.1
1656547200000,0.407,0.409,0.363,0.385,10498076.8
1656633600000,0.384,0.396,0.367,0.372,12798070.1
1656720000000,0.372,0.387,0.365,0.383,5786852.2
1656806400000,0.384,0.389,0.374,0.389,4026391.1
1656892800000,0.388,0.402,0.377,0.4,5971877.6
1656979200000,0.4,0.406,0.377,0.39,6525369.6
1657065600000,0.39,0.397,0.383,0.395,5308099.7
1657152000000,0.395,0.409,0.392,0.407,5614327.3
1657238400000,0.407,0.418,0.393,0.4,6567766.2
1657324800000,0.4,0.412,0.399,0.408,3731045.2
1657411200000,0.408,0.408,0.389,0.393,4271110.1
1657497600000,0.393,0.394,0.364,0.365,5047361.9
1657584000000,0.365,0.371,0.346,0.347,4497013.4
1657670400000,0.347,0.358,0.33,0.358,9918073.5
1657756800000,0.358,0.369,0.346,0.367,6469892.8
1657843200000,0.367,0.377,0.361,0.37,6650453.7
1657929600000,0.37,0.391,0.365,0.386,9846636.5
1658016000000,0.386,0.396,0.375,0.376,7596078.6
1658102400000,0.377,0.408,0.376,0.403,11248987.4
1658188800000,0.404,0.43,0.395,0.419,13925284.0
1658275200000,0.419,0.434,0.397,0.4,12979826.0
1658361600000,0.4,0.408,0.388,0.405,7658160.8
1658448000000,0.405,0.418,0.392,0.396,8728018.0
1658534400000,0.396,0.409,0.386,0.398,6672008.5
1658620800000,0.398,0.407,0.395,0.401,5487274.1
1658707200000,0.401,0.403,0.366,0.366,6148486.5
1658793600000,0.367,0.37,0.349,0.368,4674779.8
1658880000000,0.368,0.398,0.362,0.398,7584175.3
1658966400000,0.398,0.423,0.388,0.414,11706389.5
1659052800000,0.413,0.438,0.409,0.426,16810091.9
1659139200000,0.426,0.447,0.416,0.42,17818830.1
1659225600000,0.419,0.466,0.417,0.433,24317213.4
1659312000000,0.432,0.46,0.43,0.445,15669237.0
1659398400000,0.444,0.456,0.418,0.424,11535996.0
1659484800000,0.423,0.44,0.412,0.42,9229383.4
1659571200000,0.42,0.433,0.417,0.427,7501333.7
1659657600000,0.427,0.45,0.426,0.45,8302046.0
1659744000000,0.45,0.488,0.446,0.47,28305535.8
1659830400000,0.47,0.473,0.455,0.464,10180452.1
1659916800000,0.465,0.491,0.464,0.473,11630819.3
1660003200000,0.474,0.483,0.438,0.447,10275043.6
1660089600000,0.448,0.469,0.435,0.469,13070254.8
1660176000000,0.469,0.506,0.468,0.48,17992932.8
1660262400000,0.479,0.503,0.468,0.501,11477845.5
1660348800000,0.501,0.518,0.487,0.507,15720106.8
1660435200000,0.506,0.512,0.482,0.49,10556622.3
1660521600000,0.49,0.521,0.485,0.5,16258909.8
1660608000000,0.5,0.506,0.474,0.482,8480637.9
1660694400000,0.482,0.497,0.454,0.457,8396003.7
1660780800000,0.457,0.462,0.431,0.433,8212195.7
1660867200000,0.434,0.434,0.378,0.383,11873367.1
1660953600000,0.383,0.402,0.38,0.388,5889471.7
1661040000000,0.389,0.404,0.388,0.398,5467829.5
1661126400000,0.398,0.398,0.37,0.397,5804384.1
1661212800000,0.397,0.412,0.386,0.407,6157099.1
1661299200000,0.407,0.42,0.394,0.405,12649682.5
1661385600000,0.405,0.417,0.401,0.408,6923611.5
1661472000000,0.407,0.409,0.357,0.366,10650751.2
1661558400000,0.366,0.367,0.355,0.361,6446706.4
1661644800000,0.361,0.373,0.356,0.357,4593179.3
1661731200000,0.358,0.379,0.355,0.377,6006598.9
1661817600000,0.377,0.383,0.36,0.366,8141590.5
1661904000000,0.367,0.382,0.366,0.368,6237242.7
1661990400000,0.367,0.377,0.358,0.376,4763337.6
1662076800000,0.376,0.384,0.367,0.372,5540103.7
1662163200000,0.372,0.376,0.367,0.373,2317066.5
1662249600000,0.372,0.384,0.371,0.383,3046362.6
1662336000000,0.384,0.386,0.366,0.375,3523636.4
1662422400000,0.375,0.388,0.342,0.343,10127823.6
1662508800000,0.344,0.359,0.336,0.356,6150634.4
1662595200000,0.355,0.369,0.351,0.368,8010762.1
1662681600000,0.368,0.392,0.368,0.3866,12753747.6
1662768000000,0.3868,0.3934,0.3814,0.389,16581461.9
1662854400000,0.3891,0.3947,0.3787,0.387,17320528.3
1662940800000,0.3871,0.4002,0.3807,0.3913,17672432.8
1663027200000,0.3913,0.3996,0.3512,0.3529,29599757.7
1663113600000,0.3527,0.3613,0.3468,0.3582,14663586.7
1663200000000,0.3578,0.3587,0.3397,0.3424,18962226.2
1663286400000,0.3424,0.3481,0.338,0.3472,12685693.7
1663372800000,0.3468,0.3587,0.3467,0.3574,8507170.5
1663459200000,0.3574,0.3585,0.3183,0.3271,10640937.7
1663545600000,0.3273,0.3335,0.318,0.3306,21509206.1
1663632000000,0.3305,0.3519,0.325,0.3334,29045390.3
1663718400000,0.3335,0.349,0.3173,0.3212,26247452.9
1663804800000,0.3212,0.3487,0.3204,0.3449,13973055.4
1663891200000,0.3449,0.3603,0.3334,0.3567,22502981.9
1663977600000,0.3569,0.3639,0.3442,0.3459,13073244.9
1664064000000,0.3458,0.3518,0.3362,0.3402,6653230.4
1664150400000,0.3403,0.3499,0.3336,0.3484,10325972.0
1664236800000,0.3484,0.3644,0.3439,0.3523,13250189.5
1664323200000,0.3523,0.3576,0.3347,0.3546,12327972.2
1664409600000,0.3548,0.3599,0.3456,0.3562,9498917.0
1664496000000,0.3562,0.3609,0.3491,0.3551,7951639.8
1664582400000,0.3551,0.3644,0.3452,0.3493,7095212.1
1664668800000,0.349,0.3532,0.3398,0.3415,6170964.3
1664755200000,0.3416,0.3563,0.337,0.3549,5617036.2
1664841600000,0.3548,0.3632,0.3523,0.3611,4554379.2
1664928000000,0.3611,0.3617,0.3515,0.3573,4093295.2
1665014400000,0.3573,0.3613,0.3492,0.3514,5138511.2
1665100800000,0.3515,0.3524,0.3432,0.3494,3577023.3
1665187200000,0.3492,0.3529,0.3451,0.3471,2658626.6
1665273600000,0.347,0.3504,0.3466,0.3494,2075118.6
1665360000000,0.3494,0.3532,0.3359,0.3361,3792002.5
1665446400000,0.3362,0.3362,0.3228,0.3246,5191990.5
1665532800000,0.3245,0.3269,0.32,0.3207,4053659.7
1665619200000,0.3207,0.3209,0.2905,0.3117,13744481.1
1665705600000,0.3116,0.3223,0.3063,0.31,3853128.1
1665792000000,0.3101,0.3144,0.3073,0.3105,2926084.9
1665878400000,0.3106,0.3194,0.3101,0.3153,3558663.3
1665964800000,0.3152,0.3233,0.3123,0.3199,3715088.8
1666051200000,0.3201,0.3238,0.31,0.3166,4967632.1
1666137600000,0.3167,0.3176,0.3048,0.3072,4964851.9
1666224000000,0.3072,0.313,0.302,0.3051,3963704.2
1666310400000,0.305,0.3096,0.2948,0.3085,4753983.0
1666396800000,0.3084,0.3127,0.3053,0.3115,3434625.3
1666483200000,0.3113,0.3185,0.3053,0.3175,4101529.1
1666569600000,0.3174,0.3184,0.3047,0.3086,6687300.3
1666656000000,0.3086,0.3297,0.3075,0.3215,7681562.4
1666742400000,0.3214,0.33,0.3204,0.3261,6513713.1
1666828800000,0.326,0.3353,0.3205,0.3226,7721821.5
1666915200000,0.3226,0.3337,0.3176,0.3308,6205686.3
1667001600000,0.3308,0.3415,0.3286,0.3369,9693633.3
1667088000000,0.3369,0.3417,0.3242,0.3286,6263609.0
1667174400000,0.3284,0.3339,0.3236,0.3291,5285740.8
1667260800000,0.329,0.3335,0.3232,0.3284,6025380.1
1667347200000,0.3287,0.3291,0.3084,0.3137,8694478.5
1667433600000,0.3136,0.3302,0.313,0.3237,8333558.9
1667520000000,0.3237,0.3452,0.3218,0.3433,8748083.4
1667606400000,0.3433,0.3523,0.3402,0.3457,10230615.4
1667692800000,0.3457,0.3592,0.3248,0.3249,8719015.4
1667779200000,0.3248,0.3304,0.3128,0.3191,9495384.6
1667865600000,0.3189,0.339,0.24,0.2566,32409107.6
1667952000000,0.2566,0.2577,0.2026,0.2076,30242155.4
1668038400000,0.2075,0.2599,0.2042,0.242,24499476.1
1668124800000,0.2419,0.265,0.2211,0.2302,18641656.6
1668211200000,0.2303,0.2306,0.2164,0.2197,8458179.2
1668297600000,0.2198,0.2694,0.2144,0.2443,54013493.1
1668384000000,0.2444,0.3148,0.2231,0.2836,90384469.3
1668470400000,0.2838,0.2999,0.2588,0.261,55853098.7
1668556800000,0.2611,0.2698,0.2479,0.2497,22906458.5
1668643200000,0.2497,0.2529,0.2387,0.2422,12519743.1
1668729600000,0.2421,0.2517,0.2362,0.239,10575382.5
1668816000000,0.239,0.2393,0.2307,0.2365,5149363.2
1668902400000,0.2365,0.2552,0.2236,0.2259,15152027.4
1668988800000,0.2259,0.2337,0.2092,0.2152,27430081.4
1669075200000,0.2153,0.2233,0.2083,0.2231,9575546.9
1669161600000,0.223,0.2367,0.2222,0.2361,11184677.3
1669248000000,0.236,0.2415,0.2318,0.2348,5972407.8
1669334400000,0.2348,0.2418,0.2285,0.238,7309029.3
1669420800000,0.2381,0.2525,0.2359,0.2373,15129829.8
1669507200000,0.2374,0.2467,0.2361,0.2382,9045946.3
1669593600000,0.2381,0.2435,0.2269,0.2435,10956003.5
1669680000000,0.2434,0.2459,0.2374,0.2406,14683979.4
1669766400000,0.2406,0.2486,0.2391,0.2475,7213102.7
1669852800000,0.2474,0.2499,0.243,0.2466,5349369.9
1669939200000,0.2465,0.263,0.2444,0.2549,12332887.2
1670025600000,0.2551,0.257,0.2473,0.2478,17261527.8
1670112000000,0.2477,0.2563,0.2451,0.2513,6143571.6
1670198400000,0.2512,0.2549,0.2465,0.2481,5387382.3
1670284800000,0.2479,0.2549,0.2456,0.2538,9573214.3
1670371200000,0.2539,0.2548,0.2408,0.2436,6389581.8
1670457600000,0.2437,0.2475,0.2389,0.2455,3886168.6
1670544000000,0.2455,0.2488,0.2422,0.2433,2850897.1
1670630400000,0.2433,0.249,0.2432,0.249,2970812.6
1670716800000,0.2489,0.2547,0.245,0.2457,4007476.9
1670803200000,0.2457,0.2457,0.2349,0.2414,5215656.7
1670889600000,0.2416,0.2569,0.2303,0.2472,15118773.7
1670976000000,0.2472,0.2571,0.2393,0.2438,9158886.4
1671062400000,0.2439,0.2514,0.2358,0.2369,7139825.6
1671148800000,0.2369,0.2396,0.2111,0.2164,8155241.4
1671235200000,0.2163,0.2217,0.2058,0.2176,8922259.2
1671321600000,0.2176,0.2219,0.2138,0.216,4948495.9
1671408000000,0.216,0.2186,0.1984,0.2023,3807707.7
1671494400000,0.2023,0.2121,0.2014,0.2115,3821569.8
1671580800000,0.2114,0.2116,0.2057,0.2105,3425634.5
1671667200000,0.2105,0.229,0.2089,0.2144,18917989.6
1671753600000,0.2145,0.2171,0.2132,0.2144,3525011.7
1671840000000,0.2144,0.2164,0.2134,0.2148,1612480.8
1671926400000,0.2149,0.2154,0.2089,0.2123,3332372.7
1672012800000,0.2123,0.2173,0.2115,0.217,2175769.3
1672099200000,0.2171,0.2181,0.2112,0.2156,2742073.5
1672185600000,0.2157,0.216,0.2063,0.2104,3200635.8
1672272000000,0.2105,0.2121,0.2003,0.2037,4764695.3
1672358400000,0.2037,0.2043,0.1957,0.1962,12394068.9
1672444800000,0.1963,0.2074,0.1958,0.2017,16282880.9
1672531200000,0.2018,0.2038,0.2002,0.2025,2643261.2
1672617600000,0.2025,0.2063,0.1993,0.2047,3375953.7
1672704000000,0.2045,0.2067,0.2031,0.2061,2724197.0
1672790400000,0.2061,0.2122,0.2061,0.2097,4610669.0
1672876800000,0.2097,0.2131,0.2074,0.2103,3502109.4
1672963200000,0.2103,0.2318,0.2046,0.2128,6366613.3
1673049600000,0.2129,0.2148,0.2108,0.2123,2814089.9
1673136000000,0.2123,0.2195,0.2097,0.219,5071508.6
1673222400000,0.2191,0.23,0.2178,0.2247,9047608.4
1673308800000,0.2249,0.2578,0.2213,0.2339,18827632.2
1673395200000,0.2341,0.2389,0.2256,0.2386,10313597.9
1673481600000,0.2387,0.2439,0.2308,0.243,7810299.7
1673568000000,0.2429,0.2531,0.2414,0.2508,5989431.0
1673654400000,0.2506,0.2711,0.2472,0.2609,15944083.7
1673740800000,0.2611,0.2683,0.2536,0.2656,9191166.0
1673827200000,0.2655,0.2725,0.2555,0.2635,8580373.1
1673913600000,0.2634,0.268,0.2578,0.2633,5355001.3
1674000000000,0.2631,0.282,0.2492,0.2517,21809736.0
1674086400000,0.2517,0.26,0.2505,0.2572,4784178.3
1674172800000,0.2573,0.2796,0.2511,0.2786,8143853.6
1674259200000,0.2786,0.2845,0.2722,0.2738,9584963.0
1674345600000,0.2739,0.2879,0.2732,0.2777,8336395.6
1674432000000,0.2777,0.291,0.2777,0.289,8914592.6
1674518400000,0.2891,0.3277,0.2769,0.281,23935238.8
1674604800000,0.2812,0.2938,0.2734,0.2883,9101034.7
1674691200000,0.2883,0.3065,0.2871,0.2919,12485071.7
1674777600000,0.2921,0.304,0.2833,0.3024,7657586.1
1674864000000,0.3025,0.3046,0.2896,0.2934,4911107.7
1674950400000,0.2934,0.3036,0.2902,0.3018,7413664.6
1675036800000,0.3018,0.304,0.2739,0.2787,8861900.0
1675123200000,0.2787,0.2873,0.2762,0.2832,7233845.9
1675209600000,0.2831,0.2987,0.2688,0.2922,11018932.2
1675296000000,0.2925,0.3099,0.2925,0.2965,11121256.1
1675382400000,0.2965,0.3135,0.2942,0.313,7634053.1
1675468800000,0.3128,0.3237,0.3081,0.3186,9140522.0
1675555200000,0.3186,0.33,0.2962,0.3049,14447661.0
1675641600000,0.3048,0.3167,0.3029,0.3067,9416231.4
1675728000000,0.3067,0.3255,0.3033,0.3245,11494675.3
1675814400000,0.3247,0.3296,0.3032,0.3157,9249470.1
1675900800000,0.3158,0.3187,0.2762,0.2827,15884197.4
1675987200000,0.2826,0.2941,0.2764,0.2893,17200829.2
1676073600000,0.2892,0.2926,0.2836,0.2906,4545059.4
1676160000000,0.2906,0.374,0.2873,0.3429,100602753.1
1676246400000,0.3429,0.3728,0.319,0.3305,68018502.7
1676332800000,0.3306,0.3382,0.3209,0.3325,18089259.7
1676419200000,0.3326,0.3473,0.3266,0.3471,23110537.4
1676505600000,0.3473,0.3569,0.3217,0.3217,37060550.5
1676592000000,0.3217,0.3432,0.3191,0.3365,17923599.4
1676678400000,0.3366,0.3409,0.3307,0.3343,5871322.9
1676764800000,0.3343,0.3559,0.3318,0.347,17050581.5
1676851200000,0.347,0.3623,0.3325,0.3612,14640481.1
1676937600000,0.3611,0.3685,0.3378,0.3458,17095294.2
1677024000000,0.3459,0.3483,0.325,0.337,11040381.3
1677110400000,0.3369,0.3441,0.3282,0.3345,7809437.6
1677196800000,0.3346,0.343,0.3154,0.323,10403481.8
1677283200000,0.323,0.3268,0.3087,0.3181,8209225.7
1677369600000,0.3178,0.3455,0.3151,0.3342,9402557.9
1677456000000,0.334,0.3375,0.3233,0.3281,8496426.7
1677542400000,0.3281,0.329,0.3095,0.3129,5723702.8
1677628800000,0.313,0.3323,0.31,0.3283,7523928.7
1677715200000,0.3284,0.3305,0.3107,0.3184,6099430.7
1677801600000,0.3185,0.3188,0.2846,0.2932,11708681.0
1677888000000,0.2933,0.2965,0.2801,0.287,5778725.7
1677974400000,0.287,0.2926,0.2841,0.286,4242942.6
1678060800000,0.286,0.2874,0.2741,0.2838,6639077.5
1678147200000,0.2838,0.2877,0.2695,0.2769,6481927.3
1678233600000,0.2767,0.2777,0.254,0.2582,7333767.6
1678320000000,0.2582,0.2662,0.2365,0.2402,10054140.2
1678406400000,0.2403,0.2424,0.2256,0.2414,8797447.2
1678492800000,0.2413,0.2479,0.2252,0.2347,9159580.9
1678579200000,0.2344,0.2544,0.2305,0.254,8629763.8
1678665600000,0.2539,0.2715,0.249,0.2689,14403969.9
1678752000000,0.2689,0.2925,0.2625,0.2834,14867069.5
1678838400000,0.2834,0.2892,0.2577,0.264,11864163.9
1678924800000,0.2637,0.278,0.2587,0.2668,11318775.0
1679011200000,0.2668,0.2919,0.2623,0.2918,12537130.1
1679097600000,0.2917,0.3014,0.2826,0.2861,13555870.7
1679184000000,0.2859,0.2996,0.2842,0.2964,8612833.1
1679270400000,0.2965,0.3016,0.2765,0.2803,14868076.0
1679356800000,0.2803,0.2861,0.2688,0.2801,14414812.5
1679443200000,0.2803,0.2826,0.2576,0.265,15144113.4
1679529600000,0.2651,0.2814,0.2624,0.2794,8116230.0
1679616000000,0.2796,0.2807,0.2643,0.2698,6994580.3
1679702400000,0.2698,0.2708,0.2589,0.2645,6182606.4
1679788800000,0.2645,0.2715,0.2619,0.2689,4631464.5
1679875200000,0.269,0.2699,0.2488,0.2562,9463753.8
1679961600000,0.2563,0.305,0.252,0.285,108603871.1
1680048000000,0.2849,0.4998,0.2849,0.4872,287881434.3
1680134400000,0.4873,0.59,0.4534,0.4652,258808935.6
1680220800000,0.4652,0.6915,0.4555,0.6611,296744431.9
1680307200000,0.6605,0.745,0.5925,0.718,144544870.1
1680393600000,0.7182,0.738,0.6553,0.71,184546224.0
1680480000000,0.7097,0.94,0.654,0.9325,253791986.5
1680566400000,0.9325,0.9334,0.7789,0.83,140850245.4
1680652800000,0.83,0.862,0.7365,0.749,79756826.4
1680739200000,0.7486,0.79,0.7104,0.7286,78983299.5
1680825600000,0.7285,0.743,0.6763,0.6839,39156377.4
1680912000000,0.6836,0.736,0.6277,0.6362,46980097.3
1680998400000,0.6359,0.6512,0.6117,0.6275,30688994.8
1681084800000,0.6272,0.6589,0.6024,0.6484,32126366.6
1681171200000,0.6483,0.649,0.6084,0.6136,18785565.8
1681257600000,0.6137,0.614,0.5651,0.5801,21619736.1
1681344000000,0.5799,0.5988,0.5736,0.59,15345452.2
1681430400000,0.5904,0.6983,0.5864,0.6527,97211570.1
1681516800000,0.6526,0.7295,0.6457,0.6838,67936737.4
1681603200000,0.6837,0.6943,0.6507,0.6711,23042429.8
1681689600000,0.6711,0.682,0.63,0.6345,15019739.7
1681776000000,0.6347,0.6458,0.6196,0.6362,13594003.9
1681862400000,0.6363,0.6367,0.5738,0.5855,17918755.4
1681948800000,0.5855,0.5955,0.5375,0.5494,17546792.0
1682035200000,0.5493,0.599,0.5164,0.5283,25793851.9
1682121600000,0.5282,0.6499,0.527,0.6319,45555976.3
1682208000000,0.6318,0.6471,0.5558,0.5718,43730570.0
1682294400000,0.5718,0.5788,0.5434,0.5518,14581219.6
1682380800000,0.552,0.5573,0.5254,0.5534,11235496.7
1682467200000,0.5532,0.67,0.5469,0.5815,58089812.0
1682553600000,0.5812,0.6003,0.5689,0.5857,24751815.3
1682640000000,0.5856,0.5897,0.5521,0.5655,15792609.4
1682726400000,0.5657,0.5723,0.5504,0.5587,9675701.2
1682812800000,0.5587,0.5662,0.5478,0.5515,7200089.4
1682899200000,0.5517,0.5525,0.5314,0.5437,8442323.0
1682985600000,0.5434,0.607,0.5396,0.5603,34053869.3
1683072000000,0.5604,0.5647,0.5352,0.558,12607344.7
1683158400000,0.5583,0.5602,0.5301,0.5347,11991739.2
1683244800000,0.5347,0.5469,0.5194,0.5451,12557038.6
1683331200000,0.5451,0.5505,0.4954,0.5012,11631581.5
1683417600000,0.501,0.507,0.4871,0.4908,5010703.3
1683504000000,0.4907,0.4973,0.4398,0.4524,12855210.3
1683590400000,0.4523,0.4556,0.4413,0.4437,4963606.9
1683676800000,0.4438,0.4503,0.4145,0.4434,20360606.3
1683763200000,0.4432,0.4432,0.4083,0.4176,12361278.7
1683849600000,0.4175,0.4758,0.4142,0.4393,50987437.2
1683936000000,0.4393,0.4431,0.4246,0.43,11988689.8
1684022400000,0.4301,0.4362,0.4185,0.4339,6212851.7
1684108800000,0.4339,0.4434,0.4252,0.4287,12891731.2
1684195200000,0.4288,0.4333,0.4188,0.4274,8426879.2
1684281600000,0.4272,0.4448,0.4135,0.4387,11906669.1
1684368000000,0.4388,0.4598,0.4198,0.4317,14416299.3
1684454400000,0.4318,0.4449,0.4262,0.4392,9565307.7
1684540800000,0.4392,0.4454,0.4332,0.4409,6198214.2
1684627200000,0.441,0.442,0.4238,0.4257,6754745.5
1684713600000,0.4256,0.4286,0.416,0.423,5597256.7
1684800000000,0.4231,0.4343,0.4209,0.4258,5070536.9
1684886400000,0.4257,0.426,0.3905,0.3931,12162885.1
1684972800000,0.3933,0.3948,0.3788,0.3858,8842694.6
1685059200000,0.3857,0.3959,0.3803,0.3915,8861694.1
1685145600000,0.3915,0.4006,0.3881,0.3987,5468518.7
1685232000000,0.3987,0.4192,0.396,0.4139,8550799.6
1685318400000,0.4139,0.4144,0.4008,0.4031,6615530.4
1685404800000,0.4032,0.405,0.3984,0.4024,5309684.0
1685491200000,0.4023,0.443,0.4013,0.4164,55625057.2
1685577600000,0.4164,0.4425,0.4108,0.4198,33226661.9
1685664000000,0.4199,0.4397,0.4198,0.4343,19371497.3
1685750400000,0.4342,0.4829,0.427,0.4603,50342333.9
1685836800000,0.4603,0.4703,0.4476,0.45,22669445.7
1685923200000,0.45,0.4604,0.386,0.3998,28294735.0
1686009600000,0.3996,0.4146,0.3884,0.4126,15406110.2
1686096000000,0.4123,0.4166,0.3842,0.3863,12543977.3
1686182400000,0.3864,0.4015,0.3811,0.3881,9246981.6
1686268800000,0.3881,0.4094,0.3837,0.3905,11845280.1
1686355200000,0.3905,0.3929,0.2771,0.3227,38521862.9
1686441600000,0.3228,0.3238,0.3099,0.3187,8747205.4
1686528000000,0.3187,0.321,0.3046,0.3152,8161028.7
1686614400000,0.3151,0.3459,0.3151,0.3259,19068988.9
1686700800000,0.3259,0.3399,0.3029,0.3152,14715389.4
1686787200000,0.3152,0.331,0.3077,0.3195,8876147.1
1686873600000,0.3196,0.3252,0.3083,0.322,6103024.0
1686960000000,0.3221,0.3336,0.3212,0.3268,7980338.7
1687046400000,0.3269,0.3664,0.326,0.3445,36584386.5
1687132800000,0.3446,0.359,0.3431,0.354,17259895.1
1687219200000,0.354,0.3611,0.3387,0.3606,10754092.5
1687305600000,0.3607,0.3975,0.3575,0.3875,22900349.9
1687392000000,0.3876,0.4103,0.3746,0.3801,19431590.3
1687478400000,0.3801,0.3938,0.3765,0.3908,9821201.2
1687564800000,0.3911,0.3973,0.3778,0.3856,18760740.0
1687651200000,0.3855,0.3989,0.3797,0.3829,9719331.3
1687737600000,0.3829,0.3843,0.3555,0.3641,13050587.1
1687824000000,0.364,0.3886,0.3636,0.3762,14083946.7
1687910400000,0.3762,0.3884,0.3423,0.3498,13937698.9
1687996800000,0.3499,0.3615,0.3441,0.3552,5083930.3
1688083200000,0.3552,0.3683,0.3291,0.3585,17778015.3
1688169600000,0.3585,0.3639,0.3433,0.3622,8963370.9
1688256000000,0.3626,0.4083,0.362,0.3802,49723966.5
1688342400000,0.3801,0.383,0.3714,0.3823,14236572.7
1688428800000,0.3826,0.3829,0.3655,0.3701,6392287.7
1688515200000,0.3701,0.4343,0.3616,0.4061,64165782.2
1688601600000,0.4058,0.4299,0.3715,0.3769,42770068.2
1688688000000,0.3768,0.4172,0.3732,0.3874,22998674.5
1688774400000,0.3873,0.4074,0.3779,0.3869,12801950.1
1688860800000,0.3869,0.3909,0.376,0.3772,5305785.1
1688947200000,0.3776,0.3798,0.3583,0.3731,8846382.1
1689033600000,0.3733,0.3753,0.3643,0.3721,5173409.7
1689120000000,0.3721,0.378,0.3617,0.3675,5019274.7
1689206400000,0.3675,0.3887,0.3587,0.3843,15104498.1
1689292800000,0.3844,0.392,0.3591,0.371,14651422.2
1689379200000,0.3711,0.3819,0.3664,0.3764,4886314.9
1689465600000,0.3765,0.378,0.3655,0.3698,5868365.5
1689552000000,0.3696,0.3802,0.3642,0.3743,8220439.0
1689638400000,0.3745,0.3842,0.3591,0.3666,9074263.8
1689724800000,0.3666,0.3726,0.3608,0.363,5867877.8
1689811200000,0.363,0.3706,0.3553,0.3613,5824411.7
1689897600000,0.3609,0.3657,0.3577,0.3625,4622879.7
1689984000000,0.3626,0.3689,0.3603,0.3638,4726212.3
1690070400000,0.3639,0.3716,0.3601,0.3677,3975346.9
1690156800000,0.3673,0.3679,0.3418,0.3438,6452010.7
1690243200000,0.3437,0.3437,0.3335,0.3394,8059936.9
1690329600000,0.3394,0.3453,0.3317,0.3418,5094981.6
1690416000000,0.3416,0.345,0.3355,0.3408,3306600.5
1690502400000,0.341,0.3493,0.3392,0.346,3478773.3
1690588800000,0.3457,0.3525,0.3439,0.352,2044364.4
1690675200000,0.3519,0.352,0.334,0.3416,4391594.1
1690761600000,0.3415,0.3544,0.3398,0.346,5188291.2
1690848000000,0.346,0.3462,0.333,0.3461,6684937.7
1690934400000,0.3459,0.3466,0.33,0.3334,5472258.9
1691020800000,0.3334,0.3357,0.3287,0.3316,3167514.7
1691107200000,0.3315,0.3324,0.3243,0.3275,3894333.3
1691193600000,0.3275,0.3282,0.3225,0.3277,2442537.5
1691280000000,0.3279,0.3344,0.325,0.3274,5391852.4
1691366400000,0.3275,0.33,0.3148,0.323,5215401.0
1691452800000,0.3232,0.3326,0.3186,0.3279,3684979.0
1691539200000,0.3281,0.3344,0.3255,0.3289,4780679.3
1691625600000,0.3293,0.33,0.3234,0.3286,2551181.3
1691712000000,0.3286,0.3309,0.3253,0.3287,2568397.8
1691798400000,0.3288,0.3353,0.3277,0.33,3700826.5
1691884800000,0.33,0.3366,0.3287,0.3294,4546119.4
1691971200000,0.3294,0.3336,0.3221,0.3291,4684256.6
1692057600000,0.3293,0.33,0.2921,0.3112,8157822.2
1692144000000,0.311,0.3113,0.2758,0.2847,11420487.6
1692230400000,0.2848,0.2878,0.2208,0.2505,16365021.8
1692316800000,0.2507,0.2581,0.2462,0.2559,8483790.4
1692403200000,0.2557,0.2634,0.2543,0.2607,3708229.9
1692489600000,0.2607,0.2812,0.2603,0.2687,25096685.7
1692576000000,0.2688,0.2688,0.2535,0.2628,5694810.5
1692662400000,0.2629,0.2719,0.2476,0.2591,7519574.2
1692748800000,0.2591,0.2718,0.257,0.2711,6541212.3
1692835200000,0.2711,0.2779,0.2668,0.2736,7427804.8
1692921600000,0.2735,0.2737,0.2638,0.2688,6276465.0
1693008000000,0.2688,0.2689,0.2637,0.2648,1988906.2
1693094400000,0.2648,0.2677,0.2619,0.2663,2696734.1
1693180800000,0.2664,0.2741,0.2571,0.2621,11170733.1
1693267200000,0.2621,0.2767,0.2521,0.2751,7581260.2
1693353600000,0.275,0.2754,0.2648,0.2679,4420094.7
1693440000000,0.2677,0.2697,0.2484,0.2515,6634652.0
1693526400000,0.2515,0.2529,0.2422,0.2453,5886471.9
1693612800000,0.2452,0.2486,0.2418,0.2484,3483446.2
1693699200000,0.2484,0.2532,0.2457,0.2481,4220319.1
1693785600000,0.248,0.2519,0.2438,0.2468,3145341.6
1693872000000,0.2468,0.2557,0.2432,0.2525,3922936.3
1693958400000,0.2524,0.2551,0.2458,0.2533,4085313.7
1694044800000,0.2533,0.2612,0.2483,0.2603,5298037.3
1694131200000,0.26,0.268,0.2571,0.2636,9398259.8
1694217600000,0.2636,0.2795,0.263,0.2728,15624027.2
1694304000000,0.2728,0.2728,0.2505,0.255,7340682.4
1694390400000,0.2551,0.2556,0.2399,0.2439,7285372.1
1694476800000,0.2439,0.2548,0.2434,0.2445,6187987.8
1694563200000,0.2447,0.2557,0.2436,0.2526,3825772.3
1694649600000,0.2526,0.2593,0.2496,0.2569,5714877.1
1694736000000,0.2569,0.2643,0.2533,0.2641,4170985.8
1694822400000,0.2642,0.327,0.2642,0.3067,84893894.8
1694908800000,0.3068,0.3068,0.268,0.2695,17255418.1
1694995200000,0.2695,0.2751,0.2623,0.2699,8564297.3
1695081600000,0.27,0.2755,0.2641,0.2728,6369932.2
1695168000000,0.273,0.2983,0.2709,0.2898,23689711.3
1695254400000,0.2898,0.29,0.2722,0.277,7496405.1
1695340800000,0.277,0.2929,0.2755,0.2902,10647068.4
1695427200000,0.2902,0.2966,0.2835,0.2924,5595974.7
1695513600000,0.2924,0.3205,0.2856,0.2862,29172556.1
1695600000000,0.286,0.2862,0.2767,0.2825,10689972.1
1695686400000,0.2826,0.283,0.2728,0.2776,4962843.7
1695772800000,0.2777,0.2982,0.2762,0.2888,16876218.0
1695859200000,0.2887,0.2973,0.286,0.2958,6745900.0
1695945600000,0.296,0.2964,0.2849,0.2912,5883351.4
1696032000000,0.2913,0.292,0.2866,0.2898,2695691.9
1696118400000,0.2896,0.3006,0.2877,0.2977,7156984.6
1696204800000,0.2979,0.2987,0.275,0.2844,8122366.6
1696291200000,0.2845,0.2877,0.2764,0.2768,4876413.3
1696377600000,0.2768,0.277,0.2665,0.2756,4028517.3
1696464000000,0.2756,0.2775,0.271,0.2748,2712890.9
1696550400000,0.2752,0.2825,0.2744,0.2818,3108832.5
1696636800000,0.2818,0.2985,0.2818,0.2891,14825530.8
1696723200000,0.2891,0.2917,0.2804,0.2848,3402453.1
1696809600000,0.2847,0.2849,0.2666,0.2727,5250604.3
1696896000000,0.2729,0.2763,0.2696,0.2721,3203116.1
1696982400000,0.2722,0.2731,0.2648,0.2696,3370138.3
1697068800000,0.2696,0.2696,0.258,0.264,5060442.2
1697155200000,0.2641,0.2679,0.2606,0.2646,2833402.3
1697241600000,0.2647,0.2717,0.2634,0.2679,5814914.4
1697328000000,0.268,0.2704,0.2643,0.2682,5083184.9
1697414400000,0.268,0.2823,0.267,0.2771,11400423.0
1697500800000,0.2771,0.2885,0.2685,0.2788,11008307.1
1697587200000,0.2787,0.2788,0.263,0.2653,6494885.6
1697673600000,0.2653,0.2656,0.2589,0.2631,5920535.5
1697760000000,0.2631,0.273,0.2605,0.2715,4810380.3
1697846400000,0.2715,0.2828,0.2683,0.2794,5576959.8
1697932800000,0.2795,0.2823,0.2733,0.2823,5615779.5
1698019200000,0.2824,0.2961,0.2783,0.2941,8430179.3
1698105600000,0.2941,0.3033,0.285,0.2961,15903734.8
1698192000000,0.2962,0.303,0.2893,0.2982,7925235.7
1698278400000,0.2983,0.3052,0.2828,0.2932,9289214.9
1698364800000,0.2933,0.3036,0.2907,0.2964,10162183.9
1698451200000,0.2965,0.3079,0.294,0.3069,5794620.0
1698537600000,0.3068,0.3199,0.2995,0.3115,8533301.9
1698624000000,0.3116,0.3145,0.3019,0.3142,7333549.4
1698710400000,0.3142,0.3163,0.2914,0.3091,9033681.0
1698796800000,0.309,0.3162,0.2965,0.3162,7556800.8
1698883200000,0.3161,0.3504,0.3129,0.3221,29137314.3
1698969600000,0.3219,0.3413,0.3207,0.3358,38082393.8
1699056000000,0.3358,0.3428,0.3294,0.3399,10482396.5
1699142400000,0.3399,0.3443,0.3272,0.3371,15093409.8
1699228800000,0.3371,0.3556,0.3345,0.3531,16485703.0
1699315200000,0.353,0.3606,0.3287,0.3516,22961280.6
1699401600000,0.3516,0.3617,0.3459,0.3575,14919883.8
1699488000000,0.3578,0.3702,0.306,0.3676,34457880.5
1699574400000,0.3677,0.391,0.355,0.3756,30613177.0
1699660800000,0.3756,0.3807,0.3592,0.3727,15645026.3
1699747200000,0.3725,0.3805,0.3528,0.3745,17233850.9
1699833600000,0.3745,0.3982,0.3621,0.366,30884815.9
1699920000000,0.3658,0.3686,0.332,0.3487,18823369.6
1700006400000,0.3489,0.387,0.3468,0.3813,23044767.1
1700092800000,0.3813,0.3872,0.3473,0.3543,20312841.1
1700179200000,0.3543,0.3637,0.3381,0.3577,11097294.6
1700265600000,0.3576,0.3583,0.3361,0.3519,6740457.5
1700352000000,0.352,0.3625,0.3407,0.3605,7702711.9
1700438400000,0.3606,0.3769,0.3561,0.3655,12918434.7
1700524800000,0.3655,0.3672,0.3169,0.3176,18319744.0
1700611200000,0.3177,0.3419,0.3101,0.3395,12841048.6
1700697600000,0.3396,0.3498,0.3376,0.3468,9042814.6
1700784000000,0.3471,0.3534,0.3447,0.3497,6472629.2
1700870400000,0.3497,0.3558,0.347,0.3532,4394633.3
1700956800000,0.3532,0.3541,0.3343,0.3438,7272221.0
1701043200000,0.3438,0.3469,0.3256,0.335,7460156.2
1701129600000,0.3349,0.3433,0.3251,0.3389,8464648.8
1701216000000,0.3389,0.3526,0.3338,0.3479,15986313.6
1701302400000,0.3478,0.3581,0.3395,0.3438,17577727.9
1701388800000,0.3439,0.3501,0.3418,0.3494,7254034.7
1701475200000,0.3493,0.3625,0.3481,0.3579,11615452.8
1701561600000,0.3579,0.3596,0.3481,0.3529,8955787.9
1701648000000,0.3528,0.366,0.341,0.366,17969830.2
1701734400000,0.3658,0.373,0.3583,0.3689,16045969.7
1701820800000,0.3692,0.3792,0.354,0.3745,23038446.0
1701907200000,0.3746,0.4029,0.36,0.3892,52618128.7
1701993600000,0.3891,0.4257,0.3881,0.4129,31238868.8
1702080000000,0.4126,0.4228,0.4,0.4046,16177118.4
1702166400000,0.4049,0.408,0.3855,0.4004,11463179.0
1702252800000,0.4006,0.4053,0.3393,0.3672,16009711.1
1702339200000,0.3671,0.3789,0.3612,0.3749,10443726.0
1702425600000,0.3758,0.3792,0.3537,0.3766,11672384.6
1702512000000,0.377,0.388,0.3637,0.3854,11729537.1
1702598400000,0.3857,0.3874,0.3723,0.3745,9974710.8
1702684800000,0.3744,0.3948,0.3688,0.3881,10365716.8
1702771200000,0.388,0.3914,0.3754,0.3781,8425800.5
1702857600000,0.3785,0.3826,0.3435,0.3729,12230057.9
1702944000000,0.373,0.3778,0.358,0.3619,7909237.7
1703030400000,0.3619,0.3985,0.3572,0.3816,13975288.3
1703116800000,0.382,0.392,0.3768,0.389,9006050.2
1703203200000,0.3891,0.3987,0.3827,0.3982,10825864.5
1703289600000,0.3982,0.4102,0.3835,0.4018,9097236.9
1703376000000,0.4019,0.4061,0.381,0.3912,13398482.5
1703462400000,0.3914,0.415,0.3858,0.4081,15555854.4
1703548800000,0.4089,0.4409,0.3924,0.4309,32518979.6
1703635200000,0.4317,0.4479,0.4146,0.4332,25008286.5
1703721600000,0.4333,0.4385,0.402,0.4104,15862533.4
1703808000000,0.4108,0.4283,0.3925,0.4025,11365150.8
1703894400000,0.4022,0.4048,0.3887,0.3943,6137771.6
1703980800000,0.3946,0.4074,0.3859,0.395,8232793.6
1704067200000,0.3949,0.4299,0.3943,0.4241,28842660.1
1704153600000,0.424,0.4303,0.4127,0.4203,12686072.1
1704240000000,0.4206,0.436,0.3131,0.3775,26079096.9
1704326400000,0.3772,0.3837,0.3669,0.3783,13197340.8
1704412800000,0.3784,0.3796,0.3517,0.3685,9170236.4
1704499200000,0.3683,0.3684,0.3394,0.3625,10478580.3
1704585600000,0.3629,0.39,0.3429,0.3468,17657809.8
1704672000000,0.3467,0.3619,0.32,0.36,10073909.0
1704758400000,0.3599,0.3604,0.3328,0.3478,8854601.9
1704844800000,0.3477,0.375,0.3328,0.3677,10442803.2
1704931200000,0.3678,0.3837,0.3628,0.3762,12702893.3
1705017600000,0.3762,0.3854,0.3454,0.359,13663878.2
1705104000000,0.3591,0.3638,0.3338,0.3608,7511112.9
1705190400000,0.3609,0.3631,0.3455,0.3461,6879676.0
1705276800000,0.3462,0.3577,0.345,0.353,5850696.3
1705363200000,0.3531,0.3648,0.3509,0.3613,5340528.6
1705449600000,0.3614,0.3656,0.3504,0.358,5101434.1
1705536000000,0.3582,0.3583,0.3317,0.3399,7164852.5
1705622400000,0.3399,0.3437,0.322,0.3387,8024989.5
1705708800000,0.3385,0.345,0.3348,0.3447,4522316.0
1705795200000,0.3445,0.3467,0.3383,0.3392,3759028.6
1705881600000,0.3391,0.3429,0.3145,0.3193,8173974.0
1705968000000,0.3196,0.3257,0.2968,0.3128,10493655.1
1706054400000,0.3126,0.3198,0.3089,0.3184,3893286.4
1706140800000,0.3184,0.3263,0.3151,0.3205,6492332.1
1706227200000,0.3202,0.335,0.3164,0.3314,6521374.8
1706313600000,0.3314,0.3368,0.3254,0.332,3950878.4
1706400000000,0.3321,0.3357,0.3212,0.3245,4403730.8
1706486400000,0.3246,0.3332,0.3228,0.3324,5122611.3
1706572800000,0.3326,0.3356,0.3223,0.3245,5285190.3
1706659200000,0.3245,0.3268,0.3077,0.3116,6259552.0
1706745600000,0.312,0.3157,0.3038,0.3122,8712877.8
1706832000000,0.312,0.3143,0.3083,0.3128,6234176.7
1706918400000,0.3131,0.3146,0.3085,0.3095,3273165.8
1707004800000,0.3095,0.3095,0.2999,0.3009,3703136.5
1707091200000,0.3009,0.3093,0.2968,0.3051,5748599.7
1707177600000,0.3052,0.3097,0.3029,0.3059,4040339.7
1707264000000,0.306,0.3149,0.3027,0.3142,5648852.5
1707350400000,0.3144,0.3177,0.3105,0.3141,5415136.2
1707436800000,0.3145,0.325,0.3143,0.3229,5464516.9
1707523200000,0.323,0.3286,0.3178,0.3254,4772751.7
1707609600000,0.3255,0.3299,0.3237,0.3265,4826880.5
1707696000000,0.3265,0.3361,0.3189,0.3337,6334661.1
1707782400000,0.3339,0.3373,0.3171,0.3249,10324627.9
1707868800000,0.3249,0.3368,0.322,0.3333,7771028.6
1707955200000,0.3334,0.343,0.3298,0.3377,13561005.7
1708041600000,0.3378,0.3492,0.3342,0.3424,11065180.2
1708128000000,0.3424,0.3504,0.3309,0.3452,10755562.5
1708214400000,0.3452,0.3557,0.343,0.3502,11058097.9
1708300800000,0.3503,0.365,0.3491,0.3595,12438475.3
1708387200000,0.3595,0.3655,0.3371,0.3536,15599654.1
1708473600000,0.3536,0.3613,0.3306,0.3476,11319717.2
1708560000000,0.3477,0.3557,0.3362,0.3473,8363970.1
1708646400000,0.3472,0.3577,0.3404,0.3493,10979902.6
1708732800000,0.3495,0.3636,0.3444,0.3613,8762157.1
1708819200000,0.3617,0.3751,0.3569,0.3725,15671935.2
1708905600000,0.3724,0.385,0.3541,0.3766,15160540.8
1708992000000,0.3767,0.3817,0.3682,0.3785,14931595.5
1709078400000,0.3786,0.4058,0.3479,0.3859,34382788.2
1709164800000,0.3859,0.4128,0.3795,0.3993,23122562.9
1709251200000,0.3995,0.4321,0.3993,0.4294,20507099.6
1709337600000,0.4295,0.4526,0.42,0.4526,15361753.3
1709424000000,0.4523,0.4525,0.4,0.4406,15873569.5
1709510400000,0.4406,0.55,0.4405,0.4911,82541599.5
1709596800000,0.4911,0.5006,0.376,0.4297,49409183.7
1709683200000,0.4297,0.4858,0.4268,0.4805,36877060.4
1709769600000,0.4813,0.4978,0.4702,0.4934,16837522.5
1709856000000,0.4938,0.4974,0.4541,0.4878,21027825.8
1709942400000,0.488,0.5266,0.4878,0.5015,18848060.6
1710028800000,0.5018,0.517,0.4744,0.4959,14485185.8
1710115200000,0.4965,0.55,0.4644,0.5303,26312510.0
1710201600000,0.5302,0.5363,0.4814,0.5263,25588335.5
1710288000000,0.5263,0.571,0.5186,0.5541,41502847.6
1710374400000,0.554,0.5541,0.4924,0.5274,30719250.0
1710460800000,0.5273,0.5338,0.4441,0.4851,28875544.2
1710547200000,0.4851,0.4859,0.4253,0.4379,23465770.8
1710633600000,0.4381,0.4507,0.407,0.4469,18954257.5
1710720000000,0.4471,0.4508,0.4102,0.4171,17022640.7
1710806400000,0.4169,0.4218,0.3643,0.3798,30288503.7
1710892800000,0.38,0.4229,0.3625,0.421,26327993.3
1710979200000,0.4209,0.429,0.4091,0.4219,15011782.5
1711065600000,0.4218,0.4317,0.3949,0.4107,24454310.7
1711152000000,0.4106,0.4252,0.4055,0.4164,9272733.0
1711238400000,0.4163,0.437,0.416,0.4353,9151620.0
1711324800000,0.4354,0.4841,0.4305,0.4725,48095083.7
1711411200000,0.4723,0.54,0.4706,0.5002,45136940.9
1711497600000,0.5002,0.5031,0.4658,0.4826,17732983.6
1711584000000,0.4823,0.5097,0.4675,0.4966,15555409.1
1711670400000,0.4967,0.5182,0.4788,0.511,14506164.4
1711756800000,0.511,0.511,0.4836,0.4871,9898518.9
1711843200000,0.487,0.4964,0.4812,0.4956,6041749.8
1711929600000,0.4956,0.4969,0.4497,0.4628,12143819.1
1712016000000,0.4627,0.4627,0.4177,0.426,21364399.0
1712102400000,0.4258,0.4392,0.41,0.4221,16092997.4
1712188800000,0.4216,0.456,0.4138,0.447,12388060.6
1712275200000,0.4469,0.4471,0.4184,0.4375,7652757.9
1712361600000,0.4375,0.448,0.4359,0.4435,3881177.1
1712448000000,0.4431,0.4598,0.4419,0.4538,8377354.0
1712534400000,0.4535,0.4782,0.4409,0.4734,8600303.9
1712620800000,0.4733,0.4802,0.4531,0.4614,9233829.4
1712707200000,0.4611,0.4646,0.4333,0.4553,9500416.9
1712793600000,0.4554,0.461,0.4426,0.456,4976798.4
1712880000000,0.456,0.4777,0.355,0.3898,34640594.7
1712966400000,0.3897,0.3906,0.2801,0.3226,40669677.1
1713052800000,0.3226,0.3493,0.3079,0.3451,20213588.4
1713139200000,0.3451,0.37,0.3187,0.3288,14176960.7
1713225600000,0.3288,0.3408,0.3184,0.3339,11108926.7
1713312000000,0.3338,0.339,0.3145,0.3231,9077901.9
1713398400000,0.3231,0.337,0.3153,0.3336,7873294.1
1713484800000,0.3333,0.3472,0.3077,0.339,9723035.3
1713571200000,0.339,0.3679,0.3343,0.3654,6837695.1
1713657600000,0.3653,0.367,0.353,0.3596,4775863.4
1713744000000,0.3598,0.3761,0.3585,0.3731,6480374.8
1713830400000,0.3728,0.3763,0.364,0.3718,5734296.5
1713916800000,0.3718,0.3891,0.3576,0.3618,16818874.7
1714003200000,0.362,0.3691,0.3487,0.3621,8108337.8
1714089600000,0.3618,0.3625,0.3452,0.351,6643260.8
1714176000000,0.3511,0.3649,0.3358,0.3493,14151299.9
1714262400000,0.3494,0.356,0.342,0.3429,6304559.9
1714348800000,0.3428,0.3477,0.3313,0.3452,9832382.1
1714435200000,0.3454,0.3491,0.3166,0.3258,10263195.3
1714521600000,0.3257,0.337,0.3067,0.3268,10922609.4
1714608000000,0.3268,0.3393,0.3161,0.3357,7799436.6
1714694400000,0.3356,0.3493,0.3326,0.3469,7236738.2
1714780800000,0.3466,0.3502,0.3422,0.3452,5123468.0
1714867200000,0.3453,0.3521,0.3384,0.3462,5557654.5
1714953600000,0.3463,0.3544,0.3383,0.3404,7376639.1
1715040000000,0.3405,0.3475,0.3345,0.3358,4510304.4
1715126400000,0.3358,0.3428,0.3259,0.3301,7217162.9
1715212800000,0.3297,0.3406,0.3228,0.3389,4869104.0
1715299200000,0.3388,0.3442,0.3239,0.3262,6359090.5
1715385600000,0.3261,0.3307,0.3226,0.3246,3112405.5
1715472000000,0.3243,0.3285,0.3192,0.3209,5057980.5
1715558400000,0.3209,0.3284,0.308,0.3221,6914375.3
1715644800000,0.3221,0.3246,0.3114,0.3124,5835089.6
1715731200000,0.3124,0.3336,0.3096,0.3324,4569284.4
1715817600000,0.3324,0.3379,0.3272,0.3304,4514327.3
1715904000000,0.3303,0.3416,0.3273,0.3394,3446605.4
1715990400000,0.3393,0.3429,0.3355,0.3382,2738794.6
1716076800000,0.3382,0.34,0.3207,0.3228,3906834.2
1716163200000,0.3228,0.3525,0.3158,0.3525,6612310.9
1716249600000,0.3526,0.3567,0.3468,0.3503,5681950.8
1716336000000,0.3503,0.3521,0.3415,0.3456,4133175.4
1716422400000,0.3456,0.3497,0.3228,0.3373,8024633.7
1716508800000,0.3372,0.3489,0.3319,0.3484,5421126.1
1716595200000,0.3484,0.3856,0.3459,0.3658,29018627.2
1716681600000,0.3658,0.3757,0.3497,0.3528,11628316.8
1716768000000,0.3526,0.3616,0.345,0.3564,9666003.5
1716854400000,0.3561,0.358,0.344,0.3551,8259868.5
1716940800000,0.3551,0.3598,0.3487,0.3494,7507739.2
1717027200000,0.3492,0.3554,0.3384,0.344,7901961.6
1717113600000,0.344,0.347,0.3351,0.3401,4958481.6
1717200000000,0.34,0.3423,0.3364,0.34,2725193.2
1717286400000,0.3401,0.346,0.3321,0.3339,6384883.4
1717372800000,0.3339,0.355,0.33,0.336,11837233.8
1717459200000,0.3359,0.3459,0.3304,0.3451,6301111.3
1717545600000,0.345,0.3538,0.3447,0.3504,6724082.2
1717632000000,0.3504,0.3576,0.3413,0.3465,9003098.1
1717718400000,0.3463,0.3532,0.2911,0.3162,10573560.5
1717804800000,0.3163,0.3195,0.2977,0.3022,6544513.1
1717891200000,0.3018,0.3077,0.2991,0.306,3111328.9
1717977600000,0.306,0.3092,0.2983,0.3026,3478155.8
1718064000000,0.3024,0.3028,0.2829,0.2887,6515783.6
1718150400000,0.2888,0.3059,0.2831,0.3016,5754101.4
1718236800000,0.3017,0.3025,0.2864,0.2909,3785100.5
1718323200000,0.2911,0.2956,0.2745,0.2788,5521879.8
1718409600000,0.2788,0.2845,0.2773,0.2832,2283876.8
1718496000000,0.2832,0.2838,0.2757,0.2762,3515376.3
1718582400000,0.2762,0.2835,0.245,0.2543,12665343.1
1718668800000,0.2545,0.2555,0.221,0.2418,14109661.6
1718755200000,0.2417,0.2524,0.2392,0.2455,5950825.3
1718841600000,0.2451,0.2576,0.2442,0.2529,5794815.9
1718928000000,0.2531,0.2671,0.2479,0.2507,10167435.7
1719014400000,0.2508,0.2566,0.2477,0.2523,4102861.5
1719100800000,0.2524,0.2556,0.2426,0.2448,3697066.0
1719187200000,0.245,0.2505,0.2326,0.2499,6915028.5
1719273600000,0.2497,0.2584,0.2483,0.2545,3615744.4
1719360000000,0.2543,0.2566,0.2464,0.2515,3520713.2
1719446400000,0.2513,0.2597,0.2482,0.257,6419740.0
1719532800000,0.257,0.2627,0.2501,0.2506,3796074.8
1719619200000,0.2506,0.2553,0.2425,0.2441,2955707.3
1719705600000,0.2441,0.2485,0.2402,0.2467,3735010.5
1719792000000,0.2467,0.2507,0.2398,0.2469,5264019.3
1719878400000,0.2469,0.2523,0.2429,0.2443,3649608.8
1719964800000,0.2445,0.2462,0.2349,0.2409,5389999.9
1720051200000,0.2407,0.2418,0.2195,0.221,7422686.8
1720137600000,0.2211,0.2225,0.1934,0.2192,21373746.2
1720224000000,0.2191,0.2329,0.2176,0.2319,4233844.7
1720310400000,0.2319,0.2331,0.2156,0.2171,3920623.2
1720396800000,0.217,0.2272,0.2081,0.2196,8609614.1
1720483200000,0.2196,0.2324,0.2187,0.2306,4884059.6
1720569600000,0.2305,0.236,0.2279,0.2354,3343053.6
1720656000000,0.235,0.24,0.2276,0.2286,3886317.9
1720742400000,0.2287,0.2336,0.2264,0.2301,3150646.3
1720828800000,0.2301,0.2396,0.2297,0.2377,3862090.0
1720915200000,0.2378,0.2453,0.2363,0.2443,3403754.1
1721001600000,0.2443,0.2584,0.2425,0.258,5464745.2
1721088000000,0.258,0.2624,0.2467,0.259,6509086.3
1721174400000,0.2589,0.2642,0.2545,0.2548,4553241.1
1721260800000,0.2549,0.2607,0.249,0.2537,3076214.2
1721347200000,0.2536,0.2746,0.2497,0.2625,7912587.3
1721433600000,0.2626,0.2649,0.2596,0.2629,4454133.8
1721520000000,0.2627,0.2732,0.2536,0.272,6089157.9
1721606400000,0.2721,0.2722,0.257,0.2587,3478883.3
1721692800000,0.2586,0.2618,0.2491,0.2543,3995561.3
1721779200000,0.2542,0.2614,0.2446,0.2464,3742712.2
1721865600000,0.2465,0.2477,0.2327,0.2405,4210856.4
1721952000000,0.2403,0.2514,0.2401,0.2509,2585850.9
1722038400000,0.251,0.2645,0.2502,0.2599,10014689.0
1722124800000,0.2597,0.2605,0.2498,0.2519,2750914.6
1722211200000,0.2521,0.2576,0.2498,0.2523,3795870.9
1722297600000,0.2522,0.2557,0.241,0.2446,2912946.6
1722384000000,0.2446,0.27,0.2422,0.248,22037898.1
1722470400000,0.248,0.2495,0.2218,0.2344,8539509.2
1722556800000,0.2343,0.2353,0.2152,0.2198,6397407.8
1722643200000,0.2201,0.2321,0.2075,0.215,11643519.2
1722729600000,0.2147,0.217,0.1968,0.2018,7031072.6
1722816000000,0.2019,0.2038,0.1626,0.1886,23940659.3
1722902400000,0.1888,0.2007,0.1883,0.1978,6256447.9
1722988800000,0.1978,0.204,0.1898,0.1931,4983396.1
1723075200000,0.193,0.2136,0.1899,0.2132,5628388.5
1723161600000,0.2132,0.2137,0.2068,0.2134,3536567.8
1723248000000,0.2134,0.215,0.2095,0.2137,3351831.6
1723334400000,0.2137,0.215,0.2009,0.2036,9839656.6
1723420800000,0.2036,0.2188,0.2017,0.2142,13952580.0
1723507200000,0.2144,0.2179,0.2076,0.2137,11142459.7
1723593600000,0.2136,0.2141,0.2052,0.209,5801056.9
1723680000000,0.2089,0.2157,0.198,0.1993,6693676.9
1723766400000,0.1993,0.2049,0.1943,0.201,4770233.9
1723852800000,0.2009,0.2035,0.1989,0.2025,1974058.1
1723939200000,0.2023,0.2095,0.1991,0.2043,3709806.3
1724025600000,0.2043,0.2197,0.2022,0.2124,6086157.3
1724112000000,0.2127,0.2156,0.2084,0.2139,4423891.4
1724198400000,0.2139,0.2258,0.2129,0.2241,5028317.0
1724284800000,0.2242,0.2272,0.2207,0.2257,4026195.6
1724371200000,0.2256,0.2408,0.2249,0.2387,5313790.3
1724457600000,0.2388,0.2451,0.2354,0.2429,5201765.1
1724544000000,0.2428,0.2439,0.2334,0.2384,3235318.9
1724630400000,0.2386,0.2405,0.223,0.2243,4880504.3
1724716800000,0.2243,0.2283,0.206,0.2094,5702650.5
1724803200000,0.2094,0.2157,0.2029,0.209,3719995.3
1724889600000,0.2089,0.2155,0.2041,0.2077,2740069.4
1724976000000,0.2076,0.2121,0.1989,0.2067,3929422.4
1725062400000,0.2065,0.2081,0.1996,0.2014,2479863.0
1725148800000,0.2013,0.202,0.1906,0.1921,3709001.5
1725235200000,0.1921,0.2024,0.1909,0.2001,4350707.5
1725321600000,0.2003,0.2026,0.1915,0.1919,3038808.1
1725408000000,0.1919,0.2,0.1821,0.1975,4092257.4
1725494400000,0.1974,0.1989,0.1896,0.1907,2061057.2
1725580800000,0.1909,0.1938,0.1756,0.1806,5495133.2
1725667200000,0.1807,0.1852,0.1789,0.1832,2973765.3
1725753600000,0.1833,0.1911,0.1825,0.1883,2219029.5
1725840000000,0.1885,0.2014,0.1877,0.1995,5054938.9
1725926400000,0.1994,0.2028,0.1962,0.2011,3588713.4
1726012800000,0.2013,0.2129,0.1937,0.2059,8403100.4
1726099200000,0.206,0.2102,0.2014,0.2101,3844394.6
1726185600000,0.21,0.215,0.2062,0.2134,4501707.5
1726272000000,0.2137,0.2139,0.2082,0.2106,1953060.0
1726358400000,0.2106,0.2135,0.2032,0.2046,1762236.0
1726444800000,0.2045,0.207,0.1942,0.1962,3687518.9
1726531200000,0.1961,0.2022,0.1943,0.2002,3053714.3
1726617600000,0.2003,0.21,0.1938,0.2097,6467028.3
1726704000000,0.2096,0.333,0.2096,0.3186,162579777.2
1726790400000,0.3186,0.365,0.2875,0.2947,134626981.9
1726876800000,0.2944,0.2947,0.2631,0.2759,46576217.1
1726963200000,0.2759,0.2759,0.2505,0.2587,23550175.0
1727049600000,0.2587,0.2669,0.2528,0.2644,13868497.8
1727136000000,0.2646,0.2744,0.2589,0.2721,18920306.1
1727222400000,0.272,0.2753,0.2594,0.2606,13026280.1
1727308800000,0.2606,0.2697,0.2563,0.266,10157901.5
1727395200000,0.2659,0.2725,0.263,0.271,9558078.6
1727481600000,0.2711,0.275,0.2614,0.2717,8418324.7
1727568000000,0.2715,0.2843,0.2645,0.2765,20137481.5
1727654400000,0.2767,0.2772,0.2501,0.2536,8985883.4
1727740800000,0.2531,0.2605,0.2217,0.2295,19871969.5
1727827200000,0.2292,0.2355,0.2162,0.2212,6221233.3
1727913600000,0.2213,0.2409,0.2196,0.2312,30293981.0
1728000000000,0.231,0.2424,0.2254,0.2422,7686942.4
1728086400000,0.2422,0.2438,0.2326,0.2365,4853376.1
1728172800000,0.2366,0.243,0.2323,0.242,3764282.5
1728259200000,0.2421,0.2477,0.2351,0.2352,6303059.2
1728345600000,0.2351,0.2381,0.229,0.2329,4947757.2
1728432000000,0.2329,0.2365,0.2239,0.2267,3924579.8
1728518400000,0.2266,0.2286,0.2168,0.2243,3127271.0
1728604800000,0.2243,0.325,0.2239,0.279,149006232.9
1728691200000,0.2787,0.3114,0.2727,0.2866,51367883.7
1728777600000,0.2865,0.2935,0.2675,0.2718,15211663.4
1728864000000,0.2713,0.2742,0.2628,0.274,13252308.5
1728950400000,0.2741,0.2744,0.2528,0.2619,14174802.0
1729036800000,0.262,0.2624,0.2534,0.2572,6750013.2
1729123200000,0.2572,0.2586,0.2504,0.256,4956653.4
1729209600000,0.2559,0.2613,0.2516,0.2597,6519436.4
1729296000000,0.2596,0.2628,0.2547,0.2588,3752819.8
1729382400000,0.2586,0.267,0.253,0.2668,5774136.2
1729468800000,0.2668,0.2682,0.251,0.2532,6414617.9
1729555200000,0.2532,0.2555,0.2481,0.2534,4414392.5
1729641600000,0.2534,0.2537,0.236,0.2428,4988152.2
1729728000000,0.2428,0.2501,0.2385,0.2483,3262589.1
1729814400000,0.2482,0.2487,0.2125,0.224,10754956.5
1729900800000,0.224,0.228,0.2174,0.223,5104025.4
1729987200000,0.223,0.2781,0.2209,0.2546,95039481.0
1730073600000,0.2545,0.2877,0.242,0.2512,80568901.5
1730160000000,0.251,0.2655,0.2502,0.2572,24186991.1
1730246400000,0.2571,0.2596,0.2507,0.255,14254079.4
1730332800000,0.2552,0.2602,0.2398,0.2431,9900359.2
1730419200000,0.2431,0.2469,0.2338,0.2365,6845497.3
1730505600000,0.2364,0.2599,0.2362,0.2417,36400030.8
1730592000000,0.2416,0.2645,0.2405,0.2554,57868834.0
1730678400000,0.2551,0.2695,0.2359,0.2407,34119265.7
1730764800000,0.2407,0.2579,0.2386,0.2519,20534363.5
1730851200000,0.252,0.2888,0.252,0.2852,51462933.3
1730937600000,0.2855,0.3557,0.2817,0.3178,121318027.3
1731024000000,0.3178,0.3265,0.3013,0.3053,25855697.3
1731110400000,0.3053,0.3094,0.291,0.3078,26933441.5
1731196800000,0.3078,0.322,0.2962,0.3092,40620010.5
1731283200000,0.3092,0.3744,0.3048,0.3417,90127137.8
1731369600000,0.3418,0.457,0.3414,0.3673,189836981.1
1731456000000,0.3673,0.3691,0.324,0.3429,45554558.4
1731542400000,0.3426,0.3427,0.3148,0.3234,22690209.3
1731628800000,0.3235,0.3474,0.3158,0.346,14339413.7
1731715200000,0.3454,0.3638,0.3418,0.3625,19965098.9
1731801600000,0.3625,0.3626,0.3361,0.3494,13205751.6
1731888000000,0.3493,0.3762,0.3475,0.3717,22789272.9
1731974400000,0.3716,0.3716,0.3527,0.3638,11101656.2
1732060800000,0.364,0.3642,0.3327,0.3388,12014247.7
1732147200000,0.3386,0.3647,0.3263,0.3606,18755503.3
1732233600000,0.3607,0.3662,0.3444,0.3662,13084259.2
1732320000000,0.3663,0.417,0.3598,0.3971,49398926.1
1732406400000,0.3969,0.4145,0.3651,0.4055,27612369.2
1732492800000,0.4056,0.4166,0.3776,0.386,23627000.2
1732579200000,0.3858,0.4015,0.3538,0.3879,20104835.5
1732665600000,0.3879,0.4127,0.3756,0.4114,15540647.0
1732752000000,0.4115,0.4116,0.387,0.3991,13126474.6
1732838400000,0.3991,0.4224,0.3884,0.4182,12093949.2
1732924800000,0.4183,0.4268,0.4063,0.4209,12354155.8
1733011200000,0.421,0.4582,0.4023,0.4576,24973737.1
1733097600000,0.4573,0.4716,0.4102,0.4515,35211114.7
1733184000000,0.4514,0.4715,0.4011,0.4638,56418997.9
1733270400000,0.4639,0.4824,0.4509,0.4669,28990819.7
1733356800000,0.4672,0.4753,0.431,0.4438,27812548.5
1733443200000,0.4438,0.4634,0.4275,0.4568,16350574.7
1733529600000,0.4569,0.4585,0.4396,0.4443,8859804.0
1733616000000,0.4444,0.4494,0.4292,0.4435,5954774.5
1733702400000,0.4436,0.445,0.3216,0.3624,39387051.8
1733788800000,0.3622,0.3686,0.3182,0.3514,26809001.9
1733875200000,0.3514,0.3863,0.3363,0.3846,11830915.8
1733961600000,0.3846,0.4019,0.3784,0.3879,16002616.8
1734048000000,0.3882,0.3905,0.3722,0.3822,8374699.7
1734134400000,0.3823,0.3878,0.3538,0.3601,8282398.1
1734220800000,0.3601,0.3769,0.3526,0.3752,8863184.3
1734307200000,0.3754,0.3845,0.3531,0.366,11060889.5
1734393600000,0.366,0.3673,0.3418,0.3454,8406453.7
1734480000000,0.3456,0.3472,0.3065,0.3133,15749935.7
1734566400000,0.3131,0.3231,0.28,0.2879,28251003.1
1734652800000,0.288,0.3072,0.2611,0.3054,31667055.6
1734739200000,0.305,0.3281,0.2972,0.3043,10580735.6
1734825600000,0.3043,0.3185,0.2942,0.3039,16555780.7
1734912000000,0.3039,0.3266,0.2943,0.3213,8229104.1
1734998400000,0.3214,0.3348,0.314,0.3276,9694979.8
1735084800000,0.3276,0.3315,0.3143,0.319,5547901.7
1735171200000,0.3194,0.3212,0.2914,0.2955,6796676.1
1735257600000,0.2958,0.3121,0.2924,0.2995,6423808.8
1735344000000,0.2993,0.316,0.2981,0.3158,6149084.0
1735430400000,0.3157,0.3168,0.295,0.2977,7407097.7
1735516800000,0.2979,0.4122,0.2959,0.3588,219514280.5
1735603200000,0.3587,0.3905,0.324,0.336,84646969.6
1735689600000,0.3359,0.34,0.3079,0.3235,30900342.8
1735776000000,0.3235,0.3343,0.3174,0.3294,25702397.7
1735862400000,0.3293,0.346,0.3213,0.3402,16733589.4
1735948800000,0.3403,0.3484,0.335,0.3402,9788036.9
1736035200000,0.34,0.3811,0.3345,0.368,56003843.6
1736121600000,0.3681,0.3804,0.3537,0.3712,24664712.3
1736208000000,0.3713,0.3908,0.332,0.3338,31791237.7
1736294400000,0.3339,0.3548,0.3192,0.3502,21970225.7
1736380800000,0.3501,0.3622,0.3379,0.3564,25328830.2
1736467200000,0.3564,0.3566,0.3331,0.3432,17996859.6
1736553600000,0.3431,0.3546,0.3381,0.3479,12298638.8
1736640000000,0.348,0.358,0.3311,0.3352,8972251.9
1736726400000,0.335,0.3429,0.2939,0.3203,14928160.6
1736812800000,0.3205,0.3339,0.3152,0.3321,7126234.1
1736899200000,0.3321,0.346,0.3197,0.3459,9021014.7
1736985600000,0.3459,0.3462,0.3307,0.3367,8654255.2
1737072000000,0.3369,0.3569,0.3366,0.3547,8824138.7
1737158400000,0.3541,0.3565,0.3224,0.3294,11522662.2
1737244800000,0.329,0.3363,0.293,0.3001,29860026.1
1737331200000,0.2994,0.327,0.2899,0.3048,24478427.1
1737417600000,0.3044,0.3185,0.2919,0.3144,7227993.1
1737504000000,0.3143,0.3188,0.3058,0.3074,4060961.5
1737590400000,0.3074,0.3078,0.2924,0.3026,7484478.7
1737676800000,0.3026,0.3127,0.2909,0.2997,5918040.1
1737763200000,0.2998,0.3085,0.2949,0.3046,5171694.3
1737849600000,0.3047,0.3185,0.2992,0.2997,8955614.2
1737936000000,0.2994,0.3005,0.268,0.2879,10300693.6
1738022400000,0.288,0.2922,0.2705,0.2724,4881513.0
1738108800000,0.2723,0.2894,0.2692,0.2801,5881146.0
1738195200000,0.2801,0.2949,0.2777,0.2894,3552106.3
1738281600000,0.2895,0.304,0.2855,0.2916,5155548.4
1738368000000,0.2916,0.2979,0.2674,0.2692,5830588.8
1738454400000,0.2693,0.2764,0.22,0.2342,16366473.8
1738540800000,0.2342,0.2427,0.1772,0.2385,38199897.9
1738627200000,0.2384,0.2412,0.2166,0.2264,12893150.6
1738713600000,0.2261,0.2337,0.2189,0.2221,6052635.7
1738800000000,0.2222,0.2262,0.2083,0.2108,7648517.1
1738886400000,0.2109,0.2252,0.206,0.2123,6941886.1
1738972800000,0.2113,0.2241,0.2098,0.2224,3545213.4
1739059200000,0.2224,0.2304,0.2159,0.2258,6804810.8
1739145600000,0.2257,0.2371,0.218,0.2366,5633690.6
1739232000000,0.2364,0.2482,0.2292,0.2321,5204834.7
1739318400000,0.2315,0.2584,0.2254,0.2555,11924977.3
1739404800000,0.2557,0.2559,0.2397,0.2423,5280269.5
1739491200000,0.2423,0.2502,0.2402,0.2457,4872585.7
1739577600000,0.2456,0.248,0.2375,0.2398,3985382.6
1739664000000,0.2398,0.2659,0.2367,0.2451,34875984.7
1739750400000,0.245,0.2929,0.243,0.2525,79355590.6
1739836800000,0.2524,0.2786,0.2384,0.2487,60935130.3
1739923200000,0.2486,0.253,0.2385,0.2459,11247879.7
1740009600000,0.246,0.2552,0.2451,0.2541,8896126.7
1740096000000,0.2539,0.2616,0.2416,0.2437,12582276.5
1740182400000,0.2436,0.2506,0.2414,0.2496,3564569.7
1740268800000,0.2496,0.2577,0.2459,0.2482,5425608.6
1740355200000,0.2483,0.2497,0.2123,0.2172,7938395.6
1740441600000,0.2172,0.226,0.2044,0.2228,9111034.3
1740528000000,0.2228,0.2263,0.2141,0.2235,4931380.8
1740614400000,0.2235,0.2315,0.2196,0.2252,4558442.9
1740700800000,0.2251,0.2257,0.2035,0.2229,8619984.7
1740787200000,0.2229,0.2244,0.2149,0.2194,2234443.2
1740873600000,0.2192,0.2379,0.2138,0.2367,7481326.8
1740960000000,0.2367,0.2386,0.2033,0.2057,9296516.5
1741046400000,0.2055,0.208,0.1898,0.2053,8193757.3
1741132800000,0.2053,0.2113,0.2006,0.2102,3234301.4
1741219200000,0.2101,0.2152,0.2036,0.206,2597761.5
1741305600000,0.2059,0.2117,0.1959,0.2045,4130853.1
1741392000000,0.2042,0.2061,0.1973,0.1992,1851750.1
1741478400000,0.1991,0.2018,0.179,0.1807,4951113.2
1741564800000,0.1809,0.1938,0.1713,0.1745,6187079.5
1741651200000,0.1746,0.1875,0.1645,0.1845,10757632.5
1741737600000,0.185,0.1942,0.1796,0.191,4421049.8
1741824000000,0.1911,0.197,0.1864,0.1925,9707285.2
1741910400000,0.1927,0.2009,0.1919,0.1976,3982890.9
1741996800000,0.1977,0.2022,0.1969,0.1995,2870991.2
1742083200000,0.1995,0.2011,0.1905,0.1914,3543339.8
1742169600000,0.1913,0.2039,0.1912,0.2024,3553243.8
1742256000000,0.2022,0.2084,0.1961,0.2033,8949585.5
1742342400000,0.2034,0.2093,0.2021,0.209,7656156.8
1742428800000,0.209,0.21,0.2018,0.2045,2824960.3
1742515200000,0.2044,0.2054,0.198,0.2005,2633461.9
1742601600000,0.2006,0.2097,0.2004,0.209,4001540.5
1742688000000,0.209,0.2109,0.204,0.206,2476170.6
1742774400000,0.2058,0.2183,0.2029,0.217,4394576.5
1742860800000,0.2169,0.2196,0.2141,0.2176,2567164.8
1742947200000,0.2176,0.2203,0.2116,0.2154,2562986.4
1743033600000,0.2154,0.2189,0.2104,0.2152,1952480.4
1743120000000,0.2151,0.217,0.193,0.1959,4490125.6
1743206400000,0.1959,0.1971,0.1832,0.1858,2395458.2
1743292800000,0.1857,0.199,0.1823,0.1857,12280153.9
1743379200000,0.1859,0.1877,0.1773,0.1842,4695018.8
1743465600000,0.1842,0.1885,0.18,0.1827,5545062.3
1743552000000,0.1828,0.1838,0.1659,0.1674,12471461.2
1743638400000,0.1675,0.1759,0.1643,0.1746,6248163.4
1743724800000,0.1747,0.1775,0.1681,0.1755,4639711.0
1743811200000,0.1756,0.178,0.1718,0.1765,3476380.2
1743897600000,0.1765,0.1775,0.154,0.1568,9181057.0
1743984000000,0.1564,0.1629,0.1416,0.1567,14430981.9
1744070400000,0.1565,0.1623,0.151,0.1526,3545172.9
1744156800000,0.1525,0.1685,0.1463,0.1673,8075899.7
1744243200000,0.1671,0.1694,0.1593,0.1656,6787414.7
1744329600000,0.1656,0.175,0.1652,0.1722,4957437.3
1744416000000,0.1721,0.2686,0.1709,0.208,119642341.5
1744502400000,0.2079,0.2079,0.181,0.1848,37723712.6
1744588800000,0.1847,0.1883,0.1768,0.186,13642874.8
1744675200000,0.1859,0.2064,0.182,0.1935,25940495.0
1744761600000,0.1934,0.2252,0.1932,0.2051,45199493.3
1744848000000,0.2051,0.225,0.1982,0.2154,17483753.5
1744934400000,0.2154,0.2227,0.2065,0.2186,15632050.2
1745020800000,0.2184,0.2218,0.2129,0.2159,7563135.4
1745107200000,0.2159,0.2312,0.2083,0.2099,11212980.8
1745193600000,0.21,0.2138,0.2047,0.2063,8638951.2
1745280000000,0.2063,0.2169,0.198,0.2154,11097885.9
1745366400000,0.2153,0.2183,0.2065,0.2111,10345914.4
1745452800000,0.2111,0.2126,0.2016,0.2084,6772359.4
1745539200000,0.2084,0.219,0.2033,0.2158,9925991.0
1745625600000,0.2158,0.221,0.2091,0.2141,5616575.1
1745712000000,0.214,0.2168,0.2021,0.2035,5590205.5
1745798400000,0.2037,0.2128,0.1957,0.21,16576438.0
1745884800000,0.2101,0.2149,0.2046,0.2096,6447975.4
1745971200000,0.2095,0.2108,0.1968,0.2038,5722214.4
1746057600000,0.2038,0.2086,0.2024,0.2035,4012183.9
1746144000000,0.2035,0.2062,0.2004,0.2051,2962617.3
1746230400000,0.2052,0.2114,0.1943,0.1978,10578192.5
1746316800000,0.1977,0.1994,0.1922,0.1932,5646221.1
1746403200000,0.1932,0.1983,0.1861,0.1965,5711269.2
1746489600000,0.1965,0.1972,0.1786,0.1859,5988094.9
1746576000000,0.1859,0.1904,0.183,0.1875,4437675.0
1746662400000,0.1876,0.214,0.1876,0.21,9849402.3
1746748800000,0.21,0.2213,0.2086,0.2208,9967602.4
1746835200000,0.2211,0.2352,0.2178,0.2345,9179662.5
1746921600000,0.2345,0.2363,0.2238,0.2287,8565406.7
1747008000000,0.2288,0.2539,0.2174,0.2303,18345380.4
1747094400000,0.2303,0.2332,0.2155,0.2314,6057251.3
1747180800000,0.2315,0.2334,0.2178,0.2213,6037177.9
1747267200000,0.2211,0.2237,0.2043,0.2109,7860116.0
1747353600000,0.2105,0.2145,0.2028,0.2042,4694773.1
1747440000000,0.2043,0.2061,0.1974,0.1986,6151266.3
1747526400000,0.1987,0.2105,0.1934,0.2081,17702504.7
1747612800000,0.2078,0.209,0.19,0.2001,7622154.2
1747699200000,0.2003,0.2039,0.1949,0.2008,5947990.4
1747785600000,0.2009,0.205,0.1947,0.2024,6401976.3
1747872000000,0.2025,0.211,0.2022,0.2104,4498084.5
1747958400000,0.2105,0.2146,0.1923,0.1944,12263409.0
1748044800000,0.1942,0.1982,0.1932,0.1944,2914784.1
1748131200000,0.1945,0.1952,0.1869,0.1937,4654813.2
1748217600000,0.1938,0.1975,0.1911,0.1935,2268309.8
1748304000000,0.1934,0.1994,0.1882,0.1946,3104257.4
1748390400000,0.1946,0.1962,0.1889,0.1939,5711838.9
1748476800000,0.1938,0.1985,0.1888,0.1897,5538768.9
1748563200000,0.1897,0.191,0.1689,0.1706,17253467.0
1748649600000,0.1706,0.1753,0.1665,0.1736,4914015.6
1748736000000,0.1739,0.1779,0.1703,0.1772,2572252.0
1748822400000,0.1772,0.1844,0.1745,0.1835,3100231.9
1748908800000,0.1834,0.1873,0.1828,0.1841,3470047.4
1748995200000,0.1841,0.1868,0.1795,0.1808,3860045.2
1749081600000,0.1808,0.1817,0.1678,0.171,5546373.5
1749168000000,0.1711,0.1781,0.1701,0.174,1898831.2
1749254400000,0.1741,0.1792,0.1734,0.1783,1607782.2
1749340800000,0.1783,0.1792,0.1738,0.1776,1305121.8
1749427200000,0.1775,0.1845,0.1742,0.1842,2322024.0
1749513600000,0.1843,0.2015,0.1829,0.1921,9625374.0
1749600000000,0.192,0.1945,0.185,0.1871,4873790.8
1749686400000,0.187,0.1882,0.1763,0.1775,3984439.6
1749772800000,0.1773,0.1773,0.1643,0.1722,6974998.7
1749859200000,0.1722,0.1724,0.1644,0.1689,6766960.4
1749945600000,0.1688,0.1709,0.1647,0.1676,3780612.2
1750032000000,0.1675,0.1733,0.166,0.1679,3216228.3
1750118400000,0.1682,0.1704,0.1616,0.1628,4112580.0
1750204800000,0.1629,0.166,0.1588,0.1639,3197376.5
1750291200000,0.1639,0.1863,0.1599,0.1655,41692874.7
1750377600000,0.1655,0.1753,0.1623,0.1708,42197300.4
1750464000000,0.1709,0.1745,0.1609,0.165,15856935.8
1750550400000,0.1651,0.1658,0.1561,0.1639,10863352.7
1750636800000,0.1637,0.1775,0.1627,0.1762,8013500.3
1750723200000,0.1762,0.18,0.1749,0.1794,4976636.6
1750809600000,0.1794,0.1795,0.174,0.1762,5626382.6
1750896000000,0.1761,0.1789,0.1682,0.1699,5797628.1
1750982400000,0.1698,0.1728,0.1685,0.1722,4475075.4
1751068800000,0.1722,0.1728,0.1692,0.1725,1332101.3
1751155200000,0.1725,0.177,0.1697,0.176,2704137.4
1751241600000,0.1761,0.177,0.1634,0.1659,7693768.3
1751328000000,0.166,0.1677,0.1624,0.164,6711757.6
1751414400000,0.1639,0.1776,0.1636,0.1758,7971147.3
1751500800000,0.1763,0.1782,0.1735,0.1757,3228003.6
1751587200000,0.1757,0.1865,0.1748,0.1781,18822048.5
1751673600000,0.178,0.178,0.1693,0.1719,4591610.2
1751760000000,0.1719,0.1757,0.1702,0.1742,1985045.8
1751846400000,0.1742,0.1783,0.1706,0.1725,5490219.5
1751932800000,0.1725,0.1775,0.1708,0.1773,3125276.5
1752019200000,0.1773,0.1845,0.1759,0.1837,4503464.6
1752105600000,0.1837,0.1953,0.1816,0.1929,7907473.0
1752192000000,0.1929,0.2008,0.1905,0.1939,9039009.9
1752278400000,0.1939,0.2152,0.191,0.1994,21196373.7
1752364800000,0.1995,0.204,0.1963,0.2007,3366752.7
1752451200000,0.2008,0.2067,0.1957,0.199,5858571.0
1752537600000,0.1989,0.2024,0.192,0.202,5827418.8
1752624000000,0.202,0.2094,0.1994,0.2067,4784713.2
1752710400000,0.2068,0.2082,0.2013,0.2069,5221892.6
1752796800000,0.207,0.2163,0.2046,0.2088,5366697.4
1752883200000,0.2088,0.2105,0.2028,0.2103,4034172.8
1752969600000,0.2105,0.2271,0.2105,0.2237,20770816.0
1753056000000,0.2237,0.2275,0.2115,0.2242,7214841.3
1753142400000,0.2242,0.2248,0.2141,0.2241,6860895.3
1753228800000,0.2241,0.2252,0.1999,0.2059,7953060.9
1753315200000,0.2061,0.2072,0.1926,0.198,6853270.6
1753401600000,0.1981,0.2048,0.1937,0.2045,3725155.8
1753488000000,0.2047,0.2055,0.2014,0.2022,3032103.8
1753574400000,0.2023,0.2088,0.2021,0.2081,2987903.4
1753660800000,0.208,0.2124,0.1957,0.1974,5759505.7
1753747200000,0.197,0.1992,0.1904,0.1931,5980552.2
1753833600000,0.193,0.1932,0.1808,0.189,6708225.7
1753920000000,0.1892,0.1941,0.1813,0.1823,4073350.4
1754006400000,0.1823,0.1831,0.1745,0.1787,6007662.9
1754092800000,0.1787,0.1806,0.1703,0.1743,3509380.5
1754179200000,0.1742,0.1808,0.1719,0.1799,3003550.0
1754265600000,0.1799,0.1861,0.1756,0.186,4065659.5
1754352000000,0.1859,0.186,0.176,0.1786,3858442.1
1754438400000,0.1787,0.1809,0.1748,0.1803,4003998.3
1754524800000,0.1803,0.1858,0.1771,0.1856,4505911.6
1754611200000,0.1855,0.1922,0.1837,0.1907,3745405.2
1754697600000,0.1908,0.1957,0.1908,0.1939,3356095.7
1754784000000,0.1939,0.1973,0.1869,0.1909,4256611.7
1754870400000,0.1908,0.1955,0.182,0.1826,5348724.6
1754956800000,0.1826,0.1919,0.1798,0.1905,6185243.5
1755043200000,0.1905,0.1967,0.1892,0.1951,6650235.0
1755129600000,0.1951,0.197,0.1775,0.1801,9346834.3
1755216000000,0.1801,0.1846,0.1729,0.179,5344913.6
1755302400000,0.179,0.186,0.179,0.1851,3182609.5
1755388800000,0.185,0.1885,0.1824,0.1835,3655243.8
1755475200000,0.1834,0.1836,0.1745,0.1784,5034311.7
1755561600000,0.1784,0.1815,0.171,0.1716,5194983.9
1755648000000,0.1715,0.1794,0.1709,0.1788,3286106.6
1755734400000,0.1789,0.1801,0.1722,0.1732,3066763.2
1755820800000,0.1733,0.1946,0.1685,0.1891,10916133.7
1755907200000,0.1893,0.1901,0.1853,0.1884,3676967.7
1755993600000,0.1883,0.189,0.1793,0.1819,6556491.5
1756080000000,0.182,0.186,0.1701,0.1728,8100204.4
1756166400000,0.1724,0.179,0.169,0.1786,6461542.4
1756252800000,0.1786,0.1805,0.1765,0.1777,6350014.9
1756339200000,0.1776,0.1846,0.1768,0.1843,4662563.0
1756425600000,0.1844,0.2157,0.1727,0.1757,39121108.9
1756512000000,0.1757,0.1779,0.1733,0.1763,4254836.3
1756598400000,0.1764,0.1794,0.173,0.1732,5517623.1
1756684800000,0.173,0.1745,0.1645,0.1682,6218310.0
1756771200000,0.1683,0.1724,0.1668,0.1715,4067001.4
1756857600000,0.1715,0.1737,0.17,0.1726,2265557.6
1756944000000,0.1726,0.1732,0.1666,0.1678,5625066.0
1757030400000,0.1677,0.1735,0.1676,0.1709,3364393.5
1757116800000,0.1709,0.1711,0.1677,0.1687,1880850.7
1757203200000,0.1689,0.1715,0.1689,0.1708,2290397.5
1757289600000,0.1708,0.1749,0.1699,0.1741,3863233.2
1757376000000,0.174,0.1785,0.1732,0.176,4928795.8
1757462400000,0.1759,0.1794,0.1749,0.1783,4714174.1
1757548800000,0.1782,0.1795,0.1744,0.1784,3483936.4
1757635200000,0.1785,0.1821,0.1769,0.1817,4171108.6
1757721600000,0.1817,0.185,0.1802,0.1835,4439486.0
1757808000000,0.1835,0.1837,0.178,0.1785,3470868.6
1757894400000,0.1786,0.1808,0.1702,0.1729,5858801.2
1757980800000,0.1726,0.175,0.17,0.1747,2645139.7
1758067200000,0.1748,0.1785,0.1706,0.1771,3787611.1
1758153600000,0.1771,0.1798,0.1753,0.1788,2388618.1
1758240000000,0.1788,0.1804,0.1704,0.1714,4004081.7
1758326400000,0.1712,0.1759,0.1706,0.1751,2721437.2
1758412800000,0.1751,0.1776,0.1739,0.1743,4361553.8
1758499200000,0.1746,0.1747,0.1537,0.1618,11250471.5
1758585600000,0.1618,0.1644,0.1588,0.1614,6150249.0
1758672000000,0.1616,0.1669,0.1581,0.1645,5016027.2
1758758400000,0.1645,0.1645,0.1518,0.1532,9113156.5
1758844800000,0.1532,0.1586,0.1528,0.1585,4485475.5
1758931200000,0.1585,0.1587,0.155,0.1556,2820869.3
1759017600000,0.1557,0.1599,0.1533,0.1595,2874481.1
1759104000000,0.1595,0.1597,0.1547,0.157,2626409.2
1759190400000,0.1572,0.1572,0.1511,0.154,3540437.1
1759276800000,0.154,0.1618,0.1525,0.1617,4160428.2
1759363200000,0.1617,0.1652,0.1595,0.1652,4275014.2
1759449600000,0.1654,0.17,0.1614,0.1681,6731859.6
1759536000000,0.1681,0.1685,0.1591,0.1616,3539324.8
1759622400000,0.1616,0.1665,0.1591,0.1602,3368037.2
1759708800000,0.16,0.1656,0.1589,0.1637,3058287.4
1759795200000,0.1637,0.1646,0.1552,0.1555,6035934.3
1759881600000,0.1555,0.1613,0.1534,0.1591,3681530.6
1759968000000,0.1593,0.1594,0.1525,0.1566,4901522.3
1760054400000,0.1568,0.1596,0.0795,0.1179,21895909.0
1760140800000,0.1175,0.1258,0.1147,0.1185,15836616.0
1760227200000,0.1185,0.1317,0.1165,0.1298,5532375.5
1760313600000,0.1297,0.1389,0.1268,0.1376,7205682.5
1760400000000,0.138,0.1389,0.1254,0.133,5255882.2
1760486400000,0.1331,0.1365,0.1277,0.1297,3060538.4
1760572800000,0.1297,0.136,0.1238,0.1249,4602031.1
1760659200000,0.1248,0.1261,0.1164,0.1215,4700206.0
1760745600000,0.1216,0.1251,0.121,0.1234,1337098.3
1760832000000,0.1231,0.1271,0.1208,0.1248,2695764.0
1760918400000,0.1248,0.129,0.1215,0.1263,1732545.0
1761004800000,0.1264,0.1298,0.1197,0.1209,10290636.2
1761091200000,0.1207,0.1222,0.1146,0.1188,3764206.2
1761177600000,0.1188,0.1217,0.1185,0.1197,3384418.4
1761264000000,0.1198,0.124,0.1192,0.1235,1589393.3
1761350400000,0.1234,0.1236,0.121,0.1223,1897104.3
1761436800000,0.1223,0.1267,0.1209,0.126,4110670.4
1761523200000,0.1261,0.127,0.1224,0.1228,3495520.7
1761609600000,0.1229,0.124,0.1168,0.1181,2694357.2
1761696000000,0.1179,0.1202,0.1145,0.1172,3144636.2
1761782400000,0.1172,0.1192,0.1071,0.1089,7907402.4
1761868800000,0.1088,0.1124,0.1087,0.1111,3305788.4
1761955200000,0.111,0.116,0.1107,0.116,1761855.0
1762041600000,0.1159,0.1199,0.1141,0.1198,3107405.3
1762128000000,0.1197,0.1204,0.1006,0.1037,6529959.2
1762214400000,0.1038,0.1072,0.0954,0.1007,6165058.4
1762300800000,0.1008,0.1057,0.0952,0.1053,4257315.4
1762387200000,0.1052,0.1067,0.1002,0.1042,4700993.3
1762473600000,0.1042,0.1176,0.104,0.116,8754860.7
1762560000000,0.1161,0.1178,0.112,0.1171,4744861.9
1762646400000,0.117,0.1182,0.1112,0.1156,4949236.2
1762732800000,0.1155,0.1179,0.1133,0.1167,3295542.2
1762819200000,0.1169,0.131,0.1108,0.1109,25322181.0
1762905600000,0.111,0.1183,0.1095,0.1122,4238120.1
1762992000000,0.1122,0.1144,0.103,0.1056,4965748.3
1763078400000,0.1054,0.1061,0.1012,0.1029,3680126.1
1763164800000,0.103,0.1072,0.103,0.1059,3451040.4
1763251200000,0.1059,0.1067,0.1002,0.1034,2631351.3
1763337600000,0.1033,0.1058,0.0982,0.099,4754636.2
1763424000000,0.099,0.1016,0.0963,0.1004,4418626.7
1763510400000,0.1003,0.1003,0.0898,0.0941,6048805.5
1763596800000,0.094,0.099,0.0905,0.0936,5118271.4
1763683200000,0.0936,0.097,0.0845,0.0901,7110612.4
1763769600000,0.09,0.0912,0.0873,0.0901,2229301.9
1763856000000,0.0901,0.0944,0.0896,0.0902,5681330.2
1763942400000,0.0901,0.0947,0.0885,0.0935,6396146.9
1764028800000,0.0935,0.094,0.0889,0.0918,4032584.5
1764115200000,0.0918,0.0928,0.0895,0.0916,2945058.3
1764201600000,0.0916,0.0929,0.0905,0.0916,2926067.1
1764288000000,0.0916,0.0919,0.0794,0.0808,20119484.5
1764374400000,0.0808,0.0815,0.0717,0.0721,16001575.3
1764460800000,0.0721,0.0751,0.0704,0.0708,12244802.0
1764547200000,0.0708,0.0711,0.0536,0.0543,58623661.1
1764633600000,0.0543,0.0544,0.0465,0.0495,51792041.6
1764720000000,0.0496,0.0745,0.0474,0.0594,179705463.4
1764806400000,0.0593,0.0788,0.0563,0.0683,278495998.9
1764892800000,0.0683,0.0746,0.0602,0.0627,93366559.5
1764979200000,0.0625,0.0633,0.0578,0.0591,19267879.9
1765065600000,0.059,0.0596,0.0541,0.0553,14487386.4
1765152000000,0.0552,0.0569,0.0536,0.0552,9553106.7
1765238400000,0.0552,0.0742,0.0552,0.065,107687700.3
1765324800000,0.0649,0.0688,0.0607,0.062,28109483.0
1765411200000,0.0619,0.0772,0.061,0.0652,71018290.6
1765497600000,0.0651,0.0896,0.0632,0.0694,96258165.9
1765584000000,0.0694,0.0709,0.0655,0.0661,30399943.6
1765670400000,0.066,0.0667,0.0607,0.0612,12203935.7
1765756800000,0.0612,0.0681,0.058,0.0638,39352185.6
1765843200000,0.0636,0.0666,0.0595,0.0632,20310255.1
1765929600000,0.063,0.0647,0.0564,0.0589,11368252.8
1766016000000,0.0589,0.0589,0.0541,0.0561,11803361.1
1766102400000,0.0561,0.0641,0.0561,0.0606,36476105.3
1766188800000,0.0605,0.0757,0.0605,0.0671,58434901.5
1766275200000,0.0671,0.0673,0.0626,0.0656,16082952.9
1766361600000,0.0656,0.0658,0.0627,0.0639,8670582.3
1766448000000,0.0638,0.0638,0.0604,0.0626,8874995.1
1766534400000,0.0625,0.0666,0.0615,0.066,20180847.9
1766620800000,0.066,0.0699,0.0629,0.0635,12236923.0
1766707200000,0.0635,0.0635,0.0598,0.0615,10343486.5
1766793600000,0.0615,0.0626,0.0598,0.0622,6858305.9
1766880000000,0.0623,0.0629,0.06,0.0608,7023275.8
1766966400000,0.0609,0.0609,0.0585,0.0592,3237663.2
1767052800000,0.0591,0.0668,0.0586,0.0631,29345483.2
1767139200000,0.0631,0.065,0.0588,0.0604,9590309.3
1767225600000,0.0603,0.066,0.0602,0.0634,15915891.9
1767312000000,0.0634,0.0645,0.0616,0.0644,7315698.8
1767398400000,0.0642,0.0657,0.0623,0.0642,4475866.6
1767484800000,0.0641,0.0652,0.0635,0.065,7145635.4
1767571200000,0.0649,0.0666,0.0628,0.0663,6496739.4
1767657600000,0.0664,0.0685,0.064,0.0669,10991395.6
1767744000000,0.0668,0.0797,0.0662,0.0698,59272722.5
1767830400000,0.0697,0.083,0.0695,0.0752,43773552.9
1767916800000,0.0751,0.0766,0.0703,0.0719,7132210.3
1768003200000,0.072,0.0801,0.0705,0.0767,24393997.1
1768089600000,0.0767,0.08,0.0724,0.0747,9675269.2
1768176000000,0.0744,0.0778,0.0695,0.0711,8578133.3
1768262400000,0.071,0.0735,0.0675,0.0733,7329682.3
1768348800000,0.0733,0.0733,0.0704,0.0713,5533483.5
1768435200000,0.0712,0.0713,0.0673,0.068,5804363.3
1768521600000,0.0679,0.0687,0.0648,0.0681,8244101.5
1768608000000,0.0682,0.0697,0.0672,0.0689,3957297.2
1768694400000,0.069,0.069,0.0644,0.0648,2243786.3
1768780800000,0.0648,0.0648,0.061,0.0628,4269871.6
1768867200000,0.0626,0.0709,0.0621,0.063,24618099.6
1768953600000,0.063,0.0645,0.0608,0.0643,6088798.1
1769040000000,0.0642,0.0648,0.0612,0.062,2895744.0
1769126400000,0.0619,0.0631,0.0612,0.0627,3234764.0
1769212800000,0.0627,0.0628,0.0614,0.0621,2793304.3
1769299200000,0.0621,0.0626,0.0577,0.0588,3752481.1
1769385600000,0.0587,0.0664,0.0449,0.0457,74534166.6
1769472000000,0.0457,0.0566,0.0433,0.0478,96545891.5
1769558400000,0.0477,0.0489,0.0443,0.0451,28308799.4
1769644800000,0.045,0.0483,0.0408,0.0409,23661731.3
1769731200000,0.0409,0.0441,0.0392,0.0407,24618679.4
1769817600000,0.0407,0.0408,0.0343,0.0365,14257776.5
1769904000000,0.0365,0.0371,0.034,0.0345,11962369.2
1769990400000,0.0345,0.0354,0.0321,0.0338,12384558.5
1770076800000,0.0337,0.0345,0.0311,0.0321,9590908.4
1770163200000,0.0323,0.0353,0.0309,0.0313,15091272.4
1770249600000,0.0313,0.0319,0.0255,0.0258,18571015.7
1770336000000,0.0258,0.0288,0.0233,0.0282,15031630.8
1770422400000,0.0281,0.0283,0.0266,0.0271,6696279.8
1770508800000,0.0271,0.0271,0.0261,0.0262,4888747.4
1770595200000,0.0262,0.0268,0.0257,0.0263,7794770.8
1770681600000,0.0264,0.0265,0.0224,0.0239,38835230.7
1770768000000,0.0238,0.024,0.0218,0.0222,35637728.4
1770854400000,0.0221,0.0228,0.0214,0.022,12745174.0
1770940800000,0.022,0.0225,0.0211,0.0224,10398583.3
1771027200000,0.0224,0.0238,0.022,0.0231,13974374.0
1771113600000,0.0231,0.0233,0.0218,0.0221,10278300.9
1771200000000,0.0222,0.0223,0.0217,0.0222,7266393.7
1771286400000,0.0221,0.0223,0.0215,0.0216,6856690.6
1771372800000,0.0216,0.0219,0.0202,0.0206,12642312.5
1771459200000,0.0206,0.022,0.0194,0.0197,18455354.6
1771545600000,0.0197,0.0206,0.0191,0.0203,11711611.7
1771632000000,0.0202,0.0296,0.0201,0.0249,199465018.3
1771718400000,0.025,0.0263,0.0212,0.0216,64588298.5
1771804800000,0.0216,0.0219,0.0199,0.0202,31967528.5
1771891200000,0.0203,0.0266,0.0186,0.0229,78410073.8
1771977600000,0.0228,0.025,0.0215,0.0222,110243850.1
1772064000000,0.0221,0.025,0.0211,0.0216,118087552.3
1772150400000,0.0216,0.0232,0.0203,0.0207,43404658.3
1772236800000,0.0207,0.0214,0.0192,0.0203,31578716.4
1772323200000,0.0203,0.021,0.0192,0.0197,24593354.4
1772409600000,0.0196,0.0206,0.0196,0.0199,20714907.2
1772496000000,0.02,0.0213,0.0194,0.0202,35354536.5
1772582400000,0.0202,0.0207,0.0195,0.0203,23412398.1
1772668800000,0.0203,0.0205,0.0196,0.0199,13658517.5
1772755200000,0.0199,0.0273,0.0195,0.0239,180065724.0
1772841600000,0.0238,0.0244,0.0201,0.0206,85862289.1
1772928000000,0.0205,0.0208,0.0195,0.0199,24161710.2
1773014400000,0.0199,0.0248,0.0196,0.0225,127041357.1
1773100800000,0.0225,0.0244,0.0204,0.0204,69045164.5
1773187200000,0.0204,0.0212,0.0197,0.0202,46106926.7
1773273600000,0.0202,0.0203,0.0154,0.0167,140474175.9
1773360000000,0.0167,0.0171,0.0122,0.0139,476583751.3
1773446400000,0.0139,0.0158,0.013,0.0133,269213608.5
1773532800000,0.0134,0.0134,0.0124,0.0126,102039618.6
1773619200000,0.0126,0.0128,0.0117,0.0125,123033480.7
1773705600000,0.0125,0.0125,0.0112,0.012,125974127.9
1773792000000,0.012,0.0123,0.0071,0.0084,476873004.5
1773878400000,0.0084,0.0098,0.0075,0.0083,411304587.7
1773964800000,0.0082,0.0086,0.0076,0.008,132112101.2
1774051200000,0.0079,0.0096,0.0075,0.0082,240845506.6
1774137600000,0.0082,0.0091,0.0079,0.0079,164014385.1
1774224000000,0.0079,0.0082,0.0075,0.0076,85643306.6
1774310400000,0.0077,0.008,0.0063,0.0064,155536377.0
1774396800000,0.0064,0.0092,0.0063,0.0069,255294053.9
1774483200000,0.0069,0.0081,0.0063,0.0069,140568763.7
1774569600000,0.0068,0.007,0.006,0.0062,65394392.5
1774656000000,0.0062,0.0065,0.0057,0.0058,91812490.1
1774742400000,0.0058,0.0061,0.0047,0.0049,107828840.1
1774828800000,0.0049,0.0054,0.0039,0.0039,126772277.1
1774915200000,0.0039,0.0042,0.0025,0.0026,213107510.8
1775001600000,0.0025,0.0028,0.0019,0.0022,65387479.4
