timestamp,open,high,low,close,volume
1692792000000,0.5789,0.5889,0.5732,0.5872,5879103.0
1692806400000,0.5872,0.5995,0.5861,0.5962,9093741.0
1692820800000,0.5962,0.5981,0.5861,0.5922,4731551.0
1692835200000,0.5922,0.5943,0.5885,0.5931,2451641.0
1692849600000,0.5931,0.5942,0.5854,0.5882,6757745.0
1692864000000,0.5882,0.5887,0.5825,0.5836,3555397.0
1692878400000,0.5836,0.5837,0.5709,0.5727,9922138.0
1692892800000,0.5729,0.5783,0.5684,0.5723,5227118.0
1692907200000,0.5724,0.5744,0.5634,0.5743,4985041.0
1692921600000,0.5743,0.5765,0.5605,0.5662,6560325.0
1692936000000,0.5662,0.5739,0.5616,0.5722,6035908.0
1692950400000,0.5722,0.5788,0.5717,0.5772,4685826.0
1692964800000,0.5773,0.5833,0.5702,0.5763,9552801.0
1692979200000,0.5762,0.5858,0.5719,0.5801,6122122.0
1692993600000,0.5802,0.5855,0.5781,0.584,3874814.0
1693008000000,0.584,0.5875,0.5777,0.5865,4700554.0
1693022400000,0.5866,0.5893,0.5849,0.5856,2925880.0
1693036800000,0.5856,0.5888,0.5821,0.5883,2990378.0
1693051200000,0.5883,0.5931,0.5868,0.5905,3723379.0
1693065600000,0.5904,0.5907,0.5858,0.5892,2930358.0
1693080000000,0.5892,0.5943,0.5887,0.5929,3017907.0
1693094400000,0.5929,0.5955,0.5907,0.5917,3135132.0
1693108800000,0.5917,0.5977,0.5917,0.5975,3064714.0
1693123200000,0.5975,0.5975,0.5914,0.5931,3752589.0
1693137600000,0.5931,0.5982,0.5911,0.5959,3943389.0
1693152000000,0.5959,0.5976,0.5884,0.5935,3439473.0
1693166400000,0.5935,0.5951,0.5888,0.5922,2875321.0
1693180800000,0.5923,0.5952,0.5867,0.591,6615226.0
1693195200000,0.591,0.5922,0.5823,0.5873,5735912.0
1693209600000,0.5873,0.5915,0.5805,0.5912,4440068.0
1693224000000,0.5911,0.6055,0.591,0.602,10190238.0
1693238400000,0.6021,0.6045,0.596,0.6002,6192731.0
1693252800000,0.6002,0.6025,0.5958,0.6002,2785561.0
1693267200000,0.6002,0.6055,0.5961,0.5988,6016821.0
1693281600000,0.5988,0.5991,0.5873,0.5901,6117591.0
1693296000000,0.59,0.5903,0.5762,0.5776,7658225.0
1693310400000,0.5775,0.6278,0.5761,0.6223,32071690.0
1693324800000,0.6223,0.6327,0.6179,0.6209,10340229.0
1693339200000,0.6208,0.6262,0.6143,0.6206,5137627.0
1693353600000,0.6206,0.6232,0.6085,0.6127,6343405.0
1693368000000,0.6127,0.6163,0.6107,0.612,3368229.0
1693382400000,0.6121,0.6146,0.607,0.6078,4013960.0
1693396800000,0.6077,0.6128,0.5974,0.6052,8813894.0
1693411200000,0.6052,0.6109,0.6024,0.6092,3752609.0
1693425600000,0.6092,0.6126,0.6068,0.6117,3034389.0
1693440000000,0.6116,0.6128,0.6051,0.61,3636804.0
1693454400000,0.6101,0.6181,0.6098,0.6133,4525448.0
1693468800000,0.6132,0.6176,0.605,0.6136,5580458.0
1693483200000,0.6136,0.6154,0.5999,0.6046,8107878.0
1693497600000,0.6046,0.6076,0.5801,0.5945,12698687.0
1693512000000,0.5945,0.595,0.5862,0.5915,4735440.0
1693526400000,0.5914,0.5961,0.5881,0.5916,3416532.0
1693540800000,0.5916,0.5926,0.5844,0.5868,2900315.0
1693555200000,0.5868,0.5887,0.5843,0.5864,2876024.0
1693569600000,0.5864,0.5893,0.5734,0.5786,7370364.0
1693584000000,0.5786,0.5793,0.5616,0.5701,9343251.0
1693598400000,0.5702,0.5766,0.5667,0.5703,4316632.0
1693612800000,0.5702,0.574,0.5665,0.5705,2993007.0
1693627200000,0.5706,0.574,0.5681,0.5696,2692483.0
1693641600000,0.5696,0.5707,0.5636,0.5689,4039686.0
1693656000000,0.569,0.5743,0.5658,0.5707,3423039.0
1693670400000,0.5708,0.5728,0.5623,0.5716,3890436.0
1693684800000,0.5715,0.5716,0.5672,0.5684,2415384.0
1693699200000,0.5684,0.5703,0.5644,0.5673,2229904.0
1693713600000,0.5674,0.5712,0.566,0.5682,2053548.0
1693728000000,0.5683,0.57,0.5651,0.5698,1788949.0
1693742400000,0.5699,0.5709,0.5641,0.5677,3256735.0
1693756800000,0.5677,0.5712,0.56,0.571,4075649.0
1693771200000,0.5711,0.5745,0.5675,0.5701,3551313.0
1693785600000,0.5702,0.585,0.5699,0.5793,4609447.0
1693800000000,0.5793,0.5806,0.5706,0.5728,2968153.0
1693814400000,0.5729,0.5755,0.5665,0.5674,2604286.0
1693828800000,0.5674,0.5698,0.5578,0.5653,5718909.0
1693843200000,0.5653,0.5678,0.5632,0.5676,3864410.0
1693857600000,0.5675,0.5706,0.5613,0.5699,2476934.0
1693872000000,0.5699,0.5701,0.5622,0.5663,3319164.0
1693886400000,0.5662,0.5723,0.5662,0.5711,1921856.0
1693900800000,0.571,0.5772,0.5689,0.5763,3118291.0
1693915200000,0.5762,0.5839,0.5732,0.5826,5211341.0
1693929600000,0.5826,0.5955,0.5792,0.5842,8797880.0
1693944000000,0.5841,0.5904,0.5795,0.59,4713649.0
1693958400000,0.59,0.6005,0.5888,0.5927,5175388.0
1693972800000,0.5927,0.5947,0.5869,0.592,3427151.0
1693987200000,0.592,0.5964,0.5889,0.5955,3431876.0
1694001600000,0.5955,0.5976,0.5869,0.5906,5766132.0
1694016000000,0.5906,0.6045,0.5781,0.5945,8542299.0
1694030400000,0.5945,0.5965,0.5928,0.5954,1711638.0
1694044800000,0.5953,0.5966,0.5915,0.5964,1751339.0
1694059200000,0.5964,0.5985,0.5881,0.589,2237921.0
1694073600000,0.5889,0.5906,0.5853,0.5861,2581722.0
1694088000000,0.5861,0.5913,0.5842,0.5908,2548759.0
1694102400000,0.5908,0.5962,0.5899,0.5921,3240922.0
1694116800000,0.592,0.602,0.5914,0.6005,3742563.0
1694131200000,0.6005,0.6051,0.5917,0.5945,3428784.0
1694145600000,0.5945,0.5991,0.5924,0.5961,2508463.0
1694160000000,0.5961,0.5982,0.5808,0.5879,6121329.0
1694174400000,0.5879,0.6014,0.5873,0.6011,3992869.0
1694188800000,0.601,0.6027,0.5948,0.5957,4414982.0
1694203200000,0.5958,0.602,0.5954,0.6019,2356125.0
1694217600000,0.6018,0.6063,0.5963,0.605,4401255.0
1694232000000,0.6051,0.6073,0.5999,0.601,2617513.0
1694246400000,0.601,0.6014,0.5949,0.596,2189450.0
1694260800000,0.5961,0.5972,0.5912,0.5952,2532157.0
1694275200000,0.5952,0.5968,0.5904,0.5939,2276975.0
1694289600000,0.5938,0.5952,0.5913,0.592,1538773.0
1694304000000,0.592,0.5925,0.5814,0.5865,3746518.0
1694318400000,0.5864,0.5865,0.559,0.5811,8791679.0
1694332800000,0.5809,0.5814,0.5756,0.578,2179311.0
1694347200000,0.578,0.5805,0.5684,0.575,3758315.0
1694361600000,0.5749,0.5753,0.5658,0.5725,4370849.0
1694376000000,0.5724,0.5753,0.5684,0.5691,3279424.0
1694390400000,0.5691,0.5693,0.5581,0.5679,7033224.0
1694404800000,0.5678,0.5703,0.5647,0.5651,3130874.0
1694419200000,0.5651,0.567,0.541,0.5611,10305844.0
1694433600000,0.561,0.5687,0.5562,0.5661,11032547.0
1694448000000,0.5661,0.5685,0.5507,0.5542,7771556.0
1694462400000,0.5542,0.5609,0.5516,0.5601,4014974.0
1694476800000,0.5603,0.582,0.5597,0.5781,6816738.0
1694491200000,0.5779,0.5809,0.573,0.5739,5663538.0
1694505600000,0.5739,0.5984,0.5705,0.589,8304779.0
1694520000000,0.589,0.5907,0.5815,0.5856,6259610.0
1694534400000,0.5857,0.5949,0.5738,0.5835,6806226.0
1694548800000,0.5835,0.5862,0.5795,0.5805,2977608.0
1694563200000,0.5805,0.5902,0.5789,0.5838,4165826.0
1694577600000,0.5839,0.5987,0.5783,0.5821,8206316.0
1694592000000,0.582,0.5967,0.581,0.5962,4132246.0
1694606400000,0.5961,0.606,0.5891,0.6023,6077643.0
1694620800000,0.6024,0.6153,0.5999,0.6097,6536664.0
1694635200000,0.6097,0.617,0.6083,0.6137,3405994.0
1694649600000,0.6137,0.6232,0.6096,0.6176,7867320.0
1694664000000,0.6176,0.6198,0.608,0.6125,5875678.0
1694678400000,0.6124,0.6126,0.6038,0.6103,4425671.0
1694692800000,0.6104,0.6183,0.6057,0.6136,6343017.0
1694707200000,0.6136,0.6163,0.6078,0.615,4661179.0
1694721600000,0.6151,0.616,0.6068,0.611,2746019.0
1694736000000,0.611,0.6207,0.6058,0.6158,4197763.0
1694750400000,0.6157,0.6202,0.6135,0.6148,3404420.0
1694764800000,0.6147,0.6207,0.6143,0.6151,3150533.0
1694779200000,0.615,0.6263,0.6143,0.6226,6372471.0
1694793600000,0.6226,0.6255,0.6187,0.6239,3623785.0
1694808000000,0.624,0.6372,0.6225,0.6319,4759286.0
1694822400000,0.6319,0.6474,0.6319,0.6405,5631965.0
1694836800000,0.6406,0.6457,0.6361,0.6393,4382701.0
1694851200000,0.6393,0.6419,0.6342,0.6401,4021317.0
1694865600000,0.64,0.6416,0.6274,0.632,4447957.0
1694880000000,0.6321,0.6361,0.6269,0.6274,2668797.0
1694894400000,0.6274,0.6345,0.6263,0.6337,1949124.0
1694908800000,0.6337,0.6344,0.6161,0.6276,6869508.0
1694923200000,0.6277,0.6306,0.6245,0.6258,2165661.0
1694937600000,0.6259,0.6328,0.624,0.6306,1939418.0
1694952000000,0.6305,0.6338,0.629,0.6303,2385922.0
1694966400000,0.6303,0.6321,0.6148,0.6162,3761065.0
1694980800000,0.6163,0.6185,0.5994,0.6178,4918375.0
1694995200000,0.6181,0.63,0.6097,0.6294,5582776.0
1695009600000,0.6295,0.6323,0.6258,0.6299,3226095.0
1695024000000,0.6299,0.6465,0.6291,0.6412,8232914.0
1695038400000,0.6412,0.6445,0.6369,0.6393,4048378.0
1695052800000,0.6392,0.6411,0.6251,0.6284,5984371.0
1695067200000,0.6284,0.6287,0.6169,0.6179,2481638.0
1695081600000,0.6179,0.6189,0.6121,0.6154,4479496.0
1695096000000,0.6154,0.619,0.6139,0.6173,3457485.0
1695110400000,0.6173,0.6282,0.6155,0.6249,5275741.0
1695124800000,0.625,0.628,0.619,0.6269,5539129.0
1695139200000,0.6268,0.629,0.6219,0.6243,3513107.0
1695153600000,0.6243,0.6256,0.6172,0.6224,2914890.0
1695168000000,0.6224,0.6268,0.6146,0.6172,3674061.0
1695182400000,0.6171,0.621,0.6128,0.6205,2738529.0
1695196800000,0.6205,0.6239,0.6131,0.616,4133845.0
1695211200000,0.6163,0.6184,0.6111,0.6129,4495425.0
1695225600000,0.6129,0.6183,0.6,0.6063,6448359.0
1695240000000,0.6063,0.6152,0.6059,0.6101,2771001.0
1695254400000,0.6101,0.6179,0.6098,0.6171,3807171.0
1695268800000,0.6171,0.6178,0.6046,0.6083,3764421.0
1695283200000,0.6082,0.6117,0.5949,0.604,6506780.0
1695297600000,0.6039,0.6111,0.5986,0.6088,4204050.0
1695312000000,0.6088,0.6128,0.607,0.608,2953241.0
1695326400000,0.6079,0.608,0.6012,0.6031,2272407.0
1695340800000,0.6031,0.6108,0.5985,0.6103,3045455.0
1695355200000,0.6103,0.6144,0.6085,0.6123,2516042.0
1695369600000,0.6123,0.6163,0.6118,0.6146,2714195.0
1695384000000,0.6146,0.6176,0.6118,0.6137,2614105.0
1695398400000,0.6136,0.6169,0.6107,0.6131,3400032.0
1695412800000,0.6131,0.6163,0.6096,0.6143,2922595.0
1695427200000,0.6144,0.6216,0.6123,0.6148,3243200.0
1695441600000,0.6148,0.619,0.6122,0.6141,2630692.0
1695456000000,0.6142,0.6154,0.6086,0.6106,2180471.0
1695470400000,0.6105,0.6114,0.6025,0.6041,3129444.0
1695484800000,0.6041,0.6057,0.5978,0.5987,3854099.0
1695499200000,0.5986,0.5996,0.5832,0.5856,6500830.0
1695513600000,0.5856,0.5888,0.578,0.5849,7994215.0
1695528000000,0.5849,0.5871,0.5778,0.5796,4569791.0
1695542400000,0.5797,0.5894,0.5797,0.5887,4768175.0
1695556800000,0.5887,0.5912,0.5859,0.5883,4072054.0
1695571200000,0.5884,0.5945,0.5845,0.5882,5201691.0
1695585600000,0.5881,0.5913,0.5768,0.5805,5402439.0
1695600000000,0.5805,0.5872,0.5731,0.5852,5814417.0
1695614400000,0.5852,0.5898,0.583,0.5885,2674409.0
1695628800000,0.5886,0.59,0.5814,0.5833,3586317.0
1695643200000,0.5832,0.5934,0.5824,0.5926,4779092.0
1695657600000,0.5927,0.5959,0.5887,0.5904,4356036.0
1695672000000,0.5905,0.5921,0.5875,0.5911,1893007.0
1695686400000,0.5911,0.5935,0.5885,0.5926,3284697.0
1695700800000,0.5926,0.5937,0.5874,0.5891,2469755.0
1695715200000,0.589,0.5896,0.5836,0.5888,2675048.0
1695729600000,0.5886,0.5887,0.5823,0.5839,3451019.0
1695744000000,0.5841,0.5892,0.5834,0.5874,2454140.0
1695758400000,0.5874,0.5876,0.5772,0.5862,2517629.0
1695772800000,0.5862,0.59,0.5849,0.5866,2740817.0
1695787200000,0.5866,0.588,0.5842,0.5878,2262890.0
1695801600000,0.5878,0.5983,0.5847,0.5971,4517990.0
1695816000000,0.5971,0.5982,0.5777,0.582,7368017.0
1695830400000,0.5819,0.5837,0.5706,0.5765,4626127.0
1695844800000,0.5764,0.5798,0.5737,0.5791,2881011.0
1695859200000,0.579,0.5863,0.5783,0.5821,4180132.0
1695873600000,0.582,0.5849,0.5794,0.5844,3307330.0
1695888000000,0.5843,0.5875,0.5797,0.5824,4192436.0
1695902400000,0.5824,0.5966,0.5818,0.5959,5826848.0
1695916800000,0.5958,0.6026,0.5881,0.5933,5854329.0
1695931200000,0.5934,0.5947,0.5881,0.5922,2449948.0
1695945600000,0.5923,0.5938,0.588,0.5923,3234782.0
1695960000000,0.5922,0.6025,0.59,0.6013,4135249.0
1695974400000,0.6012,0.6109,0.5941,0.5946,6635748.0
1695988800000,0.5947,0.5978,0.5853,0.5922,6599556.0
1696003200000,0.5921,0.593,0.58,0.5868,5290372.0
1696017600000,0.5867,0.5916,0.5849,0.5892,3199039.0
1696032000000,0.5892,0.5929,0.5881,0.5907,2510020.0
1696046400000,0.5906,0.5992,0.5906,0.5978,2363175.0
1696060800000,0.5979,0.6025,0.5959,0.599,2710307.0
1696075200000,0.5989,0.6079,0.5988,0.6047,4275305.0
1696089600000,0.6046,0.6065,0.5993,0.6032,3273196.0
1696104000000,0.6031,0.604,0.597,0.6002,2406656.0
1696118400000,0.6003,0.6071,0.5988,0.6036,4312443.0
1696132800000,0.6035,0.6051,0.5983,0.6015,3358789.0
1696147200000,0.6015,0.6141,0.6008,0.6096,4926470.0
1696161600000,0.6096,0.6148,0.607,0.6091,5493910.0
1696176000000,0.6092,0.6101,0.5994,0.6046,3282379.0
1696190400000,0.6046,0.6284,0.6021,0.62,7724052.0
1696204800000,0.6199,0.6215,0.6151,0.6182,3643329.0
1696219200000,0.6182,0.6229,0.608,0.6223,5257114.0
1696233600000,0.6222,0.6242,0.6106,0.6118,5449338.0
1696248000000,0.6117,0.6142,0.5954,0.5998,6672142.0
1696262400000,0.5998,0.6051,0.579,0.5945,11067886.0
1696276800000,0.5946,0.5959,0.5858,0.5923,3731481.0
1696291200000,0.5924,0.5994,0.5905,0.5963,2373949.0
1696305600000,0.5964,0.6002,0.5908,0.5945,3512264.0
1696320000000,0.5944,0.5992,0.5883,0.5907,3519673.0
1696334400000,0.5908,0.592,0.5834,0.5868,5240190.0
1696348800000,0.5868,0.5911,0.5818,0.5847,3273897.0
1696363200000,0.5849,0.5869,0.5805,0.5834,3245872.0
1696377600000,0.5833,0.5834,0.5587,0.5743,10810514.0
1696392000000,0.5742,0.5805,0.5726,0.5804,3434930.0
1696406400000,0.5805,0.5833,0.5771,0.5811,3510878.0
1696420800000,0.581,0.5822,0.5692,0.5724,5407257.0
1696435200000,0.5723,0.5793,0.5714,0.5744,4177248.0
1696449600000,0.5743,0.58,0.5728,0.5759,2299893.0
1696464000000,0.576,0.5803,0.5732,0.5738,2519765.0
1696478400000,0.5738,0.5754,0.5676,0.5703,3698945.0
1696492800000,0.5703,0.5722,0.5677,0.5698,2566480.0
1696507200000,0.5699,0.5706,0.5527,0.5585,9186627.0
1696521600000,0.5584,0.5617,0.5556,0.5583,4671737.0
1696536000000,0.5584,0.5644,0.5575,0.5612,2846828.0
1696550400000,0.5613,0.569,0.56,0.5658,3181338.0
1696564800000,0.5658,0.5695,0.5628,0.5686,2730901.0
1696579200000,0.5686,0.5709,0.5661,0.5688,4495977.0
1696593600000,0.5689,0.5786,0.5623,0.5768,7191778.0
1696608000000,0.5768,0.5795,0.5724,0.576,2525546.0
1696622400000,0.576,0.5825,0.5759,0.5781,2200969.0
1696636800000,0.5781,0.5811,0.5767,0.5784,2612090.0
1696651200000,0.5784,0.5822,0.5732,0.5734,2710246.0
1696665600000,0.5733,0.5773,0.5723,0.5732,2361187.0
1696680000000,0.5734,0.5765,0.5731,0.5735,1849862.0
1696694400000,0.5736,0.576,0.571,0.5727,2066584.0
1696708800000,0.5727,0.5776,0.5717,0.5761,1555168.0
1696723200000,0.5761,0.578,0.5731,0.5759,2070492.0
1696737600000,0.5759,0.5761,0.5681,0.5712,2442328.0
1696752000000,0.5712,0.5739,0.5654,0.5681,2369598.0
1696766400000,0.5681,0.5744,0.567,0.572,2383713.0
1696780800000,0.5721,0.5756,0.5715,0.575,1744958.0
1696795200000,0.575,0.5774,0.573,0.575,2345033.0
1696809600000,0.5749,0.5765,0.5714,0.5748,2643177.0
1696824000000,0.5748,0.5771,0.5679,0.571,2344888.0
1696838400000,0.571,0.5714,0.5332,0.5477,10470034.0
1696852800000,0.5477,0.5539,0.5462,0.5465,3412869.0
1696867200000,0.5465,0.5482,0.53,0.5475,9245138.0
1696881600000,0.5477,0.549,0.5443,0.5474,2798952.0
1696896000000,0.5475,0.5493,0.5428,0.5461,2780117.0
1696910400000,0.5462,0.5477,0.5432,0.5448,2140284.0
1696924800000,0.5449,0.5474,0.5391,0.5398,7938191.0
1696939200000,0.5398,0.5474,0.5351,0.5353,13347019.0
1696953600000,0.5353,0.5374,0.5314,0.5357,5958551.0
1696968000000,0.5357,0.5364,0.5278,0.5347,3940021.0
1696982400000,0.5348,0.5377,0.5213,0.5279,6945804.0
1696996800000,0.5279,0.5358,0.5269,0.5349,2904793.0
1697011200000,0.535,0.5413,0.5326,0.5389,3860110.0
1697025600000,0.539,0.5424,0.5312,0.5356,4910943.0
1697040000000,0.5357,0.5393,0.532,0.5376,4375742.0
1697054400000,0.5377,0.5401,0.5346,0.5379,2134017.0
1697068800000,0.538,0.5397,0.5326,0.5363,2576839.0
1697083200000,0.5362,0.5416,0.5355,0.5394,2585912.0
1697097600000,0.5394,0.5407,0.527,0.5385,4372051.0
1697112000000,0.5385,0.5399,0.534,0.5374,3227416.0
1697126400000,0.5374,0.5391,0.5313,0.5375,4288028.0
1697140800000,0.5375,0.543,0.5368,0.5408,2192518.0
1697155200000,0.5409,0.5433,0.5365,0.5373,2379651.0
1697169600000,0.5372,0.5432,0.5367,0.5425,2689416.0
1697184000000,0.5425,0.5434,0.5367,0.5403,2686546.0
1697198400000,0.5402,0.5433,0.5366,0.5377,3970570.0
1697212800000,0.5378,0.5423,0.5367,0.5377,1985069.0
1697227200000,0.5377,0.5484,0.5375,0.5414,4449717.0
1697241600000,0.5414,0.547,0.5409,0.5458,1964604.0
1697256000000,0.5458,0.5469,0.5403,0.5433,2013376.0
1697270400000,0.5433,0.5442,0.5407,0.5415,1579958.0
1697284800000,0.5415,0.5445,0.5397,0.544,2068697.0
1697299200000,0.5441,0.545,0.5416,0.5431,1471305.0
1697313600000,0.5432,0.5454,0.5417,0.5417,1381417.0
1697328000000,0.5418,0.5473,0.5389,0.5451,3546493.0
1697342400000,0.5451,0.5485,0.5445,0.5485,1812986.0
1697356800000,0.5485,0.5541,0.5446,0.5459,6425214.0
1697371200000,0.5458,0.5465,0.5417,0.5436,2759798.0
1697385600000,0.5436,0.5476,0.5426,0.5458,1644577.0
1697400000000,0.5458,0.552,0.5452,0.5472,2322654.0
1697414400000,0.5472,0.5534,0.5467,0.5522,1904866.0
1697428800000,0.5521,0.5628,0.5502,0.5535,4834717.0
1697443200000,0.5536,0.5547,0.55,0.5511,2173533.0
1697457600000,0.5512,0.5717,0.5463,0.5474,11053768.0
1697472000000,0.5475,0.5567,0.5467,0.5534,3210722.0
1697486400000,0.5535,0.5558,0.5494,0.5525,2447151.0
1697500800000,0.5525,0.5556,0.5505,0.5544,4342631.0
1697515200000,0.5544,0.5575,0.5522,0.5541,2445741.0
1697529600000,0.5541,0.5552,0.5498,0.5502,2426927.0
1697544000000,0.5501,0.5512,0.53,0.5432,9805933.0
1697558400000,0.5432,0.5453,0.5368,0.5415,3212052.0
1697572800000,0.5415,0.5425,0.539,0.5416,1631354.0
1697587200000,0.5416,0.5423,0.5357,0.5389,2706768.0
1697601600000,0.5388,0.5476,0.5383,0.5409,3430186.0
1697616000000,0.5408,0.5448,0.5394,0.5403,2319802.0
1697630400000,0.5404,0.541,0.5311,0.5337,5236464.0
1697644800000,0.5337,0.5366,0.531,0.5314,2773570.0
1697659200000,0.5314,0.5341,0.5295,0.53,2812897.0
1697673600000,0.5301,0.5326,0.5187,0.5274,6245829.0
1697688000000,0.5272,0.5315,0.5265,0.53,1848491.0
1697702400000,0.5299,0.5309,0.5265,0.5297,2565478.0
1697716800000,0.5298,0.5325,0.5278,0.5289,3052240.0
1697731200000,0.5289,0.5328,0.5245,0.5285,3283731.0
1697745600000,0.5285,0.5312,0.5255,0.53,2580124.0
1697760000000,0.53,0.5465,0.5281,0.5448,5146459.0
1697774400000,0.5448,0.5474,0.5426,0.544,2914406.0
1697788800000,0.5439,0.5581,0.5439,0.5498,6259872.0
1697803200000,0.5498,0.5528,0.5461,0.5514,3705591.0
1697817600000,0.5514,0.5535,0.5472,0.5523,2409732.0
1697832000000,0.5523,0.5583,0.5519,0.5561,2332744.0
1697846400000,0.5561,0.559,0.5522,0.5562,2529908.0
1697860800000,0.5562,0.5638,0.5558,0.5635,2965879.0
1697875200000,0.5634,0.5676,0.5606,0.5662,2585632.0
1697889600000,0.566,0.577,0.5658,0.5761,5354776.0
1697904000000,0.576,0.5799,0.5695,0.572,4678889.0
1697918400000,0.572,0.5732,0.5679,0.5697,2358294.0
1697932800000,0.5697,0.5766,0.568,0.5723,2994956.0
1697947200000,0.5724,0.5813,0.5613,0.5701,6066080.0
1697961600000,0.5701,0.5721,0.5648,0.5667,3439029.0
1697976000000,0.5667,0.5699,0.5617,0.5654,3070289.0
1697990400000,0.5654,0.5756,0.5648,0.5743,4513605.0
1698004800000,0.5744,0.5761,0.5647,0.5702,7013257.0
1698019200000,0.5701,0.5844,0.5647,0.5827,9555803.0
1698033600000,0.5827,0.5893,0.5707,0.5758,10548654.0
1698048000000,0.5758,0.5822,0.5682,0.5774,7144045.0
1698062400000,0.5776,0.5786,0.5686,0.5744,6552710.0
1698076800000,0.5743,0.5832,0.5713,0.5824,8252215.0
1698091200000,0.5824,0.6102,0.581,0.5986,14345578.0
1698105600000,0.5986,0.6163,0.5965,0.6,10503076.0
1698120000000,0.6,0.6109,0.5879,0.597,7681847.0
1698134400000,0.5971,0.6143,0.5963,0.6143,7771481.0
1698148800000,0.6142,0.6213,0.5834,0.5945,16741998.0
1698163200000,0.5944,0.6074,0.5872,0.6044,7973160.0
1698177600000,0.6043,0.6156,0.5986,0.6109,4904323.0
1698192000000,0.6109,0.6209,0.6057,0.6075,6403523.0
1698206400000,0.6077,0.6137,0.5941,0.6,5389750.0
1698220800000,0.6001,0.6162,0.5958,0.6114,4117140.0
1698235200000,0.6113,0.6271,0.61,0.6234,7873936.0
1698249600000,0.6233,0.6276,0.605,0.6128,7454321.0
1698264000000,0.6127,0.6143,0.6052,0.614,3632680.0
1698278400000,0.6139,0.6291,0.609,0.6288,5625972.0
1698292800000,0.6288,0.636,0.6112,0.6356,8706147.0
1698307200000,0.6356,0.6383,0.6098,0.618,10295475.0
1698321600000,0.6181,0.6275,0.585,0.5996,14228198.0
1698336000000,0.5997,0.6106,0.5974,0.6097,5429701.0
1698350400000,0.6097,0.6173,0.6085,0.6125,2798576.0
1698364800000,0.6125,0.6132,0.5952,0.605,4959082.0
1698379200000,0.605,0.6083,0.5995,0.6004,2925815.0
1698393600000,0.6003,0.607,0.5992,0.6053,2939434.0
1698408000000,0.6053,0.6176,0.6021,0.6155,6352446.0
1698422400000,0.6154,0.6176,0.596,0.6068,7239657.0
1698436800000,0.6069,0.609,0.6033,0.6074,2004418.0
1698451200000,0.6073,0.6179,0.6062,0.617,2539158.0
1698465600000,0.6171,0.621,0.6142,0.6173,3340304.0
1698480000000,0.6173,0.6291,0.6155,0.6213,5803651.0
1698494400000,0.6214,0.6244,0.6125,0.6232,5002531.0
1698508800000,0.6232,0.6232,0.6157,0.6168,1780389.0
1698523200000,0.6167,0.6241,0.6164,0.623,1961951.0
1698537600000,0.6229,0.6257,0.6112,0.6156,2993355.0
1698552000000,0.6155,0.6222,0.6132,0.6208,1216127.0
1698566400000,0.6207,0.6257,0.6192,0.6233,1826097.0
1698580800000,0.6234,0.63,0.622,0.6289,3189094.0
1698595200000,0.6289,0.6364,0.627,0.6353,3346194.0
1698609600000,0.6353,0.6424,0.6324,0.636,3204079.0
1698624000000,0.6359,0.6425,0.6336,0.6359,3687262.0
1698638400000,0.6359,0.6429,0.6305,0.6317,4999855.0
1698652800000,0.6315,0.6545,0.6291,0.6524,7394616.0
1698667200000,0.6524,0.6566,0.6443,0.6479,5915132.0
1698681600000,0.6479,0.6486,0.6305,0.6443,5160507.0
1698696000000,0.6443,0.6493,0.6409,0.6464,2401438.0
1698710400000,0.6465,0.6559,0.642,0.6424,3647878.0
1698724800000,0.6425,0.6554,0.6415,0.6553,7768465.0
1698739200000,0.6553,0.715,0.6477,0.7129,34605051.0
1698753600000,0.713,0.7666,0.7091,0.7379,144372146.0
1698768000000,0.7379,0.79,0.7285,0.7695,92814594.0
1698782400000,0.7694,0.7866,0.7464,0.7717,42532393.0
1698796800000,0.7718,0.78,0.7575,0.773,38088211.0
1698811200000,0.773,0.8235,0.7672,0.8214,113451825.0
1698825600000,0.8212,0.822,0.7787,0.8042,77518361.0
1698840000000,0.8042,0.927,0.783,0.9095,183645953.0
1698854400000,0.9095,1.2875,0.8863,1.119,357475048.0
1698868800000,1.1188,1.2281,1.0999,1.1429,170949278.0
1698883200000,1.1427,1.1987,1.114,1.1766,119066928.0
1698897600000,1.1765,1.288,1.1203,1.2533,157008622.0
1698912000000,1.2535,1.2658,1.1505,1.1616,183119903.0
1698926400000,1.1617,1.196,0.9793,1.0172,345899605.0
1698940800000,1.0171,1.0584,0.9983,1.0551,122076311.0
1698955200000,1.055,1.0697,1.0318,1.0425,43894556.0
1698969600000,1.0427,1.0875,1.0003,1.0668,82963993.0
1698984000000,1.0669,1.166,1.0105,1.1182,141122628.0
1698998400000,1.1184,1.19,1.1069,1.1669,97078673.0
1699012800000,1.1669,1.2943,1.1073,1.2371,124723490.0
1699027200000,1.237,1.2402,1.0089,1.0306,153733516.0
1699041600000,1.0306,1.0714,1.0184,1.0531,33534791.0
1699056000000,1.0531,1.0676,1.0415,1.0631,26160854.0
1699070400000,1.063,1.15,1.0592,1.0944,65048493.0
1699084800000,1.0946,1.1028,1.06,1.0667,37407725.0
1699099200000,1.0668,1.0882,1.0353,1.0491,36927785.0
1699113600000,1.0491,1.0655,1.0312,1.045,26178685.0
1699128000000,1.0449,1.0908,1.0403,1.0816,19684934.0
1699142400000,1.0817,1.0841,1.0504,1.0616,29962829.0
1699156800000,1.0615,1.078,1.0424,1.0539,23174619.0
1699171200000,1.0538,1.0663,1.0313,1.0498,23612031.0
1699185600000,1.0499,1.0599,0.9535,0.9929,57765002.0
1699200000000,0.9931,0.9992,0.964,0.9889,26061371.0
1699214400000,0.9889,0.9988,0.9745,0.9838,16809275.0
1699228800000,0.9839,1.0245,0.9758,0.9965,24466500.0
1699243200000,0.9964,0.9995,0.9748,0.9911,18303928.0
1699257600000,0.9913,1.0164,0.9817,1.0055,23379876.0
1699272000000,1.0055,1.012,0.9873,0.9926,18333087.0
1699286400000,0.9927,1.014,0.9813,1.0056,18100494.0
1699300800000,1.0057,1.0235,0.9978,1.0126,13439689.0
1699315200000,1.0126,1.0136,0.9488,1.0021,34667175.0
1699329600000,1.0021,1.0063,0.9809,0.9926,18576068.0
1699344000000,0.9927,1.0126,0.974,1.0005,26700755.0
1699358400000,1.0005,1.0066,0.9351,0.9459,34852985.0
1699372800000,0.9459,0.9719,0.9222,0.9595,24640862.0
1699387200000,0.9595,0.975,0.9556,0.9586,11039876.0
1699401600000,0.9587,0.9624,0.9432,0.9539,9468324.0
1699416000000,0.9538,0.968,0.9445,0.9598,10899908.0
1699430400000,0.9597,0.9824,0.9541,0.9688,14255945.0
1699444800000,0.9688,0.9812,0.9488,0.978,21101398.0
1699459200000,0.9779,1.1009,0.9731,1.0654,67866403.0
1699473600000,1.0658,1.0687,1.0058,1.0067,30095794.0
1699488000000,1.0067,1.0399,0.9966,1.0288,23456402.0
1699502400000,1.0288,1.0357,1.0005,1.0124,19463547.0
1699516800000,1.0121,1.0206,0.9867,1.0037,22557247.0
1699531200000,1.0037,1.0287,0.9805,0.996,44405401.0
1699545600000,0.996,1.0081,0.7922,0.8954,76231472.0
1699560000000,0.8951,0.9252,0.8673,0.9178,23603125.0
1699574400000,0.9177,0.9488,0.9063,0.927,19360570.0
1699588800000,0.9273,0.9356,0.9205,0.9308,12204190.0
1699603200000,0.9307,0.9879,0.9075,0.9808,34037008.0
1699617600000,0.9809,0.981,0.9228,0.9328,23529062.0
1699632000000,0.9429,0.9704,0.9388,0.9588,14830866.0
1699646400000,0.9589,1.0077,0.9445,1.0036,14905776.0
1699660800000,1.0034,1.0509,0.9733,0.9819,47173028.0
1699675200000,0.9818,1.0001,0.952,0.9868,31383944.0
1699689600000,0.9869,1.0287,0.978,1.0006,22847401.0
1699704000000,1.0005,1.0341,0.9911,1.0268,19742408.0
1699718400000,1.0269,1.045,1.011,1.0385,19831867.0
1699732800000,1.0384,1.039,0.9812,1.0077,18015027.0
1699747200000,1.0077,1.0135,0.9432,0.975,18923833.0
1699761600000,0.9751,1.0299,0.9606,1.0176,15126330.0
1699776000000,1.0175,1.019,0.9961,1.0049,13276239.0
1699790400000,1.0049,1.0137,0.9748,0.9984,17363692.0
1699804800000,0.9986,1.0123,0.9884,1.0043,11221566.0
1699819200000,1.0043,1.1022,0.9997,1.0901,30524896.0
1699833600000,1.0899,1.12,1.022,1.0282,31340945.0
1699848000000,1.0284,1.0463,1.001,1.0347,19487396.0
1699862400000,1.0346,1.0494,1.0003,1.009,16216396.0
1699876800000,1.0091,1.0423,0.9952,1.0183,31861704.0
1699891200000,1.0183,1.038,0.9871,1.0167,15556298.0
1699905600000,1.0168,1.0195,0.958,0.9678,19434455.0
1699920000000,0.9679,0.9733,0.9438,0.9666,12147897.0
1699934400000,0.9665,0.9795,0.9602,0.9771,7264376.0
1699948800000,0.9771,0.9799,0.9219,0.9377,18138882.0
1699963200000,0.9374,0.9783,0.9293,0.9495,30724269.0
1699977600000,0.9495,0.9609,0.8492,0.9115,24644743.0
1699992000000,0.9114,0.9377,0.9092,0.9328,9390331.0
1700006400000,0.9328,0.949,0.9298,0.9354,7897697.0
1700020800000,0.9355,0.976,0.9348,0.9714,8471360.0
1700035200000,0.9714,1.0306,0.9679,1.0297,18568721.0
1700049600000,1.0295,1.0342,0.9903,1.0142,19026495.0
1700064000000,1.0142,1.0429,1.0131,1.036,22017520.0
1700078400000,1.0359,1.0376,1.0106,1.0238,10587892.0
1700092800000,1.0238,1.039,1.016,1.034,9446000.0
1700107200000,1.034,1.0631,1.0279,1.0388,12664848.0
1700121600000,1.0389,1.0528,1.0182,1.0277,20626108.0
1700136000000,1.0276,1.097,0.9914,1.0384,45350280.0
1700150400000,1.0384,1.147,1.0356,1.1154,87309607.0
1700164800000,1.1154,1.2195,1.1049,1.2133,100856473.0
1700179200000,1.2131,1.2228,1.1178,1.1229,62180855.0
1700193600000,1.1229,1.1467,1.1019,1.1168,38469145.0
1700208000000,1.1168,1.1449,1.0026,1.0146,64217518.0
1700222400000,1.0146,1.0347,0.976,0.9915,51814044.0
1700236800000,0.9917,1.0338,0.9878,1.0155,26176842.0
1700251200000,1.0158,1.0427,1.0061,1.0257,17026342.0
1700265600000,1.0258,1.0297,0.9862,0.9884,21256465.0
1700280000000,0.9884,0.9975,0.9298,0.9648,26694607.0
1700294400000,0.9648,0.988,0.9567,0.9806,13504415.0
1700308800000,0.9804,0.9892,0.9637,0.9822,15182265.0
1700323200000,0.9822,0.9938,0.9648,0.9918,14909481.0
1700337600000,0.9919,1.0064,0.9872,0.9935,10888186.0
1700352000000,0.9935,1.0013,0.9693,0.9999,14391471.0
1700366400000,0.9998,1.0324,0.9937,1.0259,15421038.0
1700380800000,1.0259,1.0292,0.9964,1.0097,10667092.0
1700395200000,1.0097,1.0505,1.0063,1.0227,16672828.0
1700409600000,1.0227,1.0544,1.0192,1.054,11477276.0
1700424000000,1.054,1.0953,1.0339,1.0936,19145547.0
1700438400000,1.0937,1.097,1.0594,1.0666,15049876.0
1700452800000,1.0668,1.1007,1.0623,1.0857,12621487.0
1700467200000,1.0859,1.0977,1.066,1.0719,11598692.0
1700481600000,1.0721,1.0998,1.0501,1.0894,18902081.0
1700496000000,1.0894,1.1016,1.0613,1.0709,17914187.0
1700510400000,1.0709,1.089,1.0413,1.058,28034255.0
1700524800000,1.058,1.0853,1.0325,1.0629,17123122.0
1700539200000,1.0627,1.12,1.0616,1.0749,27008377.0
1700553600000,1.075,1.0851,1.0424,1.0458,16628533.0
1700568000000,1.0459,1.0656,1.0059,1.0477,29158276.0
1700582400000,1.0478,1.0564,0.9722,1.0136,32072758.0
1700596800000,1.0135,1.0328,0.94,0.9503,34916743.0
1700611200000,0.9503,0.9917,0.946,0.9848,31683181.0
1700625600000,0.9849,1.0007,0.9755,0.976,11256254.0
1700640000000,0.9761,0.9957,0.9755,0.9881,10820475.0
1700654400000,0.9881,1.0768,0.9868,1.0651,28083928.0
1700668800000,1.065,1.0955,1.0416,1.094,17636884.0
1700683200000,1.0939,1.1275,1.0837,1.0882,19331089.0
1700697600000,1.0885,1.1307,1.074,1.1303,18504069.0
1700712000000,1.1301,1.1584,1.1104,1.122,25635045.0
1700726400000,1.1218,1.1595,1.1211,1.1481,22331840.0
1700740800000,1.148,1.1735,1.1151,1.1342,30713673.0
1700755200000,1.1342,1.2878,1.1319,1.2394,115146810.0
1700769600000,1.2394,1.249,1.2207,1.2429,25842080.0
1700784000000,1.243,1.2893,1.205,1.2391,53501623.0
1700798400000,1.2391,1.2495,1.191,1.2008,32513605.0
1700812800000,1.2008,1.2366,1.1969,1.2075,25885710.0
1700827200000,1.2074,1.2221,1.1806,1.2116,26484317.0
1700841600000,1.2115,1.226,1.1843,1.1955,18940080.0
1700856000000,1.1955,1.2096,1.1741,1.208,12590638.0
1700870400000,1.2079,1.28,1.1865,1.2685,24217436.0
1700884800000,1.2683,1.3347,1.2452,1.3277,40589884.0
1700899200000,1.3274,1.3817,1.2245,1.2359,56131831.0
1700913600000,1.2359,1.2522,1.1885,1.244,32369381.0
1700928000000,1.244,1.2507,1.22,1.226,13330650.0
1700942400000,1.226,1.2286,1.2045,1.2133,7283674.0
1700956800000,1.2132,1.2252,1.2002,1.2122,9494398.0
1700971200000,1.2123,1.2207,1.1957,1.2037,9017085.0
1700985600000,1.2037,1.2298,1.2,1.2253,11175642.0
1701000000000,1.2252,1.2715,1.1948,1.2,35982815.0
1701014400000,1.2001,1.2164,1.15,1.1926,24332133.0
1701028800000,1.1924,1.2039,1.1806,1.1894,8459003.0
1701043200000,1.1894,1.2072,1.1516,1.1634,13049494.0
1701057600000,1.1634,1.1702,1.1222,1.1432,14433452.0
1701072000000,1.1432,1.1601,1.1239,1.154,12317848.0
1701086400000,1.1541,1.1962,1.1509,1.1785,20556067.0
1701100800000,1.1785,1.207,1.1444,1.1523,17281039.0
1701115200000,1.1522,1.23,1.1521,1.2251,12251048.0
1701129600000,1.2253,1.2485,1.1957,1.2233,20589499.0
1701144000000,1.2231,1.2319,1.1802,1.2067,21518499.0
1701158400000,1.2067,1.28,1.2037,1.2722,31624790.0
1701172800000,1.2725,1.2855,1.2353,1.2665,25539799.0
1701187200000,1.2664,1.285,1.244,1.255,20673684.0
1701201600000,1.2551,1.257,1.2216,1.236,8383293.0
1701216000000,1.236,1.2655,1.2236,1.2548,10978689.0
1701230400000,1.2548,1.275,1.2282,1.2305,11458389.0
1701244800000,1.2307,1.2533,1.214,1.2203,13785426.0
1701259200000,1.2204,1.223,1.1764,1.1908,15427173.0
1701273600000,1.1908,1.215,1.1751,1.207,10403321.0
1701288000000,1.2069,1.2159,1.1912,1.1978,6423322.0
1701302400000,1.1977,1.2174,1.1768,1.2128,11769346.0
1701316800000,1.2127,1.2138,1.1816,1.2017,10026026.0
1701331200000,1.2015,1.2352,1.1944,1.2263,18031192.0
1701345600000,1.2267,1.267,1.2112,1.2457,22573600.0
1701360000000,1.2458,1.2844,1.2358,1.265,19634347.0
1701374400000,1.265,1.28,1.253,1.2772,11942180.0
1701388800000,1.2772,1.317,1.262,1.2722,23994308.0
1701403200000,1.2721,1.2988,1.249,1.251,14467975.0
1701417600000,1.251,1.278,1.2501,1.2528,12366858.0
1701432000000,1.2529,1.2609,1.2243,1.2388,11143171.0
1701446400000,1.2387,1.2621,1.2307,1.2521,9095344.0
1701460800000,1.2521,1.2522,1.231,1.236,7176394.0
1701475200000,1.2359,1.2663,1.2303,1.2526,7778585.0
1701489600000,1.2525,1.2647,1.2438,1.2502,7732715.0
1701504000000,1.2502,1.2896,1.25,1.2671,12147574.0
1701518400000,1.2671,1.3019,1.2505,1.2619,17004262.0
1701532800000,1.2619,1.3139,1.2565,1.3065,19192797.0
1701547200000,1.3065,1.3441,1.2573,1.2684,22233475.0
1701561600000,1.2684,1.2825,1.2555,1.2655,7486764.0
1701576000000,1.2655,1.2698,1.2528,1.2681,5285738.0
1701590400000,1.2681,1.2688,1.2237,1.2353,12475407.0
1701604800000,1.2352,1.2812,1.21,1.2578,24052661.0
1701619200000,1.2579,1.29,1.2532,1.2761,13928119.0
1701633600000,1.2761,1.3233,1.2653,1.3155,16121649.0
1701648000000,1.3155,1.3235,1.2901,1.2907,12971062.0
1701662400000,1.2909,1.3482,1.2909,1.3017,18937698.0
1701676800000,1.3015,1.3628,1.22,1.3391,30979291.0
1701691200000,1.339,1.4458,1.3372,1.3806,82084462.0
1701705600000,1.3803,1.4053,1.3522,1.3847,23184757.0
1701720000000,1.3843,1.4239,1.3675,1.4117,15185978.0
1701734400000,1.4117,1.5049,1.391,1.3923,25810183.0
1701748800000,1.3925,1.4274,1.345,1.3675,17338501.0
1701763200000,1.3676,1.3744,1.3368,1.3489,10298542.0
1701777600000,1.3488,1.3599,1.3222,1.357,13723283.0
1701792000000,1.357,1.3713,1.3311,1.3549,15294854.0
1701806400000,1.355,1.3685,1.3423,1.3678,8496063.0
1701820800000,1.3679,1.4293,1.3567,1.3853,21547658.0
1701835200000,1.3852,1.3882,1.3332,1.3612,12271868.0
1701849600000,1.361,1.3888,1.3254,1.3487,15632392.0
1701864000000,1.3486,1.384,1.3319,1.3617,12109105.0
1701878400000,1.3618,1.3678,1.3338,1.3466,7200073.0
1701892800000,1.3465,1.3476,1.2864,1.2969,10945685.0
1701907200000,1.297,1.3082,1.2738,1.2852,7952266.0
1701921600000,1.2851,1.3057,1.281,1.3028,6657168.0
1701936000000,1.3029,1.308,1.2508,1.2691,14020577.0
1701950400000,1.269,1.3167,1.264,1.3017,10019038.0
1701964800000,1.3018,1.3424,1.2926,1.3076,13738662.0
1701979200000,1.3077,1.3291,1.3,1.3185,5485578.0
1701993600000,1.3183,1.36,1.2971,1.3562,9846355.0
1702008000000,1.3563,1.3607,1.3341,1.3478,10948313.0
1702022400000,1.3478,1.3524,1.3254,1.3459,7769587.0
1702036800000,1.3459,1.3518,1.2839,1.2951,16310228.0
1702051200000,1.2951,1.316,1.2736,1.3068,11085058.0
1702065600000,1.3068,1.3257,1.3014,1.323,7482447.0
1702080000000,1.323,1.3495,1.32,1.3397,7140279.0
1702094400000,1.3398,1.371,1.3367,1.3637,6480649.0
1702108800000,1.364,1.3758,1.3216,1.3472,12794406.0
1702123200000,1.3472,1.3587,1.31,1.3283,10997953.0
1702137600000,1.3283,1.349,1.3131,1.3258,11456653.0
1702152000000,1.3258,1.35,1.2954,1.3015,9909569.0
1702166400000,1.3015,1.3277,1.3008,1.3217,5161708.0
1702180800000,1.3217,1.3636,1.3205,1.3434,10056648.0
1702195200000,1.3436,1.3618,1.2878,1.3084,15179945.0
1702209600000,1.3084,1.3498,1.3043,1.3337,9996340.0
1702224000000,1.3337,1.348,1.3177,1.3431,9469224.0
1702238400000,1.3426,1.355,1.331,1.349,7006828.0
1702252800000,1.349,1.3568,1.1196,1.2321,30898749.0
1702267200000,1.2321,1.2447,1.2157,1.2264,12333833.0
1702281600000,1.2264,1.2559,1.2152,1.2388,8337658.0
1702296000000,1.2389,1.241,1.2012,1.2222,10672372.0
1702310400000,1.2219,1.225,1.1661,1.1931,14531128.0
1702324800000,1.1931,1.2111,1.1848,1.2083,4560065.0
1702339200000,1.2083,1.2433,1.2056,1.2309,5989615.0
1702353600000,1.2309,1.234,1.2075,1.2305,4837032.0
1702368000000,1.2306,1.2312,1.1976,1.2,4762453.0
1702382400000,1.2,1.2311,1.1864,1.198,9640008.0
1702396800000,1.1978,1.226,1.1797,1.2008,9873302.0
1702411200000,1.2007,1.2145,1.1773,1.2081,4765793.0
1702425600000,1.2081,1.2127,1.1561,1.1639,11431099.0
1702440000000,1.1641,1.18,1.144,1.1652,6869778.0
1702454400000,1.1653,1.1758,1.1595,1.1616,5045373.0
1702468800000,1.1617,1.1931,1.1606,1.192,6821957.0
1702483200000,1.192,1.2124,1.1694,1.2107,6337711.0
1702497600000,1.211,1.222,1.2017,1.2083,6064738.0
1702512000000,1.2085,1.213,1.1795,1.1838,6680008.0
1702526400000,1.1837,1.2069,1.1784,1.1994,6743610.0
1702540800000,1.1994,1.2311,1.1959,1.2267,6679244.0
1702555200000,1.2267,1.2273,1.1155,1.1758,45735156.0
1702569600000,1.1756,1.2022,1.1735,1.1851,8720931.0
1702584000000,1.1854,1.1998,1.1767,1.1906,5033166.0
1702598400000,1.1906,1.1923,1.1723,1.1806,4653787.0
1702612800000,1.1806,1.1822,1.1535,1.156,4726997.0
1702627200000,1.1562,1.173,1.1485,1.1693,5268327.0
1702641600000,1.1693,1.17,1.1419,1.1463,8070843.0
1702656000000,1.1463,1.1717,1.1429,1.1635,4611336.0
1702670400000,1.1634,1.1659,1.1252,1.132,5497914.0
1702684800000,1.1321,1.1694,1.1221,1.168,5639570.0
1702699200000,1.168,1.1982,1.1622,1.1889,8115331.0
1702713600000,1.1888,1.1988,1.1856,1.1965,5229922.0
1702728000000,1.1965,1.2032,1.1856,1.2003,5687063.0
1702742400000,1.2001,1.2047,1.1776,1.1855,6306766.0
1702756800000,1.1855,1.2015,1.1847,1.1896,4799504.0
1702771200000,1.1895,1.2015,1.1701,1.1775,6234727.0
1702785600000,1.1774,1.1957,1.1538,1.1644,6078183.0
1702800000000,1.1645,1.187,1.1634,1.1817,3735012.0
1702814400000,1.1818,1.1904,1.1578,1.1841,6836484.0
1702828800000,1.1841,1.2072,1.1767,1.2012,7530927.0
1702843200000,1.2015,1.2034,1.156,1.1648,5005057.0
1702857600000,1.1646,1.1758,1.1268,1.1415,8422891.0
1702872000000,1.1414,1.1506,1.12,1.124,4966500.0
1702886400000,1.124,1.1304,1.0636,1.0965,17344005.0
1702900800000,1.0967,1.1186,1.0836,1.103,6771815.0
1702915200000,1.103,1.1102,1.0937,1.1035,5236377.0
1702929600000,1.1033,1.131,1.0978,1.1295,6997136.0
1702944000000,1.1293,1.1479,1.1223,1.13,4736782.0
1702958400000,1.1301,1.1449,1.1239,1.1414,4235139.0
1702972800000,1.1414,1.1469,1.13,1.1361,4699522.0
1702987200000,1.1361,1.142,1.1137,1.126,7085992.0
1703001600000,1.1258,1.1357,1.0921,1.1111,7907873.0
1703016000000,1.1112,1.1194,1.1019,1.1118,3778423.0
1703030400000,1.1116,1.1279,1.105,1.1196,5344967.0
1703044800000,1.1197,1.1346,1.1172,1.1271,5051470.0
1703059200000,1.1271,1.134,1.1208,1.1276,4426784.0
1703073600000,1.1274,1.1596,1.1202,1.1554,9010949.0
1703088000000,1.1556,1.1595,1.1235,1.1245,7435548.0
1703102400000,1.1246,1.1263,1.0987,1.1149,8951611.0
1703116800000,1.1149,1.1204,1.1006,1.1166,6026627.0
1703131200000,1.1166,1.119,1.1076,1.1177,5059925.0
1703145600000,1.1177,1.1395,1.1157,1.1374,6618306.0
1703160000000,1.1374,1.1599,1.1232,1.1281,10229978.0
1703174400000,1.1282,1.151,1.1278,1.1507,6937113.0
1703188800000,1.1506,1.1919,1.1488,1.1836,7024039.0
1703203200000,1.1836,1.2212,1.1822,1.1946,10391970.0
1703217600000,1.1947,1.2058,1.168,1.187,9808370.0
1703232000000,1.187,1.2177,1.1796,1.2106,10013716.0
1703246400000,1.2106,1.2206,1.1887,1.2082,9062878.0
1703260800000,1.2081,1.2271,1.1937,1.1979,7826266.0
1703275200000,1.1978,1.2161,1.196,1.2099,3618555.0
1703289600000,1.2099,1.2136,1.1573,1.1618,7720901.0
1703304000000,1.1616,1.1867,1.1585,1.1844,4771026.0
1703318400000,1.1844,1.191,1.178,1.1835,3045356.0
1703332800000,1.1834,1.2088,1.1824,1.2015,4298486.0
1703347200000,1.2015,1.2091,1.1898,1.2014,4736550.0
1703361600000,1.2015,1.2237,1.1911,1.222,4742583.0
1703376000000,1.2219,1.2556,1.2068,1.2356,10268860.0
1703390400000,1.2355,1.2466,1.2103,1.2305,8801147.0
1703404800000,1.2304,1.2457,1.2069,1.2344,8199111.0
1703419200000,1.2345,1.272,1.2272,1.262,8920216.0
1703433600000,1.2621,1.2763,1.2414,1.2481,8731270.0
1703448000000,1.2478,1.2484,1.1685,1.207,13927518.0
1703462400000,1.2069,1.2323,1.1976,1.2179,6786598.0
1703476800000,1.2182,1.2448,1.2124,1.2335,5272842.0
1703491200000,1.2334,1.2529,1.2172,1.2401,7857606.0
1703505600000,1.24,1.275,1.2345,1.2532,10356422.0
1703520000000,1.2533,1.2628,1.2406,1.2436,5884348.0
1703534400000,1.2435,1.2588,1.2282,1.2509,5058199.0
1703548800000,1.251,1.2618,1.2436,1.2554,4345372.0
1703563200000,1.2554,1.2686,1.1999,1.2304,17327535.0
1703577600000,1.2304,1.3165,1.2148,1.3137,15771552.0
1703592000000,1.3135,1.314,1.249,1.2526,29216554.0
1703606400000,1.2523,1.2594,1.1721,1.2443,24561575.0
1703620800000,1.2442,1.2892,1.244,1.2628,11268178.0
1703635200000,1.2628,1.2672,1.2031,1.2079,10271301.0
1703649600000,1.2079,1.2345,1.207,1.2286,6452253.0
1703664000000,1.2285,1.2782,1.2241,1.2522,11291176.0
1703678400000,1.2521,1.285,1.2436,1.2703,9648257.0
1703692800000,1.2704,1.2791,1.2438,1.2557,7880468.0
1703707200000,1.2556,1.2684,1.2362,1.2459,4587472.0
1703721600000,1.246,1.3012,1.2452,1.2879,11282361.0
1703736000000,1.2879,1.339,1.2804,1.3213,21321301.0
1703750400000,1.3214,1.3344,1.2832,1.3039,9995830.0
1703764800000,1.3037,1.3055,1.2475,1.2668,17545695.0
1703779200000,1.2665,1.3179,1.254,1.2932,12675452.0
1703793600000,1.2933,1.3197,1.2703,1.3108,9676438.0
1703808000000,1.3109,1.3232,1.2537,1.3108,13556154.0
1703822400000,1.311,1.3294,1.2664,1.2756,10005082.0
1703836800000,1.2755,1.3367,1.2737,1.3096,14235984.0
1703851200000,1.3096,1.3275,1.281,1.3078,10270015.0
1703865600000,1.3076,1.3177,1.267,1.3022,11919334.0
1703880000000,1.3023,1.3029,1.26,1.2775,4871464.0
1703894400000,1.2776,1.3109,1.271,1.2862,5780475.0
1703908800000,1.286,1.36,1.2857,1.3304,12475102.0
1703923200000,1.3305,1.3378,1.2867,1.3087,9388876.0
1703937600000,1.3086,1.3137,1.287,1.2992,5098059.0
1703952000000,1.2991,1.3641,1.279,1.3581,19802250.0
1703966400000,1.358,1.4123,1.3525,1.3829,23391189.0
1703980800000,1.3829,1.3869,1.3021,1.3055,15295597.0
1703995200000,1.3055,1.3374,1.3025,1.3226,7255062.0
1704009600000,1.3226,1.3358,1.313,1.3334,5897897.0
1704024000000,1.3335,1.3358,1.3004,1.3056,6316130.0
1704038400000,1.3057,1.3122,1.2924,1.2963,4491644.0
1704052800000,1.2962,1.2985,1.2081,1.2533,14647816.0
1704067200000,1.2532,1.278,1.2458,1.2474,5578919.0
1704081600000,1.2474,1.2542,1.2268,1.2471,4446633.0
1704096000000,1.2472,1.2695,1.239,1.2683,3291105.0
1704110400000,1.2683,1.3457,1.2682,1.342,9565333.0
1704124800000,1.3422,1.3667,1.3271,1.3411,14533260.0
1704139200000,1.3411,1.3924,1.3411,1.376,9879714.0
1704153600000,1.376,1.387,1.3375,1.3411,9159155.0
1704168000000,1.3411,1.3536,1.3237,1.3272,4950116.0
1704182400000,1.3271,1.3626,1.3261,1.3542,6348459.0
1704196800000,1.3545,1.3545,1.2761,1.2974,10583237.0
1704211200000,1.2975,1.305,1.2838,1.2952,6142293.0
1704225600000,1.2952,1.299,1.2763,1.2872,3868882.0
1704240000000,1.2872,1.3154,1.2773,1.314,4340445.0
1704254400000,1.3141,1.3239,1.2985,1.3037,4272571.0
1704268800000,1.3038,1.3145,1.2438,1.2555,9263424.0
1704283200000,1.2559,1.2562,0.9184,1.1661,40383779.0
1704297600000,1.1659,1.1713,1.1018,1.1219,8432311.0
1704312000000,1.1217,1.1496,1.1164,1.1339,4104290.0
1704326400000,1.1338,1.1547,1.1129,1.1469,3985483.0
1704340800000,1.1471,1.1627,1.1401,1.1446,3674627.0
1704355200000,1.1448,1.1579,1.1268,1.1461,4560670.0
1704369600000,1.1462,1.1731,1.1368,1.1666,5526709.0
1704384000000,1.1665,1.1729,1.1548,1.1564,3892310.0
1704398400000,1.1563,1.1689,1.1333,1.1405,7040734.0
1704412800000,1.1413,1.1597,1.0721,1.1052,10002417.0
1704427200000,1.1058,1.1153,1.0963,1.0998,3775566.0
1704441600000,1.1,1.1158,1.0775,1.0904,6295696.0
1704456000000,1.0904,1.108,1.0641,1.0795,7523111.0
1704470400000,1.0795,1.0918,1.0473,1.0703,5577649.0
1704484800000,1.0703,1.0998,1.0703,1.0997,3416314.0
1704499200000,1.0996,1.0996,1.0793,1.0853,2964073.0
1704513600000,1.0857,1.0909,1.0253,1.0547,8036743.0
1704528000000,1.0546,1.0734,1.0479,1.07,3359312.0
1704542400000,1.0698,1.0848,1.055,1.0781,4280780.0
1704556800000,1.0782,1.0834,1.0631,1.0718,3320429.0
1704571200000,1.0717,1.0787,1.0503,1.067,2814573.0
1704585600000,1.0672,1.0882,1.0622,1.0722,3043512.0
1704600000000,1.0721,1.0896,1.0685,1.0792,2428023.0
1704614400000,1.0791,1.0901,1.0536,1.0617,4760750.0
1704628800000,1.0616,1.0826,1.0532,1.0595,3947216.0
1704643200000,1.0595,1.0669,1.0428,1.0593,2830338.0
1704657600000,1.0591,1.0631,1.0085,1.0198,5217055.0
1704672000000,1.0199,1.025,0.9412,0.9699,11512882.0
1704686400000,0.9699,1.0145,0.9632,0.9979,5473522.0
1704700800000,0.9975,1.0328,0.9912,1.0313,3743617.0
1704715200000,1.031,1.0635,1.0301,1.0552,6679319.0
1704729600000,1.0553,1.095,1.0457,1.0928,5579136.0
1704744000000,1.0929,1.1051,1.0819,1.0992,3289624.0
1704758400000,1.0989,1.1078,1.0733,1.0935,3613498.0
1704772800000,1.0938,1.1097,1.0837,1.0888,2545043.0
1704787200000,1.0887,1.1035,1.0646,1.0765,4949223.0
1704801600000,1.0767,1.0848,1.01,1.0397,9461540.0
1704816000000,1.0395,1.053,1.0246,1.039,4605353.0
1704830400000,1.0393,1.0936,1.0175,1.0805,10719791.0
1704844800000,1.0803,1.1058,1.0729,1.0862,4131760.0
1704859200000,1.086,1.0997,1.0803,1.0861,2843754.0
1704873600000,1.0859,1.1206,1.0694,1.1146,6135137.0
1704888000000,1.1144,1.1161,1.0575,1.1049,7985069.0
1704902400000,1.1051,1.1206,1.0828,1.1138,8133244.0
1704916800000,1.1137,1.1969,1.0855,1.1714,12258655.0
1704931200000,1.1715,1.1814,1.1497,1.1813,7811178.0
1704945600000,1.1814,1.2139,1.1609,1.1858,7304130.0
1704960000000,1.1858,1.2086,1.1778,1.2074,4343881.0
1704974400000,1.2075,1.2318,1.1606,1.1791,9806611.0
1704988800000,1.1792,1.1873,1.1395,1.1758,7887068.0
1705003200000,1.1759,1.1842,1.1525,1.1732,2714597.0
1705017600000,1.1733,1.1833,1.1462,1.1676,3156841.0
1705032000000,1.1676,1.1861,1.1538,1.1623,3366497.0
1705046400000,1.1624,1.1825,1.1463,1.1764,3707076.0
1705060800000,1.1759,1.2156,1.1654,1.1722,6897153.0
1705075200000,1.1721,1.1831,1.0952,1.142,11439348.0
1705089600000,1.1419,1.1622,1.0703,1.1154,7429196.0
1705104000000,1.1156,1.121,1.0721,1.096,3802362.0
1705118400000,1.096,1.1114,1.0892,1.1059,2281352.0
1705132800000,1.1059,1.1107,1.0905,1.1001,2438231.0
1705147200000,1.1,1.1119,1.0914,1.1092,3014464.0
1705161600000,1.1093,1.1165,1.0957,1.1096,2093727.0
1705176000000,1.1099,1.1153,1.1035,1.1056,1697942.0
1705190400000,1.1055,1.1082,1.0867,1.0934,2624875.0
1705204800000,1.0933,1.11,1.0818,1.1097,2040043.0
1705219200000,1.1096,1.1197,1.0989,1.1004,2202058.0
1705233600000,1.1004,1.109,1.0912,1.1028,1794461.0
1705248000000,1.1031,1.108,1.0807,1.0826,2715607.0
1705262400000,1.0825,1.0967,1.0646,1.0687,3926414.0
1705276800000,1.0687,1.1018,1.0641,1.0955,3034577.0
1705291200000,1.0954,1.1045,1.0814,1.0876,1751006.0
1705305600000,1.0877,1.1015,1.0834,1.0977,2046373.0
1705320000000,1.0978,1.0981,1.0656,1.0678,3617609.0
1705334400000,1.0678,1.1168,1.0659,1.0955,9836411.0
1705348800000,1.0956,1.1031,1.0713,1.0819,2223245.0
1705363200000,1.0821,1.1096,1.0821,1.1094,2213499.0
1705377600000,1.1093,1.1108,1.0864,1.0978,2196864.0
1705392000000,1.098,1.1129,1.0905,1.0995,2499439.0
1705406400000,1.0997,1.1068,1.0719,1.1033,4193247.0
1705420800000,1.1033,1.1289,1.0963,1.1075,5630640.0
1705435200000,1.1077,1.1184,1.1008,1.1084,2424715.0
1705449600000,1.1083,1.1203,1.1054,1.1058,1969404.0
1705464000000,1.1058,1.1074,1.0837,1.0871,2017257.0
1705478400000,1.0872,1.108,1.0823,1.0997,1893217.0
1705492800000,1.0997,1.1133,1.0911,1.0966,3568166.0
1705507200000,1.0962,1.1052,1.0851,1.1018,1917288.0
1705521600000,1.1021,1.1108,1.0907,1.1065,1736345.0
1705536000000,1.1066,1.1359,1.1034,1.1131,7603279.0
1705550400000,1.1132,1.1248,1.1049,1.1183,3186571.0
1705564800000,1.1184,1.1241,1.0911,1.0966,3163960.0
1705579200000,1.0965,1.0974,1.0729,1.0857,3955709.0
1705593600000,1.0859,1.0873,1.009,1.0167,8556262.0
1705608000000,1.0168,1.0385,1.0148,1.0348,4711739.0
1705622400000,1.0348,1.0361,1.0069,1.0266,5209487.0
1705636800000,1.0266,1.0522,1.0241,1.048,2673935.0
1705651200000,1.0481,1.063,1.0444,1.0622,1999908.0
1705665600000,1.0621,1.069,1.0396,1.0443,3508859.0
1705680000000,1.0442,1.0565,1.0,1.0464,7583334.0
1705694400000,1.0463,1.075,1.0453,1.0747,2994780.0
1705708800000,1.0746,1.0844,1.0564,1.0746,3017440.0
1705723200000,1.0746,1.0864,1.0689,1.0792,2361644.0
1705737600000,1.0791,1.0922,1.0649,1.0754,3929871.0
1705752000000,1.0754,1.0887,1.068,1.0819,2066275.0
1705766400000,1.0818,1.1412,1.0757,1.1276,15719246.0
1705780800000,1.1276,1.1809,1.1245,1.1552,13760800.0
1705795200000,1.1553,1.1756,1.1401,1.17,7928699.0
1705809600000,1.1698,1.1726,1.1436,1.1642,4974845.0
1705824000000,1.164,1.1929,1.1537,1.1763,7788230.0
1705838400000,1.1762,1.2093,1.15,1.1544,11804535.0
1705852800000,1.1545,1.1744,1.1442,1.1617,5045633.0
1705867200000,1.1617,1.1717,1.1556,1.1598,3135966.0
1705881600000,1.16,1.1811,1.1169,1.1313,7999052.0
1705896000000,1.1314,1.1342,1.1004,1.1045,4512108.0
1705910400000,1.1047,1.1074,1.0633,1.0857,5992400.0
1705924800000,1.0855,1.1055,1.059,1.0783,5541783.0
1705939200000,1.0785,1.0832,1.0439,1.0626,5552138.0
1705953600000,1.0622,1.0937,1.0603,1.0782,4232369.0
1705968000000,1.0783,1.1095,1.0694,1.0849,4809891.0
1705982400000,1.0849,1.0878,1.0582,1.0646,3033641.0
1705996800000,1.0646,1.0696,1.0013,1.0182,9393259.0
1706011200000,1.0185,1.0552,1.0074,1.0443,7134093.0
1706025600000,1.0442,1.0551,1.0258,1.0294,3485387.0
1706040000000,1.0291,1.0584,1.0243,1.0578,2578177.0
1706054400000,1.0576,1.0737,1.0455,1.0503,2544094.0
1706068800000,1.0505,1.0737,1.0505,1.068,2478415.0
1706083200000,1.0681,1.0856,1.0652,1.0772,2549170.0
1706097600000,1.077,1.0788,1.0531,1.0685,3163236.0
1706112000000,1.0686,1.0747,1.0476,1.0579,2501239.0
1706126400000,1.0575,1.07,1.0477,1.0689,1550521.0
1706140800000,1.0687,1.0812,1.0577,1.0739,2363314.0
1706155200000,1.0736,1.0843,1.0615,1.0803,2894771.0
1706169600000,1.0803,1.0863,1.0681,1.0763,3294754.0
1706184000000,1.0766,1.0788,1.052,1.0563,3365392.0
1706198400000,1.0564,1.0819,1.0438,1.0786,2949508.0
1706212800000,1.0787,1.0894,1.0743,1.0894,2069251.0
1706227200000,1.0892,1.1,1.0821,1.0869,2976092.0
1706241600000,1.0871,1.0951,1.0786,1.0798,2184170.0
1706256000000,1.0801,1.1028,1.0778,1.1,2656791.0
1706270400000,1.1001,1.1024,1.0811,1.1015,2827344.0
1706284800000,1.1014,1.107,1.0982,1.1022,2053371.0
1706299200000,1.1021,1.1033,1.0872,1.0992,2048695.0
1706313600000,1.0992,1.1143,1.0983,1.1088,1749074.0
1706328000000,1.1087,1.1136,1.088,1.0941,1669727.0
1706342400000,1.0941,1.102,1.0887,1.0914,2089440.0
1706356800000,1.0916,1.106,1.0899,1.1008,1641982.0
1706371200000,1.1008,1.1091,1.0971,1.1085,1445077.0
1706385600000,1.1086,1.1186,1.1081,1.1154,1587396.0
1706400000000,1.1155,1.125,1.109,1.1235,1805871.0
1706414400000,1.1235,1.1411,1.1051,1.1083,2288671.0
1706428800000,1.1083,1.1187,1.1013,1.106,1783367.0
1706443200000,1.1062,1.1069,1.09,1.1032,2208790.0
1706457600000,1.1034,1.1067,1.0857,1.0915,2034753.0
1706472000000,1.0913,1.101,1.0788,1.0916,2116361.0
1706486400000,1.0918,1.1095,1.0847,1.1027,1705119.0
1706500800000,1.1026,1.1139,1.0994,1.102,1461978.0
1706515200000,1.1024,1.1166,1.0982,1.107,2587175.0
1706529600000,1.107,1.1157,1.0835,1.1151,2641443.0
1706544000000,1.115,1.133,1.1085,1.1277,2877606.0
1706558400000,1.1279,1.1359,1.1247,1.126,1643154.0
1706572800000,1.1261,1.1329,1.1148,1.1246,1864360.0
1706587200000,1.1245,1.1281,1.1144,1.1239,1829899.0
1706601600000,1.1237,1.1412,1.1219,1.1366,1917716.0
1706616000000,1.137,1.1412,1.1141,1.1302,3092670.0
1706630400000,1.1301,1.1386,1.124,1.1309,1924977.0
1706644800000,1.1309,1.1313,1.0965,1.106,3305165.0
1706659200000,1.1059,1.1095,1.0895,1.1034,2593367.0
1706673600000,1.1036,1.1064,1.0943,1.0984,1469752.0
1706688000000,1.0985,1.0998,1.065,1.0766,3137851.0
1706702400000,1.0765,1.0835,1.0566,1.0805,2642505.0
1706716800000,1.0802,1.0865,1.0685,1.0771,2114678.0
1706731200000,1.0771,1.0785,1.0462,1.055,2959519.0
1706745600000,1.055,1.0642,1.0383,1.0575,2553071.0
1706760000000,1.0573,1.0625,1.05,1.0586,1629488.0
1706774400000,1.0585,1.0638,1.0527,1.0538,2516658.0
1706788800000,1.0539,1.068,1.0503,1.0599,2354610.0
1706803200000,1.0599,1.0686,1.0464,1.0597,2981113.0
1706817600000,1.0597,1.0619,1.054,1.0606,1471184.0
1706832000000,1.0606,1.0695,1.0595,1.0639,1580555.0
1706846400000,1.064,1.0743,1.0611,1.0734,1312052.0
1706860800000,1.0733,1.0909,1.0651,1.0889,2883841.0
1706875200000,1.0891,1.0968,1.0717,1.0944,2990430.0
1706889600000,1.0942,1.1024,1.0866,1.1007,2584323.0
1706904000000,1.1007,1.1109,1.0981,1.1094,2088951.0
1706918400000,1.1092,1.1216,1.0916,1.0925,2761319.0
1706932800000,1.0927,1.0964,1.0865,1.0885,1178639.0
1706947200000,1.0885,1.0939,1.0868,1.0905,902652.0
1706961600000,1.0904,1.0993,1.087,1.0925,1609975.0
1706976000000,1.0924,1.1071,1.0916,1.1066,1507783.0
1706990400000,1.1066,1.1098,1.1006,1.1032,1197279.0
1707004800000,1.1034,1.105,1.092,1.0954,1171855.0
1707019200000,1.0953,1.0953,1.058,1.0645,4111654.0
1707033600000,1.0644,1.0745,1.0594,1.0714,1591214.0
1707048000000,1.0713,1.074,1.064,1.0689,1337767.0
1707062400000,1.0689,1.0728,1.0591,1.0664,1804650.0
1707076800000,1.0664,1.0713,1.0474,1.0507,2433909.0
1707091200000,1.0505,1.0559,1.0304,1.0555,3218312.0
1707105600000,1.0553,1.0661,1.0511,1.0658,1677505.0
1707120000000,1.0658,1.0707,1.058,1.0647,1493928.0
1707134400000,1.0647,1.0739,1.0526,1.0563,2121967.0
1707148800000,1.056,1.0674,1.0525,1.0644,1934212.0
1707163200000,1.0641,1.0663,1.0509,1.0643,1699546.0
1707177600000,1.0646,1.0726,1.0586,1.0682,1301172.0
1707192000000,1.0683,1.0697,1.0581,1.0667,1420542.0
1707206400000,1.0668,1.0691,1.0489,1.056,1720175.0
1707220800000,1.0556,1.0655,1.0514,1.0653,1546311.0
1707235200000,1.065,1.0699,1.0601,1.0687,1240146.0
1707249600000,1.0686,1.075,1.0665,1.069,1304286.0
1707264000000,1.0689,1.0747,1.067,1.0674,951707.0
1707278400000,1.0673,1.076,1.0608,1.0705,1390261.0
1707292800000,1.0705,1.0804,1.0681,1.0685,1631274.0
1707307200000,1.0684,1.079,1.0676,1.0755,1385578.0
1707321600000,1.0755,1.096,1.0742,1.0941,1898184.0
1707336000000,1.0942,1.1091,1.0942,1.1059,1943494.0
1707350400000,1.1062,1.1179,1.0953,1.0959,2166993.0
1707364800000,1.0958,1.0978,1.0908,1.0952,930849.0
1707379200000,1.0951,1.1036,1.0947,1.0967,1368020.0
1707393600000,1.0969,1.1128,1.0937,1.109,1752323.0
1707408000000,1.109,1.1114,1.0879,1.1013,2770486.0
1707422400000,1.1012,1.1085,1.1,1.1054,1133682.0
1707436800000,1.1053,1.1299,1.1045,1.1175,1842696.0
1707451200000,1.1175,1.1308,1.1146,1.1293,1857223.0
1707465600000,1.1292,1.15,1.1234,1.1458,2872225.0
1707480000000,1.1457,1.1867,1.1227,1.1289,18794183.0
1707494400000,1.1291,1.1442,1.1272,1.1415,4870223.0
1707508800000,1.1413,1.1513,1.1395,1.1432,2200980.0
1707523200000,1.1431,1.1575,1.1425,1.1518,1951360.0
1707537600000,1.1518,1.1522,1.1382,1.1429,1378358.0
1707552000000,1.1431,1.1563,1.1323,1.1404,5374570.0
1707566400000,1.1407,1.1507,1.1322,1.1489,2602549.0
1707580800000,1.1489,1.1745,1.1453,1.1503,4992854.0
1707595200000,1.1505,1.1571,1.1391,1.1421,2095160.0
1707609600000,1.1422,1.1523,1.1393,1.1499,1348515.0
1707624000000,1.15,1.1593,1.1419,1.1535,2322990.0
1707638400000,1.1535,1.1555,1.1453,1.1508,2205422.0
1707652800000,1.1507,1.1527,1.1383,1.1427,2143728.0
1707667200000,1.1427,1.1514,1.1363,1.1393,1640086.0
1707681600000,1.1393,1.142,1.1196,1.1263,2553332.0
1707696000000,1.1264,1.1381,1.1105,1.1244,2591782.0
1707710400000,1.1244,1.129,1.11,1.1288,1860345.0
1707724800000,1.1288,1.1309,1.106,1.1188,2702112.0
1707739200000,1.1188,1.146,1.1156,1.1432,2782448.0
1707753600000,1.1433,1.1775,1.1394,1.1569,5305684.0
1707768000000,1.1572,1.1876,1.1572,1.1816,5851554.0
1707782400000,1.1817,1.1998,1.1586,1.1627,3396347.0
1707796800000,1.1628,1.1836,1.1628,1.1834,2131715.0
1707811200000,1.1833,1.216,1.1814,1.2022,6698231.0
1707825600000,1.2022,1.2074,1.1389,1.182,11113067.0
1707840000000,1.1819,1.195,1.1724,1.1807,5638386.0
1707854400000,1.1807,1.1862,1.1764,1.1856,2439103.0
1707868800000,1.1855,1.1986,1.1696,1.1922,2666113.0
1707883200000,1.1922,1.1949,1.1858,1.1925,1216397.0
1707897600000,1.1924,1.2167,1.1869,1.2103,4784249.0
1707912000000,1.2104,1.2382,1.1932,1.2095,10012585.0
1707926400000,1.2094,1.2107,1.1954,1.2085,3010846.0
1707940800000,1.2084,1.2111,1.196,1.2096,2766018.0
1707955200000,1.2095,1.2362,1.2083,1.2297,4402908.0
1707969600000,1.2296,1.2303,1.1917,1.2076,5579957.0
1707984000000,1.2078,1.221,1.2002,1.2122,3635817.0
1707998400000,1.2124,1.2446,1.203,1.2196,10311706.0
1708012800000,1.22,1.231,1.2052,1.227,3904902.0
1708027200000,1.2268,1.321,1.2149,1.3117,15557624.0
1708041600000,1.3117,1.3505,1.283,1.2887,14812187.0
1708056000000,1.2887,1.312,1.266,1.2729,8285778.0
1708070400000,1.2728,1.308,1.2717,1.2786,8251047.0
1708084800000,1.2787,1.3092,1.2415,1.2792,12399181.0
1708099200000,1.2789,1.2872,1.2461,1.2628,6065577.0
1708113600000,1.2627,1.276,1.2571,1.2705,2206744.0
1708128000000,1.2705,1.2771,1.2521,1.2726,2633099.0
1708142400000,1.2728,1.285,1.2684,1.2785,1907360.0
1708156800000,1.2786,1.28,1.245,1.2562,2961964.0
1708171200000,1.2562,1.2573,1.1901,1.2168,11673414.0
1708185600000,1.2168,1.2355,1.212,1.2353,3814152.0
1708200000000,1.2352,1.2544,1.2351,1.2433,2652422.0
1708214400000,1.2432,1.261,1.2389,1.2603,3452266.0
1708228800000,1.2601,1.2747,1.2477,1.271,2274075.0
1708243200000,1.2709,1.2787,1.2615,1.271,2430614.0
1708257600000,1.271,1.2732,1.2513,1.2664,3633575.0
1708272000000,1.2662,1.2808,1.2559,1.2585,2693737.0
1708286400000,1.2583,1.2713,1.247,1.2619,2374903.0
1708300800000,1.2619,1.2891,1.2573,1.2813,2980579.0
1708315200000,1.2814,1.3189,1.2753,1.2856,6380799.0
1708329600000,1.2856,1.2864,1.2451,1.2674,7244728.0
1708344000000,1.2675,1.2746,1.2347,1.2619,7478986.0
1708358400000,1.262,1.2835,1.255,1.2762,5348349.0
1708372800000,1.2761,1.3124,1.2683,1.3015,5551709.0
1708387200000,1.3016,1.3085,1.2662,1.2848,6562426.0
1708401600000,1.2849,1.3436,1.2769,1.315,8258381.0
1708416000000,1.3151,1.332,1.2728,1.3187,8662301.0
1708430400000,1.3187,1.3438,1.18,1.2575,19369644.0
1708444800000,1.2574,1.278,1.2244,1.2713,7050962.0
1708459200000,1.2714,1.3268,1.2661,1.307,5323404.0
1708473600000,1.3071,1.3195,1.2911,1.2953,3314873.0
1708488000000,1.2954,1.2963,1.2474,1.2618,4357193.0
1708502400000,1.2617,1.2693,1.2148,1.2345,5683639.0
1708516800000,1.2343,1.2575,1.2099,1.2333,6334774.0
1708531200000,1.2337,1.2414,1.2113,1.2329,3628683.0
1708545600000,1.2326,1.2613,1.2225,1.2593,2191539.0
1708560000000,1.2593,1.2595,1.22,1.246,2332447.0
1708574400000,1.2465,1.2878,1.2456,1.2875,2286982.0
1708588800000,1.2875,1.311,1.2801,1.298,5077805.0
1708603200000,1.2978,1.3089,1.267,1.2994,6891259.0
1708617600000,1.2995,1.4852,1.2862,1.3893,35647549.0
1708632000000,1.3893,1.3932,1.2921,1.3005,28820587.0
1708646400000,1.3004,1.3331,1.2817,1.2895,8598627.0
1708660800000,1.2896,1.3012,1.2602,1.2813,6615702.0
1708675200000,1.2814,1.2908,1.2652,1.2791,4552181.0
1708689600000,1.279,1.56,1.2589,1.4825,91720428.0
1708704000000,1.483,1.4895,1.3866,1.4515,39628101.0
1708718400000,1.4519,1.4976,1.4352,1.4783,17147118.0
1708732800000,1.4784,1.6488,1.4681,1.621,53454082.0
1708747200000,1.6208,1.8444,1.6201,1.81,69701205.0
1708761600000,1.81,1.8757,1.7096,1.7416,80282406.0
1708776000000,1.7416,1.7562,1.6009,1.6091,54146314.0
1708790400000,1.609,1.763,1.6005,1.7208,44537730.0
1708804800000,1.7205,1.7412,1.6484,1.6725,18256613.0
1708819200000,1.673,1.68,1.5923,1.6123,21209968.0
1708833600000,1.6124,1.6311,1.6001,1.6109,12484985.0
1708848000000,1.6108,1.65,1.5812,1.6256,18715093.0
1708862400000,1.6255,1.6383,1.59,1.5938,11956501.0
1708876800000,1.5935,1.6058,1.567,1.5932,10546093.0
1708891200000,1.593,1.6159,1.5858,1.615,6102731.0
1708905600000,1.6146,1.6926,1.5822,1.6356,18520427.0
1708920000000,1.6353,1.6364,1.5431,1.5476,14157861.0
1708934400000,1.5476,1.5729,1.5425,1.5588,9496778.0
1708948800000,1.5589,1.6247,1.55,1.5727,13174347.0
1708963200000,1.572,1.5836,1.5271,1.5574,11818662.0
1708977600000,1.5574,1.58,1.5498,1.5698,4618188.0
1708992000000,1.5697,1.615,1.54,1.55,11472837.0
1709006400000,1.5501,1.566,1.534,1.5455,7023361.0
1709020800000,1.5455,1.5823,1.5415,1.5761,7555359.0
1709035200000,1.5757,1.5844,1.5018,1.5145,12486319.0
1709049600000,1.5145,1.5494,1.5013,1.5463,11151172.0
1709064000000,1.5463,1.5624,1.5309,1.5403,4437188.0
1709078400000,1.5402,1.5856,1.5336,1.5453,6560195.0
1709092800000,1.5453,1.5505,1.5027,1.5325,9699079.0
1709107200000,1.5327,1.5865,1.4877,1.5474,17469454.0
1709121600000,1.5471,1.5762,1.5237,1.5515,11645340.0
1709136000000,1.5516,1.5884,1.2987,1.4809,34990537.0
1709150400000,1.481,1.5055,1.4629,1.4933,6007693.0
1709164800000,1.4934,1.5261,1.4699,1.5064,6756718.0
1709179200000,1.5064,1.5679,1.5013,1.5396,7563369.0
1709193600000,1.54,1.556,1.5242,1.536,6486099.0
1709208000000,1.536,1.5983,1.5229,1.5744,11080465.0
1709222400000,1.5744,1.6474,1.555,1.5725,22070225.0
1709236800000,1.5727,1.5848,1.4901,1.5266,9520237.0
1709251200000,1.5268,1.5558,1.5082,1.5215,5123420.0
1709265600000,1.5214,1.546,1.5025,1.5036,3900124.0
1709280000000,1.5039,1.5417,1.5031,1.5268,3436748.0
1709294400000,1.5272,1.5925,1.5211,1.56,10680280.0
1709308800000,1.56,1.6079,1.5388,1.594,7645572.0
1709323200000,1.5941,1.6176,1.5855,1.6056,4380504.0
1709337600000,1.6058,1.6629,1.5606,1.6598,8319140.0
1709352000000,1.6599,1.7447,1.5975,1.6091,15730248.0
1709366400000,1.6091,1.6225,1.565,1.6048,8853667.0
1709380800000,1.6051,1.6389,1.6001,1.6254,8912346.0
1709395200000,1.6254,1.702,1.6234,1.6901,7093170.0
1709409600000,1.6902,1.7374,1.6661,1.7355,7101824.0
1709424000000,1.7355,1.7819,1.702,1.7743,7923409.0
1709438400000,1.7742,1.79,1.525,1.6631,16078290.0
1709452800000,1.6629,1.7488,1.6361,1.741,10239793.0
1709467200000,1.741,1.7497,1.6781,1.7034,6478873.0
1709481600000,1.7032,1.768,1.691,1.757,6248229.0
1709496000000,1.7569,1.8064,1.738,1.7621,6247333.0
1709510400000,1.7622,1.8256,1.7113,1.7535,10107690.0
1709524800000,1.753,1.784,1.7404,1.7708,4792691.0
1709539200000,1.7709,1.7815,1.6905,1.7239,7616700.0
1709553600000,1.7237,1.7881,1.668,1.7154,15794403.0
1709568000000,1.7153,1.7196,1.611,1.676,10365804.0
1709582400000,1.6759,1.7075,1.6653,1.6994,3822015.0
1709596800000,1.6993,1.716,1.6481,1.6823,5748323.0
1709611200000,1.6822,1.7777,1.6793,1.7416,10748309.0
1709625600000,1.7415,1.8517,1.7158,1.8226,8410925.0
1709640000000,1.8229,1.8539,1.751,1.8013,11990713.0
1709654400000,1.802,1.869,1.4,1.5742,31466942.0
1709668800000,1.5742,1.716,1.5309,1.7075,16113389.0
1709683200000,1.7077,1.7351,1.6114,1.6521,7181227.0
1709697600000,1.6521,1.9006,1.6521,1.893,23264055.0
1709712000000,1.8925,1.9845,1.8503,1.9692,21348355.0
1709726400000,1.9687,2.1537,1.925,1.9443,43566775.0
1709740800000,1.9443,1.953,1.8856,1.9346,10727671.0
1709755200000,1.934,1.9454,1.8861,1.901,4894704.0
1709769600000,1.901,1.9214,1.8307,1.844,7229044.0
1709784000000,1.8443,1.8929,1.824,1.8717,6560441.0
1709798400000,1.8718,1.9414,1.867,1.9409,7827741.0
1709812800000,1.941,2.0017,1.918,1.9693,9285414.0
1709827200000,1.9695,2.0172,1.9203,1.9609,5653234.0
1709841600000,1.9609,2.0236,1.9452,2.0036,4412858.0
1709856000000,2.004,2.028,1.9517,1.963,5863062.0
1709870400000,1.9631,1.9631,1.9217,1.9487,4475792.0
1709884800000,1.948,2.0398,1.9465,1.9674,6488860.0
1709899200000,1.9679,2.002,1.8262,1.94,9504451.0
1709913600000,1.9406,2.0115,1.91,1.9515,10027474.0
1709928000000,1.9517,1.9619,1.9349,1.9594,2169965.0
1709942400000,1.9594,1.9603,1.9266,1.9375,2127025.0
1709956800000,1.9379,1.9483,1.9204,1.9365,2791466.0
1709971200000,1.9366,1.9948,1.925,1.9935,5357362.0
1709985600000,1.9937,2.0165,1.9522,1.9871,4934084.0
1710000000000,1.9868,2.0076,1.9344,1.9408,3666292.0
1710014400000,1.941,1.97,1.9386,1.9553,2271633.0
1710028800000,1.9549,2.02,1.9463,1.9691,6031445.0
1710043200000,1.9694,2.0191,1.9604,2.0137,3401609.0
1710057600000,2.0137,2.061,1.9727,2.0528,7583565.0
1710072000000,2.0528,2.148,2.0107,2.0196,21306633.0
1710086400000,2.0195,2.0897,2.0022,2.0129,4906319.0
1710100800000,2.0122,2.0645,1.936,2.0088,5922619.0
1710115200000,2.0094,2.0137,1.8555,1.9351,7208050.0
1710129600000,1.935,2.0056,1.9233,1.9991,4932720.0
1710144000000,1.999,2.0321,1.9761,1.9857,4306921.0
1710158400000,1.986,2.0605,1.9503,2.0221,8225153.0
1710172800000,2.0226,2.0813,2.0079,2.0399,6885266.0
1710187200000,2.04,2.0889,2.0321,2.0799,3160743.0
1710201600000,2.08,2.0865,2.0104,2.0246,5435876.0
1710216000000,2.0246,2.0817,2.0037,2.0327,5711316.0
1710230400000,2.0325,2.0396,1.9734,1.9871,4718592.0
1710244800000,1.9868,2.0225,1.9456,1.9992,6653391.0
1710259200000,1.9998,2.0165,1.8565,2.0129,12490721.0
1710273600000,2.0127,2.0641,1.9766,2.0623,3735972.0
1710288000000,2.0622,2.1493,2.04,2.1149,6968107.0
1710302400000,2.115,2.1255,2.048,2.063,4169384.0
1710316800000,2.0627,2.0699,2.013,2.0371,3164944.0
1710331200000,2.0373,2.0882,1.9236,1.9827,16533753.0
1710345600000,1.9824,2.055,1.9661,2.0382,6054576.0
1710360000000,2.0386,2.077,2.025,2.0672,2761378.0
1710374400000,2.0672,2.1041,1.993,2.0059,6621692.0
1710388800000,2.0055,2.0069,1.967,1.9891,3448303.0
1710403200000,1.9889,2.0615,1.978,1.997,7120026.0
1710417600000,1.9969,2.012,1.9072,1.9263,8594029.0
1710432000000,1.9258,1.9868,1.91,1.9642,10649762.0
1710446400000,1.9645,2.0704,1.963,2.0364,5723596.0
1710460800000,2.0366,2.087,1.8772,1.9863,12770100.0
1710475200000,1.986,2.002,1.9228,1.9697,8655668.0
1710489600000,1.9694,1.9709,1.7711,1.9098,15373020.0
1710504000000,1.9096,1.9646,1.9004,1.9095,8436189.0
1710518400000,1.9097,1.9843,1.8851,1.9273,10389099.0
1710532800000,1.9275,1.979,1.8649,1.9635,8046361.0
1710547200000,1.9636,1.9876,1.951,1.9677,3840674.0
1710561600000,1.9672,1.9679,1.8971,1.9572,4946893.0
1710576000000,1.9572,2.0465,1.9013,1.9331,15569835.0
1710590400000,1.933,1.9354,1.8125,1.8618,14301972.0
1710604800000,1.8619,1.8773,1.7432,1.7662,16207830.0
1710619200000,1.7663,1.7958,1.723,1.7648,6376890.0
1710633600000,1.7648,1.8125,1.7408,1.8072,4568803.0
1710648000000,1.8073,1.8099,1.6765,1.7306,7834754.0
1710662400000,1.7302,1.8,1.7242,1.7828,5725945.0
1710676800000,1.7829,1.808,1.745,1.8006,6033060.0
1710691200000,1.8002,1.8207,1.7682,1.8207,5252711.0
1710705600000,1.8206,1.8388,1.7827,1.7899,6561283.0
1710720000000,1.79,1.7905,1.6836,1.7281,10019310.0
1710734400000,1.7282,1.7552,1.7089,1.7256,3707742.0
1710748800000,1.7256,1.7259,1.677,1.6969,6057854.0
1710763200000,1.6973,1.706,1.6275,1.6549,6846144.0
1710777600000,1.6554,1.6739,1.6064,1.6357,5614386.0
1710792000000,1.6358,1.6885,1.6323,1.6718,3751813.0
1710806400000,1.6717,1.7101,1.5794,1.6264,8915400.0
1710820800000,1.6263,1.641,1.5123,1.6015,8978539.0
1710835200000,1.6017,1.6028,1.5005,1.5858,8521817.0
1710849600000,1.5858,1.6304,1.5596,1.6266,6490749.0
1710864000000,1.6267,1.6512,1.616,1.6319,5133828.0
1710878400000,1.6321,1.6357,1.5108,1.5478,7761367.0
1710892800000,1.5477,1.6047,1.5368,1.5544,4930170.0
1710907200000,1.5546,1.6183,1.5004,1.6115,6778830.0
1710921600000,1.6116,1.649,1.6004,1.6386,4544497.0
1710936000000,1.6382,1.6579,1.5978,1.6057,5974280.0
1710950400000,1.6052,1.7224,1.55,1.7132,9118775.0
1710964800000,1.7134,1.7682,1.7087,1.751,4542767.0
1710979200000,1.7508,1.7569,1.7156,1.7278,4423653.0
1710993600000,1.7278,1.738,1.7,1.7203,3524782.0
1711008000000,1.7204,1.7392,1.7076,1.7197,2396537.0
1711022400000,1.7197,1.746,1.7125,1.7349,3965519.0
1711036800000,1.7351,1.7688,1.6852,1.722,4436950.0
1711051200000,1.7219,1.7484,1.7029,1.7262,2086223.0
1711065600000,1.7261,1.7388,1.6818,1.7285,2564288.0
1711080000000,1.7281,1.7388,1.7144,1.7346,2195501.0
1711094400000,1.7347,1.7457,1.67,1.6824,4839578.0
1711108800000,1.6825,1.7018,1.6225,1.6665,4945748.0
1711123200000,1.6667,1.6913,1.6426,1.6741,3470843.0
1711137600000,1.6742,1.7001,1.6309,1.7001,5472551.0
1711152000000,1.7001,1.7182,1.6651,1.6876,3263255.0
1711166400000,1.6876,1.7089,1.664,1.7006,3491527.0
1711180800000,1.7011,1.7196,1.6905,1.7031,2599918.0
1711195200000,1.703,1.7184,1.683,1.7087,3110068.0
1711209600000,1.7086,1.7175,1.6965,1.6978,1848526.0
1711224000000,1.6977,1.7027,1.6622,1.6691,2060575.0
1711238400000,1.669,1.6991,1.663,1.6636,1871533.0
1711252800000,1.6637,1.6808,1.6544,1.6662,1764161.0
1711267200000,1.6663,1.6879,1.6623,1.6832,1744078.0
1711281600000,1.6831,1.6938,1.6729,1.6852,2177477.0
1711296000000,1.6851,1.6978,1.6474,1.6887,2692257.0
1711310400000,1.6886,1.7163,1.6865,1.7099,1764427.0
1711324800000,1.71,1.7255,1.7005,1.7223,2754931.0
1711339200000,1.7221,1.7385,1.6965,1.7036,2036749.0
1711353600000,1.7035,1.734,1.6994,1.7031,1847518.0
1711368000000,1.7037,1.7687,1.6919,1.7476,3937525.0
1711382400000,1.7475,1.7785,1.7455,1.7756,2766219.0
1711396800000,1.7757,1.79,1.751,1.7726,2416281.0
1711411200000,1.7727,1.8001,1.7676,1.7956,2653282.0
1711425600000,1.7952,1.8162,1.7879,1.7941,1688968.0
1711440000000,1.7942,1.8179,1.7838,1.804,2429527.0
1711454400000,1.8039,1.832,1.775,1.811,7212378.0
1711468800000,1.8111,1.8184,1.7583,1.7759,3825161.0
1711483200000,1.7764,1.8154,1.7764,1.8113,1628420.0
1711497600000,1.8113,1.8252,1.796,1.8092,2653161.0
1711512000000,1.8092,1.8194,1.7633,1.7719,2221661.0
1711526400000,1.772,1.7938,1.7394,1.7756,2854315.0
1711540800000,1.7755,1.8014,1.7068,1.7325,5678155.0
1711555200000,1.7326,1.7653,1.715,1.7451,2639964.0
1711569600000,1.7453,1.7943,1.7448,1.7801,3160219.0
1711584000000,1.7803,1.797,1.7226,1.7473,3229397.0
1711598400000,1.7471,1.799,1.7436,1.7943,1945200.0
1711612800000,1.7942,1.8107,1.7714,1.787,3336744.0
1711627200000,1.7872,1.7875,1.7478,1.7769,3586214.0
1711641600000,1.777,1.8064,1.761,1.7999,2187707.0
1711656000000,1.7997,1.8498,1.798,1.8263,3760172.0
1711670400000,1.8263,1.8619,1.8221,1.8594,3450705.0
1711684800000,1.8597,1.8891,1.8126,1.8165,4804254.0
1711699200000,1.8164,1.8814,1.8152,1.8778,3448238.0
1711713600000,1.8777,1.8908,1.826,1.8466,4397935.0
1711728000000,1.8465,1.8656,1.8336,1.8516,2107731.0
1711742400000,1.8516,1.879,1.8261,1.8773,2192497.0
1711756800000,1.8772,1.9236,1.8632,1.8849,3829806.0
1711771200000,1.8848,1.895,1.8354,1.8476,2634661.0
1711785600000,1.8474,1.8793,1.8339,1.8746,1781353.0
1711800000000,1.8742,1.8811,1.8571,1.8653,1471763.0
1711814400000,1.8653,1.8782,1.845,1.8642,1536850.0
1711828800000,1.8643,1.8676,1.8154,1.8306,1542199.0
1711843200000,1.8306,1.88,1.8239,1.8669,1857552.0
1711857600000,1.8672,1.9281,1.8558,1.9048,2393292.0
1711872000000,1.9049,1.928,1.899,1.9074,1864409.0
1711886400000,1.9072,1.914,1.8955,1.897,1344565.0
1711900800000,1.8971,1.9063,1.8875,1.8998,1189428.0
1711915200000,1.8999,1.9095,1.8798,1.8926,1325633.0
1711929600000,1.8926,1.9019,1.8647,1.8782,1582761.0
1711944000000,1.8781,1.8816,1.7641,1.8193,5343681.0
1711958400000,1.8197,1.8206,1.795,1.8086,2240828.0
1711972800000,1.8086,1.8479,1.7686,1.7963,5075348.0
1711987200000,1.7957,1.8203,1.7625,1.8194,3141260.0
1712001600000,1.8196,1.8275,1.8074,1.814,1133479.0
1712016000000,1.814,1.8151,1.6891,1.7104,5922649.0
1712030400000,1.7104,1.7208,1.6816,1.6876,2347046.0
1712044800000,1.6877,1.693,1.6239,1.6529,4408262.0
1712059200000,1.6525,1.6687,1.6225,1.6302,3416891.0
1712073600000,1.6302,1.6536,1.62,1.6461,2513979.0
1712088000000,1.6465,1.6576,1.6237,1.6361,3302697.0
1712102400000,1.6361,1.6496,1.5787,1.6343,3928290.0
1712116800000,1.6342,1.6499,1.6244,1.638,1861403.0
1712131200000,1.638,1.6579,1.6226,1.6313,2519802.0
1712145600000,1.6312,1.6447,1.606,1.6148,2678170.0
1712160000000,1.6149,1.6351,1.5827,1.5932,1988993.0
1712174400000,1.5934,1.5976,1.5597,1.5795,2384339.0
1712188800000,1.5795,1.596,1.5266,1.5317,3815815.0
1712203200000,1.5319,1.5759,1.518,1.569,2841360.0
1712217600000,1.5692,1.5809,1.559,1.5733,1522857.0
1712232000000,1.5734,1.6027,1.5713,1.5864,2867653.0
1712246400000,1.5867,1.6262,1.5809,1.5841,3426063.0
1712260800000,1.5842,1.5871,1.5503,1.5788,2517688.0
1712275200000,1.5788,1.579,1.5255,1.5532,1922949.0
1712289600000,1.5532,1.554,1.4919,1.5203,2868082.0
1712304000000,1.5204,1.5346,1.4891,1.4907,3098639.0
1712318400000,1.4908,1.5661,1.481,1.5607,7490129.0
1712332800000,1.5606,1.5777,1.5412,1.5619,2701490.0
1712347200000,1.5619,1.5785,1.5555,1.556,1383744.0
1712361600000,1.5559,1.5768,1.5528,1.5715,1176100.0
1712376000000,1.5716,1.5839,1.5654,1.5788,1203002.0
1712390400000,1.5787,1.5909,1.5665,1.5709,1242126.0
1712404800000,1.5709,1.5794,1.5575,1.5714,1295358.0
1712419200000,1.5711,1.5817,1.5673,1.5769,934299.0
1712433600000,1.5769,1.5987,1.5758,1.5806,1380578.0
1712448000000,1.5806,1.5971,1.5737,1.5968,1371516.0
1712462400000,1.5967,1.602,1.5831,1.5969,1765253.0
1712476800000,1.5969,1.6066,1.5898,1.6029,1362883.0
1712491200000,1.6027,1.6083,1.5899,1.5919,2344556.0
1712505600000,1.5919,1.606,1.5767,1.5832,1995515.0
1712520000000,1.5835,1.6066,1.5766,1.6047,1713854.0
1712534400000,1.6048,1.6105,1.5782,1.59,1954251.0
1712548800000,1.59,1.6247,1.5842,1.6218,1876144.0
1712563200000,1.6218,1.6655,1.6201,1.6511,3781193.0
1712577600000,1.651,1.6855,1.6461,1.6758,3801175.0
1712592000000,1.6759,1.6988,1.6708,1.6939,1712138.0
1712606400000,1.694,1.7059,1.6926,1.7014,1415185.0
1712620800000,1.7014,1.7128,1.6835,1.692,1875325.0
1712635200000,1.6917,1.6979,1.6424,1.652,2292663.0
1712649600000,1.6519,1.6756,1.623,1.675,3173002.0
1712664000000,1.6751,1.6792,1.6011,1.6307,3978133.0
1712678400000,1.6308,1.6423,1.6002,1.6144,5337275.0
1712692800000,1.6143,1.6216,1.582,1.5908,1728120.0
1712707200000,1.5906,1.597,1.5315,1.5532,3110098.0
1712721600000,1.5533,1.575,1.548,1.5562,1455360.0
1712736000000,1.5562,1.5574,1.5281,1.5382,1754836.0
1712750400000,1.5382,1.5407,1.4874,1.5117,5392868.0
1712764800000,1.5118,1.5451,1.4934,1.5188,5225025.0
1712779200000,1.5189,1.5382,1.5001,1.524,2534211.0
1712793600000,1.524,1.5252,1.4754,1.5016,4313923.0
1712808000000,1.5018,1.5307,1.4896,1.5225,2635698.0
1712822400000,1.5226,1.529,1.466,1.4741,3843851.0
1712836800000,1.474,1.4924,1.4348,1.4632,6855721.0
1712851200000,1.4633,1.4665,1.428,1.4367,3154501.0
1712865600000,1.4367,1.4437,1.4048,1.4087,4440362.0
1712880000000,1.4088,1.4154,1.356,1.3949,10844441.0
1712894400000,1.3949,1.4144,1.3832,1.389,5688131.0
1712908800000,1.3892,1.3939,1.3646,1.3708,3774232.0
1712923200000,1.3708,1.374,1.335,1.3423,5749125.0
1712937600000,1.3424,1.3475,0.9895,1.1269,44222346.0
1712952000000,1.1268,1.156,1.0996,1.1036,8874075.0
1712966400000,1.1035,1.1039,1.0249,1.0865,12363176.0
1712980800000,1.0869,1.1139,1.0795,1.1031,8030648.0
1712995200000,1.103,1.1299,1.0941,1.1075,6222275.0
1713009600000,1.1076,1.1239,1.0908,1.098,5131106.0
1713024000000,1.0982,1.1038,0.88,0.9468,22964214.0
1713038400000,0.9474,0.9623,0.7358,0.924,47196802.0
1713052800000,0.9241,0.932,0.8849,0.9314,10841667.0
1713067200000,0.9314,1.0068,0.9284,1.0068,9851886.0
1713081600000,1.0064,1.0142,0.9462,0.9538,12021785.0
1713096000000,0.9538,0.979,0.9409,0.9648,10375967.0
1713110400000,0.9648,0.9843,0.9246,0.9673,12497992.0
1713124800000,0.9672,1.0159,0.946,1.0027,6100303.0
1713139200000,1.0028,1.003,0.9646,0.9727,4311627.0
1713153600000,0.9731,1.0497,0.962,1.0368,6543161.0
1713168000000,1.0368,1.0583,1.028,1.0352,4700199.0
1713182400000,1.0349,1.0618,0.992,1.0176,8794210.0
1713196800000,1.0176,1.0215,0.9415,0.9897,9089558.0
1713211200000,0.9898,0.9972,0.9394,0.9616,6410294.0
1713225600000,0.9615,0.9699,0.9328,0.947,4996033.0
1713240000000,0.9468,0.9853,0.9197,0.9806,4948783.0
1713254400000,0.9805,0.9861,0.9375,0.9776,6461124.0
1713268800000,0.9774,0.9774,0.9265,0.9298,6667498.0
1713283200000,0.9296,0.9776,0.9238,0.9575,5937479.0
1713297600000,0.9574,0.9872,0.9565,0.9687,2278835.0
1713312000000,0.9685,0.9707,0.9486,0.9653,3124023.0
1713326400000,0.9653,0.984,0.9596,0.9729,3668072.0
1713340800000,0.9725,0.9802,0.9384,0.94,3995123.0
1713355200000,0.9401,0.9536,0.9114,0.9183,7259888.0
1713369600000,0.9184,0.9774,0.9082,0.9604,6276373.0
1713384000000,0.9604,0.9699,0.9437,0.9458,3759534.0
1713398400000,0.9458,0.9813,0.9202,0.9738,5147536.0
1713412800000,0.9734,0.9833,0.939,0.9475,3809845.0
1713427200000,0.9475,0.9861,0.9358,0.9752,3504643.0
1713441600000,0.9751,0.9888,0.9536,0.9825,4313864.0
1713456000000,0.9824,0.9899,0.9488,0.9736,3344804.0
1713470400000,0.9737,0.9815,0.9651,0.9673,2375566.0
1713484800000,0.9673,0.9674,0.8705,0.9037,12226586.0
1713499200000,0.9038,0.9721,0.9016,0.9498,9094211.0
1713513600000,0.9498,0.9678,0.9452,0.9582,4819209.0
1713528000000,0.9581,0.9651,0.9356,0.9586,5659884.0
1713542400000,0.9586,0.9641,0.9424,0.9608,4355838.0
1713556800000,0.9608,0.9609,0.9225,0.9361,4591543.0
1713571200000,0.9364,0.956,0.9218,0.9484,3480525.0
1713585600000,0.9482,0.9739,0.9463,0.9652,2971473.0
1713600000000,0.9655,0.976,0.9545,0.9723,2941492.0
1713614400000,0.9725,1.014,0.9706,1.0128,4025760.0
1713628800000,1.0132,1.0526,1.0007,1.0424,5022691.0
1713643200000,1.0425,1.058,1.0398,1.0515,3008504.0
1713657600000,1.0514,1.059,1.0303,1.0459,3658188.0
1713672000000,1.0461,1.0532,1.0372,1.0452,2556756.0
1713686400000,1.0453,1.0489,1.0256,1.0392,3182586.0
1713700800000,1.0393,1.0418,1.0209,1.0346,3820280.0
1713715200000,1.0348,1.0354,1.0086,1.0151,3077106.0
1713729600000,1.0153,1.0347,1.0116,1.0206,2572449.0
1713744000000,1.0206,1.0496,1.0143,1.0446,3105626.0
1713758400000,1.0448,1.0637,1.0407,1.0407,2504897.0
1713772800000,1.0409,1.0518,1.0353,1.0409,2691389.0
1713787200000,1.041,1.0457,1.0209,1.0343,3170500.0
1713801600000,1.0343,1.0495,1.0277,1.0432,2432025.0
1713816000000,1.0432,1.062,1.0405,1.0493,2029375.0
1713830400000,1.0494,1.0644,1.0351,1.0375,2906103.0
1713844800000,1.0376,1.0532,1.0194,1.0267,3177818.0
1713859200000,1.0268,1.0353,1.0165,1.0218,1672843.0
1713873600000,1.0217,1.0471,1.0177,1.0373,2724624.0
1713888000000,1.0374,1.049,1.0281,1.035,2015451.0
1713902400000,1.0352,1.0377,1.019,1.0251,2039946.0
1713916800000,1.025,1.055,1.0137,1.0378,3311027.0
1713931200000,1.0379,1.0631,1.0343,1.0531,3692047.0
1713945600000,1.0529,1.0761,1.0424,1.0742,4856883.0
1713960000000,1.0739,1.077,1.0068,1.0098,7422022.0
1713974400000,1.0096,1.0254,0.987,1.0064,5877981.0
1713988800000,1.0058,1.0214,0.9802,0.994,6023564.0
1714003200000,0.9942,1.0046,0.9717,0.978,3751040.0
1714017600000,0.9779,0.9927,0.9578,0.9805,3536048.0
1714032000000,0.9805,0.989,0.9624,0.9826,3191920.0
1714046400000,0.9826,1.0592,0.9766,1.0508,8164477.0
1714060800000,1.0506,1.0569,1.0262,1.0367,5872477.0
1714075200000,1.0367,1.05,1.0254,1.0275,3260554.0
1714089600000,1.0275,1.0379,1.0035,1.0209,4738025.0
1714104000000,1.021,1.0426,1.0134,1.0177,4901407.0
1714118400000,1.0177,1.0251,1.0005,1.013,3868449.0
1714132800000,1.013,1.0351,1.0002,1.0107,7486808.0
1714147200000,1.0107,1.0418,1.0088,1.0332,3752071.0
1714161600000,1.033,1.0399,1.0081,1.0132,2658326.0
1714176000000,1.0133,1.0259,0.9618,1.0013,6486152.0
1714190400000,1.0013,1.0336,1.0006,1.0211,3780822.0
1714204800000,1.0211,1.0286,0.9954,0.9979,3472604.0
1714219200000,0.9979,1.0166,0.9887,0.9958,3666044.0
1714233600000,0.9958,1.0374,0.988,1.0222,4917987.0
1714248000000,1.0222,1.0312,1.0179,1.025,4177726.0
1714262400000,1.025,1.0539,1.0205,1.048,3385782.0
1714276800000,1.0479,1.06,1.0382,1.0578,2227216.0
1714291200000,1.058,1.0613,1.0346,1.0373,2539550.0
1714305600000,1.0372,1.0489,1.0333,1.046,2267374.0
1714320000000,1.046,1.0633,1.0448,1.0553,2742841.0
1714334400000,1.0553,1.0578,1.0231,1.0296,2868306.0
1714348800000,1.0295,1.0511,1.017,1.0186,3724915.0
1714363200000,1.0188,1.0435,1.0073,1.0189,4195728.0
1714377600000,1.0187,1.0327,1.0024,1.0086,3287324.0
1714392000000,1.0086,1.0259,0.9974,1.025,5484656.0
1714406400000,1.0249,1.0281,0.9934,1.0025,3047990.0
1714420800000,1.0023,1.03,0.988,1.0157,3654666.0
1714435200000,1.0159,1.0328,0.9935,1.0131,2824852.0
1714449600000,1.0132,1.0176,1.0006,1.0012,1875313.0
1714464000000,1.0011,1.004,0.9391,0.9413,6654754.0
1714478400000,0.9412,0.9512,0.918,0.9376,5734880.0
1714492800000,0.9376,0.9437,0.9181,0.923,5936951.0
1714507200000,0.9236,0.9582,0.9235,0.9513,4277299.0
1714521600000,0.9513,0.9691,0.9408,0.9671,3707583.0
1714536000000,0.9671,0.9782,0.9193,0.9337,8484255.0
1714550400000,0.9338,0.9464,0.898,0.9428,8379878.0
1714564800000,0.9426,0.9601,0.9255,0.9315,4937429.0
1714579200000,0.9316,0.9878,0.92,0.954,8326968.0
1714593600000,0.9541,0.9843,0.9485,0.9808,5687537.0
1714608000000,0.9808,0.9836,0.9528,0.9702,3082198.0
1714622400000,0.9697,0.9754,0.9556,0.9574,1973628.0
1714636800000,0.9574,1.0061,0.9547,1.0046,3059839.0
1714651200000,1.0047,1.0137,0.9853,1.0089,3644016.0
1714665600000,1.009,1.0321,0.9981,1.0211,4371507.0
1714680000000,1.0211,1.0377,1.0113,1.0197,2380094.0
1714694400000,1.0198,1.0478,1.0174,1.0322,1973675.0
1714708800000,1.0322,1.0346,1.0057,1.0093,1677533.0
1714723200000,1.0096,1.0167,0.999,1.0044,1760700.0
1714737600000,1.0043,1.0599,1.003,1.0546,3978240.0
1714752000000,1.0547,1.0893,1.0546,1.0716,4404526.0
1714766400000,1.071,1.0881,1.0651,1.0731,3822120.0
1714780800000,1.0732,1.0768,1.0553,1.0626,2135903.0
1714795200000,1.0624,1.0698,1.0551,1.0565,1536127.0
1714809600000,1.0564,1.0762,1.0545,1.0614,2885490.0
1714824000000,1.0615,1.0685,1.047,1.0619,3110196.0
1714838400000,1.062,1.0668,1.0544,1.066,1633182.0
1714852800000,1.0659,1.0694,1.0515,1.0551,1247315.0
1714867200000,1.055,1.0582,1.0315,1.0459,3000216.0
1714881600000,1.0459,1.0483,1.0323,1.0451,1431113.0
1714896000000,1.045,1.0536,1.0414,1.0474,1540535.0
1714910400000,1.0473,1.0699,1.0382,1.0689,3743832.0
1714924800000,1.0688,1.091,1.0631,1.0669,9236890.0
1714939200000,1.067,1.0727,1.0549,1.0682,5190543.0
1714953600000,1.0683,1.0785,1.0587,1.0616,1767421.0
1714968000000,1.0615,1.0851,1.0581,1.0791,3835900.0
1714982400000,1.0791,1.095,1.0527,1.068,8261957.0
1714996800000,1.0681,1.071,1.0247,1.0431,5675009.0
1715011200000,1.0433,1.0467,1.0273,1.0361,2430956.0
1715025600000,1.0361,1.0406,1.0272,1.0282,1617769.0
1715040000000,1.0283,1.0393,1.0082,1.0175,2651006.0
1715054400000,1.0172,1.0242,0.9962,1.0089,3092925.0
1715068800000,1.0089,1.0306,1.0062,1.0072,2498220.0
1715083200000,1.007,1.0306,1.0056,1.0224,2538458.0
1715097600000,1.0223,1.0459,1.0182,1.0204,4841657.0
1715112000000,1.0206,1.028,0.9947,1.0083,3415440.0
1715126400000,1.0082,1.0211,1.0063,1.0145,2444115.0
1715140800000,1.0145,1.0214,0.9964,1.0005,3941468.0
1715155200000,1.0007,1.0286,0.9967,1.0226,6507415.0
1715169600000,1.0227,1.0613,1.0119,1.0356,7503033.0
1715184000000,1.0358,1.0472,1.0221,1.0423,4327938.0
1715198400000,1.0423,1.0482,1.0187,1.0402,3471420.0
1715212800000,1.0398,1.0499,1.0277,1.0398,2239304.0
1715227200000,1.0399,1.0518,1.0314,1.0355,2125984.0
1715241600000,1.0353,1.0414,1.0152,1.0363,2822271.0
1715256000000,1.0362,1.0756,1.0338,1.0722,3598114.0
1715270400000,1.0721,1.0949,1.0704,1.0793,7304043.0
1715284800000,1.0792,1.1407,1.0762,1.1403,12254483.0
1715299200000,1.1401,1.1799,1.1051,1.1128,12805410.0
1715313600000,1.1127,1.1896,1.1117,1.1605,15520285.0
1715328000000,1.1607,1.1618,1.1328,1.1452,7400853.0
1715342400000,1.1451,1.1472,1.0953,1.0972,10179191.0
1715356800000,1.097,1.097,1.0629,1.0682,7500166.0
1715371200000,1.0682,1.0728,1.0475,1.0594,4344047.0
1715385600000,1.0594,1.0761,1.0524,1.0613,3586279.0
1715400000000,1.0612,1.0669,1.0529,1.0626,2411531.0
1715414400000,1.0626,1.0645,1.0346,1.0425,3680054.0
1715428800000,1.0424,1.0609,1.0401,1.0558,3533983.0
1715443200000,1.056,1.0615,1.045,1.048,2474051.0
1715457600000,1.0481,1.0515,1.0319,1.0363,2176481.0
1715472000000,1.0363,1.0486,1.0359,1.0396,1750558.0
1715486400000,1.0395,1.044,1.0277,1.0317,2148372.0
1715500800000,1.0319,1.0527,1.0261,1.0472,2366530.0
1715515200000,1.0472,1.1184,1.0461,1.1126,6920428.0
1715529600000,1.1129,1.1279,1.0651,1.0705,10246881.0
1715544000000,1.0706,1.0805,1.062,1.072,2934987.0
1715558400000,1.072,1.0938,1.0246,1.0294,7671520.0
1715572800000,1.0292,1.0695,1.0219,1.0684,5327842.0
1715587200000,1.0684,1.0947,1.0682,1.0773,6698378.0
1715601600000,1.0773,1.0812,1.0642,1.0738,4997575.0
1715616000000,1.0738,1.0909,1.046,1.0612,5143188.0
1715630400000,1.061,1.0653,1.0405,1.0448,1926027.0
1715644800000,1.0449,1.0581,1.0305,1.0428,3649282.0
1715659200000,1.0426,1.0491,1.0055,1.0406,6353720.0
1715673600000,1.0407,1.0413,1.0264,1.0304,1848802.0
1715688000000,1.0302,1.0358,1.002,1.0188,4294989.0
1715702400000,1.0189,1.0201,1.0026,1.0075,2997800.0
1715716800000,1.0073,1.0108,0.9885,0.9953,3132081.0
1715731200000,0.9953,1.0155,0.9895,1.0145,3224681.0
1715745600000,1.0145,1.0243,1.0086,1.0226,2506330.0
1715760000000,1.0225,1.0276,1.0027,1.0139,3193502.0
1715774400000,1.014,1.0853,1.01,1.0734,8420233.0
1715788800000,1.0734,1.1102,1.0655,1.109,4673005.0
1715803200000,1.1091,1.144,1.1074,1.1252,5392869.0
1715817600000,1.1251,1.1369,1.1132,1.1342,3754464.0
1715832000000,1.1341,1.1394,1.1216,1.1349,2342420.0
1715846400000,1.135,1.1392,1.1052,1.1189,4436918.0
1715860800000,1.1188,1.1189,1.073,1.092,5820229.0
1715875200000,1.0921,1.1046,1.0815,1.0971,2327242.0
1715889600000,1.0974,1.1006,1.0889,1.0985,1636353.0
1715904000000,1.0986,1.1055,1.0889,1.0931,1948433.0
1715918400000,1.0931,1.1209,1.083,1.1148,2727392.0
1715932800000,1.1148,1.1178,1.0992,1.1053,2441411.0
1715947200000,1.1053,1.1449,1.0998,1.1401,4240531.0
1715961600000,1.1399,1.1436,1.1181,1.1285,2652671.0
1715976000000,1.1282,1.1311,1.1197,1.1211,1126505.0
1715990400000,1.121,1.1262,1.1115,1.125,1702388.0
1716004800000,1.1253,1.127,1.1019,1.1099,2890973.0
1716019200000,1.1098,1.1165,1.1044,1.1071,2065851.0
1716033600000,1.1073,1.129,1.0902,1.1086,5291735.0
1716048000000,1.1086,1.1182,1.1049,1.1103,2047426.0
1716062400000,1.1102,1.1132,1.1019,1.1042,1113508.0
1716076800000,1.1043,1.1107,1.0974,1.105,1575190.0
1716091200000,1.1051,1.1056,1.084,1.0914,1386062.0
1716105600000,1.0912,1.0949,1.0751,1.0845,2331653.0
1716120000000,1.0844,1.0846,1.0504,1.065,3677651.0
1716134400000,1.0652,1.0672,1.0483,1.0508,2626129.0
1716148800000,1.0509,1.0563,1.042,1.0486,1639542.0
1716163200000,1.0486,1.0639,1.0345,1.0577,3714566.0
1716177600000,1.0578,1.0828,1.0437,1.0634,4177855.0
1716192000000,1.0633,1.0697,1.0555,1.058,1876998.0
1716206400000,1.0581,1.064,1.045,1.0626,2560008.0
1716220800000,1.0624,1.1502,1.0613,1.1457,6365842.0
1716235200000,1.1458,1.2041,1.1413,1.2041,9336500.0
1716249600000,1.204,1.2252,1.1877,1.1937,5491950.0
1716264000000,1.1938,1.2116,1.1831,1.204,3230103.0
1716278400000,1.204,1.2302,1.2019,1.2176,3822462.0
1716292800000,1.2178,1.2386,1.2006,1.2085,6352900.0
1716307200000,1.2084,1.2198,1.191,1.2034,5000840.0
1716321600000,1.2036,1.2149,1.2005,1.2099,1781028.0
1716336000000,1.2097,1.2219,1.2019,1.2097,2103208.0
1716350400000,1.2098,1.2244,1.1854,1.212,2681153.0
1716364800000,1.2121,1.2206,1.187,1.1877,2426169.0
1716379200000,1.1874,1.2048,1.1678,1.1981,3902701.0
1716393600000,1.1981,1.2125,1.179,1.1905,2498854.0
1716408000000,1.1906,1.2042,1.1778,1.1967,1778061.0
1716422400000,1.1969,1.2135,1.1939,1.2089,2295856.0
1716436800000,1.2088,1.2306,1.2,1.2205,2031640.0
1716451200000,1.2206,1.2699,1.2102,1.2542,7444075.0
1716465600000,1.2541,1.2611,1.1837,1.1995,10529626.0
1716480000000,1.1995,1.2,1.1496,1.153,6040731.0
1716494400000,1.1533,1.195,1.1038,1.1881,10620967.0
1716508800000,1.1881,1.2262,1.1864,1.214,4304949.0
1716523200000,1.2139,1.2622,1.1676,1.1849,8040353.0
1716537600000,1.1849,1.2077,1.1614,1.184,4353441.0
1716552000000,1.1841,1.193,1.1681,1.1722,2750965.0
1716566400000,1.1723,1.199,1.1533,1.1975,3598705.0
1716580800000,1.1974,1.2361,1.1955,1.2193,7370100.0
1716595200000,1.2196,1.2735,1.2135,1.2577,8332722.0
1716609600000,1.2578,1.2703,1.2375,1.2579,5954874.0
1716624000000,1.2578,1.27,1.2303,1.2652,5892663.0
1716638400000,1.2647,1.3164,1.2532,1.2932,16409170.0
1716652800000,1.2932,1.2992,1.2656,1.2785,7060636.0
1716667200000,1.2788,1.2829,1.2613,1.2743,2973467.0
1716681600000,1.2744,1.2801,1.2464,1.2566,3946310.0
1716696000000,1.2566,1.2595,1.2449,1.2492,2017019.0
1716710400000,1.249,1.2551,1.2301,1.2434,3229313.0
1716724800000,1.2435,1.3137,1.2379,1.2812,5975109.0
1716739200000,1.2816,1.2954,1.2701,1.2873,4229874.0
1716753600000,1.2873,1.2946,1.2639,1.2724,3447978.0
1716768000000,1.2725,1.299,1.2605,1.2918,2870888.0
1716782400000,1.2918,1.3,1.2416,1.249,3765210.0
1716796800000,1.249,1.2573,1.2331,1.242,2787683.0
1716811200000,1.242,1.2772,1.233,1.2768,4121687.0
1716825600000,1.2763,1.2983,1.2603,1.2689,4995976.0
1716840000000,1.2681,1.2843,1.254,1.2551,1809400.0
1716854400000,1.2552,1.2605,1.2242,1.2322,5598770.0
1716868800000,1.2319,1.232,1.1859,1.2177,6447413.0
1716883200000,1.2174,1.2417,1.2029,1.2378,3238793.0
1716897600000,1.2379,1.2404,1.2105,1.2363,4608434.0
1716912000000,1.2359,1.2609,1.2183,1.2549,3784502.0
1716926400000,1.2545,1.2792,1.2373,1.2416,3302136.0
1716940800000,1.2417,1.2488,1.2277,1.2384,2900096.0
1716955200000,1.2384,1.2479,1.2132,1.224,4688288.0
1716969600000,1.2241,1.2655,1.206,1.2374,5486457.0
1716984000000,1.2373,1.2465,1.2051,1.2073,3897354.0
1716998400000,1.2075,1.2151,1.1866,1.1878,3546912.0
1717012800000,1.1879,1.1947,1.1793,1.1801,2231853.0
1717027200000,1.1805,1.205,1.1803,1.2041,1794280.0
1717041600000,1.2043,1.2052,1.1633,1.1708,3360876.0
1717056000000,1.1707,1.1949,1.1607,1.1864,2773862.0
1717070400000,1.1863,1.2023,1.175,1.1896,3300579.0
1717084800000,1.1897,1.2156,1.1893,1.2026,2244989.0
1717099200000,1.2026,1.2026,1.1668,1.1731,2503125.0
1717113600000,1.1731,1.18,1.1568,1.1744,1933311.0
1717128000000,1.1745,1.1765,1.155,1.1638,2084515.0
1717142400000,1.1638,1.1812,1.1605,1.1783,2455911.0
1717156800000,1.1783,1.1946,1.1539,1.1567,5352756.0
1717171200000,1.1566,1.1667,1.1403,1.1633,3405427.0
1717185600000,1.1635,1.1727,1.1562,1.1619,1530192.0
1717200000000,1.162,1.1746,1.1577,1.1721,1395795.0
1717214400000,1.1719,1.1771,1.1627,1.1642,1023988.0
1717228800000,1.1643,1.1859,1.164,1.182,1915147.0
1717243200000,1.1813,1.1846,1.1738,1.1796,1329650.0
1717257600000,1.1799,1.1851,1.1712,1.1732,1225793.0
1717272000000,1.1734,1.1832,1.1707,1.1742,967172.0
1717286400000,1.1742,1.1933,1.172,1.1804,1503696.0
1717300800000,1.1806,1.1904,1.1712,1.1714,1323008.0
1717315200000,1.1716,1.1827,1.1612,1.1815,1905497.0
1717329600000,1.1814,1.1833,1.1653,1.171,1307723.0
1717344000000,1.1709,1.176,1.1206,1.1331,4145643.0
1717358400000,1.133,1.1332,1.113,1.1191,2684389.0
1717372800000,1.1191,1.1625,1.11,1.1614,4459149.0
1717387200000,1.1615,1.17,1.1498,1.1586,2432545.0
1717401600000,1.1587,1.1658,1.138,1.1443,2191039.0
1717416000000,1.1442,1.1719,1.1391,1.1592,3144450.0
1717430400000,1.1593,1.1599,1.1375,1.1438,1970072.0
1717444800000,1.1441,1.1453,1.115,1.1179,2330220.0
1717459200000,1.1176,1.1308,1.112,1.1248,2621668.0
1717473600000,1.1248,1.1267,1.1069,1.1131,2319405.0
1717488000000,1.1128,1.1248,1.1039,1.1129,2416926.0
1717502400000,1.1133,1.1644,1.1089,1.1631,6188270.0
1717516800000,1.163,1.2187,1.1521,1.1791,12423184.0
1717531200000,1.1792,1.1921,1.1724,1.1902,3835195.0
1717545600000,1.1902,1.2131,1.184,1.1897,4643615.0
1717560000000,1.1897,1.1907,1.1739,1.1795,2210174.0
1717574400000,1.1793,1.1801,1.1633,1.1742,2559994.0
1717588800000,1.1744,1.1817,1.1601,1.1785,3823792.0
1717603200000,1.1787,1.2019,1.1755,1.2013,3228731.0
1717617600000,1.2014,1.2155,1.1945,1.2123,2413898.0
1717632000000,1.2124,1.2149,1.1938,1.196,2588610.0
1717646400000,1.196,1.1983,1.1784,1.1895,2057016.0
1717660800000,1.1895,1.1975,1.1827,1.1946,2255016.0
1717675200000,1.1946,1.2323,1.1845,1.2146,5604444.0
1717689600000,1.2145,1.2184,1.16,1.166,5790152.0
1717704000000,1.166,1.183,1.1556,1.181,1880692.0
1717718400000,1.1809,1.1856,1.1731,1.1796,1287892.0
1717732800000,1.1795,1.1897,1.1773,1.1803,1333763.0
1717747200000,1.1801,1.186,1.1673,1.1785,1844531.0
1717761600000,1.1785,1.1915,1.15,1.1786,3668622.0
1717776000000,1.1785,1.1785,0.9556,1.0521,20336970.0
1717790400000,1.0522,1.0682,1.0416,1.065,4198132.0
1717804800000,1.065,1.0781,1.0537,1.0746,2858532.0
1717819200000,1.0744,1.0753,1.0536,1.0658,2280741.0
1717833600000,1.0654,1.0654,1.0334,1.0396,2778956.0
1717848000000,1.0394,1.0469,1.0241,1.0404,4172782.0
1717862400000,1.0404,1.0456,1.0234,1.0286,3454392.0
1717876800000,1.0287,1.0343,1.0203,1.031,1733783.0
1717891200000,1.0309,1.037,1.0203,1.0301,1757514.0
1717905600000,1.03,1.0413,1.0205,1.038,1970995.0
1717920000000,1.038,1.0437,1.0354,1.039,1361243.0
1717934400000,1.039,1.0516,1.0354,1.0462,2564230.0
1717948800000,1.0462,1.0512,1.0421,1.0474,1276345.0
1717963200000,1.0473,1.0476,1.0391,1.0407,1064572.0
1717977600000,1.041,1.043,1.0335,1.039,1519398.0
1717992000000,1.0389,1.0459,1.0179,1.0204,3491651.0
1718006400000,1.02,1.05,1.0196,1.0433,1896689.0
1718020800000,1.0434,1.0629,1.0273,1.0578,3870914.0
1718035200000,1.0579,1.0606,1.0313,1.0327,2592337.0
1718049600000,1.0328,1.0369,1.023,1.0301,1716895.0
1718064000000,1.0302,1.0356,0.9812,1.008,6948678.0
1718078400000,1.0083,1.0103,0.9839,0.9919,3444068.0
1718092800000,0.9918,1.0007,0.9877,0.9881,1972086.0
1718107200000,0.988,0.9935,0.9321,0.9479,7048486.0
1718121600000,0.9474,0.9645,0.9315,0.9624,3323196.0
1718136000000,0.9624,0.9647,0.9496,0.9519,1434077.0
1718150400000,0.9519,0.963,0.9339,0.9621,2276514.0
1718164800000,0.962,0.9713,0.9587,0.971,2065201.0
1718179200000,0.971,0.9871,0.9673,0.9747,2160603.0
1718193600000,0.9749,1.0344,0.973,1.0242,4349040.0
1718208000000,1.0241,1.0272,0.981,0.9873,4925981.0
1718222400000,0.9871,1.0035,0.983,1.0001,1440207.0
1718236800000,1.0001,1.006,0.956,0.9743,3388107.0
1718251200000,0.9744,0.9846,0.969,0.9794,1773380.0
1718265600000,0.9796,0.9851,0.9712,0.978,1438174.0
1718280000000,0.978,0.9915,0.9539,0.9576,3794981.0
1718294400000,0.9576,0.9792,0.9509,0.9724,2688783.0
1718308800000,0.9723,0.975,0.9567,0.9612,1645220.0
1718323200000,0.9612,0.9726,0.9487,0.968,3476071.0
1718337600000,0.968,0.9896,0.9661,0.9837,2385754.0
1718352000000,0.9835,1.0021,0.9774,0.9867,4711768.0
1718366400000,0.9868,0.9921,0.9572,0.9628,4268473.0
1718380800000,0.9628,0.9647,0.8976,0.9063,9081384.0
1718395200000,0.9064,0.9336,0.9057,0.9222,2937568.0
1718409600000,0.9222,0.9382,0.9207,0.9347,2295073.0
1718424000000,0.9348,0.9463,0.9263,0.9405,2450405.0
1718438400000,0.9403,0.943,0.9347,0.939,1236498.0
1718452800000,0.9388,0.9705,0.9356,0.9581,3395064.0
1718467200000,0.9581,0.9597,0.9456,0.9478,2229269.0
1718481600000,0.9478,0.9596,0.939,0.9596,1512453.0
1718496000000,0.9595,0.9596,0.9451,0.9481,1896267.0
1718510400000,0.9478,0.9579,0.9394,0.9524,1812747.0
1718524800000,0.9525,0.953,0.942,0.9428,1506606.0
1718539200000,0.9426,0.9556,0.942,0.9491,1485704.0
1718553600000,0.9495,0.951,0.939,0.9412,1306400.0
1718568000000,0.9416,0.9517,0.936,0.946,1675809.0
1718582400000,0.9459,0.9493,0.9184,0.9247,3475282.0
1718596800000,0.925,0.9325,0.9081,0.9189,3211814.0
1718611200000,0.919,0.9224,0.8843,0.9,4432299.0
1718625600000,0.8997,0.9052,0.8752,0.8783,3656950.0
1718640000000,0.8781,0.9143,0.8403,0.9046,7541436.0
1718654400000,0.9044,0.9049,0.882,0.8855,2432367.0
1718668800000,0.8855,0.8876,0.76,0.8233,12935327.0
1718683200000,0.8235,0.826,0.8116,0.8141,2981053.0
1718697600000,0.8141,0.8165,0.789,0.7986,3023801.0
1718712000000,0.7985,0.8009,0.7653,0.7923,6721946.0
1718726400000,0.7923,0.7944,0.7706,0.7939,4244354.0
1718740800000,0.7936,0.8138,0.7883,0.8098,2626842.0
1718755200000,0.8097,0.8412,0.7988,0.838,4180762.0
1718769600000,0.8381,0.8445,0.8315,0.8399,1822841.0
1718784000000,0.8398,0.8412,0.8229,0.8302,3010903.0
1718798400000,0.8298,0.8359,0.8167,0.8214,1901477.0
1718812800000,0.8214,0.8432,0.8179,0.8355,1738901.0
1718827200000,0.8355,0.8436,0.8261,0.8319,1235417.0
1718841600000,0.8318,0.8472,0.8253,0.8308,2469734.0
1718856000000,0.8306,0.8565,0.8238,0.8541,2373608.0
1718870400000,0.8541,0.8682,0.8463,0.8558,1919807.0
1718884800000,0.8563,0.8586,0.8173,0.8209,4012445.0
1718899200000,0.821,0.8302,0.8092,0.8266,2106507.0
1718913600000,0.8269,0.8284,0.8172,0.8196,848161.0
1718928000000,0.8197,0.8288,0.8079,0.8203,1828113.0
1718942400000,0.8203,0.8306,0.8107,0.8139,1878168.0
1718956800000,0.814,0.8243,0.8,0.8225,2838455.0
1718971200000,0.8222,0.8286,0.8052,0.8183,3101945.0
1718985600000,0.8185,0.8216,0.7987,0.8127,2100743.0
1719000000000,0.8124,0.817,0.8056,0.8077,1339907.0
1719014400000,0.8078,0.8089,0.7927,0.8037,3191722.0
1719028800000,0.8038,0.8103,0.8003,0.8022,1138369.0
1719043200000,0.8022,0.8059,0.7951,0.8032,1020452.0
1719057600000,0.8032,0.8152,0.8024,0.8123,1032528.0
1719072000000,0.8121,0.8152,0.804,0.8077,911169.0
1719086400000,0.8077,0.8086,0.8023,0.803,863355.0
1719100800000,0.8031,0.8168,0.8012,0.8141,1613386.0
1719115200000,0.8143,0.8176,0.8105,0.8159,677703.0
1719129600000,0.8156,0.8187,0.8078,0.8103,908772.0
1719144000000,0.8101,0.811,0.7936,0.7965,1359971.0
1719158400000,0.7965,0.8012,0.7866,0.7967,1559525.0
1719172800000,0.7968,0.7972,0.7795,0.7863,1796822.0
1719187200000,0.7861,0.7956,0.7768,0.7893,2095651.0
1719201600000,0.7896,0.7916,0.7671,0.7768,3068107.0
1719216000000,0.7768,0.7919,0.74,0.7888,5626026.0
1719230400000,0.7887,0.8082,0.7825,0.7874,3661412.0
1719244800000,0.7872,0.8006,0.7802,0.7856,3420751.0
1719259200000,0.7855,0.8197,0.7774,0.8167,2885830.0
1719273600000,0.8167,0.8285,0.8092,0.8224,1592797.0
1719288000000,0.8226,0.8295,0.8179,0.8197,1137306.0
1719302400000,0.8199,0.8294,0.8123,0.8254,1327701.0
1719316800000,0.8253,0.839,0.8223,0.8348,1753612.0
1719331200000,0.8348,0.8469,0.8239,0.8423,3175416.0
1719345600000,0.8424,0.8489,0.8393,0.8417,1527214.0
1719360000000,0.8417,0.8514,0.8363,0.8413,1682018.0
1719374400000,0.8413,0.8432,0.8317,0.8386,1556495.0
1719388800000,0.8387,0.8394,0.829,0.8324,1525860.0
1719403200000,0.8325,0.8446,0.8272,0.8305,2301163.0
1719417600000,0.8305,0.8334,0.8137,0.8332,2104573.0
1719432000000,0.8331,0.8418,0.8259,0.8288,1070852.0
1719446400000,0.829,0.8296,0.8194,0.8237,1159646.0
1719460800000,0.8237,0.8276,0.8131,0.8155,1141352.0
1719475200000,0.8155,0.8299,0.8128,0.8271,1604226.0
1719489600000,0.8269,0.8518,0.8269,0.8385,2630183.0
1719504000000,0.8386,0.8528,0.834,0.8475,1525784.0
1719518400000,0.8477,0.854,0.8447,0.8526,1182766.0
1719532800000,0.8525,0.8576,0.8445,0.8496,1239550.0
1719547200000,0.8495,0.8504,0.8414,0.8481,961118.0
1719561600000,0.8481,0.8614,0.8456,0.8559,1246057.0
1719576000000,0.856,0.8645,0.8487,0.8543,2602067.0
1719590400000,0.8543,0.8556,0.833,0.8428,2062956.0
1719604800000,0.8429,0.8451,0.8268,0.8287,1282522.0
1719619200000,0.8288,0.8367,0.8235,0.8326,1244316.0
1719633600000,0.8325,0.8329,0.8237,0.8297,851498.0
1719648000000,0.8297,0.8305,0.8208,0.8235,1281687.0
1719662400000,0.8236,0.8252,0.8158,0.8206,1089271.0
1719676800000,0.8207,0.823,0.8098,0.8152,1007693.0
1719691200000,0.8151,0.8156,0.801,0.8026,1291030.0
1719705600000,0.8023,0.8074,0.7964,0.8014,1446611.0
1719720000000,0.8014,0.8208,0.7966,0.817,1456920.0
1719734400000,0.817,0.8258,0.816,0.8177,1330797.0
1719748800000,0.8178,0.8243,0.8144,0.8232,1341041.0
1719763200000,0.8233,0.83,0.8179,0.8286,989826.0
1719777600000,0.8285,0.8444,0.823,0.8381,1668686.0
1719792000000,0.8382,0.8573,0.8339,0.8524,1846431.0
1719806400000,0.8524,0.853,0.8423,0.8502,1089565.0
1719820800000,0.8503,0.851,0.8337,0.8361,1880677.0
1719835200000,0.8363,0.8376,0.8211,0.829,2010518.0
1719849600000,0.829,0.8461,0.8278,0.8403,1481579.0
1719864000000,0.8401,0.842,0.8267,0.8279,912098.0
1719878400000,0.8278,0.8359,0.8261,0.8326,953517.0
1719892800000,0.8326,0.8344,0.8223,0.8236,884505.0
1719907200000,0.8236,0.8355,0.8193,0.8345,1705627.0
1719921600000,0.8345,0.8561,0.8297,0.8408,3390185.0
1719936000000,0.8409,0.8427,0.824,0.8423,1817422.0
1719950400000,0.8425,0.8457,0.8361,0.8388,799961.0
1719964800000,0.839,0.8439,0.8145,0.8236,1768697.0
1719979200000,0.8233,0.8286,0.8164,0.8235,1206437.0
1719993600000,0.8237,0.8311,0.7981,0.8096,2816724.0
1720008000000,0.8096,0.8169,0.797,0.81,2160412.0
1720022400000,0.8101,0.8131,0.7857,0.7905,2314369.0
1720036800000,0.7907,0.8033,0.7887,0.7985,1364230.0
1720051200000,0.7989,0.8057,0.7511,0.78,5275274.0
1720065600000,0.7801,0.7837,0.7624,0.7656,1872131.0
1720080000000,0.7656,0.7692,0.7501,0.7559,2748416.0
1720094400000,0.7559,0.7564,0.6957,0.7038,11131898.0
1720108800000,0.7038,0.7052,0.6363,0.6565,48834370.0
1720123200000,0.6564,0.6785,0.6382,0.644,14834127.0
1720137600000,0.6443,0.6453,0.5678,0.5878,32473783.0
1720152000000,0.5876,0.6248,0.5728,0.6125,15466848.0
1720166400000,0.6126,0.6301,0.5861,0.6288,9852303.0
1720180800000,0.6288,0.6529,0.6194,0.6508,10096707.0
1720195200000,0.6507,0.6606,0.6451,0.6512,6335760.0
1720209600000,0.6514,0.6576,0.6466,0.6519,3018582.0
1720224000000,0.6518,0.6707,0.6406,0.6521,4027412.0
1720238400000,0.652,0.6684,0.6452,0.6664,2591564.0
1720252800000,0.6663,0.6669,0.655,0.6642,2174101.0
1720267200000,0.6643,0.6783,0.6565,0.6729,3644113.0
1720281600000,0.6728,0.6986,0.6711,0.6881,4982071.0
1720296000000,0.688,0.7039,0.6854,0.6954,3766833.0
1720310400000,0.6952,0.6953,0.6751,0.6826,2582375.0
1720324800000,0.6826,0.6837,0.6669,0.6725,2725403.0
1720339200000,0.6725,0.6814,0.6712,0.6781,1988933.0
1720353600000,0.678,0.6829,0.6486,0.6601,4084637.0
1720368000000,0.66,0.6696,0.6561,0.6575,3229258.0
1720382400000,0.6575,0.6592,0.6327,0.6369,3398754.0
1720396800000,0.6373,0.6427,0.6088,0.6325,9189661.0
1720411200000,0.6323,0.6448,0.6305,0.6377,3068528.0
1720425600000,0.6377,0.6819,0.6356,0.6677,5544450.0
1720440000000,0.6676,0.671,0.6334,0.6484,7043091.0
1720454400000,0.6485,0.6601,0.6391,0.6576,2907420.0
1720468800000,0.6578,0.6629,0.6501,0.6605,1975053.0
1720483200000,0.6605,0.6728,0.654,0.6649,2906007.0
1720497600000,0.6651,0.6769,0.6615,0.6734,1827778.0
1720512000000,0.6733,0.6842,0.6693,0.676,2147241.0
1720526400000,0.6758,0.69,0.6717,0.6831,2806874.0
1720540800000,0.6828,0.6876,0.6777,0.6861,1660326.0
1720555200000,0.6861,0.6933,0.6842,0.6916,1560410.0
1720569600000,0.6916,0.6937,0.6779,0.6882,2055952.0
1720584000000,0.6881,0.7036,0.6873,0.6902,2358083.0
1720598400000,0.6903,0.6938,0.6846,0.6885,1599221.0
1720612800000,0.6886,0.6985,0.6826,0.6929,2759216.0
1720627200000,0.6929,0.7015,0.6909,0.697,1325246.0
1720641600000,0.697,0.6985,0.6895,0.6942,965302.0
1720656000000,0.694,0.7026,0.6836,0.6891,1779558.0
1720670400000,0.6889,0.6999,0.6878,0.694,1276122.0
1720684800000,0.6941,0.703,0.6915,0.702,1214174.0
1720699200000,0.702,0.7163,0.681,0.6835,4629662.0
1720713600000,0.6834,0.6949,0.6781,0.6864,1615769.0
1720728000000,0.6864,0.6876,0.6701,0.6725,1677686.0
1720742400000,0.6727,0.6857,0.6673,0.6804,1946016.0
1720756800000,0.6805,0.6839,0.6748,0.6797,1062685.0
1720771200000,0.6796,0.6821,0.6662,0.6677,1313470.0
1720785600000,0.6677,0.6944,0.6677,0.6927,2632887.0
1720800000000,0.6929,0.6975,0.6888,0.6894,1491613.0
1720814400000,0.6894,0.6939,0.6854,0.6927,1261501.0
1720828800000,0.6927,0.6964,0.6894,0.6929,979579.0
1720843200000,0.6929,0.7011,0.6842,0.6952,3212327.0
1720857600000,0.6953,0.6993,0.6915,0.6919,1875470.0
1720872000000,0.6918,0.6938,0.684,0.6852,1589042.0
1720886400000,0.6853,0.6892,0.678,0.6801,1317725.0
1720900800000,0.6803,0.6924,0.6724,0.6835,2416941.0
1720915200000,0.6835,0.6969,0.6835,0.69,1513520.0
1720929600000,0.6899,0.7044,0.6898,0.7004,1918983.0
1720944000000,0.7005,0.7078,0.7003,0.7036,1704376.0
1720958400000,0.7036,0.7053,0.694,0.7041,1593163.0
1720972800000,0.704,0.7053,0.6989,0.7046,965263.0
1720987200000,0.7044,0.7364,0.7025,0.7281,2912440.0
1721001600000,0.728,0.74,0.7233,0.7362,2962711.0
1721016000000,0.7362,0.7367,0.7263,0.7358,1584529.0
1721030400000,0.7356,0.7392,0.7276,0.7366,2517650.0
1721044800000,0.7364,0.7507,0.7338,0.7433,4806874.0
1721059200000,0.7432,0.7457,0.7113,0.7124,6854416.0
1721073600000,0.7122,0.7545,0.7121,0.7504,5915595.0
1721088000000,0.7505,0.7624,0.7482,0.7585,4110818.0
1721102400000,0.7585,0.7592,0.7187,0.722,6313967.0
1721116800000,0.7217,0.7309,0.7067,0.7285,5036339.0
1721131200000,0.7287,0.7474,0.7181,0.7445,5520501.0
1721145600000,0.7446,0.7538,0.7362,0.7457,3888047.0
1721160000000,0.7455,0.7479,0.7301,0.7352,2627178.0
1721174400000,0.7351,0.7526,0.7333,0.7413,3250686.0
1721188800000,0.7414,0.7525,0.7412,0.7464,2492578.0
1721203200000,0.7464,0.7529,0.7341,0.7423,3552641.0
1721217600000,0.7423,0.7518,0.7341,0.7358,4538873.0
1721232000000,0.7357,0.7384,0.7166,0.736,3837195.0
1721246400000,0.7362,0.7395,0.7224,0.7241,2144076.0
1721260800000,0.724,0.7425,0.7234,0.7423,2151235.0
1721275200000,0.7424,0.7515,0.7346,0.7389,3216100.0
1721289600000,0.739,0.748,0.733,0.7464,3481237.0
1721304000000,0.7465,0.7498,0.7096,0.7107,4834343.0
1721318400000,0.7107,0.7133,0.6938,0.7024,4614995.0
1721332800000,0.7025,0.714,0.6988,0.7114,2566922.0
1721347200000,0.7115,0.7162,0.6969,0.7141,1793306.0
1721361600000,0.7143,0.7211,0.705,0.7086,1770181.0
1721376000000,0.7084,0.7142,0.7022,0.711,1803541.0
1721390400000,0.7113,0.7309,0.7049,0.7294,2664534.0
1721404800000,0.7293,0.7483,0.7293,0.7463,2793660.0
1721419200000,0.7463,0.7496,0.7423,0.7462,1385813.0
1721433600000,0.7462,0.7483,0.7366,0.7457,1512802.0
1721448000000,0.7457,0.7535,0.7443,0.752,1180002.0
1721462400000,0.7521,0.7538,0.7402,0.742,1282867.0
1721476800000,0.7421,0.7509,0.7357,0.7495,2099028.0
1721491200000,0.7494,0.7553,0.7454,0.746,1890366.0
1721505600000,0.746,0.7503,0.7395,0.7445,1241631.0
1721520000000,0.7445,0.7512,0.7413,0.7439,1663280.0
1721534400000,0.7439,0.7464,0.7243,0.7295,1977873.0
1721548800000,0.7297,0.7383,0.7294,0.7356,1432748.0
1721563200000,0.7355,0.7491,0.7226,0.736,4364185.0
1721577600000,0.736,0.7419,0.7015,0.7314,5434581.0
1721592000000,0.7313,0.7595,0.7301,0.758,2947917.0
1721606400000,0.7581,0.7623,0.7481,0.7499,1875066.0
1721620800000,0.7499,0.7517,0.7297,0.733,1988768.0
1721635200000,0.733,0.7399,0.7261,0.7389,2049649.0
1721649600000,0.7387,0.743,0.7235,0.7327,3073345.0
1721664000000,0.7328,0.7401,0.7289,0.7398,1603307.0
1721678400000,0.7398,0.7404,0.7157,0.7189,1876132.0
1721692800000,0.7188,0.7371,0.717,0.7282,1673425.0
1721707200000,0.7281,0.729,0.7015,0.707,2950043.0
1721721600000,0.7072,0.7341,0.7062,0.7228,3629160.0
1721736000000,0.7226,0.7274,0.7079,0.7153,4964991.0
1721750400000,0.7152,0.7158,0.6866,0.7025,5471444.0
1721764800000,0.7025,0.7064,0.6914,0.6975,1984351.0
1721779200000,0.6972,0.7036,0.6894,0.7002,2327544.0
1721793600000,0.7001,0.7006,0.6878,0.6993,2310928.0
1721808000000,0.6993,0.7071,0.6979,0.7,2667080.0
1721822400000,0.7001,0.71,0.694,0.6946,2984577.0
1721836800000,0.6947,0.7094,0.6894,0.695,3220559.0
1721851200000,0.695,0.7009,0.6801,0.6869,2669492.0
1721865600000,0.6868,0.6907,0.651,0.6636,6691925.0
1721880000000,0.6636,0.6743,0.6586,0.6685,3283426.0
1721894400000,0.6684,0.6753,0.6653,0.6699,2382157.0
1721908800000,0.6697,0.6797,0.6565,0.6745,4646319.0
1721923200000,0.6745,0.683,0.6567,0.6658,4042736.0
1721937600000,0.6658,0.6848,0.6543,0.6809,2826802.0
1721952000000,0.6808,0.6974,0.6786,0.6939,2135061.0
1721966400000,0.6941,0.7071,0.6933,0.7024,2022297.0
1721980800000,0.7024,0.7053,0.6966,0.703,1803291.0
1721995200000,0.703,0.7115,0.6995,0.7085,2554594.0
1722009600000,0.7085,0.714,0.7071,0.711,1418964.0
1722024000000,0.7109,0.7169,0.7055,0.716,1012413.0
1722038400000,0.7159,0.7159,0.7069,0.7096,1052129.0
1722052800000,0.7094,0.7167,0.7094,0.7155,910902.0
1722067200000,0.7155,0.7179,0.7105,0.7134,838718.0
1722081600000,0.7134,0.7279,0.7063,0.7112,2741152.0
1722096000000,0.7112,0.7172,0.7045,0.7137,1873640.0
1722110400000,0.7138,0.7246,0.6979,0.7169,3247831.0
1722124800000,0.7169,0.7179,0.7079,0.708,1248052.0
1722139200000,0.7079,0.709,0.6972,0.704,1365639.0
1722153600000,0.704,0.7101,0.7007,0.7073,788214.0
1722168000000,0.7074,0.7117,0.6976,0.6994,1698525.0
1722182400000,0.6995,0.7038,0.6972,0.7009,832864.0
1722196800000,0.7011,0.7036,0.6886,0.6957,1750543.0
1722211200000,0.6957,0.7262,0.6951,0.7181,2590464.0
1722225600000,0.7182,0.7279,0.7182,0.7261,1927269.0
1722240000000,0.7261,0.7292,0.7191,0.726,1264517.0
1722254400000,0.7261,0.7318,0.7073,0.7129,2877233.0
1722268800000,0.7129,0.7148,0.7029,0.7133,2659149.0
1722283200000,0.7134,0.7142,0.6975,0.7,2284532.0
1722297600000,0.7,0.7097,0.6909,0.7043,2205540.0
1722312000000,0.7042,0.7108,0.7025,0.7102,1237245.0
1722326400000,0.7102,0.7117,0.7037,0.7057,1318949.0
1722340800000,0.7054,0.7085,0.696,0.7037,2339816.0
1722355200000,0.7036,0.7073,0.6834,0.6872,2386253.0
1722369600000,0.6871,0.69,0.6744,0.688,2378256.0
1722384000000,0.6879,0.6986,0.6824,0.6936,2615695.0
1722398400000,0.6935,0.7006,0.6815,0.6967,3797185.0
1722412800000,0.6966,0.6979,0.6859,0.6892,2284164.0
1722427200000,0.6892,0.6998,0.6847,0.6854,3539873.0
1722441600000,0.6854,0.6963,0.6742,0.6771,4363819.0
1722456000000,0.6771,0.6771,0.6608,0.6675,3770380.0
1722470400000,0.6674,0.6731,0.6609,0.6643,3374089.0
1722484800000,0.6641,0.6662,0.643,0.6483,5067122.0
1722499200000,0.6483,0.6553,0.6481,0.6537,3059356.0
1722513600000,0.6537,0.6579,0.6266,0.6336,6314632.0
1722528000000,0.6336,0.6338,0.6023,0.6137,9617101.0
1722542400000,0.6136,0.6496,0.61,0.646,4263981.0
1722556800000,0.646,0.6536,0.6283,0.6404,3166646.0
1722571200000,0.6402,0.6434,0.6284,0.6401,2740993.0
1722585600000,0.6398,0.643,0.6323,0.6377,2397453.0
1722600000000,0.6377,0.6475,0.5971,0.6178,9294981.0
1722614400000,0.6178,0.6246,0.6071,0.6121,4017727.0
1722628800000,0.612,0.6197,0.6027,0.6124,4053941.0
1722643200000,0.6126,0.6143,0.5921,0.6095,4132129.0
1722657600000,0.6095,0.6189,0.6068,0.6144,1643355.0
1722672000000,0.6144,0.6169,0.609,0.6149,1398666.0
1722686400000,0.6149,0.6208,0.5979,0.5999,3145964.0
1722700800000,0.5999,0.6041,0.5798,0.5803,7499753.0
1722715200000,0.5802,0.5915,0.5775,0.5884,3516944.0
1722729600000,0.5884,0.6011,0.5857,0.5981,2253330.0
1722744000000,0.5981,0.603,0.5921,0.5923,1557436.0
1722758400000,0.5925,0.6005,0.5897,0.597,1498626.0
1722772800000,0.5969,0.5997,0.5693,0.57,4229312.0
1722787200000,0.5701,0.5764,0.5458,0.5724,9451237.0
1722801600000,0.5723,0.5791,0.552,0.5524,4059613.0
1722816000000,0.5524,0.5586,0.46,0.4921,33629684.0
1722830400000,0.492,0.5029,0.4451,0.4944,30072925.0
1722844800000,0.4944,0.4948,0.4528,0.4714,15401385.0
1722859200000,0.4713,0.5188,0.4527,0.5129,22592577.0
1722873600000,0.5129,0.5226,0.4888,0.5003,12518835.0
1722888000000,0.5002,0.5095,0.498,0.499,6873014.0
1722902400000,0.4991,0.534,0.4983,0.5275,7341638.0
1722916800000,0.5276,0.5384,0.5238,0.5359,4420259.0
1722931200000,0.5357,0.5357,0.5163,0.5205,5986276.0
1722945600000,0.5205,0.5449,0.5153,0.5348,8052900.0
1722960000000,0.5348,0.5437,0.5325,0.5329,4053531.0
1722974400000,0.5328,0.5405,0.5285,0.5311,2870411.0
1722988800000,0.5311,0.5499,0.5259,0.5422,5560836.0
1723003200000,0.5421,0.5483,0.5382,0.543,2536925.0
1723017600000,0.5428,0.5549,0.5424,0.5435,3827769.0
1723032000000,0.5438,0.5507,0.5205,0.5304,6076115.0
1723046400000,0.5301,0.5309,0.517,0.5226,6229234.0
1723060800000,0.5227,0.5282,0.5155,0.5238,4235914.0
1723075200000,0.5238,0.5545,0.5153,0.5459,5795723.0
1723089600000,0.5459,0.5542,0.5456,0.5482,2572427.0
1723104000000,0.5483,0.5526,0.547,0.5492,2218681.0
1723118400000,0.5491,0.5724,0.5464,0.5713,6782584.0
1723132800000,0.5714,0.5784,0.5633,0.5649,4689757.0
1723147200000,0.5648,0.5917,0.5645,0.5891,3355779.0
1723161600000,0.589,0.5894,0.5787,0.5828,2148028.0
1723176000000,0.5827,0.5873,0.5753,0.5842,2066604.0
1723190400000,0.5843,0.5909,0.578,0.5823,2583371.0
1723204800000,0.5823,0.5869,0.5702,0.5728,3439930.0
1723219200000,0.5727,0.5844,0.5725,0.582,2129973.0
1723233600000,0.582,0.5872,0.5785,0.5866,1897485.0
1723248000000,0.5866,0.5929,0.577,0.5787,1881324.0
1723262400000,0.5788,0.5855,0.5757,0.5846,880083.0
1723276800000,0.5845,0.5875,0.5789,0.5871,1261986.0
1723291200000,0.5871,0.6006,0.5826,0.597,2221066.0
1723305600000,0.5969,0.6075,0.594,0.6028,2492788.0
1723320000000,0.6027,0.6066,0.5983,0.5998,1041077.0
1723334400000,0.5998,0.6052,0.5987,0.6002,1073662.0
1723348800000,0.6003,0.6073,0.5991,0.6072,955675.0
1723363200000,0.6071,0.6138,0.5958,0.5985,2275149.0
1723377600000,0.5985,0.6005,0.5874,0.5917,2669016.0
1723392000000,0.5917,0.597,0.5846,0.5856,2136967.0
1723406400000,0.5856,0.5857,0.5703,0.5742,3789895.0
1723420800000,0.5741,0.5819,0.5726,0.5791,2442715.0
1723435200000,0.5788,0.5846,0.5691,0.5826,2919920.0
1723449600000,0.5826,0.6056,0.579,0.6044,4602934.0
1723464000000,0.6044,0.6107,0.576,0.6049,8123977.0
1723478400000,0.6048,0.6078,0.5863,0.5924,3530050.0
1723492800000,0.5927,0.6053,0.5872,0.5987,2707842.0
1723507200000,0.5986,0.6018,0.586,0.5873,2735879.0
1723521600000,0.5873,0.5908,0.5834,0.5861,1420819.0
1723536000000,0.5861,0.5889,0.5795,0.5822,6305875.0
1723550400000,0.5822,0.5874,0.5749,0.5834,4620716.0
1723564800000,0.5833,0.6016,0.5822,0.5958,3670432.0
1723579200000,0.5958,0.5985,0.5908,0.5934,1089907.0
1723593600000,0.5933,0.5983,0.5889,0.5962,1745625.0
1723608000000,0.5961,0.6006,0.594,0.5976,2103953.0
1723622400000,0.5978,0.6057,0.5945,0.6018,2635235.0
1723636800000,0.6021,0.6096,0.5859,0.5976,6637967.0
1723651200000,0.5975,0.6005,0.5877,0.5908,2785465.0
1723665600000,0.5905,0.5982,0.5859,0.5918,2217027.0
1723680000000,0.5918,0.5958,0.5868,0.5898,1958570.0
1723694400000,0.5898,0.5913,0.5798,0.5823,1822123.0
1723708800000,0.5823,0.5891,0.5772,0.5878,2785726.0
1723723200000,0.5878,0.5971,0.5836,0.5857,4557846.0
1723737600000,0.5858,0.589,0.554,0.5582,6626766.0
1723752000000,0.5582,0.5661,0.5521,0.5618,3337774.0
1723766400000,0.5619,0.5704,0.5583,0.5625,2208585.0
1723780800000,0.5624,0.5724,0.5616,0.5681,1522861.0
1723795200000,0.5682,0.5709,0.5664,0.5687,1427993.0
1723809600000,0.5687,0.5704,0.5544,0.5578,4577521.0
1723824000000,0.5579,0.574,0.5566,0.5729,3887881.0
1723838400000,0.5731,0.5757,0.5654,0.5657,1826901.0
1723852800000,0.5656,0.5656,0.5567,0.5588,1921374.0
1723867200000,0.5588,0.5617,0.5575,0.5581,1283308.0
1723881600000,0.5582,0.5646,0.5564,0.5594,2662848.0
1723896000000,0.5593,0.568,0.5584,0.5607,2604205.0
1723910400000,0.5608,0.5654,0.5597,0.5629,2074188.0
1723924800000,0.5631,0.5694,0.5607,0.5688,1595916.0
1723939200000,0.5687,0.5725,0.5606,0.5617,2587096.0
1723953600000,0.5617,0.5619,0.5561,0.5571,1947790.0
1723968000000,0.5571,0.5664,0.5502,0.5648,3872171.0
1723982400000,0.5649,0.5715,0.5629,0.5678,2770610.0
1723996800000,0.5678,0.5694,0.5623,0.568,1574194.0
1724011200000,0.568,0.5694,0.5573,0.5587,2144011.0
1724025600000,0.5586,0.5606,0.5528,0.5586,2267303.0
1724040000000,0.5586,0.561,0.5542,0.5602,1470036.0
1724054400000,0.5601,0.5662,0.5526,0.5614,2562209.0
1724068800000,0.5613,0.5674,0.5574,0.5616,2556753.0
1724083200000,0.5615,0.5714,0.5577,0.5686,2680772.0
1724097600000,0.5686,0.5726,0.5676,0.5695,1362822.0
1724112000000,0.5696,0.585,0.5696,0.5847,2852823.0
1724126400000,0.5848,0.5902,0.5837,0.5866,2440668.0
1724140800000,0.5866,0.5931,0.5821,0.5913,2519854.0
1724155200000,0.5912,0.5959,0.5718,0.5757,5205270.0
1724169600000,0.5757,0.5844,0.5745,0.5833,2125287.0
1724184000000,0.5834,0.5878,0.5817,0.5852,1981470.0
1724198400000,0.5853,0.5892,0.5788,0.5845,2512804.0
1724212800000,0.5844,0.5985,0.5844,0.596,2286934.0
1724227200000,0.5961,0.5978,0.5829,0.5873,3122900.0
1724241600000,0.5873,0.5939,0.5764,0.5918,3927890.0
1724256000000,0.5917,0.6255,0.5855,0.6215,6223945.0
1724270400000,0.6216,0.6299,0.6135,0.6161,5267155.0
1724284800000,0.6161,0.6183,0.6012,0.6133,2308373.0
1724299200000,0.6131,0.6198,0.6125,0.6178,1691320.0
1724313600000,0.6176,0.6209,0.6114,0.6204,2698169.0
1724328000000,0.6202,0.6236,0.6102,0.6121,3777484.0
1724342400000,0.6121,0.6175,0.6103,0.6149,1449081.0
1724356800000,0.6152,0.6214,0.6149,0.621,911416.0
1724371200000,0.6211,0.6281,0.6188,0.6229,2037757.0
1724385600000,0.6228,0.6374,0.6214,0.634,2296608.0
1724400000000,0.6341,0.6385,0.6292,0.6305,3243221.0
1724414400000,0.6306,0.6432,0.6279,0.6407,5381370.0
1724428800000,0.6407,0.6695,0.6381,0.6673,6824808.0
1724443200000,0.6672,0.6743,0.6638,0.6681,3193499.0
1724457600000,0.6682,0.6735,0.6647,0.665,1592272.0
1724472000000,0.665,0.6683,0.6624,0.6678,1305248.0
1724486400000,0.6678,0.681,0.6657,0.6716,2792687.0
1724500800000,0.6715,0.675,0.6677,0.6703,2056757.0
1724515200000,0.6704,0.6805,0.6696,0.6771,2743438.0
1724529600000,0.6773,0.6806,0.6589,0.6712,2645798.0
1724544000000,0.6712,0.6744,0.6513,0.6622,2917139.0
1724558400000,0.6623,0.6649,0.6441,0.6481,2485769.0
1724572800000,0.648,0.6569,0.6451,0.6539,2079224.0
1724587200000,0.6539,0.6714,0.6539,0.6641,1802996.0
1724601600000,0.664,0.6724,0.6612,0.665,2783075.0
1724616000000,0.6652,0.6768,0.662,0.6625,2115967.0
1724630400000,0.6626,0.6669,0.6488,0.6589,4831480.0
1724644800000,0.6591,0.6629,0.6453,0.6488,2210567.0
1724659200000,0.6489,0.6553,0.6419,0.6459,2419606.0
1724673600000,0.646,0.6488,0.6256,0.6341,7275084.0
1724688000000,0.634,0.6379,0.6183,0.6207,4262853.0
1724702400000,0.6204,0.6257,0.6151,0.6156,2163540.0
1724716800000,0.6155,0.6303,0.6155,0.6285,3259408.0
1724731200000,0.6287,0.6428,0.6286,0.6348,2066664.0
1724745600000,0.6348,0.6372,0.6119,0.6187,3499668.0
1724760000000,0.6185,0.6253,0.6122,0.6182,3107873.0
1724774400000,0.6183,0.6259,0.6148,0.6199,1954368.0
1724788800000,0.6198,0.6199,0.5753,0.5877,7913255.0
1724803200000,0.5877,0.5881,0.5766,0.5853,4001841.0
1724817600000,0.5853,0.5907,0.5742,0.5747,3835580.0
1724832000000,0.5748,0.6056,0.5722,0.5972,3790762.0
1724846400000,0.5971,0.6018,0.5765,0.581,3392796.0
1724860800000,0.581,0.5903,0.5604,0.5794,5558247.0
1724875200000,0.5793,0.5909,0.5676,0.5747,2932574.0
1724889600000,0.5747,0.5837,0.5746,0.5798,1885322.0
1724904000000,0.5798,0.5858,0.5751,0.5822,1463245.0
1724918400000,0.5821,0.5905,0.5777,0.5848,1486180.0
1724932800000,0.5848,0.6004,0.5839,0.5963,2364301.0
1724947200000,0.5962,0.5992,0.5674,0.5742,3444739.0
1724961600000,0.5741,0.5777,0.5651,0.5739,1922521.0
1724976000000,0.5739,0.578,0.5691,0.5715,1761269.0
1724990400000,0.5713,0.579,0.5674,0.5749,1374514.0
1725004800000,0.5749,0.5817,0.5742,0.5797,1515872.0
1725019200000,0.5799,0.5869,0.5474,0.55,6077054.0
1725033600000,0.5501,0.5741,0.5449,0.563,4488085.0
1725048000000,0.563,0.5692,0.5605,0.5672,2432044.0
1725062400000,0.5673,0.5717,0.5636,0.5684,1230278.0
1725076800000,0.5684,0.5723,0.5654,0.5664,978085.0
1725091200000,0.5665,0.568,0.557,0.5633,1178747.0
1725105600000,0.5634,0.564,0.5578,0.5605,1375595.0
1725120000000,0.5605,0.5616,0.5541,0.5559,1914387.0
1725134400000,0.5562,0.5623,0.555,0.5569,801172.0
1725148800000,0.557,0.561,0.5467,0.5546,1471761.0
1725163200000,0.5547,0.5582,0.5453,0.5571,1338151.0
1725177600000,0.5572,0.5575,0.549,0.5525,1012692.0
1725192000000,0.5526,0.5542,0.5386,0.553,2417212.0
1725206400000,0.5529,0.557,0.5376,0.5523,2451642.0
1725220800000,0.5522,0.555,0.5268,0.532,2436121.0
1725235200000,0.5321,0.5397,0.5303,0.5395,2107683.0
1725249600000,0.5394,0.5415,0.5311,0.5324,2271160.0
1725264000000,0.5325,0.5598,0.5325,0.5536,3852236.0
1725278400000,0.5537,0.5611,0.5467,0.5563,2288969.0
1725292800000,0.5563,0.5809,0.5532,0.5675,11290683.0
1725307200000,0.5674,0.5813,0.5655,0.573,3198398.0
1725321600000,0.5728,0.5807,0.5693,0.5747,2429321.0
1725336000000,0.5748,0.5843,0.5706,0.5832,2273863.0
1725350400000,0.5831,0.585,0.5723,0.5831,2578801.0
1725364800000,0.5832,0.5837,0.5524,0.5534,5612460.0
1725379200000,0.5534,0.5626,0.5493,0.558,2611576.0
1725393600000,0.5579,0.5634,0.5478,0.55,1632888.0
1725408000000,0.5499,0.559,0.5254,0.5524,5530217.0
1725422400000,0.5523,0.5621,0.5486,0.5602,2245573.0
1725436800000,0.5602,0.5639,0.5504,0.5504,2998886.0
1725451200000,0.5504,0.5831,0.5492,0.5811,7892334.0
1725465600000,0.5811,0.6046,0.5808,0.59,11240456.0
1725480000000,0.59,0.5983,0.5861,0.5962,3962031.0
1725494400000,0.5962,0.6043,0.5817,0.585,5184686.0
1725508800000,0.585,0.5968,0.583,0.5956,4074766.0
1725523200000,0.5955,0.5987,0.5864,0.589,2397060.0
1725537600000,0.5892,0.5928,0.5711,0.5737,5519684.0
1725552000000,0.5737,0.5814,0.5669,0.5697,2860514.0
1725566400000,0.5697,0.5765,0.5684,0.5736,1960493.0
1725580800000,0.5737,0.5779,0.5686,0.5705,2958790.0
1725595200000,0.5705,0.5727,0.5597,0.567,3887816.0
1725609600000,0.567,0.5753,0.5654,0.5737,2273816.0
1725624000000,0.5737,0.5894,0.5586,0.5698,8521246.0
1725638400000,0.57,0.5713,0.5519,0.5568,6038588.0
1725652800000,0.5564,0.5595,0.5354,0.5586,5507881.0
1725667200000,0.5585,0.5607,0.5521,0.5555,1437565.0
1725681600000,0.5554,0.5691,0.5547,0.5659,2065938.0
1725696000000,0.5656,0.5722,0.5636,0.5688,1975164.0
1725710400000,0.5688,0.5735,0.5657,0.57,2095184.0
1725724800000,0.5699,0.5734,0.5584,0.5653,1752431.0
1725739200000,0.5653,0.5657,0.5546,0.5611,1253224.0
1725753600000,0.5611,0.5655,0.5572,0.565,1295112.0
1725768000000,0.565,0.5694,0.5622,0.5671,1806580.0
1725782400000,0.5673,0.5714,0.5652,0.568,2002406.0
1725796800000,0.568,0.5697,0.5532,0.5539,3104498.0
1725811200000,0.5539,0.5644,0.5521,0.561,2163355.0
1725825600000,0.561,0.5778,0.5592,0.5697,2572176.0
1725840000000,0.5698,0.5746,0.5658,0.5698,2098301.0
1725854400000,0.5699,0.5916,0.5666,0.59,5885683.0
1725868800000,0.5899,0.6225,0.5897,0.6018,20447976.0
1725883200000,0.6018,0.6193,0.5985,0.6163,8616514.0
1725897600000,0.6163,0.6349,0.6131,0.632,10730046.0
1725912000000,0.6322,0.6376,0.6267,0.6315,3932760.0
1725926400000,0.6318,0.6321,0.6172,0.6174,4960882.0
1725940800000,0.6174,0.6262,0.6155,0.6243,3825202.0
1725955200000,0.6242,0.6281,0.6183,0.6269,2751848.0
1725969600000,0.627,0.6283,0.6156,0.6167,4035010.0
1725984000000,0.6168,0.6313,0.6166,0.628,2822556.0
1725998400000,0.6281,0.6292,0.6235,0.6242,1837060.0
1726012800000,0.6243,0.625,0.6065,0.6092,4109381.0
1726027200000,0.609,0.6106,0.5983,0.609,3810768.0
1726041600000,0.6092,0.611,0.6019,0.609,3546511.0
1726056000000,0.609,0.6197,0.5931,0.6111,7726992.0
1726070400000,0.6109,0.6286,0.6095,0.622,5501115.0
1726084800000,0.6222,0.6244,0.615,0.6178,3148145.0
1726099200000,0.6179,0.6376,0.6138,0.6367,5156311.0
1726113600000,0.6368,0.641,0.6253,0.6274,2956782.0
1726128000000,0.6275,0.63,0.6226,0.6273,1853431.0
1726142400000,0.6273,0.6511,0.6263,0.6396,10331662.0
1726156800000,0.6394,0.6591,0.6383,0.649,7750371.0
1726171200000,0.649,0.6632,0.6461,0.6613,4037257.0
1726185600000,0.6613,0.6661,0.6472,0.6494,5268237.0
1726200000000,0.6494,0.6525,0.6427,0.6458,2690927.0
1726214400000,0.6458,0.6515,0.6403,0.6416,3760146.0
1726228800000,0.6417,0.6648,0.6387,0.6623,5629557.0
1726243200000,0.6623,0.6649,0.6553,0.6616,4169281.0
1726257600000,0.6617,0.6626,0.6496,0.6512,2542182.0
1726272000000,0.6512,0.6513,0.6438,0.6471,2597346.0
1726286400000,0.647,0.6484,0.6416,0.6479,2169772.0
1726300800000,0.648,0.6537,0.6434,0.6513,4424515.0
1726315200000,0.6512,0.6567,0.6463,0.6535,3118625.0
1726329600000,0.6534,0.6555,0.6421,0.6462,2446147.0
1726344000000,0.646,0.6526,0.6459,0.6503,1256392.0
1726358400000,0.6502,0.6624,0.6477,0.6582,2466031.0
1726372800000,0.6581,0.6588,0.6461,0.6484,2229350.0
1726387200000,0.6484,0.6488,0.6339,0.6368,2375550.0
1726401600000,0.6369,0.6445,0.6308,0.6432,3510706.0
1726416000000,0.6433,0.6438,0.6289,0.6319,3020874.0
1726430400000,0.6319,0.6327,0.6138,0.6217,4189733.0
1726444800000,0.6216,0.6254,0.6038,0.6127,5220592.0
1726459200000,0.6125,0.6192,0.6104,0.6185,2194408.0
1726473600000,0.6184,0.6231,0.6078,0.6136,3603393.0
1726488000000,0.6138,0.6144,0.5989,0.6085,4746281.0
1726502400000,0.6086,0.6143,0.5999,0.601,3721361.0
1726516800000,0.6009,0.6013,0.595,0.5985,3079706.0
1726531200000,0.5984,0.6029,0.595,0.6018,2632347.0
1726545600000,0.6018,0.6112,0.6007,0.6081,2557339.0
1726560000000,0.608,0.6124,0.6029,0.6073,3303940.0
1726574400000,0.6072,0.6324,0.6046,0.6269,7239775.0
1726588800000,0.6269,0.6308,0.6018,0.6078,5591847.0
1726603200000,0.6078,0.6138,0.6054,0.612,2141812.0
1726617600000,0.612,0.6215,0.6025,0.6203,2184470.0
1726632000000,0.6204,0.6205,0.6136,0.6188,1629586.0
1726646400000,0.6189,0.6192,0.5971,0.6019,2900749.0
1726660800000,0.602,0.6051,0.5915,0.594,4838744.0
1726675200000,0.5941,0.629,0.5907,0.6221,7117507.0
1726689600000,0.622,0.6483,0.6177,0.6481,6948342.0
1726704000000,0.6481,0.6628,0.6477,0.6591,4896625.0
1726718400000,0.6593,0.6647,0.6559,0.6645,2284728.0
1726732800000,0.6645,0.6674,0.6585,0.6634,3236448.0
1726747200000,0.6633,0.6718,0.6604,0.6651,3630584.0
1726761600000,0.665,0.6778,0.6646,0.6684,5031957.0
1726776000000,0.6683,0.673,0.6632,0.6685,2541973.0
1726790400000,0.6685,0.6786,0.6628,0.6786,3912348.0
1726804800000,0.6785,0.6892,0.6776,0.6852,3980951.0
1726819200000,0.6853,0.7,0.6786,0.683,6289790.0
1726833600000,0.6828,0.6876,0.6739,0.6856,3622728.0
1726848000000,0.6856,0.6866,0.6726,0.6827,2379250.0
1726862400000,0.6828,0.6948,0.6827,0.6923,3322186.0
1726876800000,0.6922,0.6964,0.6817,0.6826,2541191.0
1726891200000,0.6824,0.6897,0.6778,0.6894,2114459.0
1726905600000,0.6893,0.6926,0.6847,0.6913,1421630.0
1726920000000,0.691,0.7007,0.6894,0.6957,2403341.0
1726934400000,0.6957,0.6979,0.6919,0.6954,1363919.0
1726948800000,0.6954,0.6986,0.6882,0.6961,1213827.0
1726963200000,0.6961,0.6998,0.6784,0.6859,3485550.0
1726977600000,0.6862,0.6893,0.6822,0.6843,1302423.0
1726992000000,0.6844,0.6882,0.6759,0.6788,2135953.0
1727006400000,0.6788,0.685,0.6713,0.6758,2068929.0
1727020800000,0.6758,0.6841,0.6719,0.6789,1701829.0
1727035200000,0.6792,0.6885,0.6611,0.683,3450013.0
1727049600000,0.683,0.7065,0.6696,0.7013,4163985.0
1727064000000,0.7014,0.7047,0.6914,0.6925,5525814.0
1727078400000,0.6928,0.6934,0.6846,0.6884,2255261.0
1727092800000,0.6884,0.7062,0.6872,0.6978,3722995.0
1727107200000,0.6978,0.7063,0.6942,0.7019,2195782.0
1727121600000,0.702,0.7065,0.6982,0.7034,1598728.0
1727136000000,0.7034,0.7079,0.692,0.6984,2896511.0
1727150400000,0.6983,0.7128,0.6942,0.7117,1872658.0
1727164800000,0.7119,0.7207,0.7083,0.7158,2920701.0
1727179200000,0.716,0.7224,0.7009,0.7066,5811372.0
1727193600000,0.7068,0.72,0.7043,0.7181,1848284.0
1727208000000,0.718,0.7256,0.7147,0.7222,1912081.0
1727222400000,0.7222,0.731,0.7172,0.7212,2029238.0
1727236800000,0.7211,0.7222,0.702,0.7026,3948752.0
1727251200000,0.7025,0.7135,0.7011,0.7063,2581722.0
1727265600000,0.7062,0.7149,0.6987,0.7069,2776752.0
1727280000000,0.7071,0.7139,0.7034,0.7037,2207703.0
1727294400000,0.7038,0.7135,0.7007,0.703,2146504.0
1727308800000,0.703,0.7172,0.6948,0.7159,2510207.0
1727323200000,0.7161,0.7303,0.7087,0.7287,2131356.0
1727337600000,0.7289,0.7315,0.7192,0.7254,2406305.0
1727352000000,0.7253,0.7465,0.7198,0.7456,6713160.0
1727366400000,0.7456,0.7549,0.7321,0.7374,4631247.0
1727380800000,0.7373,0.7462,0.7304,0.7444,2299824.0
1727395200000,0.7443,0.7517,0.7396,0.7516,2415754.0
1727409600000,0.7515,0.7617,0.7472,0.7591,3010717.0
1727424000000,0.7591,0.7708,0.7573,0.7703,4891165.0
1727438400000,0.7702,0.7843,0.7603,0.7756,5435293.0
1727452800000,0.7756,0.7983,0.7711,0.7902,6171190.0
1727467200000,0.79,0.8206,0.79,0.8186,5900699.0
1727481600000,0.8186,0.8946,0.8182,0.8798,41772540.0
1727496000000,0.8798,0.8892,0.8431,0.863,30706687.0
1727510400000,0.8633,0.8846,0.8505,0.8831,50885408.0
1727524800000,0.8831,0.922,0.8737,0.8989,107092328.0
1727539200000,0.8987,0.9153,0.8945,0.9126,36393977.0
1727553600000,0.9126,0.9145,0.8919,0.9124,20427187.0
1727568000000,0.9124,0.9276,0.8919,0.9178,28821766.0
1727582400000,0.918,0.9299,0.8943,0.8968,29240506.0
1727596800000,0.8966,0.9123,0.8852,0.9036,19941372.0
1727611200000,0.9038,0.9044,0.8617,0.8652,26963372.0
1727625600000,0.8652,0.8766,0.8606,0.8753,9193908.0
1727640000000,0.8753,0.8788,0.8609,0.8634,7032056.0
1727654400000,0.8633,0.8665,0.8408,0.846,12005245.0
1727668800000,0.8461,0.8486,0.8335,0.8468,8674775.0
1727683200000,0.8469,0.8568,0.8365,0.8474,10834444.0
1727697600000,0.8474,0.8475,0.8059,0.8063,9676760.0
1727712000000,0.8064,0.8155,0.8032,0.8054,5966377.0
1727726400000,0.8055,0.8105,0.7927,0.8013,5692571.0
1727740800000,0.8014,0.821,0.7947,0.8099,6165381.0
1727755200000,0.8097,0.8118,0.8015,0.8095,3731439.0
1727769600000,0.8095,0.8128,0.7967,0.8023,5167673.0
1727784000000,0.8023,0.805,0.7419,0.758,16250215.0
1727798400000,0.758,0.7623,0.6993,0.7147,19838734.0
1727812800000,0.7146,0.7223,0.7013,0.7083,9113771.0
1727827200000,0.7083,0.729,0.7057,0.725,4400498.0
1727841600000,0.725,0.7347,0.7137,0.7292,4316216.0
1727856000000,0.7291,0.7338,0.7113,0.7235,5926617.0
1727870400000,0.7235,0.7292,0.7099,0.7284,6970445.0
1727884800000,0.7281,0.7387,0.6897,0.7039,10707895.0
1727899200000,0.7039,0.7116,0.6921,0.7008,5292069.0
1727913600000,0.7009,0.7111,0.6947,0.709,3834721.0
1727928000000,0.709,0.7124,0.693,0.6933,3859391.0
1727942400000,0.6935,0.7012,0.6733,0.6898,8392652.0
1727956800000,0.69,0.7071,0.6777,0.6951,9314877.0
1727971200000,0.6952,0.701,0.6781,0.7001,5159072.0
1727985600000,0.6996,0.7031,0.6869,0.7,2923523.0
1728000000000,0.7001,0.7282,0.6986,0.7229,6951875.0
1728014400000,0.7229,0.7423,0.7216,0.7359,9337172.0
1728028800000,0.7359,0.7469,0.7267,0.7362,5217009.0
1728043200000,0.7361,0.7468,0.7266,0.7428,7773941.0
1728057600000,0.7429,0.7487,0.734,0.7412,4286396.0
1728072000000,0.7412,0.7415,0.7328,0.7371,1651075.0
1728086400000,0.7371,0.7418,0.7271,0.7314,2086527.0
1728100800000,0.7313,0.7491,0.7299,0.7401,3233565.0
1728115200000,0.7401,0.7464,0.7387,0.7445,1707730.0
1728129600000,0.7445,0.7526,0.739,0.7506,3861257.0
1728144000000,0.7507,0.7512,0.7325,0.7363,3299360.0
1728158400000,0.7362,0.7483,0.7288,0.7438,2126638.0
1728172800000,0.744,0.7482,0.7372,0.7385,2182991.0
1728187200000,0.7385,0.7484,0.7348,0.7472,1929017.0
1728201600000,0.7472,0.7536,0.7389,0.7453,2885414.0
1728216000000,0.7453,0.7581,0.7437,0.7566,3709802.0
1728230400000,0.7565,0.7613,0.7406,0.7412,3809950.0
1728244800000,0.7411,0.7569,0.7407,0.7559,2771391.0
1728259200000,0.7558,0.7806,0.7539,0.7707,5800463.0
1728273600000,0.7708,0.7777,0.7561,0.7561,2890974.0
1728288000000,0.7561,0.7613,0.7335,0.7509,5893630.0
1728302400000,0.7508,0.7659,0.7418,0.7531,6367599.0
1728316800000,0.7532,0.7594,0.7401,0.7518,3839369.0
1728331200000,0.7518,0.756,0.7394,0.743,3132326.0
1728345600000,0.743,0.7535,0.743,0.7466,2869052.0
1728360000000,0.7466,0.7544,0.7336,0.7379,3729571.0
1728374400000,0.7378,0.7449,0.7323,0.7381,3502491.0
1728388800000,0.7381,0.7437,0.7209,0.7293,4694912.0
1728403200000,0.7293,0.7385,0.7239,0.7346,2393440.0
1728417600000,0.7347,0.7406,0.7307,0.7381,1064908.0
1728432000000,0.738,0.749,0.7353,0.7434,1697675.0
1728446400000,0.7432,0.7481,0.7347,0.7422,1850668.0
1728460800000,0.7421,0.7433,0.7317,0.7373,1485799.0
1728475200000,0.7374,0.7378,0.717,0.7352,3526666.0
1728489600000,0.735,0.7367,0.7196,0.7232,1694103.0
1728504000000,0.7233,0.7233,0.7068,0.7182,1955922.0
1728518400000,0.718,0.7252,0.7112,0.7227,1071112.0
1728532800000,0.7227,0.739,0.7209,0.7292,1914777.0
1728547200000,0.7292,0.7469,0.7217,0.7399,4915612.0
1728561600000,0.74,0.7659,0.7323,0.7659,14279668.0
1728576000000,0.7658,0.7758,0.7485,0.7567,14611729.0
1728590400000,0.7568,0.7774,0.7535,0.7773,6129970.0
1728604800000,0.7773,0.7796,0.7483,0.751,7012428.0
1728619200000,0.7511,0.7556,0.7433,0.7509,3754241.0
1728633600000,0.7509,0.7651,0.7484,0.7623,4133022.0
1728648000000,0.7622,0.7716,0.7532,0.7703,4678867.0
1728662400000,0.7701,0.7774,0.7632,0.7728,4087452.0
1728676800000,0.7727,0.7804,0.7707,0.7781,2620924.0
1728691200000,0.7783,0.7837,0.7472,0.7572,6183660.0
1728705600000,0.7572,0.7649,0.7561,0.7639,2581932.0
1728720000000,0.7638,0.7659,0.7504,0.7583,4064560.0
1728734400000,0.7581,0.7678,0.7527,0.7644,4278833.0
1728748800000,0.7644,0.7705,0.7605,0.7648,3412844.0
1728763200000,0.7648,0.7741,0.7631,0.767,1884113.0
1728777600000,0.7671,0.7742,0.7551,0.7579,2470368.0
1728792000000,0.7579,0.7722,0.7578,0.7678,1823197.0
1728806400000,0.7677,0.7677,0.7511,0.7512,2397575.0
1728820800000,0.7513,0.7578,0.7275,0.7303,5185798.0
1728835200000,0.7304,0.7368,0.7241,0.731,3088225.0
1728849600000,0.7311,0.7411,0.7279,0.738,2220808.0
1728864000000,0.7381,0.7704,0.7324,0.7677,4227478.0
1728878400000,0.7677,0.7748,0.7578,0.7722,3365516.0
1728892800000,0.7721,0.783,0.7654,0.7779,2571442.0
1728907200000,0.778,0.7859,0.7695,0.7851,4598202.0
1728921600000,0.7849,0.7969,0.7757,0.7771,4685953.0
1728936000000,0.7773,0.7921,0.7769,0.7872,1856461.0
1728950400000,0.7873,0.7897,0.771,0.7714,5369642.0
1728964800000,0.7714,0.7781,0.7632,0.7678,2691989.0
1728979200000,0.7679,0.7793,0.7456,0.7504,5429295.0
1728993600000,0.7505,0.7817,0.7292,0.7457,10637314.0
1729008000000,0.7459,0.7637,0.7451,0.7538,3705172.0
1729022400000,0.7536,0.7596,0.7405,0.7591,2165998.0
1729036800000,0.7592,0.7665,0.752,0.7588,3425947.0
1729051200000,0.7587,0.7605,0.7411,0.7438,2947767.0
1729065600000,0.7439,0.755,0.7405,0.7501,2235792.0
1729080000000,0.75,0.7532,0.7343,0.7391,3096434.0
1729094400000,0.7391,0.7402,0.726,0.7289,3549627.0
1729108800000,0.729,0.7367,0.7277,0.728,1332711.0
1729123200000,0.7281,0.7308,0.7175,0.7269,4408122.0
1729137600000,0.7268,0.7275,0.7133,0.7188,4077137.0
1729152000000,0.7188,0.719,0.6979,0.6988,3498949.0
1729166400000,0.6987,0.7056,0.6745,0.685,9186578.0
1729180800000,0.685,0.698,0.6686,0.6855,9497472.0
1729195200000,0.6856,0.6892,0.6814,0.6861,2648644.0
1729209600000,0.6861,0.7019,0.6827,0.6951,3654403.0
1729224000000,0.6952,0.7133,0.6946,0.7113,3964323.0
1729238400000,0.7113,0.7141,0.7002,0.701,2497489.0
1729252800000,0.7008,0.71,0.6965,0.7079,3207058.0
1729267200000,0.7078,0.7161,0.7026,0.7104,2352116.0
1729281600000,0.7104,0.7199,0.7058,0.7195,1552580.0
1729296000000,0.7196,0.7297,0.7177,0.7237,2564431.0
1729310400000,0.7239,0.7335,0.7111,0.7135,4971872.0
1729324800000,0.7135,0.7155,0.6976,0.6982,2366469.0
1729339200000,0.6982,0.7047,0.6976,0.6997,1480072.0
1729353600000,0.6997,0.7,0.6927,0.6949,1873484.0
1729368000000,0.695,0.7085,0.6946,0.7065,1752339.0
1729382400000,0.7065,0.7095,0.6947,0.7015,1411780.0
1729396800000,0.7015,0.7129,0.6991,0.7113,1492697.0
1729411200000,0.7112,0.7145,0.7072,0.7115,1768887.0
1729425600000,0.7116,0.7633,0.7086,0.745,14873798.0
1729440000000,0.745,0.8517,0.7449,0.8117,79984143.0
1729454400000,0.8118,0.8404,0.8021,0.8234,20616552.0
1729468800000,0.8236,0.8392,0.7972,0.8031,20104822.0
1729483200000,0.8031,0.8109,0.7821,0.784,11598410.0
1729497600000,0.784,0.7886,0.7651,0.7806,10603642.0
1729512000000,0.7806,0.7851,0.76,0.7663,16905370.0
1729526400000,0.7663,0.7694,0.7554,0.7654,6260493.0
1729540800000,0.7656,0.7727,0.7627,0.7631,3009051.0
1729555200000,0.7631,0.7761,0.7557,0.7584,7582505.0
1729569600000,0.7583,0.7814,0.7561,0.7713,7293658.0
1729584000000,0.7713,0.7776,0.7579,0.7621,5996669.0
1729598400000,0.7622,0.7654,0.7416,0.7502,9248980.0
1729612800000,0.7503,0.7537,0.7378,0.7477,3874492.0
1729627200000,0.7478,0.7563,0.7467,0.7486,2132018.0
1729641600000,0.7487,0.7512,0.7305,0.7366,3546822.0
1729656000000,0.7365,0.7411,0.7201,0.7221,4389703.0
1729670400000,0.7222,0.7232,0.7056,0.7059,4517965.0
1729684800000,0.7061,0.7167,0.7013,0.7041,5499886.0
1729699200000,0.7043,0.7099,0.6914,0.7066,4614095.0
1729713600000,0.707,0.7132,0.7031,0.7113,2180362.0
1729728000000,0.7111,0.7402,0.7083,0.7321,4851876.0
1729742400000,0.732,0.7375,0.7252,0.7255,2571398.0
1729756800000,0.7252,0.7472,0.7231,0.7339,6685712.0
1729771200000,0.7338,0.7526,0.7326,0.7458,6671810.0
1729785600000,0.7458,0.7491,0.7372,0.7441,3173776.0
1729800000000,0.7442,0.7491,0.738,0.7428,2234243.0
1729814400000,0.7429,0.7532,0.7394,0.7408,3450124.0
1729828800000,0.7407,0.7417,0.7211,0.7297,4669487.0
1729843200000,0.7298,0.7455,0.72,0.7434,2888001.0
1729857600000,0.7432,0.745,0.728,0.7314,3181567.0
1729872000000,0.7315,0.7375,0.712,0.7257,4497224.0
1729886400000,0.7256,0.7291,0.6451,0.6843,11839117.0
1729900800000,0.6843,0.7021,0.674,0.6942,6770515.0
1729915200000,0.6941,0.6993,0.6879,0.6944,2644226.0
1729929600000,0.6945,0.697,0.6874,0.6898,1687766.0
1729944000000,0.6898,0.6922,0.669,0.6726,3514994.0
1729958400000,0.6726,0.6828,0.6687,0.682,1922687.0
1729972800000,0.6819,0.6878,0.6794,0.6832,1505028.0
1729987200000,0.6832,0.6892,0.6794,0.6889,1455699.0
1730001600000,0.6888,0.6935,0.6836,0.688,1709992.0
1730016000000,0.688,0.6912,0.6818,0.6832,1616620.0
1730030400000,0.6831,0.6928,0.6818,0.6902,2687842.0
1730044800000,0.6901,0.7004,0.6869,0.6906,3689156.0
1730059200000,0.6905,0.7115,0.6896,0.703,2161446.0
1730073600000,0.7031,0.7088,0.6896,0.6915,2824463.0
1730088000000,0.6914,0.7101,0.6853,0.7071,3380881.0
1730102400000,0.7071,0.7108,0.6989,0.6992,2770628.0
1730116800000,0.6993,0.7008,0.6801,0.6807,5373945.0
1730131200000,0.6808,0.6934,0.6713,0.6881,3610884.0
1730145600000,0.6896,0.7117,0.6894,0.7014,2031438.0
1730160000000,0.7014,0.7211,0.6996,0.7135,3507800.0
1730174400000,0.7135,0.7148,0.7077,0.7093,2159824.0
1730188800000,0.7094,0.7153,0.7075,0.7088,1955150.0
1730203200000,0.7087,0.7158,0.7053,0.7155,3294206.0
1730217600000,0.7154,0.7335,0.7134,0.719,5087899.0
1730232000000,0.719,0.725,0.7114,0.7247,2203454.0
1730246400000,0.7247,0.733,0.7183,0.7308,6396579.0
1730260800000,0.7309,0.7323,0.7223,0.7234,1834584.0
1730275200000,0.7235,0.7272,0.713,0.7135,2302450.0
1730289600000,0.7136,0.7436,0.71,0.7391,6336236.0
1730304000000,0.739,0.7446,0.7279,0.731,3040683.0
1730318400000,0.7309,0.7411,0.7242,0.7258,2617699.0
1730332800000,0.7258,0.7294,0.7185,0.7251,1997419.0
1730347200000,0.7252,0.7263,0.7116,0.7163,1554687.0
1730361600000,0.7163,0.7164,0.7074,0.7114,1907712.0
1730376000000,0.7112,0.7146,0.6934,0.699,4255816.0
1730390400000,0.6991,0.6993,0.678,0.6787,3096320.0
1730404800000,0.6785,0.6888,0.6774,0.6827,1728725.0
1730419200000,0.6827,0.6867,0.6655,0.6786,3058900.0
1730433600000,0.6785,0.6819,0.6663,0.6701,1420521.0
1730448000000,0.6703,0.6806,0.6691,0.6787,1374073.0
1730462400000,0.6788,0.6973,0.6609,0.6674,3695012.0
1730476800000,0.6674,0.6797,0.6651,0.6696,2531065.0
1730491200000,0.6699,0.6755,0.6587,0.6724,1456536.0
1730505600000,0.6724,0.6866,0.6718,0.675,2187597.0
1730520000000,0.6751,0.6764,0.6686,0.6728,2741182.0
1730534400000,0.6728,0.6739,0.6648,0.6663,2237084.0
1730548800000,0.666,0.6672,0.6501,0.6545,2430536.0
1730563200000,0.6547,0.6606,0.6488,0.6559,1256616.0
1730577600000,0.656,0.6591,0.649,0.6526,1042864.0
1730592000000,0.6528,0.6581,0.6219,0.6313,5185780.0
1730606400000,0.6312,0.6413,0.6304,0.6339,1666015.0
1730620800000,0.6339,0.6348,0.6192,0.6199,2627471.0
1730635200000,0.6199,0.6264,0.5921,0.6009,7642498.0
1730649600000,0.6007,0.6084,0.5867,0.6041,3814283.0
1730664000000,0.6038,0.6163,0.6017,0.6091,2644999.0
1730678400000,0.6093,0.623,0.6024,0.6136,4037865.0
1730692800000,0.6137,0.6167,0.602,0.6075,5071241.0
1730707200000,0.6075,0.6203,0.6037,0.6135,2980136.0
1730721600000,0.6135,0.6207,0.6051,0.6089,2306764.0
1730736000000,0.6089,0.6091,0.597,0.6062,2455300.0
1730750400000,0.6062,0.6069,0.5836,0.5934,4540076.0
1730764800000,0.5933,0.608,0.593,0.608,2743189.0
1730779200000,0.6079,0.6173,0.6074,0.6157,3060229.0
1730793600000,0.6158,0.62,0.6114,0.6142,1703265.0
1730808000000,0.6143,0.6379,0.6106,0.6286,6803336.0
1730822400000,0.6286,0.6415,0.6206,0.6236,2973510.0
1730836800000,0.6237,0.6366,0.6212,0.6315,2117663.0
1730851200000,0.6313,0.69,0.6299,0.6882,8131049.0
1730865600000,0.6884,0.7282,0.6835,0.6893,19854038.0
1730880000000,0.6892,0.7015,0.6736,0.6994,8109689.0
1730894400000,0.6993,0.7018,0.6866,0.6975,5162815.0
1730908800000,0.6973,0.7545,0.6964,0.7146,25005364.0
1730923200000,0.7146,0.7334,0.702,0.7232,7096366.0
1730937600000,0.7231,0.7588,0.7206,0.7312,16618926.0
1730952000000,0.7312,0.7364,0.7046,0.7137,7301101.0
1730966400000,0.7137,0.7185,0.7035,0.7044,3198167.0
1730980800000,0.7045,0.7208,0.6935,0.7207,6717711.0
1730995200000,0.7207,0.7274,0.7148,0.7233,5365042.0
1731009600000,0.7234,0.7424,0.7211,0.7323,7558688.0
1731024000000,0.7324,0.7428,0.7161,0.7232,4098981.0
1731038400000,0.7234,0.7288,0.7079,0.7145,4843368.0
1731052800000,0.7144,0.7211,0.7079,0.7184,2992736.0
1731067200000,0.7184,0.7283,0.7125,0.7231,4381326.0
1731081600000,0.7232,0.726,0.6977,0.7224,4977547.0
1731096000000,0.7223,0.7254,0.7091,0.7251,1977540.0
1731110400000,0.725,0.7281,0.7109,0.7133,3242707.0
1731124800000,0.7135,0.7492,0.7135,0.7437,5271964.0
1731139200000,0.7437,0.7541,0.7384,0.751,3450465.0
1731153600000,0.751,0.7526,0.729,0.7389,4107711.0
1731168000000,0.7388,0.7483,0.7233,0.7395,4270653.0
1731182400000,0.7396,0.7702,0.7384,0.7638,3077755.0
1731196800000,0.7639,0.7701,0.7476,0.7652,5419937.0
1731211200000,0.7651,0.7862,0.7628,0.7851,5510039.0
1731225600000,0.7853,0.8081,0.7848,0.805,4864021.0
1731240000000,0.8049,0.8215,0.7917,0.8137,8827088.0
1731254400000,0.8138,0.8268,0.7874,0.7968,7244054.0
1731268800000,0.797,0.8018,0.7554,0.7929,9168597.0
1731283200000,0.7934,0.8245,0.791,0.8179,4858431.0
1731297600000,0.818,0.8194,0.776,0.7952,7587078.0
1731312000000,0.7951,0.8161,0.7908,0.8148,5785293.0
1731326400000,0.8147,0.8181,0.7842,0.8081,7245659.0
1731340800000,0.8082,0.8296,0.8069,0.8239,6378500.0
1731355200000,0.8238,0.8635,0.8215,0.8604,7827982.0
1731369600000,0.8604,0.8884,0.8261,0.8618,17092364.0
1731384000000,0.8617,0.8635,0.8366,0.8557,5137369.0
1731398400000,0.8559,0.873,0.7686,0.7929,16637547.0
1731412800000,0.7929,0.8025,0.7561,0.7618,11436616.0
1731427200000,0.7623,0.7887,0.7452,0.7826,7108476.0
1731441600000,0.7827,0.8053,0.7696,0.7907,4597360.0
1731456000000,0.7908,0.7975,0.7458,0.7464,6679232.0
1731470400000,0.7465,0.7573,0.7187,0.7415,7906221.0
1731484800000,0.7412,0.7479,0.7293,0.7422,4669806.0
1731499200000,0.7422,0.8064,0.7339,0.8032,11576764.0
1731513600000,0.8032,0.809,0.7456,0.7494,11901787.0
1731528000000,0.7493,0.7634,0.7254,0.762,6759177.0
1731542400000,0.762,0.7662,0.7447,0.7625,8633277.0
1731556800000,0.7624,0.7808,0.752,0.7643,3997365.0
1731571200000,0.7642,0.7708,0.7305,0.7415,5291144.0
1731585600000,0.7414,0.7461,0.7036,0.713,9496325.0
1731600000000,0.7129,0.7353,0.7078,0.7307,4909318.0
1731614400000,0.7304,0.736,0.7035,0.7145,5107364.0
1731628800000,0.7147,0.7226,0.7014,0.7172,4638974.0
1731643200000,0.7172,0.7183,0.6926,0.7083,4691300.0
1731657600000,0.7083,0.7277,0.7007,0.7258,3859369.0
1731672000000,0.7258,0.7364,0.7006,0.7044,5360064.0
1731686400000,0.7045,0.7335,0.6988,0.7305,3537547.0
1731700800000,0.7303,0.7581,0.7303,0.7559,3008153.0
1731715200000,0.756,0.7644,0.7497,0.7633,5585141.0
1731729600000,0.7632,0.7659,0.7569,0.7621,1879978.0
1731744000000,0.7622,0.786,0.7593,0.7858,2712893.0
1731758400000,0.786,0.7931,0.75,0.7604,8739452.0
1731772800000,0.7604,0.791,0.7566,0.7899,4564475.0
1731787200000,0.7899,0.8123,0.7876,0.801,5158942.0
1731801600000,0.801,0.8099,0.7567,0.7757,6664353.0
1731816000000,0.7758,0.7959,0.7678,0.7877,3236770.0
1731830400000,0.7877,0.791,0.7666,0.767,3102640.0
1731844800000,0.767,0.7822,0.7617,0.7652,3193115.0
1731859200000,0.7654,0.7689,0.7405,0.7477,3922172.0
1731873600000,0.7479,0.7499,0.7284,0.74,3960089.0
1731888000000,0.7401,0.7707,0.7365,0.7698,3573472.0
1731902400000,0.7694,0.7937,0.7663,0.792,3792797.0
1731916800000,0.7924,0.7932,0.7608,0.765,4218946.0
1731931200000,0.7654,0.7934,0.7544,0.7906,5236008.0
1731945600000,0.7908,0.8172,0.78,0.7975,7959857.0
1731960000000,0.7974,0.82,0.7932,0.8163,4949173.0
1731974400000,0.8163,0.8368,0.8046,0.8069,8513706.0
1731988800000,0.807,0.8077,0.7889,0.7974,4792515.0
1732003200000,0.7975,0.8027,0.784,0.7976,3663221.0
1732017600000,0.7978,0.8125,0.7828,0.7917,5279793.0
1732032000000,0.7918,0.7995,0.784,0.7896,3502479.0
1732046400000,0.7894,0.7911,0.7597,0.7816,4745599.0
1732060800000,0.7815,0.782,0.7476,0.7598,4179588.0
1732075200000,0.7597,0.775,0.7527,0.7663,2230502.0
1732089600000,0.7664,0.7796,0.7608,0.7669,2578054.0
1732104000000,0.7668,0.7893,0.7542,0.7731,4709431.0
1732118400000,0.7731,0.7735,0.7212,0.7299,7457588.0
1732132800000,0.7299,0.7461,0.7203,0.7336,3252813.0
1732147200000,0.7337,0.7443,0.7095,0.7224,4657292.0
1732161600000,0.7223,0.7486,0.7196,0.7443,3328197.0
1732176000000,0.7442,0.7455,0.7242,0.7381,3140729.0
1732190400000,0.7379,0.8031,0.7377,0.7725,14051172.0
1732204800000,0.7725,0.8009,0.7682,0.7798,13258581.0
1732219200000,0.7799,0.7915,0.7714,0.7888,2928682.0
1732233600000,0.789,0.7969,0.7729,0.7946,8882507.0
1732248000000,0.795,0.8077,0.7819,0.7835,3702025.0
1732262400000,0.7835,0.7975,0.7808,0.7923,2546382.0
1732276800000,0.7925,0.802,0.7626,0.794,7426639.0
1732291200000,0.7939,0.7944,0.7694,0.7773,5220744.0
1732305600000,0.7773,0.8646,0.774,0.8636,6666036.0
1732320000000,0.8636,0.9712,0.8365,0.9277,34252044.0
1732334400000,0.9277,0.9567,0.893,0.9474,13013656.0
1732348800000,0.9473,0.9579,0.9244,0.9415,10279374.0
1732363200000,0.9414,1.0489,0.9405,1.0391,35185013.0
1732377600000,1.039,1.2866,0.9762,1.1678,110515251.0
1732392000000,1.1681,1.1748,1.0585,1.0636,41849444.0
1732406400000,1.0632,1.1353,1.0539,1.108,28635502.0
1732420800000,1.108,1.1323,1.0827,1.096,17730567.0
1732435200000,1.0956,1.1046,1.0358,1.0384,18405103.0
1732449600000,1.0382,1.055,0.9957,1.0024,26807640.0
1732464000000,1.0024,1.0707,0.9969,1.0624,13714110.0
1732478400000,1.0623,1.15,1.058,1.1338,12823158.0
1732492800000,1.1343,1.157,1.0695,1.1353,19043506.0
1732507200000,1.1352,1.1554,1.1067,1.1433,12177816.0
1732521600000,1.1431,1.19,1.1333,1.1568,13242484.0
1732536000000,1.1568,1.157,1.0777,1.1326,17735374.0
1732550400000,1.1326,1.1382,1.0667,1.0897,7879059.0
1732564800000,1.0898,1.1077,1.0511,1.0798,8790927.0
1732579200000,1.0796,1.1189,1.0721,1.0917,7302546.0
1732593600000,1.0916,1.1059,1.0569,1.0659,5030916.0
1732608000000,1.0658,1.0668,1.0012,1.029,10960455.0
1732622400000,1.0288,1.043,1.0033,1.0071,8695228.0
1732636800000,1.0075,1.0355,0.9731,1.0012,10398457.0
1732651200000,1.0012,1.04,0.9992,1.038,6785749.0
1732665600000,1.038,1.0725,1.0121,1.0462,7285337.0
1732680000000,1.0463,1.0956,1.0442,1.0794,5554168.0
1732694400000,1.0796,1.108,1.0731,1.097,5055136.0
1732708800000,1.0969,1.214,1.0826,1.1964,20050651.0
1732723200000,1.1964,1.1999,1.144,1.1584,10059725.0
1732737600000,1.1587,1.2396,1.1582,1.2099,9295552.0
1732752000000,1.2099,1.2104,1.1558,1.1599,9922697.0
1732766400000,1.1603,1.1882,1.156,1.1678,4298309.0
1732780800000,1.1679,1.221,1.157,1.1739,7845079.0
1732795200000,1.1741,1.1864,1.1406,1.1441,7248741.0
1732809600000,1.1446,1.1645,1.1399,1.1635,4289107.0
1732824000000,1.1636,1.1747,1.1444,1.1455,3741393.0
1732838400000,1.1456,1.1534,1.1296,1.1386,3702645.0
1732852800000,1.1386,1.1426,1.1243,1.1256,2538527.0
1732867200000,1.1258,1.1683,1.1255,1.1681,2597445.0
1732881600000,1.1683,1.2084,1.1498,1.1914,5552100.0
1732896000000,1.1914,1.204,1.1664,1.181,3833436.0
1732910400000,1.181,1.2101,1.1762,1.1914,3285468.0
1732924800000,1.1913,1.2443,1.1745,1.2329,11001643.0
1732939200000,1.233,1.2462,1.2112,1.2364,3976404.0
1732953600000,1.2364,1.2469,1.198,1.2198,5278221.0
1732968000000,1.22,1.3144,1.2198,1.2838,11452913.0
1732982400000,1.2835,1.3196,1.2661,1.3174,4678866.0
1732996800000,1.3174,1.3919,1.3044,1.3371,9885755.0
1733011200000,1.3372,1.3422,1.2767,1.2948,7058204.0
1733025600000,1.295,1.3078,1.2703,1.3018,4086803.0
1733040000000,1.3017,1.3137,1.282,1.2998,3248429.0
1733054400000,1.2996,1.3504,1.2924,1.3425,4451045.0
1733068800000,1.3423,1.3581,1.2972,1.3048,4507386.0
1733083200000,1.3045,1.3274,1.287,1.3207,4895057.0
1733097600000,1.3208,1.3693,1.2997,1.3041,7195104.0
1733112000000,1.3041,1.3513,1.284,1.3287,6990622.0
1733126400000,1.3286,1.3321,1.2171,1.277,12207597.0
1733140800000,1.277,1.4541,1.2687,1.4438,24190925.0
1733155200000,1.4438,1.4548,1.357,1.3934,10274949.0
1733169600000,1.3936,1.4288,1.3774,1.4273,8282150.0
1733184000000,1.4274,1.4424,1.3864,1.4181,6985830.0
1733198400000,1.4183,1.4475,1.3753,1.3938,7584577.0
1733212800000,1.3934,1.4319,1.3773,1.409,6799126.0
1733227200000,1.4088,1.4263,1.3005,1.3948,16355703.0
1733241600000,1.3947,1.4355,1.3573,1.4239,9241413.0
1733256000000,1.4235,1.4756,1.4232,1.459,6511936.0
1733270400000,1.4592,1.4783,1.4086,1.4536,8001145.0
1733284800000,1.4538,1.4699,1.4172,1.4561,5048130.0
1733299200000,1.4563,1.5444,1.4428,1.5089,14091688.0
1733313600000,1.5082,1.5869,1.4795,1.5424,11751790.0
1733328000000,1.5425,1.5481,1.448,1.5437,11371685.0
1733342400000,1.5441,1.5493,1.4774,1.5084,6650706.0
1733356800000,1.5084,1.5188,1.3973,1.4438,10335288.0
1733371200000,1.4439,1.5014,1.436,1.472,4926929.0
1733385600000,1.472,1.4995,1.4547,1.4969,5459384.0
1733400000000,1.4966,1.5119,1.4442,1.4678,5734194.0
1733414400000,1.4678,1.5314,1.4549,1.4685,6301099.0
1733428800000,1.4686,1.4992,1.4117,1.4409,7365485.0
1733443200000,1.441,1.5501,1.4322,1.5425,7464862.0
1733457600000,1.5424,1.6478,1.5274,1.5477,13105406.0
1733472000000,1.5477,1.5762,1.4961,1.5226,8084912.0
1733486400000,1.522,1.643,1.4745,1.5847,16594044.0
1733500800000,1.5844,1.7512,1.5843,1.6996,56380131.0
1733515200000,1.6995,1.7722,1.6779,1.7109,14276420.0
1733529600000,1.7106,1.8353,1.6715,1.8053,16360138.0
1733544000000,1.8049,2.044,1.7804,1.9313,59690396.0
1733558400000,1.9313,1.9564,1.8119,1.8795,34931099.0
1733572800000,1.8793,1.9308,1.8133,1.8183,25183451.0
1733587200000,1.8182,1.9443,1.8171,1.8875,20657479.0
1733601600000,1.8866,1.9421,1.8416,1.9395,13261003.0
1733616000000,1.9393,2.0094,1.9154,1.9767,28696402.0
1733630400000,1.9766,2.116,1.9146,2.0443,38067760.0
1733644800000,2.0451,2.1466,1.9837,2.0905,44879891.0
1733659200000,2.0903,2.7085,2.0752,2.5157,186347660.0
1733673600000,2.5159,2.5672,2.3825,2.4561,72028729.0
1733688000000,2.4561,2.6732,2.405,2.6669,65273364.0
1733702400000,2.6672,2.8188,2.4795,2.5193,102580798.0
1733716800000,2.5193,2.605,2.4577,2.5549,56455915.0
1733731200000,2.5549,2.5599,2.3704,2.4361,55548494.0
1733745600000,2.4361,2.4656,2.2685,2.2809,54338727.0
1733760000000,2.2809,2.3419,2.249,2.2586,26085208.0
1733774400000,2.2584,2.2782,1.7667,2.0585,73261623.0
1733788800000,2.0585,2.1857,1.9822,2.0619,33673411.0
1733803200000,2.062,2.3216,1.9909,2.199,30892751.0
1733817600000,2.1992,2.2511,2.1211,2.204,24049641.0
1733832000000,2.2038,2.2128,1.9519,1.9556,37321698.0
1733846400000,1.9562,1.9953,1.8094,1.8984,42361158.0
1733860800000,1.8984,2.059,1.8836,1.9998,23935297.0
1733875200000,1.9998,2.0616,1.9463,1.9954,24813870.0
1733889600000,1.9955,2.0666,1.9404,1.9454,16794176.0
1733904000000,1.9451,2.0266,1.9257,2.0041,19147910.0
1733918400000,2.004,2.2224,1.9649,2.1874,42077428.0
1733932800000,2.1871,2.1968,2.1029,2.1287,19026194.0
1733947200000,2.1288,2.3167,2.1228,2.3068,19841641.0
1733961600000,2.3068,2.6232,2.2156,2.5894,38747699.0
1733976000000,2.5888,2.6777,2.4122,2.432,35048422.0
1733990400000,2.4319,2.48,2.2625,2.3022,27720012.0
1734004800000,2.302,2.3988,2.2738,2.3073,32758439.0
1734019200000,2.307,2.33,2.177,2.195,16650396.0
1734033600000,2.1952,2.2499,2.1848,2.2165,10800009.0
1734048000000,2.2166,2.2764,2.1506,2.2488,16524797.0
1734062400000,2.2487,2.2655,2.1513,2.1858,13645802.0
1734076800000,2.186,2.2239,2.1349,2.2073,13554621.0
1734091200000,2.2073,2.217,2.1361,2.1388,13952695.0
1734105600000,2.1392,2.2036,2.1357,2.1696,10823701.0
1734120000000,2.1698,2.2164,2.1491,2.1965,7118178.0
1734134400000,2.196,2.2973,2.1628,2.1967,15723867.0
1734148800000,2.1969,2.2605,2.174,2.2084,8750061.0
1734163200000,2.2083,2.2802,2.207,2.218,11545178.0
1734177600000,2.2178,2.234,2.0945,2.1651,17957894.0
1734192000000,2.1651,2.1682,2.0743,2.0956,12553732.0
1734206400000,2.0956,2.1157,2.0578,2.0885,7278128.0
1734220800000,2.0883,2.1539,2.0568,2.082,9831202.0
1734235200000,2.0821,2.1621,2.0626,2.0749,8693195.0
1734249600000,2.075,2.1707,2.0742,2.1281,9654967.0
1734264000000,2.1279,2.2578,2.0916,2.2491,13029303.0
1734278400000,2.2491,2.2933,2.1544,2.2304,11070976.0
1734292800000,2.2304,2.2819,2.1632,2.2554,15335843.0
1734307200000,2.2562,2.314,2.1309,2.1503,17730359.0
1734321600000,2.1503,2.1695,2.1031,2.1443,8820575.0
1734336000000,2.1443,2.1473,2.0229,2.0412,9856540.0
1734350400000,2.0416,2.0727,2.0072,2.0659,13607164.0
1734364800000,2.0659,2.1258,2.0478,2.0783,11198251.0
1734379200000,2.0783,2.1071,2.0271,2.0347,7783239.0
1734393600000,2.0348,2.0426,1.9382,2.0092,12282250.0
1734408000000,2.0094,2.0243,1.9588,1.9987,8828780.0
1734422400000,1.9988,2.03,1.9739,2.006,7847090.0
1734436800000,2.0059,2.0216,1.9115,1.9289,10778543.0
1734451200000,1.9289,1.9932,1.9144,1.968,6463096.0
1734465600000,1.968,1.996,1.9203,1.9506,7947562.0
1734480000000,1.9506,1.9745,1.9065,1.9111,7912539.0
1734494400000,1.911,1.9334,1.8651,1.9027,7723645.0
1734508800000,1.9027,1.9386,1.8856,1.92,5173985.0
1734523200000,1.9199,1.9234,1.8424,1.8746,9336793.0
1734537600000,1.8747,1.928,1.8305,1.8307,8812059.0
1734552000000,1.8306,1.8489,1.6251,1.7062,30526146.0
1734566400000,1.7063,1.7448,1.6002,1.699,17891377.0
1734580800000,1.6989,1.7127,1.6741,1.6838,6030055.0
1734595200000,1.6838,1.7313,1.6513,1.7108,7831668.0
1734609600000,1.7107,1.7162,1.5926,1.6327,11429026.0
1734624000000,1.6325,1.6683,1.4729,1.5207,29563170.0
1734638400000,1.5208,1.5631,1.473,1.4917,14563942.0
1734652800000,1.4916,1.5581,1.4628,1.5297,9943262.0
1734667200000,1.5297,1.5454,1.4445,1.4913,8544046.0
1734681600000,1.4911,1.4931,1.264,1.2672,28732217.0
1734696000000,1.2675,1.4492,1.2647,1.4386,21183823.0
1734710400000,1.4386,1.553,1.4233,1.5411,10798218.0
1734724800000,1.5412,1.6019,1.49,1.5778,8473214.0
1734739200000,1.5777,1.6174,1.5448,1.5724,7684092.0
1734753600000,1.5723,1.7196,1.5701,1.6412,12326885.0
1734768000000,1.6412,1.6536,1.5676,1.5943,11035588.0
1734782400000,1.5942,1.5943,1.4557,1.5,15767505.0
1734796800000,1.5002,1.5021,1.4249,1.4494,10353860.0
1734811200000,1.4494,1.466,1.4174,1.4422,6579547.0
1734825600000,1.4423,1.4674,1.4178,1.4496,6318565.0
1734840000000,1.4495,1.4543,1.3952,1.4217,5911661.0
1734854400000,1.4216,1.4957,1.4208,1.4693,7735781.0
1734868800000,1.4692,1.4941,1.4158,1.4409,8332021.0
1734883200000,1.4408,1.4849,1.3962,1.4046,8983502.0
1734897600000,1.4043,1.4657,1.384,1.4407,8386580.0
1734912000000,1.4408,1.5003,1.3952,1.4906,9451807.0
1734926400000,1.4905,1.503,1.4175,1.4498,6271611.0
1734940800000,1.4498,1.4906,1.4427,1.4474,5319119.0
1734955200000,1.4474,1.4628,1.4045,1.4144,7139304.0
1734969600000,1.4145,1.4707,1.4094,1.4572,6396856.0
1734984000000,1.4571,1.5915,1.4565,1.5436,10878861.0
1734998400000,1.5437,1.5537,1.48,1.509,5440712.0
1735012800000,1.5089,1.5334,1.4926,1.5036,4513284.0
1735027200000,1.5037,1.5171,1.4838,1.5146,4063529.0
1735041600000,1.5145,1.6412,1.4949,1.6256,9467955.0
1735056000000,1.6257,1.7344,1.6254,1.6885,15714693.0
1735070400000,1.6887,1.697,1.648,1.6523,6764672.0
1735084800000,1.6523,1.6579,1.5962,1.6123,5447361.0
1735099200000,1.6124,1.6317,1.6013,1.6063,5098678.0
1735113600000,1.6063,1.6851,1.597,1.6138,9301402.0
1735128000000,1.6143,1.6417,1.5841,1.5934,6287867.0
1735142400000,1.5934,1.614,1.5612,1.6074,5736395.0
1735156800000,1.6075,1.6116,1.5638,1.5877,3742216.0
1735171200000,1.5878,1.6122,1.5207,1.5274,5966722.0
1735185600000,1.5274,1.5274,1.472,1.4805,6317963.0
1735200000000,1.4807,1.4865,1.4312,1.4692,7681974.0
1735214400000,1.469,1.4735,1.4385,1.4514,6525064.0
1735228800000,1.4513,1.4666,1.4152,1.4346,5199718.0
1735243200000,1.4345,1.4456,1.4113,1.4276,3553647.0
1735257600000,1.4278,1.4917,1.4201,1.4644,7564981.0
1735272000000,1.4644,1.4762,1.418,1.4354,5953062.0
1735286400000,1.4355,1.5136,1.4355,1.4978,7487083.0
1735300800000,1.4977,1.5052,1.4157,1.424,6846685.0
1735315200000,1.4242,1.4545,1.4089,1.4328,4489064.0
1735329600000,1.4329,1.4367,1.3982,1.4154,2947483.0
1735344000000,1.4154,1.4169,1.3914,1.4124,3007377.0
1735358400000,1.4124,1.4165,1.3913,1.3962,2853991.0
1735372800000,1.3964,1.4282,1.3956,1.4183,2827095.0
1735387200000,1.4182,1.5,1.4026,1.4538,8491798.0
1735401600000,1.4539,1.5064,1.4444,1.4726,3625884.0
1735416000000,1.4727,1.5237,1.4683,1.4916,3709901.0
1735430400000,1.4914,1.4997,1.4626,1.4904,12358079.0
1735444800000,1.4904,1.4949,1.4514,1.4766,2827093.0
1735459200000,1.4766,1.4794,1.441,1.4422,5218386.0
1735473600000,1.4421,1.4585,1.4169,1.4228,5529556.0
1735488000000,1.423,1.424,1.4022,1.408,2484065.0
1735502400000,1.4082,1.414,1.3789,1.3953,3700112.0
1735516800000,1.3955,1.4656,1.3872,1.4326,6487223.0
1735531200000,1.4327,1.4711,1.4236,1.4368,4573526.0
1735545600000,1.4368,1.4513,1.3929,1.4098,4549680.0
1735560000000,1.4098,1.425,1.3277,1.34,11072809.0
1735574400000,1.34,1.4039,1.324,1.3888,7471470.0
1735588800000,1.3892,1.4208,1.345,1.3663,5885226.0
1735603200000,1.3662,1.3677,1.3261,1.3296,3366699.0
1735617600000,1.3295,1.3425,1.3166,1.3412,3434676.0
1735632000000,1.3412,1.3901,1.3403,1.3791,5085162.0
1735646400000,1.3791,1.4398,1.379,1.4093,7534608.0
1735660800000,1.4094,1.4161,1.359,1.3763,5379759.0
1735675200000,1.3761,1.383,1.349,1.3579,3659727.0
1735689600000,1.3579,1.3795,1.35,1.3536,20182053.0
1735704000000,1.3535,1.3544,1.3412,1.3486,2198834.0
1735718400000,1.3487,1.3647,1.323,1.356,3383682.0
1735732800000,1.3559,1.3945,1.3549,1.3922,4452071.0
1735747200000,1.3923,1.4218,1.36,1.4076,5645286.0
1735761600000,1.4076,1.4251,1.4034,1.4131,3921376.0
1735776000000,1.4131,1.4478,1.4099,1.4311,4882469.0
1735790400000,1.4312,1.4641,1.43,1.4564,4157735.0
1735804800000,1.4562,1.4899,1.4474,1.4656,4898059.0
1735819200000,1.4657,1.5136,1.4505,1.467,7740214.0
1735833600000,1.4672,1.4878,1.4541,1.4677,4155732.0
1735848000000,1.4679,1.4835,1.4334,1.4634,4079129.0
1735862400000,1.4635,1.4676,1.4317,1.4619,3898950.0
1735876800000,1.4619,1.4649,1.417,1.4231,4344986.0
1735891200000,1.4233,1.505,1.4172,1.5022,4610363.0
1735905600000,1.5024,1.5975,1.4941,1.5911,10453520.0
1735920000000,1.5911,1.7478,1.5906,1.725,24985093.0
1735934400000,1.7248,1.8142,1.7122,1.7888,34956089.0
1735948800000,1.7881,1.8035,1.7258,1.7607,16351599.0
1735963200000,1.7608,1.765,1.732,1.7526,8551073.0
1735977600000,1.7527,1.7705,1.7181,1.7548,14267760.0
1735992000000,1.7549,1.8269,1.7439,1.7709,22114704.0
1736006400000,1.7709,1.8998,1.7694,1.8446,49336043.0
1736020800000,1.8449,1.8765,1.8371,1.8478,9389992.0
1736035200000,1.848,1.853,1.8168,1.8368,8335462.0
1736049600000,1.8368,1.8437,1.7765,1.7802,8410473.0
1736064000000,1.7803,1.8262,1.7624,1.7901,9402274.0
1736078400000,1.7903,1.7953,1.7454,1.7585,7821026.0
1736092800000,1.7585,1.7737,1.746,1.767,5943407.0
1736107200000,1.767,1.7973,1.7631,1.7905,5048648.0
1736121600000,1.7905,1.9261,1.7816,1.8796,17477144.0
1736136000000,1.8799,1.912,1.8067,1.8117,11405666.0
1736150400000,1.8116,1.8379,1.8,1.8181,5881698.0
1736164800000,1.818,1.8497,1.7704,1.8269,10856843.0
1736179200000,1.8271,1.8557,1.7665,1.7917,8177177.0
1736193600000,1.7916,1.8048,1.7759,1.7952,3279063.0
1736208000000,1.7952,1.8064,1.7577,1.7883,4510642.0
1736222400000,1.7882,1.8241,1.7683,1.8198,4646273.0
1736236800000,1.8196,1.8457,1.7547,1.7774,5942305.0
1736251200000,1.7775,1.7929,1.6126,1.6416,20709190.0
1736265600000,1.6415,1.6738,1.5866,1.5902,10618714.0
1736280000000,1.5903,1.6057,1.5611,1.563,6080813.0
1736294400000,1.563,1.5901,1.5306,1.543,7215685.0
1736308800000,1.5427,1.5489,1.4916,1.5278,8231258.0
1736323200000,1.5278,1.5911,1.527,1.5442,9443965.0
1736337600000,1.5443,1.568,1.508,1.5263,7181482.0
1736352000000,1.5264,1.5293,1.406,1.4758,12721597.0
1736366400000,1.4757,1.5198,1.4562,1.5096,4374289.0
1736380800000,1.5096,1.5408,1.4954,1.5069,5693108.0
1736395200000,1.5068,1.5162,1.4599,1.4691,4686632.0
1736409600000,1.4691,1.5158,1.4631,1.493,5710669.0
1736424000000,1.4931,1.5233,1.4258,1.5078,8961320.0
1736438400000,1.5078,1.5179,1.4248,1.4298,6889612.0
1736452800000,1.4299,1.4578,1.4026,1.4469,6259673.0
1736467200000,1.4471,1.4718,1.438,1.4599,4203345.0
1736481600000,1.4599,1.5334,1.4519,1.5164,6000956.0
1736496000000,1.5164,1.5269,1.4869,1.4997,4802539.0
1736510400000,1.4997,1.514,1.4316,1.4635,12575841.0
1736524800000,1.4635,1.521,1.4355,1.4997,6539052.0
1736539200000,1.4995,1.5054,1.4753,1.4887,2808104.0
1736553600000,1.4887,1.503,1.4489,1.4555,5515292.0
1736568000000,1.4556,1.4717,1.4414,1.4514,2562477.0
1736582400000,1.4515,1.4864,1.4355,1.4768,3047256.0
1736596800000,1.4769,1.4809,1.4461,1.4529,3014218.0
1736611200000,1.4529,1.4672,1.4328,1.4493,3528200.0
1736625600000,1.4493,1.5195,1.4402,1.4696,5054252.0
1736640000000,1.4696,1.4741,1.4497,1.4677,3340066.0
1736654400000,1.4678,1.4851,1.4614,1.4738,4095643.0
1736668800000,1.4738,1.4777,1.4421,1.4688,3305955.0
1736683200000,1.469,1.4769,1.4441,1.464,4400348.0
1736697600000,1.464,1.4802,1.4482,1.4528,4123943.0
1736712000000,1.4527,1.4635,1.4105,1.4402,3897829.0
1736726400000,1.4404,1.4863,1.3764,1.38,8073037.0
1736740800000,1.38,1.4156,1.3378,1.3614,7201025.0
1736755200000,1.3614,1.3669,1.2779,1.2807,10394228.0
1736769600000,1.2806,1.3643,1.2683,1.3415,15800162.0
1736784000000,1.3414,1.3474,1.285,1.3082,7902870.0
1736798400000,1.3079,1.4032,1.2957,1.3932,8054503.0
1736812800000,1.3935,1.4299,1.3831,1.4056,5941690.0
1736827200000,1.4057,1.4455,1.3972,1.398,4829135.0
1736841600000,1.398,1.4547,1.3979,1.4163,5177709.0
1736856000000,1.4163,1.4579,1.4014,1.433,6241624.0
1736870400000,1.4331,1.4512,1.4168,1.4406,4340437.0
1736884800000,1.4403,1.4621,1.4271,1.453,3476862.0
1736899200000,1.4531,1.4702,1.4364,1.4561,4718337.0
1736913600000,1.4561,1.4821,1.4321,1.4673,4303184.0
1736928000000,1.4671,1.4899,1.4288,1.4524,6278822.0
1736942400000,1.4525,1.6812,1.4318,1.6235,25276530.0
1736956800000,1.6237,1.6595,1.6002,1.6464,10521965.0
1736971200000,1.6464,1.6812,1.6266,1.6683,5920340.0
1736985600000,1.6684,1.6805,1.6235,1.6457,6697737.0
1737000000000,1.6458,1.6492,1.6196,1.6248,3507571.0
1737014400000,1.6248,1.6332,1.5811,1.6158,7458323.0
1737028800000,1.6156,1.6572,1.567,1.6212,13263928.0
1737043200000,1.6209,1.6462,1.6035,1.6349,4642232.0
1737057600000,1.635,1.6425,1.578,1.596,3510027.0
1737072000000,1.596,1.6649,1.5947,1.6352,4562359.0
1737086400000,1.6353,1.7371,1.6313,1.7165,8629274.0
1737100800000,1.7165,1.7533,1.6836,1.6987,7122258.0
1737115200000,1.6989,1.7145,1.6648,1.6876,6414653.0
1737129600000,1.6876,1.7033,1.6659,1.6908,4469642.0
1737144000000,1.6909,1.7397,1.6909,1.7142,5270810.0
1737158400000,1.7142,1.7484,1.6131,1.6175,8287929.0
1737172800000,1.6173,1.6302,1.5472,1.5552,9855711.0
1737187200000,1.5554,1.572,1.5179,1.5531,7470727.0
1737201600000,1.5536,1.5696,1.5194,1.5277,5743815.0
1737216000000,1.5279,1.5355,1.4803,1.5122,7289207.0
1737230400000,1.5123,1.5285,1.4826,1.521,3739353.0
1737244800000,1.5209,1.5889,1.5093,1.539,5477782.0
1737259200000,1.539,1.5405,1.4602,1.4805,6279054.0
1737273600000,1.4807,1.4807,1.3596,1.3741,13956206.0
1737288000000,1.3742,1.5324,1.3703,1.4991,14172863.0
1737302400000,1.4992,1.5411,1.4912,1.5193,5312981.0
1737316800000,1.5194,1.5292,1.3184,1.3518,24803020.0
1737331200000,1.3521,1.3755,1.2831,1.3506,21345208.0
1737345600000,1.3508,1.5335,1.3304,1.4884,18626660.0
1737360000000,1.4885,1.5308,1.4367,1.4684,7860461.0
1737374400000,1.4683,1.4705,1.3899,1.4143,12237020.0
1737388800000,1.4147,1.4448,1.3346,1.4112,18593942.0
1737403200000,1.4111,1.4142,1.353,1.3723,4727330.0
1737417600000,1.3722,1.3776,1.3092,1.3275,6589846.0
1737432000000,1.328,1.3539,1.2936,1.3435,4888285.0
1737446400000,1.3436,1.3939,1.3229,1.3878,6491169.0
1737460800000,1.388,1.4167,1.3679,1.3861,6058088.0
1737475200000,1.386,1.4648,1.3809,1.4259,5749363.0
1737489600000,1.4259,1.4287,1.3849,1.4087,4060383.0
1737504000000,1.4086,1.4198,1.3709,1.389,4675123.0
1737518400000,1.3889,1.3946,1.3689,1.3701,2391406.0
1737532800000,1.3702,1.3927,1.3488,1.3898,3102730.0
1737547200000,1.3899,1.3943,1.3453,1.3607,3903464.0
1737561600000,1.3607,1.3856,1.3456,1.3602,3301420.0
1737576000000,1.3603,1.3715,1.3323,1.3444,2923768.0
1737590400000,1.3444,1.3494,1.3036,1.3171,3517826.0
1737604800000,1.3173,1.3262,1.2982,1.3255,2963067.0
1737619200000,1.3251,1.3282,1.2909,1.2993,3037088.0
1737633600000,1.2993,1.362,1.2915,1.3391,6488074.0
1737648000000,1.3392,1.3743,1.2967,1.3031,4792823.0
1737662400000,1.3031,1.357,1.2883,1.346,6299160.0
1737676800000,1.3462,1.3523,1.2848,1.3068,2948742.0
1737691200000,1.3067,1.374,1.294,1.3493,3812663.0
1737705600000,1.3493,1.3756,1.3426,1.3733,3171524.0
1737720000000,1.3729,1.401,1.345,1.3617,4883040.0
1737734400000,1.3618,1.3661,1.3319,1.3382,2760235.0
1737748800000,1.3382,1.3424,1.2983,1.3141,10513899.0
1737763200000,1.3141,1.3465,1.2905,1.3409,3066373.0
1737777600000,1.3409,1.3418,1.3069,1.3092,1721290.0
1737792000000,1.3092,1.3306,1.299,1.3268,1777484.0
1737806400000,1.3267,1.3441,1.3134,1.3359,2100712.0
1737820800000,1.3364,1.344,1.3202,1.336,1835405.0
1737835200000,1.3362,1.3449,1.3149,1.3175,1438361.0
1737849600000,1.3176,1.3319,1.3084,1.3256,2301459.0
1737864000000,1.3256,1.3486,1.3193,1.3302,1706249.0
1737878400000,1.3303,1.3428,1.3094,1.3412,2026979.0
1737892800000,1.3413,1.357,1.3334,1.3484,2785999.0
1737907200000,1.3485,1.3577,1.3362,1.3516,1700577.0
1737921600000,1.3518,1.3541,1.269,1.2707,4571015.0
1737936000000,1.2707,1.2744,1.1918,1.2016,9552810.0
1737950400000,1.2015,1.2015,1.1,1.1337,11062481.0
1737964800000,1.1339,1.1558,1.1068,1.1343,9437251.0
1737979200000,1.1343,1.2152,1.1326,1.2009,7063304.0
1737993600000,1.2011,1.2211,1.1684,1.1838,5672585.0
1738008000000,1.1834,1.2558,1.1821,1.2419,3651705.0
1738022400000,1.2422,1.2566,1.2112,1.2346,2462221.0
1738036800000,1.2347,1.2532,1.2265,1.233,2319621.0
1738051200000,1.2331,1.2448,1.2215,1.2336,2549147.0
1738065600000,1.234,1.239,1.2094,1.2189,3218408.0
1738080000000,1.2191,1.2201,1.188,1.1989,3276569.0
1738094400000,1.199,1.2049,1.1382,1.1515,4729110.0
1738108800000,1.1513,1.1921,1.1409,1.1903,2391318.0
1738123200000,1.1902,1.2335,1.1855,1.2153,2828292.0
1738137600000,1.2155,1.2254,1.1837,1.2101,2488577.0
1738152000000,1.2103,1.2182,1.1684,1.1874,3245064.0
1738166400000,1.1878,1.2304,1.1507,1.214,5860327.0
1738180800000,1.2137,1.2565,1.1964,1.2017,5105163.0
1738195200000,1.2019,1.244,1.1831,1.2415,2348748.0
1738209600000,1.241,1.2865,1.2269,1.239,5139212.0
1738224000000,1.2389,1.2658,1.2273,1.2558,2609036.0
1738238400000,1.2557,1.304,1.2351,1.3011,4452853.0
1738252800000,1.3011,1.3464,1.2746,1.2915,7547947.0
1738267200000,1.2919,1.2962,1.2671,1.2688,2048116.0
1738281600000,1.2689,1.291,1.2284,1.2386,4621778.0
1738296000000,1.2386,1.2729,1.221,1.2511,2975382.0
1738310400000,1.2512,1.3027,1.2368,1.3017,3032130.0
1738324800000,1.3012,1.3498,1.2969,1.3481,5344763.0
1738339200000,1.3483,1.3612,1.2818,1.2915,4884517.0
1738353600000,1.2913,1.2928,1.2574,1.2765,3268376.0
1738368000000,1.2762,1.2938,1.26,1.2681,2649124.0
1738382400000,1.2684,1.2848,1.2592,1.262,1765054.0
1738396800000,1.2619,1.2663,1.2227,1.2379,2956118.0
1738411200000,1.2379,1.2514,1.2101,1.2244,3318081.0
1738425600000,1.2244,1.2336,1.1676,1.1729,3898123.0
1738440000000,1.1728,1.1748,1.1136,1.1227,4801994.0
1738454400000,1.1228,1.1592,1.0946,1.1014,4268822.0
1738468800000,1.1019,1.1413,1.0986,1.1223,2862132.0
1738483200000,1.1225,1.1372,1.0811,1.0867,4539376.0
1738497600000,1.0866,1.1149,1.0757,1.0873,5089996.0
1738512000000,1.0874,1.0883,0.9508,0.9886,23308944.0
1738526400000,0.9887,1.0056,0.8803,0.9537,16517998.0
1738540800000,0.954,0.9545,0.6734,0.8028,57098954.0
1738555200000,0.803,0.8656,0.763,0.8635,15656120.0
1738569600000,0.8635,0.8667,0.823,0.8451,10173435.0
1738584000000,0.845,0.9178,0.8009,0.9079,27180506.0
1738598400000,0.9078,0.9408,0.893,0.9374,11927566.0
1738612800000,0.9371,0.9718,0.9072,0.9595,8241736.0
1738627200000,0.9595,0.9693,0.9128,0.922,5198784.0
1738641600000,0.922,0.929,0.8416,0.8437,11886510.0
1738656000000,0.8438,0.8857,0.8378,0.8718,7793560.0
1738670400000,0.872,0.9072,0.8699,0.8869,11244354.0
1738684800000,0.8872,0.9236,0.8799,0.8799,7786271.0
1738699200000,0.88,0.893,0.8426,0.883,11002593.0
1738713600000,0.8831,0.899,0.8703,0.8838,7179445.0
1738728000000,0.8838,0.9044,0.8767,0.8942,3314069.0
1738742400000,0.8941,0.9091,0.8843,0.8987,3882487.0
1738756800000,0.8986,0.9074,0.8776,0.8928,4737444.0
1738771200000,0.8928,0.8973,0.8559,0.8955,8049306.0
1738785600000,0.8956,0.8986,0.8599,0.8744,3869934.0
1738800000000,0.8743,0.8915,0.8651,0.8794,2767671.0
1738814400000,0.8795,0.8937,0.8753,0.8787,2716029.0
1738828800000,0.8788,0.8888,0.86,0.8701,2717515.0
1738843200000,0.87,0.8733,0.8101,0.8155,8859788.0
1738857600000,0.8157,0.8251,0.7944,0.7976,7826655.0
1738872000000,0.7977,0.8211,0.793,0.801,4337472.0
1738886400000,0.8009,0.8366,0.7998,0.8313,3468907.0
1738900800000,0.8315,0.8356,0.8044,0.8225,3364691.0
1738915200000,0.8226,0.8564,0.8176,0.8555,3528894.0
1738929600000,0.8555,0.9017,0.8452,0.87,7541071.0
1738944000000,0.8701,0.8707,0.8426,0.8485,3835432.0
1738958400000,0.8485,0.8495,0.787,0.8146,6510438.0
1738972800000,0.8146,0.8317,0.8027,0.8148,4958426.0
1738987200000,0.8147,0.817,0.7961,0.8098,3815239.0
1739001600000,0.8097,0.8139,0.793,0.8038,3823324.0
1739016000000,0.8038,0.8278,0.7955,0.8165,5142283.0
1739030400000,0.8166,0.8481,0.8083,0.8409,3935079.0
1739044800000,0.841,0.852,0.8342,0.8442,1978362.0
1739059200000,0.8443,0.8695,0.8351,0.8666,2934219.0
1739073600000,0.8666,0.8666,0.8425,0.8591,2772018.0
1739088000000,0.8591,0.8729,0.855,0.8631,3510825.0
1739102400000,0.8631,0.8694,0.8374,0.8593,4065507.0
1739116800000,0.8592,0.8685,0.8346,0.8378,2795387.0
1739131200000,0.8378,0.8507,0.7902,0.8425,7470521.0
1739145600000,0.8424,0.8629,0.8083,0.8403,6321323.0
1739160000000,0.8404,0.8665,0.8363,0.8594,3414129.0
1739174400000,0.8593,0.8717,0.8541,0.8594,3827980.0
1739188800000,0.8592,0.8857,0.8475,0.8594,5183891.0
1739203200000,0.8595,0.8894,0.8574,0.8781,4237602.0
1739217600000,0.8781,0.8859,0.8717,0.8797,1864340.0
1739232000000,0.8797,0.9014,0.8781,0.8936,2848542.0
1739246400000,0.8935,0.9471,0.8902,0.9264,5515562.0
1739260800000,0.9263,0.934,0.9049,0.9149,3310809.0
1739275200000,0.9148,0.9162,0.8708,0.8931,7003617.0
1739289600000,0.8932,0.8982,0.8612,0.8669,3577240.0
1739304000000,0.8668,0.891,0.865,0.8825,2652798.0
1739318400000,0.8825,0.9105,0.8783,0.8988,8738981.0
1739332800000,0.8987,0.9047,0.8774,0.8894,3969396.0
1739347200000,0.8894,0.9008,0.8802,0.892,2958536.0
1739361600000,0.8919,0.9033,0.8453,0.8877,9634475.0
1739376000000,0.8877,0.9667,0.8768,0.9552,10889618.0
1739390400000,0.9553,0.987,0.9419,0.9631,6547496.0
1739404800000,0.9632,0.9872,0.9511,0.9854,3589267.0
1739419200000,0.9855,0.9875,0.9305,0.9338,4823574.0
1739433600000,0.9337,0.9445,0.9248,0.932,3379040.0
1739448000000,0.9319,0.9439,0.9097,0.9258,4769966.0
1739462400000,0.9257,0.942,0.9127,0.9262,2691000.0
1739476800000,0.9262,0.9427,0.9255,0.934,1700071.0
1739491200000,0.9341,0.955,0.9197,0.9528,2831729.0
1739505600000,0.9528,0.9553,0.9263,0.9317,1786654.0
1739520000000,0.9318,0.954,0.9289,0.9378,2988981.0
1739534400000,0.9379,0.9589,0.9283,0.9448,2892476.0
1739548800000,0.9449,0.9764,0.9331,0.9544,3675729.0
1739563200000,0.9545,0.9623,0.9227,0.9327,3289972.0
1739577600000,0.9328,0.94,0.914,0.9333,3157905.0
1739592000000,0.9332,0.9425,0.9135,0.9186,2757606.0
1739606400000,0.9183,0.9261,0.9033,0.9099,2556073.0
1739620800000,0.9099,0.9179,0.8907,0.899,3049883.0
1739635200000,0.8991,0.9033,0.8712,0.8843,6136592.0
1739649600000,0.8844,0.8921,0.8767,0.887,1715169.0
1739664000000,0.8871,0.8978,0.884,0.8933,2046579.0
1739678400000,0.8934,0.9102,0.8904,0.8929,2859005.0
1739692800000,0.893,0.9288,0.8897,0.9283,2603566.0
1739707200000,0.9283,0.9329,0.8944,0.909,3198418.0
1739721600000,0.9089,0.9172,0.8805,0.897,2367096.0
1739736000000,0.8969,0.9023,0.8827,0.8899,2052092.0
1739750400000,0.89,0.9136,0.8894,0.9011,1870853.0
1739764800000,0.901,0.9021,0.8673,0.8862,3519117.0
1739779200000,0.8863,0.9179,0.8796,0.9139,2872021.0
1739793600000,0.9139,0.9499,0.9093,0.912,5369970.0
1739808000000,0.9119,0.919,0.8781,0.8945,4241946.0
1739822400000,0.8945,0.9242,0.8934,0.9086,2379445.0
1739836800000,0.9085,0.9129,0.8921,0.8959,2079356.0
1739851200000,0.8958,0.8988,0.8474,0.8595,4673973.0
1739865600000,0.8596,0.8818,0.8505,0.8724,2430679.0
1739880000000,0.8724,0.8859,0.8291,0.8344,3944499.0
1739894400000,0.8345,0.846,0.8137,0.8349,4805086.0
1739908800000,0.8349,0.8552,0.8223,0.8548,3242098.0
1739923200000,0.8548,0.8738,0.8532,0.869,6497830.0
1739937600000,0.8689,0.9008,0.8519,0.8921,3361484.0
1739952000000,0.892,0.8975,0.8826,0.8934,2216739.0
1739966400000,0.8934,0.8997,0.871,0.8744,3652206.0
1739980800000,0.8744,0.8898,0.8668,0.875,2843322.0
1739995200000,0.875,0.8836,0.8624,0.8799,2699488.0
1740009600000,0.88,0.9023,0.872,0.8945,4440111.0
1740024000000,0.8943,0.9029,0.875,0.8783,4503896.0
1740038400000,0.8784,0.8867,0.8706,0.8845,2172468.0
1740052800000,0.8844,0.9095,0.8781,0.8796,3417598.0
1740067200000,0.8797,0.915,0.8778,0.9095,3262176.0
1740081600000,0.9094,0.9214,0.9023,0.9163,2940924.0
1740096000000,0.9164,0.9267,0.9104,0.9171,2956322.0
1740110400000,0.9172,0.9375,0.9172,0.929,2641695.0
1740124800000,0.9291,0.961,0.9275,0.9456,3505869.0
1740139200000,0.9455,0.9572,0.896,0.9106,6387106.0
1740153600000,0.9107,0.9272,0.8593,0.8647,7412749.0
1740168000000,0.8647,0.8817,0.8565,0.8759,4306050.0
1740182400000,0.8759,0.897,0.8697,0.8842,3164617.0
1740196800000,0.8844,0.892,0.8801,0.8832,1653102.0
1740211200000,0.8832,0.8995,0.8817,0.8928,1874691.0
1740225600000,0.8929,0.8977,0.8785,0.8906,2582146.0
1740240000000,0.8906,0.9103,0.8886,0.9012,2654976.0
1740254400000,0.9013,0.9078,0.8935,0.9037,1481438.0
1740268800000,0.9037,0.9092,0.8891,0.8933,1703602.0
1740283200000,0.8932,0.9094,0.8874,0.9084,1317036.0
1740297600000,0.9085,0.9097,0.8889,0.8904,1682224.0
1740312000000,0.8903,0.8935,0.8625,0.8653,3014036.0
1740326400000,0.8653,0.8861,0.8643,0.8739,2191593.0
1740340800000,0.8739,0.8837,0.8652,0.8787,1649988.0
1740355200000,0.8786,0.8865,0.844,0.8483,3459206.0
1740369600000,0.8484,0.8565,0.8366,0.8505,3110244.0
1740384000000,0.8505,0.8563,0.8332,0.8517,3179704.0
1740398400000,0.8516,0.8585,0.818,0.8293,4709821.0
1740412800000,0.8293,0.8369,0.7901,0.7987,6070049.0
1740427200000,0.7988,0.8119,0.7247,0.7506,12828259.0
1740441600000,0.7506,0.7598,0.7252,0.7338,9244815.0
1740456000000,0.7339,0.746,0.6895,0.7129,11867649.0
1740470400000,0.713,0.752,0.709,0.7509,9237456.0
1740484800000,0.7508,0.7617,0.7259,0.7492,8029302.0
1740499200000,0.7493,0.7739,0.7372,0.773,9711309.0
1740513600000,0.773,0.7899,0.7684,0.778,4521609.0
1740528000000,0.778,0.7951,0.7725,0.7897,3226870.0
1740542400000,0.7897,0.7979,0.7811,0.7895,2773970.0
1740556800000,0.7895,0.809,0.781,0.7948,3981482.0
1740571200000,0.7949,0.8155,0.7653,0.7996,6955763.0
1740585600000,0.7996,0.8033,0.7562,0.7661,6701288.0
1740600000000,0.7662,0.808,0.7576,0.7916,5510433.0
1740614400000,0.7917,0.8172,0.7863,0.8158,3924675.0
1740628800000,0.8158,0.8386,0.8061,0.8297,3760480.0
1740643200000,0.8296,0.8329,0.8196,0.8248,2448608.0
1740657600000,0.8249,0.8308,0.8042,0.8192,4466132.0
1740672000000,0.8193,0.8308,0.8078,0.8111,3629126.0
1740686400000,0.8112,0.8171,0.7908,0.8123,3534326.0
1740700800000,0.8123,0.8128,0.7475,0.7494,8527266.0
1740715200000,0.7495,0.7626,0.7361,0.7447,5896191.0
1740729600000,0.7448,0.766,0.7358,0.7578,3840141.0
1740744000000,0.7577,0.8067,0.7556,0.7995,5314520.0
1740758400000,0.7994,0.816,0.7925,0.8062,2933282.0
1740772800000,0.8061,0.807,0.7881,0.7929,2994018.0
1740787200000,0.7928,0.804,0.7788,0.7967,3628517.0
1740801600000,0.7967,0.8039,0.7802,0.783,2266180.0
1740816000000,0.7831,0.7889,0.7612,0.7655,2563149.0
1740830400000,0.7655,0.7735,0.7571,0.7674,2805571.0
1740844800000,0.7674,0.7877,0.7637,0.7822,3689726.0
1740859200000,0.7822,0.7974,0.7761,0.791,2709833.0
1740873600000,0.791,0.796,0.7822,0.791,2302052.0
1740888000000,0.7909,0.8008,0.7842,0.7851,2182005.0
1740902400000,0.7851,0.7993,0.781,0.7885,2716000.0
1740916800000,0.7886,0.8161,0.7649,0.7924,7439290.0
1740931200000,0.7924,0.8702,0.7896,0.87,11241817.0
1740945600000,0.8699,0.8953,0.865,0.8918,4663949.0
1740960000000,0.8918,0.8958,0.8438,0.8529,4675897.0
1740974400000,0.8529,0.8642,0.8227,0.8401,3468420.0
1740988800000,0.8402,0.8416,0.8161,0.8288,3590120.0
1741003200000,0.8287,0.8427,0.8026,0.813,5838061.0
1741017600000,0.8131,0.8175,0.74,0.7445,9907698.0
1741032000000,0.7446,0.7517,0.7223,0.7319,5979702.0
1741046400000,0.7322,0.7393,0.6673,0.7009,12381518.0
1741060800000,0.701,0.7195,0.6983,0.7013,4128522.0
1741075200000,0.7013,0.7053,0.6879,0.6913,3696839.0
1741089600000,0.6913,0.7277,0.6732,0.7,10843713.0
1741104000000,0.6999,0.722,0.6482,0.719,9160609.0
1741118400000,0.7189,0.7245,0.6946,0.7079,4240223.0
1741132800000,0.7078,0.7106,0.6887,0.6893,3576531.0
1741147200000,0.6894,0.7167,0.6887,0.7157,2915092.0
1741161600000,0.7157,0.7412,0.7134,0.7258,3663539.0
1741176000000,0.7259,0.7347,0.7087,0.7195,4471008.0
1741190400000,0.7194,0.7369,0.7045,0.7343,3514851.0
1741204800000,0.7344,0.7416,0.7302,0.732,2359658.0
1741219200000,0.7319,0.7404,0.7164,0.7359,3843732.0
1741233600000,0.7359,0.7455,0.7238,0.726,2484962.0
1741248000000,0.7261,0.7396,0.7252,0.735,2418873.0
1741262400000,0.7351,0.7365,0.7074,0.7233,5317003.0
1741276800000,0.7233,0.7273,0.6952,0.7003,4617814.0
1741291200000,0.7004,0.7159,0.6993,0.7017,3433764.0
1741305600000,0.7017,0.7108,0.6616,0.6899,8200204.0
1741320000000,0.6899,0.6964,0.6838,0.6952,2453893.0
1741334400000,0.6952,0.7128,0.6862,0.7109,3044960.0
1741348800000,0.7111,0.7247,0.6994,0.7168,5827290.0
1741363200000,0.7168,0.7384,0.6994,0.7253,5130566.0
1741377600000,0.7253,0.7284,0.6975,0.7023,4791286.0
1741392000000,0.7025,0.7035,0.6836,0.6964,2799746.0
1741406400000,0.6964,0.7045,0.68,0.6823,2106634.0
1741420800000,0.6823,0.6863,0.6685,0.6766,4308688.0
1741435200000,0.6768,0.6889,0.6716,0.6787,3304969.0
1741449600000,0.6788,0.693,0.6667,0.6909,2833821.0
1741464000000,0.691,0.6913,0.6683,0.6723,2347139.0
1741478400000,0.6721,0.6805,0.6542,0.6624,4011689.0
1741492800000,0.6625,0.6697,0.6539,0.6619,2185633.0
1741507200000,0.6619,0.6634,0.6362,0.6411,3834566.0
1741521600000,0.6411,0.6458,0.6108,0.6147,6415857.0
1741536000000,0.6147,0.6155,0.569,0.5866,12484054.0
1741550400000,0.5865,0.5935,0.5727,0.585,5542366.0
1741564800000,0.5851,0.6125,0.5768,0.6084,4820926.0
1741579200000,0.6084,0.6264,0.6082,0.6261,4216700.0
1741593600000,0.6262,0.6551,0.6148,0.638,6057351.0
1741608000000,0.638,0.6443,0.6007,0.6122,7218344.0
1741622400000,0.6121,0.6147,0.555,0.589,10269808.0
1741636800000,0.589,0.5926,0.5741,0.5753,6241435.0
1741651200000,0.5753,0.5848,0.5338,0.5781,10618842.0
1741665600000,0.5781,0.5988,0.5753,0.5954,3723408.0
1741680000000,0.5953,0.605,0.5925,0.5983,3381163.0
1741694400000,0.5985,0.609,0.5709,0.5989,8636234.0
1741708800000,0.5989,0.628,0.5903,0.6175,5701174.0
1741723200000,0.6174,0.6188,0.5976,0.6018,2623255.0
1741737600000,0.6017,0.6109,0.5858,0.5868,3462797.0
1741752000000,0.5868,0.6075,0.5812,0.6048,2974757.0
1741766400000,0.6047,0.6172,0.5986,0.6105,3681795.0
1741780800000,0.6106,0.626,0.5816,0.5929,6582356.0
1741795200000,0.5931,0.6111,0.5921,0.6059,3559901.0
1741809600000,0.6058,0.6165,0.6045,0.6152,2636090.0
1741824000000,0.615,0.6182,0.6043,0.6071,1945394.0
1741838400000,0.607,0.6091,0.5965,0.602,2023014.0
1741852800000,0.6019,0.6189,0.5962,0.6131,3059471.0
1741867200000,0.6132,0.6239,0.5932,0.6002,4978728.0
1741881600000,0.6003,0.6019,0.5812,0.5878,3135542.0
1741896000000,0.5878,0.601,0.5816,0.5931,2962048.0
1741910400000,0.593,0.6112,0.5909,0.6053,12992097.0
1741924800000,0.6053,0.6082,0.6012,0.6044,1698451.0
1741939200000,0.6044,0.6177,0.6043,0.6135,2812172.0
1741953600000,0.6135,0.6321,0.6087,0.6259,3794070.0
1741968000000,0.626,0.6302,0.6186,0.6221,3227394.0
1741982400000,0.6221,0.6262,0.6156,0.6178,2048716.0
1741996800000,0.6178,0.6267,0.6114,0.6263,1817790.0
1742011200000,0.6264,0.6335,0.6227,0.6264,2706323.0
1742025600000,0.6264,0.6402,0.624,0.6386,2209229.0
1742040000000,0.6386,0.6421,0.6306,0.6379,2222857.0
1742054400000,0.6378,0.6504,0.6344,0.6442,3427538.0
1742068800000,0.6442,0.6592,0.6442,0.6525,3879867.0
1742083200000,0.6524,0.653,0.6367,0.6424,2934703.0
1742097600000,0.6423,0.6543,0.6415,0.6482,2131510.0
1742112000000,0.6482,0.6496,0.6201,0.6213,3180272.0
1742126400000,0.6212,0.6259,0.6104,0.6179,2955830.0
1742140800000,0.6178,0.6327,0.6058,0.6072,3387568.0
1742155200000,0.6072,0.6125,0.6005,0.6062,3006267.0
1742169600000,0.6062,0.6297,0.6056,0.6287,2465631.0
1742184000000,0.6287,0.634,0.6168,0.6331,2414124.0
1742198400000,0.6331,0.6567,0.6278,0.6548,4314602.0
1742212800000,0.6548,0.6677,0.6402,0.6518,5701368.0
1742227200000,0.6518,0.663,0.6467,0.6577,3241174.0
1742241600000,0.6577,0.6703,0.6547,0.6569,4367444.0
1742256000000,0.657,0.6601,0.6398,0.6422,3238366.0
1742270400000,0.642,0.6472,0.6334,0.6446,2562073.0
1742284800000,0.6447,0.6644,0.6421,0.6428,3719025.0
1742299200000,0.6427,0.6533,0.6347,0.6365,4598001.0
1742313600000,0.6365,0.6427,0.6277,0.6412,2457320.0
1742328000000,0.6412,0.6594,0.6359,0.6587,2210539.0
1742342400000,0.6586,0.6616,0.6458,0.6523,2691557.0
1742356800000,0.6524,0.6604,0.6451,0.6455,3443188.0
1742371200000,0.6455,0.6748,0.6455,0.672,3498727.0
1742385600000,0.6721,0.6964,0.6668,0.6935,8941789.0
1742400000000,0.6935,0.7096,0.6782,0.6948,11039958.0
1742414400000,0.6948,0.706,0.6898,0.6989,2382301.0
1742428800000,0.699,0.705,0.6847,0.6864,2605778.0
1742443200000,0.6863,0.6883,0.6773,0.6793,2649136.0
1742457600000,0.6792,0.6861,0.6658,0.6701,3289358.0
1742472000000,0.6701,0.6823,0.6686,0.6702,3250275.0
1742486400000,0.6701,0.6781,0.6587,0.6747,3518484.0
1742500800000,0.6746,0.6778,0.6636,0.6674,2424507.0
1742515200000,0.6675,0.6716,0.6622,0.6649,2129828.0
1742529600000,0.6648,0.6795,0.6618,0.6631,2216824.0
1742544000000,0.6631,0.6667,0.6486,0.6567,3465884.0
1742558400000,0.6567,0.6633,0.651,0.6558,2572052.0
1742572800000,0.6556,0.6628,0.6511,0.6589,2238386.0
1742587200000,0.6589,0.667,0.6549,0.659,2000860.0
1742601600000,0.659,0.6656,0.6563,0.6638,1252785.0
1742616000000,0.6641,0.6806,0.6624,0.6756,2240978.0
1742630400000,0.6758,0.6846,0.6753,0.682,2176893.0
1742644800000,0.682,0.6821,0.6668,0.6753,1742136.0
1742659200000,0.6752,0.6924,0.6737,0.6876,2722036.0
1742673600000,0.6876,0.6893,0.6683,0.6715,2158494.0
1742688000000,0.6715,0.6796,0.6701,0.6761,1998883.0
1742702400000,0.6762,0.6787,0.6671,0.676,1226079.0
1742716800000,0.676,0.6848,0.6748,0.6794,1543475.0
1742731200000,0.6795,0.681,0.6674,0.6688,3276578.0
1742745600000,0.6688,0.6719,0.6557,0.6627,2515344.0
1742760000000,0.6626,0.6647,0.6576,0.6643,1376600.0
1742774400000,0.6642,0.6734,0.6536,0.6732,3332245.0
1742788800000,0.6732,0.7002,0.6728,0.6914,3572645.0
1742803200000,0.6913,0.7019,0.6912,0.6933,3317468.0
1742817600000,0.6934,0.7014,0.6855,0.6927,2989869.0
1742832000000,0.6925,0.6981,0.6829,0.6948,2276508.0
1742846400000,0.6948,0.7109,0.6939,0.7039,2683673.0
1742860800000,0.704,0.7115,0.6844,0.6859,2959940.0
1742875200000,0.6858,0.6993,0.6825,0.69,1903484.0
1742889600000,0.69,0.7044,0.6892,0.7026,1885229.0
1742904000000,0.7027,0.7095,0.6884,0.7015,3891538.0
1742918400000,0.7015,0.7086,0.6967,0.7029,2548039.0
1742932800000,0.7028,0.708,0.6998,0.7022,1869599.0
1742947200000,0.7021,0.7096,0.6879,0.6909,2907223.0
1742961600000,0.6911,0.7224,0.6898,0.7223,2210958.0
1742976000000,0.7221,0.7302,0.711,0.7285,3037851.0
1742990400000,0.7285,0.7287,0.6889,0.694,3830489.0
1743004800000,0.694,0.7031,0.6762,0.6838,2778221.0
1743019200000,0.6837,0.6915,0.6789,0.6851,1828427.0
1743033600000,0.685,0.7074,0.6836,0.7035,2032199.0
1743048000000,0.7036,0.7037,0.6886,0.6923,1742444.0
1743062400000,0.6922,0.6974,0.6771,0.6787,2742960.0
1743076800000,0.6788,0.6873,0.6641,0.6816,4917034.0
1743091200000,0.6816,0.686,0.6723,0.6773,2972850.0
1743105600000,0.6772,0.6861,0.6747,0.6809,1741214.0
1743120000000,0.6809,0.6906,0.6732,0.6764,2648202.0
1743134400000,0.6765,0.6772,0.634,0.6365,6134058.0
1743148800000,0.6363,0.6431,0.6276,0.6354,3309351.0
1743163200000,0.6354,0.639,0.6276,0.6289,3457700.0
1743177600000,0.629,0.6322,0.6159,0.6187,3068649.0
1743192000000,0.6187,0.629,0.6162,0.6252,2237261.0
1743206400000,0.6252,0.6301,0.6028,0.621,3164713.0
1743220800000,0.6209,0.6231,0.5988,0.605,2681035.0
1743235200000,0.605,0.6102,0.586,0.5911,4709643.0
1743249600000,0.5912,0.6023,0.5898,0.5913,2356935.0
1743264000000,0.5912,0.5941,0.5715,0.584,3996265.0
1743278400000,0.584,0.5862,0.5728,0.5847,1904803.0
1743292800000,0.5848,0.6011,0.5742,0.5942,3428998.0
1743307200000,0.5942,0.6002,0.5911,0.5969,1775042.0
1743321600000,0.5969,0.6017,0.5906,0.593,2197503.0
1743336000000,0.5932,0.5964,0.5839,0.5888,2015427.0
1743350400000,0.5889,0.6005,0.5798,0.5958,2878556.0
1743364800000,0.5959,0.5962,0.5761,0.5835,2816075.0
1743379200000,0.5836,0.5923,0.5703,0.579,3209804.0
1743393600000,0.5791,0.5901,0.5721,0.5761,2970483.0
1743408000000,0.5761,0.5872,0.5649,0.5849,4035042.0
1743422400000,0.5849,0.6018,0.578,0.5955,4078766.0
1743436800000,0.5956,0.6016,0.5872,0.5916,3773266.0
1743451200000,0.5916,0.5968,0.5829,0.5846,3151543.0
1743465600000,0.5847,0.6006,0.584,0.5977,2532997.0
1743480000000,0.5978,0.6136,0.5962,0.6077,3155802.0
1743494400000,0.6078,0.6207,0.5974,0.5997,3953012.0
1743508800000,0.5997,0.6216,0.5913,0.6159,3381802.0
1743523200000,0.6158,0.6196,0.5992,0.6018,2653842.0
1743537600000,0.6017,0.6118,0.5981,0.6057,1900481.0
1743552000000,0.6056,0.6074,0.5793,0.5896,3744248.0
1743566400000,0.5896,0.5913,0.5704,0.5778,4038224.0
1743580800000,0.5777,0.5906,0.576,0.5791,3021185.0
1743595200000,0.5791,0.6027,0.5661,0.5987,4811880.0
1743609600000,0.599,0.6033,0.586,0.5977,2655298.0
1743624000000,0.5979,0.6153,0.54,0.5512,9675318.0
1743638400000,0.5513,0.5865,0.5495,0.5769,5052356.0
1743652800000,0.577,0.5834,0.5606,0.566,3201014.0
1743667200000,0.566,0.5696,0.5443,0.5517,4768750.0
1743681600000,0.5517,0.5546,0.5348,0.5509,5964327.0
1743696000000,0.5509,0.562,0.5452,0.5576,2814232.0
1743710400000,0.5577,0.5688,0.5556,0.5675,2323981.0
1743724800000,0.5676,0.5703,0.5565,0.5602,2912552.0
1743739200000,0.5602,0.5705,0.5544,0.567,2459951.0
1743753600000,0.567,0.5755,0.5392,0.5504,4701441.0
1743768000000,0.5504,0.5746,0.5463,0.5647,6954224.0
1743782400000,0.5646,0.5753,0.5608,0.5667,3711997.0
1743796800000,0.5666,0.573,0.5638,0.5681,1423144.0
1743811200000,0.5681,0.573,0.563,0.5634,1313642.0
1743825600000,0.5634,0.5692,0.5595,0.5681,1295389.0
1743840000000,0.5681,0.5709,0.562,0.5626,1511465.0
1743854400000,0.5626,0.5632,0.5446,0.5459,2577552.0
1743868800000,0.5458,0.5515,0.545,0.5464,1533447.0
1743883200000,0.5462,0.5554,0.5443,0.5539,1717981.0
1743897600000,0.554,0.5565,0.5477,0.5511,1513293.0
1743912000000,0.5511,0.5564,0.5467,0.5494,2970274.0
1743926400000,0.5495,0.5519,0.5401,0.5439,6028394.0
1743940800000,0.5438,0.5452,0.5211,0.5309,4217664.0
1743955200000,0.5308,0.5321,0.4924,0.5004,9854399.0
1743969600000,0.5,0.5026,0.4739,0.4882,9068924.0
1743984000000,0.4883,0.5091,0.4718,0.4797,6537033.0
1743998400000,0.4797,0.4926,0.4508,0.4696,12964967.0
1744012800000,0.4696,0.4885,0.458,0.4751,8368417.0
1744027200000,0.4752,0.5328,0.4735,0.5071,16162494.0
1744041600000,0.507,0.5147,0.4943,0.503,5774701.0
1744056000000,0.5029,0.52,0.5029,0.5134,2879664.0
1744070400000,0.5135,0.5289,0.5066,0.5147,3600709.0
1744084800000,0.5147,0.5201,0.5023,0.5058,2847300.0
1744099200000,0.5058,0.5211,0.5017,0.5202,3378351.0
1744113600000,0.5204,0.5245,0.5033,0.5082,5130727.0
1744128000000,0.5082,0.5086,0.4877,0.4896,6528008.0
1744142400000,0.4896,0.4962,0.4838,0.4886,3554313.0
1744156800000,0.4888,0.4983,0.4707,0.4899,5625630.0
1744171200000,0.4899,0.5116,0.4892,0.5108,4820003.0
1744185600000,0.5108,0.5153,0.4956,0.4994,4520178.0
1744200000000,0.4995,0.517,0.4952,0.5101,5901278.0
1744214400000,0.5103,0.5584,0.5088,0.5532,9776716.0
1744228800000,0.5533,0.5629,0.5495,0.5518,4132565.0
1744243200000,0.5517,0.5517,0.5286,0.534,3550091.0
1744257600000,0.5341,0.5431,0.5307,0.5352,2707612.0
1744272000000,0.5353,0.5366,0.5263,0.531,3076805.0
1744286400000,0.531,0.543,0.5121,0.5149,5885420.0
1744300800000,0.5148,0.5291,0.5125,0.526,3765188.0
1744315200000,0.5258,0.5333,0.5257,0.5298,1742641.0
1744329600000,0.5299,0.5476,0.5275,0.5452,3107569.0
1744344000000,0.5452,0.5495,0.5419,0.5458,1992971.0
1744358400000,0.5458,0.5544,0.5415,0.5461,2856791.0
1744372800000,0.5462,0.5538,0.5422,0.5506,3600807.0
1744387200000,0.5507,0.5695,0.5478,0.5588,3604608.0
1744401600000,0.5588,0.5676,0.5566,0.558,2223645.0
1744416000000,0.558,0.5586,0.5457,0.5486,2135314.0
1744430400000,0.5485,0.5592,0.5463,0.5581,1876098.0
1744444800000,0.558,0.5673,0.5576,0.5657,2274668.0
1744459200000,0.5657,0.5865,0.5619,0.5829,4231939.0
1744473600000,0.5828,0.5877,0.5781,0.5809,2083891.0
1744488000000,0.5809,0.5951,0.5789,0.5892,4465822.0
1744502400000,0.5893,0.5922,0.5733,0.5753,2866155.0
1744516800000,0.5752,0.5756,0.5645,0.5702,2135076.0
1744531200000,0.5702,0.5787,0.5691,0.5733,2145686.0
1744545600000,0.5732,0.5759,0.56,0.563,2433477.0
1744560000000,0.563,0.5874,0.5545,0.5617,4810892.0
1744574400000,0.5617,0.5687,0.5466,0.5575,3114372.0
1744588800000,0.5575,0.5769,0.5562,0.5628,3650753.0
1744603200000,0.5628,0.5734,0.5579,0.565,2377034.0
1744617600000,0.5651,0.5887,0.5628,0.585,2605389.0
1744632000000,0.5851,0.5859,0.5594,0.562,4252850.0
1744646400000,0.5619,0.5729,0.5544,0.5663,3305802.0
1744660800000,0.5664,0.5675,0.5575,0.559,1628285.0
1744675200000,0.559,0.5628,0.5516,0.5602,2576440.0
1744689600000,0.5601,0.5624,0.5529,0.5618,1759273.0
1744704000000,0.5618,0.566,0.5537,0.5588,2235577.0
1744718400000,0.5588,0.5706,0.5486,0.5551,3978630.0
1744732800000,0.5553,0.5577,0.541,0.5447,2910877.0
1744747200000,0.5447,0.549,0.5392,0.5403,2288425.0
1744761600000,0.5402,0.551,0.5366,0.547,2072997.0
1744776000000,0.5469,0.5492,0.5339,0.5363,2118848.0
1744790400000,0.5361,0.5442,0.5318,0.5393,1928297.0
1744804800000,0.5392,0.5499,0.5328,0.5419,2602221.0
1744819200000,0.5419,0.5498,0.5244,0.5469,4156398.0
1744833600000,0.5469,0.5514,0.5365,0.5387,1565191.0
1744848000000,0.5389,0.5449,0.5336,0.5373,1540145.0
1744862400000,0.5373,0.5521,0.5355,0.5501,1972724.0
1744876800000,0.5502,0.5515,0.5439,0.5463,1833072.0
1744891200000,0.5463,0.5512,0.5348,0.5465,2471289.0
1744905600000,0.5466,0.557,0.5417,0.5446,3025180.0
1744920000000,0.5445,0.5494,0.538,0.5423,1657514.0
1744934400000,0.5423,0.547,0.5372,0.5459,1689971.0
1744948800000,0.5459,0.5529,0.5431,0.5522,1818834.0
1744963200000,0.5525,0.5604,0.5471,0.5588,3756422.0
1744977600000,0.5588,0.5635,0.5559,0.5593,3052715.0
1744992000000,0.5592,0.5667,0.5572,0.5633,2021169.0
1745006400000,0.5633,0.5722,0.5618,0.5665,2397488.0
1745020800000,0.5664,0.5777,0.5635,0.5705,2230778.0
1745035200000,0.5704,0.5736,0.5618,0.5702,2213436.0
1745049600000,0.5703,0.5721,0.5648,0.5692,1881734.0
1745064000000,0.5692,0.578,0.5658,0.5762,1471283.0
1745078400000,0.5761,0.5928,0.5726,0.588,2897010.0
1745092800000,0.5881,0.5964,0.5859,0.5882,2193446.0
1745107200000,0.5883,0.5938,0.5836,0.59,2027472.0
1745121600000,0.59,0.5975,0.5854,0.587,2133640.0
1745136000000,0.5871,0.5881,0.5707,0.5764,2767729.0
1745150400000,0.5764,0.5875,0.5759,0.5871,1790685.0
1745164800000,0.5872,0.5954,0.585,0.5942,1194453.0
1745179200000,0.5944,0.6016,0.5873,0.5927,1753555.0
1745193600000,0.5925,0.6086,0.592,0.5994,3129877.0
1745208000000,0.5996,0.612,0.5984,0.6082,2212213.0
1745222400000,0.6082,0.6103,0.6002,0.6041,2121749.0
1745236800000,0.6041,0.6185,0.6027,0.6108,2847236.0
1745251200000,0.6108,0.6118,0.5905,0.6019,2901377.0
1745265600000,0.6019,0.6043,0.5947,0.6008,1343994.0
1745280000000,0.6009,0.6093,0.5863,0.6008,2654467.0
1745294400000,0.6008,0.6069,0.585,0.6065,2922180.0
1745308800000,0.6064,0.6122,0.5979,0.6105,2759187.0
1745323200000,0.6105,0.6308,0.6026,0.6242,4176474.0
1745337600000,0.6243,0.627,0.6148,0.6234,2126629.0
1745352000000,0.6234,0.6434,0.6212,0.6413,2927884.0
1745366400000,0.6413,0.6715,0.6373,0.6671,5942226.0
1745380800000,0.6669,0.6741,0.6609,0.6679,3495819.0
1745395200000,0.6679,0.6772,0.6596,0.6684,3597901.0
1745409600000,0.6683,0.6824,0.6495,0.6615,5984113.0
1745424000000,0.6616,0.6835,0.6538,0.6652,3743332.0
1745438400000,0.6652,0.675,0.6556,0.6736,4209844.0
1745452800000,0.6736,0.6776,0.6543,0.6548,3101141.0
1745467200000,0.6551,0.6723,0.6549,0.66,2444576.0
1745481600000,0.6601,0.673,0.6503,0.6728,2971267.0
1745496000000,0.6731,0.7043,0.6658,0.6888,7010736.0
1745510400000,0.6889,0.6959,0.6772,0.6864,4369231.0
1745524800000,0.6865,0.6965,0.682,0.6958,2149987.0
1745539200000,0.6957,0.7043,0.6732,0.6798,4223071.0
1745553600000,0.6799,0.7084,0.6771,0.7041,4261120.0
1745568000000,0.704,0.7054,0.69,0.6991,3418295.0
1745582400000,0.6993,0.7068,0.6829,0.6948,4903294.0
1745596800000,0.6949,0.7019,0.6864,0.6931,3125544.0
1745611200000,0.6931,0.6991,0.685,0.6857,2945718.0
1745625600000,0.6857,0.7161,0.6856,0.7042,4144560.0
1745640000000,0.7042,0.7142,0.694,0.7065,3696881.0
1745654400000,0.7063,0.7144,0.6867,0.6893,4066514.0
1745668800000,0.6894,0.7032,0.6807,0.7016,3410719.0
1745683200000,0.7017,0.702,0.6936,0.7,2025370.0
1745697600000,0.7,0.703,0.6948,0.6999,1591929.0
1745712000000,0.7001,0.7101,0.6747,0.6845,4014924.0
1745726400000,0.6844,0.687,0.6656,0.6779,3797310.0
1745740800000,0.678,0.6828,0.6688,0.6699,2073311.0
1745755200000,0.6699,0.6721,0.6573,0.6609,3331608.0
1745769600000,0.6609,0.6828,0.6552,0.6817,3011184.0
1745784000000,0.6818,0.6878,0.6693,0.6697,2618850.0
1745798400000,0.6698,0.6798,0.6508,0.6784,4216569.0
1745812800000,0.6784,0.7017,0.6736,0.7005,4137228.0
1745827200000,0.7005,0.7071,0.6826,0.6992,5106375.0
1745841600000,0.6991,0.6997,0.6624,0.6689,5756679.0
1745856000000,0.6687,0.6998,0.6593,0.6932,5972886.0
1745870400000,0.693,0.6969,0.6865,0.6911,2594095.0
1745884800000,0.6911,0.7022,0.6884,0.6951,2406931.0
1745899200000,0.6952,0.7014,0.6828,0.6998,2646284.0
1745913600000,0.6998,0.7014,0.6814,0.6823,2807007.0
1745928000000,0.6822,0.6863,0.672,0.6783,3352222.0
1745942400000,0.6783,0.6832,0.6682,0.6695,2802458.0
1745956800000,0.6697,0.6722,0.6401,0.6468,8209696.0
1745971200000,0.6468,0.6552,0.6432,0.651,3526833.0
1745985600000,0.651,0.6561,0.6424,0.6459,3348156.0
1746000000000,0.6459,0.6641,0.6439,0.6622,3557523.0
1746014400000,0.6622,0.663,0.6243,0.6425,7506344.0
1746028800000,0.6425,0.6629,0.6352,0.6571,4058804.0
1746043200000,0.6573,0.6698,0.6566,0.6588,2720486.0
1746057600000,0.659,0.6719,0.6588,0.6602,2489136.0
1746072000000,0.6602,0.6755,0.6577,0.6725,2849293.0
1746086400000,0.6725,0.689,0.6703,0.6803,2933311.0
1746100800000,0.6803,0.6839,0.6691,0.675,4329052.0
1746115200000,0.6748,0.6806,0.6703,0.6779,2236200.0
1746129600000,0.678,0.6819,0.6716,0.6749,2048640.0
1746144000000,0.6749,0.6948,0.6729,0.6873,3418731.0
1746158400000,0.6874,0.6885,0.6627,0.666,7507379.0
1746172800000,0.6658,0.6789,0.665,0.675,3931752.0
1746187200000,0.6749,0.6844,0.6702,0.6796,4111188.0
1746201600000,0.6797,0.689,0.671,0.6735,2922407.0
1746216000000,0.6735,0.684,0.672,0.6787,2860226.0
1746230400000,0.6788,0.6795,0.6652,0.6667,2677255.0
1746244800000,0.6667,0.6704,0.6562,0.6587,3544624.0
1746259200000,0.6587,0.6598,0.6435,0.644,4097268.0
1746273600000,0.6441,0.6529,0.6441,0.6463,3460692.0
1746288000000,0.6463,0.6471,0.6262,0.6377,5558106.0
1746302400000,0.6379,0.6387,0.6286,0.6292,2926512.0
1746316800000,0.6292,0.6323,0.6182,0.6219,5319511.0
1746331200000,0.622,0.6264,0.6138,0.6202,3900350.0
1746345600000,0.6202,0.6213,0.6097,0.6142,4290308.0
1746360000000,0.6143,0.6176,0.6068,0.61,3323286.0
1746374400000,0.6101,0.6114,0.6011,0.6069,3321743.0
1746388800000,0.6071,0.6119,0.6021,0.6055,3274864.0
1746403200000,0.6055,0.6161,0.6015,0.6106,4573931.0
1746417600000,0.6105,0.6189,0.6082,0.6161,3412065.0
1746432000000,0.616,0.6194,0.6015,0.6055,3916466.0
1746446400000,0.6056,0.6128,0.602,0.6063,3653678.0
1746460800000,0.6063,0.6198,0.6053,0.6098,3459002.0
1746475200000,0.6098,0.6189,0.5994,0.6092,4697571.0
1746489600000,0.6093,0.6215,0.6054,0.6191,4471219.0
1746504000000,0.6191,0.6203,0.6057,0.6066,3017572.0
1746518400000,0.6065,0.6077,0.5848,0.5892,5179286.0
1746532800000,0.5893,0.6012,0.5858,0.5891,4139474.0
1746547200000,0.5891,0.5994,0.5829,0.5929,3668946.0
1746561600000,0.5929,0.6035,0.5702,0.6021,5300041.0
1746576000000,0.6023,0.609,0.5956,0.6012,3271083.0
1746590400000,0.6012,0.6096,0.5965,0.6051,3146702.0
1746604800000,0.605,0.6102,0.6001,0.6043,2099461.0
1746619200000,0.6043,0.6053,0.5907,0.592,2752200.0
1746633600000,0.592,0.5989,0.5831,0.5919,3532071.0
1746648000000,0.592,0.6059,0.5901,0.6013,2320903.0
1746662400000,0.6013,0.626,0.6003,0.6259,3800210.0
1746676800000,0.626,0.6414,0.6253,0.638,4462336.0
1746691200000,0.638,0.6562,0.6377,0.6539,4693539.0
1746705600000,0.6539,0.6953,0.6511,0.6843,8376265.0
1746720000000,0.6842,0.7025,0.6799,0.6987,6759335.0
1746734400000,0.6987,0.7697,0.6987,0.7627,14701872.0
1746748800000,0.7628,0.7865,0.7543,0.7622,15050456.0
1746763200000,0.7623,0.7925,0.7586,0.783,8007436.0
1746777600000,0.7831,0.8023,0.7575,0.784,10989412.0
1746792000000,0.7839,0.7871,0.755,0.7699,7723377.0
1746806400000,0.7699,0.7747,0.7572,0.761,4245685.0
1746820800000,0.7611,0.7788,0.76,0.7781,2812843.0
1746835200000,0.7782,0.7978,0.7664,0.7852,6372377.0
1746849600000,0.7852,0.8165,0.77,0.8095,7355375.0
1746864000000,0.8097,0.8177,0.7777,0.7819,7655751.0
1746878400000,0.7821,0.803,0.7786,0.7862,4819531.0
1746892800000,0.7859,0.8302,0.7821,0.81,6427431.0
1746907200000,0.81,0.8746,0.8013,0.8691,8090856.0
1746921600000,0.869,0.88,0.8298,0.8478,8976872.0
1746936000000,0.8478,0.8588,0.804,0.813,5841465.0
1746950400000,0.8128,0.8271,0.8062,0.8225,3507914.0
1746964800000,0.8226,0.8296,0.7963,0.8035,4399572.0
1746979200000,0.8035,0.8215,0.7906,0.8164,3835722.0
1746993600000,0.8166,0.8223,0.8082,0.8129,2609265.0
1747008000000,0.8129,0.84,0.8045,0.8362,4829601.0
1747022400000,0.8362,0.8704,0.8195,0.8568,5744901.0
1747036800000,0.8571,0.8738,0.8455,0.8461,5656939.0
1747051200000,0.8461,0.871,0.8145,0.8254,8269449.0
1747065600000,0.8249,0.843,0.784,0.814,7621160.0
1747080000000,0.8137,0.8317,0.8103,0.8207,3176260.0
1747094400000,0.8207,0.8234,0.7743,0.7772,9543842.0
1747108800000,0.7772,0.8038,0.775,0.7995,3187299.0
1747123200000,0.7996,0.8208,0.7956,0.8157,3253916.0
1747137600000,0.8159,0.8354,0.8082,0.828,5319329.0
1747152000000,0.8279,0.8815,0.826,0.8691,9272824.0
1747166400000,0.8689,0.8831,0.8575,0.8739,6309799.0
1747180800000,0.8738,0.8933,0.8569,0.8625,5766902.0
1747195200000,0.8626,0.8694,0.8444,0.8458,3719975.0
1747209600000,0.8457,0.8479,0.823,0.8377,5236846.0
1747224000000,0.8376,0.8395,0.799,0.8016,6509096.0
1747238400000,0.8017,0.8519,0.8017,0.8248,13643794.0
1747252800000,0.8249,0.8309,0.8069,0.8147,3290339.0
1747267200000,0.8147,0.8352,0.8025,0.8057,5753078.0
1747281600000,0.8056,0.8122,0.7618,0.7669,7423805.0
1747296000000,0.7669,0.7871,0.7585,0.7726,6508585.0
1747310400000,0.7726,0.78,0.7337,0.7733,10417436.0
1747324800000,0.7734,0.7942,0.7499,0.753,6375227.0
1747339200000,0.7534,0.758,0.721,0.7427,5833409.0
1747353600000,0.7427,0.761,0.7347,0.7576,5147711.0
1747368000000,0.7576,0.77,0.7481,0.7631,3911338.0
1747382400000,0.7632,0.77,0.7445,0.76,4689918.0
1747396800000,0.7599,0.7625,0.7409,0.754,4234076.0
1747411200000,0.7541,0.759,0.7368,0.75,4046904.0
1747425600000,0.7494,0.7498,0.7163,0.7249,4860955.0
1747440000000,0.725,0.7266,0.6974,0.7149,6010832.0
1747454400000,0.7149,0.7231,0.7008,0.7065,3047204.0
1747468800000,0.7062,0.7126,0.6952,0.7033,3894415.0
1747483200000,0.7033,0.7097,0.6912,0.7046,3404591.0
1747497600000,0.7045,0.7076,0.6902,0.694,3539462.0
1747512000000,0.6938,0.7067,0.687,0.6933,3608698.0
1747526400000,0.6934,0.7004,0.6879,0.6919,3132919.0
1747540800000,0.692,0.7211,0.6909,0.7202,4350904.0
1747555200000,0.7203,0.738,0.7174,0.7177,3893415.0
1747569600000,0.7179,0.7711,0.7129,0.7696,6629601.0
1747584000000,0.7696,0.7722,0.7087,0.7094,8685664.0
1747598400000,0.7095,0.7465,0.6925,0.7428,8708159.0
1747612800000,0.743,0.7484,0.6901,0.6932,6050558.0
1747627200000,0.6932,0.6978,0.6746,0.6916,7176687.0
1747641600000,0.6915,0.6938,0.679,0.6865,4062045.0
1747656000000,0.6864,0.7068,0.6735,0.7025,4850506.0
1747670400000,0.7027,0.7256,0.6982,0.7118,4374430.0
1747684800000,0.7116,0.7167,0.7059,0.7144,2377112.0
1747699200000,0.7145,0.7476,0.7075,0.7287,6406539.0
1747713600000,0.7288,0.7359,0.7122,0.7156,3709281.0
1747728000000,0.7155,0.7187,0.6901,0.6977,4816375.0
1747742400000,0.6976,0.7074,0.6884,0.7052,3546706.0
1747756800000,0.7051,0.7133,0.687,0.7092,4155943.0
1747771200000,0.7095,0.7255,0.7055,0.7167,3488035.0
1747785600000,0.7168,0.7269,0.6961,0.7252,5666267.0
1747800000000,0.7252,0.7475,0.7201,0.7282,7972183.0
1747814400000,0.7282,0.7374,0.7126,0.7313,4757178.0
1747828800000,0.7313,0.7472,0.7224,0.7413,5934303.0
1747843200000,0.7414,0.7682,0.7166,0.7387,12229790.0
1747857600000,0.7384,0.7593,0.7297,0.7441,3868105.0
1747872000000,0.7442,0.7756,0.7434,0.7733,4405129.0
1747886400000,0.7734,0.7934,0.7651,0.7887,7968547.0
1747900800000,0.7888,0.8208,0.7866,0.7966,6887920.0
1747915200000,0.7965,0.8126,0.7839,0.8068,6664350.0
1747929600000,0.807,0.8146,0.7916,0.7974,3936848.0
1747944000000,0.7975,0.8072,0.7873,0.8064,3171034.0
1747958400000,0.8065,0.8356,0.7995,0.8276,5265318.0
1747972800000,0.8271,0.829,0.7917,0.7994,6085691.0
1747987200000,0.7994,0.8159,0.7617,0.7661,7205869.0
1748001600000,0.7676,0.7826,0.7284,0.7619,11708208.0
1748016000000,0.762,0.77,0.7536,0.7551,4237710.0
1748030400000,0.7554,0.7558,0.7175,0.7216,5444425.0
1748044800000,0.7216,0.7351,0.7134,0.7322,5228849.0
1748059200000,0.7323,0.7396,0.7266,0.7334,3173372.0
1748073600000,0.7333,0.7471,0.7271,0.7409,3213753.0
1748088000000,0.7409,0.7488,0.7329,0.7425,3654702.0
1748102400000,0.7426,0.7537,0.7341,0.7365,3616435.0
1748116800000,0.7365,0.7397,0.7192,0.7249,3123089.0
1748131200000,0.7249,0.7323,0.7071,0.7232,5195513.0
1748145600000,0.7233,0.7244,0.7101,0.715,2397203.0
1748160000000,0.7151,0.7153,0.7015,0.713,3085277.0
1748174400000,0.7126,0.7199,0.6946,0.7069,4072021.0
1748188800000,0.707,0.7141,0.6959,0.7097,2289437.0
1748203200000,0.7098,0.734,0.7022,0.7326,3629403.0
1748217600000,0.7327,0.745,0.7275,0.7391,3775830.0
1748232000000,0.7393,0.7528,0.737,0.7494,2957960.0
1748246400000,0.7494,0.7529,0.7366,0.7381,3114014.0
1748260800000,0.738,0.7421,0.7191,0.7328,3539768.0
1748275200000,0.7329,0.7359,0.7131,0.7168,2847848.0
1748289600000,0.7168,0.7266,0.7133,0.7183,2410746.0
1748304000000,0.7182,0.7249,0.6968,0.7208,3819559.0
1748318400000,0.721,0.7615,0.7208,0.7534,7514672.0
1748332800000,0.7535,0.7709,0.7462,0.7564,7493490.0
1748347200000,0.7561,0.7696,0.7427,0.752,5373327.0
1748361600000,0.7521,0.7664,0.7512,0.7555,3627009.0
1748376000000,0.7555,0.7613,0.7426,0.7478,2551114.0
1748390400000,0.7478,0.7537,0.7365,0.7447,3097042.0
1748404800000,0.7447,0.7549,0.7344,0.7413,3894987.0
1748419200000,0.7415,0.751,0.7288,0.7494,4672258.0
1748433600000,0.7495,0.7636,0.7174,0.7236,6117142.0
1748448000000,0.7237,0.7362,0.7131,0.7145,3106927.0
1748462400000,0.7144,0.751,0.7126,0.7502,2999272.0
1748476800000,0.7504,0.8057,0.7455,0.7875,14740068.0
1748491200000,0.7875,0.7899,0.7537,0.76,7762493.0
1748505600000,0.7601,0.7709,0.7556,0.7645,5074802.0
1748520000000,0.7645,0.7645,0.7298,0.7423,7565640.0
1748534400000,0.7424,0.7488,0.7276,0.7298,4296190.0
1748548800000,0.7302,0.7428,0.7168,0.7208,3543446.0
1748563200000,0.7208,0.7267,0.6744,0.7057,12006198.0
1748577600000,0.7058,0.7106,0.6903,0.6955,6247360.0
1748592000000,0.6956,0.7033,0.688,0.7009,5083034.0
1748606400000,0.7009,0.7032,0.6811,0.6845,6763782.0
1748620800000,0.6846,0.6883,0.651,0.6708,10561886.0
1748635200000,0.6708,0.6759,0.6322,0.6385,6077241.0
1748649600000,0.6386,0.6409,0.6127,0.6281,8651403.0
1748664000000,0.6281,0.6431,0.6212,0.6404,3474772.0
1748678400000,0.6405,0.6418,0.6293,0.6326,3010634.0
1748692800000,0.6326,0.6488,0.631,0.6408,5594075.0
1748707200000,0.6407,0.6527,0.6389,0.6498,3647215.0
1748721600000,0.6498,0.6571,0.642,0.6429,3076477.0
1748736000000,0.643,0.6455,0.6321,0.6389,3293908.0
1748750400000,0.6389,0.6512,0.6371,0.6421,2638556.0
1748764800000,0.642,0.6427,0.6257,0.6366,2963125.0
1748779200000,0.6366,0.6489,0.6286,0.6465,3306684.0
1748793600000,0.6465,0.6573,0.639,0.6492,4144838.0
1748808000000,0.6491,0.6591,0.6457,0.655,2228396.0
1748822400000,0.6549,0.6572,0.6394,0.642,2134314.0
1748836800000,0.6418,0.6492,0.6345,0.6461,2026278.0
1748851200000,0.6461,0.6503,0.6317,0.637,2573007.0
1748865600000,0.6369,0.6634,0.6346,0.6615,8550083.0
1748880000000,0.6615,0.6769,0.6602,0.6681,8541792.0
1748894400000,0.6681,0.7057,0.6681,0.7014,7324167.0
1748908800000,0.7015,0.7184,0.6957,0.6969,6618236.0
1748923200000,0.6968,0.7074,0.6898,0.7031,4191417.0
1748937600000,0.7031,0.7053,0.6944,0.7012,2759411.0
1748952000000,0.7011,0.7256,0.698,0.7088,7683393.0
1748966400000,0.7088,0.7174,0.7057,0.7111,4100799.0
1748980800000,0.7111,0.7149,0.6957,0.701,3969472.0
1748995200000,0.7012,0.7165,0.6965,0.7116,2829965.0
1749009600000,0.7116,0.7121,0.7011,0.7027,2573066.0
1749024000000,0.7027,0.7092,0.6886,0.6904,3267721.0
1749038400000,0.6904,0.6986,0.6746,0.6967,5304225.0
1749052800000,0.6968,0.6974,0.6774,0.6774,2847362.0
1749067200000,0.6773,0.6799,0.6659,0.6681,3736737.0
1749081600000,0.668,0.6724,0.6618,0.6661,3576652.0
1749096000000,0.6661,0.6734,0.6563,0.6632,4309756.0
1749110400000,0.6633,0.6702,0.6567,0.6613,2753632.0
1749124800000,0.6613,0.6769,0.6496,0.6634,4827399.0
1749139200000,0.6635,0.6644,0.6281,0.6385,5528472.0
1749153600000,0.6385,0.6408,0.6088,0.6121,8928505.0
1749168000000,0.6123,0.6264,0.608,0.6259,4517346.0
1749182400000,0.6261,0.6338,0.6204,0.629,3523169.0
1749196800000,0.629,0.636,0.6272,0.6322,2584260.0
1749211200000,0.6322,0.6497,0.6304,0.6415,4830267.0
1749225600000,0.6417,0.6448,0.6274,0.6295,3323398.0
1749240000000,0.6296,0.635,0.6275,0.6291,1998117.0
1749254400000,0.6293,0.6534,0.6278,0.6515,3020842.0
1749268800000,0.6516,0.658,0.6485,0.6527,2664164.0
1749283200000,0.653,0.6568,0.6457,0.6547,3525806.0
1749297600000,0.6546,0.6613,0.6513,0.6542,2451539.0
1749312000000,0.6543,0.6557,0.6469,0.6521,1677682.0
1749326400000,0.6522,0.6576,0.6514,0.6521,1655372.0
1749340800000,0.6521,0.6523,0.6474,0.6479,1354129.0
1749355200000,0.6479,0.6499,0.6406,0.6419,1891967.0
1749369600000,0.642,0.6486,0.6356,0.6482,2547923.0
1749384000000,0.6483,0.6561,0.6445,0.6492,2321474.0
1749398400000,0.6495,0.6568,0.6489,0.6526,1789745.0
1749412800000,0.6526,0.6561,0.641,0.6436,2211926.0
1749427200000,0.6435,0.6461,0.6346,0.6392,2010472.0
1749441600000,0.6392,0.6409,0.6268,0.6352,2620978.0
1749456000000,0.6352,0.6593,0.6328,0.6562,4362111.0
1749470400000,0.6562,0.6638,0.6494,0.6585,3558774.0
1749484800000,0.6585,0.6747,0.6585,0.6712,3403576.0
1749499200000,0.6712,0.7008,0.6694,0.6983,4556466.0
1749513600000,0.6984,0.7173,0.6955,0.6988,7845829.0
1749528000000,0.6988,0.704,0.6897,0.697,4443529.0
1749542400000,0.6972,0.7524,0.6918,0.7509,9978923.0
1749556800000,0.7508,0.7612,0.7201,0.7365,17019815.0
1749571200000,0.7366,0.7539,0.7279,0.7455,9492937.0
1749585600000,0.7452,0.7788,0.7383,0.7772,9847403.0
1749600000000,0.7773,0.7902,0.7476,0.7562,9886668.0
1749614400000,0.7564,0.7628,0.7515,0.7577,5844898.0
1749628800000,0.7577,0.7605,0.7381,0.7458,6179050.0
1749643200000,0.7458,0.7773,0.7371,0.7732,9781518.0
1749657600000,0.773,0.7737,0.7446,0.746,6229856.0
1749672000000,0.7459,0.7539,0.7246,0.7315,6996707.0
1749686400000,0.7315,0.732,0.7101,0.7154,6374147.0
1749700800000,0.7155,0.7162,0.7009,0.7033,4724852.0
1749715200000,0.7032,0.7047,0.685,0.6868,4875128.0
1749729600000,0.6869,0.7086,0.6854,0.6889,7179681.0
1749744000000,0.6889,0.7086,0.677,0.6808,6986276.0
1749758400000,0.6807,0.6829,0.6588,0.6592,8354233.0
1749772800000,0.6594,0.6595,0.5961,0.6205,27811621.0
1749787200000,0.6205,0.621,0.6025,0.6132,7568085.0
1749801600000,0.6132,0.6235,0.6062,0.615,5847845.0
1749816000000,0.6153,0.6238,0.6005,0.6177,12850714.0
1749830400000,0.6178,0.6311,0.6058,0.6115,6532130.0
1749844800000,0.6117,0.6401,0.6094,0.6381,4996939.0
1749859200000,0.6381,0.6389,0.6261,0.629,3650714.0
1749873600000,0.629,0.6337,0.6193,0.6244,3115751.0
1749888000000,0.6243,0.6243,0.6164,0.6212,2449834.0
1749902400000,0.6211,0.6293,0.6116,0.6164,3994869.0
1749916800000,0.6162,0.6187,0.6033,0.6079,5360194.0
1749931200000,0.6079,0.6204,0.6035,0.6171,2766161.0
1749945600000,0.617,0.623,0.6156,0.6197,2696012.0
1749960000000,0.6197,0.6273,0.6162,0.6189,2852884.0
1749974400000,0.6188,0.6215,0.6127,0.6191,2362684.0
1749988800000,0.6192,0.6274,0.6147,0.62,3761777.0
1750003200000,0.62,0.623,0.6092,0.6122,2714940.0
1750017600000,0.6123,0.6238,0.6038,0.6211,3197964.0
1750032000000,0.6212,0.6366,0.614,0.6305,3758030.0
1750046400000,0.6306,0.6581,0.6293,0.6565,6873168.0
1750060800000,0.6566,0.6697,0.6537,0.6682,8404160.0
1750075200000,0.6681,0.6765,0.6588,0.6663,10019238.0
1750089600000,0.6662,0.6766,0.6627,0.6727,4268559.0
1750104000000,0.6725,0.6759,0.6368,0.6398,8521462.0
1750118400000,0.6394,0.6587,0.6282,0.6548,8031809.0
1750132800000,0.6548,0.6569,0.6424,0.645,3778367.0
1750147200000,0.6448,0.6463,0.6337,0.6364,5041932.0
1750161600000,0.6364,0.6391,0.6157,0.621,6047965.0
1750176000000,0.621,0.6337,0.6089,0.6287,6457166.0
1750190400000,0.6287,0.6323,0.6119,0.6179,3387394.0
1750204800000,0.618,0.6275,0.6173,0.6249,3311192.0
1750219200000,0.6249,0.6356,0.6204,0.6247,3620912.0
1750233600000,0.6248,0.627,0.6004,0.6088,4969422.0
1750248000000,0.6088,0.6168,0.5903,0.608,8539866.0
1750262400000,0.608,0.6166,0.6001,0.606,7482441.0
1750276800000,0.6062,0.6301,0.6045,0.6275,5657705.0
1750291200000,0.6273,0.6372,0.6202,0.6263,3946474.0
1750305600000,0.6263,0.6304,0.6191,0.6261,3597009.0
1750320000000,0.6261,0.6365,0.6251,0.6259,4078085.0
1750334400000,0.626,0.6304,0.6109,0.6121,5405181.0
1750348800000,0.6121,0.6207,0.6059,0.6115,4220265.0
1750363200000,0.6115,0.6213,0.6108,0.6181,3789018.0
1750377600000,0.6182,0.6229,0.6121,0.6149,3508091.0
1750392000000,0.615,0.6299,0.6058,0.6294,4621122.0
1750406400000,0.6295,0.6349,0.6247,0.6289,4358585.0
1750420800000,0.629,0.633,0.6075,0.6099,6549068.0
1750435200000,0.6102,0.6109,0.5792,0.5962,11023612.0
1750449600000,0.5961,0.6038,0.589,0.5935,4305358.0
1750464000000,0.5937,0.6017,0.5916,0.5987,3257641.0
1750478400000,0.5988,0.6033,0.5967,0.5983,2621493.0
1750492800000,0.5982,0.6022,0.5957,0.597,2667632.0
1750507200000,0.597,0.5982,0.5807,0.5864,4146367.0
1750521600000,0.5863,0.5877,0.5688,0.5692,5176608.0
1750536000000,0.5692,0.5749,0.5365,0.5516,12641130.0
1750550400000,0.5516,0.5617,0.54,0.5442,7250606.0
1750564800000,0.5443,0.5549,0.5422,0.5494,4195692.0
1750579200000,0.5494,0.551,0.5356,0.5439,5526465.0
1750593600000,0.5439,0.5476,0.512,0.5222,18592360.0
1750608000000,0.5222,0.5288,0.5169,0.5195,5923917.0
1750622400000,0.5196,0.5378,0.503,0.5365,9557054.0
1750636800000,0.5365,0.547,0.5355,0.543,4469853.0
1750651200000,0.5431,0.5571,0.5418,0.55,5490758.0
1750665600000,0.5501,0.5516,0.5437,0.5491,3240083.0
1750680000000,0.5491,0.5666,0.5439,0.5542,7087539.0
1750694400000,0.5541,0.5869,0.5393,0.5844,9414361.0
1750708800000,0.5846,0.6106,0.5826,0.607,9597896.0
1750723200000,0.6069,0.6136,0.6038,0.6055,6287159.0
1750737600000,0.6055,0.6235,0.6039,0.6098,5656376.0
1750752000000,0.6099,0.6197,0.6035,0.6087,6385245.0
1750766400000,0.6087,0.6161,0.6043,0.6101,6114895.0
1750780800000,0.6101,0.6246,0.6,0.6051,6292368.0
1750795200000,0.605,0.6124,0.603,0.6118,3386448.0
1750809600000,0.6118,0.6174,0.6073,0.6104,3911233.0
1750824000000,0.6104,0.6112,0.6024,0.6058,3726653.0
1750838400000,0.6058,0.6072,0.5928,0.6021,4706269.0
1750852800000,0.6022,0.6101,0.5877,0.5883,7081560.0
1750867200000,0.5884,0.5996,0.5877,0.594,5074025.0
1750881600000,0.5941,0.5991,0.5831,0.5882,3632317.0
1750896000000,0.5883,0.6125,0.5871,0.5999,5895146.0
1750910400000,0.5999,0.6041,0.591,0.5998,3606509.0
1750924800000,0.5996,0.6026,0.5865,0.588,4041659.0
1750939200000,0.588,0.5893,0.5718,0.5774,6552021.0
1750953600000,0.5772,0.5817,0.5697,0.5793,4379619.0
1750968000000,0.5792,0.5913,0.5725,0.5735,4961074.0
1750982400000,0.5735,0.5859,0.5663,0.5842,3922788.0
1750996800000,0.5841,0.5921,0.5787,0.58,3728223.0
1751011200000,0.5801,0.5884,0.5789,0.5823,3276883.0
1751025600000,0.5823,0.5863,0.5735,0.5824,5937920.0
1751040000000,0.5825,0.5913,0.5653,0.5727,5430538.0
1751054400000,0.5728,0.5825,0.5717,0.5812,3290674.0
1751068800000,0.5813,0.5829,0.5758,0.576,2739793.0
1751083200000,0.5759,0.58,0.5727,0.5793,1993927.0
1751097600000,0.5794,0.5872,0.5754,0.5839,3141712.0
1751112000000,0.584,0.5915,0.5815,0.5914,2392957.0
1751126400000,0.5911,0.6034,0.5902,0.5986,4818506.0
1751140800000,0.5987,0.6036,0.5949,0.5985,2166835.0
1751155200000,0.5986,0.6016,0.5908,0.592,2457793.0
1751169600000,0.5921,0.6013,0.5919,0.6013,1457917.0
1751184000000,0.6014,0.6109,0.6003,0.6065,3079362.0
1751198400000,0.6064,0.6073,0.5943,0.5948,2326165.0
1751212800000,0.5949,0.6064,0.5947,0.606,2465959.0
1751227200000,0.606,0.6409,0.6014,0.633,8512869.0
1751241600000,0.6331,0.6371,0.6183,0.6201,3543297.0
1751256000000,0.62,0.623,0.6117,0.6224,2970414.0
1751270400000,0.6224,0.624,0.6034,0.6042,5783147.0
1751284800000,0.6041,0.608,0.5944,0.6026,5270395.0
1751299200000,0.6027,0.6129,0.5993,0.6117,2876699.0
1751313600000,0.6117,0.6145,0.6009,0.6017,2457690.0
1751328000000,0.6017,0.6046,0.5914,0.5935,3213909.0
1751342400000,0.5935,0.5936,0.5814,0.5906,3957385.0
1751356800000,0.5906,0.5907,0.5828,0.5844,2730125.0
1751371200000,0.5843,0.5888,0.5786,0.5818,4424535.0
1751385600000,0.5819,0.5839,0.5709,0.5709,2890675.0
1751400000000,0.571,0.5783,0.5666,0.5712,3874735.0
1751414400000,0.5712,0.574,0.5633,0.5678,4573345.0
1751428800000,0.5677,0.5892,0.566,0.5867,6397937.0
1751443200000,0.5868,0.5972,0.5859,0.5901,3601047.0
1751457600000,0.5902,0.6104,0.5872,0.6103,4469252.0
1751472000000,0.6103,0.6341,0.6084,0.63,10583501.0
1751486400000,0.6302,0.6369,0.6226,0.624,5303567.0
1751500800000,0.6239,0.6295,0.6207,0.623,3595795.0
1751515200000,0.6232,0.6408,0.6222,0.6383,5180389.0
1751529600000,0.6383,0.6428,0.6298,0.633,4539547.0
1751544000000,0.633,0.6438,0.6195,0.6207,7763674.0
1751558400000,0.6207,0.6316,0.6202,0.6309,2956942.0
1751572800000,0.631,0.6343,0.6236,0.6254,2608809.0
1751587200000,0.6254,0.6313,0.6155,0.6174,3321818.0
1751601600000,0.6173,0.6199,0.6012,0.6017,4315699.0
1751616000000,0.6016,0.6086,0.5974,0.6041,3119288.0
1751630400000,0.6042,0.6066,0.5898,0.5914,6364554.0
1751644800000,0.5913,0.5925,0.582,0.5838,4717866.0
1751659200000,0.5838,0.5924,0.5833,0.5887,2861018.0
1751673600000,0.5886,0.5938,0.5833,0.5888,2905894.0
1751688000000,0.5889,0.5947,0.5831,0.59,2554170.0
1751702400000,0.5901,0.5905,0.5834,0.5869,2243516.0
1751716800000,0.587,0.5875,0.5804,0.5822,2731033.0
1751731200000,0.5823,0.5853,0.5738,0.5804,3036533.0
1751745600000,0.5804,0.5971,0.5795,0.5918,5065853.0
1751760000000,0.5917,0.5968,0.5879,0.5911,4066871.0
1751774400000,0.5912,0.5953,0.5885,0.5919,2477054.0
1751788800000,0.592,0.5948,0.5886,0.5943,2225124.0
1751803200000,0.5944,0.6092,0.5919,0.6045,4350999.0
1751817600000,0.6045,0.6104,0.6008,0.6063,2919120.0
1751832000000,0.6062,0.6191,0.6027,0.6053,3903429.0
1751846400000,0.6053,0.6156,0.6031,0.6099,2670804.0
1751860800000,0.6099,0.6122,0.6024,0.611,2744504.0
1751875200000,0.6111,0.6132,0.6012,0.6049,5154426.0
1751889600000,0.6049,0.6094,0.5958,0.5995,4493619.0
1751904000000,0.5996,0.604,0.5929,0.599,4250838.0
1751918400000,0.5989,0.599,0.5901,0.5982,2336947.0
1751932800000,0.5982,0.6011,0.5878,0.59,4482298.0
1751947200000,0.59,0.5946,0.5862,0.5934,3193859.0
1751961600000,0.5933,0.6041,0.5872,0.6026,3825510.0
1751976000000,0.6026,0.6065,0.5913,0.5945,5426550.0
1751990400000,0.5947,0.6225,0.5918,0.6186,8101934.0
1752004800000,0.6186,0.6209,0.6127,0.6192,4378223.0
1752019200000,0.6193,0.6205,0.6104,0.6121,2633568.0
1752033600000,0.6119,0.6343,0.6106,0.6328,7486343.0
1752048000000,0.6328,0.6377,0.6279,0.6351,5779220.0
1752062400000,0.635,0.6484,0.6321,0.6353,9485018.0
1752076800000,0.6353,0.663,0.6351,0.6609,9068722.0
1752091200000,0.6609,0.6726,0.6562,0.6632,8069568.0
1752105600000,0.6633,0.6667,0.6566,0.6635,4745178.0
1752120000000,0.6634,0.6737,0.6596,0.6657,3687170.0
1752134400000,0.6656,0.6682,0.6616,0.6634,4405980.0
1752148800000,0.6634,0.6715,0.6565,0.6576,6414040.0
1752163200000,0.6576,0.6878,0.6569,0.6802,8841440.0
1752177600000,0.6801,0.7229,0.6796,0.718,10227274.0
1752192000000,0.718,0.7304,0.7027,0.7271,8369159.0
1752206400000,0.727,0.7571,0.7206,0.7225,12706895.0
1752220800000,0.7224,0.7435,0.7219,0.736,7039502.0
1752235200000,0.736,0.7552,0.7304,0.7333,7982034.0
1752249600000,0.7335,0.7514,0.7309,0.7485,5221354.0
1752264000000,0.7482,0.7482,0.7033,0.7122,10806628.0
1752278400000,0.7123,0.7249,0.697,0.7154,7008724.0
1752292800000,0.7153,0.7169,0.6958,0.7107,5522075.0
1752307200000,0.7108,0.7156,0.7011,0.7035,4602565.0
1752321600000,0.7033,0.7066,0.6738,0.6806,8300317.0
1752336000000,0.6805,0.6979,0.6746,0.6946,4447021.0
1752350400000,0.6945,0.7004,0.683,0.6968,3871347.0
1752364800000,0.6968,0.7028,0.69,0.6994,4164484.0
1752379200000,0.6997,0.7153,0.6953,0.7136,4601017.0
1752393600000,0.7135,0.7155,0.7017,0.7134,4952881.0
1752408000000,0.7133,0.729,0.7087,0.7188,7281624.0
1752422400000,0.7189,0.7312,0.706,0.7231,5232052.0
1752436800000,0.723,0.7281,0.7025,0.7136,4225883.0
1752451200000,0.7137,0.7498,0.7101,0.7447,5413542.0
1752465600000,0.7446,0.763,0.7303,0.7462,8671952.0
1752480000000,0.7463,0.7533,0.7302,0.7392,6025406.0
1752494400000,0.7391,0.7476,0.7136,0.7216,8721192.0
1752508800000,0.7215,0.7286,0.7054,0.708,4085086.0
1752523200000,0.7081,0.7178,0.6979,0.7121,3334429.0
1752537600000,0.7121,0.717,0.6858,0.6935,7370774.0
1752552000000,0.6934,0.7116,0.6848,0.702,5319329.0
1752566400000,0.7021,0.7083,0.6945,0.7019,4560718.0
1752580800000,0.7022,0.7225,0.6941,0.7183,10383801.0
1752595200000,0.7182,0.7498,0.7159,0.7199,9475360.0
1752609600000,0.7197,0.748,0.7156,0.7443,3691639.0
1752624000000,0.7442,0.761,0.7341,0.7362,5382745.0
1752638400000,0.7363,0.7492,0.7288,0.7429,4023981.0
1752652800000,0.7429,0.7434,0.7259,0.7305,6296118.0
1752667200000,0.7306,0.7486,0.7268,0.7325,7676586.0
1752681600000,0.7326,0.7641,0.7295,0.7544,9773604.0
1752696000000,0.7543,0.7895,0.7427,0.7549,11012264.0
1752710400000,0.755,0.7702,0.7245,0.7296,7794028.0
1752724800000,0.7295,0.7601,0.7278,0.7578,6589855.0
1752739200000,0.7578,0.7762,0.7542,0.7558,6063247.0
1752753600000,0.7561,0.7678,0.7438,0.7571,6261088.0
1752768000000,0.7572,0.7602,0.73,0.7411,7608537.0
1752782400000,0.741,0.7767,0.7294,0.7629,7189616.0
1752796800000,0.763,0.8282,0.755,0.8186,15878046.0
1752811200000,0.8187,1.0461,0.8119,0.9774,133570080.0
1752825600000,0.9771,1.0438,0.9616,1.0113,73334960.0
1752840000000,1.0113,1.05,0.9189,0.945,81778131.0
1752854400000,0.9449,0.9521,0.8935,0.9076,37009353.0
1752868800000,0.9076,0.9201,0.8712,0.9083,27151095.0
1752883200000,0.9083,0.9418,0.8719,0.9374,28378071.0
1752897600000,0.9374,1.0812,0.9372,1.047,77709286.0
1752912000000,1.0469,1.0688,0.9079,0.9174,80420681.0
1752926400000,0.9175,0.9481,0.9043,0.9341,20950286.0
1752940800000,0.9342,1.0079,0.9267,1.0022,28043621.0
1752955200000,1.0021,1.036,0.9644,0.9933,21977353.0
1752969600000,0.9932,1.0517,0.98,1.0302,31779944.0
1752984000000,1.0302,1.045,0.9952,1.0107,19761758.0
1752998400000,1.0107,1.0228,0.9941,1.0041,14267013.0
1753012800000,1.004,1.0416,1.0002,1.0332,14656238.0
1753027200000,1.0334,1.0628,1.0086,1.0094,18666162.0
1753041600000,1.0094,1.0116,0.97,0.9922,12352467.0
1753056000000,0.9922,1.0129,0.9722,1.0112,12810327.0
1753070400000,1.0112,1.029,0.9936,1.0232,9445161.0
1753084800000,1.0232,1.041,1.0043,1.0254,10433714.0
1753099200000,1.0256,1.0922,1.0093,1.0683,28516445.0
1753113600000,1.0683,1.0737,1.0106,1.02,17474454.0
1753128000000,1.02,1.0372,1.0098,1.0199,6411493.0
1753142400000,1.0201,1.0266,0.9608,0.9727,19042626.0
1753156800000,0.9726,0.9791,0.945,0.9594,11598710.0
1753171200000,0.9592,0.9691,0.9368,0.9654,9036946.0
1753185600000,0.9653,0.9894,0.9404,0.9796,10539717.0
1753200000000,0.9793,1.0324,0.9558,0.9742,32502401.0
1753214400000,0.9741,1.0031,0.9721,0.9997,5085323.0
1753228800000,0.9997,1.0138,0.9814,0.991,8125692.0
1753243200000,0.9911,1.0206,0.9831,1.0064,7202513.0
1753257600000,1.0063,1.0117,0.9661,0.978,7940961.0
1753272000000,0.9779,0.9855,0.9194,0.948,13955378.0
1753286400000,0.9479,0.9484,0.9032,0.9176,9428509.0
1753300800000,0.9173,0.9243,0.882,0.9122,10254700.0
1753315200000,0.9122,0.9469,0.9057,0.9286,5885040.0
1753329600000,0.9285,0.9324,0.8373,0.8693,17130121.0
1753344000000,0.8692,0.9079,0.8648,0.9036,10696319.0
1753358400000,0.9035,0.9338,0.874,0.9106,12010502.0
1753372800000,0.9106,0.9114,0.8788,0.8955,7315383.0
1753387200000,0.8954,0.9046,0.8682,0.8742,5649950.0
1753401600000,0.8742,0.8744,0.8356,0.8471,8951104.0
1753416000000,0.847,0.8739,0.8369,0.8615,7763034.0
1753430400000,0.8617,0.9066,0.8578,0.8954,8144896.0
1753444800000,0.8955,0.9035,0.8493,0.864,9706828.0
1753459200000,0.8642,0.8757,0.8546,0.8653,6229247.0
1753473600000,0.8655,0.9013,0.8643,0.8971,5382303.0
1753488000000,0.8972,0.9102,0.8873,0.9072,5186178.0
1753502400000,0.9071,0.9079,0.895,0.8983,2913517.0
1753516800000,0.8984,0.9103,0.8964,0.8981,4069741.0
1753531200000,0.8982,0.9136,0.8918,0.912,4723295.0
1753545600000,0.9119,0.9196,0.8981,0.9164,4580967.0
1753560000000,0.9166,0.9238,0.8996,0.9011,3827014.0
1753574400000,0.9012,0.92,0.8979,0.9107,3612560.0
1753588800000,0.9106,0.9384,0.9073,0.9116,5796284.0
1753603200000,0.9115,0.9277,0.8984,0.9146,4616313.0
1753617600000,0.9145,0.9294,0.8997,0.9096,4179913.0
1753632000000,0.9096,0.9362,0.9096,0.9266,6055312.0
1753646400000,0.9267,0.9485,0.9178,0.9345,4912793.0
1753660800000,0.9346,0.9447,0.9076,0.928,6438103.0
1753675200000,0.9278,0.9529,0.9187,0.9369,6802037.0
1753689600000,0.9368,0.9521,0.9222,0.9292,4259840.0
1753704000000,0.9294,0.9345,0.8705,0.8768,10896801.0
1753718400000,0.8768,0.8843,0.856,0.8641,6973367.0
1753732800000,0.8642,0.867,0.8475,0.8585,5276119.0
1753747200000,0.8586,0.8656,0.8324,0.8526,6435353.0
1753761600000,0.8529,0.8843,0.8436,0.8812,4915975.0
1753776000000,0.8813,0.8875,0.8601,0.8687,4926903.0
1753790400000,0.8688,0.8924,0.8444,0.8548,8963100.0
1753804800000,0.8548,0.8606,0.8364,0.8461,5176618.0
1753819200000,0.8462,0.8675,0.8344,0.8663,4713820.0
1753833600000,0.8664,0.8671,0.8426,0.8581,4195366.0
1753848000000,0.858,0.8618,0.8392,0.843,3919167.0
1753862400000,0.8429,0.8533,0.8024,0.8079,9572504.0
1753876800000,0.8078,0.8365,0.8023,0.8249,6821055.0
1753891200000,0.825,0.8427,0.7785,0.827,12687083.0
1753905600000,0.8268,0.8451,0.8166,0.8354,5228735.0
1753920000000,0.8354,0.8545,0.8312,0.8467,3722484.0
1753934400000,0.8467,0.8562,0.8421,0.8533,3173276.0
1753948800000,0.8533,0.8586,0.838,0.8419,3558427.0
1753963200000,0.8419,0.8432,0.8021,0.8163,7916192.0
1753977600000,0.8163,0.8409,0.8054,0.8077,5762188.0
1753992000000,0.8076,0.809,0.7731,0.778,6808669.0
1754006400000,0.7779,0.7854,0.7526,0.7802,8992231.0
1754020800000,0.7801,0.7802,0.7614,0.7707,5453950.0
1754035200000,0.7701,0.7741,0.75,0.7723,6567967.0
1754049600000,0.7723,0.781,0.7464,0.7718,10203533.0
1754064000000,0.7717,0.7999,0.762,0.7864,10061163.0
1754078400000,0.7862,0.7888,0.7325,0.7658,10412220.0
1754092800000,0.7658,0.778,0.7638,0.7719,3347737.0
1754107200000,0.7719,0.7773,0.7482,0.7708,3782373.0
1754121600000,0.7705,0.7713,0.7464,0.7543,3957661.0
1754136000000,0.7543,0.7574,0.7356,0.7391,4785204.0
1754150400000,0.7394,0.7466,0.7176,0.7316,8643961.0
1754164800000,0.7317,0.743,0.7272,0.7361,4238150.0
1754179200000,0.7361,0.7455,0.7235,0.7436,4362268.0
1754193600000,0.7436,0.7475,0.7394,0.7447,1960920.0
1754208000000,0.7448,0.7574,0.7436,0.752,2306848.0
1754222400000,0.7521,0.7574,0.7464,0.7514,2521078.0
1754236800000,0.7512,0.7608,0.7478,0.7554,1868531.0
1754251200000,0.7555,0.7651,0.7529,0.7578,1761111.0
1754265600000,0.7579,0.7746,0.7563,0.7669,3011999.0
1754280000000,0.7669,0.7728,0.7601,0.7697,2203034.0
1754294400000,0.7697,0.774,0.765,0.7673,2499900.0
1754308800000,0.7673,0.7967,0.7653,0.7961,6874756.0
1754323200000,0.7962,0.8177,0.7904,0.791,6896999.0
1754337600000,0.7911,0.8064,0.7875,0.8024,4136829.0
1754352000000,0.8025,0.8029,0.7759,0.7764,4248895.0
1754366400000,0.7764,0.7826,0.759,0.7622,4976823.0
1754380800000,0.7621,0.7945,0.7613,0.7914,3870580.0
1754395200000,0.7916,0.7936,0.7505,0.7548,7389827.0
1754409600000,0.7549,0.7622,0.7466,0.7489,3793724.0
1754424000000,0.7489,0.765,0.7394,0.7599,3072277.0
1754438400000,0.7599,0.7599,0.7386,0.7407,3283912.0
1754452800000,0.7406,0.767,0.737,0.7664,4335258.0
1754467200000,0.7664,0.7669,0.7534,0.7571,4089051.0
1754481600000,0.7571,0.7702,0.7404,0.7694,6679376.0
1754496000000,0.7692,0.7781,0.7594,0.7748,3872784.0
1754510400000,0.7748,0.7756,0.7662,0.769,2188088.0
1754524800000,0.769,0.7807,0.7643,0.7648,2523608.0
1754539200000,0.7647,0.7812,0.7637,0.7755,4069804.0
1754553600000,0.7756,0.8118,0.7728,0.8089,6740223.0
1754568000000,0.8089,0.8214,0.8014,0.81,6256000.0
1754582400000,0.81,0.8147,0.7885,0.8137,5268137.0
1754596800000,0.8137,0.8477,0.8109,0.8372,14785978.0
1754611200000,0.8371,0.8511,0.8105,0.8419,30109618.0
1754625600000,0.8421,0.8445,0.8277,0.8401,5220755.0
1754640000000,0.8401,0.8468,0.8315,0.8389,3897798.0
1754654400000,0.8389,0.8543,0.8207,0.8292,7240856.0
1754668800000,0.8291,0.8654,0.8289,0.8561,6504377.0
1754683200000,0.856,0.8576,0.8438,0.8464,2762498.0
1754697600000,0.8464,0.8543,0.8449,0.8519,3586681.0
1754712000000,0.8519,0.8832,0.8472,0.8802,7589508.0
1754726400000,0.8801,0.8888,0.8768,0.8846,5170012.0
1754740800000,0.8847,0.9007,0.8673,0.8769,6896351.0
1754755200000,0.8769,0.8999,0.8744,0.8961,4281015.0
1754769600000,0.8963,0.9168,0.8843,0.8901,8520455.0
1754784000000,0.8902,0.9076,0.8835,0.9007,5766610.0
1754798400000,0.9006,0.9117,0.8729,0.8742,5999769.0
1754812800000,0.8742,0.8831,0.856,0.8661,6903627.0
1754827200000,0.8662,0.9073,0.861,0.8919,9219183.0
1754841600000,0.8918,0.897,0.8863,0.8894,4152185.0
1754856000000,0.8895,0.8909,0.8733,0.8885,3851228.0
1754870400000,0.8885,0.9067,0.8802,0.9006,5616823.0
1754884800000,0.9006,0.9101,0.8663,0.868,5789790.0
1754899200000,0.868,0.8888,0.8372,0.8419,9652001.0
1754913600000,0.8419,0.858,0.8331,0.8456,8076076.0
1754928000000,0.8457,0.8882,0.8341,0.8421,17050965.0
1754942400000,0.842,0.843,0.8122,0.8164,5550845.0
1754956800000,0.8164,0.8396,0.8157,0.823,4085556.0
1754971200000,0.8231,0.8293,0.8073,0.8213,4217176.0
1754985600000,0.8213,0.8223,0.7954,0.8105,4145594.0
1755000000000,0.8102,0.8583,0.8062,0.8572,10127361.0
1755014400000,0.8573,0.8734,0.8497,0.8724,5760996.0
1755028800000,0.8725,0.8884,0.8693,0.8815,4180396.0
1755043200000,0.8814,0.8978,0.8661,0.8902,5226370.0
1755057600000,0.8902,0.8983,0.8728,0.8962,4384380.0
1755072000000,0.8961,0.9346,0.8956,0.9238,10660504.0
1755086400000,0.9238,0.9356,0.9061,0.9224,9652921.0
1755100800000,0.9224,0.944,0.9155,0.9294,6781778.0
1755115200000,0.9297,0.9491,0.9219,0.9366,5178994.0
1755129600000,0.9367,0.9518,0.9224,0.9466,5722809.0
1755144000000,0.9466,0.9477,0.9043,0.9099,6941759.0
1755158400000,0.9099,0.9107,0.8862,0.8957,6734316.0
1755172800000,0.8957,0.9058,0.813,0.8548,19033437.0
1755187200000,0.8548,0.8553,0.8224,0.8384,6232300.0
1755201600000,0.8383,0.8433,0.818,0.8364,3437969.0
1755216000000,0.8364,0.8566,0.8341,0.8532,3832028.0
1755230400000,0.8532,0.8618,0.8417,0.851,3364323.0
1755244800000,0.8509,0.856,0.837,0.8398,3388181.0
1755259200000,0.8399,0.8522,0.7921,0.7999,10441539.0
1755273600000,0.7998,0.8156,0.7889,0.7965,4993752.0
1755288000000,0.7966,0.8243,0.7934,0.8141,3656829.0
1755302400000,0.814,0.8276,0.8128,0.8191,2527717.0
1755316800000,0.8191,0.8304,0.8143,0.8206,2496234.0
1755331200000,0.8207,0.8296,0.81,0.818,3511144.0
1755345600000,0.8181,0.8349,0.8154,0.8307,3482866.0
1755360000000,0.8306,0.8363,0.8252,0.8315,2181763.0
1755374400000,0.8316,0.8391,0.8239,0.8349,2426870.0
1755388800000,0.8349,0.8407,0.8278,0.8378,1750022.0
1755403200000,0.8378,0.8504,0.8348,0.8408,2337538.0
1755417600000,0.8408,0.8545,0.8395,0.8467,2240054.0
1755432000000,0.8467,0.8631,0.8379,0.863,2730823.0
1755446400000,0.8632,0.8633,0.8226,0.8283,5342209.0
1755460800000,0.8283,0.8443,0.8275,0.8294,2455963.0
1755475200000,0.8294,0.8327,0.7871,0.7968,8835565.0
1755489600000,0.7968,0.8043,0.7755,0.7875,8697592.0
1755504000000,0.7874,0.7951,0.7791,0.789,6052007.0
1755518400000,0.7889,0.8018,0.7826,0.7943,6545913.0
1755532800000,0.7943,0.8016,0.7823,0.7946,4300017.0
1755547200000,0.7946,0.8062,0.7851,0.7881,3236659.0
1755561600000,0.7881,0.8023,0.7617,0.767,7596829.0
1755576000000,0.7669,0.7767,0.7603,0.7711,3661543.0
1755590400000,0.7712,0.7876,0.7645,0.7863,3319223.0
1755604800000,0.7863,0.7866,0.7559,0.7637,8071492.0
1755619200000,0.7639,0.7648,0.7468,0.7538,6259816.0
1755633600000,0.7538,0.7615,0.7451,0.7465,3728694.0
1755648000000,0.7464,0.7622,0.7408,0.7561,5190367.0
1755662400000,0.7561,0.768,0.756,0.7631,3133204.0
1755676800000,0.7631,0.7747,0.7559,0.7664,4593540.0
1755691200000,0.7665,0.7819,0.746,0.7725,6970625.0
1755705600000,0.7727,0.7917,0.7711,0.791,3919847.0
1755720000000,0.7911,0.7962,0.7882,0.7918,2896977.0
1755734400000,0.7919,0.8,0.7838,0.788,3520274.0
1755748800000,0.788,0.7924,0.7789,0.7867,2899210.0
1755763200000,0.7868,0.7873,0.7707,0.7742,2790840.0
1755777600000,0.7741,0.7834,0.7615,0.7639,5350284.0
1755792000000,0.7641,0.7715,0.7558,0.757,3493309.0
1755806400000,0.757,0.7714,0.7552,0.7611,2787742.0
1755820800000,0.7611,0.778,0.7558,0.7633,2874644.0
1755835200000,0.7633,0.7732,0.7621,0.7707,2406870.0
1755849600000,0.7706,0.7768,0.7523,0.7525,3481579.0
1755864000000,0.7526,0.8227,0.7318,0.8164,24415153.0
1755878400000,0.8165,0.9044,0.8164,0.8877,21714819.0
1755892800000,0.8876,0.8935,0.8744,0.8824,6858992.0
1755907200000,0.8825,0.8869,0.8477,0.8584,9042201.0
1755921600000,0.8585,0.8729,0.8535,0.8556,5891148.0
1755936000000,0.8557,0.8638,0.8494,0.852,3784023.0
1755950400000,0.8521,0.8698,0.8478,0.8632,7598003.0
1755964800000,0.8632,0.8748,0.8572,0.8742,2744013.0
1755979200000,0.8742,0.8742,0.8617,0.8626,1811156.0
1755993600000,0.8627,0.8689,0.8505,0.8554,2963523.0
1756008000000,0.8553,0.8584,0.8339,0.8356,3577287.0
1756022400000,0.8356,0.842,0.8215,0.8257,4140566.0
1756036800000,0.8256,0.845,0.8244,0.8346,4777977.0
1756051200000,0.8347,0.8802,0.8301,0.8484,14274129.0
1756065600000,0.8485,0.8502,0.8254,0.84,7884834.0
1756080000000,0.8399,0.8502,0.8179,0.8374,4180479.0
1756094400000,0.8374,0.8399,0.7875,0.7908,6052560.0
1756108800000,0.7908,0.7967,0.7722,0.788,5993954.0
1756123200000,0.788,0.7913,0.7781,0.7805,5981636.0
1756137600000,0.7806,0.7858,0.7522,0.7536,7181661.0
1756152000000,0.7538,0.7556,0.7247,0.7381,12858186.0
1756166400000,0.738,0.7543,0.7319,0.7435,5838947.0
1756180800000,0.7436,0.7562,0.7431,0.7488,3958454.0
1756195200000,0.7488,0.7551,0.7445,0.7488,2963723.0
1756209600000,0.7489,0.7697,0.7434,0.759,9912479.0
1756224000000,0.7589,0.7912,0.7584,0.7884,4946559.0
1756238400000,0.7884,0.7978,0.7834,0.7845,6007372.0
1756252800000,0.7846,0.794,0.7737,0.7873,3397449.0
1756267200000,0.7872,0.798,0.7801,0.784,3398484.0
1756281600000,0.7841,0.7885,0.7777,0.7844,2281916.0
1756296000000,0.7843,0.7968,0.7741,0.7939,4633411.0
1756310400000,0.7939,0.8065,0.781,0.7861,5435384.0
1756324800000,0.7862,0.7969,0.7747,0.7806,6910912.0
1756339200000,0.7807,0.7908,0.7731,0.79,3619525.0
1756353600000,0.79,0.7965,0.7861,0.7939,2604988.0
1756368000000,0.7938,0.8022,0.7818,0.7912,3708112.0
1756382400000,0.7911,0.801,0.7842,0.7872,5688857.0
1756396800000,0.7872,0.7937,0.7707,0.7758,4090398.0
1756411200000,0.776,0.8103,0.7734,0.8094,3292984.0
1756425600000,0.8094,0.8124,0.7931,0.8032,3530422.0
1756440000000,0.8032,0.8059,0.7685,0.7705,5187603.0
1756454400000,0.7705,0.7743,0.7488,0.7585,5387733.0
1756468800000,0.7584,0.7841,0.7444,0.7532,10293568.0
1756483200000,0.7531,0.7575,0.7345,0.7441,5294151.0
1756497600000,0.744,0.7522,0.7343,0.7498,3019714.0
1756512000000,0.7499,0.7672,0.7345,0.7578,3810647.0
1756526400000,0.7579,0.7719,0.7552,0.7717,2514326.0
1756540800000,0.7717,0.7721,0.7572,0.7622,2070789.0
1756555200000,0.7623,0.7698,0.7501,0.7672,3309693.0
1756569600000,0.767,0.7674,0.754,0.7611,2156537.0
1756584000000,0.7611,0.7668,0.7553,0.7635,1322801.0
1756598400000,0.7637,0.7912,0.7629,0.7909,4803428.0
1756612800000,0.791,0.7918,0.7771,0.7801,2284859.0
1756627200000,0.7801,0.7949,0.7729,0.7826,2963118.0
1756641600000,0.7826,0.7847,0.7743,0.7827,3090954.0
1756656000000,0.7826,0.7828,0.7721,0.7737,2494308.0
1756670400000,0.7737,0.7799,0.7576,0.7583,2433474.0
1756684800000,0.7583,0.7592,0.7351,0.7381,5540061.0
1756699200000,0.738,0.7627,0.7293,0.7626,4808240.0
1756713600000,0.7626,0.7751,0.7441,0.7454,5397658.0
1756728000000,0.7455,0.7507,0.7345,0.7368,3199561.0
1756742400000,0.7367,0.7414,0.7294,0.7411,2830121.0
1756756800000,0.7412,0.742,0.7053,0.7272,8541397.0
1756771200000,0.7273,0.7502,0.7223,0.7495,4405149.0
1756785600000,0.7495,0.7559,0.742,0.7437,3410082.0
1756800000000,0.7436,0.755,0.7433,0.7485,2044735.0
1756814400000,0.7484,0.7649,0.7314,0.7416,7549341.0
1756828800000,0.7416,0.7613,0.7414,0.7504,3474080.0
1756843200000,0.7503,0.7668,0.7485,0.7609,2754373.0
1756857600000,0.761,0.7678,0.7537,0.761,3608606.0
1756872000000,0.7609,0.7625,0.7482,0.7541,2833267.0
1756886400000,0.7539,0.7666,0.7493,0.7632,3007948.0
1756900800000,0.7633,0.785,0.7611,0.7824,5351602.0
1756915200000,0.7825,0.7914,0.7756,0.7865,3520551.0
1756929600000,0.7867,0.7904,0.7831,0.7852,2180471.0
1756944000000,0.7851,0.7878,0.7632,0.7635,2973431.0
1756958400000,0.7635,0.7652,0.7476,0.7525,2904782.0
1756972800000,0.7525,0.7622,0.7492,0.7554,2787476.0
1756987200000,0.7554,0.7624,0.7401,0.7437,5294917.0
1757001600000,0.7437,0.7459,0.7308,0.7348,2606112.0
1757016000000,0.7347,0.7559,0.7336,0.7417,2390532.0
1757030400000,0.7416,0.7534,0.7406,0.751,2379175.0
1757044800000,0.751,0.77,0.7489,0.7682,2580201.0
1757059200000,0.7683,0.7693,0.7564,0.7632,1918722.0
1757073600000,0.7633,0.7815,0.7469,0.7565,9821016.0
1757088000000,0.7566,0.7619,0.7523,0.7583,3054718.0
1757102400000,0.7583,0.7649,0.7524,0.7573,3106457.0
1757116800000,0.7573,0.7625,0.7535,0.7543,1564986.0
1757131200000,0.7544,0.7544,0.7444,0.7484,1572611.0
1757145600000,0.7484,0.75,0.7404,0.7441,1782706.0
1757160000000,0.7441,0.7525,0.7405,0.741,2454414.0
1757174400000,0.7409,0.7499,0.7392,0.7408,2678308.0
1757188800000,0.7408,0.7528,0.7395,0.7507,1936340.0
1757203200000,0.7507,0.7603,0.7504,0.7577,2848332.0
1757217600000,0.7578,0.7588,0.7484,0.7503,1895480.0
1757232000000,0.7504,0.7571,0.748,0.757,1829259.0
1757246400000,0.7571,0.7617,0.7533,0.7556,2127959.0
1757260800000,0.7555,0.7567,0.7444,0.746,1909110.0
1757275200000,0.746,0.76,0.7424,0.7536,2528038.0
1757289600000,0.7536,0.7681,0.7464,0.762,2919026.0
1757304000000,0.7619,0.7629,0.753,0.7552,2033447.0
1757318400000,0.7553,0.7795,0.7548,0.7725,3967878.0
1757332800000,0.7726,0.796,0.7712,0.7939,5416798.0
1757347200000,0.7937,0.7954,0.7757,0.7785,3137364.0
1757361600000,0.7786,0.7911,0.7735,0.7872,1767778.0
1757376000000,0.7872,0.7953,0.7726,0.7859,3396532.0
1757390400000,0.7858,0.8204,0.7829,0.8097,5732841.0
1757404800000,0.8097,0.8196,0.8036,0.8106,4334438.0
1757419200000,0.8106,0.8192,0.7763,0.7813,8237201.0
1757433600000,0.7814,0.7909,0.774,0.7878,2329991.0
1757448000000,0.7878,0.7948,0.7825,0.7935,2073306.0
1757462400000,0.7936,0.8087,0.7856,0.8038,3007984.0
1757476800000,0.8038,0.8085,0.7932,0.7986,2586516.0
1757491200000,0.7986,0.8032,0.7926,0.7985,2232536.0
1757505600000,0.7985,0.8162,0.7974,0.8078,4501604.0
1757520000000,0.8078,0.8093,0.7826,0.7847,2932560.0
1757534400000,0.7847,0.7967,0.7844,0.7956,1772580.0
1757548800000,0.7955,0.8063,0.7914,0.8054,2175060.0
1757563200000,0.8054,0.8145,0.7979,0.8099,3021919.0
1757577600000,0.81,0.81,0.7967,0.7972,2407035.0
1757592000000,0.7971,0.8106,0.785,0.7918,9832722.0
1757606400000,0.7919,0.8072,0.79,0.8056,3567067.0
1757620800000,0.8057,0.8317,0.8035,0.8223,4414822.0
1757635200000,0.8224,0.8314,0.8176,0.8249,4159003.0
1757649600000,0.8248,0.8383,0.8199,0.8245,3899399.0
1757664000000,0.8245,0.8249,0.8125,0.8147,3061483.0
1757678400000,0.8147,0.833,0.8094,0.8207,3210739.0
1757692800000,0.8207,0.8521,0.8198,0.8463,5301720.0
1757707200000,0.8463,0.8511,0.8372,0.847,3313888.0
1757721600000,0.847,0.8575,0.8409,0.854,3573862.0
1757736000000,0.8539,0.8551,0.8443,0.8443,2353862.0
1757750400000,0.8444,0.8682,0.8444,0.8621,2984351.0
1757764800000,0.8622,0.871,0.8384,0.8488,4998868.0
1757779200000,0.8489,0.8556,0.8334,0.8432,4640742.0
1757793600000,0.8433,0.8583,0.8424,0.8517,1781780.0
1757808000000,0.8517,0.854,0.8272,0.8308,3264459.0
1757822400000,0.8309,0.84,0.821,0.8327,2734823.0
1757836800000,0.8328,0.8397,0.8163,0.8176,2026531.0
1757851200000,0.8176,0.8208,0.7945,0.8006,7502881.0
1757865600000,0.8003,0.821,0.7984,0.8162,2957354.0
1757880000000,0.8162,0.8235,0.808,0.8131,2332154.0
1757894400000,0.8129,0.8222,0.8033,0.8177,2239801.0
1757908800000,0.8177,0.8264,0.7904,0.7934,5730632.0
1757923200000,0.7933,0.7935,0.7676,0.7728,7178881.0
1757937600000,0.7728,0.7752,0.7558,0.7624,4938742.0
1757952000000,0.7622,0.7654,0.7501,0.7618,3815254.0
1757966400000,0.7619,0.7702,0.7611,0.7694,1796761.0
1757980800000,0.7694,0.7735,0.7657,0.7667,2064361.0
1757995200000,0.7668,0.7806,0.7585,0.7778,3062678.0
1758009600000,0.7779,0.7998,0.7778,0.7879,4854010.0
1758024000000,0.7878,0.796,0.7737,0.7957,5285430.0
1758038400000,0.7957,0.7957,0.7812,0.7926,4018954.0
1758052800000,0.7927,0.7957,0.7882,0.7887,1606290.0
1758067200000,0.7887,0.7951,0.7826,0.7829,2159627.0
1758081600000,0.7831,0.7886,0.7727,0.7857,2513070.0
1758096000000,0.7857,0.7858,0.7659,0.7697,2854546.0
1758110400000,0.7697,0.7778,0.7635,0.7663,2724330.0
1758124800000,0.7662,0.7902,0.7592,0.7887,8370840.0
1758139200000,0.7888,0.818,0.7753,0.8102,5524128.0
1758153600000,0.8103,0.8239,0.8068,0.8199,3105032.0
1758168000000,0.82,0.8209,0.7984,0.8088,2509339.0
1758182400000,0.8088,0.8153,0.8008,0.8062,2725795.0
1758196800000,0.8062,0.8203,0.8023,0.8121,2650470.0
1758211200000,0.8121,0.8291,0.8121,0.819,3492181.0
1758225600000,0.8191,0.8254,0.8081,0.8135,1851225.0
1758240000000,0.8135,0.8305,0.8,0.801,3474441.0
1758254400000,0.8009,0.806,0.7892,0.795,3593884.0
1758268800000,0.7949,0.8013,0.7783,0.7805,2752862.0
1758283200000,0.7804,0.7894,0.7679,0.7744,4413080.0
1758297600000,0.7745,0.7787,0.7627,0.7666,3055236.0
1758312000000,0.7666,0.7743,0.7604,0.7672,2172127.0
1758326400000,0.7671,0.7727,0.7583,0.7697,2071074.0
1758340800000,0.7696,0.7788,0.7674,0.7784,1622704.0
1758355200000,0.7783,0.7783,0.7595,0.7652,2050712.0
1758369600000,0.7652,0.7816,0.7634,0.778,2548708.0
1758384000000,0.7781,0.7821,0.769,0.7717,1642683.0
1758398400000,0.7716,0.7808,0.7705,0.7748,1123536.0
1758412800000,0.7747,0.7783,0.7685,0.7743,1367745.0
1758427200000,0.7743,0.7922,0.7715,0.7865,2485577.0
1758441600000,0.7866,0.7887,0.7627,0.7662,3252359.0
1758456000000,0.7663,0.7733,0.7633,0.7641,2088939.0
1758470400000,0.7642,0.7691,0.7541,0.7655,2699164.0
1758484800000,0.7653,0.7665,0.7549,0.7556,1643205.0
1758499200000,0.7554,0.7604,0.7097,0.7234,13301097.0
1758513600000,0.7233,0.7277,0.6197,0.6736,20068507.0
1758528000000,0.6737,0.6788,0.6624,0.6709,5872517.0
1758542400000,0.671,0.6845,0.6682,0.6699,5867519.0
1758556800000,0.6697,0.6739,0.6607,0.6635,4866247.0
1758571200000,0.6636,0.6847,0.6629,0.6839,2150988.0
1758585600000,0.6839,0.6841,0.6659,0.6803,4238472.0
1758600000000,0.6804,0.6869,0.6733,0.6771,4492564.0
1758614400000,0.6772,0.685,0.6751,0.6801,2520415.0
1758628800000,0.68,0.6843,0.6691,0.6775,3735524.0
1758643200000,0.6774,0.6865,0.6673,0.67,3373472.0
1758657600000,0.6698,0.6817,0.6682,0.6722,2133730.0
1758672000000,0.6722,0.6849,0.6634,0.666,3310653.0
1758686400000,0.666,0.6843,0.6551,0.681,4247902.0
1758700800000,0.6812,0.6894,0.6797,0.6858,3155076.0
1758715200000,0.6858,0.6914,0.6788,0.6797,2323281.0
1758729600000,0.6797,0.6847,0.6765,0.6795,1716806.0
1758744000000,0.6796,0.6818,0.6725,0.6746,1489097.0
1758758400000,0.6747,0.6772,0.6626,0.6691,4088221.0
1758772800000,0.669,0.6713,0.651,0.6545,4176105.0
1758787200000,0.6545,0.6638,0.6488,0.6523,3565471.0
1758801600000,0.6522,0.6622,0.637,0.6537,6678459.0
1758816000000,0.6538,0.6559,0.619,0.6352,10827256.0
1758830400000,0.6353,0.6413,0.6261,0.6335,3888332.0
1758844800000,0.6334,0.6478,0.6331,0.6469,3573426.0
1758859200000,0.647,0.648,0.637,0.6424,2768378.0
1758873600000,0.6423,0.6456,0.6321,0.6433,3269457.0
1758888000000,0.6432,0.6577,0.634,0.6517,6957478.0
1758902400000,0.6516,0.6694,0.6512,0.6611,4351225.0
1758916800000,0.6611,0.6665,0.6576,0.6662,1771510.0
1758931200000,0.6661,0.6687,0.6614,0.6648,1513743.0
1758945600000,0.6647,0.6692,0.6611,0.6621,1661104.0
1758960000000,0.6622,0.6676,0.6554,0.6654,2050401.0
1758974400000,0.6655,0.6687,0.6597,0.668,1636733.0
1758988800000,0.6681,0.6687,0.6576,0.6618,1668197.0
1759003200000,0.6618,0.6684,0.66,0.6613,1349597.0
1759017600000,0.6614,0.6635,0.6518,0.6563,2068333.0
1759032000000,0.6564,0.6566,0.6456,0.6491,2384543.0
1759046400000,0.649,0.6512,0.6427,0.6455,2359334.0
1759060800000,0.6455,0.655,0.6391,0.6541,2253860.0
1759075200000,0.654,0.66,0.6528,0.6579,1650834.0
1759089600000,0.6579,0.6716,0.6569,0.6687,2988253.0
1759104000000,0.6687,0.6694,0.662,0.6658,1668667.0
1759118400000,0.6658,0.6661,0.6563,0.6599,1540354.0
1759132800000,0.6598,0.6647,0.6533,0.6574,2001983.0
1759147200000,0.6573,0.669,0.6463,0.6603,4283834.0
1759161600000,0.6603,0.6691,0.652,0.6683,3798850.0
1759176000000,0.6683,0.6808,0.6682,0.6723,4284292.0
1759190400000,0.6723,0.6738,0.6597,0.6623,4389545.0
1759204800000,0.6623,0.6692,0.6592,0.6609,3924316.0
1759219200000,0.6609,0.6636,0.6544,0.6625,2448081.0
1759233600000,0.6624,0.6653,0.6429,0.6475,4603432.0
1759248000000,0.6474,0.664,0.6433,0.6634,3428438.0
1759262400000,0.6634,0.6741,0.6622,0.669,3246191.0
1759276800000,0.6691,0.6735,0.6628,0.663,2600338.0
1759291200000,0.663,0.6853,0.6624,0.6738,3796918.0
1759305600000,0.6738,0.6984,0.6726,0.6899,6594938.0
1759320000000,0.6899,0.6928,0.6846,0.6901,3029823.0
1759334400000,0.6901,0.7006,0.6862,0.6983,3094324.0
1759348800000,0.6984,0.7064,0.6942,0.7059,2691791.0
1759363200000,0.7058,0.7188,0.7026,0.7108,4277354.0
1759377600000,0.7108,0.7195,0.7072,0.7134,2374667.0
1759392000000,0.7135,0.7173,0.709,0.7124,2555173.0
1759406400000,0.7124,0.7152,0.695,0.7096,4472410.0
1759420800000,0.7096,0.7304,0.7061,0.7258,4458032.0
1759435200000,0.7258,0.7287,0.7161,0.7222,2822129.0
1759449600000,0.7221,0.7227,0.7089,0.7145,3247885.0
1759464000000,0.7144,0.7241,0.7113,0.7138,2826487.0
1759478400000,0.7138,0.7231,0.7075,0.7192,2809919.0
1759492800000,0.7192,0.7275,0.7064,0.7267,4640986.0
1759507200000,0.7269,0.7386,0.7101,0.7257,8303331.0
1759521600000,0.7257,0.7297,0.7216,0.7233,2166853.0
1759536000000,0.7234,0.725,0.7062,0.7098,3103145.0
1759550400000,0.7098,0.7177,0.706,0.7085,2320861.0
1759564800000,0.7085,0.7097,0.6914,0.6935,3135835.0
1759579200000,0.6936,0.7024,0.6818,0.6846,4222415.0
1759593600000,0.6847,0.6916,0.6816,0.6909,2342059.0
1759608000000,0.6909,0.6942,0.6889,0.6907,1916403.0
1759622400000,0.6908,0.7091,0.6859,0.7013,3622860.0
1759636800000,0.7013,0.7237,0.7001,0.7229,4734412.0
1759651200000,0.723,0.7266,0.7001,0.7056,4362550.0
1759665600000,0.7056,0.7132,0.6995,0.7114,2952255.0
1759680000000,0.7114,0.7136,0.6879,0.6885,3439526.0
1759694400000,0.6883,0.6951,0.6861,0.6917,2177047.0
1759708800000,0.6917,0.7029,0.6858,0.6993,3752423.0
1759723200000,0.6991,0.704,0.6887,0.6972,2542954.0
1759737600000,0.6973,0.7075,0.6971,0.703,2760913.0
1759752000000,0.7031,0.7299,0.7031,0.7279,5777682.0
1759766400000,0.728,0.7431,0.7219,0.7387,5324938.0
1759780800000,0.7387,0.7414,0.7291,0.7311,2940748.0
1759795200000,0.7311,0.7345,0.7229,0.728,2610371.0
1759809600000,0.7279,0.7363,0.7179,0.7199,3842056.0
1759824000000,0.7199,0.7328,0.7089,0.7315,3985561.0
1759838400000,0.7314,0.7388,0.6845,0.6881,14237185.0
1759852800000,0.6881,0.6991,0.6803,0.6867,5857525.0
1759867200000,0.687,0.6982,0.6808,0.6832,3235641.0
1759881600000,0.6832,0.6969,0.6742,0.6822,4144353.0
1759896000000,0.6823,0.6904,0.6791,0.6887,3768641.0
1759910400000,0.6888,0.6993,0.6881,0.6938,2987437.0
1759924800000,0.6938,0.7081,0.6871,0.6985,5185199.0
1759939200000,0.6986,0.7256,0.697,0.7157,5869713.0
1759953600000,0.7157,0.724,0.7114,0.7216,2321467.0
1759968000000,0.7216,0.7236,0.6949,0.7041,4124686.0
1759982400000,0.704,0.7101,0.6956,0.6979,3312783.0
1759996800000,0.6978,0.6989,0.6797,0.6847,6789666.0
1760011200000,0.6846,0.6941,0.6686,0.6725,7522212.0
1760025600000,0.6724,0.6841,0.6644,0.6808,4802478.0
1760040000000,0.6809,0.6911,0.6785,0.6866,2437142.0
1760054400000,0.6866,0.7194,0.6834,0.7075,5385531.0
1760068800000,0.7077,0.7118,0.6953,0.6974,4077676.0
1760083200000,0.6975,0.7123,0.6961,0.7107,3115386.0
1760097600000,0.7109,0.7192,0.6631,0.6671,12799819.0
1760112000000,0.6671,0.6753,0.6401,0.6473,8718075.0
1760126400000,0.6474,0.6519,0.1536,0.4781,83532592.0
1760140800000,0.4782,0.4945,0.4536,0.4777,18817850.0
1760155200000,0.4781,0.4968,0.476,0.4847,10489989.0
1760169600000,0.4846,0.5409,0.4814,0.5161,14458681.0
1760184000000,0.5159,0.5216,0.5026,0.5167,7942879.0
1760198400000,0.5167,0.5173,0.478,0.4826,7793259.0
1760212800000,0.4825,0.4996,0.4711,0.4975,9897487.0
1760227200000,0.4975,0.508,0.4888,0.5027,6387606.0
1760241600000,0.5027,0.5215,0.5016,0.5201,4683532.0
1760256000000,0.5202,0.5271,0.5103,0.5255,5592927.0
1760270400000,0.5255,0.5554,0.5138,0.553,13271730.0
1760284800000,0.5529,0.5739,0.5529,0.5709,8889296.0
1760299200000,0.571,0.5756,0.5577,0.5663,6577688.0
1760313600000,0.5663,0.5737,0.5567,0.5589,7506450.0
1760328000000,0.5589,0.5766,0.5537,0.5703,5782085.0
1760342400000,0.5702,0.5836,0.5567,0.5669,9809684.0
1760356800000,0.5668,0.584,0.5609,0.575,15251413.0
1760371200000,0.575,0.6081,0.5728,0.6059,8887085.0
1760385600000,0.6058,0.6123,0.6026,0.6078,4478494.0
1760400000000,0.6078,0.61,0.5782,0.5806,6354636.0
1760414400000,0.5806,0.5842,0.5329,0.5385,17463787.0
1760428800000,0.5384,0.557,0.5311,0.5552,11673961.0
1760443200000,0.5551,0.5744,0.5417,0.5732,13115215.0
1760457600000,0.5734,0.5858,0.565,0.5739,12423477.0
1760472000000,0.574,0.5895,0.5706,0.5845,4265028.0
1760486400000,0.5842,0.5896,0.5736,0.5785,4823787.0
1760500800000,0.5786,0.5886,0.5751,0.587,4650246.0
1760515200000,0.5867,0.5988,0.5723,0.5777,6289376.0
1760529600000,0.5777,0.5816,0.5525,0.5584,13181128.0
1760544000000,0.5586,0.5616,0.5501,0.5543,5278437.0
1760558400000,0.5543,0.5591,0.5452,0.5558,4406310.0
1760572800000,0.5558,0.5637,0.5532,0.5566,3489633.0
1760587200000,0.5565,0.5654,0.5509,0.5606,3309806.0
1760601600000,0.5606,0.5682,0.5378,0.5643,8128711.0
1760616000000,0.5643,0.5702,0.5344,0.5377,9360857.0
1760630400000,0.5375,0.5536,0.5233,0.5291,11900387.0
1760644800000,0.5291,0.5322,0.5155,0.5233,5915428.0
1760659200000,0.5233,0.5356,0.5225,0.5342,4097177.0
1760673600000,0.5344,0.5348,0.4902,0.4922,9909147.0
1760688000000,0.4924,0.5132,0.4818,0.5053,15321059.0
1760702400000,0.5053,0.5106,0.491,0.51,11156196.0
1760716800000,0.5102,0.5214,0.5049,0.5096,7503249.0
1760731200000,0.5097,0.5178,0.5063,0.5074,4198443.0
1760745600000,0.5076,0.5203,0.507,0.5155,2959825.0
1760760000000,0.5155,0.5237,0.5073,0.5143,3898282.0
1760774400000,0.5142,0.5232,0.5121,0.5214,3452692.0
1760788800000,0.5214,0.5229,0.5067,0.5139,3188295.0
1760803200000,0.5139,0.5205,0.5074,0.5169,2828479.0
1760817600000,0.5171,0.5204,0.5133,0.5155,1909726.0
1760832000000,0.5156,0.5199,0.5089,0.5192,2019377.0
1760846400000,0.5191,0.5196,0.5089,0.5145,2163317.0
1760860800000,0.5147,0.5337,0.5064,0.5304,8068451.0
1760875200000,0.5304,0.5443,0.5269,0.54,6184332.0
1760889600000,0.54,0.5448,0.5347,0.5402,3925273.0
1760904000000,0.5403,0.5423,0.5335,0.5346,2911246.0
1760918400000,0.5345,0.5503,0.5233,0.5483,4434797.0
1760932800000,0.5483,0.5603,0.5445,0.5572,5894214.0
1760947200000,0.5571,0.5626,0.5521,0.561,4635586.0
1760961600000,0.5611,0.5643,0.5545,0.5545,4073428.0
1760976000000,0.5545,0.5636,0.542,0.5599,5674237.0
1760990400000,0.5598,0.5726,0.5533,0.5542,4957289.0
1761004800000,0.5543,0.5558,0.5378,0.5403,3594367.0
1761019200000,0.5401,0.5412,0.5276,0.5336,3868233.0
1761033600000,0.5335,0.5337,0.5235,0.5298,3910981.0
1761048000000,0.5297,0.5699,0.5285,0.5673,7591130.0
1761062400000,0.5673,0.573,0.5534,0.5563,6645065.0
1761076800000,0.5562,0.5572,0.5273,0.5286,6082818.0
1761091200000,0.5284,0.5314,0.5225,0.5297,4480173.0
1761105600000,0.5298,0.5349,0.5221,0.5287,3335027.0
1761120000000,0.5287,0.5323,0.516,0.5286,5753471.0
1761134400000,0.5283,0.5382,0.5221,0.5267,9019315.0
1761148800000,0.5269,0.53,0.5158,0.5211,5219166.0
1761163200000,0.5213,0.5229,0.4968,0.5173,7749659.0
1761177600000,0.5174,0.529,0.5164,0.5268,3619493.0
1761192000000,0.5268,0.5341,0.5234,0.5298,2990878.0
1761206400000,0.5297,0.5333,0.5224,0.5232,3266964.0
1761220800000,0.5232,0.5326,0.5177,0.5277,5009146.0
1761235200000,0.5279,0.5423,0.5274,0.5359,4631233.0
1761249600000,0.5358,0.5361,0.5275,0.5343,2483535.0
1761264000000,0.5345,0.5374,0.5271,0.5289,2848493.0
1761278400000,0.529,0.5402,0.5279,0.5358,3689563.0
1761292800000,0.5357,0.5403,0.5286,0.5344,4115143.0
1761307200000,0.5345,0.5461,0.5234,0.5262,5057333.0
1761321600000,0.5263,0.5373,0.5205,0.5336,2631528.0
1761336000000,0.5337,0.5383,0.5322,0.5331,2435113.0
1761350400000,0.533,0.5374,0.5282,0.5318,2792609.0
1761364800000,0.5317,0.5359,0.5299,0.5305,2373538.0
1761379200000,0.5305,0.5343,0.5275,0.531,2211992.0
1761393600000,0.5311,0.5351,0.5295,0.5325,2657855.0
1761408000000,0.5327,0.5389,0.5316,0.5366,4089653.0
1761422400000,0.5366,0.538,0.5317,0.5326,2937791.0
1761436800000,0.5327,0.5333,0.5222,0.5237,3751682.0
1761451200000,0.5238,0.5312,0.5231,0.5308,2610523.0
1761465600000,0.5308,0.5431,0.5306,0.5424,4675943.0
1761480000000,0.5424,0.5483,0.5406,0.5468,3363487.0
1761494400000,0.5469,0.5485,0.5423,0.547,3278114.0
1761508800000,0.547,0.5611,0.5423,0.5556,5032809.0
1761523200000,0.5555,0.5647,0.5543,0.5592,2771522.0
1761537600000,0.5592,0.5679,0.5542,0.5586,3653052.0
1761552000000,0.5586,0.5601,0.541,0.5475,4288353.0
1761566400000,0.5474,0.5479,0.5341,0.5439,3361663.0
1761580800000,0.5438,0.5628,0.5438,0.5494,5268841.0
1761595200000,0.5494,0.5495,0.5388,0.5434,2736088.0
1761609600000,0.5434,0.5473,0.5314,0.5333,4980937.0
1761624000000,0.5333,0.5468,0.5272,0.5353,5332665.0
1761638400000,0.5354,0.54,0.5337,0.5349,2269274.0
1761652800000,0.5348,0.5461,0.5289,0.5341,4120680.0
1761667200000,0.534,0.5412,0.5216,0.524,5133897.0
1761681600000,0.5239,0.5242,0.5033,0.5186,7427273.0
1761696000000,0.5186,0.5232,0.5175,0.5193,2694855.0
1761710400000,0.5193,0.525,0.5186,0.5222,2011733.0
1761724800000,0.5222,0.5297,0.5176,0.5285,3331063.0
1761739200000,0.5285,0.5315,0.5149,0.5179,4865343.0
1761753600000,0.518,0.5384,0.5039,0.5326,14452755.0
1761768000000,0.5327,0.5385,0.5211,0.524,5536997.0
1761782400000,0.524,0.5326,0.5201,0.5257,4137846.0
1761796800000,0.5257,0.5257,0.5016,0.5192,7423444.0
1761811200000,0.5193,0.5193,0.5038,0.5045,4095862.0
1761825600000,0.5044,0.5057,0.4794,0.4814,9667337.0
1761840000000,0.4814,0.4866,0.4628,0.4659,9534796.0
1761854400000,0.4659,0.4838,0.4641,0.4832,4592812.0
1761868800000,0.4832,0.4908,0.4808,0.4891,3743643.0
1761883200000,0.4892,0.4955,0.489,0.4908,4725048.0
1761897600000,0.4909,0.4957,0.4864,0.4949,3445012.0
1761912000000,0.4948,0.5003,0.4888,0.495,4080687.0
1761926400000,0.4949,0.4956,0.4768,0.4909,6069223.0
1761940800000,0.491,0.492,0.4844,0.4879,2327830.0
1761955200000,0.4879,0.4955,0.485,0.4946,2364731.0
1761969600000,0.4946,0.5026,0.4897,0.5017,2877951.0
1761984000000,0.5018,0.5141,0.4997,0.5119,7590655.0
1761998400000,0.512,0.5168,0.5071,0.5135,4180831.0
1762012800000,0.5136,0.5164,0.5106,0.5144,2270737.0
1762027200000,0.5145,0.5164,0.5084,0.5149,2396377.0
1762041600000,0.515,0.5163,0.5076,0.5093,1667683.0
1762056000000,0.5092,0.5208,0.5088,0.5183,2690007.0
1762070400000,0.5183,0.5201,0.5085,0.5169,3255298.0
1762084800000,0.5169,0.5169,0.4947,0.4977,3519947.0
1762099200000,0.4977,0.5024,0.4914,0.4946,2541098.0
1762113600000,0.4946,0.5094,0.4925,0.5077,2339528.0
1762128000000,0.5077,0.5103,0.4723,0.4735,6818178.0
1762142400000,0.4735,0.476,0.4609,0.4685,7766328.0
1762156800000,0.4684,0.4756,0.4645,0.4712,5283354.0
1762171200000,0.4711,0.4811,0.425,0.4417,19222728.0
1762185600000,0.4417,0.458,0.438,0.4434,8953166.0
1762200000000,0.4435,0.4486,0.4345,0.4479,6660352.0
1762214400000,0.4479,0.4593,0.4456,0.4584,4761596.0
1762228800000,0.4585,0.4628,0.4306,0.4331,10069447.0
1762243200000,0.433,0.4489,0.431,0.4423,5622021.0
1762257600000,0.4423,0.4538,0.4336,0.4411,7453815.0
1762272000000,0.441,0.4456,0.4098,0.4165,14458633.0
1762286400000,0.4166,0.4286,0.3981,0.4231,16793957.0
1762300800000,0.4232,0.436,0.4016,0.4346,9009832.0
1762315200000,0.4345,0.4383,0.4296,0.433,3662037.0
1762329600000,0.433,0.4362,0.4244,0.4349,3852099.0
1762344000000,0.4349,0.4445,0.433,0.4442,5264298.0
1762358400000,0.4443,0.4467,0.4376,0.4411,3723599.0
1762372800000,0.4411,0.4445,0.4359,0.4413,2414223.0
1762387200000,0.4412,0.4458,0.4339,0.4421,3622060.0
1762401600000,0.4422,0.4439,0.431,0.4327,3106670.0
1762416000000,0.4325,0.4373,0.4303,0.4326,4081392.0
1762430400000,0.4326,0.4389,0.4229,0.4262,5137867.0
1762444800000,0.4261,0.4384,0.418,0.4376,5869803.0
1762459200000,0.4375,0.4411,0.4318,0.4371,3387793.0
1762473600000,0.4371,0.4514,0.4364,0.4504,4922697.0
1762488000000,0.4504,0.4626,0.4463,0.4623,4396652.0
1762502400000,0.4623,0.4633,0.4433,0.4491,7014211.0
1762516800000,0.4491,0.4712,0.4376,0.4696,10125845.0
1762531200000,0.4697,0.5143,0.4686,0.5087,12274488.0
1762545600000,0.5084,0.5195,0.5021,0.5054,5739752.0
1762560000000,0.5054,0.517,0.4976,0.502,6557112.0
1762574400000,0.5022,0.5125,0.486,0.4947,4978398.0
1762588800000,0.4946,0.5004,0.4851,0.4957,4205716.0
1762603200000,0.4956,0.4977,0.4752,0.4783,4300365.0
1762617600000,0.4783,0.4885,0.4739,0.4884,2796661.0
1762632000000,0.4884,0.4945,0.485,0.4929,2295111.0
1762646400000,0.4928,0.4928,0.4648,0.4681,3930904.0
1762660800000,0.4681,0.4829,0.468,0.4816,3052256.0
1762675200000,0.4815,0.4981,0.4692,0.4902,8180302.0
1762689600000,0.4902,0.5045,0.4848,0.501,9639108.0
1762704000000,0.5009,0.5077,0.4924,0.5067,3734756.0
1762718400000,0.5068,0.5075,0.4915,0.4935,3684315.0
1762732800000,0.4935,0.5072,0.4905,0.5054,4046662.0
1762747200000,0.5052,0.507,0.4976,0.5035,3326137.0
1762761600000,0.5034,0.5231,0.4944,0.5165,7604762.0
1762776000000,0.5165,0.5197,0.4961,0.5029,8719752.0
1762790400000,0.503,0.5146,0.4938,0.5059,4501512.0
1762804800000,0.5058,0.6292,0.505,0.5722,82816625.0
1762819200000,0.5722,0.5868,0.5431,0.5478,47971854.0
1762833600000,0.5478,0.5539,0.5119,0.5141,19387574.0
1762848000000,0.5141,0.5168,0.5022,0.5109,12196659.0
1762862400000,0.511,0.516,0.4987,0.5072,15024787.0
1762876800000,0.5072,0.511,0.4918,0.4944,8588081.0
1762891200000,0.4945,0.4985,0.4849,0.4915,8751495.0
1762905600000,0.4915,0.5115,0.4879,0.5095,8213375.0
1762920000000,0.5093,0.519,0.5019,0.5038,7397359.0
1762934400000,0.5039,0.5261,0.5034,0.5172,8126717.0
1762948800000,0.5171,0.5287,0.4927,0.496,13200373.0
1762963200000,0.496,0.4964,0.4742,0.4788,9485013.0
1762977600000,0.4788,0.4896,0.4766,0.4842,5101239.0
1762992000000,0.4841,0.4936,0.4755,0.4874,7719921.0
1763006400000,0.4874,0.4931,0.4824,0.4846,5608500.0
1763020800000,0.4847,0.4893,0.4783,0.4814,4203836.0
1763035200000,0.4814,0.4936,0.4764,0.482,7100492.0
1763049600000,0.482,0.483,0.4542,0.4564,9786479.0
1763064000000,0.4563,0.4775,0.452,0.4721,5940531.0
1763078400000,0.4721,0.4785,0.4651,0.468,5669773.0
1763092800000,0.468,0.4783,0.4436,0.472,9914364.0
1763107200000,0.4721,0.4732,0.4598,0.4624,4348018.0
1763121600000,0.4625,0.4761,0.4516,0.4709,8441795.0
1763136000000,0.4709,0.4775,0.4653,0.4753,4220579.0
1763150400000,0.4752,0.4762,0.4466,0.4567,6371755.0
1763164800000,0.4566,0.4754,0.4558,0.4728,6065235.0
1763179200000,0.4729,0.4784,0.4674,0.4726,3245688.0
1763193600000,0.4726,0.4728,0.4591,0.462,2585630.0
1763208000000,0.4619,0.4735,0.4612,0.4713,3437738.0
1763222400000,0.4712,0.4777,0.4666,0.4743,3134059.0
1763236800000,0.4743,0.4753,0.465,0.4665,2400214.0
1763251200000,0.4666,0.474,0.4558,0.4723,3541759.0
1763265600000,0.4722,0.4776,0.4661,0.4775,4072346.0
1763280000000,0.4774,0.4779,0.4593,0.461,4044528.0
1763294400000,0.461,0.4633,0.4475,0.4484,5381653.0
1763308800000,0.4483,0.4526,0.4354,0.4442,6849957.0
1763323200000,0.4443,0.4553,0.4375,0.4504,4808371.0
1763337600000,0.4503,0.4597,0.4457,0.4556,3830287.0
1763352000000,0.4557,0.4671,0.4531,0.4671,2937120.0
1763366400000,0.4667,0.4677,0.4576,0.464,6178883.0
1763380800000,0.4639,0.4731,0.4504,0.4555,6054789.0
1763395200000,0.4555,0.4625,0.4406,0.4425,5791431.0
1763409600000,0.4425,0.4564,0.4396,0.456,5365786.0
1763424000000,0.4561,0.4755,0.446,0.4741,7784512.0
1763438400000,0.4742,0.4775,0.4631,0.4748,5758753.0
1763452800000,0.4747,0.4837,0.4684,0.4696,5560459.0
1763467200000,0.4696,0.4754,0.4602,0.47,6132134.0
1763481600000,0.4701,0.4829,0.4676,0.477,4327735.0
1763496000000,0.477,0.4772,0.4672,0.4716,2340200.0
1763510400000,0.4716,0.4716,0.4597,0.4609,3684724.0
1763524800000,0.4608,0.461,0.4471,0.458,5551895.0
1763539200000,0.458,0.4639,0.4577,0.4604,2546339.0
1763553600000,0.4605,0.4678,0.4509,0.4517,4852671.0
1763568000000,0.4517,0.4552,0.432,0.4378,7224329.0
1763582400000,0.4379,0.4591,0.4373,0.457,4723093.0
1763596800000,0.4569,0.4607,0.4535,0.4589,2951281.0
1763611200000,0.4589,0.4642,0.4577,0.4641,2108453.0
1763625600000,0.4642,0.4653,0.457,0.4629,3040331.0
1763640000000,0.4629,0.4756,0.4602,0.4608,5300164.0
1763654400000,0.4607,0.4617,0.4251,0.4367,10739639.0
1763668800000,0.4365,0.4493,0.432,0.4395,3494046.0
1763683200000,0.4395,0.4521,0.4361,0.4411,4351294.0
1763697600000,0.441,0.4433,0.371,0.4111,12804743.0
1763712000000,0.4111,0.4182,0.4002,0.4018,9113039.0
1763726400000,0.4019,0.4162,0.3922,0.4068,11559512.0
1763740800000,0.4067,0.4185,0.401,0.4089,8213358.0
1763755200000,0.4089,0.4129,0.3954,0.4097,6596737.0
1763769600000,0.4096,0.4152,0.406,0.4084,2884397.0
1763784000000,0.4084,0.4084,0.3973,0.4067,3980304.0
1763798400000,0.4068,0.407,0.3962,0.4031,3127639.0
1763812800000,0.4031,0.4068,0.3962,0.4048,3538435.0
1763827200000,0.4047,0.4111,0.4026,0.4043,2725655.0
1763841600000,0.4043,0.4142,0.4007,0.4081,3704411.0
1763856000000,0.4081,0.4132,0.4053,0.4095,2686817.0
1763870400000,0.4095,0.4134,0.4044,0.4075,2128559.0
1763884800000,0.4076,0.4101,0.4048,0.4077,2274425.0
1763899200000,0.4076,0.4124,0.4044,0.4089,2673156.0
1763913600000,0.4089,0.4104,0.4029,0.4063,2608694.0
1763928000000,0.4062,0.4093,0.4015,0.4025,2077303.0
1763942400000,0.4024,0.4147,0.3973,0.4106,3999327.0
1763956800000,0.4107,0.4162,0.403,0.4077,3368263.0
1763971200000,0.4076,0.4098,0.3988,0.4032,3992018.0
1763985600000,0.4032,0.4108,0.3978,0.4089,4832346.0
1764000000000,0.409,0.4242,0.4089,0.4213,5042313.0
1764014400000,0.4213,0.4249,0.4159,0.4169,2606280.0
1764028800000,0.4168,0.419,0.4104,0.4126,2644396.0
1764043200000,0.4125,0.4156,0.4079,0.4087,2335935.0
1764057600000,0.4086,0.4113,0.4056,0.4082,2318471.0
1764072000000,0.4083,0.4145,0.4022,0.4081,3797579.0
1764086400000,0.4082,0.4197,0.4073,0.4159,3652558.0
1764100800000,0.416,0.426,0.4128,0.4218,3121822.0
1764115200000,0.4218,0.4256,0.4157,0.4162,2912631.0
1764129600000,0.4161,0.42,0.4151,0.419,1855996.0
1764144000000,0.4189,0.4197,0.402,0.4034,8029610.0
1764158400000,0.4034,0.4046,0.3869,0.3901,8242590.0
1764172800000,0.39,0.4033,0.3893,0.4012,8072401.0
1764187200000,0.4012,0.4022,0.395,0.3973,3798136.0
1764201600000,0.3972,0.4008,0.3905,0.392,6428608.0
1764216000000,0.3919,0.3972,0.3913,0.3962,3170142.0
1764230400000,0.3962,0.3998,0.3949,0.3961,3056664.0
1764244800000,0.3961,0.397,0.391,0.3966,3346801.0
1764259200000,0.3967,0.4013,0.396,0.398,3189732.0
1764273600000,0.398,0.4014,0.3916,0.3932,2784373.0
1764288000000,0.3932,0.3958,0.3871,0.3903,3940874.0
1764302400000,0.3903,0.3918,0.3856,0.3882,3313240.0
1764316800000,0.3882,0.3996,0.388,0.3949,3854338.0
1764331200000,0.3948,0.4017,0.3911,0.3973,3714057.0
1764345600000,0.3973,0.3973,0.3803,0.3853,5961116.0
1764360000000,0.3853,0.386,0.3784,0.3836,3852715.0
1764374400000,0.3837,0.3894,0.3827,0.3878,2651999.0
1764388800000,0.3879,0.3916,0.3844,0.3855,2697295.0
1764403200000,0.3854,0.3874,0.3803,0.3869,2395898.0
1764417600000,0.387,0.3873,0.3795,0.3814,2437389.0
1764432000000,0.3814,0.3821,0.373,0.3765,4753198.0
1764446400000,0.3765,0.3789,0.3741,0.3779,1918232.0
1764460800000,0.3779,0.3795,0.3713,0.3785,2194960.0
1764475200000,0.3786,0.3815,0.3748,0.3814,2250226.0
1764489600000,0.3815,0.3847,0.3785,0.3787,3531785.0
1764504000000,0.3788,0.3857,0.3767,0.3798,3139336.0
1764518400000,0.3799,0.3841,0.3797,0.3816,1280067.0
1764532800000,0.3816,0.3834,0.371,0.3719,2455244.0
1764547200000,0.3719,0.3727,0.3353,0.337,17946972.0
1764561600000,0.3369,0.3411,0.3314,0.3395,7326454.0
1764576000000,0.3395,0.3432,0.3369,0.3387,3378420.0
1764590400000,0.3389,0.3427,0.3305,0.3371,9237332.0
1764604800000,0.3373,0.3384,0.3317,0.3345,3845674.0
1764619200000,0.3343,0.3435,0.3343,0.3404,3611191.0
1764633600000,0.3403,0.3443,0.3359,0.3394,2909406.0
1764648000000,0.3395,0.3408,0.3369,0.338,1558552.0
1764662400000,0.338,0.3402,0.3345,0.3392,2639219.0
1764676800000,0.3393,0.3693,0.3375,0.369,7685690.0
1764691200000,0.369,0.3731,0.3624,0.3643,5816368.0
1764705600000,0.3644,0.368,0.3601,0.3655,3348993.0
1764720000000,0.3655,0.3708,0.365,0.3677,2561373.0
1764734400000,0.3677,0.3756,0.3675,0.3715,2779511.0
1764748800000,0.3716,0.3743,0.3692,0.3709,1957386.0
1764763200000,0.3709,0.3728,0.3604,0.3696,3998164.0
1764777600000,0.3697,0.3762,0.3667,0.3723,2087685.0
1764792000000,0.3722,0.3788,0.3701,0.3742,2940456.0
1764806400000,0.3742,0.3772,0.3715,0.3732,2529317.0
1764820800000,0.3732,0.3743,0.3704,0.3723,1840004.0
1764835200000,0.3722,0.3731,0.3685,0.3695,1837892.0
1764849600000,0.3696,0.3701,0.3606,0.366,3624237.0
1764864000000,0.366,0.3695,0.3507,0.3557,5666707.0
1764878400000,0.3556,0.3578,0.352,0.352,2627793.0
1764892800000,0.352,0.3557,0.3502,0.3516,2764425.0
1764907200000,0.3516,0.3536,0.3477,0.3528,2894497.0
1764921600000,0.3528,0.3528,0.3419,0.3449,4573137.0
1764936000000,0.3448,0.3465,0.3383,0.3393,5447580.0
1764950400000,0.3393,0.3393,0.3197,0.3275,11018841.0
1764964800000,0.3274,0.3325,0.3267,0.3305,3394547.0
1764979200000,0.3305,0.3345,0.3281,0.3343,3021927.0
1764993600000,0.3343,0.3344,0.3288,0.3298,2355411.0
1765008000000,0.3298,0.3306,0.3275,0.3295,1993999.0
1765022400000,0.3294,0.3339,0.3282,0.3307,3446761.0
1765036800000,0.3307,0.339,0.3307,0.3352,2671115.0
1765051200000,0.3353,0.3399,0.3332,0.3348,2107959.0
1765065600000,0.3348,0.3386,0.3346,0.3369,1782485.0
1765080000000,0.337,0.3373,0.3309,0.3318,1624150.0
1765094400000,0.3317,0.332,0.3256,0.327,3124608.0
1765108800000,0.3269,0.3296,0.3161,0.3268,6065443.0
1765123200000,0.3268,0.3345,0.3231,0.3333,3968338.0
1765137600000,0.3333,0.334,0.3146,0.3202,4498366.0
1765152000000,0.3203,0.3273,0.3178,0.3254,2762654.0
1765166400000,0.3254,0.3373,0.3254,0.3363,3363894.0
1765180800000,0.3363,0.3422,0.3324,0.3342,3225512.0
1765195200000,0.3342,0.3373,0.3291,0.3301,4744560.0
1765209600000,0.3301,0.3349,0.3273,0.3286,3972185.0
1765224000000,0.3286,0.335,0.3284,0.3326,1940578.0
1765238400000,0.3326,0.3356,0.3259,0.3306,2667341.0
1765252800000,0.3307,0.3309,0.3257,0.3304,1646091.0
1765267200000,0.3304,0.3309,0.3256,0.3277,1726393.0
1765281600000,0.3277,0.3456,0.3272,0.3452,5444353.0
1765296000000,0.3453,0.3631,0.3453,0.3568,8474676.0
1765310400000,0.3567,0.3576,0.3417,0.3491,5141480.0
1765324800000,0.3491,0.3502,0.3416,0.3429,1973442.0
1765339200000,0.3428,0.344,0.3377,0.3413,2504637.0
1765353600000,0.3413,0.3426,0.3351,0.3369,2401784.0
1765368000000,0.3369,0.3416,0.3352,0.3385,2955576.0
1765382400000,0.3385,0.3492,0.3381,0.3479,5383578.0
1765396800000,0.348,0.3563,0.3316,0.3323,7426399.0
1765411200000,0.3323,0.3327,0.3179,0.3195,5697393.0
1765425600000,0.3194,0.3244,0.3158,0.3242,4820231.0
1765440000000,0.3242,0.3255,0.3213,0.3241,2768710.0
1765454400000,0.3241,0.3289,0.3222,0.3252,4308696.0
1765468800000,0.3251,0.3313,0.3218,0.3273,3204109.0
1765483200000,0.3272,0.3367,0.3266,0.3315,3159752.0
1765497600000,0.3317,0.3344,0.3267,0.3299,1834759.0
1765512000000,0.3298,0.334,0.3272,0.3302,1850021.0
1765526400000,0.3303,0.3337,0.3287,0.3304,1953446.0
1765540800000,0.3304,0.3319,0.3128,0.3152,6180920.0
1765555200000,0.3151,0.317,0.3088,0.3142,5804023.0
1765569600000,0.3142,0.32,0.3132,0.3193,2478303.0
1765584000000,0.3193,0.3221,0.3187,0.3209,1863741.0
1765598400000,0.3209,0.3238,0.3181,0.3229,2417268.0
1765612800000,0.323,0.3294,0.3225,0.3244,3538677.0
1765627200000,0.3244,0.326,0.321,0.3243,2773937.0
1765641600000,0.3242,0.3264,0.3234,0.3252,1405346.0
1765656000000,0.3253,0.3263,0.3226,0.3253,1684158.0
1765670400000,0.3253,0.3286,0.3241,0.3253,2202488.0
1765684800000,0.3253,0.3253,0.3206,0.3218,1830281.0
1765699200000,0.3219,0.3231,0.314,0.3175,3065786.0
1765713600000,0.3174,0.3193,0.3126,0.3133,2053096.0
1765728000000,0.3134,0.3159,0.3081,0.309,3592553.0
1765742400000,0.3089,0.3114,0.303,0.307,3808692.0
1765756800000,0.307,0.3187,0.3068,0.3141,3345735.0
1765771200000,0.3142,0.3183,0.3138,0.315,1821435.0
1765785600000,0.3152,0.3185,0.3145,0.3175,1983779.0
1765800000000,0.3175,0.3188,0.2967,0.2982,9842083.0
1765814400000,0.2982,0.2991,0.2896,0.2959,8470421.0
1765828800000,0.296,0.2994,0.293,0.2992,3448117.0
1765843200000,0.2991,0.2995,0.2936,0.2974,2423466.0
1765857600000,0.2975,0.2984,0.2919,0.2938,2140514.0
1765872000000,0.2939,0.3022,0.2938,0.3014,3424678.0
1765886400000,0.3014,0.3033,0.2945,0.3025,5443276.0
1765900800000,0.3025,0.3055,0.3009,0.3036,4875246.0
1765915200000,0.3035,0.3047,0.3004,0.3017,1582729.0
1765929600000,0.3017,0.304,0.2993,0.3017,2731915.0
1765944000000,0.3017,0.3017,0.2971,0.2994,2589023.0
1765958400000,0.2994,0.301,0.2966,0.3008,2452512.0
1765972800000,0.3008,0.3096,0.2946,0.2959,10247727.0
1765987200000,0.2959,0.298,0.2833,0.2873,12634789.0
1766001600000,0.2874,0.2893,0.2812,0.2841,4109677.0
1766016000000,0.2842,0.2853,0.2799,0.2805,3387392.0
1766030400000,0.2804,0.282,0.2771,0.2805,3794005.0
1766044800000,0.2805,0.2864,0.2804,0.284,4187002.0
1766059200000,0.2841,0.2953,0.2837,0.2924,9679772.0
1766073600000,0.2925,0.2926,0.2665,0.2675,12453688.0
1766088000000,0.2674,0.2766,0.2672,0.2718,4569484.0
1766102400000,0.2718,0.2822,0.2686,0.2792,4666020.0
1766116800000,0.2793,0.2877,0.2778,0.2855,4699294.0
1766131200000,0.2855,0.2883,0.2839,0.2857,3218772.0
1766145600000,0.2857,0.2933,0.2845,0.2876,5107527.0
1766160000000,0.2876,0.2955,0.2866,0.2941,4264921.0
1766174400000,0.2943,0.2966,0.2925,0.2951,2518014.0
1766188800000,0.2951,0.296,0.2932,0.2944,1433074.0
1766203200000,0.2943,0.2983,0.2921,0.2976,2981956.0
1766217600000,0.2975,0.3008,0.2937,0.297,3796886.0
1766232000000,0.2969,0.2969,0.2917,0.2962,3440490.0
1766246400000,0.2962,0.3019,0.2961,0.2996,4542299.0
1766260800000,0.2996,0.3088,0.2977,0.3062,5707070.0
1766275200000,0.3063,0.307,0.2958,0.2981,3672795.0
1766289600000,0.2982,0.3036,0.2975,0.3021,2891081.0
1766304000000,0.302,0.3033,0.2976,0.2986,2801109.0
1766318400000,0.2986,0.3004,0.2869,0.2895,6508903.0
1766332800000,0.2895,0.2929,0.2879,0.2925,2167868.0
1766347200000,0.2926,0.2955,0.2888,0.2931,1739846.0
1766361600000,0.2932,0.2997,0.2889,0.2949,3483592.0
1766376000000,0.2949,0.2989,0.2945,0.2982,2344216.0
1766390400000,0.2982,0.3016,0.2972,0.2991,2735050.0
1766404800000,0.2991,0.3019,0.2954,0.2986,4309174.0
1766419200000,0.2987,0.3003,0.2913,0.2919,2692649.0
1766433600000,0.2918,0.2962,0.2898,0.2952,3907087.0
1766448000000,0.2952,0.2975,0.2912,0.2936,3883631.0
1766462400000,0.2935,0.2942,0.2887,0.2904,3489488.0
1766476800000,0.2903,0.2924,0.2892,0.2906,1118214.0
1766491200000,0.2905,0.2905,0.2817,0.2855,5277000.0
1766505600000,0.2855,0.2909,0.2844,0.2887,3193280.0
1766520000000,0.2888,0.2929,0.2873,0.2888,1607311.0
1766534400000,0.2889,0.2914,0.2834,0.2864,1494651.0
1766548800000,0.2865,0.2883,0.2827,0.2836,1514040.0
1766563200000,0.2836,0.2859,0.2822,0.2843,1285762.0
1766577600000,0.2844,0.2871,0.2811,0.2862,1997013.0
1766592000000,0.2863,0.289,0.2853,0.2876,1825006.0
1766606400000,0.2876,0.2896,0.2867,0.2876,1228575.0
1766620800000,0.2876,0.2917,0.2869,0.2916,2239201.0
1766635200000,0.2916,0.2924,0.2893,0.2912,1454415.0
1766649600000,0.2911,0.2933,0.2861,0.288,1520195.0
1766664000000,0.2879,0.2913,0.2856,0.2904,1344547.0
1766678400000,0.2905,0.2919,0.2884,0.2916,1447646.0
1766692800000,0.2916,0.2919,0.281,0.2819,3532599.0
1766707200000,0.2819,0.293,0.2801,0.2897,4103665.0
1766721600000,0.2897,0.2915,0.2861,0.287,1697665.0
1766736000000,0.2869,0.289,0.2867,0.2872,1030511.0
1766750400000,0.2872,0.2893,0.2795,0.2813,3169485.0
1766764800000,0.2814,0.2833,0.2777,0.2822,3863963.0
1766779200000,0.2823,0.2836,0.2812,0.2827,1283672.0
1766793600000,0.2828,0.286,0.2826,0.2855,1110716.0
1766808000000,0.2856,0.2858,0.2833,0.2839,650013.0
1766822400000,0.2839,0.2852,0.2803,0.285,1389782.0
1766836800000,0.2851,0.2854,0.2819,0.2836,1207071.0
1766851200000,0.2837,0.3007,0.2836,0.2866,18742303.0
1766865600000,0.2867,0.2954,0.286,0.2945,2604125.0
1766880000000,0.2946,0.2965,0.2929,0.2954,3611637.0
1766894400000,0.2953,0.3006,0.2951,0.3001,3081813.0
1766908800000,0.3001,0.3014,0.2977,0.2995,2205690.0
1766923200000,0.2996,0.3041,0.2974,0.302,3914555.0
1766937600000,0.302,0.3089,0.2951,0.2956,10269717.0
1766952000000,0.2955,0.2992,0.2946,0.2986,2084138.0
1766966400000,0.2986,0.3046,0.2982,0.3042,2570142.0
1766980800000,0.3042,0.3051,0.298,0.3015,2214016.0
1766995200000,0.3016,0.3017,0.2937,0.2974,3620095.0
1767009600000,0.2973,0.2976,0.2903,0.2955,4288716.0
1767024000000,0.2955,0.297,0.2934,0.2939,2066233.0
1767038400000,0.2939,0.2956,0.2923,0.2945,1421725.0
1767052800000,0.2944,0.2961,0.2915,0.294,1678059.0
1767067200000,0.2939,0.2944,0.2896,0.2916,1597584.0
1767081600000,0.2915,0.2959,0.2912,0.2945,2091570.0
1767096000000,0.2947,0.2963,0.291,0.2961,2092917.0
1767110400000,0.2962,0.2975,0.2906,0.2949,2250430.0
1767124800000,0.2948,0.2948,0.287,0.2908,3285842.0
1767139200000,0.2908,0.2916,0.2878,0.2902,1739006.0
1767153600000,0.2902,0.2908,0.2871,0.2881,1192497.0
1767168000000,0.288,0.289,0.2857,0.2885,1538026.0
1767182400000,0.2885,0.2892,0.284,0.2852,2323727.0
1767196800000,0.2852,0.286,0.2704,0.2745,7519445.0
1767211200000,0.2745,0.2775,0.2721,0.2739,3021813.0
1767225600000,0.274,0.2762,0.2739,0.275,1586476.0
1767240000000,0.2749,0.2774,0.2736,0.2767,1017414.0
1767254400000,0.2767,0.2803,0.2764,0.2803,1863102.0
1767268800000,0.2803,0.2874,0.2777,0.2864,2514099.0
1767283200000,0.2865,0.3,0.2858,0.2995,7931755.0
1767297600000,0.2995,0.3079,0.2977,0.3051,5022395.0
1767312000000,0.3051,0.3126,0.3046,0.3084,5942761.0
1767326400000,0.3085,0.3091,0.3037,0.305,2498252.0
1767340800000,0.3051,0.3141,0.3048,0.3099,4026549.0
1767355200000,0.3098,0.3146,0.3068,0.3108,5411150.0
1767369600000,0.3108,0.3242,0.3103,0.3237,5917513.0
1767384000000,0.3237,0.3436,0.3222,0.3364,8753113.0
1767398400000,0.3365,0.3378,0.3313,0.3344,3089886.0
1767412800000,0.3343,0.3343,0.321,0.3216,3649859.0
1767427200000,0.3215,0.3245,0.3193,0.3245,2449243.0
1767441600000,0.3244,0.3261,0.3229,0.3249,1591850.0
1767456000000,0.3249,0.3342,0.3245,0.3316,3135467.0
1767470400000,0.3317,0.3341,0.329,0.3335,1047957.0
1767484800000,0.3335,0.3383,0.3329,0.3368,2129280.0
1767499200000,0.3368,0.3383,0.3313,0.3341,1680496.0
1767513600000,0.3341,0.3399,0.3306,0.3383,3160877.0
1767528000000,0.3383,0.3444,0.336,0.343,4009849.0
1767542400000,0.343,0.348,0.3391,0.3416,2973270.0
1767556800000,0.3416,0.3416,0.3356,0.338,3560508.0
1767571200000,0.3379,0.3454,0.3359,0.339,3355146.0
1767585600000,0.339,0.3393,0.3305,0.3349,1807626.0
1767600000000,0.3349,0.3365,0.3278,0.3303,2886835.0
1767614400000,0.3303,0.3376,0.3278,0.3363,3359386.0
1767628800000,0.3363,0.3434,0.3312,0.3399,3834971.0
1767643200000,0.34,0.3489,0.3399,0.3467,2909556.0
1767657600000,0.3467,0.3504,0.3422,0.3477,2511658.0
1767672000000,0.3477,0.3513,0.3433,0.3443,2168675.0
1767686400000,0.3444,0.3555,0.3444,0.3547,3573169.0
1767700800000,0.3548,0.3689,0.3544,0.3576,7236773.0
1767715200000,0.3575,0.3595,0.3378,0.3436,6500238.0
1767729600000,0.3436,0.3587,0.3436,0.3551,3006419.0
1767744000000,0.355,0.3552,0.3431,0.3471,3076391.0
1767758400000,0.3472,0.3499,0.3434,0.3499,1287986.0
1767772800000,0.35,0.3522,0.3414,0.3452,2425186.0
1767787200000,0.3452,0.3452,0.3322,0.334,4504149.0
1767801600000,0.334,0.3389,0.3333,0.3368,2666165.0
1767816000000,0.3368,0.3391,0.3324,0.3373,1892864.0
1767830400000,0.3373,0.3401,0.3313,0.3317,2736295.0
1767844800000,0.3317,0.337,0.3244,0.3307,3371890.0
1767859200000,0.3308,0.3324,0.3211,0.3264,2950434.0
1767873600000,0.3263,0.3321,0.3203,0.3317,3084395.0
1767888000000,0.3317,0.3326,0.3255,0.3264,2199601.0
1767902400000,0.3264,0.3308,0.3237,0.3287,1597639.0
1767916800000,0.3287,0.3313,0.3246,0.331,2046246.0
1767931200000,0.331,0.3322,0.3285,0.3308,904792.0
1767945600000,0.3308,0.3314,0.3245,0.3283,1686283.0
1767960000000,0.3283,0.3396,0.3267,0.3357,3194712.0
1767974400000,0.3358,0.3418,0.327,0.3277,2752867.0
1767988800000,0.3276,0.3312,0.3271,0.3297,1669625.0
1768003200000,0.3296,0.3299,0.3247,0.3269,1279196.0
1768017600000,0.3269,0.3281,0.3225,0.3275,1131912.0
1768032000000,0.3274,0.3292,0.3266,0.3289,1153490.0
1768046400000,0.329,0.3311,0.3269,0.3278,1074997.0
1768060800000,0.3278,0.3306,0.3259,0.3301,1297505.0
1768075200000,0.3302,0.3304,0.3229,0.3237,1013997.0
1768089600000,0.3237,0.3245,0.3226,0.3237,835313.0
1768104000000,0.3236,0.3263,0.3221,0.3262,936830.0
1768118400000,0.3262,0.3274,0.3244,0.3251,824002.0
1768132800000,0.325,0.3264,0.3204,0.3217,1315821.0
1768147200000,0.3217,0.3266,0.3213,0.3229,1396392.0
1768161600000,0.3228,0.3229,0.3142,0.319,2512856.0
1768176000000,0.3189,0.3303,0.3141,0.3253,3750345.0
1768190400000,0.3253,0.3297,0.3208,0.3215,1803328.0
1768204800000,0.3214,0.3228,0.3162,0.3192,2297530.0
1768219200000,0.3191,0.3193,0.3115,0.3187,3063194.0
1768233600000,0.3186,0.3219,0.314,0.317,2305508.0
1768248000000,0.317,0.3187,0.3111,0.3142,2033623.0
1768262400000,0.3142,0.3178,0.3139,0.3174,1691227.0
1768276800000,0.3174,0.3243,0.3173,0.3228,2089315.0
1768291200000,0.3228,0.3297,0.3221,0.3282,1926338.0
1768305600000,0.3284,0.3514,0.3282,0.3465,16070406.0
1768320000000,0.3466,0.3496,0.343,0.3469,4572446.0
1768334400000,0.347,0.3619,0.3422,0.3538,5882240.0
1768348800000,0.3537,0.3579,0.3494,0.3527,4614880.0
1768363200000,0.3527,0.3543,0.3484,0.3506,2198108.0
1768377600000,0.3506,0.3547,0.349,0.3499,1944007.0
1768392000000,0.3499,0.3544,0.3453,0.3528,3446377.0
1768406400000,0.3529,0.3558,0.3416,0.3474,4157510.0
1768420800000,0.3474,0.3494,0.3425,0.3447,1683832.0
1768435200000,0.3447,0.3457,0.3336,0.3341,4400961.0
1768449600000,0.334,0.3416,0.3334,0.3398,1870385.0
1768464000000,0.3398,0.3423,0.3374,0.3403,1684509.0
1768478400000,0.3403,0.3436,0.3279,0.3326,3746559.0
1768492800000,0.3326,0.3328,0.3209,0.3231,6277963.0
1768507200000,0.323,0.327,0.321,0.3266,2212786.0
1768521600000,0.3267,0.3298,0.325,0.3273,1765127.0
1768536000000,0.3272,0.3308,0.3245,0.3286,1955839.0
1768550400000,0.3286,0.3305,0.3277,0.3295,1228164.0
1768564800000,0.3294,0.3297,0.3179,0.32,2489541.0
1768579200000,0.3199,0.3258,0.3192,0.3247,1858524.0
1768593600000,0.3246,0.3336,0.3226,0.3329,1812089.0
1768608000000,0.3329,0.3388,0.3319,0.3366,1757928.0
1768622400000,0.3365,0.3435,0.3348,0.343,2190063.0
1768636800000,0.3431,0.3478,0.3406,0.3408,2495755.0
1768651200000,0.3407,0.3673,0.3402,0.3673,6570555.0
1768665600000,0.3672,0.375,0.3577,0.3611,10577960.0
1768680000000,0.3612,0.3648,0.3511,0.3535,3028016.0
1768694400000,0.3534,0.3585,0.3453,0.3474,3491862.0
1768708800000,0.3474,0.3505,0.3439,0.3485,2571227.0
1768723200000,0.3486,0.349,0.3433,0.3466,2437834.0
1768737600000,0.3466,0.3477,0.3423,0.3468,2161686.0
1768752000000,0.3468,0.3513,0.3451,0.3486,1815273.0
1768766400000,0.3486,0.3526,0.3269,0.328,4678945.0
1768780800000,0.3279,0.3279,0.2884,0.3115,20658596.0
1768795200000,0.3115,0.3115,0.3041,0.3062,4152263.0
1768809600000,0.3062,0.3129,0.3054,0.3069,4509894.0
1768824000000,0.3068,0.3083,0.3046,0.3063,1551929.0
1768838400000,0.3063,0.3172,0.305,0.3152,3303951.0
1768852800000,0.3153,0.3171,0.3094,0.3146,3033065.0
1768867200000,0.3146,0.3167,0.311,0.3139,3207606.0
1768881600000,0.3138,0.316,0.3083,0.3097,3508618.0
1768896000000,0.3096,0.313,0.3058,0.306,3996620.0
1768910400000,0.3061,0.3129,0.3032,0.3056,4505793.0
1768924800000,0.3056,0.3068,0.2974,0.3005,3044546.0
1768939200000,0.3004,0.3043,0.2962,0.3012,2139164.0
1768953600000,0.3013,0.3211,0.3006,0.316,5394962.0
1768968000000,0.3162,0.3169,0.3091,0.3099,2092374.0
1768982400000,0.31,0.3117,0.304,0.3043,3050992.0
1768996800000,0.3043,0.3134,0.2991,0.313,5214164.0
1769011200000,0.3131,0.3171,0.2975,0.3171,4691320.0
1769025600000,0.3171,0.3179,0.3066,0.3076,2639310.0
1769040000000,0.3077,0.3177,0.3077,0.3136,2821429.0
1769054400000,0.3135,0.3166,0.3091,0.3103,1816902.0
1769068800000,0.3103,0.3131,0.3078,0.3079,1818759.0
1769083200000,0.3079,0.3096,0.2983,0.3007,2990467.0
1769097600000,0.3007,0.3057,0.3002,0.3032,2377828.0
1769112000000,0.3032,0.3039,0.3004,0.3029,1181781.0
1769126400000,0.303,0.3126,0.3022,0.3105,2516693.0
1769140800000,0.3104,0.3148,0.3076,0.309,2236997.0
1769155200000,0.3089,0.3103,0.3055,0.3091,1844598.0
1769169600000,0.309,0.3107,0.2992,0.3065,2442214.0
1769184000000,0.3066,0.3113,0.3002,0.3017,2837387.0
1769198400000,0.3018,0.3033,0.2985,0.3017,1448572.0
1769212800000,0.3017,0.3047,0.3006,0.3036,1046139.0
1769227200000,0.3037,0.3054,0.3025,0.3045,992444.0
1769241600000,0.3044,0.3061,0.3038,0.3049,701601.0
1769256000000,0.3049,0.3054,0.2994,0.2995,895341.0
1769270400000,0.2997,0.3024,0.2984,0.3,1411628.0
1769284800000,0.3,0.3031,0.2998,0.303,886530.0
1769299200000,0.3031,0.3037,0.299,0.2996,1119769.0
1769313600000,0.2995,0.3018,0.2973,0.2988,975291.0
1769328000000,0.2988,0.3015,0.2957,0.2983,2105234.0
1769342400000,0.2982,0.2994,0.2956,0.2976,2337907.0
1769356800000,0.2975,0.2976,0.2776,0.2794,6887302.0
1769371200000,0.2795,0.2845,0.2784,0.2844,3329960.0
1769385600000,0.2843,0.2908,0.2827,0.287,2587455.0
1769400000000,0.2871,0.2949,0.2871,0.2934,2412769.0
1769414400000,0.2934,0.2967,0.2924,0.2954,1970382.0
1769428800000,0.2954,0.306,0.2948,0.3018,4139789.0
1769443200000,0.3018,0.3028,0.2962,0.2995,2775839.0
1769457600000,0.2995,0.3023,0.2964,0.2967,1699767.0
1769472000000,0.2967,0.3002,0.2958,0.2961,1716779.0
1769486400000,0.2961,0.2981,0.2945,0.2954,1599673.0
1769500800000,0.2955,0.296,0.293,0.2947,1811751.0
1769515200000,0.2946,0.2991,0.2917,0.2989,2140905.0
1769529600000,0.2989,0.3036,0.292,0.2998,3485287.0
1769544000000,0.2997,0.3033,0.299,0.3025,1823698.0
1769558400000,0.3026,0.3056,0.301,0.3031,2099595.0
1769572800000,0.303,0.3032,0.2997,0.3014,1021161.0
1769587200000,0.3014,0.3045,0.2998,0.3044,1326080.0
1769601600000,0.3043,0.3044,0.2955,0.2969,2135005.0
1769616000000,0.2969,0.2995,0.2941,0.2981,2161462.0
1769630400000,0.298,0.3044,0.2953,0.3007,3052646.0
1769644800000,0.3008,0.3016,0.2863,0.2876,4503383.0
1769659200000,0.2876,0.2913,0.2858,0.2893,1375405.0
1769673600000,0.2893,0.2901,0.2843,0.2853,2037211.0
1769688000000,0.2853,0.2855,0.2685,0.2722,5315661.0
1769702400000,0.2723,0.2782,0.2671,0.2712,5192081.0
1769716800000,0.2712,0.2768,0.2703,0.2747,2333908.0
1769731200000,0.2747,0.2765,0.2631,0.2702,5480355.0
1769745600000,0.2703,0.2741,0.266,0.2707,3096453.0
1769760000000,0.2706,0.2736,0.2676,0.2724,2259079.0
1769774400000,0.2724,0.2737,0.2671,0.2716,3308966.0
1769788800000,0.2716,0.2763,0.2643,0.2742,4428090.0
1769803200000,0.2741,0.2741,0.2696,0.2724,2344520.0
1769817600000,0.2723,0.2723,0.2689,0.2693,1243632.0
1769832000000,0.2692,0.2699,0.2641,0.2662,1956765.0
1769846400000,0.2663,0.2668,0.258,0.2616,3770662.0
1769860800000,0.2615,0.262,0.2392,0.2442,13813055.0
1769875200000,0.2442,0.2487,0.2157,0.2327,19907391.0
1769889600000,0.2327,0.2455,0.231,0.2436,5539102.0
1769904000000,0.2435,0.2462,0.2419,0.2452,2863556.0
1769918400000,0.2452,0.2464,0.2433,0.2452,2463168.0
1769932800000,0.2452,0.2464,0.2408,0.2427,2902017.0
1769947200000,0.2427,0.243,0.2306,0.2333,5682021.0
1769961600000,0.2333,0.2398,0.2315,0.2353,4373487.0
1769976000000,0.2353,0.2382,0.2284,0.2343,5296155.0
1769990400000,0.2344,0.2427,0.2277,0.2364,6144720.0
1770004800000,0.2364,0.2393,0.2271,0.2342,6359756.0
1770019200000,0.2342,0.2399,0.2341,0.2375,2972444.0
1770033600000,0.2376,0.2467,0.2373,0.2453,5012168.0
1770048000000,0.2453,0.2466,0.2416,0.2419,2554679.0
1770062400000,0.2418,0.2428,0.2399,0.2416,1641008.0
1770076800000,0.2417,0.2421,0.2351,0.2401,2652365.0
1770091200000,0.24,0.2422,0.2375,0.2406,2128915.0
1770105600000,0.2408,0.2422,0.2367,0.2388,2697530.0
1770120000000,0.2388,0.2415,0.2338,0.2408,3734224.0
1770134400000,0.2408,0.2409,0.2243,0.2353,8562998.0
1770148800000,0.2352,0.2464,0.2326,0.2351,5414848.0
1770163200000,0.2351,0.2417,0.2339,0.2406,1862775.0
1770177600000,0.2405,0.2409,0.2373,0.2398,1737025.0
1770192000000,0.2399,0.2399,0.2336,0.2357,2245171.0
1770206400000,0.2357,0.2362,0.2254,0.2277,4407434.0
1770220800000,0.2278,0.2365,0.2246,0.2361,7210889.0
1770235200000,0.2361,0.2366,0.2274,0.2324,2834105.0
1770249600000,0.2325,0.2353,0.2284,0.2289,3939503.0
1770264000000,0.2291,0.2306,0.2247,0.2259,3998603.0
1770278400000,0.226,0.2297,0.2175,0.2198,5801177.0
1770292800000,0.2198,0.2237,0.2023,0.2075,15983770.0
1770307200000,0.2076,0.211,0.1976,0.1983,16903539.0
1770321600000,0.1984,0.1998,0.1863,0.191,18989160.0
1770336000000,0.191,0.1989,0.1688,0.1919,27573800.0
1770350400000,0.192,0.1997,0.1906,0.1944,5138139.0
1770364800000,0.1944,0.2028,0.192,0.2016,5123199.0
1770379200000,0.2015,0.2105,0.2003,0.2101,5854562.0
1770393600000,0.21,0.2201,0.2092,0.2135,5770952.0
1770408000000,0.2134,0.2159,0.2098,0.2143,2806989.0
1770422400000,0.2143,0.2154,0.2113,0.2135,2753186.0
1770436800000,0.2135,0.2149,0.2034,0.2049,3729798.0
1770451200000,0.2049,0.207,0.2025,0.2038,2232242.0
1770465600000,0.2037,0.2115,0.2034,0.2108,3859237.0
1770480000000,0.2109,0.2167,0.2097,0.2128,9369689.0
1770494400000,0.2127,0.2147,0.2112,0.2131,1207697.0
1770508800000,0.2132,0.2133,0.2087,0.209,1098916.0
1770523200000,0.2088,0.2101,0.2071,0.2083,1163028.0
1770537600000,0.2082,0.2125,0.2076,0.2119,2396759.0
1770552000000,0.212,0.2123,0.2065,0.2074,2297962.0
1770566400000,0.2074,0.2082,0.2019,0.207,2401046.0
1770580800000,0.2071,0.2073,0.2006,0.2028,4373946.0
1770595200000,0.2027,0.2079,0.2011,0.2072,1960282.0
1770609600000,0.2072,0.2073,0.2041,0.2047,1246461.0
1770624000000,0.2048,0.2053,0.1974,0.1991,3398584.0
1770638400000,0.1991,0.2037,0.1972,0.2035,4007034.0
1770652800000,0.2034,0.2086,0.2015,0.206,2721158.0
1770667200000,0.2061,0.2067,0.2024,0.2043,2188136.0
1770681600000,0.2043,0.2054,0.1993,0.2012,2145994.0
1770696000000,0.2012,0.2029,0.1962,0.1981,2556332.0
1770710400000,0.1981,0.2001,0.1976,0.198,1832848.0
1770724800000,0.1979,0.2011,0.1966,0.2,3257614.0
1770739200000,0.1999,0.2012,0.1954,0.1975,2676730.0
1770753600000,0.1976,0.1992,0.1968,0.1988,1541320.0
1770768000000,0.1987,0.2009,0.1968,0.199,1734431.0
1770782400000,0.1989,0.1992,0.1918,0.1927,3069242.0
1770796800000,0.1927,0.1934,0.1911,0.1929,1486961.0
1770811200000,0.193,0.2173,0.1925,0.1963,50264284.0
1770825600000,0.1962,0.2004,0.1923,0.1979,11362552.0
1770840000000,0.1979,0.2024,0.1962,0.197,5406765.0
1770854400000,0.197,0.2012,0.1961,0.2004,4424685.0
1770868800000,0.2003,0.2037,0.1981,0.2036,3358868.0
1770883200000,0.2036,0.2049,0.201,0.2032,3301745.0
1770897600000,0.2031,0.2033,0.1976,0.1979,5453895.0
1770912000000,0.1978,0.2012,0.193,0.1984,5332784.0
1770926400000,0.1985,0.2016,0.1951,0.2015,2659283.0
1770940800000,0.2014,0.202,0.1986,0.1996,2335818.0
1770955200000,0.1996,0.2014,0.1974,0.2002,1944252.0
1770969600000,0.2002,0.2026,0.1999,0.2019,2015239.0
1770984000000,0.2018,0.2099,0.2003,0.2064,4786010.0
1770998400000,0.2064,0.2104,0.2059,0.2084,3384132.0
1771012800000,0.2084,0.2117,0.2079,0.2096,2310598.0
1771027200000,0.2096,0.2123,0.2093,0.2113,2086077.0
1771041600000,0.2113,0.2116,0.2079,0.2094,1865145.0
1771056000000,0.2096,0.2154,0.2096,0.2149,2860052.0
1771070400000,0.2149,0.2175,0.2118,0.2174,2464616.0
1771084800000,0.2174,0.221,0.2157,0.2206,2373000.0
1771099200000,0.2206,0.2226,0.2178,0.2191,2446785.0
1771113600000,0.2191,0.2201,0.2138,0.2173,4005067.0
1771128000000,0.2173,0.2208,0.2173,0.2205,2242065.0
1771142400000,0.2205,0.2206,0.2139,0.2153,2243674.0
1771156800000,0.2152,0.2153,0.2064,0.2092,5719565.0
1771171200000,0.2093,0.2093,0.2042,0.2052,3414250.0
1771185600000,0.2053,0.2086,0.2045,0.2083,1559237.0
1771200000000,0.2083,0.2099,0.2077,0.2097,1501161.0
1771214400000,0.2097,0.2124,0.208,0.2096,1711679.0
1771228800000,0.2097,0.2114,0.207,0.2089,1585804.0
1771243200000,0.209,0.2142,0.2055,0.207,3941090.0
1771257600000,0.2069,0.2106,0.2067,0.2101,1933031.0
1771272000000,0.2102,0.2139,0.2095,0.2128,1837808.0
1771286400000,0.2128,0.213,0.2098,0.2108,1696506.0
1771300800000,0.2108,0.2118,0.2082,0.2099,1593648.0
1771315200000,0.2101,0.2107,0.2073,0.2095,1442791.0
1771329600000,0.2093,0.2117,0.2059,0.2093,3315097.0
1771344000000,0.2094,0.213,0.2073,0.2102,3317756.0
1771358400000,0.2102,0.2111,0.2073,0.2091,3021834.0
1771372800000,0.2092,0.2118,0.2081,0.2116,1966365.0
1771387200000,0.2116,0.2134,0.2106,0.213,1009866.0
1771401600000,0.2131,0.2139,0.2091,0.2115,3286620.0
1771416000000,0.2115,0.2168,0.2087,0.2137,4748683.0
1771430400000,0.2138,0.2143,0.2031,0.2043,4263860.0
1771444800000,0.2043,0.206,0.2027,0.204,2041137.0
1771459200000,0.204,0.2058,0.2018,0.2051,1752332.0
1771473600000,0.205,0.2063,0.2032,0.2046,1208090.0
1771488000000,0.2046,0.2047,0.2006,0.2012,1668797.0
1771502400000,0.2012,0.2018,0.1957,0.1971,3527835.0
1771516800000,0.1971,0.2001,0.1953,0.1986,2500297.0
1771531200000,0.1987,0.2,0.1977,0.2,1162041.0
1771545600000,0.1999,0.203,0.1994,0.2014,2243658.0
1771560000000,0.2013,0.2031,0.1992,0.2016,1630824.0
1771574400000,0.2015,0.2038,0.2001,0.2002,1243714.0
1771588800000,0.2002,0.2049,0.1954,0.2049,5691561.0
1771603200000,0.205,0.2065,0.2005,0.2035,3911728.0
1771617600000,0.2033,0.2055,0.2022,0.2051,1869164.0
1771632000000,0.2051,0.2089,0.2049,0.2089,1493288.0
1771646400000,0.2089,0.2133,0.2071,0.2105,4064758.0
1771660800000,0.2105,0.2163,0.2101,0.2132,4324495.0
1771675200000,0.2133,0.2151,0.2112,0.2118,3566647.0
1771689600000,0.2117,0.2119,0.2093,0.2106,1965754.0
1771704000000,0.2107,0.2109,0.2075,0.2076,1560695.0
1771718400000,0.2076,0.2076,0.2023,0.2034,2323824.0
1771732800000,0.2034,0.205,0.2028,0.2044,1633463.0
1771747200000,0.2044,0.2069,0.202,0.2044,1933474.0
1771761600000,0.2043,0.2044,0.1984,0.2007,3384992.0
1771776000000,0.2007,0.2014,0.1986,0.1991,1385229.0
1771790400000,0.1991,0.2011,0.1978,0.2006,1221211.0
1771804800000,0.2006,0.2009,0.1872,0.1905,7385262.0
1771819200000,0.1905,0.1952,0.1892,0.1945,1908595.0
1771833600000,0.1944,0.2001,0.1939,0.199,2430252.0
1771848000000,0.1989,0.201,0.1944,0.1948,2544480.0
1771862400000,0.1948,0.1958,0.1905,0.192,2906271.0
1771876800000,0.1919,0.1947,0.1909,0.1938,1713406.0
1771891200000,0.1937,0.1958,0.1904,0.1919,4397722.0
1771905600000,0.1919,0.1922,0.1887,0.1897,2710463.0
1771920000000,0.1897,0.1905,0.1887,0.19,1395642.0
1771934400000,0.1899,0.1945,0.1881,0.1931,2900327.0
1771948800000,0.1931,0.1954,0.1922,0.1933,2099199.0
1771963200000,0.1933,0.1937,0.1909,0.1914,1426698.0
1771977600000,0.1914,0.2001,0.191,0.1959,4442013.0
1771992000000,0.1959,0.1969,0.1933,0.1966,1792323.0
1772006400000,0.1966,0.2004,0.1957,0.1996,2109293.0
1772020800000,0.1996,0.22,0.1994,0.2169,6305366.0
1772035200000,0.217,0.2258,0.217,0.2253,6859420.0
1772049600000,0.2254,0.2387,0.2169,0.2206,16929432.0
1772064000000,0.2206,0.2212,0.2126,0.2146,5065399.0
1772078400000,0.2145,0.216,0.2102,0.2109,2970353.0
1772092800000,0.211,0.2134,0.2083,0.209,3264426.0
1772107200000,0.2089,0.2109,0.2057,0.2077,4614022.0
1772121600000,0.2078,0.2087,0.2007,0.2083,6271870.0
1772136000000,0.2082,0.2099,0.2058,0.208,1900113.0
1772150400000,0.2081,0.2111,0.2064,0.2105,2573620.0
1772164800000,0.2106,0.2144,0.2104,0.2125,3126931.0
1772179200000,0.2125,0.2157,0.2054,0.2065,5972489.0
1772193600000,0.2066,0.2068,0.2028,0.2044,3736701.0
1772208000000,0.2044,0.2052,0.2008,0.2016,2931297.0
1772222400000,0.2015,0.2022,0.1975,0.2011,2417274.0
1772236800000,0.201,0.2028,0.1997,0.2,1836315.0
1772251200000,0.2,0.2007,0.188,0.1917,8934451.0
1772265600000,0.1916,0.1916,0.1874,0.1881,4617447.0
1772280000000,0.1882,0.1948,0.1879,0.1929,4839748.0
1772294400000,0.1929,0.1998,0.1902,0.1985,3641629.0
1772308800000,0.1984,0.212,0.1982,0.2099,17696589.0
1772323200000,0.2099,0.2142,0.2061,0.2085,8099085.0
1772337600000,0.2085,0.2091,0.2043,0.2068,2681958.0
1772352000000,0.2068,0.207,0.2008,0.2016,2916623.0
1772366400000,0.2016,0.2038,0.1979,0.2019,4788700.0
1772380800000,0.2019,0.2036,0.1954,0.1958,4077148.0
1772395200000,0.1957,0.1998,0.193,0.1979,4782739.0
1772409600000,0.1978,0.2036,0.1977,0.2013,3217510.0
1772424000000,0.2014,0.2039,0.1972,0.199,4073311.0
1772438400000,0.199,0.2018,0.1968,0.2005,3323668.0
1772452800000,0.2006,0.212,0.1985,0.2105,5260271.0
1772467200000,0.2105,0.2125,0.2062,0.2079,4291446.0
1772481600000,0.2079,0.2091,0.2043,0.206,3045811.0
1772496000000,0.2059,0.2062,0.2023,0.2046,3239423.0
1772510400000,0.2046,0.2051,0.2022,0.204,3053059.0
1772524800000,0.204,0.2045,0.1981,0.1998,4090557.0
1772539200000,0.1999,0.2032,0.1976,0.2023,4423719.0
1772553600000,0.2024,0.207,0.2009,0.2049,4410780.0
1772568000000,0.2049,0.2053,0.2014,0.2032,5320917.0
1772582400000,0.2032,0.2054,0.2014,0.2043,4130266.0
1772596800000,0.2043,0.2061,0.202,0.2053,3268934.0
1772611200000,0.2053,0.2128,0.2045,0.2076,4988961.0
1772625600000,0.2076,0.2137,0.2042,0.2137,6472040.0
1772640000000,0.2135,0.214,0.2087,0.2128,4796791.0
1772654400000,0.2128,0.213,0.2068,0.2088,2069413.0
1772668800000,0.2088,0.2098,0.2066,0.2081,3256216.0
1772683200000,0.2081,0.2092,0.2062,0.2072,1996760.0
1772697600000,0.2073,0.2116,0.2064,0.2093,2185194.0
1772712000000,0.2092,0.2115,0.2064,0.2072,4356518.0
1772726400000,0.2072,0.2077,0.2024,0.206,3331330.0
1772740800000,0.2059,0.2085,0.2055,0.206,1832922.0
1772755200000,0.2061,0.2087,0.205,0.2086,1772435.0
1772769600000,0.2085,0.209,0.2053,0.2086,3007286.0
1772784000000,0.2085,0.2087,0.2032,0.2035,2409806.0
1772798400000,0.2034,0.2041,0.1965,0.1975,5863639.0
1772812800000,0.1974,0.1998,0.1946,0.1988,3120358.0
1772827200000,0.1988,0.2001,0.1981,0.1997,1350093.0
1772841600000,0.1997,0.2004,0.1984,0.1986,1404526.0
1772856000000,0.1985,0.1996,0.1959,0.1973,1210806.0
1772870400000,0.1972,0.1986,0.1967,0.1976,1229989.0
1772884800000,0.1976,0.1979,0.1947,0.1955,2215490.0
1772899200000,0.1955,0.1969,0.1933,0.194,2065985.0
1772913600000,0.194,0.1949,0.1913,0.1934,1905941.0
1772928000000,0.1935,0.1938,0.1905,0.1911,1991391.0
1772942400000,0.1912,0.1927,0.1896,0.1923,1844234.0
1772956800000,0.1923,0.195,0.1911,0.1925,1799724.0
1772971200000,0.1924,0.1936,0.1887,0.1899,3038801.0
1772985600000,0.1899,0.1938,0.1891,0.1932,2753846.0
1773000000000,0.1932,0.194,0.1879,0.1897,4127950.0
1773014400000,0.1898,0.1952,0.1894,0.1929,3704021.0
1773028800000,0.193,0.1983,0.1923,0.1952,3443709.0
1773043200000,0.1952,0.1968,0.1928,0.194,2661313.0
1773057600000,0.194,0.1988,0.194,0.1967,3728800.0
1773072000000,0.1968,0.2006,0.1956,0.1977,4101464.0
1773086400000,0.1977,0.1985,0.1944,0.1949,2039571.0
1773100800000,0.1949,0.2,0.1941,0.197,2276265.0
1773115200000,0.197,0.1995,0.197,0.1995,1467685.0
1773129600000,0.1996,0.204,0.1996,0.2007,3141448.0
1773144000000,0.2008,0.2037,0.1964,0.2021,4786493.0
1773158400000,0.2022,0.2032,0.1962,0.1972,2892176.0
1773172800000,0.1972,0.1986,0.1956,0.1974,1783653.0
1773187200000,0.1974,0.1979,0.196,0.1967,2051022.0
1773201600000,0.1967,0.198,0.1945,0.1973,1861898.0
1773216000000,0.1972,0.2004,0.1971,0.1995,2224898.0
1773230400000,0.1995,0.2056,0.1992,0.2016,4987554.0
1773244800000,0.2017,0.2037,0.2006,0.2033,2446410.0
1773259200000,0.2032,0.2045,0.2023,0.203,1268044.0
1773273600000,0.2029,0.204,0.2009,0.2013,1728802.0
1773288000000,0.2012,0.2026,0.2001,0.2022,1073371.0
1773302400000,0.2023,0.205,0.2016,0.2031,1905089.0
1773316800000,0.2031,0.2055,0.2011,0.2039,2809337.0
1773331200000,0.2038,0.2076,0.2027,0.2066,2242280.0
1773345600000,0.2067,0.2097,0.2059,0.2082,1755344.0
1773360000000,0.2082,0.2133,0.2076,0.2132,2983979.0
1773374400000,0.2132,0.2136,0.2099,0.2107,1610724.0
1773388800000,0.2106,0.2128,0.2093,0.2107,2102870.0
1773403200000,0.2107,0.2173,0.2107,0.2138,6241298.0
1773417600000,0.2138,0.2149,0.2101,0.2107,2749100.0
1773432000000,0.2106,0.2126,0.2077,0.2094,1612185.0
1773446400000,0.2093,0.2134,0.2077,0.2132,2124927.0
1773460800000,0.2132,0.2135,0.2066,0.2075,2093289.0
1773475200000,0.2076,0.2085,0.2061,0.2082,1625722.0
1773489600000,0.2081,0.2084,0.2063,0.2069,1604402.0
1773504000000,0.2069,0.2082,0.2066,0.2069,929788.0
1773518400000,0.2069,0.2099,0.2061,0.2098,1493163.0
1773532800000,0.2099,0.2112,0.2078,0.2101,1661185.0
1773547200000,0.2102,0.211,0.2085,0.2097,1717156.0
1773561600000,0.2097,0.2128,0.2095,0.2123,1795147.0
1773576000000,0.2123,0.2129,0.2095,0.2109,1961874.0
1773590400000,0.2108,0.213,0.2102,0.2127,1290213.0
1773604800000,0.2126,0.2161,0.2121,0.215,3750394.0
1773619200000,0.2151,0.2206,0.2142,0.2183,3016370.0
1773633600000,0.2183,0.2223,0.218,0.2212,3885983.0
1773648000000,0.2212,0.2229,0.2179,0.2187,3502115.0
1773662400000,0.2187,0.2211,0.2165,0.2173,4375319.0
1773676800000,0.2173,0.2232,0.2171,0.2213,2648194.0
1773691200000,0.2213,0.2262,0.221,0.2239,3171560.0
1773705600000,0.2239,0.225,0.2192,0.2208,3712408.0
1773720000000,0.2208,0.2214,0.2176,0.2205,3358828.0
1773734400000,0.2205,0.2227,0.2195,0.2209,3013991.0
1773748800000,0.2208,0.2213,0.2178,0.2203,3181298.0
1773763200000,0.2203,0.2219,0.2198,0.2206,1721844.0
1773777600000,0.2206,0.2235,0.2203,0.2211,1212044.0
1773792000000,0.2212,0.2243,0.2192,0.2234,1474084.0
1773806400000,0.2234,0.2236,0.2187,0.22,4236355.0
1773820800000,0.22,0.2211,0.2128,0.2135,2610581.0
1773835200000,0.2133,0.2135,0.2033,0.2064,5309910.0
1773849600000,0.2063,0.208,0.204,0.2061,3082242.0
1773864000000,0.2062,0.2081,0.2045,0.2069,1888929.0
1773878400000,0.207,0.2098,0.2057,0.2083,2292785.0
1773892800000,0.2082,0.2082,0.202,0.2028,3033097.0
1773907200000,0.2028,0.2042,0.2009,0.2031,2977091.0
1773921600000,0.203,0.2033,0.1991,0.2009,4135284.0
1773936000000,0.2008,0.2029,0.1991,0.2018,2086915.0
1773950400000,0.2017,0.2026,0.2009,0.2022,1217631.0
1773964800000,0.2022,0.2047,0.2016,0.2032,2583392.0
1773979200000,0.2033,0.2056,0.2009,0.202,2254115.0
1773993600000,0.202,0.2026,0.2,0.2009,2721114.0
1774008000000,0.2009,0.2011,0.1981,0.2003,3424265.0
1774022400000,0.2003,0.2012,0.199,0.2008,2400625.0
1774036800000,0.2008,0.2033,0.1994,0.202,1682659.0
1774051200000,0.2021,0.2029,0.2012,0.2013,949377.0
1774065600000,0.2014,0.2023,0.2012,0.2014,989201.0
1774080000000,0.2014,0.202,0.1993,0.1997,2773257.0
1774094400000,0.1996,0.2025,0.1992,0.2024,1447271.0
1774108800000,0.2024,0.2027,0.1995,0.1997,1198676.0
1774123200000,0.1997,0.2008,0.1918,0.1932,4153788.0
1774137600000,0.1932,0.1961,0.19,0.1942,4400143.0
1774152000000,0.1941,0.1956,0.1939,0.1939,1430363.0
1774166400000,0.1939,0.194,0.1913,0.1914,1828735.0
1774180800000,0.1915,0.1937,0.1914,0.1927,1887950.0
1774195200000,0.1927,0.193,0.1894,0.1903,2378722.0
1774209600000,0.1903,0.1916,0.1878,0.1902,2625248.0
1774224000000,0.1903,0.1935,0.19,0.192,1572944.0
1774238400000,0.1919,0.194,0.1898,0.1908,2616769.0
1774252800000,0.1908,0.2014,0.1903,0.1984,6630911.0
1774267200000,0.1985,0.2008,0.1963,0.1966,4402226.0
1774281600000,0.1967,0.2005,0.1966,0.1984,1412872.0
1774296000000,0.1984,0.2002,0.1973,0.1987,953518.0
1774310400000,0.1987,0.1992,0.1961,0.1976,1321453.0
1774324800000,0.1976,0.1992,0.1962,0.199,1120273.0
1774339200000,0.199,0.1994,0.1969,0.1975,1414630.0
1774353600000,0.1976,0.1982,0.1952,0.1965,2130760.0
1774368000000,0.1965,0.197,0.1941,0.1961,1529714.0
1774382400000,0.1961,0.1993,0.196,0.1988,1724103.0
1774396800000,0.1988,0.2003,0.1981,0.1998,1850965.0
1774411200000,0.1997,0.2006,0.1991,0.2,1566150.0
1774425600000,0.2001,0.2036,0.2001,0.2027,2263958.0
1774440000000,0.2028,0.2039,0.2005,0.2012,2070597.0
1774454400000,0.2012,0.2036,0.201,0.2028,2129542.0
1774468800000,0.2029,0.2035,0.2006,0.202,2124279.0
1774483200000,0.202,0.2027,0.1987,0.1995,1431857.0
1774497600000,0.1996,0.1996,0.1962,0.1967,2464030.0
1774512000000,0.1965,0.1968,0.1931,0.1938,2489921.0
1774526400000,0.1937,0.1962,0.1925,0.1927,3514171.0
1774540800000,0.1927,0.1933,0.1914,0.1918,2133110.0
1774555200000,0.1918,0.195,0.1915,0.1941,2353102.0
1774569600000,0.1942,0.1973,0.1937,0.1971,1336310.0
1774584000000,0.197,0.1973,0.1951,0.1972,2288452.0
1774598400000,0.1972,0.1976,0.1892,0.1914,5443014.0
1774612800000,0.1913,0.1929,0.1898,0.1899,2805851.0
1774627200000,0.19,0.1912,0.1893,0.1909,1900441.0
1774641600000,0.1909,0.1915,0.1898,0.1907,1049301.0
1774656000000,0.1907,0.1911,0.1879,0.1886,1758934.0
1774670400000,0.1886,0.1913,0.1878,0.1912,1332868.0
1774684800000,0.1912,0.1919,0.19,0.1913,1287146.0
1774699200000,0.1913,0.1931,0.1897,0.1915,2082115.0
1774713600000,0.1916,0.1925,0.191,0.1914,953795.0
1774728000000,0.1914,0.192,0.1877,0.1881,1935900.0
1774742400000,0.188,0.1901,0.1863,0.1894,1885053.0
1774756800000,0.1895,0.1897,0.1886,0.189,1081726.0
1774771200000,0.189,0.1896,0.1875,0.1885,1019733.0
1774785600000,0.1884,0.1885,0.1864,0.1877,1616358.0
1774800000000,0.1877,0.1883,0.1861,0.1869,1638904.0
1774814400000,0.1869,0.1893,0.1824,0.1866,3614860.0
1774828800000,0.1866,0.1938,0.1864,0.1935,3490016.0
1774843200000,0.1935,0.1987,0.1932,0.1987,2560075.0
1774857600000,0.1987,0.2005,0.1952,0.198,3316592.0
1774872000000,0.1981,0.2009,0.1969,0.1972,3594685.0
1774886400000,0.1972,0.1977,0.192,0.1929,2481339.0
1774900800000,0.1929,0.1947,0.1915,0.1922,1409756.0
1774915200000,0.1922,0.1969,0.1919,0.1954,2366326.0
1774929600000,0.1955,0.1962,0.1947,0.196,1487250.0
1774944000000,0.1961,0.1964,0.1921,0.1935,2151997.0
1774958400000,0.1935,0.1964,0.1926,0.1928,3161720.0
1774972800000,0.1929,0.1965,0.1927,0.1957,2918908.0
1774987200000,0.1957,0.1964,0.1942,0.1955,1358861.0
1775001600000,0.1955,0.197,0.1948,0.1966,1594482.0
1775016000000,0.1966,0.2004,0.1966,0.1994,2047127.0
1775030400000,0.1995,0.2003,0.1973,0.1984,1675759.0
1775044800000,0.1984,0.2005,0.1967,0.1983,2300322.0
1775059200000,0.1984,0.1998,0.1953,0.1969,2199225.0
1775073600000,0.197,0.1973,0.1951,0.1954,1273359.0
1775088000000,0.1954,0.1976,0.189,0.1896,4410569.0
1775102400000,0.1896,0.1896,0.1864,0.1876,3068489.0
1775116800000,0.1875,0.188,0.1852,0.1862,2589087.0
1775131200000,0.1861,0.1866,0.1834,0.1858,6490292.0
1775145600000,0.1859,0.1904,0.1857,0.1878,4145175.0
1775160000000,0.1879,0.1879,0.1859,0.1871,1468813.0
1775174400000,0.1871,0.1895,0.1865,0.1892,1941787.0
1775188800000,0.1892,0.1945,0.1889,0.1943,4462364.0
1775203200000,0.1943,0.2003,0.1943,0.1986,6144938.0
1775217600000,0.1985,0.1988,0.1932,0.1935,3035927.0
1775232000000,0.1934,0.1944,0.1923,0.1926,1703431.0
1775246400000,0.1927,0.1935,0.1916,0.1923,954540.0
1775260800000,0.1922,0.1927,0.1911,0.1919,1037996.0
1775275200000,0.1918,0.1931,0.1905,0.1927,920295.0
1775289600000,0.1928,0.1929,0.1912,0.1923,975685.0
1775304000000,0.1923,0.1968,0.1912,0.1947,2336140.0
1775318400000,0.1948,0.1982,0.1946,0.1951,2401575.0
1775332800000,0.1952,0.1958,0.1938,0.195,1117406.0
1775347200000,0.1951,0.1959,0.1933,0.1935,955265.0
1775361600000,0.1935,0.1936,0.1896,0.1902,1703090.0
1775376000000,0.1901,0.1913,0.1897,0.1909,1025449.0
1775390400000,0.1908,0.1919,0.1875,0.1901,2607070.0
1775404800000,0.1902,0.1912,0.1873,0.1882,3273142.0
1775419200000,0.1882,0.1931,0.1882,0.1931,1820086.0
1775433600000,0.193,0.1958,0.1927,0.1942,1526846.0
1775448000000,0.1943,0.1952,0.1936,0.1946,911278.0
1775462400000,0.1945,0.197,0.1944,0.1964,1523138.0
1775476800000,0.1964,0.1979,0.1928,0.1954,2722234.0
1775491200000,0.1954,0.1961,0.1935,0.1943,1267232.0
1775505600000,0.1943,0.1948,0.19,0.192,1523867.0
1775520000000,0.1919,0.1926,0.1904,0.1923,1104160.0
1775534400000,0.1923,0.1934,0.1914,0.1928,1251397.0
1775548800000,0.1929,0.1937,0.189,0.1898,2426343.0
1775563200000,0.1898,0.1907,0.1885,0.1896,2028287.0
1775577600000,0.1896,0.1921,0.1889,0.1908,2190960.0
1775592000000,0.1908,0.2033,0.1908,0.2016,5444419.0
1775606400000,0.2016,0.2018,0.1973,0.1985,2460748.0
1775620800000,0.1984,0.2,0.1984,0.1998,1758445.0
1775635200000,0.1998,0.2003,0.1964,0.1979,1757955.0
1775649600000,0.198,0.199,0.1934,0.1954,3165095.0
1775664000000,0.1953,0.1982,0.1953,0.1968,1434596.0
1775678400000,0.1968,0.1984,0.1938,0.1941,1697976.0
1775692800000,0.1942,0.1946,0.1916,0.1932,1596502.0
1775707200000,0.1932,0.1948,0.1926,0.1935,850561.0
1775721600000,0.1935,0.1942,0.1919,0.193,1575903.0
1775736000000,0.1929,0.1955,0.1914,0.194,1985756.0
1775750400000,0.1941,0.1959,0.1936,0.1941,1977024.0
1775764800000,0.1941,0.1974,0.1925,0.193,2081520.0
1775779200000,0.193,0.1951,0.1922,0.1927,1462579.0
1775793600000,0.1927,0.196,0.1927,0.1936,1222076.0
1775808000000,0.1936,0.1954,0.1933,0.1936,1194961.0
1775822400000,0.1935,0.1977,0.1934,0.1955,2851399.0
1775836800000,0.1956,0.1972,0.1936,0.1972,2252463.0
1775851200000,0.1972,0.1974,0.1941,0.1948,1353061.0
1775865600000,0.195,0.1953,0.193,0.1931,1238251.0
1775880000000,0.1931,0.1941,0.1917,0.1923,1559775.0
1775894400000,0.1923,0.1936,0.1914,0.1923,1844411.0
1775908800000,0.1923,0.1932,0.1901,0.1924,2484481.0
1775923200000,0.1924,0.1963,0.1922,0.1958,2200683.0
1775937600000,0.1958,0.1959,0.1922,0.1931,1108482.0
1775952000000,0.1932,0.1941,0.1877,0.1892,3395515.0
1775966400000,0.1892,0.1901,0.1884,0.1892,1840452.0
1775980800000,0.1892,0.1911,0.1885,0.1898,1312371.0
1775995200000,0.1898,0.1916,0.189,0.1893,2449786.0
1776009600000,0.1893,0.1917,0.1886,0.1904,1486318.0
1776024000000,0.1905,0.1919,0.1883,0.189,1473464.0
1776038400000,0.189,0.1916,0.1884,0.1913,1326811.0
1776052800000,0.1912,0.1916,0.1879,0.1883,1406846.0
1776067200000,0.1882,0.1901,0.1874,0.1896,1096484.0
1776081600000,0.1896,0.1916,0.1891,0.1904,1620852.0
1776096000000,0.1903,0.194,0.1897,0.1937,1449788.0
1776110400000,0.1939,0.1993,0.1918,0.1986,2139106.0
1776124800000,0.1986,0.1994,0.196,0.1962,1165375.0
1776139200000,0.1961,0.1969,0.1936,0.194,1382078.0
1776153600000,0.1939,0.1949,0.1924,0.1943,1602801.0
1776168000000,0.1943,0.1979,0.1934,0.1949,2797940.0
1776182400000,0.1949,0.1958,0.1902,0.192,2281265.0
1776196800000,0.192,0.1941,0.1917,0.194,778234.0
1776211200000,0.1939,0.1968,0.1939,0.1952,1222451.0
1776225600000,0.1952,0.1967,0.1934,0.1937,1366663.0
1776240000000,0.1937,0.1975,0.1936,0.1974,1373222.0
1776254400000,0.1975,0.2,0.1968,0.1976,2801354.0
1776268800000,0.1977,0.2014,0.1973,0.2001,2181968.0
1776283200000,0.2001,0.202,0.1982,0.1994,1674134.0
1776297600000,0.1995,0.2044,0.1988,0.204,2402574.0
1776312000000,0.2041,0.2092,0.2024,0.2084,5307861.0
1776326400000,0.2085,0.209,0.2057,0.2084,3500816.0
1776340800000,0.2085,0.222,0.2066,0.2177,17492147.0
1776355200000,0.2179,0.2189,0.2117,0.217,5744371.0
1776369600000,0.2169,0.2195,0.2113,0.2185,2601856.0
1776384000000,0.2186,0.2196,0.2122,0.2132,3421980.0
1776398400000,0.2131,0.2159,0.2101,0.2152,2365911.0
1776412800000,0.2153,0.2169,0.2131,0.216,3027663.0
1776427200000,0.216,0.2266,0.2152,0.2191,6615252.0
1776441600000,0.2192,0.2229,0.2181,0.2204,3950276.0
1776456000000,0.2204,0.2237,0.2173,0.2175,3370783.0
1776470400000,0.2176,0.2192,0.2161,0.2175,2433553.0
1776484800000,0.2176,0.2256,0.217,0.2239,2885055.0
1776499200000,0.2239,0.2246,0.2132,0.215,5139063.0
1776513600000,0.2149,0.2173,0.2133,0.2155,3179264.0
1776528000000,0.2156,0.2164,0.2112,0.2122,2630501.0
1776542400000,0.2123,0.2144,0.2114,0.2117,1147435.0
1776556800000,0.2117,0.2118,0.206,0.2066,2966887.0
1776571200000,0.2066,0.2083,0.2047,0.2077,2636722.0
1776585600000,0.2077,0.2085,0.2059,0.2077,1545028.0
1776600000000,0.2077,0.2115,0.207,0.21,2613294.0
1776614400000,0.2101,0.2116,0.2057,0.2095,2526286.0
1776628800000,0.2093,0.21,0.2032,0.204,2142883.0
1776643200000,0.2041,0.2113,0.2039,0.2107,2460936.0
1776657600000,0.2107,0.2123,0.2069,0.2093,3184559.0
1776672000000,0.2093,0.2151,0.2083,0.2135,2239101.0
1776686400000,0.2135,0.2237,0.2129,0.2195,8654129.0
1776700800000,0.2194,0.2244,0.2177,0.2182,6251708.0
1776715200000,0.2181,0.2213,0.2167,0.217,1792018.0
1776729600000,0.217,0.2209,0.217,0.2199,2325560.0
1776744000000,0.2198,0.2224,0.2179,0.2193,2606008.0
1776758400000,0.2192,0.2215,0.218,0.2192,2078254.0
1776772800000,0.2191,0.2203,0.2162,0.2185,2250925.0
1776787200000,0.2186,0.2204,0.2132,0.2141,2653828.0
1776801600000,0.214,0.2203,0.2138,0.2194,1698451.0
1776816000000,0.2195,0.2248,0.2183,0.2243,2001230.0
1776830400000,0.2244,0.2331,0.2234,0.2288,5273447.0
1776844800000,0.2288,0.2299,0.226,0.2275,2518128.0
1776859200000,0.2276,0.2279,0.2228,0.2264,4138499.0
1776873600000,0.2264,0.2395,0.2255,0.2307,9623321.0
1776888000000,0.2307,0.2329,0.2276,0.2289,3315434.0
1776902400000,0.229,0.2315,0.2193,0.2198,6188512.0
1776916800000,0.2197,0.2228,0.2194,0.2212,2729996.0
1776931200000,0.2211,0.2217,0.2185,0.2201,2138710.0
1776945600000,0.22,0.2243,0.2192,0.2243,2573029.0
1776960000000,0.2243,0.2254,0.2178,0.2218,3267687.0
1776974400000,0.2219,0.2241,0.2208,0.2223,1942032.0
1776988800000,0.2223,0.2233,0.2188,0.2201,2260850.0
1777003200000,0.2201,0.2217,0.2187,0.2214,1984530.0
1777017600000,0.2215,0.2237,0.2203,0.221,2254967.0
1777032000000,0.2211,0.2238,0.2195,0.2236,2006640.0
1777046400000,0.2236,0.227,0.2216,0.2269,2604854.0
1777060800000,0.227,0.2281,0.2243,0.2269,3319510.0
1777075200000,0.2268,0.2367,0.2265,0.233,6591334.0
1777089600000,0.233,0.2353,0.2276,0.2282,2985433.0
1777104000000,0.2281,0.229,0.2244,0.2253,2273251.0
1777118400000,0.2253,0.2255,0.2216,0.2222,1693725.0
1777132800000,0.2221,0.2237,0.2206,0.2209,1918351.0
1777147200000,0.2209,0.2224,0.2205,0.2222,881647.0
1777161600000,0.2222,0.2223,0.2201,0.2217,1345176.0
1777176000000,0.2216,0.226,0.2214,0.2256,1857935.0
1777190400000,0.2256,0.2256,0.2215,0.2235,1888510.0
1777204800000,0.2236,0.2238,0.2199,0.2219,1954272.0
1777219200000,0.2218,0.2231,0.2205,0.2221,1562048.0
1777233600000,0.2221,0.2233,0.2209,0.222,906958.0
1777248000000,0.2221,0.2246,0.2215,0.2216,2475628.0
1777262400000,0.2215,0.2222,0.2124,0.2129,4200466.0
1777276800000,0.2127,0.2144,0.2117,0.214,1356291.0
1777291200000,0.2139,0.2152,0.2088,0.2096,3362767.0
1777305600000,0.2095,0.2103,0.2084,0.2097,2616699.0
1777320000000,0.2097,0.2129,0.2087,0.2127,1396350.0
1777334400000,0.2127,0.2129,0.209,0.2098,1556086.0
1777348800000,0.2099,0.2121,0.2093,0.211,1244500.0
1777363200000,0.2111,0.2128,0.2085,0.2094,1416572.0
1777377600000,0.2095,0.2105,0.2077,0.2099,1970444.0
1777392000000,0.2099,0.2147,0.2098,0.2145,1831951.0
1777406400000,0.2146,0.2153,0.2118,0.2124,1224567.0
1777420800000,0.2124,0.2152,0.2115,0.2151,1146067.0
1777435200000,0.215,0.2171,0.2128,0.2132,1334471.0
1777449600000,0.2132,0.2158,0.2123,0.2132,1649594.0
1777464000000,0.2134,0.2135,0.2067,0.2073,3265573.0
1777478400000,0.2073,0.2079,0.2006,0.2039,3782787.0
1777492800000,0.204,0.2079,0.2039,0.2074,1027003.0
1777507200000,0.2075,0.2103,0.2059,0.2067,1282126.0
1777521600000,0.2066,0.2077,0.2046,0.2072,1026206.0
1777536000000,0.2073,0.2086,0.2061,0.2075,1000665.0
1777550400000,0.2075,0.209,0.2055,0.2066,1009591.0
1777564800000,0.2067,0.2074,0.206,0.2061,863616.0
1777579200000,0.2061,0.2062,0.2048,0.2058,567826.0
1777593600000,0.206,0.2108,0.2059,0.2095,1114047.0
1777608000000,0.2096,0.2102,0.2063,0.2076,988665.0
1777622400000,0.2076,0.209,0.2065,0.2076,713001.0
1777636800000,0.2076,0.2116,0.2075,0.211,2206242.0
1777651200000,0.211,0.214,0.2094,0.2138,2583423.0
1777665600000,0.2139,0.2159,0.2118,0.2137,1955911.0
1777680000000,0.2137,0.222,0.2123,0.2211,5990796.0
1777694400000,0.2211,0.2221,0.2178,0.2199,3384665.0
1777708800000,0.22,0.2295,0.2192,0.2282,7967413.0
1777723200000,0.2282,0.2334,0.2212,0.2238,13904195.0
1777737600000,0.2238,0.2243,0.2201,0.2233,3564702.0
1777752000000,0.2234,0.2257,0.2229,0.2241,2188526.0
1777766400000,0.2241,0.2258,0.217,0.2182,4870892.0
1777780800000,0.2182,0.2203,0.2173,0.2193,2009546.0
1777795200000,0.2193,0.2206,0.2166,0.218,2503429.0
1777809600000,0.218,0.219,0.2168,0.2176,1539264.0
1777824000000,0.2177,0.2191,0.2169,0.2182,1262209.0
1777838400000,0.2182,0.2192,0.2166,0.2173,1308379.0
1777852800000,0.2171,0.2252,0.2158,0.2242,2316706.0
1777867200000,0.2244,0.225,0.2218,0.2237,1806811.0
1777881600000,0.2236,0.225,0.2174,0.2182,3126604.0
1777896000000,0.2181,0.2194,0.2155,0.2173,2913106.0
1777910400000,0.2174,0.2209,0.2162,0.2179,1912622.0
1777924800000,0.218,0.2186,0.2161,0.2169,1247938.0
1777939200000,0.217,0.2227,0.2162,0.2209,1985043.0
1777953600000,0.2208,0.2226,0.2189,0.2217,1330361.0
1777968000000,0.2218,0.2221,0.2193,0.2204,1312043.0
1777982400000,0.2205,0.2216,0.2183,0.219,1961010.0
1777996800000,0.219,0.2219,0.2171,0.2206,2945054.0
1778011200000,0.2208,0.2249,0.2207,0.2223,3425570.0
1778025600000,0.2223,0.2321,0.2217,0.2315,5302950.0
1778040000000,0.2316,0.2322,0.2278,0.2304,3981345.0
1778054400000,0.2304,0.2345,0.2296,0.2304,4166838.0
1778068800000,0.2305,0.2308,0.2239,0.2278,4560197.0
1778083200000,0.2277,0.2304,0.2263,0.2291,4767440.0
1778097600000,0.2291,0.2314,0.2278,0.2307,1763654.0
1778112000000,0.2306,0.2309,0.2246,0.2252,2381202.0
1778126400000,0.2253,0.2324,0.225,0.2319,3286615.0
1778140800000,0.2318,0.2331,0.2282,0.2315,2333870.0
1778155200000,0.2314,0.2341,0.2244,0.2259,3152978.0
1778169600000,0.226,0.2305,0.2256,0.2293,2149466.0
1778184000000,0.2294,0.2313,0.2271,0.2288,2089428.0
1778198400000,0.2288,0.2294,0.2258,0.2282,1915416.0
1778212800000,0.2282,0.2298,0.227,0.2293,2091447.0
1778227200000,0.2293,0.245,0.2292,0.2421,20216181.0
1778241600000,0.2421,0.2482,0.2341,0.2465,13087217.0
1778256000000,0.2466,0.2523,0.2448,0.2485,10219182.0
1778270400000,0.2486,0.2506,0.2461,0.2496,3832266.0
1778284800000,0.2496,0.2525,0.2466,0.2471,3573090.0
1778299200000,0.2471,0.2495,0.2452,0.2465,3456867.0
1778313600000,0.2465,0.248,0.242,0.2454,4270406.0
1778328000000,0.2454,0.246,0.2395,0.2404,2877628.0
1778342400000,0.2403,0.2437,0.2396,0.2417,3639815.0
1778356800000,0.2418,0.2432,0.2406,0.2415,1394083.0
1778371200000,0.2416,0.2426,0.2372,0.24,4062406.0
1778385600000,0.2399,0.2542,0.2397,0.2495,12861205.0
1778400000000,0.2496,0.2542,0.2472,0.2493,7243870.0
1778414400000,0.2493,0.2597,0.2484,0.2524,10698560.0
1778428800000,0.2523,0.2551,0.2504,0.2521,3574744.0
1778443200000,0.2521,0.2535,0.2432,0.2512,6125305.0
1778457600000,0.2511,0.2517,0.2408,0.2431,4663288.0
1778472000000,0.2429,0.247,0.2414,0.2444,3487739.0
1778486400000,0.2444,0.2479,0.2428,0.2454,3070927.0
1778500800000,0.2455,0.2465,0.2416,0.2459,2977638.0
1778515200000,0.2458,0.2554,0.2451,0.2535,5429747.0
1778529600000,0.2536,0.2605,0.2511,0.2515,7659533.0
1778544000000,0.2515,0.252,0.2417,0.2434,4598040.0
1778558400000,0.2434,0.247,0.2424,0.2444,2814575.0
1778572800000,0.2444,0.2447,0.2394,0.2398,2856630.0
1778587200000,0.2399,0.2426,0.2356,0.2368,5002231.0
1778601600000,0.2367,0.2438,0.2359,0.2419,2885379.0
1778616000000,0.2419,0.2433,0.2405,0.2408,1319994.0
1778630400000,0.2407,0.2448,0.24,0.2439,1845859.0
1778644800000,0.2439,0.2456,0.2418,0.2447,1817729.0
1778659200000,0.2447,0.2497,0.2413,0.2421,2920492.0
1778673600000,0.2422,0.2425,0.2294,0.2302,6693882.0
1778688000000,0.2301,0.2344,0.2296,0.2322,2336294.0
1778702400000,0.2322,0.2337,0.2288,0.2318,1590001.0
1778716800000,0.2317,0.234,0.2281,0.2291,2003176.0
1778731200000,0.229,0.2322,0.228,0.2287,2992878.0
1778745600000,0.2287,0.2302,0.2276,0.228,1464527.0
1778760000000,0.2279,0.235,0.2279,0.2344,2738198.0
1778774400000,0.2344,0.237,0.2324,0.2348,2263567.0
1778788800000,0.2349,0.2353,0.2296,0.2308,2076796.0
1778803200000,0.2307,0.2324,0.2284,0.2303,2058443.0
1778817600000,0.2302,0.2303,0.2242,0.2272,3053714.0
1778832000000,0.2273,0.2276,0.2253,0.2265,1514873.0
1778846400000,0.2265,0.2267,0.2143,0.2173,7418441.0
1778860800000,0.2174,0.2211,0.217,0.2191,1767865.0
1778875200000,0.2192,0.2194,0.2179,0.2185,1589351.0
1778889600000,0.2186,0.2211,0.2181,0.2202,1212547.0
1778904000000,0.2202,0.2202,0.2093,0.2123,3723906.0
1778918400000,0.2123,0.2133,0.2074,0.21,3173751.0
1778932800000,0.21,0.2126,0.2091,0.2121,1413416.0
1778947200000,0.2121,0.2146,0.2116,0.2126,2781797.0
1778961600000,0.2127,0.2137,0.2119,0.2122,717796.0
1778976000000,0.2121,0.2132,0.2096,0.2127,1778149.0
1778990400000,0.2128,0.2159,0.2126,0.2148,1472247.0
1779004800000,0.2149,0.2157,0.2132,0.2136,1503137.0
1779019200000,0.2137,0.2149,0.2111,0.2127,1305926.0
1779033600000,0.2127,0.2133,0.2101,0.2115,1174484.0
1779048000000,0.2115,0.2128,0.1989,0.2064,4386648.0
1779062400000,0.2065,0.2092,0.2046,0.2081,2143939.0
1779076800000,0.2081,0.2098,0.2062,0.2071,1514907.0
1779091200000,0.2071,0.208,0.2045,0.2069,1053899.0
1779105600000,0.2069,0.2097,0.2037,0.2058,2406010.0
1779120000000,0.2058,0.2096,0.2045,0.2093,1440370.0
1779134400000,0.2093,0.2118,0.2076,0.2115,1126897.0
1779148800000,0.2115,0.213,0.2091,0.2101,1408129.0
1779163200000,0.2101,0.2116,0.2088,0.2114,780339.0
1779177600000,0.2113,0.2113,0.2059,0.2062,1303522.0
1779192000000,0.2061,0.2094,0.2058,0.207,1304900.0
1779206400000,0.207,0.2094,0.2064,0.2073,791932.0
1779220800000,0.2074,0.2084,0.2057,0.2065,607361.0
1779235200000,0.2065,0.2079,0.2053,0.2075,699703.0
1779249600000,0.2076,0.21,0.2074,0.2085,785032.0
1779264000000,0.2085,0.21,0.2066,0.207,846383.0
1779278400000,0.207,0.2118,0.2067,0.2113,2469283.0
1779292800000,0.2113,0.2122,0.2094,0.211,1809357.0
1779307200000,0.211,0.2113,0.2079,0.2105,1391501.0
1779321600000,0.2104,0.2137,0.2102,0.2125,1281574.0
1779336000000,0.2126,0.2133,0.2101,0.2123,1368480.0
1779350400000,0.2124,0.2135,0.2081,0.209,1561107.0
1779364800000,0.209,0.2133,0.2086,0.2127,1631986.0
1779379200000,0.2129,0.2163,0.2115,0.2152,2133685.0
1779393600000,0.2152,0.2154,0.2123,0.2136,987442.0
1779408000000,0.2136,0.2148,0.2113,0.2144,943163.0
1779422400000,0.2145,0.2158,0.2123,0.2144,892650.0
1779436800000,0.2143,0.2152,0.2101,0.2128,1738716.0
1779451200000,0.2128,0.2152,0.2098,0.2122,1816573.0
1779465600000,0.2121,0.2137,0.203,0.2049,4467499.0
1779480000000,0.2049,0.2073,0.2012,0.2028,1898660.0
1779494400000,0.2028,0.207,0.2009,0.2062,1107753.0
1779508800000,0.2061,0.2063,0.1978,0.1997,2582185.0
1779523200000,0.1996,0.2006,0.1981,0.1996,1940710.0
1779537600000,0.1996,0.2058,0.1989,0.2046,1659475.0
1779552000000,0.2047,0.2067,0.2037,0.2042,1506364.0
1779566400000,0.2042,0.2098,0.2036,0.207,1790887.0
1779580800000,0.207,0.2081,0.204,0.2047,1156104.0
1779595200000,0.2047,0.2061,0.2036,0.2049,1004499.0
1779609600000,0.2049,0.2062,0.2043,0.205,958431.0
1779624000000,0.205,0.2052,0.1989,0.2009,2010062.0
1779638400000,0.2009,0.2023,0.2,0.2002,899512.0
1779652800000,0.2003,0.2015,0.1972,0.2009,1689160.0
1779667200000,0.2009,0.2029,0.1998,0.2014,1192259.0
1779681600000,0.2015,0.2056,0.2008,0.2053,1132741.0
1779696000000,0.2053,0.2079,0.2041,0.207,1392897.0
1779710400000,0.207,0.2098,0.206,0.2078,2067511.0
1779724800000,0.2078,0.2091,0.2061,0.2067,1073459.0
1779739200000,0.2067,0.2074,0.2032,0.2054,1445348.0
1779753600000,0.2054,0.2055,0.2012,0.2026,1669283.0
1779768000000,0.2027,0.2065,0.2022,0.2042,1209059.0
1779782400000,0.2042,0.207,0.2031,0.2061,1519140.0
1779796800000,0.206,0.208,0.2014,0.2029,1959579.0
1779811200000,0.2028,0.2036,0.1996,0.2018,2323197.0
1779825600000,0.202,0.2021,0.2001,0.2009,931309.0
1779840000000,0.201,0.2034,0.2006,0.2014,1396351.0
1779854400000,0.2013,0.2026,0.1987,0.2025,1973264.0
1779868800000,0.2026,0.2034,0.2,0.2005,1446919.0
1779883200000,0.2005,0.2046,0.1984,0.2034,2805880.0
1779897600000,0.2035,0.2047,0.1989,0.2037,1946499.0
1779912000000,0.2038,0.2062,0.1962,0.1993,3553344.0
1779926400000,0.1992,0.2007,0.1902,0.1914,4885376.0
1779940800000,0.1915,0.1939,0.1884,0.1932,3748745.0
1779955200000,0.1932,0.1934,0.1908,0.1914,1126247.0
1779969600000,0.1914,0.1941,0.1904,0.1921,2207035.0
1779984000000,0.192,0.1966,0.1911,0.1936,1560585.0
1779998400000,0.1936,0.1948,0.1925,0.194,1180407.0
1780012800000,0.194,0.1951,0.191,0.1914,1906945.0
1780027200000,0.1915,0.193,0.1901,0.1913,2308272.0
1780041600000,0.1913,0.1925,0.1896,0.1906,1069986.0
1780056000000,0.1906,0.1967,0.1869,0.1953,3755323.0
1780070400000,0.1954,0.1957,0.1908,0.1929,2068494.0
1780084800000,0.1929,0.194,0.1915,0.1928,1218345.0
1780099200000,0.1929,0.1982,0.1928,0.1973,1368085.0
1780113600000,0.1973,0.1977,0.1942,0.195,1419936.0
1780128000000,0.195,0.1954,0.1941,0.1948,727664.0
1780142400000,0.1948,0.1959,0.1941,0.1947,1183378.0
1780156800000,0.1947,0.197,0.1938,0.1959,841582.0
1780171200000,0.196,0.1963,0.1931,0.1942,591541.0
1780185600000,0.1942,0.1969,0.1939,0.1956,675186.0
1780200000000,0.1957,0.197,0.195,0.1952,856810.0
1780214400000,0.1952,0.1969,0.1941,0.1954,1176687.0
1780228800000,0.1954,0.1962,0.1914,0.1919,1786320.0
1780243200000,0.1918,0.1928,0.1902,0.1924,1173152.0
1780257600000,0.1924,0.2059,0.1924,0.2054,6080321.0
1780272000000,0.2054,0.214,0.2042,0.2095,21548266.0
1780286400000,0.2095,0.213,0.2041,0.2047,6662646.0
1780300800000,0.2047,0.2119,0.2011,0.209,6198093.0
1780315200000,0.2089,0.2106,0.2002,0.2029,8582271.0
1780329600000,0.2028,0.2083,0.2017,0.2079,4134655.0
1780344000000,0.208,0.2107,0.204,0.2102,1989804.0
1780358400000,0.2102,0.2126,0.2047,0.207,3958565.0
1780372800000,0.2071,0.2088,0.2035,0.2047,3789456.0
1780387200000,0.2047,0.211,0.2044,0.2061,5230983.0
1780401600000,0.206,0.2085,0.1912,0.1933,9702230.0
1780416000000,0.1933,0.1973,0.1906,0.1947,4920232.0
1780430400000,0.1948,0.2022,0.1909,0.1955,5852360.0
1780444800000,0.1955,0.2089,0.1954,0.2008,8714702.0
1780459200000,0.2009,0.2253,0.2009,0.2224,22681391.0
1780473600000,0.2224,0.2272,0.216,0.2203,16218809.0
1780488000000,0.2203,0.2276,0.2171,0.2223,15962460.0
1780502400000,0.2224,0.2354,0.2182,0.2279,26061583.0
1780516800000,0.2279,0.2375,0.2216,0.23,19201366.0
1780531200000,0.2301,0.2428,0.204,0.2222,55790758.0
1780545600000,0.2223,0.2307,0.2098,0.21,21779933.0
1780560000000,0.21,0.2141,0.1942,0.1981,22056514.0
1780574400000,0.198,0.2102,0.1961,0.2097,13097606.0
1780588800000,0.2097,0.2192,0.2074,0.2085,10959951.0
1780603200000,0.2084,0.2115,0.2018,0.2057,6875980.0
1780617600000,0.2057,0.2103,0.1956,0.1995,12843096.0
1780632000000,0.1996,0.209,0.1855,0.1929,16136897.0
1780646400000,0.193,0.2033,0.1908,0.1919,11285921.0
1780660800000,0.1919,0.1928,0.1758,0.1782,12861369.0
1780675200000,0.1781,0.1819,0.1665,0.173,11664328.0
1780689600000,0.173,0.1821,0.171,0.177,7017497.0
1780704000000,0.177,0.1813,0.1702,0.1704,3759226.0
1780718400000,0.1704,0.171,0.1606,0.169,9440645.0
1780732800000,0.169,0.1757,0.1678,0.1704,5140543.0
1780747200000,0.1705,0.1723,0.1667,0.1683,5204347.0
1780761600000,0.1682,0.1701,0.1662,0.1664,3241026.0
1780776000000,0.1664,0.1698,0.1656,0.1683,2189823.0
1780790400000,0.1685,0.1756,0.168,0.1709,4970095.0
1780804800000,0.1709,0.1726,0.1693,0.171,3169568.0
1780819200000,0.1708,0.1735,0.1674,0.169,4087789.0
1780833600000,0.169,0.17,0.1651,0.1695,3623607.0
1780848000000,0.1695,0.1731,0.1654,0.1663,4988268.0
1780862400000,0.1662,0.1758,0.1657,0.1712,4628750.0
1780876800000,0.1711,0.1741,0.1685,0.1704,2421720.0
1780891200000,0.1705,0.1706,0.1657,0.1696,2385504.0
1780905600000,0.1695,0.172,0.1685,0.1705,4117507.0
1780920000000,0.1706,0.1722,0.1682,0.1701,3183280.0
1780934400000,0.1701,0.1733,0.1699,0.1715,2743810.0
1780948800000,0.1715,0.1729,0.1672,0.1687,3065696.0
1780963200000,0.1687,0.1688,0.161,0.1628,5144383.0
1780977600000,0.1628,0.1672,0.1621,0.1652,2622990.0
1780992000000,0.1651,0.1654,0.1623,0.1642,2764945.0
1781006400000,0.1642,0.1656,0.1593,0.1607,5599224.0
1781020800000,0.1606,0.1671,0.1594,0.1654,5488089.0
1781035200000,0.1654,0.1666,0.1628,0.165,1883640.0
1781049600000,0.1651,0.1694,0.165,0.1667,3858558.0
1781064000000,0.1667,0.1728,0.1641,0.1718,3946159.0
1781078400000,0.1718,0.172,0.1642,0.1651,6365999.0
1781092800000,0.165,0.1751,0.1645,0.1704,10750302.0
1781107200000,0.1703,0.1715,0.1666,0.167,5215573.0
1781121600000,0.1669,0.1692,0.163,0.168,5575229.0
1781136000000,0.1681,0.1759,0.1679,0.1744,5326910.0
1781150400000,0.1744,0.1803,0.1738,0.1764,4793323.0
1781164800000,0.1763,0.1788,0.1742,0.1763,3350290.0
1781179200000,0.1763,0.178,0.173,0.1769,3622366.0
1781193600000,0.177,0.1793,0.1739,0.1777,3961256.0
1781208000000,0.1779,0.1787,0.1752,0.176,1844405.0
1781222400000,0.1761,0.1772,0.1737,0.177,2082417.0
1781236800000,0.177,0.179,0.1742,0.176,1996266.0
1781251200000,0.176,0.1788,0.1759,0.1765,2165058.0
1781265600000,0.1765,0.1775,0.1724,0.1727,3476710.0
1781280000000,0.1726,0.1748,0.1708,0.1717,2246251.0
1781294400000,0.1717,0.1728,0.1696,0.1708,1877569.0
1781308800000,0.1708,0.174,0.1706,0.1726,3235741.0
1781323200000,0.1725,0.1759,0.1712,0.1753,1591471.0
1781337600000,0.1754,0.1769,0.1741,0.1756,1413290.0
1781352000000,0.1756,0.1774,0.1746,0.1763,1754433.0
1781366400000,0.1764,0.1764,0.1738,0.175,1189921.0
1781380800000,0.1751,0.1772,0.1743,0.1752,913018.0
1781395200000,0.1752,0.1768,0.1746,0.1758,1319733.0
1781409600000,0.1759,0.176,0.1731,0.1742,2023114.0
1781424000000,0.1742,0.176,0.1737,0.1748,1626774.0
1781438400000,0.1749,0.1754,0.1719,0.1731,1829330.0
1781452800000,0.173,0.1743,0.1723,0.1735,1103335.0
1781467200000,0.1734,0.1811,0.1729,0.1798,2668456.0
1781481600000,0.1798,0.1825,0.1783,0.1813,1746195.0
1781496000000,0.1813,0.1822,0.1801,0.1804,1520318.0
1781510400000,0.1804,0.1843,0.1798,0.1836,2034155.0
1781524800000,0.1835,0.1868,0.182,0.1865,2709713.0
1781539200000,0.1865,0.1866,0.181,0.182,2214849.0
1781553600000,0.1821,0.1829,0.1789,0.1813,2140321.0
1781568000000,0.1813,0.1917,0.1769,0.1808,20634440.0
1781582400000,0.1809,0.183,0.1783,0.1823,3552297.0
1781596800000,0.1822,0.1892,0.1818,0.1847,5573230.0
1781611200000,0.1847,0.1869,0.1801,0.1834,4887924.0
1781625600000,0.1835,0.1943,0.1833,0.1885,8709035.0
1781640000000,0.1883,0.1971,0.188,0.193,7414373.0
1781654400000,0.193,0.2041,0.1922,0.1961,13906845.0
1781668800000,0.1962,0.2057,0.1929,0.1979,16541572.0
1781683200000,0.198,0.1994,0.1901,0.1919,14114023.0
1781697600000,0.192,0.1975,0.1905,0.197,6738363.0
1781712000000,0.197,0.1983,0.187,0.1887,7943860.0
1781726400000,0.1886,0.192,0.1863,0.1901,2677773.0
1781740800000,0.1902,0.1915,0.1862,0.1867,2051983.0
1781755200000,0.1868,0.187,0.1832,0.1858,2896186.0
1781769600000,0.1857,0.1884,0.1832,0.1838,3474173.0
1781784000000,0.1838,0.1853,0.1732,0.1742,6828382.0
1781798400000,0.1741,0.1769,0.1732,0.1764,4820229.0
1781812800000,0.1765,0.1805,0.1765,0.1805,2010496.0
1781827200000,0.1804,0.1807,0.1739,0.1759,2264649.0
1781841600000,0.1758,0.1768,0.1733,0.1737,1364220.0
1781856000000,0.1737,0.177,0.1734,0.1757,2160049.0
1781870400000,0.1757,0.1789,0.1743,0.1766,1972302.0
1781884800000,0.1766,0.1779,0.1736,0.175,2323771.0
1781899200000,0.175,0.1766,0.1742,0.1765,1335188.0
1781913600000,0.1764,0.1788,0.1748,0.176,1999593.0
1781928000000,0.176,0.1783,0.1756,0.1758,2212527.0
1781942400000,0.1759,0.1778,0.1753,0.1763,1140890.0
1781956800000,0.1762,0.1777,0.1726,0.1762,2320479.0
1781971200000,0.1762,0.1765,0.174,0.1752,1126700.0
1781985600000,0.1753,0.177,0.1744,0.1761,1202510.0
1782000000000,0.176,0.1781,0.1757,0.1767,1490697.0
1782014400000,0.1768,0.1787,0.1757,0.1784,1223745.0
1782028800000,0.1784,0.1789,0.1767,0.1776,1441106.0
1782043200000,0.1777,0.1783,0.1766,0.1782,1386926.0
1782057600000,0.1782,0.1805,0.1769,0.1782,2579033.0
1782072000000,0.1781,0.1783,0.173,0.1732,2218272.0
1782086400000,0.1732,0.1791,0.1731,0.1751,1733072.0
1782100800000,0.1752,0.1765,0.1747,0.1755,911137.0
1782115200000,0.1756,0.1779,0.1753,0.1775,1111116.0
1782129600000,0.1776,0.1786,0.1753,0.1759,1802991.0
1782144000000,0.1758,0.1762,0.1734,0.1742,1724823.0
1782158400000,0.1741,0.1755,0.1689,0.1706,4486367.0
1782172800000,0.1706,0.1714,0.1686,0.1711,2503721.0
1782187200000,0.1711,0.1713,0.1643,0.1654,4517342.0
1782201600000,0.1655,0.1662,0.1603,0.1655,4388989.0
1782216000000,0.1655,0.1679,0.1645,0.1657,2098499.0
1782230400000,0.1659,0.1673,0.1639,0.1657,1170745.0
1782244800000,0.1656,0.1675,0.1654,0.1661,940443.0
1782259200000,0.166,0.1667,0.1633,0.1636,1993136.0
1782273600000,0.1636,0.1647,0.1621,0.1631,1520832.0
1782288000000,0.1631,0.164,0.1538,0.1562,12135206.0
1782302400000,0.1562,0.1572,0.1491,0.1503,10802887.0
1782316800000,0.1501,0.1523,0.1436,0.1478,12234592.0
1782331200000,0.1478,0.1528,0.1475,0.1503,4850654.0
1782345600000,0.1503,0.1505,0.148,0.1489,2813607.0
1782360000000,0.1489,0.1523,0.1486,0.1512,2401928.0
1782374400000,0.1512,0.1522,0.1495,0.15,3662244.0
1782388800000,0.15,0.1522,0.1384,0.1467,12824550.0
1782403200000,0.1467,0.1476,0.143,0.144,3365844.0
1782417600000,0.1441,0.1478,0.1441,0.147,1843701.0
1782432000000,0.1471,0.1483,0.1408,0.1462,4199705.0
1782446400000,0.1463,0.1505,0.1449,0.1499,3005432.0
1782460800000,0.1498,0.1502,0.1447,0.1453,2772463.0
1782475200000,0.1454,0.1509,0.1434,0.1501,4767797.0
1782489600000,0.1501,0.1518,0.1485,0.1487,2655261.0
1782504000000,0.1487,0.1504,0.1472,0.1482,1433120.0
1782518400000,0.1481,0.1509,0.1481,0.1496,2052496.0
1782532800000,0.1496,0.1507,0.1481,0.1489,1279291.0
1782547200000,0.1489,0.1503,0.1479,0.1502,1455182.0
1782561600000,0.1502,0.1558,0.1501,0.1558,3153453.0
1782576000000,0.1558,0.1594,0.1523,0.1545,10763509.0
1782590400000,0.1544,0.1544,0.1496,0.1508,3460765.0
1782604800000,0.1508,0.1531,0.1505,0.152,2333270.0
1782619200000,0.1519,0.1525,0.1492,0.1517,1515579.0
1782633600000,0.1517,0.1531,0.15,0.151,1225453.0
1782648000000,0.151,0.1513,0.1482,0.1497,2460488.0
1782662400000,0.1498,0.1513,0.1476,0.1484,4391779.0
1782676800000,0.1483,0.1499,0.1461,0.1496,2286021.0
1782691200000,0.1496,0.1526,0.1473,0.1521,1987092.0
1782705600000,0.1522,0.1522,0.1493,0.1508,1732624.0
1782720000000,0.1508,0.1513,0.1487,0.1491,1568042.0
1782734400000,0.1492,0.1533,0.1484,0.1505,5695266.0
1782748800000,0.1504,0.1533,0.1494,0.1515,2642719.0
1782763200000,0.1515,0.1516,0.1495,0.15,1281337.0
1782777600000,0.1501,0.1506,0.1488,0.1489,1153537.0
1782792000000,0.149,0.1503,0.1484,0.149,1951642.0
1782806400000,0.1489,0.1493,0.1467,0.1471,2522854.0
1782820800000,0.1471,0.1525,0.1453,0.1494,18885711.0
1782835200000,0.1495,0.1518,0.1484,0.1502,2218591.0
1782849600000,0.1501,0.1509,0.1483,0.1487,2166372.0
1782864000000,0.1488,0.1508,0.1453,0.1502,2937019.0
1782878400000,0.1502,0.1555,0.1492,0.1514,5954135.0
1782892800000,0.1513,0.154,0.1504,0.1516,2541590.0
1782907200000,0.1516,0.1555,0.1501,0.1537,3359114.0
1782921600000,0.1536,0.1545,0.1508,0.1513,2004645.0
1782936000000,0.1514,0.1547,0.1505,0.1509,1762737.0
1782950400000,0.151,0.1527,0.1491,0.1525,2819783.0
1782964800000,0.1525,0.1527,0.1511,0.1523,1464991.0
1782979200000,0.1523,0.1567,0.152,0.1554,2875896.0
1782993600000,0.1554,0.1598,0.1552,0.1572,4711380.0
1783008000000,0.1572,0.1581,0.1558,0.157,2038740.0
1783022400000,0.157,0.1617,0.1569,0.16,2540740.0
1783036800000,0.16,0.1615,0.1589,0.1601,2351650.0
1783051200000,0.16,0.1639,0.159,0.1622,2783668.0
1783065600000,0.1622,0.164,0.1615,0.1627,2202508.0
1783080000000,0.1626,0.1637,0.1607,0.1625,1924438.0
1783094400000,0.1625,0.1632,0.1614,0.1625,1211994.0
1783108800000,0.1624,0.1638,0.161,0.1617,1909045.0
1783123200000,0.1617,0.1628,0.1596,0.161,1519487.0
1783137600000,0.161,0.1619,0.1598,0.1612,959881.0
1783152000000,0.1611,0.1653,0.1601,0.1641,2117389.0
1783166400000,0.1641,0.1676,0.1628,0.1664,3767789.0
1783180800000,0.1663,0.1673,0.1653,0.1666,1429448.0
1783195200000,0.1666,0.1669,0.1621,0.1631,1007293.0
1783209600000,0.1631,0.1634,0.1602,0.1608,1554990.0
1783224000000,0.1607,0.1618,0.1596,0.1609,1139148.0
1783238400000,0.1608,0.161,0.1574,0.1588,1398050.0
1783252800000,0.1587,0.1616,0.158,0.1605,1312199.0
1783267200000,0.1605,0.1616,0.16,0.1605,852967.0
1783281600000,0.1606,0.1634,0.1602,0.1621,1202211.0
1783296000000,0.1621,0.1626,0.1592,0.16,1820637.0
1783310400000,0.16,0.1602,0.158,0.1591,1760475.0
1783324800000,0.159,0.1607,0.158,0.1595,1108722.0
1783339200000,0.1593,0.1649,0.1557,0.1644,3899586.0
1783353600000,0.1644,0.1684,0.1631,0.165,3079100.0
1783368000000,0.1651,0.1684,0.1643,0.1664,1555865.0
1783382400000,0.1663,0.1686,0.1623,0.1624,2962682.0
1783396800000,0.1624,0.1626,0.1601,0.1605,1404840.0
1783411200000,0.1604,0.1629,0.16,0.1627,1833233.0
1783425600000,0.1627,0.1636,0.1577,0.1633,2704902.0
1783440000000,0.1632,0.1663,0.1617,0.1624,2405606.0
1783454400000,0.1624,0.1633,0.1598,0.1606,1056021.0
1783468800000,0.1606,0.1625,0.1563,0.1579,1888433.0
1783483200000,0.1578,0.1606,0.1575,0.1589,1871304.0
1783497600000,0.1589,0.16,0.1552,0.158,2753955.0
1783512000000,0.158,0.1613,0.1565,0.1569,3710000.0
1783526400000,0.1569,0.1604,0.1568,0.1601,1829113.0
1783540800000,0.1601,0.1606,0.1583,0.1604,693971.0
1783555200000,0.1605,0.1626,0.1589,0.1597,1052907.0
1783569600000,0.1597,0.1627,0.1594,0.1616,1039301.0
1783584000000,0.1617,0.1622,0.16,0.1605,694229.0
1783598400000,0.1604,0.1614,0.1593,0.1602,1041676.0
1783612800000,0.1601,0.1621,0.1597,0.1603,804886.0
1783627200000,0.1602,0.161,0.1592,0.1596,665435.0
1783641600000,0.1595,0.1644,0.1579,0.1637,1940189.0
1783656000000,0.1638,0.1653,0.1637,0.1646,1044418.0
1783670400000,0.1646,0.1659,0.1626,0.1633,1301705.0
1783684800000,0.1634,0.1679,0.163,0.1665,2860857.0
1783699200000,0.1666,0.1684,0.1654,0.1664,1558793.0
1783713600000,0.1663,0.1663,0.1645,0.165,939384.0
1783728000000,0.1649,0.1652,0.1633,0.1644,1219530.0
1783742400000,0.1643,0.1646,0.1632,0.1638,931381.0
1783756800000,0.1637,0.1655,0.1635,0.1652,660347.0
1783771200000,0.1652,0.169,0.165,0.1676,2620911.0
1783785600000,0.1676,0.171,0.1668,0.1687,1996632.0
1783800000000,0.1688,0.1698,0.1618,0.1628,2302299.0
1783814400000,0.1627,0.1647,0.1617,0.1644,1670725.0
1783828800000,0.1644,0.1651,0.1616,0.1623,1115127.0
1783843200000,0.1622,0.1634,0.162,0.163,472510.0
1783857600000,0.1629,0.1643,0.1623,0.1638,928397.0
1783872000000,0.1638,0.1662,0.1628,0.1634,1308290.0
1783886400000,0.1635,0.1638,0.1595,0.1614,1587465.0
1783900800000,0.1614,0.1643,0.1582,0.1597,1650870.0
1783915200000,0.1597,0.1612,0.1595,0.1611,868411.0
1783929600000,0.161,0.1615,0.1598,0.1601,601630.0
1783944000000,0.16,0.1619,0.1588,0.1598,1111575.0
1783958400000,0.1597,0.1608,0.1564,0.1577,1990676.0
1783972800000,0.1576,0.1591,0.1546,0.1589,1397431.0
1783987200000,0.1589,0.1669,0.1586,0.1644,4477616.0
1784001600000,0.1643,0.1666,0.1631,0.1639,2130957.0
1784016000000,0.164,0.164,0.1614,0.1615,1390671.0
1784030400000,0.1615,0.1653,0.1611,0.1638,3465529.0
1784044800000,0.1637,0.1659,0.1631,0.1651,2630721.0
1784059200000,0.1652,0.1672,0.1645,0.1657,1715795.0
1784073600000,0.1657,0.1679,0.1652,0.1677,1773126.0
1784088000000,0.1677,0.1677,0.164,0.1649,1473044.0
1784102400000,0.1648,0.1658,0.1647,0.1652,730226.0
1784116800000,0.1652,0.1675,0.165,0.1654,2310081.0
1784131200000,0.1655,0.1668,0.1633,0.1643,1830191.0
1784145600000,0.1644,0.1654,0.164,0.1642,551933.0
1784160000000,0.1641,0.1724,0.1636,0.1698,6408759.0
1784174400000,0.1697,0.1704,0.1675,0.1694,2308976.0
1784188800000,0.1694,0.1697,0.1667,0.1679,4515513.0
1784203200000,0.168,0.1702,0.1658,0.1668,7330060.0
1784217600000,0.1667,0.1683,0.1647,0.1651,2365270.0
1784232000000,0.1651,0.166,0.1621,0.1631,1433529.0
1784246400000,0.1631,0.1654,0.1629,0.1644,1425811.0
1784260800000,0.1643,0.1645,0.1613,0.1613,1025513.0
1784275200000,0.1613,0.1644,0.1603,0.1636,1790103.0
1784289600000,0.1636,0.1637,0.1576,0.1611,9051741.0
1784304000000,0.1611,0.1628,0.1606,0.161,1228334.0
1784318400000,0.1608,0.1619,0.1601,0.1611,643005.0
1784332800000,0.161,0.1614,0.1603,0.1611,845833.0
1784347200000,0.1611,0.1642,0.161,0.1623,3030170.0
1784361600000,0.1623,0.1629,0.1597,0.1598,1412242.0
1784376000000,0.1599,0.1636,0.1589,0.1602,4885941.0
1784390400000,0.1603,0.1628,0.1603,0.1622,1373594.0
1784404800000,0.1623,0.1628,0.1612,0.1619,725183.0
1784419200000,0.1621,0.1644,0.1617,0.163,1039593.0
1784433600000,0.163,0.1683,0.1622,0.1678,3532360.0
1784448000000,0.1678,0.1777,0.1669,0.173,15720919.0
1784462400000,0.173,0.1786,0.1726,0.178,9614365.0
1784476800000,0.178,0.1782,0.1696,0.1706,8315246.0
1784491200000,0.1706,0.1716,0.1686,0.1692,2768659.0
1784505600000,0.1692,0.1712,0.1664,0.1677,4762000.0
1784520000000,0.1677,0.1696,0.1636,0.168,5670935.0
1784534400000,0.168,0.1686,0.1656,0.1676,1436215.0
1784548800000,0.1676,0.1693,0.1639,0.1666,4657102.0
1784563200000,0.1666,0.1674,0.1647,0.1655,2091893.0
1784577600000,0.1655,0.1664,0.1641,0.1651,1282300.0
1784592000000,0.165,0.1696,0.1634,0.1687,2686161.0
1784606400000,0.1688,0.1713,0.1664,0.1707,4441720.0
1784620800000,0.1708,0.171,0.1673,0.1685,1564851.0
1784635200000,0.1686,0.1699,0.1669,0.1679,2147380.0
1784649600000,0.1678,0.1701,0.1673,0.169,1847979.0
1784664000000,0.1691,0.1696,0.1681,0.1689,785137.0
1784678400000,0.1689,0.1698,0.1668,0.167,2072153.0
1784692800000,0.1669,0.1678,0.1647,0.1663,2193342.0
1784707200000,0.1662,0.1698,0.1659,0.1693,1788573.0
1784721600000,0.1693,0.1739,0.1691,0.1707,4574686.0
1784736000000,0.1708,0.1743,0.1706,0.1713,3421955.0
1784750400000,0.1712,0.1726,0.1691,0.1709,1434704.0
1784764800000,0.1709,0.1715,0.1685,0.1691,1184567.0
1784779200000,0.1691,0.1703,0.1685,0.1695,784502.0
1784793600000,0.1694,0.1715,0.1688,0.1691,1434589.0
1784808000000,0.1691,0.1707,0.1666,0.1697,3965222.0
1784822400000,0.1696,0.1754,0.169,0.1743,4224856.0
1784836800000,0.1743,0.1779,0.1737,0.174,2822432.0
1784851200000,0.174,0.175,0.1704,0.172,2134282.0
1784865600000,0.1719,0.1738,0.171,0.1725,1762035.0
1784880000000,0.1726,0.1726,0.1694,0.1709,2830579.0
1784894400000,0.1708,0.172,0.1645,0.1663,5498955.0
1784908800000,0.1663,0.1678,0.1656,0.1672,1428980.0
1784923200000,0.1672,0.1678,0.1634,0.1649,1305480.0
1784937600000,0.165,0.1657,0.1641,0.1646,1126390.0
1784952000000,0.1647,0.1651,0.1626,0.1631,1457312.0
1784966400000,0.163,0.164,0.1618,0.1623,1179796.0
1784980800000,0.1623,0.1636,0.1616,0.1626,1190603.0
1784995200000,0.1626,0.1652,0.1625,0.1641,1564528.0
1785009600000,0.1642,0.1652,0.1637,0.164,951533.0
1785024000000,0.164,0.1657,0.1635,0.165,1159471.0
1785038400000,0.165,0.1664,0.1619,0.1633,3113186.0
1785052800000,0.1634,0.165,0.1628,0.1631,1447934.0
1785067200000,0.1632,0.1651,0.1627,0.1647,1689355.0
1785081600000,0.1648,0.1675,0.1637,0.1639,2685375.0
1785096000000,0.1639,0.1656,0.1634,0.1649,1403862.0
1785110400000,0.1649,0.166,0.1641,0.1655,1107298.0
1785124800000,0.1654,0.1676,0.1649,0.1658,1434378.0
1785139200000,0.1658,0.1664,0.1646,0.1655,1661582.0
1785153600000,0.1656,0.166,0.1572,0.1587,7906606.0
1785168000000,0.1587,0.1597,0.1579,0.1593,2051132.0
1785182400000,0.1592,0.1594,0.1528,0.1548,2729043.0
1785196800000,0.1549,0.1557,0.1531,0.1553,1670105.0
1785211200000,0.1553,0.1569,0.1547,0.1561,771321.0
1785225600000,0.1561,0.1565,0.1535,0.154,1859824.0
1785240000000,0.154,0.1559,0.1512,0.1554,4156067.0
1785254400000,0.1553,0.156,0.1538,0.1545,1329544.0
1785268800000,0.1545,0.1551,0.1527,0.1538,1054325.0
1785283200000,0.1538,0.1546,0.1496,0.1496,2914302.0
1785297600000,0.1496,0.1517,0.1487,0.1511,1468398.0
1785312000000,0.1511,0.1518,0.1498,0.1503,1581527.0
1785326400000,0.1503,0.1505,0.1468,0.1488,3301375.0
1785340800000,0.1487,0.1507,0.1472,0.1477,2443721.0
1785355200000,0.1476,0.15,0.1456,0.1499,1880377.0
1785369600000,0.1499,0.1517,0.1495,0.1509,2106728.0
1785384000000,0.1509,0.1519,0.1502,0.1511,783583.0
1785398400000,0.1511,0.1532,0.1509,0.153,2126499.0
1785412800000,0.153,0.154,0.1518,0.1536,2224838.0
1785427200000,0.1536,0.1553,0.1533,0.154,1827180.0
1785441600000,0.154,0.1545,0.1528,0.1532,1013134.0
1785456000000,0.1533,0.1556,0.1521,0.1531,1446303.0
1785470400000,0.1531,0.1531,0.1509,0.1526,2173915.0
1785484800000,0.1526,0.1532,0.1501,0.151,1599309.0
1785499200000,0.1509,0.152,0.149,0.1513,2586971.0
1785513600000,0.1513,0.1523,0.1506,0.151,827605.0
1785528000000,0.1511,0.1519,0.1504,0.1517,707025.0
1785542400000,0.1518,0.1563,0.1514,0.1551,2389500.0
1785556800000,0.1552,0.1556,0.1533,0.1533,1665400.0
1785571200000,0.1533,0.1546,0.1531,0.1542,1075579.0
1785585600000,0.1542,0.1558,0.1536,0.1537,1234643.0
1785600000000,0.1537,0.155,0.1496,0.1511,2991035.0
1785614400000,0.1511,0.1529,0.151,0.1511,1181645.0
1785628800000,0.1511,0.1553,0.1511,0.1543,2115050.0
1785643200000,0.1543,0.1566,0.1542,0.1553,2247747.0
1785657600000,0.1553,0.1571,0.1543,0.1552,2153890.0
1785672000000,0.1553,0.1562,0.1545,0.1553,1092132.0
1785686400000,0.1554,0.1562,0.1549,0.1552,686809.0
1785700800000,0.1552,0.1568,0.1552,0.1558,1106368.0
1785715200000,0.1557,0.1558,0.1528,0.1534,1872389.0
1785729600000,0.1533,0.155,0.153,0.1532,1558115.0
1785744000000,0.1532,0.1555,0.1528,0.155,1030903.0
1785758400000,0.1551,0.1575,0.1547,0.1573,1857151.0
1785772800000,0.1572,0.1577,0.1551,0.1554,1086036.0
1785787200000,0.1554,0.1561,0.1547,0.1548,766885.0
1785801600000,0.1548,0.1563,0.1543,0.156,2119654.0
1785816000000,0.156,0.1589,0.1549,0.1581,4986108.0
1785830400000,0.1581,0.1584,0.1563,0.1565,1209487.0
1785844800000,0.1565,0.1593,0.1555,0.1567,3736122.0
1785859200000,0.1568,0.1574,0.1559,0.1569,979071.0
1785873600000,0.1568,0.1571,0.1557,0.1565,853370.0
1785888000000,0.1565,0.1582,0.1552,0.1561,1727717.0
1785902400000,0.1561,0.1573,0.1561,0.1565,755234.0
1785916800000,0.1566,0.1571,0.1549,0.1553,1099253.0
1785931200000,0.1552,0.1559,0.1533,0.154,3863123.0
1785945600000,0.1541,0.1557,0.1537,0.1538,1038319.0
1785960000000,0.1539,0.1543,0.1526,0.1536,1842913.0
1785974400000,0.1536,0.1547,0.153,0.1539,1047888.0
1785988800000,0.1539,0.1724,0.1531,0.1706,20604962.0
1786003200000,0.1706,0.1714,0.1651,0.167,14553135.0
1786017600000,0.167,0.1676,0.1633,0.1638,6250017.0
1786032000000,0.1638,0.1678,0.1629,0.1643,4281475.0
1786046400000,0.1642,0.1672,0.164,0.1658,2485380.0
1786060800000,0.1659,0.167,0.1637,0.165,2369553.0
1786075200000,0.1649,0.1693,0.1647,0.169,4184482.0
1786089600000,0.169,0.1692,0.1619,0.1653,6303053.0
1786104000000,0.1652,0.1697,0.1633,0.169,5103139.0
1786118400000,0.1689,0.1696,0.1652,0.168,4591042.0
1786132800000,0.168,0.1684,0.1607,0.1656,5159997.0
1786147200000,0.1657,0.1692,0.1641,0.1669,2808584.0
1786161600000,0.1668,0.1676,0.1652,0.1659,2250040.0
1786176000000,0.166,0.1662,0.1644,0.1645,1513404.0
1786190400000,0.1644,0.1655,0.1637,0.1654,1782629.0
1786204800000,0.1654,0.167,0.1647,0.1656,2076553.0
1786219200000,0.1655,0.1658,0.1647,0.1651,734443.0
1786233600000,0.1652,0.1656,0.1634,0.1647,1405660.0
1786248000000,0.1646,0.1663,0.1637,0.1642,1519424.0
1786262400000,0.1642,0.1649,0.1636,0.1644,1159413.0
1786276800000,0.1644,0.1665,0.1637,0.1664,1440319.0
1786291200000,0.1664,0.1793,0.1659,0.176,9607245.0
1786305600000,0.1759,0.1777,0.168,0.1684,6859732.0
1786320000000,0.1682,0.1719,0.1676,0.1686,4124489.0
1786334400000,0.1686,0.1696,0.1658,0.1673,2552778.0
1786348800000,0.1673,0.1675,0.1645,0.1666,2958608.0
1786363200000,0.1667,0.1679,0.1638,0.1656,3982373.0
1786377600000,0.1657,0.1737,0.1645,0.1711,12174073.0
1786392000000,0.171,0.1716,0.1666,0.1671,2145352.0
1786406400000,0.1671,0.1691,0.1653,0.1663,1649258.0
1786420800000,0.1663,0.1664,0.1622,0.1628,3644344.0
1786435200000,0.1629,0.164,0.1613,0.1634,3831735.0
1786449600000,0.1634,0.1645,0.1564,0.159,7443258.0
1786464000000,0.159,0.1632,0.1585,0.1621,2377147.0
1786478400000,0.1622,0.1634,0.1611,0.1613,1111983.0
1786492800000,0.1613,0.1656,0.1605,0.1635,2975324.0
1786507200000,0.1635,0.1704,0.1622,0.1661,7186150.0
1786521600000,0.1661,0.1662,0.162,0.1626,3734675.0
1786536000000,0.1625,0.1641,0.1596,0.1598,4604853.0
1786550400000,0.1599,0.1625,0.1598,0.1607,2511949.0
1786564800000,0.1606,0.1618,0.158,0.1609,1925947.0
1786579200000,0.1609,0.1614,0.159,0.16,1761968.0
1786593600000,0.1599,0.1633,0.1597,0.1618,2639446.0
1786608000000,0.162,0.1625,0.16,0.16,1913612.0
1786622400000,0.16,0.1617,0.1592,0.1598,1564462.0
1786636800000,0.1599,0.16,0.1573,0.1597,1443219.0
1786651200000,0.1597,0.1605,0.1593,0.1599,850439.0
1786665600000,0.16,0.161,0.1578,0.1578,1265892.0
1786680000000,0.1578,0.1585,0.1554,0.1564,1848677.0
1786694400000,0.1565,0.1571,0.1521,0.1533,3710857.0
1786708800000,0.1534,0.1556,0.1525,0.1545,4108840.0
1786723200000,0.1544,0.1569,0.154,0.1564,2605795.0
1786737600000,0.1564,0.1587,0.1561,0.1574,1757490.0
1786752000000,0.1574,0.1579,0.1564,0.1569,966983.0
1786766400000,0.1569,0.1605,0.1568,0.159,2294927.0
1786780800000,0.1591,0.1622,0.1582,0.161,3866908.0
1786795200000,0.161,0.1617,0.1597,0.1605,1782398.0
1786809600000,0.1606,0.1615,0.1592,0.1598,1213862.0
1786824000000,0.1599,0.1603,0.1586,0.1595,786929.0
1786838400000,0.1595,0.1611,0.1578,0.1591,2152090.0
1786852800000,0.1591,0.1609,0.1581,0.1599,1788022.0
1786867200000,0.1599,0.1606,0.1595,0.1603,788426.0
1786881600000,0.1603,0.1614,0.1598,0.1607,1030912.0
1786896000000,0.1608,0.1611,0.1595,0.1598,1079518.0
1786910400000,0.1598,0.1601,0.1565,0.1586,1817251.0
1786924800000,0.1587,0.1612,0.1584,0.1604,1128129.0
1786939200000,0.1606,0.1618,0.1598,0.1608,837010.0
1786953600000,0.1609,0.1621,0.1604,0.1614,898568.0
1786968000000,0.1614,0.1623,0.1601,0.1611,972783.0
1786982400000,0.1611,0.1619,0.1604,0.1607,1411607.0
1786996800000,0.1606,0.1613,0.1603,0.1609,612447.0
1787011200000,0.161,0.161,0.1563,0.1574,1808601.0
1787025600000,0.1574,0.1596,0.157,0.1585,951284.0
1787040000000,0.1585,0.16,0.1579,0.1596,614368.0
1787054400000,0.1595,0.1606,0.1588,0.16,883340.0
1787068800000,0.16,0.1609,0.1593,0.1603,698901.0
1787083200000,0.1603,0.1609,0.1596,0.1607,668003.0
1787097600000,0.1608,0.1615,0.1596,0.1608,791850.0
1787112000000,0.1607,0.1608,0.1589,0.1598,882184.0
1787126400000,0.1599,0.1618,0.1598,0.1612,652492.0
1787140800000,0.1612,0.1677,0.1605,0.1644,4304525.0
1787155200000,0.1644,0.1693,0.1641,0.1673,6312793.0
1787169600000,0.1673,0.1747,0.1672,0.1713,3426422.0
1787184000000,0.1714,0.1743,0.1712,0.1732,1456044.0
1787198400000,0.1731,0.1747,0.1715,0.1744,1565403.0
1787212800000,0.1745,0.1779,0.1742,0.1772,2869534.0
1787227200000,0.1773,0.1798,0.1745,0.179,2548207.0
1787241600000,0.179,0.1818,0.1771,0.18,4029124.0
1787256000000,0.18,0.1837,0.1796,0.1815,2299744.0
1787270400000,0.1815,0.1852,0.1814,0.1842,3027147.0
1787284800000,0.1841,0.1874,0.1836,0.1867,3753528.0
1787299200000,0.1868,0.1933,0.1864,0.1907,7235581.0
1787313600000,0.1907,0.2007,0.1904,0.2001,5126520.0
1787328000000,0.2002,0.2031,0.1968,0.1978,3759039.0
1787342400000,0.1978,0.2034,0.1968,0.2019,3459024.0
1787356800000,0.202,0.2172,0.2013,0.2158,7353811.0
1787371200000,0.2158,0.2199,0.1873,0.214,19236520.0
1787385600000,0.2141,0.215,0.203,0.2072,6329330.0
