timestamp,open,high,low,close,volume
1770336000000,1.0014,1.0018,1.0014,1.0017,534748.0
1770336300000,1.0017,1.0017,1.0013,1.0014,465224.0
1770336600000,1.0014,1.0016,1.0013,1.0015,1393541.0
1770336900000,1.0015,1.0016,1.0011,1.0011,2665406.0
1770337200000,1.0013,1.0015,1.0011,1.0014,1537398.0
1770337500000,1.0014,1.0015,1.0011,1.0012,884699.0
1770337800000,1.0012,1.0015,1.0012,1.0013,709342.0
1770338100000,1.0014,1.0015,1.0012,1.0015,332674.0
1770338400000,1.0015,1.0015,1.0013,1.0015,146255.0
1770338700000,1.0015,1.0015,1.0012,1.0014,360876.0
1770339000000,1.0014,1.0014,1.0013,1.0013,21956.0
1770339300000,1.0013,1.0014,1.0013,1.0014,82423.0
1770339600000,1.0014,1.0015,1.0013,1.0014,89288.0
1770339900000,1.0014,1.0014,1.0012,1.0012,75128.0
1770340200000,1.0012,1.0014,1.0012,1.0012,81817.0
1770340500000,1.0013,1.0013,1.0012,1.0013,55024.0
1770340800000,1.0013,1.0013,1.0012,1.0012,52692.0
1770341100000,1.0013,1.0013,1.0012,1.0012,7284.0
1770341400000,1.0013,1.0013,1.0012,1.0013,6003.0
1770341700000,1.0013,1.0013,1.0012,1.0012,6055.0
1770342000000,1.0012,1.0013,1.0012,1.0012,25220.0
1770342300000,1.0013,1.0013,1.0012,1.0013,19282.0
1770342600000,1.0013,1.0013,1.0012,1.0012,10011.0
1770342900000,1.0012,1.0012,1.0011,1.0012,16354.0
1770343200000,1.0011,1.0012,1.001,1.0012,63758.0
1770343500000,1.0012,1.0012,1.001,1.0012,10511.0
1770343800000,1.001,1.0012,1.001,1.0011,85919.0
1770344100000,1.001,1.0012,1.001,1.0012,81989.0
1770344400000,1.0012,1.0012,1.0011,1.0011,20131.0
1770344700000,1.0011,1.0012,1.0011,1.0011,703.0
1770345000000,1.0012,1.0012,1.0011,1.0011,67246.0
1770345300000,1.0011,1.0012,1.0011,1.0012,14424.0
1770345600000,1.0012,1.0012,1.0011,1.0011,4075.0
1770345900000,1.0012,1.0012,1.0011,1.0012,20359.0
1770346200000,1.0012,1.0012,1.0011,1.0012,28963.0
1770346500000,1.0012,1.0012,1.001,1.0011,48881.0
1770346800000,1.0011,1.0011,1.0008,1.001,30552.0
1770347100000,1.0008,1.001,1.0008,1.001,121055.0
1770347400000,1.0009,1.001,1.0009,1.001,13778.0
1770347700000,1.001,1.001,1.0009,1.0009,8530.0
1770348000000,1.001,1.001,1.0009,1.0009,12278.0
1770348300000,1.0009,1.001,1.0009,1.0009,16391.0
1770348600000,1.0009,1.001,1.0009,1.001,3076.0
1770348900000,1.001,1.001,1.0009,1.0009,363.0
1770349200000,1.001,1.001,1.0009,1.001,753.0
1770349500000,1.001,1.001,1.0009,1.001,20469.0
1770349800000,1.001,1.001,1.0009,1.001,4170.0
1770350100000,1.001,1.001,1.0009,1.001,2305.0
1770350400000,1.001,1.0025,1.0008,1.0009,234433.0
1770350700000,1.0009,1.0025,1.0008,1.001,315230.0
1770351000000,1.0009,1.0025,1.0008,1.001,288510.0
1770351300000,1.001,1.0013,1.0008,1.001,87789.0
1770351600000,1.0009,1.001,1.0008,1.0008,4784.0
1770351900000,1.0008,1.0009,1.0008,1.0008,15307.0
1770352200000,1.0009,1.0009,1.0008,1.0008,265.0
1770352500000,1.0008,1.0009,1.0008,1.0008,5144.0
1770352800000,1.0009,1.0009,1.0008,1.0009,3002.0
1770353100000,1.0009,1.0009,1.0008,1.0008,7045.0
1770353400000,1.0009,1.0009,1.0008,1.0008,8070.0
1770353700000,1.0009,1.0009,1.0008,1.0009,23905.0
1770354000000,1.0009,1.0009,1.0008,1.0008,6624.0
1770354300000,1.0009,1.0009,1.0009,1.0009,5958.0
1770354600000,1.0009,1.0009,1.0009,1.0009,7261.0
1770354900000,1.0008,1.0008,1.0008,1.0008,2511.0
1770355200000,1.0009,1.0009,1.0008,1.0009,2538.0
1770355500000,1.0009,1.001,1.0008,1.0009,14533.0
1770355800000,1.0008,1.0009,1.0008,1.0009,2062.0
1770356100000,1.0009,1.001,1.0008,1.001,5993.0
1770356400000,1.0009,1.001,1.0009,1.001,3214.0
1770356700000,1.001,1.001,1.001,1.001,2479.0
1770357000000,1.001,1.0011,1.0008,1.001,71992.0
1770357300000,1.0009,1.001,1.0008,1.001,31508.0
1770357600000,1.001,1.0011,1.0009,1.0009,39549.0
1770357900000,1.001,1.001,1.0009,1.001,55478.0
1770358200000,1.0009,1.001,1.0009,1.0009,5447.0
1770358500000,1.0009,1.001,1.0009,1.0009,3906.0
1770358800000,1.0009,1.001,1.0008,1.001,17603.0
1770359100000,1.001,1.001,1.0008,1.001,14425.0
1770359400000,1.001,1.0011,1.0009,1.0009,172167.0
1770359700000,1.0009,1.0011,1.0009,1.001,7057.0
1770360000000,1.001,1.001,1.0009,1.001,25064.0
1770360300000,1.0009,1.0011,1.0009,1.001,254133.0
1770360600000,1.001,1.001,1.0009,1.001,21559.0
1770360900000,1.0009,1.001,1.0009,1.001,4297.0
1770361200000,1.0009,1.001,1.0008,1.0009,36938.0
1770361500000,1.001,1.0011,1.0009,1.0009,229806.0
1770361800000,1.0009,1.0011,1.0009,1.0011,4651.0
1770362100000,1.0009,1.0011,1.0009,1.0009,273683.0
1770362400000,1.0009,1.0011,1.0008,1.0009,263782.0
1770362700000,1.001,1.0012,1.0009,1.0009,551638.0
1770363000000,1.0009,1.0013,1.0009,1.0011,613642.0
1770363300000,1.0009,1.0011,1.0009,1.0011,41868.0
1770363600000,1.0009,1.0011,1.0009,1.0011,3550.0
1770363900000,1.0011,1.0012,1.0009,1.0011,5082.0
1770364200000,1.0009,1.0011,1.0009,1.001,63639.0
1770364500000,1.0011,1.0011,1.001,1.001,26672.0
1770364800000,1.001,1.0011,1.001,1.001,1167.0
1770365100000,1.0011,1.0011,1.001,1.001,4270.0
1770365400000,1.001,1.001,1.001,1.001,203.0
1770365700000,1.0011,1.0011,1.0009,1.0011,38749.0
1770366000000,1.0011,1.0012,1.0009,1.001,33128.0
1770366300000,1.0011,1.0011,1.001,1.001,29829.0
1770366600000,1.001,1.0011,1.0009,1.001,45432.0
1770366900000,1.001,1.0011,1.001,1.001,17693.0
1770367200000,1.001,1.0011,1.001,1.0011,7505.0
1770367500000,1.0011,1.0011,1.001,1.001,7767.0
1770367800000,1.0011,1.0011,1.001,1.0011,5764.0
1770368100000,1.001,1.001,1.0009,1.0009,155689.0
1770368400000,1.0011,1.0011,1.0011,1.0011,5994.0
1770368700000,1.001,1.001,1.001,1.001,1682.0
1770369000000,1.001,1.0011,1.001,1.0011,2056.0
1770369300000,1.001,1.0011,1.001,1.0011,3383.0
1770369600000,1.0011,1.0011,1.001,1.001,6496.0
1770369900000,1.001,1.0012,1.001,1.0012,185522.0
1770370200000,1.0012,1.0012,1.0012,1.0012,568.0
1770370500000,1.0011,1.0011,1.001,1.0011,935.0
1770370800000,1.0011,1.0011,1.001,1.001,676.0
1770371100000,1.001,1.0011,1.001,1.001,4220.0
1770371400000,1.001,1.0011,1.001,1.001,4520.0
1770371700000,1.001,1.001,1.001,1.001,1419.0
1770372000000,1.0011,1.0011,1.001,1.001,4146.0
1770372300000,1.0011,1.0011,1.001,1.0011,18601.0
1770372600000,1.0011,1.0012,1.001,1.0011,6434.0
1770372900000,1.0011,1.0012,1.001,1.0012,3793.0
1770373200000,1.001,1.0012,1.001,1.001,23922.0
1770373500000,1.001,1.0011,1.001,1.001,16893.0
1770373800000,1.001,1.0012,1.001,1.0012,9891.0
1770374100000,1.0012,1.0012,1.001,1.0012,21709.0
1770374400000,1.0012,1.0012,1.001,1.0012,10026.0
1770374700000,1.001,1.0012,1.001,1.0012,32779.0
1770375000000,1.0012,1.0012,1.001,1.0011,47572.0
1770375300000,1.0011,1.0012,1.0011,1.0011,36833.0
1770375600000,1.0011,1.0011,1.0011,1.0011,16329.0
1770375900000,1.001,1.001,1.001,1.001,14.0
1770376200000,1.001,1.0012,1.001,1.0012,3039.0
1770376500000,1.001,1.0012,1.001,1.0012,8904.0
1770376800000,1.001,1.0012,1.001,1.0012,14600.0
1770377100000,1.0012,1.0012,1.0012,1.0012,1794.0
1770377400000,1.001,1.0011,1.001,1.0011,3663.0
1770377700000,1.001,1.0012,1.001,1.0012,7883.0
1770378000000,1.0011,1.0011,1.001,1.001,4288.0
1770378300000,1.001,1.0012,1.0009,1.001,49289.0
1770378600000,1.001,1.0011,1.0009,1.0011,48995.0
1770378900000,1.001,1.001,1.0009,1.0009,6899.0
1770379200000,1.001,1.001,1.0008,1.0009,124933.0
1770379500000,1.001,1.001,1.0009,1.0009,6248.0
1770379800000,1.001,1.001,1.0008,1.0009,405661.0
1770380100000,1.001,1.001,1.0008,1.0009,6300.0
1770380400000,1.001,1.001,1.0009,1.001,6956.0
1770380700000,1.0009,1.0009,1.0009,1.0009,12.0
1770381000000,1.001,1.001,1.001,1.001,3912.0
1770381300000,1.001,1.001,1.001,1.001,2925.0
1770381600000,1.001,1.001,1.0009,1.001,2755.0
1770381900000,1.0009,1.0009,1.0009,1.0009,8.0
1770382200000,1.001,1.001,1.0009,1.0009,3797.0
1770382500000,1.001,1.001,1.001,1.001,3598.0
1770382800000,1.001,1.001,1.0009,1.001,3245.0
1770383100000,1.001,1.001,1.001,1.001,3582.0
1770383400000,1.001,1.001,1.0008,1.001,36796.0
1770383700000,1.0008,1.001,1.0008,1.001,34695.0
1770384000000,1.001,1.001,1.0009,1.001,4760.0
1770384300000,1.001,1.001,1.0009,1.001,35754.0
1770384600000,1.001,1.001,1.0008,1.0009,73449.0
1770384900000,1.0009,1.0009,1.0007,1.0009,60670.0
1770385200000,1.0009,1.0009,1.0007,1.0008,71332.0
1770385500000,1.0009,1.0009,1.0008,1.0009,1555.0
1770385800000,1.0008,1.0009,1.0007,1.0007,31139.0
1770386100000,1.0007,1.0008,1.0007,1.0007,8586.0
1770386400000,1.0008,1.0008,1.0006,1.0006,51216.0
1770386700000,1.0008,1.0009,1.0007,1.0009,101308.0
1770387000000,1.0009,1.0009,1.0006,1.0007,77583.0
1770387300000,1.0007,1.0008,1.0007,1.0008,991.0
1770387600000,1.0007,1.0008,1.0006,1.0006,7031.0
1770387900000,1.0007,1.0007,1.0007,1.0007,7.0
1770388200000,1.0007,1.0007,1.0006,1.0006,40722.0
1770388500000,1.0007,1.0007,1.0005,1.0005,10657.0
1770388800000,1.0006,1.0007,1.0006,1.0007,2773.0
1770389100000,1.0007,1.0007,1.0005,1.0005,5318.0
1770389400000,1.0004,1.0006,1.0004,1.0006,5309.0
1770389700000,1.0006,1.0006,1.0004,1.0005,10331.0
1770390000000,1.0004,1.0005,1.0004,1.0005,5376.0
1770390300000,1.0005,1.0005,1.0003,1.0004,105360.0
1770390600000,1.0004,1.0005,1.0003,1.0004,96180.0
1770390900000,1.0005,1.0005,1.0004,1.0004,1618.0
1770391200000,1.0005,1.0005,1.0004,1.0005,3918.0
1770391500000,1.0004,1.0005,1.0004,1.0004,14089.0
1770391800000,1.0003,1.0004,1.0003,1.0004,90921.0
1770392100000,1.0004,1.0004,1.0003,1.0003,4867.0
1770392400000,1.0004,1.0004,1.0004,1.0004,1279.0
1770392700000,1.0004,1.0005,1.0003,1.0005,80579.0
1770393000000,1.0005,1.0005,1.0002,1.0004,87451.0
1770393300000,1.0004,1.0004,1.0002,1.0004,67662.0
1770393600000,1.0004,1.0004,1.0003,1.0004,126019.0
1770393900000,1.0004,1.0004,1.0003,1.0004,62109.0
1770394200000,1.0004,1.0005,1.0003,1.0004,48437.0
1770394500000,1.0003,1.0004,1.0002,1.0003,64715.0
1770394800000,1.0003,1.0003,1.0002,1.0003,131034.0
1770395100000,1.0002,1.0003,1.0002,1.0002,104274.0
1770395400000,1.0002,1.0003,1.0002,1.0003,14741.0
1770395700000,1.0003,1.0003,1.0002,1.0003,3439.0
1770396000000,1.0003,1.0003,1.0002,1.0003,1984.0
1770396300000,1.0002,1.0003,1.0001,1.0003,29180.0
1770396600000,1.0003,1.0003,1.0001,1.0002,1156.0
1770396900000,1.0003,1.0003,1.0002,1.0002,25593.0
1770397200000,1.0003,1.0003,1.0002,1.0002,5028.0
1770397500000,1.0003,1.0004,1.0002,1.0004,2409.0
1770397800000,1.0004,1.0004,1.0002,1.0004,2046.0
1770398100000,1.0004,1.0004,1.0002,1.0004,2907.0
1770398400000,1.0004,1.0004,1.0002,1.0003,14474.0
1770398700000,1.0004,1.0004,1.0002,1.0003,51095.0
1770399000000,1.0002,1.0003,1.0002,1.0002,4283.0
1770399300000,1.0003,1.0003,1.0002,1.0002,5855.0
1770399600000,1.0002,1.0003,1.0002,1.0003,8645.0
1770399900000,1.0002,1.0003,1.0002,1.0002,8668.0
1770400200000,1.0002,1.0003,1.0002,1.0002,2230.0
1770400500000,1.0002,1.0003,1.0002,1.0003,15024.0
1770400800000,1.0002,1.0003,1.0002,1.0002,26644.0
1770401100000,1.0002,1.0003,1.0002,1.0003,2984.0
1770401400000,1.0002,1.0004,1.0002,1.0004,7270.0
1770401700000,1.0003,1.0004,1.0003,1.0004,45308.0
1770402000000,1.0004,1.0005,1.0004,1.0004,1929.0
1770402300000,1.0004,1.0004,1.0004,1.0004,1702.0
1770402600000,1.0004,1.0007,1.0004,1.0007,32815.0
1770402900000,1.0007,1.0007,1.0006,1.0007,689.0
1770403200000,1.0006,1.0007,1.0006,1.0006,1383.0
1770403500000,1.0006,1.0006,1.0006,1.0006,497.0
1770403800000,1.0006,1.0006,1.0004,1.0005,4926.0
1770404100000,1.0006,1.0006,1.0005,1.0005,6227.0
1770404400000,1.0005,1.0006,1.0005,1.0005,1245.0
1770404700000,1.0005,1.0007,1.0005,1.0006,3107.0
1770405000000,1.0006,1.0008,1.0006,1.0007,7903.0
1770405300000,1.0007,1.0007,1.0007,1.0007,1330.0
1770405600000,1.0007,1.0009,1.0006,1.0008,9701.0
1770405900000,1.0008,1.0009,1.0007,1.0008,2742.0
1770406200000,1.0007,1.0008,1.0006,1.0007,12134.0
1770406500000,1.0007,1.0007,1.0007,1.0007,1664.0
1770406800000,1.0006,1.0006,1.0006,1.0006,1082.0
1770407100000,1.0006,1.0007,1.0006,1.0006,20815.0
1770407400000,1.0006,1.0007,1.0006,1.0006,34401.0
1770407700000,1.0006,1.0006,1.0005,1.0006,3367.0
1770408000000,1.0005,1.0006,1.0005,1.0006,2133.0
1770408300000,1.0005,1.0006,1.0005,1.0006,1879.0
1770408600000,1.0006,1.0006,1.0005,1.0005,388.0
1770408900000,1.0006,1.0006,1.0004,1.0004,4974.0
1770409200000,1.0004,1.0006,1.0004,1.0006,42.0
1770409500000,1.0006,1.0006,1.0004,1.0004,22.0
1770409800000,1.0006,1.0006,1.0004,1.0004,2961.0
1770410100000,1.0006,1.0006,1.0004,1.0006,2217.0
1770410400000,1.0004,1.0004,1.0004,1.0004,315.0
1770410700000,1.0004,1.0006,1.0004,1.0005,2490.0
1770411000000,1.0006,1.0006,1.0005,1.0005,633.0
1770411300000,1.0006,1.0006,1.0005,1.0005,2062.0
1770411600000,1.0006,1.0006,1.0006,1.0006,8300.0
1770411900000,1.0005,1.0006,1.0004,1.0004,4564.0
1770412200000,1.0006,1.0006,1.0006,1.0006,36.0
1770412500000,1.0006,1.0006,1.0004,1.0006,46.0
1770412800000,1.0005,1.0006,1.0005,1.0006,566.0
1770413100000,1.0006,1.0006,1.0006,1.0006,9518.0
1770413400000,1.0006,1.0006,1.0005,1.0006,1665.0
1770413700000,1.0006,1.0006,1.0006,1.0006,4572.0
1770414000000,1.0006,1.0006,1.0006,1.0006,342.0
1770414300000,1.0005,1.0006,1.0005,1.0006,101.0
1770414600000,1.0006,1.0006,1.0006,1.0006,26.0
1770414900000,1.0006,1.0006,1.0006,1.0006,13.0
1770415200000,1.0006,1.0006,1.0004,1.0006,3198.0
1770415500000,1.0006,1.0006,1.0006,1.0006,9.0
1770415800000,1.0006,1.0006,1.0004,1.0006,848.0
1770416100000,1.0006,1.0006,1.0004,1.0004,272.0
1770416400000,1.0004,1.0006,1.0004,1.0006,114.0
1770416700000,1.0005,1.0006,1.0005,1.0006,1306.0
1770417000000,1.0006,1.0006,1.0004,1.0006,1391.0
1770417300000,1.0004,1.0006,1.0004,1.0006,1771.0
1770417600000,1.0006,1.0006,1.0006,1.0006,46.0
1770417900000,1.0004,1.0006,1.0004,1.0006,541.0
1770418200000,1.0006,1.0006,1.0004,1.0006,88931.0
1770418500000,1.0004,1.0006,1.0004,1.0004,600.0
1770418800000,1.0006,1.0006,1.0004,1.0006,48.0
1770419100000,1.0004,1.0006,1.0004,1.0004,1960.0
1770419400000,1.0006,1.0006,1.0005,1.0005,2600.0
1770419700000,1.0006,1.0006,1.0005,1.0005,10316.0
1770420000000,1.0006,1.0006,1.0005,1.0006,4229.0
1770420300000,1.0006,1.0006,1.0006,1.0006,406.0
1770420600000,1.0006,1.0006,1.0005,1.0006,3092.0
1770420900000,1.0006,1.0006,1.0005,1.0006,1517.0
1770421200000,1.0005,1.0005,1.0004,1.0005,15156.0
1770421500000,1.0005,1.0005,1.0004,1.0005,2983.0
1770421800000,1.0006,1.0006,1.0005,1.0005,1403.0
1770422100000,1.0006,1.0006,1.0005,1.0005,160.0
1770422400000,1.0004,1.0005,1.0003,1.0005,30212.0
1770422700000,1.0003,1.0003,1.0003,1.0003,702.0
1770423000000,1.0003,1.0003,1.0003,1.0003,0.0
1770423300000,1.0003,1.0003,1.0003,1.0003,444.0
1770423600000,1.0005,1.0005,1.0005,1.0005,3730.0
1770423900000,1.0004,1.0004,1.0004,1.0004,1273.0
1770424200000,1.0003,1.0005,1.0003,1.0003,1110.0
1770424500000,1.0003,1.0003,1.0003,1.0003,215.0
1770424800000,1.0003,1.0003,1.0003,1.0003,2653.0
1770425100000,1.0003,1.0003,1.0003,1.0003,163.0
1770425400000,1.0004,1.0004,1.0003,1.0003,2399.0
1770425700000,1.0003,1.0004,1.0003,1.0004,4192.0
1770426000000,1.0003,1.0003,1.0002,1.0002,2491.0
1770426300000,1.0002,1.0003,1.0002,1.0003,18.0
1770426600000,1.0002,1.0003,1.0002,1.0003,2323.0
1770426900000,1.0002,1.0004,1.0002,1.0004,88.0
1770427200000,1.0002,1.0004,1.0002,1.0004,111.0
1770427500000,1.0004,1.0004,1.0004,1.0004,12.0
1770427800000,1.0004,1.0004,1.0004,1.0004,6.0
1770428100000,1.0003,1.0003,1.0003,1.0003,375.0
1770428400000,1.0003,1.0004,1.0003,1.0004,399.0
1770428700000,1.0004,1.0004,1.0002,1.0003,2912.0
1770429000000,1.0003,1.0004,1.0003,1.0003,67.0
1770429300000,1.0004,1.0004,1.0003,1.0003,1566.0
1770429600000,1.0003,1.0004,1.0003,1.0003,112.0
1770429900000,1.0003,1.0004,1.0003,1.0004,778.0
1770430200000,1.0003,1.0003,1.0003,1.0003,100.0
1770430500000,1.0003,1.0003,1.0002,1.0002,1607.0
1770430800000,1.0003,1.0003,1.0003,1.0003,21.0
1770431100000,1.0003,1.0003,1.0002,1.0002,4082.0
1770431400000,1.0003,1.0003,1.0002,1.0003,583.0
1770431700000,1.0003,1.0003,1.0002,1.0003,4668.0
1770432000000,1.0003,1.0004,1.0002,1.0004,935.0
1770432300000,1.0002,1.0004,1.0002,1.0003,1777.0
1770432600000,1.0004,1.0004,1.0003,1.0003,686.0
1770432900000,1.0003,1.0004,1.0003,1.0004,35.0
1770433200000,1.0004,1.0005,1.0003,1.0005,3309.0
1770433500000,1.0004,1.0005,1.0003,1.0005,1023.0
1770433800000,1.0003,1.0005,1.0003,1.0005,404.0
1770434100000,1.0003,1.0005,1.0003,1.0004,342.0
1770434400000,1.0003,1.0004,1.0003,1.0003,196.0
1770434700000,1.0004,1.0004,1.0004,1.0004,866.0
1770435000000,1.0004,1.0004,1.0003,1.0004,536.0
1770435300000,1.0004,1.0005,1.0004,1.0005,1304.0
1770435600000,1.0004,1.0005,1.0003,1.0005,3993.0
1770435900000,1.0003,1.0005,1.0003,1.0005,140.0
1770436200000,1.0003,1.0005,1.0003,1.0003,706.0
1770436500000,1.0003,1.0005,1.0003,1.0005,23.0
1770436800000,1.0004,1.0004,1.0003,1.0004,7204.0
1770437100000,1.0003,1.0004,1.0003,1.0003,333.0
1770437400000,1.0003,1.0004,1.0003,1.0003,5488.0
1770437700000,1.0003,1.0004,1.0003,1.0004,316.0
1770438000000,1.0004,1.0004,1.0004,1.0004,1567.0
1770438300000,1.0004,1.0004,1.0003,1.0003,640.0
1770438600000,1.0004,1.0004,1.0004,1.0004,916.0
1770438900000,1.0004,1.0004,1.0003,1.0004,154.0
1770439200000,1.0004,1.0004,1.0003,1.0004,1913.0
1770439500000,1.0003,1.0004,1.0003,1.0003,63.0
1770439800000,1.0004,1.0004,1.0003,1.0003,82.0
1770440100000,1.0004,1.0004,1.0003,1.0004,37.0
1770440400000,1.0004,1.0004,1.0003,1.0004,1974.0
1770440700000,1.0003,1.0003,1.0003,1.0003,6906.0
1770441000000,1.0002,1.0003,1.0002,1.0003,660.0
1770441300000,1.0003,1.0003,1.0003,1.0003,1085.0
1770441600000,1.0003,1.0003,1.0002,1.0003,761.0
1770441900000,1.0002,1.0003,1.0002,1.0002,11469.0
1770442200000,1.0003,1.0003,1.0002,1.0003,5066.0
1770442500000,1.0002,1.0003,1.0002,1.0003,21.0
1770442800000,1.0003,1.0004,1.0003,1.0004,9473.0
1770443100000,1.0003,1.0004,1.0003,1.0003,1183.0
1770443400000,1.0004,1.0004,1.0003,1.0003,5722.0
1770443700000,1.0004,1.0004,1.0002,1.0004,5268.0
1770444000000,1.0004,1.0004,1.0004,1.0004,17.0
1770444300000,1.0003,1.0004,1.0003,1.0003,1761.0
1770444600000,1.0003,1.0004,1.0003,1.0004,13966.0
1770444900000,1.0003,1.0004,1.0003,1.0004,1044.0
1770445200000,1.0004,1.0004,1.0004,1.0004,26.0
1770445500000,1.0003,1.0004,1.0003,1.0004,178.0
1770445800000,1.0003,1.0004,1.0003,1.0004,291.0
1770446100000,1.0004,1.0004,1.0004,1.0004,11.0
1770446400000,1.0004,1.0004,1.0003,1.0004,19481.0
1770446700000,1.0003,1.0004,1.0003,1.0004,11182.0
1770447000000,1.0004,1.0004,1.0003,1.0004,51144.0
1770447300000,1.0004,1.0004,1.0003,1.0003,58319.0
1770447600000,1.0004,1.0004,1.0003,1.0004,3051.0
1770447900000,1.0003,1.0004,1.0003,1.0003,6434.0
1770448200000,1.0003,1.0004,1.0003,1.0003,2660.0
1770448500000,1.0004,1.0004,1.0003,1.0004,17121.0
1770448800000,1.0004,1.0004,1.0003,1.0004,5581.0
1770449100000,1.0004,1.0004,1.0003,1.0003,80123.0
1770449400000,1.0004,1.0004,1.0003,1.0003,54566.0
1770449700000,1.0003,1.0003,1.0003,1.0003,1302.0
1770450000000,1.0004,1.0004,1.0003,1.0004,26409.0
1770450300000,1.0003,1.0005,1.0003,1.0004,64453.0
1770450600000,1.0003,1.0004,1.0003,1.0004,820.0
1770450900000,1.0004,1.0004,1.0003,1.0003,14.0
1770451200000,1.0003,1.0004,1.0003,1.0003,2872.0
1770451500000,1.0004,1.0004,1.0003,1.0003,376.0
1770451800000,1.0004,1.0004,1.0003,1.0003,208.0
1770452100000,1.0004,1.0004,1.0003,1.0003,556.0
1770452400000,1.0003,1.0004,1.0003,1.0004,9041.0
1770452700000,1.0004,1.0004,1.0003,1.0003,938.0
1770453000000,1.0004,1.0004,1.0004,1.0004,98.0
1770453300000,1.0003,1.0004,1.0003,1.0003,2389.0
1770453600000,1.0004,1.0004,1.0003,1.0004,855.0
1770453900000,1.0003,1.0004,1.0003,1.0003,392.0
1770454200000,1.0004,1.0004,1.0003,1.0003,7325.0
1770454500000,1.0004,1.0004,1.0004,1.0004,30.0
1770454800000,1.0004,1.0004,1.0003,1.0003,1613.0
1770455100000,1.0003,1.0004,1.0003,1.0004,155.0
1770455400000,1.0004,1.0004,1.0004,1.0004,12.0
1770455700000,1.0004,1.0004,1.0004,1.0004,8.0
1770456000000,1.0004,1.0004,1.0004,1.0004,6.0
1770456300000,1.0004,1.0004,1.0003,1.0003,479.0
1770456600000,1.0004,1.0004,1.0003,1.0003,2540.0
1770456900000,1.0003,1.0003,1.0003,1.0003,206.0
1770457200000,1.0004,1.0004,1.0004,1.0004,17.0
1770457500000,1.0003,1.0004,1.0003,1.0004,2014.0
1770457800000,1.0004,1.0004,1.0003,1.0003,2015.0
1770458100000,1.0004,1.0004,1.0004,1.0004,7.0
1770458400000,1.0004,1.0004,1.0003,1.0003,2047.0
1770458700000,1.0003,1.0004,1.0003,1.0004,32858.0
1770459000000,1.0003,1.0003,1.0003,1.0003,258.0
1770459300000,1.0003,1.0004,1.0003,1.0004,32.0
1770459600000,1.0004,1.0004,1.0004,1.0004,11.0
1770459900000,1.0004,1.0004,1.0004,1.0004,2100.0
1770460200000,1.0004,1.0004,1.0003,1.0003,514.0
1770460500000,1.0003,1.0004,1.0003,1.0004,2509.0
1770460800000,1.0004,1.0004,1.0003,1.0004,45007.0
1770461100000,1.0004,1.0004,1.0003,1.0003,5340.0
1770461400000,1.0004,1.0004,1.0004,1.0004,19.0
1770461700000,1.0004,1.0004,1.0004,1.0004,2021.0
1770462000000,1.0004,1.0004,1.0003,1.0003,1671.0
1770462300000,1.0004,1.0004,1.0003,1.0004,381.0
1770462600000,1.0004,1.0004,1.0004,1.0004,19.0
1770462900000,1.0004,1.0004,1.0003,1.0004,131.0
1770463200000,1.0004,1.0004,1.0004,1.0004,5.0
1770463500000,1.0004,1.0004,1.0004,1.0004,19.0
1770463800000,1.0004,1.0004,1.0004,1.0004,35.0
1770464100000,1.0003,1.0003,1.0003,1.0003,173.0
1770464400000,1.0004,1.0004,1.0004,1.0004,19235.0
1770464700000,1.0004,1.0006,1.0004,1.0006,165474.0
1770465000000,1.0005,1.0006,1.0005,1.0006,254.0
1770465300000,1.0005,1.0006,1.0005,1.0006,600.0
1770465600000,1.0006,1.0006,1.0005,1.0005,2232.0
1770465900000,1.0005,1.0006,1.0005,1.0006,1540.0
1770466200000,1.0005,1.0005,1.0005,1.0005,258.0
1770466500000,1.0006,1.0008,1.0006,1.0006,89159.0
1770466800000,1.0007,1.0008,1.0005,1.0008,11621.0
1770467100000,1.0006,1.0008,1.0006,1.0008,72.0
1770467400000,1.0008,1.0008,1.0006,1.0007,3153.0
1770467700000,1.0007,1.0008,1.0007,1.0008,4985.0
1770468000000,1.0007,1.0008,1.0006,1.0007,2841.0
1770468300000,1.0007,1.0008,1.0006,1.0007,72175.0
1770468600000,1.0006,1.0007,1.0006,1.0007,115419.0
1770468900000,1.0007,1.0007,1.0006,1.0007,11242.0
1770469200000,1.0007,1.0007,1.0007,1.0007,16.0
1770469500000,1.0007,1.0007,1.0007,1.0007,17.0
1770469800000,1.0007,1.0008,1.0006,1.0008,4982.0
1770470100000,1.0007,1.0007,1.0007,1.0007,1842.0
1770470400000,1.0007,1.0007,1.0007,1.0007,24.0
1770470700000,1.0007,1.0007,1.0007,1.0007,36.0
1770471000000,1.0007,1.0007,1.0006,1.0006,44818.0
1770471300000,1.0006,1.0007,1.0006,1.0007,4745.0
1770471600000,1.0007,1.0007,1.0007,1.0007,11528.0
1770471900000,1.0006,1.0007,1.0006,1.0007,43238.0
1770472200000,1.0007,1.0007,1.0007,1.0007,15158.0
1770472500000,1.0007,1.0007,1.0007,1.0007,3690.0
1770472800000,1.0007,1.0007,1.0007,1.0007,21.0
1770473100000,1.0007,1.0008,1.0007,1.0008,3774.0
1770473400000,1.0007,1.0007,1.0007,1.0007,1523.0
1770473700000,1.0008,1.0008,1.0008,1.0008,16.0
1770474000000,1.0008,1.0008,1.0008,1.0008,16.0
1770474300000,1.0007,1.0008,1.0006,1.0007,16735.0
1770474600000,1.0008,1.0008,1.0007,1.0007,4128.0
1770474900000,1.0008,1.0008,1.0007,1.0008,5337.0
1770475200000,1.0008,1.0008,1.0007,1.0008,5152.0
1770475500000,1.0007,1.0007,1.0006,1.0006,7649.0
1770475800000,1.0007,1.0007,1.0007,1.0007,40.0
1770476100000,1.0006,1.0007,1.0006,1.0006,5829.0
1770476400000,1.0006,1.0007,1.0006,1.0006,20930.0
1770476700000,1.0007,1.0007,1.0006,1.0006,30.0
1770477000000,1.0007,1.0007,1.0007,1.0007,11.0
1770477300000,1.0007,1.0007,1.0006,1.0006,21.0
1770477600000,1.0007,1.0007,1.0007,1.0007,877.0
1770477900000,1.0007,1.0007,1.0006,1.0006,2765.0
1770478200000,1.0006,1.0006,1.0006,1.0006,4071.0
1770478500000,1.0006,1.0007,1.0006,1.0007,1285.0
1770478800000,1.0007,1.0007,1.0006,1.0007,430.0
1770479100000,1.0007,1.0007,1.0006,1.0007,80.0
1770479400000,1.0007,1.0007,1.0007,1.0007,169.0
1770479700000,1.0007,1.0007,1.0007,1.0007,55.0
1770480000000,1.0006,1.0007,1.0005,1.0005,1256.0
1770480300000,1.0007,1.0011,1.0004,1.0004,2804128.0
1770480600000,1.0006,1.0011,1.0005,1.0005,2312899.0
1770480900000,1.0007,1.0008,1.0004,1.0005,1209757.0
1770481200000,1.0005,1.0007,1.0005,1.0007,9180.0
1770481500000,1.0007,1.0007,1.0006,1.0006,727.0
1770481800000,1.0007,1.0007,1.0005,1.0005,216.0
1770482100000,1.0005,1.0007,1.0004,1.0006,13773.0
1770482400000,1.0005,1.0007,1.0005,1.0005,6398.0
1770482700000,1.0005,1.0007,1.0005,1.0007,855.0
1770483000000,1.0005,1.0007,1.0005,1.0005,5108.0
1770483300000,1.0007,1.0007,1.0007,1.0007,6.0
1770483600000,1.0007,1.0007,1.0005,1.0007,1378.0
1770483900000,1.0007,1.0007,1.0007,1.0007,4942.0
1770484200000,1.0007,1.0007,1.0004,1.0005,1539.0
1770484500000,1.0004,1.0005,1.0004,1.0005,4994.0
1770484800000,1.0004,1.0005,1.0004,1.0005,1015.0
1770485100000,1.0005,1.0005,1.0005,1.0005,203.0
1770485400000,1.0005,1.0006,1.0004,1.0005,11313.0
1770485700000,1.0005,1.0006,1.0004,1.0006,3294.0
1770486000000,1.0006,1.0006,1.0006,1.0006,28.0
1770486300000,1.0004,1.0006,1.0004,1.0006,313.0
1770486600000,1.0006,1.0006,1.0006,1.0006,19.0
1770486900000,1.0006,1.0006,1.0006,1.0006,6.0
1770487200000,1.0006,1.0006,1.0006,1.0006,1873.0
1770487500000,1.0004,1.0006,1.0004,1.0006,21049.0
1770487800000,1.0004,1.0006,1.0004,1.0006,929.0
1770488100000,1.0005,1.0006,1.0005,1.0006,972.0
1770488400000,1.0005,1.0006,1.0004,1.0006,5846.0
1770488700000,1.0004,1.0006,1.0004,1.0004,49.0
1770489000000,1.0006,1.0006,1.0004,1.0004,3229.0
1770489300000,1.0004,1.0006,1.0004,1.0006,628.0
1770489600000,1.0006,1.0006,1.0004,1.0006,535.0
1770489900000,1.0006,1.0006,1.0004,1.0005,547.0
1770490200000,1.0006,1.0006,1.0006,1.0006,174.0
1770490500000,1.0005,1.0006,1.0005,1.0005,766.0
1770490800000,1.0006,1.0006,1.0004,1.0006,4977.0
1770491100000,1.0006,1.0006,1.0005,1.0005,4386.0
1770491400000,1.0004,1.0005,1.0004,1.0005,4144.0
1770491700000,1.0004,1.0005,1.0004,1.0004,9771.0
1770492000000,1.0004,1.0005,1.0004,1.0005,975.0
1770492300000,1.0003,1.0005,1.0003,1.0005,207.0
1770492600000,1.0005,1.0005,1.0005,1.0005,385.0
1770492900000,1.0004,1.0005,1.0004,1.0005,50.0
1770493200000,1.0005,1.0005,1.0005,1.0005,50.0
1770493500000,1.0005,1.0005,1.0005,1.0005,34.0
1770493800000,1.0004,1.0005,1.0004,1.0005,30.0
1770494100000,1.0005,1.0005,1.0005,1.0005,7.0
1770494400000,1.0005,1.0005,1.0005,1.0005,604.0
1770494700000,1.0005,1.0005,1.0005,1.0005,18.0
1770495000000,1.0005,1.0005,1.0005,1.0005,14.0
1770495300000,1.0005,1.0005,1.0005,1.0005,1317.0
1770495600000,1.0004,1.0005,1.0004,1.0005,26.0
1770495900000,1.0004,1.0005,1.0004,1.0005,2116.0
1770496200000,1.0004,1.0005,1.0004,1.0005,24.0
1770496500000,1.0004,1.0004,1.0004,1.0004,664.0
1770496800000,1.0005,1.0005,1.0005,1.0005,42.0
1770497100000,1.0005,1.0005,1.0005,1.0005,14.0
1770497400000,1.0005,1.0005,1.0005,1.0005,1067.0
1770497700000,1.0004,1.0005,1.0004,1.0005,726.0
1770498000000,1.0005,1.0005,1.0004,1.0004,1923.0
1770498300000,1.0004,1.0004,1.0004,1.0004,10.0
1770498600000,1.0003,1.0003,1.0003,1.0003,43.0
1770498900000,1.0003,1.0004,1.0003,1.0004,822.0
1770499200000,1.0003,1.0003,1.0003,1.0003,33.0
1770499500000,1.0004,1.0004,1.0004,1.0004,607.0
1770499800000,1.0004,1.0005,1.0004,1.0004,15092.0
1770500100000,1.0004,1.0005,1.0004,1.0005,15112.0
1770500400000,1.0005,1.0005,1.0005,1.0005,12.0
1770500700000,1.0005,1.0005,1.0003,1.0005,18333.0
1770501000000,1.0005,1.0005,1.0005,1.0005,0.0
1770501300000,1.0003,1.0004,1.0003,1.0004,1944.0
1770501600000,1.0004,1.0005,1.0003,1.0003,15803.0
1770501900000,1.0004,1.0004,1.0004,1.0004,8.0
1770502200000,1.0003,1.0004,1.0002,1.0003,4781.0
1770502500000,1.0004,1.0004,1.0003,1.0003,33.0
1770502800000,1.0003,1.0003,1.0003,1.0003,0.0
1770503100000,1.0004,1.0004,1.0003,1.0003,213.0
1770503400000,1.0003,1.0003,1.0003,1.0003,784.0
1770503700000,1.0003,1.0004,1.0003,1.0004,6711.0
1770504000000,1.0005,1.0005,1.0004,1.0004,42.0
1770504300000,1.0004,1.0004,1.0003,1.0003,1178.0
1770504600000,1.0003,1.0003,1.0003,1.0003,1993.0
1770504900000,1.0004,1.0004,1.0004,1.0004,21.0
1770505200000,1.0004,1.0004,1.0003,1.0003,3572.0
1770505500000,1.0003,1.0004,1.0002,1.0004,59699.0
1770505800000,1.0004,1.0004,1.0004,1.0004,0.0
1770506100000,1.0004,1.0004,1.0004,1.0004,25.0
1770506400000,1.0004,1.0004,1.0004,1.0004,0.0
1770506700000,1.0002,1.0004,1.0002,1.0003,8106.0
1770507000000,1.0003,1.0003,1.0003,1.0003,272.0
1770507300000,1.0003,1.0004,1.0002,1.0002,1833.0
1770507600000,1.0002,1.0002,1.0002,1.0002,0.0
1770507900000,1.0002,1.0002,1.0002,1.0002,0.0
1770508200000,1.0002,1.0002,1.0002,1.0002,18.0
1770508500000,1.0002,1.0002,1.0002,1.0002,10.0
1770508800000,1.0002,1.0004,1.0002,1.0004,28105.0
1770509100000,1.0004,1.0004,1.0004,1.0004,5455.0
1770509400000,1.0004,1.0004,1.0004,1.0004,0.0
1770509700000,1.0004,1.0005,1.0004,1.0005,179.0
1770510000000,1.0005,1.0005,1.0005,1.0005,0.0
1770510300000,1.0005,1.0005,1.0005,1.0005,0.0
1770510600000,1.0005,1.0005,1.0005,1.0005,2610.0
1770510900000,1.0005,1.0005,1.0005,1.0005,0.0
1770511200000,1.0004,1.0004,1.0004,1.0004,209.0
1770511500000,1.0005,1.0006,1.0005,1.0005,1110.0
1770511800000,1.0006,1.0006,1.0006,1.0006,2001.0
1770512100000,1.0004,1.0004,1.0004,1.0004,7.0
1770512400000,1.0004,1.0004,1.0004,1.0004,0.0
1770512700000,1.0006,1.0006,1.0006,1.0006,9.0
1770513000000,1.0004,1.0006,1.0004,1.0006,24.0
1770513300000,1.0006,1.0006,1.0006,1.0006,17.0
1770513600000,1.0006,1.0006,1.0006,1.0006,0.0
1770513900000,1.0006,1.0006,1.0006,1.0006,23.0
1770514200000,1.0005,1.0005,1.0005,1.0005,515.0
1770514500000,1.0005,1.0005,1.0005,1.0005,0.0
1770514800000,1.0005,1.0005,1.0005,1.0005,64.0
1770515100000,1.0005,1.0005,1.0004,1.0004,53.0
1770515400000,1.0005,1.0005,1.0005,1.0005,27.0
1770515700000,1.0004,1.0005,1.0004,1.0005,760.0
1770516000000,1.0004,1.0005,1.0004,1.0004,2128.0
1770516300000,1.0004,1.0004,1.0004,1.0004,9.0
1770516600000,1.0004,1.0004,1.0004,1.0004,0.0
1770516900000,1.0004,1.0005,1.0004,1.0005,793.0
1770517200000,1.0005,1.0005,1.0005,1.0005,39.0
1770517500000,1.0004,1.0005,1.0004,1.0005,655.0
1770517800000,1.0005,1.0006,1.0005,1.0006,139.0
1770518100000,1.0006,1.0006,1.0004,1.0006,113.0
1770518400000,1.0006,1.0006,1.0006,1.0006,50.0
1770518700000,1.0006,1.0006,1.0006,1.0006,22.0
1770519000000,1.0006,1.0006,1.0004,1.0004,421.0
1770519300000,1.0006,1.0006,1.0004,1.0004,56.0
1770519600000,1.0006,1.0006,1.0004,1.0005,6801.0
1770519900000,1.0004,1.0005,1.0004,1.0005,172.0
1770520200000,1.0005,1.0005,1.0005,1.0005,85.0
1770520500000,1.0005,1.0005,1.0004,1.0004,119.0
1770520800000,1.0005,1.0005,1.0005,1.0005,525.0
1770521100000,1.0005,1.0005,1.0005,1.0005,347.0
1770521400000,1.0005,1.0005,1.0004,1.0004,648.0
1770521700000,1.0004,1.0004,1.0004,1.0004,356.0
1770522000000,1.0005,1.0005,1.0004,1.0005,49.0
1770522300000,1.0004,1.0005,1.0004,1.0005,34.0
1770522600000,1.0005,1.0005,1.0005,1.0005,21.0
1770522900000,1.0004,1.0004,1.0003,1.0003,201543.0
1770523200000,1.0003,1.0006,1.0003,1.0006,201865.0
1770523500000,1.0006,1.0006,1.0006,1.0006,9.0
1770523800000,1.0004,1.0004,1.0004,1.0004,531.0
1770524100000,1.0004,1.0004,1.0004,1.0004,439.0
1770524400000,1.0004,1.0004,1.0004,1.0004,6.0
1770524700000,1.0005,1.0005,1.0005,1.0005,611.0
1770525000000,1.0005,1.0005,1.0005,1.0005,8.0
1770525300000,1.0006,1.0006,1.0006,1.0006,114.0
1770525600000,1.0005,1.0005,1.0005,1.0005,21.0
1770525900000,1.0005,1.0005,1.0005,1.0005,23.0
1770526200000,1.0005,1.0005,1.0005,1.0005,29.0
1770526500000,1.0005,1.0005,1.0004,1.0005,33505.0
1770526800000,1.0005,1.0005,1.0004,1.0005,1494.0
1770527100000,1.0005,1.0005,1.0005,1.0005,0.0
1770527400000,1.0005,1.0005,1.0005,1.0005,0.0
1770527700000,1.0004,1.0004,1.0004,1.0004,8.0
1770528000000,1.0005,1.0005,1.0004,1.0004,82.0
1770528300000,1.0004,1.0004,1.0004,1.0004,13.0
1770528600000,1.0004,1.0004,1.0004,1.0004,6.0
1770528900000,1.0004,1.0004,1.0004,1.0004,0.0
1770529200000,1.0004,1.0005,1.0004,1.0004,68.0
1770529500000,1.0004,1.0004,1.0004,1.0004,8.0
1770529800000,1.0004,1.0005,1.0004,1.0004,578.0
1770530100000,1.0004,1.0004,1.0004,1.0004,6.0
1770530400000,1.0004,1.0005,1.0004,1.0005,1745.0
1770530700000,1.0005,1.0005,1.0004,1.0004,31583.0
1770531000000,1.0004,1.0004,1.0004,1.0004,8998.0
1770531300000,1.0005,1.0005,1.0004,1.0004,5676.0
1770531600000,1.0004,1.0004,1.0004,1.0004,9.0
1770531900000,1.0005,1.0005,1.0004,1.0005,10535.0
1770532200000,1.0004,1.0004,1.0004,1.0004,16.0
1770532500000,1.0004,1.0004,1.0004,1.0004,23.0
1770532800000,1.0005,1.0005,1.0004,1.0004,20283.0
1770533100000,1.0004,1.0004,1.0004,1.0004,33.0
1770533400000,1.0004,1.0004,1.0004,1.0004,36.0
1770533700000,1.0004,1.0004,1.0004,1.0004,1658.0
1770534000000,1.0004,1.0004,1.0004,1.0004,542.0
1770534300000,1.0005,1.0005,1.0004,1.0004,2237.0
1770534600000,1.0004,1.0005,1.0004,1.0005,118.0
1770534900000,1.0005,1.0005,1.0004,1.0004,11465.0
1770535200000,1.0005,1.0005,1.0005,1.0005,38646.0
1770535500000,1.0005,1.0005,1.0005,1.0005,20998.0
1770535800000,1.0004,1.0004,1.0004,1.0004,10.0
1770536100000,1.0004,1.0004,1.0004,1.0004,0.0
1770536400000,1.0005,1.0005,1.0004,1.0004,19.0
1770536700000,1.0005,1.0005,1.0005,1.0005,18.0
1770537000000,1.0005,1.0005,1.0005,1.0005,18089.0
1770537300000,1.0005,1.0005,1.0004,1.0004,60438.0
1770537600000,1.0004,1.0005,1.0004,1.0004,47144.0
1770537900000,1.0004,1.0005,1.0004,1.0005,15136.0
1770538200000,1.0004,1.0004,1.0003,1.0004,15932.0
1770538500000,1.0004,1.0005,1.0004,1.0004,15.0
1770538800000,1.0004,1.0005,1.0003,1.0005,1114.0
1770539100000,1.0004,1.0005,1.0004,1.0005,1401.0
1770539400000,1.0005,1.0005,1.0004,1.0005,2878.0
1770539700000,1.0004,1.0005,1.0004,1.0005,66.0
1770540000000,1.0005,1.0006,1.0004,1.0006,6035.0
1770540300000,1.0006,1.0006,1.0005,1.0005,15857.0
1770540600000,1.0005,1.0007,1.0005,1.0007,64375.0
1770540900000,1.0005,1.0007,1.0005,1.0005,60588.0
1770541200000,1.0007,1.0007,1.0005,1.0005,60564.0
1770541500000,1.0005,1.0007,1.0005,1.0005,60816.0
1770541800000,1.0006,1.0007,1.0005,1.0005,61554.0
1770542100000,1.0006,1.0007,1.0005,1.0005,60648.0
1770542400000,1.0005,1.0006,1.0005,1.0006,215860.0
1770542700000,1.0005,1.0006,1.0005,1.0006,90029.0
1770543000000,1.0005,1.0005,1.0005,1.0005,15835.0
1770543300000,1.0005,1.0006,1.0005,1.0006,1165.0
1770543600000,1.0006,1.0006,1.0005,1.0005,198.0
1770543900000,1.0006,1.0006,1.0005,1.0006,269.0
1770544200000,1.0005,1.0006,1.0005,1.0006,573.0
1770544500000,1.0006,1.0006,1.0006,1.0006,25.0
1770544800000,1.0006,1.0006,1.0005,1.0005,51.0
1770545100000,1.0006,1.0006,1.0006,1.0006,1758.0
1770545400000,1.0005,1.0006,1.0005,1.0006,145.0
1770545700000,1.0006,1.0006,1.0005,1.0005,245.0
1770546000000,1.0005,1.0006,1.0005,1.0006,8426.0
1770546300000,1.0005,1.0006,1.0005,1.0005,1749.0
1770546600000,1.0006,1.0006,1.0006,1.0006,5.0
1770546900000,1.0006,1.0006,1.0006,1.0006,7.0
1770547200000,1.0006,1.0006,1.0006,1.0006,0.0
1770547500000,1.0004,1.0005,1.0004,1.0005,10141.0
1770547800000,1.0005,1.0005,1.0004,1.0004,89.0
1770548100000,1.0004,1.0004,1.0004,1.0004,0.0
1770548400000,1.0004,1.0004,1.0004,1.0004,42.0
1770548700000,1.0006,1.0006,1.0006,1.0006,9.0
1770549000000,1.0006,1.0006,1.0006,1.0006,0.0
1770549300000,1.0005,1.0005,1.0005,1.0005,1127.0
1770549600000,1.0005,1.0005,1.0005,1.0005,28.0
1770549900000,1.0005,1.0005,1.0005,1.0005,15.0
1770550200000,1.0005,1.0005,1.0005,1.0005,2185.0
1770550500000,1.0005,1.0005,1.0005,1.0005,531.0
1770550800000,1.0005,1.0005,1.0004,1.0005,1297.0
1770551100000,1.0004,1.0005,1.0004,1.0005,103.0
1770551400000,1.0005,1.0005,1.0004,1.0005,2362.0
1770551700000,1.0004,1.0005,1.0004,1.0005,510.0
1770552000000,1.0004,1.0005,1.0004,1.0005,1528.0
1770552300000,1.0004,1.0005,1.0004,1.0005,50.0
1770552600000,1.0005,1.0005,1.0005,1.0005,13.0
1770552900000,1.0005,1.0005,1.0004,1.0005,289.0
1770553200000,1.0005,1.0005,1.0004,1.0004,774.0
1770553500000,1.0004,1.0005,1.0004,1.0005,4912.0
1770553800000,1.0006,1.0006,1.0006,1.0006,15.0
1770554100000,1.0005,1.0005,1.0004,1.0004,187889.0
1770554400000,1.0004,1.0004,1.0004,1.0004,524.0
1770554700000,1.0006,1.0006,1.0004,1.0004,27.0
1770555000000,1.0004,1.0004,1.0004,1.0004,1098.0
1770555300000,1.0005,1.0005,1.0005,1.0005,405.0
1770555600000,1.0005,1.0006,1.0004,1.0004,1412.0
1770555900000,1.0004,1.0006,1.0004,1.0005,5291.0
1770556200000,1.0004,1.0004,1.0004,1.0004,6.0
1770556500000,1.0004,1.0005,1.0004,1.0005,67.0
1770556800000,1.0004,1.0004,1.0004,1.0004,474.0
1770557100000,1.0004,1.0005,1.0004,1.0004,1270.0
1770557400000,1.0005,1.0005,1.0004,1.0004,457.0
1770557700000,1.0004,1.0004,1.0004,1.0004,1335.0
1770558000000,1.0003,1.0003,1.0003,1.0003,96.0
1770558300000,1.0003,1.0003,1.0003,1.0003,67.0
1770558600000,1.0003,1.0003,1.0003,1.0003,0.0
1770558900000,1.0003,1.0003,1.0003,1.0003,472.0
1770559200000,1.0003,1.0003,1.0003,1.0003,28.0
1770559500000,1.0005,1.0005,1.0003,1.0003,512.0
1770559800000,1.0003,1.0005,1.0003,1.0005,9098.0
1770560100000,1.0003,1.0003,1.0003,1.0003,29.0
1770560400000,1.0003,1.0003,1.0003,1.0003,127.0
1770560700000,1.0005,1.0005,1.0005,1.0005,92.0
1770561000000,1.0005,1.0005,1.0005,1.0005,0.0
1770561300000,1.0004,1.0006,1.0004,1.0004,114598.0
1770561600000,1.0005,1.0005,1.0004,1.0005,24.0
1770561900000,1.0005,1.0005,1.0005,1.0005,0.0
1770562200000,1.0005,1.0005,1.0004,1.0004,166.0
1770562500000,1.0004,1.0005,1.0004,1.0005,20.0
1770562800000,1.0005,1.0005,1.0004,1.0004,1991.0
1770563100000,1.0005,1.0005,1.0005,1.0005,15.0
1770563400000,1.0005,1.0005,1.0005,1.0005,29.0
1770563700000,1.0004,1.0004,1.0004,1.0004,71.0
1770564000000,1.0004,1.0004,1.0004,1.0004,368.0
1770564300000,1.0004,1.0004,1.0003,1.0003,2301.0
1770564600000,1.0005,1.0005,1.0003,1.0003,79.0
1770564900000,1.0003,1.0003,1.0003,1.0003,8.0
1770565200000,1.0003,1.0003,1.0003,1.0003,47.0
1770565500000,1.0004,1.0004,1.0004,1.0004,71.0
1770565800000,1.0004,1.0004,1.0004,1.0004,61.0
1770566100000,1.0004,1.0004,1.0003,1.0003,95.0
1770566400000,1.0005,1.0005,1.0005,1.0005,175.0
1770566700000,1.0005,1.0005,1.0005,1.0005,0.0
1770567000000,1.0003,1.0004,1.0003,1.0004,1173.0
1770567300000,1.0004,1.0004,1.0004,1.0004,66.0
1770567600000,1.0003,1.0003,1.0003,1.0003,47.0
1770567900000,1.0003,1.0003,1.0003,1.0003,272.0
1770568200000,1.0003,1.0003,1.0003,1.0003,222.0
1770568500000,1.0003,1.0003,1.0003,1.0003,1185.0
1770568800000,1.0003,1.0003,1.0003,1.0003,1442.0
1770569100000,1.0003,1.0003,1.0003,1.0003,4033.0
1770569400000,1.0003,1.0005,1.0003,1.0003,2434.0
1770569700000,1.0003,1.0005,1.0003,1.0003,130.0
1770570000000,1.0003,1.0004,1.0003,1.0003,183.0
1770570300000,1.0003,1.0003,1.0003,1.0003,329.0
1770570600000,1.0003,1.0003,1.0003,1.0003,76.0
1770570900000,1.0003,1.0003,1.0003,1.0003,154.0
1770571200000,1.0003,1.0004,1.0003,1.0004,1633.0
1770571500000,1.0003,1.0003,1.0003,1.0003,110.0
1770571800000,1.0003,1.0003,1.0003,1.0003,45.0
1770572100000,1.0003,1.0003,1.0003,1.0003,2531.0
1770572400000,1.0003,1.0004,1.0003,1.0003,139.0
1770572700000,1.0003,1.0003,1.0003,1.0003,87.0
1770573000000,1.0003,1.0003,1.0003,1.0003,584.0
1770573300000,1.0003,1.0003,1.0003,1.0003,78.0
1770573600000,1.0003,1.0003,1.0003,1.0003,80.0
1770573900000,1.0003,1.0003,1.0003,1.0003,82.0
1770574200000,1.0003,1.0004,1.0003,1.0004,2351.0
1770574500000,1.0004,1.0004,1.0003,1.0003,289.0
1770574800000,1.0003,1.0005,1.0003,1.0003,88.0
1770575100000,1.0003,1.0003,1.0003,1.0003,62.0
1770575400000,1.0003,1.0005,1.0003,1.0004,2925.0
1770575700000,1.0004,1.0006,1.0004,1.0004,3466.0
1770576000000,1.0004,1.0005,1.0004,1.0004,122.0
1770576300000,1.0004,1.0004,1.0003,1.0003,84.0
1770576600000,1.0003,1.0005,1.0003,1.0003,1206.0
1770576900000,1.0003,1.0003,1.0003,1.0003,402.0
1770577200000,1.0003,1.0006,1.0003,1.0004,160.0
1770577500000,1.0004,1.0006,1.0003,1.0004,153.0
1770577800000,1.0004,1.0004,1.0003,1.0003,76.0
1770578100000,1.0003,1.0003,1.0003,1.0003,109.0
1770578400000,1.0003,1.0003,1.0003,1.0003,84.0
1770578700000,1.0003,1.0003,1.0003,1.0003,85.0
1770579000000,1.0003,1.0005,1.0003,1.0003,94.0
1770579300000,1.0003,1.0003,1.0003,1.0003,79.0
1770579600000,1.0003,1.0003,1.0003,1.0003,187.0
1770579900000,1.0003,1.0003,1.0003,1.0003,86.0
1770580200000,1.0003,1.0006,1.0003,1.0004,4828.0
1770580500000,1.0004,1.0004,1.0004,1.0004,89.0
1770580800000,1.0004,1.0005,1.0004,1.0004,184.0
1770581100000,1.0004,1.0004,1.0003,1.0003,3042.0
1770581400000,1.0003,1.0005,1.0003,1.0003,122.0
1770581700000,1.0003,1.0003,1.0003,1.0003,127.0
1770582000000,1.0003,1.0003,1.0003,1.0003,58.0
1770582300000,1.0003,1.0003,1.0003,1.0003,67.0
1770582600000,1.0004,1.0004,1.0004,1.0004,18.0
1770582900000,1.0004,1.0004,1.0004,1.0004,0.0
1770583200000,1.0003,1.0004,1.0003,1.0003,31.0
1770583500000,1.0003,1.0003,1.0003,1.0003,146.0
1770583800000,1.0004,1.0004,1.0003,1.0004,919.0
1770584100000,1.0004,1.0004,1.0003,1.0003,976.0
1770584400000,1.0003,1.0004,1.0003,1.0003,1673.0
1770584700000,1.0003,1.0003,1.0003,1.0003,21.0
1770585000000,1.0004,1.0005,1.0004,1.0004,1382.0
1770585300000,1.0003,1.0003,1.0003,1.0003,36.0
1770585600000,1.0003,1.0003,1.0003,1.0003,15.0
1770585900000,1.0003,1.0003,1.0003,1.0003,547.0
1770586200000,1.0003,1.0003,1.0003,1.0003,105.0
1770586500000,1.0003,1.0005,1.0003,1.0003,1254.0
1770586800000,1.0003,1.0003,1.0003,1.0003,57.0
1770587100000,1.0003,1.0003,1.0003,1.0003,30.0
1770587400000,1.0003,1.0003,1.0003,1.0003,20.0
1770587700000,1.0003,1.0004,1.0003,1.0004,68.0
1770588000000,1.0004,1.0004,1.0004,1.0004,1432.0
1770588300000,1.0004,1.0005,1.0004,1.0004,55765.0
1770588600000,1.0005,1.0005,1.0004,1.0004,47205.0
1770588900000,1.0004,1.0005,1.0004,1.0005,4342.0
1770589200000,1.0004,1.0004,1.0004,1.0004,350.0
1770589500000,1.0004,1.0004,1.0004,1.0004,209.0
1770589800000,1.0004,1.0004,1.0004,1.0004,0.0
1770590100000,1.0004,1.0005,1.0004,1.0005,927.0
1770590400000,1.0004,1.0004,1.0004,1.0004,17.0
1770590700000,1.0004,1.0004,1.0004,1.0004,14.0
1770591000000,1.0004,1.0004,1.0004,1.0004,536.0
1770591300000,1.0005,1.0005,1.0004,1.0005,2345.0
1770591600000,1.0004,1.0005,1.0003,1.0005,15765.0
1770591900000,1.0004,1.0005,1.0003,1.0004,13433.0
1770592200000,1.0004,1.0004,1.0003,1.0004,2848.0
1770592500000,1.0003,1.0004,1.0003,1.0003,49.0
1770592800000,1.0003,1.0004,1.0003,1.0003,7479.0
1770593100000,1.0003,1.0004,1.0002,1.0003,118695.0
1770593400000,1.0003,1.0003,1.0002,1.0002,2912.0
1770593700000,1.0003,1.0004,1.0002,1.0002,16506.0
1770594000000,1.0002,1.0003,1.0002,1.0002,826.0
1770594300000,1.0002,1.0003,1.0002,1.0003,1799.0
1770594600000,1.0003,1.0004,1.0002,1.0002,5436.0
1770594900000,1.0002,1.0002,1.0002,1.0002,7.0
1770595200000,1.0002,1.0005,1.0002,1.0005,19300.0
1770595500000,1.0003,1.0005,1.0003,1.0005,1094.0
1770595800000,1.0005,1.0005,1.0005,1.0005,11774.0
1770596100000,1.0005,1.0005,1.0005,1.0005,1280.0
1770596400000,1.0005,1.0005,1.0005,1.0005,2300.0
1770596700000,1.0003,1.0005,1.0003,1.0003,3007.0
1770597000000,1.0004,1.0005,1.0004,1.0005,3099.0
1770597300000,1.0005,1.0005,1.0005,1.0005,2290.0
1770597600000,1.0003,1.0005,1.0003,1.0005,8619.0
1770597900000,1.0004,1.0005,1.0004,1.0004,138.0
1770598200000,1.0004,1.0004,1.0004,1.0004,62.0
1770598500000,1.0004,1.0005,1.0004,1.0005,2331.0
1770598800000,1.0004,1.0005,1.0004,1.0005,62194.0
1770599100000,1.0005,1.0005,1.0004,1.0005,60661.0
1770599400000,1.0004,1.0005,1.0004,1.0005,6946.0
1770599700000,1.0005,1.0005,1.0004,1.0004,68303.0
1770600000000,1.0004,1.0005,1.0003,1.0003,7005.0
1770600300000,1.0003,1.0003,1.0002,1.0003,2109.0
1770600600000,1.0003,1.0003,1.0002,1.0002,215.0
1770600900000,1.0002,1.0004,1.0002,1.0004,325.0
1770601200000,1.0002,1.0004,1.0002,1.0002,131976.0
1770601500000,1.0004,1.0004,1.0002,1.0002,58173.0
1770601800000,1.0002,1.0005,1.0002,1.0003,29304.0
1770602100000,1.0003,1.0003,1.0003,1.0003,48.0
1770602400000,1.0003,1.0005,1.0003,1.0004,1529.0
1770602700000,1.0003,1.0004,1.0003,1.0003,2541.0
1770603000000,1.0003,1.0003,1.0003,1.0003,21.0
1770603300000,1.0003,1.0003,1.0002,1.0002,249.0
1770603600000,1.0002,1.0004,1.0002,1.0003,16278.0
1770603900000,1.0002,1.0004,1.0002,1.0004,1876.0
1770604200000,1.0002,1.0004,1.0002,1.0002,12510.0
1770604500000,1.0004,1.0004,1.0003,1.0004,22988.0
1770604800000,1.0004,1.0005,1.0003,1.0004,105838.0
1770605100000,1.0005,1.0005,1.0005,1.0005,612.0
1770605400000,1.0004,1.0005,1.0004,1.0005,2597.0
1770605700000,1.0004,1.0004,1.0004,1.0004,13.0
1770606000000,1.0004,1.0005,1.0004,1.0005,4129.0
1770606300000,1.0004,1.0004,1.0003,1.0004,527.0
1770606600000,1.0005,1.0005,1.0004,1.0004,56.0
1770606900000,1.0004,1.0005,1.0004,1.0005,2860.0
1770607200000,1.0004,1.0005,1.0004,1.0005,1312.0
1770607500000,1.0004,1.0005,1.0004,1.0005,32.0
1770607800000,1.0004,1.0005,1.0004,1.0005,1406.0
1770608100000,1.0005,1.0006,1.0005,1.0006,1312.0
1770608400000,1.0005,1.0006,1.0005,1.0006,3563.0
1770608700000,1.0006,1.0006,1.0006,1.0006,2626.0
1770609000000,1.0006,1.0006,1.0004,1.0006,1230.0
1770609300000,1.0005,1.0006,1.0005,1.0005,1246.0
1770609600000,1.0005,1.0006,1.0005,1.0006,112.0
1770609900000,1.0004,1.0006,1.0004,1.0006,466.0
1770610200000,1.0004,1.0006,1.0004,1.0006,477.0
1770610500000,1.0006,1.0006,1.0006,1.0006,1363.0
1770610800000,1.0005,1.0005,1.0003,1.0004,28835.0
1770611100000,1.0004,1.0004,1.0004,1.0004,13.0
1770611400000,1.0004,1.0004,1.0004,1.0004,2618.0
1770611700000,1.0004,1.0005,1.0003,1.0004,4896.0
1770612000000,1.0004,1.0004,1.0004,1.0004,10.0
1770612300000,1.0003,1.0004,1.0003,1.0003,2503.0
1770612600000,1.0004,1.0004,1.0004,1.0004,8.0
1770612900000,1.0004,1.0004,1.0004,1.0004,5.0
1770613200000,1.0004,1.0004,1.0004,1.0004,394.0
1770613500000,1.0004,1.0004,1.0004,1.0004,2092.0
1770613800000,1.0004,1.0004,1.0004,1.0004,0.0
1770614100000,1.0004,1.0004,1.0004,1.0004,54.0
1770614400000,1.0003,1.0004,1.0003,1.0004,126.0
1770614700000,1.0004,1.0004,1.0004,1.0004,10.0
1770615000000,1.0004,1.0004,1.0004,1.0004,8.0
1770615300000,1.0004,1.0004,1.0004,1.0004,30.0
1770615600000,1.0004,1.0004,1.0004,1.0004,26.0
1770615900000,1.0003,1.0004,1.0003,1.0004,22704.0
1770616200000,1.0004,1.0004,1.0003,1.0004,2260.0
1770616500000,1.0003,1.0004,1.0003,1.0004,90.0
1770616800000,1.0004,1.0004,1.0003,1.0003,1928.0
1770617100000,1.0003,1.0004,1.0003,1.0003,3458.0
1770617400000,1.0004,1.0004,1.0004,1.0004,13.0
1770617700000,1.0004,1.0004,1.0003,1.0003,4618.0
1770618000000,1.0003,1.0003,1.0003,1.0003,527.0
1770618300000,1.0003,1.0004,1.0003,1.0004,217200.0
1770618600000,1.0003,1.0003,1.0003,1.0003,40.0
1770618900000,1.0003,1.0003,1.0003,1.0003,7.0
1770619200000,1.0003,1.0003,1.0003,1.0003,15.0
1770619500000,1.0003,1.0003,1.0003,1.0003,0.0
1770619800000,1.0003,1.0003,1.0003,1.0003,0.0
1770620100000,1.0004,1.0004,1.0004,1.0004,984.0
1770620400000,1.0004,1.0004,1.0003,1.0003,7090.0
1770620700000,1.0004,1.0004,1.0004,1.0004,10638.0
1770621000000,1.0005,1.0005,1.0005,1.0005,4342.0
1770621300000,1.0005,1.0005,1.0004,1.0005,700.0
1770621600000,1.0004,1.0004,1.0004,1.0004,485.0
1770621900000,1.0005,1.0005,1.0005,1.0005,1319.0
1770622200000,1.0005,1.0005,1.0004,1.0005,4767.0
1770622500000,1.0004,1.0004,1.0003,1.0003,15015.0
1770622800000,1.0003,1.0005,1.0003,1.0005,5721.0
1770623100000,1.0005,1.0005,1.0003,1.0003,173.0
1770623400000,1.0005,1.0005,1.0003,1.0003,6028.0
1770623700000,1.0003,1.0005,1.0003,1.0005,1878.0
1770624000000,1.0004,1.0006,1.0003,1.0005,17334.0
1770624300000,1.0005,1.0006,1.0004,1.0006,14154.0
1770624600000,1.0004,1.0006,1.0004,1.0004,1943.0
1770624900000,1.0004,1.0006,1.0004,1.0006,18026.0
1770625200000,1.0006,1.0006,1.0003,1.0004,33154.0
1770625500000,1.0005,1.0005,1.0003,1.0005,6794.0
1770625800000,1.0003,1.0006,1.0003,1.0006,61620.0
1770626100000,1.0006,1.0006,1.0005,1.0005,8238.0
1770626400000,1.0005,1.0005,1.0005,1.0005,1084.0
1770626700000,1.0005,1.0005,1.0004,1.0004,2981.0
1770627000000,1.0004,1.0004,1.0004,1.0004,42.0
1770627300000,1.0005,1.0005,1.0004,1.0004,140.0
1770627600000,1.0004,1.0005,1.0004,1.0005,2988.0
1770627900000,1.0005,1.0005,1.0004,1.0005,11302.0
1770628200000,1.0005,1.0005,1.0004,1.0004,2085.0
1770628500000,1.0005,1.0005,1.0004,1.0005,3823.0
1770628800000,1.0004,1.0005,1.0004,1.0004,35349.0
1770629100000,1.0004,1.0005,1.0004,1.0005,104.0
1770629400000,1.0004,1.0004,1.0004,1.0004,10.0
1770629700000,1.0004,1.0005,1.0004,1.0004,108.0
1770630000000,1.0005,1.0005,1.0004,1.0004,16017.0
1770630300000,1.0004,1.0005,1.0004,1.0004,1240.0
1770630600000,1.0004,1.0005,1.0004,1.0005,11336.0
1770630900000,1.0005,1.0005,1.0004,1.0005,4716.0
1770631200000,1.0004,1.0005,1.0004,1.0004,3470.0
1770631500000,1.0004,1.0004,1.0004,1.0004,18.0
1770631800000,1.0005,1.0005,1.0005,1.0005,163455.0
1770632100000,1.0005,1.0008,1.0005,1.0005,200133.0
1770632400000,1.0006,1.0008,1.0005,1.0005,127883.0
1770632700000,1.0005,1.0006,1.0005,1.0006,39573.0
1770633000000,1.0006,1.0007,1.0004,1.0006,8043.0
1770633300000,1.0007,1.0007,1.0005,1.0007,13923.0
1770633600000,1.0005,1.0008,1.0005,1.0007,8691.0
1770633900000,1.0006,1.0007,1.0006,1.0006,7431.0
1770634200000,1.0006,1.0007,1.0005,1.0007,13416.0
1770634500000,1.0006,1.0007,1.0006,1.0006,931.0
1770634800000,1.0007,1.0007,1.0006,1.0007,3606.0
1770635100000,1.0006,1.0007,1.0006,1.0007,2814.0
1770635400000,1.0006,1.0006,1.0006,1.0006,94.0
1770635700000,1.0007,1.0007,1.0006,1.0007,579.0
1772409600000,0.9999,1.0,0.9999,1.0,622.0
1772409900000,0.9999,1.0,0.9999,1.0,26645.0
1772410200000,0.9999,1.0,0.9999,0.9999,161566.0
1772410500000,0.9999,1.0,0.9999,0.9999,30717.0
1772410800000,0.9999,1.0,0.9999,0.9999,429482.0
1772411100000,0.9999,1.0,0.9999,0.9999,6740.0
1772411400000,1.0,1.0,0.9999,0.9999,33.0
1772411700000,0.9999,1.0,0.9999,0.9999,421.0
1772412000000,1.0,1.0,0.9999,1.0,37826.0
1772412300000,1.0,1.0,0.9999,1.0,207467.0
1772412600000,0.9999,0.9999,0.9999,0.9999,116.0
1772412900000,1.0,1.0,1.0,1.0,103.0
1772413200000,0.9999,1.0,0.9999,1.0,369.0
1772413500000,1.0,1.0,0.9999,1.0,100843.0
1772413800000,0.9999,1.0,0.9999,0.9999,178628.0
1772414100000,1.0,1.0,0.9999,0.9999,248736.0
1772414400000,0.9999,1.0,0.9999,0.9999,16365.0
1772414700000,0.9999,1.0,0.9999,1.0,19613.0
1772415000000,1.0,1.0,0.9999,0.9999,397.0
1772415300000,1.0,1.0,1.0,1.0,99.0
1772415600000,1.0,1.0,0.9999,0.9999,146.0
1772415900000,0.9999,1.0,0.9999,1.0,5108.0
1772416200000,1.0,1.0,0.9999,1.0,39.0
1772416500000,0.9999,0.9999,0.9999,0.9999,9.0
1772416800000,1.0,1.0,1.0,1.0,10.0
1772417100000,1.0,1.0,0.9999,1.0,192450.0
1772417400000,1.0,1.0,0.9999,1.0,8214.0
1772417700000,0.9999,1.0,0.9999,1.0,39636.0
1772418000000,1.0,1.0,0.9999,0.9999,42529.0
1772418300000,0.9999,1.0,0.9999,1.0,913.0
1772418600000,0.9999,1.0,0.9999,1.0,41112.0
1772418900000,0.9999,1.0,0.9999,1.0,100079.0
1772419200000,1.0,1.0,0.9999,0.9999,2004.0
1772419500000,0.9999,1.0,0.9999,0.9999,10222.0
1772419800000,0.9999,1.0,0.9999,0.9999,252.0
1772420100000,1.0,1.0,0.9999,0.9999,281.0
1772420400000,0.9999,1.0,0.9999,0.9999,79.0
1772420700000,0.9999,0.9999,0.9999,0.9999,80.0
1772421000000,1.0,1.0001,0.9999,0.9999,100445.0
1772421300000,0.9999,1.0001,0.9999,1.0001,20135.0
1772421600000,1.0,1.0001,1.0,1.0,3929.0
1772421900000,1.0,1.0,1.0,1.0,159.0
1772422200000,1.0,1.0001,1.0,1.0001,18724.0
1772422500000,1.0,1.0001,1.0,1.0,4890.0
1772422800000,1.0,1.0001,1.0,1.0,15835.0
1772423100000,1.0,1.0001,1.0,1.0,4102.0
1772423400000,1.0001,1.0001,1.0,1.0,27507.0
1772423700000,1.0,1.0,0.9999,0.9999,5154.0
1772424000000,1.0,1.0,0.9999,0.9999,1872.0
1772424300000,0.9999,1.0,0.9999,0.9999,391.0
1772424600000,1.0,1.0,0.9999,0.9999,62790.0
1772424900000,0.9999,1.0,0.9999,0.9999,39625.0
1772425200000,0.9999,1.0,0.9999,1.0,85716.0
1772425500000,0.9999,1.0,0.9999,1.0,23940.0
1772425800000,0.9999,0.9999,0.9999,0.9999,20711.0
1772426100000,0.9999,1.0,0.9999,0.9999,14640.0
1772426400000,1.0,1.0,0.9999,0.9999,5596.0
1772426700000,0.9999,1.0,0.9999,0.9999,62576.0
1772427000000,0.9999,0.9999,0.9999,0.9999,4069.0
1772427300000,0.9999,1.0001,0.9999,1.0001,108054.0
1772427600000,1.0001,1.0001,0.9999,0.9999,27200.0
1772427900000,0.9999,1.0,0.9999,0.9999,14083.0
1772428200000,0.9999,1.0,0.9999,1.0,3092.0
1772428500000,1.0,1.0,0.9999,0.9999,498.0
1772428800000,0.9999,0.9999,0.9999,0.9999,544.0
1772429100000,0.9999,1.0,0.9999,1.0,3213.0
1772429400000,1.0,1.0,0.9999,0.9999,41740.0
1772429700000,0.9999,1.0,0.9999,0.9999,6495.0
1772430000000,0.9999,1.0,0.9999,0.9999,110429.0
1772430300000,0.9999,1.0,0.9999,0.9999,9481.0
1772430600000,0.9999,0.9999,0.9999,0.9999,1130.0
1772430900000,0.9999,1.0,0.9999,0.9999,14888.0
1772431200000,0.9999,1.0,0.9999,0.9999,1546.0
1772431500000,0.9999,1.0,0.9999,1.0,89.0
1772431800000,1.0,1.0,0.9999,0.9999,4606.0
1772432100000,1.0,1.0,0.9999,0.9999,83113.0
1772432400000,0.9999,1.0,0.9999,1.0,20845.0
1772432700000,1.0,1.0,0.9999,1.0,37932.0
1772433000000,0.9999,1.0001,0.9999,0.9999,76125.0
1772433300000,1.0,1.0001,0.9999,0.9999,4090.0
1772433600000,0.9999,1.0,0.9999,0.9999,50.0
1772433900000,0.9999,1.0,0.9999,0.9999,6864.0
1772434200000,0.9999,1.0001,0.9999,1.0001,15239.0
1772434500000,1.0001,1.0001,1.0,1.0,10106.0
1772434800000,1.0,1.0001,1.0,1.0,35461.0
1772435100000,1.0001,1.0001,1.0,1.0001,30965.0
1772435400000,1.0,1.0001,0.9999,1.0001,72643.0
1772435700000,1.0,1.0001,1.0,1.0001,57709.0
1772436000000,1.0001,1.0001,1.0,1.0,710.0
1772436300000,1.0001,1.0001,1.0,1.0,440.0
1772436600000,1.0,1.0001,1.0,1.0,595.0
1772436900000,1.0001,1.0001,1.0,1.0001,242.0
1772437200000,1.0001,1.0001,1.0,1.0001,852.0
1772437500000,1.0,1.0001,1.0,1.0001,254.0
1772437800000,1.0,1.0001,1.0,1.0,260.0
1772438100000,1.0001,1.0001,1.0,1.0,977.0
1772438400000,1.0001,1.0001,1.0,1.0,42923.0
1772438700000,1.0001,1.0001,1.0,1.0001,245.0
1772439000000,1.0001,1.0001,1.0,1.0001,113130.0
1772439300000,1.0001,1.0001,1.0,1.0,75620.0
1772439600000,1.0,1.0,0.9999,0.9999,16485.0
1772439900000,0.9999,0.9999,0.9999,0.9999,32.0
1772440200000,0.9999,1.0,0.9999,0.9999,111.0
1772440500000,0.9999,1.0,0.9999,1.0,1572.0
1772440800000,1.0,1.0001,1.0,1.0,136505.0
1772441100000,1.0,1.0,0.9999,1.0,254.0
1772441400000,1.0,1.0001,0.9999,1.0001,164659.0
1772441700000,1.0,1.0001,1.0,1.0001,2774.0
1772442000000,1.0,1.0001,1.0,1.0001,8456.0
1772442300000,1.0001,1.0001,1.0,1.0001,303685.0
1772442600000,1.0,1.0001,0.9999,0.9999,116447.0
1772442900000,1.0,1.0,0.9999,1.0,4772.0
1772443200000,0.9999,1.0,0.9999,0.9999,71385.0
1772443500000,0.9999,0.9999,0.9999,0.9999,7.0
1772443800000,1.0,1.0001,0.9999,1.0,103606.0
1772444100000,1.0001,1.0001,1.0,1.0001,4949.0
1772444400000,1.0,1.0001,1.0,1.0,522.0
1772444700000,1.0,1.0001,1.0,1.0,5377.0
1772445000000,1.0001,1.0001,1.0,1.0001,2488.0
1772445300000,1.0,1.0,1.0,1.0,93102.0
1772445600000,1.0,1.0001,1.0,1.0001,654.0
1772445900000,1.0001,1.0001,1.0,1.0,6008.0
1772446200000,1.0,1.0001,1.0,1.0001,3203.0
1772446500000,1.0,1.0001,1.0,1.0001,1872.0
1772446800000,1.0,1.0,1.0,1.0,67.0
1772447100000,1.0,1.0001,1.0,1.0001,792.0
1772447400000,1.0001,1.0001,1.0,1.0,7240.0
1772447700000,1.0,1.0001,1.0,1.0001,23029.0
1772448000000,1.0,1.0001,1.0,1.0,29.0
1772448300000,1.0001,1.0001,1.0,1.0,170.0
1772448600000,1.0,1.0001,1.0,1.0001,31.0
1772448900000,1.0001,1.0001,1.0,1.0,7362.0
1772449200000,1.0,1.0,1.0,1.0,4968.0
1772449500000,1.0,1.0001,1.0,1.0,102607.0
1772449800000,1.0,1.0001,1.0,1.0,108296.0
1772450100000,1.0001,1.0001,1.0,1.0001,14072.0
1772450400000,1.0001,1.0001,1.0,1.0,56939.0
1772450700000,1.0001,1.0001,1.0,1.0001,2827.0
1772451000000,1.0,1.0001,1.0,1.0,92395.0
1772451300000,1.0001,1.0001,1.0,1.0,572.0
1772451600000,1.0,1.0001,1.0,1.0001,9553.0
1772451900000,1.0001,1.0001,1.0,1.0001,6962.0
1772452200000,1.0,1.0001,1.0,1.0,1172.0
1772452500000,1.0,1.0001,1.0,1.0,17522.0
1772452800000,1.0,1.0001,1.0,1.0,6361.0
1772453100000,1.0,1.0001,1.0,1.0001,421.0
1772453400000,1.0001,1.0001,1.0,1.0,980.0
1772453700000,1.0,1.0001,1.0,1.0001,11182.0
1772454000000,1.0001,1.0001,1.0,1.0001,7666.0
1772454300000,1.0,1.0,1.0,1.0,25.0
1772454600000,1.0001,1.0001,1.0,1.0001,1096.0
1772454900000,1.0,1.0001,1.0,1.0001,11713.0
1772455200000,1.0,1.0001,1.0,1.0001,9521.0
1772455500000,1.0,1.0001,1.0,1.0,7894822.0
1772455800000,1.0001,1.0004,1.0,1.0004,16236202.0
1772456100000,1.0004,1.0007,1.0003,1.0004,4820558.0
1772456400000,1.0004,1.0005,1.0002,1.0004,1809842.0
1772456700000,1.0003,1.0005,1.0003,1.0004,1114977.0
1772457000000,1.0004,1.0006,1.0003,1.0004,2572632.0
1772457300000,1.0004,1.0005,1.0003,1.0004,1704035.0
1772457600000,1.0004,1.0004,1.0003,1.0004,895235.0
1772457900000,1.0004,1.0004,1.0003,1.0004,484278.0
1772458200000,1.0003,1.0004,1.0003,1.0003,2304005.0
1772458500000,1.0003,1.0004,1.0003,1.0003,113828.0
1772458800000,1.0003,1.0004,1.0003,1.0003,537681.0
1772459100000,1.0004,1.0004,1.0003,1.0004,254677.0
1772459400000,1.0003,1.0005,1.0002,1.0002,3625283.0
1772459700000,1.0003,1.0004,1.0002,1.0002,1078978.0
1772460000000,1.0002,1.0003,1.0002,1.0002,2115448.0
1772460300000,1.0003,1.0003,1.0002,1.0003,19488.0
1772460600000,1.0003,1.0003,1.0002,1.0003,1002614.0
1772460900000,1.0003,1.0003,1.0002,1.0002,1083764.0
1772461200000,1.0003,1.0004,1.0003,1.0004,402182.0
1772461500000,1.0004,1.0004,1.0003,1.0003,153076.0
1772461800000,1.0003,1.0004,1.0003,1.0003,128565.0
1772462100000,1.0004,1.0005,1.0003,1.0004,415646.0
1772462400000,1.0003,1.0004,1.0003,1.0003,36239.0
1772462700000,1.0004,1.0004,1.0002,1.0003,2356253.0
1772463000000,1.0002,1.0003,1.0002,1.0002,464274.0
1772463300000,1.0003,1.0003,1.0002,1.0002,718188.0
1772463600000,1.0002,1.0003,1.0002,1.0002,4541086.0
1772463900000,1.0003,1.0004,1.0002,1.0003,1449587.0
1772464200000,1.0002,1.0004,1.0002,1.0004,49555.0
1772464500000,1.0004,1.0004,1.0002,1.0003,978488.0
1772464800000,1.0003,1.0003,1.0002,1.0003,4320077.0
1772465100000,1.0003,1.0003,1.0002,1.0003,2341008.0
1772465400000,1.0002,1.0003,1.0001,1.0002,8541160.0
1772465700000,1.0002,1.0002,1.0001,1.0002,1426667.0
1772466000000,1.0002,1.0002,1.0001,1.0002,406075.0
1772466300000,1.0002,1.0002,1.0001,1.0002,209286.0
1772466600000,1.0001,1.0002,1.0001,1.0002,351803.0
1772466900000,1.0002,1.0002,1.0001,1.0002,1408224.0
1772467200000,1.0002,1.0002,1.0001,1.0002,33348.0
1772467500000,1.0002,1.0002,0.9999,1.0,5163352.0
1772467800000,0.9999,1.0001,0.9999,0.9999,6777775.0
1772468100000,1.0,1.0,0.9999,1.0,391091.0
1772468400000,1.0,1.0,0.9999,1.0,579505.0
1772468700000,0.9999,1.0,0.9999,1.0,3886190.0
1772469000000,0.9999,1.0,0.9999,1.0,623240.0
1772469300000,1.0,1.0,0.9999,1.0,1423885.0
1772469600000,1.0,1.0,0.9999,1.0,3950103.0
1772469900000,0.9999,1.0,0.9999,0.9999,1595412.0
1772470200000,1.0,1.0,0.9999,1.0,317818.0
1772470500000,1.0,1.0,0.9999,0.9999,32373.0
1772470800000,1.0,1.0,0.9999,1.0,337106.0
1772471100000,1.0,1.0,0.9999,1.0,136963.0
1772471400000,1.0,1.0001,0.9999,1.0,2201212.0
1772471700000,1.0,1.0,0.9999,0.9999,155380.0
1772472000000,1.0,1.0,0.9999,0.9999,287510.0
1772472300000,0.9999,1.0,0.9999,1.0,276142.0
1772472600000,1.0,1.0,0.9999,0.9999,2300545.0
1772472900000,1.0,1.0,0.9999,0.9999,21962.0
1772473200000,1.0,1.0,0.9999,0.9999,3070235.0
1772473500000,1.0,1.0,0.9999,1.0,156638.0
1772473800000,1.0,1.0,0.9999,1.0,396011.0
1772474100000,1.0,1.0,1.0,1.0,51152.0
1772474400000,1.0,1.0,0.9999,1.0,20768.0
1772474700000,1.0,1.0,0.9999,0.9999,154921.0
1772475000000,1.0,1.0,0.9999,1.0,22295.0
1772475300000,0.9999,1.0,0.9999,1.0,19525.0
1772475600000,1.0,1.0,0.9999,1.0,591970.0
1772475900000,1.0,1.0,0.9999,1.0,16633.0
1772476200000,1.0,1.0,0.9999,1.0,486022.0
1772476500000,0.9999,1.0,0.9999,1.0,3763.0
1772476800000,0.9999,1.0,0.9999,0.9999,5996.0
1772477100000,1.0,1.0,0.9999,0.9999,7650.0
1772477400000,1.0,1.0,0.9999,1.0,8657.0
1772477700000,1.0,1.0,0.9999,0.9999,44225.0
1772478000000,0.9999,1.0,0.9999,1.0,121229.0
1772478300000,0.9999,1.0,0.9999,0.9999,175998.0
1772478600000,1.0,1.0,0.9999,1.0,5598.0
1772478900000,1.0,1.0,0.9999,1.0,3160.0
1772479200000,0.9999,1.0,0.9999,1.0,35482.0
1772479500000,0.9999,1.0,0.9999,1.0,10935.0
1772479800000,0.9999,1.0,0.9999,0.9999,23749.0
1772480100000,1.0,1.0,0.9999,1.0,14928.0
1772480400000,0.9999,1.0,0.9999,0.9999,11695.0
1772480700000,1.0,1.0,0.9999,0.9999,11366.0
1772481000000,0.9999,1.0,0.9999,0.9999,4792.0
1772481300000,0.9999,1.0,0.9999,1.0,291617.0
1772481600000,0.9999,1.0,0.9999,1.0,34878.0
1772481900000,1.0,1.0,0.9999,1.0,25964.0
1772482200000,0.9999,1.0,0.9999,1.0,263041.0
1772482500000,0.9999,1.0,0.9999,1.0,78047.0
1772482800000,1.0,1.0,0.9999,0.9999,213111.0
1772483100000,0.9999,1.0,0.9999,1.0,34279.0
1772483400000,1.0,1.0,0.9999,1.0,6636.0
1772483700000,1.0,1.0,0.9999,0.9999,152.0
1772484000000,1.0,1.0,0.9999,1.0,517326.0
1772484300000,0.9999,1.0,0.9999,1.0,14607.0
1772484600000,1.0,1.0,0.9999,0.9999,28885.0
1772484900000,0.9999,1.0,0.9999,0.9999,384116.0
1772485200000,0.9999,1.0,0.9999,0.9999,54557.0
1772485500000,1.0,1.0,0.9999,1.0,18781.0
1772485800000,1.0,1.0,0.9999,1.0,12553.0
1772486100000,0.9999,1.0,0.9999,0.9999,4911.0
1772486400000,0.9999,1.0,0.9999,0.9999,4861.0
1772486700000,1.0,1.0,0.9999,0.9999,1316.0
1772487000000,1.0,1.0,0.9999,0.9999,32206.0
1772487300000,0.9999,1.0,0.9999,0.9999,44442.0
1772487600000,0.9999,0.9999,0.9999,0.9999,185.0
1772487900000,1.0,1.0,0.9999,1.0,38009.0
1772488200000,1.0,1.0,0.9999,1.0,71346.0
1772488500000,1.0,1.0,0.9999,1.0,65951.0
1772488800000,1.0,1.0,0.9999,0.9999,95053.0
1772489100000,1.0,1.0,0.9999,1.0,667571.0
1772489400000,1.0,1.0,0.9999,0.9999,5562.0
1772489700000,1.0,1.0001,0.9999,1.0,44478.0
1772490000000,1.0001,1.0001,1.0,1.0,10839.0
1772490300000,1.0001,1.0001,1.0,1.0001,67626.0
1772490600000,1.0,1.0001,1.0,1.0,88238.0
1772490900000,1.0001,1.0001,1.0,1.0001,141962.0
1772491200000,1.0001,1.0001,1.0,1.0,275693.0
1772491500000,1.0,1.0001,1.0,1.0,53401.0
1772491800000,1.0,1.0001,1.0,1.0001,250573.0
1772492100000,1.0001,1.0001,1.0,1.0001,754031.0
1772492400000,1.0,1.0001,1.0,1.0001,266453.0
1772492700000,1.0001,1.0001,1.0,1.0001,511292.0
1772493000000,1.0001,1.0001,1.0,1.0,315455.0
1772493300000,1.0,1.0002,1.0,1.0001,3054913.0
1772493600000,1.0001,1.0001,1.0,1.0001,51022.0
1772493900000,1.0001,1.0001,1.0,1.0001,35201.0
1772494200000,1.0001,1.0002,1.0,1.0002,452044.0
1772494500000,1.0002,1.0002,1.0001,1.0002,182228.0
1772494800000,1.0001,1.0002,1.0001,1.0002,1415173.0
1772495100000,1.0002,1.0002,1.0001,1.0001,409535.0
1772495400000,1.0001,1.0002,1.0001,1.0001,374569.0
1772495700000,1.0002,1.0003,1.0001,1.0003,797268.0
1772496000000,1.0003,1.0003,1.0002,1.0003,1735996.0
1772496300000,1.0003,1.0003,1.0001,1.0003,552031.0
1772496600000,1.0002,1.0003,1.0002,1.0002,1912017.0
1772496900000,1.0002,1.0003,1.0002,1.0003,447987.0
1772497200000,1.0002,1.0003,1.0002,1.0002,1130335.0
1772497500000,1.0003,1.0003,1.0002,1.0003,491250.0
1772497800000,1.0003,1.0003,1.0002,1.0002,750019.0
1772498100000,1.0003,1.0003,1.0002,1.0002,1360407.0
1772498400000,1.0003,1.0004,1.0002,1.0003,3263994.0
1772498700000,1.0004,1.0004,1.0003,1.0004,183015.0
1772499000000,1.0004,1.0004,1.0003,1.0004,571292.0
1772499300000,1.0004,1.0004,1.0002,1.0003,443958.0
1772499600000,1.0003,1.0003,1.0002,1.0002,79879.0
1772499900000,1.0003,1.0003,1.0002,1.0003,403227.0
1772500200000,1.0002,1.0003,1.0002,1.0003,259893.0
1772500500000,1.0003,1.0003,1.0002,1.0003,986835.0
1772500800000,1.0004,1.0004,1.0002,1.0004,822206.0
1772501100000,1.0004,1.0004,1.0003,1.0004,348733.0
1772501400000,1.0004,1.0004,1.0003,1.0004,3950591.0
1772501700000,1.0004,1.0005,1.0003,1.0005,3117646.0
1772502000000,1.0004,1.0005,1.0004,1.0005,1352722.0
1772502300000,1.0004,1.0005,1.0003,1.0005,1037713.0
1772502600000,1.0004,1.0004,1.0003,1.0004,327162.0
1772502900000,1.0004,1.0004,1.0003,1.0003,278605.0
1772503200000,1.0003,1.0004,1.0003,1.0004,141091.0
1772503500000,1.0003,1.0004,1.0003,1.0004,491021.0
1772503800000,1.0003,1.0005,1.0003,1.0005,775175.0
1772504100000,1.0005,1.0005,1.0004,1.0005,502370.0
1772504400000,1.0005,1.0005,1.0004,1.0005,354996.0
1772504700000,1.0005,1.0005,1.0004,1.0005,73028.0
1772505000000,1.0005,1.0005,1.0004,1.0005,1446577.0
1772505300000,1.0005,1.0005,1.0004,1.0005,249073.0
1772505600000,1.0005,1.0005,1.0003,1.0003,798718.0
1772505900000,1.0004,1.0004,1.0003,1.0004,138850.0
1772506200000,1.0004,1.0004,1.0001,1.0002,4186825.0
1772506500000,1.0002,1.0002,1.0001,1.0002,723171.0
1772506800000,1.0002,1.0002,1.0001,1.0002,174117.0
1772507100000,1.0002,1.0002,1.0001,1.0002,545725.0
1772507400000,1.0002,1.0002,1.0001,1.0002,112127.0
1772507700000,1.0002,1.0002,1.0001,1.0002,1078000.0
1772508000000,1.0001,1.0002,1.0001,1.0002,357148.0
1772508300000,1.0002,1.0002,1.0001,1.0002,735648.0
1772508600000,1.0002,1.0002,1.0001,1.0002,282686.0
1772508900000,1.0002,1.0002,1.0001,1.0002,1231747.0
1772509200000,1.0002,1.0002,1.0001,1.0002,408108.0
1772509500000,1.0002,1.0002,1.0001,1.0002,1439052.0
1772509800000,1.0002,1.0002,1.0001,1.0001,655770.0
1772510100000,1.0002,1.0002,1.0001,1.0002,824671.0
1772510400000,1.0002,1.0003,1.0,1.0002,988979.0
1772510700000,1.0002,1.0002,1.0001,1.0001,558949.0
1772511000000,1.0002,1.0002,1.0001,1.0002,157648.0
1772511300000,1.0002,1.0002,1.0001,1.0002,394534.0
1772511600000,1.0001,1.0002,1.0001,1.0002,403607.0
1772511900000,1.0002,1.0002,1.0001,1.0002,607062.0
1772512200000,1.0001,1.0003,1.0001,1.0002,962750.0
1772512500000,1.0002,1.0003,1.0002,1.0003,7266.0
1772512800000,1.0002,1.0003,1.0002,1.0003,180407.0
1772513100000,1.0003,1.0003,1.0002,1.0003,214685.0
1772513400000,1.0003,1.0003,1.0002,1.0003,249580.0
1772513700000,1.0002,1.0003,1.0002,1.0002,2102870.0
1772514000000,1.0002,1.0002,1.0001,1.0002,62685.0
1772514300000,1.0001,1.0002,1.0001,1.0002,57271.0
1772514600000,1.0002,1.0002,1.0001,1.0002,162510.0
1772514900000,1.0001,1.0003,1.0001,1.0003,2030497.0
1772515200000,1.0003,1.0003,1.0002,1.0003,2058304.0
1772515500000,1.0003,1.0003,1.0002,1.0003,1534290.0
1772515800000,1.0003,1.0003,1.0002,1.0003,1729426.0
1772516100000,1.0003,1.0003,1.0002,1.0003,72970.0
1772516400000,1.0003,1.0003,1.0002,1.0003,40563.0
1772516700000,1.0003,1.0003,1.0002,1.0002,216796.0
1772517000000,1.0003,1.0003,1.0002,1.0003,223542.0
1772517300000,1.0003,1.0003,1.0002,1.0002,1621033.0
1772517600000,1.0003,1.0003,1.0002,1.0003,179222.0
1772517900000,1.0002,1.0003,1.0002,1.0003,64348.0
1772518200000,1.0002,1.0003,1.0002,1.0003,37786.0
1772518500000,1.0002,1.0003,1.0001,1.0003,1019910.0
1772518800000,1.0003,1.0003,1.0002,1.0003,348867.0
1772519100000,1.0003,1.0003,1.0002,1.0002,145592.0
1772519400000,1.0003,1.0003,1.0002,1.0002,131429.0
1772519700000,1.0003,1.0003,1.0002,1.0003,485476.0
1772520000000,1.0003,1.0003,1.0002,1.0003,76897.0
1772520300000,1.0003,1.0003,1.0002,1.0002,1676638.0
1772520600000,1.0001,1.0003,1.0001,1.0002,713961.0
1772520900000,1.0002,1.0003,1.0002,1.0003,547550.0
1772521200000,1.0003,1.0003,1.0002,1.0003,74539.0
1772521500000,1.0003,1.0003,1.0002,1.0003,1126565.0
1772521800000,1.0003,1.0004,1.0002,1.0004,376650.0
1772522100000,1.0004,1.0004,1.0003,1.0003,796361.0
1772522400000,1.0003,1.0003,1.0002,1.0002,21289.0
1772522700000,1.0003,1.0003,1.0002,1.0003,11224.0
1772523000000,1.0003,1.0003,1.0001,1.0001,1684230.0
1772523300000,1.0002,1.0002,1.0001,1.0001,175206.0
1772523600000,1.0001,1.0002,1.0001,1.0002,2022251.0
1772523900000,1.0002,1.0002,1.0001,1.0002,1255115.0
1772524200000,1.0002,1.0002,1.0002,1.0002,45372.0
1772524500000,1.0002,1.0002,1.0001,1.0001,26032.0
1772524800000,1.0001,1.0002,1.0001,1.0001,857839.0
1772525100000,1.0001,1.0002,1.0001,1.0001,26836.0
1772525400000,1.0001,1.0002,1.0001,1.0001,13665.0
1772525700000,1.0002,1.0002,1.0001,1.0001,52632.0
1772526000000,1.0001,1.0002,1.0001,1.0002,183054.0
1772526300000,1.0001,1.0002,1.0001,1.0002,133142.0
1772526600000,1.0001,1.0002,1.0001,1.0002,1168631.0
1772526900000,1.0002,1.0002,1.0001,1.0001,86436.0
1772527200000,1.0002,1.0002,1.0001,1.0001,141824.0
1772527500000,1.0002,1.0002,1.0001,1.0001,238467.0
1772527800000,1.0001,1.0002,1.0001,1.0001,196295.0
1772528100000,1.0002,1.0002,1.0001,1.0002,1075505.0
1772528400000,1.0002,1.0002,1.0001,1.0001,35840.0
1772528700000,1.0002,1.0002,1.0001,1.0001,338899.0
1772529000000,1.0002,1.0002,1.0001,1.0002,16982.0
1772529300000,1.0002,1.0002,1.0001,1.0001,215351.0
1772529600000,1.0002,1.0002,1.0001,1.0002,45695.0
1772529900000,1.0002,1.0002,1.0001,1.0002,278752.0
1772530200000,1.0001,1.0002,1.0001,1.0001,98807.0
1772530500000,1.0001,1.0002,1.0001,1.0002,91579.0
1772530800000,1.0001,1.0002,1.0001,1.0002,36656.0
1772531100000,1.0002,1.0002,1.0001,1.0002,49743.0
1772531400000,1.0001,1.0002,1.0001,1.0002,28407.0
1772531700000,1.0001,1.0002,1.0001,1.0002,4757.0
1772532000000,1.0002,1.0002,1.0001,1.0002,11562.0
1772532300000,1.0002,1.0002,1.0001,1.0001,17285.0
1772532600000,1.0002,1.0002,1.0001,1.0002,4260.0
1772532900000,1.0002,1.0002,1.0001,1.0002,6437.0
1772533200000,1.0001,1.0002,1.0001,1.0001,46556.0
1772533500000,1.0002,1.0002,1.0001,1.0002,25663.0
1772533800000,1.0001,1.0002,1.0001,1.0001,68241.0
1772534100000,1.0002,1.0002,1.0001,1.0002,71506.0
1772534400000,1.0001,1.0002,1.0001,1.0002,695924.0
1772534700000,1.0002,1.0002,1.0001,1.0001,27312.0
1772535000000,1.0001,1.0002,1.0001,1.0002,430.0
1772535300000,1.0002,1.0002,1.0001,1.0002,2725.0
1772535600000,1.0002,1.0002,1.0001,1.0002,88561.0
1772535900000,1.0002,1.0002,1.0001,1.0001,57381.0
1772536200000,1.0002,1.0002,1.0001,1.0002,77832.0
1772536500000,1.0002,1.0002,1.0001,1.0002,6591.0
1772536800000,1.0002,1.0002,1.0001,1.0001,8905.0
1772537100000,1.0001,1.0002,1.0001,1.0001,17411.0
1772537400000,1.0001,1.0002,1.0001,1.0001,29051.0
1772537700000,1.0001,1.0002,1.0001,1.0001,48737.0
1772538000000,1.0002,1.0002,1.0001,1.0001,2086.0
1772538300000,1.0002,1.0002,1.0001,1.0001,10871.0
1772538600000,1.0001,1.0002,1.0001,1.0001,46602.0
1772538900000,1.0002,1.0002,1.0001,1.0001,52251.0
1772539200000,1.0001,1.0001,1.0,1.0001,630088.0
1772539500000,1.0001,1.0002,1.0,1.0002,412743.0
1772539800000,1.0001,1.0002,1.0,1.0001,360289.0
1772540100000,1.0001,1.0002,1.0001,1.0002,9205.0
1772540400000,1.0001,1.0002,1.0,1.0,211149.0
1772540700000,1.0001,1.0002,1.0,1.0002,79746.0
1772541000000,1.0001,1.0002,1.0,1.0001,219994.0
1772541300000,1.0,1.0001,1.0,1.0,197862.0
1772541600000,1.0,1.0002,1.0,1.0002,173957.0
1772541900000,1.0002,1.0002,1.0001,1.0002,5284.0
1772542200000,1.0002,1.0002,1.0001,1.0002,1279595.0
1772542500000,1.0002,1.0002,1.0001,1.0002,516964.0
1772542800000,1.0002,1.0002,1.0001,1.0001,22258.0
1772543100000,1.0002,1.0002,1.0001,1.0001,96359.0
1772543400000,1.0002,1.0002,1.0001,1.0002,190075.0
1772543700000,1.0002,1.0002,1.0001,1.0002,133721.0
1772544000000,1.0001,1.0002,1.0001,1.0002,178901.0
1772544300000,1.0002,1.0002,1.0001,1.0001,56598.0
1772544600000,1.0001,1.0002,1.0001,1.0002,99787.0
1772544900000,1.0002,1.0002,1.0001,1.0002,30169.0
1772545200000,1.0001,1.0003,1.0001,1.0002,127010.0
1772545500000,1.0002,1.0003,1.0001,1.0002,147392.0
1772545800000,1.0002,1.0002,1.0001,1.0001,695073.0
1772546100000,1.0001,1.0002,1.0001,1.0002,76095.0
1772546400000,1.0001,1.0002,1.0001,1.0001,601125.0
1772546700000,1.0002,1.0002,1.0001,1.0002,210603.0
1772547000000,1.0001,1.0002,1.0,1.0001,266608.0
1772547300000,1.0002,1.0002,1.0,1.0002,518740.0
1772547600000,1.0002,1.0002,1.0001,1.0002,530478.0
1772547900000,1.0001,1.0002,1.0001,1.0002,571112.0
1772548200000,1.0002,1.0002,1.0001,1.0001,330359.0
1772548500000,1.0001,1.0002,1.0001,1.0002,216409.0
1772548800000,1.0001,1.0002,1.0001,1.0002,218995.0
1772549100000,1.0001,1.0002,1.0,1.0,944713.0
1772549400000,1.0001,1.0001,1.0,1.0,140735.0
1772549700000,1.0001,1.0001,1.0,1.0,370294.0
1772550000000,1.0001,1.0001,0.9999,0.9999,762279.0
1772550300000,0.9999,1.0001,0.9999,1.0,571394.0
1772550600000,1.0,1.0001,1.0,1.0,332660.0
1772550900000,1.0001,1.0001,1.0,1.0001,155615.0
1772551200000,1.0,1.0001,1.0,1.0001,53555.0
1772551500000,1.0001,1.0002,1.0,1.0002,931284.0
1772551800000,1.0001,1.0002,1.0001,1.0001,134079.0
1772552100000,1.0001,1.0002,1.0001,1.0002,172844.0
1772552400000,1.0002,1.0002,1.0,1.0001,98401.0
1772552700000,1.0001,1.0002,1.0,1.0002,76838.0
1772553000000,1.0002,1.0002,1.0,1.0001,62516.0
1772553300000,1.0001,1.0001,1.0,1.0001,15650.0
1772553600000,1.0001,1.0001,1.0,1.0001,2140978.0
1772553900000,1.0,1.0001,1.0,1.0,127473.0
1772554200000,1.0001,1.0001,1.0,1.0001,55927.0
1772554500000,1.0,1.0001,1.0,1.0001,342630.0
1772554800000,1.0001,1.0001,1.0,1.0001,187024.0
1772555100000,1.0001,1.0001,1.0,1.0001,61456.0
1772555400000,1.0,1.0001,0.9999,1.0,623288.0
1772555700000,0.9999,1.0,0.9999,1.0,235313.0
1772556000000,0.9999,1.0,0.9999,0.9999,103547.0
1772556300000,1.0,1.0,0.9999,0.9999,218271.0
1772556600000,1.0,1.0,0.9999,1.0,32508.0
1772556900000,0.9999,1.0,0.9999,0.9999,187824.0
1772557200000,1.0,1.0,0.9998,0.9998,649474.0
1772557500000,0.9998,1.0,0.9998,0.9999,1617439.0
1772557800000,1.0,1.0,0.9999,1.0,255958.0
1772558100000,1.0,1.0,0.9999,1.0,490501.0
1772558400000,0.9999,1.0,0.9999,0.9999,131932.0
1772558700000,1.0,1.0,0.9999,0.9999,23274.0
1772559000000,0.9999,1.0,0.9999,1.0,326620.0
1772559300000,1.0,1.0,0.9999,1.0,535104.0
1772559600000,0.9999,1.0,0.9999,1.0,6415.0
1772559900000,1.0,1.0,0.9999,0.9999,393035.0
1772560200000,0.9999,1.0,0.9999,0.9999,22709.0
1772560500000,0.9999,1.0,0.9999,1.0,32286.0
1772560800000,1.0,1.0001,1.0,1.0001,309011.0
1772561100000,1.0,1.0001,1.0,1.0,3049.0
1772561400000,1.0001,1.0001,1.0,1.0001,2017.0
1772561700000,1.0,1.0001,1.0,1.0001,60212.0
1772562000000,1.0001,1.0001,1.0,1.0,28700.0
1772562300000,1.0001,1.0001,1.0,1.0,567.0
1772562600000,1.0,1.0001,1.0,1.0,201880.0
1772562900000,1.0,1.0001,1.0,1.0001,63413.0
1772563200000,1.0,1.0001,0.9999,1.0001,153190.0
1772563500000,1.0001,1.0001,1.0,1.0,4818.0
1772563800000,1.0001,1.0001,0.9999,1.0,21482.0
1772564100000,0.9999,1.0,0.9999,1.0,11300.0
1772564400000,1.0,1.0,0.9999,0.9999,13796.0
1772564700000,1.0,1.0,0.9999,1.0,5725.0
1772565000000,1.0,1.0,0.9999,1.0,80311.0
1772565300000,1.0,1.0,0.9999,1.0,3105.0
1772565600000,0.9999,1.0,0.9999,0.9999,68811.0
1772565900000,0.9999,1.0,0.9999,1.0,62893.0
1772566200000,1.0,1.0,0.9999,0.9999,10648.0
1772566500000,0.9999,1.0001,0.9999,1.0,209377.0
1772566800000,0.9999,1.0,0.9999,0.9999,91736.0
1772567100000,0.9999,1.0,0.9999,1.0,4675.0
1772567400000,1.0,1.0,0.9998,0.9999,104178.0
1772567700000,0.9998,1.0,0.9998,1.0,28320.0
1772568000000,1.0,1.0,0.9999,1.0,15321.0
1772568300000,1.0,1.0,0.9999,0.9999,7297.0
1772568600000,0.9999,1.0,0.9999,0.9999,5238.0
1772568900000,0.9999,1.0,0.9999,0.9999,1986.0
1772569200000,1.0,1.0,0.9999,1.0,300957.0
1772569500000,0.9999,1.0,0.9999,0.9999,2859.0
1772569800000,1.0,1.0002,0.9999,1.0002,243112.0
1772570100000,1.0001,1.0001,1.0,1.0,135649.0
1772570400000,1.0001,1.0001,1.0,1.0001,510.0
1772570700000,1.0001,1.0002,1.0001,1.0002,475615.0
1772571000000,1.0002,1.0002,1.0001,1.0001,26370.0
1772571300000,1.0001,1.0002,1.0,1.0,1295177.0
1772571600000,1.0,1.0,0.9999,0.9999,81997.0
1772571900000,0.9999,1.0,0.9998,0.9999,1185783.0
1772572200000,0.9999,1.0,0.9999,0.9999,50034.0
1772572500000,0.9999,1.0,0.9998,1.0,261763.0
1772572800000,1.0,1.0,0.9999,0.9999,1560.0
1772573100000,1.0,1.0,0.9999,1.0,4819.0
1772573400000,1.0,1.0,0.9999,0.9999,5328.0
1772573700000,0.9999,1.0,0.9999,0.9999,1727.0
1772574000000,0.9999,1.0,0.9999,1.0,602.0
1772574300000,1.0,1.0,0.9999,1.0,728.0
1772574600000,1.0,1.0,0.9999,0.9999,375.0
1772574900000,1.0,1.0,1.0,1.0,2736.0
1772575200000,0.9999,1.0,0.9999,1.0,117307.0
1772575500000,0.9999,1.0,0.9999,1.0,94057.0
1772575800000,0.9999,1.0,0.9999,0.9999,8947.0
1772576100000,1.0,1.0,0.9999,0.9999,22555.0
1772576400000,0.9999,1.0,0.9999,1.0,6436.0
1772576700000,0.9999,1.0,0.9999,0.9999,400.0
1772577000000,0.9999,1.0,0.9999,0.9999,21549.0
1772577300000,0.9999,1.0,0.9999,1.0,1081035.0
1772577600000,0.9999,1.0,0.9999,1.0,849.0
1772577900000,1.0,1.0,0.9999,0.9999,5273.0
1772578200000,1.0,1.0,0.9999,0.9999,6926.0
1772578500000,1.0,1.0,1.0,1.0,27646.0
1772578800000,1.0,1.0,0.9999,0.9999,72606.0
1772579100000,1.0,1.0,0.9999,0.9999,27473.0
1772579400000,1.0,1.0,0.9999,0.9999,75364.0
1772579700000,0.9999,1.0,0.9998,0.9999,836234.0
1772580000000,0.9999,1.0,0.9998,1.0,222188.0
1772580300000,1.0,1.0,0.9999,1.0,157166.0
1772580600000,0.9999,0.9999,0.9998,0.9999,638871.0
1772580900000,0.9999,0.9999,0.9998,0.9999,297839.0
1772581200000,0.9999,1.0,0.9999,0.9999,231939.0
1772581500000,0.9999,1.0,0.9999,0.9999,49305.0
1772581800000,1.0,1.0,0.9998,0.9998,517928.0
1772582100000,0.9998,1.0,0.9998,1.0,348034.0
1772582400000,1.0,1.0,0.9997,0.9997,727972.0
1772582700000,0.9997,0.9998,0.9997,0.9997,601094.0
1772583000000,0.9998,0.9998,0.9997,0.9998,1197683.0
1772583300000,0.9999,0.9999,0.9997,0.9999,388312.0
1772583600000,0.9998,0.9999,0.9997,0.9997,618883.0
1772583900000,0.9998,0.9998,0.9997,0.9997,804166.0
1772584200000,0.9998,0.9998,0.9997,0.9997,836493.0
1772584500000,0.9997,0.9998,0.9997,0.9998,90903.0
1772584800000,0.9997,0.9998,0.9997,0.9997,1279816.0
1772585100000,0.9998,0.9998,0.9997,0.9997,1714228.0
1772585400000,0.9998,0.9998,0.9997,0.9997,1352757.0
1772585700000,0.9998,0.9999,0.9997,0.9998,2077133.0
1772586000000,0.9999,0.9999,0.9998,0.9998,35577.0
1772586300000,0.9998,0.9999,0.9998,0.9999,48761.0
1772586600000,0.9998,0.9999,0.9998,0.9998,14166.0
1772586900000,0.9998,0.9999,0.9998,0.9999,197951.0
1772587200000,0.9998,0.9999,0.9998,0.9999,97691.0
1772587500000,0.9998,0.9999,0.9998,0.9998,190253.0
1772587800000,0.9999,0.9999,0.9998,0.9999,403361.0
1772588100000,0.9998,0.9999,0.9998,0.9998,187971.0
1772588400000,0.9999,0.9999,0.9998,0.9998,447077.0
1772588700000,0.9998,0.9999,0.9998,0.9998,45277.0
1772589000000,0.9998,0.9999,0.9998,0.9999,702898.0
1772589300000,0.9999,0.9999,0.9998,0.9998,227282.0
1772589600000,0.9998,0.9999,0.9998,0.9998,269587.0
1772589900000,0.9998,0.9999,0.9998,0.9999,180918.0
1772590200000,0.9999,0.9999,0.9998,0.9998,12315.0
1772590500000,0.9998,0.9999,0.9998,0.9998,289274.0
1772590800000,0.9999,0.9999,0.9998,0.9998,97035.0
1772591100000,0.9998,0.9999,0.9998,0.9999,75909.0
1772591400000,0.9999,0.9999,0.9998,0.9998,97108.0
1772591700000,0.9999,0.9999,0.9998,0.9998,371042.0
1772592000000,0.9999,0.9999,0.9998,0.9999,227470.0
1772592300000,0.9998,0.9999,0.9998,0.9999,400189.0
1772592600000,0.9998,0.9999,0.9998,0.9999,16298.0
1772592900000,0.9998,1.0,0.9998,0.9998,102796.0
1772593200000,0.9999,1.0,0.9998,1.0,169053.0
1772593500000,1.0,1.0,0.9999,1.0,9078.0
1772593800000,0.9999,1.0,0.9999,0.9999,3515.0
1772594100000,0.9999,1.0,0.9999,0.9999,1919.0
1772594400000,0.9999,1.0,0.9998,0.9998,360469.0
1772594700000,0.9999,1.0,0.9999,1.0,157775.0
1772595000000,0.9999,1.0,0.9998,1.0,309484.0
1772595300000,0.9999,1.0,0.9999,1.0,29712.0
1772595600000,0.9999,1.0,0.9998,0.9999,205696.0
1772595900000,0.9999,1.0,0.9998,0.9999,159020.0
1772596200000,1.0,1.0,0.9999,1.0,12853.0
1772596500000,1.0,1.0,0.9999,1.0,80184.0
1772596800000,1.0,1.0,0.9999,0.9999,97955.0
1772597100000,1.0,1.0,0.9999,0.9999,25068.0
1772597400000,0.9999,1.0,0.9999,0.9999,18027.0
1772597700000,0.9999,1.0,0.9999,0.9999,17535.0
1772598000000,0.9999,1.0,0.9999,1.0,58340.0
1772598300000,1.0,1.0,0.9999,0.9999,1094.0
1772598600000,1.0,1.0,0.9999,0.9999,7213.0
1772598900000,0.9999,1.0,0.9999,1.0,55447.0
1772599200000,1.0,1.0,0.9998,0.9998,451871.0
1772599500000,0.9998,0.9999,0.9998,0.9999,847598.0
1772599800000,0.9998,1.0,0.9998,1.0,325976.0
1772600100000,0.9999,1.0,0.9999,1.0,81912.0
1772600400000,0.9999,1.0,0.9999,0.9999,9268.0
1772600700000,1.0,1.0,0.9999,0.9999,1910.0
1772601000000,1.0,1.0,0.9999,1.0,3290.0
1772601300000,0.9999,1.0,0.9999,0.9999,2031.0
1772601600000,1.0,1.0,0.9999,0.9999,21486.0
1772601900000,1.0,1.0,0.9999,0.9999,11556.0
1772602200000,0.9999,1.0,0.9999,1.0,28079.0
1772602500000,0.9999,1.0,0.9999,1.0,7858.0
1772602800000,0.9999,1.0,0.9999,1.0,365540.0
1772603100000,1.0,1.0,0.9999,1.0,74515.0
1772603400000,0.9999,1.0,0.9999,0.9999,9201.0
1772603700000,0.9999,1.0,0.9998,0.9998,623220.0
1772604000000,0.9999,1.0,0.9998,1.0,328301.0
1772604300000,1.0,1.0,0.9999,0.9999,22575.0
1772604600000,1.0,1.0,0.9999,1.0,8215.0
1772604900000,0.9999,1.0,0.9999,0.9999,7189.0
1772605200000,0.9999,1.0,0.9999,1.0,24675.0
1772605500000,1.0,1.0,0.9999,0.9999,12418.0
1772605800000,1.0,1.0,0.9999,1.0,24186.0
1772606100000,1.0,1.0,0.9999,1.0,8377.0
1772606400000,0.9999,1.0,0.9999,0.9999,46794.0
1772606700000,0.9999,1.0,0.9999,1.0,5274.0
1772607000000,0.9999,1.0,0.9999,1.0,415940.0
1772607300000,0.9999,1.0,0.9999,0.9999,471039.0
1772607600000,1.0,1.0,0.9998,0.9998,569416.0
1772607900000,0.9999,1.0,0.9999,0.9999,83914.0
1772608200000,1.0,1.0,0.9999,1.0,18996.0
1772608500000,1.0,1.0,0.9999,0.9999,21193.0
1772608800000,1.0,1.0,0.9999,1.0,41204.0
1772609100000,0.9999,1.0,0.9999,1.0,69855.0
1772609400000,0.9999,1.0,0.9999,1.0,139089.0
1772609700000,1.0,1.0,0.9999,1.0,51556.0
1772610000000,1.0,1.0,0.9999,0.9999,40519.0
1772610300000,0.9999,1.0,0.9999,1.0,134811.0
1772610600000,0.9999,1.0,0.9999,1.0,21216.0
1772610900000,0.9999,1.0,0.9999,0.9999,467783.0
1772611200000,1.0,1.0,0.9999,1.0,235113.0
1772611500000,0.9999,1.0,0.9999,0.9999,65992.0
1772611800000,0.9999,1.0,0.9999,1.0,27295.0
1772612100000,0.9999,1.0,0.9999,1.0,20822.0
1772612400000,0.9999,1.0,0.9999,1.0,29288.0
1772612700000,0.9999,1.0,0.9999,0.9999,94563.0
1772613000000,0.9999,1.0,0.9999,1.0,21388.0
1772613300000,0.9999,1.0,0.9999,1.0,45114.0
1772613600000,0.9999,1.0,0.9998,0.9998,856576.0
1772613900000,0.9999,0.9999,0.9998,0.9999,477243.0
1772614200000,0.9999,0.9999,0.9998,0.9999,210222.0
1772614500000,0.9998,1.0,0.9998,0.9999,343929.0
1772614800000,1.0,1.0,0.9999,0.9999,43977.0
1772615100000,0.9999,1.0,0.9999,0.9999,68190.0
1772615400000,0.9999,1.0,0.9999,1.0,186087.0
1772615700000,1.0,1.0,0.9999,1.0,154861.0
1772616000000,1.0,1.0,0.9999,1.0,56914.0
1772616300000,0.9999,1.0,0.9999,1.0,73301.0
1772616600000,0.9999,1.0,0.9999,1.0,114834.0
1772616900000,0.9999,1.0,0.9999,0.9999,379860.0
1772617200000,1.0,1.0,0.9999,1.0,110725.0
1772617500000,0.9999,1.0,0.9999,1.0,60831.0
1772617800000,1.0,1.0,0.9999,0.9999,68960.0
1772618100000,1.0,1.0,0.9999,1.0,1390772.0
1772618400000,0.9999,1.0,0.9999,0.9999,145924.0
1772618700000,1.0,1.0,0.9999,1.0,194252.0
1772619000000,0.9999,1.0,0.9999,0.9999,27325.0
1772619300000,1.0,1.0,0.9999,1.0,131054.0
1772619600000,0.9999,1.0,0.9998,0.9998,778646.0
1772619900000,0.9999,1.0,0.9998,0.9998,134194.0
1772620200000,0.9998,0.9999,0.9998,0.9999,185284.0
1772620500000,0.9998,1.0,0.9998,0.9999,67490.0
1772620800000,1.0,1.0,0.9999,1.0,10819.0
1772621100000,1.0,1.0,0.9999,0.9999,92268.0
1772621400000,0.9999,1.0,0.9999,0.9999,29921.0
1772621700000,0.9999,1.0,0.9999,1.0,229973.0
1772622000000,0.9999,1.0,0.9999,1.0,870752.0
1772622300000,1.0,1.0,0.9999,0.9999,23403.0
1772622600000,0.9999,1.0,0.9998,0.9999,439046.0
1772622900000,0.9999,1.0,0.9999,1.0,159840.0
1772623200000,1.0,1.0,0.9999,1.0,28946.0
1772623500000,0.9999,1.0,0.9999,0.9999,70296.0
1772623800000,0.9999,1.0,0.9999,1.0,40695.0
1772624100000,1.0,1.0,0.9999,1.0,60658.0
1772624400000,1.0,1.0,0.9999,1.0,18760.0
1772624700000,0.9999,1.0,0.9999,1.0,123569.0
1772625000000,0.9999,1.0,0.9999,0.9999,70421.0
1772625300000,1.0,1.0,0.9999,0.9999,73773.0
1772625600000,1.0,1.0,0.9999,0.9999,174258.0
1772625900000,0.9999,1.0,0.9999,0.9999,48316.0
1772626200000,0.9999,1.0,0.9999,0.9999,34007.0
1772626500000,0.9999,1.0,0.9998,0.9999,815865.0
1772626800000,0.9998,0.9999,0.9998,0.9999,862867.0
1772627100000,0.9999,0.9999,0.9998,0.9999,275296.0
1772627400000,0.9999,0.9999,0.9998,0.9998,189424.0
1772627700000,0.9999,0.9999,0.9998,0.9999,259812.0
1772628000000,0.9998,1.0,0.9998,0.9999,518317.0
1772628300000,0.9998,0.9999,0.9998,0.9998,262618.0
1772628600000,0.9998,0.9999,0.9998,0.9998,389768.0
1772628900000,0.9998,0.9999,0.9998,0.9998,938746.0
1772629200000,0.9998,1.0,0.9998,0.9999,25301.0
1772629500000,1.0,1.0,0.9999,0.9999,22997.0
1772629800000,1.0,1.0,0.9999,0.9999,16513.0
1772630100000,0.9999,1.0001,0.9999,0.9999,1064323.0
1772630400000,0.9999,1.0,0.9999,0.9999,11850.0
1772630700000,0.9999,1.0,0.9999,0.9999,78625.0
1772631000000,0.9999,1.0,0.9999,1.0,13411.0
1772631300000,1.0,1.0,0.9999,0.9999,43356.0
1772631600000,1.0,1.0,0.9999,0.9999,4994.0
1772631900000,0.9999,1.0,0.9999,1.0,132312.0
1772632200000,1.0,1.0001,0.9999,0.9999,271887.0
1772632500000,0.9999,1.0,0.9999,1.0,106660.0
1772632800000,0.9999,1.0,0.9999,1.0,4552.0
1772633100000,1.0,1.0,0.9999,1.0,430453.0
1772633400000,1.0,1.0,0.9999,1.0,25662.0
1772633700000,0.9999,1.0,0.9999,0.9999,38645.0
1772634000000,1.0,1.0,0.9999,1.0,8638.0
1772634300000,1.0,1.0,0.9999,0.9999,11379.0
1772634600000,0.9999,1.0,0.9999,1.0,464902.0
1772634900000,1.0,1.0,0.9998,0.9998,301566.0
1772635200000,0.9999,1.0,0.9998,0.9999,82586.0
1772635500000,0.9999,1.0,0.9999,0.9999,114610.0
1772635800000,0.9999,1.0,0.9999,0.9999,185891.0
1772636100000,0.9999,1.0,0.9999,0.9999,218682.0
1772636400000,0.9999,0.9999,0.9997,0.9997,1236430.0
1772636700000,0.9998,0.9999,0.9997,0.9998,598671.0
1772637000000,0.9999,0.9999,0.9997,0.9998,630359.0
1772637300000,0.9998,0.9999,0.9997,0.9999,806171.0
1772637600000,0.9998,0.9999,0.9998,0.9999,62957.0
1772637900000,0.9998,0.9999,0.9998,0.9999,87303.0
1772638200000,0.9998,0.9999,0.9998,0.9999,546702.0
1772638500000,0.9999,0.9999,0.9997,0.9999,255176.0
1772638800000,0.9998,0.9999,0.9998,0.9999,139992.0
1772639100000,0.9998,0.9999,0.9998,0.9998,104924.0
1772639400000,0.9999,1.0,0.9998,0.9999,172006.0
1772639700000,0.9999,1.0,0.9998,0.9998,192747.0
1772640000000,0.9998,0.9999,0.9998,0.9999,37447.0
1772640300000,0.9999,0.9999,0.9998,0.9998,166023.0
1772640600000,0.9998,0.9999,0.9998,0.9999,76461.0
1772640900000,0.9999,0.9999,0.9997,0.9997,126767.0
1772641200000,0.9997,0.9998,0.9997,0.9998,42851.0
1772641500000,0.9998,0.9998,0.9997,0.9997,21874.0
1772641800000,0.9998,0.9998,0.9996,0.9996,1696307.0
1772642100000,0.9997,0.9997,0.9996,0.9996,358614.0
1772642400000,0.9997,0.9998,0.9997,0.9997,119531.0
1772642700000,0.9997,0.9998,0.9996,0.9997,222039.0
1772643000000,0.9998,0.9998,0.9996,0.9997,71206.0
1772643300000,0.9996,0.9997,0.9996,0.9997,293681.0
1772643600000,0.9996,0.9997,0.9996,0.9996,7115.0
1772643900000,0.9997,0.9997,0.9996,0.9996,134524.0
1772644200000,0.9997,0.9997,0.9996,0.9996,207951.0
1772644500000,0.9996,0.9997,0.9996,0.9996,6218.0
1772644800000,0.9996,0.9997,0.9996,0.9996,22544.0
1772645100000,0.9996,0.9997,0.9996,0.9997,24534.0
1772645400000,0.9997,0.9997,0.9996,0.9996,185010.0
1772645700000,0.9997,0.9998,0.9996,0.9998,312334.0
1772646000000,0.9997,0.9998,0.9996,0.9997,3945.0
1772646300000,0.9997,0.9998,0.9996,0.9997,24133.0
1772646600000,0.9997,0.9998,0.9996,0.9997,4183.0
1772646900000,0.9998,0.9998,0.9997,0.9997,6234.0
1772647200000,0.9998,0.9998,0.9997,0.9997,17728.0
1772647500000,0.9998,0.9998,0.9996,0.9997,64387.0
1772647800000,0.9996,0.9997,0.9996,0.9996,52614.0
1772648100000,0.9996,0.9997,0.9996,0.9996,67641.0
1772648400000,0.9996,0.9997,0.9996,0.9997,1441.0
1772648700000,0.9996,0.9997,0.9996,0.9996,59494.0
1772649000000,0.9996,0.9997,0.9996,0.9996,8456.0
1772649300000,0.9996,0.9997,0.9996,0.9997,6662.0
1772649600000,0.9996,0.9997,0.9996,0.9997,44078.0
1772649900000,0.9996,0.9997,0.9996,0.9996,452696.0
1772650200000,0.9996,0.9997,0.9996,0.9996,293367.0
1772650500000,0.9996,0.9997,0.9996,0.9997,13808.0
1772650800000,0.9996,0.9997,0.9996,0.9997,21562.0
1772651100000,0.9997,0.9997,0.9996,0.9996,79817.0
1772651400000,0.9997,0.9997,0.9996,0.9996,99301.0
1772651700000,0.9996,0.9997,0.9996,0.9996,58297.0
1772652000000,0.9996,0.9997,0.9996,0.9996,85192.0
1772652300000,0.9997,0.9997,0.9996,0.9997,37086.0
1772652600000,0.9997,0.9997,0.9995,0.9996,242401.0
1772652900000,0.9995,0.9996,0.9994,0.9996,618704.0
1772653200000,0.9995,0.9996,0.9995,0.9995,113277.0
1772653500000,0.9996,0.9996,0.9995,0.9996,42326.0
1772653800000,0.9995,0.9996,0.9995,0.9995,283505.0
1772654100000,0.9996,0.9996,0.9995,0.9995,58615.0
1772654400000,0.9996,0.9996,0.9995,0.9996,22162.0
1772654700000,0.9996,0.9996,0.9995,0.9995,7005.0
1772655000000,0.9995,0.9996,0.9995,0.9995,189209.0
1772655300000,0.9995,0.9996,0.9995,0.9995,58998.0
1772655600000,0.9996,0.9996,0.9995,0.9995,48826.0
1772655900000,0.9996,0.9996,0.9995,0.9995,107887.0
1772656200000,0.9996,0.9996,0.9994,0.9995,268568.0
1772656500000,0.9994,0.9995,0.9994,0.9994,23083.0
1772656800000,0.9995,0.9995,0.9994,0.9994,83055.0
1772657100000,0.9994,0.9995,0.9994,0.9994,80158.0
1772657400000,0.9995,0.9996,0.9994,0.9996,29750.0
1772657700000,0.9996,0.9996,0.9995,0.9996,21624.0
1772658000000,0.9995,0.9996,0.9994,0.9996,196047.0
1772658300000,0.9995,0.9996,0.9995,0.9995,2316.0
1772658600000,0.9995,0.9996,0.9994,0.9994,95329.0
1772658900000,0.9994,0.9995,0.9994,0.9995,98887.0
1772659200000,0.9995,0.9995,0.9995,0.9995,107486.0
1772659500000,0.9995,0.9995,0.9993,0.9993,2232735.0
1772659800000,0.9994,0.9995,0.9993,0.9995,118249.0
1772660100000,0.9995,0.9995,0.9994,0.9994,43833.0
1772660400000,0.9994,0.9995,0.9994,0.9994,5712.0
1772660700000,0.9994,0.9995,0.9994,0.9995,70915.0
1772661000000,0.9995,0.9995,0.9994,0.9994,43628.0
1772661300000,0.9994,0.9995,0.9994,0.9995,2302.0
1772661600000,0.9995,0.9995,0.9994,0.9994,61533.0
1772661900000,0.9995,0.9995,0.9994,0.9994,79093.0
1772662200000,0.9995,0.9995,0.9994,0.9995,45985.0
1772662500000,0.9995,0.9996,0.9994,0.9995,19055.0
1772662800000,0.9995,0.9996,0.9995,0.9995,1105.0
1772663100000,0.9996,0.9996,0.9995,0.9995,5205.0
1772663400000,0.9996,0.9996,0.9995,0.9996,167977.0
1772663700000,0.9995,0.9996,0.9995,0.9996,272978.0
1772664000000,0.9995,0.9996,0.9995,0.9996,1310698.0
1772664300000,0.9996,0.9997,0.9996,0.9997,204617.0
1772664600000,0.9996,0.9997,0.9996,0.9997,427985.0
1772664900000,0.9997,0.9997,0.9996,0.9997,354013.0
1772665200000,0.9997,0.9998,0.9996,0.9997,2901198.0
1772665500000,0.9996,0.9998,0.9996,0.9997,3042929.0
1772665800000,0.9997,0.9998,0.9997,0.9997,155417.0
1772666100000,0.9997,0.9998,0.9997,0.9997,64474.0
1772666400000,0.9997,0.9998,0.9996,0.9997,620605.0
1772666700000,0.9997,0.9998,0.9996,0.9996,198788.0
1772667000000,0.9997,0.9997,0.9996,0.9996,2456852.0
1772667300000,0.9997,0.9997,0.9996,0.9996,80024.0
1772667600000,0.9996,0.9997,0.9996,0.9996,4015867.0
1772667900000,0.9996,0.9997,0.9996,0.9996,1514970.0
1772668200000,0.9996,0.9997,0.9996,0.9996,242299.0
1772668500000,0.9996,0.9997,0.9996,0.9997,559064.0
1772668800000,0.9997,0.9997,0.9996,0.9997,4149.0
1772669100000,0.9997,0.9997,0.9996,0.9996,1486238.0
1772669400000,0.9996,0.9997,0.9996,0.9997,395891.0
1772669700000,0.9996,0.9997,0.9996,0.9997,1069945.0
1772670000000,0.9997,0.9997,0.9996,0.9996,294396.0
1772670300000,0.9996,0.9997,0.9996,0.9997,217624.0
1772670600000,0.9996,0.9997,0.9996,0.9996,170985.0
1772670900000,0.9996,0.9997,0.9996,0.9997,163372.0
1772671200000,0.9996,0.9997,0.9996,0.9996,344014.0
1772671500000,0.9996,0.9997,0.9995,0.9996,153946.0
1772671800000,0.9996,0.9997,0.9995,0.9996,1439172.0
1772672100000,0.9995,0.9996,0.9995,0.9995,1654298.0
1772672400000,0.9995,0.9996,0.9995,0.9995,17173.0
1772672700000,0.9995,0.9996,0.9995,0.9996,1841702.0
1772673000000,0.9995,0.9997,0.9995,0.9996,1110073.0
1772673300000,0.9996,0.9997,0.9996,0.9997,62597.0
1772673600000,0.9996,0.9997,0.9996,0.9996,70344.0
1772673900000,0.9996,0.9997,0.9996,0.9996,304855.0
1772674200000,0.9996,0.9997,0.9996,0.9996,506406.0
1772674500000,0.9996,0.9997,0.9996,0.9996,288624.0
1772674800000,0.9996,0.9997,0.9996,0.9997,140362.0
1772675100000,0.9996,0.9997,0.9996,0.9997,128631.0
1772675400000,0.9996,0.9997,0.9996,0.9996,77246.0
1772675700000,0.9996,0.9997,0.9996,0.9997,78414.0
1772676000000,0.9996,0.9997,0.9996,0.9996,194783.0
1772676300000,0.9996,0.9997,0.9996,0.9996,123077.0
1772676600000,0.9997,0.9997,0.9996,0.9996,204150.0
1772676900000,0.9997,0.9997,0.9996,0.9996,27836.0
1772677200000,0.9997,0.9997,0.9996,0.9996,433996.0
1772677500000,0.9997,0.9997,0.9996,0.9996,13570.0
1772677800000,0.9997,0.9997,0.9996,0.9996,156569.0
1772678100000,0.9997,0.9997,0.9996,0.9997,467843.0
1772678400000,0.9996,0.9997,0.9996,0.9996,46580.0
1772678700000,0.9996,0.9997,0.9996,0.9996,367508.0
1772679000000,0.9997,0.9997,0.9996,0.9996,219340.0
1772679300000,0.9996,0.9997,0.9996,0.9996,23004.0
1772679600000,0.9996,0.9997,0.9996,0.9996,12929.0
1772679900000,0.9997,0.9997,0.9996,0.9996,191302.0
1772680200000,0.9996,0.9997,0.9996,0.9997,96440.0
1772680500000,0.9996,0.9997,0.9996,0.9996,24301.0
1772680800000,0.9997,0.9997,0.9996,0.9996,49254.0
1772681100000,0.9996,0.9997,0.9996,0.9996,69659.0
1772681400000,0.9996,0.9997,0.9996,0.9996,17440.0
1772681700000,0.9996,0.9997,0.9995,0.9996,887840.0
1772682000000,0.9996,0.9997,0.9996,0.9997,38318.0
1772682300000,0.9996,0.9997,0.9996,0.9996,49549.0
1772682600000,0.9996,0.9996,0.9995,0.9996,206312.0
1772682900000,0.9996,0.9996,0.9995,0.9995,450047.0
1772683200000,0.9996,0.9996,0.9995,0.9996,481201.0
1772683500000,0.9995,0.9996,0.9995,0.9995,901325.0
1772683800000,0.9996,0.9996,0.9995,0.9995,758821.0
1772684100000,0.9996,0.9996,0.9995,0.9995,363810.0
1772684400000,0.9995,0.9996,0.9995,0.9995,19781.0
1772684700000,0.9996,0.9996,0.9995,0.9996,258187.0
1772685000000,0.9996,0.9996,0.9995,0.9995,1147949.0
1772685300000,0.9996,0.9996,0.9995,0.9995,838.0
1772685600000,0.9995,0.9996,0.9995,0.9995,9983.0
1772685900000,0.9995,0.9996,0.9995,0.9995,374733.0
1772686200000,0.9995,0.9996,0.9995,0.9995,94277.0
1772686500000,0.9996,0.9996,0.9995,0.9996,417543.0
1772686800000,0.9995,0.9996,0.9995,0.9995,84589.0
1772687100000,0.9996,0.9996,0.9995,0.9995,12355.0
1772687400000,0.9996,0.9996,0.9995,0.9995,633741.0
1772687700000,0.9995,0.9996,0.9995,0.9995,1055.0
1772688000000,0.9995,0.9996,0.9995,0.9995,2113658.0
1772688300000,0.9995,0.9996,0.9995,0.9995,57385.0
1772688600000,0.9995,0.9996,0.9995,0.9995,109332.0
1772688900000,0.9995,0.9996,0.9995,0.9995,536994.0
1772689200000,0.9996,0.9996,0.9995,0.9996,52024.0
1772689500000,0.9995,0.9996,0.9995,0.9995,8219.0
1772689800000,0.9995,0.9995,0.9995,0.9995,607311.0
1772690100000,0.9995,0.9996,0.9995,0.9996,289306.0
1772690400000,0.9996,0.9996,0.9995,0.9995,247999.0
1772690700000,0.9995,0.9996,0.9995,0.9996,1069699.0
1772691000000,0.9995,0.9997,0.9995,0.9996,6090956.0
1772691300000,0.9996,0.9997,0.9996,0.9996,912063.0
1772691600000,0.9997,0.9997,0.9996,0.9997,8058.0
1772691900000,0.9996,0.9996,0.9996,0.9996,87836.0
1772692200000,0.9996,0.9996,0.9996,0.9996,3074.0
1772692500000,0.9996,0.9997,0.9996,0.9997,58763.0
1772692800000,0.9996,0.9997,0.9996,0.9996,120085.0
1772693100000,0.9997,0.9997,0.9996,0.9996,850994.0
1772693400000,0.9996,0.9997,0.9996,0.9996,6985.0
1772693700000,0.9996,0.9997,0.9996,0.9997,208683.0
1772694000000,0.9996,0.9997,0.9996,0.9996,3421290.0
1772694300000,0.9996,0.9998,0.9996,0.9998,820690.0
1772694600000,0.9997,0.9998,0.9997,0.9997,11657.0
1772694900000,0.9998,0.9998,0.9997,0.9997,1433.0
1772695200000,0.9997,0.9998,0.9997,0.9998,16898.0
1772695500000,0.9998,0.9998,0.9997,0.9997,50440.0
1772695800000,0.9997,0.9998,0.9997,0.9997,259931.0
1772696100000,0.9997,0.9998,0.9997,0.9997,21089.0
1772696400000,0.9997,0.9998,0.9997,0.9997,248246.0
1772696700000,0.9997,0.9998,0.9997,0.9997,64251.0
1772697000000,0.9997,0.9998,0.9996,0.9997,559525.0
1772697300000,0.9997,0.9998,0.9997,0.9997,558.0
1772697600000,0.9998,0.9998,0.9997,0.9997,17514.0
1772697900000,0.9998,0.9998,0.9997,0.9997,122151.0
1772698200000,0.9997,0.9998,0.9997,0.9997,20051.0
1772698500000,0.9997,0.9998,0.9997,0.9997,1218.0
1772698800000,0.9997,0.9998,0.9996,0.9997,264935.0
1772699100000,0.9996,0.9998,0.9996,0.9997,156029.0
1772699400000,0.9997,0.9998,0.9996,0.9997,348378.0
1772699700000,0.9997,0.9997,0.9996,0.9996,126265.0
1772700000000,0.9996,0.9998,0.9996,0.9997,342573.0
1772700300000,0.9997,0.9998,0.9997,0.9997,20932.0
1772700600000,0.9997,0.9998,0.9996,0.9997,193044.0
1772700900000,0.9998,0.9998,0.9997,0.9997,915265.0
1772701200000,0.9998,0.9998,0.9997,0.9997,131126.0
1772701500000,0.9997,0.9998,0.9997,0.9998,26925.0
1772701800000,0.9997,0.9998,0.9997,0.9997,6465.0
1772702100000,0.9997,0.9998,0.9997,0.9997,19491.0
1772702400000,0.9998,0.9998,0.9997,0.9997,41930.0
1772702700000,0.9997,0.9998,0.9997,0.9997,34225.0
1772703000000,0.9997,0.9998,0.9997,0.9998,357871.0
1772703300000,0.9998,0.9998,0.9997,0.9997,408307.0
1772703600000,0.9997,0.9998,0.9997,0.9997,130096.0
1772703900000,0.9998,0.9998,0.9997,0.9997,54628.0
1772704200000,0.9997,0.9998,0.9997,0.9998,91713.0
1772704500000,0.9998,0.9998,0.9997,0.9997,157974.0
1772704800000,0.9998,0.9998,0.9997,0.9998,118677.0
1772705100000,0.9998,0.9998,0.9997,0.9998,32803.0
1772705400000,0.9998,0.9998,0.9997,0.9997,124401.0
1772705700000,0.9997,0.9998,0.9997,0.9998,39348.0
1772706000000,0.9997,0.9998,0.9997,0.9997,19480.0
1772706300000,0.9998,0.9998,0.9997,0.9998,135382.0
1772706600000,0.9997,0.9998,0.9996,0.9996,337708.0
1772706900000,0.9997,0.9997,0.9996,0.9996,254655.0
1772707200000,0.9997,0.9997,0.9996,0.9996,149455.0
1772707500000,0.9997,0.9997,0.9996,0.9997,255795.0
1772707800000,0.9996,0.9997,0.9996,0.9996,57975.0
1772708100000,0.9997,0.9998,0.9996,0.9998,179968.0
1772708400000,0.9997,0.9998,0.9997,0.9997,116658.0
1772708700000,0.9998,0.9998,0.9996,0.9996,336128.0
1772709000000,0.9997,0.9997,0.9996,0.9997,57909.0
1772709300000,0.9997,0.9997,0.9996,0.9997,66623.0
1773878400000,0.9998,0.9999,0.9998,0.9998,66822.0
1773878700000,0.9998,0.9999,0.9998,0.9998,87608.0
1773879000000,0.9998,0.9999,0.9998,0.9999,77422.0
1773879300000,0.9998,0.9999,0.9998,0.9998,62107.0
1773879600000,0.9999,0.9999,0.9998,0.9999,29032.0
1773879900000,0.9999,0.9999,0.9998,0.9999,25527.0
1773880200000,0.9999,0.9999,0.9998,0.9998,41029.0
1773880500000,0.9998,0.9999,0.9998,0.9999,10008.0
1773880800000,0.9998,0.9999,0.9998,0.9998,26177.0
1773881100000,0.9998,0.9999,0.9998,0.9998,26430.0
1773881400000,0.9998,0.9999,0.9998,0.9998,58403.0
1773881700000,0.9999,0.9999,0.9998,0.9998,18997.0
1773882000000,0.9998,0.9999,0.9998,0.9998,45663.0
1773882300000,0.9998,0.9999,0.9998,0.9998,96110.0
1773882600000,0.9999,0.9999,0.9998,0.9999,2352.0
1773882900000,0.9998,0.9999,0.9998,0.9998,11118.0
1773883200000,0.9999,0.9999,0.9998,0.9999,10867.0
1773883500000,0.9998,0.9999,0.9998,0.9998,18291.0
1773883800000,0.9999,0.9999,0.9998,0.9999,314067.0
1773884100000,0.9999,0.9999,0.9998,0.9998,12361.0
1773884400000,0.9999,0.9999,0.9998,0.9998,12040.0
1773884700000,0.9999,0.9999,0.9997,0.9997,13367.0
1773885000000,0.9998,0.9998,0.9997,0.9998,3154.0
1773885300000,0.9998,0.9998,0.9997,0.9998,2777.0
1773885600000,0.9997,0.9998,0.9997,0.9998,14468.0
1773885900000,0.9997,0.9998,0.9997,0.9998,11193.0
1773886200000,0.9998,0.9998,0.9997,0.9997,21999.0
1773886500000,0.9997,0.9998,0.9997,0.9998,10410.0
1773886800000,0.9997,0.9998,0.9997,0.9997,9807.0
1773887100000,0.9997,0.9998,0.9997,0.9998,3784.0
1773887400000,0.9997,0.9998,0.9997,0.9997,7782.0
1773887700000,0.9997,0.9998,0.9997,0.9997,10469.0
1773888000000,0.9997,0.9998,0.9997,0.9997,97238.0
1773888300000,0.9998,0.9998,0.9997,0.9998,9186.0
1773888600000,0.9998,0.9998,0.9997,0.9997,22340.0
1773888900000,0.9997,0.9998,0.9997,0.9998,34081.0
1773889200000,0.9998,0.9998,0.9997,0.9997,4916.0
1773889500000,0.9997,0.9998,0.9997,0.9998,23509.0
1773889800000,0.9997,0.9998,0.9997,0.9997,19132.0
1773890100000,0.9998,0.9999,0.9997,0.9999,382377.0
1773890400000,0.9998,0.9999,0.9998,0.9998,124222.0
1773890700000,0.9998,0.9999,0.9997,0.9997,16185.0
1773891000000,0.9997,0.9998,0.9997,0.9997,63632.0
1773891300000,0.9997,0.9998,0.9997,0.9997,63445.0
1773891600000,0.9998,0.9998,0.9997,0.9997,41944.0
1773891900000,0.9997,0.9998,0.9997,0.9997,92849.0
1773892200000,0.9997,0.9998,0.9997,0.9997,25112.0
1773892500000,0.9997,0.9998,0.9997,0.9997,34200.0
1773892800000,0.9997,0.9998,0.9997,0.9998,12778.0
1773893100000,0.9998,0.9998,0.9997,0.9998,38170.0
1773893400000,0.9997,0.9998,0.9997,0.9998,9875.0
1773893700000,0.9998,0.9998,0.9997,0.9997,9301.0
1773894000000,0.9997,0.9998,0.9997,0.9997,22468.0
1773894300000,0.9998,0.9998,0.9997,0.9997,19954.0
1773894600000,0.9998,0.9998,0.9997,0.9998,17512.0
1773894900000,0.9997,0.9999,0.9997,0.9999,825775.0
1773895200000,0.9999,0.9999,0.9998,0.9998,13900.0
1773895500000,0.9998,0.9999,0.9998,0.9998,14630.0
1773895800000,0.9999,0.9999,0.9998,0.9998,109598.0
1773896100000,0.9999,0.9999,0.9998,0.9999,107523.0
1773896400000,0.9998,0.9999,0.9998,0.9999,124114.0
1773896700000,0.9999,0.9999,0.9998,0.9998,12774.0
1773897000000,0.9998,0.9999,0.9997,0.9999,10825.0
1773897300000,0.9999,0.9999,0.9998,0.9998,3128.0
1773897600000,0.9998,0.9999,0.9998,0.9999,43967.0
1773897900000,0.9998,0.9999,0.9998,0.9998,44621.0
1773898200000,0.9998,0.9999,0.9998,0.9998,31440.0
1773898500000,0.9998,0.9999,0.9998,0.9998,10074.0
1773898800000,0.9998,0.9999,0.9997,0.9998,35664.0
1773899100000,0.9998,0.9999,0.9998,0.9998,21110.0
1773899400000,0.9998,0.9999,0.9998,0.9998,17123.0
1773899700000,0.9998,0.9999,0.9998,0.9998,7048.0
1773900000000,0.9998,0.9999,0.9998,0.9998,421451.0
1773900300000,0.9999,1.0,0.9998,0.9999,408470.0
1773900600000,0.9999,1.0,0.9998,1.0,264664.0
1773900900000,0.9999,1.0,0.9998,0.9998,299558.0
1773901200000,0.9999,1.0,0.9998,1.0,387851.0
1773901500000,1.0,1.0,0.9999,1.0,433890.0
1773901800000,1.0,1.0,0.9999,1.0,622449.0
1773902100000,1.0,1.0,0.9999,1.0,347501.0
1773902400000,1.0,1.0,0.9999,1.0,343131.0
1773902700000,1.0,1.0,0.9999,1.0,287249.0
1773903000000,0.9999,1.0,0.9999,1.0,201271.0
1773903300000,1.0,1.0,0.9999,1.0,542220.0
1773903600000,1.0,1.0,0.9999,1.0,445314.0
1773903900000,0.9999,1.0,0.9999,1.0,277031.0
1773904200000,0.9999,1.0,0.9999,0.9999,525060.0
1773904500000,0.9999,1.0,0.9999,1.0,468914.0
1773904800000,1.0,1.0,0.9999,0.9999,374726.0
1773905100000,1.0,1.0,0.9999,1.0,584594.0
1773905400000,0.9999,1.0,0.9999,1.0,690022.0
1773905700000,0.9999,1.0,0.9999,1.0,481855.0
1773906000000,0.9999,1.0,0.9999,1.0,265302.0
1773906300000,1.0,1.0,0.9999,1.0,314955.0
1773906600000,1.0,1.0,0.9999,1.0,225900.0
1773906900000,1.0,1.0,0.9999,1.0,310931.0
1773907200000,0.9999,1.0,0.9999,1.0,283036.0
1773907500000,0.9999,1.0,0.9999,1.0,324863.0
1773907800000,1.0,1.0,0.9999,0.9999,249944.0
1773908100000,1.0,1.0,0.9999,1.0,263691.0
1773908400000,1.0,1.0,0.9999,1.0,522686.0
1773908700000,0.9999,1.0,0.9999,1.0,280050.0
1773909000000,1.0,1.0,0.9999,1.0,253555.0
1773909300000,1.0,1.0,0.9999,1.0,238113.0
1773909600000,1.0,1.0,0.9999,1.0,414035.0
1773909900000,1.0,1.0,0.9999,1.0,264076.0
1773910200000,1.0,1.0,0.9999,0.9999,289308.0
1773910500000,0.9999,1.0,0.9999,1.0,321111.0
1773910800000,1.0,1.0,0.9999,0.9999,187853.0
1773911100000,0.9999,1.0,0.9999,1.0,177530.0
1773911400000,0.9999,1.0,0.9999,1.0,247365.0
1773911700000,1.0,1.0,0.9999,1.0,306183.0
1773912000000,1.0,1.0,0.9999,1.0,256336.0
1773912300000,1.0,1.0,0.9999,0.9999,315427.0
1773912600000,1.0,1.0,0.9999,1.0,158783.0
1773912900000,1.0,1.0,0.9999,1.0,130960.0
1773913200000,0.9999,1.0,0.9999,1.0,93486.0
1773913500000,0.9999,1.0,0.9999,1.0,182625.0
1773913800000,1.0,1.0,0.9999,1.0,289397.0
1773914100000,1.0,1.0,0.9999,0.9999,163318.0
1773914400000,0.9999,1.0,0.9999,1.0,112866.0
1773914700000,1.0,1.0,0.9999,0.9999,156313.0
1773915000000,0.9999,1.0,0.9999,0.9999,202806.0
1773915300000,0.9999,1.0,0.9999,1.0,105549.0
1773915600000,1.0,1.0,0.9999,1.0,433753.0
1773915900000,0.9999,1.0,0.9999,0.9999,557048.0
1773916200000,1.0,1.0,0.9999,0.9999,196500.0
1773916500000,1.0,1.0,0.9999,0.9999,125053.0
1773916800000,1.0,1.0,0.9999,1.0,298211.0
1773917100000,1.0,1.0,0.9999,0.9999,155031.0
1773917400000,1.0,1.0,0.9999,1.0,127401.0
1773917700000,0.9999,1.0,0.9999,0.9999,166755.0
1773918000000,1.0,1.0,0.9999,0.9999,193183.0
1773918300000,0.9999,1.0,0.9999,0.9999,119454.0
1773918600000,1.0,1.0,0.9999,0.9999,35883.0
1773918900000,1.0,1.0,0.9999,1.0,276734.0
1773919200000,1.0,1.0,0.9999,1.0,235129.0
1773919500000,1.0,1.0,0.9999,1.0,133094.0
1773919800000,1.0,1.0,0.9999,1.0,116317.0
1773920100000,1.0,1.0,0.9999,1.0,184979.0
1773920400000,0.9999,1.0,0.9999,0.9999,81987.0
1773920700000,1.0,1.0,0.9999,0.9999,129742.0
1773921000000,1.0,1.0,0.9999,1.0,177061.0
1773921300000,1.0,1.0,0.9999,1.0,158685.0
1773921600000,1.0,1.0,0.9999,0.9999,296512.0
1773921900000,0.9999,1.0,0.9999,1.0,274853.0
1773922200000,1.0,1.0,0.9999,1.0,151457.0
1773922500000,1.0,1.0,0.9999,1.0,130844.0
1773922800000,1.0,1.0,0.9999,1.0,139268.0
1773923100000,1.0,1.0,0.9999,1.0,217387.0
1773923400000,1.0,1.0,0.9999,1.0,157778.0
1773923700000,1.0,1.0,0.9999,0.9999,108286.0
1773924000000,0.9999,1.0,0.9999,0.9999,173970.0
1773924300000,0.9999,1.0,0.9999,0.9999,100796.0
1773924600000,1.0,1.0,0.9999,0.9999,234739.0
1773924900000,0.9999,1.0,0.9999,1.0,109616.0
1773925200000,1.0,1.0,0.9999,1.0,145947.0
1773925500000,1.0,1.0,0.9999,1.0,143138.0
1773925800000,0.9999,1.0,0.9999,1.0,209471.0
1773926100000,1.0,1.0,0.9999,0.9999,308179.0
1773926400000,0.9999,1.0001,0.9999,1.0,683919.0
1773926700000,1.0001,1.0001,1.0,1.0,247502.0
1773927000000,1.0,1.0001,1.0,1.0,230656.0
1773927300000,1.0,1.0001,1.0,1.0,331318.0
1773927600000,1.0,1.0001,1.0,1.0001,262381.0
1773927900000,1.0,1.0001,1.0,1.0,184927.0
1773928200000,1.0,1.0001,1.0,1.0001,282681.0
1773928500000,1.0,1.0001,1.0,1.0001,222939.0
1773928800000,1.0001,1.0001,1.0,1.0001,271487.0
1773929100000,1.0,1.0001,1.0,1.0,140523.0
1773929400000,1.0,1.0001,1.0,1.0,112791.0
1773929700000,1.0001,1.0001,1.0,1.0001,182370.0
1773930000000,1.0,1.0001,1.0,1.0001,214652.0
1773930300000,1.0,1.0001,1.0,1.0001,112202.0
1773930600000,1.0001,1.0001,1.0,1.0001,99590.0
1773930900000,1.0,1.0001,1.0,1.0001,137302.0
1773931200000,1.0,1.0001,1.0,1.0001,145768.0
1773931500000,1.0001,1.0001,1.0,1.0001,161067.0
1773931800000,1.0001,1.0001,1.0,1.0001,227738.0
1773932100000,1.0,1.0001,1.0,1.0001,222225.0
1773932400000,1.0001,1.0001,1.0,1.0,193925.0
1773932700000,1.0,1.0001,1.0,1.0001,431999.0
1773933000000,1.0,1.0001,1.0,1.0001,300759.0
1773933300000,1.0,1.0001,1.0,1.0001,175728.0
1773933600000,1.0,1.0001,1.0,1.0001,57581.0
1773933900000,1.0,1.0001,1.0,1.0001,142828.0
1773934200000,1.0001,1.0001,1.0,1.0001,103096.0
1773934500000,1.0001,1.0001,1.0,1.0,137889.0
1773934800000,1.0001,1.0001,1.0,1.0,138519.0
1773935100000,1.0,1.0001,1.0,1.0,57657.0
1773935400000,1.0001,1.0001,1.0,1.0001,69112.0
1773935700000,1.0,1.0001,1.0,1.0001,87044.0
1773936000000,1.0001,1.0001,1.0,1.0001,360594.0
1773936300000,1.0001,1.0001,1.0,1.0001,69977.0
1773936600000,1.0,1.0001,1.0,1.0001,170245.0
1773936900000,1.0,1.0001,1.0,1.0001,143619.0
1773937200000,1.0,1.0001,1.0,1.0001,71040.0
1773937500000,1.0001,1.0001,1.0,1.0,89027.0
1773937800000,1.0001,1.0001,1.0,1.0001,79990.0
1773938100000,1.0001,1.0001,1.0,1.0001,36921.0
1773938400000,1.0,1.0001,1.0,1.0001,60095.0
1773938700000,1.0,1.0001,1.0,1.0001,59268.0
1773939000000,1.0,1.0001,1.0,1.0,82860.0
1773939300000,1.0001,1.0001,1.0,1.0001,183170.0
1773939600000,1.0001,1.0001,1.0,1.0001,93335.0
1773939900000,1.0,1.0001,1.0,1.0001,47953.0
1773940200000,1.0001,1.0002,1.0,1.0001,496046.0
1773940500000,1.0001,1.0001,1.0,1.0001,335950.0
1773940800000,1.0001,1.0002,1.0,1.0,117047.0
1773941100000,1.0001,1.0001,1.0,1.0001,64516.0
1773941400000,1.0001,1.0001,1.0,1.0,45846.0
1773941700000,1.0001,1.0002,1.0,1.0002,227595.0
1773942000000,1.0001,1.0002,1.0001,1.0002,1321.0
1773942300000,1.0002,1.0002,1.0001,1.0002,58933.0
1773942600000,1.0002,1.0002,1.0,1.0001,268383.0
1773942900000,1.0,1.0001,1.0,1.0,24156.0
1773943200000,1.0001,1.0001,1.0,1.0001,80864.0
1773943500000,1.0,1.0001,1.0,1.0001,195845.0
1773943800000,1.0001,1.0001,1.0,1.0,23651.0
1773944100000,1.0,1.0001,1.0,1.0,4788.0
1773944400000,1.0,1.0001,1.0,1.0001,20781.0
1773944700000,1.0,1.0001,1.0,1.0,1065.0
1773945000000,1.0001,1.0001,1.0,1.0001,82125.0
1773945300000,1.0,1.0001,1.0,1.0001,8483.0
1773945600000,1.0,1.0001,1.0,1.0,60594.0
1773945900000,1.0,1.0001,1.0,1.0,59034.0
1773946200000,1.0,1.0001,1.0,1.0001,1899.0
1773946500000,1.0001,1.0001,1.0,1.0001,69492.0
1773946800000,1.0001,1.0001,1.0,1.0001,15953.0
1773947100000,1.0001,1.0001,1.0,1.0001,100526.0
1773947400000,1.0001,1.0001,1.0,1.0001,145694.0
1773947700000,1.0001,1.0001,1.0,1.0,116672.0
1773948000000,1.0,1.0001,1.0,1.0,119986.0
1773948300000,1.0,1.0001,1.0,1.0,66439.0
1773948600000,1.0,1.0001,1.0,1.0,68443.0
1773948900000,1.0,1.0001,1.0,1.0001,13753.0
1773949200000,1.0,1.0001,1.0,1.0001,59044.0
1773949500000,1.0,1.0001,1.0,1.0,13835.0
1773949800000,1.0001,1.0001,1.0,1.0,11538.0
1773950100000,1.0,1.0001,1.0,1.0,9279.0
1773950400000,1.0,1.0001,1.0,1.0001,12052.0
1773950700000,1.0,1.0001,1.0,1.0001,22758.0
1773951000000,1.0,1.0001,1.0,1.0001,17053.0
1773951300000,1.0001,1.0001,1.0,1.0001,20459.0
1773951600000,1.0001,1.0001,1.0,1.0001,5600.0
1773951900000,1.0,1.0001,1.0,1.0001,23876.0
1773952200000,1.0001,1.0001,1.0,1.0,52359.0
1773952500000,1.0001,1.0001,1.0,1.0,52356.0
1773952800000,1.0001,1.0001,1.0,1.0,49884.0
1773953100000,1.0,1.0001,1.0,1.0,10788.0
1773953400000,1.0001,1.0001,1.0,1.0001,51075.0
1773953700000,1.0001,1.0001,1.0,1.0001,9557.0
1773954000000,1.0001,1.0001,1.0,1.0001,13665.0
1773954300000,1.0001,1.0001,1.0001,1.0001,5229.0
1773954600000,1.0,1.0001,1.0,1.0,31243.0
1773954900000,1.0001,1.0001,1.0,1.0001,5898.0
1773955200000,1.0001,1.0001,1.0,1.0,24706.0
1773955500000,1.0001,1.0001,1.0,1.0001,39254.0
1773955800000,1.0001,1.0001,1.0001,1.0001,22592.0
1773956100000,1.0,1.0001,1.0,1.0,17415.0
1773956400000,1.0,1.0001,1.0,1.0001,19236.0
1773956700000,1.0001,1.0001,1.0,1.0001,63292.0
1773957000000,1.0001,1.0001,1.0,1.0001,2900.0
1773957300000,1.0,1.0001,1.0,1.0001,70806.0
1773957600000,1.0,1.0001,1.0,1.0001,21472.0
1773957900000,1.0001,1.0001,1.0,1.0001,33205.0
1773958200000,1.0001,1.0001,1.0,1.0001,14518.0
1773958500000,1.0001,1.0001,1.0,1.0001,39401.0
1773958800000,1.0001,1.0001,1.0,1.0001,140964.0
1773959100000,1.0001,1.0001,1.0,1.0001,26423.0
1773959400000,1.0001,1.0001,1.0,1.0001,206221.0
1773959700000,1.0,1.0001,1.0,1.0,127795.0
1773960000000,1.0001,1.0001,1.0,1.0001,112058.0
1773960300000,1.0001,1.0001,1.0,1.0001,12226.0
1773960600000,1.0001,1.0001,1.0,1.0001,39666.0
1773960900000,1.0,1.0001,1.0,1.0001,169674.0
1773961200000,1.0001,1.0001,1.0,1.0,57381.0
1773961500000,1.0,1.0001,1.0,1.0001,91963.0
1773961800000,1.0001,1.0001,1.0,1.0001,116783.0
1773962100000,1.0001,1.0001,1.0,1.0001,112971.0
1773962400000,1.0,1.0001,1.0,1.0,89803.0
1773962700000,1.0,1.0001,1.0,1.0,146853.0
1773963000000,1.0,1.0001,1.0,1.0001,228052.0
1773963300000,1.0001,1.0001,1.0,1.0001,473901.0
1773963600000,1.0001,1.0001,1.0,1.0001,164309.0
1773963900000,1.0001,1.0001,1.0,1.0,225028.0
1773964200000,1.0001,1.0001,1.0,1.0001,397864.0
1773964500000,1.0001,1.0001,1.0,1.0001,455920.0
1773964800000,1.0001,1.0001,1.0,1.0001,944845.0
1773965100000,1.0001,1.0001,1.0,1.0,636349.0
1773965400000,1.0,1.0001,1.0,1.0001,380150.0
1773965700000,1.0001,1.0001,1.0,1.0001,387193.0
1773966000000,1.0001,1.0001,1.0,1.0001,280186.0
1773966300000,1.0001,1.0001,1.0,1.0,416824.0
1773966600000,1.0,1.0001,1.0,1.0001,364904.0
1773966900000,1.0,1.0001,1.0,1.0001,264152.0
1773967200000,1.0001,1.0001,1.0,1.0001,382933.0
1773967500000,1.0001,1.0001,1.0,1.0001,231926.0
1773967800000,1.0,1.0001,1.0,1.0001,258883.0
1773968100000,1.0001,1.0001,1.0,1.0001,348062.0
1773968400000,1.0001,1.0001,1.0,1.0001,275603.0
1773968700000,1.0001,1.0001,1.0,1.0001,301505.0
1773969000000,1.0001,1.0001,1.0,1.0001,176557.0
1773969300000,1.0001,1.0001,1.0,1.0001,191789.0
1773969600000,1.0001,1.0001,1.0,1.0001,216106.0
1773969900000,1.0001,1.0001,1.0,1.0001,341225.0
1773970200000,1.0001,1.0001,1.0,1.0001,189902.0
1773970500000,1.0001,1.0001,1.0,1.0001,466697.0
1773970800000,1.0,1.0001,1.0,1.0001,249373.0
1773971100000,1.0001,1.0001,1.0,1.0001,162155.0
1773971400000,1.0001,1.0001,1.0,1.0001,160284.0
1773971700000,1.0001,1.0001,1.0,1.0,351734.0
1773972000000,1.0,1.0001,1.0,1.0001,531870.0
1773972300000,1.0,1.0001,1.0,1.0001,282070.0
1773972600000,1.0,1.0001,1.0,1.0,448624.0
1773972900000,1.0001,1.0001,1.0,1.0,745057.0
1773973200000,1.0,1.0001,1.0,1.0,494409.0
1773973500000,1.0,1.0001,1.0,1.0,504855.0
1773973800000,1.0,1.0001,1.0,1.0,472964.0
1773974100000,1.0001,1.0001,1.0,1.0,473942.0
1773974400000,1.0001,1.0001,1.0,1.0001,225932.0
1773974700000,1.0,1.0001,1.0,1.0,398910.0
1773975000000,1.0001,1.0001,1.0,1.0,557942.0
1773975300000,1.0001,1.0001,1.0,1.0001,307339.0
1773975600000,1.0,1.0001,1.0,1.0,410042.0
1773975900000,1.0,1.0001,1.0,1.0001,347599.0
1773976200000,1.0001,1.0001,1.0,1.0001,229521.0
1773976500000,1.0001,1.0001,1.0,1.0001,185787.0
1773976800000,1.0001,1.0001,1.0,1.0001,154475.0
1773977100000,1.0,1.0001,1.0,1.0,118729.0
1773977400000,1.0001,1.0001,1.0,1.0,279934.0
1773977700000,1.0001,1.0001,1.0,1.0001,152519.0
1773978000000,1.0001,1.0001,1.0,1.0001,224683.0
1773978300000,1.0,1.0002,1.0,1.0,684350.0
1773978600000,1.0,1.0001,1.0,1.0001,194192.0
1773978900000,1.0001,1.0002,1.0,1.0002,441856.0
1773979200000,1.0001,1.0002,1.0,1.0,339974.0
1773979500000,1.0,1.0001,1.0,1.0001,268624.0
1773979800000,1.0,1.0001,1.0,1.0,164000.0
1773980100000,1.0,1.0001,1.0,1.0,283488.0
1773980400000,1.0,1.0001,1.0,1.0,157273.0
1773980700000,1.0001,1.0001,1.0,1.0001,215527.0
1773981000000,1.0001,1.0001,1.0,1.0001,267341.0
1773981300000,1.0,1.0001,1.0,1.0001,191959.0
1773981600000,1.0001,1.0001,1.0,1.0,262202.0
1773981900000,1.0001,1.0001,1.0,1.0001,165787.0
1773982200000,1.0001,1.0001,1.0,1.0001,123698.0
1773982500000,1.0001,1.0002,1.0,1.0001,542404.0
1773982800000,1.0001,1.0002,1.0,1.0001,441602.0
1773983100000,1.0,1.0002,1.0,1.0002,211003.0
1773983400000,1.0002,1.0002,1.0001,1.0002,51235.0
1773983700000,1.0001,1.0002,1.0001,1.0001,171963.0
1773984000000,1.0001,1.0002,1.0001,1.0001,105533.0
1773984300000,1.0002,1.0002,1.0001,1.0001,150461.0
1773984600000,1.0002,1.0002,1.0001,1.0001,94876.0
1773984900000,1.0002,1.0002,1.0001,1.0002,165525.0
1773985200000,1.0002,1.0002,1.0001,1.0002,128558.0
1773985500000,1.0002,1.0002,1.0001,1.0002,86340.0
1773985800000,1.0002,1.0002,1.0001,1.0002,93654.0
1773986100000,1.0002,1.0002,1.0001,1.0002,113730.0
1773986400000,1.0002,1.0002,1.0001,1.0002,123390.0
1773986700000,1.0002,1.0002,1.0001,1.0002,180699.0
1773987000000,1.0001,1.0002,1.0001,1.0002,237816.0
1773987300000,1.0002,1.0002,1.0001,1.0001,209730.0
1773987600000,1.0002,1.0002,1.0001,1.0001,182585.0
1773987900000,1.0001,1.0002,1.0001,1.0002,127479.0
1773988200000,1.0002,1.0002,1.0001,1.0002,156023.0
1773988500000,1.0001,1.0002,1.0001,1.0002,169362.0
1773988800000,1.0002,1.0002,1.0001,1.0001,343183.0
1773989100000,1.0001,1.0002,1.0001,1.0002,266157.0
1773989400000,1.0002,1.0002,1.0001,1.0002,160968.0
1773989700000,1.0002,1.0002,1.0001,1.0002,245464.0
1773990000000,1.0002,1.0002,1.0001,1.0002,125829.0
1773990300000,1.0002,1.0002,1.0001,1.0002,189655.0
1773990600000,1.0001,1.0002,1.0001,1.0002,105196.0
1773990900000,1.0002,1.0002,1.0001,1.0002,122787.0
1773991200000,1.0002,1.0002,1.0001,1.0001,261334.0
1773991500000,1.0002,1.0002,1.0001,1.0002,169480.0
1773991800000,1.0002,1.0002,1.0001,1.0002,195144.0
1773992100000,1.0002,1.0002,1.0001,1.0002,89253.0
1773992400000,1.0002,1.0002,1.0001,1.0002,162903.0
1773992700000,1.0002,1.0002,1.0001,1.0002,176285.0
1773993000000,1.0002,1.0002,1.0001,1.0002,123236.0
1773993300000,1.0002,1.0002,1.0001,1.0002,140085.0
1773993600000,1.0002,1.0002,1.0001,1.0002,100960.0
1773993900000,1.0002,1.0002,1.0001,1.0002,120005.0
1773994200000,1.0002,1.0002,1.0001,1.0002,104234.0
1773994500000,1.0002,1.0002,1.0001,1.0002,189608.0
1773994800000,1.0002,1.0002,1.0001,1.0001,346681.0
1773995100000,1.0002,1.0002,1.0001,1.0001,107103.0
1773995400000,1.0002,1.0002,1.0001,1.0002,78741.0
1773995700000,1.0002,1.0002,1.0001,1.0002,139915.0
1773996000000,1.0002,1.0002,1.0001,1.0001,262211.0
1773996300000,1.0001,1.0002,1.0001,1.0002,378224.0
1773996600000,1.0002,1.0002,1.0001,1.0002,124017.0
1773996900000,1.0002,1.0002,1.0001,1.0001,151785.0
1773997200000,1.0001,1.0002,1.0001,1.0001,158991.0
1773997500000,1.0002,1.0002,1.0001,1.0002,107597.0
1773997800000,1.0002,1.0002,1.0001,1.0001,86016.0
1773998100000,1.0001,1.0002,1.0001,1.0002,161864.0
1773998400000,1.0002,1.0002,1.0001,1.0002,59319.0
1773998700000,1.0002,1.0002,1.0001,1.0001,92691.0
1773999000000,1.0002,1.0002,1.0001,1.0001,53006.0
1773999300000,1.0001,1.0002,1.0001,1.0002,68307.0
1773999600000,1.0001,1.0002,1.0001,1.0002,140185.0
1773999900000,1.0001,1.0002,1.0001,1.0002,21621.0
1774000200000,1.0002,1.0002,1.0001,1.0002,251981.0
1774000500000,1.0001,1.0002,1.0001,1.0002,99504.0
1774000800000,1.0002,1.0002,1.0001,1.0002,108636.0
1774001100000,1.0002,1.0002,1.0001,1.0002,159905.0
1774001400000,1.0002,1.0002,1.0001,1.0001,63346.0
1774001700000,1.0002,1.0002,1.0001,1.0002,103203.0
1774002000000,1.0002,1.0002,1.0001,1.0002,132450.0
1774002300000,1.0002,1.0002,1.0001,1.0002,141982.0
1774002600000,1.0002,1.0002,1.0001,1.0001,93303.0
1774002900000,1.0001,1.0002,1.0001,1.0002,95681.0
1774003200000,1.0002,1.0002,1.0001,1.0002,66807.0
1774003500000,1.0002,1.0002,1.0001,1.0002,111268.0
1774003800000,1.0002,1.0002,1.0001,1.0002,182782.0
1774004100000,1.0002,1.0002,1.0001,1.0002,106511.0
1774004400000,1.0002,1.0002,1.0001,1.0002,87038.0
1774004700000,1.0002,1.0002,1.0001,1.0002,84211.0
1774005000000,1.0002,1.0002,1.0001,1.0002,117701.0
1774005300000,1.0002,1.0002,1.0001,1.0002,163368.0
1774005600000,1.0002,1.0003,1.0001,1.0002,171067.0
1774005900000,1.0002,1.0002,1.0001,1.0002,129635.0
1774006200000,1.0002,1.0002,1.0001,1.0002,40892.0
1774006500000,1.0001,1.0002,1.0001,1.0002,106224.0
1774006800000,1.0002,1.0002,1.0001,1.0002,71541.0
1774007100000,1.0001,1.0002,1.0001,1.0002,78238.0
1774007400000,1.0002,1.0002,1.0001,1.0002,125098.0
1774007700000,1.0002,1.0002,1.0001,1.0001,99565.0
1774008000000,1.0002,1.0002,1.0001,1.0001,94023.0
1774008300000,1.0002,1.0002,1.0001,1.0001,441929.0
1774008600000,1.0001,1.0002,1.0001,1.0001,805392.0
1774008900000,1.0001,1.0002,1.0001,1.0001,667122.0
1774009200000,1.0001,1.0002,1.0,1.0001,616785.0
1774009500000,1.0001,1.0001,1.0,1.0001,168560.0
1774009800000,1.0001,1.0001,1.0,1.0,266617.0
1774010100000,1.0001,1.0001,1.0,1.0001,55255.0
1774010400000,1.0001,1.0001,1.0,1.0001,73081.0
1774010700000,1.0,1.0001,1.0,1.0,81503.0
1774011000000,1.0,1.0001,1.0,1.0001,131459.0
1774011300000,1.0,1.0001,1.0,1.0001,67121.0
1774011600000,1.0001,1.0001,1.0,1.0001,60696.0
1774011900000,1.0001,1.0001,1.0,1.0001,106594.0
1774012200000,1.0001,1.0001,1.0,1.0001,70113.0
1774012500000,1.0,1.0002,1.0,1.0001,1162212.0
1774012800000,1.0001,1.0001,1.0,1.0,122841.0
1774013100000,1.0001,1.0001,1.0,1.0001,110551.0
1774013400000,1.0001,1.0001,1.0,1.0001,149678.0
1774013700000,1.0001,1.0001,1.0,1.0,128348.0
1774014000000,1.0,1.0001,1.0,1.0001,58915.0
1774014300000,1.0,1.0001,1.0,1.0,317859.0
1774014600000,1.0001,1.0002,1.0,1.0002,627339.0
1774014900000,1.0002,1.0002,1.0,1.0001,310588.0
1774015200000,1.0001,1.0001,1.0,1.0,73275.0
1774015500000,1.0001,1.0001,1.0,1.0001,265182.0
1774015800000,1.0001,1.0001,1.0,1.0,131737.0
1774016100000,1.0,1.0001,1.0,1.0001,182543.0
1774016400000,1.0001,1.0001,1.0,1.0001,150165.0
1774016700000,1.0001,1.0001,1.0,1.0001,128827.0
1774017000000,1.0001,1.0001,1.0,1.0001,72120.0
1774017300000,1.0001,1.0001,1.0,1.0001,152730.0
1774017600000,1.0001,1.0001,1.0,1.0001,149992.0
1774017900000,1.0,1.0001,1.0,1.0,66335.0
1774018200000,1.0,1.0001,1.0,1.0001,78599.0
1774018500000,1.0,1.0001,1.0,1.0001,164781.0
1774018800000,1.0,1.0001,1.0,1.0001,100621.0
1774019100000,1.0001,1.0002,1.0,1.0002,98048.0
1774019400000,1.0002,1.0002,1.0,1.0001,96703.0
1774019700000,1.0001,1.0001,1.0,1.0001,163315.0
1774020000000,1.0001,1.0002,1.0,1.0001,511840.0
1774020300000,1.0001,1.0002,1.0001,1.0002,51774.0
1774020600000,1.0002,1.0002,1.0,1.0001,154740.0
1774020900000,1.0,1.0001,1.0,1.0001,135104.0
1774021200000,1.0001,1.0001,1.0,1.0001,45872.0
1774021500000,1.0001,1.0001,1.0,1.0001,77139.0
1774021800000,1.0001,1.0002,1.0,1.0001,383892.0
1774022100000,1.0002,1.0002,1.0001,1.0001,77305.0
1774022400000,1.0002,1.0002,1.0001,1.0001,55159.0
1774022700000,1.0001,1.0002,1.0001,1.0001,27800.0
1774023000000,1.0001,1.0002,1.0001,1.0002,17669.0
1774023300000,1.0001,1.0002,1.0001,1.0001,32754.0
1774023600000,1.0002,1.0002,1.0001,1.0001,31027.0
1774023900000,1.0002,1.0002,1.0001,1.0002,60568.0
1774024200000,1.0002,1.0003,1.0001,1.0003,356868.0
1774024500000,1.0002,1.0003,1.0001,1.0002,156506.0
1774024800000,1.0002,1.0002,1.0001,1.0002,90622.0
1774025100000,1.0002,1.0002,1.0001,1.0002,99187.0
1774025400000,1.0002,1.0002,1.0001,1.0001,55063.0
1774025700000,1.0001,1.0002,1.0001,1.0002,57557.0
1774026000000,1.0002,1.0003,1.0001,1.0003,296616.0
1774026300000,1.0002,1.0003,1.0002,1.0002,53423.0
1774026600000,1.0003,1.0003,1.0002,1.0002,13220.0
1774026900000,1.0002,1.0003,1.0002,1.0003,110331.0
1774027200000,1.0003,1.0003,1.0002,1.0003,73680.0
1774027500000,1.0003,1.0003,1.0002,1.0003,74499.0
1774027800000,1.0003,1.0003,1.0002,1.0003,28427.0
1774028100000,1.0003,1.0003,1.0002,1.0003,21326.0
1774028400000,1.0002,1.0003,1.0002,1.0002,41174.0
1774028700000,1.0003,1.0003,1.0002,1.0003,113737.0
1774029000000,1.0003,1.0003,1.0002,1.0002,54458.0
1774029300000,1.0003,1.0003,1.0002,1.0003,104901.0
1774029600000,1.0002,1.0003,1.0002,1.0003,14955.0
1774029900000,1.0003,1.0003,1.0002,1.0002,56999.0
1774030200000,1.0003,1.0003,1.0002,1.0003,6031.0
1774030500000,1.0003,1.0003,1.0002,1.0003,34557.0
1774030800000,1.0003,1.0003,1.0002,1.0002,9370.0
1774031100000,1.0002,1.0003,1.0002,1.0002,22011.0
1774031400000,1.0002,1.0003,1.0002,1.0002,34183.0
1774031700000,1.0003,1.0003,1.0002,1.0003,14943.0
1774032000000,1.0003,1.0003,1.0002,1.0003,38046.0
1774032300000,1.0002,1.0003,1.0002,1.0002,14108.0
1774032600000,1.0002,1.0003,1.0002,1.0002,40184.0
1774032900000,1.0003,1.0003,1.0002,1.0003,83079.0
1774033200000,1.0002,1.0003,1.0002,1.0003,31993.0
1774033500000,1.0003,1.0003,1.0002,1.0003,26084.0
1774033800000,1.0003,1.0003,1.0002,1.0003,21413.0
1774034100000,1.0003,1.0003,1.0002,1.0003,44171.0
1774034400000,1.0003,1.0003,1.0002,1.0002,3735.0
1774034700000,1.0003,1.0003,1.0002,1.0003,35117.0
1774035000000,1.0003,1.0003,1.0002,1.0003,2323.0
1774035300000,1.0002,1.0003,1.0002,1.0002,7503.0
1774035600000,1.0003,1.0003,1.0002,1.0003,6309.0
1774035900000,1.0003,1.0003,1.0002,1.0002,6408.0
1774036200000,1.0003,1.0003,1.0002,1.0003,18756.0
1774036500000,1.0003,1.0003,1.0002,1.0003,5974.0
1774036800000,1.0003,1.0003,1.0002,1.0002,1122.0
1774037100000,1.0002,1.0003,1.0002,1.0003,5687.0
1774037400000,1.0003,1.0003,1.0002,1.0003,34524.0
1774037700000,1.0002,1.0003,1.0002,1.0002,30273.0
1774038000000,1.0002,1.0003,1.0002,1.0003,10918.0
1774038300000,1.0003,1.0003,1.0002,1.0002,1150.0
1774038600000,1.0003,1.0003,1.0002,1.0002,4135.0
1774038900000,1.0003,1.0003,1.0002,1.0003,10840.0
1774039200000,1.0003,1.0003,1.0002,1.0003,42093.0
1774039500000,1.0003,1.0003,1.0002,1.0003,70189.0
1774039800000,1.0003,1.0003,1.0002,1.0002,34268.0
1774040100000,1.0003,1.0003,1.0002,1.0003,24908.0
1774040400000,1.0003,1.0003,1.0003,1.0003,52450.0
1774040700000,1.0003,1.0003,1.0002,1.0002,25067.0
1774041000000,1.0003,1.0003,1.0002,1.0003,16778.0
1774041300000,1.0003,1.0003,1.0002,1.0002,42371.0
1774041600000,1.0003,1.0003,1.0002,1.0003,18579.0
1774041900000,1.0002,1.0003,1.0002,1.0002,23138.0
1774042200000,1.0003,1.0003,1.0002,1.0003,195978.0
1774042500000,1.0003,1.0003,1.0002,1.0003,74476.0
1774042800000,1.0002,1.0003,1.0002,1.0003,2254.0
1774043100000,1.0003,1.0003,1.0002,1.0002,20384.0
1774043400000,1.0003,1.0003,1.0003,1.0003,28606.0
1774043700000,1.0003,1.0003,1.0002,1.0002,102.0
1774044000000,1.0002,1.0003,1.0001,1.0002,376296.0
1774044300000,1.0002,1.0003,1.0002,1.0002,105765.0
1774044600000,1.0003,1.0003,1.0002,1.0002,8031.0
1774044900000,1.0003,1.0003,1.0002,1.0002,2256.0
1774045200000,1.0003,1.0003,1.0002,1.0003,759.0
1774045500000,1.0003,1.0003,1.0002,1.0002,7732.0
1774045800000,1.0003,1.0003,1.0002,1.0003,26348.0
1774046100000,1.0002,1.0003,1.0002,1.0002,12250.0
1774046400000,1.0002,1.0003,1.0002,1.0002,1806.0
1774046700000,1.0002,1.0003,1.0002,1.0003,6153.0
1774047000000,1.0002,1.0003,1.0002,1.0002,12336.0
1774047300000,1.0002,1.0003,1.0002,1.0002,18330.0
1774047600000,1.0003,1.0003,1.0002,1.0002,29006.0
1774047900000,1.0002,1.0003,1.0002,1.0002,34482.0
1774048200000,1.0002,1.0003,1.0002,1.0003,41926.0
1774048500000,1.0002,1.0003,1.0002,1.0002,51393.0
1774048800000,1.0002,1.0003,1.0002,1.0002,12343.0
1774049100000,1.0002,1.0003,1.0002,1.0002,5761.0
1774049400000,1.0003,1.0003,1.0002,1.0003,71740.0
1774049700000,1.0003,1.0003,1.0002,1.0003,43945.0
1774050000000,1.0003,1.0003,1.0002,1.0003,26843.0
1774050300000,1.0002,1.0003,1.0002,1.0003,132756.0
1774050600000,1.0003,1.0003,1.0001,1.0002,523027.0
1774050900000,1.0001,1.0003,1.0001,1.0003,84808.0
1774051200000,1.0003,1.0003,1.0002,1.0003,33932.0
1774051500000,1.0003,1.0003,1.0002,1.0003,11384.0
1774051800000,1.0003,1.0003,1.0002,1.0002,18180.0
1774052100000,1.0003,1.0003,1.0002,1.0003,26819.0
1774052400000,1.0003,1.0003,1.0002,1.0003,35943.0
1774052700000,1.0003,1.0003,1.0002,1.0002,13657.0
1774053000000,1.0002,1.0003,1.0002,1.0003,2325.0
1774053300000,1.0003,1.0003,1.0002,1.0003,29175.0
1774053600000,1.0003,1.0003,1.0002,1.0003,28767.0
1774053900000,1.0003,1.0003,1.0002,1.0002,15529.0
1774054200000,1.0003,1.0003,1.0002,1.0002,21773.0
1774054500000,1.0003,1.0003,1.0002,1.0002,21404.0
1774054800000,1.0003,1.0003,1.0002,1.0003,41002.0
1774055100000,1.0003,1.0003,1.0002,1.0002,19824.0
1774055400000,1.0002,1.0003,1.0002,1.0003,23002.0
1774055700000,1.0002,1.0003,1.0002,1.0003,103235.0
1774056000000,1.0002,1.0003,1.0002,1.0002,21377.0
1774056300000,1.0002,1.0003,1.0002,1.0003,67855.0
1774056600000,1.0003,1.0003,1.0002,1.0003,6996.0
1774056900000,1.0003,1.0003,1.0002,1.0002,11411.0
1774057200000,1.0002,1.0003,1.0002,1.0003,50860.0
1774057500000,1.0002,1.0003,1.0002,1.0002,31911.0
1774057800000,1.0003,1.0003,1.0002,1.0003,30721.0
1774058100000,1.0002,1.0003,1.0002,1.0003,95909.0
1774058400000,1.0003,1.0003,1.0002,1.0002,3109.0
1774058700000,1.0003,1.0003,1.0002,1.0002,33002.0
1774059000000,1.0003,1.0003,1.0002,1.0003,24222.0
1774059300000,1.0003,1.0003,1.0002,1.0002,27456.0
1774059600000,1.0003,1.0003,1.0002,1.0003,57637.0
1774059900000,1.0003,1.0003,1.0002,1.0003,45921.0
1774060200000,1.0003,1.0003,1.0002,1.0003,27208.0
1774060500000,1.0003,1.0003,1.0002,1.0002,24080.0
1774060800000,1.0002,1.0003,1.0002,1.0003,13294.0
1774061100000,1.0002,1.0003,1.0002,1.0002,5619.0
1774061400000,1.0003,1.0003,1.0002,1.0003,51059.0
1774061700000,1.0002,1.0003,1.0002,1.0003,44187.0
1774062000000,1.0003,1.0003,1.0002,1.0003,50987.0
1774062300000,1.0003,1.0003,1.0002,1.0002,18656.0
1774062600000,1.0002,1.0003,1.0002,1.0002,18481.0
1774062900000,1.0002,1.0003,1.0002,1.0002,52684.0
1774063200000,1.0003,1.0003,1.0002,1.0002,52298.0
1774063500000,1.0003,1.0003,1.0002,1.0003,35972.0
1774063800000,1.0003,1.0003,1.0002,1.0003,33899.0
1774064100000,1.0003,1.0003,1.0002,1.0002,225042.0
1774064400000,1.0003,1.0003,1.0002,1.0003,6171.0
1774064700000,1.0003,1.0003,1.0002,1.0003,57390.0
1774065000000,1.0003,1.0003,1.0003,1.0003,55285.0
1774065300000,1.0003,1.0003,1.0002,1.0003,64030.0
1774065600000,1.0002,1.0003,1.0002,1.0002,17598.0
1774065900000,1.0002,1.0003,1.0002,1.0003,119863.0
1774066200000,1.0002,1.0004,1.0002,1.0004,87370.0
1774066500000,1.0003,1.0004,1.0003,1.0003,39093.0
1774066800000,1.0003,1.0004,1.0002,1.0003,49986.0
1774067100000,1.0002,1.0003,1.0002,1.0003,3389.0
1774067400000,1.0003,1.0003,1.0002,1.0003,14594.0
1774067700000,1.0003,1.0003,1.0002,1.0003,17807.0
1774068000000,1.0003,1.0003,1.0002,1.0002,42269.0
1774068300000,1.0003,1.0003,1.0002,1.0003,5211.0
1774068600000,1.0003,1.0003,1.0002,1.0003,40561.0
1774068900000,1.0003,1.0003,1.0002,1.0002,85465.0
1774069200000,1.0003,1.0003,1.0002,1.0003,142126.0
1774069500000,1.0003,1.0003,1.0002,1.0003,56105.0
1774069800000,1.0002,1.0003,1.0002,1.0003,15657.0
1774070100000,1.0003,1.0003,1.0002,1.0003,57846.0
1774070400000,1.0003,1.0003,1.0002,1.0003,107463.0
1774070700000,1.0003,1.0003,1.0002,1.0003,19035.0
1774071000000,1.0003,1.0003,1.0002,1.0003,78561.0
1774071300000,1.0002,1.0003,1.0002,1.0003,109839.0
1774071600000,1.0002,1.0003,1.0002,1.0002,52367.0
1774071900000,1.0002,1.0003,1.0002,1.0003,35404.0
1774072200000,1.0002,1.0003,1.0002,1.0002,56406.0
1774072500000,1.0003,1.0003,1.0002,1.0003,33178.0
1774072800000,1.0002,1.0003,1.0002,1.0002,133267.0
1774073100000,1.0002,1.0003,1.0002,1.0002,44904.0
1774073400000,1.0003,1.0003,1.0002,1.0002,14491.0
1774073700000,1.0003,1.0003,1.0002,1.0003,33713.0
1774074000000,1.0002,1.0003,1.0002,1.0002,42637.0
1774074300000,1.0002,1.0003,1.0002,1.0003,44891.0
1774074600000,1.0003,1.0003,1.0002,1.0002,78503.0
1774074900000,1.0003,1.0003,1.0002,1.0003,58541.0
1774075200000,1.0003,1.0003,1.0002,1.0002,116362.0
1774075500000,1.0002,1.0003,1.0002,1.0003,36759.0
1774075800000,1.0003,1.0003,1.0002,1.0003,63232.0
1774076100000,1.0002,1.0003,1.0002,1.0003,19822.0
1774076400000,1.0002,1.0003,1.0002,1.0003,7440.0
1774076700000,1.0003,1.0003,1.0002,1.0003,25061.0
1774077000000,1.0003,1.0003,1.0002,1.0002,15016.0
1774077300000,1.0003,1.0003,1.0002,1.0002,24283.0
1774077600000,1.0003,1.0003,1.0002,1.0002,51955.0
1774077900000,1.0003,1.0003,1.0002,1.0002,48862.0
1774078200000,1.0002,1.0003,1.0002,1.0003,19170.0
1774078500000,1.0002,1.0003,1.0002,1.0003,127278.0
1774078800000,1.0003,1.0003,1.0002,1.0003,48000.0
1774079100000,1.0002,1.0003,1.0002,1.0002,151128.0
1774079400000,1.0003,1.0003,1.0002,1.0002,50547.0
1774079700000,1.0003,1.0003,1.0002,1.0003,72304.0
1774080000000,1.0003,1.0003,1.0002,1.0003,23168.0
1774080300000,1.0002,1.0003,1.0002,1.0002,81160.0
1774080600000,1.0003,1.0003,1.0002,1.0003,25018.0
1774080900000,1.0003,1.0003,1.0002,1.0003,110574.0
1774081200000,1.0003,1.0003,1.0002,1.0003,39158.0
1774081500000,1.0003,1.0003,1.0002,1.0002,24176.0
1774081800000,1.0002,1.0003,1.0002,1.0003,31798.0
1774082100000,1.0003,1.0003,1.0002,1.0002,86705.0
1774082400000,1.0003,1.0003,1.0002,1.0002,18908.0
1774082700000,1.0003,1.0003,1.0002,1.0003,88430.0
1774083000000,1.0003,1.0003,1.0002,1.0003,56297.0
1774083300000,1.0003,1.0003,1.0002,1.0003,55305.0
1774083600000,1.0003,1.0003,1.0002,1.0003,74314.0
1774083900000,1.0002,1.0003,1.0002,1.0003,35988.0
1774084200000,1.0003,1.0003,1.0002,1.0002,17173.0
1774084500000,1.0002,1.0003,1.0002,1.0003,30420.0
1774084800000,1.0003,1.0003,1.0002,1.0003,227590.0
1774085100000,1.0002,1.0003,1.0002,1.0003,55720.0
1774085400000,1.0003,1.0003,1.0002,1.0003,12935.0
1774085700000,1.0003,1.0003,1.0002,1.0002,8748.0
1774086000000,1.0002,1.0003,1.0002,1.0002,6055.0
1774086300000,1.0002,1.0003,1.0002,1.0003,56948.0
1774086600000,1.0002,1.0003,1.0002,1.0002,34949.0
1774086900000,1.0002,1.0003,1.0002,1.0003,12076.0
1774087200000,1.0003,1.0003,1.0002,1.0003,59825.0
1774087500000,1.0003,1.0003,1.0002,1.0003,3594.0
1774087800000,1.0003,1.0003,1.0002,1.0003,87634.0
1774088100000,1.0003,1.0003,1.0002,1.0002,55141.0
1774088400000,1.0003,1.0003,1.0002,1.0003,37366.0
1774088700000,1.0003,1.0003,1.0003,1.0003,14553.0
1774089000000,1.0003,1.0003,1.0002,1.0003,61232.0
1774089300000,1.0002,1.0003,1.0002,1.0002,36873.0
1774089600000,1.0002,1.0003,1.0002,1.0003,52940.0
1774089900000,1.0003,1.0003,1.0002,1.0003,61221.0
1774090200000,1.0003,1.0003,1.0002,1.0002,40320.0
1774090500000,1.0002,1.0003,1.0002,1.0003,43667.0
1774090800000,1.0003,1.0004,1.0002,1.0004,20804.0
1774091100000,1.0003,1.0004,1.0003,1.0004,67252.0
1774091400000,1.0004,1.0004,1.0003,1.0003,63530.0
1774091700000,1.0003,1.0004,1.0003,1.0003,44429.0
1774092000000,1.0004,1.0004,1.0003,1.0004,69163.0
1774092300000,1.0004,1.0004,1.0003,1.0003,14183.0
1774092600000,1.0004,1.0004,1.0003,1.0004,7031.0
1774092900000,1.0003,1.0004,1.0003,1.0003,76498.0
1774093200000,1.0004,1.0004,1.0003,1.0003,49348.0
1774093500000,1.0003,1.0004,1.0003,1.0004,20490.0
1774093800000,1.0003,1.0004,1.0003,1.0004,31740.0
1774094100000,1.0003,1.0004,1.0003,1.0004,21334.0
1774094400000,1.0003,1.0004,1.0003,1.0003,38652.0
1774094700000,1.0004,1.0004,1.0003,1.0003,97881.0
1774095000000,1.0003,1.0004,1.0003,1.0004,38154.0
1774095300000,1.0004,1.0004,1.0003,1.0004,43429.0
1774095600000,1.0004,1.0004,1.0003,1.0004,76396.0
1774095900000,1.0004,1.0004,1.0003,1.0004,47444.0
1774096200000,1.0003,1.0004,1.0003,1.0004,34113.0
1774096500000,1.0003,1.0004,1.0003,1.0003,4994.0
1774096800000,1.0003,1.0004,1.0003,1.0004,33911.0
1774097100000,1.0004,1.0004,1.0003,1.0004,12478.0
1774097400000,1.0004,1.0004,1.0003,1.0003,63287.0
1774097700000,1.0003,1.0004,1.0003,1.0004,30871.0
1774098000000,1.0003,1.0004,1.0003,1.0004,27177.0
1774098300000,1.0004,1.0004,1.0003,1.0003,15922.0
1774098600000,1.0004,1.0004,1.0002,1.0003,361720.0
1774098900000,1.0003,1.0004,1.0002,1.0004,180228.0
1774099200000,1.0003,1.0004,1.0003,1.0004,80491.0
1774099500000,1.0004,1.0004,1.0003,1.0004,17031.0
1774099800000,1.0004,1.0004,1.0003,1.0003,20028.0
1774100100000,1.0004,1.0004,1.0003,1.0003,36681.0
1774100400000,1.0003,1.0004,1.0003,1.0004,13050.0
1774100700000,1.0004,1.0004,1.0003,1.0004,15250.0
1774101000000,1.0003,1.0004,1.0003,1.0004,16221.0
1774101300000,1.0003,1.0004,1.0003,1.0003,54773.0
1774101600000,1.0004,1.0004,1.0003,1.0004,38452.0
1774101900000,1.0004,1.0004,1.0003,1.0004,31364.0
1774102200000,1.0004,1.0004,1.0003,1.0004,39001.0
1774102500000,1.0004,1.0004,1.0003,1.0004,29218.0
1774102800000,1.0004,1.0004,1.0003,1.0004,26962.0
1774103100000,1.0003,1.0004,1.0003,1.0004,149338.0
1774103400000,1.0003,1.0004,1.0003,1.0004,83302.0
1774103700000,1.0004,1.0004,1.0003,1.0004,31065.0
1774104000000,1.0003,1.0004,1.0003,1.0003,39635.0
1774104300000,1.0004,1.0004,1.0003,1.0004,48241.0
1774104600000,1.0004,1.0004,1.0003,1.0004,25718.0
1774104900000,1.0003,1.0004,1.0003,1.0003,31523.0
1774105200000,1.0004,1.0004,1.0003,1.0003,131023.0
1774105500000,1.0003,1.0004,1.0003,1.0003,12571.0
1774105800000,1.0003,1.0004,1.0003,1.0004,48392.0
1774106100000,1.0003,1.0004,1.0003,1.0003,18961.0
1774106400000,1.0003,1.0004,1.0003,1.0003,37640.0
1774106700000,1.0003,1.0004,1.0003,1.0004,20586.0
1774107000000,1.0003,1.0004,1.0003,1.0004,6613.0
1774107300000,1.0004,1.0004,1.0003,1.0003,14710.0
1774107600000,1.0003,1.0004,1.0003,1.0003,45580.0
1774107900000,1.0004,1.0004,1.0003,1.0004,34710.0
1774108200000,1.0004,1.0004,1.0003,1.0004,27746.0
1774108500000,1.0003,1.0004,1.0003,1.0003,46843.0
1774108800000,1.0003,1.0004,1.0003,1.0004,38760.0
1774109100000,1.0003,1.0004,1.0003,1.0003,20394.0
1774109400000,1.0004,1.0004,1.0003,1.0003,57193.0
1774109700000,1.0003,1.0004,1.0003,1.0003,39464.0
1774110000000,1.0004,1.0004,1.0003,1.0003,31643.0
1774110300000,1.0004,1.0004,1.0003,1.0004,23896.0
1774110600000,1.0004,1.0004,1.0003,1.0003,34956.0
1774110900000,1.0003,1.0004,1.0003,1.0004,69290.0
1774111200000,1.0004,1.0004,1.0003,1.0003,80466.0
1774111500000,1.0003,1.0004,1.0003,1.0003,30463.0
1774111800000,1.0004,1.0004,1.0003,1.0003,3928.0
1774112100000,1.0004,1.0004,1.0003,1.0003,23521.0
1774112400000,1.0003,1.0004,1.0003,1.0004,21814.0
1774112700000,1.0003,1.0004,1.0003,1.0004,4356.0
1774113000000,1.0003,1.0004,1.0003,1.0003,91245.0
1774113300000,1.0004,1.0004,1.0003,1.0003,58796.0
1774113600000,1.0004,1.0004,1.0003,1.0004,17712.0
1774113900000,1.0003,1.0004,1.0003,1.0003,21424.0
1774114200000,1.0003,1.0004,1.0003,1.0003,3713.0
1774114500000,1.0003,1.0004,1.0003,1.0004,129659.0
1774114800000,1.0003,1.0004,1.0003,1.0004,6084.0
1774115100000,1.0003,1.0004,1.0003,1.0004,3208.0
1774115400000,1.0004,1.0004,1.0003,1.0003,13552.0
1774115700000,1.0004,1.0004,1.0003,1.0004,13230.0
1774116000000,1.0003,1.0004,1.0003,1.0004,19921.0
1774116300000,1.0004,1.0004,1.0003,1.0003,20224.0
1774116600000,1.0004,1.0004,1.0003,1.0004,28869.0
1774116900000,1.0004,1.0004,1.0003,1.0004,33819.0
1774117200000,1.0004,1.0004,1.0003,1.0003,1299.0
1774117500000,1.0003,1.0004,1.0003,1.0003,52024.0
1774117800000,1.0003,1.0004,1.0003,1.0003,63361.0
1774118100000,1.0004,1.0004,1.0003,1.0004,2678.0
1774118400000,1.0003,1.0004,1.0003,1.0003,6298.0
1774118700000,1.0004,1.0004,1.0003,1.0004,95857.0
1774119000000,1.0004,1.0004,1.0003,1.0003,35193.0
1774119300000,1.0004,1.0004,1.0003,1.0003,26627.0
1774119600000,1.0004,1.0004,1.0003,1.0003,30629.0
1774119900000,1.0004,1.0004,1.0003,1.0003,54756.0
1774120200000,1.0003,1.0004,1.0003,1.0004,47465.0
1774120500000,1.0004,1.0004,1.0004,1.0004,20769.0
1774120800000,1.0003,1.0004,1.0003,1.0003,38431.0
1774121100000,1.0003,1.0004,1.0003,1.0004,31748.0
1774121400000,1.0004,1.0004,1.0003,1.0003,25411.0
1774121700000,1.0004,1.0004,1.0003,1.0004,10321.0
1774122000000,1.0003,1.0004,1.0003,1.0004,10561.0
1774122300000,1.0004,1.0004,1.0004,1.0004,149.0
1774122600000,1.0004,1.0004,1.0003,1.0004,9072.0
1774122900000,1.0004,1.0004,1.0003,1.0004,4296.0
1774123200000,1.0004,1.0004,1.0003,1.0004,3145.0
1774123500000,1.0003,1.0004,1.0003,1.0003,10693.0
1774123800000,1.0003,1.0004,1.0003,1.0004,7693.0
1774124100000,1.0004,1.0004,1.0003,1.0004,10577.0
1774124400000,1.0004,1.0004,1.0004,1.0004,936.0
1774124700000,1.0003,1.0004,1.0003,1.0004,4145.0
1774125000000,1.0004,1.0004,1.0003,1.0004,18344.0
1774125300000,1.0003,1.0004,1.0003,1.0003,18987.0
1774125600000,1.0003,1.0004,1.0003,1.0004,10400.0
1774125900000,1.0004,1.0004,1.0003,1.0004,22197.0
1774126200000,1.0004,1.0004,1.0003,1.0004,10635.0
1774126500000,1.0004,1.0004,1.0004,1.0004,5859.0
1774126800000,1.0003,1.0004,1.0003,1.0004,13017.0
1774127100000,1.0004,1.0004,1.0003,1.0003,7663.0
1774127400000,1.0003,1.0004,1.0003,1.0004,716.0
1774127700000,1.0004,1.0004,1.0003,1.0004,65.0
1774128000000,1.0003,1.0004,1.0003,1.0003,893.0
1774128300000,1.0003,1.0004,1.0003,1.0004,2318.0
1774128600000,1.0003,1.0003,1.0003,1.0003,435.0
1774128900000,1.0004,1.0004,1.0003,1.0004,5728.0
1774129200000,1.0003,1.0003,1.0003,1.0003,11.0
1774129500000,1.0004,1.0004,1.0004,1.0004,10066.0
1774129800000,1.0004,1.0004,1.0003,1.0003,38251.0
1774130100000,1.0004,1.0004,1.0003,1.0003,375.0
1774130400000,1.0003,1.0003,1.0003,1.0003,1358.0
1774130700000,1.0003,1.0004,1.0003,1.0004,18.0
1774131000000,1.0004,1.0004,1.0003,1.0004,132.0
1774131300000,1.0004,1.0004,1.0003,1.0004,3829.0
1774131600000,1.0004,1.0004,1.0003,1.0003,6546.0
1774131900000,1.0003,1.0004,1.0003,1.0004,913.0
1774132200000,1.0003,1.0004,1.0003,1.0003,4663.0
1774132500000,1.0003,1.0004,1.0003,1.0004,1662.0
1774132800000,1.0004,1.0004,1.0003,1.0003,20178.0
1774133100000,1.0004,1.0004,1.0003,1.0004,7373.0
1774133400000,1.0003,1.0004,1.0003,1.0004,716.0
1774133700000,1.0003,1.0004,1.0003,1.0004,5659.0
1774134000000,1.0003,1.0004,1.0003,1.0004,35719.0
1774134300000,1.0004,1.0004,1.0003,1.0004,71875.0
1774134600000,1.0004,1.0004,1.0003,1.0004,30697.0
1774134900000,1.0004,1.0004,1.0004,1.0004,20740.0
1774135200000,1.0004,1.0004,1.0003,1.0004,10257.0
1774135500000,1.0003,1.0004,1.0003,1.0004,1421.0
1774135800000,1.0003,1.0004,1.0003,1.0004,1712.0
1774136100000,1.0004,1.0004,1.0003,1.0004,20490.0
1774136400000,1.0003,1.0004,1.0003,1.0004,18033.0
1774136700000,1.0004,1.0004,1.0003,1.0004,31596.0
1774137000000,1.0003,1.0004,1.0003,1.0004,122846.0
1774137300000,1.0004,1.0004,1.0003,1.0003,104564.0
1774137600000,1.0003,1.0004,1.0003,1.0004,134546.0
1774137900000,1.0004,1.0004,1.0003,1.0003,24754.0
1774138200000,1.0004,1.0004,1.0003,1.0003,40783.0
1774138500000,1.0003,1.0004,1.0003,1.0003,18527.0
1774138800000,1.0004,1.0004,1.0003,1.0003,28340.0
1774139100000,1.0004,1.0004,1.0003,1.0003,23602.0
1774139400000,1.0003,1.0004,1.0003,1.0003,28904.0
1774139700000,1.0004,1.0004,1.0003,1.0003,24092.0
1774140000000,1.0004,1.0004,1.0003,1.0003,36358.0
1774140300000,1.0004,1.0004,1.0003,1.0004,24112.0
1774140600000,1.0003,1.0004,1.0003,1.0003,38269.0
1774140900000,1.0004,1.0004,1.0003,1.0003,4307.0
1774141200000,1.0004,1.0004,1.0003,1.0003,44078.0
1774141500000,1.0003,1.0004,1.0002,1.0003,120615.0
1774141800000,1.0003,1.0003,1.0002,1.0002,19081.0
1774142100000,1.0003,1.0003,1.0002,1.0002,49107.0
1774142400000,1.0002,1.0003,1.0002,1.0002,8905.0
1774142700000,1.0002,1.0003,1.0002,1.0003,47408.0
1774143000000,1.0003,1.0003,1.0002,1.0003,59293.0
1774143300000,1.0002,1.0003,1.0002,1.0003,3836.0
1774143600000,1.0002,1.0003,1.0002,1.0002,16385.0
1774143900000,1.0003,1.0003,1.0003,1.0003,30387.0
1774144200000,1.0003,1.0003,1.0002,1.0003,37915.0
1774144500000,1.0002,1.0003,1.0002,1.0002,20691.0
1774144800000,1.0003,1.0003,1.0002,1.0002,32634.0
1774145100000,1.0003,1.0003,1.0002,1.0003,281163.0
1774145400000,1.0002,1.0003,1.0002,1.0002,81972.0
1774145700000,1.0002,1.0003,1.0002,1.0002,118969.0
1774146000000,1.0002,1.0003,1.0002,1.0002,461317.0
1774146300000,1.0002,1.0003,1.0001,1.0001,425748.0
1774146600000,1.0001,1.0002,1.0001,1.0002,154758.0
1774146900000,1.0001,1.0002,1.0001,1.0002,12993.0
1774147200000,1.0001,1.0002,1.0001,1.0001,40357.0
1774147500000,1.0002,1.0002,1.0001,1.0001,3287.0
1774147800000,1.0001,1.0002,1.0001,1.0001,5508.0
1774148100000,1.0002,1.0002,1.0001,1.0002,190969.0
1774148400000,1.0001,1.0002,1.0001,1.0001,73258.0
1774148700000,1.0002,1.0003,1.0001,1.0002,284525.0
1774149000000,1.0002,1.0003,1.0002,1.0003,28202.0
1774149300000,1.0002,1.0003,1.0002,1.0002,56473.0
1774149600000,1.0003,1.0003,1.0002,1.0003,52072.0
1774149900000,1.0002,1.0003,1.0002,1.0003,38469.0
1774150200000,1.0002,1.0003,1.0002,1.0003,50220.0
1774150500000,1.0002,1.0003,1.0002,1.0002,11660.0
1774150800000,1.0003,1.0003,1.0002,1.0002,55281.0
1774151100000,1.0003,1.0003,1.0002,1.0003,211069.0
1774151400000,1.0003,1.0004,1.0002,1.0003,183111.0
1774151700000,1.0003,1.0003,1.0002,1.0003,189373.0
1774152000000,1.0002,1.0003,1.0002,1.0002,13381.0
1774152300000,1.0003,1.0003,1.0002,1.0003,6323.0
1774152600000,1.0003,1.0003,1.0002,1.0003,25544.0
1774152900000,1.0002,1.0003,1.0002,1.0002,18449.0
1774153200000,1.0002,1.0003,1.0002,1.0003,27589.0
1774153500000,1.0002,1.0003,1.0002,1.0002,15315.0
1774153800000,1.0002,1.0003,1.0002,1.0003,54713.0
1774154100000,1.0003,1.0003,1.0002,1.0002,32378.0
1774154400000,1.0002,1.0003,1.0002,1.0003,43382.0
1774154700000,1.0003,1.0003,1.0002,1.0002,25194.0
1774155000000,1.0003,1.0003,1.0002,1.0003,47602.0
1774155300000,1.0003,1.0003,1.0002,1.0002,38962.0
1774155600000,1.0003,1.0003,1.0002,1.0003,22426.0
1774155900000,1.0002,1.0003,1.0002,1.0003,34068.0
1774156200000,1.0003,1.0003,1.0002,1.0003,31809.0
1774156500000,1.0002,1.0003,1.0002,1.0003,18196.0
1774156800000,1.0003,1.0003,1.0002,1.0002,22635.0
1774157100000,1.0002,1.0003,1.0002,1.0003,120873.0
1774157400000,1.0003,1.0003,1.0002,1.0003,30846.0
1774157700000,1.0003,1.0003,1.0002,1.0002,34069.0
1774158000000,1.0003,1.0003,1.0002,1.0003,27154.0
1774158300000,1.0003,1.0003,1.0002,1.0003,76888.0
1774158600000,1.0003,1.0003,1.0002,1.0003,37853.0
1774158900000,1.0002,1.0003,1.0002,1.0003,11051.0
1774159200000,1.0003,1.0003,1.0002,1.0002,11789.0
1774159500000,1.0003,1.0003,1.0002,1.0003,151121.0
1774159800000,1.0002,1.0003,1.0002,1.0003,35193.0
1774160100000,1.0002,1.0003,1.0002,1.0003,47198.0
1774160400000,1.0003,1.0003,1.0002,1.0002,17445.0
1774160700000,1.0002,1.0003,1.0002,1.0003,30477.0
1774161000000,1.0002,1.0003,1.0002,1.0003,13118.0
1774161300000,1.0003,1.0003,1.0002,1.0003,123324.0
1774161600000,1.0003,1.0003,1.0002,1.0003,26841.0
1774161900000,1.0003,1.0003,1.0002,1.0003,32054.0
1774162200000,1.0003,1.0003,1.0002,1.0002,42641.0
1774162500000,1.0003,1.0003,1.0002,1.0003,84443.0
1774162800000,1.0003,1.0003,1.0002,1.0002,3958.0
1774163100000,1.0003,1.0003,1.0002,1.0002,29438.0
1774163400000,1.0002,1.0003,1.0002,1.0003,62378.0
1774163700000,1.0002,1.0003,1.0002,1.0002,28780.0
1774164000000,1.0003,1.0003,1.0002,1.0003,68984.0
1774164300000,1.0003,1.0003,1.0002,1.0002,24281.0
1774164600000,1.0003,1.0003,1.0002,1.0003,17354.0
1774164900000,1.0002,1.0003,1.0002,1.0002,18947.0
1774165200000,1.0002,1.0003,1.0002,1.0003,27542.0
1774165500000,1.0003,1.0003,1.0002,1.0002,97161.0
1774165800000,1.0002,1.0003,1.0002,1.0003,36559.0
1774166100000,1.0003,1.0003,1.0002,1.0003,31255.0
1774166400000,1.0003,1.0003,1.0002,1.0003,170322.0
1774166700000,1.0002,1.0003,1.0002,1.0003,54343.0
1774167000000,1.0003,1.0003,1.0002,1.0002,62990.0
1774167300000,1.0003,1.0003,1.0002,1.0003,59407.0
1774167600000,1.0002,1.0003,1.0002,1.0003,93347.0
1774167900000,1.0003,1.0003,1.0002,1.0002,21894.0
1774168200000,1.0002,1.0003,1.0002,1.0003,30437.0
1774168500000,1.0002,1.0003,1.0002,1.0003,71145.0
1774168800000,1.0003,1.0003,1.0002,1.0003,74399.0
1774169100000,1.0003,1.0003,1.0002,1.0002,57009.0
1774169400000,1.0003,1.0003,1.0002,1.0002,52900.0
1774169700000,1.0002,1.0003,1.0002,1.0003,20688.0
1774170000000,1.0003,1.0003,1.0002,1.0003,106954.0
1774170300000,1.0003,1.0003,1.0002,1.0002,34476.0
1774170600000,1.0002,1.0003,1.0002,1.0002,38912.0
1774170900000,1.0003,1.0003,1.0002,1.0003,31315.0
1774171200000,1.0003,1.0003,1.0002,1.0003,26310.0
1774171500000,1.0003,1.0003,1.0002,1.0002,53631.0
1774171800000,1.0003,1.0003,1.0002,1.0002,5509.0
1774172100000,1.0003,1.0003,1.0002,1.0003,37548.0
1774172400000,1.0002,1.0003,1.0002,1.0003,57044.0
1774172700000,1.0003,1.0003,1.0002,1.0003,51391.0
1774173000000,1.0002,1.0003,1.0002,1.0003,27678.0
1774173300000,1.0003,1.0003,1.0002,1.0003,82134.0
1774173600000,1.0003,1.0003,1.0002,1.0003,39285.0
1774173900000,1.0002,1.0003,1.0002,1.0003,23334.0
1774174200000,1.0002,1.0003,1.0002,1.0002,3355.0
1774174500000,1.0003,1.0003,1.0002,1.0003,13038.0
1774174800000,1.0003,1.0003,1.0002,1.0003,10403.0
1774175100000,1.0002,1.0003,1.0002,1.0003,51334.0
1774175400000,1.0003,1.0003,1.0002,1.0002,5823.0
1774175700000,1.0003,1.0003,1.0002,1.0002,53510.0
1774176000000,1.0002,1.0003,1.0002,1.0002,13381.0
1774176300000,1.0003,1.0003,1.0002,1.0002,71512.0
1774176600000,1.0003,1.0003,1.0002,1.0003,32439.0
1774176900000,1.0003,1.0003,1.0002,1.0002,31543.0
1774177200000,1.0002,1.0003,1.0002,1.0002,68387.0
1774177500000,1.0002,1.0003,1.0002,1.0003,46853.0
1774177800000,1.0002,1.0003,1.0002,1.0002,10002.0
1774178100000,1.0003,1.0003,1.0002,1.0002,42819.0
1774569600000,1.0005,1.0005,1.0004,1.0005,31090.0
1774569900000,1.0005,1.0005,1.0004,1.0004,25761.0
1774570200000,1.0004,1.0005,1.0004,1.0004,14273.0
1774570500000,1.0004,1.0005,1.0004,1.0005,36823.0
1774570800000,1.0005,1.0005,1.0004,1.0005,73316.0
1774571100000,1.0004,1.0006,1.0004,1.0006,96561.0
1774571400000,1.0006,1.0006,1.0005,1.0005,9896.0
1774571700000,1.0006,1.0006,1.0005,1.0005,2740.0
1774572000000,1.0006,1.0006,1.0005,1.0005,23126.0
1774572300000,1.0005,1.0006,1.0005,1.0005,116011.0
1774572600000,1.0006,1.0006,1.0004,1.0004,46419.0
1774572900000,1.0005,1.0006,1.0004,1.0006,58674.0
1774573200000,1.0006,1.0006,1.0005,1.0005,20291.0
1774573500000,1.0006,1.0006,1.0005,1.0006,2519.0
1774573800000,1.0005,1.0006,1.0005,1.0005,4415.0
1774574100000,1.0005,1.0006,1.0005,1.0006,9462.0
1774574400000,1.0006,1.0006,1.0004,1.0005,23088.0
1774574700000,1.0005,1.0005,1.0004,1.0005,13400.0
1774575000000,1.0005,1.0005,1.0004,1.0005,42200.0
1774575300000,1.0005,1.0005,1.0004,1.0005,51053.0
1774575600000,1.0004,1.0005,1.0004,1.0004,6635.0
1774575900000,1.0005,1.0006,1.0004,1.0006,116853.0
1774576200000,1.0005,1.0006,1.0005,1.0005,24931.0
1774576500000,1.0005,1.0006,1.0004,1.0005,222764.0
1774576800000,1.0005,1.0005,1.0004,1.0004,12528.0
1774577100000,1.0005,1.0005,1.0004,1.0004,621.0
1774577400000,1.0005,1.0005,1.0004,1.0005,53843.0
1774577700000,1.0005,1.0005,1.0004,1.0005,40141.0
1774578000000,1.0005,1.0005,1.0004,1.0005,66447.0
1774578300000,1.0004,1.0005,1.0004,1.0005,19417.0
1774578600000,1.0004,1.0005,1.0004,1.0005,43166.0
1774578900000,1.0005,1.0005,1.0004,1.0004,5756.0
1774579200000,1.0004,1.0005,1.0004,1.0005,3581.0
1774579500000,1.0005,1.0005,1.0004,1.0005,10308.0
1774579800000,1.0004,1.0005,1.0004,1.0004,3284.0
1774580100000,1.0005,1.0005,1.0004,1.0004,45509.0
1774580400000,1.0004,1.0005,1.0004,1.0005,12793.0
1774580700000,1.0005,1.0005,1.0004,1.0005,37007.0
1774581000000,1.0005,1.0005,1.0004,1.0005,32071.0
1774581300000,1.0004,1.0005,1.0004,1.0004,16371.0
1774581600000,1.0004,1.0005,1.0004,1.0005,12307.0
1774581900000,1.0004,1.0005,1.0004,1.0004,17242.0
1774582200000,1.0004,1.0005,1.0004,1.0005,13578.0
1774582500000,1.0005,1.0005,1.0004,1.0004,4564.0
1774582800000,1.0004,1.0005,1.0004,1.0005,106258.0
1774583100000,1.0005,1.0005,1.0004,1.0004,19475.0
1774583400000,1.0005,1.0005,1.0004,1.0004,104506.0
1774583700000,1.0004,1.0005,1.0004,1.0005,15506.0
1774584000000,1.0004,1.0005,1.0004,1.0005,34540.0
1774584300000,1.0005,1.0005,1.0004,1.0005,43139.0
1774584600000,1.0005,1.0005,1.0004,1.0005,6905.0
1774584900000,1.0005,1.0005,1.0004,1.0005,13960.0
1774585200000,1.0004,1.0005,1.0004,1.0005,47406.0
1774585500000,1.0005,1.0005,1.0004,1.0004,5354.0
1774585800000,1.0005,1.0005,1.0004,1.0005,15833.0
1774586100000,1.0004,1.0005,1.0004,1.0005,9048.0
1774586400000,1.0005,1.0005,1.0004,1.0004,50814.0
1774586700000,1.0005,1.0005,1.0004,1.0004,40493.0
1774587000000,1.0004,1.0005,1.0004,1.0005,35498.0
1774587300000,1.0005,1.0005,1.0004,1.0005,14453.0
1774587600000,1.0005,1.0005,1.0004,1.0005,1998.0
1774587900000,1.0004,1.0005,1.0004,1.0004,5906.0
1774588200000,1.0004,1.0005,1.0004,1.0005,11487.0
1774588500000,1.0005,1.0005,1.0004,1.0005,7788.0
1774588800000,1.0005,1.0005,1.0004,1.0005,16614.0
1774589100000,1.0004,1.0005,1.0004,1.0005,38413.0
1774589400000,1.0004,1.0005,1.0004,1.0005,16401.0
1774589700000,1.0005,1.0005,1.0004,1.0004,18317.0
1774590000000,1.0005,1.0005,1.0004,1.0004,36540.0
1774590300000,1.0004,1.0005,1.0004,1.0005,6398.0
1774590600000,1.0005,1.0005,1.0004,1.0005,88463.0
1774590900000,1.0005,1.0005,1.0004,1.0004,55719.0
1774591200000,1.0004,1.0005,1.0004,1.0004,48463.0
1774591500000,1.0004,1.0005,1.0004,1.0004,36163.0
1774591800000,1.0004,1.0005,1.0004,1.0004,59979.0
1774592100000,1.0004,1.0005,1.0004,1.0004,26277.0
1774592400000,1.0005,1.0005,1.0004,1.0004,37874.0
1774592700000,1.0004,1.0005,1.0004,1.0004,46468.0
1774593000000,1.0005,1.0005,1.0004,1.0004,30763.0
1774593300000,1.0004,1.0005,1.0004,1.0004,28978.0
1774593600000,1.0004,1.0005,1.0004,1.0004,15211.0
1774593900000,1.0004,1.0005,1.0004,1.0004,37540.0
1774594200000,1.0004,1.0005,1.0004,1.0004,55221.0
1774594500000,1.0005,1.0005,1.0004,1.0004,62387.0
1774594800000,1.0005,1.0005,1.0004,1.0004,15228.0
1774595100000,1.0004,1.0005,1.0004,1.0005,24789.0
1774595400000,1.0005,1.0005,1.0004,1.0004,62423.0
1774595700000,1.0005,1.0005,1.0004,1.0004,31106.0
1774596000000,1.0005,1.0005,1.0004,1.0005,84465.0
1774596300000,1.0005,1.0005,1.0004,1.0005,78344.0
1774596600000,1.0005,1.0005,1.0004,1.0005,296542.0
1774596900000,1.0005,1.0005,1.0004,1.0005,25381.0
1774597200000,1.0005,1.0005,1.0004,1.0005,46833.0
1774597500000,1.0004,1.0005,1.0004,1.0004,37004.0
1774597800000,1.0004,1.0005,1.0004,1.0005,18927.0
1774598100000,1.0005,1.0005,1.0004,1.0005,39421.0
1774598400000,1.0005,1.0005,1.0004,1.0004,16156.0
1774598700000,1.0005,1.0005,1.0004,1.0005,66477.0
1774599000000,1.0005,1.0005,1.0004,1.0004,130421.0
1774599300000,1.0004,1.0005,1.0004,1.0005,127229.0
1774599600000,1.0005,1.0005,1.0003,1.0003,427523.0
1774599900000,1.0004,1.0004,1.0003,1.0003,22347.0
1774600200000,1.0004,1.0004,1.0003,1.0004,25271.0
1774600500000,1.0003,1.0004,1.0003,1.0003,87316.0
1774600800000,1.0003,1.0004,1.0003,1.0004,42466.0
1774601100000,1.0004,1.0004,1.0003,1.0003,10416.0
1774601400000,1.0003,1.0004,1.0003,1.0003,35996.0
1774601700000,1.0004,1.0004,1.0003,1.0003,51382.0
1774602000000,1.0003,1.0004,1.0003,1.0004,36889.0
1774602300000,1.0004,1.0004,1.0003,1.0004,19073.0
1774602600000,1.0004,1.0004,1.0003,1.0004,34629.0
1774602900000,1.0003,1.0004,1.0003,1.0004,56110.0
1774603200000,1.0003,1.0004,1.0003,1.0004,63642.0
1774603500000,1.0004,1.0004,1.0003,1.0004,70060.0
1774603800000,1.0003,1.0004,1.0003,1.0004,11394.0
1774604100000,1.0003,1.0004,1.0003,1.0004,14609.0
1774604400000,1.0004,1.0004,1.0003,1.0003,11909.0
1774604700000,1.0004,1.0004,1.0003,1.0004,12017.0
1774605000000,1.0004,1.0004,1.0003,1.0004,26714.0
1774605300000,1.0003,1.0004,1.0003,1.0003,20418.0
1774605600000,1.0003,1.0004,1.0003,1.0004,13128.0
1774605900000,1.0004,1.0004,1.0003,1.0003,27013.0
1774606200000,1.0003,1.0005,1.0003,1.0004,107669.0
1774606500000,1.0004,1.0005,1.0004,1.0005,9646.0
1774606800000,1.0005,1.0005,1.0004,1.0005,43693.0
1774607100000,1.0004,1.0005,1.0004,1.0005,47007.0
1774607400000,1.0005,1.0005,1.0004,1.0004,39901.0
1774607700000,1.0005,1.0005,1.0004,1.0005,100205.0
1774608000000,1.0005,1.0005,1.0003,1.0004,179208.0
1774608300000,1.0004,1.0004,1.0003,1.0003,52079.0
1774608600000,1.0003,1.0004,1.0003,1.0004,42951.0
1774608900000,1.0003,1.0004,1.0003,1.0003,184356.0
1774609200000,1.0004,1.0004,1.0003,1.0004,34649.0
1774609500000,1.0003,1.0005,1.0003,1.0004,105966.0
1774609800000,1.0004,1.0005,1.0004,1.0004,34635.0
1774610100000,1.0005,1.0005,1.0004,1.0005,71834.0
1774610400000,1.0004,1.0005,1.0004,1.0004,21953.0
1774610700000,1.0005,1.0005,1.0004,1.0005,73015.0
1774611000000,1.0004,1.0005,1.0004,1.0004,75829.0
1774611300000,1.0005,1.0005,1.0004,1.0005,52920.0
1774611600000,1.0004,1.0005,1.0004,1.0005,101281.0
1774611900000,1.0004,1.0005,1.0004,1.0004,43323.0
1774612200000,1.0004,1.0005,1.0004,1.0004,21425.0
1774612500000,1.0005,1.0005,1.0004,1.0004,57795.0
1774612800000,1.0005,1.0005,1.0004,1.0004,31092.0
1774613100000,1.0004,1.0005,1.0004,1.0005,33165.0
1774613400000,1.0005,1.0005,1.0003,1.0003,130039.0
1774613700000,1.0004,1.0004,1.0003,1.0004,45132.0
1774614000000,1.0003,1.0004,1.0003,1.0003,7788.0
1774614300000,1.0003,1.0004,1.0003,1.0003,53259.0
1774614600000,1.0003,1.0004,1.0003,1.0003,134751.0
1774614900000,1.0004,1.0004,1.0003,1.0003,44352.0
1774615200000,1.0004,1.0004,1.0003,1.0003,12790.0
1774615500000,1.0004,1.0004,1.0003,1.0004,21523.0
1774615800000,1.0004,1.0004,1.0003,1.0004,61562.0
1774616100000,1.0004,1.0004,1.0003,1.0004,34218.0
1774616400000,1.0004,1.0004,1.0003,1.0004,32132.0
1774616700000,1.0004,1.0004,1.0003,1.0004,28212.0
1774617000000,1.0004,1.0004,1.0003,1.0003,66928.0
1774617300000,1.0004,1.0004,1.0003,1.0004,33915.0
1774617600000,1.0004,1.0004,1.0003,1.0004,25471.0
1774617900000,1.0003,1.0004,1.0003,1.0003,42120.0
1774618200000,1.0004,1.0004,1.0003,1.0004,76579.0
1774618500000,1.0004,1.0004,1.0003,1.0004,47592.0
1774618800000,1.0004,1.0004,1.0003,1.0004,73350.0
1774619100000,1.0004,1.0004,1.0003,1.0004,27460.0
1774619400000,1.0003,1.0004,1.0003,1.0004,54809.0
1774619700000,1.0003,1.0004,1.0003,1.0003,84646.0
1774620000000,1.0003,1.0004,1.0003,1.0004,95359.0
1774620300000,1.0003,1.0004,1.0003,1.0003,30163.0
1774620600000,1.0004,1.0004,1.0003,1.0003,119774.0
1774620900000,1.0004,1.0004,1.0003,1.0003,73662.0
1774621200000,1.0003,1.0004,1.0003,1.0004,142650.0
1774621500000,1.0004,1.0004,1.0003,1.0003,73870.0
1774621800000,1.0003,1.0004,1.0003,1.0003,85515.0
1774622100000,1.0004,1.0004,1.0003,1.0003,158997.0
1774622400000,1.0003,1.0004,1.0003,1.0004,65368.0
1774622700000,1.0003,1.0004,1.0003,1.0003,114235.0
1774623000000,1.0004,1.0004,1.0003,1.0004,66265.0
1774623300000,1.0004,1.0004,1.0003,1.0003,52470.0
1774623600000,1.0003,1.0004,1.0003,1.0004,35382.0
1774623900000,1.0004,1.0004,1.0003,1.0004,48879.0
1774624200000,1.0004,1.0004,1.0003,1.0003,38221.0
1774624500000,1.0004,1.0004,1.0003,1.0004,21892.0
1774624800000,1.0003,1.0004,1.0003,1.0004,48081.0
1774625100000,1.0004,1.0004,1.0003,1.0004,9334.0
1774625400000,1.0004,1.0004,1.0003,1.0003,27877.0
1774625700000,1.0004,1.0004,1.0003,1.0003,38251.0
1774626000000,1.0003,1.0004,1.0003,1.0004,48170.0
1774626300000,1.0003,1.0004,1.0003,1.0003,67063.0
1774626600000,1.0004,1.0004,1.0003,1.0004,29910.0
1774626900000,1.0004,1.0004,1.0003,1.0004,53674.0
1774627200000,1.0003,1.0004,1.0003,1.0004,42262.0
1774627500000,1.0004,1.0004,1.0003,1.0004,59466.0
1774627800000,1.0004,1.0004,1.0003,1.0004,36446.0
1774628100000,1.0004,1.0004,1.0003,1.0004,57812.0
1774628400000,1.0003,1.0004,1.0003,1.0004,9295.0
1774628700000,1.0004,1.0004,1.0003,1.0004,181662.0
1774629000000,1.0004,1.0004,1.0003,1.0004,26370.0
1774629300000,1.0004,1.0004,1.0003,1.0004,21557.0
1774629600000,1.0003,1.0004,1.0003,1.0003,62114.0
1774629900000,1.0003,1.0004,1.0003,1.0003,116808.0
1774630200000,1.0004,1.0004,1.0003,1.0004,32648.0
1774630500000,1.0003,1.0004,1.0003,1.0003,15383.0
1774630800000,1.0004,1.0004,1.0003,1.0004,35990.0
1774631100000,1.0004,1.0004,1.0003,1.0003,20223.0
1774631400000,1.0003,1.0004,1.0003,1.0004,76464.0
1774631700000,1.0004,1.0004,1.0003,1.0004,29683.0
1774632000000,1.0003,1.0004,1.0003,1.0004,11307.0
1774632300000,1.0004,1.0005,1.0003,1.0005,19759.0
1774632600000,1.0004,1.0005,1.0004,1.0005,21004.0
1774632900000,1.0005,1.0005,1.0003,1.0005,100031.0
1774633200000,1.0005,1.0005,1.0003,1.0003,21605.0
1774633500000,1.0003,1.0004,1.0003,1.0003,11754.0
1774633800000,1.0004,1.0004,1.0003,1.0004,14908.0
1774634100000,1.0003,1.0004,1.0003,1.0003,7207.0
1774634400000,1.0004,1.0004,1.0003,1.0003,9188.0
1774634700000,1.0004,1.0005,1.0003,1.0005,48629.0
1774635000000,1.0004,1.0005,1.0004,1.0004,15493.0
1774635300000,1.0005,1.0005,1.0004,1.0005,46242.0
1774635600000,1.0004,1.0006,1.0004,1.0006,204423.0
1774635900000,1.0005,1.0005,1.0005,1.0005,4987.0
1774636200000,1.0004,1.0005,1.0004,1.0005,23471.0
1774636500000,1.0004,1.0005,1.0004,1.0005,77701.0
1774636800000,1.0005,1.0005,1.0004,1.0005,7313.0
1774637100000,1.0005,1.0005,1.0004,1.0005,9565.0
1774637400000,1.0005,1.0005,1.0004,1.0005,747.0
1774637700000,1.0005,1.0005,1.0004,1.0005,6777.0
1774638000000,1.0005,1.0005,1.0004,1.0005,514.0
1774638300000,1.0004,1.0005,1.0004,1.0004,3015.0
1774638600000,1.0004,1.0005,1.0004,1.0005,14910.0
1774638900000,1.0004,1.0005,1.0004,1.0004,11086.0
1774639200000,1.0005,1.0005,1.0004,1.0005,11226.0
1774639500000,1.0005,1.0005,1.0004,1.0005,3166.0
1774639800000,1.0004,1.0005,1.0004,1.0005,11764.0
1774640100000,1.0004,1.0005,1.0004,1.0004,31666.0
1774640400000,1.0004,1.0005,1.0004,1.0005,1145.0
1774640700000,1.0005,1.0005,1.0004,1.0005,4275.0
1774641000000,1.0005,1.0005,1.0004,1.0005,20866.0
1774641300000,1.0005,1.0005,1.0004,1.0004,3280.0
1774641600000,1.0005,1.0005,1.0004,1.0005,3150.0
1774641900000,1.0005,1.0005,1.0004,1.0004,30997.0
1774642200000,1.0004,1.0005,1.0004,1.0005,581.0
1774642500000,1.0005,1.0005,1.0004,1.0005,2759.0
1774642800000,1.0004,1.0005,1.0004,1.0004,10975.0
1774643100000,1.0004,1.0005,1.0004,1.0004,15066.0
1774643400000,1.0004,1.0005,1.0004,1.0005,762.0
1774643700000,1.0005,1.0005,1.0004,1.0005,10155.0
1774644000000,1.0005,1.0006,1.0004,1.0006,126749.0
1774644300000,1.0006,1.0006,1.0005,1.0005,40355.0
1774644600000,1.0005,1.0006,1.0005,1.0006,141632.0
1774644900000,1.0006,1.0006,1.0005,1.0006,123735.0
1774645200000,1.0006,1.0006,1.0005,1.0005,40833.0
1774645500000,1.0005,1.0005,1.0005,1.0005,2525.0
1774645800000,1.0006,1.0006,1.0005,1.0005,21.0
1774646100000,1.0006,1.0006,1.0005,1.0006,2809.0
1774646400000,1.0005,1.0006,1.0005,1.0006,446.0
1774646700000,1.0006,1.0006,1.0005,1.0006,20076.0
1774647000000,1.0006,1.0007,1.0005,1.0006,139890.0
1774647300000,1.0006,1.0006,1.0006,1.0006,9274.0
1774647600000,1.0006,1.0006,1.0005,1.0006,2537.0
1774647900000,1.0006,1.0006,1.0006,1.0006,20065.0
1774648200000,1.0005,1.0006,1.0005,1.0006,6099.0
1774648500000,1.0006,1.0006,1.0005,1.0006,394.0
1774648800000,1.0006,1.0006,1.0005,1.0006,23000.0
1774649100000,1.0005,1.0006,1.0005,1.0005,5323.0
1774649400000,1.0005,1.0006,1.0005,1.0006,124.0
1774649700000,1.0006,1.0006,1.0006,1.0006,20081.0
1774650000000,1.0006,1.0006,1.0005,1.0005,4918.0
1774650300000,1.0005,1.0005,1.0005,1.0005,6104.0
1774650600000,1.0006,1.0006,1.0005,1.0005,616.0
1774650900000,1.0006,1.0006,1.0005,1.0006,7407.0
1774651200000,1.0005,1.0006,1.0005,1.0006,1393.0
1774651500000,1.0006,1.0006,1.0005,1.0005,394.0
1774651800000,1.0006,1.0006,1.0005,1.0006,3547.0
1774652100000,1.0006,1.0006,1.0005,1.0006,297.0
1774652400000,1.0005,1.0006,1.0005,1.0006,12396.0
1774652700000,1.0006,1.0006,1.0005,1.0006,2323.0
1774653000000,1.0006,1.0006,1.0005,1.0005,25153.0
1774653300000,1.0006,1.0006,1.0005,1.0005,12497.0
1774653600000,1.0006,1.0006,1.0005,1.0006,11560.0
1774653900000,1.0006,1.0006,1.0005,1.0005,8424.0
1774654200000,1.0005,1.0006,1.0005,1.0006,25431.0
1774654500000,1.0006,1.0006,1.0005,1.0006,20769.0
1774654800000,1.0006,1.0006,1.0005,1.0006,7082.0
1774655100000,1.0006,1.0006,1.0005,1.0006,12014.0
1774655400000,1.0006,1.0006,1.0005,1.0006,51864.0
1774655700000,1.0006,1.0006,1.0005,1.0006,225425.0
1774656000000,1.0006,1.0006,1.0005,1.0006,18479.0
1774656300000,1.0005,1.0006,1.0005,1.0005,10952.0
1774656600000,1.0005,1.0005,1.0004,1.0004,195330.0
1774656900000,1.0004,1.0005,1.0004,1.0004,24488.0
1774657200000,1.0004,1.0005,1.0004,1.0005,50626.0
1774657500000,1.0005,1.0005,1.0004,1.0005,323075.0
1774657800000,1.0005,1.0005,1.0004,1.0005,3319.0
1774658100000,1.0004,1.0005,1.0004,1.0005,15234.0
1774658400000,1.0004,1.0005,1.0004,1.0005,5899.0
1774658700000,1.0004,1.0005,1.0004,1.0005,690.0
1774659000000,1.0005,1.0005,1.0004,1.0005,39813.0
1774659300000,1.0004,1.0005,1.0004,1.0005,1377.0
1774659600000,1.0004,1.0005,1.0004,1.0005,6033.0
1774659900000,1.0005,1.0005,1.0004,1.0005,8357.0
1774660200000,1.0004,1.0005,1.0004,1.0004,6875.0
1774660500000,1.0005,1.0005,1.0004,1.0005,18618.0
1774660800000,1.0005,1.0005,1.0004,1.0005,50368.0
1774661100000,1.0004,1.0005,1.0004,1.0004,34540.0
1774661400000,1.0005,1.0005,1.0004,1.0005,24193.0
1774661700000,1.0005,1.0005,1.0004,1.0004,17833.0
1774662000000,1.0004,1.0005,1.0004,1.0005,13350.0
1774662300000,1.0005,1.0005,1.0004,1.0004,11764.0
1774662600000,1.0004,1.0005,1.0004,1.0004,16576.0
1774662900000,1.0005,1.0005,1.0004,1.0004,10242.0
1774663200000,1.0005,1.0005,1.0004,1.0004,3719.0
1774663500000,1.0004,1.0005,1.0004,1.0004,7676.0
1774663800000,1.0005,1.0005,1.0004,1.0005,21753.0
1774664100000,1.0005,1.0005,1.0004,1.0005,16457.0
1774664400000,1.0004,1.0005,1.0004,1.0004,5322.0
1774664700000,1.0005,1.0005,1.0004,1.0005,11324.0
1774665000000,1.0005,1.0005,1.0004,1.0005,9816.0
1774665300000,1.0004,1.0005,1.0004,1.0004,21792.0
1774665600000,1.0004,1.0005,1.0004,1.0005,22721.0
1774665900000,1.0005,1.0005,1.0004,1.0005,48084.0
1774666200000,1.0004,1.0005,1.0004,1.0004,54607.0
1774666500000,1.0004,1.0005,1.0004,1.0005,38130.0
1774666800000,1.0004,1.0005,1.0004,1.0005,3193.0
1774667100000,1.0004,1.0005,1.0004,1.0005,64948.0
1774667400000,1.0004,1.0005,1.0004,1.0004,16879.0
1774667700000,1.0004,1.0006,1.0004,1.0005,118760.0
1774668000000,1.0006,1.0006,1.0004,1.0004,106093.0
1774668300000,1.0004,1.0006,1.0004,1.0006,110905.0
1774668600000,1.0006,1.0006,1.0005,1.0005,13328.0
1774668900000,1.0005,1.0006,1.0005,1.0006,842.0
1774669200000,1.0005,1.0006,1.0005,1.0005,5368.0
1774669500000,1.0005,1.0006,1.0005,1.0006,7193.0
1774669800000,1.0005,1.0006,1.0005,1.0005,21262.0
1774670100000,1.0005,1.0006,1.0005,1.0006,13429.0
1774670400000,1.0006,1.0006,1.0005,1.0006,51026.0
1774670700000,1.0006,1.0006,1.0005,1.0006,25040.0
1774671000000,1.0006,1.0006,1.0005,1.0005,21312.0
1774671300000,1.0006,1.0006,1.0005,1.0005,17785.0
1774671600000,1.0006,1.0006,1.0005,1.0005,12877.0
1774671900000,1.0005,1.0006,1.0005,1.0006,25979.0
1774672200000,1.0006,1.0006,1.0005,1.0006,16474.0
1774672500000,1.0005,1.0006,1.0005,1.0006,3924.0
1774672800000,1.0006,1.0006,1.0005,1.0005,82275.0
1774673100000,1.0005,1.0006,1.0004,1.0005,83274.0
1774673400000,1.0006,1.0006,1.0005,1.0005,54753.0
1774673700000,1.0006,1.0006,1.0005,1.0005,77133.0
1774674000000,1.0005,1.0005,1.0004,1.0004,27729.0
1774674300000,1.0004,1.0005,1.0004,1.0005,31342.0
1774674600000,1.0005,1.0005,1.0004,1.0004,22803.0
1774674900000,1.0004,1.0005,1.0004,1.0005,47731.0
1774675200000,1.0005,1.0005,1.0004,1.0004,4878.0
1774675500000,1.0004,1.0005,1.0004,1.0005,6860.0
1774675800000,1.0005,1.0005,1.0004,1.0005,19333.0
1774676100000,1.0005,1.0005,1.0004,1.0005,5292.0
1774676400000,1.0004,1.0005,1.0004,1.0005,16432.0
1774676700000,1.0005,1.0005,1.0004,1.0004,22101.0
1774677000000,1.0004,1.0005,1.0004,1.0004,21720.0
1774677300000,1.0004,1.0005,1.0004,1.0004,9963.0
1774677600000,1.0005,1.0006,1.0005,1.0005,41347.0
1774677900000,1.0004,1.0005,1.0004,1.0004,68284.0
1774678200000,1.0005,1.0005,1.0004,1.0004,5661.0
1774678500000,1.0004,1.0005,1.0004,1.0005,25005.0
1774678800000,1.0004,1.0006,1.0004,1.0005,48411.0
1774679100000,1.0006,1.0006,1.0004,1.0004,49644.0
1774679400000,1.0004,1.0005,1.0004,1.0004,10536.0
1774679700000,1.0004,1.0005,1.0004,1.0004,7910.0
1774680000000,1.0004,1.0005,1.0004,1.0005,42132.0
1774680300000,1.0004,1.0005,1.0004,1.0005,1271.0
1774680600000,1.0004,1.0005,1.0004,1.0004,5209.0
1774680900000,1.0005,1.0005,1.0004,1.0004,8625.0
1774681200000,1.0004,1.0005,1.0004,1.0004,14969.0
1774681500000,1.0005,1.0005,1.0004,1.0004,32282.0
1774681800000,1.0004,1.0005,1.0004,1.0004,12566.0
1774682100000,1.0004,1.0005,1.0004,1.0005,24004.0
1774682400000,1.0005,1.0006,1.0005,1.0006,27202.0
1774682700000,1.0005,1.0006,1.0004,1.0005,51929.0
1774683000000,1.0006,1.0006,1.0005,1.0005,32069.0
1774683300000,1.0005,1.0006,1.0004,1.0005,83316.0
1774683600000,1.0005,1.0006,1.0005,1.0006,18551.0
1774683900000,1.0005,1.0006,1.0005,1.0005,929.0
1774684200000,1.0005,1.0006,1.0005,1.0005,4111.0
1774684500000,1.0006,1.0006,1.0005,1.0006,11248.0
1774684800000,1.0005,1.0006,1.0005,1.0005,62245.0
1774685100000,1.0006,1.0006,1.0005,1.0005,9439.0
1774685400000,1.0006,1.0006,1.0005,1.0006,5193.0
1774685700000,1.0006,1.0006,1.0005,1.0006,10726.0
1774686000000,1.0006,1.0006,1.0005,1.0005,10335.0
1774686300000,1.0005,1.0006,1.0005,1.0006,12626.0
1774686600000,1.0006,1.0006,1.0005,1.0006,9675.0
1774686900000,1.0006,1.0006,1.0005,1.0006,17843.0
1774687200000,1.0006,1.0006,1.0005,1.0006,17293.0
1774687500000,1.0006,1.0006,1.0005,1.0005,4111.0
1774687800000,1.0006,1.0006,1.0005,1.0006,35187.0
1774688100000,1.0005,1.0006,1.0005,1.0005,12230.0
1774688400000,1.0005,1.0006,1.0004,1.0004,20865.0
1774688700000,1.0005,1.0005,1.0004,1.0005,19600.0
1774689000000,1.0004,1.0005,1.0004,1.0005,168830.0
1774689300000,1.0004,1.0005,1.0004,1.0005,4652.0
1774689600000,1.0004,1.0005,1.0004,1.0004,22816.0
1774689900000,1.0005,1.0005,1.0004,1.0004,18841.0
1774690200000,1.0005,1.0005,1.0004,1.0004,6653.0
1774690500000,1.0004,1.0005,1.0004,1.0004,79212.0
1774690800000,1.0004,1.0005,1.0004,1.0004,5721.0
1774691100000,1.0005,1.0005,1.0004,1.0005,14697.0
1774691400000,1.0004,1.0005,1.0004,1.0004,23361.0
1774691700000,1.0005,1.0005,1.0004,1.0004,8939.0
1774692000000,1.0004,1.0005,1.0004,1.0004,7523.0
1774692300000,1.0005,1.0005,1.0004,1.0005,41089.0
1774692600000,1.0005,1.0005,1.0004,1.0005,7060.0
1774692900000,1.0005,1.0005,1.0004,1.0005,10687.0
1774693200000,1.0004,1.0005,1.0004,1.0004,17877.0
1774693500000,1.0004,1.0005,1.0004,1.0005,2392.0
1774693800000,1.0004,1.0005,1.0004,1.0005,18973.0
1774694100000,1.0005,1.0005,1.0004,1.0004,8915.0
1774694400000,1.0005,1.0005,1.0004,1.0005,21172.0
1774694700000,1.0004,1.0005,1.0004,1.0004,18014.0
1774695000000,1.0005,1.0005,1.0004,1.0004,13161.0
1774695300000,1.0004,1.0005,1.0004,1.0004,12599.0
1774695600000,1.0005,1.0005,1.0004,1.0004,13846.0
1774695900000,1.0005,1.0005,1.0004,1.0004,3988.0
1774696200000,1.0004,1.0005,1.0004,1.0004,4579.0
1774696500000,1.0005,1.0005,1.0004,1.0004,15264.0
1774696800000,1.0005,1.0005,1.0004,1.0004,13493.0
1774697100000,1.0005,1.0005,1.0004,1.0004,11610.0
1774697400000,1.0005,1.0005,1.0004,1.0004,14571.0
1774697700000,1.0004,1.0005,1.0004,1.0004,16339.0
1774698000000,1.0004,1.0005,1.0004,1.0004,26510.0
1774698300000,1.0004,1.0005,1.0004,1.0004,10420.0
1774698600000,1.0005,1.0005,1.0004,1.0005,4355.0
1774698900000,1.0005,1.0005,1.0004,1.0004,17714.0
1774699200000,1.0005,1.0005,1.0004,1.0004,40558.0
1774699500000,1.0004,1.0005,1.0004,1.0004,4717.0
1774699800000,1.0004,1.0005,1.0004,1.0004,2636.0
1774700100000,1.0005,1.0005,1.0004,1.0005,24256.0
1774700400000,1.0005,1.0005,1.0004,1.0005,4922.0
1774700700000,1.0004,1.0005,1.0004,1.0004,7286.0
1774701000000,1.0005,1.0005,1.0004,1.0005,17621.0
1774701300000,1.0005,1.0005,1.0004,1.0004,15722.0
1774701600000,1.0004,1.0005,1.0004,1.0005,4209.0
1774701900000,1.0004,1.0005,1.0004,1.0005,56258.0
1774702200000,1.0005,1.0005,1.0004,1.0004,18181.0
1774702500000,1.0004,1.0005,1.0004,1.0005,102233.0
1774702800000,1.0005,1.0005,1.0004,1.0004,48813.0
1774703100000,1.0005,1.0005,1.0004,1.0005,38036.0
1774703400000,1.0005,1.0006,1.0004,1.0006,70718.0
1774703700000,1.0005,1.0006,1.0005,1.0005,21516.0
1774704000000,1.0005,1.0006,1.0005,1.0006,112574.0
1774704300000,1.0005,1.0006,1.0005,1.0006,10303.0
1774704600000,1.0006,1.0006,1.0005,1.0006,12234.0
1774704900000,1.0006,1.0006,1.0005,1.0005,3677.0
1774705200000,1.0006,1.0006,1.0004,1.0005,143848.0
1774705500000,1.0005,1.0005,1.0004,1.0005,39766.0
1774705800000,1.0004,1.0005,1.0004,1.0004,13070.0
1774706100000,1.0004,1.0005,1.0004,1.0004,17994.0
1774706400000,1.0005,1.0005,1.0004,1.0004,22921.0
1774706700000,1.0004,1.0005,1.0004,1.0004,18617.0
1774707000000,1.0005,1.0005,1.0004,1.0004,27401.0
1774707300000,1.0005,1.0005,1.0004,1.0005,32233.0
1774707600000,1.0004,1.0006,1.0004,1.0006,9991.0
1774707900000,1.0005,1.0006,1.0005,1.0005,37956.0
1774708200000,1.0006,1.0006,1.0005,1.0006,39693.0
1774708500000,1.0006,1.0006,1.0005,1.0006,4846.0
1774708800000,1.0006,1.0006,1.0005,1.0006,50107.0
1774709100000,1.0006,1.0006,1.0005,1.0006,10583.0
1774709400000,1.0006,1.0006,1.0005,1.0006,31006.0
1774709700000,1.0005,1.0006,1.0005,1.0005,27471.0
1774710000000,1.0006,1.0006,1.0005,1.0005,10082.0
1774710300000,1.0006,1.0006,1.0005,1.0006,15455.0
1774710600000,1.0005,1.0006,1.0005,1.0005,23359.0
1774710900000,1.0005,1.0006,1.0005,1.0005,26322.0
1774711200000,1.0006,1.0006,1.0005,1.0005,87205.0
1774711500000,1.0006,1.0006,1.0005,1.0005,10302.0
1774711800000,1.0005,1.0006,1.0005,1.0005,3266.0
1774712100000,1.0006,1.0006,1.0005,1.0005,17463.0
1774712400000,1.0006,1.0006,1.0004,1.0006,67176.0
1774712700000,1.0005,1.0006,1.0005,1.0005,9215.0
1774713000000,1.0006,1.0006,1.0005,1.0006,11770.0
1774713300000,1.0005,1.0006,1.0005,1.0005,10820.0
1774713600000,1.0006,1.0006,1.0005,1.0005,1512.0
1774713900000,1.0005,1.0006,1.0004,1.0005,39511.0
1774714200000,1.0006,1.0006,1.0005,1.0006,34358.0
1774714500000,1.0005,1.0006,1.0005,1.0005,11236.0
1774714800000,1.0005,1.0006,1.0004,1.0005,26602.0
1774715100000,1.0005,1.0005,1.0004,1.0005,6468.0
1774715400000,1.0004,1.0005,1.0004,1.0004,18617.0
1774715700000,1.0005,1.0005,1.0004,1.0005,38895.0
1774716000000,1.0005,1.0006,1.0005,1.0005,28887.0
1774716300000,1.0006,1.0006,1.0005,1.0005,3729.0
1774716600000,1.0006,1.0006,1.0005,1.0006,4293.0
1774716900000,1.0006,1.0006,1.0005,1.0005,28895.0
1774717200000,1.0006,1.0006,1.0005,1.0006,19751.0
1774717500000,1.0006,1.0006,1.0005,1.0006,29260.0
1774717800000,1.0006,1.0006,1.0005,1.0006,9082.0
1774718100000,1.0006,1.0006,1.0005,1.0006,3150.0
1774718400000,1.0006,1.0006,1.0005,1.0005,60522.0
1774718700000,1.0005,1.0006,1.0005,1.0006,88.0
1774719000000,1.0005,1.0006,1.0005,1.0005,52851.0
1774719300000,1.0006,1.0006,1.0005,1.0006,957.0
1774719600000,1.0005,1.0006,1.0005,1.0005,449.0
1774719900000,1.0005,1.0006,1.0005,1.0005,1310.0
1774720200000,1.0006,1.0006,1.0004,1.0004,53562.0
1774720500000,1.0005,1.0006,1.0005,1.0005,3891.0
1774720800000,1.0005,1.0006,1.0005,1.0005,866.0
1774721100000,1.0006,1.0006,1.0005,1.0006,848.0
1774721400000,1.0005,1.0006,1.0005,1.0005,1677.0
1774721700000,1.0005,1.0006,1.0005,1.0006,6716.0
1774722000000,1.0006,1.0006,1.0005,1.0006,1236.0
1774722300000,1.0006,1.0006,1.0005,1.0006,8598.0
1774722600000,1.0006,1.0006,1.0005,1.0006,1481.0
1774722900000,1.0005,1.0006,1.0005,1.0006,1240.0
1774723200000,1.0005,1.0006,1.0005,1.0006,2082.0
1774723500000,1.0006,1.0006,1.0005,1.0006,12613.0
1774723800000,1.0005,1.0006,1.0005,1.0005,12366.0
1774724100000,1.0005,1.0006,1.0005,1.0005,1265.0
1774724400000,1.0006,1.0006,1.0005,1.0005,5839.0
1774724700000,1.0005,1.0006,1.0005,1.0005,9577.0
1774725000000,1.0005,1.0006,1.0005,1.0006,63719.0
1774725300000,1.0005,1.0006,1.0005,1.0006,335.0
1774725600000,1.0006,1.0006,1.0005,1.0006,21700.0
1774725900000,1.0005,1.0006,1.0005,1.0005,17122.0
1774726200000,1.0005,1.0006,1.0005,1.0006,1309.0
1774726500000,1.0006,1.0006,1.0005,1.0006,5812.0
1774726800000,1.0006,1.0006,1.0005,1.0006,1636.0
1774727100000,1.0006,1.0006,1.0005,1.0006,1198.0
1774727400000,1.0006,1.0006,1.0005,1.0006,21383.0
1774727700000,1.0006,1.0006,1.0005,1.0005,26096.0
1774728000000,1.0006,1.0006,1.0005,1.0006,1452.0
1774728300000,1.0006,1.0006,1.0005,1.0006,3547.0
1774728600000,1.0006,1.0006,1.0006,1.0006,1351.0
1774728900000,1.0006,1.0006,1.0005,1.0006,33075.0
1774729200000,1.0006,1.0006,1.0005,1.0006,4808.0
1774729500000,1.0006,1.0006,1.0005,1.0006,25383.0
1774729800000,1.0006,1.0006,1.0005,1.0006,2246.0
1774730100000,1.0006,1.0006,1.0005,1.0006,11004.0
1774730400000,1.0005,1.0005,1.0005,1.0005,502.0
1774730700000,1.0006,1.0006,1.0006,1.0006,500.0
1774731000000,1.0006,1.0006,1.0005,1.0005,2551.0
1774731300000,1.0005,1.0006,1.0005,1.0005,1648.0
1774731600000,1.0006,1.0006,1.0005,1.0006,1094.0
1774731900000,1.0006,1.0006,1.0005,1.0005,8724.0
1774732200000,1.0006,1.0006,1.0005,1.0005,5504.0
1774732500000,1.0006,1.0006,1.0006,1.0006,12344.0
1774732800000,1.0006,1.0006,1.0006,1.0006,919.0
1774733100000,1.0006,1.0006,1.0006,1.0006,2504.0
1774733400000,1.0005,1.0006,1.0005,1.0005,1258.0
1774733700000,1.0005,1.0006,1.0005,1.0006,4251.0
1774734000000,1.0005,1.0006,1.0005,1.0006,4269.0
1774734300000,1.0006,1.0006,1.0005,1.0006,353.0
1774734600000,1.0005,1.0006,1.0005,1.0006,7698.0
1774734900000,1.0006,1.0006,1.0005,1.0006,1564.0
1774735200000,1.0006,1.0006,1.0005,1.0006,1526.0
1774735500000,1.0006,1.0006,1.0005,1.0006,4198.0
1774735800000,1.0005,1.0006,1.0005,1.0006,5719.0
1774736100000,1.0005,1.0007,1.0005,1.0006,158199.0
1774736400000,1.0006,1.0006,1.0005,1.0006,12812.0
1774736700000,1.0006,1.0006,1.0005,1.0006,13089.0
1774737000000,1.0005,1.0005,1.0005,1.0005,774.0
1774737300000,1.0006,1.0006,1.0005,1.0005,5658.0
1774737600000,1.0006,1.0006,1.0005,1.0006,14338.0
1774737900000,1.0006,1.0006,1.0005,1.0005,313.0
1774738200000,1.0006,1.0006,1.0006,1.0006,922.0
1774738500000,1.0005,1.0006,1.0005,1.0006,11428.0
1774738800000,1.0005,1.0006,1.0005,1.0006,450.0
1774739100000,1.0006,1.0006,1.0005,1.0006,7694.0
1774739400000,1.0005,1.0006,1.0005,1.0006,73843.0
1774739700000,1.0005,1.0006,1.0005,1.0005,9383.0
1774740000000,1.0005,1.0006,1.0005,1.0005,3638.0
1774740300000,1.0006,1.0006,1.0005,1.0006,1076.0
1774740600000,1.0006,1.0006,1.0005,1.0006,20731.0
1774740900000,1.0006,1.0006,1.0005,1.0005,1022.0
1774741200000,1.0005,1.0006,1.0005,1.0005,30375.0
1774741500000,1.0005,1.0006,1.0005,1.0005,18290.0
1774741800000,1.0006,1.0006,1.0005,1.0005,4244.0
1774742100000,1.0006,1.0006,1.0005,1.0006,7312.0
1774742400000,1.0006,1.0006,1.0005,1.0005,26614.0
1774742700000,1.0005,1.0006,1.0005,1.0005,29531.0
1774743000000,1.0005,1.0006,1.0005,1.0006,3676.0
1774743300000,1.0006,1.0006,1.0005,1.0005,4180.0
1774743600000,1.0006,1.0006,1.0005,1.0005,11677.0
1774743900000,1.0006,1.0006,1.0005,1.0006,8081.0
1774744200000,1.0006,1.0006,1.0005,1.0006,1585.0
1774744500000,1.0006,1.0006,1.0005,1.0005,2012.0
1774744800000,1.0005,1.0006,1.0005,1.0005,7194.0
1774745100000,1.0006,1.0006,1.0005,1.0006,16783.0
1774745400000,1.0005,1.0006,1.0005,1.0006,7048.0
1774745700000,1.0005,1.0006,1.0005,1.0006,21083.0
1774746000000,1.0006,1.0006,1.0004,1.0004,36897.0
1774746300000,1.0005,1.0005,1.0004,1.0005,18679.0
1774746600000,1.0005,1.0005,1.0004,1.0004,21321.0
1774746900000,1.0005,1.0005,1.0004,1.0005,2337.0
1774747200000,1.0005,1.0005,1.0004,1.0005,19252.0
1774747500000,1.0005,1.0005,1.0004,1.0005,30513.0
1774747800000,1.0005,1.0005,1.0004,1.0004,17931.0
1774748100000,1.0005,1.0006,1.0004,1.0006,29253.0
1774748400000,1.0006,1.0006,1.0005,1.0005,13089.0
1774748700000,1.0005,1.0006,1.0005,1.0005,1806.0
1774749000000,1.0006,1.0006,1.0005,1.0005,2784.0
1774749300000,1.0005,1.0006,1.0005,1.0006,17671.0
1774749600000,1.0005,1.0006,1.0005,1.0005,7070.0
1774749900000,1.0006,1.0006,1.0005,1.0005,1813.0
1774750200000,1.0005,1.0005,1.0005,1.0005,11631.0
1774750500000,1.0006,1.0006,1.0005,1.0006,4264.0
1774750800000,1.0005,1.0006,1.0005,1.0005,16840.0
1774751100000,1.0005,1.0006,1.0005,1.0005,21730.0
1774751400000,1.0005,1.0006,1.0005,1.0006,25548.0
1774751700000,1.0005,1.0006,1.0005,1.0005,4152.0
1774752000000,1.0006,1.0006,1.0005,1.0006,8802.0
1774752300000,1.0005,1.0006,1.0005,1.0005,2506.0
1774752600000,1.0006,1.0006,1.0005,1.0005,25885.0
1774752900000,1.0006,1.0006,1.0005,1.0006,10090.0
1774753200000,1.0006,1.0006,1.0005,1.0006,1615.0
1774753500000,1.0006,1.0006,1.0005,1.0005,2062.0
1774753800000,1.0005,1.0006,1.0005,1.0006,1398.0
1774754100000,1.0006,1.0006,1.0005,1.0005,5081.0
1774754400000,1.0005,1.0006,1.0005,1.0006,21800.0
1774754700000,1.0006,1.0006,1.0005,1.0005,10524.0
1774755000000,1.0006,1.0006,1.0005,1.0005,38829.0
1774755300000,1.0006,1.0006,1.0005,1.0005,23320.0
1774755600000,1.0006,1.0006,1.0006,1.0006,829.0
1774755900000,1.0006,1.0006,1.0005,1.0006,10067.0
1774756200000,1.0006,1.0006,1.0005,1.0006,22590.0
1774756500000,1.0006,1.0006,1.0005,1.0006,18908.0
1774756800000,1.0006,1.0006,1.0005,1.0006,5053.0
1774757100000,1.0006,1.0006,1.0005,1.0006,10099.0
1774757400000,1.0005,1.0006,1.0005,1.0006,2289.0
1774757700000,1.0006,1.0006,1.0005,1.0005,21776.0
1774758000000,1.0006,1.0006,1.0005,1.0005,3713.0
1774758300000,1.0005,1.0006,1.0005,1.0006,30861.0
1774758600000,1.0005,1.0006,1.0005,1.0006,14761.0
1774758900000,1.0005,1.0006,1.0005,1.0006,2477.0
1774759200000,1.0006,1.0006,1.0005,1.0005,2874.0
1774759500000,1.0006,1.0006,1.0005,1.0005,2815.0
1774759800000,1.0006,1.0006,1.0005,1.0006,8958.0
1774760100000,1.0005,1.0006,1.0005,1.0005,7521.0
1774760400000,1.0006,1.0006,1.0005,1.0006,1587.0
1774760700000,1.0006,1.0006,1.0005,1.0006,11402.0
1774761000000,1.0006,1.0006,1.0005,1.0006,25282.0
1774761300000,1.0006,1.0006,1.0005,1.0006,5495.0
1774761600000,1.0006,1.0006,1.0005,1.0006,3458.0
1774761900000,1.0006,1.0006,1.0005,1.0006,38564.0
1774762200000,1.0006,1.0006,1.0005,1.0006,48433.0
1774762500000,1.0005,1.0006,1.0005,1.0006,32905.0
1774762800000,1.0005,1.0006,1.0005,1.0005,10529.0
1774763100000,1.0005,1.0006,1.0005,1.0006,38962.0
1774763400000,1.0006,1.0006,1.0005,1.0006,4376.0
1774763700000,1.0006,1.0007,1.0005,1.0006,156257.0
1774764000000,1.0007,1.0007,1.0005,1.0006,34973.0
1774764300000,1.0005,1.0006,1.0005,1.0006,37841.0
1774764600000,1.0006,1.0006,1.0005,1.0005,16312.0
1774764900000,1.0005,1.0006,1.0005,1.0005,7965.0
1774765200000,1.0005,1.0006,1.0005,1.0005,1521.0
1774765500000,1.0006,1.0006,1.0005,1.0006,20417.0
1774765800000,1.0006,1.0006,1.0005,1.0006,35875.0
1774766100000,1.0006,1.0006,1.0005,1.0005,36796.0
1774766400000,1.0006,1.0006,1.0005,1.0005,22318.0
1774766700000,1.0006,1.0006,1.0005,1.0005,42724.0
1774767000000,1.0006,1.0006,1.0005,1.0006,21626.0
1774767300000,1.0005,1.0006,1.0005,1.0005,3320.0
1774767600000,1.0005,1.0006,1.0005,1.0005,37580.0
1774767900000,1.0006,1.0006,1.0005,1.0006,2339.0
1774768200000,1.0006,1.0006,1.0005,1.0005,5539.0
1774768500000,1.0006,1.0006,1.0005,1.0005,13218.0
1774768800000,1.0006,1.0006,1.0005,1.0005,8348.0
1774769100000,1.0006,1.0006,1.0005,1.0005,28084.0
1774769400000,1.0005,1.0006,1.0005,1.0006,2306.0
1774769700000,1.0005,1.0006,1.0005,1.0006,28806.0
1774770000000,1.0006,1.0006,1.0005,1.0005,38716.0
1774770300000,1.0006,1.0006,1.0005,1.0006,8396.0
1774770600000,1.0006,1.0006,1.0005,1.0006,4586.0
1774770900000,1.0005,1.0006,1.0005,1.0006,97753.0
1774771200000,1.0005,1.0006,1.0005,1.0006,1978.0
1774771500000,1.0005,1.0006,1.0005,1.0005,34131.0
1774771800000,1.0005,1.0006,1.0005,1.0006,25272.0
1774772100000,1.0006,1.0006,1.0005,1.0005,9951.0
1774772400000,1.0005,1.0006,1.0005,1.0006,6325.0
1774772700000,1.0006,1.0006,1.0005,1.0005,9592.0
1774773000000,1.0005,1.0006,1.0005,1.0005,25331.0
1774773300000,1.0006,1.0006,1.0005,1.0005,2033.0
1774773600000,1.0006,1.0006,1.0005,1.0006,2316.0
1774773900000,1.0005,1.0006,1.0005,1.0005,6231.0
1774774200000,1.0006,1.0006,1.0005,1.0006,15934.0
1774774500000,1.0005,1.0006,1.0005,1.0005,25874.0
1774774800000,1.0005,1.0006,1.0005,1.0005,6348.0
1774775100000,1.0005,1.0006,1.0005,1.0005,10202.0
1774775400000,1.0005,1.0006,1.0005,1.0005,7466.0
1774775700000,1.0006,1.0006,1.0005,1.0005,39928.0
1774776000000,1.0005,1.0006,1.0005,1.0005,3734.0
1774776300000,1.0005,1.0006,1.0005,1.0006,8067.0
1774776600000,1.0006,1.0006,1.0005,1.0005,29166.0
1774776900000,1.0005,1.0006,1.0005,1.0005,12752.0
1774777200000,1.0005,1.0006,1.0005,1.0005,10735.0
1774777500000,1.0005,1.0006,1.0005,1.0005,10212.0
1774777800000,1.0005,1.0006,1.0005,1.0005,32212.0
1774778100000,1.0005,1.0006,1.0005,1.0006,19062.0
1774778400000,1.0005,1.0006,1.0005,1.0006,9142.0
1774778700000,1.0005,1.0006,1.0005,1.0005,9272.0
1774779000000,1.0006,1.0006,1.0005,1.0006,1652.0
1774779300000,1.0005,1.0006,1.0005,1.0006,37883.0
1774779600000,1.0005,1.0006,1.0005,1.0005,30814.0
1774779900000,1.0005,1.0006,1.0005,1.0005,31984.0
1774780200000,1.0005,1.0006,1.0005,1.0006,55439.0
1774780500000,1.0005,1.0006,1.0005,1.0006,26316.0
1774780800000,1.0006,1.0006,1.0005,1.0005,16858.0
1774781100000,1.0006,1.0006,1.0005,1.0005,1328.0
1774781400000,1.0005,1.0006,1.0005,1.0006,23193.0
1774781700000,1.0006,1.0006,1.0005,1.0006,24247.0
1774782000000,1.0006,1.0006,1.0005,1.0005,29865.0
1774782300000,1.0006,1.0006,1.0005,1.0006,80464.0
1774782600000,1.0006,1.0006,1.0005,1.0006,26237.0
1774782900000,1.0005,1.0006,1.0005,1.0006,21836.0
1774783200000,1.0006,1.0006,1.0005,1.0006,8935.0
1774783500000,1.0005,1.0006,1.0005,1.0006,172163.0
1774783800000,1.0006,1.0006,1.0005,1.0006,19311.0
1774784100000,1.0005,1.0006,1.0005,1.0005,57591.0
1774784400000,1.0006,1.0006,1.0005,1.0006,32163.0
1774784700000,1.0005,1.0006,1.0005,1.0006,41618.0
1774785000000,1.0006,1.0006,1.0005,1.0006,185.0
1774785300000,1.0006,1.0006,1.0005,1.0005,36133.0
1774785600000,1.0005,1.0006,1.0005,1.0006,42755.0
1774785900000,1.0005,1.0006,1.0005,1.0006,30769.0
1774786200000,1.0006,1.0006,1.0005,1.0005,45723.0
1774786500000,1.0005,1.0006,1.0005,1.0005,5576.0
1774786800000,1.0006,1.0006,1.0005,1.0006,6717.0
1774787100000,1.0006,1.0006,1.0005,1.0006,16257.0
1774787400000,1.0006,1.0006,1.0005,1.0005,47552.0
1774787700000,1.0005,1.0006,1.0005,1.0006,21007.0
1774788000000,1.0006,1.0006,1.0005,1.0006,49480.0
1774788300000,1.0006,1.0006,1.0005,1.0006,15279.0
1774788600000,1.0005,1.0006,1.0005,1.0006,4009.0
1774788900000,1.0006,1.0006,1.0005,1.0006,25717.0
1774789200000,1.0006,1.0006,1.0005,1.0006,12190.0
1774789500000,1.0005,1.0006,1.0005,1.0006,14702.0
1774789800000,1.0006,1.0006,1.0005,1.0006,10149.0
1774790100000,1.0006,1.0006,1.0005,1.0005,57507.0
1774790400000,1.0006,1.0006,1.0005,1.0005,24544.0
1774790700000,1.0006,1.0006,1.0005,1.0005,16620.0
1774791000000,1.0006,1.0006,1.0005,1.0005,41516.0
1774791300000,1.0005,1.0006,1.0005,1.0006,13447.0
1774791600000,1.0005,1.0006,1.0005,1.0005,46966.0
1774791900000,1.0006,1.0006,1.0005,1.0005,22830.0
1774792200000,1.0006,1.0006,1.0005,1.0006,6792.0
1774792500000,1.0005,1.0006,1.0005,1.0006,22653.0
1774792800000,1.0006,1.0006,1.0005,1.0005,14816.0
1774793100000,1.0005,1.0006,1.0005,1.0005,21058.0
1774793400000,1.0006,1.0006,1.0005,1.0006,47867.0
1774793700000,1.0005,1.0006,1.0005,1.0006,10322.0
1774794000000,1.0006,1.0007,1.0005,1.0006,126740.0
1774794300000,1.0006,1.0006,1.0005,1.0005,53545.0
1774794600000,1.0006,1.0007,1.0005,1.0005,47549.0
1774794900000,1.0006,1.0006,1.0005,1.0006,32937.0
1774795200000,1.0006,1.0007,1.0005,1.0006,31705.0
1774795500000,1.0006,1.0007,1.0005,1.0007,65814.0
1774795800000,1.0007,1.0007,1.0006,1.0007,12188.0
1774796100000,1.0006,1.0007,1.0006,1.0006,5156.0
1774796400000,1.0007,1.0007,1.0006,1.0006,27036.0
1774796700000,1.0007,1.0007,1.0006,1.0007,33856.0
1774797000000,1.0007,1.0007,1.0006,1.0007,8453.0
1774797300000,1.0007,1.0007,1.0006,1.0006,17807.0
1774797600000,1.0006,1.0007,1.0005,1.0007,70470.0
1774797900000,1.0006,1.0007,1.0005,1.0006,54473.0
1774798200000,1.0006,1.0007,1.0006,1.0006,8959.0
1774798500000,1.0007,1.0007,1.0006,1.0006,26821.0
1774798800000,1.0006,1.0007,1.0006,1.0006,40804.0
1774799100000,1.0007,1.0007,1.0006,1.0007,8517.0
1774799400000,1.0006,1.0007,1.0005,1.0007,32203.0
1774799700000,1.0006,1.0007,1.0005,1.0007,26519.0
1774800000000,1.0006,1.0007,1.0006,1.0007,3548.0
1774800300000,1.0006,1.0007,1.0006,1.0007,1430.0
1774800600000,1.0006,1.0007,1.0005,1.0006,11920.0
1774800900000,1.0006,1.0007,1.0006,1.0007,21720.0
1774801200000,1.0006,1.0007,1.0005,1.0005,52675.0
1774801500000,1.0005,1.0006,1.0005,1.0006,2096.0
1774801800000,1.0005,1.0006,1.0005,1.0006,11087.0
1774802100000,1.0005,1.0006,1.0005,1.0005,1076.0
1774802400000,1.0006,1.0006,1.0005,1.0005,26947.0
1774802700000,1.0006,1.0006,1.0005,1.0005,31334.0
1774803000000,1.0006,1.0006,1.0005,1.0006,2258.0
1774803300000,1.0005,1.0007,1.0005,1.0006,23469.0
1774803600000,1.0007,1.0007,1.0006,1.0007,25132.0
1774803900000,1.0006,1.0007,1.0006,1.0007,12146.0
1774804200000,1.0006,1.0007,1.0006,1.0006,39040.0
1774804500000,1.0007,1.0007,1.0006,1.0006,23774.0
1774804800000,1.0007,1.0007,1.0006,1.0006,6852.0
1774805100000,1.0006,1.0007,1.0006,1.0006,42248.0
1774805400000,1.0007,1.0007,1.0006,1.0007,8529.0
1774805700000,1.0007,1.0007,1.0006,1.0007,2540.0
1774806000000,1.0007,1.0007,1.0006,1.0007,28791.0
1774806300000,1.0007,1.0007,1.0006,1.0007,21990.0
1774806600000,1.0007,1.0007,1.0006,1.0006,24902.0
1774806900000,1.0006,1.0007,1.0006,1.0006,21423.0
1774807200000,1.0007,1.0007,1.0006,1.0006,9328.0
1774807500000,1.0007,1.0007,1.0006,1.0006,20988.0
1774807800000,1.0006,1.0007,1.0006,1.0007,6538.0
1774808100000,1.0007,1.0007,1.0006,1.0006,10512.0
1774808400000,1.0007,1.0007,1.0006,1.0007,5374.0
1774808700000,1.0006,1.0007,1.0006,1.0007,7437.0
1774809000000,1.0007,1.0007,1.0006,1.0007,497.0
1774809300000,1.0007,1.0007,1.0006,1.0006,320.0
1774809600000,1.0006,1.0007,1.0006,1.0007,4002.0
1774809900000,1.0006,1.0007,1.0006,1.0007,298.0
1774810200000,1.0006,1.0007,1.0006,1.0006,1969.0
1774810500000,1.0006,1.0007,1.0006,1.0006,508.0
1774810800000,1.0007,1.0007,1.0007,1.0007,99.0
1774811100000,1.0007,1.0007,1.0006,1.0007,5443.0
1774811400000,1.0007,1.0007,1.0006,1.0006,23336.0
1774811700000,1.0005,1.0007,1.0005,1.0007,41906.0
1774812000000,1.0006,1.0007,1.0006,1.0006,40795.0
1774812300000,1.0006,1.0007,1.0006,1.0007,683.0
1774812600000,1.0007,1.0007,1.0006,1.0007,31151.0
1774812900000,1.0006,1.0007,1.0006,1.0007,796.0
1774813200000,1.0006,1.0007,1.0006,1.0007,954.0
1774813500000,1.0006,1.0007,1.0006,1.0006,11366.0
1774813800000,1.0007,1.0007,1.0006,1.0007,12166.0
1774814100000,1.0007,1.0007,1.0006,1.0006,1196.0
1774814400000,1.0006,1.0007,1.0006,1.0007,8557.0
1774814700000,1.0007,1.0007,1.0006,1.0007,23442.0
1774815000000,1.0007,1.0007,1.0006,1.0007,5356.0
1774815300000,1.0007,1.0007,1.0006,1.0007,851.0
1774815600000,1.0007,1.0007,1.0006,1.0007,3294.0
1774815900000,1.0007,1.0007,1.0006,1.0006,3698.0
1774816200000,1.0007,1.0007,1.0006,1.0006,2258.0
1774816500000,1.0007,1.0007,1.0006,1.0006,101.0
1774816800000,1.0007,1.0007,1.0006,1.0006,157.0
1774817100000,1.0006,1.0007,1.0006,1.0007,16421.0
1774817400000,1.0007,1.0007,1.0006,1.0007,83.0
1774817700000,1.0007,1.0007,1.0006,1.0007,889.0
1774818000000,1.0007,1.0007,1.0006,1.0007,207.0
1774818300000,1.0006,1.0007,1.0006,1.0006,164.0
1774818600000,1.0006,1.0006,1.0006,1.0006,1419.0
1774818900000,1.0007,1.0007,1.0006,1.0006,68.0
1774819200000,1.0007,1.0007,1.0006,1.0006,195.0
1774819500000,1.0007,1.0007,1.0006,1.0007,59.0
1774819800000,1.0007,1.0007,1.0006,1.0007,10876.0
1774820100000,1.0007,1.0007,1.0006,1.0007,7301.0
1774820400000,1.0007,1.0007,1.0006,1.0007,8341.0
1774820700000,1.0006,1.0007,1.0006,1.0007,601.0
1774821000000,1.0007,1.0007,1.0006,1.0007,412.0
1774821300000,1.0007,1.0007,1.0006,1.0007,395.0
1774821600000,1.0006,1.0007,1.0006,1.0007,13147.0
1774821900000,1.0007,1.0007,1.0005,1.0007,46613.0
1774822200000,1.0006,1.0007,1.0006,1.0007,64285.0
1774822500000,1.0007,1.0007,1.0006,1.0006,4137.0
1774822800000,1.0006,1.0007,1.0006,1.0006,5782.0
1774823100000,1.0007,1.0007,1.0005,1.0007,14085.0
1774823400000,1.0006,1.0007,1.0005,1.0007,2673.0
1774823700000,1.0006,1.0007,1.0006,1.0007,25399.0
1774824000000,1.0007,1.0007,1.0005,1.0006,106488.0
1774824300000,1.0005,1.0006,1.0005,1.0006,58382.0
1774824600000,1.0005,1.0006,1.0005,1.0005,44030.0
1774824900000,1.0005,1.0006,1.0005,1.0005,24025.0
1774825200000,1.0006,1.0006,1.0005,1.0006,33065.0
1774825500000,1.0005,1.0006,1.0005,1.0005,3362.0
1774825800000,1.0005,1.0006,1.0005,1.0005,31900.0
1774826100000,1.0005,1.0007,1.0005,1.0006,14592.0
1774826400000,1.0006,1.0007,1.0006,1.0006,1368.0
1774826700000,1.0007,1.0007,1.0006,1.0006,20126.0
1774827000000,1.0007,1.0007,1.0006,1.0007,7343.0
1774827300000,1.0007,1.0007,1.0006,1.0007,5258.0
1774827600000,1.0007,1.0007,1.0006,1.0007,8485.0
1774827900000,1.0007,1.0007,1.0006,1.0006,2826.0
1774828200000,1.0007,1.0007,1.0006,1.0007,25660.0
1774828500000,1.0007,1.0007,1.0006,1.0007,11827.0
1774828800000,1.0007,1.0007,1.0006,1.0006,6481.0
1774829100000,1.0006,1.0007,1.0006,1.0006,31032.0
1774829400000,1.0007,1.0007,1.0005,1.0005,211156.0
1774829700000,1.0005,1.0006,1.0005,1.0006,55810.0
1774830000000,1.0006,1.0006,1.0005,1.0005,24279.0
1774830300000,1.0006,1.0006,1.0005,1.0005,6294.0
1774830600000,1.0005,1.0006,1.0005,1.0005,14304.0
1774830900000,1.0006,1.0006,1.0005,1.0006,6621.0
1774831200000,1.0006,1.0006,1.0005,1.0005,3655.0
1774831500000,1.0006,1.0006,1.0005,1.0005,5572.0
1774831800000,1.0006,1.0006,1.0005,1.0006,10052.0
1774832100000,1.0006,1.0006,1.0005,1.0005,28993.0
1774832400000,1.0006,1.0006,1.0005,1.0006,21062.0
1774832700000,1.0005,1.0006,1.0005,1.0006,13702.0
1774833000000,1.0006,1.0006,1.0005,1.0006,19125.0
1774833300000,1.0006,1.0006,1.0005,1.0005,60244.0
1774833600000,1.0006,1.0006,1.0005,1.0005,12620.0
1774833900000,1.0006,1.0006,1.0005,1.0006,37569.0
1774834200000,1.0005,1.0006,1.0005,1.0005,28358.0
1774834500000,1.0006,1.0006,1.0005,1.0005,23277.0
1774834800000,1.0006,1.0006,1.0005,1.0006,10193.0
1774835100000,1.0006,1.0006,1.0005,1.0006,29170.0
1774835400000,1.0005,1.0006,1.0005,1.0005,39439.0
1774835700000,1.0005,1.0006,1.0005,1.0005,29079.0
1774836000000,1.0005,1.0006,1.0005,1.0006,19722.0
1774836300000,1.0005,1.0006,1.0005,1.0006,29173.0
1774836600000,1.0006,1.0006,1.0005,1.0005,20730.0
1774836900000,1.0006,1.0007,1.0006,1.0006,32549.0
1774837200000,1.0006,1.0007,1.0006,1.0007,8057.0
1774837500000,1.0007,1.0007,1.0005,1.0006,30554.0
1774837800000,1.0005,1.0006,1.0005,1.0006,7756.0
1774838100000,1.0005,1.0006,1.0005,1.0005,2671.0
1774838400000,1.0005,1.0006,1.0005,1.0006,27147.0
1774838700000,1.0006,1.0007,1.0005,1.0007,69681.0
1774839000000,1.0006,1.0007,1.0006,1.0007,33386.0
1774839300000,1.0006,1.0007,1.0006,1.0006,31315.0
1774839600000,1.0006,1.0007,1.0006,1.0006,3948.0
1774839900000,1.0007,1.0007,1.0006,1.0006,71607.0
1774840200000,1.0007,1.0007,1.0006,1.0006,4645.0
1774840500000,1.0006,1.0007,1.0006,1.0006,21948.0
1774840800000,1.0007,1.0007,1.0006,1.0006,7163.0
1774841100000,1.0007,1.0007,1.0006,1.0006,74831.0
1774841400000,1.0007,1.0007,1.0006,1.0006,20291.0
1774841700000,1.0007,1.0007,1.0006,1.0007,27730.0
1774842000000,1.0007,1.0007,1.0006,1.0006,3081.0
1774842300000,1.0007,1.0007,1.0006,1.0007,1745.0
1774842600000,1.0006,1.0007,1.0006,1.0006,44847.0
1774842900000,1.0007,1.0007,1.0006,1.0006,13526.0
1774843200000,1.0007,1.0007,1.0006,1.0006,24014.0
1774843500000,1.0006,1.0007,1.0006,1.0006,10974.0
1774843800000,1.0006,1.0007,1.0006,1.0007,49161.0
1774844100000,1.0007,1.0007,1.0006,1.0007,11817.0
1774844400000,1.0006,1.0007,1.0006,1.0007,13031.0
1774844700000,1.0007,1.0007,1.0006,1.0006,16370.0
1774845000000,1.0007,1.0007,1.0006,1.0006,24687.0
1774845300000,1.0006,1.0007,1.0006,1.0007,31153.0
1774845600000,1.0006,1.0007,1.0006,1.0006,12319.0
1774845900000,1.0006,1.0007,1.0006,1.0006,35319.0
1774846200000,1.0007,1.0007,1.0006,1.0007,15978.0
1774846500000,1.0006,1.0007,1.0006,1.0007,13333.0
1774846800000,1.0006,1.0007,1.0006,1.0007,16359.0
1774847100000,1.0007,1.0007,1.0006,1.0007,31122.0
1774847400000,1.0007,1.0007,1.0006,1.0006,7401.0
1774847700000,1.0007,1.0007,1.0006,1.0006,19358.0
1774848000000,1.0007,1.0007,1.0006,1.0006,68466.0
1774848300000,1.0006,1.0007,1.0006,1.0007,89925.0
1774848600000,1.0006,1.0007,1.0006,1.0007,22839.0
1774848900000,1.0006,1.0007,1.0006,1.0006,32213.0
1774849200000,1.0007,1.0007,1.0006,1.0006,6523.0
1774849500000,1.0007,1.0007,1.0006,1.0006,34654.0
1774849800000,1.0006,1.0007,1.0006,1.0006,8082.0
1774850100000,1.0006,1.0007,1.0006,1.0006,12829.0
1774850400000,1.0007,1.0007,1.0006,1.0006,9781.0
1774850700000,1.0007,1.0007,1.0006,1.0006,17406.0
1774851000000,1.0007,1.0007,1.0006,1.0007,12693.0
1774851300000,1.0007,1.0007,1.0006,1.0007,16533.0
1774851600000,1.0006,1.0007,1.0006,1.0006,79215.0
1774851900000,1.0007,1.0007,1.0006,1.0006,80992.0
1774852200000,1.0007,1.0007,1.0006,1.0006,57886.0
1774852500000,1.0007,1.0007,1.0006,1.0006,55960.0
1774852800000,1.0006,1.0007,1.0006,1.0007,71121.0
1774853100000,1.0007,1.0007,1.0006,1.0007,55252.0
1774853400000,1.0006,1.0007,1.0006,1.0007,13247.0
1774853700000,1.0007,1.0007,1.0006,1.0006,10921.0
1774854000000,1.0006,1.0007,1.0006,1.0007,29432.0
1774854300000,1.0006,1.0007,1.0006,1.0007,16306.0
1774854600000,1.0006,1.0007,1.0006,1.0007,20978.0
1774854900000,1.0006,1.0007,1.0006,1.0007,25853.0
1774855200000,1.0006,1.0007,1.0006,1.0007,52635.0
1774855500000,1.0006,1.0007,1.0006,1.0007,39805.0
1774855800000,1.0006,1.0007,1.0006,1.0007,10850.0
1774856100000,1.0006,1.0007,1.0006,1.0007,39259.0
1774856400000,1.0006,1.0007,1.0006,1.0006,288182.0
1774856700000,1.0006,1.0007,1.0006,1.0007,49451.0
1774857000000,1.0006,1.0007,1.0006,1.0006,70764.0
1774857300000,1.0006,1.0007,1.0006,1.0006,51472.0
1774857600000,1.0006,1.0007,1.0006,1.0006,190490.0
1774857900000,1.0006,1.0007,1.0006,1.0006,15472.0
1774858200000,1.0006,1.0007,1.0006,1.0006,18203.0
1774858500000,1.0006,1.0007,1.0006,1.0007,19580.0
1774858800000,1.0007,1.0007,1.0005,1.0005,148018.0
1774859100000,1.0006,1.0006,1.0005,1.0005,68672.0
1774859400000,1.0005,1.0006,1.0005,1.0005,19336.0
1774859700000,1.0005,1.0006,1.0005,1.0005,19969.0
1774860000000,1.0006,1.0006,1.0005,1.0005,16604.0
1774860300000,1.0006,1.0006,1.0005,1.0006,11530.0
1774860600000,1.0006,1.0006,1.0005,1.0005,68585.0
1774860900000,1.0005,1.0006,1.0005,1.0006,103750.0
1774861200000,1.0005,1.0006,1.0005,1.0005,19337.0
1774861500000,1.0005,1.0006,1.0005,1.0005,14685.0
1774861800000,1.0006,1.0006,1.0005,1.0005,46563.0
1774862100000,1.0005,1.0006,1.0005,1.0006,26803.0
1774862400000,1.0005,1.0006,1.0005,1.0005,46225.0
1774862700000,1.0006,1.0006,1.0005,1.0006,12320.0
1774863000000,1.0005,1.0006,1.0005,1.0006,16302.0
1774863300000,1.0005,1.0006,1.0005,1.0006,15094.0
1774863600000,1.0006,1.0006,1.0005,1.0005,50637.0
1774863900000,1.0005,1.0006,1.0005,1.0006,14983.0
1774864200000,1.0006,1.0006,1.0005,1.0005,41398.0
1774864500000,1.0005,1.0006,1.0005,1.0005,89981.0
1774864800000,1.0005,1.0006,1.0005,1.0005,32744.0
1774865100000,1.0006,1.0006,1.0005,1.0005,28915.0
1774865400000,1.0005,1.0006,1.0005,1.0006,25284.0
1774865700000,1.0005,1.0006,1.0005,1.0005,73066.0
1774866000000,1.0005,1.0006,1.0005,1.0006,25116.0
1774866300000,1.0005,1.0006,1.0005,1.0005,151925.0
1774866600000,1.0005,1.0006,1.0005,1.0006,47670.0
1774866900000,1.0005,1.0006,1.0005,1.0006,57681.0
1774867200000,1.0005,1.0006,1.0005,1.0005,22592.0
1774867500000,1.0006,1.0006,1.0005,1.0005,13061.0
1774867800000,1.0006,1.0006,1.0005,1.0005,23072.0
1774868100000,1.0006,1.0006,1.0005,1.0005,163060.0
1774868400000,1.0005,1.0006,1.0005,1.0005,11342.0
1774868700000,1.0005,1.0006,1.0005,1.0005,43235.0
1774869000000,1.0005,1.0006,1.0005,1.0005,20102.0
1774869300000,1.0006,1.0006,1.0005,1.0006,40435.0
