timestamp,open,high,low,close,volume
1735257600000,0.11925,0.1193,0.1177,0.11782,1791594.0
1735257900000,0.11777,0.1195,0.11717,0.11815,1748492.0
1735258200000,0.11809,0.1195,0.11789,0.11894,1159023.0
1735258500000,0.11892,0.11911,0.11522,0.11538,1710050.0
1735258800000,0.11534,0.11579,0.1129,0.11346,3093450.0
1735259100000,0.11348,0.11437,0.11281,0.11382,815376.0
1735259400000,0.11371,0.11445,0.11209,0.11347,1657774.0
1735259700000,0.11354,0.11379,0.11001,0.11082,2881926.0
1735260000000,0.11082,0.11285,0.11025,0.11239,1552761.0
1735260300000,0.11227,0.11327,0.11127,0.11275,905907.0
1735260600000,0.11275,0.11294,0.11172,0.11177,408899.0
1735260900000,0.11177,0.11226,0.1104,0.11104,1128080.0
1735261200000,0.11095,0.11156,0.10926,0.11089,2218965.0
1735261500000,0.11103,0.11117,0.11005,0.11011,471902.0
1735261800000,0.11011,0.11103,0.10677,0.10838,1948774.0
1735262100000,0.10848,0.11012,0.10718,0.10809,922667.0
1735262400000,0.1081,0.1085,0.1074,0.10821,908969.0
1735262700000,0.10813,0.10961,0.10789,0.10891,492724.0
1735263000000,0.10896,0.10993,0.108,0.10958,634805.0
1735263300000,0.10946,0.1105,0.108,0.10848,790505.0
1735263600000,0.10852,0.11057,0.10824,0.11027,833226.0
1735263900000,0.1101,0.11083,0.10952,0.11016,743521.0
1735264200000,0.11014,0.11055,0.1094,0.1103,421868.0
1735264500000,0.11017,0.11088,0.10957,0.11007,504118.0
1735264800000,0.11017,0.11166,0.11008,0.111,479749.0
1735265100000,0.11118,0.11193,0.111,0.11158,318809.0
1735265400000,0.1115,0.11249,0.11122,0.11156,484276.0
1735265700000,0.11156,0.11264,0.11035,0.1108,634701.0
1735266000000,0.1108,0.11178,0.1106,0.11171,520682.0
1735266300000,0.11172,0.11271,0.11167,0.11191,626875.0
1735266600000,0.11194,0.11332,0.11191,0.11306,484308.0
1735266900000,0.11304,0.1134,0.11203,0.11314,448288.0
1735267200000,0.11324,0.1133,0.11246,0.11264,360590.0
1735267500000,0.11258,0.11326,0.11163,0.1128,870920.0
1735267800000,0.11274,0.11314,0.11158,0.11295,448688.0
1735268100000,0.11288,0.113,0.11189,0.11276,230379.0
1735268400000,0.11271,0.11354,0.11225,0.11323,429942.0
1735268700000,0.11323,0.11396,0.11304,0.1134,412059.0
1735269000000,0.11357,0.11372,0.11249,0.11365,248464.0
1735269300000,0.11369,0.11579,0.1136,0.11425,781530.0
1735269600000,0.11442,0.11456,0.1135,0.11384,388330.0
1735269900000,0.1139,0.1146,0.11341,0.11365,415863.0
1735270200000,0.11369,0.1144,0.11313,0.11436,411987.0
1735270500000,0.11436,0.11445,0.11393,0.11427,107637.0
1735270800000,0.11429,0.11502,0.1139,0.11426,257343.0
1735271100000,0.11417,0.11437,0.11399,0.11402,47597.0
1735271400000,0.11402,0.11402,0.11309,0.11319,379255.0
1735271700000,0.11368,0.11386,0.11286,0.11357,401692.0
1735272000000,0.11357,0.11399,0.11345,0.11399,220318.0
1735272300000,0.11399,0.11498,0.11359,0.11483,390828.0
1735272600000,0.11496,0.117,0.1148,0.1163,805530.0
1735272900000,0.11646,0.11676,0.11477,0.11529,499875.0
1735273200000,0.11529,0.11577,0.11388,0.11398,629651.0
1735273500000,0.11398,0.1147,0.11389,0.11411,256286.0
1735273800000,0.11416,0.11506,0.11383,0.11447,441726.0
1735274100000,0.1145,0.11485,0.11425,0.11447,115628.0
1735274400000,0.11466,0.11469,0.11204,0.1122,1148972.0
1735274700000,0.11219,0.11343,0.11214,0.11342,340873.0
1735275000000,0.11341,0.11375,0.11265,0.1135,442158.0
1735275300000,0.11352,0.11373,0.11267,0.11307,365494.0
1735275600000,0.11304,0.1133,0.11238,0.11317,385994.0
1735275900000,0.11317,0.11324,0.11165,0.11262,407049.0
1735276200000,0.11261,0.11353,0.11199,0.11353,395430.0
1735276500000,0.11339,0.11359,0.11247,0.1125,603096.0
1735276800000,0.11264,0.11297,0.112,0.11264,342942.0
1735277100000,0.11249,0.11292,0.11215,0.11287,500940.0
1735277400000,0.11292,0.11428,0.11292,0.11407,1151712.0
1735277700000,0.11415,0.11415,0.11276,0.11308,399400.0
1735278000000,0.11299,0.11299,0.11126,0.11153,294487.0
1735278300000,0.11146,0.11221,0.11144,0.11161,320788.0
1735278600000,0.11171,0.11185,0.111,0.11104,195454.0
1735278900000,0.11104,0.1118,0.10962,0.11091,714412.0
1735279200000,0.11101,0.11225,0.11048,0.11207,624139.0
1735279500000,0.11198,0.1123,0.11058,0.11059,522462.0
1735279800000,0.11075,0.1132,0.11019,0.11226,552631.0
1735280100000,0.11214,0.11223,0.11117,0.11151,401198.0
1735280400000,0.11151,0.11238,0.11092,0.11092,551720.0
1735280700000,0.11091,0.11198,0.11073,0.11174,363976.0
1735281000000,0.11174,0.11263,0.11174,0.11234,285592.0
1735281300000,0.11234,0.1128,0.11186,0.11229,312422.0
1735281600000,0.11217,0.11273,0.11164,0.11164,395785.0
1735281900000,0.11162,0.1129,0.11162,0.11212,697444.0
1735282200000,0.11212,0.11241,0.11137,0.11166,588819.0
1735282500000,0.11177,0.11361,0.11146,0.11346,617540.0
1735282800000,0.11331,0.11334,0.11228,0.1133,559418.0
1735283100000,0.11335,0.11434,0.11279,0.113,402361.0
1735283400000,0.113,0.11344,0.11214,0.11263,773557.0
1735283700000,0.11264,0.11266,0.11075,0.11089,1323959.0
1735284000000,0.11088,0.11234,0.11088,0.11109,794210.0
1735284300000,0.11125,0.11125,0.11032,0.11036,523456.0
1735284600000,0.11036,0.11053,0.10949,0.10949,582615.0
1735284900000,0.10949,0.10988,0.10916,0.10953,462280.0
1735285200000,0.10961,0.10964,0.10901,0.10934,544730.0
1735285500000,0.10935,0.11102,0.10933,0.11041,699051.0
1735285800000,0.11041,0.11041,0.10818,0.10872,1194920.0
1735286100000,0.10873,0.11027,0.10872,0.11005,826588.0
1735286400000,0.11006,0.11263,0.10995,0.11142,1020945.0
1735286700000,0.11156,0.11156,0.1106,0.111,454008.0
1735287000000,0.11104,0.11166,0.10971,0.11013,579617.0
1735287300000,0.11028,0.11132,0.11022,0.11121,376090.0
1735287600000,0.11112,0.11132,0.10968,0.11013,581259.0
1735287900000,0.11016,0.11098,0.10987,0.11046,686648.0
1735288200000,0.11051,0.11108,0.11017,0.1106,409903.0
1735288500000,0.11056,0.11075,0.10952,0.11032,634638.0
1735288800000,0.11031,0.11036,0.10933,0.10936,519892.0
1735289100000,0.10943,0.11012,0.1086,0.1087,849274.0
1735289400000,0.1087,0.10997,0.10854,0.109,1144075.0
1735289700000,0.10902,0.10949,0.10747,0.10772,1069952.0
1735290000000,0.10773,0.10898,0.10773,0.10887,1084802.0
1735290300000,0.10895,0.10965,0.10758,0.10922,1124128.0
1735290600000,0.10929,0.1104,0.10894,0.10997,1335587.0
1735290900000,0.11001,0.11102,0.10915,0.11043,772205.0
1735291200000,0.11056,0.11265,0.11044,0.11207,1183238.0
1735291500000,0.11207,0.11381,0.11145,0.11211,1708083.0
1735291800000,0.11222,0.114,0.112,0.11285,1485099.0
1735292100000,0.11276,0.1134,0.11234,0.11314,551175.0
1735292400000,0.11314,0.11326,0.11218,0.11289,508566.0
1735292700000,0.11291,0.11471,0.11283,0.11409,1083465.0
1735293000000,0.11397,0.11436,0.11338,0.11399,1561779.0
1735293300000,0.11396,0.11426,0.11265,0.11299,647001.0
1735293600000,0.11299,0.113,0.11233,0.11281,479084.0
1735293900000,0.11281,0.11518,0.11281,0.11507,1080326.0
1735294200000,0.11504,0.11684,0.11501,0.11684,1680976.0
1735294500000,0.11666,0.11749,0.11525,0.11539,2125752.0
1735294800000,0.1153,0.11547,0.11391,0.11445,1204091.0
1735295100000,0.11443,0.11781,0.11434,0.11748,2004348.0
1735295400000,0.11766,0.11766,0.1152,0.1152,1845360.0
1735295700000,0.11525,0.11609,0.11171,0.11258,2601685.0
1735296000000,0.11267,0.11348,0.11161,0.11269,2022340.0
1735296300000,0.11264,0.11286,0.11193,0.11248,690118.0
1735296600000,0.11248,0.113,0.11202,0.113,506815.0
1735296900000,0.11299,0.11307,0.11122,0.11239,1318138.0
1735297200000,0.11231,0.11284,0.11187,0.11204,419160.0
1735297500000,0.1121,0.11343,0.11191,0.11318,559116.0
1735297800000,0.11335,0.11358,0.11276,0.11302,459199.0
1735298100000,0.11304,0.11304,0.11249,0.1128,194130.0
1735298400000,0.1128,0.11281,0.1118,0.11227,330580.0
1735298700000,0.11226,0.11306,0.11196,0.11262,381409.0
1735299000000,0.11267,0.11272,0.11133,0.1114,285746.0
1735299300000,0.11152,0.11194,0.11102,0.11129,369971.0
1735299600000,0.11129,0.11219,0.111,0.11197,238462.0
1735299900000,0.11204,0.11215,0.11151,0.11165,180420.0
1735300200000,0.1117,0.11254,0.1115,0.11212,286094.0
1735300500000,0.11194,0.11278,0.11187,0.11187,324687.0
1735300800000,0.11183,0.11186,0.111,0.11106,678945.0
1735301100000,0.11102,0.11173,0.11045,0.11084,736498.0
1735301400000,0.11084,0.11139,0.1102,0.11067,573404.0
1735301700000,0.11071,0.11148,0.11069,0.1113,293577.0
1735302000000,0.11129,0.11197,0.11101,0.11106,470051.0
1735302300000,0.11105,0.11178,0.11101,0.11112,415582.0
1735302600000,0.11112,0.11216,0.11084,0.11181,899125.0
1735302900000,0.11181,0.11309,0.11174,0.11307,580061.0
1735303200000,0.11296,0.1142,0.11197,0.11224,1024829.0
1735303500000,0.11225,0.11254,0.11192,0.11243,649752.0
1735303800000,0.11233,0.1126,0.11164,0.11242,480586.0
1735304100000,0.11234,0.11322,0.11229,0.1128,825017.0
1735304400000,0.11273,0.11339,0.1124,0.11297,471984.0
1735304700000,0.11297,0.11426,0.11261,0.11261,714962.0
1735305000000,0.11265,0.113,0.11061,0.11167,1435935.0
1735305300000,0.11168,0.11278,0.11149,0.11258,877444.0
1735305600000,0.11273,0.11276,0.11175,0.1123,414426.0
1735305900000,0.11218,0.1132,0.11203,0.11309,289106.0
1735306200000,0.11317,0.1132,0.11169,0.11204,344982.0
1735306500000,0.11219,0.11239,0.11172,0.11197,389201.0
1735306800000,0.11197,0.11206,0.11157,0.11179,239697.0
1735307100000,0.11169,0.11206,0.11157,0.1118,284025.0
1735307400000,0.11186,0.11188,0.11092,0.1111,880393.0
1735307700000,0.11109,0.11186,0.11097,0.11142,259718.0
1735308000000,0.11127,0.11155,0.11084,0.11112,380779.0
1735308300000,0.11118,0.11123,0.11053,0.11085,720580.0
1735308600000,0.11092,0.11141,0.11064,0.1113,340857.0
1735308900000,0.1113,0.1125,0.11121,0.1125,506178.0
1735309200000,0.11243,0.114,0.11197,0.1139,740418.0
1735309500000,0.1139,0.1153,0.11304,0.11351,2256951.0
1735309800000,0.11361,0.11475,0.11237,0.1147,1235115.0
1735310100000,0.11479,0.11549,0.11375,0.11384,1380271.0
1735310400000,0.11384,0.11423,0.11273,0.11339,1307862.0
1735310700000,0.1134,0.11382,0.11235,0.11289,634455.0
1735311000000,0.11301,0.11357,0.1124,0.11317,478545.0
1735311300000,0.1132,0.11321,0.11191,0.11205,607390.0
1735311600000,0.112,0.1124,0.1114,0.11147,742297.0
1735311900000,0.11147,0.11173,0.11073,0.11123,1049529.0
1735312200000,0.11115,0.11158,0.11055,0.11107,698185.0
1735312500000,0.11106,0.11311,0.11106,0.11293,897988.0
1735312800000,0.11297,0.113,0.11204,0.11205,646767.0
1735313100000,0.11205,0.11346,0.11199,0.1128,730145.0
1735313400000,0.11269,0.11284,0.11114,0.11114,399723.0
1735313700000,0.1113,0.1129,0.11119,0.11205,468610.0
1735314000000,0.112,0.11285,0.11175,0.11199,802373.0
1735314300000,0.11206,0.11244,0.11159,0.11167,275162.0
1735314600000,0.11167,0.11189,0.11124,0.11176,183588.0
1735314900000,0.11176,0.1125,0.11168,0.11226,370183.0
1735315200000,0.11226,0.11291,0.11119,0.11165,332735.0
1735315500000,0.11164,0.11197,0.11095,0.11104,391541.0
1735315800000,0.11116,0.11147,0.11095,0.111,294653.0
1735316100000,0.11101,0.1113,0.1107,0.11088,249028.0
1735316400000,0.11081,0.11084,0.10847,0.10847,1071282.0
1735316700000,0.10847,0.109,0.10755,0.10796,1228753.0
1735317000000,0.10808,0.10949,0.10784,0.10851,893883.0
1735317300000,0.10865,0.10873,0.10666,0.1068,988281.0
1735317600000,0.10668,0.10775,0.1063,0.10701,1100930.0
1735317900000,0.10668,0.10693,0.10511,0.1053,1550709.0
1735318200000,0.1053,0.10688,0.10417,0.10666,1548878.0
1735318500000,0.10666,0.10688,0.1044,0.10477,1223064.0
1735318800000,0.10474,0.10493,0.10401,0.10468,1211875.0
1735319100000,0.10478,0.10585,0.10468,0.10533,383427.0
1735319400000,0.10533,0.10587,0.10517,0.10538,325542.0
1735319700000,0.10536,0.10669,0.10536,0.106,521824.0
1735320000000,0.106,0.10771,0.10596,0.10721,619394.0
1735320300000,0.1072,0.10739,0.10584,0.10594,386303.0
1735320600000,0.10594,0.10668,0.10584,0.10643,255709.0
1735320900000,0.10635,0.10766,0.1062,0.10761,357214.0
1735321200000,0.10761,0.10795,0.10725,0.10743,290391.0
1735321500000,0.10725,0.10749,0.10664,0.10682,346967.0
1735321800000,0.10683,0.1079,0.10666,0.10666,474056.0
1735322100000,0.10666,0.107,0.10598,0.10638,513711.0
1735322400000,0.1064,0.1068,0.10575,0.10653,586684.0
1735322700000,0.10653,0.107,0.10634,0.10685,261359.0
1735323000000,0.10696,0.10718,0.10675,0.1068,119645.0
1735323300000,0.10692,0.1075,0.10682,0.10749,257651.0
1735323600000,0.10749,0.10929,0.10693,0.1086,1028001.0
1735323900000,0.10859,0.1086,0.1077,0.10799,263421.0
1735324200000,0.10794,0.10844,0.10775,0.1079,275952.0
1735324500000,0.10791,0.10822,0.10774,0.10811,169156.0
1735324800000,0.10812,0.10832,0.1072,0.10724,413802.0
1735325100000,0.10726,0.10857,0.10697,0.10837,778540.0
1735325400000,0.1083,0.10897,0.10794,0.10881,271676.0
1735325700000,0.10896,0.10896,0.108,0.108,168294.0
1735326000000,0.10797,0.11045,0.10797,0.10978,1158813.0
1735326300000,0.10975,0.11065,0.10914,0.10934,474988.0
1735326600000,0.10941,0.10952,0.10862,0.10884,238090.0
1735326900000,0.10895,0.10901,0.10811,0.10826,189188.0
1735327200000,0.10826,0.10879,0.10826,0.1085,145940.0
1735327500000,0.10858,0.10879,0.10781,0.10811,355898.0
1735327800000,0.10803,0.10863,0.1078,0.1081,307608.0
1735328100000,0.10797,0.10819,0.1078,0.10796,100436.0
1735328400000,0.10792,0.10824,0.10782,0.108,136991.0
1735328700000,0.1079,0.10837,0.10769,0.10823,285169.0
1735329000000,0.10828,0.10922,0.10799,0.10908,169671.0
1735329300000,0.10917,0.10981,0.10875,0.10886,322348.0
1735329600000,0.10885,0.10887,0.10792,0.1081,153681.0
1735329900000,0.10812,0.10837,0.10791,0.10822,60569.0
1735330200000,0.10836,0.10836,0.10779,0.10798,179213.0
1735330500000,0.10796,0.10871,0.10784,0.10809,182224.0
1735330800000,0.10825,0.10828,0.10794,0.10803,114048.0
1735331100000,0.10801,0.1081,0.10723,0.10736,338787.0
1735331400000,0.10725,0.10775,0.10708,0.10762,119925.0
1735331700000,0.10772,0.10873,0.10772,0.10795,215970.0
1735332000000,0.1079,0.10805,0.1078,0.10796,99731.0
1735332300000,0.10786,0.10821,0.10762,0.10806,207198.0
1735332600000,0.10808,0.10831,0.10791,0.10794,68632.0
1735332900000,0.10804,0.1083,0.1079,0.10808,212618.0
1735333200000,0.10793,0.1082,0.1079,0.10812,99185.0
1735333500000,0.108,0.10863,0.10777,0.10851,425235.0
1735333800000,0.1085,0.1085,0.10777,0.10793,298979.0
1735334100000,0.10793,0.10811,0.10762,0.10762,268212.0
1735334400000,0.10762,0.10775,0.10679,0.10688,820357.0
1735334700000,0.1068,0.10734,0.10653,0.10657,201307.0
1735335000000,0.10661,0.10673,0.10585,0.10587,402479.0
1735335300000,0.10588,0.10636,0.10461,0.10495,748562.0
1735335600000,0.105,0.10557,0.105,0.10512,209606.0
1735335900000,0.10516,0.1052,0.10456,0.10467,330246.0
1735336200000,0.10474,0.10481,0.10401,0.10426,322563.0
1735336500000,0.10425,0.10452,0.1038,0.10414,404944.0
1735336800000,0.10414,0.10418,0.10337,0.10385,404463.0
1735337100000,0.10386,0.10388,0.10251,0.103,578104.0
1735337400000,0.10299,0.10335,0.10177,0.10259,916202.0
1735337700000,0.10261,0.10325,0.10261,0.1031,292038.0
1735338000000,0.1031,0.10333,0.10171,0.10219,580059.0
1735338300000,0.10219,0.10286,0.10198,0.1024,266026.0
1735338600000,0.10256,0.10369,0.10244,0.10327,240589.0
1735338900000,0.10337,0.10337,0.1024,0.1024,122482.0
1735339200000,0.10237,0.10251,0.10123,0.10146,1001766.0
1735339500000,0.1015,0.10273,0.1,0.10221,1979009.0
1735339800000,0.10221,0.10243,0.10166,0.10227,445650.0
1735340100000,0.10222,0.10247,0.10156,0.10167,207492.0
1735340400000,0.10172,0.10262,0.10167,0.1022,310229.0
1735340700000,0.10219,0.10293,0.10179,0.1026,311985.0
1735341000000,0.10258,0.10284,0.1023,0.10246,234477.0
1735341300000,0.10244,0.10266,0.1024,0.10253,117088.0
1735341600000,0.10259,0.10259,0.102,0.10205,244536.0
1735341900000,0.10203,0.10241,0.10191,0.10219,127405.0
1735342200000,0.1021,0.10226,0.10175,0.10214,104844.0
1735342500000,0.10208,0.10225,0.1017,0.1021,103846.0
1735342800000,0.10193,0.10319,0.10192,0.1027,279759.0
1735343100000,0.10272,0.10293,0.10213,0.10271,142885.0
1735343400000,0.10272,0.10321,0.10257,0.10265,80721.0
1735343700000,0.1026,0.1029,0.1025,0.10277,114192.0
1735344000000,0.10277,0.103,0.1025,0.10266,116007.0
1735344300000,0.10264,0.10286,0.102,0.10211,207087.0
1735344600000,0.10211,0.10376,0.10206,0.10375,222168.0
1735344900000,0.10374,0.10534,0.10346,0.10421,646775.0
1735345200000,0.1042,0.10441,0.10342,0.10342,275222.0
1735345500000,0.10342,0.10481,0.10342,0.10471,215519.0
1735345800000,0.10478,0.10537,0.10454,0.10455,335725.0
1735346100000,0.10458,0.10465,0.10357,0.1044,230584.0
1735346400000,0.10429,0.10438,0.10376,0.10428,170379.0
1735346700000,0.10414,0.1044,0.10402,0.10433,111555.0
1735347000000,0.10439,0.10497,0.1043,0.10454,141147.0
1735347300000,0.10454,0.10499,0.10441,0.10449,117697.0
1735347600000,0.10452,0.10455,0.1041,0.1044,89310.0
1735347900000,0.10429,0.10443,0.10402,0.10409,51594.0
1735348200000,0.10409,0.10435,0.10388,0.10407,72052.0
1735348500000,0.10415,0.10432,0.10304,0.10336,556165.0
1735348800000,0.1034,0.10383,0.10282,0.10323,231238.0
1735349100000,0.10332,0.10363,0.10303,0.10354,62848.0
1735349400000,0.10363,0.10386,0.10307,0.10386,247422.0
1735349700000,0.10385,0.10485,0.10385,0.10451,247991.0
1735350000000,0.10449,0.1046,0.10386,0.10386,144265.0
1735350300000,0.10387,0.10583,0.10385,0.1055,793490.0
1735350600000,0.10552,0.10571,0.10497,0.10522,121174.0
1735350900000,0.10516,0.10516,0.10437,0.10473,161327.0
1735351200000,0.10473,0.1049,0.10459,0.10471,52655.0
1735351500000,0.10481,0.10509,0.10461,0.10472,43320.0
1735351800000,0.10468,0.10499,0.10457,0.10469,96236.0
1735352100000,0.10471,0.10471,0.10411,0.10421,114210.0
1735352400000,0.10434,0.10444,0.104,0.10415,84600.0
1735352700000,0.10421,0.10426,0.104,0.10408,93586.0
1735353000000,0.10408,0.10436,0.10392,0.10436,270388.0
1735353300000,0.10435,0.10441,0.10383,0.10383,69420.0
1735353600000,0.10394,0.10414,0.10383,0.10401,66867.0
1735353900000,0.10387,0.10393,0.10357,0.10362,381120.0
1735354200000,0.10356,0.10356,0.10324,0.10333,39884.0
1735354500000,0.10332,0.10344,0.10316,0.10318,78927.0
1735354800000,0.10318,0.10385,0.10264,0.10385,282192.0
1735355100000,0.10384,0.10495,0.10384,0.10487,453899.0
1735355400000,0.10486,0.10535,0.10445,0.10481,1100053.0
1735355700000,0.10478,0.10538,0.1041,0.10427,1084039.0
1735356000000,0.10417,0.10448,0.10411,0.10429,41707.0
1735356300000,0.10431,0.10476,0.10418,0.10476,52166.0
1735356600000,0.10476,0.10487,0.10427,0.10431,87374.0
1735356900000,0.10431,0.10459,0.10411,0.10412,44968.0
1735357200000,0.10411,0.10421,0.10384,0.10388,112782.0
1735357500000,0.10388,0.10389,0.10356,0.10382,48340.0
1735357800000,0.10372,0.10428,0.10372,0.10405,96659.0
1735358100000,0.10405,0.10432,0.10388,0.10432,50387.0
1735358400000,0.10421,0.10445,0.10396,0.10422,55326.0
1735358700000,0.10412,0.10425,0.10374,0.10425,100896.0
1735359000000,0.10425,0.10514,0.10423,0.10502,179614.0
1735359300000,0.10502,0.10506,0.10466,0.10496,131638.0
1735359600000,0.10496,0.10504,0.10453,0.10472,77722.0
1735359900000,0.10467,0.10507,0.10451,0.10507,51476.0
1735360200000,0.10496,0.10607,0.10493,0.10576,255156.0
1735360500000,0.10576,0.10671,0.10524,0.10557,571815.0
1735360800000,0.10549,0.1057,0.10524,0.1057,63801.0
1735361100000,0.10572,0.10588,0.10535,0.10546,112430.0
1735361400000,0.10545,0.1059,0.10524,0.1059,105614.0
1735361700000,0.10587,0.10587,0.10531,0.10565,91500.0
1735362000000,0.10551,0.10593,0.10533,0.10533,100432.0
1735362300000,0.10533,0.10551,0.10524,0.10524,139810.0
1735362600000,0.10539,0.1054,0.10485,0.10485,373369.0
1735362900000,0.105,0.10516,0.10477,0.10483,97795.0
1735363200000,0.10483,0.10503,0.1045,0.10473,319927.0
1735363500000,0.10458,0.10664,0.10454,0.10579,2935786.0
1735363800000,0.1058,0.10649,0.10559,0.10638,449388.0
1735364100000,0.10637,0.10647,0.10541,0.10541,125674.0
1735364400000,0.10541,0.10546,0.10488,0.10488,173873.0
1735364700000,0.10488,0.10517,0.10432,0.10436,250845.0
1735365000000,0.10437,0.10437,0.10397,0.10407,188491.0
1735365300000,0.1042,0.10422,0.10398,0.10402,73506.0
1735365600000,0.10403,0.10474,0.10402,0.10424,455063.0
1735365900000,0.10424,0.10424,0.10122,0.10256,1951133.0
1735366200000,0.1025,0.10281,0.1023,0.10247,258917.0
1735366500000,0.10244,0.103,0.10244,0.10284,108087.0
1735366800000,0.10283,0.10323,0.10281,0.10322,38163.0
1735367100000,0.10321,0.1035,0.10301,0.10305,165770.0
1735367400000,0.10302,0.1032,0.10251,0.10251,134033.0
1735367700000,0.10248,0.10277,0.10245,0.10268,266708.0
1735368000000,0.10264,0.10302,0.1025,0.10296,207149.0
1735368300000,0.10293,0.10294,0.102,0.10227,225749.0
1735368600000,0.10227,0.10264,0.10197,0.10247,299517.0
1735368900000,0.10252,0.10253,0.10063,0.10169,738435.0
1735369200000,0.10169,0.10189,0.0976,0.09933,2018089.0
1735369500000,0.09933,0.10011,0.0993,0.0998,850186.0
1735369800000,0.09983,0.10046,0.0997,0.10018,461352.0
1735370100000,0.10018,0.10032,0.09802,0.0991,1156077.0
1735370400000,0.09908,0.09938,0.09833,0.0992,413822.0
1735370700000,0.0992,0.09938,0.09874,0.09897,214895.0
1735371000000,0.09897,0.09908,0.098,0.09892,544467.0
1735371300000,0.09895,0.09915,0.09877,0.09896,133779.0
1735371600000,0.09889,0.09908,0.09809,0.09848,309821.0
1735371900000,0.09839,0.09891,0.098,0.09822,583390.0
1735372200000,0.09838,0.09896,0.09828,0.09843,193971.0
1735372500000,0.09843,0.09855,0.097,0.09786,785363.0
1735372800000,0.09786,0.0986,0.09758,0.0985,513678.0
1735373100000,0.0985,0.09883,0.0985,0.09876,180290.0
1735373400000,0.09875,0.09891,0.09833,0.09891,543098.0
1735373700000,0.09892,0.09986,0.09892,0.09976,555166.0
1735374000000,0.09986,0.1003,0.09931,0.09941,495703.0
1735374300000,0.09941,0.10006,0.09926,0.10005,191040.0
1735374600000,0.10011,0.10012,0.099,0.09918,202574.0
1735374900000,0.09916,0.09952,0.09896,0.09928,273259.0
1735375200000,0.09944,0.09974,0.09925,0.09956,53997.0
1735375500000,0.09945,0.09949,0.09892,0.09931,289872.0
1735375800000,0.09942,0.10015,0.0993,0.10003,260321.0
1735376100000,0.09989,0.10018,0.09964,0.09985,193699.0
1735376400000,0.09981,0.10028,0.09947,0.10027,201440.0
1735376700000,0.10032,0.10051,0.09997,0.10027,346945.0
1735377000000,0.10018,0.1008,0.10006,0.10054,224547.0
1735377300000,0.10054,0.10054,0.10002,0.10011,222681.0
1735377600000,0.10011,0.10064,0.10007,0.10029,123728.0
1735377900000,0.10008,0.10061,0.10008,0.10049,207565.0
1735378200000,0.10049,0.10109,0.10014,0.10025,418808.0
1735378500000,0.10025,0.10048,0.10011,0.1002,292582.0
1735378800000,0.1002,0.10076,0.10008,0.10008,177889.0
1735379100000,0.10008,0.10059,0.10008,0.1003,89738.0
1735379400000,0.1003,0.10069,0.10002,0.10038,275324.0
1735379700000,0.10019,0.10019,0.1,0.1,98253.0
1735380000000,0.10001,0.10001,0.09915,0.09975,419681.0
1735380300000,0.09967,0.1003,0.09954,0.10004,258415.0
1735380600000,0.09991,0.10011,0.09953,0.10011,332015.0
1735380900000,0.10009,0.10088,0.10006,0.10051,315970.0
1735381200000,0.10052,0.10127,0.1005,0.10127,394984.0
1735381500000,0.10129,0.1024,0.10127,0.10217,864774.0
1735381800000,0.10217,0.10232,0.10139,0.10155,562699.0
1735382100000,0.10156,0.10164,0.10087,0.10094,179654.0
1735382400000,0.10106,0.10114,0.10054,0.10075,217407.0
1735382700000,0.10093,0.10108,0.10075,0.10075,133417.0
1735383000000,0.10089,0.10089,0.10024,0.10067,173469.0
1735383300000,0.10075,0.10079,0.10005,0.10026,174657.0
1735383600000,0.10034,0.10051,0.10004,0.10047,323872.0
1735383900000,0.10048,0.10062,0.10032,0.10042,43851.0
1735384200000,0.10042,0.10061,0.10025,0.10047,55015.0
1735384500000,0.10058,0.10061,0.10004,0.10047,224081.0
1735384800000,0.10035,0.10041,0.10011,0.10031,67650.0
1735385100000,0.10025,0.10031,0.1,0.1002,153542.0
1735385400000,0.10023,0.1003,0.1,0.10024,439012.0
1735385700000,0.10023,0.10056,0.1,0.10018,417485.0
1735386000000,0.1003,0.1004,0.10001,0.10028,97888.0
1735386300000,0.10019,0.1008,0.10001,0.10008,242123.0
1735386600000,0.10009,0.10032,0.1,0.1,125775.0
1735386900000,0.10013,0.10015,0.10001,0.10014,58405.0
1735387200000,0.10013,0.10024,0.10001,0.10014,153361.0
1735387500000,0.10002,0.10029,0.09942,0.10006,1351267.0
1735387800000,0.10005,0.10065,0.1,0.10043,145582.0
1735388100000,0.10048,0.10077,0.10019,0.1004,210389.0
1735388400000,0.10045,0.10069,0.10026,0.10059,76014.0
1735388700000,0.10056,0.10056,0.10008,0.10009,123090.0
1735389000000,0.10001,0.10001,0.09915,0.09951,331430.0
1735389300000,0.09943,0.09959,0.09902,0.09921,143562.0
1735389600000,0.09928,0.09928,0.09872,0.09888,217937.0
1735389900000,0.09898,0.09938,0.09855,0.09859,613056.0
1735390200000,0.09858,0.09881,0.09809,0.09853,543227.0
1735390500000,0.09845,0.09863,0.098,0.09863,329183.0
1735390800000,0.09862,0.09909,0.09837,0.09879,435273.0
1735391100000,0.09869,0.09935,0.0984,0.0988,296999.0
1735391400000,0.09878,0.09941,0.09849,0.09941,195166.0
1735391700000,0.09931,0.09971,0.09895,0.09971,267791.0
1735392000000,0.09971,0.10097,0.09952,0.1004,747053.0
1735392300000,0.10047,0.10071,0.10026,0.10059,190451.0
1735392600000,0.10052,0.10133,0.1003,0.10124,610372.0
1735392900000,0.10124,0.10202,0.10124,0.10177,675867.0
1735393200000,0.10168,0.10185,0.1008,0.10091,555292.0
1735393500000,0.10098,0.10168,0.10048,0.10139,552552.0
1735393800000,0.10153,0.10201,0.10095,0.10109,263593.0
1735394100000,0.10097,0.10145,0.10096,0.10144,405659.0
1735394400000,0.10144,0.1018,0.1013,0.10142,435320.0
1735394700000,0.10155,0.10209,0.1014,0.10162,590422.0
1735395000000,0.10162,0.10245,0.10145,0.10208,557706.0
1735395300000,0.10211,0.10251,0.10207,0.10247,273594.0
1735395600000,0.10247,0.1027,0.10192,0.10219,529198.0
1735395900000,0.10218,0.10219,0.10144,0.10152,298448.0
1735396200000,0.10151,0.10156,0.10102,0.10104,335985.0
1735396500000,0.101,0.10117,0.10039,0.10078,341277.0
1735396800000,0.10071,0.10085,0.10041,0.10043,125626.0
1735397100000,0.10043,0.10071,0.10037,0.10058,143412.0
1735397400000,0.10054,0.10059,0.09988,0.10014,360465.0
1735397700000,0.10014,0.10025,0.09916,0.09952,841386.0
1735398000000,0.09952,0.1007,0.0995,0.10059,334080.0
1735398300000,0.1007,0.10126,0.10059,0.10125,354786.0
1735398600000,0.10126,0.10127,0.10051,0.10059,96643.0
1735398900000,0.10059,0.10072,0.10016,0.10068,161619.0
1735399200000,0.10067,0.10118,0.10058,0.10109,65472.0
1735399500000,0.10109,0.10116,0.10085,0.10112,140988.0
1735399800000,0.10117,0.10122,0.10085,0.10085,167850.0
1735400100000,0.10085,0.10085,0.09942,0.09964,428727.0
1735400400000,0.09973,0.10031,0.09968,0.10031,174082.0
1735400700000,0.10018,0.10053,0.09796,0.09856,1970916.0
1735401000000,0.09869,0.09905,0.0984,0.09887,186473.0
1735401300000,0.09878,0.0989,0.098,0.09854,527016.0
1735401600000,0.09853,0.09892,0.09853,0.09866,146982.0
1735401900000,0.09857,0.09877,0.0981,0.09815,281414.0
1735402200000,0.09817,0.09884,0.09792,0.09835,336225.0
1735402500000,0.0983,0.09892,0.09827,0.09891,167008.0
1735402800000,0.09891,0.09909,0.0985,0.09872,143833.0
1735403100000,0.09864,0.09888,0.09849,0.09875,114611.0
1735403400000,0.09865,0.09887,0.09858,0.09879,63954.0
1735403700000,0.09871,0.0989,0.09849,0.09878,186840.0
1735404000000,0.09879,0.09889,0.09863,0.09865,108322.0
1735404300000,0.09865,0.09872,0.09827,0.0983,151610.0
1735404600000,0.09837,0.09868,0.09835,0.09868,50214.0
1735404900000,0.09871,0.09871,0.09841,0.09856,48281.0
1735405200000,0.0985,0.09877,0.09824,0.09837,265741.0
1735405500000,0.0983,0.0991,0.0981,0.0991,246995.0
1735405800000,0.09905,0.09972,0.09888,0.09906,538674.0
1735406100000,0.09897,0.09936,0.09886,0.09902,104825.0
1735406400000,0.09911,0.09954,0.09902,0.09931,86209.0
1735406700000,0.09937,0.09979,0.09921,0.09945,148957.0
1735407000000,0.09942,0.0997,0.099,0.099,277657.0
1735407300000,0.09899,0.09907,0.09844,0.09851,541277.0
1735407600000,0.09851,0.0988,0.09818,0.09818,284996.0
1735407900000,0.09821,0.09861,0.09792,0.09792,216413.0
1735408200000,0.09794,0.09832,0.09792,0.09829,129188.0
1735408500000,0.09816,0.09828,0.09777,0.098,140227.0
1735408800000,0.09809,0.09871,0.0979,0.09866,325419.0
1735409100000,0.09854,0.09866,0.09826,0.09853,75881.0
1735409400000,0.09853,0.09857,0.09832,0.09842,69857.0
1735409700000,0.09833,0.09873,0.09832,0.09871,112467.0
1735410000000,0.0986,0.09891,0.09858,0.0988,156279.0
1735410300000,0.09873,0.09888,0.09857,0.09858,36784.0
1735410600000,0.0986,0.0986,0.09824,0.09838,89940.0
1735410900000,0.09828,0.09858,0.09811,0.09845,135672.0
1735411200000,0.09845,0.09845,0.098,0.09803,183778.0
1735411500000,0.09803,0.09828,0.098,0.09805,88736.0
1735411800000,0.09805,0.0985,0.098,0.09844,216825.0
1735412100000,0.09835,0.09844,0.09834,0.09834,36910.0
1735412400000,0.09834,0.09876,0.09834,0.09876,116444.0
1735412700000,0.09877,0.09907,0.0986,0.09907,112719.0
1735413000000,0.09907,0.09907,0.0984,0.09882,163181.0
1735413300000,0.09883,0.099,0.0985,0.09892,113059.0
1735413600000,0.09892,0.09897,0.09867,0.09867,40382.0
1735413900000,0.09873,0.09885,0.0984,0.09881,158890.0
1735414200000,0.0988,0.09896,0.0986,0.09864,53941.0
1735414500000,0.09864,0.09887,0.09851,0.09875,108409.0
1735414800000,0.09875,0.09875,0.09845,0.09851,48285.0
1735415100000,0.09851,0.09881,0.09845,0.09873,52495.0
1735415400000,0.09864,0.0988,0.0985,0.09866,144436.0
1735415700000,0.09862,0.09871,0.09846,0.09849,35791.0
1735416000000,0.09849,0.09883,0.09849,0.09868,111451.0
1735416300000,0.09868,0.09873,0.09846,0.0987,39619.0
1735416600000,0.09851,0.09873,0.09846,0.09869,89715.0
1735416900000,0.09869,0.09873,0.09855,0.09867,94763.0
1735417200000,0.09867,0.0988,0.09848,0.09866,221197.0
1735417500000,0.09871,0.0999,0.09862,0.09985,590392.0
1735417800000,0.09969,0.10539,0.09968,0.10494,7341679.0
1735418100000,0.1048,0.10539,0.1029,0.10341,2225789.0
1735418400000,0.10348,0.10473,0.1032,0.1032,1667039.0
1735418700000,0.10332,0.10377,0.10303,0.10308,761791.0
1735419000000,0.10321,0.10421,0.1028,0.10395,864289.0
1735419300000,0.10374,0.1039,0.10304,0.1031,692453.0
1735419600000,0.1032,0.10417,0.1024,0.10316,1171500.0
1735419900000,0.10313,0.10385,0.10309,0.10318,280390.0
1735420200000,0.10338,0.10431,0.1033,0.10424,740554.0
1735420500000,0.10423,0.10489,0.1033,0.10361,1209870.0
1735420800000,0.10362,0.10449,0.1033,0.1042,865692.0
1735421100000,0.1042,0.10424,0.10333,0.1037,606100.0
1735421400000,0.10356,0.1042,0.10337,0.1042,475378.0
1735421700000,0.104,0.10568,0.10384,0.10498,765850.0
1735422000000,0.105,0.10523,0.10391,0.10404,515301.0
1735422300000,0.1041,0.10425,0.1035,0.10425,414670.0
1735422600000,0.10429,0.10514,0.10422,0.10499,431854.0
1735422900000,0.10499,0.1051,0.10411,0.10432,348635.0
1735423200000,0.10435,0.10475,0.104,0.10469,195010.0
1735423500000,0.10474,0.10526,0.10454,0.10457,229909.0
1735423800000,0.10456,0.10636,0.10447,0.10623,447115.0
1735424100000,0.1061,0.10693,0.10595,0.1064,842253.0
1735424400000,0.1064,0.10648,0.1052,0.1052,392549.0
1735424700000,0.10516,0.10558,0.10497,0.1053,322710.0
1735425000000,0.10528,0.106,0.10519,0.106,211491.0
1735425300000,0.106,0.10727,0.10561,0.10661,569862.0
1735425600000,0.10659,0.10709,0.10569,0.10617,609195.0
1735425900000,0.10628,0.1085,0.10628,0.10824,761406.0
1735426200000,0.1082,0.10875,0.10727,0.10731,753758.0
1735426500000,0.10739,0.10749,0.10675,0.10689,154700.0
1735426800000,0.10689,0.1084,0.10689,0.10796,626484.0
1735427100000,0.10796,0.10796,0.10657,0.1072,474430.0
1735427400000,0.10722,0.10788,0.10698,0.10745,305818.0
1735427700000,0.10743,0.10754,0.10681,0.1075,503419.0
1735428000000,0.10751,0.1084,0.1075,0.10778,263742.0
1735428300000,0.10775,0.10775,0.10696,0.10721,180159.0
1735428600000,0.1072,0.10789,0.10708,0.10741,310420.0
1735428900000,0.10741,0.10845,0.10741,0.10821,319221.0
1735429200000,0.10821,0.10835,0.10787,0.10804,194784.0
1735429500000,0.10812,0.1083,0.10751,0.10814,332576.0
1735429800000,0.1082,0.10884,0.10755,0.10759,1019358.0
1735430100000,0.10767,0.1077,0.10653,0.10739,610250.0
1735430400000,0.10749,0.10756,0.10566,0.10568,464847.0
1735430700000,0.10571,0.10631,0.10534,0.10631,578745.0
1735431000000,0.1063,0.10792,0.10615,0.10731,773110.0
1735431300000,0.10731,0.10943,0.10731,0.10934,811618.0
1735431600000,0.10919,0.10925,0.10673,0.10718,788869.0
1735431900000,0.10724,0.10728,0.10666,0.10666,216302.0
1735432200000,0.10665,0.10676,0.10624,0.1063,288721.0
1735432500000,0.10642,0.10791,0.10631,0.10782,233827.0
1735432800000,0.1079,0.10797,0.10745,0.10778,140747.0
1735433100000,0.10778,0.10783,0.10746,0.10768,148103.0
1735433400000,0.10769,0.10779,0.10694,0.10699,254346.0
1735433700000,0.107,0.10731,0.10689,0.1073,88592.0
1735434000000,0.10731,0.10775,0.10724,0.1075,399803.0
1735434300000,0.1075,0.10799,0.10743,0.10797,208759.0
1735434600000,0.10792,0.10814,0.10556,0.10569,708211.0
1735434900000,0.10582,0.1061,0.10581,0.1061,86302.0
1735435200000,0.10611,0.10636,0.10596,0.10625,111221.0
1735435500000,0.10623,0.10642,0.10589,0.10592,139677.0
1735435800000,0.10594,0.10682,0.10594,0.10681,107575.0
1735436100000,0.10675,0.10842,0.10675,0.10783,452352.0
1735436400000,0.10779,0.10829,0.10763,0.10773,117621.0
1735436700000,0.10774,0.10867,0.10752,0.10809,578660.0
1735437000000,0.10806,0.10806,0.10721,0.10736,68881.0
1735437300000,0.10741,0.10749,0.10707,0.10724,145034.0
1735437600000,0.10716,0.10827,0.10716,0.10824,80423.0
1735437900000,0.10824,0.10824,0.10753,0.10765,60672.0
1735438200000,0.10763,0.10772,0.1072,0.10722,78500.0
1735438500000,0.10724,0.10751,0.10686,0.10695,75568.0
1735438800000,0.10698,0.10711,0.10648,0.10666,185808.0
1735439100000,0.10665,0.10666,0.10641,0.10645,82878.0
1735439400000,0.10657,0.10702,0.10648,0.10679,178600.0
1735439700000,0.10679,0.10687,0.10651,0.10664,122564.0
1735440000000,0.10672,0.10723,0.1067,0.10697,136188.0
1735440300000,0.10698,0.10712,0.10642,0.10654,95831.0
1735440600000,0.10654,0.10686,0.10654,0.10668,54921.0
1735440900000,0.10669,0.10691,0.10668,0.10675,31491.0
1735441200000,0.10675,0.1073,0.10675,0.10724,52036.0
1735441500000,0.10725,0.10792,0.10725,0.10758,155835.0
1735441800000,0.10758,0.10766,0.10723,0.10743,86907.0
1735442100000,0.10754,0.10846,0.10754,0.1083,194451.0
1735442400000,0.10831,0.10932,0.10826,0.10895,533367.0
1735442700000,0.10893,0.1099,0.10893,0.10948,324364.0
1735443000000,0.10951,0.10995,0.10916,0.10981,229136.0
1735443300000,0.10992,0.11145,0.10984,0.11065,1058942.0
1735443600000,0.11065,0.11093,0.10953,0.1101,457206.0
1735443900000,0.11018,0.11019,0.1086,0.1089,847235.0
1735444200000,0.1089,0.109,0.10822,0.1084,206728.0
1735444500000,0.10852,0.10895,0.10779,0.1088,341131.0
1735444800000,0.1088,0.10889,0.10752,0.10768,429862.0
1735445100000,0.10777,0.10789,0.10709,0.10709,369407.0
1735445400000,0.10708,0.10708,0.10646,0.10667,299284.0
1735445700000,0.10684,0.10793,0.10682,0.10704,202689.0
1735446000000,0.10703,0.10742,0.10657,0.10674,261843.0
1735446300000,0.10693,0.10693,0.10626,0.10629,275369.0
1735446600000,0.1064,0.1064,0.10558,0.10575,250690.0
1735446900000,0.10584,0.10636,0.10542,0.1059,375409.0
1735447200000,0.10586,0.10615,0.10583,0.10604,19552.0
1735447500000,0.10602,0.10666,0.10542,0.10542,447019.0
1735447800000,0.10559,0.10588,0.1047,0.1049,356321.0
1735448100000,0.10488,0.10519,0.10466,0.10497,181170.0
1735448400000,0.10497,0.10556,0.1049,0.10549,138094.0
1735448700000,0.10537,0.10549,0.10494,0.10534,52561.0
1735449000000,0.10534,0.10603,0.1053,0.10582,144363.0
1735449300000,0.10582,0.10588,0.10528,0.10554,99270.0
1735449600000,0.10569,0.10581,0.10549,0.10581,95345.0
1735449900000,0.10572,0.106,0.10508,0.10508,228956.0
1735450200000,0.1052,0.10555,0.10509,0.10555,79452.0
1735450500000,0.10562,0.10678,0.10556,0.10665,206544.0
1735450800000,0.10665,0.10744,0.10665,0.1072,460801.0
1735451100000,0.10706,0.10768,0.10605,0.10733,476242.0
1735451400000,0.10741,0.10791,0.10733,0.10788,305631.0
1735451700000,0.10776,0.10792,0.10702,0.10785,322314.0
1735452000000,0.10785,0.109,0.10785,0.10862,374417.0
1735452300000,0.10862,0.11071,0.10852,0.11033,1345742.0
1735452600000,0.11025,0.11045,0.10894,0.10894,564338.0
1735452900000,0.10891,0.10891,0.10785,0.1081,501176.0
1735453200000,0.10797,0.109,0.10758,0.10776,2774028.0
1735453500000,0.10776,0.10787,0.10737,0.1076,176516.0
1735453800000,0.10748,0.10895,0.10737,0.10895,309746.0
1735454100000,0.10891,0.11029,0.1087,0.10994,509333.0
1735454400000,0.10994,0.11076,0.10991,0.11073,250401.0
1735454700000,0.11076,0.11164,0.11033,0.11055,538826.0
1735455000000,0.11061,0.11061,0.10922,0.10939,351037.0
1735455300000,0.10939,0.1094,0.10887,0.10938,325939.0
1735455600000,0.10933,0.11155,0.10911,0.111,1539130.0
1735455900000,0.11087,0.1145,0.1107,0.1133,3092594.0
1735456200000,0.11331,0.1145,0.11235,0.11283,2549908.0
1735456500000,0.11286,0.11404,0.1099,0.11042,1594379.0
1735456800000,0.11048,0.11423,0.11017,0.11355,2481520.0
1735457100000,0.11355,0.11661,0.11256,0.11401,5916345.0
1735457400000,0.11411,0.11427,0.10978,0.11107,3148722.0
1735457700000,0.11097,0.11143,0.10854,0.11106,3539124.0
1735458000000,0.11096,0.11096,0.10801,0.10879,1778212.0
1735458300000,0.10865,0.10893,0.10768,0.10813,1376720.0
1735458600000,0.10801,0.1085,0.10767,0.10805,1089839.0
1735458900000,0.10795,0.10814,0.10736,0.1079,837151.0
1735459200000,0.10792,0.10843,0.1072,0.10784,833338.0
1735459500000,0.10783,0.1082,0.10532,0.10623,1734367.0
1735459800000,0.10632,0.10686,0.10413,0.10581,2337496.0
1735460100000,0.10576,0.10601,0.105,0.10524,508018.0
1735460400000,0.10527,0.10677,0.105,0.1061,929352.0
1735460700000,0.10605,0.10605,0.10467,0.10486,557832.0
1735461000000,0.10484,0.10631,0.10471,0.1056,621749.0
1735461300000,0.10552,0.10587,0.10521,0.10571,217326.0
1735461600000,0.10565,0.10662,0.10556,0.10593,423289.0
1735461900000,0.10592,0.10592,0.10513,0.10549,317919.0
1735462200000,0.10549,0.10679,0.10535,0.10596,701524.0
1735462500000,0.10596,0.10599,0.1046,0.10495,774168.0
1735462800000,0.10496,0.10521,0.1025,0.10282,1341976.0
1735463100000,0.10284,0.10433,0.10165,0.10222,1816744.0
1735463400000,0.10225,0.10284,0.10158,0.1022,814676.0
1735463700000,0.10223,0.10231,0.10036,0.10085,1650741.0
1735464000000,0.10081,0.10132,0.1003,0.10089,777025.0
1735464300000,0.10091,0.10196,0.10088,0.1015,883742.0
1735464600000,0.10151,0.10193,0.10087,0.10127,648958.0
1735464900000,0.10125,0.10138,0.101,0.10101,199869.0
1735465200000,0.10101,0.10121,0.10052,0.10121,476606.0
1735465500000,0.10121,0.10164,0.10112,0.10164,373093.0
1735465800000,0.10162,0.10201,0.10128,0.10128,202111.0
1735466100000,0.10141,0.10141,0.1008,0.10097,354404.0
1735466400000,0.10109,0.10119,0.1008,0.1009,120253.0
1735466700000,0.10095,0.10165,0.1007,0.10163,350573.0
1735467000000,0.10166,0.10167,0.10123,0.1013,102569.0
1735467300000,0.10128,0.10146,0.10094,0.10094,262292.0
1735467600000,0.101,0.10161,0.101,0.10116,350522.0
1735467900000,0.10131,0.10143,0.0995,0.1,1415544.0
1735468200000,0.10009,0.10037,0.09908,0.1,686126.0
1735468500000,0.1,0.1002,0.09976,0.1002,226499.0
1735468800000,0.10018,0.10041,0.1,0.10032,96984.0
1735469100000,0.10043,0.10053,0.0997,0.09992,320502.0
1735469400000,0.10006,0.10017,0.09975,0.10014,308049.0
1735469700000,0.10015,0.10021,0.09959,0.09985,205952.0
1735470000000,0.09979,0.10076,0.09978,0.10075,781750.0
1735470300000,0.1007,0.10087,0.10024,0.10048,204372.0
1735470600000,0.10041,0.10089,0.10031,0.10038,350423.0
1735470900000,0.10045,0.10055,0.10032,0.1005,102433.0
1735471200000,0.10039,0.10061,0.10026,0.10026,44989.0
1735471500000,0.10026,0.10045,0.10011,0.1003,196464.0
1735471800000,0.10035,0.1009,0.10024,0.10059,168091.0
1735472100000,0.10059,0.10114,0.10055,0.10112,183454.0
1735472400000,0.10103,0.10103,0.10049,0.10055,149564.0
1735472700000,0.10056,0.10088,0.10056,0.10065,59183.0
1735473000000,0.10065,0.10065,0.10002,0.10002,118302.0
1735473300000,0.10002,0.10036,0.09975,0.10013,253140.0
1735473600000,0.10022,0.10034,0.09983,0.10014,259974.0
1735473900000,0.10014,0.10024,0.09993,0.09993,141835.0
1735474200000,0.09996,0.1002,0.09854,0.09929,1060118.0
1735474500000,0.09913,0.09971,0.09913,0.09971,72944.0
1735474800000,0.09965,0.09983,0.09961,0.0998,141714.0
1735475100000,0.09978,0.10002,0.09956,0.09987,158208.0
1735475400000,0.09987,0.10003,0.09913,0.09941,314537.0
1735475700000,0.09941,0.1008,0.09829,0.10077,1389639.0
1735476000000,0.10083,0.10278,0.10083,0.10267,2103019.0
1735476300000,0.10267,0.10345,0.10168,0.10283,900202.0
1735476600000,0.10278,0.10278,0.10117,0.10179,461542.0
1735476900000,0.10171,0.10237,0.1015,0.10152,865267.0
1735477200000,0.10153,0.10461,0.10153,0.1044,2746654.0
1735477500000,0.10448,0.10469,0.10314,0.10406,1042636.0
1735477800000,0.10407,0.10407,0.10216,0.10271,1013332.0
1735478100000,0.10272,0.10469,0.10178,0.10383,1618692.0
1735478400000,0.1038,0.10663,0.10355,0.10387,3237757.0
1735478700000,0.10389,0.10397,0.1029,0.10313,649842.0
1735479000000,0.1032,0.10388,0.1015,0.1025,1330862.0
1735479300000,0.10248,0.10258,0.10207,0.10208,325549.0
1735479600000,0.10208,0.10219,0.10062,0.10141,942675.0
1735479900000,0.10144,0.1018,0.10097,0.1017,556828.0
1735480200000,0.1017,0.10186,0.10071,0.10098,389193.0
1735480500000,0.10098,0.10122,0.10007,0.10032,879893.0
1735480800000,0.1003,0.10042,0.09927,0.1001,783093.0
1735481100000,0.10009,0.10044,0.09982,0.10037,775392.0
1735481400000,0.10038,0.10071,0.10017,0.10067,268768.0
1735481700000,0.10052,0.10063,0.099,0.09962,882906.0
1735482000000,0.09969,0.10017,0.09965,0.09991,202708.0
1735482300000,0.09987,0.101,0.09967,0.09984,973459.0
1735482600000,0.09983,0.09989,0.09858,0.09889,911872.0
1735482900000,0.09888,0.09976,0.09879,0.09969,141984.0
1735483200000,0.09956,0.0998,0.09923,0.09936,148984.0
1735483500000,0.09933,0.0996,0.0988,0.0996,213277.0
1735483800000,0.09964,0.10025,0.09964,0.09975,72561.0
1735484100000,0.09972,0.10017,0.0996,0.09996,175706.0
1735484400000,0.09995,0.10025,0.09948,0.09956,324060.0
1735484700000,0.09945,0.09982,0.09928,0.09963,141940.0
1735485000000,0.09946,0.09995,0.09923,0.09986,101026.0
1735485300000,0.09989,0.10016,0.09968,0.10002,105625.0
1735485600000,0.09982,0.1001,0.09972,0.1001,87468.0
1735485900000,0.10021,0.10072,0.09965,0.10072,354573.0
1735486200000,0.10061,0.10071,0.09972,0.10028,841038.0
1735486500000,0.10002,0.10017,0.09957,0.10008,220808.0
1735486800000,0.10009,0.1001,0.09976,0.1,123513.0
1735487100000,0.0999,0.10001,0.09937,0.09937,254408.0
1735487400000,0.09966,0.09976,0.09918,0.09947,241066.0
1735487700000,0.09943,0.09943,0.09886,0.0992,233271.0
1735488000000,0.0992,0.0992,0.09866,0.09915,125214.0
1735488300000,0.09919,0.09977,0.09881,0.09918,846507.0
1735488600000,0.09909,0.09921,0.09866,0.09866,180941.0
1735488900000,0.09867,0.09889,0.09803,0.09827,321488.0
1735489200000,0.09827,0.09855,0.09817,0.0982,161539.0
1735489500000,0.09831,0.09947,0.09821,0.09914,518319.0
1735489800000,0.09915,0.09924,0.09849,0.09867,218654.0
1735490100000,0.09855,0.09855,0.09813,0.09836,192419.0
1735490400000,0.09836,0.09907,0.098,0.09874,337114.0
1735490700000,0.09874,0.09886,0.09862,0.0987,37713.0
1735491000000,0.09869,0.09903,0.09849,0.09898,151536.0
1735491300000,0.09898,0.09919,0.0986,0.0991,189190.0
1735491600000,0.09909,0.0991,0.09812,0.09844,202776.0
1735491900000,0.09844,0.099,0.09826,0.099,135725.0
1735492200000,0.09898,0.09913,0.09882,0.09904,40572.0
1735492500000,0.09903,0.09925,0.09836,0.09853,292138.0
1735492800000,0.0985,0.09907,0.09848,0.09885,153306.0
1735493100000,0.09896,0.10029,0.09865,0.09919,1354880.0
1735493400000,0.09908,0.10029,0.09904,0.10029,454869.0
1735493700000,0.10029,0.10241,0.10029,0.10234,3621863.0
1735494000000,0.10235,0.106,0.10233,0.10371,3957921.0
1735494300000,0.1037,0.10392,0.10098,0.10129,1518332.0
1735494600000,0.10134,0.10183,0.10055,0.10145,833482.0
1735494900000,0.10131,0.1017,0.10092,0.1012,785912.0
1735495200000,0.1012,0.10299,0.10108,0.10118,579142.0
1735495500000,0.10118,0.10148,0.1004,0.10105,939157.0
1735495800000,0.10093,0.10131,0.1003,0.10062,431403.0
1735496100000,0.1007,0.10358,0.10065,0.10226,2134989.0
1735496400000,0.10227,0.10262,0.10159,0.10228,911502.0
1735496700000,0.10228,0.10294,0.1021,0.10226,635633.0
1735497000000,0.10235,0.103,0.10178,0.10227,528607.0
1735497300000,0.10213,0.10276,0.10188,0.10268,412336.0
1735497600000,0.10266,0.103,0.10252,0.10298,264786.0
1735497900000,0.10279,0.10356,0.10233,0.10233,478791.0
1735498200000,0.10233,0.10266,0.10186,0.10225,487484.0
1735498500000,0.10222,0.10253,0.10148,0.10205,545632.0
1735498800000,0.10222,0.10259,0.1013,0.1013,340880.0
1735499100000,0.10145,0.10164,0.10064,0.10067,486615.0
1735499400000,0.10079,0.1012,0.10078,0.10094,102047.0
1735499700000,0.10094,0.10206,0.10054,0.10072,1033350.0
1735500000000,0.10072,0.1023,0.10051,0.10053,4334519.0
1735500300000,0.10067,0.10243,0.10051,0.10161,997877.0
1735500600000,0.10165,0.10228,0.1013,0.10185,580707.0
1735500900000,0.10203,0.1022,0.10187,0.10213,56809.0
1735501200000,0.10213,0.10429,0.102,0.10357,1447061.0
1735501500000,0.10361,0.1044,0.10285,0.10298,1061360.0
1735501800000,0.10294,0.10455,0.10292,0.10352,831045.0
1735502100000,0.10352,0.10462,0.1031,0.10438,540936.0
1735502400000,0.10451,0.1071,0.10372,0.10689,2751536.0
1735502700000,0.10681,0.11042,0.1052,0.10957,5647496.0
1735503000000,0.1096,0.11012,0.10451,0.10599,4024164.0
1735503300000,0.10598,0.10771,0.10597,0.10735,2323069.0
1735503600000,0.10744,0.10801,0.10381,0.10382,3828207.0
1735503900000,0.10392,0.10474,0.10329,0.1037,1176191.0
1735504200000,0.1036,0.10424,0.10244,0.10244,1257977.0
1735504500000,0.10252,0.10364,0.10188,0.10286,1600888.0
1735504800000,0.10281,0.10295,0.1024,0.10244,360354.0
1735505100000,0.1027,0.1032,0.10257,0.1027,107161.0
1735505400000,0.10269,0.103,0.1017,0.10198,1059526.0
1735505700000,0.10211,0.10366,0.10211,0.10309,656186.0
1735506000000,0.10315,0.10436,0.10315,0.10387,383372.0
1735506300000,0.10398,0.10398,0.1,0.1009,2482525.0
1735506600000,0.10089,0.10128,0.10034,0.10046,632239.0
1735506900000,0.10058,0.10094,0.10034,0.10094,246684.0
1735507200000,0.10085,0.1011,0.1003,0.10035,271700.0
1735507500000,0.1004,0.1011,0.10025,0.10067,385043.0
1735507800000,0.10064,0.1018,0.10045,0.10141,636716.0
1735508100000,0.10155,0.10175,0.10116,0.10118,185542.0
1735508400000,0.10117,0.10132,0.10095,0.10095,109235.0
1735508700000,0.10098,0.10187,0.10086,0.10087,440188.0
1735509000000,0.10098,0.10098,0.10014,0.10069,294794.0
1735509300000,0.10055,0.10132,0.10054,0.10121,123355.0
1735509600000,0.10121,0.1013,0.10072,0.101,213439.0
1735509900000,0.10117,0.10168,0.10085,0.10085,261774.0
1735510200000,0.1007,0.1007,0.1,0.1004,252852.0
1735510500000,0.10028,0.10033,0.09954,0.09967,238188.0
1735510800000,0.09966,0.09996,0.09907,0.09987,257990.0
1735511100000,0.09995,0.10023,0.09987,0.10013,88052.0
1735511400000,0.10025,0.10068,0.09999,0.10024,326687.0
1735511700000,0.10034,0.10084,0.10023,0.10066,306924.0
1735512000000,0.10078,0.10103,0.10069,0.10074,43515.0
1735512300000,0.10087,0.10123,0.10081,0.10112,68208.0
1735512600000,0.10097,0.10103,0.10029,0.10038,210177.0
1735512900000,0.10035,0.1004,0.10013,0.1004,175185.0
1735513200000,0.10039,0.10048,0.1,0.10021,67109.0
1735513500000,0.10009,0.10042,0.1,0.10015,103273.0
1735513800000,0.10014,0.10048,0.1,0.10029,104239.0
1735514100000,0.10043,0.10081,0.10043,0.10049,181465.0
1735514400000,0.10043,0.10211,0.1003,0.10184,492868.0
1735514700000,0.10195,0.10214,0.10126,0.10152,155594.0
1735515000000,0.10161,0.10162,0.10096,0.10127,118875.0
1735515300000,0.10143,0.10143,0.10107,0.10124,32766.0
1735515600000,0.10124,0.10124,0.10073,0.10104,74807.0
1735515900000,0.101,0.10119,0.10071,0.10101,109527.0
1735516200000,0.10102,0.10115,0.10072,0.10106,81365.0
1735516500000,0.10106,0.10151,0.10094,0.10094,104170.0
1735516800000,0.10109,0.10113,0.10043,0.1005,143065.0
1735517100000,0.10048,0.10136,0.10009,0.10136,283379.0
1735517400000,0.10136,0.10182,0.10113,0.10182,108909.0
1735517700000,0.10181,0.10215,0.10178,0.10212,280730.0
1735518000000,0.10207,0.10266,0.10201,0.10258,189762.0
1735518300000,0.10264,0.10265,0.10229,0.10258,114490.0
1735518600000,0.10257,0.10258,0.10245,0.10258,201803.0
1735518900000,0.10258,0.10344,0.10257,0.10325,208241.0
1735519200000,0.10316,0.10323,0.10223,0.10272,180809.0
1735519500000,0.10293,0.10325,0.10288,0.103,101277.0
1735519800000,0.10291,0.10345,0.1029,0.10327,82237.0
1735520100000,0.1031,0.10328,0.10289,0.10291,32280.0
1735520400000,0.10284,0.10291,0.10217,0.10255,208389.0
1735520700000,0.10242,0.10271,0.10226,0.10251,58629.0
1735521000000,0.10237,0.10247,0.10205,0.10206,40389.0
1735521300000,0.10218,0.10279,0.10206,0.10251,181841.0
1735521600000,0.10249,0.10272,0.10209,0.10209,187942.0
1735521900000,0.10212,0.10237,0.10145,0.10191,454204.0
1735522200000,0.10208,0.10216,0.10192,0.10214,26042.0
1735522500000,0.10214,0.10299,0.10202,0.1024,449769.0
1735522800000,0.10235,0.10329,0.10235,0.10329,313065.0
1735523100000,0.10328,0.10347,0.10314,0.10314,409921.0
1735523400000,0.10329,0.1035,0.10309,0.10321,50946.0
1735523700000,0.10324,0.1034,0.10273,0.10276,163585.0
1735524000000,0.10288,0.10322,0.10263,0.10268,109334.0
1735524300000,0.10269,0.10282,0.10181,0.10184,89438.0
1735524600000,0.10184,0.10197,0.10103,0.10146,379910.0
1735524900000,0.10145,0.10184,0.10145,0.1017,23449.0
1735525200000,0.10173,0.10229,0.1014,0.10217,156618.0
1735525500000,0.10217,0.10217,0.10177,0.10195,34398.0
1735525800000,0.10193,0.10219,0.10184,0.1019,29846.0
1735526100000,0.10195,0.10229,0.10193,0.10229,31360.0
1735526400000,0.10234,0.10246,0.10208,0.10227,32899.0
1735526700000,0.10239,0.10243,0.10213,0.10215,35556.0
1735527000000,0.10219,0.10219,0.1015,0.10178,90387.0
1735527300000,0.10178,0.10191,0.10116,0.10153,97971.0
1735527600000,0.10156,0.10183,0.10117,0.1014,56934.0
1735527900000,0.10146,0.10201,0.10139,0.10155,63322.0
1735528200000,0.10172,0.10173,0.10125,0.10125,113973.0
1735528500000,0.10126,0.10133,0.10072,0.10105,99863.0
1735528800000,0.10087,0.10146,0.10039,0.10054,488801.0
1735529100000,0.10054,0.10087,0.10054,0.1006,75720.0
1735529400000,0.10079,0.10139,0.1006,0.10099,198521.0
1735529700000,0.10113,0.10122,0.1009,0.1009,60876.0
1735530000000,0.1009,0.10098,0.10077,0.10077,108928.0
1735530300000,0.10078,0.10105,0.10069,0.10075,67766.0
1735530600000,0.10087,0.10091,0.10063,0.10063,32657.0
1735530900000,0.10075,0.10089,0.10051,0.10071,106296.0
1735531200000,0.10083,0.1011,0.10071,0.10074,37031.0
1735531500000,0.10084,0.10095,0.10066,0.10078,6605.0
1735531800000,0.10078,0.10147,0.10058,0.10102,585024.0
1735532100000,0.10102,0.10111,0.10066,0.10079,41685.0
1735532400000,0.10079,0.10115,0.10072,0.10096,59994.0
1735532700000,0.10095,0.10095,0.10025,0.10026,106423.0
1735533000000,0.10026,0.10119,0.10013,0.10044,1239709.0
1735533300000,0.10033,0.10055,0.10014,0.10054,107275.0
1735533600000,0.10039,0.10051,0.1001,0.10025,82365.0
1735533900000,0.10025,0.10027,0.1,0.10002,82435.0
1735534200000,0.10002,0.10012,0.09949,0.10005,378212.0
1735534500000,0.1,0.10048,0.09985,0.09999,187033.0
1735534800000,0.09997,0.10011,0.09974,0.10004,115057.0
1735535100000,0.09999,0.10037,0.09983,0.10027,165002.0
1735535400000,0.10022,0.10037,0.09989,0.1002,74378.0
1735535700000,0.10015,0.10072,0.09974,0.09988,302069.0
1735536000000,0.09989,0.10021,0.09983,0.09983,106587.0
1735536300000,0.09975,0.10193,0.09915,0.09946,2513335.0
1735536600000,0.09938,0.09949,0.0987,0.09885,213583.0
1735536900000,0.09876,0.09895,0.0983,0.09846,158540.0
1735537200000,0.09852,0.09907,0.09851,0.09894,131305.0
1735537500000,0.09894,0.09894,0.09843,0.09857,109486.0
1735537800000,0.09858,0.09935,0.09849,0.09931,92625.0
1735538100000,0.0993,0.0993,0.09867,0.09885,153278.0
1735538400000,0.09873,0.09925,0.09867,0.09925,106555.0
1735538700000,0.09925,0.09948,0.09897,0.09903,69803.0
1735539000000,0.09896,0.09959,0.09894,0.09946,67139.0
1735539300000,0.09948,0.10031,0.09948,0.09979,311756.0
1735539600000,0.09993,0.10024,0.0995,0.09974,395168.0
1735539900000,0.09974,0.09974,0.0994,0.0995,132125.0
1735540200000,0.0995,0.10009,0.09948,0.09999,217912.0
1735540500000,0.09999,0.10042,0.09962,0.09974,263727.0
1735540800000,0.09965,0.09965,0.0992,0.09931,60832.0
1735541100000,0.09931,0.09956,0.099,0.099,268383.0
1735541400000,0.09914,0.09933,0.099,0.09923,154395.0
1735541700000,0.09904,0.09932,0.09862,0.0991,283396.0
1735542000000,0.09913,0.09915,0.09838,0.09864,279090.0
1735542300000,0.09879,0.099,0.0986,0.09889,130441.0
1735542600000,0.09889,0.09926,0.09873,0.09918,347953.0
1735542900000,0.09916,0.09949,0.09899,0.0992,197142.0
1735543200000,0.09917,0.0994,0.09892,0.09908,246128.0
1735543500000,0.09888,0.09896,0.09861,0.09865,100504.0
1735543800000,0.09865,0.09882,0.0985,0.09866,154184.0
1735544100000,0.09857,0.09917,0.09841,0.09905,193239.0
1735544400000,0.09913,0.09935,0.0991,0.09922,31518.0
1735544700000,0.0992,0.09947,0.0992,0.09939,63652.0
1735545000000,0.09923,0.09942,0.09902,0.09904,117248.0
1735545300000,0.09914,0.09938,0.09902,0.09931,34808.0
1735545600000,0.09931,0.10021,0.09928,0.10021,95201.0
1735545900000,0.1002,0.1002,0.09964,0.10007,108451.0
1735546200000,0.10012,0.10017,0.09988,0.09988,58083.0
1735546500000,0.09995,0.10051,0.09993,0.10035,151555.0
1735546800000,0.10032,0.10048,0.09988,0.1004,136290.0
1735547100000,0.1004,0.1004,0.1,0.10013,55855.0
1735547400000,0.10002,0.10002,0.09931,0.0995,45684.0
1735547700000,0.09949,0.0996,0.09824,0.09906,466007.0
1735548000000,0.09908,0.09919,0.09836,0.09854,66179.0
1735548300000,0.09853,0.099,0.09844,0.09887,175309.0
1735548600000,0.09887,0.09922,0.09875,0.0992,58774.0
1735548900000,0.09916,0.09916,0.09884,0.09897,114177.0
1735549200000,0.09887,0.09902,0.09863,0.09893,48369.0
1735549500000,0.09891,0.09901,0.09867,0.09868,96904.0
1735549800000,0.09881,0.09884,0.0985,0.09865,45157.0
1735550100000,0.09862,0.09945,0.09862,0.09912,377837.0
1735550400000,0.09911,0.09912,0.09883,0.09893,35996.0
1735550700000,0.09891,0.09917,0.09851,0.09917,198493.0
1735551000000,0.09896,0.09909,0.0984,0.09874,182654.0
1735551300000,0.09864,0.09903,0.09842,0.09859,183145.0
1735551600000,0.09859,0.0988,0.09822,0.09847,189680.0
1735551900000,0.09857,0.09875,0.0981,0.09837,140800.0
1735552200000,0.09832,0.09968,0.09832,0.09891,2095464.0
1735552500000,0.09884,0.09917,0.09883,0.09886,89150.0
1735552800000,0.09886,0.09908,0.09829,0.09887,206223.0
1735553100000,0.09875,0.09961,0.09855,0.09916,2677831.0
1735553400000,0.09913,0.09932,0.0985,0.09913,109349.0
1735553700000,0.09919,0.09919,0.09831,0.09864,224980.0
1735554000000,0.09858,0.09875,0.0985,0.0985,88770.0
1735554300000,0.09861,0.10067,0.09832,0.10046,1390452.0
1735554600000,0.10049,0.10049,0.09937,0.09982,366769.0
1735554900000,0.09968,0.10286,0.0995,0.10286,1690820.0
1735555200000,0.10285,0.105,0.10125,0.10415,3552550.0
1735555500000,0.10414,0.10539,0.10284,0.10336,2864729.0
1735555800000,0.10342,0.10342,0.1015,0.10191,1247078.0
1735556100000,0.10201,0.10271,0.10162,0.10234,651379.0
1735556400000,0.10251,0.10371,0.10171,0.1023,1387213.0
1735556700000,0.10221,0.105,0.10214,0.10464,2868902.0
1735557000000,0.10474,0.105,0.10326,0.10362,3005937.0
1735557300000,0.10363,0.10457,0.10294,0.103,1172562.0
1736380800000,0.09066,0.0908,0.09011,0.09079,243955.0
1736381100000,0.09079,0.092,0.09053,0.09095,618015.0
1736381400000,0.09085,0.09147,0.09077,0.09142,67842.0
1736381700000,0.09145,0.09199,0.09145,0.0918,162424.0
1736382000000,0.09183,0.09207,0.09153,0.09153,251695.0
1736382300000,0.09154,0.09193,0.0912,0.09151,92518.0
1736382600000,0.09151,0.09221,0.09151,0.09212,388471.0
1736382900000,0.09209,0.09242,0.09177,0.0919,243134.0
1736383200000,0.09191,0.09192,0.08948,0.09037,796037.0
1736383500000,0.09037,0.09057,0.09035,0.09048,50044.0
1736383800000,0.09052,0.09108,0.09037,0.09108,95920.0
1736384100000,0.09107,0.09119,0.09078,0.09079,107702.0
1736384400000,0.09079,0.09172,0.09079,0.09141,222485.0
1736384700000,0.09126,0.09183,0.09123,0.09148,69407.0
1736385000000,0.09143,0.09166,0.09133,0.09136,125355.0
1736385300000,0.09134,0.09152,0.09124,0.09151,95539.0
1736385600000,0.0916,0.09168,0.09137,0.09165,37699.0
1736385900000,0.09154,0.09158,0.09138,0.09158,56085.0
1736386200000,0.09149,0.0916,0.09131,0.0915,130893.0
1736386500000,0.0915,0.09175,0.09132,0.09175,159567.0
1736386800000,0.09177,0.09202,0.09161,0.09161,64158.0
1736387100000,0.09167,0.09221,0.09145,0.09221,100862.0
1736387400000,0.09224,0.09247,0.09136,0.09136,284973.0
1736387700000,0.09141,0.09172,0.0912,0.09163,270959.0
1736388000000,0.09163,0.09363,0.09161,0.09303,1058981.0
1736388300000,0.09293,0.09301,0.0925,0.09269,153963.0
1736388600000,0.09258,0.09288,0.09167,0.09176,381862.0
1736388900000,0.09188,0.09308,0.09176,0.09305,268840.0
1736389200000,0.09306,0.09306,0.09234,0.09251,110093.0
1736389500000,0.09263,0.09298,0.09234,0.09298,94786.0
1736389800000,0.09282,0.093,0.09222,0.09241,62303.0
1736390100000,0.09241,0.0928,0.09224,0.09264,34492.0
1736390400000,0.09275,0.09362,0.09264,0.09292,149267.0
1736390700000,0.09306,0.09351,0.09286,0.09335,140839.0
1736391000000,0.09335,0.09344,0.0931,0.09314,71319.0
1736391300000,0.09315,0.09347,0.09305,0.09339,114753.0
1736391600000,0.09323,0.09345,0.09256,0.09268,263946.0
1736391900000,0.09257,0.09333,0.09252,0.09308,180195.0
1736392200000,0.09295,0.0931,0.09255,0.09265,66575.0
1736392500000,0.09264,0.0928,0.09248,0.09279,39910.0
1736392800000,0.09267,0.0932,0.09262,0.09285,66373.0
1736393100000,0.09284,0.09284,0.0925,0.0925,143722.0
1736393400000,0.09249,0.09265,0.0922,0.09244,122840.0
1736393700000,0.09244,0.09349,0.0924,0.09348,403427.0
1736394000000,0.09348,0.09363,0.09308,0.09311,451083.0
1736394300000,0.09323,0.09345,0.09323,0.09343,56075.0
1736394600000,0.0933,0.09336,0.0925,0.09262,229574.0
1736394900000,0.09265,0.09284,0.09251,0.09254,30465.0
1736395200000,0.09271,0.09291,0.09238,0.09238,70002.0
1736395500000,0.09236,0.09261,0.09184,0.09185,235812.0
1736395800000,0.09182,0.09192,0.09135,0.09138,271803.0
1736396100000,0.09135,0.09148,0.0912,0.09139,107099.0
1736396400000,0.09139,0.09162,0.0912,0.0915,54537.0
1736396700000,0.09161,0.09249,0.09161,0.09249,205142.0
1736397000000,0.09239,0.0925,0.09164,0.09172,158992.0
1736397300000,0.09178,0.09178,0.0911,0.09126,274919.0
1736397600000,0.09126,0.09163,0.09114,0.09114,166243.0
1736397900000,0.09107,0.09125,0.0909,0.09092,219536.0
1736398200000,0.09109,0.09116,0.08886,0.0898,936233.0
1736398500000,0.08992,0.08993,0.08939,0.08967,170938.0
1736398800000,0.08975,0.09048,0.08951,0.0901,255243.0
1736399100000,0.0901,0.09017,0.08993,0.09002,63669.0
1736399400000,0.09013,0.09017,0.08966,0.08991,68529.0
1736399700000,0.08997,0.09019,0.08987,0.08997,34492.0
1736400000000,0.08989,0.09011,0.08978,0.09001,49858.0
1736400300000,0.08991,0.08991,0.08934,0.08967,138944.0
1736400600000,0.08967,0.09007,0.08967,0.09001,62451.0
1736400900000,0.08994,0.08995,0.08921,0.08977,176072.0
1736401200000,0.08986,0.08991,0.08905,0.08934,214817.0
1736401500000,0.08934,0.08953,0.08905,0.0893,68523.0
1736401800000,0.08938,0.09011,0.08912,0.08999,143432.0
1736402100000,0.08982,0.08998,0.08962,0.08978,50803.0
1736402400000,0.08979,0.08994,0.08919,0.08935,111801.0
1736402700000,0.08935,0.08968,0.0892,0.08945,132865.0
1736403000000,0.08945,0.08959,0.08928,0.08937,24413.0
1736403300000,0.08954,0.09015,0.08954,0.09008,110290.0
1736403600000,0.08997,0.09007,0.08974,0.08991,26028.0
1736403900000,0.08991,0.09006,0.08972,0.08976,44514.0
1736404200000,0.08988,0.09051,0.08988,0.09033,104045.0
1736404500000,0.09041,0.09063,0.0903,0.0904,93392.0
1736404800000,0.09041,0.09066,0.09029,0.09066,67745.0
1736405100000,0.09066,0.09067,0.0903,0.09037,44601.0
1736405400000,0.0903,0.09054,0.09003,0.09012,57775.0
1736405700000,0.09009,0.09009,0.08975,0.08975,20261.0
1736406000000,0.08981,0.09008,0.08955,0.09003,48304.0
1736406300000,0.09003,0.09041,0.09003,0.09027,81445.0
1736406600000,0.09019,0.09032,0.08973,0.08973,158631.0
1736406900000,0.08968,0.08973,0.08906,0.08923,85029.0
1736407200000,0.08907,0.0891,0.08855,0.08903,310133.0
1736407500000,0.08895,0.08906,0.08853,0.0886,79851.0
1736407800000,0.08852,0.08892,0.08848,0.08865,188882.0
1736408100000,0.08855,0.08906,0.08842,0.0889,642283.0
1736408400000,0.0889,0.08891,0.08843,0.08868,45507.0
1736408700000,0.08858,0.0889,0.08773,0.08804,250516.0
1736409000000,0.08821,0.08841,0.088,0.08805,93466.0
1736409300000,0.08813,0.08818,0.08783,0.08788,55464.0
1736409600000,0.0879,0.08808,0.08704,0.08725,508040.0
1736409900000,0.08717,0.08761,0.0871,0.08761,138033.0
1736410200000,0.08745,0.08759,0.08711,0.08717,93890.0
1736410500000,0.08713,0.08729,0.08686,0.08705,203143.0
1736410800000,0.087,0.08704,0.08621,0.08677,244468.0
1736411100000,0.08677,0.08739,0.08677,0.08724,158875.0
1736411400000,0.08724,0.08778,0.087,0.08739,94125.0
1736411700000,0.08754,0.08803,0.0875,0.0879,176642.0
1736412000000,0.08796,0.08797,0.08711,0.08753,420717.0
1736412300000,0.08756,0.08771,0.08729,0.08733,62741.0
1736412600000,0.08733,0.08766,0.08725,0.08754,157660.0
1736412900000,0.08764,0.08765,0.08728,0.08754,118909.0
1736413200000,0.08753,0.08781,0.08753,0.0876,59801.0
1736413500000,0.08773,0.0885,0.08768,0.0885,118343.0
1736413800000,0.08839,0.08839,0.088,0.0883,149446.0
1736414100000,0.08819,0.08854,0.08809,0.08825,100663.0
1736414400000,0.08827,0.08836,0.08781,0.08781,369441.0
1736414700000,0.08784,0.08806,0.08784,0.08784,28007.0
1736415000000,0.08784,0.08816,0.08784,0.08806,179459.0
1736415300000,0.08807,0.08815,0.08778,0.08798,81114.0
1736415600000,0.08807,0.08822,0.08794,0.08814,67059.0
1736415900000,0.08805,0.08842,0.0878,0.08842,131691.0
1736416200000,0.08841,0.08847,0.08802,0.08802,79415.0
1736416500000,0.08802,0.08815,0.088,0.08801,262235.0
1736416800000,0.08801,0.08812,0.0878,0.08795,187144.0
1736417100000,0.0878,0.0878,0.0871,0.08724,263087.0
1736417400000,0.08726,0.08753,0.08725,0.08725,110830.0
1736417700000,0.08728,0.08737,0.08664,0.08664,262562.0
1736418000000,0.08676,0.08709,0.08657,0.08709,147188.0
1736418300000,0.08701,0.08701,0.08656,0.08661,156447.0
1736418600000,0.08657,0.08657,0.08564,0.08587,473856.0
1736418900000,0.08576,0.08644,0.0856,0.08644,143611.0
1736419200000,0.08631,0.08631,0.08556,0.08599,232650.0
1736419500000,0.08603,0.0863,0.08568,0.0863,139986.0
1736419800000,0.08636,0.08667,0.08617,0.08662,104840.0
1736420100000,0.08647,0.08657,0.08618,0.08641,63548.0
1736420400000,0.08629,0.08637,0.08594,0.08622,64304.0
1736420700000,0.08622,0.08642,0.08619,0.08642,28061.0
1736421000000,0.08642,0.08656,0.0862,0.0862,144981.0
1736421300000,0.08641,0.08666,0.08612,0.08666,74580.0
1736421600000,0.08657,0.087,0.08645,0.08679,172807.0
1736421900000,0.08685,0.08723,0.08684,0.08723,92716.0
1736422200000,0.08719,0.08731,0.08687,0.08688,110028.0
1736422500000,0.08686,0.08688,0.08641,0.08641,124140.0
1736422800000,0.08654,0.08661,0.08608,0.08636,138809.0
1736423100000,0.08636,0.08648,0.08615,0.0864,17158.0
1736423400000,0.08641,0.08698,0.08639,0.08683,69412.0
1736423700000,0.08686,0.08726,0.08677,0.08709,131126.0
1736424000000,0.08709,0.08727,0.08649,0.08672,206183.0
1736424300000,0.08645,0.08646,0.08606,0.08624,90068.0
1736424600000,0.08624,0.08701,0.08624,0.08692,190716.0
1736424900000,0.08684,0.08699,0.08668,0.08686,69062.0
1736425200000,0.08697,0.08699,0.08673,0.08673,22246.0
1736425500000,0.08688,0.08699,0.08663,0.08678,83817.0
1736425800000,0.08675,0.0869,0.08655,0.08657,121037.0
1736426100000,0.08662,0.08678,0.08637,0.08637,53517.0
1736426400000,0.08625,0.08634,0.08603,0.08612,34112.0
1736426700000,0.08611,0.08649,0.08593,0.08629,155003.0
1736427000000,0.08623,0.08641,0.086,0.086,46662.0
1736427300000,0.08604,0.08629,0.08578,0.08619,102263.0
1736427600000,0.08628,0.08661,0.08594,0.08594,153807.0
1736427900000,0.08599,0.08611,0.0858,0.0859,84240.0
1736428200000,0.08588,0.08591,0.08551,0.08565,88216.0
1736428500000,0.08559,0.08598,0.08549,0.08591,117156.0
1736428800000,0.08579,0.0859,0.08512,0.08536,201848.0
1736429100000,0.08539,0.08576,0.08539,0.08563,40664.0
1736429400000,0.08559,0.08569,0.0851,0.0851,71535.0
1736429700000,0.0852,0.0852,0.08442,0.08472,269937.0
1736430000000,0.08481,0.08517,0.08444,0.08493,141249.0
1736430300000,0.08494,0.08501,0.08378,0.08456,295172.0
1736430600000,0.08429,0.08435,0.08357,0.08411,226424.0
1736430900000,0.08403,0.08419,0.08272,0.0832,567855.0
1736431200000,0.08319,0.08378,0.08302,0.08302,211608.0
1736431500000,0.08314,0.08354,0.08284,0.08318,242682.0
1736431800000,0.08322,0.08409,0.08322,0.08377,217542.0
1736432100000,0.08389,0.08484,0.08389,0.08446,219297.0
1736432400000,0.0845,0.0846,0.084,0.084,246079.0
1736432700000,0.084,0.08425,0.08384,0.08402,130479.0
1736433000000,0.0841,0.08457,0.0841,0.08443,41162.0
1736433300000,0.0844,0.08451,0.08379,0.08426,301698.0
1736433600000,0.08416,0.08419,0.08355,0.08371,282360.0
1736433900000,0.08379,0.08437,0.08379,0.0839,133955.0
1736434200000,0.08389,0.08437,0.08369,0.08416,488324.0
1736434500000,0.08415,0.08447,0.08391,0.08435,32440.0
1736434800000,0.08435,0.08457,0.0839,0.0843,107653.0
1736435100000,0.08426,0.08426,0.08392,0.08416,107507.0
1736435400000,0.08416,0.08448,0.08411,0.08445,82986.0
1736435700000,0.0845,0.0853,0.0845,0.08511,128065.0
1736436000000,0.08509,0.08543,0.08502,0.08523,85816.0
1736436300000,0.08516,0.08581,0.0851,0.08567,36540.0
1736436600000,0.0858,0.08647,0.0857,0.08644,161533.0
1736436900000,0.08633,0.08655,0.08593,0.08655,68736.0
1736437200000,0.08638,0.08662,0.08624,0.08646,56298.0
1736437500000,0.0865,0.08683,0.08646,0.08676,51772.0
1736437800000,0.08676,0.08712,0.08672,0.08696,72995.0
1736438100000,0.08696,0.08697,0.08656,0.08658,115229.0
1736438400000,0.08659,0.08713,0.08658,0.08698,69979.0
1736438700000,0.0869,0.08725,0.0869,0.0871,48819.0
1736439000000,0.08711,0.08723,0.08672,0.08694,128926.0
1736439300000,0.08685,0.08685,0.0864,0.08664,127249.0
1736439600000,0.08661,0.08767,0.08655,0.08729,512113.0
1736439900000,0.0873,0.0873,0.08657,0.08692,108788.0
1736440200000,0.08687,0.08695,0.08641,0.08667,38657.0
1736440500000,0.08673,0.0868,0.08647,0.08678,11966.0
1736440800000,0.0869,0.08702,0.08669,0.08702,29283.0
1736441100000,0.08695,0.08718,0.08691,0.08718,51597.0
1736441400000,0.08722,0.08759,0.08716,0.08746,167411.0
1736441700000,0.08749,0.08756,0.08704,0.08718,53518.0
1736442000000,0.08718,0.08742,0.0869,0.08704,46825.0
1736442300000,0.08692,0.08713,0.08672,0.08672,129454.0
1736442600000,0.08673,0.08674,0.08656,0.08671,29765.0
1736442900000,0.08671,0.08674,0.0861,0.08635,41004.0
1736443200000,0.08633,0.08642,0.08597,0.08615,126228.0
1736443500000,0.08626,0.08672,0.08614,0.08672,33367.0
1736443800000,0.08672,0.08672,0.08629,0.08629,50939.0
1736444100000,0.08621,0.08638,0.08607,0.0862,24300.0
1736444400000,0.08635,0.08638,0.08606,0.08606,10614.0
1736444700000,0.08612,0.08612,0.08467,0.08489,459347.0
1736445000000,0.08489,0.08489,0.08428,0.08444,93842.0
1736445300000,0.08444,0.08478,0.08425,0.08459,307650.0
1736445600000,0.08459,0.0847,0.08435,0.08464,69320.0
1736445900000,0.0847,0.08493,0.08448,0.08449,107862.0
1736446200000,0.08461,0.0851,0.08448,0.08489,58876.0
1736446500000,0.08496,0.08514,0.08457,0.08471,320601.0
1736446800000,0.08462,0.08503,0.0844,0.08487,76713.0
1736447100000,0.08488,0.08511,0.08475,0.08482,128989.0
1736447400000,0.08491,0.08514,0.08458,0.08514,25402.0
1736447700000,0.08519,0.08553,0.08512,0.08524,105819.0
1736448000000,0.08513,0.08549,0.08512,0.08549,82094.0
1736448300000,0.08531,0.08584,0.08521,0.08571,127269.0
1736448600000,0.08564,0.08564,0.08522,0.0854,49906.0
1736448900000,0.08541,0.08541,0.08518,0.08538,14963.0
1736449200000,0.08527,0.08532,0.08485,0.08509,167044.0
1736449500000,0.08497,0.08551,0.08496,0.08551,24245.0
1736449800000,0.08551,0.0857,0.08536,0.0854,44703.0
1736450100000,0.08552,0.08554,0.08521,0.08526,33321.0
1736450400000,0.08526,0.08526,0.08477,0.08477,19902.0
1736450700000,0.08484,0.08484,0.08446,0.08479,68647.0
1736451000000,0.08478,0.08521,0.08475,0.0849,151265.0
1736451300000,0.08487,0.08498,0.08452,0.08495,51667.0
1736451600000,0.08484,0.08484,0.0844,0.0845,24826.0
1736451900000,0.08441,0.08459,0.08398,0.08409,65733.0
1736452200000,0.08412,0.08413,0.0834,0.08383,355788.0
1736452500000,0.08394,0.08413,0.08369,0.08369,33627.0
1736452800000,0.0837,0.08403,0.08367,0.08381,35746.0
1736453100000,0.08382,0.08412,0.0836,0.08363,25824.0
1736453400000,0.08379,0.08381,0.08303,0.08331,41756.0
1736453700000,0.08331,0.08372,0.08313,0.08323,115331.0
1736454000000,0.08322,0.08322,0.0828,0.08283,55132.0
1736454300000,0.08288,0.08352,0.08285,0.08336,37654.0
1736454600000,0.08336,0.0835,0.08296,0.0833,76473.0
1736454900000,0.08348,0.0835,0.08285,0.08317,48174.0
1736455200000,0.08343,0.08367,0.08328,0.08356,26872.0
1736455500000,0.08366,0.08404,0.08356,0.08401,55312.0
1736455800000,0.08391,0.08391,0.08343,0.08389,53231.0
1736456100000,0.08378,0.08426,0.08376,0.08397,24686.0
1736456400000,0.08387,0.0844,0.08346,0.08433,150363.0
1736456700000,0.0844,0.08453,0.08406,0.08431,105356.0
1736457000000,0.08422,0.08446,0.08411,0.08424,13500.0
1736457300000,0.08419,0.08451,0.08406,0.08435,25366.0
1736457600000,0.0844,0.08465,0.08422,0.08465,47226.0
1736457900000,0.08459,0.08463,0.08428,0.0843,15394.0
1736458200000,0.08429,0.0844,0.08397,0.08409,144969.0
1736458500000,0.08409,0.08437,0.08399,0.08437,16195.0
1736458800000,0.08437,0.0844,0.084,0.08423,9610.0
1736459100000,0.08408,0.08417,0.08347,0.0836,32127.0
1736459400000,0.08372,0.08381,0.0836,0.08378,78658.0
1736459700000,0.08377,0.08377,0.08344,0.08346,23030.0
1736460000000,0.08356,0.0841,0.08356,0.0841,23273.0
1736460300000,0.08396,0.08396,0.08313,0.08357,112176.0
1736460600000,0.08364,0.08364,0.08309,0.08341,79625.0
1736460900000,0.08337,0.08371,0.08335,0.0837,41477.0
1736461200000,0.08369,0.08398,0.08369,0.08398,2505.0
1736461500000,0.08408,0.08413,0.08367,0.08413,46209.0
1736461800000,0.08413,0.08415,0.08409,0.08415,100791.0
1736462100000,0.08415,0.0848,0.08415,0.08464,21817.0
1736462400000,0.08477,0.08477,0.08409,0.08424,88533.0
1736462700000,0.08441,0.08441,0.08426,0.08434,7162.0
1736463000000,0.08426,0.08443,0.08422,0.08423,19028.0
1736463300000,0.08423,0.08445,0.08422,0.08425,17864.0
1736463600000,0.08425,0.08437,0.08422,0.08422,137237.0
1736463900000,0.08422,0.08445,0.08416,0.08437,181642.0
1736464200000,0.0843,0.0843,0.08407,0.08422,13720.0
1736464500000,0.08418,0.08427,0.08408,0.08419,7793.0
1736464800000,0.08419,0.08445,0.08419,0.08437,12529.0
1736465100000,0.08429,0.08431,0.08389,0.08401,12150.0
1736465400000,0.08405,0.08421,0.084,0.08402,15675.0
1736465700000,0.08409,0.08443,0.08404,0.08443,101215.0
1736466000000,0.08463,0.08463,0.08425,0.08435,50965.0
1736466300000,0.08427,0.08455,0.08427,0.08451,21024.0
1736466600000,0.08451,0.08494,0.08439,0.08494,61913.0
1736466900000,0.08491,0.08502,0.08483,0.08492,13002.0
1736467200000,0.08492,0.08517,0.08488,0.08489,27796.0
1736467500000,0.08488,0.08512,0.08446,0.08478,139483.0
1736467800000,0.08481,0.08515,0.08481,0.08483,20756.0
1736468100000,0.0848,0.08494,0.08453,0.08483,48602.0
1736468400000,0.08473,0.08502,0.08447,0.08454,23952.0
1736468700000,0.0845,0.08487,0.08433,0.0848,70924.0
1736469000000,0.08481,0.08509,0.08481,0.08498,41747.0
1736469300000,0.08498,0.08535,0.08479,0.08523,40835.0
1736469600000,0.08523,0.08541,0.08514,0.0853,23009.0
1736469900000,0.0854,0.08541,0.085,0.08508,49702.0
1736470200000,0.08519,0.08542,0.08483,0.08521,64856.0
1736470500000,0.08522,0.08535,0.08478,0.08483,38399.0
1736470800000,0.08482,0.08533,0.08482,0.08527,39881.0
1736471100000,0.08526,0.0853,0.0848,0.0848,37148.0
1736471400000,0.08477,0.085,0.08465,0.08492,13450.0
1736471700000,0.08492,0.08515,0.08449,0.08449,97108.0
1736472000000,0.08437,0.08458,0.0838,0.08402,160291.0
1736472300000,0.08387,0.08403,0.08383,0.08383,11714.0
1736472600000,0.08393,0.0841,0.08391,0.08391,52453.0
1736472900000,0.0839,0.0839,0.08327,0.0835,176707.0
1736473200000,0.08366,0.08404,0.08361,0.08377,171644.0
1736473500000,0.08396,0.08403,0.08365,0.08388,82361.0
1736473800000,0.08378,0.08395,0.08377,0.08393,2379.0
1736474100000,0.08393,0.08415,0.08382,0.08415,3542.0
1736474400000,0.08415,0.08449,0.08409,0.08439,30154.0
1736474700000,0.08447,0.08463,0.08437,0.08443,47530.0
1736475000000,0.08453,0.08453,0.08405,0.08405,48877.0
1736475300000,0.084,0.08407,0.08379,0.08379,69681.0
1736475600000,0.08388,0.08398,0.08379,0.08394,12356.0
1736475900000,0.08392,0.08428,0.0838,0.08409,98811.0
1736476200000,0.08427,0.08445,0.0841,0.08424,42590.0
1736476500000,0.08432,0.08433,0.08395,0.08403,35737.0
1736476800000,0.08413,0.08414,0.08377,0.08388,45027.0
1736477100000,0.08388,0.08433,0.08382,0.08417,56746.0
1736477400000,0.08417,0.08417,0.08368,0.08391,43049.0
1736477700000,0.08376,0.08412,0.08376,0.08402,83105.0
1736478000000,0.08413,0.08422,0.08385,0.08397,247258.0
1736478300000,0.08402,0.08412,0.08392,0.08401,22916.0
1736478600000,0.08404,0.08409,0.08394,0.08409,3628.0
1736478900000,0.084,0.08412,0.08394,0.08406,5389.0
1736479200000,0.08402,0.08403,0.08378,0.08378,94137.0
1736479500000,0.08378,0.08378,0.08339,0.08364,184832.0
1736479800000,0.08363,0.08408,0.08345,0.08406,64638.0
1736480100000,0.08398,0.084,0.08382,0.08394,169991.0
1736480400000,0.08394,0.08412,0.08385,0.08396,38722.0
1736480700000,0.08395,0.08441,0.08392,0.08425,94194.0
1736481000000,0.08432,0.08438,0.08416,0.0843,42016.0
1736481300000,0.08426,0.08443,0.08421,0.08436,14743.0
1736481600000,0.08436,0.08487,0.08435,0.08457,40758.0
1736481900000,0.08452,0.08473,0.08441,0.08473,67351.0
1736482200000,0.08474,0.08506,0.08474,0.08483,63126.0
1736482500000,0.08485,0.08488,0.08451,0.08473,73877.0
1736482800000,0.08467,0.08494,0.08459,0.08464,66611.0
1736483100000,0.08472,0.08472,0.08455,0.08462,4206.0
1736483400000,0.08463,0.08464,0.08443,0.08451,21437.0
1736483700000,0.08451,0.08466,0.08425,0.08425,43831.0
1736484000000,0.08446,0.08454,0.08436,0.0845,69867.0
1736484300000,0.08442,0.0845,0.08424,0.0843,36439.0
1736484600000,0.0843,0.08434,0.08409,0.08412,59636.0
1736484900000,0.08411,0.08419,0.084,0.08409,167364.0
1736485200000,0.08409,0.08445,0.08409,0.08445,162710.0
1736485500000,0.08433,0.08437,0.08414,0.08414,19061.0
1736485800000,0.08421,0.08435,0.08414,0.08435,31445.0
1736486100000,0.0843,0.08434,0.08405,0.08412,25860.0
1736486400000,0.08411,0.08412,0.08397,0.08407,3072.0
1736486700000,0.08405,0.08406,0.08368,0.08401,58160.0
1736487000000,0.08402,0.08427,0.08402,0.08427,28670.0
1736487300000,0.0843,0.08519,0.0843,0.08519,55268.0
1736487600000,0.08519,0.0854,0.08506,0.08518,9258.0
1736487900000,0.08515,0.08516,0.08483,0.08483,134496.0
1736488200000,0.08483,0.08489,0.08471,0.08478,15462.0
1736488500000,0.08469,0.0848,0.08464,0.08471,4103.0
1736488800000,0.08471,0.08505,0.08469,0.08469,30857.0
1736489100000,0.08478,0.08492,0.08466,0.08487,30559.0
1736489400000,0.08477,0.0849,0.0847,0.08486,51538.0
1736489700000,0.08485,0.08503,0.08476,0.08492,32252.0
1736490000000,0.08492,0.08516,0.08491,0.08501,37791.0
1736490300000,0.08501,0.08512,0.08484,0.08498,38609.0
1736490600000,0.08504,0.08513,0.08441,0.08441,172392.0
1736490900000,0.08457,0.08476,0.08441,0.08476,47281.0
1736491200000,0.08471,0.08487,0.08466,0.08487,6479.0
1736491500000,0.08488,0.08508,0.08479,0.08508,12586.0
1736491800000,0.08508,0.08509,0.08486,0.08505,8033.0
1736492100000,0.08505,0.08545,0.08505,0.08545,10249.0
1736492400000,0.08545,0.08679,0.08513,0.08623,916644.0
1736492700000,0.08625,0.0864,0.08611,0.08611,71046.0
1736493000000,0.08612,0.08657,0.08611,0.08641,37155.0
1736493300000,0.0864,0.0864,0.08611,0.08628,22311.0
1736493600000,0.08628,0.0864,0.08612,0.08617,57000.0
1736493900000,0.08636,0.08643,0.08611,0.08629,100263.0
1736494200000,0.08629,0.08649,0.08624,0.08634,65397.0
1736494500000,0.08644,0.08651,0.08636,0.08651,4346.0
1736494800000,0.08651,0.0868,0.08651,0.08672,41861.0
1736495100000,0.08673,0.08687,0.08656,0.08678,95331.0
1736495400000,0.08678,0.08715,0.08669,0.087,82348.0
1736495700000,0.087,0.08724,0.08689,0.08724,77564.0
1736496000000,0.0871,0.08716,0.08644,0.08662,197537.0
1736496300000,0.08669,0.08671,0.08654,0.08667,13568.0
1736496600000,0.08674,0.08686,0.08665,0.08686,8913.0
1736496900000,0.08676,0.08692,0.08659,0.08661,16039.0
1736497200000,0.08673,0.08678,0.08654,0.0867,25578.0
1736497500000,0.08663,0.08675,0.08648,0.08656,99134.0
1736497800000,0.08658,0.08658,0.0861,0.0861,96797.0
1736498100000,0.08627,0.0875,0.08627,0.08703,321553.0
1736498400000,0.08691,0.08691,0.08684,0.08684,4135.0
1736498700000,0.08694,0.087,0.08677,0.087,9924.0
1736499000000,0.08691,0.08705,0.08687,0.08687,20064.0
1736499300000,0.08701,0.08722,0.08701,0.08717,40999.0
1736499600000,0.08711,0.08731,0.08689,0.08689,55078.0
1736499900000,0.087,0.08724,0.08691,0.08712,23717.0
1736500200000,0.08709,0.08724,0.08703,0.08704,26797.0
1736500500000,0.08721,0.08749,0.08717,0.08749,44695.0
1736500800000,0.08737,0.08764,0.08737,0.08754,71830.0
1736501100000,0.08751,0.08785,0.08751,0.08782,28142.0
1736501400000,0.08782,0.08792,0.08774,0.08784,14686.0
1736501700000,0.08789,0.08837,0.08778,0.08807,43867.0
1736502000000,0.08803,0.08827,0.08796,0.0882,39836.0
1736502300000,0.08815,0.0882,0.08774,0.08776,48444.0
1736502600000,0.0877,0.08801,0.08757,0.08801,41204.0
1736502900000,0.08809,0.08809,0.08769,0.08769,11828.0
1736503200000,0.08769,0.08805,0.08766,0.08796,15121.0
1736503500000,0.08781,0.08817,0.0878,0.088,6466.0
1736503800000,0.08802,0.08811,0.08789,0.0881,3161.0
1736504100000,0.08809,0.0881,0.08786,0.08786,6071.0
1736504400000,0.08779,0.08779,0.08755,0.08762,47899.0
1736504700000,0.08774,0.08777,0.08762,0.08772,7077.0
1736505000000,0.08762,0.08772,0.08749,0.08768,91848.0
1736505300000,0.08771,0.08771,0.0874,0.08754,79913.0
1736505600000,0.08754,0.08758,0.08735,0.08757,31148.0
1736505900000,0.08756,0.08763,0.0874,0.0876,14850.0
1736506200000,0.08762,0.08764,0.0875,0.0876,37259.0
1736506500000,0.08759,0.08813,0.08759,0.08794,79438.0
1736506800000,0.08805,0.08806,0.08785,0.08798,2344.0
1736507100000,0.08789,0.08813,0.08764,0.08764,15154.0
1736507400000,0.08779,0.08779,0.08748,0.08748,4805.0
1736507700000,0.08763,0.08763,0.08735,0.08741,3511.0
1736508000000,0.08739,0.08739,0.08727,0.08728,2846.0
1736508300000,0.08729,0.08746,0.08722,0.08744,10246.0
1736508600000,0.08727,0.08743,0.08656,0.0867,275743.0
1736508900000,0.0867,0.08682,0.0864,0.08679,50243.0
1736509200000,0.08681,0.08681,0.08635,0.08642,105602.0
1736509500000,0.08642,0.08642,0.0861,0.08613,175027.0
1736509800000,0.08613,0.08628,0.08583,0.08617,264699.0
1736510100000,0.08617,0.08638,0.08617,0.08635,18208.0
1736510400000,0.08635,0.08639,0.08624,0.08624,40332.0
1736510700000,0.08632,0.08632,0.08588,0.08597,6960.0
1736511000000,0.0859,0.08602,0.08579,0.08584,31126.0
1736511300000,0.08593,0.0862,0.08589,0.0861,88629.0
1736511600000,0.08606,0.08625,0.08559,0.08575,104172.0
1736511900000,0.08585,0.08592,0.08528,0.08528,149357.0
1736512200000,0.08529,0.08543,0.08528,0.08529,61705.0
1736512500000,0.08536,0.08575,0.08534,0.08574,169499.0
1736512800000,0.08575,0.08586,0.08569,0.08572,17895.0
1736513100000,0.08571,0.08599,0.08551,0.08599,28640.0
1736513400000,0.08603,0.08605,0.08583,0.08587,11654.0
1736513700000,0.08587,0.08628,0.08587,0.08621,23078.0
1736514000000,0.08621,0.08621,0.0858,0.0858,16318.0
1736514300000,0.08574,0.08619,0.08568,0.08594,25324.0
1736514600000,0.08591,0.08602,0.0858,0.08597,32726.0
1736514900000,0.08586,0.08586,0.08545,0.08563,17781.0
1736515200000,0.08564,0.08585,0.08556,0.08572,2676.0
1736515500000,0.08566,0.08589,0.08557,0.08571,29783.0
1736515800000,0.08557,0.08568,0.08409,0.0842,350077.0
1736516100000,0.08434,0.08448,0.08305,0.08324,447809.0
1736516400000,0.08324,0.08393,0.08303,0.08367,135605.0
1736516700000,0.08367,0.08407,0.0835,0.08365,234619.0
1736517000000,0.08356,0.08427,0.08346,0.08427,120279.0
1736517300000,0.08427,0.08455,0.08377,0.08377,138080.0
1736517600000,0.0837,0.08417,0.08345,0.08409,138840.0
1736517900000,0.0841,0.08479,0.08389,0.08436,109364.0
1736518200000,0.08451,0.08501,0.08451,0.08488,84182.0
1736518500000,0.08488,0.0854,0.08485,0.08504,56961.0
1736518800000,0.08512,0.08523,0.08501,0.08508,14442.0
1736519100000,0.08504,0.08522,0.08496,0.08506,40106.0
1736519400000,0.08497,0.08497,0.08388,0.08409,153370.0
1736519700000,0.08399,0.08407,0.08355,0.08377,119973.0
1736520000000,0.08395,0.08421,0.08348,0.08388,339007.0
1736520300000,0.08388,0.084,0.08343,0.08359,119575.0
1736520600000,0.08357,0.08384,0.08349,0.08369,18211.0
1736520900000,0.08369,0.084,0.08369,0.08392,49949.0
1736521200000,0.08382,0.08391,0.083,0.08329,122854.0
1736521500000,0.08319,0.08333,0.08277,0.08298,74487.0
1736521800000,0.08297,0.08303,0.08199,0.08218,344300.0
1736522100000,0.08229,0.08298,0.08229,0.08272,54904.0
1736522400000,0.08266,0.08312,0.08264,0.08312,188247.0
1736522700000,0.083,0.08314,0.08276,0.08299,37618.0
1736523000000,0.08299,0.0833,0.08278,0.08314,38589.0
1736523300000,0.08312,0.08374,0.08301,0.08357,62712.0
1736523600000,0.08368,0.08424,0.08368,0.08397,22302.0
1736523900000,0.08386,0.08438,0.08379,0.08427,116301.0
1736524200000,0.08433,0.08433,0.08398,0.08402,63388.0
1736524500000,0.08409,0.08409,0.08377,0.08379,33498.0
1736524800000,0.08386,0.08395,0.08358,0.08358,133914.0
1736525100000,0.08374,0.08377,0.08338,0.08355,33249.0
1736525400000,0.08354,0.08363,0.08335,0.08339,49796.0
1736525700000,0.0834,0.08377,0.0834,0.08346,41033.0
1736526000000,0.08345,0.08345,0.08307,0.08307,119245.0
1736526300000,0.08322,0.08354,0.0832,0.08335,56514.0
1736526600000,0.08318,0.08318,0.08293,0.08307,16866.0
1736526900000,0.08302,0.08314,0.08272,0.08273,53253.0
1736527200000,0.08274,0.08289,0.08258,0.08265,117066.0
1736527500000,0.08269,0.08311,0.08269,0.08275,169651.0
1736527800000,0.08287,0.08366,0.08256,0.08324,340664.0
1736528100000,0.08323,0.08323,0.08297,0.08305,34903.0
1736528400000,0.08308,0.08321,0.08298,0.08305,4851.0
1736528700000,0.08313,0.08323,0.08288,0.08288,16919.0
1736529000000,0.08273,0.08303,0.0827,0.08301,8612.0
1736529300000,0.08304,0.08342,0.08299,0.08335,16466.0
1736529600000,0.08336,0.08397,0.08332,0.08386,12599.0
1736529900000,0.08398,0.08428,0.08389,0.08416,24882.0
1736530200000,0.08417,0.08426,0.08399,0.08411,11046.0
1736530500000,0.08426,0.08428,0.08387,0.08409,19513.0
1736530800000,0.08422,0.08456,0.08409,0.08446,135786.0
1736531100000,0.08446,0.08472,0.08431,0.08472,49513.0
1736531400000,0.0848,0.08502,0.08479,0.08502,12544.0
1736531700000,0.08499,0.0859,0.08498,0.0856,116035.0
1736532000000,0.08562,0.08562,0.08523,0.08531,216593.0
1736532300000,0.08531,0.0856,0.08516,0.08547,289471.0
1736532600000,0.0856,0.08572,0.0855,0.08556,67759.0
1736532900000,0.08545,0.08562,0.08528,0.08561,27587.0
1736533200000,0.08555,0.0857,0.08555,0.08558,91514.0
1736533500000,0.08561,0.08561,0.08535,0.08541,35483.0
1736533800000,0.08548,0.08559,0.08527,0.08559,26176.0
1736534100000,0.08546,0.08561,0.08528,0.08546,62524.0
1736534400000,0.08541,0.08541,0.0851,0.08521,25354.0
1736534700000,0.08528,0.08572,0.08528,0.08572,13366.0
1736535000000,0.08578,0.08578,0.08516,0.08567,190110.0
1736535300000,0.08569,0.08569,0.08537,0.08552,43995.0
1736535600000,0.08553,0.08564,0.08518,0.08532,59531.0
1736535900000,0.08533,0.08533,0.085,0.08514,27363.0
1736536200000,0.08513,0.0854,0.08506,0.08528,12917.0
1736536500000,0.08527,0.08573,0.08527,0.08552,43464.0
1736536800000,0.0855,0.08575,0.08544,0.08575,21839.0
1736537100000,0.08561,0.0859,0.08552,0.0859,72608.0
1736537400000,0.0858,0.08588,0.08567,0.08574,29586.0
1736537700000,0.08575,0.08581,0.08559,0.0858,18717.0
1736538000000,0.08579,0.0858,0.08572,0.08578,3334.0
1736538300000,0.08578,0.08581,0.08557,0.08581,14009.0
1736538600000,0.08581,0.08581,0.08561,0.08581,6642.0
1736538900000,0.08581,0.0859,0.08581,0.08581,22470.0
1736539200000,0.08589,0.08594,0.08572,0.08589,51081.0
1736539500000,0.08599,0.08607,0.08589,0.08607,10264.0
1736539800000,0.08602,0.08615,0.08595,0.086,34777.0
1736540100000,0.08599,0.08599,0.08559,0.08581,21585.0
1736540400000,0.08582,0.0859,0.08518,0.08518,198199.0
1736540700000,0.08518,0.08528,0.08505,0.08528,61700.0
1736541000000,0.08524,0.08528,0.08508,0.0851,48415.0
1736541300000,0.0851,0.08518,0.08487,0.08494,76664.0
1736541600000,0.08498,0.08508,0.08488,0.08507,68534.0
1736541900000,0.08509,0.08568,0.08509,0.08549,268661.0
1736542200000,0.08547,0.08607,0.08539,0.08597,137391.0
1736542500000,0.08607,0.08614,0.08589,0.08589,28739.0
1736542800000,0.08588,0.08595,0.08574,0.08595,15905.0
1736543100000,0.08595,0.08596,0.08567,0.08584,69742.0
1736543400000,0.08589,0.08592,0.08558,0.08562,258263.0
1736543700000,0.08568,0.08568,0.08537,0.08537,27535.0
1736544000000,0.08539,0.08556,0.0853,0.08548,44462.0
1736544300000,0.08556,0.08572,0.08556,0.08572,192152.0
1736544600000,0.08572,0.08572,0.08549,0.08557,51010.0
1736544900000,0.08559,0.08566,0.08549,0.08549,6535.0
1736545200000,0.08549,0.08563,0.08541,0.08545,18019.0
1736545500000,0.08557,0.08557,0.08547,0.08556,1559.0
1736545800000,0.08555,0.08558,0.08555,0.08558,21295.0
1736546100000,0.08548,0.08548,0.08516,0.08516,15492.0
1736546400000,0.08526,0.08526,0.08507,0.08511,6147.0
1736546700000,0.08505,0.08514,0.08483,0.08494,49981.0
1736547000000,0.08492,0.08494,0.08481,0.08486,3323.0
1736547300000,0.08486,0.08496,0.0847,0.08479,23921.0
1736547600000,0.08479,0.08479,0.0847,0.08479,1857.0
1736547900000,0.0847,0.08479,0.08459,0.08479,74595.0
1736548200000,0.08481,0.08502,0.08481,0.08483,67956.0
1736548500000,0.08475,0.08502,0.08475,0.08502,32590.0
1736548800000,0.08495,0.08519,0.08487,0.08487,71772.0
1736549100000,0.08491,0.08506,0.08477,0.08506,106078.0
1736549400000,0.08496,0.08505,0.08489,0.08497,5986.0
1736549700000,0.08489,0.08498,0.08469,0.08498,7267.0
1736550000000,0.08498,0.08498,0.08456,0.08469,8881.0
1736550300000,0.08468,0.08483,0.08467,0.08483,8191.0
1736550600000,0.08483,0.08509,0.08483,0.08499,3795.0
1736550900000,0.085,0.08508,0.08487,0.08503,30779.0
1736551200000,0.08509,0.0851,0.08494,0.08504,8359.0
1736551500000,0.08504,0.08525,0.08504,0.08525,4790.0
1736551800000,0.08515,0.08525,0.08494,0.08525,5082.0
1736552100000,0.08515,0.08524,0.08487,0.08487,13876.0
1736552400000,0.08497,0.08505,0.08487,0.08504,1672.0
1736552700000,0.08502,0.08502,0.0848,0.08498,15434.0
1736553000000,0.08482,0.08512,0.08482,0.08483,216483.0
1736553300000,0.08492,0.08496,0.08492,0.08496,752.0
1736553600000,0.08496,0.08514,0.08461,0.08461,84558.0
1736553900000,0.0848,0.08485,0.08466,0.08466,246732.0
1736554200000,0.08471,0.08478,0.08462,0.08477,16782.0
1736554500000,0.08495,0.08508,0.08478,0.08499,7592.0
1736554800000,0.08497,0.08501,0.08479,0.08493,17237.0
1736555100000,0.08484,0.08533,0.08482,0.0853,76140.0
1736555400000,0.0853,0.08585,0.0853,0.08583,95622.0
1736555700000,0.08585,0.08589,0.08553,0.08564,75607.0
1736556000000,0.08555,0.08583,0.08555,0.08578,23169.0
1736556300000,0.08586,0.0861,0.08583,0.08592,66355.0
1736556600000,0.08584,0.08628,0.08584,0.08622,19662.0
1736556900000,0.08622,0.08652,0.08621,0.08636,46237.0
1736557200000,0.08636,0.08655,0.08616,0.08616,96116.0
1736557500000,0.08628,0.08628,0.08596,0.08602,21230.0
1736557800000,0.08596,0.08608,0.08593,0.08608,22362.0
1736558100000,0.08596,0.08603,0.08575,0.08575,27113.0
1736558400000,0.08568,0.08568,0.08553,0.08553,15346.0
1736558700000,0.08564,0.08567,0.08549,0.08553,6427.0
1736559000000,0.08551,0.08555,0.08551,0.08555,1462.0
1736559300000,0.08545,0.08546,0.08522,0.08522,7914.0
1736559600000,0.08519,0.08522,0.08505,0.08521,5514.0
1736559900000,0.08504,0.08519,0.08489,0.08498,23977.0
1736560200000,0.08498,0.08511,0.08487,0.085,68863.0
1736560500000,0.085,0.08501,0.08491,0.08501,2044.0
1736560800000,0.085,0.08576,0.08497,0.08564,444305.0
1736561100000,0.08552,0.08565,0.08537,0.08537,31880.0
1736561400000,0.08528,0.08528,0.08512,0.08522,9707.0
1736561700000,0.08514,0.0852,0.08494,0.08496,8281.0
1736562000000,0.0849,0.0849,0.08468,0.08476,24553.0
1736562300000,0.08466,0.08495,0.08464,0.08485,28467.0
1736562600000,0.08478,0.085,0.08467,0.08484,7094.0
1736562900000,0.08483,0.08509,0.08478,0.08507,6255.0
1736563200000,0.085,0.08504,0.0849,0.085,16663.0
1736563500000,0.08495,0.08499,0.08482,0.08498,4589.0
1736563800000,0.08488,0.08493,0.0848,0.0849,2807.0
1736564100000,0.08482,0.08527,0.08482,0.08493,21640.0
1736564400000,0.0849,0.08492,0.08455,0.08455,112900.0
1736564700000,0.08455,0.0847,0.08453,0.08463,7036.0
1736565000000,0.08455,0.0846,0.08441,0.08443,10487.0
1736565300000,0.08458,0.08469,0.08434,0.08444,11265.0
1736565600000,0.08437,0.08454,0.08428,0.08439,8042.0
1736565900000,0.08439,0.08446,0.08428,0.08444,6319.0
1736566200000,0.08444,0.08462,0.0842,0.08446,38535.0
1736566500000,0.08449,0.08463,0.08433,0.08458,14467.0
1736566800000,0.08457,0.08457,0.08434,0.08442,6489.0
1736567100000,0.08449,0.0847,0.08446,0.08446,7369.0
1736567400000,0.0846,0.0846,0.08431,0.08453,3231.0
1736567700000,0.08455,0.08455,0.08429,0.08444,3108.0
1736568000000,0.08444,0.08482,0.08444,0.08466,8122.0
1736568300000,0.08471,0.08499,0.08464,0.08495,12570.0
1736568600000,0.08494,0.08495,0.08471,0.08487,15449.0
1736568900000,0.08485,0.0849,0.08473,0.0849,10235.0
1736569200000,0.08485,0.08508,0.08485,0.08494,2523.0
1736569500000,0.08494,0.085,0.08473,0.08473,35314.0
1736569800000,0.08473,0.08483,0.08448,0.08448,32863.0
1736570100000,0.08445,0.08466,0.08445,0.08446,7115.0
1736570400000,0.0846,0.08461,0.0844,0.08461,10524.0
1736570700000,0.08459,0.08487,0.08446,0.08487,11125.0
1736571000000,0.08487,0.08498,0.08466,0.08491,21946.0
1736571300000,0.08492,0.08523,0.0849,0.08523,27891.0
1736571600000,0.08523,0.08534,0.08502,0.08534,4574.0
1736571900000,0.08537,0.08558,0.08536,0.08558,26569.0
1736572200000,0.08557,0.08558,0.08546,0.08557,16780.0
1736572500000,0.08544,0.08557,0.08518,0.08525,52696.0
1736572800000,0.0853,0.08541,0.085,0.08521,22298.0
1736573100000,0.0853,0.0855,0.08522,0.08528,19566.0
1736573400000,0.08538,0.08549,0.08511,0.08542,43020.0
1736573700000,0.08549,0.08586,0.08545,0.08585,19929.0
1736574000000,0.08569,0.08588,0.08568,0.08576,3353.0
1736574300000,0.08577,0.08605,0.08569,0.08579,153846.0
1736574600000,0.08579,0.08593,0.08562,0.08586,3010.0
1736574900000,0.08574,0.08593,0.08566,0.08575,10808.0
1736575200000,0.08575,0.08591,0.08569,0.08583,1456.0
1736575500000,0.08585,0.08599,0.08579,0.08599,6360.0
1736575800000,0.08582,0.08582,0.08563,0.08573,12672.0
1736576100000,0.08572,0.08588,0.08564,0.08567,13671.0
1736576400000,0.08563,0.08575,0.08539,0.08554,82342.0
1736576700000,0.08556,0.08564,0.08549,0.08549,6367.0
1736577000000,0.08559,0.08559,0.08532,0.08532,10156.0
1736577300000,0.08538,0.08545,0.08525,0.08525,10000.0
1736577600000,0.08526,0.08547,0.08526,0.08545,2998.0
1736577900000,0.08545,0.08549,0.08532,0.08543,4201.0
1736578200000,0.08532,0.08543,0.08515,0.08515,27379.0
1736578500000,0.08521,0.08528,0.08516,0.08526,13231.0
1736578800000,0.08526,0.0853,0.08513,0.08513,2400.0
1736579100000,0.08522,0.08534,0.08522,0.08534,2868.0
1736579400000,0.08535,0.08553,0.08529,0.08539,41389.0
1736579700000,0.08537,0.08546,0.08523,0.08523,6684.0
1736580000000,0.0853,0.08536,0.08519,0.08519,2598.0
1736580300000,0.08529,0.08542,0.0851,0.08525,24494.0
1736580600000,0.08515,0.08515,0.08493,0.08504,31096.0
1736580900000,0.08503,0.0852,0.08503,0.08518,10263.0
1736581200000,0.08513,0.08513,0.0846,0.0846,108212.0
1736581500000,0.0848,0.08486,0.0847,0.0848,13698.0
1736581800000,0.0848,0.08497,0.08474,0.08487,5849.0
1736582100000,0.08476,0.08479,0.08422,0.08447,241985.0
1736582400000,0.08447,0.08468,0.08442,0.08444,78164.0
1736582700000,0.08441,0.08446,0.08437,0.08437,63702.0
1736583000000,0.08446,0.08455,0.08435,0.08455,51486.0
1736583300000,0.08455,0.08481,0.08446,0.08458,8374.0
1736583600000,0.08467,0.0847,0.08458,0.08464,7539.0
1736583900000,0.08449,0.08463,0.08445,0.08463,7990.0
1736584200000,0.0845,0.08455,0.08423,0.0843,6214.0
1736584500000,0.0842,0.08441,0.08401,0.08407,13032.0
1736584800000,0.08416,0.08419,0.08403,0.08403,2403.0
1736585100000,0.08412,0.08416,0.08382,0.08399,16778.0
1736585400000,0.08388,0.08411,0.08371,0.08401,55522.0
1736585700000,0.08399,0.08413,0.08394,0.08405,5853.0
1736586000000,0.08405,0.08432,0.08405,0.08417,4982.0
1736586300000,0.08428,0.08438,0.0842,0.08428,15273.0
1736586600000,0.08434,0.08438,0.08423,0.08423,2077.0
1736586900000,0.08434,0.08437,0.08407,0.08407,9636.0
1736587200000,0.0842,0.0845,0.08411,0.0845,17748.0
1736587500000,0.08449,0.08461,0.08449,0.08461,13908.0
1736587800000,0.0846,0.0847,0.08459,0.0847,3809.0
1736588100000,0.08459,0.08477,0.08459,0.08467,16207.0
1736588400000,0.08465,0.08478,0.08463,0.08465,2734.0
1736588700000,0.08476,0.08494,0.08464,0.0848,75175.0
1736589000000,0.08481,0.08489,0.08475,0.08475,5465.0
1736589300000,0.08468,0.08483,0.08468,0.08483,2391.0
1736589600000,0.08475,0.0853,0.08475,0.08504,219295.0
1736589900000,0.08506,0.08512,0.08501,0.0851,21520.0
1736590200000,0.08505,0.08529,0.08505,0.08529,1209.0
1736590500000,0.08512,0.0853,0.08512,0.08512,76870.0
1736590800000,0.08501,0.08517,0.08501,0.08502,4476.0
1736591100000,0.08502,0.08527,0.085,0.08527,44642.0
1736591400000,0.08529,0.08531,0.08514,0.08526,7432.0
1736591700000,0.08525,0.08546,0.08517,0.08524,30435.0
1736592000000,0.08522,0.08557,0.08515,0.0854,19180.0
1736592300000,0.08554,0.08571,0.08539,0.08571,11845.0
1736592600000,0.08571,0.08587,0.08564,0.08571,45846.0
1736592900000,0.0858,0.08581,0.08571,0.0858,6692.0
1736593200000,0.08571,0.08589,0.0857,0.08589,106965.0
1736593500000,0.08589,0.0859,0.0858,0.08587,18167.0
1736593800000,0.0858,0.0859,0.08576,0.08584,119999.0
1736594100000,0.08576,0.086,0.08576,0.08599,40656.0
1736594400000,0.0859,0.08599,0.08563,0.08573,57571.0
1736594700000,0.08581,0.08587,0.08572,0.08582,4351.0
1736595000000,0.08572,0.08572,0.08556,0.08569,14502.0
1736595300000,0.08577,0.08597,0.08577,0.08596,27208.0
1736595600000,0.08581,0.08596,0.08581,0.08586,1450.0
1736595900000,0.08578,0.08586,0.0857,0.08581,9339.0
1736596200000,0.08571,0.08586,0.08562,0.08571,6307.0
1736596500000,0.08571,0.08576,0.08558,0.08558,4187.0
1736596800000,0.0856,0.08562,0.08543,0.08552,80274.0
1736597100000,0.08537,0.08537,0.08515,0.08521,260715.0
1736597400000,0.08512,0.08538,0.08505,0.08514,17783.0
1736597700000,0.08508,0.08539,0.08508,0.08523,30715.0
1736598000000,0.08518,0.0853,0.08504,0.08523,10635.0
1736598300000,0.08513,0.08549,0.08511,0.08524,20620.0
1736598600000,0.08523,0.08523,0.08501,0.08518,19882.0
1736598900000,0.08506,0.08516,0.08493,0.08499,38279.0
1736599200000,0.0849,0.08501,0.08484,0.08486,42209.0
1736599500000,0.08486,0.08507,0.0848,0.08481,40442.0
1736599800000,0.08477,0.08478,0.08461,0.08473,98984.0
1736600100000,0.08472,0.08488,0.0846,0.08462,43669.0
1736600400000,0.08462,0.08489,0.08457,0.08469,75053.0
1736600700000,0.08465,0.08471,0.08439,0.08448,162197.0
1736601000000,0.08437,0.08445,0.08423,0.08433,47523.0
1736601300000,0.08425,0.0845,0.08413,0.08424,93268.0
1736601600000,0.08415,0.08432,0.08398,0.08406,58434.0
1736601900000,0.084,0.08414,0.08398,0.08409,113730.0
1736602200000,0.08402,0.08409,0.08383,0.08393,63214.0
1736602500000,0.08393,0.08404,0.0836,0.08396,268766.0
1736602800000,0.08396,0.08413,0.08378,0.08413,103188.0
1736603100000,0.08411,0.08411,0.08387,0.08393,222640.0
1736603400000,0.08387,0.08393,0.08386,0.08393,51161.0
1736603700000,0.08395,0.08494,0.0839,0.08455,438801.0
1736604000000,0.08454,0.0851,0.0845,0.0845,173096.0
1736604300000,0.08448,0.08486,0.08448,0.08461,68284.0
1736604600000,0.08453,0.08458,0.08437,0.08441,34421.0
1736604900000,0.08439,0.08452,0.08419,0.08433,215635.0
1736605200000,0.08431,0.08446,0.08423,0.08428,37815.0
1736605500000,0.08418,0.08514,0.08414,0.08501,216689.0
1736605800000,0.085,0.0855,0.08489,0.08497,178566.0
1736606100000,0.08496,0.08535,0.08493,0.08515,46783.0
1736606400000,0.08506,0.08517,0.0848,0.08485,65428.0
1736606700000,0.08485,0.0851,0.08475,0.0848,30711.0
1736607000000,0.08473,0.08483,0.08456,0.08471,74031.0
1736607300000,0.08472,0.085,0.0847,0.085,20135.0
1736607600000,0.08491,0.08542,0.08482,0.08496,72294.0
1736607900000,0.08503,0.08521,0.08498,0.08521,19673.0
1736608200000,0.08511,0.08518,0.08495,0.08495,27057.0
1736608500000,0.08483,0.08524,0.08454,0.08498,152168.0
1736608800000,0.08498,0.0856,0.08481,0.08519,166274.0
1736609100000,0.08519,0.08527,0.0851,0.0851,25526.0
1736609400000,0.085,0.08509,0.08499,0.08499,6233.0
1736609700000,0.08499,0.08506,0.08488,0.08502,9295.0
1736610000000,0.08505,0.08531,0.08505,0.08514,24544.0
1736610300000,0.08524,0.08528,0.085,0.085,21197.0
1736610600000,0.08491,0.08514,0.08491,0.08494,20971.0
1736610900000,0.08507,0.08512,0.08495,0.08501,2334.0
1736611200000,0.08501,0.08563,0.08497,0.0856,111209.0
1736611500000,0.08561,0.08561,0.0852,0.0853,11762.0
1736611800000,0.08534,0.08555,0.08512,0.08555,21373.0
1736612100000,0.08555,0.08566,0.08534,0.08545,95787.0
1736612400000,0.08537,0.08545,0.085,0.08506,112767.0
1736612700000,0.08506,0.08525,0.08499,0.08525,50830.0
1736613000000,0.08525,0.08536,0.08515,0.08536,84479.0
1736613300000,0.0852,0.08544,0.08515,0.08536,46517.0
1736613600000,0.08536,0.08544,0.08526,0.08544,8071.0
1736613900000,0.08537,0.08563,0.08537,0.0855,19945.0
1736614200000,0.08564,0.08599,0.08543,0.08567,238456.0
1736614500000,0.08576,0.0859,0.08572,0.08573,59591.0
1736614800000,0.08573,0.08593,0.08567,0.08574,25762.0
1736615100000,0.08574,0.08582,0.08561,0.08562,21242.0
1736615400000,0.08562,0.08562,0.08522,0.08535,70653.0
1736615700000,0.08535,0.08538,0.0852,0.08529,10206.0
1736616000000,0.08538,0.08566,0.08537,0.08557,20340.0
1736616300000,0.08557,0.0857,0.0854,0.08544,36771.0
1736616600000,0.08554,0.0856,0.0854,0.0856,4889.0
1736616900000,0.08564,0.0857,0.08546,0.0857,30403.0
1736617200000,0.08557,0.0865,0.08557,0.08623,367620.0
1736617500000,0.0862,0.08666,0.0861,0.08666,614921.0
1736617800000,0.08666,0.08666,0.08611,0.08619,236993.0
1736618100000,0.08619,0.08699,0.08619,0.08678,186413.0
1736618400000,0.08668,0.08725,0.086,0.08614,851459.0
1736618700000,0.08593,0.08603,0.08577,0.08587,57839.0
1736619000000,0.08578,0.08579,0.08533,0.08546,133757.0
1736619300000,0.08546,0.08551,0.08539,0.08541,34372.0
1736619600000,0.08546,0.08559,0.08529,0.08537,162132.0
1736619900000,0.08537,0.08544,0.0798,0.08004,5636823.0
1736620200000,0.08,0.0818,0.07988,0.08153,2030109.0
1736620500000,0.08156,0.08179,0.08049,0.08084,870081.0
1736620800000,0.08081,0.08119,0.08071,0.08083,525070.0
1736621100000,0.08084,0.08095,0.08047,0.08083,501293.0
1736621400000,0.08083,0.08151,0.08079,0.08147,465069.0
1736621700000,0.08143,0.0818,0.08117,0.08167,250631.0
1736622000000,0.08167,0.08178,0.08106,0.08116,172884.0
1736622300000,0.08115,0.0822,0.08095,0.08206,503127.0
1736622600000,0.08199,0.08207,0.08144,0.08179,633049.0
1736622900000,0.08177,0.08353,0.08177,0.08253,1671110.0
1736623200000,0.08257,0.08292,0.08225,0.08225,221354.0
1736623500000,0.08229,0.08237,0.08211,0.08236,139514.0
1736623800000,0.08236,0.08257,0.08227,0.08256,133334.0
1736624100000,0.08259,0.08264,0.08227,0.08242,102019.0
1736624400000,0.08242,0.08248,0.08206,0.08222,196355.0
1736624700000,0.08222,0.08222,0.08154,0.08189,307449.0
1736625000000,0.08189,0.08224,0.08185,0.082,131802.0
1736625300000,0.08202,0.08214,0.08156,0.08173,144391.0
1736625600000,0.08173,0.08183,0.08164,0.0818,25955.0
1736625900000,0.08184,0.08201,0.08176,0.08188,85296.0
1736626200000,0.08197,0.08225,0.0819,0.08225,48311.0
1736626500000,0.08223,0.08249,0.08212,0.08241,103434.0
1736626800000,0.08252,0.08254,0.08241,0.08252,78527.0
1736627100000,0.08255,0.08289,0.08255,0.08268,62621.0
1736627400000,0.08268,0.08338,0.08268,0.08324,1084595.0
1736627700000,0.08325,0.08336,0.08293,0.08303,177853.0
1736628000000,0.08303,0.08335,0.08301,0.08322,26959.0
1736628300000,0.0833,0.08348,0.08292,0.08322,342337.0
1736628600000,0.08315,0.08381,0.08312,0.08381,314592.0
1736628900000,0.08374,0.08391,0.08288,0.08297,664394.0
1736629200000,0.08305,0.0836,0.08305,0.08352,178211.0
1736629500000,0.08353,0.08409,0.08353,0.08402,179065.0
1736629800000,0.08397,0.08403,0.08385,0.0839,77242.0
1736630100000,0.08399,0.08409,0.08389,0.08409,69627.0
1736630400000,0.08409,0.08437,0.08409,0.08433,95764.0
1736630700000,0.0844,0.08443,0.0842,0.08425,108509.0
1736631000000,0.0843,0.0843,0.08392,0.08405,194481.0
1736631300000,0.084,0.0841,0.0839,0.08404,76118.0
1736631600000,0.08394,0.08423,0.08372,0.08422,333984.0
1736631900000,0.08423,0.08452,0.08412,0.08431,62799.0
1736632200000,0.08442,0.08477,0.0844,0.08458,140645.0
1736632500000,0.08467,0.08479,0.08454,0.08457,31810.0
1736632800000,0.08458,0.08468,0.08454,0.08458,45432.0
1736633100000,0.08458,0.08458,0.0844,0.08453,94366.0
1736633400000,0.08444,0.08453,0.08423,0.0844,84504.0
1736633700000,0.08439,0.08444,0.08416,0.0842,60588.0
1736634000000,0.08414,0.08425,0.0841,0.0841,113073.0
1736634300000,0.0841,0.08415,0.0841,0.0841,35790.0
1736634600000,0.0841,0.08416,0.08384,0.08384,160322.0
1736634900000,0.08385,0.08385,0.08368,0.0837,47569.0
1736635200000,0.08374,0.08391,0.08369,0.0838,37033.0
1736635500000,0.0839,0.08391,0.08375,0.08375,4852.0
1736635800000,0.08373,0.08378,0.08356,0.08356,12025.0
1736636100000,0.08353,0.08363,0.08336,0.08336,150478.0
1736636400000,0.08335,0.08359,0.083,0.0833,236870.0
1736636700000,0.08329,0.08336,0.08313,0.08326,33252.0
1736637000000,0.08331,0.0834,0.08319,0.08328,31189.0
1736637300000,0.08319,0.08334,0.0831,0.08318,127422.0
1736637600000,0.08333,0.08357,0.0832,0.08357,58056.0
1736637900000,0.08347,0.08364,0.08345,0.08364,17063.0
1736638200000,0.08354,0.08362,0.08339,0.08354,95035.0
1736638500000,0.08354,0.08371,0.08354,0.0837,63497.0
1736638800000,0.0837,0.08371,0.08344,0.08356,8919.0
1736639100000,0.08347,0.08347,0.08319,0.08332,26488.0
1736639400000,0.0833,0.08335,0.08323,0.08335,4605.0
1736639700000,0.08332,0.08332,0.08315,0.08319,8567.0
1736640000000,0.08328,0.08345,0.08313,0.08322,86838.0
1736640300000,0.08324,0.08324,0.083,0.08316,10467.0
1736640600000,0.08311,0.08314,0.083,0.08312,94557.0
1736640900000,0.08312,0.0833,0.083,0.08326,44917.0
1736641200000,0.08324,0.08332,0.08303,0.08332,34095.0
1736641500000,0.08333,0.08333,0.08307,0.08332,28729.0
1736641800000,0.08332,0.08346,0.08322,0.08333,26760.0
1736642100000,0.08332,0.08354,0.08323,0.08354,13983.0
1736642400000,0.0836,0.0837,0.08351,0.0837,12368.0
1736642700000,0.08373,0.08376,0.08337,0.08362,52899.0
1736643000000,0.08352,0.08366,0.08337,0.08353,16660.0
1736643300000,0.08355,0.08358,0.0833,0.08344,10237.0
1736643600000,0.08344,0.08348,0.08315,0.08316,62553.0
1736643900000,0.08323,0.08334,0.0832,0.08329,11088.0
1736644200000,0.08319,0.0833,0.08318,0.08318,4846.0
1736644500000,0.08322,0.08328,0.08319,0.08328,596.0
1736644800000,0.08319,0.0833,0.08318,0.0832,4272.0
1736645100000,0.08333,0.08335,0.0832,0.08335,16067.0
1736645400000,0.08331,0.08377,0.08318,0.08377,45459.0
1736645700000,0.08377,0.08479,0.08369,0.08418,412645.0
1736646000000,0.08416,0.08437,0.08412,0.08417,88803.0
1736646300000,0.08416,0.0845,0.08404,0.08438,34884.0
1736646600000,0.08438,0.08448,0.08429,0.08436,9825.0
1736646900000,0.08443,0.08452,0.0843,0.08432,12520.0
1736647200000,0.08432,0.08444,0.08418,0.08418,19531.0
1736647500000,0.08432,0.08432,0.08388,0.08405,33630.0
1736647800000,0.08389,0.08406,0.08389,0.08406,2099.0
1736648100000,0.08404,0.08407,0.08394,0.08397,1283.0
1736648400000,0.08394,0.08408,0.08391,0.08398,2666.0
1736648700000,0.08389,0.08397,0.08373,0.08384,14182.0
1736649000000,0.08383,0.08402,0.08375,0.0839,149781.0
1736649300000,0.08398,0.08399,0.08383,0.08399,4896.0
1736649600000,0.08398,0.08398,0.0838,0.0838,12693.0
1736649900000,0.08388,0.08392,0.08374,0.08379,3733.0
1736650200000,0.08383,0.08385,0.08372,0.08385,2924.0
1736650500000,0.08385,0.08399,0.08376,0.08399,67294.0
1736650800000,0.08399,0.08429,0.08399,0.08413,48260.0
1736651100000,0.08414,0.08422,0.08395,0.08406,18785.0
1736651400000,0.08416,0.08416,0.08389,0.08389,6921.0
1736651700000,0.0839,0.08399,0.08352,0.08352,72732.0
1736652000000,0.08362,0.08364,0.08343,0.08358,7899.0
1736652300000,0.0835,0.0835,0.08332,0.08348,11955.0
1736652600000,0.08343,0.08351,0.08334,0.08334,30261.0
1736652900000,0.08348,0.08387,0.08331,0.08372,166104.0
1736653200000,0.08362,0.08381,0.08361,0.08381,2913.0
1736653500000,0.08366,0.08378,0.08362,0.08375,4549.0
1736653800000,0.08361,0.08381,0.08361,0.08379,23833.0
1736654100000,0.08379,0.08387,0.08367,0.08387,54204.0
1736654400000,0.08387,0.0847,0.08387,0.08425,149684.0
1736654700000,0.08426,0.08426,0.08408,0.08421,9975.0
1736655000000,0.08411,0.08426,0.08408,0.08416,37054.0
1736655300000,0.08402,0.08413,0.08387,0.084,15531.0
1736655600000,0.08393,0.08417,0.0839,0.08405,5753.0
1736655900000,0.08415,0.08436,0.08401,0.08433,28903.0
1736656200000,0.08423,0.08436,0.08396,0.08418,78293.0
1736656500000,0.08407,0.08439,0.08399,0.08425,8995.0
1736656800000,0.08436,0.08437,0.08425,0.08426,1991.0
1736657100000,0.08426,0.08436,0.08402,0.08411,20698.0
1736657400000,0.08401,0.08404,0.08392,0.08399,11883.0
1736657700000,0.08398,0.084,0.08392,0.08399,1130.0
1736658000000,0.08398,0.08436,0.08398,0.08436,40139.0
1736658300000,0.08429,0.08444,0.08403,0.08403,42990.0
1736658600000,0.08419,0.08421,0.0841,0.08421,809.0
1736658900000,0.08421,0.08422,0.084,0.084,2532.0
1736659200000,0.08404,0.08407,0.08398,0.08407,1786.0
1736659500000,0.08408,0.08408,0.08387,0.08397,17524.0
1736659800000,0.08395,0.08396,0.0838,0.08389,30212.0
1736660100000,0.08389,0.0839,0.08367,0.08377,35226.0
1736660400000,0.08376,0.08376,0.08353,0.08372,16052.0
1736660700000,0.08372,0.08372,0.08357,0.08371,3606.0
1736661000000,0.08371,0.08371,0.08361,0.08368,696.0
1736661300000,0.08368,0.08374,0.08368,0.08374,10976.0
1736661600000,0.08377,0.0841,0.08377,0.08383,137784.0
1736661900000,0.08387,0.08387,0.08371,0.08374,50210.0
1736662200000,0.08384,0.08388,0.0829,0.08311,595215.0
1736662500000,0.08311,0.08326,0.08309,0.08317,30007.0
1736662800000,0.0831,0.08318,0.083,0.08316,12511.0
1736663100000,0.08307,0.08313,0.08288,0.08298,54473.0
1736663400000,0.08296,0.08297,0.08288,0.08295,4946.0
1736663700000,0.08296,0.08297,0.0827,0.0827,23000.0
1736664000000,0.08287,0.08305,0.0828,0.08301,98209.0
1736664300000,0.08301,0.08302,0.0827,0.0827,78542.0
1736664600000,0.08278,0.08281,0.08268,0.08281,4600.0
1736664900000,0.0828,0.0828,0.08259,0.08271,15563.0
1736665200000,0.0827,0.08275,0.08256,0.08274,15331.0
1736665500000,0.08274,0.08275,0.0825,0.08259,22778.0
1736665800000,0.08259,0.08259,0.0824,0.0825,11871.0
1736666100000,0.0824,0.08253,0.08239,0.08253,4952.0
1736666400000,0.08253,0.0828,0.0825,0.0828,84247.0
1736666700000,0.08278,0.08287,0.08272,0.08286,12974.0
1736667000000,0.08287,0.08297,0.08276,0.08291,7587.0
1736667300000,0.08291,0.08299,0.08276,0.08288,10203.0
1736667600000,0.08272,0.08296,0.0827,0.08296,7013.0
1736667900000,0.08292,0.08292,0.08267,0.08287,95157.0
1736668200000,0.0829,0.08315,0.08284,0.08315,55520.0
1736668500000,0.08319,0.0833,0.08308,0.08328,92550.0
1736668800000,0.08311,0.08325,0.08299,0.08325,6965.0
1736669100000,0.08312,0.08333,0.08312,0.08333,24557.0
1736669400000,0.08317,0.08325,0.08302,0.08304,8733.0
1736669700000,0.08295,0.08303,0.08292,0.08301,2606.0
1736670000000,0.08301,0.08301,0.08276,0.08276,19499.0
1736670300000,0.08277,0.08285,0.08263,0.08275,90185.0
1736670600000,0.08275,0.08276,0.0825,0.08252,82714.0
1736670900000,0.08251,0.08251,0.08226,0.08237,64809.0
1736671200000,0.08227,0.08232,0.0819,0.08204,372142.0
1736671500000,0.08203,0.08215,0.08183,0.08196,49975.0
1736671800000,0.08192,0.08206,0.08183,0.08199,58873.0
1736672100000,0.08197,0.08218,0.0819,0.08214,27676.0
1736672400000,0.08204,0.0823,0.082,0.0823,82736.0
1736672700000,0.0823,0.08249,0.08215,0.08249,13333.0
1736673000000,0.08249,0.08257,0.08238,0.08257,24274.0
1736673300000,0.08257,0.08259,0.08243,0.08256,21198.0
1736673600000,0.08248,0.08259,0.08243,0.08256,3812.0
1736673900000,0.08245,0.08251,0.08233,0.08251,15983.0
1736674200000,0.08241,0.08244,0.08222,0.08229,155859.0
1736674500000,0.08233,0.08238,0.08216,0.08231,42924.0
1736674800000,0.08235,0.08249,0.08227,0.08241,23657.0
1736675100000,0.08236,0.0824,0.08223,0.0824,25128.0
1736675400000,0.08239,0.08271,0.08239,0.08271,62058.0
1736675700000,0.08272,0.08275,0.08259,0.08274,19040.0
1736676000000,0.08271,0.08279,0.08248,0.08266,80302.0
1736676300000,0.08252,0.08262,0.0824,0.08258,30121.0
1736676600000,0.08258,0.08283,0.08251,0.08283,23326.0
1736676900000,0.08276,0.0831,0.08262,0.0831,78695.0
1736677200000,0.0831,0.08315,0.08264,0.08267,75911.0
1736677500000,0.08265,0.08289,0.08256,0.08277,80143.0
1736677800000,0.08276,0.08276,0.0826,0.0827,46358.0
1736678100000,0.08261,0.08292,0.0826,0.08292,19752.0
1736678400000,0.0828,0.08311,0.0827,0.08305,216848.0
1736678700000,0.08304,0.08304,0.0826,0.08294,114650.0
1736679000000,0.08294,0.08303,0.08285,0.0829,16809.0
1736679300000,0.08285,0.08301,0.08284,0.08297,29207.0
1736679600000,0.08288,0.08288,0.08272,0.08272,41707.0
1736679900000,0.08283,0.0829,0.0825,0.08265,375909.0
1736680200000,0.08256,0.08273,0.08255,0.08255,35698.0
1736680500000,0.08253,0.08275,0.08253,0.08274,19031.0
1738454400000,0.07657,0.0775,0.0761,0.0761,1151628.0
1738454700000,0.07615,0.07618,0.07563,0.07614,1387626.0
1738455000000,0.07618,0.07669,0.07543,0.07627,559048.0
1738455300000,0.07631,0.07757,0.07631,0.07706,570199.0
1738455600000,0.07711,0.0773,0.07706,0.07718,293942.0
1738455900000,0.07719,0.07779,0.07638,0.07748,806986.0
1738456200000,0.07755,0.07755,0.07694,0.07718,306735.0
1738456500000,0.0772,0.07772,0.07665,0.07759,620690.0
1738456800000,0.07766,0.07849,0.07757,0.07803,454654.0
1738457100000,0.07804,0.07863,0.07794,0.07842,173273.0
1738457400000,0.07843,0.07885,0.07769,0.07782,477451.0
1738457700000,0.07789,0.0779,0.07683,0.07695,601228.0
1738458000000,0.07698,0.0776,0.07698,0.07728,188661.0
1738458300000,0.07736,0.07805,0.07728,0.07763,459467.0
1738458600000,0.07762,0.07841,0.07741,0.07826,342099.0
1738458900000,0.07829,0.0789,0.07672,0.0781,794827.0
1738459200000,0.07802,0.07822,0.07759,0.07793,372099.0
1738459500000,0.07792,0.07793,0.0775,0.07756,139816.0
1738459800000,0.07758,0.07812,0.0775,0.07785,218291.0
1738460100000,0.07785,0.07788,0.07745,0.07747,208001.0
1738460400000,0.07757,0.07788,0.07749,0.07788,165147.0
1738460700000,0.07787,0.07844,0.07775,0.07822,202025.0
1738461000000,0.07826,0.07987,0.07826,0.07979,1213598.0
1738461300000,0.0798,0.0798,0.07876,0.07924,447702.0
1738461600000,0.07919,0.08159,0.07888,0.07993,951786.0
1738461900000,0.07985,0.0801,0.07947,0.07958,512987.0
1738462200000,0.07959,0.08059,0.07932,0.08047,537179.0
1738462500000,0.08045,0.08099,0.08,0.08073,925430.0
1738462800000,0.08079,0.081,0.0803,0.08031,799058.0
1738463100000,0.0803,0.08113,0.07966,0.0806,877671.0
1738463400000,0.08075,0.08149,0.08022,0.08022,443797.0
1738463700000,0.08022,0.08023,0.07916,0.07953,454617.0
1738464000000,0.07943,0.0802,0.07925,0.0802,216341.0
1738464300000,0.08019,0.0802,0.0789,0.07923,321409.0
1738464600000,0.07932,0.0808,0.07924,0.08076,647606.0
1738464900000,0.08076,0.08339,0.08076,0.08309,1656562.0
1738465200000,0.08301,0.08354,0.081,0.0823,1346451.0
1738465500000,0.08227,0.08227,0.0809,0.08143,479556.0
1738465800000,0.08143,0.08199,0.07998,0.08032,934100.0
1738466100000,0.08032,0.0833,0.08027,0.0833,1351018.0
1738466400000,0.08318,0.08387,0.08161,0.0824,1448049.0
1738466700000,0.0824,0.08337,0.08211,0.08308,1176444.0
1738467000000,0.083,0.08606,0.083,0.08466,4165961.0
1738467300000,0.08461,0.086,0.08336,0.08473,2672929.0
1738467600000,0.08465,0.0866,0.0843,0.08484,3223994.0
1738467900000,0.08486,0.0849,0.08264,0.08286,1730295.0
1738468200000,0.08278,0.0828,0.08172,0.08244,1311507.0
1738468500000,0.08251,0.08251,0.0801,0.08066,1053539.0
1738468800000,0.08072,0.08166,0.07993,0.08026,983067.0
1738469100000,0.08026,0.08046,0.079,0.08006,1609751.0
1738469400000,0.08006,0.08031,0.07939,0.07954,882371.0
1738469700000,0.07956,0.07957,0.07876,0.07905,808399.0
1738470000000,0.0792,0.07926,0.07863,0.07899,342039.0
1738470300000,0.07905,0.07906,0.07803,0.07865,631577.0
1738470600000,0.07874,0.07895,0.0778,0.078,522410.0
1738470900000,0.07803,0.07877,0.07799,0.07821,432571.0
1738471200000,0.07821,0.07887,0.0778,0.07877,353671.0
1738471500000,0.07871,0.08027,0.07846,0.08011,1167780.0
1738471800000,0.08009,0.08039,0.07928,0.08007,437301.0
1738472100000,0.08007,0.0802,0.07918,0.07935,432996.0
1738472400000,0.07935,0.0794,0.07868,0.07889,748569.0
1738472700000,0.07885,0.08007,0.0785,0.08007,776925.0
1738473000000,0.08007,0.08216,0.08007,0.08128,1279495.0
1738473300000,0.08121,0.08288,0.08052,0.08081,1355734.0
1738473600000,0.08081,0.08205,0.08081,0.08143,571940.0
1738473900000,0.08134,0.08296,0.08108,0.0823,949201.0
1738474200000,0.08231,0.08246,0.08077,0.08109,810184.0
1738474500000,0.08106,0.0827,0.08066,0.08217,1001748.0
1738474800000,0.08217,0.08564,0.08203,0.08459,2677741.0
1738475100000,0.0845,0.08479,0.08196,0.08251,1516832.0
1738475400000,0.08263,0.08266,0.08105,0.0818,804497.0
1738475700000,0.08187,0.08229,0.0814,0.08217,1290854.0
1738476000000,0.08217,0.0855,0.08209,0.08442,3013790.0
1738476300000,0.08432,0.08447,0.0827,0.08398,1389118.0
1738476600000,0.08389,0.08437,0.08276,0.08342,1138014.0
1738476900000,0.08334,0.08428,0.08306,0.08332,611428.0
1738477200000,0.08326,0.08329,0.08185,0.08187,674377.0
1738477500000,0.08188,0.08211,0.08124,0.0817,935579.0
1738477800000,0.08171,0.08251,0.0816,0.0821,652489.0
1738478100000,0.08214,0.0826,0.08191,0.0825,570361.0
1738478400000,0.08255,0.08294,0.08173,0.08183,565318.0
1738478700000,0.08175,0.0826,0.08125,0.08128,673797.0
1738479000000,0.08128,0.08168,0.08081,0.08083,699634.0
1738479300000,0.08083,0.08123,0.08008,0.08076,1015383.0
1738479600000,0.08069,0.08134,0.08013,0.08117,649760.0
1738479900000,0.08111,0.0812,0.07923,0.07925,1222506.0
1738480200000,0.07932,0.07996,0.079,0.0796,1170696.0
1738480500000,0.07959,0.0807,0.0786,0.08037,1154983.0
1738480800000,0.08038,0.08064,0.07888,0.07932,1047921.0
1738481100000,0.07936,0.07959,0.07849,0.07872,652964.0
1738481400000,0.07872,0.08011,0.07866,0.07932,1025702.0
1738481700000,0.07943,0.08036,0.07912,0.07981,615314.0
1738482000000,0.07978,0.08028,0.07916,0.07969,468877.0
1738482300000,0.07974,0.08101,0.07974,0.08088,1034506.0
1738482600000,0.08097,0.08198,0.08087,0.08122,1113094.0
1738482900000,0.08122,0.08197,0.0805,0.08175,961027.0
1738483200000,0.08183,0.0823,0.07973,0.08059,2186911.0
1738483500000,0.08059,0.08119,0.08,0.0804,872729.0
1738483800000,0.08035,0.08056,0.07959,0.08029,734069.0
1738484100000,0.08042,0.08191,0.08018,0.08116,673797.0
1738484400000,0.0812,0.08138,0.0805,0.08077,501290.0
1738484700000,0.08086,0.08114,0.0806,0.08063,598099.0
1738485000000,0.08073,0.0809,0.08058,0.08085,417514.0
1738485300000,0.08085,0.08198,0.08067,0.08135,1461459.0
1738485600000,0.08145,0.08153,0.08,0.08042,1091884.0
1738485900000,0.0804,0.08047,0.079,0.07932,917072.0
1738486200000,0.07926,0.08004,0.07916,0.07943,840944.0
1738486500000,0.07952,0.08024,0.07903,0.08017,1066482.0
1738486800000,0.08006,0.08017,0.07932,0.07948,373889.0
1738487100000,0.07948,0.07948,0.0787,0.0787,1342266.0
1738487400000,0.0787,0.08182,0.07858,0.08163,1679462.0
1738487700000,0.08154,0.08198,0.0805,0.08136,1377957.0
1738488000000,0.08134,0.08137,0.08058,0.08097,500071.0
1738488300000,0.08088,0.0813,0.08014,0.08043,1352146.0
1738488600000,0.08035,0.082,0.08001,0.08193,1109624.0
1738488900000,0.08199,0.0828,0.08146,0.08263,1516373.0
1738489200000,0.08269,0.08296,0.08162,0.08174,1630315.0
1738489500000,0.08184,0.08253,0.08163,0.0823,655762.0
1738489800000,0.08236,0.083,0.08186,0.083,1110154.0
1738490100000,0.083,0.08388,0.08252,0.08259,1961994.0
1738490400000,0.0826,0.08305,0.08163,0.08208,1255629.0
1738490700000,0.08209,0.0826,0.08199,0.08241,428661.0
1738491000000,0.08241,0.08246,0.08163,0.08193,953035.0
1738491300000,0.082,0.0824,0.08101,0.08139,1116597.0
1738491600000,0.0814,0.0816,0.08062,0.08082,1525416.0
1738491900000,0.08082,0.08123,0.08051,0.08095,645771.0
1738492200000,0.08096,0.08179,0.08055,0.0817,993740.0
1738492500000,0.08163,0.08239,0.08155,0.08171,654401.0
1738492800000,0.08173,0.08192,0.08094,0.08099,516747.0
1738493100000,0.08092,0.0812,0.0805,0.0805,462922.0
1738493400000,0.08052,0.08061,0.0796,0.08006,937975.0
1738493700000,0.07999,0.08058,0.07833,0.07874,2701926.0
1738494000000,0.07876,0.07968,0.07731,0.07795,1891301.0
1738494300000,0.07791,0.07799,0.0771,0.07783,990245.0
1738494600000,0.0779,0.07817,0.07759,0.07803,948542.0
1738494900000,0.07802,0.07873,0.07735,0.07764,1439367.0
1738495200000,0.07764,0.07842,0.0776,0.0784,828469.0
1738495500000,0.07841,0.07849,0.0781,0.07814,683394.0
1738495800000,0.0781,0.07815,0.0776,0.0777,317131.0
1738496100000,0.07776,0.07846,0.07764,0.07766,653575.0
1738496400000,0.07776,0.0784,0.0776,0.0776,749318.0
1738496700000,0.07762,0.07789,0.07573,0.07575,1857080.0
1738497000000,0.07578,0.0758,0.0735,0.07386,3586546.0
1738497300000,0.07394,0.07574,0.07379,0.07502,1738500.0
1738497600000,0.07496,0.07499,0.07423,0.07491,949272.0
1738497900000,0.0749,0.07507,0.07414,0.07455,1117695.0
1738498200000,0.07455,0.07489,0.07332,0.07343,1134867.0
1738498500000,0.07339,0.07383,0.0725,0.0736,1601080.0
1738498800000,0.07359,0.0742,0.07292,0.07411,801345.0
1738499100000,0.0741,0.07446,0.07317,0.07331,441648.0
1738499400000,0.07339,0.07368,0.0726,0.07292,690896.0
1738499700000,0.07293,0.07341,0.0727,0.07304,464047.0
1738500000000,0.07307,0.07336,0.07295,0.07308,198122.0
1738500300000,0.07308,0.07319,0.07245,0.07246,609141.0
1738500600000,0.07243,0.0729,0.07129,0.07262,1454091.0
1738500900000,0.07269,0.07458,0.07269,0.07424,1845498.0
1738501200000,0.07423,0.07493,0.07354,0.07354,1462300.0
1738501500000,0.07353,0.07385,0.07307,0.07372,484552.0
1738501800000,0.07379,0.07446,0.07378,0.07407,371385.0
1738502100000,0.07407,0.07455,0.074,0.0742,407831.0
1738502400000,0.0742,0.07518,0.0742,0.07455,1678267.0
1738502700000,0.07456,0.07469,0.07359,0.07389,495244.0
1738503000000,0.07398,0.07404,0.07336,0.07348,329478.0
1738503300000,0.07343,0.07391,0.0732,0.07378,193236.0
1738503600000,0.0737,0.0738,0.07301,0.07335,520261.0
1738503900000,0.07344,0.07393,0.07314,0.07338,311711.0
1738504200000,0.07333,0.07339,0.073,0.07314,387899.0
1738504500000,0.07314,0.07332,0.0726,0.07315,838298.0
1738504800000,0.07325,0.07424,0.07321,0.07403,585299.0
1738505100000,0.07399,0.07424,0.07368,0.07418,253941.0
1738505400000,0.07421,0.07424,0.07321,0.07335,369714.0
1738505700000,0.07334,0.0739,0.07334,0.07346,401883.0
1738506000000,0.07355,0.07365,0.07345,0.0735,91079.0
1738506300000,0.07345,0.0735,0.0728,0.07286,297211.0
1738506600000,0.07287,0.0736,0.0727,0.07355,340021.0
1738506900000,0.07356,0.07377,0.07334,0.07334,170022.0
1738507200000,0.07335,0.07434,0.07335,0.07391,384776.0
1738507500000,0.07384,0.07384,0.07334,0.07367,171344.0
1738507800000,0.07368,0.07369,0.07325,0.07339,144110.0
1738508100000,0.07338,0.07396,0.07317,0.07374,186913.0
1738508400000,0.07375,0.07376,0.0733,0.0733,325117.0
1738508700000,0.0733,0.07345,0.07311,0.07323,131230.0
1738509000000,0.07311,0.07333,0.07287,0.07318,338808.0
1738509300000,0.07306,0.0731,0.07101,0.07109,1906287.0
1738509600000,0.07119,0.07153,0.07063,0.07104,1065739.0
1738509900000,0.07113,0.07137,0.07061,0.07092,489427.0
1738510200000,0.07091,0.07128,0.0701,0.07064,802429.0
1738510500000,0.07076,0.07141,0.07067,0.0707,596417.0
1738510800000,0.0708,0.0714,0.07038,0.07049,660210.0
1738511100000,0.07047,0.07075,0.07025,0.07064,244656.0
1738511400000,0.07065,0.07074,0.07031,0.07044,239810.0
1738511700000,0.07051,0.0709,0.07033,0.07077,289394.0
1738512000000,0.07082,0.07084,0.07024,0.07032,126715.0
1738512300000,0.07024,0.07113,0.07021,0.0709,661867.0
1738512600000,0.07091,0.07147,0.07074,0.07117,432827.0
1738512900000,0.07106,0.07165,0.07097,0.07111,523949.0
1738513200000,0.07103,0.07121,0.0705,0.07051,228052.0
1738513500000,0.07051,0.07097,0.0704,0.07048,128130.0
1738513800000,0.07041,0.07076,0.07024,0.07048,234607.0
1738514100000,0.07031,0.0704,0.06854,0.06869,1623177.0
1738514400000,0.06878,0.06938,0.06851,0.06911,532828.0
1738514700000,0.06919,0.06925,0.0685,0.06864,288320.0
1738515000000,0.06865,0.06879,0.06831,0.06848,647037.0
1738515300000,0.06846,0.06863,0.06792,0.06848,749592.0
1738515600000,0.06848,0.06916,0.06819,0.06899,562234.0
1738515900000,0.06906,0.0691,0.06696,0.06797,1339527.0
1738516200000,0.06797,0.06845,0.06793,0.0682,185804.0
1738516500000,0.06816,0.06828,0.06751,0.06766,188194.0
1738516800000,0.06758,0.06762,0.06574,0.06591,1517685.0
1738517100000,0.06595,0.06661,0.06519,0.06638,734339.0
1738517400000,0.06644,0.06702,0.06637,0.06663,306909.0
1738517700000,0.06646,0.06657,0.06548,0.06623,408035.0
1738518000000,0.06616,0.06654,0.06565,0.06591,303190.0
1738518300000,0.06589,0.06606,0.06552,0.06568,352417.0
1738518600000,0.06556,0.06568,0.06444,0.06446,598797.0
1738518900000,0.06447,0.06488,0.06428,0.06436,262135.0
1738519200000,0.06439,0.06488,0.06402,0.06484,278033.0
1738519500000,0.06474,0.06503,0.06414,0.06479,356533.0
1738519800000,0.06481,0.0652,0.06478,0.06507,272378.0
1738520100000,0.0651,0.06515,0.06442,0.06442,353411.0
1738520400000,0.06439,0.06519,0.06415,0.06501,429415.0
1738520700000,0.06499,0.06569,0.06498,0.06562,304652.0
1738521000000,0.06563,0.06569,0.06478,0.0649,242103.0
1738521300000,0.06477,0.0648,0.06401,0.06427,337328.0
1738521600000,0.06419,0.0644,0.0626,0.063,1060032.0
1738521900000,0.063,0.06314,0.06223,0.06276,830556.0
1738522200000,0.06276,0.06299,0.0624,0.06249,186760.0
1738522500000,0.06249,0.06314,0.06237,0.06293,403244.0
1738522800000,0.06288,0.06297,0.06127,0.06217,1164565.0
1738523100000,0.06224,0.06225,0.06167,0.06199,473626.0
1738523400000,0.06204,0.06315,0.06203,0.06292,638281.0
1738523700000,0.0629,0.06367,0.06241,0.06361,592826.0
1738524000000,0.06367,0.06393,0.06319,0.06334,1090402.0
1738524300000,0.06336,0.06368,0.06305,0.06357,214504.0
1738524600000,0.06365,0.06434,0.06364,0.06417,386041.0
1738524900000,0.06421,0.06444,0.06388,0.06437,202910.0
1738525200000,0.06438,0.06504,0.06431,0.06494,270910.0
1738525500000,0.06494,0.06522,0.0645,0.06478,426032.0
1738525800000,0.06474,0.06512,0.06467,0.06496,185691.0
1738526100000,0.06492,0.06513,0.06474,0.06508,118622.0
1738526400000,0.0651,0.06548,0.06478,0.06543,252370.0
1738526700000,0.06537,0.06665,0.06524,0.06621,718448.0
1738527000000,0.06628,0.06628,0.0655,0.06566,483838.0
1738527300000,0.0656,0.06597,0.0652,0.06542,389174.0
1738527600000,0.06541,0.06716,0.065,0.06665,1345647.0
1738527900000,0.06665,0.06675,0.06569,0.06619,707771.0
1738528200000,0.0661,0.06623,0.06484,0.06499,487713.0
1738528500000,0.06491,0.06533,0.06482,0.06482,371579.0
1738528800000,0.06482,0.06537,0.06474,0.06537,458831.0
1738529100000,0.06538,0.06538,0.06426,0.06448,314963.0
1738529400000,0.06441,0.06449,0.06401,0.06433,474033.0
1738529700000,0.06433,0.06474,0.06433,0.06455,173544.0
1738530000000,0.06455,0.06462,0.06411,0.06433,287522.0
1738530300000,0.06437,0.06439,0.06372,0.06375,218807.0
1738530600000,0.0638,0.06399,0.06375,0.06391,150701.0
1738530900000,0.06395,0.06397,0.06358,0.06362,122422.0
1738531200000,0.06361,0.06376,0.06324,0.06372,189128.0
1738531500000,0.06371,0.06438,0.06328,0.0633,284533.0
1738531800000,0.06327,0.06384,0.06324,0.06378,75270.0
1738532100000,0.06378,0.06385,0.06341,0.06357,89858.0
1738532400000,0.06342,0.06347,0.06274,0.06292,214284.0
1738532700000,0.06308,0.0633,0.06264,0.06264,73201.0
1738533000000,0.06268,0.06288,0.06254,0.06267,84518.0
1738533300000,0.06273,0.06279,0.0621,0.06249,504143.0
1738533600000,0.06251,0.06325,0.06244,0.06305,373999.0
1738533900000,0.06302,0.06319,0.06272,0.06317,139239.0
1738534200000,0.06318,0.06343,0.06313,0.06318,101964.0
1738534500000,0.06324,0.06324,0.06264,0.06264,245453.0
1738534800000,0.06265,0.06266,0.06205,0.06234,288601.0
1738535100000,0.0623,0.06243,0.062,0.06243,289178.0
1738535400000,0.06231,0.0624,0.0612,0.06168,441830.0
1738535700000,0.06168,0.06203,0.06135,0.06135,215926.0
1738536000000,0.06125,0.06125,0.0597,0.06037,1030652.0
1738536300000,0.06038,0.0617,0.06037,0.06102,422085.0
1738536600000,0.06104,0.06155,0.06085,0.06117,387647.0
1738536900000,0.06117,0.06276,0.06114,0.06276,408720.0
1738537200000,0.06273,0.06286,0.06155,0.06189,609013.0
1738537500000,0.06188,0.06189,0.06092,0.06115,451264.0
1738537800000,0.06123,0.0616,0.06107,0.06152,255313.0
1738538100000,0.06152,0.0625,0.06152,0.06233,357477.0
1738538400000,0.06231,0.06243,0.06169,0.06169,247276.0
1738538700000,0.0616,0.06202,0.06111,0.06186,521283.0
1738539000000,0.06192,0.06276,0.06175,0.06221,469124.0
1738539300000,0.06232,0.06335,0.06232,0.06318,253922.0
1738539600000,0.06321,0.06368,0.06297,0.06357,256809.0
1738539900000,0.06358,0.0639,0.06345,0.06375,185600.0
1738540200000,0.0638,0.06414,0.06372,0.06385,133504.0
1738540500000,0.06378,0.06411,0.06364,0.06394,169915.0
1738540800000,0.06404,0.06405,0.06344,0.06351,312391.0
1738541100000,0.06356,0.06447,0.06347,0.06437,398053.0
1738541400000,0.06437,0.06524,0.06424,0.06517,478717.0
1738541700000,0.06508,0.0651,0.06365,0.0637,290879.0
1738542000000,0.0637,0.06392,0.0631,0.06312,259987.0
1738542300000,0.06315,0.06465,0.06315,0.06414,375937.0
1738542600000,0.06414,0.06428,0.06309,0.06382,543278.0
1738542900000,0.0638,0.064,0.06317,0.06387,514396.0
1738543200000,0.06381,0.06381,0.0618,0.0622,647376.0
1738543500000,0.06226,0.06275,0.06195,0.06246,324404.0
1738543800000,0.06244,0.06373,0.06207,0.06359,350256.0
1738544100000,0.06366,0.06404,0.06323,0.0635,288098.0
1738544400000,0.06344,0.06378,0.0634,0.06354,106627.0
1738544700000,0.06346,0.06351,0.06275,0.06286,412559.0
1738545000000,0.06279,0.063,0.06234,0.06248,313411.0
1738545300000,0.06235,0.06256,0.0619,0.06242,109136.0
1738545600000,0.0623,0.06232,0.06165,0.06213,158931.0
1738545900000,0.06202,0.06202,0.06135,0.06152,160244.0
1738546200000,0.06152,0.06167,0.06114,0.06114,188306.0
1738546500000,0.06126,0.06127,0.06089,0.06116,93971.0
1738546800000,0.06112,0.0612,0.06061,0.06062,325275.0
1738547100000,0.06061,0.06066,0.05854,0.0593,1370206.0
1738547400000,0.05929,0.06023,0.0571,0.05723,1931080.0
1738547700000,0.05722,0.05727,0.05414,0.05468,1721738.0
1738548000000,0.05468,0.0555,0.05307,0.05313,1160520.0
1738548300000,0.05307,0.0534,0.05001,0.05207,1848351.0
1738548600000,0.0522,0.05399,0.0522,0.05398,1029288.0
1738548900000,0.05383,0.05536,0.05331,0.05447,1438878.0
1738549200000,0.05448,0.05457,0.05356,0.05411,647321.0
1738549500000,0.05408,0.05483,0.05393,0.05448,589410.0
1738549800000,0.05448,0.05448,0.05384,0.05411,573866.0
1738550100000,0.05417,0.0546,0.05398,0.05436,476008.0
1738550400000,0.05431,0.055,0.0542,0.05461,352750.0
1738550700000,0.0546,0.05499,0.05408,0.0541,369515.0
1738551000000,0.05411,0.05422,0.0539,0.0539,171473.0
1738551300000,0.05381,0.05422,0.0534,0.05407,296058.0
1738551600000,0.0542,0.05508,0.05413,0.05497,225061.0
1738551900000,0.05508,0.05587,0.05499,0.05544,227832.0
1738552200000,0.0554,0.05612,0.05534,0.05602,252896.0
1738552500000,0.05602,0.05697,0.05602,0.05697,182463.0
1738552800000,0.05697,0.05705,0.05656,0.05695,272148.0
1738553100000,0.05695,0.05709,0.05592,0.05635,576728.0
1738553400000,0.05636,0.05647,0.05614,0.05635,332037.0
1738553700000,0.05628,0.05728,0.05626,0.05684,379402.0
1738554000000,0.05684,0.05731,0.05681,0.05719,347262.0
1738554300000,0.05727,0.05759,0.05709,0.05743,222229.0
1738554600000,0.05743,0.0577,0.0574,0.05769,133472.0
1738554900000,0.05768,0.05782,0.05751,0.05751,59276.0
1738555200000,0.05739,0.0578,0.05669,0.0578,317039.0
1738555500000,0.05773,0.05773,0.05699,0.05706,69872.0
1738555800000,0.05714,0.05718,0.05645,0.05657,236034.0
1738556100000,0.05652,0.05687,0.05648,0.05683,337706.0
1738556400000,0.05683,0.05687,0.05659,0.05666,127438.0
1738556700000,0.05658,0.05664,0.05534,0.05596,416271.0
1738557000000,0.05583,0.05615,0.05515,0.05522,480341.0
1738557300000,0.05523,0.05543,0.05508,0.05533,286380.0
1738557600000,0.05533,0.05537,0.05481,0.0549,233376.0
1738557900000,0.05493,0.05536,0.05493,0.05505,391250.0
1738558200000,0.05504,0.05552,0.05493,0.05525,147578.0
1738558500000,0.0552,0.05523,0.05446,0.05454,113928.0
1738558800000,0.05463,0.05522,0.05459,0.05511,191690.0
1738559100000,0.05511,0.05679,0.05511,0.05638,861278.0
1738559400000,0.05638,0.05697,0.05611,0.05611,481909.0
1738559700000,0.05611,0.05674,0.05607,0.05652,209025.0
1738560000000,0.05656,0.05668,0.05608,0.05637,143312.0
1738560300000,0.05633,0.05684,0.05633,0.05667,139795.0
1738560600000,0.05671,0.05717,0.05648,0.05697,112026.0
1738560900000,0.05705,0.05708,0.0566,0.0566,101043.0
1738561200000,0.05669,0.05712,0.05646,0.05703,124907.0
1738561500000,0.05711,0.05755,0.05698,0.05744,180522.0
1738561800000,0.05747,0.05796,0.05741,0.05762,161697.0
1738562100000,0.05765,0.05825,0.05765,0.05814,103965.0
1738562400000,0.05814,0.05814,0.05764,0.05767,117550.0
1738562700000,0.05784,0.05861,0.05774,0.05857,117952.0
1738563000000,0.0586,0.05943,0.0584,0.05932,328947.0
1738563300000,0.05932,0.05944,0.05884,0.05908,226472.0
1738563600000,0.05908,0.05946,0.059,0.05946,119823.0
1738563900000,0.05939,0.05949,0.05926,0.05941,78794.0
1738564200000,0.05945,0.05978,0.05926,0.05958,159390.0
1738564500000,0.05958,0.05958,0.0592,0.05921,207967.0
1738564800000,0.05921,0.05929,0.05872,0.05885,219610.0
1738565100000,0.05884,0.05935,0.0588,0.05927,246333.0
1738565400000,0.05927,0.05939,0.05873,0.05892,510161.0
1738565700000,0.05893,0.05922,0.05882,0.05908,148228.0
1738566000000,0.05901,0.0595,0.05896,0.0595,73712.0
1738566300000,0.0595,0.05976,0.05943,0.05952,154313.0
1738566600000,0.05954,0.05976,0.05945,0.05972,67855.0
1738566900000,0.0598,0.0599,0.05972,0.05989,108684.0
1738567200000,0.05981,0.0599,0.05976,0.05984,195824.0
1738567500000,0.05989,0.0599,0.05979,0.0599,77576.0
1738567800000,0.0599,0.05997,0.05976,0.05995,142346.0
1738568100000,0.05993,0.05999,0.05942,0.0596,399036.0
1738568400000,0.0596,0.05998,0.05958,0.05981,187887.0
1738568700000,0.05973,0.06016,0.05961,0.06016,215240.0
1738569000000,0.06019,0.06037,0.05981,0.06037,119644.0
1738569300000,0.06037,0.06076,0.06028,0.06076,47331.0
1738569600000,0.06076,0.06076,0.05946,0.05966,313885.0
1738569900000,0.05966,0.05988,0.05942,0.05959,152606.0
1738570200000,0.0596,0.05965,0.05889,0.05916,280568.0
1738570500000,0.05931,0.05935,0.05856,0.05856,146459.0
1738570800000,0.05872,0.05925,0.05872,0.05886,123901.0
1738571100000,0.05886,0.05907,0.05878,0.05888,128082.0
1738571400000,0.05881,0.05881,0.05835,0.05835,197732.0
1738571700000,0.05842,0.05852,0.05787,0.05792,247540.0
1738572000000,0.05802,0.05808,0.05793,0.05805,116836.0
1738572300000,0.05805,0.05858,0.05805,0.05852,75924.0
1738572600000,0.0584,0.05855,0.05826,0.05855,66758.0
1738572900000,0.05856,0.05862,0.05813,0.05813,170782.0
1738573200000,0.05849,0.05905,0.05837,0.05897,305649.0
1738573500000,0.05899,0.0597,0.05899,0.05965,197948.0
1738573800000,0.05961,0.0598,0.05954,0.0598,73693.0
1738574100000,0.0598,0.05988,0.05922,0.05924,349724.0
1738574400000,0.05922,0.05936,0.0591,0.05936,205490.0
1738574700000,0.05942,0.05998,0.05939,0.05987,183842.0
1738575000000,0.05987,0.06005,0.05984,0.05984,81455.0
1738575300000,0.05984,0.06056,0.05939,0.06056,496713.0
1738575600000,0.06064,0.06152,0.06046,0.06093,654166.0
1738575900000,0.06092,0.0611,0.06034,0.0605,224988.0
1738576200000,0.0606,0.06081,0.06025,0.06025,155603.0
1738576500000,0.06033,0.06044,0.06009,0.06042,66219.0
1738576800000,0.06042,0.06106,0.06042,0.06104,144591.0
1738577100000,0.06099,0.06162,0.06099,0.06158,169424.0
1738577400000,0.06151,0.06151,0.06108,0.06122,115163.0
1738577700000,0.0613,0.0613,0.06046,0.06062,209587.0
1738578000000,0.06067,0.06129,0.06062,0.06096,85275.0
1738578300000,0.06108,0.06132,0.06101,0.06129,106572.0
1738578600000,0.06131,0.0615,0.06124,0.06146,280163.0
1738578900000,0.06149,0.06166,0.06145,0.06166,144547.0
1738579200000,0.0616,0.0618,0.0613,0.06131,304579.0
1738579500000,0.06139,0.06153,0.0613,0.06142,144042.0
1738579800000,0.06142,0.0617,0.06142,0.06162,26748.0
1738580100000,0.0617,0.06252,0.0617,0.06179,570085.0
1738580400000,0.06181,0.06188,0.0616,0.06168,97284.0
1738580700000,0.06168,0.0619,0.06168,0.0619,109679.0
1738581000000,0.0619,0.0619,0.0617,0.06183,167196.0
1738581300000,0.06181,0.06184,0.06132,0.06144,201845.0
1738581600000,0.06143,0.06175,0.06126,0.06174,41917.0
1738581900000,0.06175,0.06175,0.06143,0.06143,59265.0
1738582200000,0.06149,0.0615,0.06089,0.06101,218231.0
1738582500000,0.06096,0.06096,0.06072,0.06085,55124.0
1738582800000,0.06085,0.06091,0.06047,0.06077,45657.0
1738583100000,0.06077,0.06088,0.06067,0.06071,21941.0
1738583400000,0.06069,0.06071,0.06046,0.06061,43567.0
1738583700000,0.06068,0.06141,0.06058,0.06141,191120.0
1738584000000,0.06139,0.06172,0.06139,0.06172,86915.0
1738584300000,0.0617,0.06182,0.06147,0.06159,93393.0
1738584600000,0.06165,0.06185,0.06156,0.06179,137123.0
1738584900000,0.06179,0.06195,0.06172,0.0619,290895.0
1738585200000,0.06198,0.06235,0.06194,0.06202,138168.0
1738585500000,0.06207,0.06249,0.06201,0.06249,57281.0
1738585800000,0.06247,0.06248,0.0621,0.06214,162704.0
1738586100000,0.06218,0.06246,0.06182,0.06192,136478.0
1738586400000,0.06189,0.06217,0.06175,0.0618,57256.0
1738586700000,0.06173,0.06183,0.0609,0.06124,278120.0
1738587000000,0.06124,0.06133,0.06086,0.06099,80891.0
1738587300000,0.0609,0.06098,0.06051,0.06074,155897.0
1738587600000,0.06073,0.06086,0.0605,0.06067,146869.0
1738587900000,0.06061,0.0611,0.06061,0.06061,151324.0
1738588200000,0.06066,0.06066,0.0602,0.06037,56355.0
1738588500000,0.06032,0.06032,0.05992,0.05992,236084.0
1738588800000,0.06009,0.06024,0.05988,0.05988,80890.0
1738589100000,0.05996,0.06002,0.05947,0.05953,128046.0
1738589400000,0.05953,0.05984,0.05953,0.05983,37274.0
1738589700000,0.05977,0.06051,0.05956,0.06041,299188.0
1738590000000,0.0605,0.06113,0.0605,0.06111,55444.0
1738590300000,0.06111,0.06111,0.06069,0.06073,93737.0
1738590600000,0.06061,0.06063,0.06042,0.06042,55665.0
1738590900000,0.06042,0.06129,0.06025,0.06129,481967.0
1738591200000,0.06118,0.06124,0.06031,0.06067,68171.0
1738591500000,0.06056,0.06071,0.0602,0.06038,156295.0
1738591800000,0.06051,0.06093,0.06044,0.06066,88418.0
1738592100000,0.06057,0.06097,0.06014,0.06014,235730.0
1738592400000,0.0603,0.06039,0.05984,0.06004,309633.0
1738592700000,0.06007,0.06042,0.05993,0.06038,119092.0
1738593000000,0.06028,0.06134,0.0601,0.06134,589435.0
1738593300000,0.06126,0.06256,0.06126,0.06256,913689.0
1738593600000,0.06251,0.06309,0.06239,0.06309,361037.0
1738593900000,0.06309,0.06316,0.0626,0.06292,639793.0
1738594200000,0.06286,0.06314,0.06264,0.0627,260910.0
1738594500000,0.06273,0.06358,0.06265,0.06358,162829.0
1738594800000,0.06346,0.06393,0.06343,0.06368,194474.0
1738595100000,0.06368,0.06455,0.06368,0.06418,434290.0
1738595400000,0.06408,0.06426,0.06393,0.06405,124344.0
1738595700000,0.06391,0.06456,0.06368,0.06455,241366.0
1738596000000,0.06455,0.0654,0.06448,0.06535,581630.0
1738596300000,0.06535,0.06581,0.06535,0.06567,303735.0
1738596600000,0.06577,0.06577,0.06507,0.06555,724006.0
1738596900000,0.06556,0.0657,0.06531,0.06552,242725.0
1738597200000,0.06544,0.06629,0.06531,0.06567,390620.0
1738597500000,0.06572,0.06633,0.06572,0.06599,211983.0
1738597800000,0.06599,0.06622,0.06428,0.06449,770977.0
1738598100000,0.06449,0.06485,0.0636,0.06399,799872.0
1738598400000,0.06401,0.06473,0.06335,0.06412,598580.0
1738598700000,0.06411,0.06411,0.06352,0.06352,145756.0
1738599000000,0.06362,0.06399,0.06344,0.06362,203877.0
1738599300000,0.0637,0.06381,0.06348,0.06367,392317.0
1738599600000,0.06387,0.06406,0.06364,0.06381,220214.0
1738599900000,0.06401,0.06442,0.06391,0.06409,377866.0
1738600200000,0.06409,0.06414,0.06376,0.0641,121928.0
1738600500000,0.06408,0.0644,0.06392,0.06431,196891.0
1738600800000,0.06436,0.06452,0.06424,0.06444,190978.0
1738601100000,0.06451,0.06452,0.06417,0.06417,422831.0
1738601400000,0.06423,0.06443,0.06415,0.06427,129473.0
1738601700000,0.06418,0.06443,0.06294,0.06294,538279.0
1738602000000,0.06301,0.06333,0.06267,0.06333,132953.0
1738602300000,0.06333,0.0636,0.06303,0.0635,137874.0
1738602600000,0.06341,0.06349,0.06321,0.06338,65932.0
1738602900000,0.06337,0.06376,0.06317,0.06343,102806.0
1738603200000,0.06358,0.06384,0.06343,0.06356,48095.0
1738603500000,0.06353,0.06374,0.06337,0.06338,67531.0
1738603800000,0.06337,0.06346,0.06313,0.06342,72598.0
1738604100000,0.06342,0.06363,0.06304,0.06331,175850.0
1738604400000,0.06319,0.06366,0.06319,0.06339,161382.0
1738604700000,0.06347,0.06388,0.06347,0.06388,55026.0
1738605000000,0.06399,0.06436,0.06364,0.06436,301634.0
1738605300000,0.06426,0.06426,0.06381,0.06407,355722.0
1738605600000,0.06394,0.06398,0.06368,0.0639,178477.0
1738605900000,0.06391,0.06406,0.06368,0.0637,74549.0
1738606200000,0.06378,0.06387,0.0636,0.06377,108377.0
1738606500000,0.06385,0.06397,0.06364,0.06396,150208.0
1738606800000,0.0638,0.06396,0.0637,0.06376,45285.0
1738607100000,0.06388,0.06409,0.06388,0.06407,39253.0
1738607400000,0.06411,0.06441,0.0639,0.06433,88512.0
1738607700000,0.06442,0.06445,0.06423,0.06441,19827.0
1738608000000,0.06433,0.06444,0.0642,0.06444,108014.0
1738608300000,0.06431,0.06452,0.06424,0.0645,78184.0
1738608600000,0.06445,0.06457,0.06439,0.06457,60429.0
1738608900000,0.06456,0.06457,0.06432,0.06457,96751.0
1738609200000,0.06457,0.06473,0.06447,0.0647,95478.0
1738609500000,0.06464,0.0647,0.06435,0.06459,124191.0
1738609800000,0.06462,0.06462,0.06446,0.0646,104640.0
1738610100000,0.06453,0.065,0.06453,0.06494,86122.0
1738610400000,0.06494,0.06512,0.06464,0.06472,98099.0
1738610700000,0.06464,0.06487,0.06448,0.06454,97607.0
1738611000000,0.06454,0.06492,0.06454,0.0649,190258.0
1738611300000,0.06485,0.06502,0.06481,0.06489,70422.0
1738611600000,0.06489,0.06489,0.06448,0.06477,191897.0
1738611900000,0.06471,0.06511,0.06471,0.06511,48253.0
1738612200000,0.06517,0.06517,0.06472,0.06483,110891.0
1738612500000,0.06482,0.06488,0.06473,0.06488,54727.0
1738612800000,0.06476,0.06476,0.06425,0.06437,155737.0
1738613100000,0.06426,0.06426,0.06352,0.06375,252433.0
1738613400000,0.06375,0.064,0.06361,0.0637,302982.0
1738613700000,0.06369,0.064,0.06352,0.06369,160204.0
1738614000000,0.06363,0.06399,0.0636,0.06399,33212.0
1738614300000,0.06401,0.06404,0.06379,0.06386,49857.0
1738614600000,0.06392,0.0641,0.06373,0.06394,35403.0
1738614900000,0.06399,0.06407,0.06375,0.06376,28173.0
1738615200000,0.06376,0.06383,0.06345,0.0635,20845.0
1738615500000,0.0635,0.06396,0.0635,0.06393,13079.0
1738615800000,0.0639,0.06403,0.06376,0.06376,62461.0
1738616100000,0.06375,0.06375,0.06341,0.06362,31814.0
1738616400000,0.06369,0.06415,0.06362,0.06405,128240.0
1738616700000,0.06396,0.0648,0.06396,0.06479,360714.0
1738617000000,0.06478,0.06519,0.06457,0.06465,950866.0
1738617300000,0.06465,0.06465,0.06435,0.06447,34633.0
1738617600000,0.06453,0.06493,0.06451,0.06484,31290.0
1738617900000,0.06491,0.06507,0.06484,0.06505,167056.0
1738618200000,0.06484,0.06518,0.06482,0.06495,218538.0
1738618500000,0.06495,0.06586,0.06495,0.06564,144423.0
1738618800000,0.06566,0.06566,0.06532,0.0655,104961.0
1738619100000,0.06543,0.06592,0.06533,0.06578,95245.0
1738619400000,0.06587,0.06623,0.06576,0.0661,222390.0
1738619700000,0.06612,0.06628,0.066,0.06628,50082.0
1738620000000,0.06625,0.06684,0.06625,0.06662,168871.0
1738620300000,0.06667,0.06727,0.06667,0.06726,80148.0
1738620600000,0.06724,0.0674,0.06662,0.06677,191518.0
1738620900000,0.06676,0.06692,0.06645,0.06678,195772.0
1738621200000,0.06678,0.06693,0.06652,0.06692,92028.0
1738621500000,0.0668,0.06722,0.06677,0.06713,63987.0
1738621800000,0.06721,0.06721,0.06663,0.06663,138514.0
1738622100000,0.06675,0.06701,0.06658,0.06701,60196.0
1738622400000,0.06689,0.06697,0.06662,0.06662,62973.0
1738622700000,0.0667,0.06675,0.06625,0.06627,56701.0
1738623000000,0.06637,0.0664,0.06624,0.06636,72794.0
1738623300000,0.06636,0.06665,0.06636,0.06654,10194.0
1738623600000,0.06654,0.06655,0.06624,0.06652,178671.0
1738623900000,0.06651,0.06665,0.06622,0.0663,61189.0
1738624200000,0.06633,0.06643,0.06615,0.0664,38807.0
1738624500000,0.06638,0.06643,0.06616,0.06641,78095.0
1738624800000,0.06642,0.06644,0.0661,0.0662,30320.0
1738625100000,0.06621,0.06625,0.06607,0.06614,36901.0
1738625400000,0.0661,0.06627,0.06584,0.06616,166722.0
1738625700000,0.06605,0.06613,0.0658,0.06592,26752.0
1738626000000,0.06589,0.06624,0.06575,0.06624,72329.0
1738626300000,0.06622,0.06632,0.06611,0.06629,17362.0
1738626600000,0.06631,0.06643,0.06626,0.06626,11631.0
1738626900000,0.06631,0.06649,0.06629,0.06649,46864.0
1738627200000,0.06648,0.06701,0.0664,0.06701,78448.0
1738627500000,0.06701,0.0671,0.06678,0.06691,87096.0
1738627800000,0.06689,0.06693,0.06665,0.06678,24940.0
1738628100000,0.06669,0.06682,0.06656,0.06672,53360.0
1738628400000,0.06671,0.06688,0.06657,0.06657,43642.0
1738628700000,0.06651,0.0666,0.06634,0.06657,46899.0
1738629000000,0.06653,0.0666,0.06622,0.06622,24518.0
1738629300000,0.06633,0.06645,0.06608,0.0663,103713.0
1738629600000,0.0663,0.06636,0.06609,0.06621,35905.0
1738629900000,0.06621,0.06623,0.06573,0.0659,29699.0
1738630200000,0.06583,0.06588,0.06544,0.06544,145571.0
1738630500000,0.06551,0.06557,0.06519,0.06539,48177.0
1738630800000,0.06537,0.06602,0.06529,0.0658,137225.0
1738631100000,0.06581,0.06616,0.0657,0.06616,48828.0
1738631400000,0.06616,0.06621,0.06567,0.06577,40303.0
1738631700000,0.06579,0.06605,0.06561,0.0659,29952.0
1738632000000,0.06584,0.06595,0.06579,0.06582,88429.0
1738632300000,0.06599,0.06599,0.06571,0.06598,29702.0
1738632600000,0.06597,0.06598,0.06562,0.06562,49313.0
1738632900000,0.06566,0.06603,0.06562,0.06603,12993.0
1738633200000,0.06603,0.06613,0.06583,0.06597,23910.0
1738633500000,0.06587,0.0659,0.06575,0.06582,32679.0
1738633800000,0.06587,0.06588,0.06556,0.06576,101723.0
1738634100000,0.06573,0.06578,0.06551,0.06578,44265.0
1738634400000,0.06569,0.06582,0.06554,0.0656,101914.0
1738634700000,0.06568,0.06569,0.06526,0.06527,70280.0
1738635000000,0.06527,0.06532,0.0652,0.0653,7148.0
1738635300000,0.06522,0.06526,0.06494,0.06501,92528.0
1738635600000,0.06498,0.06513,0.06496,0.06513,61830.0
1738635900000,0.06506,0.06506,0.0648,0.06495,113657.0
1738636200000,0.06495,0.06523,0.06495,0.06523,46900.0
1738636500000,0.06521,0.06529,0.06509,0.06509,67681.0
1738636800000,0.06504,0.06556,0.065,0.06538,161613.0
1738637100000,0.06543,0.06543,0.06508,0.06515,35330.0
1738637400000,0.06507,0.06526,0.06506,0.06511,41101.0
1738637700000,0.06505,0.0651,0.06464,0.06474,103674.0
1738638000000,0.06474,0.06494,0.06457,0.06457,50297.0
1738638300000,0.06463,0.06477,0.06439,0.06477,39377.0
1738638600000,0.06484,0.06493,0.06484,0.06491,21234.0
1738638900000,0.06488,0.06495,0.06473,0.06473,10056.0
1738639200000,0.06474,0.06475,0.0644,0.06442,15874.0
1738639500000,0.06442,0.06455,0.06402,0.06415,93106.0
1738639800000,0.06413,0.06416,0.06388,0.06394,95980.0
1738640100000,0.06395,0.06408,0.06375,0.06404,44453.0
1738640400000,0.06405,0.06416,0.06405,0.06409,33866.0
1738640700000,0.06409,0.06416,0.06407,0.0641,9069.0
1738641000000,0.06419,0.06419,0.06399,0.06418,9947.0
1738641300000,0.06419,0.06442,0.06419,0.06442,15446.0
1738641600000,0.06442,0.06491,0.06442,0.0647,95444.0
1738641900000,0.06486,0.06496,0.06472,0.0648,16867.0
1738642200000,0.06472,0.06507,0.06469,0.06507,54730.0
1738642500000,0.065,0.06515,0.0649,0.06499,12293.0
1738642800000,0.06506,0.06506,0.06466,0.06477,17448.0
1738643100000,0.06474,0.06491,0.06463,0.06489,52298.0
1738643400000,0.06484,0.06495,0.06462,0.06495,31843.0
1738643700000,0.06482,0.06521,0.0648,0.06487,35936.0
1738644000000,0.06484,0.06518,0.06475,0.06505,161124.0
1738644300000,0.06497,0.06506,0.06454,0.0647,61001.0
1738644600000,0.06461,0.06461,0.06433,0.06447,14052.0
1738644900000,0.06442,0.06443,0.06414,0.06431,52808.0
1738645200000,0.06439,0.0646,0.06375,0.06375,73033.0
1738645500000,0.06368,0.06368,0.06311,0.0632,47552.0
1738645800000,0.06325,0.06354,0.0625,0.0625,273593.0
1738646100000,0.06256,0.06262,0.06164,0.06184,228975.0
1738646400000,0.06192,0.06261,0.06174,0.06202,136841.0
1738646700000,0.06207,0.06218,0.06155,0.06211,57217.0
1738647000000,0.06195,0.06195,0.06082,0.06096,887777.0
1738647300000,0.06089,0.06128,0.06083,0.06106,189926.0
1738647600000,0.06111,0.06147,0.0611,0.06127,83886.0
1738647900000,0.06124,0.06219,0.06113,0.06206,655065.0
1738648200000,0.06195,0.06226,0.06185,0.06203,92746.0
1738648500000,0.06207,0.06207,0.06166,0.06184,45480.0
1738648800000,0.0618,0.06234,0.06179,0.06222,125810.0
1738649100000,0.06221,0.06251,0.06216,0.06245,56523.0
1738649400000,0.06236,0.06236,0.06198,0.06219,180900.0
1738649700000,0.06218,0.06264,0.06211,0.06264,24773.0
1738650000000,0.06269,0.06279,0.06223,0.06242,116943.0
1738650300000,0.06242,0.06242,0.06202,0.06208,27581.0
1738650600000,0.06203,0.06264,0.06203,0.06256,144677.0
1738650900000,0.06251,0.06279,0.06235,0.0625,36892.0
1738651200000,0.06251,0.06292,0.06251,0.06281,73710.0
1738651500000,0.06279,0.06293,0.06261,0.06282,86073.0
1738651800000,0.06284,0.06285,0.06249,0.06272,42891.0
1738652100000,0.06274,0.06287,0.06266,0.06278,35159.0
1738652400000,0.06283,0.06328,0.06265,0.0629,141762.0
1738652700000,0.06298,0.06305,0.06263,0.06264,29182.0
1738653000000,0.06264,0.06265,0.06248,0.06259,14330.0
1738653300000,0.06258,0.06308,0.06253,0.06308,110830.0
1738653600000,0.06296,0.06309,0.06274,0.06282,42436.0
1738653900000,0.06275,0.06277,0.06249,0.0626,22836.0
1738654200000,0.0626,0.06268,0.06232,0.06232,27795.0
1738654500000,0.06239,0.06256,0.06224,0.06238,81288.0
1738654800000,0.06238,0.06238,0.06171,0.06189,326962.0
1738655100000,0.06189,0.0619,0.06143,0.06159,34289.0
1738655400000,0.0616,0.06192,0.06141,0.06155,64628.0
1738655700000,0.06147,0.06164,0.06134,0.06144,201589.0
1738656000000,0.06156,0.06172,0.06094,0.06138,246073.0
1738656300000,0.06136,0.06216,0.06134,0.06216,164302.0
1738656600000,0.06213,0.06227,0.06184,0.06199,87959.0
1738656900000,0.06203,0.06219,0.06191,0.06219,35769.0
1738657200000,0.06226,0.06269,0.06226,0.06245,123137.0
1738657500000,0.06243,0.06443,0.06235,0.0641,878953.0
1738657800000,0.06395,0.06488,0.06371,0.06488,443709.0
1738658100000,0.06476,0.06551,0.06457,0.06549,1166872.0
1738658400000,0.06549,0.06557,0.0641,0.06429,518081.0
1738658700000,0.06429,0.0649,0.06383,0.06421,596221.0
1738659000000,0.06431,0.06482,0.06373,0.06406,405965.0
1738659300000,0.06406,0.06466,0.06388,0.0643,399158.0
1738659600000,0.06442,0.06468,0.06359,0.06406,738123.0
1738659900000,0.06417,0.06445,0.06315,0.06326,609550.0
1738660200000,0.0632,0.06322,0.06271,0.06319,463414.0
1738660500000,0.06314,0.06354,0.063,0.06354,67027.0
1738660800000,0.06359,0.06436,0.06357,0.06434,143267.0
1738661100000,0.06429,0.06451,0.06384,0.06413,273340.0
1738661400000,0.0642,0.06425,0.06317,0.06354,717987.0
1738661700000,0.06363,0.06368,0.06296,0.06318,267347.0
1738662000000,0.0631,0.06318,0.06296,0.0631,147206.0
1738662300000,0.06309,0.06376,0.06301,0.06375,161772.0
1738662600000,0.06373,0.06377,0.06338,0.06351,38804.0
1738662900000,0.06339,0.0634,0.06281,0.06309,283369.0
1738663200000,0.06314,0.0645,0.06314,0.06404,443396.0
1738663500000,0.06404,0.0644,0.06392,0.0641,97407.0
1738663800000,0.0641,0.06429,0.0641,0.06417,91241.0
1738664100000,0.06411,0.06468,0.06409,0.06458,51027.0
1738664400000,0.06451,0.06483,0.0645,0.06464,46542.0
1738664700000,0.06464,0.06477,0.06437,0.06477,70233.0
1738665000000,0.06456,0.06477,0.06455,0.06469,73745.0
1738665300000,0.06476,0.06497,0.06454,0.06463,151120.0
1738665600000,0.06468,0.06535,0.06454,0.06522,68026.0
1738665900000,0.06516,0.06533,0.06438,0.06478,284344.0
1738666200000,0.06467,0.06486,0.06443,0.0646,86187.0
1738666500000,0.06459,0.06468,0.06433,0.06456,116798.0
1738666800000,0.06453,0.06543,0.06441,0.06533,133126.0
1738667100000,0.06546,0.06573,0.06523,0.06545,135614.0
1738667400000,0.0655,0.06578,0.06529,0.06552,63398.0
1738667700000,0.06542,0.06571,0.06532,0.06567,102413.0
1738668000000,0.06556,0.06584,0.06546,0.06574,61524.0
1738668300000,0.06574,0.06608,0.06567,0.06604,47193.0
1738668600000,0.06594,0.06612,0.06554,0.06554,115317.0
1738668900000,0.06572,0.06614,0.06552,0.06583,155331.0
1738669200000,0.06575,0.06606,0.0657,0.06589,105074.0
1738669500000,0.06583,0.06591,0.0656,0.06576,81366.0
1738669800000,0.06569,0.06571,0.06539,0.06549,38670.0
1738670100000,0.0654,0.06551,0.06529,0.06542,94080.0
1738670400000,0.06542,0.06563,0.0653,0.0656,100486.0
1738670700000,0.06558,0.06578,0.06549,0.0657,37951.0
1738671000000,0.06568,0.06586,0.06565,0.06574,29486.0
1738671300000,0.06574,0.06589,0.06554,0.06586,93204.0
1738671600000,0.0659,0.06604,0.06574,0.06584,87777.0
1738671900000,0.06587,0.06632,0.06573,0.06632,163549.0
1738672200000,0.06633,0.06676,0.0662,0.06673,211130.0
1738672500000,0.06678,0.067,0.0665,0.067,428281.0
1738672800000,0.06686,0.06703,0.06669,0.06703,159500.0
1738673100000,0.06706,0.06707,0.06677,0.06678,156279.0
1738673400000,0.06678,0.06692,0.06629,0.06689,86586.0
1738673700000,0.06679,0.06697,0.06672,0.06685,41520.0
1738674000000,0.06674,0.0674,0.06667,0.06729,175592.0
1738674300000,0.06728,0.06749,0.06717,0.0673,84562.0
1738674600000,0.06729,0.06748,0.06717,0.06734,113978.0
1738674900000,0.06735,0.06735,0.06714,0.06725,32796.0
1738675200000,0.06733,0.06735,0.06712,0.06712,42942.0
1738675500000,0.06712,0.0672,0.06689,0.06698,65288.0
1738675800000,0.06695,0.06698,0.06652,0.06652,108434.0
1738676100000,0.06661,0.06672,0.06638,0.06645,75560.0
1738676400000,0.06641,0.0667,0.0663,0.0663,48962.0
1738676700000,0.06636,0.06636,0.06595,0.0662,167003.0
1738677000000,0.06624,0.06624,0.06568,0.06568,33700.0
1738677300000,0.06567,0.06576,0.06533,0.06554,95339.0
1738677600000,0.06555,0.06625,0.06555,0.06603,122389.0
1738677900000,0.06604,0.06611,0.06581,0.06585,70400.0
1738678200000,0.06585,0.06602,0.06444,0.06476,722140.0
1738678500000,0.06474,0.0652,0.06471,0.06513,209901.0
1738678800000,0.06513,0.06526,0.065,0.06504,29305.0
1738679100000,0.06509,0.06528,0.06497,0.06519,168629.0
1738679400000,0.0652,0.06632,0.06494,0.06595,425021.0
1738679700000,0.06592,0.06604,0.06541,0.06588,178712.0
1738680000000,0.0659,0.06591,0.06546,0.0656,131808.0
1738680300000,0.0657,0.0657,0.06508,0.06525,166311.0
1738680600000,0.06525,0.06557,0.06497,0.06512,86133.0
1738680900000,0.06507,0.06536,0.06494,0.0652,109754.0
1738681200000,0.06529,0.06556,0.06488,0.06499,113678.0
1738681500000,0.06502,0.06519,0.06482,0.06519,120731.0
1738681800000,0.06503,0.06515,0.06451,0.06455,90467.0
1738682100000,0.06459,0.06469,0.06408,0.06417,293157.0
1738682400000,0.06411,0.06447,0.06401,0.06429,97875.0
1738682700000,0.06431,0.06452,0.06431,0.06447,35660.0
1738683000000,0.0644,0.06455,0.06412,0.06455,87111.0
1738683300000,0.06455,0.06484,0.06449,0.06474,88592.0
1738683600000,0.06464,0.06467,0.06446,0.06446,17478.0
1738683900000,0.0645,0.06523,0.06445,0.06523,100755.0
1738684200000,0.06533,0.06539,0.06513,0.06525,37316.0
1738684500000,0.06507,0.06509,0.0649,0.06501,21262.0
1738684800000,0.06501,0.06534,0.06483,0.06528,90579.0
1738685100000,0.0653,0.06535,0.06521,0.0653,6899.0
1738685400000,0.06531,0.06591,0.0652,0.06591,25888.0
1738685700000,0.06595,0.06595,0.06487,0.06503,415255.0
1738686000000,0.06491,0.0651,0.06477,0.06495,78991.0
1738686300000,0.06495,0.06504,0.0649,0.065,21406.0
1738686600000,0.06492,0.06492,0.06474,0.06474,76215.0
1738686900000,0.06465,0.0649,0.06462,0.0649,69392.0
1738687200000,0.06479,0.06482,0.06451,0.06466,83263.0
1738687500000,0.06466,0.0651,0.06445,0.0649,106200.0
1738687800000,0.06491,0.06504,0.06479,0.06504,47294.0
1738688100000,0.06504,0.06537,0.06503,0.06537,59868.0
1738688400000,0.06537,0.06545,0.06517,0.06542,80468.0
1738688700000,0.06543,0.06568,0.06531,0.06553,351778.0
1738689000000,0.06551,0.06605,0.06551,0.06601,95762.0
1738689300000,0.06605,0.06633,0.06577,0.06587,62001.0
1738689600000,0.06591,0.06591,0.0655,0.06561,231684.0
1738689900000,0.06562,0.06562,0.06505,0.06517,125643.0
1738690200000,0.06517,0.06632,0.06512,0.066,679386.0
1738690500000,0.06601,0.06647,0.06601,0.06618,412810.0
1738690800000,0.06617,0.06635,0.06582,0.06623,186281.0
1738691100000,0.06616,0.06636,0.06581,0.06632,219889.0
1738691400000,0.06632,0.06632,0.0657,0.06607,190593.0
1738691700000,0.06617,0.06632,0.066,0.06616,64866.0
1738692000000,0.06616,0.06647,0.06572,0.06616,317466.0
1738692300000,0.0661,0.0661,0.06565,0.06584,92187.0
1738692600000,0.0658,0.06588,0.06555,0.06578,115184.0
1738692900000,0.06576,0.06596,0.06566,0.06596,11536.0
1738693200000,0.06602,0.06605,0.06584,0.0659,44443.0
1738693500000,0.06596,0.06597,0.06575,0.06586,31455.0
1738693800000,0.06586,0.06587,0.06562,0.06577,40975.0
1738694100000,0.06582,0.06585,0.06556,0.06571,248532.0
1738694400000,0.06571,0.06579,0.06529,0.0654,155680.0
1738694700000,0.06541,0.06571,0.06535,0.06551,55762.0
1738695000000,0.06546,0.06566,0.06522,0.06535,57980.0
1738695300000,0.06529,0.06533,0.06523,0.06533,42086.0
1738695600000,0.06526,0.06577,0.06519,0.06571,144769.0
1738695900000,0.06566,0.0657,0.0654,0.0656,43731.0
1738696200000,0.06547,0.06606,0.06545,0.06606,50291.0
1738696500000,0.06605,0.06642,0.06602,0.06634,20633.0
1738696800000,0.06634,0.06641,0.06618,0.06636,108670.0
1738697100000,0.06638,0.06645,0.06593,0.06602,130992.0
1738697400000,0.06602,0.06622,0.06586,0.06604,86840.0
1738697700000,0.06618,0.06636,0.0657,0.06586,89241.0
1738698000000,0.06579,0.0658,0.06544,0.06576,52324.0
1738698300000,0.06585,0.06613,0.06485,0.06519,194683.0
1738698600000,0.06516,0.06522,0.06477,0.06477,132317.0
1738698900000,0.06483,0.06509,0.0646,0.06464,147447.0
1738699200000,0.06469,0.06496,0.06463,0.06479,62358.0
1738699500000,0.06483,0.06492,0.0645,0.06471,171031.0
1738699800000,0.06471,0.0649,0.06408,0.06437,287478.0
1738700100000,0.06457,0.06477,0.06413,0.06413,165041.0
1738700400000,0.06421,0.06447,0.06404,0.06415,104168.0
1738700700000,0.06414,0.06434,0.06389,0.06411,199527.0
1738701000000,0.06419,0.06544,0.06416,0.06498,408401.0
1738701300000,0.06491,0.06651,0.0648,0.06635,818393.0
1738701600000,0.06635,0.06649,0.06585,0.06625,215645.0
1738701900000,0.06629,0.06906,0.06617,0.06806,2968577.0
1738702200000,0.06794,0.0697,0.06538,0.06548,5607950.0
1738702500000,0.0655,0.06559,0.0645,0.06488,1246820.0
1738702800000,0.06492,0.0652,0.06473,0.0649,693764.0
1738703100000,0.06499,0.06626,0.06499,0.06511,767885.0
1738703400000,0.06511,0.06523,0.0644,0.06466,535301.0
1738703700000,0.06466,0.06575,0.06458,0.06541,343700.0
1738704000000,0.06544,0.06578,0.06532,0.06573,204226.0
1738704300000,0.0656,0.06565,0.06528,0.06557,320398.0
1738704600000,0.06548,0.06559,0.06522,0.06529,260736.0
1738704900000,0.06522,0.06531,0.0644,0.06511,473430.0
1738705200000,0.06511,0.06532,0.06496,0.06526,222025.0
1738705500000,0.06518,0.06536,0.06513,0.06526,292385.0
1738705800000,0.06526,0.06526,0.06452,0.06462,355171.0
1738706100000,0.06462,0.06465,0.06447,0.06462,130028.0
1738706400000,0.06454,0.06487,0.06441,0.06476,80605.0
1738706700000,0.06476,0.06536,0.06456,0.06516,571496.0
1738707000000,0.06515,0.06534,0.06495,0.06534,159489.0
1738707300000,0.06534,0.06534,0.06476,0.06532,164327.0
1738707600000,0.06525,0.06601,0.06517,0.06601,341418.0
1738707900000,0.066,0.06601,0.06545,0.06586,210808.0
1738708200000,0.06584,0.06585,0.06553,0.06553,19017.0
1738708500000,0.06554,0.06566,0.06554,0.06566,32513.0
1738708800000,0.06558,0.06569,0.06552,0.06552,123775.0
1738709100000,0.06553,0.06565,0.06552,0.06563,48475.0
1738709400000,0.06566,0.06626,0.06566,0.06566,200815.0
1738709700000,0.06566,0.06583,0.06552,0.0657,104801.0
1738710000000,0.06569,0.0659,0.06559,0.06587,69629.0
1738710300000,0.06588,0.0661,0.06569,0.06588,44204.0
1738710600000,0.06594,0.06681,0.06594,0.06638,285433.0
1738710900000,0.06634,0.06636,0.06616,0.06623,60807.0
1738711200000,0.06623,0.06639,0.06617,0.06639,35633.0
1738711500000,0.06626,0.0663,0.06615,0.06628,20390.0
1738711800000,0.0663,0.0667,0.06611,0.0666,89728.0
1738712100000,0.06659,0.06672,0.06652,0.06669,58429.0
1738712400000,0.06672,0.06745,0.06672,0.06723,438014.0
1738712700000,0.06723,0.06725,0.06677,0.06718,195621.0
1738713000000,0.06717,0.06745,0.06698,0.06733,171333.0
1738713300000,0.06732,0.06751,0.06696,0.06696,32848.0
1738713600000,0.06702,0.06702,0.06658,0.067,114620.0
1738713900000,0.06705,0.0676,0.06677,0.06683,183133.0
1738714200000,0.06691,0.06756,0.06684,0.06736,180025.0
1738714500000,0.06734,0.06836,0.06733,0.06764,539898.0
1738714800000,0.06788,0.0682,0.06737,0.06789,278138.0
1738715100000,0.06793,0.06793,0.06737,0.06737,125590.0
1738715400000,0.06735,0.06735,0.06686,0.06698,89101.0
1738715700000,0.06696,0.06732,0.06696,0.06732,67071.0
1738716000000,0.06724,0.06738,0.06724,0.06735,14165.0
1738716300000,0.06735,0.0679,0.06735,0.06773,40285.0
1738716600000,0.06771,0.06773,0.06754,0.06767,8872.0
1738716900000,0.06759,0.06769,0.06735,0.06757,43251.0
1738717200000,0.06745,0.0682,0.06735,0.06807,83707.0
1738717500000,0.06807,0.06833,0.06795,0.06802,136097.0
1738717800000,0.06804,0.06815,0.06795,0.06803,42184.0
1738718100000,0.06806,0.06832,0.06798,0.06811,130081.0
1738718400000,0.068,0.06825,0.068,0.06825,51202.0
1738718700000,0.06817,0.06819,0.06751,0.06778,334405.0
1738719000000,0.06775,0.06797,0.06755,0.06797,116303.0
1738719300000,0.06799,0.06832,0.06788,0.06821,347184.0
1738719600000,0.0682,0.06825,0.06808,0.06825,17938.0
1738719900000,0.06825,0.06843,0.06812,0.06843,86010.0
1738720200000,0.06843,0.0685,0.06816,0.06817,60980.0
1738720500000,0.06816,0.06817,0.06793,0.068,128988.0
1738720800000,0.068,0.0681,0.0673,0.0676,192711.0
1738721100000,0.06761,0.06797,0.0676,0.06774,87565.0
1738721400000,0.06786,0.06788,0.06771,0.06782,18376.0
1738721700000,0.06776,0.06776,0.0672,0.0672,130763.0
1738722000000,0.06723,0.06748,0.06675,0.06683,132748.0
1738722300000,0.06683,0.06792,0.06683,0.06791,192303.0
1738722600000,0.0679,0.06795,0.0677,0.06791,46661.0
1738722900000,0.06798,0.06844,0.06798,0.06844,97603.0
1738723200000,0.06835,0.06931,0.06829,0.06837,512873.0
1738723500000,0.06843,0.06932,0.06827,0.06907,657318.0
1738723800000,0.06899,0.0695,0.06857,0.0692,330448.0
1738724100000,0.0692,0.06943,0.06891,0.06901,143618.0
1738724400000,0.06901,0.06958,0.06869,0.06934,302989.0
1738724700000,0.06931,0.06931,0.06881,0.06882,227855.0
1738725000000,0.06886,0.06886,0.06848,0.06864,45985.0
1738725300000,0.06867,0.06873,0.06853,0.06859,110489.0
1738725600000,0.0686,0.06905,0.0686,0.06905,65785.0
1738725900000,0.06894,0.06944,0.06894,0.06928,228237.0
1738726200000,0.06917,0.06973,0.06911,0.06925,313177.0
1738726500000,0.06933,0.06982,0.06921,0.06982,254418.0
1738726800000,0.0697,0.07024,0.06957,0.0696,798731.0
1738727100000,0.0696,0.07018,0.06919,0.06923,218939.0
1738727400000,0.06922,0.06946,0.06914,0.06924,92238.0
1738727700000,0.06924,0.06967,0.06924,0.06967,37449.0
1738728000000,0.06967,0.07052,0.06951,0.07002,494624.0
1738728300000,0.07007,0.07055,0.06968,0.06968,214004.0
1738728600000,0.0698,0.06981,0.06889,0.06889,335229.0
1738728900000,0.069,0.069,0.06816,0.06816,540308.0
1738729200000,0.06807,0.06819,0.06777,0.06788,122882.0
1738729500000,0.06788,0.06788,0.06746,0.06765,151302.0
1738729800000,0.06777,0.06793,0.06753,0.06777,113433.0
1738730100000,0.06777,0.06892,0.06777,0.0685,565922.0
1738730400000,0.0685,0.06861,0.06833,0.0686,68711.0
1738730700000,0.06859,0.06893,0.0685,0.0689,74459.0
1738731000000,0.06884,0.06896,0.06869,0.06869,108564.0
1738731300000,0.0687,0.06878,0.06859,0.06863,23894.0
1738731600000,0.06876,0.0692,0.06824,0.06849,296829.0
1738731900000,0.06834,0.06842,0.06771,0.06827,351810.0
1738732200000,0.06825,0.06835,0.06793,0.06835,69396.0
1738732500000,0.06828,0.06875,0.06824,0.06875,91393.0
1738732800000,0.06869,0.0687,0.06846,0.06846,70422.0
1738733100000,0.06844,0.06854,0.06816,0.06832,103839.0
1738733400000,0.0684,0.06845,0.06791,0.06795,127951.0
1738733700000,0.06792,0.06794,0.06742,0.0675,168384.0
1738734000000,0.06743,0.06765,0.06728,0.06762,50981.0
1738734300000,0.06755,0.06803,0.06742,0.06801,51152.0
1738734600000,0.06801,0.06884,0.06801,0.06871,104115.0
1738734900000,0.06868,0.06885,0.06825,0.06835,175030.0
1738735200000,0.06828,0.06834,0.06801,0.06801,141921.0
1738735500000,0.06813,0.06834,0.06764,0.06825,141650.0
1738735800000,0.06836,0.06855,0.0681,0.0681,57734.0
1738736100000,0.06818,0.06832,0.0681,0.0681,73712.0
1738736400000,0.0681,0.0681,0.06784,0.06796,68384.0
1738736700000,0.06794,0.06802,0.06784,0.06802,30696.0
1738737000000,0.06815,0.06815,0.06776,0.06804,36732.0
1738737300000,0.06796,0.06804,0.06782,0.06793,48965.0
1738737600000,0.06784,0.06787,0.06767,0.06781,35885.0
1738737900000,0.06775,0.06834,0.06775,0.06834,255555.0
1738738200000,0.06832,0.06834,0.06819,0.06826,39219.0
1738738500000,0.06826,0.06841,0.06826,0.06838,38121.0
1738738800000,0.06838,0.06855,0.06831,0.06842,142670.0
1738739100000,0.06839,0.06857,0.06825,0.06833,70183.0
1738739400000,0.06833,0.06843,0.06826,0.06843,21278.0
1738739700000,0.06843,0.06858,0.06808,0.06808,186038.0
1738740000000,0.06808,0.06822,0.06802,0.0682,71395.0
1738740300000,0.0682,0.0682,0.06772,0.068,263797.0
1738740600000,0.06804,0.06804,0.06774,0.06791,95250.0
1738740900000,0.06788,0.06803,0.06781,0.06803,60678.0
1738741200000,0.06795,0.0682,0.06769,0.0682,61515.0
1738741500000,0.0682,0.06826,0.068,0.06825,12838.0
1738741800000,0.06832,0.06858,0.06828,0.06857,42084.0
1738742100000,0.06857,0.06857,0.06798,0.06822,166612.0
1738742400000,0.06817,0.0687,0.068,0.0687,63337.0
1738742700000,0.0687,0.06882,0.06868,0.06872,39218.0
1738743000000,0.06872,0.06872,0.06819,0.06837,138298.0
1738743300000,0.06837,0.06839,0.06792,0.06805,170703.0
1738743600000,0.06812,0.06818,0.06766,0.06772,124973.0
1738743900000,0.06772,0.06772,0.06713,0.06718,141562.0
1738744200000,0.06717,0.06724,0.06704,0.06712,33787.0
1738744500000,0.06712,0.06717,0.06702,0.06713,38302.0
1738744800000,0.06709,0.06713,0.06664,0.06684,88398.0
1738745100000,0.06685,0.06703,0.06679,0.06695,47673.0
1738745400000,0.06698,0.06719,0.06689,0.0669,54503.0
1738745700000,0.06693,0.06704,0.06616,0.06664,249879.0
1738746000000,0.06663,0.06749,0.06648,0.06718,354138.0
1738746300000,0.06714,0.06762,0.067,0.06715,169738.0
1738746600000,0.06703,0.06729,0.067,0.0672,21379.0
1738746900000,0.06709,0.0673,0.06684,0.06698,89188.0
1738747200000,0.06693,0.06701,0.06664,0.06665,85025.0
1738747500000,0.06667,0.06672,0.06653,0.06672,28228.0
1738747800000,0.06665,0.06665,0.06557,0.06609,331728.0
1738748100000,0.06609,0.06618,0.06596,0.06607,13617.0
1738748400000,0.06607,0.0661,0.06593,0.0661,15174.0
1738748700000,0.0661,0.06616,0.06524,0.06583,287164.0
1738749000000,0.06586,0.06608,0.06578,0.06591,34157.0
1738749300000,0.06585,0.06602,0.06585,0.06596,19913.0
1738749600000,0.06591,0.06614,0.06587,0.06608,46786.0
1738749900000,0.06614,0.0662,0.06606,0.06613,41917.0
1738750200000,0.06613,0.06622,0.066,0.066,32565.0
1738750500000,0.06592,0.06613,0.06581,0.06609,93238.0
1738750800000,0.06605,0.06615,0.06593,0.06604,33442.0
1738751100000,0.06606,0.06619,0.066,0.06603,42992.0
1738751400000,0.06603,0.06625,0.06602,0.06614,26579.0
1738751700000,0.06615,0.06638,0.066,0.06638,93027.0
1738752000000,0.06639,0.06662,0.06618,0.06624,137458.0
1738752300000,0.06625,0.06642,0.06608,0.0664,74039.0
1738752600000,0.06634,0.06634,0.06605,0.06612,29420.0
1738752900000,0.06612,0.06618,0.06606,0.06618,38041.0
1738753200000,0.06611,0.06647,0.06609,0.06634,111954.0
1738753500000,0.06633,0.06664,0.06622,0.06664,28761.0
1738753800000,0.06664,0.06671,0.0665,0.06653,114780.0
1738754100000,0.06653,0.06701,0.06653,0.06691,114469.0
1745712000000,0.03075,0.03188,0.03065,0.03179,5320302.0
1745712300000,0.03166,0.0317,0.02999,0.03073,6955809.0
1745712600000,0.03067,0.03124,0.03062,0.03108,2941970.0
1745712900000,0.03114,0.03138,0.03005,0.03014,3118996.0
1745713200000,0.03014,0.03032,0.02915,0.02952,4290233.0
1745713500000,0.0295,0.03081,0.0295,0.03074,1377427.0
1745713800000,0.03081,0.031,0.03029,0.03096,3025244.0
1745714100000,0.03096,0.03126,0.0305,0.03109,2921805.0
1745714400000,0.03103,0.03233,0.03079,0.03219,4994736.0
1745714700000,0.0321,0.03266,0.03081,0.03217,6498337.0
1745715000000,0.03222,0.033,0.0314,0.03156,6072709.0
1745715300000,0.0315,0.033,0.0315,0.03298,3615380.0
1745715600000,0.03299,0.033,0.03118,0.03148,4393782.0
1745715900000,0.0316,0.03161,0.03054,0.0307,4798629.0
1745716200000,0.0307,0.03091,0.03,0.03075,3569990.0
1745716500000,0.03075,0.0308,0.03005,0.03016,3651966.0
1745716800000,0.03014,0.03048,0.0296,0.03041,2520988.0
1745717100000,0.03041,0.03144,0.03038,0.03129,3362177.0
1745717400000,0.03129,0.03129,0.0305,0.03076,882926.0
1745717700000,0.03075,0.03076,0.0296,0.03035,4362469.0
1745718000000,0.03037,0.03056,0.02991,0.02999,1129437.0
1745718300000,0.02999,0.0305,0.0295,0.03027,1719301.0
1745718600000,0.03033,0.03033,0.0254,0.02556,5271702.0
1745718900000,0.02544,0.026,0.021,0.02584,18374942.0
1745719200000,0.02591,0.027,0.02401,0.02448,7987901.0
1745719500000,0.02451,0.02512,0.02411,0.02469,3826138.0
1745719800000,0.02482,0.02505,0.02269,0.02355,5313184.0
1745720100000,0.02356,0.02455,0.0235,0.02455,3138888.0
1745720400000,0.02443,0.025,0.024,0.02424,2947343.0
1745720700000,0.02428,0.02524,0.02361,0.02493,3034662.0
1745721000000,0.0248,0.0252,0.02411,0.0245,2560661.0
1745721300000,0.02452,0.0246,0.02252,0.02388,4359821.0
1745721600000,0.02394,0.0245,0.0236,0.0242,2462225.0
1745721900000,0.02422,0.02577,0.02407,0.02468,4435690.0
1745722200000,0.02468,0.025,0.02402,0.02483,2896732.0
1745722500000,0.02477,0.02477,0.02401,0.02451,1755814.0
1745722800000,0.02448,0.02461,0.02378,0.02399,2066765.0
1745723100000,0.02399,0.02438,0.0239,0.02411,759632.0
1745723400000,0.02411,0.02455,0.02376,0.02455,1004739.0
1745723700000,0.02454,0.02454,0.02381,0.02423,1966094.0
1745724000000,0.02428,0.02452,0.02401,0.02432,2126761.0
1745724300000,0.0243,0.0244,0.02401,0.02424,1338829.0
1745724600000,0.02431,0.02434,0.02323,0.02358,3592103.0
1745724900000,0.02359,0.02401,0.02222,0.02283,4234465.0
1745725200000,0.02283,0.02344,0.0225,0.02334,4711013.0
1745725500000,0.02337,0.024,0.02331,0.02381,2204402.0
1745725800000,0.02389,0.02391,0.02361,0.02368,552259.0
1745726100000,0.02368,0.02389,0.02354,0.02378,1482213.0
1745726400000,0.02388,0.02399,0.02362,0.02374,2381378.0
1745726700000,0.02379,0.02399,0.02374,0.02399,895130.0
1745727000000,0.02397,0.02426,0.02356,0.02356,2480432.0
1745727300000,0.02359,0.0237,0.0225,0.02292,3008053.0
1745727600000,0.02299,0.02388,0.02291,0.0237,1837951.0
1745727900000,0.02366,0.0239,0.02315,0.02335,1257667.0
1745728200000,0.02343,0.02365,0.023,0.02328,973538.0
1745728500000,0.02328,0.02363,0.023,0.02345,853498.0
1745728800000,0.02343,0.02348,0.02297,0.0234,1837594.0
1745729100000,0.02336,0.02344,0.02311,0.02327,572142.0
1745729400000,0.02323,0.02326,0.02285,0.02286,1003746.0
1745729700000,0.02287,0.02351,0.0228,0.02349,1959912.0
1745730000000,0.02351,0.02399,0.02299,0.02336,2960122.0
1745730300000,0.02336,0.02336,0.02236,0.02236,5827885.0
1745730600000,0.0224,0.02274,0.02236,0.02244,1993953.0
1745730900000,0.02245,0.023,0.0221,0.02291,3962804.0
1745731200000,0.02296,0.02304,0.02265,0.02273,3162716.0
1745731500000,0.02274,0.0235,0.0226,0.02348,2900477.0
1745731800000,0.0234,0.02369,0.023,0.02302,4157759.0
1745732100000,0.02309,0.02327,0.02255,0.02276,994834.0
1745732400000,0.02282,0.0235,0.02275,0.02296,1304299.0
1745732700000,0.02297,0.02306,0.0223,0.0224,2248517.0
1745733000000,0.02248,0.02302,0.02248,0.02302,1154544.0
1745733300000,0.02301,0.02316,0.0223,0.02289,1190046.0
1745733600000,0.0229,0.02298,0.0225,0.02254,693513.0
1745733900000,0.02254,0.02286,0.02223,0.02253,1389175.0
1745734200000,0.02244,0.02257,0.02225,0.02253,969954.0
1745734500000,0.02253,0.0235,0.02229,0.02336,2148312.0
1745734800000,0.02339,0.0235,0.02231,0.02233,1658890.0
1745735100000,0.02233,0.02233,0.01808,0.02006,15970801.0
1745735400000,0.02006,0.02025,0.01734,0.0187,9390623.0
1745735700000,0.01876,0.01899,0.01819,0.01845,4686721.0
1745736000000,0.01845,0.019,0.01836,0.01858,3723473.0
1745736300000,0.01859,0.01884,0.0178,0.01862,3919157.0
1745736600000,0.01861,0.0195,0.01844,0.01883,3627005.0
1745736900000,0.01881,0.0195,0.0188,0.019,1643725.0
1745737200000,0.01899,0.01909,0.0185,0.01878,2712298.0
1745737500000,0.01885,0.01885,0.0178,0.01843,5321731.0
1745737800000,0.01837,0.01865,0.01819,0.01847,2555968.0
1745738100000,0.01847,0.0194,0.01847,0.01928,4833688.0
1745738400000,0.01934,0.01996,0.019,0.01916,7256909.0
1745738700000,0.01916,0.01954,0.0188,0.01891,2257143.0
1745739000000,0.01899,0.0192,0.01837,0.01869,3392501.0
1745739300000,0.01872,0.0189,0.01827,0.01854,2109476.0
1745739600000,0.01853,0.0193,0.01835,0.01909,3842850.0
1745739900000,0.01909,0.0192,0.0186,0.01866,1378450.0
1745740200000,0.01866,0.01895,0.01865,0.01881,838115.0
1745740500000,0.01886,0.01911,0.0188,0.019,1191397.0
1745740800000,0.01898,0.02015,0.01898,0.01982,6568942.0
1745741100000,0.01988,0.01999,0.01888,0.01908,3739925.0
1745741400000,0.01906,0.01934,0.01892,0.01934,1347945.0
1745741700000,0.01934,0.01948,0.01928,0.01931,1254184.0
1745742000000,0.01931,0.01939,0.0188,0.01889,2123397.0
1745742300000,0.01889,0.01922,0.01889,0.01908,592100.0
1745742600000,0.01908,0.02107,0.01905,0.02075,14086146.0
1745742900000,0.02066,0.02192,0.0204,0.02157,15109315.0
1745743200000,0.02154,0.02338,0.02101,0.02273,12688070.0
1745743500000,0.02278,0.0265,0.022,0.0253,21652017.0
1745743800000,0.02537,0.02539,0.02384,0.02444,13415208.0
1745744100000,0.02444,0.025,0.024,0.02465,8732571.0
1745744400000,0.02466,0.02611,0.02454,0.02575,14346777.0
1745744700000,0.02577,0.027,0.0251,0.02679,13070351.0
1745745000000,0.02672,0.02924,0.0267,0.02757,26833413.0
1745745300000,0.02765,0.0285,0.026,0.02731,15469108.0
1745745600000,0.02734,0.02796,0.0265,0.02671,7312345.0
1745745900000,0.02673,0.02765,0.02665,0.02666,6682090.0
1745746200000,0.0267,0.02685,0.02425,0.02486,13502741.0
1745746500000,0.02481,0.02559,0.02458,0.02521,3953867.0
1745746800000,0.02521,0.02555,0.02501,0.02516,3339502.0
1745747100000,0.02516,0.02595,0.02401,0.02593,7493470.0
1745747400000,0.02585,0.02697,0.0255,0.02607,8747416.0
1745747700000,0.02614,0.02683,0.026,0.02623,4195890.0
1745748000000,0.0262,0.0263,0.02475,0.02547,4984707.0
1745748300000,0.02538,0.02558,0.02414,0.02453,5021890.0
1745748600000,0.02446,0.02508,0.02417,0.02424,3881695.0
1745748900000,0.02423,0.02463,0.023,0.023,7990426.0
1745749200000,0.02294,0.0234,0.0225,0.02315,4745873.0
1745749500000,0.02314,0.02399,0.02302,0.02341,4070291.0
1745749800000,0.02342,0.0235,0.02302,0.02337,2024272.0
1745750100000,0.02336,0.02348,0.02165,0.02255,5135849.0
1745750400000,0.0226,0.02341,0.0225,0.02285,4886801.0
1745750700000,0.0228,0.02372,0.02276,0.0235,3678183.0
1745751000000,0.02351,0.02379,0.02286,0.0233,2383169.0
1745751300000,0.02328,0.02346,0.0229,0.02291,1107854.0
1745751600000,0.02293,0.02379,0.02291,0.02336,3525521.0
1745751900000,0.02333,0.0234,0.02202,0.02268,5840147.0
1745752200000,0.02259,0.02263,0.02161,0.02219,4631292.0
1745752500000,0.02212,0.02269,0.02186,0.02265,3388423.0
1745752800000,0.02258,0.02316,0.02234,0.02236,3231933.0
1745753100000,0.02236,0.0229,0.02231,0.02269,1467798.0
1745753400000,0.02269,0.0245,0.0225,0.02417,6792324.0
1745753700000,0.0242,0.02487,0.02329,0.02354,6668638.0
1745754000000,0.02355,0.02369,0.0226,0.02297,3806595.0
1745754300000,0.02305,0.02377,0.02264,0.0233,3139222.0
1745754600000,0.02332,0.02341,0.0219,0.02254,3566115.0
1745754900000,0.02255,0.02327,0.02239,0.02252,1915114.0
1745755200000,0.02247,0.02281,0.0205,0.02166,7881052.0
1745755500000,0.02166,0.02268,0.02153,0.02178,3700754.0
1745755800000,0.02178,0.02188,0.02125,0.0214,1606616.0
1745756100000,0.02135,0.02205,0.02124,0.02173,2595217.0
1745756400000,0.02177,0.02202,0.02154,0.02194,1102042.0
1745756700000,0.02192,0.02245,0.02143,0.02171,2439410.0
1745757000000,0.02168,0.0223,0.02112,0.02123,2711626.0
1745757300000,0.02122,0.022,0.02122,0.02173,1925769.0
1745757600000,0.02172,0.0219,0.02125,0.02135,1682484.0
1745757900000,0.02141,0.02172,0.02133,0.02142,1230025.0
1745758200000,0.02142,0.02172,0.02138,0.02149,1178605.0
1745758500000,0.02148,0.0215,0.0211,0.0212,1456552.0
1745758800000,0.02118,0.022,0.02114,0.02165,1564870.0
1745759100000,0.02161,0.02222,0.02151,0.02176,3038030.0
1745759400000,0.02179,0.02181,0.02131,0.02152,1589903.0
1745759700000,0.02158,0.0218,0.02128,0.02133,1798028.0
1745760000000,0.0214,0.02158,0.02122,0.02133,1132041.0
1745760300000,0.0213,0.02133,0.02,0.02048,3829773.0
1745760600000,0.02052,0.02145,0.02052,0.02122,2224377.0
1745760900000,0.02121,0.02129,0.02095,0.02121,1563928.0
1745761200000,0.02123,0.0223,0.02105,0.0217,2926900.0
1745761500000,0.0217,0.02193,0.02109,0.02128,1841228.0
1745761800000,0.02137,0.02162,0.02105,0.02127,1292693.0
1745762100000,0.0212,0.02153,0.02104,0.02122,661073.0
1745762400000,0.02116,0.02136,0.0205,0.02087,1991471.0
1745762700000,0.02087,0.02106,0.02041,0.02077,1810343.0
1745763000000,0.02078,0.02078,0.02027,0.0205,2252125.0
1745763300000,0.02048,0.0213,0.02031,0.02115,3427228.0
1745763600000,0.02113,0.02119,0.0204,0.02082,1335835.0
1745763900000,0.02085,0.0218,0.02078,0.02159,1897100.0
1745764200000,0.02158,0.02158,0.02081,0.02149,1254610.0
1745764500000,0.02142,0.02146,0.02099,0.02135,591166.0
1745764800000,0.02135,0.02148,0.02105,0.02132,1223104.0
1745765100000,0.02136,0.02137,0.0208,0.02109,675450.0
1745765400000,0.02099,0.02123,0.02086,0.021,474915.0
1745765700000,0.021,0.0212,0.02096,0.02115,308968.0
1745766000000,0.02115,0.0212,0.02074,0.0209,992808.0
1745766300000,0.0209,0.02178,0.0209,0.02124,1574161.0
1745766600000,0.0212,0.02169,0.02101,0.02111,1344323.0
1745766900000,0.02119,0.0214,0.02102,0.02122,782189.0
1745767200000,0.02122,0.02122,0.02081,0.02109,1381753.0
1745767500000,0.02109,0.0211,0.0208,0.02084,1647194.0
1745767800000,0.02093,0.02114,0.02081,0.02111,1135087.0
1745768100000,0.02115,0.02159,0.02101,0.02124,2499964.0
1745768400000,0.02125,0.02137,0.021,0.02121,1098104.0
1745768700000,0.02116,0.02155,0.02109,0.02144,2203794.0
1745769000000,0.02141,0.02245,0.02133,0.02231,2830122.0
1745769300000,0.02233,0.02245,0.0216,0.02186,4488170.0
1745769600000,0.02185,0.02203,0.02148,0.0216,1794438.0
1745769900000,0.02162,0.02171,0.02116,0.02131,2232016.0
1745770200000,0.02131,0.02165,0.02131,0.02139,530515.0
1745770500000,0.02138,0.02189,0.02129,0.02146,961179.0
1745770800000,0.02146,0.02161,0.02143,0.02143,685872.0
1745771100000,0.02142,0.02148,0.0208,0.02108,2500393.0
1745771400000,0.02102,0.02144,0.02083,0.02123,1635869.0
1745771700000,0.02127,0.0216,0.021,0.0216,1302171.0
1745772000000,0.02157,0.02187,0.02133,0.02141,1791448.0
1745772300000,0.02141,0.02245,0.02126,0.02231,4022356.0
1745772600000,0.02232,0.0229,0.02226,0.02284,5182056.0
1745772900000,0.02284,0.02289,0.0223,0.0224,3400422.0
1745773200000,0.0224,0.0229,0.02192,0.02289,3128122.0
1745773500000,0.0229,0.02355,0.0228,0.02339,5147874.0
1745773800000,0.02341,0.02377,0.023,0.02309,6730531.0
1745774100000,0.02303,0.02424,0.023,0.02391,6290305.0
1745774400000,0.02388,0.02397,0.02326,0.02333,3223885.0
1745774700000,0.02332,0.02338,0.0222,0.02259,2796989.0
1745775000000,0.0226,0.02378,0.02247,0.02367,4017968.0
1745775300000,0.02369,0.02493,0.02367,0.02458,7949912.0
1745775600000,0.02458,0.02475,0.02381,0.02404,4079948.0
1745775900000,0.02402,0.02403,0.02303,0.02356,3775262.0
1745776200000,0.02346,0.02349,0.02223,0.02308,4049251.0
1745776500000,0.023,0.02311,0.02258,0.02298,2250230.0
1745776800000,0.02294,0.02338,0.02201,0.02246,3132644.0
1745777100000,0.02247,0.02273,0.02185,0.0225,3050106.0
1745777400000,0.02249,0.02323,0.0223,0.02315,3006956.0
1745777700000,0.02308,0.0233,0.0224,0.02275,2821189.0
1745778000000,0.02274,0.02299,0.02253,0.02279,1186390.0
1745778300000,0.02273,0.02294,0.02247,0.02292,810368.0
1745778600000,0.0229,0.0231,0.02213,0.02214,2960170.0
1745778900000,0.02221,0.02274,0.02218,0.02252,1804793.0
1745779200000,0.0225,0.02267,0.02239,0.0224,750680.0
1745779500000,0.02246,0.02256,0.02202,0.02245,1345980.0
1745779800000,0.02237,0.0235,0.02227,0.02336,3573808.0
1745780100000,0.02336,0.02336,0.02267,0.02283,1673965.0
1745780400000,0.02282,0.02282,0.02135,0.02152,4852975.0
1745780700000,0.02145,0.02149,0.02035,0.02072,6374414.0
1745781000000,0.02072,0.02096,0.0186,0.01965,7761395.0
1745781300000,0.01965,0.02022,0.01951,0.02008,4997454.0
1745781600000,0.02007,0.02017,0.01601,0.0162,14024887.0
1745781900000,0.01617,0.01839,0.01614,0.01833,9645851.0
1745782200000,0.01833,0.01896,0.01781,0.01819,6910796.0
1745782500000,0.0182,0.01865,0.01775,0.01794,3632530.0
1745782800000,0.01794,0.01824,0.0178,0.01815,1569472.0
1745783100000,0.0182,0.01849,0.01805,0.01816,2069107.0
1745783400000,0.01816,0.01904,0.01807,0.0187,2535580.0
1745783700000,0.01869,0.01885,0.01833,0.01848,1345557.0
1745784000000,0.01851,0.01856,0.0178,0.0184,4300942.0
1745784300000,0.01831,0.0184,0.01743,0.01823,2103471.0
1745784600000,0.01823,0.01892,0.01806,0.0183,2922730.0
1745784900000,0.01838,0.01857,0.01784,0.01822,2420714.0
1745785200000,0.01819,0.01892,0.01819,0.01891,3411879.0
1745785500000,0.0189,0.01942,0.01884,0.01897,6821199.0
1745785800000,0.01897,0.0193,0.01881,0.0191,3333625.0
1745786100000,0.01905,0.01918,0.0189,0.019,2975262.0
1745786400000,0.01896,0.01899,0.01805,0.01873,4092381.0
1745786700000,0.0187,0.01885,0.01845,0.01871,962556.0
1745787000000,0.01876,0.01887,0.01805,0.01831,2636125.0
1745787300000,0.0183,0.01854,0.01821,0.01822,1065280.0
1745787600000,0.01824,0.01849,0.01788,0.01828,2785313.0
1745787900000,0.01838,0.01872,0.0181,0.01825,1470212.0
1745788200000,0.01825,0.0183,0.01785,0.01829,1185299.0
1745788500000,0.01823,0.01844,0.0179,0.01791,2837051.0
1745788800000,0.01795,0.01817,0.01755,0.0176,2942680.0
1745789100000,0.01756,0.01805,0.0175,0.01805,1228219.0
1745789400000,0.01803,0.0182,0.01778,0.01792,494263.0
1745789700000,0.01791,0.01791,0.01706,0.01773,1766601.0
1745790000000,0.01773,0.018,0.01769,0.01789,940428.0
1745790300000,0.01788,0.0182,0.0175,0.01797,1543006.0
1745790600000,0.01796,0.01811,0.01763,0.01768,536875.0
1745790900000,0.01768,0.01799,0.0175,0.01753,642315.0
1745791200000,0.01752,0.01788,0.0174,0.01763,1544622.0
1745791500000,0.01758,0.01767,0.01748,0.0176,508576.0
1745791800000,0.01766,0.018,0.01766,0.01781,1491570.0
1745792100000,0.01781,0.01781,0.01736,0.01762,1083904.0
1745792400000,0.01755,0.01768,0.01746,0.01768,374682.0
1745792700000,0.01765,0.01765,0.0174,0.01757,468653.0
1745793000000,0.01763,0.01811,0.0175,0.01758,2685331.0
1745793300000,0.01762,0.01763,0.01733,0.01742,1260440.0
1745793600000,0.01743,0.01782,0.0174,0.01759,600378.0
1745793900000,0.01762,0.01762,0.01742,0.01745,437489.0
1745794200000,0.01744,0.0176,0.01741,0.0176,319472.0
1745794500000,0.01758,0.0177,0.01741,0.01752,538326.0
1745794800000,0.01746,0.01746,0.01722,0.0173,1299559.0
1745795100000,0.0173,0.01749,0.01729,0.0173,382401.0
1745795400000,0.01734,0.01789,0.01734,0.01781,1264317.0
1745795700000,0.01781,0.0179,0.01718,0.01755,812332.0
1745796000000,0.01751,0.01762,0.01734,0.01753,803341.0
1745796300000,0.01753,0.01775,0.01705,0.0175,1499055.0
1745796600000,0.01749,0.01749,0.01722,0.01739,437028.0
1745796900000,0.01742,0.0176,0.01736,0.01746,715954.0
1745797200000,0.01744,0.01756,0.01739,0.01745,199498.0
1745797500000,0.01745,0.0175,0.01739,0.01748,901374.0
1745797800000,0.01743,0.01746,0.01697,0.01713,1325049.0
1745798100000,0.01714,0.01734,0.0171,0.01728,622750.0
1745798400000,0.01729,0.01734,0.01672,0.01709,2104937.0
1745798700000,0.01706,0.01713,0.01673,0.01676,709123.0
1745799000000,0.01674,0.01748,0.01654,0.01686,2032815.0
1745799300000,0.0169,0.01729,0.01677,0.01707,925621.0
1745799600000,0.01702,0.01708,0.01668,0.01682,541962.0
1745799900000,0.01681,0.01705,0.01675,0.01687,1035177.0
1745800200000,0.01682,0.01725,0.01673,0.01691,959885.0
1745800500000,0.01686,0.01732,0.01683,0.01713,550082.0
1745800800000,0.01715,0.01728,0.01696,0.01711,1174186.0
1745801100000,0.01715,0.01715,0.01692,0.01706,463342.0
1745801400000,0.01708,0.01773,0.01706,0.01742,2697365.0
1745801700000,0.01735,0.01756,0.01718,0.0175,840423.0
1745802000000,0.01745,0.01772,0.01687,0.01695,2449380.0
1745802300000,0.01697,0.01719,0.01694,0.01713,435506.0
1745802600000,0.01713,0.01734,0.01695,0.01734,393100.0
1745802900000,0.01736,0.01778,0.01736,0.01761,1959332.0
1745803200000,0.01757,0.01757,0.01655,0.01711,2360867.0
1745803500000,0.01714,0.01748,0.01696,0.01723,1660099.0
1745803800000,0.01719,0.01725,0.01681,0.01688,1481943.0
1745804100000,0.01688,0.01734,0.0168,0.01729,986971.0
1745804400000,0.01729,0.01729,0.01684,0.01697,561856.0
1745804700000,0.01697,0.01719,0.01683,0.0171,377191.0
1745805000000,0.01706,0.01745,0.01698,0.01726,1170095.0
1745805300000,0.01733,0.0178,0.01727,0.01729,1574861.0
1745805600000,0.01732,0.01741,0.01703,0.01715,436272.0
1745805900000,0.01711,0.0173,0.0171,0.01712,237426.0
1745806200000,0.01713,0.0173,0.01708,0.01729,230641.0
1745806500000,0.01721,0.01747,0.01703,0.01745,339554.0
1745806800000,0.01743,0.01743,0.01675,0.01704,2682922.0
1745807100000,0.01704,0.01707,0.01694,0.01705,519539.0
1745807400000,0.01704,0.0171,0.01695,0.0171,175831.0
1745807700000,0.01709,0.01724,0.01698,0.01709,390545.0
1745808000000,0.01715,0.0175,0.01701,0.01726,536294.0
1745808300000,0.01726,0.01731,0.01707,0.01722,269414.0
1745808600000,0.0172,0.01731,0.01719,0.0173,177797.0
1745808900000,0.01733,0.01754,0.01716,0.01726,854853.0
1745809200000,0.01726,0.0175,0.01715,0.01738,358891.0
1745809500000,0.01738,0.0174,0.0171,0.01725,1085677.0
1745809800000,0.01721,0.01735,0.01714,0.01719,454272.0
1745810100000,0.01719,0.0177,0.01716,0.01762,808142.0
1745810400000,0.01759,0.01767,0.01721,0.0175,686016.0
1745810700000,0.01758,0.0176,0.01739,0.01741,330088.0
1745811000000,0.01748,0.01795,0.0174,0.01781,1268594.0
1745811300000,0.01781,0.01788,0.01744,0.01757,1332160.0
1745811600000,0.01758,0.01772,0.01755,0.01771,348189.0
1745811900000,0.01772,0.01916,0.01772,0.01916,3896896.0
1745812200000,0.01916,0.01923,0.01844,0.01895,5655186.0
1745812500000,0.01901,0.01933,0.01851,0.01886,3294527.0
1745812800000,0.01887,0.01887,0.0182,0.0186,2742645.0
1745813100000,0.01852,0.01875,0.01814,0.01848,1921668.0
1745813400000,0.01853,0.01864,0.01834,0.01834,1023655.0
1745813700000,0.0183,0.0186,0.01828,0.01854,1610306.0
1745814000000,0.01841,0.01867,0.0183,0.01863,855007.0
1745814300000,0.01865,0.01865,0.01771,0.0178,3293604.0
1745814600000,0.01781,0.01849,0.0175,0.01811,1813884.0
1745814900000,0.0182,0.01834,0.018,0.01809,1257339.0
1745815200000,0.01811,0.01838,0.01781,0.01809,2544698.0
1745815500000,0.01801,0.01838,0.01773,0.01808,1860992.0
1745815800000,0.0181,0.01823,0.01791,0.01809,1120456.0
1745816100000,0.01808,0.01819,0.01782,0.01792,1160190.0
1745816400000,0.01797,0.01817,0.01784,0.01796,919126.0
1745816700000,0.01797,0.01815,0.01785,0.01808,582735.0
1745817000000,0.01809,0.01809,0.01762,0.01777,1125941.0
1745817300000,0.01777,0.01799,0.01777,0.01789,482557.0
1745817600000,0.01791,0.01792,0.01763,0.01785,487984.0
1745817900000,0.01791,0.01799,0.01771,0.01771,349048.0
1745818200000,0.01777,0.01789,0.01762,0.01768,973873.0
1745818500000,0.01761,0.01775,0.01745,0.0177,715842.0
1745818800000,0.01771,0.0181,0.01757,0.0181,1638770.0
1745819100000,0.0181,0.0181,0.01726,0.01731,1567180.0
1745819400000,0.01737,0.0177,0.01721,0.01731,927109.0
1745819700000,0.01727,0.01756,0.01726,0.01746,845038.0
1745820000000,0.01751,0.01756,0.0168,0.01705,2707112.0
1745820300000,0.01706,0.01727,0.01695,0.01723,1178203.0
1745820600000,0.0172,0.01735,0.017,0.01729,1576776.0
1745820900000,0.01732,0.01749,0.01725,0.01734,735141.0
1745821200000,0.01734,0.01757,0.01724,0.0173,1161790.0
1745821500000,0.0173,0.01784,0.0172,0.01784,1087767.0
1745821800000,0.01784,0.01815,0.01759,0.01787,3386900.0
1745822100000,0.01787,0.01833,0.01786,0.0181,2061401.0
1745822400000,0.01804,0.01804,0.01769,0.0178,1104287.0
1745822700000,0.0178,0.01786,0.01762,0.0178,423257.0
1745823000000,0.01779,0.01815,0.01775,0.01809,1722179.0
1745823300000,0.01802,0.0183,0.01785,0.01794,1881011.0
1745823600000,0.01794,0.0181,0.01752,0.01756,1342691.0
1745823900000,0.01756,0.01785,0.01749,0.01778,867817.0
1745824200000,0.0178,0.0179,0.01755,0.01787,935867.0
1745824500000,0.01784,0.01784,0.01762,0.01763,417423.0
1745824800000,0.01766,0.01782,0.01758,0.01765,831290.0
1745825100000,0.01766,0.01793,0.01759,0.01774,1689927.0
1745825400000,0.01783,0.01794,0.01773,0.01786,219287.0
1745825700000,0.01781,0.01798,0.01771,0.0178,927392.0
1745826000000,0.01776,0.0178,0.01757,0.01767,766166.0
1745826300000,0.0177,0.01781,0.01765,0.01781,203018.0
1745826600000,0.01777,0.01784,0.01759,0.01769,963046.0
1745826900000,0.01769,0.01786,0.01769,0.01774,341124.0
1745827200000,0.01781,0.01788,0.01746,0.01753,1451661.0
1745827500000,0.01754,0.01765,0.01721,0.0174,2352461.0
1745827800000,0.01736,0.01752,0.01706,0.01722,1993389.0
1745828100000,0.0172,0.01757,0.01717,0.01723,1145843.0
1745828400000,0.01731,0.0176,0.01723,0.0174,551149.0
1745828700000,0.0174,0.01755,0.01735,0.01744,292551.0
1745829000000,0.01746,0.01755,0.01731,0.01735,376901.0
1745829300000,0.01732,0.01754,0.0173,0.01752,603967.0
1745829600000,0.01752,0.01762,0.01743,0.01747,379749.0
1745829900000,0.01748,0.01754,0.01723,0.01744,1000861.0
1745830200000,0.01745,0.01747,0.01734,0.01738,276180.0
1745830500000,0.01739,0.01744,0.01699,0.01729,1964180.0
1745830800000,0.0173,0.01738,0.0172,0.01731,409322.0
1745831100000,0.01736,0.01769,0.01736,0.01758,1523008.0
1745831400000,0.01758,0.01769,0.01742,0.01745,797462.0
1745831700000,0.01748,0.01766,0.01685,0.01736,3964364.0
1745832000000,0.01737,0.01737,0.01718,0.01718,780610.0
1745832300000,0.01723,0.01733,0.01718,0.0172,476869.0
1745832600000,0.01724,0.01742,0.01721,0.01742,621600.0
1745832900000,0.01743,0.01755,0.01723,0.01745,1049983.0
1745833200000,0.01745,0.01769,0.0174,0.01761,1701784.0
1745833500000,0.01762,0.01783,0.01756,0.01764,1534938.0
1745833800000,0.01769,0.01829,0.01756,0.01808,4162419.0
1745834100000,0.0181,0.01828,0.01776,0.01789,3555531.0
1745834400000,0.01787,0.01809,0.01775,0.01779,1224178.0
1745834700000,0.0178,0.0181,0.01775,0.01806,2206068.0
1745835000000,0.01801,0.01806,0.01785,0.01797,1798646.0
1745835300000,0.01793,0.01795,0.01773,0.0178,571065.0
1745835600000,0.01777,0.018,0.01759,0.01789,1691706.0
1745835900000,0.01788,0.01788,0.01712,0.01753,3604078.0
1745836200000,0.01752,0.01761,0.0172,0.01746,743917.0
1745836500000,0.01742,0.01762,0.01729,0.01757,837711.0
1745836800000,0.0176,0.01761,0.0174,0.01747,412330.0
1745837100000,0.01744,0.01749,0.01715,0.0173,1228570.0
1745837400000,0.01738,0.01743,0.01715,0.01726,1475650.0
1745837700000,0.01726,0.01727,0.01706,0.01714,1969874.0
1745838000000,0.0171,0.0171,0.01601,0.01626,6129274.0
1745838300000,0.01621,0.01629,0.01526,0.01602,8801962.0
1745838600000,0.01602,0.0163,0.01593,0.01619,1487837.0
1745838900000,0.01619,0.0163,0.01602,0.0163,1020528.0
1745839200000,0.0163,0.01635,0.01591,0.01593,1794508.0
1745839500000,0.01595,0.0162,0.01591,0.01616,1664853.0
1745839800000,0.0161,0.01643,0.01607,0.01629,1631901.0
1745840100000,0.01627,0.01639,0.01602,0.01615,1004108.0
1745840400000,0.01615,0.01647,0.01611,0.01623,1975294.0
1745840700000,0.01635,0.01639,0.01621,0.01632,907936.0
1745841000000,0.01632,0.01638,0.0161,0.01616,1196889.0
1745841300000,0.01616,0.01635,0.01602,0.01626,1613367.0
1745841600000,0.0163,0.01631,0.0162,0.01622,372868.0
1745841900000,0.01622,0.01623,0.01565,0.01579,2389554.0
1745842200000,0.0158,0.01618,0.01569,0.01608,1831143.0
1745842500000,0.01609,0.01629,0.016,0.01625,1277121.0
1745842800000,0.01621,0.0163,0.01587,0.01588,1725451.0
1745843100000,0.0159,0.01611,0.0157,0.01589,1214134.0
1745843400000,0.01592,0.01625,0.01591,0.01603,1197298.0
1745843700000,0.01607,0.01619,0.01596,0.01613,1170676.0
1745844000000,0.01613,0.01618,0.01598,0.01612,1013436.0
1745844300000,0.01609,0.0162,0.01599,0.01604,920195.0
1745844600000,0.01604,0.01605,0.01594,0.01599,265298.0
1745844900000,0.016,0.01612,0.01586,0.01599,1144600.0
1745845200000,0.01599,0.01603,0.01586,0.01601,858101.0
1745845500000,0.01602,0.01605,0.01592,0.01597,255567.0
1745845800000,0.01597,0.01603,0.0159,0.01603,644040.0
1745846100000,0.01598,0.01603,0.0157,0.0159,1440387.0
1745846400000,0.01589,0.01598,0.01589,0.0159,545390.0
1745846700000,0.0159,0.01594,0.01581,0.01589,535987.0
1745847000000,0.01583,0.01593,0.01579,0.01585,572537.0
1745847300000,0.01588,0.01739,0.01588,0.01694,6146533.0
1745847600000,0.01696,0.01713,0.01633,0.01685,5004442.0
1745847900000,0.01686,0.01701,0.01626,0.01639,2772737.0
1745848200000,0.01639,0.01658,0.01629,0.0164,800993.0
1745848500000,0.0164,0.01654,0.01617,0.01648,1937314.0
1745848800000,0.01648,0.0173,0.01648,0.01708,4493610.0
1745849100000,0.01708,0.01734,0.01702,0.01729,2810568.0
1745849400000,0.01722,0.0175,0.01689,0.01695,3382755.0
1745849700000,0.01694,0.01696,0.01651,0.01666,1749314.0
1745850000000,0.01666,0.01708,0.01663,0.01673,1618735.0
1745850300000,0.01675,0.0174,0.01667,0.01739,2119684.0
1745850600000,0.0174,0.01795,0.01678,0.01708,6402334.0
1745850900000,0.01707,0.01711,0.01683,0.017,1587728.0
1745851200000,0.01701,0.01714,0.01689,0.01701,1216152.0
1745851500000,0.01701,0.01719,0.01664,0.0167,1084957.0
1745851800000,0.01671,0.01702,0.01661,0.01686,1119094.0
1745852100000,0.01682,0.01701,0.01655,0.01674,1406707.0
1745852400000,0.01673,0.01722,0.01671,0.01702,1598756.0
1745852700000,0.01702,0.01768,0.01687,0.01739,2708025.0
1745853000000,0.01739,0.01755,0.01705,0.01743,2376099.0
1745853300000,0.01743,0.01746,0.01675,0.01718,6939128.0
1745853600000,0.01723,0.0174,0.01652,0.01704,4452214.0
1745853900000,0.01701,0.01703,0.01669,0.01697,2784861.0
1745854200000,0.01694,0.01695,0.01651,0.0166,1498449.0
1745854500000,0.01666,0.01693,0.01651,0.01684,2023811.0
1745854800000,0.01684,0.01718,0.0167,0.01708,1871233.0
1745855100000,0.01711,0.0175,0.01705,0.01743,5740330.0
1745855400000,0.01737,0.01846,0.01736,0.01823,13786383.0
1745855700000,0.01823,0.01848,0.01745,0.0178,5680469.0
1745856000000,0.01775,0.0187,0.01764,0.01808,7463545.0
1745856300000,0.01808,0.01835,0.01762,0.01801,3965452.0
1745856600000,0.01801,0.01828,0.0178,0.01817,2416870.0
1745856900000,0.01817,0.0182,0.01778,0.01779,2132524.0
1745857200000,0.01775,0.01808,0.01741,0.01797,3964784.0
1745857500000,0.01798,0.01888,0.01786,0.0188,7658674.0
1745857800000,0.01879,0.02021,0.01867,0.01977,14555730.0
1745858100000,0.01977,0.01986,0.01791,0.01835,13589503.0
1745858400000,0.01832,0.01861,0.0181,0.0182,2846445.0
1745858700000,0.01824,0.0187,0.018,0.01853,2445847.0
1745859000000,0.01856,0.01856,0.01779,0.01803,2407655.0
1745859300000,0.01803,0.01815,0.01789,0.01794,1844015.0
1745859600000,0.01794,0.01849,0.01794,0.01834,1958815.0
1745859900000,0.01831,0.019,0.01831,0.01866,4722301.0
1745860200000,0.01866,0.01874,0.0185,0.01854,1728669.0
1745860500000,0.01853,0.01896,0.01851,0.01867,1142840.0
1745860800000,0.01866,0.01915,0.01851,0.01915,2130056.0
1745861100000,0.01919,0.01955,0.01882,0.01896,5314344.0
1745861400000,0.019,0.01931,0.01851,0.01911,3335984.0
1745861700000,0.01908,0.0193,0.01887,0.01899,1515338.0
1745862000000,0.01896,0.0191,0.01892,0.01892,1746170.0
1745862300000,0.01892,0.01892,0.01808,0.01831,4285919.0
1745862600000,0.01829,0.01838,0.01783,0.01793,4091064.0
1745862900000,0.01793,0.0185,0.01789,0.01846,2233154.0
1745863200000,0.0184,0.0184,0.01784,0.01794,1217680.0
1745863500000,0.01794,0.0181,0.01732,0.01771,1972391.0
1745863800000,0.01771,0.01791,0.01752,0.01788,2458099.0
1745864100000,0.0178,0.0178,0.0171,0.01735,3131086.0
1745864400000,0.01736,0.01756,0.01718,0.0175,1166647.0
1745864700000,0.01749,0.01829,0.01738,0.01764,2514328.0
1745865000000,0.01764,0.0181,0.01758,0.01797,1235721.0
1745865300000,0.01795,0.01795,0.01774,0.01778,677695.0
1745865600000,0.01778,0.01786,0.017,0.017,2217674.0
1745865900000,0.01698,0.01743,0.01696,0.01743,2139048.0
1745866200000,0.01741,0.01746,0.0172,0.01729,723918.0
1745866500000,0.01731,0.01757,0.0172,0.01736,1372331.0
1745866800000,0.01736,0.01747,0.01717,0.0172,1997234.0
1745867100000,0.01725,0.01742,0.01691,0.017,1040132.0
1745867400000,0.01704,0.0171,0.01662,0.0169,3539181.0
1745867700000,0.01688,0.01706,0.0166,0.01687,2047674.0
1745868000000,0.01679,0.01698,0.0165,0.01672,2483763.0
1745868300000,0.01667,0.01706,0.01663,0.01674,2027354.0
1745868600000,0.01674,0.01695,0.01608,0.01637,3040363.0
1745868900000,0.01643,0.01646,0.01611,0.0164,2087895.0
1745869200000,0.0164,0.01668,0.0163,0.01668,787082.0
1745869500000,0.01666,0.0167,0.01642,0.01663,1527214.0
1745869800000,0.0166,0.0166,0.01638,0.01647,1240698.0
1745870100000,0.01646,0.0166,0.0163,0.01651,929241.0
1745870400000,0.01649,0.01652,0.01612,0.01645,1653696.0
1745870700000,0.01644,0.01659,0.01636,0.01636,849864.0
1745871000000,0.0164,0.01689,0.01636,0.01679,1930106.0
1745871300000,0.0168,0.01709,0.01668,0.01686,3968137.0
1745871600000,0.01685,0.01705,0.01668,0.01694,3195512.0
1745871900000,0.01694,0.01698,0.01658,0.01669,635525.0
1745872200000,0.0167,0.01683,0.0165,0.01668,1027432.0
1745872500000,0.01665,0.017,0.01657,0.0167,682271.0
1745872800000,0.01673,0.01728,0.01671,0.01717,3153902.0
1745873100000,0.0172,0.01737,0.017,0.0173,1821489.0
1745873400000,0.0173,0.01737,0.01714,0.01714,1118926.0
1745873700000,0.01714,0.01716,0.01698,0.01701,1149516.0
1745874000000,0.017,0.018,0.017,0.01782,4629223.0
1745874300000,0.01786,0.01826,0.01781,0.0181,4660318.0
1745874600000,0.0181,0.0195,0.01799,0.0195,6699849.0
1745874900000,0.0195,0.01968,0.01758,0.01832,9082769.0
1745875200000,0.01828,0.0185,0.0178,0.01815,3062956.0
1745875500000,0.01812,0.01852,0.01796,0.01812,2346807.0
1745875800000,0.01812,0.01847,0.0181,0.01829,2759911.0
1745876100000,0.01823,0.01885,0.01822,0.01826,3513546.0
1745876400000,0.01826,0.01831,0.01774,0.01815,3740956.0
1745876700000,0.01815,0.01844,0.01803,0.01826,1837096.0
1745877000000,0.01821,0.01867,0.0182,0.01843,1961418.0
1745877300000,0.01838,0.01842,0.01785,0.01809,1864631.0
1745877600000,0.0181,0.01825,0.0176,0.01773,1527113.0
1745877900000,0.01767,0.01788,0.01716,0.01723,2357004.0
1745878200000,0.0172,0.01779,0.01703,0.01714,1822391.0
1745878500000,0.01713,0.01756,0.0171,0.01756,1113958.0
1745878800000,0.01756,0.01763,0.0172,0.01728,1032958.0
1745879100000,0.0173,0.0176,0.01726,0.0175,806370.0
1745879400000,0.01749,0.0175,0.01716,0.01737,1425819.0
1745879700000,0.01736,0.01763,0.01732,0.01732,1776235.0
1745880000000,0.01736,0.01766,0.01734,0.01745,534034.0
1745880300000,0.01743,0.01758,0.01733,0.01739,927237.0
1745880600000,0.01743,0.01752,0.0174,0.01747,140645.0
1745880900000,0.0175,0.01792,0.01747,0.01772,983226.0
1745881200000,0.01776,0.0178,0.01732,0.01743,922425.0
1745881500000,0.01742,0.0175,0.01722,0.01722,916654.0
1745881800000,0.01725,0.01769,0.01725,0.01749,3858364.0
1745882100000,0.01752,0.01757,0.01739,0.01743,538257.0
1745882400000,0.01747,0.01747,0.01729,0.01746,287964.0
1745882700000,0.01738,0.01742,0.01726,0.01734,324449.0
1745883000000,0.01728,0.0174,0.01715,0.01738,733759.0
1745883300000,0.01732,0.01752,0.01693,0.01697,1347257.0
1745883600000,0.01694,0.01718,0.01665,0.01696,1374859.0
1745883900000,0.01696,0.0172,0.01673,0.01696,527538.0
1745884200000,0.01696,0.0173,0.0169,0.0173,712929.0
1745884500000,0.01726,0.01746,0.0171,0.01725,830819.0
1745884800000,0.0173,0.0176,0.01716,0.01716,1199300.0
1745885100000,0.01715,0.01722,0.01684,0.0171,1018467.0
1745885400000,0.01711,0.01722,0.01662,0.01672,1576051.0
1745885700000,0.01677,0.01714,0.01676,0.01695,1178408.0
1745886000000,0.01693,0.01706,0.0168,0.01692,375869.0
1745886300000,0.01693,0.01705,0.01689,0.01692,336364.0
1745886600000,0.01692,0.01711,0.01682,0.0171,1218586.0
1745886900000,0.01709,0.01735,0.01706,0.01712,2132702.0
1745887200000,0.01708,0.01723,0.01707,0.0171,103576.0
1745887500000,0.01716,0.0172,0.01709,0.01709,112606.0
1745887800000,0.01715,0.01759,0.01709,0.01751,919327.0
1745888100000,0.01751,0.01761,0.01716,0.01725,1085452.0
1745888400000,0.0172,0.0174,0.01716,0.01733,445680.0
1745888700000,0.01736,0.01744,0.01733,0.01743,341355.0
1745889000000,0.01743,0.0177,0.01743,0.0177,1260391.0
1745889300000,0.01765,0.01773,0.0172,0.01735,1822531.0
1745889600000,0.01736,0.01743,0.01732,0.01738,301902.0
1745889900000,0.01738,0.01746,0.0173,0.01742,221073.0
1745890200000,0.01736,0.01739,0.01721,0.01725,602020.0
1745890500000,0.01727,0.01735,0.0172,0.01725,589189.0
1745890800000,0.01731,0.01732,0.01708,0.01723,1034623.0
1745891100000,0.01725,0.01726,0.01717,0.01723,98282.0
1745891400000,0.01723,0.01741,0.01717,0.01717,626148.0
1745891700000,0.01723,0.01739,0.01719,0.01725,429575.0
1745892000000,0.01725,0.01728,0.01701,0.01706,721464.0
1745892300000,0.01703,0.0175,0.01682,0.01729,1762325.0
1745892600000,0.01729,0.0173,0.01707,0.01722,270396.0
1745892900000,0.01722,0.01734,0.0172,0.0173,150720.0
1745893200000,0.01726,0.01726,0.01713,0.0172,80020.0
1745893500000,0.0172,0.0172,0.01715,0.01715,8758.0
1745893800000,0.01716,0.0173,0.01709,0.01722,63175.0
1745894100000,0.01728,0.01729,0.0171,0.0172,249052.0
1745894400000,0.01713,0.01714,0.01704,0.01712,166556.0
1745894700000,0.01707,0.01707,0.01684,0.01691,563849.0
1745895000000,0.01696,0.01699,0.01662,0.01682,812397.0
1745895300000,0.01682,0.01699,0.01682,0.01692,214467.0
1745895600000,0.01689,0.01695,0.01654,0.01676,732463.0
1745895900000,0.01676,0.01699,0.01671,0.0168,421381.0
1745896200000,0.0168,0.01694,0.01676,0.0169,416428.0
1745896500000,0.01688,0.01693,0.01676,0.01685,365210.0
1745896800000,0.01685,0.0169,0.01685,0.0169,16195.0
1745897100000,0.01685,0.01686,0.0167,0.0168,550925.0
1745897400000,0.01674,0.017,0.01672,0.01686,919789.0
1745897700000,0.01685,0.01691,0.01677,0.01684,311923.0
1745898000000,0.01684,0.01696,0.01681,0.01689,136570.0
1745898300000,0.01689,0.01691,0.01675,0.01686,67781.0
1745898600000,0.01679,0.01686,0.01675,0.01685,169737.0
1745898900000,0.0168,0.01694,0.0168,0.0169,222715.0
1745899200000,0.01686,0.01693,0.01665,0.01683,721266.0
1745899500000,0.01683,0.017,0.01681,0.01697,390335.0
1745899800000,0.017,0.01713,0.01679,0.01707,727069.0
1745900100000,0.01708,0.01768,0.01698,0.0172,1398181.0
1745900400000,0.01721,0.01751,0.017,0.01724,2286076.0
1745900700000,0.01731,0.01731,0.01709,0.01719,277181.0
1745901000000,0.01717,0.0176,0.017,0.01744,1177680.0
1745901300000,0.01751,0.01752,0.01721,0.01743,878062.0
1745901600000,0.01743,0.01749,0.01721,0.01733,413265.0
1745901900000,0.01726,0.01732,0.01693,0.0171,632912.0
1745902200000,0.0171,0.0173,0.01696,0.01712,417629.0
1745902500000,0.01707,0.01715,0.01706,0.01709,187077.0
1745902800000,0.01706,0.01725,0.01696,0.01696,493319.0
1745903100000,0.01697,0.01714,0.01696,0.01696,608331.0
1745903400000,0.017,0.0174,0.017,0.01726,923845.0
1745903700000,0.01729,0.01729,0.01696,0.01713,889011.0
1745904000000,0.01711,0.01711,0.01627,0.01684,2026759.0
1745904300000,0.01684,0.01691,0.01652,0.01677,767438.0
1745904600000,0.01675,0.0168,0.01655,0.01668,572166.0
1745904900000,0.01668,0.01673,0.01657,0.0166,521784.0
1745905200000,0.01658,0.01674,0.01656,0.01667,426445.0
1745905500000,0.01667,0.0168,0.01655,0.01671,534523.0
1745905800000,0.01671,0.01687,0.01665,0.01674,290414.0
1745906100000,0.01667,0.0169,0.01666,0.01689,244126.0
1745906400000,0.01684,0.017,0.01677,0.01689,347024.0
1745906700000,0.01696,0.0172,0.01684,0.017,1053166.0
1745907000000,0.017,0.01705,0.0169,0.01699,330204.0
1745907300000,0.01697,0.01698,0.0167,0.01675,283257.0
1745907600000,0.0167,0.0171,0.0167,0.01685,311168.0
1745907900000,0.01685,0.0169,0.01621,0.01621,2002882.0
1745908200000,0.01622,0.0165,0.01616,0.0162,1257829.0
1745908500000,0.01623,0.01639,0.01608,0.01613,1922613.0
1745908800000,0.01617,0.01637,0.01612,0.01624,857561.0
1745909100000,0.01632,0.0164,0.01614,0.01628,1072026.0
1745909400000,0.01623,0.01645,0.01615,0.0164,602646.0
1745909700000,0.0164,0.01648,0.01627,0.01631,1110180.0
1745910000000,0.01631,0.01647,0.01618,0.01645,1809469.0
1745910300000,0.01645,0.01645,0.0162,0.01624,722212.0
1745910600000,0.01628,0.0163,0.0161,0.0162,658941.0
1745910900000,0.01621,0.01628,0.01601,0.01614,1276589.0
1745911200000,0.01617,0.01627,0.01608,0.01627,565606.0
1745911500000,0.01627,0.01636,0.0162,0.01632,309486.0
1745911800000,0.01635,0.01643,0.01622,0.01623,319660.0
1745912100000,0.01623,0.01643,0.0162,0.01641,307658.0
1745912400000,0.01641,0.01645,0.01628,0.0164,422838.0
1745912700000,0.01643,0.0167,0.01633,0.0166,1189382.0
1745913000000,0.01666,0.01684,0.01641,0.01654,868870.0
1745913300000,0.01654,0.0167,0.01647,0.01664,320528.0
1745913600000,0.01664,0.01736,0.01655,0.01722,2595622.0
1745913900000,0.01719,0.01748,0.01696,0.01732,2200582.0
1745914200000,0.01731,0.01743,0.0168,0.01721,2602784.0
1745914500000,0.01721,0.01738,0.0171,0.01723,1790743.0
1745914800000,0.01717,0.01743,0.01711,0.0172,1047382.0
1745915100000,0.01724,0.01756,0.01708,0.01748,1769301.0
1745915400000,0.01745,0.01787,0.01729,0.01787,3026371.0
1745915700000,0.01787,0.01789,0.01753,0.01762,1563519.0
1745916000000,0.01762,0.01771,0.01747,0.01754,1146271.0
1745916300000,0.01754,0.01765,0.01712,0.01718,1944526.0
1745916600000,0.01723,0.01751,0.01719,0.0173,874087.0
1745916900000,0.01735,0.01736,0.01704,0.01715,684870.0
1745917200000,0.01714,0.01727,0.017,0.01714,1282704.0
1745917500000,0.01715,0.01716,0.017,0.01711,767833.0
1745917800000,0.01707,0.01711,0.01686,0.01686,906713.0
1745918100000,0.01685,0.01702,0.0167,0.01702,1772479.0
1745918400000,0.01702,0.01702,0.01677,0.01695,770239.0
1745918700000,0.01691,0.01695,0.0166,0.01665,986712.0
1745919000000,0.01665,0.0168,0.01655,0.01669,733920.0
1745919300000,0.01669,0.01677,0.01652,0.01662,772247.0
1745919600000,0.01666,0.01667,0.0162,0.01626,2132102.0
1745919900000,0.01627,0.01636,0.01582,0.01593,3474567.0
1745920200000,0.01592,0.01595,0.01402,0.01473,6579549.0
1745920500000,0.01476,0.01563,0.0145,0.01512,7178309.0
1745920800000,0.01512,0.01536,0.0148,0.01512,3593335.0
1745921100000,0.0151,0.01522,0.01451,0.01455,2103490.0
1745921400000,0.01458,0.0146,0.0133,0.01386,6364595.0
1745921700000,0.01386,0.01393,0.01313,0.01357,3938169.0
1745922000000,0.01353,0.01394,0.01339,0.01385,3835220.0
1745922300000,0.01383,0.01383,0.01357,0.01366,1619773.0
1745922600000,0.01366,0.014,0.01363,0.01369,2176142.0
1745922900000,0.01375,0.01392,0.0133,0.01345,2406931.0
1745923200000,0.01349,0.01356,0.0132,0.01349,2703078.0
1745923500000,0.01347,0.01351,0.01323,0.01338,1300862.0
1745923800000,0.01343,0.01366,0.0133,0.01358,1567573.0
1745924100000,0.01358,0.01363,0.01322,0.01332,1662481.0
1745924400000,0.01333,0.01348,0.0132,0.01324,4583444.0
1745924700000,0.0132,0.0132,0.01026,0.01148,12189321.0
1745925000000,0.01146,0.01182,0.01129,0.0116,6146223.0
1745925300000,0.01161,0.01189,0.01146,0.01184,6226207.0
1745925600000,0.01189,0.01248,0.01186,0.01222,3757610.0
1745925900000,0.01225,0.01249,0.01219,0.01244,3478407.0
1745926200000,0.01241,0.01245,0.01173,0.01198,3369381.0
1745926500000,0.01198,0.01225,0.01177,0.01185,2662809.0
1745926800000,0.0119,0.01221,0.01179,0.01201,1729981.0
1745927100000,0.01204,0.01263,0.01189,0.01255,3277495.0
1745927400000,0.01254,0.01297,0.01226,0.01239,2028786.0
1745927700000,0.01237,0.0128,0.01223,0.01232,3502339.0
1745928000000,0.01234,0.01264,0.01213,0.01215,1950615.0
1745928300000,0.01213,0.01223,0.0118,0.01216,2040321.0
1745928600000,0.01215,0.01299,0.01213,0.01286,3934432.0
1745928900000,0.01289,0.01313,0.01245,0.01292,3661562.0
1745929200000,0.01295,0.013,0.01254,0.01271,1025801.0
1745929500000,0.01266,0.01311,0.0126,0.01311,1963866.0
1745929800000,0.01313,0.01366,0.01277,0.01322,5506917.0
1745930100000,0.01319,0.01331,0.01281,0.01281,2164226.0
1745930400000,0.01284,0.01289,0.01251,0.0126,2436436.0
1745930700000,0.01266,0.01271,0.0125,0.01267,858371.0
1745931000000,0.0126,0.01267,0.0123,0.0124,1938046.0
1745931300000,0.01243,0.0127,0.01239,0.01248,908304.0
1745931600000,0.01248,0.01294,0.01248,0.01293,1836479.0
1745931900000,0.01281,0.01287,0.0118,0.01207,2208547.0
1745932200000,0.01217,0.01227,0.01179,0.0122,2025225.0
1745932500000,0.0122,0.01249,0.01179,0.01188,2125377.0
1745932800000,0.01188,0.0125,0.01185,0.01221,2260212.0
1745933100000,0.01224,0.01256,0.01221,0.01228,416089.0
1745933400000,0.01236,0.0127,0.01231,0.01257,813569.0
1745933700000,0.01259,0.01274,0.01229,0.01229,1248713.0
1745934000000,0.01229,0.01255,0.01228,0.01237,1758124.0
1745934300000,0.01237,0.01299,0.01237,0.01276,4032989.0
1745934600000,0.01279,0.01311,0.01273,0.013,3286184.0
1745934900000,0.01298,0.013,0.0128,0.01289,1133539.0
1745935200000,0.01289,0.01371,0.01266,0.01363,10960815.0
1745935500000,0.01359,0.01371,0.01312,0.01338,3832906.0
1745935800000,0.01339,0.0137,0.01326,0.01355,4973202.0
1745936100000,0.01362,0.014,0.01312,0.01351,7707571.0
1745936400000,0.01353,0.01378,0.01337,0.01376,4332225.0
1745936700000,0.01375,0.01437,0.01375,0.01401,7371539.0
1745937000000,0.01407,0.01408,0.01317,0.01341,5582334.0
1745937300000,0.01337,0.01367,0.01307,0.0133,3121768.0
1745937600000,0.0133,0.01357,0.01299,0.01308,3336401.0
1745937900000,0.01306,0.01324,0.01236,0.01324,5655209.0
1745938200000,0.01303,0.01315,0.01232,0.01238,2752714.0
1745938500000,0.01245,0.01277,0.01231,0.01277,2831536.0
1745938800000,0.01278,0.01285,0.0125,0.01273,1272524.0
1745939100000,0.01276,0.01308,0.01241,0.01253,1961026.0
1745939400000,0.01254,0.0129,0.01254,0.01274,730922.0
1745939700000,0.01271,0.01293,0.0127,0.01286,1086083.0
1745940000000,0.01286,0.01304,0.01272,0.01275,2495721.0
1745940300000,0.01276,0.01295,0.01274,0.01283,831415.0
1745940600000,0.01278,0.01319,0.01278,0.01295,1392778.0
1745940900000,0.01293,0.013,0.01273,0.01273,2068087.0
1745941200000,0.01273,0.01281,0.01244,0.01274,1510024.0
1745941500000,0.0127,0.0128,0.01266,0.01273,680158.0
1745941800000,0.01273,0.01274,0.01253,0.01262,549661.0
1745942100000,0.01258,0.01279,0.01243,0.01277,595405.0
1745942400000,0.0127,0.01271,0.01226,0.01237,873210.0
1745942700000,0.0124,0.0129,0.0123,0.01239,1694017.0
1745943000000,0.01242,0.01256,0.0123,0.01247,1818343.0
1745943300000,0.01248,0.01259,0.01238,0.01248,1197553.0
1745943600000,0.01245,0.01245,0.01228,0.0123,454659.0
1745943900000,0.01237,0.01243,0.01185,0.01224,2734557.0
1745944200000,0.01223,0.01291,0.01211,0.01273,3148704.0
1745944500000,0.01275,0.01281,0.01242,0.01266,2178873.0
1745944800000,0.01262,0.01269,0.01246,0.01268,1203532.0
1745945100000,0.01264,0.01275,0.0125,0.01262,935934.0
1745945400000,0.01266,0.01269,0.01256,0.01259,441097.0
1745945700000,0.01262,0.01263,0.01252,0.0126,1055767.0
1745946000000,0.01255,0.01255,0.01235,0.01247,1090026.0
1745946300000,0.01242,0.01255,0.01234,0.01245,920079.0
1745946600000,0.01244,0.0126,0.01239,0.01249,654351.0
1745946900000,0.01245,0.01248,0.01217,0.0124,770843.0
1745947200000,0.0124,0.01244,0.01225,0.01244,272307.0
1745947500000,0.01243,0.01246,0.01235,0.01239,333444.0
1745947800000,0.01236,0.01244,0.01223,0.01244,826811.0
1745948100000,0.0124,0.01244,0.01235,0.0124,186028.0
1745948400000,0.0124,0.01244,0.01226,0.01231,929452.0
1745948700000,0.01231,0.01244,0.01226,0.01242,948742.0
1745949000000,0.01238,0.01241,0.01228,0.0123,765130.0
1745949300000,0.01235,0.01237,0.01219,0.01228,525619.0
1745949600000,0.01227,0.01233,0.01215,0.01215,594725.0
1745949900000,0.01219,0.01223,0.01189,0.01198,1510285.0
1745950200000,0.012,0.01229,0.01198,0.01228,1061388.0
1745950500000,0.01227,0.0124,0.01214,0.01226,1236763.0
1745950800000,0.0123,0.0128,0.0123,0.01274,2892613.0
1745951100000,0.01278,0.01339,0.01267,0.01281,3137445.0
1745951400000,0.01286,0.01386,0.01281,0.01373,7617741.0
1745951700000,0.01373,0.01373,0.01325,0.01362,2767832.0
1745952000000,0.01368,0.01371,0.01341,0.01345,843663.0
1745952300000,0.01345,0.01349,0.01328,0.01341,1267887.0
1745952600000,0.01339,0.01344,0.01309,0.01319,2326457.0
1745952900000,0.01312,0.01315,0.0124,0.01273,3350794.0
1745953200000,0.01274,0.01302,0.0127,0.0128,1395876.0
1745953500000,0.01284,0.0129,0.01273,0.01289,223654.0
1745953800000,0.01289,0.01308,0.0128,0.01296,395971.0
1745954100000,0.01297,0.0131,0.0128,0.01287,1127984.0
1745954400000,0.01282,0.01299,0.01281,0.01283,407785.0
1745954700000,0.01283,0.01326,0.01281,0.01311,1101247.0
1745955000000,0.01306,0.01306,0.01278,0.01296,943682.0
1745955300000,0.01298,0.01304,0.01262,0.01277,571745.0
1745955600000,0.01277,0.01286,0.01274,0.01274,75047.0
1745955900000,0.01273,0.01286,0.01273,0.01277,236043.0
1745956200000,0.01278,0.01298,0.01275,0.01295,627343.0
1745956500000,0.01294,0.01296,0.01283,0.01283,294200.0
1745956800000,0.01286,0.01292,0.01275,0.0129,439581.0
1745957100000,0.01286,0.01286,0.01272,0.01276,118092.0
1745957400000,0.01281,0.01306,0.01277,0.01302,439953.0
1745957700000,0.01298,0.01308,0.01278,0.01298,681152.0
1745958000000,0.01289,0.01334,0.01284,0.01331,620096.0
1745958300000,0.01327,0.0133,0.01305,0.01316,878116.0
1745958600000,0.01322,0.01339,0.01285,0.01309,1378641.0
1745958900000,0.01307,0.01321,0.01303,0.01321,960668.0
1745959200000,0.01321,0.01321,0.0129,0.0129,438914.0
1745959500000,0.01292,0.01301,0.01264,0.01284,678269.0
1745959800000,0.01284,0.01295,0.01277,0.01283,425641.0
1745960100000,0.01288,0.01351,0.01287,0.01316,2259340.0
1745960400000,0.01313,0.01323,0.01301,0.01307,693072.0
1745960700000,0.01304,0.01364,0.013,0.0133,1384331.0
1745961000000,0.01335,0.0135,0.0131,0.01324,1009847.0
1745961300000,0.01327,0.0133,0.0129,0.0131,752071.0
1745961600000,0.0131,0.0131,0.01269,0.01284,2142710.0
1745961900000,0.01279,0.01298,0.01231,0.01298,2004915.0
1745962200000,0.01289,0.01293,0.01267,0.01277,338205.0
1745962500000,0.01273,0.01294,0.01245,0.01277,1134083.0
1745962800000,0.01268,0.01283,0.01256,0.01269,831058.0
1745963100000,0.01268,0.01307,0.01268,0.01285,1315951.0
1745963400000,0.0129,0.01309,0.01269,0.01293,563991.0
1745963700000,0.01281,0.013,0.01266,0.01291,260194.0
1745964000000,0.01289,0.013,0.01271,0.01271,432209.0
1745964300000,0.01271,0.01279,0.0125,0.01261,594178.0
1745964600000,0.01258,0.01274,0.01252,0.01272,447413.0
1745964900000,0.01268,0.01272,0.01245,0.01264,360077.0
1745965200000,0.01264,0.0127,0.01258,0.01258,220890.0
1745965500000,0.01259,0.01262,0.01212,0.01228,2410289.0
1745965800000,0.01227,0.0125,0.01209,0.01248,1081568.0
1745966100000,0.01242,0.0125,0.01232,0.01248,890639.0
1745966400000,0.01246,0.01254,0.0123,0.0123,892092.0
1745966700000,0.01235,0.01245,0.0123,0.01233,315392.0
1745967000000,0.01232,0.01258,0.0123,0.01233,1180917.0
1745967300000,0.01233,0.01246,0.0121,0.01232,423985.0
1745967600000,0.01227,0.01232,0.01211,0.01231,497484.0
1745967900000,0.01231,0.01241,0.01227,0.01227,238997.0
1745968200000,0.01221,0.01233,0.0121,0.01215,375454.0
1745968500000,0.0122,0.01235,0.01219,0.01227,147529.0
1745968800000,0.01228,0.01229,0.01206,0.0122,459495.0
1745969100000,0.01219,0.0122,0.01213,0.0122,127917.0
1745969400000,0.0122,0.01233,0.01219,0.01219,364502.0
1745969700000,0.01219,0.01236,0.01213,0.01236,680136.0
1745970000000,0.01243,0.01243,0.01217,0.01235,103279.0
1745970300000,0.01231,0.01234,0.01215,0.01221,150033.0
1745970600000,0.01227,0.01245,0.01227,0.01233,178171.0
1745970900000,0.01233,0.01248,0.01233,0.01239,434536.0
1745971200000,0.01243,0.01257,0.01233,0.0125,843804.0
1745971500000,0.01254,0.01264,0.0122,0.01226,739893.0
1745971800000,0.0122,0.01227,0.01205,0.01217,521347.0
1745972100000,0.01217,0.01224,0.01208,0.01216,292414.0
1745972400000,0.01216,0.0124,0.01216,0.01224,823492.0
1745972700000,0.01225,0.01232,0.01205,0.01232,696105.0
1745973000000,0.01231,0.01232,0.0122,0.01225,235452.0
1745973300000,0.01221,0.01234,0.01219,0.01228,317210.0
1745973600000,0.01228,0.01236,0.01219,0.01236,825545.0
1745973900000,0.01234,0.01283,0.01231,0.01262,2555929.0
1745974200000,0.01258,0.01288,0.01249,0.01257,729620.0
1745974500000,0.01256,0.01272,0.0125,0.01256,611429.0
1745974800000,0.01256,0.01256,0.01245,0.01245,115373.0
1745975100000,0.01249,0.01258,0.01233,0.0125,279770.0
1745975400000,0.0125,0.01251,0.01237,0.01237,166029.0
1745975700000,0.01237,0.0127,0.01226,0.01245,476389.0
1745976000000,0.01252,0.01258,0.0125,0.01255,31549.0
1745976300000,0.01252,0.01252,0.01231,0.01237,185853.0
1745976600000,0.01242,0.01322,0.01242,0.01304,2977623.0
1745976900000,0.01305,0.01452,0.01305,0.01393,6762735.0
1745977200000,0.01397,0.01429,0.01372,0.01395,4054544.0
1745977500000,0.01397,0.01403,0.01343,0.01366,3307213.0
1745977800000,0.01371,0.01382,0.01352,0.01352,1587772.0
1745978100000,0.01357,0.0141,0.01352,0.01406,3165670.0
1745978400000,0.01401,0.0149,0.014,0.01475,10742079.0
1745978700000,0.01478,0.01495,0.01431,0.01444,4255149.0
1745979000000,0.01444,0.01494,0.01433,0.01466,3588626.0
1745979300000,0.01466,0.01475,0.0142,0.01421,2243916.0
1745979600000,0.0142,0.0148,0.01382,0.01479,3878467.0
1745979900000,0.01479,0.016,0.01479,0.01555,6464403.0
1745980200000,0.01555,0.01658,0.01546,0.016,7563213.0
1745980500000,0.016,0.01699,0.0157,0.0168,3696248.0
1745980800000,0.0168,0.0169,0.01606,0.01614,2892568.0
1745981100000,0.01609,0.01609,0.01466,0.01478,6724375.0
1745981400000,0.01482,0.01569,0.01482,0.01506,3764433.0
1745981700000,0.01511,0.0153,0.01481,0.01502,1043817.0
1745982000000,0.01501,0.01575,0.01501,0.01505,2511971.0
1745982300000,0.01503,0.01519,0.01461,0.01469,2126289.0
1745982600000,0.01469,0.01689,0.01452,0.01671,8440587.0
1745982900000,0.01664,0.0172,0.01552,0.01648,9256433.0
1745983200000,0.01648,0.01666,0.01571,0.01605,4494224.0
1745983500000,0.01609,0.01898,0.01606,0.0184,13850369.0
1745983800000,0.01838,0.022,0.01838,0.02003,30220129.0
1745984100000,0.02,0.0209,0.019,0.02011,9902393.0
1745984400000,0.02011,0.02014,0.01754,0.018,11047522.0
1745984700000,0.018,0.01839,0.0173,0.01782,7102918.0
1745985000000,0.01784,0.01821,0.01751,0.0177,5078870.0
1745985300000,0.01773,0.0179,0.01765,0.0177,3231758.0
1745985600000,0.01771,0.01804,0.01617,0.0173,8649661.0
1745985900000,0.01733,0.0178,0.01626,0.01696,4634898.0
1745986200000,0.01693,0.01693,0.0155,0.0158,7591309.0
1745986500000,0.01584,0.01654,0.01584,0.016,2688281.0
1745986800000,0.01601,0.01659,0.01592,0.01627,4220445.0
1745987100000,0.01619,0.01659,0.01603,0.0163,2220882.0
1745987400000,0.0163,0.01738,0.01619,0.01738,3554901.0
1745987700000,0.01734,0.0177,0.01714,0.0173,3998418.0
1745988000000,0.01733,0.01761,0.01714,0.01749,1674082.0
1745988300000,0.01744,0.0177,0.01706,0.01714,1564060.0
1745988600000,0.01717,0.01899,0.0171,0.01861,7107805.0
1745988900000,0.01862,0.01935,0.01806,0.01877,9102537.0
1745989200000,0.01878,0.01978,0.01853,0.01923,8157530.0
1745989500000,0.0192,0.01995,0.01853,0.01938,14579656.0
1745989800000,0.01948,0.0209,0.01883,0.01944,16269674.0
1745990100000,0.01946,0.02107,0.01945,0.0201,15205906.0
1745990400000,0.02016,0.0219,0.02016,0.02149,14128936.0
1745990700000,0.02149,0.02599,0.02147,0.02455,36232125.0
1745991000000,0.02455,0.0265,0.02228,0.02374,32552627.0
1745991300000,0.02379,0.02466,0.02213,0.02466,15578100.0
1745991600000,0.02466,0.02467,0.02261,0.02296,9851216.0
1745991900000,0.0229,0.02455,0.02101,0.02426,12982180.0
1745992200000,0.02426,0.02426,0.02201,0.02271,8691204.0
1745992500000,0.02267,0.023,0.02144,0.02159,7191973.0
1745992800000,0.02159,0.02269,0.02029,0.02039,12420745.0
1745993100000,0.02042,0.0219,0.02027,0.0216,10759951.0
1745993400000,0.02164,0.02173,0.02063,0.02162,5942835.0
1745993700000,0.02161,0.02222,0.02062,0.0208,6575029.0
1745994000000,0.02071,0.02147,0.02068,0.02098,2949349.0
1745994300000,0.02097,0.0218,0.02078,0.02149,4380623.0
1745994600000,0.02149,0.02288,0.02117,0.0225,8717956.0
1745994900000,0.02249,0.0245,0.02235,0.0238,18774788.0
1745995200000,0.02381,0.02444,0.0234,0.02378,5740497.0
1745995500000,0.02377,0.02393,0.02201,0.02322,8726710.0
1745995800000,0.02322,0.0242,0.02251,0.02419,7432582.0
1745996100000,0.0242,0.02589,0.0242,0.02543,20078438.0
1745996400000,0.02544,0.02892,0.02544,0.027,32616241.0
1745996700000,0.027,0.029,0.02658,0.02734,18342946.0
1745997000000,0.02736,0.02849,0.0265,0.02815,11714897.0
1745997300000,0.02827,0.0305,0.02789,0.0285,32028080.0
1745997600000,0.0285,0.02906,0.0262,0.0268,18890431.0
1745997900000,0.0268,0.02749,0.0262,0.02698,8465504.0
1745998200000,0.02698,0.02829,0.02632,0.02769,9125026.0
1745998500000,0.02781,0.02818,0.027,0.02732,3627984.0
1745998800000,0.02737,0.02737,0.02515,0.02597,7746682.0
1745999100000,0.02589,0.02635,0.0233,0.02364,12458068.0
1745999400000,0.02364,0.02483,0.02229,0.0239,18878405.0
1745999700000,0.02381,0.02421,0.02331,0.02421,7154688.0
1746000000000,0.02421,0.02693,0.02407,0.02655,14851797.0
1746000300000,0.02655,0.0275,0.02546,0.02631,11399615.0
1746000600000,0.02638,0.02799,0.0263,0.02725,8967096.0
1746000900000,0.02731,0.0275,0.02459,0.02484,6927276.0
1746001200000,0.02497,0.0255,0.02345,0.02504,9907492.0
1746001500000,0.025,0.02614,0.025,0.0255,5513286.0
1746001800000,0.0255,0.02767,0.0255,0.02604,9745272.0
1746002100000,0.026,0.02653,0.02458,0.02487,5477252.0
1746002400000,0.02482,0.02548,0.02423,0.02505,4754825.0
1746002700000,0.02504,0.026,0.0246,0.026,3357887.0
1746003000000,0.026,0.0265,0.02415,0.0255,6101786.0
1746003300000,0.02557,0.02599,0.0247,0.02491,2650035.0
1746003600000,0.02483,0.02491,0.01409,0.01507,34447666.0
1746003900000,0.01508,0.01899,0.015,0.01701,21220088.0
1746004200000,0.01702,0.018,0.01613,0.01765,11552499.0
1746004500000,0.01775,0.01779,0.016,0.016,10491841.0
1746004800000,0.01603,0.01627,0.01548,0.01548,11558576.0
1746005100000,0.01549,0.01571,0.0141,0.01479,9730212.0
1746005400000,0.01478,0.01578,0.0146,0.01526,7992646.0
1746005700000,0.01533,0.0165,0.015,0.01539,11153544.0
1746006000000,0.01536,0.0165,0.01536,0.01645,2625681.0
1746006300000,0.01645,0.01694,0.01555,0.01658,6675122.0
1746006600000,0.01652,0.0175,0.01636,0.01744,5104920.0
1746006900000,0.01744,0.01794,0.01644,0.01694,4581069.0
1746007200000,0.01699,0.01749,0.0168,0.0174,3499847.0
1746007500000,0.01734,0.0175,0.0171,0.01737,2623525.0
1746007800000,0.01734,0.0187,0.016,0.01655,11814366.0
1746008100000,0.01653,0.01656,0.01578,0.01595,5995070.0
1746008400000,0.01599,0.01794,0.01584,0.0173,6427782.0
1746008700000,0.01736,0.01835,0.017,0.01778,6670480.0
1746009000000,0.01781,0.0183,0.0168,0.01794,6239823.0
1746009300000,0.01793,0.0187,0.01786,0.01816,8164910.0
1746009600000,0.01819,0.01848,0.01771,0.01799,4994913.0
1746009900000,0.01796,0.01819,0.017,0.01778,2820122.0
1746010200000,0.01768,0.0184,0.0175,0.01835,5243413.0
1746010500000,0.01835,0.01959,0.018,0.01939,9702815.0
1746010800000,0.01939,0.01979,0.01757,0.01884,14241644.0
1746011100000,0.01871,0.02099,0.01807,0.0202,24376481.0
1746011400000,0.02013,0.0206,0.01955,0.02,10214427.0
1746011700000,0.02001,0.02029,0.01859,0.01928,11520864.0
1746057600000,0.015,0.015,0.0134,0.01382,4080463.0
1746057900000,0.01386,0.01423,0.01358,0.01407,2170750.0
1746058200000,0.01412,0.01418,0.01399,0.01413,800163.0
1746058500000,0.01413,0.01413,0.01373,0.01388,932780.0
1746058800000,0.0139,0.01437,0.0139,0.01401,665566.0
1746059100000,0.01401,0.01426,0.01398,0.01416,1326114.0
1746059400000,0.01423,0.01453,0.01404,0.01443,746647.0
1746059700000,0.01439,0.01455,0.01423,0.01423,1349196.0
1746060000000,0.01424,0.01435,0.01413,0.01428,420819.0
1746060300000,0.01432,0.01438,0.01413,0.01431,326993.0
1746060600000,0.01436,0.01438,0.01427,0.01434,130971.0
1746060900000,0.01429,0.01429,0.01405,0.01421,1034638.0
1746061200000,0.01417,0.01438,0.01417,0.01431,208890.0
1746061500000,0.01432,0.01434,0.01405,0.0141,508520.0
1746061800000,0.0141,0.01416,0.01354,0.01388,650132.0
1746062100000,0.01383,0.01397,0.01363,0.01372,321462.0
1746062400000,0.01371,0.01385,0.0135,0.01353,577592.0
1746062700000,0.01356,0.01367,0.0135,0.0135,384988.0
1746063000000,0.01354,0.01441,0.0135,0.01407,1786607.0
1746063300000,0.01398,0.01398,0.01364,0.01366,511727.0
1746063600000,0.0137,0.0138,0.01363,0.01368,139771.0
1746063900000,0.0137,0.01389,0.01364,0.01379,410411.0
1746064200000,0.0138,0.01388,0.01355,0.01382,564068.0
1746064500000,0.01382,0.01388,0.01351,0.01363,526638.0
1746064800000,0.01362,0.01368,0.0126,0.0128,2305136.0
1746065100000,0.01279,0.01279,0.01212,0.01225,2246826.0
1746065400000,0.01225,0.01279,0.01222,0.01275,2111463.0
1746065700000,0.01273,0.01318,0.0125,0.0131,2353552.0
1746066000000,0.01312,0.01327,0.01284,0.01312,1509390.0
1746066300000,0.0132,0.01333,0.01296,0.01315,1239157.0
1746066600000,0.01311,0.01343,0.0131,0.01341,539952.0
1746066900000,0.01345,0.01421,0.01332,0.01371,1485454.0
1746067200000,0.01375,0.01388,0.01354,0.01355,1071294.0
1746067500000,0.01357,0.01388,0.01351,0.01387,1392027.0
1746067800000,0.01387,0.01393,0.01349,0.01379,1561089.0
1746068100000,0.01378,0.01402,0.01335,0.01361,717741.0
1746068400000,0.01361,0.01377,0.01361,0.01366,187695.0
1746068700000,0.01364,0.01364,0.01341,0.01344,360966.0
1746069000000,0.01349,0.01386,0.0134,0.01363,1034368.0
1746069300000,0.01364,0.0138,0.01355,0.0138,430620.0
1746069600000,0.01377,0.01381,0.01347,0.0136,985182.0
1746069900000,0.0136,0.01368,0.01349,0.01349,213889.0
1746070200000,0.01349,0.01349,0.0129,0.01295,2234348.0
1746070500000,0.01299,0.01341,0.01264,0.01327,2447639.0
1746070800000,0.01326,0.01361,0.01325,0.01351,432187.0
1746071100000,0.0135,0.01399,0.01348,0.01376,1673964.0
1746071400000,0.01372,0.0138,0.01358,0.01376,335782.0
1746071700000,0.01373,0.01393,0.01336,0.01345,684557.0
1746072000000,0.01349,0.01388,0.01314,0.01359,1255823.0
1746072300000,0.0136,0.01389,0.01351,0.01356,593560.0
1746072600000,0.01357,0.01393,0.01351,0.0138,832716.0
1746072900000,0.0138,0.0144,0.01351,0.01377,4607189.0
1746073200000,0.01378,0.01381,0.01329,0.01334,971281.0
1746073500000,0.0133,0.01427,0.0133,0.01364,3021023.0
1746073800000,0.01368,0.01465,0.01357,0.01461,3954536.0
1746074100000,0.01464,0.01489,0.01401,0.01429,4838142.0
1746074400000,0.01428,0.0144,0.0137,0.0139,2398927.0
1746074700000,0.01391,0.01429,0.01389,0.01417,690886.0
1746075000000,0.01413,0.01429,0.01392,0.0141,765388.0
1746075300000,0.01405,0.01405,0.01389,0.01399,737718.0
1746075600000,0.01396,0.01414,0.0137,0.01374,1007558.0
1746075900000,0.01372,0.01378,0.01328,0.01348,2026773.0
1746076200000,0.01349,0.01355,0.0133,0.01348,1984235.0
1746076500000,0.01345,0.0135,0.01326,0.01345,1722664.0
1746076800000,0.01345,0.01364,0.01344,0.01357,560898.0
1746077100000,0.01353,0.01367,0.01352,0.01361,429270.0
1746077400000,0.01361,0.01374,0.01301,0.01332,1765589.0
1746077700000,0.01332,0.01358,0.01321,0.01333,499549.0
1746078000000,0.01335,0.01364,0.01335,0.01359,326198.0
1746078300000,0.01359,0.01373,0.01346,0.01364,743921.0
1746078600000,0.01368,0.01376,0.01363,0.01368,683921.0
1746078900000,0.01368,0.01382,0.01362,0.01362,736833.0
1746079200000,0.01365,0.01375,0.01348,0.0135,519960.0
1746079500000,0.01349,0.0135,0.01301,0.01318,2646609.0
1746079800000,0.01317,0.01324,0.01301,0.01306,1401945.0
1746080100000,0.01305,0.01315,0.01301,0.01315,630021.0
1746080400000,0.01314,0.01317,0.01301,0.01314,963411.0
1746080700000,0.0131,0.01316,0.01307,0.0131,559646.0
1746081000000,0.0131,0.01315,0.01294,0.01302,2835380.0
1746081300000,0.01304,0.01315,0.0129,0.01292,1055096.0
1746081600000,0.0129,0.01292,0.0125,0.01264,2407991.0
1746081900000,0.01269,0.013,0.01269,0.01298,1111892.0
1746082200000,0.01296,0.01311,0.0129,0.01291,355209.0
1746082500000,0.01291,0.01316,0.01281,0.01303,857145.0
1746082800000,0.01303,0.01306,0.01293,0.01304,483496.0
1746083100000,0.01305,0.01306,0.01283,0.01289,461128.0
1746083400000,0.01288,0.01323,0.01285,0.01316,1003269.0
1746083700000,0.0132,0.01334,0.01288,0.01294,628398.0
1746084000000,0.01294,0.01301,0.01283,0.01288,636881.0
1746084300000,0.01284,0.01303,0.01276,0.01276,664550.0
1746084600000,0.01279,0.01299,0.01274,0.01274,834464.0
1746084900000,0.01275,0.01315,0.01269,0.01292,1057017.0
1746085200000,0.01292,0.01325,0.01287,0.01296,571059.0
1746085500000,0.01292,0.01296,0.01276,0.01276,1149482.0
1746085800000,0.01281,0.01288,0.01275,0.01285,1598723.0
1746086100000,0.01289,0.013,0.01285,0.01293,637921.0
1746086400000,0.01294,0.01327,0.01286,0.01287,1182975.0
1746086700000,0.01289,0.01293,0.01276,0.01285,1213079.0
1746087000000,0.01286,0.01298,0.01277,0.01281,515580.0
1746087300000,0.01279,0.01292,0.01278,0.01278,602405.0
1746087600000,0.01278,0.01283,0.01275,0.01275,1494672.0
1746087900000,0.01276,0.01283,0.01275,0.0128,1163771.0
1746088200000,0.0128,0.0129,0.01275,0.01285,1102651.0
1746088500000,0.01287,0.01294,0.0128,0.01288,351131.0
1746088800000,0.01288,0.01291,0.01281,0.01283,338022.0
1746089100000,0.01285,0.01307,0.0128,0.01295,542368.0
1746089400000,0.01295,0.01304,0.01284,0.01298,759290.0
1746089700000,0.013,0.0133,0.013,0.0131,1916244.0
1746090000000,0.01311,0.0133,0.0128,0.01297,1978612.0
1746090300000,0.01293,0.01298,0.01276,0.0128,1472985.0
1746090600000,0.01281,0.01282,0.01275,0.0128,1015369.0
1746090900000,0.0128,0.01281,0.01275,0.01278,2375932.0
1746091200000,0.01276,0.01281,0.01275,0.01278,720300.0
1746091500000,0.01278,0.01279,0.01275,0.01279,457236.0
1746091800000,0.01279,0.01296,0.01275,0.01296,531686.0
1746092100000,0.01292,0.01292,0.01222,0.01248,2570118.0
1746092400000,0.01248,0.01286,0.01248,0.01268,1136812.0
1746092700000,0.01268,0.01296,0.01254,0.01273,831206.0
1746093000000,0.01266,0.01271,0.01256,0.01259,485781.0
1746093300000,0.01259,0.01286,0.01252,0.01277,808433.0
1746093600000,0.01278,0.01285,0.01244,0.01248,1430697.0
1746093900000,0.01248,0.01252,0.0123,0.01248,715754.0
1746094200000,0.01242,0.01244,0.01229,0.01244,1082935.0
1746094500000,0.01246,0.01266,0.0124,0.01263,727465.0
1746094800000,0.01263,0.01268,0.0124,0.01253,748205.0
1746095100000,0.0125,0.0125,0.0115,0.01191,5356955.0
1746095400000,0.01187,0.01224,0.01182,0.01195,1731249.0
1746095700000,0.01189,0.01201,0.01172,0.01197,2616190.0
1746096000000,0.01195,0.0123,0.01194,0.01215,1305614.0
1746096300000,0.01213,0.01224,0.0119,0.01191,1031900.0
1746096600000,0.01194,0.01205,0.01131,0.01189,2740660.0
1746096900000,0.01187,0.01197,0.0117,0.01186,1006147.0
1746097200000,0.01184,0.01189,0.01154,0.01172,1642166.0
1746097500000,0.01172,0.01186,0.01164,0.01171,662899.0
1746097800000,0.01172,0.01184,0.01151,0.01173,801912.0
1746098100000,0.01167,0.01178,0.01165,0.01169,364673.0
1746098400000,0.0117,0.01173,0.011,0.01122,4041248.0
1746098700000,0.01123,0.01126,0.01058,0.01079,3092228.0
1746099000000,0.01075,0.01121,0.01066,0.01097,3596292.0
1746099300000,0.0109,0.01125,0.0109,0.011,1435549.0
1746099600000,0.01113,0.01139,0.01101,0.01132,1373490.0
1746099900000,0.01132,0.01187,0.0113,0.01178,5336180.0
1746100200000,0.01178,0.0119,0.01133,0.01178,2452309.0
1746100500000,0.01172,0.01178,0.01155,0.01169,894358.0
1746100800000,0.01164,0.0119,0.01155,0.01173,2058889.0
1746101100000,0.01173,0.01178,0.01101,0.0112,2863195.0
1746101400000,0.0112,0.01158,0.01112,0.01148,1552060.0
1746101700000,0.01146,0.01155,0.01138,0.01139,432012.0
1746102000000,0.01139,0.01154,0.01131,0.01136,437899.0
1746102300000,0.01143,0.01147,0.0112,0.01139,1094694.0
1746102600000,0.01139,0.01163,0.01135,0.01146,1288322.0
1746102900000,0.01151,0.0117,0.01142,0.01144,577724.0
1746103200000,0.01141,0.01145,0.01128,0.01138,534463.0
1746103500000,0.01139,0.01139,0.01126,0.0113,398605.0
1746103800000,0.0113,0.01154,0.01128,0.01144,619693.0
1746104100000,0.01141,0.01149,0.01138,0.01141,448051.0
1746104400000,0.01146,0.0118,0.01136,0.0114,1189988.0
1746104700000,0.0114,0.01161,0.01125,0.01138,910856.0
1746105000000,0.01135,0.01143,0.01106,0.01111,1818543.0
1746105300000,0.01111,0.01129,0.01105,0.01109,959853.0
1746105600000,0.01113,0.01117,0.01078,0.01112,1791908.0
1746105900000,0.01112,0.01114,0.01092,0.01104,1023275.0
1746106200000,0.01097,0.01109,0.01095,0.011,837848.0
1746106500000,0.01097,0.01108,0.01071,0.01087,1714877.0
1746106800000,0.01086,0.01118,0.01079,0.01105,701633.0
1746107100000,0.01105,0.01111,0.01095,0.01111,981735.0
1746107400000,0.0111,0.01127,0.01107,0.01112,860658.0
1746107700000,0.01112,0.01149,0.01111,0.01111,2606934.0
1746108000000,0.01107,0.01108,0.01083,0.01094,700738.0
1746108300000,0.01095,0.0112,0.01087,0.01116,1141175.0
1746108600000,0.01109,0.01109,0.0109,0.0109,419134.0
1746108900000,0.0109,0.01145,0.01082,0.01134,1481502.0
1746109200000,0.01134,0.01134,0.0109,0.01091,1798452.0
1746109500000,0.01091,0.01105,0.01091,0.01097,409115.0
1746109800000,0.01094,0.01114,0.01093,0.0111,525692.0
1746110100000,0.0111,0.0111,0.0109,0.011,882863.0
1746110400000,0.011,0.011,0.01085,0.01085,827609.0
1746110700000,0.01089,0.0112,0.01088,0.011,1235437.0
1746111000000,0.01102,0.0111,0.011,0.01103,324214.0
1746111300000,0.01107,0.0111,0.01101,0.01108,391276.0
1746111600000,0.01107,0.0111,0.011,0.01101,359116.0
1746111900000,0.01106,0.01106,0.01091,0.011,334971.0
1746112200000,0.01097,0.01102,0.01089,0.0109,418308.0
1746112500000,0.0109,0.01103,0.01082,0.01092,793650.0
1746112800000,0.01092,0.01099,0.01089,0.01089,228142.0
1746113100000,0.01092,0.01094,0.01073,0.01078,941605.0
1746113400000,0.0108,0.01089,0.01042,0.01068,3266702.0
1746113700000,0.01063,0.01067,0.01023,0.01028,1943073.0
1746114000000,0.01031,0.01067,0.01031,0.01062,1508180.0
1746114300000,0.01064,0.01098,0.0105,0.01063,2112755.0
1746114600000,0.01062,0.0107,0.01056,0.01062,750494.0
1746114900000,0.01058,0.01075,0.01035,0.01064,2018017.0
1746115200000,0.0106,0.01075,0.01043,0.01051,827675.0
1746115500000,0.01049,0.01077,0.0104,0.01054,1767693.0
1746115800000,0.01049,0.01071,0.00946,0.00987,4856901.0
1746116100000,0.00989,0.01006,0.00964,0.00979,3402792.0
1746116400000,0.00982,0.01,0.00972,0.00976,2739840.0
1746116700000,0.00983,0.00985,0.00914,0.00941,3623392.0
1746117000000,0.00941,0.0095,0.00921,0.00935,2532947.0
1746117300000,0.0093,0.0094,0.00913,0.00925,1574196.0
1746117600000,0.00924,0.00928,0.00877,0.0089,3716850.0
1746117900000,0.0089,0.00915,0.00883,0.009,2312605.0
1746118200000,0.00899,0.00899,0.0085,0.00893,5274638.0
1746118500000,0.00891,0.009,0.00837,0.00847,4286615.0
1746118800000,0.00845,0.00885,0.00815,0.0082,5805079.0
1746119100000,0.0082,0.00827,0.0079,0.00817,5734197.0
1746119400000,0.00816,0.0083,0.00792,0.00816,4000438.0
1746119700000,0.00822,0.00859,0.00822,0.00843,6996886.0
1746120000000,0.00846,0.00846,0.00812,0.00816,4322834.0
1746120300000,0.00828,0.00828,0.00798,0.008,2353964.0
1746120600000,0.00804,0.00817,0.00791,0.00817,2696714.0
1746120900000,0.00815,0.00821,0.00788,0.00811,2635804.0
1746121200000,0.00813,0.00831,0.00801,0.0083,5895095.0
1746121500000,0.0083,0.009,0.0083,0.00858,13349839.0
1746121800000,0.00859,0.00917,0.00857,0.009,10069886.0
1746122100000,0.009,0.0095,0.009,0.00938,11045722.0
1746122400000,0.00934,0.00969,0.00915,0.00944,10188244.0
1746122700000,0.00944,0.00944,0.0086,0.00899,7703613.0
1746123000000,0.00896,0.00896,0.0085,0.00866,6416067.0
1746123300000,0.00868,0.00901,0.00864,0.00883,3144326.0
1746123600000,0.00883,0.00892,0.00863,0.00877,2380313.0
1746123900000,0.00877,0.00973,0.00871,0.0097,11452688.0
1746124200000,0.0097,0.01059,0.0094,0.00947,23143168.0
1746124500000,0.0094,0.00955,0.0089,0.00929,7852183.0
1746124800000,0.00923,0.00931,0.0089,0.00902,5986279.0
1746125100000,0.00896,0.0092,0.00895,0.00909,1462023.0
1746125400000,0.00909,0.00914,0.00894,0.00911,2822444.0
1746125700000,0.00912,0.00912,0.0089,0.00895,3488558.0
1746126000000,0.00891,0.00905,0.0085,0.00863,3608332.0
1746126300000,0.00863,0.00879,0.00845,0.00877,2660361.0
1746126600000,0.00877,0.00877,0.00855,0.00865,1041318.0
1746126900000,0.00866,0.00898,0.00856,0.00885,1358573.0
1746127200000,0.00884,0.00886,0.0086,0.00867,1871720.0
1746127500000,0.00866,0.00905,0.00862,0.00893,4084492.0
1746127800000,0.00893,0.009,0.00881,0.00891,1613289.0
1746128100000,0.009,0.00908,0.0089,0.00897,1277831.0
1746128400000,0.00897,0.00908,0.00883,0.00885,1359147.0
1746128700000,0.00889,0.00891,0.00877,0.00881,925237.0
1746129000000,0.00879,0.00879,0.00848,0.00868,2121462.0
1746129300000,0.00874,0.00884,0.00866,0.00873,634458.0
1746129600000,0.0088,0.00886,0.00866,0.00879,1493786.0
1746129900000,0.00879,0.0089,0.00872,0.0088,975775.0
1746130200000,0.00885,0.00885,0.00862,0.00862,614981.0
1746130500000,0.0087,0.0087,0.0082,0.00831,3284794.0
1746130800000,0.00831,0.0086,0.00812,0.00834,1825162.0
1746131100000,0.00846,0.00853,0.00836,0.00839,507123.0
1746131400000,0.00839,0.00846,0.00824,0.00827,1492601.0
1746131700000,0.00828,0.00838,0.00781,0.00791,4323383.0
1746132000000,0.0079,0.00811,0.00786,0.00798,1024516.0
1746132300000,0.00798,0.00822,0.00789,0.00805,4087666.0
1746132600000,0.00806,0.00808,0.0072,0.00766,3314310.0
1746132900000,0.00771,0.00787,0.0072,0.0072,3366290.0
1746133200000,0.00728,0.00749,0.0072,0.00737,2846222.0
1746133500000,0.00742,0.00769,0.0074,0.00742,2873377.0
1746133800000,0.00744,0.00768,0.00743,0.00752,943922.0
1746134100000,0.00752,0.00787,0.00725,0.00749,1956731.0
1746134400000,0.00741,0.00745,0.00693,0.00713,4433838.0
1746134700000,0.00718,0.00726,0.007,0.00713,1787782.0
1746135000000,0.00713,0.00724,0.0067,0.00678,2974019.0
1746135300000,0.00686,0.00695,0.0067,0.0068,2445187.0
1746135600000,0.0068,0.00683,0.0067,0.00683,1129980.0
1746135900000,0.00686,0.00716,0.00683,0.00698,1796397.0
1746136200000,0.00695,0.00695,0.00652,0.00664,2610652.0
1746136500000,0.00669,0.00674,0.00647,0.00647,3452906.0
1746136800000,0.00653,0.00658,0.00622,0.00642,3064619.0
1746137100000,0.00639,0.0065,0.00614,0.0064,5955259.0
1746137400000,0.00636,0.00641,0.0062,0.0062,1216172.0
1746137700000,0.0062,0.00641,0.00616,0.00634,3937447.0
1746138000000,0.0063,0.00639,0.006,0.00611,4837893.0
1746138300000,0.00608,0.00608,0.00571,0.00586,4171537.0
1746138600000,0.00586,0.0059,0.00544,0.00564,6272294.0
1746138900000,0.00564,0.0057,0.00553,0.00565,3760865.0
1746139200000,0.00564,0.0062,0.00561,0.00602,10250034.0
1746139500000,0.00606,0.00612,0.00548,0.00553,3837593.0
1746139800000,0.00558,0.00569,0.00551,0.00557,921605.0
1746140100000,0.00556,0.0057,0.00546,0.0056,1763595.0
1746140400000,0.00561,0.0058,0.00523,0.00543,2756123.0
1746140700000,0.0054,0.00548,0.0047,0.00489,9673351.0
1746141000000,0.00485,0.0049,0.00426,0.00442,9740166.0
1746141300000,0.00445,0.00485,0.00432,0.00475,5338423.0
1746141600000,0.00474,0.005,0.0045,0.00469,9962908.0
1746141900000,0.00471,0.00488,0.00451,0.00479,12312639.0
1746142200000,0.0047,0.00475,0.00401,0.00429,3028528.0
1746142500000,0.00423,0.0046,0.00401,0.00417,3771431.0
1746142800000,0.00417,0.00442,0.00416,0.00432,3322493.0
1746143100000,0.00437,0.00459,0.00427,0.00446,5228249.0
1746143400000,0.00444,0.00467,0.00434,0.00459,3671508.0
1746143700000,0.0045,0.00459,0.0044,0.00448,1183013.0
1746144000000,0.00451,0.00485,0.0044,0.00449,5997551.0
1746144300000,0.00449,0.00476,0.00441,0.00453,1807126.0
1746144600000,0.00453,0.00476,0.00402,0.00434,5156220.0
1746144900000,0.00434,0.00454,0.00417,0.00446,3111770.0
1746145200000,0.00453,0.00485,0.0042,0.00444,8994784.0
1746145500000,0.00445,0.00478,0.00438,0.00466,2251092.0
1746145800000,0.0047,0.0047,0.0045,0.0045,2808814.0
1746146100000,0.0045,0.0045,0.00425,0.00434,2570736.0
1746146400000,0.00433,0.0044,0.0042,0.00439,2552802.0
1746146700000,0.00437,0.0045,0.00432,0.0044,1307575.0
1746147000000,0.00445,0.00445,0.00424,0.00425,1037261.0
1746147300000,0.00425,0.00438,0.0042,0.00435,1728171.0
1746147600000,0.00432,0.00506,0.00422,0.00459,8537751.0
1746147900000,0.00463,0.0062,0.00458,0.00568,14828317.0
1746148200000,0.00588,0.00646,0.00552,0.00614,7285162.0
1746148500000,0.00602,0.00728,0.00563,0.00636,15944316.0
1746148800000,0.00637,0.00637,0.00558,0.00558,3662218.0
1746149100000,0.00558,0.00682,0.00555,0.00675,7471340.0
1746149400000,0.00675,0.0076,0.0063,0.00739,17434331.0
1746149700000,0.00751,0.00808,0.00651,0.00779,10733202.0
1746150000000,0.00778,0.0085,0.00717,0.00726,16640813.0
1746150300000,0.00725,0.00818,0.0072,0.00784,5257858.0
1746150600000,0.00783,0.00783,0.00711,0.0073,3135430.0
1746150900000,0.00731,0.00745,0.00715,0.00728,3147340.0
1746151200000,0.00716,0.00727,0.006,0.00625,4713831.0
1746151500000,0.00626,0.00626,0.00582,0.00593,4745337.0
1746151800000,0.00593,0.00604,0.00573,0.00579,2360525.0
1746152100000,0.00578,0.00662,0.00578,0.00636,5129321.0
1746152400000,0.00631,0.0064,0.00488,0.00491,6437854.0
1746152700000,0.00491,0.00557,0.0048,0.00521,4741118.0
1746153000000,0.00522,0.00617,0.00513,0.00594,7239680.0
1746153300000,0.00597,0.0061,0.00511,0.00558,3366979.0
1746153600000,0.00536,0.0055,0.00439,0.00533,10135766.0
1746153900000,0.00518,0.00518,0.00415,0.0042,5229413.0
1746154200000,0.00428,0.00438,0.00317,0.0032,10936506.0
1746154500000,0.0032,0.00346,0.0018,0.00223,21946330.0
