timestamp,open,high,low,close,volume
1726444800000,0.4079,0.408,0.4014,0.4014,103200.8
1726445100000,0.4013,0.4014,0.3969,0.397,171140.1
1726445400000,0.3969,0.3974,0.3923,0.3941,103752.2
1726445700000,0.3942,0.3986,0.3922,0.3981,162688.8
1726446000000,0.3981,0.4009,0.3952,0.3967,100262.1
1726446300000,0.3966,0.3971,0.3953,0.3953,21298.4
1726446600000,0.3953,0.3979,0.3947,0.3977,31518.7
1726446900000,0.3977,0.3979,0.3947,0.3947,26118.5
1726447200000,0.3943,0.3983,0.3936,0.398,50554.7
1726447500000,0.3981,0.4008,0.3971,0.3973,103336.7
1726447800000,0.3974,0.3974,0.3966,0.3968,80776.9
1726448100000,0.3967,0.3978,0.3965,0.3977,40416.8
1726448400000,0.3977,0.3978,0.3965,0.397,18441.7
1726448700000,0.397,0.397,0.3957,0.3957,75460.1
1726449000000,0.3957,0.3957,0.3926,0.393,38946.6
1726449300000,0.3931,0.3933,0.3912,0.3918,53406.4
1726449600000,0.3918,0.3919,0.3891,0.3915,83014.3
1726449900000,0.3916,0.3938,0.3916,0.3938,11727.2
1726450200000,0.3939,0.3967,0.3939,0.3962,52023.0
1726450500000,0.3962,0.3969,0.3956,0.3967,28083.7
1726450800000,0.397,0.3994,0.3948,0.3948,67775.6
1726451100000,0.3948,0.3953,0.3943,0.3953,16360.4
1726451400000,0.3953,0.3972,0.3946,0.3972,33614.9
1726451700000,0.3972,0.3995,0.3972,0.3992,41055.9
1726452000000,0.3995,0.41,0.3994,0.402,135192.4
1726452300000,0.4021,0.4023,0.398,0.4005,96555.6
1726452600000,0.4005,0.403,0.3972,0.3974,90393.6
1726452900000,0.3974,0.4015,0.3962,0.4001,68718.4
1726453200000,0.4001,0.4005,0.3973,0.398,27542.0
1726453500000,0.398,0.398,0.3968,0.3969,13640.3
1726453800000,0.3969,0.3979,0.3922,0.3926,81789.3
1726454100000,0.3929,0.3929,0.3904,0.3922,77689.4
1726454400000,0.3919,0.3928,0.3916,0.3924,23266.9
1726454700000,0.3923,0.3944,0.391,0.3944,47847.3
1726455000000,0.3947,0.3948,0.3932,0.3932,10261.7
1726455300000,0.3923,0.3923,0.3903,0.392,21218.3
1726455600000,0.392,0.3936,0.3919,0.3929,16283.5
1726455900000,0.3926,0.394,0.3919,0.3922,14904.0
1726456200000,0.3923,0.3953,0.3919,0.3946,25058.4
1726456500000,0.3944,0.3974,0.3944,0.3966,36166.1
1726456800000,0.3962,0.3976,0.3961,0.397,18953.8
1726457100000,0.3973,0.3986,0.3954,0.3955,43636.5
1726457400000,0.3955,0.3995,0.3944,0.3991,30783.4
1726457700000,0.3993,0.4006,0.3993,0.3993,32400.0
1726458000000,0.3992,0.4003,0.3988,0.4001,33028.1
1726458300000,0.4001,0.4015,0.3981,0.3982,38879.6
1726458600000,0.3982,0.3991,0.3981,0.3981,33804.9
1726458900000,0.3982,0.3982,0.395,0.3959,79785.0
1726459200000,0.396,0.3962,0.3939,0.3939,31630.5
1726459500000,0.3938,0.3938,0.3895,0.3905,135025.4
1726459800000,0.3905,0.391,0.3884,0.3888,43122.2
1726460100000,0.3888,0.3888,0.3813,0.384,221418.0
1726460400000,0.384,0.385,0.3789,0.3802,91510.1
1726460700000,0.3804,0.3826,0.3798,0.3807,77003.2
1726461000000,0.3807,0.3815,0.3783,0.3791,66933.8
1726461300000,0.3791,0.3791,0.375,0.3766,130818.4
1726461600000,0.377,0.3795,0.3756,0.3795,62570.3
1726461900000,0.3795,0.3819,0.3793,0.3809,81310.9
1726462200000,0.381,0.3814,0.3804,0.3807,41758.3
1726462500000,0.3808,0.3815,0.38,0.3815,41165.0
1726462800000,0.3814,0.3815,0.3771,0.378,59469.2
1726463100000,0.378,0.3792,0.3761,0.3786,58466.7
1726463400000,0.3786,0.3798,0.3783,0.3785,20498.0
1726463700000,0.3792,0.3794,0.3779,0.3794,35448.7
1726464000000,0.3795,0.3815,0.3779,0.3786,65691.9
1726464300000,0.3784,0.3784,0.3747,0.377,109229.0
1726464600000,0.377,0.3813,0.377,0.3813,52941.3
1726464900000,0.3813,0.39,0.3813,0.388,208589.6
1726465200000,0.3877,0.3877,0.3838,0.3839,55904.8
1726465500000,0.3839,0.3868,0.3838,0.3868,16833.5
1726465800000,0.3867,0.3896,0.3852,0.3867,94166.4
1726466100000,0.3867,0.3907,0.3865,0.3868,55269.0
1726466400000,0.3866,0.3867,0.3829,0.3832,54961.2
1726466700000,0.3832,0.3865,0.3822,0.3864,22405.6
1726467000000,0.3865,0.3867,0.3734,0.3844,228398.4
1726467300000,0.3846,0.3849,0.3822,0.3848,24360.6
1726467600000,0.3847,0.3863,0.3846,0.3861,27466.5
1726467900000,0.3861,0.3864,0.3854,0.3857,16980.8
1726468200000,0.3855,0.3863,0.3849,0.3853,16227.6
1726468500000,0.3854,0.3872,0.385,0.3872,27303.1
1726468800000,0.3872,0.3886,0.387,0.387,31605.9
1726469100000,0.387,0.3878,0.3845,0.3845,52245.1
1726469400000,0.3845,0.387,0.3837,0.3847,62806.0
1726469700000,0.3847,0.3847,0.3808,0.3821,56318.6
1726470000000,0.3822,0.3825,0.3795,0.3809,61555.7
1726470300000,0.3809,0.381,0.3795,0.3807,39003.3
1726470600000,0.3808,0.3827,0.3806,0.3818,16026.8
1726470900000,0.3818,0.3818,0.3746,0.3765,102843.3
1726471200000,0.3765,0.379,0.373,0.379,70909.7
1726471500000,0.3791,0.381,0.379,0.381,26338.8
1726471800000,0.3809,0.3813,0.3711,0.3735,114418.9
1726472100000,0.3735,0.3761,0.3706,0.3757,86032.5
1726472400000,0.3758,0.3806,0.3758,0.3802,57754.4
1726472700000,0.3807,0.382,0.3803,0.3807,31563.0
1726473000000,0.3806,0.382,0.3802,0.382,21782.3
1726473300000,0.3821,0.3821,0.3765,0.3787,48492.6
1726473600000,0.3787,0.3787,0.3738,0.3767,42020.7
1726473900000,0.3768,0.3788,0.3768,0.3772,21348.7
1726474200000,0.3772,0.3773,0.3715,0.3736,113891.2
1726474500000,0.3737,0.3754,0.3736,0.3754,35672.2
1726474800000,0.3753,0.3796,0.3739,0.3764,74005.1
1726475100000,0.3765,0.3809,0.3761,0.3803,241691.9
1726475400000,0.3805,0.3867,0.38,0.386,162385.9
1726475700000,0.386,0.3912,0.3845,0.39,250030.3
1726476000000,0.3905,0.3957,0.389,0.3929,324629.1
1726476300000,0.3928,0.3951,0.3845,0.3867,231422.0
1726476600000,0.3867,0.3888,0.3838,0.3863,67706.0
1726476900000,0.3863,0.3863,0.3816,0.3833,69749.8
1726477200000,0.3832,0.3887,0.3832,0.3854,92221.6
1726477500000,0.3854,0.3871,0.3846,0.3871,57658.3
1726477800000,0.3871,0.39,0.3864,0.3864,50613.0
1726478100000,0.3866,0.3866,0.3835,0.3851,57453.5
1726478400000,0.3851,0.3851,0.3809,0.3812,98422.2
1726478700000,0.3812,0.3818,0.3802,0.3806,55274.5
1726479000000,0.3802,0.3808,0.3786,0.3787,78095.4
1726479300000,0.3787,0.3792,0.3781,0.3781,43821.3
1726479600000,0.3782,0.381,0.3781,0.3784,60336.9
1726479900000,0.3784,0.3796,0.376,0.3794,86752.5
1726480200000,0.3797,0.3883,0.3795,0.3869,139297.6
1726480500000,0.3871,0.3887,0.383,0.3847,89760.9
1726480800000,0.3847,0.3847,0.3815,0.3825,38559.5
1726481100000,0.3826,0.3827,0.3787,0.3791,43168.8
1726481400000,0.3791,0.3811,0.3773,0.3804,61768.8
1726481700000,0.3805,0.3813,0.3778,0.3781,57148.2
1726482000000,0.3781,0.3815,0.3781,0.3815,16845.1
1726482300000,0.3815,0.3823,0.3815,0.3823,22272.1
1726482600000,0.3824,0.3918,0.3818,0.387,195269.7
1726482900000,0.3871,0.3912,0.3852,0.3875,118742.7
1726483200000,0.3874,0.3958,0.3854,0.3911,222198.5
1726483500000,0.391,0.391,0.3848,0.3849,66662.4
1726483800000,0.3849,0.3877,0.3843,0.3869,42656.5
1726484100000,0.3868,0.3882,0.3868,0.3881,22729.0
1726484400000,0.388,0.3885,0.3856,0.3864,30159.8
1726484700000,0.3863,0.3864,0.3844,0.3846,18617.5
1726485000000,0.3848,0.385,0.3827,0.383,23175.9
1726485300000,0.3831,0.3835,0.3824,0.3829,21705.1
1726485600000,0.3827,0.3845,0.3817,0.3823,35799.5
1726485900000,0.3823,0.3852,0.3821,0.3843,30487.7
1726486200000,0.3844,0.3868,0.3839,0.3865,16915.7
1726486500000,0.3866,0.3866,0.3835,0.3835,35096.0
1726486800000,0.3835,0.3845,0.3825,0.3838,32618.1
1726487100000,0.3839,0.3889,0.3839,0.3889,40104.0
1726487400000,0.389,0.389,0.3858,0.3858,52758.1
1726487700000,0.3857,0.3857,0.3842,0.3842,22532.4
1726488000000,0.3841,0.3851,0.384,0.3849,15161.6
1726488300000,0.3849,0.3853,0.3811,0.3814,45846.1
1726488600000,0.3812,0.385,0.3812,0.3841,35401.1
1726488900000,0.3842,0.3843,0.382,0.382,12909.1
1726489200000,0.382,0.3825,0.3812,0.3814,29634.8
1726489500000,0.3815,0.3829,0.3815,0.3826,10151.9
1726489800000,0.3826,0.3919,0.3826,0.387,119265.5
1726490100000,0.3871,0.3897,0.3838,0.3891,45274.4
1726490400000,0.3893,0.3899,0.384,0.3843,28599.2
1726490700000,0.3843,0.3843,0.3805,0.382,79588.9
1726491000000,0.382,0.3822,0.3808,0.3813,31847.5
1726491300000,0.3813,0.3823,0.3813,0.3815,9740.7
1726491600000,0.3814,0.3814,0.3795,0.3795,36779.3
1726491900000,0.3795,0.3809,0.379,0.3799,23983.4
1726492200000,0.3802,0.3802,0.3772,0.3777,59195.0
1726492500000,0.3775,0.379,0.3765,0.378,113296.0
1726492800000,0.378,0.378,0.3753,0.3758,42888.6
1726493100000,0.3758,0.377,0.3753,0.3763,29324.0
1726493400000,0.376,0.3762,0.3754,0.3758,17705.6
1726493700000,0.3758,0.3765,0.3751,0.3755,42196.1
1726494000000,0.3754,0.3756,0.3749,0.3751,43113.9
1726494300000,0.3751,0.3814,0.375,0.3814,48541.2
1726494600000,0.3814,0.3826,0.3792,0.3823,56443.8
1726494900000,0.3823,0.3827,0.3811,0.3814,13561.3
1726495200000,0.3817,0.3818,0.3776,0.378,29798.7
1726495500000,0.3785,0.3787,0.3766,0.3778,33533.2
1726495800000,0.3779,0.379,0.3776,0.3789,36684.8
1726496100000,0.379,0.3863,0.3787,0.3817,96906.9
1726496400000,0.3819,0.3847,0.3807,0.3847,24198.0
1726496700000,0.3847,0.3866,0.383,0.3836,71239.1
1726497000000,0.3834,0.3865,0.3745,0.3751,187303.4
1726497300000,0.3754,0.3783,0.3728,0.3753,154324.2
1726497600000,0.3751,0.3776,0.369,0.3775,321355.2
1726497900000,0.3775,0.3775,0.3741,0.3748,38971.4
1726498200000,0.3748,0.3768,0.3727,0.3737,61190.8
1726498500000,0.3737,0.3739,0.372,0.3736,47617.3
1726498800000,0.3734,0.3737,0.3684,0.372,98112.4
1726499100000,0.3721,0.3726,0.3698,0.3702,25194.2
1726499400000,0.3704,0.3705,0.368,0.3683,57084.9
1726499700000,0.368,0.3692,0.365,0.3685,80973.2
1726500000000,0.3688,0.3697,0.3686,0.3696,114149.4
1726500300000,0.3696,0.3701,0.3696,0.3698,11143.3
1726500600000,0.37,0.3705,0.3697,0.3705,7195.8
1726500900000,0.3704,0.3707,0.365,0.3673,135660.8
1726501200000,0.3673,0.3678,0.3666,0.3677,52066.0
1726501500000,0.3677,0.3678,0.367,0.3674,3792.4
1726501800000,0.3673,0.3676,0.3665,0.3667,50004.2
1726502100000,0.3667,0.3671,0.3665,0.3667,34938.1
1726502400000,0.3667,0.3669,0.3652,0.3667,25803.6
1726502700000,0.3666,0.3675,0.3664,0.3674,27649.0
1726503000000,0.3675,0.3676,0.3654,0.3657,17850.0
1726503300000,0.3658,0.3717,0.3657,0.3717,200378.2
1726503600000,0.3717,0.3744,0.3708,0.3724,102018.7
1726503900000,0.3725,0.3733,0.3723,0.3728,29840.2
1726504200000,0.3729,0.373,0.3718,0.3719,9067.0
1726504500000,0.3718,0.3723,0.371,0.3714,15509.8
1726504800000,0.3711,0.3722,0.371,0.3722,19782.3
1726505100000,0.3722,0.3726,0.3685,0.3685,63340.9
1726505400000,0.3688,0.3688,0.3669,0.368,65226.9
1726505700000,0.368,0.3681,0.3673,0.3677,17281.5
1726506000000,0.3674,0.3675,0.3662,0.3666,29504.9
1726506300000,0.3663,0.3664,0.3641,0.3657,53694.7
1726506600000,0.3653,0.3662,0.3649,0.3655,9976.2
1726506900000,0.3657,0.3664,0.3631,0.3645,21271.9
1726507200000,0.3648,0.366,0.3641,0.3652,30593.9
1726507500000,0.3652,0.3655,0.365,0.3653,63968.2
1726507800000,0.3654,0.3655,0.3637,0.364,29686.1
1726508100000,0.364,0.3654,0.3637,0.3653,20460.7
1726508400000,0.3653,0.3655,0.3651,0.3654,10776.0
1726508700000,0.3655,0.3655,0.3654,0.3655,20067.9
1726509000000,0.3654,0.3672,0.3654,0.3672,24554.5
1726509300000,0.3674,0.3704,0.3674,0.3697,31096.3
1726509600000,0.3697,0.3701,0.3667,0.3671,56755.5
1726509900000,0.367,0.3672,0.3657,0.366,12176.1
1726510200000,0.366,0.366,0.3644,0.3649,8934.9
1726510500000,0.3648,0.3649,0.3648,0.3648,685.6
1726510800000,0.3645,0.3648,0.3644,0.3646,2392.2
1726511100000,0.3647,0.3661,0.3645,0.3655,19504.7
1726511400000,0.366,0.3667,0.3657,0.3664,11042.9
1726511700000,0.3662,0.3675,0.3661,0.3664,12304.2
1726512000000,0.3664,0.367,0.3646,0.3646,38502.8
1726512300000,0.3644,0.3646,0.363,0.3642,20688.8
1726512600000,0.3642,0.3646,0.3637,0.3637,3995.3
1726512900000,0.3639,0.3639,0.3585,0.3591,251261.8
1726513200000,0.3594,0.3597,0.3544,0.356,203151.2
1726513500000,0.356,0.3581,0.3559,0.3581,33599.2
1726513800000,0.3581,0.3627,0.3581,0.362,131549.4
1726514100000,0.362,0.362,0.3604,0.361,5389.3
1726514400000,0.361,0.3611,0.356,0.359,48141.2
1726514700000,0.3587,0.359,0.358,0.359,6348.8
1726515000000,0.359,0.3606,0.3574,0.3605,39220.6
1726515300000,0.3605,0.3617,0.3585,0.36,31474.8
1726515600000,0.36,0.36,0.3586,0.3592,13423.0
1726515900000,0.3592,0.3593,0.3556,0.357,33682.7
1726516200000,0.357,0.3588,0.357,0.3583,5282.1
1726516500000,0.3584,0.3586,0.3556,0.357,11947.7
1726516800000,0.357,0.3577,0.356,0.3575,7633.4
1726517100000,0.3575,0.3583,0.3572,0.3579,3767.1
1726517400000,0.3582,0.3593,0.3579,0.3591,16648.8
1726517700000,0.3591,0.3607,0.3586,0.3606,16243.9
1726518000000,0.3607,0.3608,0.3601,0.3604,6804.0
1726518300000,0.3604,0.3604,0.358,0.3588,29419.4
1726518600000,0.3588,0.3601,0.3582,0.3596,9016.2
1726518900000,0.3595,0.3622,0.3594,0.3618,48437.1
1726519200000,0.3618,0.3618,0.356,0.358,103738.6
1726519500000,0.3578,0.3578,0.3555,0.3565,30692.6
1726519800000,0.357,0.3597,0.3569,0.3591,26982.6
1726520100000,0.359,0.3596,0.3584,0.3586,13023.5
1726520400000,0.3593,0.3598,0.3564,0.3579,28511.0
1726520700000,0.3579,0.3581,0.3551,0.3573,24126.2
1726521000000,0.3569,0.3585,0.3566,0.3584,16457.1
1726521300000,0.3581,0.3588,0.3564,0.3587,34391.1
1726521600000,0.3586,0.3607,0.3586,0.3607,32310.0
1726521900000,0.3604,0.3613,0.3597,0.3602,26102.2
1726522200000,0.3602,0.361,0.3589,0.3595,12880.8
1726522500000,0.3594,0.361,0.3587,0.3609,19925.9
1726522800000,0.3609,0.3613,0.3596,0.3601,15439.0
1726523100000,0.3601,0.3609,0.3585,0.3596,19225.9
1726523400000,0.3594,0.3596,0.3591,0.3594,2220.2
1726523700000,0.3595,0.3602,0.3572,0.3588,29604.2
1726524000000,0.3589,0.3602,0.3585,0.3602,16817.7
1726524300000,0.36,0.36,0.3591,0.3595,11937.2
1726524600000,0.3596,0.3596,0.3581,0.3589,5279.3
1726524900000,0.359,0.3598,0.3582,0.3594,5898.0
1726525200000,0.3594,0.3594,0.3581,0.3586,13077.5
1726525500000,0.3586,0.3588,0.3573,0.3588,17190.9
1726525800000,0.3585,0.3596,0.3582,0.3589,8763.8
1726526100000,0.3592,0.3601,0.3592,0.36,10321.6
1726526400000,0.3597,0.3599,0.3584,0.3586,12095.5
1726526700000,0.3585,0.359,0.358,0.359,7844.5
1726527000000,0.3588,0.3599,0.3582,0.3594,9784.2
1726527300000,0.3594,0.3601,0.3574,0.3581,16824.6
1726527600000,0.3581,0.3593,0.358,0.359,15458.1
1726527900000,0.359,0.3593,0.358,0.358,8761.3
1726528200000,0.3583,0.3589,0.3578,0.3584,4291.3
1726528500000,0.3587,0.3594,0.3582,0.3589,12605.6
1726528800000,0.3584,0.3606,0.3582,0.36,10042.4
1726529100000,0.3601,0.3605,0.3588,0.3601,8848.6
1726529400000,0.3602,0.3615,0.3598,0.3614,13437.0
1726529700000,0.3614,0.3628,0.3614,0.3622,20645.1
1726530000000,0.3621,0.3621,0.3609,0.3609,7823.2
1726530300000,0.3609,0.3622,0.3609,0.3618,4983.7
1726530600000,0.3621,0.3639,0.3615,0.3621,24777.4
1726530900000,0.3621,0.3632,0.3616,0.3627,7923.3
1726531200000,0.3627,0.3638,0.3604,0.3614,43143.2
1726531500000,0.3611,0.3615,0.3597,0.3598,12047.2
1726531800000,0.3598,0.36,0.3582,0.3598,60680.5
1726532100000,0.3597,0.3602,0.3595,0.3601,3291.1
1726532400000,0.3599,0.3602,0.3599,0.3602,496.0
1726532700000,0.3601,0.3609,0.3601,0.3605,6343.7
1726533000000,0.3606,0.3617,0.3603,0.3613,7170.7
1726533300000,0.3613,0.3613,0.3594,0.3595,11762.5
1726533600000,0.3595,0.3595,0.3586,0.3589,2356.0
1726533900000,0.3586,0.3587,0.3582,0.3582,4431.4
1726534200000,0.3582,0.3587,0.3547,0.3559,158881.1
1726534500000,0.3559,0.3573,0.3556,0.3561,30602.4
1726534800000,0.3561,0.357,0.3561,0.3567,4936.8
1726535100000,0.3568,0.3575,0.3562,0.3563,14077.0
1726535400000,0.3565,0.3568,0.3552,0.356,32411.5
1726535700000,0.3559,0.3568,0.3551,0.3563,16261.0
1726536000000,0.3563,0.3575,0.3563,0.3572,15563.4
1726536300000,0.357,0.357,0.3557,0.3558,7886.4
1726536600000,0.3562,0.3567,0.3557,0.3565,2025.3
1726536900000,0.3562,0.357,0.3554,0.357,4590.7
1726537200000,0.3568,0.3582,0.356,0.3582,12306.6
1726537500000,0.3584,0.3595,0.3579,0.3585,37765.3
1726537800000,0.3584,0.3585,0.357,0.3584,6810.0
1726538100000,0.3584,0.3588,0.3584,0.3586,2989.3
1726538400000,0.3588,0.3611,0.3585,0.361,39017.8
1726538700000,0.3611,0.3616,0.3608,0.3613,10716.9
1726539000000,0.361,0.3615,0.3605,0.3607,2476.6
1726539300000,0.3608,0.3613,0.3604,0.3607,19099.4
1726539600000,0.3611,0.3613,0.3606,0.361,15702.3
1726539900000,0.3613,0.3616,0.361,0.3614,1331.0
1726540200000,0.3611,0.3613,0.3608,0.3611,2540.3
1726540500000,0.3612,0.3614,0.3611,0.3613,3542.3
1726540800000,0.3615,0.3619,0.3613,0.3613,2985.4
1726541100000,0.3616,0.3629,0.3613,0.3628,13447.3
1726541400000,0.3626,0.3626,0.3604,0.361,16284.6
1726541700000,0.3611,0.3621,0.3611,0.3621,6134.6
1726542000000,0.3619,0.3624,0.3615,0.3616,2377.1
1726542300000,0.3619,0.3657,0.3617,0.3651,51400.1
1726542600000,0.3652,0.3762,0.3652,0.3696,126131.2
1726542900000,0.3695,0.3695,0.3659,0.3659,13965.3
1726543200000,0.3659,0.3682,0.3653,0.3679,37107.8
1726543500000,0.3679,0.3685,0.3652,0.3661,83640.7
1726543800000,0.3659,0.3676,0.3655,0.3676,7744.6
1726544100000,0.3676,0.3677,0.3666,0.367,5179.2
1726544400000,0.3669,0.3724,0.3669,0.3711,36327.4
1726544700000,0.371,0.371,0.3687,0.3691,24602.9
1726545000000,0.369,0.3693,0.369,0.3693,7612.0
1726545300000,0.3691,0.3692,0.3685,0.3685,20644.9
1726545600000,0.3687,0.3688,0.368,0.3682,5588.3
1726545900000,0.3682,0.3706,0.3682,0.3706,23636.2
1726546200000,0.3706,0.3708,0.369,0.3691,39929.0
1726546500000,0.3691,0.3694,0.3687,0.3694,6296.5
1726546800000,0.3693,0.3717,0.3691,0.3716,10100.5
1726547100000,0.3717,0.3724,0.3703,0.3708,11465.2
1726547400000,0.3707,0.3755,0.3698,0.3731,38853.0
1726547700000,0.373,0.3735,0.371,0.3725,23348.0
1726548000000,0.3725,0.3745,0.3724,0.3725,32223.7
1726548300000,0.3724,0.3753,0.3722,0.3747,15738.8
1726548600000,0.3747,0.3763,0.374,0.3758,57877.2
1726548900000,0.3759,0.3764,0.3757,0.3758,17125.4
1726549200000,0.3758,0.3758,0.3725,0.3735,35492.0
1726549500000,0.3735,0.3779,0.3734,0.3766,119189.9
1726549800000,0.3768,0.3768,0.3755,0.3756,23890.6
1726550100000,0.3754,0.3754,0.3726,0.3726,9356.5
1726550400000,0.3729,0.3732,0.371,0.3716,30839.5
1726550700000,0.3715,0.3718,0.371,0.3715,3803.4
1726551000000,0.3711,0.3728,0.3708,0.3728,45131.8
1726551300000,0.3726,0.3728,0.3716,0.3723,27954.5
1726551600000,0.3722,0.3725,0.3721,0.3721,1515.2
1726551900000,0.3725,0.3764,0.3725,0.3753,27228.5
1726552200000,0.3753,0.3756,0.375,0.3753,4757.0
1726552500000,0.3755,0.3756,0.3741,0.3745,10407.6
1726552800000,0.3745,0.3747,0.3667,0.3668,309131.4
1726553100000,0.3671,0.368,0.367,0.3675,25830.4
1726553400000,0.3677,0.3679,0.3677,0.3678,9403.5
1726553700000,0.3678,0.3681,0.3656,0.3661,42792.6
1726554000000,0.3659,0.3664,0.3655,0.3658,18332.7
1726554300000,0.3658,0.3678,0.3657,0.3665,42464.8
1726554600000,0.3667,0.369,0.3667,0.3687,24619.1
1726554900000,0.3685,0.3685,0.3679,0.3679,3704.0
1726555200000,0.3683,0.3683,0.3677,0.3677,1870.5
1726555500000,0.3677,0.3682,0.3668,0.3671,27748.7
1726555800000,0.3667,0.3667,0.3658,0.3659,5963.9
1726556100000,0.3658,0.3662,0.3643,0.3644,20163.1
1726556400000,0.3645,0.3661,0.3643,0.3661,18196.4
1726556700000,0.3662,0.3662,0.3641,0.3646,25992.1
1726557000000,0.3647,0.3659,0.3647,0.3658,4642.4
1726557300000,0.3656,0.3672,0.3655,0.367,14594.7
1726557600000,0.3669,0.3678,0.3668,0.3676,18606.3
1726557900000,0.3673,0.3676,0.367,0.3674,2444.3
1726558200000,0.3674,0.3676,0.367,0.367,21813.3
1726558500000,0.367,0.3676,0.3669,0.3671,4285.9
1726558800000,0.3675,0.3684,0.3674,0.3682,5810.3
1726559100000,0.3682,0.3686,0.368,0.3686,11937.9
1726559400000,0.3686,0.3686,0.3683,0.3684,25764.4
1726559700000,0.3684,0.3684,0.3669,0.3672,2806.6
1726560000000,0.3672,0.3672,0.3663,0.3663,10953.2
1726560300000,0.3665,0.3668,0.3654,0.3654,14759.5
1726560600000,0.3655,0.3669,0.3655,0.3665,12294.6
1726560900000,0.3666,0.3679,0.3664,0.3675,9830.4
1726561200000,0.3676,0.3699,0.3676,0.3693,96851.7
1726561500000,0.3691,0.3899,0.3691,0.3835,459792.6
1726561800000,0.3837,0.384,0.3793,0.3799,67414.0
1726562100000,0.38,0.3809,0.3774,0.3779,104498.6
1726562400000,0.3781,0.3798,0.3781,0.379,37376.4
1726562700000,0.3792,0.3793,0.3762,0.3769,44835.7
1726563000000,0.3769,0.3769,0.3755,0.3756,39362.1
1726563300000,0.3756,0.3769,0.3756,0.3766,42650.0
1726563600000,0.3764,0.3766,0.3753,0.3762,36731.2
1726563900000,0.3763,0.3763,0.3752,0.3757,12483.1
1726564200000,0.3757,0.3758,0.3734,0.3735,40868.8
1726564500000,0.3734,0.3735,0.3717,0.3725,14336.9
1726564800000,0.3728,0.3728,0.3716,0.3716,9048.2
1726565100000,0.3716,0.3719,0.3713,0.3719,57308.8
1726565400000,0.3719,0.3752,0.3719,0.3751,31713.1
1726565700000,0.3751,0.3786,0.3751,0.3782,19438.2
1726566000000,0.3781,0.3781,0.3749,0.3756,69694.7
1726566300000,0.3757,0.3796,0.3756,0.3778,24926.5
1726566600000,0.3783,0.3783,0.3773,0.3776,17111.2
1726566900000,0.3776,0.3779,0.3774,0.3775,16909.1
1726567200000,0.3776,0.3781,0.377,0.3773,33289.8
1726567500000,0.3773,0.3773,0.3758,0.3765,26977.3
1726567800000,0.3764,0.3848,0.3759,0.3842,285236.9
1726568100000,0.384,0.384,0.3793,0.3812,47567.9
1726568400000,0.3812,0.3816,0.3802,0.3809,16632.8
1726568700000,0.3808,0.3824,0.3807,0.3824,6876.1
1726569000000,0.3817,0.3823,0.3801,0.3803,16900.0
1726569300000,0.3801,0.3806,0.3793,0.3796,12502.2
1726569600000,0.3796,0.3808,0.378,0.3805,41406.5
1726569900000,0.3804,0.3805,0.3788,0.3797,15898.8
1726570200000,0.3796,0.3827,0.3794,0.3816,23427.4
1726570500000,0.3816,0.3818,0.3798,0.3811,6132.5
1726570800000,0.3811,0.3836,0.3811,0.3831,15848.4
1726571100000,0.3828,0.3829,0.3782,0.3785,43116.0
1726571400000,0.3784,0.3805,0.3784,0.3801,15480.8
1726571700000,0.38,0.38,0.377,0.3775,49629.4
1726572000000,0.3776,0.3779,0.3767,0.3771,30058.2
1726572300000,0.3773,0.3786,0.3773,0.3776,9753.0
1726572600000,0.3777,0.381,0.3777,0.3801,14698.9
1726572900000,0.3799,0.383,0.3798,0.383,10519.7
1726573200000,0.3829,0.3834,0.3827,0.3828,3549.5
1726573500000,0.3828,0.3828,0.3826,0.3826,31950.2
1726573800000,0.3826,0.3826,0.3825,0.3825,2334.4
1726574100000,0.3825,0.3825,0.3816,0.3816,10521.3
1726574400000,0.3817,0.3833,0.3816,0.3817,20931.3
1726574700000,0.3816,0.3816,0.3803,0.381,10208.9
1726575000000,0.3807,0.3808,0.3805,0.3808,2081.8
1726575300000,0.3806,0.3814,0.3798,0.3812,17253.4
1726575600000,0.3814,0.3818,0.379,0.3797,22939.9
1726575900000,0.3798,0.3809,0.3797,0.3799,11312.1
1726576200000,0.38,0.3806,0.3785,0.3792,7518.6
1726576500000,0.379,0.3805,0.3789,0.3796,11633.0
1726576800000,0.3795,0.3797,0.3777,0.3797,20560.6
1726577100000,0.3793,0.3823,0.3793,0.3807,30241.3
1726577400000,0.3808,0.3809,0.3805,0.3806,3110.8
1726577700000,0.3805,0.382,0.3799,0.3805,25342.8
1726578000000,0.3803,0.3808,0.3796,0.3802,12027.0
1726578300000,0.3804,0.3808,0.38,0.3802,8263.4
1726578600000,0.3801,0.3804,0.3793,0.3793,5658.8
1726578900000,0.3793,0.3798,0.3784,0.379,10968.4
1726579200000,0.3791,0.3809,0.3791,0.3805,8811.0
1726579500000,0.3805,0.3809,0.3794,0.3799,15074.4
1726579800000,0.3799,0.3813,0.3797,0.3799,20754.1
1726580100000,0.38,0.3804,0.3793,0.3799,8900.6
1726580400000,0.3798,0.3801,0.3788,0.3791,10687.9
1726580700000,0.3791,0.3794,0.3735,0.3757,111224.4
1726581000000,0.3756,0.3756,0.3739,0.3751,34496.6
1726581300000,0.3752,0.3767,0.3752,0.3761,6239.9
1726581600000,0.3764,0.3785,0.3764,0.3784,23155.4
1726581900000,0.3785,0.3803,0.3781,0.3801,12226.8
1726582200000,0.3804,0.3808,0.3789,0.38,40382.6
1726582500000,0.38,0.3811,0.38,0.3807,23511.8
1726582800000,0.3805,0.3808,0.3794,0.3806,17628.5
1726583100000,0.3806,0.3828,0.3797,0.3803,75750.2
1726583400000,0.3805,0.3808,0.3783,0.3792,18295.9
1726583700000,0.3788,0.3799,0.3777,0.3798,41987.9
1726584000000,0.3798,0.3805,0.3775,0.378,25770.1
1726584300000,0.3779,0.3793,0.3761,0.3783,69406.0
1726584600000,0.3783,0.3785,0.3763,0.3772,11937.0
1726584900000,0.3769,0.38,0.3759,0.3798,34438.1
1726585200000,0.3799,0.3833,0.3799,0.383,34004.7
1726585500000,0.3823,0.384,0.3822,0.3827,15314.8
1726585800000,0.3829,0.3832,0.3696,0.372,307359.3
1726586100000,0.3719,0.3765,0.3712,0.3753,103198.6
1726586400000,0.3753,0.3776,0.3681,0.3736,151137.8
1726586700000,0.374,0.3756,0.374,0.3748,26075.8
1726587000000,0.3749,0.3829,0.3749,0.382,314759.0
1726587300000,0.3821,0.3884,0.3801,0.3837,173291.1
1726587600000,0.3837,0.3841,0.3805,0.383,70632.6
1726587900000,0.3831,0.3832,0.3808,0.3809,56849.9
1726588200000,0.3809,0.3815,0.38,0.381,58654.1
1726588500000,0.3805,0.3809,0.3799,0.3802,8762.6
1726588800000,0.38,0.38,0.3785,0.3785,49433.0
1726589100000,0.3785,0.3869,0.3784,0.3833,129888.5
1726589400000,0.3834,0.3835,0.3811,0.3811,31565.4
1726589700000,0.3811,0.3812,0.38,0.38,13921.6
1726590000000,0.38,0.3825,0.38,0.3819,75430.3
1726590300000,0.3821,0.3828,0.3777,0.3777,39232.8
1726590600000,0.3777,0.378,0.3764,0.378,69602.7
1726590900000,0.3781,0.3798,0.3781,0.3798,10921.2
1726591200000,0.3798,0.3865,0.3796,0.3843,49014.1
1726591500000,0.3843,0.388,0.3843,0.3859,87810.1
1726591800000,0.3857,0.3894,0.385,0.385,66727.3
1726592100000,0.3853,0.3859,0.3848,0.3848,12726.1
1726592400000,0.3848,0.3858,0.3848,0.3855,19687.2
1726592700000,0.3856,0.386,0.3853,0.386,10720.1
1726593000000,0.386,0.3864,0.3855,0.3864,16476.5
1726593300000,0.3866,0.388,0.3866,0.3875,19056.2
1726593600000,0.3875,0.3878,0.3859,0.3864,30719.2
1726593900000,0.3862,0.3867,0.3856,0.3863,9113.9
1726594200000,0.3862,0.3887,0.3862,0.388,14427.0
1726594500000,0.3883,0.3885,0.3878,0.3884,14096.2
1726594800000,0.3883,0.3883,0.3878,0.3878,4175.1
1726595100000,0.3878,0.3878,0.3853,0.3866,14168.9
1726595400000,0.3866,0.3872,0.3865,0.3872,4096.3
1726595700000,0.3871,0.3871,0.3843,0.385,36338.6
1726596000000,0.3852,0.3867,0.3852,0.3862,8748.9
1726596300000,0.3866,0.387,0.386,0.387,9997.5
1726596600000,0.3865,0.3885,0.3862,0.3885,30077.1
1726596900000,0.3881,0.3972,0.388,0.395,193985.3
1726597200000,0.3948,0.3972,0.3935,0.3958,82791.2
1726597500000,0.3958,0.3963,0.392,0.392,100365.6
1726597800000,0.392,0.3926,0.3906,0.3906,46785.6
1726598100000,0.3909,0.3942,0.3906,0.3937,44284.3
1726598400000,0.3936,0.399,0.3935,0.3939,90833.3
1726598700000,0.394,0.3945,0.3915,0.3922,79082.6
1726599000000,0.3916,0.3919,0.39,0.3911,64631.0
1726599300000,0.3915,0.3931,0.3915,0.3925,13609.8
1726599600000,0.3924,0.395,0.3924,0.3932,36266.5
1726599900000,0.3932,0.3941,0.3901,0.3901,40691.3
1726600200000,0.3904,0.3906,0.3887,0.389,17760.7
1726600500000,0.3887,0.3889,0.3881,0.3886,21740.5
1726600800000,0.3883,0.3888,0.3874,0.3874,27722.0
1726601100000,0.3875,0.3928,0.3875,0.3925,50147.7
1726601400000,0.3929,0.3939,0.3909,0.3914,44530.8
1726601700000,0.3914,0.3914,0.3903,0.3904,7629.4
1726602000000,0.3902,0.4019,0.3902,0.4006,245307.4
1726602300000,0.4006,0.404,0.3975,0.3986,86728.6
1726602600000,0.3986,0.3998,0.3962,0.3965,51334.5
1726602900000,0.3968,0.3972,0.3955,0.3972,11279.8
1726603200000,0.3972,0.4004,0.3972,0.3993,31443.3
1726603500000,0.3989,0.3998,0.3966,0.3974,12951.7
1726603800000,0.3973,0.3979,0.3958,0.3964,25529.8
1726604100000,0.3969,0.3976,0.3943,0.3953,21880.6
1726604400000,0.3952,0.3964,0.3945,0.3953,20837.1
1726604700000,0.3953,0.3953,0.393,0.3944,45401.3
1726605000000,0.3946,0.3973,0.3934,0.3963,37073.0
1726605300000,0.3966,0.3988,0.3943,0.3943,26556.4
1726605600000,0.3943,0.3949,0.393,0.3943,26198.1
1726605900000,0.394,0.3943,0.3936,0.3943,2250.3
1726606200000,0.3943,0.3945,0.3936,0.3941,4914.9
1726606500000,0.3944,0.3955,0.3944,0.3952,5863.1
1726606800000,0.3955,0.3998,0.3955,0.3995,30004.5
1726607100000,0.3995,0.4013,0.3992,0.4011,29699.5
1726607400000,0.401,0.401,0.3962,0.3977,87239.2
1726607700000,0.3973,0.3973,0.396,0.3965,10310.1
1726608000000,0.3965,0.3981,0.3965,0.3974,16009.0
1726608300000,0.3981,0.4012,0.3981,0.4006,7587.2
1726608600000,0.4007,0.4013,0.3984,0.3984,34627.1
1726608900000,0.3985,0.3989,0.3981,0.3988,5950.7
1726609200000,0.3984,0.3988,0.3981,0.3983,2345.7
1726609500000,0.3983,0.3983,0.398,0.3983,3897.5
1726609800000,0.3981,0.3981,0.3961,0.3966,9336.8
1726610100000,0.3966,0.4,0.3963,0.3998,42345.5
1726610400000,0.3997,0.3997,0.3964,0.3969,19245.7
1726610700000,0.3965,0.3972,0.3954,0.3972,11174.8
1726611000000,0.3972,0.3973,0.3963,0.3972,630.4
1726611300000,0.3972,0.3979,0.3972,0.3977,2795.2
1726611600000,0.3974,0.3978,0.3971,0.3975,12780.7
1726611900000,0.3972,0.3976,0.397,0.3975,10677.0
1726612200000,0.3972,0.3975,0.3956,0.3958,10007.3
1726612500000,0.3962,0.3963,0.3951,0.3956,5138.0
1726612800000,0.3956,0.3968,0.3956,0.3968,8246.0
1726613100000,0.3964,0.3974,0.3951,0.3974,24533.1
1726613400000,0.397,0.3985,0.397,0.3977,8203.4
1726613700000,0.3978,0.3985,0.3969,0.3971,6019.0
1726614000000,0.3971,0.3987,0.3971,0.3985,13795.3
1726614300000,0.3985,0.3985,0.3958,0.3972,18126.2
1726614600000,0.3969,0.397,0.3961,0.3969,3680.1
1726614900000,0.3969,0.3986,0.3969,0.3972,11410.3
1726615200000,0.397,0.397,0.3953,0.3965,13138.9
1726615500000,0.3968,0.3972,0.3956,0.3964,13509.6
1726615800000,0.3967,0.398,0.3963,0.3976,10290.5
1726616100000,0.3976,0.3984,0.3966,0.3966,26253.9
1726616400000,0.3964,0.3964,0.3941,0.3946,14055.3
1726616700000,0.3946,0.3975,0.3945,0.3966,15649.1
1726617000000,0.3966,0.4,0.3966,0.3987,36204.5
1726617300000,0.3987,0.3987,0.3954,0.3962,35056.5
1726617600000,0.3959,0.3976,0.3944,0.3947,56934.0
1726617900000,0.3946,0.3953,0.394,0.3952,11090.0
1726618200000,0.3951,0.3954,0.3942,0.395,7512.7
1726618500000,0.3949,0.3953,0.3928,0.3939,23660.4
1726618800000,0.3938,0.3947,0.3892,0.3909,153277.1
1726619100000,0.3909,0.3918,0.3905,0.3911,13706.5
1726619400000,0.3913,0.3913,0.3887,0.3897,28069.4
1726619700000,0.3896,0.3897,0.3885,0.3891,15709.4
1726620000000,0.389,0.3893,0.3887,0.3893,12454.6
1726620300000,0.3893,0.3904,0.3893,0.3899,5055.6
1726620600000,0.3899,0.3903,0.3888,0.3903,13210.1
1726620900000,0.3902,0.3912,0.3892,0.3893,10914.3
1726621200000,0.3892,0.3896,0.3885,0.3887,12974.0
1726621500000,0.3889,0.3892,0.387,0.3887,24491.3
1726621800000,0.3889,0.3895,0.3874,0.3874,4913.7
1726622100000,0.3877,0.3882,0.387,0.3871,7923.7
1726622400000,0.3876,0.3883,0.387,0.3877,4641.3
1726622700000,0.3877,0.3895,0.3873,0.3895,4284.3
1726623000000,0.3895,0.3895,0.3882,0.3887,14412.1
1726623300000,0.3887,0.3894,0.3878,0.3885,9217.5
1726623600000,0.3887,0.3893,0.3876,0.3892,13438.1
1726623900000,0.3891,0.3896,0.3883,0.3887,10433.3
1726624200000,0.3888,0.3892,0.3883,0.389,3072.8
1726624500000,0.3885,0.3888,0.3882,0.3888,878.3
1726624800000,0.3885,0.3889,0.3885,0.3888,587.2
1726625100000,0.3889,0.3894,0.3889,0.3892,4120.7
1726625400000,0.3892,0.3892,0.3874,0.3889,17494.2
1726625700000,0.3885,0.3885,0.3861,0.3873,26270.4
1726626000000,0.3869,0.3884,0.3864,0.3877,16166.3
1726626300000,0.388,0.3885,0.3875,0.3883,3729.1
1726626600000,0.3883,0.3891,0.388,0.3891,7554.3
1726626900000,0.3891,0.3896,0.389,0.3892,5364.7
1726627200000,0.3893,0.3902,0.3892,0.3902,15511.1
1726627500000,0.3903,0.3904,0.3896,0.3898,16456.6
1726627800000,0.3899,0.3903,0.3898,0.3899,4503.8
1726628100000,0.3898,0.39,0.3897,0.3897,1605.3
1726628400000,0.3899,0.3914,0.3898,0.3905,35957.8
1726628700000,0.391,0.3911,0.3904,0.3909,5265.3
1726629000000,0.3909,0.3912,0.3905,0.3905,9798.1
1726629300000,0.3905,0.3909,0.3904,0.3904,3994.0
1726629600000,0.3906,0.3918,0.3904,0.3917,52473.2
1726629900000,0.3918,0.3919,0.3896,0.3909,25005.8
1726630200000,0.3908,0.391,0.3893,0.3895,15887.0
1726630500000,0.3896,0.3904,0.3873,0.3881,38069.9
1726630800000,0.3883,0.3886,0.3873,0.3873,20420.7
1726631100000,0.3874,0.3892,0.3872,0.3882,14363.6
1726631400000,0.3883,0.3888,0.3875,0.3882,3123.8
1726631700000,0.3882,0.3885,0.3869,0.3875,3008.8
1726632000000,0.3871,0.3871,0.3864,0.387,1515.0
1726632300000,0.3868,0.3868,0.386,0.3861,8878.9
1726632600000,0.386,0.3867,0.3852,0.3867,17990.5
1726632900000,0.3868,0.3868,0.3825,0.3828,48027.0
1726633200000,0.3827,0.3846,0.3826,0.384,37567.9
1726633500000,0.3839,0.3845,0.3825,0.3844,8129.9
1726633800000,0.3844,0.3844,0.381,0.3822,23352.6
1726634100000,0.3822,0.3828,0.3808,0.3822,6239.0
1726634400000,0.3821,0.3839,0.3818,0.3836,9644.2
1726634700000,0.3834,0.3841,0.3825,0.3832,31935.6
1726635000000,0.383,0.384,0.3828,0.384,20227.5
1726635300000,0.384,0.3841,0.3837,0.3841,3928.8
1726635600000,0.3838,0.384,0.3829,0.3829,33606.5
1726635900000,0.3832,0.3835,0.3816,0.3825,5915.1
1726636200000,0.3824,0.3825,0.3817,0.3819,2362.3
1726636500000,0.3817,0.3818,0.3811,0.3818,3122.2
1726636800000,0.3818,0.3822,0.3815,0.3816,7332.5
1726637100000,0.3817,0.3823,0.3815,0.3821,6395.7
1726637400000,0.3821,0.3831,0.3817,0.3826,3353.6
1726637700000,0.383,0.3833,0.3828,0.3833,2767.8
1726638000000,0.3833,0.3833,0.3829,0.383,3690.0
1726638300000,0.383,0.3837,0.3829,0.3837,8091.0
1726638600000,0.3833,0.3848,0.3832,0.3845,8782.8
1726638900000,0.3845,0.3847,0.3842,0.3846,3751.8
1726639200000,0.3844,0.3863,0.3844,0.3853,20057.3
1726639500000,0.3856,0.3862,0.3855,0.3862,1593.5
1726639800000,0.3863,0.3875,0.3863,0.3874,26914.0
1726640100000,0.3874,0.3882,0.3872,0.3879,5795.6
1726640400000,0.3882,0.3884,0.3881,0.3883,6700.6
1726640700000,0.3883,0.3883,0.3866,0.3868,24312.8
1726641000000,0.3867,0.3868,0.386,0.3861,1771.3
1726641300000,0.3861,0.3867,0.3853,0.3853,3196.9
1726641600000,0.3854,0.3856,0.3851,0.3851,860.7
1726641900000,0.3854,0.3858,0.3851,0.3852,2035.5
1726642200000,0.3856,0.3856,0.3839,0.3843,16005.1
1726642500000,0.3844,0.3846,0.3838,0.3843,12712.2
1726642800000,0.384,0.3843,0.3832,0.3843,21778.9
1726643100000,0.384,0.3851,0.384,0.3851,2878.3
1726643400000,0.385,0.3865,0.385,0.3865,8672.2
1726643700000,0.3862,0.3867,0.3858,0.3859,20844.2
1726644000000,0.3859,0.3859,0.3839,0.3842,11535.0
1726644300000,0.3842,0.3846,0.384,0.3846,3316.7
1726644600000,0.3841,0.3845,0.3839,0.3839,2972.0
1726644900000,0.3839,0.3839,0.381,0.3835,67354.6
1726645200000,0.3831,0.3836,0.3831,0.3832,239.8
1726645500000,0.3831,0.3836,0.3831,0.3831,691.2
1726645800000,0.3835,0.3838,0.3828,0.3834,4613.5
1726646100000,0.3827,0.3827,0.3797,0.3818,61434.6
1726646400000,0.3819,0.3821,0.38,0.3821,6506.7
1726646700000,0.3821,0.3828,0.3818,0.3828,6207.7
1726647000000,0.3826,0.3834,0.38,0.383,58097.5
1726647300000,0.383,0.3844,0.382,0.3823,14868.0
1726647600000,0.3824,0.3835,0.3815,0.3826,7925.1
1726647900000,0.3821,0.3827,0.3814,0.3821,3205.2
1726648200000,0.3821,0.3828,0.3816,0.3825,3930.3
1726648500000,0.3825,0.383,0.3808,0.3813,10339.2
1726648800000,0.3812,0.3812,0.3803,0.3804,1227.9
1726649100000,0.3805,0.3805,0.3797,0.3802,5591.8
1726649400000,0.3803,0.3806,0.3802,0.3804,2645.9
1726649700000,0.3803,0.3803,0.3794,0.3794,7814.4
1726650000000,0.3796,0.3796,0.3794,0.3794,2694.0
1726650300000,0.3794,0.3794,0.3766,0.3787,38060.7
1726650600000,0.379,0.379,0.378,0.3787,2143.6
1726650900000,0.3788,0.3794,0.3777,0.3788,19946.2
1726651200000,0.3788,0.3791,0.3783,0.3784,3110.3
1726651500000,0.3784,0.3793,0.3778,0.3783,14208.5
1726651800000,0.3784,0.3816,0.378,0.3797,73491.5
1726652100000,0.3792,0.3792,0.3771,0.3778,10494.1
1726652400000,0.3779,0.3781,0.3769,0.3769,6060.5
1726652700000,0.377,0.3787,0.3768,0.3774,14703.5
1726653000000,0.3773,0.3789,0.3764,0.3789,23521.8
1726653300000,0.3782,0.3786,0.3756,0.3758,5555.9
1726653600000,0.376,0.3768,0.3754,0.3761,18627.4
1726653900000,0.3761,0.3791,0.3758,0.3779,70041.2
1726654200000,0.3777,0.3777,0.374,0.375,19955.7
1726654500000,0.3748,0.3752,0.3739,0.3749,16616.3
1726654800000,0.3752,0.3777,0.3752,0.3777,24345.6
1726655100000,0.3778,0.3778,0.3761,0.3767,6623.2
1726655400000,0.3767,0.3774,0.3762,0.3774,9983.2
1726655700000,0.3775,0.379,0.3774,0.3789,3179.5
1726656000000,0.3789,0.3809,0.3781,0.3809,42290.5
1726656300000,0.3807,0.3812,0.3793,0.3795,16835.0
1726656600000,0.3795,0.3795,0.3788,0.3788,3465.7
1726656900000,0.3788,0.3791,0.3788,0.3788,1904.5
1726657200000,0.3788,0.3807,0.3788,0.3804,15208.4
1726657500000,0.38,0.3808,0.3792,0.3792,5237.5
1726657800000,0.3795,0.3804,0.3783,0.3793,12988.0
1726658100000,0.3793,0.3802,0.3788,0.3794,7998.1
1726658400000,0.3798,0.3798,0.3753,0.3786,43757.6
1726658700000,0.379,0.38,0.3786,0.3792,9964.5
1726659000000,0.3792,0.3796,0.378,0.3781,9319.2
1726659300000,0.3781,0.3782,0.3762,0.3762,14274.3
1726659600000,0.3767,0.3773,0.3763,0.3763,15081.9
1726659900000,0.3768,0.378,0.3768,0.3772,5909.8
1726660200000,0.3772,0.3772,0.3735,0.374,69689.1
1726660500000,0.3737,0.3756,0.3731,0.3753,120078.1
1726660800000,0.3753,0.3756,0.3751,0.3751,9169.4
1726661100000,0.3754,0.3756,0.3751,0.3756,4026.5
1726661400000,0.3756,0.3756,0.3742,0.375,23373.4
1726661700000,0.3753,0.376,0.3746,0.3753,17000.4
1726662000000,0.3755,0.3755,0.372,0.3742,55836.5
1726662300000,0.3743,0.3753,0.3702,0.3733,116033.8
1726662600000,0.3733,0.3735,0.372,0.3724,9629.1
1726662900000,0.3724,0.3733,0.372,0.3727,2716.1
1726663200000,0.3721,0.3724,0.3717,0.3724,1652.7
1726663500000,0.3724,0.3724,0.3717,0.3717,2874.5
1726663800000,0.3722,0.3729,0.3717,0.3725,8311.5
1726664100000,0.3721,0.3727,0.3718,0.3721,17152.4
1726664400000,0.372,0.3729,0.3713,0.3723,65474.9
1726664700000,0.3726,0.3729,0.3721,0.3725,4419.2
1726665000000,0.3725,0.3728,0.3721,0.3728,2215.4
1726665300000,0.3725,0.3728,0.3719,0.3723,2214.4
1726665600000,0.3727,0.3729,0.3721,0.3723,8015.8
1726665900000,0.3722,0.3729,0.3717,0.3718,12686.9
1726666200000,0.3718,0.3718,0.3708,0.3712,19018.0
1726666500000,0.3707,0.3713,0.3705,0.3712,7295.3
1726666800000,0.3709,0.3713,0.37,0.3706,23146.9
1726667100000,0.3702,0.3706,0.3696,0.3697,20604.8
1726667400000,0.3697,0.3708,0.3692,0.3708,19525.9
1726667700000,0.3704,0.3708,0.3694,0.3703,7177.5
1726668000000,0.3703,0.3713,0.3699,0.3709,3736.3
1726668300000,0.3711,0.3718,0.3706,0.3716,8329.4
1726668600000,0.3711,0.3718,0.3705,0.3709,9330.5
1726668900000,0.371,0.3712,0.3703,0.3705,4779.2
1726669200000,0.3708,0.371,0.3701,0.3703,3606.6
1726669500000,0.37,0.3723,0.37,0.3718,19239.7
1726669800000,0.3715,0.3717,0.3704,0.3705,4658.3
1726670100000,0.3709,0.371,0.3701,0.3706,2753.7
1726670400000,0.3706,0.3725,0.3706,0.3725,12157.1
1726670700000,0.3724,0.3736,0.3722,0.3729,53573.8
1726671000000,0.3727,0.3727,0.3722,0.3725,6212.5
1726671300000,0.3726,0.3726,0.369,0.3701,82861.8
1726671600000,0.3701,0.3714,0.3701,0.3713,8330.0
1726671900000,0.3715,0.372,0.37,0.3711,11117.2
1726672200000,0.3704,0.3708,0.3691,0.3703,9922.2
1726672500000,0.3701,0.3709,0.3699,0.3705,5443.6
1726672800000,0.3705,0.3705,0.3694,0.3701,3197.2
1726673100000,0.3697,0.37,0.369,0.369,4350.0
1726673400000,0.3689,0.3694,0.3678,0.3678,26820.8
1726673700000,0.368,0.3685,0.367,0.3674,9006.1
1726674000000,0.3673,0.3675,0.3658,0.3661,33509.5
1726674300000,0.3661,0.3673,0.3653,0.3664,101333.4
1726674600000,0.3668,0.3676,0.3668,0.3673,4017.2
1726674900000,0.3675,0.3684,0.3672,0.3672,9011.2
1726675200000,0.3672,0.3672,0.3646,0.3653,35173.2
1726675500000,0.3649,0.3678,0.3644,0.3678,47227.3
1726675800000,0.3681,0.3689,0.3659,0.3672,28269.7
1726676100000,0.3672,0.3687,0.367,0.3682,5570.0
1726676400000,0.3681,0.37,0.3674,0.3674,21038.0
1726676700000,0.3675,0.3681,0.3633,0.3661,66771.1
1726677000000,0.3661,0.3671,0.3658,0.3659,11615.0
1726677300000,0.366,0.3668,0.3654,0.3668,18403.4
1726677600000,0.3664,0.3669,0.3646,0.3669,11700.5
1726677900000,0.367,0.3671,0.3656,0.3667,6463.6
1726678200000,0.3668,0.367,0.3665,0.367,1417.2
1726678500000,0.3668,0.3684,0.3667,0.3674,20861.5
1726678800000,0.368,0.3689,0.3669,0.3673,4710.5
1726679100000,0.3671,0.3671,0.3644,0.3644,20194.9
1726679400000,0.3647,0.3653,0.3641,0.3649,10442.6
1726679700000,0.3653,0.3656,0.365,0.3651,1315.2
1726680000000,0.3654,0.3679,0.3654,0.3672,34456.9
1726680300000,0.3674,0.3686,0.3669,0.3686,4738.5
1726680600000,0.3682,0.3701,0.3681,0.3694,15614.3
1726680900000,0.3695,0.3698,0.368,0.368,17805.4
1726681200000,0.3684,0.3693,0.3684,0.3693,8883.4
1726681500000,0.369,0.37,0.369,0.3697,7523.8
1726681800000,0.3696,0.3709,0.3696,0.3705,4102.7
1726682100000,0.3709,0.3712,0.3695,0.3701,5922.4
1726682400000,0.37,0.3765,0.3695,0.3728,122566.0
1726682700000,0.3732,0.3759,0.3727,0.3736,27168.4
1726683000000,0.3738,0.3755,0.3725,0.3733,24136.9
1726683300000,0.3731,0.3769,0.3731,0.3762,19386.5
1726683600000,0.3759,0.3766,0.3744,0.3749,5646.6
1726683900000,0.3752,0.3762,0.3732,0.3759,16742.0
1726684200000,0.3753,0.3806,0.3751,0.38,55174.5
1726684500000,0.3803,0.3808,0.3756,0.3785,37843.4
1726684800000,0.378,0.3789,0.3734,0.3743,26900.8
1726685100000,0.3743,0.3763,0.3739,0.3756,5589.7
1726685400000,0.3752,0.378,0.3752,0.3768,21857.7
1726685700000,0.3767,0.3786,0.3759,0.3759,15806.7
1726686000000,0.3764,0.3772,0.3741,0.377,21962.4
1726686300000,0.377,0.3771,0.373,0.3748,27865.1
1726686600000,0.3749,0.3771,0.3746,0.3765,26933.8
1726686900000,0.3767,0.378,0.3765,0.3769,5572.3
1726687200000,0.3773,0.3778,0.3741,0.3765,15110.9
1726687500000,0.3763,0.3782,0.3758,0.377,6314.6
1726687800000,0.377,0.3776,0.3756,0.3756,3068.8
1726688100000,0.3758,0.377,0.3752,0.377,2595.3
1726688400000,0.3763,0.3765,0.3753,0.3761,1626.2
1726688700000,0.3757,0.3764,0.3728,0.3741,20222.6
1726689000000,0.3746,0.3752,0.3726,0.3752,12397.3
1726689300000,0.375,0.3752,0.3744,0.3744,1227.0
1726689600000,0.3744,0.3744,0.3715,0.3732,26215.3
1726689900000,0.3736,0.3745,0.3723,0.3728,10718.6
1726690200000,0.3726,0.3728,0.3707,0.3707,8206.7
1726690500000,0.3709,0.3724,0.3709,0.3724,5382.7
1726690800000,0.3722,0.3736,0.3717,0.3735,4278.9
1726691100000,0.3729,0.3735,0.3718,0.3723,2288.4
1726691400000,0.3727,0.3745,0.3727,0.3737,2727.7
1726691700000,0.3735,0.3755,0.3733,0.3755,24605.9
1726692000000,0.3747,0.3752,0.3743,0.3748,1474.8
1726692300000,0.3752,0.3765,0.375,0.3757,8102.5
1726692600000,0.3762,0.3771,0.3762,0.3765,4978.3
1726692900000,0.3771,0.378,0.3768,0.3768,1742.7
1726693200000,0.3769,0.3786,0.3767,0.3778,4724.9
1726693500000,0.3779,0.3782,0.3765,0.3765,12515.3
1726693800000,0.3766,0.3776,0.3766,0.3774,1443.2
1726694100000,0.377,0.3781,0.3766,0.3771,8936.0
1726694400000,0.3771,0.3781,0.3771,0.3772,883.1
1726694700000,0.3772,0.3784,0.3772,0.3777,2223.9
1726695000000,0.378,0.3784,0.3774,0.3774,491.4
1726695300000,0.3775,0.3793,0.3775,0.3789,15518.9
1726695600000,0.3794,0.3795,0.3784,0.3784,410.5
1726695900000,0.3784,0.3798,0.3782,0.3783,8335.7
1726696200000,0.3784,0.3789,0.3744,0.3767,42375.5
1726696500000,0.3767,0.3785,0.3758,0.3777,22810.0
1726696800000,0.3775,0.3781,0.3769,0.3775,1091.1
1726697100000,0.3775,0.3778,0.3767,0.3767,3899.6
1726697400000,0.3771,0.3775,0.3712,0.3732,107100.5
1726697700000,0.3731,0.374,0.3714,0.3732,37973.7
1726698000000,0.3731,0.3743,0.3731,0.3742,9803.8
1726698300000,0.3739,0.3756,0.3739,0.375,9226.4
1726698600000,0.3754,0.3757,0.3743,0.3744,14315.8
1726698900000,0.3746,0.3757,0.3739,0.3757,12282.1
1726699200000,0.3757,0.3758,0.3752,0.3756,472.6
1726699500000,0.3753,0.3753,0.3743,0.3753,6196.9
1726699800000,0.3753,0.3753,0.3744,0.375,1030.7
1726700100000,0.375,0.3764,0.374,0.374,19603.9
1726700400000,0.3746,0.3759,0.3741,0.3753,1945.5
1726700700000,0.3753,0.3762,0.3749,0.3752,5824.6
1726701000000,0.3754,0.3757,0.3713,0.3743,119147.3
1726701300000,0.3738,0.3777,0.3738,0.3761,50166.9
1726701600000,0.3763,0.38,0.3757,0.3788,43633.9
1726701900000,0.3793,0.3807,0.3784,0.3791,22433.6
1726702200000,0.3794,0.3821,0.3787,0.3806,21546.2
1726702500000,0.3813,0.3834,0.3807,0.3828,37953.5
1726702800000,0.3818,0.3818,0.3811,0.3815,28362.0
1726703100000,0.3814,0.3829,0.3813,0.3817,13144.7
1726703400000,0.3815,0.3826,0.3814,0.3824,10071.8
1726703700000,0.3824,0.3841,0.382,0.3841,17593.6
1726704000000,0.3841,0.3868,0.3841,0.3863,45061.1
1726704300000,0.3859,0.3868,0.3856,0.3856,17555.3
1726704600000,0.3861,0.3861,0.3844,0.3849,14928.4
1726704900000,0.3853,0.3853,0.3827,0.3836,17845.2
1726705200000,0.384,0.3861,0.3835,0.3846,35905.7
1726705500000,0.3846,0.3853,0.3837,0.3852,8328.4
1726705800000,0.3849,0.3865,0.3845,0.3864,9898.1
1726706100000,0.3864,0.3867,0.3855,0.3867,5624.2
1726706400000,0.3867,0.387,0.3866,0.3867,8911.4
1726706700000,0.3867,0.3867,0.3841,0.385,39361.8
1726707000000,0.3856,0.3871,0.385,0.387,16873.6
1726707300000,0.387,0.3879,0.3866,0.3879,15365.6
1726707600000,0.3878,0.3889,0.3865,0.3867,95711.6
1726707900000,0.3871,0.3873,0.3864,0.387,7135.0
1726708200000,0.3866,0.3872,0.3852,0.3868,26648.7
1726708500000,0.3868,0.3868,0.3849,0.3854,11814.6
1726708800000,0.3855,0.3861,0.3848,0.3849,7161.1
1726709100000,0.3849,0.3849,0.383,0.3839,38056.8
1726709400000,0.3839,0.3844,0.3815,0.3822,57603.6
1726709700000,0.3821,0.3831,0.3821,0.3827,7279.9
1726710000000,0.3826,0.3828,0.3826,0.3828,25640.0
1726710300000,0.3827,0.3827,0.3815,0.3826,24720.9
1726710600000,0.3825,0.3828,0.3825,0.3827,3050.4
1726710900000,0.3827,0.387,0.3827,0.3854,59081.4
1726711200000,0.386,0.3863,0.3851,0.3854,1218.2
1726711500000,0.3851,0.3851,0.3835,0.3844,6359.2
1726711800000,0.3839,0.3857,0.3836,0.385,11633.6
1726712100000,0.3849,0.3878,0.3847,0.3871,33315.1
1726712400000,0.3871,0.3879,0.3868,0.3868,3242.3
1726712700000,0.3868,0.3871,0.3867,0.3871,5411.2
1726713000000,0.387,0.387,0.3848,0.3848,8493.7
1726713300000,0.385,0.3878,0.3822,0.3847,78000.0
1726713600000,0.3843,0.3859,0.3843,0.3856,2936.2
1726713900000,0.3851,0.3856,0.3841,0.3848,15726.1
1726714200000,0.3841,0.3855,0.3841,0.3846,1476.6
1726714500000,0.3847,0.3862,0.3847,0.3855,5826.0
1726714800000,0.3855,0.3872,0.3852,0.3862,23530.1
1726715100000,0.3862,0.3871,0.3861,0.3862,1700.2
1726715400000,0.3867,0.3876,0.3861,0.3871,7645.0
1726715700000,0.387,0.3872,0.3856,0.386,2100.1
1726716000000,0.3859,0.3879,0.3858,0.3868,16640.9
1726716300000,0.3867,0.3881,0.3863,0.3878,4058.7
1726716600000,0.3873,0.3876,0.3863,0.3863,7058.2
1726716900000,0.3868,0.387,0.3864,0.3865,2920.5
1726717200000,0.3865,0.3869,0.3863,0.3863,3107.1
1726717500000,0.3864,0.3882,0.3863,0.3873,9564.1
1726717800000,0.3868,0.3871,0.3864,0.3871,1946.3
1726718100000,0.3869,0.3872,0.3826,0.3845,47799.5
1726718400000,0.3847,0.3849,0.3839,0.3849,3841.3
1726718700000,0.385,0.3852,0.3843,0.3849,2619.7
1726719000000,0.3853,0.3855,0.3846,0.3847,5361.1
1726719300000,0.3848,0.389,0.3846,0.389,76788.5
1726719600000,0.3889,0.3894,0.3879,0.389,59900.2
1726719900000,0.3887,0.3887,0.3852,0.3865,11111.7
1726720200000,0.386,0.3865,0.3847,0.386,17641.1
1726720500000,0.3856,0.3857,0.3832,0.3832,10430.1
1726720800000,0.3835,0.3849,0.3835,0.3842,8583.6
1726721100000,0.3843,0.3847,0.3842,0.3847,5156.5
1726721400000,0.3847,0.3859,0.3847,0.3856,6996.7
1726721700000,0.3856,0.3875,0.3856,0.3871,11539.5
1726722000000,0.3871,0.3879,0.3869,0.3869,3598.7
1726722300000,0.3869,0.3883,0.3858,0.3862,24204.1
1726722600000,0.3862,0.3869,0.3862,0.3862,1113.4
1726722900000,0.3863,0.3894,0.3861,0.3882,41818.0
1726723200000,0.3881,0.3891,0.3857,0.3874,19260.7
1726723500000,0.3872,0.388,0.3842,0.3848,43410.9
1726723800000,0.3848,0.3849,0.3844,0.3845,8032.2
1726724100000,0.3849,0.385,0.3834,0.3844,6143.6
1726724400000,0.3845,0.3847,0.384,0.3842,1351.0
1726724700000,0.3842,0.3842,0.3816,0.382,64666.9
1726725000000,0.382,0.3833,0.3816,0.3831,19579.2
1726725300000,0.3828,0.3836,0.3819,0.3834,8778.7
1726725600000,0.3834,0.3834,0.3818,0.3831,12083.4
1726725900000,0.3826,0.3826,0.3794,0.3796,30763.5
1726726200000,0.3796,0.3799,0.379,0.3796,12704.1
1726726500000,0.3796,0.3815,0.3794,0.3815,16336.8
1726726800000,0.3814,0.383,0.3814,0.3822,9263.6
1726727100000,0.3825,0.3828,0.3818,0.3818,2225.0
1726727400000,0.3818,0.3833,0.3815,0.3833,8786.0
1726727700000,0.383,0.3841,0.3824,0.3835,26968.2
1726728000000,0.3837,0.3847,0.3829,0.3837,36000.6
1726728300000,0.3836,0.3847,0.3834,0.3844,12344.1
1726728600000,0.3844,0.3844,0.384,0.3842,15225.3
1726728900000,0.3842,0.3842,0.3827,0.3827,9134.4
1726729200000,0.3833,0.3846,0.3833,0.3844,14087.4
1726729500000,0.3841,0.3861,0.3841,0.3851,13252.2
1726729800000,0.3853,0.3862,0.3835,0.384,11396.1
1726730100000,0.3836,0.3836,0.3825,0.3825,7640.2
1726730400000,0.3827,0.3829,0.3818,0.3828,13831.3
1726730700000,0.3828,0.384,0.3826,0.3836,3485.7
1726731000000,0.3837,0.3838,0.3834,0.3835,2056.8
1726731300000,0.3838,0.3861,0.3838,0.3854,34972.0
1726731600000,0.3848,0.3859,0.3842,0.3853,17082.9
1726731900000,0.3853,0.3893,0.385,0.3889,39803.3
1726732200000,0.3892,0.3892,0.3886,0.3887,3837.0
1726732500000,0.3886,0.3897,0.3882,0.3882,21746.7
1726732800000,0.3881,0.3881,0.386,0.3869,16865.8
1726733100000,0.3868,0.3869,0.3861,0.3866,2253.4
1726733400000,0.3866,0.3885,0.3865,0.3881,10820.3
1726733700000,0.3881,0.3888,0.3881,0.3884,6117.3
1726734000000,0.3884,0.3907,0.3884,0.3897,99324.0
1726734300000,0.3897,0.3907,0.3891,0.3897,10505.9
1726734600000,0.3897,0.3907,0.3849,0.3858,133358.7
1726734900000,0.3858,0.3863,0.3841,0.3855,68960.4
1726735200000,0.3851,0.3863,0.3843,0.3858,35414.0
1726735500000,0.3859,0.3859,0.3847,0.385,14053.6
1726735800000,0.385,0.385,0.3843,0.3845,5514.8
1726736100000,0.3845,0.3849,0.3835,0.3843,9743.4
1726736400000,0.3842,0.3856,0.3831,0.3856,13895.4
1726736700000,0.3855,0.3857,0.3852,0.3857,3541.5
1726737000000,0.3854,0.3866,0.3854,0.3866,4209.9
1726737300000,0.3864,0.3864,0.3856,0.3862,4265.9
1726737600000,0.3866,0.387,0.3847,0.3849,21138.1
1726737900000,0.3849,0.3852,0.3845,0.3852,1166.2
1726738200000,0.3847,0.3851,0.3847,0.3851,1448.3
1726738500000,0.3854,0.3859,0.3853,0.3857,2781.9
1726738800000,0.3854,0.3859,0.3849,0.3849,2974.1
1726739100000,0.3853,0.3854,0.3839,0.3848,7111.7
1726739400000,0.3852,0.3855,0.3845,0.3849,5679.7
1726739700000,0.3851,0.3855,0.385,0.3854,927.6
1726740000000,0.3854,0.3856,0.3848,0.3856,8797.9
1726740300000,0.3858,0.3865,0.3856,0.3862,16160.7
1726740600000,0.3858,0.3871,0.3857,0.3867,15735.3
1726740900000,0.3867,0.3872,0.3866,0.3868,5123.4
1726741200000,0.3871,0.3876,0.3869,0.3876,3915.9
1726741500000,0.3876,0.3881,0.3874,0.3877,17940.5
1726741800000,0.3877,0.3888,0.3877,0.3883,23636.2
1726742100000,0.3884,0.3897,0.3882,0.3896,47239.4
1726742400000,0.3897,0.3918,0.3896,0.3914,59986.5
1726742700000,0.3914,0.3919,0.3903,0.3916,36114.1
1726743000000,0.3914,0.3919,0.3884,0.3884,35403.8
1726743300000,0.3885,0.3888,0.3863,0.3863,17812.3
1726743600000,0.3863,0.388,0.3859,0.3877,45982.7
1726743900000,0.3877,0.3903,0.3874,0.3888,45475.7
1726744200000,0.389,0.3906,0.389,0.3906,4963.5
1726744500000,0.3903,0.3963,0.39,0.3929,98317.7
1738454400000,0.3974,0.3975,0.3926,0.3953,86346.3
1738454700000,0.3954,0.401,0.3951,0.399,55703.3
1738455000000,0.399,0.4001,0.3974,0.3975,35229.7
1738455300000,0.3975,0.3975,0.3948,0.3948,40124.2
1738455600000,0.3952,0.3959,0.3932,0.3948,35233.5
1738455900000,0.3948,0.3972,0.3937,0.3938,34416.2
1738456200000,0.3938,0.4053,0.3936,0.405,149472.7
1738456500000,0.4052,0.4077,0.4045,0.4075,82761.1
1738456800000,0.407,0.407,0.4018,0.4059,49424.4
1738457100000,0.406,0.4093,0.4058,0.4068,52230.8
1738457400000,0.4067,0.4149,0.405,0.4118,100905.5
1738457700000,0.4118,0.4138,0.4075,0.4117,183614.2
1738458000000,0.4116,0.4116,0.4018,0.4075,115108.9
1738458300000,0.4067,0.41,0.4066,0.4082,70796.8
1738458600000,0.4089,0.4112,0.4088,0.4111,24391.5
1738458900000,0.4113,0.4122,0.4101,0.4108,31207.7
1738459200000,0.4107,0.415,0.4105,0.413,51875.5
1738459500000,0.4126,0.4161,0.4114,0.4122,46714.3
1738459800000,0.4122,0.4146,0.4114,0.4134,33738.5
1738460100000,0.4131,0.4179,0.4128,0.4166,70240.6
1738460400000,0.417,0.4171,0.4134,0.4168,50320.5
1738460700000,0.4163,0.42,0.4161,0.4194,105421.1
1738461000000,0.4198,0.4218,0.4042,0.4043,318674.0
1738461300000,0.4045,0.4085,0.4042,0.4072,75372.1
1738461600000,0.4072,0.4095,0.4044,0.4095,63663.6
1738461900000,0.4095,0.4146,0.4086,0.4086,107581.5
1738462200000,0.4086,0.4108,0.4052,0.4108,72651.9
1738462500000,0.4106,0.4116,0.4039,0.4042,56436.6
1738462800000,0.4036,0.4066,0.4007,0.4049,56445.2
1738463100000,0.4049,0.4057,0.4028,0.4049,26511.9
1738463400000,0.4049,0.405,0.4011,0.4041,27223.1
1738463700000,0.4042,0.4047,0.401,0.4021,6769.3
1738464000000,0.4019,0.4059,0.3996,0.4056,127677.9
1738464300000,0.4056,0.4074,0.4048,0.406,56310.7
1738464600000,0.406,0.4064,0.4011,0.4036,75207.3
1738464900000,0.4042,0.4047,0.4033,0.4039,25974.3
1738465200000,0.404,0.4043,0.4028,0.4028,26855.9
1738465500000,0.4028,0.4065,0.4028,0.4048,65155.8
1738465800000,0.404,0.4077,0.4028,0.4028,163484.8
1738466100000,0.4029,0.4033,0.3914,0.3943,155888.4
1738466400000,0.3943,0.3977,0.389,0.39,99056.0
1738466700000,0.3898,0.392,0.3881,0.3903,104210.1
1738467000000,0.3904,0.3992,0.39,0.3986,126273.9
1738467300000,0.3986,0.4108,0.3937,0.3977,499636.4
1738467600000,0.3973,0.4031,0.397,0.4031,56848.7
1738467900000,0.4025,0.4043,0.4005,0.4037,29415.9
1738468200000,0.4037,0.4047,0.402,0.4036,31343.2
1738468500000,0.4034,0.4036,0.3961,0.398,59243.3
1738468800000,0.3977,0.3991,0.3961,0.3962,40903.0
1738469100000,0.3963,0.3966,0.3884,0.3927,162962.0
1738469400000,0.3933,0.3945,0.3919,0.3925,42785.1
1738469700000,0.3927,0.3936,0.3896,0.3898,65823.4
1738470000000,0.3898,0.3914,0.3888,0.3906,38931.7
1738470300000,0.3908,0.3925,0.3901,0.3901,46330.1
1738470600000,0.3901,0.3937,0.3899,0.393,52507.4
1738470900000,0.3931,0.3936,0.3928,0.3931,25685.2
1738471200000,0.3931,0.3938,0.3909,0.3929,32601.6
1738471500000,0.3932,0.3933,0.3885,0.389,46764.9
1738471800000,0.3891,0.3899,0.3883,0.3886,34329.7
1738472100000,0.3886,0.3891,0.3836,0.3855,94785.7
1738472400000,0.3853,0.3872,0.3848,0.3855,46452.8
1738472700000,0.3853,0.3858,0.3826,0.3831,48402.3
1738473000000,0.3828,0.383,0.3816,0.3822,38071.3
1738473300000,0.3821,0.3841,0.382,0.3828,24469.4
1738473600000,0.3829,0.3866,0.3829,0.3866,24764.7
1738473900000,0.3865,0.3866,0.3844,0.3844,10996.4
1738474200000,0.3847,0.3859,0.3812,0.3827,58614.1
1738474500000,0.3829,0.3861,0.3829,0.3852,10158.1
1738474800000,0.3853,0.3877,0.385,0.3877,13453.6
1738475100000,0.3877,0.3897,0.3873,0.3895,23566.8
1738475400000,0.3897,0.3918,0.3891,0.3891,51157.9
1738475700000,0.3895,0.3908,0.3891,0.3905,21714.9
1738476000000,0.3904,0.3904,0.3866,0.3897,54445.8
1738476300000,0.3897,0.3904,0.3873,0.3904,35661.2
1738476600000,0.3904,0.3948,0.3897,0.3939,97658.0
1738476900000,0.394,0.4005,0.3933,0.4,106203.5
1738477200000,0.3999,0.4025,0.398,0.3997,67472.7
1738477500000,0.3993,0.4004,0.3959,0.3999,52033.6
1738477800000,0.3995,0.412,0.3994,0.4069,228801.5
1738478100000,0.4066,0.4066,0.3962,0.3994,112871.6
1738478400000,0.3993,0.4076,0.3982,0.4055,70948.2
1738478700000,0.4057,0.41,0.4,0.4009,109171.2
1738479000000,0.4004,0.4009,0.3948,0.3972,55855.5
1738479300000,0.3972,0.4008,0.3972,0.4006,21263.9
1738479600000,0.4006,0.401,0.3939,0.3943,69194.7
1738479900000,0.3944,0.3975,0.3938,0.3958,42362.8
1738480200000,0.3958,0.4028,0.3958,0.4018,38692.5
1738480500000,0.4013,0.4026,0.396,0.3972,52744.4
1738480800000,0.3973,0.398,0.3956,0.3964,33186.1
1738481100000,0.3965,0.3969,0.3928,0.3931,27402.1
1738481400000,0.3928,0.3948,0.3926,0.393,22357.6
1738481700000,0.3929,0.393,0.3913,0.3926,37987.7
1738482000000,0.3929,0.393,0.3905,0.3906,42512.7
1738482300000,0.3907,0.3922,0.3905,0.3922,49931.8
1738482600000,0.3923,0.3949,0.3923,0.3949,24646.6
1738482900000,0.3951,0.3964,0.395,0.3952,12584.6
1738483200000,0.3954,0.3958,0.3909,0.391,117058.2
1738483500000,0.391,0.3919,0.3842,0.3852,163378.0
1738483800000,0.3855,0.3861,0.3808,0.3834,82438.6
1738484100000,0.3835,0.3861,0.3826,0.3861,71914.6
1738484400000,0.386,0.386,0.3842,0.3856,39451.3
1738484700000,0.3856,0.3859,0.3792,0.3799,171206.5
1738485000000,0.38,0.384,0.38,0.3819,52738.6
1738485300000,0.3821,0.3836,0.3802,0.3802,36644.3
1738485600000,0.3801,0.3802,0.3768,0.38,76617.5
1738485900000,0.38,0.3807,0.3768,0.379,98009.5
1738486200000,0.379,0.3803,0.3788,0.3798,28824.9
1738486500000,0.3798,0.3798,0.3733,0.3747,144277.9
1738486800000,0.3749,0.3749,0.3737,0.3745,35231.9
1738487100000,0.3742,0.3761,0.3701,0.3744,119777.9
1738487400000,0.3744,0.3763,0.3744,0.3762,30961.2
1738487700000,0.3761,0.3761,0.3735,0.3748,31333.6
1738488000000,0.3746,0.3749,0.3734,0.3743,13058.2
1738488300000,0.3741,0.3799,0.3741,0.3762,80718.6
1738488600000,0.3763,0.3763,0.3733,0.3746,26156.5
1738488900000,0.3746,0.3768,0.3746,0.3755,15679.8
1738489200000,0.3755,0.3757,0.3744,0.3748,10629.7
1738489500000,0.3747,0.3751,0.3701,0.3724,54712.8
1738489800000,0.3726,0.3741,0.3726,0.3739,22211.1
1738490100000,0.3737,0.3746,0.3735,0.3738,13078.2
1738490400000,0.3741,0.3741,0.3727,0.3732,6402.9
1738490700000,0.3732,0.374,0.3732,0.3739,3657.3
1738491000000,0.3737,0.3737,0.3729,0.3729,4716.2
1738491300000,0.3729,0.3729,0.3688,0.3695,94961.5
1738491600000,0.3695,0.3695,0.365,0.365,114464.3
1738491900000,0.365,0.3652,0.3624,0.363,112389.6
1738492200000,0.363,0.3729,0.3628,0.3688,235223.6
1738492500000,0.3684,0.3684,0.3657,0.3666,34724.3
1738492800000,0.3666,0.3691,0.3657,0.3691,44718.1
1738493100000,0.3691,0.3724,0.3691,0.3711,107907.7
1738493400000,0.3711,0.3711,0.3684,0.3699,64783.9
1738493700000,0.3701,0.3709,0.368,0.368,16293.2
1738494000000,0.3681,0.3698,0.367,0.3698,29996.3
1738494300000,0.3697,0.3705,0.3683,0.369,31932.5
1738494600000,0.3691,0.3693,0.367,0.3678,17926.4
1738494900000,0.3679,0.3688,0.3677,0.3682,10850.9
1738495200000,0.3683,0.3683,0.3649,0.3649,30585.1
1738495500000,0.3653,0.3659,0.3628,0.3637,35953.5
1738495800000,0.3637,0.3659,0.3637,0.3656,24625.3
1738496100000,0.3656,0.3656,0.3649,0.365,8557.3
1738496400000,0.365,0.3665,0.3639,0.3639,17736.7
1738496700000,0.3637,0.3637,0.361,0.3614,49374.5
1738497000000,0.3614,0.3636,0.3614,0.3627,9065.8
1738497300000,0.3627,0.3643,0.3626,0.3633,20623.2
1738497600000,0.3635,0.3637,0.3613,0.3631,35366.8
1738497900000,0.3632,0.3649,0.3624,0.3643,22777.3
1738498200000,0.3643,0.365,0.3641,0.3642,5430.4
1738498500000,0.3644,0.3649,0.3635,0.3643,17505.1
1738498800000,0.3644,0.3648,0.3639,0.3643,21368.4
1738499100000,0.3647,0.3659,0.3647,0.3652,25332.7
1738499400000,0.365,0.3655,0.3643,0.3655,14403.7
1738499700000,0.3652,0.367,0.3649,0.3663,12384.9
1738500000000,0.3663,0.3673,0.3662,0.3665,6715.6
1738500300000,0.3665,0.3668,0.3642,0.3642,18176.7
1738500600000,0.3642,0.3653,0.361,0.3638,62122.6
1738500900000,0.3638,0.3638,0.361,0.3612,28796.7
1738501200000,0.3612,0.3634,0.3603,0.3633,21636.7
1738501500000,0.3633,0.3643,0.3633,0.3642,13953.9
1738501800000,0.3638,0.3647,0.3634,0.3636,7835.4
1738502100000,0.3638,0.3645,0.3627,0.364,13384.9
1738502400000,0.364,0.3645,0.3628,0.3628,16137.0
1738502700000,0.363,0.3634,0.36,0.3614,62661.2
1738503000000,0.3613,0.3619,0.36,0.3609,16929.3
1738503300000,0.3609,0.3615,0.3604,0.3611,18381.2
1738503600000,0.3613,0.3634,0.3611,0.3634,8935.9
1738503900000,0.3629,0.3642,0.3623,0.3629,35392.6
1738504200000,0.3629,0.3637,0.3603,0.3632,29597.4
1738504500000,0.3628,0.3635,0.3606,0.3631,24606.1
1738504800000,0.3631,0.364,0.36,0.3632,60722.8
1738505100000,0.3632,0.3636,0.3614,0.362,21657.7
1738505400000,0.362,0.3638,0.3616,0.3626,29270.7
1738505700000,0.3624,0.3638,0.3614,0.3634,16386.9
1738506000000,0.3631,0.3636,0.3621,0.3627,6794.6
1738506300000,0.3626,0.3626,0.3615,0.362,13997.2
1738506600000,0.3621,0.3626,0.3616,0.3617,8454.7
1738506900000,0.3617,0.3624,0.361,0.3617,24079.2
1738507200000,0.3613,0.3616,0.36,0.3606,58047.1
1738507500000,0.3602,0.3605,0.3597,0.3602,13723.3
1738507800000,0.3604,0.3608,0.36,0.3605,8250.5
1738508100000,0.3606,0.3617,0.36,0.36,25406.0
1738508400000,0.3604,0.3605,0.3576,0.359,57592.1
1738508700000,0.3591,0.3604,0.3573,0.3592,42872.8
1738509000000,0.3588,0.3601,0.358,0.3588,13635.6
1738509300000,0.3588,0.3589,0.358,0.358,2914.7
1738509600000,0.3585,0.3593,0.3582,0.3582,13823.7
1738509900000,0.3581,0.3582,0.356,0.3572,25235.8
1738510200000,0.3572,0.3572,0.3561,0.3571,9945.9
1738510500000,0.3574,0.3582,0.3569,0.3579,12904.1
1738510800000,0.3574,0.3578,0.3566,0.3566,4091.5
1738511100000,0.3566,0.3578,0.3551,0.3569,34333.6
1738511400000,0.3572,0.3592,0.3551,0.3581,44916.8
1738511700000,0.3581,0.3595,0.3577,0.3584,10533.7
1738512000000,0.3585,0.3591,0.3553,0.3559,18819.5
1738512300000,0.3559,0.3566,0.3553,0.3561,7275.0
1738512600000,0.3558,0.3563,0.3542,0.3563,37643.8
1738512900000,0.3563,0.3572,0.3551,0.3572,6407.8
1738513200000,0.3571,0.3576,0.3561,0.3563,15974.5
1738513500000,0.3563,0.3566,0.3522,0.3539,44482.1
1738513800000,0.3539,0.3545,0.3508,0.3528,48962.0
1738514100000,0.3522,0.3534,0.3511,0.3511,57552.2
1738514400000,0.3513,0.3513,0.3506,0.3512,27675.1
1738514700000,0.3509,0.3511,0.3476,0.3488,79810.2
1738515000000,0.3488,0.3488,0.3456,0.3468,78001.3
1738515300000,0.3466,0.3485,0.3441,0.3473,101272.0
1738515600000,0.3471,0.3557,0.347,0.3541,140361.4
1738515900000,0.354,0.3556,0.3514,0.3548,91286.4
1738516200000,0.3545,0.3562,0.3541,0.3551,42629.8
1738516500000,0.3551,0.3561,0.355,0.3557,53972.7
1738516800000,0.3557,0.3557,0.3492,0.3492,123022.0
1738517100000,0.3492,0.3509,0.3479,0.3479,85836.9
1738517400000,0.3478,0.3485,0.3434,0.344,65083.3
1738517700000,0.3437,0.3437,0.3345,0.335,339610.8
1738518000000,0.3358,0.337,0.3303,0.3318,181681.6
1738518300000,0.3318,0.3325,0.3264,0.3294,113455.4
1738518600000,0.3295,0.3326,0.3286,0.3299,74638.1
1738518900000,0.3299,0.3321,0.328,0.3304,41584.3
1738519200000,0.3309,0.3342,0.3305,0.3331,60747.4
1738519500000,0.3332,0.3354,0.3332,0.3346,36903.8
1738519800000,0.3345,0.3356,0.3329,0.333,12301.2
1738520100000,0.3335,0.3335,0.3309,0.3309,40653.2
1738520400000,0.3309,0.3346,0.3303,0.3341,32445.5
1738520700000,0.3341,0.337,0.334,0.3356,33040.2
1738521000000,0.3356,0.3359,0.3322,0.3322,25500.0
1738521300000,0.332,0.332,0.3277,0.3289,65057.7
1738521600000,0.3285,0.3287,0.324,0.3244,152843.9
1738521900000,0.3244,0.326,0.3224,0.3253,111688.2
1738522200000,0.3253,0.3258,0.3228,0.3229,48504.6
1738522500000,0.3232,0.3233,0.322,0.3233,36268.7
1738522800000,0.323,0.3247,0.319,0.3237,95417.5
1738523100000,0.3245,0.3247,0.3209,0.3242,96291.3
1738523400000,0.3241,0.3275,0.3239,0.3267,35317.6
1738523700000,0.3266,0.3271,0.3235,0.3271,24565.6
1738524000000,0.3274,0.3285,0.3201,0.3238,132420.3
1738524300000,0.3236,0.3263,0.3226,0.3263,17103.8
1738524600000,0.3263,0.3343,0.3261,0.3335,104584.6
1738524900000,0.3336,0.3367,0.332,0.3363,41580.9
1738525200000,0.3361,0.3392,0.3361,0.3386,34350.2
1738525500000,0.3386,0.3402,0.3345,0.3389,110858.0
1738525800000,0.3386,0.3388,0.3359,0.3368,33646.1
1738526100000,0.337,0.3377,0.3346,0.3364,31616.4
1738526400000,0.3365,0.3388,0.335,0.3388,101636.2
1738526700000,0.3383,0.3395,0.3376,0.3395,6073.3
1738527000000,0.3391,0.3405,0.3383,0.3399,56170.0
1738527300000,0.3399,0.3412,0.3395,0.3396,21785.6
1738527600000,0.3394,0.3401,0.3383,0.3396,9849.3
1738527900000,0.3397,0.3408,0.3383,0.3383,22768.5
1738528200000,0.3383,0.339,0.336,0.3371,20869.0
1738528500000,0.3369,0.3373,0.3361,0.3362,36266.1
1738528800000,0.3362,0.3363,0.3341,0.3348,20563.7
1738529100000,0.3348,0.3348,0.3303,0.3312,45075.1
1738529400000,0.331,0.3355,0.331,0.3345,64619.3
1738529700000,0.3345,0.3358,0.334,0.3356,39792.7
1738530000000,0.3355,0.3357,0.3326,0.3337,45520.8
1738530300000,0.3337,0.3339,0.3318,0.3324,31387.8
1738530600000,0.3327,0.3342,0.3327,0.334,13926.4
1738530900000,0.3336,0.3336,0.3309,0.332,21459.0
1738531200000,0.3321,0.3335,0.3314,0.3326,7291.2
1738531500000,0.3331,0.3343,0.3315,0.3318,13976.0
1738531800000,0.3317,0.3345,0.3315,0.3324,87715.9
1738532100000,0.3324,0.3335,0.3309,0.3321,18714.9
1738532400000,0.3321,0.3321,0.3284,0.3293,32229.8
1738532700000,0.3294,0.3306,0.3281,0.3281,37907.4
1738533000000,0.3281,0.329,0.3269,0.3282,23142.8
1738533300000,0.3278,0.3284,0.3267,0.3279,11304.8
1738533600000,0.3279,0.3352,0.3279,0.3341,38594.2
1738533900000,0.3344,0.3371,0.3344,0.336,54215.3
1738534200000,0.336,0.3367,0.3344,0.3344,16258.4
1738534500000,0.3344,0.336,0.3339,0.3344,21113.0
1738534800000,0.3339,0.3339,0.3318,0.3327,31182.2
1738535100000,0.3317,0.3321,0.3305,0.3312,15344.1
1738535400000,0.3311,0.3311,0.326,0.3266,35295.5
1738535700000,0.327,0.3283,0.3222,0.323,125784.4
1738536000000,0.323,0.3233,0.3139,0.3172,178714.3
1738536300000,0.3174,0.3224,0.3174,0.3205,31784.1
1738536600000,0.3205,0.3222,0.3187,0.3194,35711.4
1738536900000,0.3197,0.3246,0.318,0.3246,24705.6
1738537200000,0.3248,0.3249,0.3203,0.3206,19465.4
1738537500000,0.3206,0.321,0.316,0.3165,50651.4
1738537800000,0.3165,0.3175,0.3135,0.3175,75297.7
1738538100000,0.3176,0.3224,0.3176,0.3224,39836.7
1738538400000,0.3219,0.3222,0.3181,0.3182,30999.5
1738538700000,0.3182,0.3182,0.314,0.317,45898.3
1738539000000,0.3169,0.3187,0.3155,0.3177,15304.9
1738539300000,0.3177,0.323,0.3171,0.3225,32828.9
1738539600000,0.3223,0.3254,0.3216,0.3252,51037.5
1738539900000,0.325,0.3291,0.3249,0.3278,26443.8
1738540200000,0.3279,0.3292,0.3278,0.3281,13700.0
1738540500000,0.3282,0.3301,0.3281,0.3301,57342.4
1738540800000,0.3301,0.3301,0.3212,0.3236,89165.1
1738541100000,0.3235,0.3244,0.3231,0.3234,10171.2
1738541400000,0.3233,0.3233,0.3209,0.3223,27394.8
1738541700000,0.322,0.322,0.3176,0.318,90791.4
1738542000000,0.3175,0.3178,0.314,0.314,53678.6
1738542300000,0.3147,0.323,0.3147,0.3208,100775.8
1738542600000,0.3209,0.321,0.315,0.3175,32159.4
1738542900000,0.3178,0.3185,0.3142,0.316,29299.6
1738543200000,0.316,0.316,0.3101,0.3104,99927.6
1738543500000,0.3103,0.3153,0.3101,0.3133,74167.6
1738543800000,0.3134,0.3187,0.3132,0.3174,44687.4
1738544100000,0.3175,0.3201,0.3165,0.3185,26011.5
1738544400000,0.3188,0.3197,0.317,0.3185,18589.0
1738544700000,0.3188,0.319,0.3173,0.3181,26000.3
1738545000000,0.3183,0.3192,0.3167,0.3167,26866.4
1738545300000,0.3161,0.3169,0.3118,0.3133,56748.7
1738545600000,0.3131,0.3133,0.3112,0.3124,21145.3
1738545900000,0.3119,0.3127,0.311,0.3125,24006.2
1738546200000,0.312,0.3133,0.3095,0.3101,316851.4
1738546500000,0.3096,0.3112,0.3083,0.3112,25272.0
1738546800000,0.311,0.311,0.3067,0.3072,47477.0
1738547100000,0.3071,0.3071,0.3011,0.3039,176010.5
1738547400000,0.3039,0.3053,0.3011,0.3011,211150.2
1738547700000,0.3011,0.3041,0.2896,0.2957,780486.2
1738548000000,0.2957,0.297,0.2888,0.2897,322436.6
1738548300000,0.2897,0.2899,0.28,0.2802,276918.4
1738548600000,0.2804,0.2905,0.28,0.2875,143729.0
1738548900000,0.2877,0.2884,0.2834,0.2864,137140.8
1738549200000,0.2868,0.2878,0.2832,0.2853,144181.1
1738549500000,0.2853,0.29,0.2843,0.2874,51293.5
1738549800000,0.2874,0.2915,0.2864,0.2909,65268.0
1738550100000,0.2906,0.2938,0.29,0.2928,42241.1
1738550400000,0.2931,0.3094,0.2919,0.3094,208503.4
1738550700000,0.3095,0.3153,0.3017,0.3097,181747.1
1738551000000,0.3099,0.3198,0.3069,0.3084,98153.2
1738551300000,0.3088,0.3088,0.3017,0.3035,84217.3
1738551600000,0.3039,0.3044,0.2965,0.2976,220049.0
1738551900000,0.2976,0.2987,0.2943,0.2978,143894.2
1738552200000,0.2978,0.3,0.2891,0.2907,265483.9
1738552500000,0.2902,0.2937,0.287,0.2928,193330.8
1738552800000,0.2928,0.2951,0.2922,0.2949,64706.1
1738553100000,0.2948,0.296,0.2927,0.2943,50344.8
1738553400000,0.294,0.2946,0.2914,0.2919,48231.6
1738553700000,0.2917,0.2931,0.2913,0.2931,14916.5
1738554000000,0.2931,0.2945,0.2928,0.2945,21551.2
1738554300000,0.2944,0.2988,0.2944,0.2985,51535.1
1738554600000,0.2988,0.3015,0.2978,0.3011,23778.0
1738554900000,0.3009,0.3012,0.2984,0.299,40353.7
1738555200000,0.2989,0.3029,0.2985,0.3023,35535.0
1738555500000,0.3023,0.3024,0.2961,0.299,116463.6
1738555800000,0.2989,0.3006,0.2979,0.3002,61371.5
1738556100000,0.3002,0.3002,0.2963,0.2968,78391.6
1738556400000,0.2968,0.2968,0.2944,0.2952,30699.5
1738556700000,0.2956,0.2957,0.292,0.2926,27416.6
1738557000000,0.2924,0.2934,0.2915,0.2915,34476.8
1738557300000,0.2916,0.2942,0.289,0.2927,76540.8
1738557600000,0.2922,0.2922,0.2897,0.2907,26917.5
1738557900000,0.2907,0.294,0.2894,0.2907,44622.9
1738558200000,0.2901,0.2928,0.2899,0.2927,44602.1
1738558500000,0.2922,0.2933,0.2895,0.2895,57318.8
1738558800000,0.2895,0.2919,0.2894,0.2911,17729.0
1738559100000,0.291,0.2967,0.2909,0.2948,44728.7
1738559400000,0.2956,0.2997,0.2946,0.2983,61213.4
1738559700000,0.2986,0.3015,0.2985,0.3007,55340.5
1738560000000,0.3009,0.3039,0.3009,0.3039,28696.5
1738560300000,0.3033,0.3066,0.3022,0.3033,51415.4
1738560600000,0.3033,0.3069,0.3023,0.304,53570.6
1738560900000,0.3041,0.3054,0.3038,0.3053,16536.0
1738561200000,0.3048,0.3053,0.3034,0.305,21772.2
1738561500000,0.305,0.3075,0.3049,0.3075,61008.1
1738561800000,0.3075,0.308,0.3062,0.3071,23996.7
1738562100000,0.307,0.31,0.307,0.3097,13996.2
1738562400000,0.3099,0.3108,0.3086,0.309,22974.4
1738562700000,0.3089,0.311,0.3082,0.3104,15113.7
1738563000000,0.3107,0.313,0.31,0.3128,24445.0
1738563300000,0.3126,0.316,0.3124,0.3159,36370.6
1738563600000,0.3155,0.3269,0.3155,0.324,150303.0
1738563900000,0.324,0.3249,0.3209,0.3249,42318.0
1738564200000,0.3249,0.3293,0.3204,0.3224,90415.2
1738564500000,0.3222,0.3223,0.3192,0.3194,28967.5
1738564800000,0.3192,0.3192,0.3117,0.3147,167029.0
1738565100000,0.3144,0.318,0.3144,0.3179,59096.0
1738565400000,0.3179,0.318,0.3174,0.318,117077.1
1738565700000,0.318,0.3215,0.318,0.3203,27273.9
1738566000000,0.3206,0.3234,0.3201,0.323,25522.9
1738566300000,0.3229,0.3245,0.3229,0.3235,34146.6
1738566600000,0.3237,0.3261,0.3234,0.3256,14923.9
1738566900000,0.3256,0.3261,0.3212,0.3232,44185.8
1738567200000,0.323,0.3233,0.3194,0.3195,67890.2
1738567500000,0.3198,0.3205,0.3188,0.3189,26673.7
1738567800000,0.3189,0.3221,0.3185,0.3188,48637.6
1738568100000,0.3188,0.3235,0.3187,0.3225,44187.8
1738568400000,0.3224,0.3235,0.3207,0.3226,41305.6
1738568700000,0.3225,0.323,0.3215,0.3223,18193.3
1738569000000,0.3223,0.323,0.3222,0.3225,12189.9
1738569300000,0.3225,0.3259,0.3225,0.3258,34142.0
1738569600000,0.3256,0.3256,0.3198,0.3203,58560.3
1738569900000,0.3211,0.3212,0.318,0.3191,30443.7
1738570200000,0.319,0.3216,0.319,0.3216,28445.4
1738570500000,0.3217,0.3219,0.3181,0.3181,20940.7
1738570800000,0.3186,0.3214,0.3186,0.3188,26927.0
1738571100000,0.3186,0.3191,0.3176,0.3181,16976.9
1738571400000,0.3182,0.3182,0.3121,0.3139,101467.1
1738571700000,0.3138,0.314,0.3122,0.3136,19765.5
1738572000000,0.3135,0.3156,0.3134,0.3146,14723.7
1738572300000,0.3146,0.3175,0.314,0.3175,39412.5
1738572600000,0.3171,0.3193,0.3163,0.3193,31845.4
1738572900000,0.3189,0.3198,0.3181,0.3198,8377.4
1738573200000,0.3198,0.3232,0.3189,0.3228,47243.2
1738573500000,0.3228,0.326,0.3228,0.3257,54208.3
1738573800000,0.3258,0.3262,0.3249,0.326,8843.8
1738574100000,0.326,0.3262,0.3237,0.3237,49393.0
1738574400000,0.3238,0.3249,0.3232,0.3249,20287.1
1738574700000,0.3248,0.3257,0.3244,0.3256,10833.7
1738575000000,0.3254,0.3271,0.3248,0.3265,17192.2
1738575300000,0.326,0.3268,0.325,0.3258,12722.0
1738575600000,0.3263,0.3271,0.3251,0.3258,6802.7
1738575900000,0.3256,0.3259,0.3236,0.3257,28573.7
1738576200000,0.3259,0.3273,0.3253,0.3267,7761.1
1738576500000,0.3264,0.3264,0.3242,0.325,6496.0
1738576800000,0.3251,0.3263,0.325,0.3254,18113.6
1738577100000,0.325,0.3325,0.325,0.3317,133705.8
1738577400000,0.3317,0.3333,0.3306,0.3327,51431.3
1738577700000,0.333,0.3334,0.3304,0.3304,16988.5
1738578000000,0.3304,0.331,0.3221,0.3227,220231.6
1738578300000,0.3227,0.3279,0.3221,0.3279,44121.5
1738578600000,0.3275,0.3294,0.3269,0.3289,16856.1
1738578900000,0.3294,0.3316,0.3294,0.3314,23727.3
1738579200000,0.3311,0.3324,0.3293,0.33,19102.7
1738579500000,0.3296,0.3309,0.3292,0.3295,41969.9
1738579800000,0.3295,0.3309,0.3293,0.3309,14967.1
1738580100000,0.3312,0.3329,0.3311,0.3321,10323.5
1738580400000,0.3323,0.3338,0.3316,0.3319,25145.8
1738580700000,0.3316,0.3327,0.328,0.3284,96472.4
1738581000000,0.3284,0.3285,0.3283,0.3284,18468.3
1738581300000,0.3283,0.3283,0.3263,0.3268,160980.3
1738581600000,0.3269,0.3287,0.3265,0.3285,20943.1
1738581900000,0.3287,0.3287,0.3264,0.3265,24211.8
1738582200000,0.3266,0.3271,0.3251,0.3251,22702.9
1738582500000,0.3252,0.3256,0.323,0.3243,27576.4
1738582800000,0.3243,0.3245,0.32,0.3213,59599.4
1738583100000,0.3214,0.324,0.3214,0.324,15540.8
1738583400000,0.3239,0.3241,0.322,0.3238,7454.8
1738583700000,0.3233,0.3243,0.3226,0.3243,3991.5
1738584000000,0.3244,0.3256,0.3214,0.3229,73902.7
1738584300000,0.3229,0.324,0.3224,0.3229,21523.1
1738584600000,0.3226,0.3231,0.3216,0.3229,9267.0
1738584900000,0.3229,0.3245,0.3202,0.3245,39234.3
1738585200000,0.3245,0.3254,0.3232,0.3235,11198.6
1738585500000,0.3234,0.3251,0.3234,0.3245,27432.9
1738585800000,0.3241,0.3244,0.3232,0.3244,5200.6
1738586100000,0.3246,0.3252,0.3237,0.3238,4053.3
1738586400000,0.3237,0.325,0.3236,0.3238,17806.5
1738586700000,0.3241,0.3241,0.3216,0.3223,11442.3
1738587000000,0.3219,0.3219,0.3193,0.3193,33546.6
1738587300000,0.3193,0.3196,0.3169,0.3183,31794.0
1738587600000,0.3183,0.3183,0.3155,0.3177,55772.9
1738587900000,0.3177,0.3199,0.3177,0.3192,43832.6
1738588200000,0.3194,0.3194,0.3176,0.3178,10308.9
1738588500000,0.3177,0.319,0.3174,0.3182,8964.0
1738588800000,0.3183,0.3193,0.3165,0.3165,8299.9
1738589100000,0.3168,0.3168,0.3147,0.3149,9053.2
1738589400000,0.3148,0.3162,0.3146,0.3159,13304.7
1738589700000,0.3156,0.3159,0.3132,0.3159,31776.5
1738590000000,0.3158,0.319,0.3153,0.319,9246.2
1738590300000,0.3185,0.3188,0.315,0.3155,33297.2
1738590600000,0.3155,0.316,0.3142,0.315,10372.3
1738590900000,0.3146,0.3161,0.313,0.3144,28400.3
1738591200000,0.3144,0.3146,0.3072,0.3085,32006.7
1738591500000,0.3087,0.3089,0.3054,0.3065,35326.9
1738591800000,0.3072,0.3091,0.3068,0.3072,22341.9
1738592100000,0.3073,0.3089,0.3046,0.3046,60417.4
1738592400000,0.3045,0.3045,0.2982,0.2998,178978.3
1738592700000,0.2997,0.3024,0.2997,0.3024,97370.2
1738593000000,0.3022,0.3095,0.3014,0.3095,143736.1
1738593300000,0.3096,0.3143,0.3091,0.3143,91938.9
1738593600000,0.3144,0.3147,0.3127,0.3147,40298.4
1738593900000,0.3152,0.3161,0.3124,0.3131,42008.0
1738594200000,0.313,0.3151,0.3128,0.3132,21247.7
1738594500000,0.313,0.3167,0.3124,0.3149,24667.3
1738594800000,0.3155,0.3181,0.3152,0.3156,27010.3
1738595100000,0.3156,0.3181,0.3152,0.3175,16300.6
1738595400000,0.3169,0.318,0.316,0.3172,10226.4
1738595700000,0.3172,0.3203,0.317,0.3203,32502.6
1738596000000,0.3203,0.3258,0.3201,0.3251,26142.6
1738596300000,0.3253,0.3277,0.3253,0.3263,55451.5
1738596600000,0.3258,0.3276,0.3245,0.3274,37083.6
1738596900000,0.3273,0.3307,0.3272,0.3276,86591.2
1738597200000,0.3276,0.3276,0.327,0.3275,40694.5
1738597500000,0.3274,0.3293,0.3266,0.3269,47806.4
1738597800000,0.327,0.3319,0.3264,0.3265,124194.8
1738598100000,0.3264,0.3287,0.3264,0.3277,21384.6
1738598400000,0.3276,0.3309,0.3276,0.3291,21782.7
1738598700000,0.3292,0.3296,0.3263,0.3264,36090.3
1738599000000,0.3263,0.3276,0.3255,0.3265,5587.2
1738599300000,0.3267,0.3282,0.3263,0.3278,10372.4
1738599600000,0.3281,0.3293,0.3274,0.3286,12627.9
1738599900000,0.3286,0.3312,0.3286,0.3288,21785.2
1738600200000,0.3289,0.33,0.328,0.3294,3942.5
1738600500000,0.3287,0.3308,0.3287,0.3301,5984.9
1738600800000,0.3308,0.3313,0.329,0.3307,11392.1
1738601100000,0.3307,0.3312,0.3293,0.33,13242.6
1738601400000,0.3299,0.3309,0.3284,0.3295,22911.4
1738601700000,0.3294,0.3294,0.3261,0.3263,14944.7
1738602000000,0.327,0.3276,0.3236,0.325,61416.2
1738602300000,0.3247,0.3268,0.3243,0.3253,16100.9
1738602600000,0.3254,0.3254,0.3243,0.3243,4286.4
1738602900000,0.3249,0.3258,0.3226,0.3249,23315.9
1738603200000,0.325,0.3263,0.3246,0.3258,3059.4
1738603500000,0.3261,0.3269,0.3244,0.3253,6910.9
1738603800000,0.3248,0.3248,0.3237,0.3248,5005.1
1738604100000,0.3243,0.3243,0.3217,0.3233,29243.9
1738604400000,0.323,0.3249,0.323,0.3247,9780.5
1738604700000,0.3253,0.326,0.3244,0.3258,8126.0
1738605000000,0.3259,0.3276,0.3237,0.3264,39485.6
1738605300000,0.3267,0.3267,0.325,0.3266,15265.9
1738605600000,0.3266,0.3266,0.3243,0.3263,11971.7
1738605900000,0.3263,0.3265,0.3233,0.3247,26742.7
1738606200000,0.3242,0.3256,0.3234,0.3248,17626.8
1738606500000,0.3251,0.3266,0.3233,0.3253,25251.1
1738606800000,0.3253,0.3259,0.3247,0.3259,1126.3
1738607100000,0.326,0.3266,0.3253,0.3259,10293.7
1738607400000,0.3262,0.329,0.3254,0.3284,32481.7
1738607700000,0.3284,0.3292,0.3276,0.3292,7523.2
1738608000000,0.3288,0.3295,0.3261,0.3261,23524.0
1738608300000,0.3266,0.3292,0.3265,0.3292,17595.7
1738608600000,0.3292,0.3299,0.3287,0.3289,10156.1
1738608900000,0.3289,0.33,0.3282,0.3289,11629.0
1738609200000,0.3293,0.3305,0.329,0.3302,23711.2
1738609500000,0.3304,0.3306,0.3288,0.3296,5646.2
1738609800000,0.3296,0.3304,0.3293,0.3297,5830.9
1738610100000,0.3296,0.3325,0.3295,0.3311,22430.1
1738610400000,0.3314,0.3328,0.3314,0.3323,11769.9
1738610700000,0.3321,0.3327,0.3314,0.3319,7027.1
1738611000000,0.3319,0.3332,0.3317,0.3325,61727.8
1738611300000,0.3325,0.3325,0.3312,0.3314,16380.9
1738611600000,0.3315,0.3318,0.3309,0.3314,7561.3
1738611900000,0.3315,0.332,0.3312,0.332,29194.7
1738612200000,0.332,0.332,0.3308,0.3313,28928.5
1738612500000,0.3313,0.332,0.3307,0.3317,10423.0
1738612800000,0.3317,0.3319,0.3297,0.3307,15218.2
1738613100000,0.3307,0.3307,0.3252,0.3263,20846.0
1738613400000,0.3263,0.328,0.3257,0.327,37596.1
1738613700000,0.3269,0.328,0.3269,0.3269,6384.3
1738614000000,0.3268,0.3277,0.3264,0.3272,10800.5
1738614300000,0.3275,0.3277,0.3256,0.3256,34014.5
1738614600000,0.3266,0.3278,0.3261,0.3274,7373.2
1738614900000,0.3272,0.3281,0.3256,0.3266,18726.0
1738615200000,0.326,0.3261,0.3249,0.325,13847.3
1738615500000,0.325,0.3273,0.3243,0.3273,6774.6
1738615800000,0.3269,0.3275,0.3264,0.327,1556.0
1738616100000,0.3266,0.3267,0.3249,0.326,4636.4
1738616400000,0.3263,0.3281,0.3263,0.328,15696.7
1738616700000,0.3281,0.3288,0.3273,0.328,11735.4
1738617000000,0.3281,0.329,0.3281,0.329,1651.5
1738617300000,0.3292,0.3295,0.3282,0.3292,11448.4
1738617600000,0.3295,0.3315,0.3291,0.3315,3925.7
1738617900000,0.3316,0.3322,0.3307,0.3315,5617.9
1738618200000,0.3314,0.3334,0.3314,0.3323,10263.5
1738618500000,0.3316,0.3356,0.3304,0.3334,49375.0
1738618800000,0.3331,0.3332,0.3313,0.3329,10764.0
1738619100000,0.333,0.3338,0.333,0.3332,11489.0
1738619400000,0.3333,0.3368,0.3331,0.3365,23162.6
1738619700000,0.3368,0.3387,0.3367,0.3387,30768.1
1738620000000,0.3388,0.3405,0.3385,0.3401,34218.7
1738620300000,0.3402,0.3421,0.34,0.3416,42084.3
1738620600000,0.3414,0.3416,0.3388,0.3396,47304.6
1738620900000,0.3396,0.3405,0.3396,0.3405,21295.2
1738621200000,0.3402,0.3419,0.3397,0.3419,7896.5
1738621500000,0.3419,0.3425,0.3412,0.3418,14034.0
1738621800000,0.3418,0.3424,0.3418,0.342,16220.0
1738622100000,0.3421,0.343,0.342,0.3429,12912.6
1738622400000,0.3428,0.3428,0.3422,0.3428,14845.7
1738622700000,0.3427,0.3428,0.3401,0.3401,5535.4
1738623000000,0.3404,0.3405,0.3387,0.3394,13748.2
1738623300000,0.3394,0.3405,0.3394,0.3404,9360.6
1738623600000,0.3403,0.3403,0.3392,0.3395,10298.1
1738623900000,0.3403,0.3407,0.3386,0.3401,22537.4
1738624200000,0.3394,0.3403,0.3392,0.3394,7734.2
1738624500000,0.3398,0.34,0.3391,0.3391,4421.2
1738624800000,0.3395,0.3397,0.3387,0.3387,2679.6
1738625100000,0.3385,0.339,0.3385,0.3388,41804.6
1738625400000,0.3392,0.3395,0.3377,0.3379,6884.5
1738625700000,0.338,0.338,0.3351,0.3359,7980.8
1738626000000,0.3356,0.3365,0.3356,0.3365,8737.3
1738626300000,0.3365,0.3373,0.3362,0.3372,4137.5
1738626600000,0.3373,0.3376,0.3358,0.3358,12923.4
1738626900000,0.3358,0.3359,0.3356,0.3359,8089.8
1738627200000,0.3358,0.336,0.3358,0.336,40133.6
1738627500000,0.3359,0.336,0.3356,0.336,21353.0
1738627800000,0.3359,0.336,0.3353,0.3355,11627.5
1738628100000,0.3355,0.3355,0.3342,0.3345,16529.4
1738628400000,0.3345,0.335,0.3324,0.333,13607.3
1738628700000,0.3324,0.3332,0.3303,0.3311,30058.5
1738629000000,0.3311,0.3341,0.33,0.3322,102079.6
1738629300000,0.3319,0.3327,0.3285,0.3297,54566.2
1738629600000,0.3296,0.3296,0.3269,0.329,50498.0
1738629900000,0.329,0.3293,0.327,0.3278,17946.2
1738630200000,0.3275,0.3278,0.3263,0.3268,4660.3
1738630500000,0.3265,0.3265,0.3241,0.3252,9848.7
1738630800000,0.3252,0.3276,0.3252,0.3267,10417.9
1738631100000,0.3267,0.329,0.3263,0.329,8187.5
1738631400000,0.3289,0.3293,0.3274,0.3278,4285.2
1738631700000,0.3278,0.3322,0.3276,0.3311,111491.4
1738632000000,0.331,0.3316,0.3304,0.331,3340.5
1738632300000,0.3313,0.3325,0.3306,0.3325,5911.7
1738632600000,0.3319,0.3321,0.3297,0.3303,2166.0
1738632900000,0.3309,0.332,0.3307,0.332,259.7
1738633200000,0.332,0.332,0.3303,0.3311,9710.5
1738633500000,0.3314,0.3315,0.3301,0.3311,2901.0
1738633800000,0.331,0.3312,0.3291,0.3302,2462.5
1738634100000,0.3302,0.3302,0.329,0.3302,11921.6
1738634400000,0.3301,0.3303,0.3297,0.3297,4535.2
1738634700000,0.3295,0.3298,0.3286,0.3292,6079.8
1738635000000,0.3287,0.3289,0.3282,0.3284,2233.1
1738635300000,0.3283,0.3287,0.3278,0.3287,14699.0
1738635600000,0.3287,0.3293,0.3285,0.3293,7170.6
1738635900000,0.3288,0.3305,0.3281,0.3299,22948.8
1738636200000,0.3301,0.3302,0.3297,0.33,25317.0
1738636500000,0.3299,0.3299,0.3278,0.3278,3600.8
1738636800000,0.3279,0.3292,0.3279,0.3291,8328.8
1738637100000,0.3289,0.3292,0.3284,0.3285,11910.2
1738637400000,0.3284,0.3287,0.3275,0.3279,14021.7
1738637700000,0.3278,0.3278,0.3263,0.3266,1679.2
1738638000000,0.3267,0.3273,0.3256,0.3262,28708.4
1738638300000,0.3255,0.3269,0.3255,0.3267,12626.2
1738638600000,0.3271,0.3271,0.3251,0.3269,23919.9
1738638900000,0.3268,0.327,0.3252,0.326,6739.9
1738639200000,0.3259,0.3263,0.3241,0.3255,16673.7
1738639500000,0.3254,0.3254,0.3217,0.3237,77116.9
1738639800000,0.3236,0.3239,0.322,0.3232,12178.6
1738640100000,0.3229,0.3232,0.322,0.322,5897.5
1738640400000,0.322,0.3227,0.322,0.3227,13680.4
1738640700000,0.3227,0.3233,0.3222,0.3226,5229.5
1738641000000,0.3225,0.3233,0.3225,0.3228,8341.3
1738641300000,0.3227,0.3239,0.3227,0.3239,18798.1
1738641600000,0.3239,0.3259,0.3239,0.3254,9692.5
1738641900000,0.3257,0.3262,0.325,0.3255,11161.7
1738642200000,0.325,0.3268,0.3247,0.3268,6661.6
1738642500000,0.3267,0.3286,0.3267,0.3284,28189.1
1738642800000,0.3281,0.3281,0.326,0.3264,10191.9
1738643100000,0.326,0.3273,0.326,0.3265,1377.8
1738643400000,0.3261,0.3274,0.3249,0.3267,26873.4
1738643700000,0.3271,0.3278,0.326,0.3262,7532.7
1738644000000,0.3259,0.3274,0.3251,0.326,6459.7
1738644300000,0.3263,0.3266,0.3234,0.3246,39998.5
1738644600000,0.3243,0.3243,0.3219,0.3232,34740.6
1738644900000,0.3231,0.3237,0.3223,0.3235,10769.3
1738645200000,0.3236,0.3237,0.3206,0.3206,10191.1
1738645500000,0.3206,0.3206,0.3137,0.3155,93630.1
1738645800000,0.3162,0.3162,0.3119,0.3119,31301.7
1738646100000,0.312,0.3127,0.3075,0.3084,45818.7
1738646400000,0.3088,0.3127,0.3078,0.3088,23611.3
1738646700000,0.3091,0.3095,0.3075,0.3086,23086.9
1738647000000,0.3081,0.3101,0.3063,0.3063,15189.6
1738647300000,0.3064,0.3083,0.3061,0.3071,13693.0
1738647600000,0.3077,0.3099,0.3075,0.309,12767.3
1738647900000,0.3086,0.3116,0.306,0.3103,42068.6
1738648200000,0.3098,0.3106,0.3091,0.3094,11209.4
1738648500000,0.3091,0.3091,0.3071,0.3077,5740.5
1738648800000,0.3077,0.3108,0.3073,0.3108,10464.0
1738649100000,0.3108,0.3117,0.3096,0.3105,13538.5
1738649400000,0.3107,0.3129,0.3097,0.3129,34977.2
1738649700000,0.3129,0.3146,0.3125,0.3146,10522.0
1738650000000,0.3141,0.3141,0.3102,0.3105,16096.4
1738650300000,0.3109,0.3112,0.3097,0.3106,8752.8
1738650600000,0.3102,0.3132,0.3102,0.3118,19905.3
1738650900000,0.3123,0.3138,0.3119,0.3126,11604.9
1738651200000,0.3127,0.3141,0.3127,0.3141,3333.6
1738651500000,0.3133,0.3152,0.3133,0.3152,14208.2
1738651800000,0.3146,0.315,0.3141,0.3147,3132.0
1738652100000,0.3143,0.3146,0.3135,0.3146,3557.7
1738652400000,0.3141,0.3151,0.313,0.3142,30052.0
1738652700000,0.3141,0.3148,0.3121,0.3121,5591.7
1738653000000,0.3125,0.3133,0.312,0.3126,4144.0
1738653300000,0.3129,0.3146,0.3122,0.3146,8360.2
1738653600000,0.3137,0.3141,0.312,0.312,3558.3
1738653900000,0.3124,0.3125,0.3106,0.311,3930.3
1738654200000,0.3107,0.3114,0.3103,0.3103,2523.2
1738654500000,0.3103,0.3112,0.3089,0.3096,19946.9
1738654800000,0.3095,0.3097,0.3061,0.3068,26901.0
1738655100000,0.3069,0.3069,0.3047,0.3049,23167.0
1738655400000,0.3049,0.305,0.3032,0.3039,18478.7
1738655700000,0.3039,0.305,0.303,0.305,25634.2
1738656000000,0.305,0.305,0.3034,0.3048,13113.0
1738656300000,0.3047,0.3075,0.3044,0.3074,101485.4
1738656600000,0.3075,0.3086,0.3074,0.3076,7270.3
1738656900000,0.3077,0.3098,0.307,0.3082,31482.2
1738657200000,0.3074,0.3105,0.3074,0.3091,13213.5
1738657500000,0.3089,0.3105,0.3087,0.31,29272.8
1738657800000,0.3093,0.311,0.3089,0.3091,20848.8
1738658100000,0.3093,0.3093,0.3081,0.3087,11992.8
1738658400000,0.3083,0.3094,0.307,0.307,11136.6
1738658700000,0.3066,0.3089,0.3059,0.3089,15410.6
1738659000000,0.3077,0.3079,0.3066,0.3069,17821.1
1738659300000,0.3063,0.3087,0.3054,0.308,22288.8
1738659600000,0.3083,0.3111,0.3083,0.3105,12529.3
1738659900000,0.3106,0.311,0.3095,0.311,4210.0
1738660200000,0.3104,0.3117,0.3103,0.3112,4774.4
1738660500000,0.311,0.3116,0.3101,0.3104,4680.7
1738660800000,0.3112,0.3126,0.3108,0.3124,6977.0
1738661100000,0.3124,0.3137,0.3115,0.313,61710.8
1738661400000,0.313,0.3139,0.3123,0.3139,32691.4
1738661700000,0.3139,0.315,0.3139,0.3147,13069.7
1738662000000,0.3147,0.3162,0.314,0.3153,29630.0
1738662300000,0.315,0.3156,0.314,0.3153,7183.5
1738662600000,0.3154,0.3161,0.3135,0.315,21775.4
1738662900000,0.315,0.3159,0.314,0.3148,10942.2
1738663200000,0.3149,0.3176,0.3148,0.3169,20100.4
1738663500000,0.3166,0.319,0.3166,0.3188,7251.4
1738663800000,0.3185,0.3189,0.3179,0.3179,4194.7
1738664100000,0.3178,0.3198,0.3164,0.3193,35169.7
1738664400000,0.3197,0.3221,0.3192,0.32,30218.4
1738664700000,0.3206,0.3218,0.3198,0.321,9047.5
1738665000000,0.3217,0.3217,0.3204,0.3207,1447.2
1738665300000,0.3207,0.321,0.3198,0.32,14004.0
1738665600000,0.3197,0.3222,0.3191,0.322,11537.8
1738665900000,0.3222,0.3222,0.3204,0.3211,2556.0
1738666200000,0.3208,0.3211,0.3198,0.3206,14863.5
1738666500000,0.3202,0.3217,0.32,0.3213,4024.1
1738666800000,0.3205,0.322,0.32,0.322,9995.5
1738667100000,0.322,0.3228,0.3219,0.3227,14750.2
1738667400000,0.3227,0.3227,0.3217,0.3218,5899.0
1738667700000,0.3217,0.3232,0.3216,0.3232,6844.5
1738668000000,0.3233,0.3238,0.3222,0.323,4773.1
1738668300000,0.323,0.324,0.323,0.324,2943.8
1738668600000,0.3234,0.3249,0.3234,0.3236,8166.9
1738668900000,0.3238,0.3248,0.3236,0.324,8160.8
1738669200000,0.3238,0.3245,0.3236,0.3237,922.5
1738669500000,0.3239,0.3244,0.3236,0.3244,1149.6
1738669800000,0.3242,0.3242,0.3232,0.3232,3334.7
1738670100000,0.3232,0.3232,0.3216,0.3222,5275.3
1738670400000,0.3221,0.3243,0.322,0.3233,17768.3
1738670700000,0.3233,0.324,0.3227,0.3237,10089.0
1738671000000,0.3237,0.3238,0.3232,0.3237,6930.4
1738671300000,0.3238,0.3244,0.3237,0.3244,9546.8
1738671600000,0.3244,0.3263,0.3244,0.3251,8342.0
1738671900000,0.3251,0.3263,0.3249,0.3261,3159.4
1738672200000,0.3261,0.3281,0.3261,0.3279,35970.6
1738672500000,0.3279,0.33,0.3279,0.3289,73140.9
1738672800000,0.3288,0.333,0.3276,0.3285,65734.1
1738673100000,0.3284,0.3284,0.3271,0.3279,5886.3
1738673400000,0.3279,0.3282,0.3263,0.3282,5758.5
1738673700000,0.3276,0.33,0.3273,0.3288,17617.6
1738674000000,0.3287,0.33,0.3281,0.3299,13071.6
1738674300000,0.3299,0.33,0.329,0.3296,38042.8
1738674600000,0.3294,0.33,0.3288,0.33,3317.5
1738674900000,0.3297,0.3298,0.3286,0.3293,13919.6
1738675200000,0.3296,0.3307,0.3291,0.3298,22405.6
1738675500000,0.3296,0.33,0.3292,0.33,3530.5
1738675800000,0.33,0.33,0.3288,0.3294,32473.5
1738676100000,0.3296,0.3298,0.328,0.3282,29499.1
1738676400000,0.3282,0.3282,0.3258,0.3259,34698.3
1738676700000,0.3259,0.3264,0.3243,0.3257,29194.3
1738677000000,0.3258,0.3262,0.324,0.3241,13237.2
1738677300000,0.3241,0.3241,0.3216,0.3222,12000.4
1738677600000,0.3222,0.3234,0.3217,0.3228,36663.6
1738677900000,0.3224,0.3224,0.3211,0.3216,8341.5
1738678200000,0.3217,0.3222,0.3185,0.3194,31255.4
1738678500000,0.3195,0.322,0.3195,0.3197,21884.5
1738678800000,0.3201,0.3204,0.3188,0.3201,56990.3
1738679100000,0.3196,0.3324,0.3194,0.3239,231298.9
1738679400000,0.3238,0.3306,0.3238,0.3304,100784.8
1738679700000,0.3304,0.3325,0.3294,0.3322,47072.6
1738680000000,0.3321,0.3321,0.3299,0.3305,14109.1
1738680300000,0.3306,0.3311,0.3267,0.3279,40339.3
1738680600000,0.3279,0.328,0.327,0.3276,27826.3
1738680900000,0.3273,0.3276,0.3253,0.3262,14765.8
1738681200000,0.3264,0.3274,0.3239,0.3239,18705.9
1738681500000,0.3246,0.3264,0.3242,0.3264,5718.7
1738681800000,0.3259,0.3263,0.3186,0.3212,145219.1
1738682100000,0.321,0.3218,0.315,0.3169,44647.1
1738682400000,0.3167,0.3184,0.3162,0.3183,11639.3
1738682700000,0.3183,0.3193,0.3164,0.3188,9500.8
1738683000000,0.3182,0.3196,0.317,0.3195,3853.6
1738683300000,0.3195,0.3208,0.3188,0.3198,27892.9
1738683600000,0.3197,0.3199,0.3181,0.3181,3192.9
1738683900000,0.3186,0.3223,0.3186,0.3223,6885.5
1738684200000,0.3224,0.3232,0.3204,0.3213,15810.4
1738684500000,0.3204,0.3204,0.3192,0.3201,2588.3
1738684800000,0.32,0.3202,0.318,0.3199,15546.2
1738685100000,0.3195,0.3199,0.318,0.3184,17540.8
1738685400000,0.319,0.3221,0.3183,0.3221,17747.5
1738685700000,0.3223,0.3223,0.3205,0.3205,5979.5
1738686000000,0.3204,0.3215,0.3201,0.3203,6565.9
1738686300000,0.3205,0.322,0.32,0.3217,14977.1
1738686600000,0.3215,0.3218,0.319,0.319,37005.8
1738686900000,0.319,0.3195,0.3183,0.3194,4439.7
1738687200000,0.3192,0.3192,0.318,0.3183,8911.2
1738687500000,0.3181,0.3197,0.3173,0.3197,28717.9
1738687800000,0.3197,0.3197,0.3179,0.3183,7469.6
1738688100000,0.3186,0.3189,0.3171,0.318,11791.9
1738688400000,0.3176,0.3201,0.3176,0.3198,11156.2
1738688700000,0.3204,0.3211,0.319,0.3195,6819.4
1738689000000,0.3195,0.3225,0.3195,0.3225,3184.6
1738689300000,0.3225,0.3238,0.3217,0.322,22327.7
1738689600000,0.3222,0.3226,0.3204,0.3207,6290.7
1738689900000,0.3204,0.3205,0.3186,0.3188,3756.1
1738690200000,0.3195,0.3198,0.318,0.3183,1645.8
1738690500000,0.3185,0.319,0.318,0.3184,1468.4
1738690800000,0.3183,0.3185,0.3175,0.3184,5581.0
1738691100000,0.3183,0.3197,0.3176,0.3197,3690.7
1738691400000,0.3193,0.32,0.3184,0.32,1908.0
1738691700000,0.3197,0.3203,0.3185,0.3199,5076.9
1738692000000,0.3197,0.3212,0.3197,0.3204,5832.7
1738692300000,0.3199,0.3206,0.3183,0.3187,4392.2
1738692600000,0.3186,0.32,0.3185,0.3185,10764.3
1738692900000,0.3186,0.3198,0.3185,0.3193,1142.6
1738693200000,0.3203,0.3207,0.3194,0.3194,3185.1
1738693500000,0.3199,0.3202,0.3191,0.3196,8335.5
1738693800000,0.3193,0.3194,0.3175,0.3194,12442.8
1738694100000,0.3194,0.3202,0.3194,0.32,9371.8
1738694400000,0.3204,0.3214,0.3204,0.3209,7188.1
1738694700000,0.321,0.3218,0.321,0.3214,1876.3
1738695000000,0.3211,0.3216,0.3202,0.3202,4784.9
1738695300000,0.3208,0.3216,0.3208,0.3215,1864.4
1738695600000,0.3212,0.3237,0.321,0.3235,22636.2
1738695900000,0.3236,0.3246,0.3235,0.324,31960.5
1738696200000,0.324,0.3263,0.3237,0.3257,8743.9
1738696500000,0.3259,0.327,0.3258,0.3269,15801.2
1738696800000,0.3269,0.3269,0.3261,0.3267,10657.5
1738697100000,0.3266,0.3273,0.3254,0.3257,5797.2
1738697400000,0.3254,0.3268,0.3254,0.3259,2359.0
1738697700000,0.3262,0.3274,0.3262,0.3268,33922.8
1738698000000,0.3268,0.3269,0.3227,0.3249,39316.1
1738698300000,0.3251,0.3256,0.3202,0.321,37991.9
1738698600000,0.3207,0.3213,0.3181,0.3186,9349.9
1738698900000,0.3184,0.3202,0.3166,0.3166,12348.1
1738699200000,0.3166,0.3185,0.3163,0.3167,15323.2
1738699500000,0.3167,0.3173,0.3133,0.3158,36775.1
1738699800000,0.3161,0.3166,0.313,0.314,21588.2
1738700100000,0.3147,0.316,0.3132,0.3141,12100.9
1738700400000,0.3142,0.3142,0.3131,0.3132,10100.4
1738700700000,0.313,0.3152,0.3126,0.3146,12618.5
1738701000000,0.3145,0.3165,0.3145,0.3155,16567.9
1738701300000,0.3154,0.3185,0.3152,0.3184,10917.8
1738701600000,0.3185,0.319,0.3177,0.3182,5845.3
1738701900000,0.3183,0.3187,0.3175,0.3182,7263.0
1738702200000,0.3177,0.3187,0.3175,0.3182,6698.7
1738702500000,0.3187,0.3187,0.3176,0.3178,4556.5
1738702800000,0.3177,0.3177,0.312,0.3138,78912.7
1738703100000,0.3133,0.314,0.3124,0.3136,14857.0
1738703400000,0.3139,0.3159,0.3133,0.3159,14211.3
1738703700000,0.3158,0.3178,0.3157,0.3172,21078.5
1738704000000,0.3171,0.3174,0.316,0.3162,4257.6
1738704300000,0.316,0.3167,0.3144,0.3155,23246.0
1738704600000,0.3154,0.3181,0.3138,0.3176,64880.5
1738704900000,0.318,0.318,0.3172,0.3177,9880.3
1738705200000,0.3173,0.3207,0.3171,0.3187,23216.3
1738705500000,0.3188,0.3193,0.3173,0.3193,28334.6
1738705800000,0.3192,0.3194,0.3175,0.3182,5794.1
1738706100000,0.3176,0.3189,0.3154,0.3165,22281.6
1738706400000,0.3166,0.3204,0.3162,0.3184,28911.9
1738706700000,0.3183,0.3203,0.3176,0.3176,14436.6
1738707000000,0.3181,0.3191,0.3172,0.3186,3292.8
1738707300000,0.319,0.3223,0.3183,0.3219,11188.9
1738707600000,0.3222,0.3233,0.3212,0.3218,30148.5
1738707900000,0.3225,0.3227,0.3211,0.3225,1494.7
1738708200000,0.3227,0.3232,0.3221,0.3226,2506.4
1738708500000,0.3221,0.3228,0.3215,0.3226,1280.7
1738708800000,0.3218,0.3239,0.3214,0.3229,4381.8
1738709100000,0.3232,0.3238,0.322,0.3229,11029.9
1738709400000,0.3232,0.3238,0.3232,0.3236,3102.6
1738709700000,0.3238,0.3244,0.3234,0.3239,4488.7
1738710000000,0.3245,0.3249,0.3239,0.324,4273.4
1738710300000,0.3247,0.3249,0.3241,0.3244,2940.4
1738710600000,0.325,0.3273,0.3246,0.3262,28711.6
1738710900000,0.3262,0.3263,0.3252,0.3258,9426.1
1738711200000,0.3253,0.3258,0.3248,0.3258,3479.9
1738711500000,0.3253,0.3259,0.3249,0.3253,1340.7
1738711800000,0.326,0.3263,0.3249,0.3258,2594.8
1738712100000,0.3265,0.3277,0.3259,0.3276,13034.3
1738712400000,0.3268,0.3279,0.3267,0.3273,9154.7
1738712700000,0.3272,0.3281,0.322,0.324,97859.3
1738713000000,0.3234,0.3251,0.3234,0.3251,4564.2
1738713300000,0.3247,0.3255,0.3246,0.3253,10106.2
1738713600000,0.3251,0.3251,0.3233,0.3233,7191.0
1738713900000,0.3237,0.3245,0.321,0.3211,20836.4
1738714200000,0.3211,0.3218,0.3204,0.3214,5927.3
1738714500000,0.3208,0.3213,0.3197,0.32,2029.5
1738714800000,0.32,0.3205,0.3192,0.3193,5090.3
1738715100000,0.3197,0.3201,0.3193,0.3201,11137.7
1738715400000,0.3201,0.3201,0.3188,0.3192,4159.5
1738715700000,0.3191,0.3194,0.3185,0.3193,2688.2
1738716000000,0.3188,0.3193,0.3185,0.3193,2550.0
1738716300000,0.3193,0.3212,0.3192,0.3211,12939.4
1738716600000,0.3204,0.3211,0.3195,0.3195,1263.2
1738716900000,0.3201,0.3204,0.3201,0.3203,663.4
1738717200000,0.3203,0.3223,0.3187,0.3223,33547.7
1738717500000,0.3223,0.3228,0.3211,0.3218,8091.5
1738717800000,0.3218,0.3222,0.3212,0.3213,3241.7
1738718100000,0.3212,0.3222,0.3211,0.3215,2338.7
1738718400000,0.3213,0.3213,0.32,0.3201,4645.6
1738718700000,0.3202,0.3209,0.3202,0.3209,3130.9
1738719000000,0.3201,0.3206,0.3191,0.3203,3430.8
1738719300000,0.3203,0.3204,0.3194,0.3204,11409.5
1738719600000,0.3203,0.3216,0.3203,0.321,14207.8
1738719900000,0.3209,0.3217,0.3208,0.3217,10695.0
1738720200000,0.3216,0.3217,0.3205,0.3205,8165.3
1738720500000,0.3208,0.3209,0.3196,0.3197,1766.5
1738720800000,0.3196,0.3197,0.318,0.318,14618.6
1738721100000,0.3184,0.3195,0.3184,0.3195,456.0
1738721400000,0.3194,0.3194,0.3159,0.3172,31262.1
1738721700000,0.3169,0.3175,0.3161,0.3166,7058.6
1738722000000,0.3169,0.3171,0.3137,0.3151,7639.2
1738722300000,0.3152,0.3181,0.3152,0.3181,9626.7
1738722600000,0.3175,0.3191,0.3175,0.3185,5180.8
1738722900000,0.3184,0.3193,0.318,0.3193,2097.9
1738723200000,0.319,0.32,0.3186,0.3193,14077.5
1738723500000,0.3198,0.3205,0.3195,0.3204,8235.2
1738723800000,0.3204,0.3216,0.3198,0.3213,21559.5
1738724100000,0.3218,0.3219,0.3211,0.3211,1683.0
1738724400000,0.3213,0.3215,0.3204,0.3204,3909.2
1738724700000,0.32,0.3202,0.3194,0.3198,2806.0
1738725000000,0.3198,0.3198,0.319,0.3195,2182.5
1738725300000,0.3191,0.3198,0.3185,0.3189,1707.1
1738725600000,0.3192,0.32,0.3188,0.3188,2756.0
1738725900000,0.3189,0.3191,0.3183,0.3187,11462.6
1738726200000,0.319,0.3198,0.319,0.3195,1776.2
1738726500000,0.3192,0.3204,0.3192,0.3204,1626.5
1738726800000,0.3202,0.3206,0.3195,0.3206,4963.7
1738727100000,0.3204,0.3204,0.3193,0.3198,1589.1
1738727400000,0.3197,0.32,0.3188,0.3192,4885.4
1738727700000,0.3189,0.3193,0.3183,0.3184,5277.2
1738728000000,0.3188,0.3191,0.3182,0.3191,4011.9
1738728300000,0.3191,0.3192,0.3182,0.3191,1603.3
1738728600000,0.3184,0.3189,0.3181,0.3185,3329.5
1738728900000,0.3185,0.3189,0.3178,0.3178,1507.1
1738729200000,0.3176,0.3186,0.3175,0.318,10731.5
1738729500000,0.318,0.3187,0.318,0.3185,1148.3
1738729800000,0.3183,0.3193,0.318,0.3193,8437.8
1738730100000,0.3196,0.3201,0.3195,0.32,5105.2
1738730400000,0.32,0.3204,0.3195,0.3203,2382.6
1738730700000,0.3204,0.3204,0.3197,0.3198,2082.6
1738731000000,0.3203,0.3204,0.3197,0.3203,4810.8
1738731300000,0.3199,0.3201,0.3196,0.3198,3202.6
1738731600000,0.3197,0.3204,0.3191,0.3191,4971.7
1738731900000,0.3194,0.3201,0.3185,0.3197,57480.3
1738732200000,0.3197,0.3201,0.319,0.3201,2845.9
1738732500000,0.3199,0.3202,0.3192,0.3195,6968.4
1738732800000,0.319,0.3197,0.3187,0.3197,12448.6
1738733100000,0.3196,0.32,0.319,0.3192,5433.8
1738733400000,0.3193,0.3202,0.3193,0.3195,1124.1
1738733700000,0.3196,0.3199,0.319,0.3192,1683.0
1738734000000,0.3191,0.3194,0.3179,0.3187,8043.1
1738734300000,0.3186,0.3201,0.3186,0.32,1579.9
1738734600000,0.3195,0.3232,0.3195,0.3232,11275.3
1738734900000,0.3234,0.3269,0.3234,0.3265,104718.7
1738735200000,0.3258,0.3269,0.3253,0.3254,17471.6
1738735500000,0.3254,0.3254,0.3232,0.3246,5750.2
1738735800000,0.3249,0.3253,0.3235,0.3235,4157.5
1738736100000,0.3234,0.3238,0.3223,0.3227,2755.4
1738736400000,0.3228,0.3232,0.3222,0.3231,5291.6
1738736700000,0.3231,0.3235,0.3221,0.3231,4866.7
1738737000000,0.3231,0.3235,0.3219,0.3225,3925.1
1738737300000,0.3225,0.3226,0.321,0.321,3933.7
1738737600000,0.3207,0.3214,0.3205,0.3209,4869.7
1738737900000,0.3209,0.3214,0.3202,0.3214,2435.5
1738738200000,0.3214,0.3214,0.3203,0.3208,230.7
1738738500000,0.3207,0.3208,0.3202,0.3208,3235.6
1738738800000,0.3208,0.3209,0.32,0.3201,976.2
1738739100000,0.32,0.3223,0.32,0.3222,10916.7
1738739400000,0.3218,0.3224,0.3216,0.3217,1918.1
1738739700000,0.3222,0.323,0.3222,0.3227,18311.3
1738740000000,0.3221,0.3223,0.3211,0.3223,1885.3
1738740300000,0.3219,0.3244,0.3219,0.3244,8954.3
1738740600000,0.324,0.324,0.3178,0.3194,74524.9
1738740900000,0.3194,0.3214,0.3194,0.3211,15527.2
1738741200000,0.3209,0.3212,0.3205,0.3212,2591.8
1738741500000,0.321,0.3218,0.3205,0.3218,5062.5
1738741800000,0.3219,0.3226,0.3214,0.3226,3985.8
1738742100000,0.322,0.323,0.3212,0.3212,20380.9
1738742400000,0.3223,0.3228,0.3217,0.3221,7631.8
1738742700000,0.3226,0.3234,0.3226,0.3233,2354.7
1738743000000,0.3229,0.3238,0.3222,0.3228,13630.3
1738743300000,0.3225,0.3226,0.3219,0.3224,436.9
1738743600000,0.3224,0.3225,0.3219,0.3222,729.0
1738743900000,0.3219,0.3219,0.3208,0.3208,12202.5
1738744200000,0.3209,0.3211,0.3204,0.3205,15404.4
1738744500000,0.3204,0.321,0.3202,0.3202,1574.8
1738744800000,0.3205,0.3209,0.32,0.3207,8352.5
1738745100000,0.3206,0.321,0.3201,0.3207,3680.2
1738745400000,0.3207,0.321,0.3205,0.321,1371.0
1738745700000,0.3208,0.3211,0.3201,0.3206,5026.8
1738746000000,0.3208,0.3234,0.32,0.3231,4537.5
1738746300000,0.3231,0.3231,0.322,0.3226,13365.7
1738746600000,0.323,0.3234,0.3222,0.3229,2739.3
1738746900000,0.3224,0.3235,0.322,0.3227,22688.7
1738747200000,0.3224,0.3228,0.3207,0.3219,12638.1
1738747500000,0.3216,0.3222,0.3215,0.322,2631.9
1738747800000,0.3216,0.3216,0.3192,0.3196,13385.5
1738748100000,0.3201,0.3202,0.319,0.3195,5950.4
1738748400000,0.3195,0.3198,0.318,0.3198,19717.9
1738748700000,0.3191,0.3199,0.3184,0.319,1413.0
1738749000000,0.319,0.3204,0.319,0.3198,3803.6
1738749300000,0.3197,0.3204,0.3193,0.3203,12571.7
1738749600000,0.3199,0.3206,0.3197,0.3203,4031.5
1738749900000,0.3205,0.3209,0.3202,0.3205,6747.0
1738750200000,0.3211,0.3211,0.3203,0.3203,5870.3
1738750500000,0.3203,0.3219,0.3203,0.3219,3475.1
1738750800000,0.3214,0.3227,0.3214,0.3218,11719.4
1738751100000,0.3222,0.3225,0.3218,0.3225,3306.0
1738751400000,0.322,0.3229,0.322,0.3225,2431.4
1738751700000,0.3228,0.3234,0.3223,0.3234,8497.8
1738752000000,0.3234,0.3241,0.323,0.3241,5605.4
1738752300000,0.3241,0.3242,0.3228,0.3233,9900.1
1738752600000,0.3234,0.3239,0.3228,0.3231,11491.9
1738752900000,0.3231,0.3239,0.3229,0.3234,4061.9
1738753200000,0.3235,0.324,0.3228,0.3231,16297.1
1738753500000,0.3229,0.3246,0.3229,0.3246,4595.7
1738753800000,0.3246,0.3253,0.324,0.3249,4196.1
1738754100000,0.3245,0.3255,0.3242,0.3255,2357.7
1756684800000,0.1936,0.1943,0.1912,0.1912,49839.3
1756685100000,0.1912,0.1913,0.1901,0.1903,63889.8
1756685400000,0.1901,0.1901,0.1887,0.1887,50702.5
1756685700000,0.1891,0.1897,0.1883,0.1887,93381.3
1756686000000,0.1889,0.1901,0.1888,0.1898,59574.7
1756686300000,0.1902,0.1902,0.1884,0.1891,8615.0
1756686600000,0.1893,0.1896,0.1885,0.1892,3439.5
1756686900000,0.1892,0.1892,0.1881,0.1891,8056.0
1756687200000,0.1887,0.19,0.1887,0.1899,10174.8
1756687500000,0.1894,0.1904,0.1893,0.1903,17199.6
1756687800000,0.1902,0.1902,0.1897,0.1897,2043.1
1756688100000,0.1896,0.1901,0.1896,0.1898,12759.0
1756688400000,0.1898,0.1911,0.1894,0.19,43826.2
1756688700000,0.1898,0.1898,0.189,0.189,4441.5
1756689000000,0.1889,0.1889,0.1886,0.1888,14774.4
1756689300000,0.1888,0.1888,0.1876,0.1887,48729.2
1756689600000,0.1888,0.189,0.1886,0.1886,1775.4
1756689900000,0.1889,0.1896,0.1888,0.1893,4309.8
1756690200000,0.1897,0.1903,0.1895,0.1899,17466.6
1756690500000,0.19,0.1902,0.1893,0.1898,9356.9
1756690800000,0.1898,0.1903,0.1896,0.1903,12851.3
1756691100000,0.1904,0.1906,0.1894,0.1899,7165.5
1756691400000,0.1899,0.1904,0.1893,0.1893,10653.3
1756691700000,0.1893,0.1895,0.1888,0.189,4495.6
1756692000000,0.1886,0.1888,0.1875,0.1875,21448.2
1756692300000,0.1876,0.1895,0.1872,0.1891,31302.5
1756692600000,0.1891,0.1891,0.1876,0.1876,19609.7
1756692900000,0.1879,0.1887,0.1877,0.1877,13470.0
1756693200000,0.1877,0.1881,0.1874,0.1874,3639.3
1756693500000,0.1874,0.1883,0.1871,0.1882,8152.4
1756693800000,0.1882,0.1884,0.188,0.1884,14699.3
1756694100000,0.1882,0.1884,0.188,0.1881,2217.1
1756694400000,0.1884,0.189,0.1884,0.189,15783.6
1756694700000,0.1891,0.1895,0.1875,0.1875,74318.2
1756695000000,0.1875,0.1875,0.1866,0.1869,44023.7
1756695300000,0.1866,0.1869,0.1865,0.1869,5351.2
1756695600000,0.1869,0.1876,0.1869,0.1875,11076.3
1756695900000,0.1875,0.1884,0.1873,0.1879,8503.5
1756696200000,0.1875,0.1881,0.1873,0.1877,3513.4
1756696500000,0.1876,0.1882,0.1875,0.1878,13895.2
1756696800000,0.1878,0.1886,0.1877,0.1883,10104.9
1756697100000,0.1883,0.1889,0.1882,0.1887,28550.9
1756697400000,0.1888,0.1889,0.1886,0.1886,3609.0
1756697700000,0.1886,0.1888,0.1886,0.1887,2250.2
1756698000000,0.1888,0.189,0.188,0.1881,18872.1
1756698300000,0.188,0.188,0.1868,0.1876,53786.2
1756698600000,0.1874,0.1874,0.1865,0.1868,24510.9
1756698900000,0.1867,0.187,0.1861,0.187,49987.9
1756699200000,0.1872,0.1872,0.1868,0.1868,973.5
1756699500000,0.1867,0.1867,0.1861,0.1866,41303.9
1756699800000,0.1863,0.1869,0.1856,0.1862,35922.0
1756700100000,0.1862,0.1864,0.186,0.186,7352.1
1756700400000,0.186,0.1862,0.186,0.1862,6604.5
1756700700000,0.1862,0.1863,0.186,0.1862,2230.0
1756701000000,0.186,0.1862,0.186,0.186,7311.9
1756701300000,0.1861,0.1861,0.1849,0.1855,34243.6
1756701600000,0.1857,0.1857,0.1855,0.1857,667.7
1756701900000,0.1856,0.1856,0.1852,0.1855,9461.2
1756702200000,0.1853,0.1856,0.1853,0.1853,7267.0
1756702500000,0.1853,0.1856,0.1853,0.1856,2278.2
1756702800000,0.1856,0.1864,0.1853,0.1861,39056.0
1756703100000,0.1861,0.1865,0.1847,0.1854,49308.4
1756703400000,0.185,0.185,0.184,0.1841,51394.9
1756703700000,0.1841,0.1845,0.1841,0.1841,7260.0
1756704000000,0.1845,0.1856,0.1844,0.1853,5428.0
1756704300000,0.1852,0.1856,0.1846,0.1851,10099.6
1756704600000,0.185,0.185,0.1846,0.1848,3713.8
1756704900000,0.185,0.1852,0.1848,0.185,1111.7
1756705200000,0.185,0.1861,0.185,0.1861,8763.6
1756705500000,0.1863,0.1863,0.1854,0.1857,8012.9
1756705800000,0.1858,0.1861,0.1857,0.186,14492.4
1756706100000,0.1861,0.1861,0.1851,0.1857,6135.4
1756706400000,0.1857,0.186,0.185,0.1859,13181.9
1756706700000,0.1855,0.1858,0.1852,0.1855,13980.6
1756707000000,0.1855,0.1855,0.1848,0.1848,5906.9
1756707300000,0.1848,0.1853,0.1844,0.1844,18111.9
1756707600000,0.1845,0.1852,0.1844,0.1847,16655.6
1756707900000,0.1847,0.1853,0.1846,0.1849,6462.8
1756708200000,0.1849,0.1853,0.1848,0.185,2658.4
1756708500000,0.185,0.1853,0.1848,0.1849,4252.0
1756708800000,0.1849,0.1852,0.1849,0.1852,2283.2
1756709100000,0.1849,0.1851,0.1846,0.1849,5882.3
1756709400000,0.1852,0.1855,0.1852,0.1853,7182.4
1756709700000,0.1853,0.1862,0.1853,0.186,16436.0
1756710000000,0.1861,0.1866,0.186,0.1866,5083.4
1756710300000,0.1866,0.1866,0.185,0.185,11431.1
1756710600000,0.185,0.1853,0.1849,0.1852,3290.6
1756710900000,0.1852,0.1857,0.1852,0.1857,10477.3
1756711200000,0.1861,0.1862,0.1854,0.1854,72504.6
1756711500000,0.1855,0.1869,0.1855,0.1865,16596.7
1756711800000,0.1868,0.1875,0.1865,0.1871,11636.8
1756712100000,0.1872,0.1873,0.1866,0.1866,23026.7
1756712400000,0.1866,0.1871,0.1866,0.1869,3853.4
1756712700000,0.1869,0.1878,0.1868,0.1876,4182.0
1756713000000,0.1878,0.1883,0.1875,0.1881,4434.6
1756713300000,0.1885,0.1895,0.1885,0.1892,12661.1
1756713600000,0.1895,0.1903,0.1892,0.1899,7935.0
1756713900000,0.1897,0.1899,0.1892,0.1894,11870.3
1756714200000,0.1892,0.1897,0.1892,0.1893,4797.7
1756714500000,0.1893,0.1896,0.1888,0.1896,9581.4
1756714800000,0.1896,0.1898,0.1892,0.1895,2001.8
1756715100000,0.1895,0.1898,0.1889,0.1891,13561.1
1756715400000,0.1891,0.1893,0.1887,0.1888,3730.3
1756715700000,0.1889,0.1893,0.1887,0.1887,2733.7
1756716000000,0.189,0.1891,0.1883,0.1888,2579.6
1756716300000,0.1888,0.1894,0.1885,0.1891,5911.8
1756716600000,0.1891,0.1894,0.189,0.1891,6853.4
1756716900000,0.1891,0.1896,0.1891,0.1895,3229.5
1756717200000,0.1896,0.1898,0.1887,0.189,15992.6
1756717500000,0.1893,0.1898,0.1893,0.1896,9836.3
1756717800000,0.1897,0.1897,0.1891,0.1891,1638.6
1756718100000,0.1892,0.1908,0.1892,0.1905,106436.7
1756718400000,0.1905,0.191,0.1895,0.1895,11516.4
1756718700000,0.1897,0.1904,0.1897,0.1899,5210.2
1756719000000,0.1903,0.191,0.1903,0.1903,8567.7
1756719300000,0.1906,0.1911,0.189,0.1893,31391.9
1756719600000,0.1896,0.19,0.1896,0.1897,1102.0
1756719900000,0.1896,0.1897,0.1891,0.1894,5768.1
1756720200000,0.1891,0.1894,0.1889,0.1889,4293.0
1756720500000,0.1892,0.1894,0.1888,0.1893,3160.1
1756720800000,0.1893,0.1894,0.1888,0.189,12223.8
1756721100000,0.189,0.1892,0.1888,0.1888,3512.6
1756721400000,0.1888,0.1893,0.1888,0.1891,10559.5
1756721700000,0.1894,0.1896,0.1892,0.1895,3577.7
1756722000000,0.1895,0.1896,0.1892,0.1893,6738.6
1756722300000,0.1891,0.1895,0.1877,0.1881,46753.8
1756722600000,0.1884,0.1889,0.188,0.188,15132.1
1756722900000,0.1883,0.1884,0.1876,0.1876,4197.0
1756723200000,0.1876,0.1878,0.1871,0.1876,7153.4
1756723500000,0.1876,0.1876,0.1869,0.1871,20773.7
1756723800000,0.1875,0.1876,0.187,0.1876,2571.7
1756724100000,0.1873,0.188,0.1873,0.188,4946.0
1756724400000,0.188,0.1883,0.1872,0.1876,11909.6
1756724700000,0.188,0.188,0.1874,0.1875,5103.0
1756725000000,0.1879,0.188,0.1871,0.1874,10901.6
1756725300000,0.1875,0.1878,0.1869,0.1877,14685.7
1756725600000,0.1872,0.188,0.1871,0.1878,16857.0
1756725900000,0.1878,0.1885,0.1876,0.1884,34787.6
1756726200000,0.1884,0.1885,0.1874,0.1879,12562.9
1756726500000,0.1879,0.188,0.1868,0.1873,6834.3
1756726800000,0.187,0.1872,0.186,0.1868,35606.1
1756727100000,0.1869,0.187,0.1862,0.187,6448.5
1756727400000,0.187,0.1875,0.187,0.1874,14057.2
1756727700000,0.1873,0.1878,0.187,0.1872,4523.7
1756728000000,0.1872,0.1875,0.1862,0.1868,12291.3
1756728300000,0.1867,0.1875,0.1864,0.1875,4300.0
1756728600000,0.1875,0.1876,0.1865,0.1872,10996.6
1756728900000,0.1872,0.1877,0.187,0.1873,8011.6
1756729200000,0.1873,0.1875,0.1869,0.1874,4504.2
1756729500000,0.1876,0.1885,0.1876,0.1879,12058.2
1756729800000,0.1881,0.1881,0.1873,0.1873,9731.1
1756730100000,0.1876,0.1881,0.1873,0.1875,4539.2
1756730400000,0.1875,0.1875,0.187,0.187,2092.4
1756730700000,0.1873,0.1875,0.187,0.1875,3605.6
1756731000000,0.1873,0.1876,0.1867,0.1867,3305.8
1756731300000,0.1867,0.187,0.1862,0.1864,9605.5
1756731600000,0.1862,0.187,0.186,0.1862,18317.2
1756731900000,0.1862,0.1864,0.1859,0.186,5541.2
1756732200000,0.1859,0.1862,0.1848,0.1848,36081.2
1756732500000,0.1848,0.186,0.1848,0.1852,8146.6
1756732800000,0.1857,0.1873,0.1851,0.1873,88964.3
1756733100000,0.187,0.1874,0.1862,0.1871,6267.1
1756733400000,0.1871,0.1875,0.1857,0.1861,43857.2
1756733700000,0.1862,0.1866,0.1857,0.186,5627.9
1756734000000,0.1863,0.1863,0.185,0.1851,19205.7
1756734300000,0.1853,0.1853,0.1838,0.1845,71031.8
1756734600000,0.1844,0.1845,0.184,0.1844,5513.9
1756734900000,0.1844,0.185,0.1839,0.1843,25297.7
1756735200000,0.1843,0.1849,0.1843,0.1849,2755.1
1756735500000,0.185,0.1857,0.185,0.1855,6099.5
1756735800000,0.1855,0.1855,0.1833,0.1843,68808.2
1756736100000,0.184,0.1852,0.1835,0.1852,82993.2
1756736400000,0.1846,0.1851,0.1842,0.1848,6422.9
1756736700000,0.1845,0.1848,0.1841,0.1842,4408.4
1756737000000,0.1845,0.1845,0.1837,0.1838,3828.3
1756737300000,0.1841,0.1841,0.183,0.1839,21572.1
1756737600000,0.1839,0.1841,0.1836,0.1838,1080.8
1756737900000,0.1838,0.1841,0.1833,0.1841,1720.9
1756738200000,0.1841,0.1845,0.1841,0.1845,908.8
1756738500000,0.1848,0.185,0.1843,0.1843,9426.1
1756738800000,0.1845,0.1846,0.1842,0.1843,1959.9
1756739100000,0.1845,0.1849,0.1836,0.1839,9341.5
1756739400000,0.1842,0.1843,0.1832,0.1836,74520.4
1756739700000,0.1837,0.1843,0.1834,0.1839,6526.2
1756740000000,0.184,0.184,0.1837,0.1838,1062.9
1756740300000,0.1834,0.1834,0.183,0.1831,7609.8
1756740600000,0.1831,0.1839,0.1831,0.1838,3937.0
1756740900000,0.1838,0.1838,0.1833,0.1833,1268.4
1756741200000,0.1833,0.1838,0.1833,0.1837,5863.3
1756741500000,0.1834,0.1837,0.1832,0.1832,5880.1
1756741800000,0.1835,0.1837,0.1832,0.1832,1939.3
1756742100000,0.1835,0.1835,0.1799,0.1817,263182.6
1756742400000,0.1814,0.1816,0.1801,0.1807,10023.8
1756742700000,0.1809,0.1816,0.1808,0.1813,16729.6
1756743000000,0.1813,0.1815,0.1807,0.1814,5298.2
1756743300000,0.1812,0.1817,0.1807,0.1816,23875.6
1756743600000,0.1812,0.1815,0.1809,0.1814,2113.2
1756743900000,0.181,0.1816,0.181,0.1814,3766.0
1756744200000,0.1815,0.1816,0.1802,0.1807,16335.4
1756744500000,0.1807,0.1811,0.1804,0.1807,10345.9
1756744800000,0.1803,0.1806,0.1798,0.18,7746.3
1756745100000,0.1802,0.1804,0.1793,0.1797,47248.1
1756745400000,0.1799,0.1803,0.1791,0.1792,25933.1
1756745700000,0.1795,0.1798,0.1785,0.1791,54104.0
1756746000000,0.179,0.1793,0.1785,0.1789,18791.3
1756746300000,0.1789,0.1795,0.1785,0.1788,20095.2
1756746600000,0.1788,0.1788,0.178,0.1783,23127.7
1756746900000,0.1784,0.1794,0.178,0.179,17954.4
1756747200000,0.1793,0.1794,0.1786,0.1788,5220.8
1756747500000,0.1788,0.1791,0.1785,0.1787,7498.1
1756747800000,0.1787,0.179,0.1784,0.1789,14824.6
1756748100000,0.1787,0.18,0.1787,0.1795,74705.4
1756748400000,0.1799,0.18,0.1795,0.1795,4965.0
1756748700000,0.1799,0.1799,0.1793,0.1795,2873.9
1756749000000,0.1798,0.1802,0.1795,0.1802,3329.6
1756749300000,0.1802,0.1802,0.1796,0.1801,5756.5
1756749600000,0.1801,0.1801,0.1796,0.1796,4928.2
1756749900000,0.1797,0.1801,0.1793,0.1795,2291.6
1756750200000,0.1793,0.18,0.1792,0.1798,8355.7
1756750500000,0.1798,0.1805,0.1798,0.1802,6349.2
1756750800000,0.1805,0.1805,0.1803,0.1804,2373.5
1756751100000,0.1803,0.1807,0.1803,0.1805,18703.3
1756751400000,0.1807,0.1808,0.1806,0.1808,5222.5
1756751700000,0.181,0.181,0.1808,0.1808,4628.0
1756752000000,0.1807,0.1811,0.1804,0.1808,796.2
1756752300000,0.1812,0.1816,0.1811,0.1813,2055.5
1756752600000,0.181,0.1815,0.1809,0.1812,1237.3
1756752900000,0.1811,0.1815,0.1811,0.1811,2339.1
1756753200000,0.1815,0.1816,0.1813,0.1815,6772.7
1756753500000,0.1816,0.1819,0.1814,0.1816,10565.9
1756753800000,0.1816,0.1819,0.1813,0.1813,6200.0
1756754100000,0.1814,0.1819,0.1813,0.1818,3218.0
1756754400000,0.1819,0.1819,0.1814,0.1814,3269.0
1756754700000,0.1817,0.1819,0.1812,0.1812,2394.7
1756755000000,0.1811,0.1818,0.181,0.1818,2338.2
1756755300000,0.1819,0.1821,0.1815,0.1821,11248.8
1756755600000,0.1818,0.1821,0.1818,0.1818,622.9
1756755900000,0.1821,0.1822,0.1818,0.1822,1197.3
1756756200000,0.1819,0.1822,0.1818,0.1822,1100.0
1756756500000,0.1822,0.1824,0.1819,0.1823,3664.0
1756756800000,0.1824,0.1826,0.1823,0.1826,2528.1
1756757100000,0.1828,0.1828,0.1824,0.1826,9381.7
1756757400000,0.1826,0.1827,0.1824,0.1824,1229.0
1756757700000,0.1827,0.1827,0.1813,0.182,12545.0
1756758000000,0.182,0.1821,0.1817,0.1817,1422.7
1756758300000,0.1817,0.1818,0.181,0.1813,4201.1
1756758600000,0.1811,0.1816,0.181,0.1814,5746.2
1756758900000,0.1814,0.1814,0.18,0.1803,19051.0
1756759200000,0.18,0.1804,0.1786,0.1786,19448.7
1756759500000,0.1783,0.1792,0.178,0.1786,72690.6
1756759800000,0.1785,0.1792,0.1783,0.179,15497.0
1756760100000,0.1792,0.1795,0.1789,0.1794,3524.2
1756760400000,0.1795,0.1795,0.1785,0.1787,1701.4
1756760700000,0.1789,0.1794,0.178,0.1788,78644.9
1756761000000,0.1788,0.1791,0.1787,0.179,12873.6
1756761300000,0.179,0.1792,0.1787,0.179,4865.0
1756761600000,0.1788,0.1789,0.178,0.1784,37263.6
1756761900000,0.1786,0.1788,0.1784,0.1785,1958.8
1756762200000,0.1785,0.1787,0.1775,0.1778,9574.5
1756762500000,0.1778,0.1785,0.1778,0.1785,3557.8
1756762800000,0.1785,0.1785,0.1778,0.178,3965.9
1756763100000,0.1781,0.1781,0.1772,0.1777,10368.6
1756763400000,0.1779,0.178,0.1774,0.1778,3482.0
1756763700000,0.178,0.1781,0.1776,0.1781,2172.2
1756764000000,0.1781,0.1781,0.1765,0.1777,39864.8
1756764300000,0.1777,0.178,0.1771,0.1777,19171.6
1756764600000,0.1778,0.1786,0.1776,0.1786,9392.7
1756764900000,0.1786,0.1787,0.1782,0.1786,2806.8
1756765200000,0.1788,0.1794,0.178,0.178,33800.7
1756765500000,0.178,0.1785,0.1776,0.178,2502.6
1756765800000,0.178,0.178,0.1777,0.178,678.7
1756766100000,0.178,0.1786,0.1777,0.1777,24471.7
1756766400000,0.1781,0.1781,0.1776,0.1779,17229.1
1756766700000,0.178,0.1787,0.178,0.1783,9273.5
1756767000000,0.1783,0.1789,0.1782,0.1785,14123.3
1756767300000,0.1787,0.1791,0.1787,0.1787,16289.4
1756767600000,0.1791,0.1792,0.1786,0.1791,16470.1
1756767900000,0.1789,0.179,0.1782,0.1784,35301.3
1756768200000,0.1785,0.1791,0.1784,0.1786,5776.7
1756768500000,0.1788,0.179,0.1788,0.179,2429.9
1756768800000,0.179,0.1797,0.1788,0.1797,7366.9
1756769100000,0.1793,0.1797,0.1792,0.1792,4895.9
1756769400000,0.1793,0.1799,0.1791,0.1791,4614.9
1756769700000,0.1795,0.1797,0.1793,0.1797,1313.3
1756770000000,0.1797,0.1808,0.1797,0.1805,12580.5
1756770300000,0.1805,0.1813,0.1805,0.181,9171.1
1756770600000,0.1807,0.1807,0.1803,0.1805,5166.8
1756770900000,0.1808,0.1815,0.1808,0.1814,9213.3
1756771200000,0.1816,0.1818,0.1814,0.1815,2140.8
1756771500000,0.1818,0.182,0.1806,0.1806,9943.5
1756771800000,0.1808,0.1812,0.1804,0.1808,1622.6
1756772100000,0.1809,0.1812,0.1808,0.1812,1003.2
1756772400000,0.1815,0.1819,0.1814,0.1814,488.8
1756772700000,0.1814,0.182,0.1811,0.1811,2494.5
1756773000000,0.1811,0.1813,0.1808,0.1813,2105.4
1756773300000,0.1812,0.1817,0.1812,0.1817,1180.6
1756773600000,0.1814,0.1817,0.1812,0.1812,4603.1
1756773900000,0.181,0.1816,0.1805,0.1816,1444.8
1756774200000,0.1818,0.1819,0.1813,0.1813,2032.0
1756774500000,0.1817,0.1817,0.1801,0.1809,34084.2
1756774800000,0.1811,0.1815,0.1809,0.1815,5192.4
1756775100000,0.1814,0.1827,0.1814,0.1816,26706.8
1756775400000,0.182,0.1824,0.1818,0.1819,958.6
1756775700000,0.1817,0.1821,0.1814,0.182,2217.4
1756776000000,0.1821,0.1828,0.1821,0.1828,4172.4
1756776300000,0.1831,0.1831,0.1828,0.1831,16693.3
1756776600000,0.1833,0.1838,0.1831,0.1831,16252.3
1756776900000,0.1835,0.1838,0.1831,0.1838,4546.2
1756777200000,0.1836,0.1855,0.1836,0.1855,14398.3
1756777500000,0.1853,0.1856,0.1844,0.1851,6847.8
1756777800000,0.1851,0.1851,0.1842,0.1846,13580.2
1756778100000,0.1846,0.1855,0.1846,0.185,13316.4
1756778400000,0.1853,0.186,0.1853,0.186,12170.9
1756778700000,0.186,0.1865,0.1859,0.1861,16857.8
1756779000000,0.1861,0.1863,0.1861,0.1861,3416.1
1756779300000,0.1862,0.1862,0.186,0.186,81454.3
1756779600000,0.186,0.1865,0.186,0.1865,908.6
1756779900000,0.186,0.1864,0.186,0.186,3666.0
1756780200000,0.1862,0.1862,0.186,0.186,18388.2
1756780500000,0.186,0.1864,0.186,0.1862,1257.8
1756780800000,0.1862,0.1862,0.186,0.1862,9536.5
1756781100000,0.186,0.1869,0.186,0.1865,19354.4
1756781400000,0.1869,0.1877,0.1867,0.1873,12871.2
1756781700000,0.1876,0.1888,0.1875,0.1886,5483.5
1756782000000,0.1887,0.1895,0.1887,0.189,6085.5
1756782300000,0.1892,0.1904,0.189,0.19,34336.3
1756782600000,0.1904,0.1907,0.1892,0.1892,24826.5
1756782900000,0.1893,0.1893,0.1889,0.1889,2908.6
1756783200000,0.189,0.189,0.1881,0.1886,12816.8
1756783500000,0.1882,0.1884,0.1881,0.1882,1466.4
1756783800000,0.1881,0.1882,0.1873,0.1876,19858.3
1756784100000,0.1873,0.1884,0.1873,0.1879,12925.2
1756784400000,0.1881,0.1881,0.1873,0.1878,4457.6
1756784700000,0.1876,0.188,0.1876,0.1879,5770.8
1756785000000,0.188,0.1881,0.1878,0.188,3754.0
1756785300000,0.188,0.1881,0.1877,0.1881,15180.2
1756785600000,0.1881,0.1881,0.1873,0.1879,6859.4
1756785900000,0.1875,0.1877,0.187,0.1875,13191.3
1756786200000,0.1875,0.1878,0.1875,0.1875,2568.3
1756786500000,0.1875,0.1878,0.1873,0.1874,2963.4
1756786800000,0.1878,0.188,0.1876,0.188,1761.4
1756787100000,0.1878,0.1878,0.1871,0.1875,6620.0
1756787400000,0.1875,0.188,0.1875,0.1879,3395.4
1756787700000,0.1877,0.1877,0.1871,0.1875,1793.6
1756788000000,0.1875,0.1876,0.1873,0.1876,1791.3
1756788300000,0.1876,0.1878,0.1872,0.1876,6011.5
1756788600000,0.1876,0.1878,0.1871,0.1871,5230.4
1756788900000,0.1871,0.1876,0.187,0.1874,4273.8
1756789200000,0.1875,0.1881,0.1875,0.1881,3489.2
1756789500000,0.1881,0.1881,0.1868,0.1872,8706.2
1756789800000,0.1873,0.1879,0.1871,0.1877,6305.8
1756790100000,0.1877,0.188,0.1873,0.1879,1857.6
1756790400000,0.1877,0.1878,0.1871,0.1876,6945.7
1756790700000,0.1873,0.188,0.1873,0.1878,4264.7
1756791000000,0.1873,0.1874,0.1871,0.1873,2852.4
1756791300000,0.1873,0.1877,0.1873,0.1875,7185.3
1756791600000,0.1878,0.188,0.1871,0.1871,10563.6
1756791900000,0.1873,0.1878,0.187,0.1874,5318.5
1756792200000,0.1872,0.1875,0.1872,0.1874,1837.6
1756792500000,0.1872,0.1872,0.1867,0.1867,1653.9
1756792800000,0.187,0.1871,0.1866,0.187,2979.7
1756793100000,0.187,0.1879,0.187,0.1879,4606.6
1756793400000,0.1875,0.1881,0.1874,0.1877,5086.8
1756793700000,0.188,0.1881,0.1877,0.1877,1916.4
1756794000000,0.1877,0.1886,0.1877,0.1884,10191.6
1756794300000,0.1884,0.1887,0.1882,0.1882,16384.5
1756794600000,0.1882,0.1889,0.1882,0.1882,6114.1
1756794900000,0.1882,0.1886,0.1882,0.1882,11758.7
1756795200000,0.1882,0.1889,0.1882,0.1882,3804.9
1756795500000,0.1886,0.1886,0.1882,0.1882,1860.0
1756795800000,0.1882,0.1884,0.1877,0.188,4131.4
1756796100000,0.1884,0.1884,0.1876,0.1876,2491.5
1756796400000,0.188,0.188,0.1876,0.188,3156.5
1756796700000,0.1876,0.1882,0.187,0.1874,6794.5
1756797000000,0.1872,0.1876,0.1869,0.1869,1420.9
1756797300000,0.187,0.1876,0.1866,0.1871,13966.0
1756797600000,0.1874,0.1875,0.1868,0.1872,3693.9
1756797900000,0.1866,0.1868,0.1862,0.1868,6976.8
1756798200000,0.1868,0.1869,0.1865,0.1866,836.2
1756798500000,0.1866,0.1866,0.186,0.1864,1529.2
1756798800000,0.1861,0.1864,0.1858,0.1861,21248.1
1756799100000,0.1859,0.1866,0.1859,0.1859,1407.2
1756799400000,0.186,0.1862,0.1855,0.1855,12561.1
1756799700000,0.1858,0.1864,0.1855,0.1861,34474.6
1756800000000,0.1863,0.1869,0.1863,0.1868,2959.9
1756800300000,0.1866,0.1869,0.1865,0.1869,1427.7
1756800600000,0.1865,0.187,0.1865,0.1868,3909.7
1756800900000,0.1868,0.1869,0.1867,0.1867,7177.1
1756801200000,0.1869,0.1869,0.1868,0.1869,15734.0
1756801500000,0.1869,0.1869,0.1868,0.1869,1769.7
1756801800000,0.1869,0.1869,0.1868,0.1868,5313.5
1756802100000,0.1867,0.1867,0.1865,0.1867,1663.0
1756802400000,0.1865,0.1865,0.1859,0.1861,18795.6
1756802700000,0.1861,0.1864,0.1861,0.1864,4527.3
1756803000000,0.1864,0.1864,0.1859,0.1859,855.7
1756803300000,0.1862,0.1862,0.1857,0.1859,3943.2
1756803600000,0.1857,0.1857,0.1852,0.1853,14669.8
1756803900000,0.1853,0.1858,0.185,0.1855,13807.6
1756804200000,0.1855,0.1865,0.1853,0.186,39507.2
1756804500000,0.1862,0.1862,0.1851,0.1858,35567.6
1756804800000,0.1855,0.1857,0.1854,0.1856,1539.7
1756805100000,0.1855,0.1856,0.1853,0.1856,2605.2
1756805400000,0.1856,0.1856,0.1851,0.1854,1043.4
1756805700000,0.1854,0.1861,0.1851,0.1861,15275.4
1756806000000,0.1858,0.186,0.1855,0.1855,1594.3
1756806300000,0.1858,0.1861,0.1851,0.1861,21694.8
1756806600000,0.1861,0.1861,0.1858,0.1861,1904.1
1756806900000,0.1858,0.1862,0.1858,0.1862,3279.8
1756807200000,0.1862,0.1864,0.1858,0.1864,4072.2
1756807500000,0.186,0.1864,0.1859,0.1862,3900.8
1756807800000,0.1859,0.1863,0.1859,0.1863,2710.2
1756808100000,0.1864,0.1864,0.183,0.1843,198155.9
1756808400000,0.1843,0.185,0.1808,0.1818,128497.0
1756808700000,0.1819,0.1833,0.1819,0.1831,64583.1
1756809000000,0.1831,0.1831,0.1822,0.1829,16294.7
1756809300000,0.1833,0.1841,0.1832,0.1835,9683.6
1756809600000,0.1837,0.1837,0.1827,0.1833,9675.9
1756809900000,0.1834,0.184,0.1832,0.1838,7479.3
1756810200000,0.1839,0.1842,0.1838,0.1841,2028.0
1756810500000,0.1842,0.1846,0.1841,0.1841,2432.9
1756810800000,0.1844,0.1845,0.1842,0.1843,1489.6
1756811100000,0.1843,0.1851,0.1842,0.1845,20120.1
1756811400000,0.1845,0.1851,0.1842,0.1851,18398.6
1756811700000,0.1848,0.1855,0.1844,0.1844,45515.4
1756812000000,0.1844,0.1849,0.1844,0.1846,4397.4
1756812300000,0.1844,0.185,0.1841,0.1844,2491.4
1756812600000,0.1847,0.1851,0.1844,0.1845,4217.2
1756812900000,0.1848,0.1852,0.1842,0.1842,3603.7
1756813200000,0.1844,0.1852,0.1841,0.1845,13320.3
1756813500000,0.1846,0.185,0.184,0.1841,3826.6
1756813800000,0.1844,0.1844,0.1838,0.1838,6793.7
1756814100000,0.1836,0.1838,0.1831,0.1831,3063.0
1756814400000,0.1835,0.1835,0.1827,0.1829,3285.1
1756814700000,0.183,0.184,0.1829,0.1833,21556.7
1756815000000,0.1829,0.1837,0.1828,0.1836,20501.6
1756815300000,0.1832,0.1832,0.1826,0.1826,2334.9
1756815600000,0.1826,0.1833,0.1825,0.1828,7244.7
1756815900000,0.1829,0.1834,0.1826,0.1831,3629.3
1756816200000,0.1833,0.1836,0.1829,0.1829,4508.0
1756816500000,0.183,0.183,0.1824,0.1827,4663.9
1756816800000,0.1824,0.1827,0.1809,0.1819,21196.4
1756817100000,0.182,0.182,0.1794,0.1802,36847.0
1756817400000,0.1805,0.1806,0.1783,0.1796,49374.7
1756817700000,0.1794,0.1799,0.1793,0.1797,4137.7
1756818000000,0.1795,0.1807,0.1795,0.1807,6102.1
1756818300000,0.1808,0.181,0.1802,0.181,3399.2
1756818600000,0.1811,0.1812,0.1807,0.1807,4359.2
1756818900000,0.1807,0.1813,0.1797,0.1803,14610.2
1756819200000,0.1802,0.1808,0.1802,0.1807,2413.1
1756819500000,0.1807,0.1818,0.1806,0.1813,25162.8
1756819800000,0.181,0.1815,0.1805,0.1814,4550.3
1756820100000,0.1814,0.1835,0.1808,0.1829,8205.1
1756820400000,0.1826,0.1832,0.1825,0.1832,2793.7
1756820700000,0.1828,0.1856,0.1828,0.1852,122305.6
1756821000000,0.1852,0.1852,0.1846,0.1848,35112.0
1756821300000,0.1848,0.1854,0.1844,0.1852,18026.4
1756821600000,0.1852,0.1856,0.1845,0.1846,10320.4
1756821900000,0.1849,0.1849,0.183,0.1836,56745.8
1756822200000,0.184,0.184,0.1837,0.184,2118.5
1756822500000,0.1836,0.1842,0.1835,0.1842,3320.5
1756822800000,0.1842,0.1852,0.1842,0.1847,3744.4
1756823100000,0.1846,0.1848,0.1839,0.1848,12860.5
1756823400000,0.1848,0.1851,0.1845,0.1845,2172.0
1756823700000,0.1848,0.1849,0.1845,0.1847,3330.1
1756824000000,0.1847,0.1847,0.1833,0.1833,12503.8
1756824300000,0.1835,0.1846,0.1835,0.1845,13124.5
1756824600000,0.1847,0.1847,0.1841,0.1843,7148.7
1756824900000,0.1842,0.1842,0.1836,0.1841,3465.3
1756825200000,0.1841,0.1844,0.1837,0.1838,1897.3
1756825500000,0.1837,0.1837,0.1828,0.1833,11363.1
1756825800000,0.1834,0.1835,0.1829,0.1835,3973.8
1756826100000,0.1832,0.1836,0.1828,0.1828,5650.8
1756826400000,0.1832,0.1834,0.1829,0.183,3963.4
1756826700000,0.183,0.1833,0.1827,0.183,2830.2
1756827000000,0.183,0.1834,0.1828,0.1829,1967.6
1756827300000,0.1827,0.1828,0.1813,0.1819,43577.4
1756827600000,0.1819,0.182,0.1816,0.1819,1412.2
1756827900000,0.1815,0.182,0.1814,0.1814,3352.8
1756828200000,0.1814,0.1817,0.1809,0.1812,4615.8
1756828500000,0.1809,0.1813,0.1807,0.1811,2077.4
1756828800000,0.1811,0.1821,0.1811,0.1821,7232.0
1756829100000,0.1819,0.1824,0.1818,0.1823,4389.4
1756829400000,0.182,0.1828,0.1819,0.1826,4446.2
1756829700000,0.1827,0.1831,0.1826,0.1831,2841.3
1756830000000,0.1829,0.1831,0.1819,0.1819,15235.2
1756830300000,0.1823,0.1824,0.1819,0.1824,2003.4
1756830600000,0.1824,0.1827,0.182,0.1825,3863.9
1756830900000,0.1825,0.183,0.1825,0.183,861.1
1756831200000,0.183,0.1832,0.1828,0.1828,8316.5
1756831500000,0.183,0.1836,0.1827,0.183,5504.6
1756831800000,0.183,0.1838,0.183,0.1835,1220.1
1756832100000,0.1837,0.1837,0.1833,0.1835,3902.6
1756832400000,0.1837,0.1838,0.1834,0.1835,15607.4
1756832700000,0.1838,0.1841,0.1834,0.1837,24724.1
1756833000000,0.1838,0.1838,0.1834,0.1834,5647.0
1756833300000,0.1837,0.1839,0.1834,0.1836,4262.9
1756833600000,0.1836,0.1838,0.1833,0.1833,26521.7
1756833900000,0.1833,0.184,0.1832,0.1837,11380.9
1756834200000,0.1837,0.1847,0.1837,0.1847,40579.2
1756834500000,0.1847,0.185,0.1844,0.1844,45647.4
1756834800000,0.1844,0.1848,0.1844,0.1844,2166.3
1756835100000,0.1843,0.1846,0.1843,0.1846,2932.7
1756835400000,0.1846,0.1847,0.1844,0.1847,2328.4
1756835700000,0.1844,0.1847,0.1844,0.1847,928.3
1756836000000,0.1848,0.1848,0.1844,0.1844,5207.6
1756836300000,0.1844,0.1844,0.1834,0.1837,11551.0
1756836600000,0.1837,0.1839,0.1833,0.1834,3262.4
1756836900000,0.1834,0.1837,0.1827,0.1834,5165.3
1756837200000,0.1835,0.184,0.1835,0.1839,1758.7
1756837500000,0.1836,0.1837,0.1829,0.1834,1721.9
1756837800000,0.1833,0.1835,0.1829,0.1832,1896.3
1756838100000,0.1832,0.1834,0.183,0.1834,1348.7
1756838400000,0.1827,0.183,0.1827,0.183,809.7
1756838700000,0.1831,0.1834,0.1825,0.1834,2695.7
1756839000000,0.1834,0.1841,0.1834,0.1836,22978.2
1756839300000,0.1836,0.184,0.1835,0.1836,6920.0
1756839600000,0.1839,0.1843,0.1838,0.1839,3831.5
1756839900000,0.1842,0.1855,0.1842,0.1849,63444.3
1756840200000,0.1848,0.1851,0.1843,0.1843,12744.8
1756840500000,0.1843,0.1844,0.1837,0.1844,3749.2
1756840800000,0.1843,0.1846,0.1839,0.1839,2302.6
1756841100000,0.1839,0.1842,0.1833,0.1834,2292.4
1756841400000,0.1836,0.1836,0.183,0.183,2132.0
1756841700000,0.1831,0.1836,0.183,0.1834,1433.3
1756842000000,0.1833,0.1837,0.1833,0.1836,487.9
1756842300000,0.1833,0.1835,0.1832,0.1835,1833.5
1756842600000,0.1835,0.1837,0.1833,0.1836,985.0
1756842900000,0.1835,0.1845,0.1835,0.1844,3434.4
1756843200000,0.1844,0.1845,0.184,0.1843,1765.2
1756843500000,0.1841,0.1843,0.1839,0.1842,1854.0
1756843800000,0.1842,0.1848,0.1842,0.1848,4089.8
1756844100000,0.1845,0.1852,0.1845,0.1852,13625.5
1756844400000,0.1853,0.1854,0.185,0.185,473.8
1756844700000,0.1849,0.1855,0.1849,0.1855,4890.3
1756845000000,0.1855,0.1856,0.1849,0.1853,5531.3
1756845300000,0.1853,0.1865,0.1853,0.1862,44167.7
1756845600000,0.1859,0.1864,0.1858,0.186,3159.4
1756845900000,0.186,0.186,0.1851,0.1852,3581.3
1756846200000,0.1852,0.1855,0.1852,0.1855,1942.2
1756846500000,0.1855,0.1855,0.1853,0.1855,2065.0
1756846800000,0.1855,0.1862,0.1855,0.1862,4202.3
1756847100000,0.1863,0.1867,0.1859,0.1859,7374.9
1756847400000,0.1862,0.1862,0.1859,0.1859,604.2
1756847700000,0.1863,0.1864,0.186,0.186,3555.0
1756848000000,0.1859,0.1862,0.1859,0.186,1372.1
1756848300000,0.1863,0.1863,0.1859,0.1863,3781.3
1756848600000,0.1861,0.1865,0.186,0.1862,1530.7
1756848900000,0.186,0.1866,0.186,0.1865,2674.5
1756849200000,0.1862,0.1868,0.1862,0.1868,7251.9
1756849500000,0.1863,0.1868,0.1863,0.1864,3377.4
1756849800000,0.1867,0.1868,0.1864,0.1864,10841.7
1756850100000,0.1864,0.1868,0.1864,0.1864,8109.2
1756850400000,0.1864,0.1871,0.1864,0.1866,25641.0
1756850700000,0.1864,0.1869,0.1864,0.1869,3404.5
1756851000000,0.1866,0.1869,0.1865,0.1865,796.0
1756851300000,0.1867,0.1872,0.1867,0.1867,2915.3
1756851600000,0.1866,0.1874,0.1866,0.1867,6460.3
1756851900000,0.1867,0.187,0.1865,0.1866,3747.9
1756852200000,0.1869,0.1869,0.1864,0.1864,6709.2
1756852500000,0.1864,0.187,0.1863,0.187,10327.5
1756852800000,0.1866,0.1869,0.1864,0.1866,1059.9
1756853100000,0.1868,0.1868,0.1863,0.1863,1286.3
1756853400000,0.1865,0.187,0.1863,0.187,6203.2
1756853700000,0.1869,0.1869,0.1863,0.1866,3051.7
1756854000000,0.1868,0.187,0.1863,0.1867,1856.9
1756854300000,0.1863,0.1869,0.1863,0.1865,3986.5
1756854600000,0.1868,0.1869,0.1863,0.1864,1407.2
1756854900000,0.1864,0.1868,0.1863,0.1867,2985.1
1756855200000,0.1863,0.1868,0.1863,0.1868,863.1
1756855500000,0.1866,0.1868,0.1865,0.1868,2692.9
1756855800000,0.1868,0.1869,0.1861,0.1861,1433.3
1756856100000,0.1861,0.1863,0.1859,0.1863,1770.0
1756856400000,0.1861,0.1863,0.1859,0.1861,11106.9
1756856700000,0.1863,0.1865,0.1859,0.1859,2624.4
1756857000000,0.1858,0.186,0.1856,0.186,4328.9
1756857300000,0.1864,0.1865,0.1859,0.1865,8827.8
1756857600000,0.1864,0.1866,0.1859,0.1861,4827.8
1756857900000,0.1863,0.1865,0.1857,0.1861,13859.4
1756858200000,0.1859,0.1861,0.1857,0.1858,1918.8
1756858500000,0.1858,0.186,0.1856,0.1857,3094.5
1756858800000,0.1861,0.1861,0.1857,0.186,2539.4
1756859100000,0.1859,0.1868,0.1856,0.1865,12384.7
1756859400000,0.1866,0.1868,0.1857,0.1857,1707.1
1756859700000,0.1857,0.1865,0.1857,0.1865,7737.3
1756860000000,0.1862,0.1865,0.186,0.186,674.0
1756860300000,0.1861,0.1862,0.1856,0.186,1706.7
1756860600000,0.186,0.1861,0.1852,0.1853,2473.0
1756860900000,0.1855,0.1859,0.1853,0.1855,640.1
1756861200000,0.1857,0.1859,0.1852,0.1858,1114.9
1756861500000,0.1853,0.1853,0.1848,0.1853,11163.5
1756861800000,0.185,0.1856,0.185,0.1855,1717.3
1756862100000,0.1852,0.1855,0.1849,0.1851,1428.0
1756862400000,0.1851,0.1854,0.1848,0.1852,1256.0
1756862700000,0.1849,0.1855,0.1847,0.1851,5588.2
1756863000000,0.1852,0.1852,0.1846,0.1848,1425.8
1756863300000,0.1848,0.185,0.1845,0.1847,3668.1
1756863600000,0.1845,0.1848,0.1844,0.1848,1746.9
1756863900000,0.1848,0.1848,0.1845,0.1848,1253.8
1756864200000,0.1849,0.1868,0.1848,0.1868,39556.4
1756864500000,0.1858,0.1869,0.1858,0.1866,6569.0
1756864800000,0.1869,0.1878,0.1867,0.1873,4842.8
1756865100000,0.187,0.1871,0.1859,0.1864,41593.0
1756865400000,0.1864,0.1866,0.1859,0.1862,2580.1
1756865700000,0.1862,0.1871,0.1858,0.1868,6346.7
1756866000000,0.1866,0.1873,0.1866,0.1868,2373.1
1756866300000,0.1865,0.1874,0.1864,0.1873,5871.8
1756866600000,0.1873,0.1876,0.1869,0.1872,3338.9
1756866900000,0.1875,0.188,0.1872,0.1879,8760.3
1756867200000,0.1878,0.188,0.1877,0.1877,3729.3
1756867500000,0.1879,0.1881,0.1877,0.1878,5444.0
1756867800000,0.1878,0.1881,0.1876,0.188,8655.3
1756868100000,0.188,0.1881,0.1876,0.1876,8771.6
1756868400000,0.1878,0.188,0.1876,0.1878,1681.7
1756868700000,0.1876,0.1879,0.1876,0.1879,1650.2
1756869000000,0.1879,0.188,0.1876,0.1876,5143.1
1756869300000,0.1875,0.1876,0.187,0.1871,8761.5
1756869600000,0.187,0.1875,0.187,0.1874,4446.6
1756869900000,0.1874,0.1874,0.187,0.1873,4054.0
1756870200000,0.1875,0.1876,0.1871,0.1874,5608.9
1756870500000,0.1874,0.1875,0.1872,0.1874,2741.3
1756870800000,0.1874,0.1875,0.1872,0.1875,1796.8
1756871100000,0.1873,0.1877,0.1872,0.1872,4262.6
1756871400000,0.1873,0.1876,0.1871,0.1875,5228.6
1756871700000,0.1872,0.1875,0.1871,0.1874,2956.1
1756872000000,0.1874,0.1876,0.1872,0.1874,2622.7
1756872300000,0.1871,0.1873,0.187,0.187,20829.2
1756872600000,0.1872,0.1872,0.187,0.187,13403.6
1756872900000,0.187,0.187,0.1861,0.1862,11682.6
1756873200000,0.1862,0.1868,0.1862,0.1868,1714.5
1756873500000,0.1867,0.1872,0.1867,0.1867,3047.2
1756873800000,0.1867,0.187,0.1863,0.1869,4680.3
1756874100000,0.1867,0.187,0.1863,0.1866,4292.6
1756874400000,0.1863,0.1867,0.1862,0.1866,7155.2
1756874700000,0.1866,0.1866,0.1861,0.1861,1855.5
1756875000000,0.1864,0.1869,0.1863,0.1865,3131.7
1756875300000,0.1863,0.1866,0.1863,0.1863,201.6
1756875600000,0.1866,0.1869,0.1864,0.1866,6049.8
1756875900000,0.1867,0.1869,0.1863,0.1865,15440.7
1756876200000,0.1865,0.1868,0.1862,0.1865,929.9
1756876500000,0.1867,0.1867,0.1858,0.186,14394.0
1756876800000,0.1862,0.1862,0.186,0.1862,1536.1
1756877100000,0.1861,0.1862,0.186,0.1862,2133.1
1756877400000,0.1862,0.1862,0.1861,0.1862,3193.7
1756877700000,0.1861,0.1862,0.1861,0.1862,988.8
1756878000000,0.1862,0.1862,0.1861,0.1861,1083.3
1756878300000,0.1861,0.1862,0.1859,0.1859,3886.9
1756878600000,0.1862,0.1862,0.1859,0.186,2812.5
1756878900000,0.1859,0.186,0.1852,0.1858,9000.4
1756879200000,0.1858,0.1858,0.1853,0.1853,8618.8
1756879500000,0.185,0.1854,0.1846,0.1853,18630.5
1756879800000,0.1853,0.1858,0.1849,0.1858,7929.5
1756880100000,0.1859,0.1861,0.1854,0.186,8292.6
1756880400000,0.186,0.1865,0.1858,0.186,7647.4
1756880700000,0.1862,0.1867,0.186,0.1867,1122.5
1756881000000,0.1865,0.1869,0.1863,0.1863,4646.8
1756881300000,0.1864,0.1866,0.1862,0.1866,4157.5
1756881600000,0.1859,0.1862,0.1857,0.1861,865.4
1756881900000,0.1857,0.1867,0.1857,0.1857,7972.0
1756882200000,0.1857,0.1862,0.1856,0.1861,11453.7
1756882500000,0.1864,0.1866,0.1861,0.1862,964.1
1756882800000,0.1866,0.1872,0.1866,0.1871,3725.6
1756883100000,0.1867,0.1868,0.1857,0.1858,2769.7
1756883400000,0.1859,0.1861,0.1856,0.1858,4379.6
1756883700000,0.1861,0.1861,0.1853,0.1855,7746.4
1756884000000,0.1855,0.1861,0.1854,0.1857,2123.5
1756884300000,0.1859,0.1861,0.1855,0.1857,1575.2
1756884600000,0.1857,0.1861,0.1857,0.1858,2932.1
1756884900000,0.1861,0.1861,0.1857,0.186,5167.7
1756885200000,0.186,0.1861,0.186,0.186,1389.4
1756885500000,0.186,0.1866,0.186,0.1863,5875.4
1756885800000,0.1863,0.1866,0.1863,0.1866,2808.1
1756886100000,0.1867,0.1867,0.186,0.1864,6894.9
1756886400000,0.1864,0.1867,0.1859,0.1864,8762.0
1756886700000,0.1862,0.187,0.1862,0.1862,30142.6
1756887000000,0.1864,0.1864,0.1861,0.1861,1009.6
1756887300000,0.1863,0.1867,0.1861,0.1867,20543.8
1756887600000,0.1864,0.1867,0.1864,0.1864,1015.5
1756887900000,0.1865,0.187,0.1864,0.187,30697.1
1756888200000,0.187,0.187,0.1866,0.1867,1899.6
1756888500000,0.1866,0.187,0.1866,0.1868,1284.5
1756888800000,0.1868,0.1868,0.1864,0.1868,972.5
1756889100000,0.1868,0.1874,0.1868,0.187,34431.3
1756889400000,0.1869,0.1877,0.1869,0.1871,7707.3
1756889700000,0.1871,0.1877,0.187,0.1872,2024.8
1756890000000,0.1876,0.1877,0.1872,0.1877,2268.0
1756890300000,0.1873,0.1877,0.187,0.1873,4123.0
1756890600000,0.1873,0.1873,0.1868,0.1868,4087.7
1756890900000,0.1868,0.1872,0.1863,0.1863,20810.7
1756891200000,0.1863,0.187,0.1863,0.1867,4168.0
1756891500000,0.1864,0.1869,0.1864,0.1869,2342.5
1756891800000,0.1869,0.1869,0.1864,0.1867,5670.8
1756892100000,0.1868,0.187,0.1865,0.1868,27934.6
1756892400000,0.1869,0.1874,0.1869,0.1871,2190.8
1756892700000,0.187,0.1873,0.1869,0.1873,1762.4
1756893000000,0.1871,0.1874,0.187,0.1874,5026.9
1756893300000,0.1874,0.1876,0.1873,0.1875,4721.0
1756893600000,0.1877,0.1877,0.1874,0.1875,4212.0
1756893900000,0.1874,0.1884,0.1872,0.1881,31434.0
1756894200000,0.188,0.188,0.1875,0.1877,2871.5
1756894500000,0.1878,0.1882,0.1878,0.1879,12579.5
1756894800000,0.1881,0.1886,0.1879,0.1882,6447.7
1756895100000,0.1882,0.1883,0.1879,0.1882,1893.6
1756895400000,0.1883,0.1883,0.1878,0.1878,5760.1
1756895700000,0.1879,0.188,0.1878,0.188,4853.0
1756896000000,0.188,0.188,0.1876,0.1876,7710.3
1756896300000,0.1876,0.1876,0.187,0.187,2484.5
1756896600000,0.1871,0.1874,0.187,0.1872,4137.9
1756896900000,0.1873,0.1878,0.1872,0.1875,9893.2
1756897200000,0.1874,0.188,0.1874,0.188,1898.1
1756897500000,0.188,0.1881,0.187,0.1872,7639.9
1756897800000,0.1874,0.1877,0.1871,0.1872,10980.0
1756898100000,0.1871,0.1873,0.1869,0.187,5207.4
1756898400000,0.1872,0.1874,0.187,0.1873,5045.0
1756898700000,0.1874,0.1878,0.1871,0.1878,9231.8
1756899000000,0.1879,0.1879,0.1874,0.1877,13718.7
1756899300000,0.1878,0.1878,0.1871,0.1875,5262.8
1756899600000,0.1876,0.1877,0.1874,0.1877,7730.2
1756899900000,0.1875,0.1876,0.1871,0.1873,2162.2
1756900200000,0.1873,0.1873,0.1871,0.1871,986.5
1756900500000,0.1871,0.1874,0.1871,0.1871,1416.0
1756900800000,0.1874,0.1876,0.1871,0.1872,6417.5
1756901100000,0.187,0.1871,0.1868,0.1871,7970.8
1756901400000,0.1871,0.1871,0.1866,0.1867,3939.9
1756901700000,0.1866,0.187,0.1866,0.1868,2747.4
1756902000000,0.1868,0.187,0.1867,0.1869,3948.4
1756902300000,0.1868,0.187,0.1865,0.187,13520.0
1756902600000,0.187,0.187,0.1864,0.1865,5854.5
1756902900000,0.1864,0.1869,0.1864,0.1868,2394.3
1756903200000,0.1868,0.1868,0.1863,0.1863,2175.5
1756903500000,0.1863,0.1866,0.1861,0.1865,1860.4
1756903800000,0.1861,0.1861,0.1856,0.1857,2417.8
1756904100000,0.1857,0.186,0.1854,0.1859,2569.7
1756904400000,0.1857,0.186,0.1855,0.1859,3740.7
1756904700000,0.1857,0.186,0.1857,0.1859,1362.7
1756905000000,0.1859,0.186,0.1857,0.1858,2065.5
1756905300000,0.186,0.1866,0.1858,0.1866,13057.0
1756905600000,0.1866,0.1868,0.1864,0.1866,3359.4
1756905900000,0.1863,0.1865,0.1861,0.1863,2719.7
1756906200000,0.1866,0.1866,0.1859,0.1864,6456.3
1756906500000,0.1864,0.1865,0.1858,0.1865,8333.1
1756906800000,0.1863,0.1875,0.1863,0.1871,10841.3
1756907100000,0.187,0.1877,0.1865,0.1877,8978.0
1756907400000,0.1877,0.188,0.1876,0.1876,4976.6
1756907700000,0.1877,0.1877,0.1872,0.1873,1479.5
1756908000000,0.1876,0.1882,0.1876,0.188,6634.2
1756908300000,0.1877,0.1883,0.1877,0.1882,3168.5
1756908600000,0.1879,0.1881,0.1875,0.1875,5102.6
1756908900000,0.1871,0.1874,0.1866,0.1866,18323.2
1756909200000,0.1866,0.1867,0.1862,0.1867,26462.1
1756909500000,0.1866,0.1873,0.1866,0.1871,4098.9
1756909800000,0.1871,0.1878,0.187,0.1876,14144.9
1756910100000,0.1874,0.1879,0.187,0.1879,13008.6
1756910400000,0.1879,0.1887,0.1879,0.1884,2374.6
1756910700000,0.1886,0.1886,0.1881,0.1886,2851.0
1756911000000,0.1886,0.1903,0.1886,0.1898,93963.9
1756911300000,0.1899,0.191,0.1896,0.1908,72251.3
1756911600000,0.1908,0.1919,0.1906,0.1916,21592.1
1756911900000,0.1919,0.193,0.1908,0.193,69294.2
1756912200000,0.193,0.1937,0.1912,0.1912,30085.9
1756912500000,0.1913,0.1919,0.1911,0.1912,14690.2
1756912800000,0.1911,0.1916,0.1907,0.1909,9889.9
1756913100000,0.1909,0.1913,0.1906,0.1912,14074.3
1756913400000,0.1911,0.1915,0.1907,0.1907,7679.1
1756913700000,0.1908,0.1922,0.1906,0.191,34011.9
1756914000000,0.1912,0.1913,0.1911,0.1911,1616.3
1756914300000,0.1911,0.1917,0.1906,0.1907,9290.4
1756914600000,0.1909,0.1912,0.1909,0.191,2337.3
1756914900000,0.1913,0.1915,0.1911,0.1914,25168.8
1756915200000,0.1914,0.1928,0.191,0.1921,32094.0
1756915500000,0.1921,0.1929,0.1921,0.1927,27336.9
1756915800000,0.1928,0.1936,0.1927,0.1929,29727.0
1756916100000,0.1931,0.1932,0.1921,0.1927,23484.7
1756916400000,0.1928,0.1937,0.1924,0.1935,23062.4
1756916700000,0.1936,0.1939,0.193,0.1931,11276.5
1756917000000,0.1931,0.1934,0.193,0.193,2862.6
1756917300000,0.193,0.1941,0.1922,0.1941,53840.6
1756917600000,0.194,0.1945,0.1926,0.1935,46872.5
1756917900000,0.1936,0.1942,0.1929,0.1932,16711.4
1756918200000,0.1932,0.1932,0.1925,0.1927,5549.7
1756918500000,0.1927,0.1932,0.1925,0.1928,9619.9
1756918800000,0.1928,0.1942,0.1927,0.194,11617.1
1756919100000,0.194,0.194,0.1924,0.1925,45896.1
1756919400000,0.1925,0.1927,0.1922,0.1924,9571.2
1756919700000,0.1926,0.1926,0.1918,0.1919,12471.8
1756920000000,0.192,0.1922,0.192,0.1922,1978.6
1756920300000,0.1922,0.1934,0.192,0.1932,11719.4
1756920600000,0.1934,0.1934,0.1927,0.1927,2850.2
1756920900000,0.1927,0.1928,0.1924,0.1925,5057.5
1756921200000,0.1923,0.1924,0.1919,0.1923,6650.2
1756921500000,0.192,0.1924,0.1919,0.1923,3338.0
1756921800000,0.1923,0.1927,0.1923,0.1926,921.0
1756922100000,0.1922,0.1924,0.1915,0.1917,4713.5
1756922400000,0.1917,0.1919,0.1917,0.1919,1602.3
1756922700000,0.1918,0.1918,0.1914,0.1914,1234.1
1756923000000,0.1914,0.1915,0.191,0.1912,13005.7
1756923300000,0.1913,0.192,0.1913,0.1919,36319.9
1756923600000,0.1919,0.192,0.1917,0.192,2282.3
1756923900000,0.1919,0.192,0.1918,0.192,1312.9
1756924200000,0.192,0.1924,0.1918,0.1924,9162.7
1756924500000,0.1924,0.1924,0.1914,0.1915,12741.3
1756924800000,0.1913,0.1915,0.1912,0.1912,565.8
1756925100000,0.1912,0.1913,0.191,0.1912,2943.7
1756925400000,0.1912,0.1915,0.191,0.1913,876.1
1756925700000,0.1913,0.1915,0.1909,0.1912,3903.3
1756926000000,0.1914,0.1925,0.1914,0.1925,53307.6
1756926300000,0.1924,0.1925,0.1921,0.1922,10868.2
1756926600000,0.1922,0.1926,0.192,0.1926,2531.1
1756926900000,0.1925,0.1927,0.1924,0.1924,5731.6
1756927200000,0.1924,0.1927,0.1921,0.1922,8223.6
1756927500000,0.1922,0.1924,0.1922,0.1923,2691.6
1756927800000,0.1923,0.1923,0.1913,0.1922,54336.9
1756928100000,0.1919,0.1927,0.1917,0.1927,8555.1
1756928400000,0.1927,0.1927,0.1922,0.1922,3149.0
1756928700000,0.1922,0.1924,0.1917,0.1917,2418.0
1756929000000,0.1919,0.1922,0.1918,0.1919,1761.0
1756929300000,0.1922,0.1922,0.1905,0.1916,176908.7
1756929600000,0.192,0.192,0.1899,0.1907,87694.3
1756929900000,0.1908,0.1908,0.1907,0.1908,14048.6
1756930200000,0.1907,0.1908,0.1902,0.1908,12247.6
1756930500000,0.1908,0.191,0.1896,0.1899,8632.5
1756930800000,0.1899,0.1903,0.1895,0.19,6198.1
1756931100000,0.1903,0.1904,0.1899,0.1904,5319.4
1756931400000,0.1905,0.1906,0.1893,0.1894,12273.1
1756931700000,0.1894,0.1908,0.1892,0.1906,33497.1
1756932000000,0.1907,0.1908,0.1906,0.1908,2884.8
1756932300000,0.1908,0.191,0.1907,0.1908,3181.5
1756932600000,0.1907,0.1908,0.1906,0.1908,2166.0
1756932900000,0.1908,0.1911,0.1907,0.1908,2053.7
1756933200000,0.191,0.191,0.1905,0.1908,4267.1
1756933500000,0.1909,0.191,0.1907,0.1908,1186.2
1756933800000,0.1909,0.191,0.1907,0.1909,2761.8
1756934100000,0.1909,0.1911,0.1906,0.1906,2903.8
1756934400000,0.1905,0.1907,0.1905,0.1905,2544.2
1756934700000,0.1904,0.1909,0.1902,0.1905,9707.7
1756935000000,0.1905,0.1905,0.1901,0.1901,1855.3
1756935300000,0.1903,0.1904,0.1897,0.1897,5793.8
1756935600000,0.1897,0.1899,0.1895,0.1899,4081.1
1756935900000,0.1897,0.1897,0.1892,0.1894,1168.1
1756936200000,0.1894,0.1898,0.1894,0.1898,529.7
1756936500000,0.19,0.1902,0.19,0.1901,912.1
1756936800000,0.1902,0.1905,0.1902,0.1905,2830.8
1756937100000,0.1904,0.1907,0.1903,0.1905,4058.6
1756937400000,0.1904,0.1904,0.1901,0.1901,2335.3
1756937700000,0.1901,0.1901,0.1898,0.19,3705.0
1756938000000,0.1898,0.1899,0.1897,0.1898,663.0
1756938300000,0.1897,0.1897,0.1893,0.1895,2994.6
1756938600000,0.1894,0.1895,0.1891,0.1891,1338.8
1756938900000,0.1892,0.1892,0.1889,0.1891,3368.3
1756939200000,0.1889,0.1892,0.1888,0.1892,937.0
1756939500000,0.1892,0.1895,0.1891,0.1893,7290.6
1756939800000,0.1893,0.1897,0.1893,0.1896,924.8
1756940100000,0.1895,0.1897,0.1895,0.1896,588.7
1756940400000,0.1898,0.1898,0.1895,0.1898,1789.5
1756940700000,0.1896,0.1897,0.1895,0.1895,313.0
1756941000000,0.1895,0.1896,0.1893,0.1893,1588.3
1756941300000,0.1891,0.1892,0.1889,0.189,2947.1
1756941600000,0.1892,0.1892,0.1888,0.189,724.9
1756941900000,0.1888,0.189,0.1888,0.1889,630.0
1756942200000,0.189,0.189,0.1886,0.1888,2357.6
1756942500000,0.1889,0.1889,0.1885,0.1885,6198.3
1756942800000,0.1886,0.1886,0.1881,0.1883,3617.6
1756943100000,0.1884,0.1885,0.1879,0.1882,68739.8
1756943400000,0.1882,0.1884,0.1881,0.1882,973.8
1756943700000,0.1881,0.1884,0.1881,0.1884,576.1
1756944000000,0.1882,0.1884,0.1878,0.1879,16072.3
1756944300000,0.1879,0.188,0.1877,0.188,15688.2
1756944600000,0.1878,0.1879,0.1878,0.1879,6228.4
1756944900000,0.1879,0.188,0.1872,0.188,9175.8
1756945200000,0.188,0.1884,0.1879,0.1882,1464.3
1756945500000,0.188,0.1884,0.188,0.188,4038.0
1756945800000,0.1881,0.1885,0.1881,0.1885,1480.8
1756946100000,0.1886,0.1889,0.1885,0.1885,3330.7
1756946400000,0.1883,0.1893,0.1883,0.1891,16654.0
1756946700000,0.1892,0.1892,0.1885,0.1885,17313.0
1756947000000,0.1882,0.1882,0.1876,0.1881,8825.2
1756947300000,0.1881,0.1881,0.1876,0.1879,1489.0
1756947600000,0.1878,0.1884,0.1877,0.1882,24353.4
1756947900000,0.1883,0.1883,0.1878,0.1878,10454.2
1756948200000,0.1878,0.1882,0.1876,0.1881,2324.4
1756948500000,0.1881,0.1885,0.1881,0.1885,5376.5
1756948800000,0.1885,0.1886,0.1878,0.1878,14643.9
1756949100000,0.1878,0.1878,0.1876,0.1878,2698.5
1756949400000,0.1876,0.1883,0.1876,0.1879,4476.6
1756949700000,0.1879,0.188,0.1877,0.1878,2314.9
1756950000000,0.1878,0.1881,0.1877,0.1879,1340.5
1756950300000,0.1876,0.1881,0.1873,0.1878,35638.3
1756950600000,0.1878,0.188,0.1877,0.1879,4357.1
1756950900000,0.1879,0.1883,0.1878,0.1881,10655.0
1756951200000,0.1881,0.1883,0.1873,0.1873,16323.9
1756951500000,0.1873,0.1875,0.1873,0.1874,2590.4
1756951800000,0.1875,0.1879,0.1873,0.1877,2951.1
1756952100000,0.1877,0.1879,0.1877,0.1879,5351.7
1756952400000,0.1877,0.1878,0.1864,0.1867,18200.3
1756952700000,0.1865,0.1867,0.1863,0.1865,2113.5
1756953000000,0.1864,0.1865,0.1858,0.1862,15648.4
1756953300000,0.1864,0.1866,0.1858,0.1858,2626.9
1756953600000,0.186,0.1863,0.1857,0.1858,2564.4
1756953900000,0.1859,0.1861,0.1858,0.1861,2501.1
1756954200000,0.1861,0.1861,0.186,0.1861,6860.6
1756954500000,0.1863,0.1863,0.1861,0.1862,1089.6
1756954800000,0.1863,0.1866,0.186,0.186,15991.4
1756955100000,0.1858,0.1858,0.1853,0.1855,2303.8
1756955400000,0.1857,0.1857,0.1856,0.1857,4027.0
1756955700000,0.1857,0.1869,0.1857,0.1869,9910.1
1756956000000,0.1869,0.1871,0.1866,0.1868,15949.1
1756956300000,0.1866,0.1868,0.1858,0.1858,3357.4
1756956600000,0.1863,0.1863,0.1849,0.1856,75531.0
1756956900000,0.1856,0.1858,0.1855,0.1857,2280.5
1756957200000,0.1856,0.1858,0.1855,0.1856,4183.2
1756957500000,0.1857,0.1857,0.1855,0.1856,3051.9
1756957800000,0.1857,0.1858,0.1856,0.1858,992.7
1756958100000,0.1855,0.186,0.1855,0.1859,8972.4
1756958400000,0.1857,0.186,0.1853,0.186,27265.1
1756958700000,0.1856,0.1857,0.1851,0.1857,5114.5
1756959000000,0.1856,0.1858,0.1854,0.1855,1745.9
1756959300000,0.1855,0.1857,0.1853,0.1855,5329.6
1756959600000,0.1856,0.1858,0.1854,0.1856,4347.4
1756959900000,0.1856,0.1858,0.1856,0.1857,2798.0
1756960200000,0.1855,0.1859,0.1854,0.1856,19854.8
1756960500000,0.1857,0.1861,0.1856,0.1861,3005.5
1756960800000,0.186,0.1865,0.186,0.1864,4723.2
1756961100000,0.1865,0.1867,0.1859,0.1859,13980.7
1756961400000,0.1859,0.1859,0.1853,0.1855,3520.3
1756961700000,0.1854,0.1856,0.1853,0.1854,1248.3
1756962000000,0.1854,0.1854,0.185,0.1852,11246.0
1756962300000,0.1851,0.1851,0.1844,0.1847,17282.6
1756962600000,0.1847,0.1847,0.1844,0.1846,5293.2
1756962900000,0.1846,0.1846,0.1842,0.1842,5986.5
1756963200000,0.1843,0.1843,0.1835,0.1837,6552.1
1756963500000,0.1838,0.184,0.1831,0.1833,24295.5
1756963800000,0.1835,0.1836,0.1833,0.1835,6498.6
1756964100000,0.1835,0.1838,0.1833,0.1835,7904.6
1756964400000,0.1835,0.1835,0.1833,0.1835,1763.1
1756964700000,0.1834,0.1836,0.1833,0.1836,2895.5
1756965000000,0.1836,0.1836,0.1833,0.1835,2285.4
1756965300000,0.1836,0.1836,0.1835,0.1836,462.2
1756965600000,0.1836,0.1838,0.1832,0.1833,16580.6
1756965900000,0.1833,0.1835,0.1832,0.1832,3790.7
1756966200000,0.1833,0.1834,0.1832,0.1834,1706.4
1756966500000,0.1835,0.1842,0.1833,0.1842,5164.9
1756966800000,0.1842,0.1842,0.1832,0.1832,3652.2
1756967100000,0.1833,0.1838,0.1833,0.1838,6596.7
1756967400000,0.1838,0.1843,0.1838,0.184,5102.5
1756967700000,0.1844,0.1845,0.1836,0.1837,6586.3
1756968000000,0.1836,0.1836,0.1834,0.1836,4772.4
1756968300000,0.1837,0.1837,0.1833,0.1833,7625.9
1756968600000,0.1834,0.1835,0.1833,0.1835,3936.2
1756968900000,0.1837,0.1837,0.1833,0.1833,9634.5
1756969200000,0.1836,0.1837,0.1833,0.1837,9394.7
1756969500000,0.1837,0.1841,0.1837,0.184,4155.1
1756969800000,0.1844,0.1844,0.184,0.184,1933.7
1756970100000,0.1839,0.1842,0.1838,0.184,4595.0
1756970400000,0.184,0.1844,0.1839,0.1842,11911.3
1756970700000,0.1839,0.184,0.1836,0.1839,3979.0
1756971000000,0.1839,0.1842,0.1837,0.1841,1640.1
1756971300000,0.1842,0.1843,0.1841,0.1842,826.4
1756971600000,0.1843,0.1844,0.1842,0.1842,1260.4
1756971900000,0.1845,0.1846,0.184,0.184,1591.9
1756972200000,0.1841,0.1843,0.1841,0.1842,2772.8
1756972500000,0.1846,0.1846,0.1841,0.1844,10799.4
1756972800000,0.1846,0.1846,0.1843,0.1846,2005.9
1756973100000,0.1847,0.1848,0.1843,0.1846,4142.0
1756973400000,0.1845,0.1848,0.1844,0.1847,7530.5
1756973700000,0.1845,0.1847,0.1836,0.1839,17749.8
1756974000000,0.1839,0.1842,0.1838,0.1842,2071.9
1756974300000,0.1841,0.1844,0.184,0.1844,949.3
1756974600000,0.1844,0.1846,0.1842,0.1842,1531.5
1756974900000,0.1842,0.1842,0.1839,0.1842,1291.1
1756975200000,0.184,0.1843,0.184,0.1843,404.0
1756975500000,0.1843,0.1843,0.1841,0.1841,1582.8
1756975800000,0.1842,0.1843,0.1838,0.1843,10585.6
1756976100000,0.1843,0.1845,0.1839,0.1839,11537.8
1756976400000,0.1839,0.1843,0.1839,0.1839,9024.2
1756976700000,0.184,0.1842,0.1839,0.1842,3899.9
1756977000000,0.1842,0.1842,0.1837,0.1839,5336.3
1756977300000,0.1837,0.1839,0.1836,0.1839,1133.4
1756977600000,0.1835,0.1838,0.1835,0.1837,1128.5
1756977900000,0.1838,0.1839,0.1838,0.1839,1551.2
1756978200000,0.1839,0.1842,0.1837,0.1841,1823.7
1756978500000,0.1841,0.1846,0.1841,0.1844,12802.5
1756978800000,0.1838,0.184,0.1837,0.1838,1703.3
1756979100000,0.1838,0.184,0.1837,0.1838,2278.2
1756979400000,0.1838,0.1839,0.1838,0.1839,304.3
1756979700000,0.1839,0.1841,0.1837,0.1841,1083.4
1756980000000,0.1843,0.1846,0.1838,0.1838,6143.6
1756980300000,0.1838,0.1839,0.1835,0.1836,11926.2
1756980600000,0.1839,0.1848,0.1838,0.1843,4956.1
1756980900000,0.1846,0.1846,0.1843,0.1844,3724.2
1756981200000,0.1846,0.1846,0.184,0.1842,6721.5
1756981500000,0.184,0.1842,0.1838,0.1838,2735.7
1756981800000,0.1837,0.1845,0.1837,0.1845,5762.3
1756982100000,0.1845,0.1849,0.1844,0.1846,1122.5
1756982400000,0.1847,0.1852,0.1845,0.1845,1025.4
1756982700000,0.1848,0.185,0.1846,0.1847,1473.5
1756983000000,0.1847,0.1848,0.1845,0.1845,2295.1
1756983300000,0.1845,0.1846,0.1843,0.1843,3239.4
1756983600000,0.1843,0.1848,0.184,0.1845,2512.2
1756983900000,0.1846,0.185,0.1845,0.185,2682.3
1756984200000,0.185,0.1852,0.1849,0.1851,1663.7
1756984500000,0.1851,0.1851,0.1848,0.1851,9912.9
