timestamp,open,high,low,close,volume
1725494400000,17.31,17.36,17.29,17.36,971.62
1725494700000,17.36,17.39,17.3,17.39,376.74
1725495000000,17.4,17.41,17.36,17.39,1539.83
1725495300000,17.39,17.42,17.36,17.39,1345.25
1725495600000,17.39,17.43,17.36,17.37,1772.62
1725495900000,17.37,17.43,17.36,17.4,2086.35
1725496200000,17.41,17.43,17.33,17.35,1848.08
1725496500000,17.33,17.35,17.3,17.33,1004.02
1725496800000,17.33,17.34,17.3,17.31,734.71
1725497100000,17.32,17.4,17.32,17.39,222.43
1725497400000,17.4,17.42,17.35,17.35,1339.57
1725497700000,17.35,17.35,17.3,17.33,1633.39
1725498000000,17.32,17.36,17.31,17.35,463.26
1725498300000,17.34,17.4,17.34,17.39,134.39
1725498600000,17.39,17.39,17.34,17.35,140.95
1725498900000,17.35,17.37,17.3,17.3,426.83
1725499200000,17.31,17.34,17.29,17.32,549.85
1725499500000,17.32,17.36,17.32,17.35,313.73
1725499800000,17.36,17.41,17.35,17.39,425.57
1725500100000,17.39,17.43,17.33,17.42,903.19
1725500400000,17.41,17.45,17.4,17.44,1333.37
1725500700000,17.43,17.47,17.41,17.43,1497.22
1725501000000,17.43,17.45,17.37,17.38,963.42
1725501300000,17.38,17.4,17.36,17.39,431.88
1725501600000,17.37,17.44,17.36,17.42,390.94
1725501900000,17.4,17.45,17.31,17.35,1067.52
1725502200000,17.34,17.34,17.24,17.26,3304.27
1725502500000,17.27,17.31,17.23,17.28,980.84
1725502800000,17.27,17.3,17.25,17.29,416.15
1725503100000,17.29,17.31,17.25,17.27,1312.31
1725503400000,17.26,17.29,17.22,17.23,787.02
1725503700000,17.23,17.25,17.21,17.24,1068.23
1725504000000,17.24,17.24,17.2,17.21,1075.5
1725504300000,17.2,17.23,17.19,17.2,681.59
1725504600000,17.2,17.22,17.16,17.17,694.84
1725504900000,17.18,17.19,17.16,17.18,192.39
1725505200000,17.16,17.16,17.11,17.12,1351.69
1725505500000,17.12,17.13,16.96,17.04,5507.78
1725505800000,17.04,17.08,16.97,17.01,3610.19
1725506100000,17.01,17.06,16.97,16.97,1978.85
1725506400000,17.0,17.01,16.95,17.01,3625.14
1725506700000,17.02,17.07,17.01,17.05,909.33
1725507000000,17.05,17.05,16.98,16.99,2099.55
1725507300000,16.98,16.99,16.92,16.92,2742.91
1725507600000,16.93,17.01,16.93,17.01,4450.15
1725507900000,17.0,17.03,16.95,16.97,1160.33
1725508200000,16.97,16.97,16.91,16.93,1034.38
1725508500000,16.92,16.96,16.91,16.96,1129.38
1725508800000,16.96,17.0,16.93,16.99,2791.91
1725509100000,16.99,17.09,16.98,17.08,1377.84
1725509400000,17.09,17.17,17.09,17.16,5808.98
1725509700000,17.16,17.18,17.1,17.11,1414.72
1725510000000,17.12,17.15,17.1,17.12,978.8
1725510300000,17.13,17.19,17.13,17.18,761.51
1725510600000,17.18,17.2,17.13,17.16,1510.49
1725510900000,17.17,17.18,17.15,17.18,455.18
1725511200000,17.18,17.2,17.14,17.15,552.59
1725511500000,17.14,17.27,17.14,17.27,3293.48
1725511800000,17.27,17.31,17.25,17.29,5253.13
1725512100000,17.29,17.34,17.25,17.27,4142.91
1725512400000,17.26,17.28,17.2,17.2,1741.3
1725512700000,17.21,17.21,17.12,17.14,2686.65
1725513000000,17.13,17.15,17.08,17.15,878.25
1725513300000,17.14,17.19,17.13,17.17,662.17
1725513600000,17.19,17.22,17.16,17.2,1258.38
1725513900000,17.21,17.25,17.21,17.23,1926.17
1725514200000,17.23,17.26,17.2,17.22,1973.35
1725514500000,17.22,17.23,17.17,17.17,1717.83
1725514800000,17.17,17.23,17.17,17.22,2706.44
1725515100000,17.22,17.23,17.17,17.19,431.73
1725515400000,17.18,17.18,17.15,17.15,1045.4
1725515700000,17.16,17.19,17.16,17.19,521.97
1725516000000,17.17,17.23,17.16,17.19,1325.92
1725516300000,17.19,17.2,17.17,17.17,352.99
1725516600000,17.17,17.17,17.1,17.12,2877.11
1725516900000,17.11,17.12,17.06,17.09,748.28
1725517200000,17.08,17.08,16.93,16.94,7573.13
1725517500000,16.94,17.07,16.94,17.04,6519.94
1725517800000,17.04,17.08,17.0,17.0,1443.39
1725518100000,17.0,17.01,16.94,16.95,1467.48
1725518400000,16.95,17.06,16.94,17.06,2225.1
1725518700000,17.06,17.08,17.02,17.04,1016.21
1725519000000,17.04,17.09,17.03,17.05,1505.33
1725519300000,17.04,17.07,17.02,17.06,1102.38
1725519600000,17.06,17.1,17.01,17.09,1498.08
1725519900000,17.09,17.16,17.06,17.16,8376.48
1725520200000,17.15,17.26,17.15,17.21,6516.26
1725520500000,17.2,17.23,17.16,17.21,2680.88
1725520800000,17.21,17.23,17.17,17.21,2199.28
1725521100000,17.21,17.21,17.09,17.09,13733.06
1725521400000,17.1,17.16,17.09,17.13,3082.7
1725521700000,17.12,17.12,17.07,17.1,828.05
1725522000000,17.09,17.11,17.05,17.07,9454.25
1725522300000,17.07,17.11,17.06,17.07,1358.96
1725522600000,17.07,17.1,17.05,17.07,1695.7
1725522900000,17.06,17.1,17.05,17.1,471.01
1725523200000,17.09,17.15,17.08,17.15,1035.26
1725523500000,17.15,17.19,17.12,17.12,1899.81
1725523800000,17.12,17.16,17.11,17.14,1355.41
1725524100000,17.15,17.15,17.1,17.13,924.62
1725524400000,17.11,17.2,17.11,17.19,707.05
1725524700000,17.18,17.19,17.15,17.17,1848.07
1725525000000,17.17,17.2,17.1,17.1,1591.46
1725525300000,17.1,17.1,17.01,17.03,2493.07
1725525600000,17.03,17.08,17.03,17.08,3442.49
1725525900000,17.07,17.07,17.02,17.02,1009.96
1725526200000,17.03,17.03,16.99,17.01,2637.14
1725526500000,17.01,17.08,17.01,17.06,1467.25
1725526800000,17.06,17.08,17.04,17.07,851.54
1725527100000,17.08,17.11,17.06,17.08,865.18
1725527400000,17.07,17.12,17.07,17.11,2903.99
1725527700000,17.12,17.14,17.06,17.09,790.9
1725528000000,17.08,17.25,17.04,17.04,42533.09
1725528300000,17.04,17.1,17.04,17.06,4618.58
1725528600000,17.06,17.08,17.02,17.04,2996.74
1725528900000,17.03,17.06,16.98,17.06,2576.21
1725529200000,17.07,17.23,17.06,17.22,17121.77
1725529500000,17.23,17.29,17.2,17.2,5859.85
1725529800000,17.19,17.25,17.18,17.19,1061.91
1725530100000,17.18,17.23,17.16,17.19,1137.2
1725530400000,17.19,17.23,17.18,17.22,1701.61
1725530700000,17.21,17.21,17.12,17.13,1152.8
1725531000000,17.13,17.2,17.12,17.18,1096.39
1725531300000,17.17,17.2,17.13,17.16,418.93
1725531600000,17.15,17.16,17.04,17.11,16048.18
1725531900000,17.12,17.14,17.1,17.13,1010.54
1725532200000,17.13,17.19,17.12,17.14,2750.03
1725532500000,17.15,17.22,17.14,17.18,1312.29
1725532800000,17.18,17.25,17.16,17.22,1819.81
1725533100000,17.21,17.21,17.14,17.15,1287.62
1725533400000,17.15,17.18,17.13,17.18,290.14
1725533700000,17.17,17.21,17.16,17.18,372.2
1725534000000,17.17,17.23,17.15,17.2,2131.56
1725534300000,17.21,17.21,17.12,17.14,1890.55
1725534600000,17.15,17.16,17.11,17.13,877.51
1725534900000,17.13,17.18,17.13,17.17,1400.06
1725535200000,17.16,17.2,17.15,17.16,904.12
1725535500000,17.15,17.18,17.13,17.17,434.07
1725535800000,17.15,17.21,17.15,17.19,910.84
1725536100000,17.19,17.22,17.17,17.18,360.17
1725536400000,17.17,17.17,17.1,17.12,1270.63
1725536700000,17.11,17.17,17.11,17.12,2373.95
1725537000000,17.12,17.14,17.11,17.14,512.57
1725537300000,17.13,17.14,17.09,17.09,6197.74
1725537600000,17.09,17.09,17.03,17.08,3144.19
1725537900000,17.07,17.13,17.04,17.08,3883.8
1725538200000,17.07,17.17,17.06,17.17,1031.35
1725538500000,17.16,17.16,17.02,17.02,1073.2
1725538800000,17.02,17.07,16.99,17.01,6185.05
1725539100000,17.0,17.12,16.98,17.12,2783.09
1725539400000,17.13,17.23,17.13,17.15,6160.21
1725539700000,17.15,17.15,17.0,17.05,6645.41
1725540000000,17.05,17.06,17.0,17.04,2331.83
1725540300000,17.03,17.13,17.0,17.12,694.77
1725540600000,17.1,17.14,17.06,17.1,765.12
1725540900000,17.09,17.16,17.08,17.14,1880.62
1725541200000,17.14,17.21,17.14,17.19,1192.96
1725541500000,17.2,17.2,17.12,17.16,2390.55
1725541800000,17.17,17.19,17.12,17.15,1310.41
1725542100000,17.15,17.18,17.13,17.15,716.93
1725542400000,17.15,17.16,17.12,17.15,1211.75
1725542700000,17.15,17.2,17.12,17.2,534.61
1725543000000,17.2,17.21,17.12,17.13,1518.13
1725543300000,17.13,17.39,17.12,17.34,6046.94
1725543600000,17.35,17.38,17.27,17.27,5465.92
1725543900000,17.29,17.35,17.16,17.18,4591.28
1725544200000,17.19,17.27,17.14,17.26,3247.4
1725544500000,17.25,17.34,17.22,17.33,2523.82
1725544800000,17.34,17.47,17.31,17.33,10641.42
1725545100000,17.32,17.39,17.28,17.33,2772.48
1725545400000,17.33,17.34,17.17,17.17,4122.17
1725545700000,17.18,17.26,17.14,17.26,6060.98
1725546000000,17.27,17.34,17.24,17.32,1189.66
1725546300000,17.31,17.35,17.22,17.24,4379.3
1725546600000,17.25,17.31,17.21,17.24,707.4
1725546900000,17.23,17.31,17.23,17.27,1409.35
1725547200000,17.27,17.31,17.23,17.23,840.08
1725547500000,17.23,17.23,17.08,17.12,4167.24
1725547800000,17.11,17.13,16.97,17.01,8787.29
1725548100000,17.03,17.13,17.01,17.03,2877.57
1725548400000,17.04,17.06,16.88,16.89,15143.26
1725548700000,16.9,17.05,16.88,17.05,5657.01
1725549000000,17.05,17.12,17.0,17.02,2126.79
1725549300000,17.03,17.14,17.01,17.11,3491.17
1725549600000,17.11,17.12,16.94,16.95,8463.47
1725549900000,16.95,16.96,16.77,16.79,13818.66
1725550200000,16.79,16.86,16.73,16.83,14731.93
1725550500000,16.84,17.01,16.84,16.98,4190.72
1725550800000,16.99,17.05,16.95,16.96,8729.46
1725551100000,16.96,17.07,16.96,17.04,6482.15
1725551400000,17.04,17.06,16.99,17.0,3368.93
1725551700000,17.0,17.05,16.96,16.97,3273.9
1725552000000,16.97,17.02,16.95,16.98,1647.39
1725552300000,16.97,17.07,16.96,17.06,2951.31
1725552600000,17.05,17.06,16.98,17.03,882.38
1725552900000,17.04,17.05,16.92,16.92,6779.33
1725553200000,16.92,17.06,16.89,17.05,4225.75
1725553500000,17.03,17.08,17.02,17.04,2448.12
1725553800000,17.06,17.06,16.97,17.03,1150.97
1725554100000,17.03,17.11,17.03,17.05,1049.35
1725554400000,17.05,17.12,17.05,17.12,2799.52
1725554700000,17.11,17.12,17.01,17.01,5933.0
1725555000000,17.0,17.0,16.88,16.91,6419.17
1725555300000,16.9,16.98,16.84,16.95,8931.48
1725555600000,16.96,16.99,16.91,16.94,1090.98
1725555900000,16.93,16.99,16.9,16.98,1146.69
1725556200000,16.98,17.05,16.98,17.01,2124.05
1725556500000,17.0,17.0,16.95,17.0,15814.22
1725556800000,17.0,17.02,16.94,17.02,2174.75
1725557100000,17.02,17.03,16.94,16.96,2590.33
1725557400000,16.97,16.98,16.93,16.97,1020.58
1725557700000,16.98,17.02,16.96,17.01,484.33
1725558000000,17.01,17.02,16.97,17.02,1307.65
1725558300000,17.02,17.11,17.02,17.1,1927.86
1725558600000,17.1,17.19,17.06,17.16,6053.52
1725558900000,17.15,17.21,17.14,17.2,1600.25
1725559200000,17.21,17.27,17.15,17.19,4671.45
1725559500000,17.17,17.21,17.15,17.16,1176.82
1725559800000,17.17,17.17,17.12,17.13,746.34
1725560100000,17.12,17.19,17.12,17.15,1462.77
1725560400000,17.16,17.19,17.14,17.17,1340.62
1725560700000,17.18,17.19,17.13,17.19,620.46
1725561000000,17.19,17.21,17.17,17.2,1067.08
1725561300000,17.2,17.2,17.13,17.13,610.17
1725561600000,17.14,17.15,17.1,17.12,1285.78
1725561900000,17.12,17.19,17.11,17.17,1467.16
1725562200000,17.17,17.26,17.17,17.2,3191.52
1725562500000,17.2,17.2,17.15,17.15,485.19
1725562800000,17.15,17.19,17.14,17.18,312.26
1725563100000,17.18,17.18,17.07,17.08,7304.04
1725563400000,17.07,17.08,17.04,17.07,2580.21
1725563700000,17.07,17.07,16.98,16.99,1917.34
1725564000000,16.99,17.0,16.89,16.92,2731.3
1725564300000,16.92,17.02,16.92,17.02,2119.52
1725564600000,17.02,17.05,17.0,17.03,3129.8
1725564900000,17.01,17.03,16.92,16.93,1960.26
1725565200000,16.92,16.92,16.84,16.86,7818.87
1725565500000,16.86,16.95,16.84,16.94,2218.41
1725565800000,16.94,16.94,16.86,16.89,3359.85
1725566100000,16.89,16.94,16.89,16.94,1500.03
1725566400000,16.94,17.0,16.93,17.0,6889.68
1725566700000,17.0,17.01,16.93,16.98,1154.67
1725567000000,16.99,17.06,16.96,17.05,1068.34
1725567300000,17.06,17.06,16.98,16.99,2324.52
1725567600000,16.99,17.05,16.99,17.05,744.59
1725567900000,17.04,17.09,17.02,17.03,1108.86
1725568200000,17.04,17.04,16.99,17.0,565.52
1725568500000,16.99,17.07,16.98,17.03,3924.56
1725568800000,17.04,17.08,17.04,17.07,565.19
1725569100000,17.07,17.08,17.04,17.05,1771.45
1725569400000,17.04,17.07,16.99,17.01,1032.63
1725569700000,17.0,17.05,16.98,17.02,812.81
1725570000000,17.03,17.04,16.99,16.99,447.16
1725570300000,16.99,17.02,16.99,17.0,141.13
1725570600000,17.01,17.02,17.0,17.01,312.14
1725570900000,17.02,17.08,17.02,17.05,1056.46
1725571200000,17.05,17.05,17.03,17.03,1118.14
1725571500000,17.03,17.04,17.0,17.02,675.34
1725571800000,17.02,17.06,17.0,17.0,1601.44
1725572100000,17.0,17.06,16.91,17.0,7250.12
1725572400000,17.0,17.06,16.98,17.05,1351.7
1725572700000,17.05,17.08,17.05,17.05,2668.38
1725573000000,17.04,17.06,17.0,17.01,3881.6
1725573300000,17.01,17.02,17.0,17.02,668.0
1725573600000,17.02,17.03,16.99,16.99,1123.47
1725573900000,16.98,16.98,16.93,16.94,1090.64
1725574200000,16.94,16.94,16.92,16.93,1152.67
1725574500000,16.93,16.96,16.91,16.91,455.85
1725574800000,16.9,16.91,16.84,16.87,2743.77
1725575100000,16.88,16.93,16.87,16.92,714.68
1725575400000,16.91,16.98,16.91,16.95,7764.98
1725575700000,16.96,17.0,16.95,16.98,2501.55
1725576000000,16.97,17.0,16.97,16.99,874.94
1725576300000,16.99,17.0,16.95,16.97,1435.78
1725576600000,16.96,16.99,16.95,16.97,343.47
1725576900000,16.99,17.0,16.98,16.98,435.37
1725577200000,16.99,16.99,16.93,16.94,1634.9
1725577500000,16.95,16.97,16.95,16.97,208.0
1725577800000,16.96,16.97,16.96,16.96,301.28
1725578100000,16.96,16.96,16.92,16.92,356.99
1725578400000,16.91,16.96,16.91,16.95,730.39
1725578700000,16.96,16.97,16.96,16.96,308.2
1725579000000,16.96,16.97,16.94,16.94,362.68
1725579300000,16.94,16.96,16.94,16.95,434.97
1725579600000,16.96,17.01,16.96,17.0,1992.65
1725579900000,17.0,17.01,16.98,16.99,1377.34
1725580200000,17.0,17.02,17.0,17.0,237.63
1725580500000,16.99,17.02,16.99,17.01,204.07
1725580800000,17.01,17.02,17.01,17.02,724.99
1725581100000,17.02,17.02,16.97,16.98,5910.72
1725581400000,16.99,17.03,16.99,17.01,970.55
1725581700000,17.01,17.03,16.98,17.02,973.54
1725582000000,17.02,17.02,16.99,17.01,3359.3
1725582300000,17.02,17.03,17.01,17.02,445.42
1725582600000,17.02,17.02,16.99,16.99,1048.31
1725582900000,16.99,16.99,16.9,16.9,1048.92
1725583200000,16.9,16.97,16.9,16.94,563.0
1725583500000,16.95,16.95,16.91,16.91,298.8
1725583800000,16.92,16.97,16.91,16.97,251.29
1725584100000,16.98,17.01,16.98,17.0,1659.55
1725584400000,16.98,16.98,16.91,16.91,609.71
1725584700000,16.9,16.9,16.88,16.9,145.48
1725585000000,16.9,16.92,16.89,16.92,446.68
1725585300000,16.91,16.99,16.91,16.98,583.16
1725585600000,16.98,17.02,16.97,17.0,1144.17
1725585900000,16.99,17.02,16.98,16.98,538.14
1725586200000,16.99,17.03,16.99,17.03,1834.5
1725586500000,17.02,17.1,17.02,17.09,46249.58
1725586800000,17.09,17.15,17.06,17.09,5314.83
1725587100000,17.09,17.12,17.06,17.07,719.59
1725587400000,17.08,17.15,17.07,17.15,1445.11
1725587700000,17.15,17.17,17.13,17.17,943.72
1725588000000,17.16,17.21,17.15,17.16,2203.3
1725588300000,17.16,17.24,17.15,17.22,3616.12
1725588600000,17.23,17.23,17.15,17.16,1201.34
1725588900000,17.17,17.19,17.14,17.15,1694.46
1725589200000,17.15,17.17,17.08,17.1,1503.89
1725589500000,17.11,17.13,17.09,17.1,245.09
1725589800000,17.1,17.12,17.06,17.1,4347.7
1725590100000,17.1,17.13,17.09,17.11,2015.44
1725590400000,17.11,17.15,17.1,17.15,360.77
1725590700000,17.15,17.15,17.07,17.09,679.92
1725591000000,17.1,17.1,17.07,17.09,1857.31
1725591300000,17.09,17.1,17.07,17.08,232.56
1725591600000,17.08,17.13,17.08,17.13,1399.09
1725591900000,17.14,17.24,17.14,17.21,4020.56
1725592200000,17.21,17.23,17.2,17.2,864.44
1725592500000,17.2,17.2,17.13,17.17,660.3
1725592800000,17.17,17.19,17.16,17.18,391.98
1725593100000,17.17,17.17,17.15,17.15,140.58
1725593400000,17.15,17.21,17.15,17.19,458.06
1725593700000,17.2,17.2,17.13,17.17,1275.34
1725594000000,17.17,17.19,17.17,17.18,96.33
1725594300000,17.17,17.2,17.13,17.14,542.31
1725594600000,17.14,17.15,17.09,17.11,636.21
1725594900000,17.11,17.11,17.06,17.08,1576.73
1725595200000,17.08,17.14,17.08,17.14,1853.52
1725595500000,17.14,17.15,17.11,17.15,4289.35
1725595800000,17.15,17.18,17.14,17.14,2223.17
1725596100000,17.14,17.14,17.1,17.11,943.22
1725596400000,17.11,17.12,17.04,17.06,716.9
1725596700000,17.05,17.09,17.05,17.08,1444.25
1725597000000,17.09,17.13,17.08,17.1,772.22
1725597300000,17.11,17.11,17.05,17.05,993.87
1725597600000,17.05,17.06,16.99,17.05,8452.38
1725597900000,17.05,17.07,17.03,17.05,814.49
1725598200000,17.04,17.04,16.98,16.98,1929.48
1725598500000,16.98,17.03,16.98,17.0,1980.21
1725598800000,17.0,17.05,17.0,17.05,463.47
1725599100000,17.05,17.07,17.01,17.02,1802.53
1725599400000,17.01,17.01,16.92,16.92,8885.96
1725599700000,16.93,16.96,16.93,16.95,555.59
1725600000000,16.95,16.95,16.9,16.92,1190.66
1725600300000,16.91,16.92,16.89,16.92,1191.45
1725600600000,16.91,16.96,16.88,16.94,2003.16
1725600900000,16.93,16.99,16.92,16.99,1634.69
1725601200000,16.95,16.97,16.94,16.94,1406.51
1725601500000,16.95,17.0,16.94,16.97,657.72
1725601800000,16.97,17.04,16.97,17.03,1983.73
1725602100000,17.02,17.03,16.98,16.98,1619.1
1725602400000,16.99,17.02,16.97,16.98,1034.92
1725602700000,16.99,17.0,16.93,16.98,5080.88
1725603000000,16.97,17.0,16.97,17.0,633.23
1725603300000,16.99,17.02,16.97,16.98,896.39
1725603600000,16.98,17.01,16.98,17.0,597.88
1725603900000,17.0,17.01,16.93,16.93,477.0
1725604200000,16.93,16.94,16.91,16.91,539.8
1725604500000,16.91,16.91,16.88,16.9,939.05
1725604800000,16.89,16.96,16.89,16.9,522.53
1725605100000,16.91,16.94,16.91,16.93,1403.53
1725605400000,16.93,16.95,16.9,16.94,2327.66
1725605700000,16.93,16.94,16.92,16.93,295.31
1725606000000,16.93,16.93,16.89,16.91,902.9
1725606300000,16.9,16.91,16.85,16.85,3298.54
1725606600000,16.85,16.88,16.78,16.79,3971.14
1725606900000,16.79,16.82,16.64,16.65,9273.73
1725607200000,16.65,16.65,16.44,16.47,25637.13
1725607500000,16.47,16.54,16.45,16.53,11165.95
1725607800000,16.52,16.58,16.46,16.55,11207.35
1725608100000,16.55,16.56,16.48,16.53,8446.93
1725608400000,16.53,16.68,16.53,16.66,4946.6
1725608700000,16.67,16.73,16.62,16.7,14426.92
1725609000000,16.7,16.73,16.66,16.66,1995.97
1725609300000,16.66,16.7,16.63,16.66,3060.37
1725609600000,16.65,16.71,16.65,16.67,1167.39
1725609900000,16.67,16.71,16.66,16.7,1207.06
1725610200000,16.71,16.75,16.7,16.75,2289.76
1725610500000,16.74,16.83,16.73,16.76,2609.73
1725610800000,16.76,16.83,16.72,16.74,20037.64
1725611100000,16.74,16.85,16.73,16.83,10632.36
1725611400000,16.83,16.84,16.74,16.76,10183.51
1725611700000,16.75,16.83,16.75,16.78,7903.34
1725612000000,16.78,16.78,16.75,16.76,1036.85
1725612300000,16.76,16.78,16.71,16.73,1202.04
1725612600000,16.72,16.78,16.71,16.78,1881.35
1725612900000,16.77,16.81,16.76,16.79,1780.6
1725613200000,16.78,16.78,16.73,16.77,777.96
1725613500000,16.78,16.8,16.74,16.74,1319.63
1725613800000,16.74,16.77,16.72,16.77,1123.44
1725614100000,16.77,16.77,16.64,16.64,6663.43
1725614400000,16.65,16.67,16.64,16.66,919.71
1725614700000,16.66,16.72,16.66,16.71,294.03
1725615000000,16.71,16.74,16.68,16.72,954.51
1725615300000,16.71,16.72,16.69,16.71,917.84
1725615600000,16.7,16.71,16.66,16.67,876.81
1725615900000,16.66,16.71,16.66,16.7,1569.29
1725616200000,16.7,16.71,16.64,16.64,4123.64
1725616500000,16.64,16.69,16.62,16.64,5828.86
1725616800000,16.65,16.68,16.64,16.67,1523.15
1725617100000,16.68,16.68,16.63,16.65,453.08
1725617400000,16.66,16.69,16.65,16.68,461.79
1725617700000,16.69,16.74,16.68,16.74,1431.12
1725618000000,16.74,16.79,16.73,16.78,1322.68
1725618300000,16.77,16.79,16.72,16.72,1225.4
1725618600000,16.72,16.77,16.71,16.73,4718.13
1725618900000,16.73,16.76,16.71,16.71,1029.32
1725619200000,16.71,16.72,16.58,16.63,6277.93
1725619500000,16.64,16.66,16.6,16.66,3111.84
1725619800000,16.64,16.66,16.62,16.63,766.13
1725620100000,16.63,16.64,16.6,16.6,1263.8
1725620400000,16.61,16.66,16.59,16.64,705.38
1725620700000,16.64,16.65,16.62,16.65,2874.22
1725621000000,16.65,16.66,16.59,16.61,2154.99
1725621300000,16.6,16.63,16.59,16.63,805.59
1725621600000,16.63,16.63,16.57,16.57,628.93
1725621900000,16.57,16.59,16.55,16.56,2533.52
1725622200000,16.56,16.59,16.53,16.55,5206.64
1725622500000,16.55,16.59,16.53,16.54,2794.65
1725622800000,16.54,16.56,16.54,16.56,390.92
1725623100000,16.56,16.66,16.55,16.66,6431.62
1725623400000,16.65,16.74,16.65,16.71,7027.1
1725623700000,16.71,16.73,16.67,16.68,257.55
1725624000000,16.68,16.7,16.65,16.69,1104.73
1725624300000,16.69,16.69,16.61,16.62,1395.0
1725624600000,16.61,16.64,16.6,16.61,1850.81
1725624900000,16.62,16.64,16.61,16.61,1126.46
1725625200000,16.61,16.69,16.6,16.67,595.64
1725625500000,16.68,16.7,16.61,16.66,6312.5
1725625800000,16.65,16.97,16.61,16.89,33778.2
1725626100000,16.9,17.11,16.89,17.08,20603.14
1725626400000,17.06,17.1,16.93,16.97,5621.15
1725626700000,16.98,17.11,16.94,17.11,5305.33
1725627000000,17.11,17.34,17.11,17.24,28137.27
1725627300000,17.23,17.37,17.23,17.32,12223.55
1725627600000,17.3,17.35,17.1,17.18,23404.31
1725627900000,17.19,17.23,17.15,17.19,3548.73
1725628200000,17.2,17.26,17.19,17.22,2397.11
1725628500000,17.22,17.31,17.22,17.25,4016.33
1725628800000,17.26,17.3,17.23,17.23,883.13
1725629100000,17.24,17.24,17.18,17.19,1408.89
1725629400000,17.2,17.26,17.14,17.2,7077.12
1725629700000,17.21,17.24,17.02,17.03,6665.81
1725630000000,17.02,17.07,16.84,17.0,20167.5
1725630300000,17.0,17.04,16.91,16.95,4201.3
1725630600000,16.95,17.01,16.89,16.92,7299.47
1725630900000,16.91,16.93,16.82,16.84,2709.53
1725631200000,16.84,16.84,16.71,16.72,11696.66
1725631500000,16.73,16.74,16.49,16.58,21393.27
1725631800000,16.57,16.61,16.42,16.54,20954.58
1725632100000,16.52,16.7,16.45,16.65,17972.35
1725632400000,16.65,16.73,16.64,16.67,7907.93
1725632700000,16.66,16.67,16.5,16.56,16731.01
1725633000000,16.57,16.63,16.53,16.57,7158.03
1725633300000,16.56,16.73,16.55,16.71,6662.32
1725633600000,16.7,16.71,16.58,16.6,5175.16
1725633900000,16.6,16.64,16.53,16.64,7645.94
1725634200000,16.63,16.65,16.57,16.59,3583.96
1725634500000,16.6,16.65,16.51,16.64,13443.4
1725634800000,16.63,16.77,16.62,16.64,7710.91
1725635100000,16.64,16.67,16.51,16.58,13567.28
1725635400000,16.58,16.61,16.53,16.58,3616.58
1725635700000,16.58,16.62,16.33,16.39,24413.1
1725636000000,16.37,16.68,16.37,16.59,23949.73
1725636300000,16.59,16.7,16.58,16.66,3651.53
1725636600000,16.65,16.69,16.61,16.66,2971.35
1725636900000,16.66,16.73,16.61,16.72,1689.46
1725637200000,16.72,16.78,16.71,16.75,3748.6
1725637500000,16.74,16.75,16.62,16.65,2048.34
1725637800000,16.66,16.67,16.6,16.67,2611.71
1725638100000,16.68,16.74,16.68,16.71,2035.03
1725638400000,16.71,16.72,16.61,16.61,4984.25
1725638700000,16.61,16.7,16.59,16.66,10587.67
1725639000000,16.66,16.67,16.54,16.55,10961.29
1725639300000,16.55,16.66,16.52,16.57,13010.82
1725639600000,16.58,16.69,16.56,16.67,18170.23
1725639900000,16.67,16.7,16.62,16.63,2308.82
1725640200000,16.64,16.64,16.49,16.58,8807.12
1725640500000,16.57,16.61,16.51,16.53,1501.54
1725640800000,16.53,16.54,16.44,16.53,2491.69
1725641100000,16.53,16.54,16.36,16.44,14365.23
1725641400000,16.44,16.48,16.41,16.42,3795.72
1725641700000,16.42,16.48,16.41,16.47,3291.62
1725642000000,16.47,16.49,16.41,16.49,3278.01
1725642300000,16.49,16.52,16.44,16.46,1741.96
1725642600000,16.46,16.55,16.46,16.55,830.24
1725642900000,16.55,16.56,16.51,16.53,1798.62
1725643200000,16.54,16.6,16.51,16.6,1711.96
1725643500000,16.6,16.62,16.53,16.53,563.96
1725643800000,16.53,16.53,16.45,16.48,1202.82
1725644100000,16.47,16.47,16.27,16.41,13008.53
1725644400000,16.42,16.48,16.4,16.44,4545.98
1725644700000,16.44,16.45,16.34,16.39,3718.37
1725645000000,16.39,16.44,16.35,16.44,2265.63
1725645300000,16.44,16.46,16.41,16.41,1157.41
1725645600000,16.41,16.43,16.3,16.34,2731.68
1725645900000,16.34,16.35,16.3,16.33,3029.51
1725646200000,16.33,16.36,16.31,16.35,1088.3
1725646500000,16.36,16.4,16.33,16.35,4334.56
1725646800000,16.35,16.41,16.32,16.34,1804.24
1725647100000,16.35,16.39,16.31,16.34,2324.7
1725647400000,16.34,16.38,16.26,16.28,5249.34
1725647700000,16.28,16.31,16.18,16.27,7076.06
1725648000000,16.28,16.34,16.25,16.32,3172.78
1725648300000,16.33,16.33,16.23,16.27,8453.83
1725648600000,16.29,16.29,16.21,16.21,3476.46
1725648900000,16.22,16.22,16.07,16.08,8108.95
1725649200000,16.08,16.2,16.07,16.2,8049.72
1725649500000,16.19,16.25,16.19,16.2,2934.84
1725649800000,16.19,16.21,16.16,16.17,2437.28
1725650100000,16.18,16.21,16.1,16.11,2526.42
1725650400000,16.11,16.16,16.11,16.14,1669.67
1725650700000,16.15,16.22,16.13,16.13,1455.34
1725651000000,16.14,16.16,16.08,16.09,7464.28
1725651300000,16.09,16.09,15.95,15.99,13311.07
1725651600000,15.99,16.02,15.95,15.95,3974.59
1725651900000,15.96,16.19,15.95,16.06,16894.31
1725652200000,16.07,16.18,16.0,16.18,9821.1
1725652500000,16.17,16.17,16.06,16.07,2629.45
1725652800000,16.06,16.09,16.01,16.07,4067.39
1725653100000,16.07,16.19,16.07,16.14,2224.83
1725653400000,16.14,16.17,16.13,16.16,4878.02
1725653700000,16.15,16.17,16.12,16.13,2150.73
1725654000000,16.13,16.15,16.05,16.11,3663.87
1725654300000,16.11,16.12,16.07,16.1,2673.24
1725654600000,16.09,16.11,15.95,15.96,4604.48
1725654900000,15.98,16.01,15.91,15.97,8664.59
1725655200000,15.98,16.05,15.96,16.01,5655.21
1725655500000,16.0,16.01,15.79,15.82,6983.32
1725655800000,15.83,15.85,15.69,15.74,28130.14
1725656100000,15.73,15.8,15.68,15.72,5294.73
1725656400000,15.71,15.79,15.58,15.76,18427.58
1725656700000,15.77,15.9,15.76,15.8,12146.72
1725657000000,15.8,15.93,15.78,15.93,14027.06
1725657300000,15.93,16.01,15.91,15.99,4225.41
1725657600000,16.0,16.1,16.0,16.01,6395.81
1725657900000,16.02,16.09,16.0,16.08,2100.76
1725658200000,16.08,16.08,16.0,16.05,3607.17
1725658500000,16.05,16.06,15.99,16.06,1560.08
1725658800000,16.06,16.07,16.03,16.06,3373.7
1725659100000,16.06,16.16,16.05,16.14,4879.5
1725659400000,16.15,16.15,16.09,16.13,1581.34
1725659700000,16.13,16.22,16.13,16.22,2216.19
1725660000000,16.22,16.22,16.12,16.13,5498.3
1725660300000,16.12,16.13,16.06,16.11,4543.73
1725660600000,16.11,16.17,16.1,16.16,976.99
1725660900000,16.17,16.22,16.13,16.2,3606.13
1725661200000,16.2,16.26,16.19,16.21,1891.96
1725661500000,16.21,16.29,16.2,16.28,5270.65
1725661800000,16.27,16.28,16.23,16.24,2131.79
1725662100000,16.24,16.27,16.24,16.27,734.75
1725662400000,16.27,16.3,16.27,16.29,874.63
1725662700000,16.29,16.33,16.28,16.31,1816.76
1725663000000,16.31,16.32,16.2,16.22,7829.07
1725663300000,16.21,16.23,16.2,16.2,2548.81
1725663600000,16.2,16.21,16.18,16.21,1356.24
1725663900000,16.21,16.23,16.19,16.19,841.81
1725664200000,16.19,16.24,16.18,16.23,928.46
1725664500000,16.23,16.25,16.21,16.24,2433.56
1725664800000,16.23,16.25,16.2,16.21,2096.79
1725665100000,16.22,16.24,16.21,16.22,620.71
1725665400000,16.22,16.22,16.17,16.17,671.19
1725665700000,16.19,16.24,16.19,16.24,619.66
1725666000000,16.24,16.24,16.21,16.21,564.93
1725666300000,16.22,16.23,16.19,16.2,550.56
1725666600000,16.2,16.24,16.2,16.2,1410.88
1725666900000,16.19,16.21,16.19,16.19,301.13
1725667200000,16.19,16.2,16.15,16.16,871.37
1725667500000,16.16,16.27,16.14,16.25,1647.86
1725667800000,16.25,16.28,16.18,16.19,1097.64
1725668100000,16.19,16.21,16.15,16.18,864.46
1725668400000,16.18,16.23,16.17,16.21,1530.17
1725668700000,16.22,16.25,16.21,16.25,446.75
1725669000000,16.25,16.29,16.24,16.27,6368.62
1725669300000,16.27,16.32,16.25,16.31,568.4
1725669600000,16.31,16.33,16.3,16.32,1615.85
1725669900000,16.32,16.32,16.27,16.31,1689.33
1725670200000,16.3,16.3,16.22,16.23,1051.7
1725670500000,16.22,16.24,16.17,16.17,1053.74
1725670800000,16.18,16.21,16.15,16.19,1900.28
1725671100000,16.2,16.22,16.18,16.18,1075.28
1725671400000,16.18,16.22,16.13,16.14,2252.57
1725671700000,16.14,16.15,16.11,16.11,1730.83
1725672000000,16.11,16.19,16.11,16.19,3324.31
1725672300000,16.19,16.2,16.18,16.18,390.69
1725672600000,16.17,16.17,16.14,16.17,1286.82
1725672900000,16.17,16.2,16.16,16.16,748.22
1725673200000,16.16,16.18,16.15,16.15,656.6
1725673500000,16.16,16.17,16.1,16.1,3082.51
1725673800000,16.11,16.12,16.07,16.1,2170.51
1725674100000,16.09,16.11,16.08,16.11,1043.88
1725674400000,16.12,16.12,16.04,16.07,1637.93
1725674700000,16.06,16.11,16.05,16.1,430.57
1725675000000,16.1,16.13,16.1,16.11,1616.05
1725675300000,16.11,16.11,16.07,16.1,133.44
1725675600000,16.1,16.16,16.1,16.12,1793.38
1725675900000,16.13,16.17,16.13,16.16,4200.82
1725676200000,16.16,16.16,16.1,16.13,1117.75
1725676500000,16.13,16.18,16.13,16.18,361.51
1725676800000,16.17,16.19,16.14,16.17,301.98
1725677100000,16.17,16.18,16.1,16.1,391.36
1725677400000,16.11,16.15,16.09,16.09,2457.86
1725677700000,16.09,16.11,16.07,16.09,293.38
1725678000000,16.09,16.11,16.07,16.11,425.46
1725678300000,16.11,16.14,16.1,16.13,382.5
1725678600000,16.14,16.16,16.13,16.15,511.4
1725678900000,16.15,16.16,16.12,16.15,965.46
1725679200000,16.15,16.18,16.14,16.16,560.71
1725679500000,16.16,16.2,16.15,16.18,408.77
1725679800000,16.2,16.2,16.13,16.13,491.18
1725680100000,16.13,16.16,16.12,16.15,678.33
1725680400000,16.16,16.16,16.11,16.11,438.05
1725680700000,16.11,16.16,16.09,16.16,842.63
1725681000000,16.16,16.16,16.12,16.13,169.55
1725681300000,16.12,16.13,16.11,16.11,227.55
1725681600000,16.12,16.14,16.1,16.13,218.11
1725681900000,16.13,16.18,16.12,16.17,798.17
1725682200000,16.18,16.2,16.15,16.16,1870.55
1725682500000,16.16,16.17,16.12,16.13,374.12
1725682800000,16.13,16.13,16.12,16.12,229.32
1725683100000,16.11,16.12,16.08,16.1,806.41
1725683400000,16.1,16.11,16.08,16.09,92.91
1725683700000,16.09,16.12,16.07,16.12,469.14
1725684000000,16.12,16.12,16.09,16.1,321.83
1725684300000,16.1,16.13,16.09,16.1,1169.58
1725684600000,16.1,16.12,16.08,16.12,104.08
1725684900000,16.12,16.15,16.12,16.14,388.41
1725685200000,16.15,16.15,16.11,16.14,1232.82
1725685500000,16.13,16.35,16.13,16.27,6957.18
1725685800000,16.27,16.31,16.21,16.22,1186.95
1725686100000,16.22,16.25,16.12,16.15,940.21
1725686400000,16.14,16.16,16.11,16.14,538.78
1725686700000,16.15,16.16,16.09,16.09,1120.33
1725687000000,16.1,16.15,16.1,16.14,674.25
1725687300000,16.15,16.18,16.15,16.17,276.93
1725687600000,16.17,16.18,16.15,16.17,1111.79
1725687900000,16.16,16.19,16.16,16.18,2752.02
1725688200000,16.17,16.18,16.16,16.17,2241.92
1725688500000,16.17,16.22,16.17,16.21,1227.45
1725688800000,16.21,16.23,16.2,16.22,1901.44
1725689100000,16.23,16.25,16.17,16.19,2078.68
1725689400000,16.2,16.22,16.16,16.21,2882.87
1725689700000,16.2,16.26,16.19,16.23,1832.08
1725690000000,16.22,16.25,16.18,16.18,1314.28
1725690300000,16.19,16.22,16.19,16.21,164.62
1725690600000,16.21,16.22,16.14,16.15,834.09
1725690900000,16.15,16.19,16.15,16.19,1036.96
1725691200000,16.19,16.22,16.18,16.21,368.08
1725691500000,16.22,16.25,16.21,16.23,2582.39
1725691800000,16.22,16.27,16.22,16.25,1619.81
1725692100000,16.25,16.26,16.22,16.26,643.96
1725692400000,16.26,16.29,16.2,16.21,1655.82
1725692700000,16.21,16.26,16.2,16.26,676.28
1725693000000,16.26,16.27,16.23,16.23,1100.07
1725693300000,16.23,16.25,16.21,16.22,1527.65
1725693600000,16.22,16.3,16.21,16.29,1033.59
1725693900000,16.29,16.39,16.29,16.37,7223.51
1725694200000,16.36,16.37,16.31,16.32,10198.58
1725694500000,16.32,16.38,16.24,16.28,20282.6
1725694800000,16.27,16.31,16.26,16.31,354.1
1725695100000,16.32,16.36,16.3,16.31,6442.97
1725695400000,16.32,16.32,16.3,16.3,737.7
1725695700000,16.31,16.35,16.31,16.34,606.59
1725696000000,16.33,16.36,16.32,16.34,816.2
1725696300000,16.34,16.36,16.32,16.35,2705.23
1725696600000,16.35,16.41,16.35,16.36,3158.76
1725696900000,16.36,16.38,16.3,16.3,2057.09
1725697200000,16.29,16.31,16.24,16.24,1609.94
1725697500000,16.25,16.35,16.25,16.34,3607.42
1725697800000,16.35,16.39,16.29,16.29,1270.1
1725698100000,16.3,16.33,16.3,16.32,8263.27
1725698400000,16.32,16.38,16.32,16.38,2803.95
1725698700000,16.38,16.38,16.32,16.37,3623.31
1725699000000,16.38,16.38,16.31,16.33,3834.87
1725699300000,16.33,16.37,16.33,16.36,516.54
1725699600000,16.36,16.38,16.3,16.32,4588.77
1725699900000,16.32,16.33,16.28,16.31,859.28
1725700200000,16.3,16.31,16.27,16.28,1509.79
1725700500000,16.28,16.29,16.23,16.23,1201.01
1725700800000,16.24,16.25,16.19,16.24,3613.91
1725701100000,16.24,16.25,16.2,16.21,847.55
1725701400000,16.22,16.23,16.2,16.2,676.48
1725701700000,16.2,16.2,16.17,16.2,4119.52
1725702000000,16.2,16.22,16.18,16.19,665.31
1725702300000,16.2,16.21,16.2,16.2,451.38
1725702600000,16.2,16.24,16.2,16.21,1694.92
1725702900000,16.22,16.23,16.2,16.2,2706.66
1725703200000,16.2,16.23,16.19,16.22,929.21
1725703500000,16.22,16.24,16.2,16.23,1209.82
1725703800000,16.23,16.27,16.22,16.26,9677.03
1725704100000,16.26,16.28,16.22,16.27,7717.18
1725704400000,16.27,16.29,16.24,16.25,2212.58
1725704700000,16.25,16.26,16.22,16.23,1387.9
1725705000000,16.23,16.27,16.21,16.25,2321.29
1725705300000,16.24,16.27,16.23,16.24,2704.99
1725705600000,16.25,16.3,16.25,16.28,3403.77
1725705900000,16.28,16.3,16.25,16.26,1119.73
1725706200000,16.27,16.29,16.26,16.26,185.37
1725706500000,16.26,16.27,16.24,16.25,2638.76
1725706800000,16.27,16.29,16.25,16.26,482.12
1725707100000,16.26,16.26,16.25,16.26,577.02
1725707400000,16.26,16.32,16.26,16.31,4620.1
1725707700000,16.31,16.31,16.29,16.3,253.04
1725708000000,16.3,16.38,16.3,16.38,5568.61
1725708300000,16.37,16.38,16.34,16.35,991.55
1725708600000,16.36,16.37,16.32,16.34,473.15
1725708900000,16.34,16.36,16.29,16.3,533.32
1725709200000,16.3,16.32,16.25,16.28,802.95
1725709500000,16.27,16.27,16.23,16.26,4612.27
1725709800000,16.26,16.27,16.23,16.26,1755.65
1725710100000,16.26,16.26,16.24,16.26,324.79
1725710400000,16.26,16.29,16.25,16.27,294.16
1725710700000,16.27,16.31,16.25,16.26,206.89
1725711000000,16.27,16.31,16.25,16.29,415.78
1725711300000,16.28,16.31,16.27,16.3,101.83
1725711600000,16.3,16.31,16.29,16.3,182.22
1725711900000,16.31,16.32,16.28,16.28,1256.65
1725712200000,16.28,16.32,16.28,16.31,1922.29
1725712500000,16.31,16.34,16.28,16.32,4681.47
1725712800000,16.32,16.33,16.27,16.29,1184.9
1725713100000,16.29,16.32,16.28,16.32,562.54
1725713400000,16.32,16.37,16.32,16.37,1931.35
1725713700000,16.37,16.39,16.32,16.33,969.08
1725714000000,16.33,16.36,16.32,16.35,787.48
1725714300000,16.35,16.36,16.34,16.35,673.44
1725714600000,16.36,16.37,16.36,16.37,158.97
1725714900000,16.38,16.38,16.33,16.36,753.57
1725715200000,16.36,16.37,16.33,16.34,1198.38
1725715500000,16.33,16.36,16.33,16.35,1242.98
1725715800000,16.35,16.38,16.34,16.35,1718.62
1725716100000,16.36,16.4,16.36,16.39,1767.22
1725716400000,16.39,16.39,16.29,16.31,1077.17
1725716700000,16.31,16.34,16.27,16.34,3246.34
1725717000000,16.34,16.37,16.31,16.37,799.65
1725717300000,16.37,16.39,16.34,16.37,424.32
1725717600000,16.36,16.41,16.34,16.37,908.5
1725717900000,16.38,16.4,16.35,16.39,4640.37
1725718200000,16.39,16.4,16.37,16.38,875.02
1725718500000,16.38,16.4,16.36,16.37,326.92
1725718800000,16.39,16.41,16.36,16.36,210.75
1725719100000,16.37,16.4,16.36,16.38,2667.71
1725719400000,16.39,16.43,16.37,16.39,2233.6
1725719700000,16.4,16.41,16.38,16.4,1342.71
1725720000000,16.4,16.4,16.35,16.36,613.97
1725720300000,16.36,16.36,16.32,16.34,1076.72
1725720600000,16.34,16.39,16.34,16.39,453.31
1725720900000,16.4,16.43,16.39,16.43,1256.38
1725721200000,16.43,16.49,16.42,16.47,2645.62
1725721500000,16.47,16.55,16.46,16.5,2436.05
1725721800000,16.49,16.51,16.46,16.48,6868.22
1725722100000,16.49,16.5,16.45,16.48,1278.84
1725722400000,16.48,16.58,16.48,16.58,6082.41
1725722700000,16.57,16.64,16.56,16.63,4960.94
1725723000000,16.62,16.65,16.58,16.61,1716.05
1725723300000,16.6,16.61,16.54,16.55,3889.33
1725723600000,16.53,16.56,16.51,16.54,3217.31
1725723900000,16.54,16.56,16.51,16.52,2348.74
1725724200000,16.52,16.57,16.52,16.57,1104.55
1725724500000,16.58,16.58,16.52,16.52,2411.68
1725724800000,16.53,16.55,16.52,16.55,1162.41
1725725100000,16.56,16.59,16.52,16.57,1523.27
1725725400000,16.56,16.56,16.47,16.47,6066.58
1725725700000,16.48,16.49,16.41,16.43,4592.78
1725726000000,16.44,16.46,16.43,16.44,428.16
1725726300000,16.44,16.44,16.39,16.4,1414.98
1725726600000,16.39,16.43,16.39,16.39,1500.51
1725726900000,16.4,16.42,16.31,16.36,2440.98
1725727200000,16.36,16.39,16.34,16.36,2703.6
1725727500000,16.38,16.4,16.34,16.37,545.69
1725727800000,16.36,16.37,16.33,16.36,200.43
1725728100000,16.35,16.38,16.32,16.32,1639.96
1725728400000,16.33,16.38,16.32,16.38,861.14
1725728700000,16.37,16.39,16.33,16.33,1074.19
1725729000000,16.34,16.36,16.29,16.36,1918.56
1725729300000,16.35,16.35,16.3,16.32,218.16
1725729600000,16.32,16.32,16.27,16.27,719.29
1725729900000,16.28,16.29,16.26,16.27,554.14
1725730200000,16.28,16.28,16.21,16.22,4010.56
1725730500000,16.22,16.23,16.17,16.18,2836.53
1725730800000,16.19,16.21,16.18,16.18,1153.82
1725731100000,16.19,16.21,16.16,16.17,667.81
1725731400000,16.17,16.18,16.06,16.13,5556.8
1725731700000,16.14,16.15,16.11,16.15,1367.23
1725732000000,16.14,16.14,16.06,16.13,3295.06
1725732300000,16.13,16.19,16.13,16.16,678.77
1725732600000,16.17,16.18,16.15,16.15,2422.71
1725732900000,16.15,16.19,16.15,16.16,1127.32
1725733200000,16.16,16.21,16.16,16.19,1027.56
1725733500000,16.18,16.21,16.17,16.18,737.68
1725733800000,16.18,16.22,16.18,16.21,3044.57
1725734100000,16.2,16.25,16.15,16.24,1764.31
1725734400000,16.25,16.27,16.21,16.24,1484.85
1725734700000,16.25,16.26,16.21,16.23,1455.99
1725735000000,16.22,16.23,16.2,16.2,896.18
1725735300000,16.21,16.21,16.18,16.2,298.74
1725735600000,16.22,16.23,16.2,16.21,903.78
1725735900000,16.21,16.25,16.2,16.25,489.84
1725736200000,16.25,16.27,16.22,16.24,2350.01
1725736500000,16.23,16.27,16.21,16.27,384.97
1725736800000,16.27,16.29,16.27,16.28,617.39
1725737100000,16.27,16.3,16.27,16.29,962.23
1725737400000,16.29,16.3,16.25,16.25,460.03
1725737700000,16.27,16.29,16.26,16.28,731.19
1725738000000,16.28,16.32,16.28,16.31,1857.8
1725738300000,16.31,16.36,16.31,16.36,1033.69
1725738600000,16.36,16.38,16.34,16.36,659.03
1725738900000,16.36,16.38,16.34,16.34,1010.42
1725739200000,16.34,16.36,16.31,16.32,1438.82
1725739500000,16.31,16.31,16.27,16.29,1318.25
1725739800000,16.29,16.29,16.23,16.26,3381.8
1725740100000,16.25,16.29,16.25,16.28,761.66
1725740400000,16.27,16.27,16.2,16.2,5093.42
1725740700000,16.21,16.23,16.21,16.22,1434.5
1725741000000,16.21,16.27,16.2,16.24,3497.88
1725741300000,16.23,16.24,16.2,16.22,1461.75
1725741600000,16.22,16.24,16.21,16.22,760.14
1725741900000,16.21,16.22,16.18,16.18,1247.91
1725742200000,16.18,16.18,16.15,16.16,1366.94
1725742500000,16.16,16.16,16.13,16.13,469.2
1725742800000,16.12,16.12,16.09,16.11,1131.5
1725743100000,16.11,16.11,16.06,16.07,1131.46
1725743400000,16.05,16.07,15.99,16.04,4860.9
1725743700000,16.04,16.13,16.03,16.13,1815.08
1725744000000,16.13,16.15,16.12,16.15,485.32
1725744300000,16.14,16.14,16.1,16.1,400.82
1725744600000,16.1,16.11,16.08,16.09,1264.65
1725744900000,16.09,16.09,16.06,16.07,455.06
1725745200000,16.07,16.08,16.05,16.07,1061.83
1725745500000,16.07,16.07,16.03,16.03,143.93
1725745800000,16.04,16.05,16.03,16.05,918.45
1725746100000,16.04,16.04,15.97,15.98,5061.68
1725746400000,15.98,16.02,15.98,16.0,446.8
1725746700000,16.01,16.03,15.98,16.01,839.22
1725747000000,16.01,16.02,15.98,15.99,55.64
1725747300000,15.99,16.0,15.94,15.94,663.34
1725747600000,15.93,15.97,15.93,15.96,1229.0
1725747900000,15.97,15.98,15.94,15.95,726.35
1725748200000,15.96,15.96,15.89,15.9,1907.89
1725748500000,15.91,15.91,15.88,15.89,764.46
1725748800000,15.89,15.92,15.89,15.9,636.62
1725749100000,15.9,15.92,15.87,15.91,2548.45
1725749400000,15.91,15.92,15.88,15.89,212.15
1725749700000,15.89,15.91,15.82,15.84,7246.55
1725750000000,15.84,15.86,15.82,15.82,1492.16
1725750300000,15.83,15.86,15.83,15.86,372.86
1725750600000,15.86,15.92,15.86,15.91,355.84
1725750900000,15.9,15.94,15.89,15.94,437.5
1725751200000,15.95,16.02,15.95,16.01,6145.69
1725751500000,16.0,16.02,16.0,16.01,1418.45
1725751800000,16.01,16.02,15.96,15.98,4992.01
1725752100000,15.99,15.99,15.97,15.98,227.08
1725752400000,15.98,16.0,15.98,16.0,1717.63
1725752700000,16.0,16.04,15.99,16.01,2694.63
1725753000000,16.01,16.04,16.01,16.03,491.54
1725753300000,16.05,16.05,16.01,16.02,2419.35
1725753600000,16.02,16.04,16.02,16.02,895.36
1725753900000,16.02,16.03,15.99,16.03,767.48
1725754200000,16.03,16.03,16.01,16.02,693.02
1725754500000,16.01,16.07,16.0,16.04,1678.6
1725754800000,16.03,16.07,16.03,16.06,1003.9
1725755100000,16.06,16.07,16.0,16.0,4022.23
1725755400000,16.0,16.01,15.98,16.01,344.01
1725755700000,16.01,16.01,15.99,16.0,690.85
1725756000000,16.0,16.0,15.96,15.97,514.07
1725756300000,15.97,15.98,15.93,15.98,276.14
1725756600000,15.99,16.05,15.99,16.05,597.47
1725756900000,16.06,16.07,16.04,16.04,1449.1
1725757200000,16.05,16.08,16.04,16.08,511.12
1725757500000,16.09,16.12,16.08,16.12,1056.47
1725757800000,16.12,16.12,16.08,16.09,888.1
1725758100000,16.09,16.14,16.09,16.13,426.74
1725758400000,16.13,16.16,16.12,16.13,1875.31
1725758700000,16.13,16.13,16.1,16.11,962.28
1725759000000,16.11,16.14,16.11,16.13,855.8
1725759300000,16.14,16.14,16.09,16.09,605.09
1725759600000,16.08,16.11,16.08,16.11,1778.09
1725759900000,16.11,16.11,16.08,16.09,881.05
1725760200000,16.1,16.13,16.1,16.1,431.11
1725760500000,16.1,16.14,16.1,16.14,462.0
1725760800000,16.13,16.16,16.13,16.14,988.04
1725761100000,16.16,16.17,16.15,16.16,216.58
1725761400000,16.16,16.18,16.14,16.16,64.32
1725761700000,16.17,16.17,16.13,16.15,103.91
1725762000000,16.16,16.2,16.16,16.19,279.23
1725762300000,16.18,16.22,16.18,16.22,618.8
1725762600000,16.21,16.21,16.18,16.18,1304.71
1725762900000,16.18,16.18,16.15,16.16,1306.96
1725763200000,16.16,16.18,16.16,16.16,474.67
1725763500000,16.16,16.19,16.16,16.18,287.03
1725763800000,16.18,16.2,16.18,16.19,400.52
1725764100000,16.19,16.2,16.17,16.17,406.67
1725764400000,16.18,16.22,16.17,16.22,1811.25
1725764700000,16.22,16.22,16.2,16.22,249.86
1725765000000,16.23,16.24,16.22,16.24,319.55
1725765300000,16.24,16.25,16.21,16.22,269.16
1725765600000,16.22,16.22,16.2,16.2,240.03
1725765900000,16.2,16.22,16.2,16.22,96.71
1725766200000,16.21,16.22,16.18,16.18,84.24
1725766500000,16.17,16.2,16.17,16.2,150.46
1725766800000,16.22,16.23,16.22,16.23,91.97
1725767100000,16.22,16.25,16.22,16.24,635.12
1725767400000,16.24,16.27,16.23,16.25,398.56
1725767700000,16.24,16.27,16.24,16.27,511.23
1725768000000,16.27,16.27,16.25,16.25,592.88
1725768300000,16.25,16.28,16.25,16.28,154.38
1725768600000,16.28,16.3,16.28,16.3,129.07
1725768900000,16.3,16.31,16.25,16.28,3187.84
1725769200000,16.29,16.29,16.27,16.29,818.03
1725769500000,16.29,16.34,16.29,16.33,1171.73
1725769800000,16.34,16.35,16.31,16.31,852.03
1725770100000,16.31,16.32,16.28,16.28,198.34
1725770400000,16.29,16.3,16.27,16.27,1577.27
1725770700000,16.26,16.29,16.26,16.29,384.76
1725771000000,16.28,16.35,16.28,16.35,1811.56
1725771300000,16.34,16.36,16.32,16.32,1471.36
1725771600000,16.33,16.35,16.3,16.35,1069.5
1725771900000,16.36,16.36,16.32,16.35,708.48
1725772200000,16.36,16.38,16.35,16.37,508.35
1725772500000,16.36,16.37,16.34,16.36,350.43
1725772800000,16.36,16.36,16.31,16.32,917.54
1725773100000,16.32,16.33,16.3,16.33,310.51
1725773400000,16.33,16.36,16.32,16.34,873.76
1725773700000,16.33,16.34,16.3,16.31,545.88
1725774000000,16.31,16.35,16.31,16.35,1428.23
1725774300000,16.34,16.34,16.27,16.27,1209.9
1725774600000,16.27,16.29,16.27,16.27,354.35
1725774900000,16.27,16.28,16.24,16.25,307.05
1725775200000,16.25,16.31,16.25,16.28,2922.24
1725775500000,16.28,16.3,16.26,16.28,1032.77
1725775800000,16.28,16.29,16.26,16.29,2822.71
1725776100000,16.29,16.29,16.23,16.24,2382.36
1725776400000,16.24,16.28,16.24,16.28,778.5
1725776700000,16.28,16.29,16.26,16.26,739.77
1725777000000,16.27,16.27,16.24,16.27,1421.4
1725777300000,16.27,16.28,16.24,16.24,2193.84
1725777600000,16.24,16.27,16.22,16.26,541.37
1725777900000,16.26,16.27,16.25,16.26,1390.19
1725778200000,16.26,16.26,16.23,16.23,572.12
1725778500000,16.23,16.24,16.21,16.21,191.01
1725778800000,16.21,16.23,16.21,16.23,788.22
1725779100000,16.22,16.31,16.22,16.31,522.0
1725779400000,16.32,16.37,16.32,16.37,1476.31
1725779700000,16.37,16.45,16.36,16.42,8842.26
1725780000000,16.43,16.43,16.37,16.37,1187.88
1725780300000,16.37,16.38,16.34,16.38,1807.76
1725780600000,16.39,16.42,16.37,16.4,1375.12
1725780900000,16.39,16.46,16.38,16.46,931.47
1725781200000,16.46,16.47,16.43,16.44,809.75
1725781500000,16.44,16.47,16.41,16.45,2780.51
1725781800000,16.45,16.46,16.39,16.39,989.27
1725782100000,16.43,16.46,16.43,16.46,1196.51
1725782400000,16.46,16.52,16.45,16.45,4599.11
1725782700000,16.45,16.45,16.38,16.39,837.23
1725783000000,16.39,16.4,16.37,16.37,1315.37
1725783300000,16.38,16.42,16.37,16.39,1623.13
1725783600000,16.39,16.4,16.37,16.39,1590.25
1725783900000,16.38,16.4,16.38,16.4,1944.94
1725784200000,16.4,16.45,16.39,16.45,2302.97
1725784500000,16.45,16.52,16.45,16.5,6275.76
1725784800000,16.5,16.53,16.49,16.49,1347.74
1725785100000,16.49,16.52,16.48,16.49,1532.73
1725785400000,16.49,16.49,16.46,16.48,1310.94
1725785700000,16.47,16.53,16.47,16.52,1077.83
1725786000000,16.53,16.57,16.52,16.56,4346.88
1725786300000,16.56,16.57,16.54,16.55,2218.09
1725786600000,16.56,16.63,16.55,16.57,3545.99
1725786900000,16.58,16.63,16.48,16.49,2425.75
1725787200000,16.49,16.57,16.49,16.54,1762.49
1725787500000,16.53,16.54,16.5,16.53,4033.93
1725787800000,16.53,16.55,16.5,16.52,2090.05
1725788100000,16.51,16.54,16.48,16.5,1273.16
1725788400000,16.51,16.52,16.48,16.49,3123.95
1725788700000,16.5,16.52,16.46,16.46,1610.62
1725789000000,16.46,16.48,16.44,16.48,1119.14
1725789300000,16.48,16.48,16.44,16.45,963.12
1725789600000,16.45,16.52,16.45,16.51,690.73
1725789900000,16.52,16.54,16.48,16.51,4283.29
1725790200000,16.5,16.53,16.49,16.52,210.85
1725790500000,16.52,16.52,16.45,16.46,1444.64
1725790800000,16.46,16.48,16.45,16.46,1543.64
1725791100000,16.47,16.5,16.46,16.48,696.67
1725791400000,16.48,16.5,16.46,16.48,1186.1
1725791700000,16.48,16.49,16.44,16.45,1429.76
1725792000000,16.44,16.47,16.44,16.47,1051.12
1725792300000,16.47,16.47,16.42,16.42,1081.75
1725792600000,16.43,16.47,16.43,16.47,1292.48
1725792900000,16.47,16.49,16.47,16.47,605.07
1725793200000,16.48,16.51,16.48,16.5,2081.25
1725793500000,16.5,16.5,16.45,16.46,661.35
1725793800000,16.47,16.51,16.46,16.49,592.11
1725794100000,16.48,16.5,16.46,16.47,2320.14
1726099200000,18.73,18.83,18.71,18.8,1871.51
1726099500000,18.79,18.86,18.78,18.86,1263.07
1726099800000,18.86,18.93,18.85,18.88,3998.54
1726100100000,18.9,18.93,18.86,18.9,2866.19
1726100400000,18.9,19.02,18.88,18.95,9356.74
1726100700000,18.95,18.99,18.91,18.99,9276.49
1726101000000,18.99,19.0,18.91,18.93,1434.46
1726101300000,18.94,19.1,18.94,19.04,4875.48
1726101600000,19.04,19.07,18.99,19.01,3830.32
1726101900000,19.0,19.02,18.93,18.95,1187.26
1726102200000,18.93,18.95,18.88,18.88,5305.04
1726102500000,18.87,18.93,18.86,18.9,680.35
1726102800000,18.9,18.96,18.9,18.95,2308.47
1726103100000,18.94,18.96,18.87,18.9,1359.38
1726103400000,18.9,18.94,18.87,18.87,5644.08
1726103700000,18.88,18.93,18.87,18.89,2295.63
1726104000000,18.88,18.9,18.81,18.82,5192.14
1726104300000,18.82,18.87,18.81,18.86,839.75
1726104600000,18.87,18.87,18.81,18.83,1123.3
1726104900000,18.83,18.84,18.73,18.78,6530.74
1726105200000,18.78,18.79,18.71,18.75,443.35
1726105500000,18.73,18.77,18.72,18.76,1003.74
1726105800000,18.75,18.8,18.74,18.75,871.36
1726106100000,18.76,18.87,18.75,18.85,5690.7
1726106400000,18.86,18.99,18.83,18.91,10075.03
1726106700000,18.9,18.9,18.79,18.82,1498.72
1726107000000,18.82,18.83,18.7,18.74,2905.0
1726107300000,18.74,18.85,18.74,18.8,3980.35
1726107600000,18.81,18.82,18.77,18.79,1583.44
1726107900000,18.8,18.83,18.75,18.83,9042.42
1726108200000,18.82,18.88,18.81,18.81,1389.11
1726108500000,18.81,18.86,18.8,18.86,1460.55
1726108800000,18.86,18.87,18.83,18.85,516.71
1726109100000,18.85,18.93,18.85,18.92,1312.95
1726109400000,18.93,18.95,18.89,18.93,2052.71
1726109700000,18.91,18.95,18.88,18.89,3888.95
1726110000000,18.88,18.88,18.83,18.84,903.53
1726110300000,18.85,18.87,18.77,18.81,2312.82
1726110600000,18.82,18.86,18.81,18.81,1471.05
1726110900000,18.82,18.86,18.74,18.76,4286.44
1726111200000,18.77,18.85,18.76,18.81,8926.3
1726111500000,18.83,18.88,18.81,18.88,799.65
1726111800000,18.88,19.01,18.88,19.01,10915.99
1726112100000,19.01,19.01,18.94,18.95,3913.04
1726112400000,18.95,19.04,18.94,18.99,7394.16
1726112700000,18.98,18.99,18.93,18.94,249.63
1726113000000,18.94,19.03,18.94,19.01,5251.18
1726113300000,19.01,19.07,19.0,19.06,7392.59
1726113600000,19.07,19.2,19.06,19.13,18748.53
1726113900000,19.12,19.23,19.12,19.23,10696.77
1726114200000,19.22,19.37,19.22,19.34,13897.98
1726114500000,19.34,19.35,19.26,19.3,8992.7
1726114800000,19.3,19.32,19.23,19.27,6481.12
1726115100000,19.28,19.36,19.26,19.35,3512.88
1726115400000,19.34,19.34,19.24,19.25,2306.57
1726115700000,19.25,19.31,19.21,19.3,7864.77
1726116000000,19.3,19.32,19.26,19.27,2629.97
1726116300000,19.26,19.43,19.25,19.39,18080.56
1726116600000,19.38,19.45,19.38,19.41,15978.28
1726116900000,19.41,19.44,19.36,19.37,7416.73
1726117200000,19.37,19.39,19.29,19.29,6049.69
1726117500000,19.29,19.31,19.21,19.26,2561.54
1726117800000,19.26,19.4,19.25,19.39,2428.51
1726118100000,19.4,19.4,19.33,19.33,2248.2
1726118400000,19.33,19.33,19.26,19.28,2167.72
1726118700000,19.28,19.32,19.26,19.28,1045.59
1726119000000,19.27,19.28,19.16,19.21,4956.97
1726119300000,19.2,19.2,19.13,19.16,3308.43
1726119600000,19.16,19.2,19.15,19.16,2029.07
1726119900000,19.17,19.28,19.17,19.27,3955.32
1726120200000,19.27,19.28,19.15,19.16,5690.63
1726120500000,19.16,19.2,19.14,19.17,1527.72
1726120800000,19.18,19.2,19.15,19.18,2174.58
1726121100000,19.2,19.26,19.19,19.21,4033.35
1726121400000,19.2,19.23,19.18,19.22,1340.44
1726121700000,19.22,19.24,19.18,19.21,2887.16
1726122000000,19.2,19.22,19.14,19.15,1213.54
1726122300000,19.16,19.19,19.13,19.19,431.68
1726122600000,19.19,19.26,19.18,19.23,886.41
1726122900000,19.23,19.28,19.2,19.28,4448.65
1726123200000,19.27,19.3,19.24,19.28,3335.52
1726123500000,19.27,19.33,19.22,19.3,4436.3
1726123800000,19.31,19.48,19.3,19.43,18693.83
1726124100000,19.43,19.43,19.33,19.33,1579.93
1726124400000,19.33,19.4,19.32,19.39,1347.74
1726124700000,19.38,19.39,19.26,19.27,977.46
1726125000000,19.28,19.34,19.28,19.32,1021.61
1726125300000,19.33,19.36,19.28,19.3,926.9
1726125600000,19.29,19.33,19.27,19.28,1278.14
1726125900000,19.3,19.37,19.27,19.36,1528.31
1726126200000,19.37,19.42,19.3,19.32,1618.53
1726126500000,19.31,19.33,19.27,19.31,753.05
1726126800000,19.31,19.32,19.24,19.3,985.08
1726127100000,19.31,19.39,19.31,19.34,415.31
1726127400000,19.34,19.37,19.31,19.33,320.78
1726127700000,19.32,19.38,19.3,19.31,1356.55
1726128000000,19.31,19.33,19.24,19.3,1590.2
1726128300000,19.29,19.37,19.28,19.32,1306.88
1726128600000,19.33,19.33,19.28,19.3,572.91
1726128900000,19.29,19.34,19.28,19.3,1628.87
1726129200000,19.32,19.38,19.31,19.38,2236.65
1726129500000,19.38,19.4,19.37,19.39,1337.41
1726129800000,19.39,19.39,19.3,19.35,1914.5
1726130100000,19.35,19.38,19.32,19.33,2608.76
1726130400000,19.32,19.44,19.27,19.38,7910.44
1726130700000,19.38,19.4,19.36,19.39,3099.56
1726131000000,19.4,19.42,19.33,19.41,1908.89
1726131300000,19.41,19.41,19.31,19.31,1177.5
1726131600000,19.32,19.37,19.27,19.27,4605.45
1726131900000,19.28,19.34,19.25,19.34,1341.36
1726132200000,19.33,19.33,19.29,19.33,1046.45
1726132500000,19.33,19.34,19.27,19.27,1504.46
1726132800000,19.27,19.29,19.25,19.28,1760.27
1726133100000,19.27,19.31,19.26,19.27,1584.16
1726133400000,19.28,19.28,19.24,19.25,2773.13
1726133700000,19.25,19.3,19.24,19.25,1405.78
1726134000000,19.25,19.28,19.23,19.24,3112.25
1726134300000,19.25,19.26,19.17,19.22,7703.32
1726134600000,19.22,19.29,19.22,19.24,1288.11
1726134900000,19.25,19.27,19.19,19.21,885.13
1726135200000,19.21,19.26,19.2,19.23,3883.57
1726135500000,19.23,19.28,19.23,19.27,3335.63
1726135800000,19.27,19.36,19.26,19.34,2406.75
1726136100000,19.33,19.33,19.27,19.28,2696.42
1726136400000,19.29,19.3,19.2,19.22,7582.37
1726136700000,19.22,19.24,19.19,19.21,2067.85
1726137000000,19.21,19.23,19.19,19.23,824.79
1726137300000,19.22,19.22,19.17,19.19,1743.6
1726137600000,19.19,19.22,19.17,19.19,5550.83
1726137900000,19.19,19.22,19.17,19.19,1294.48
1726138200000,19.17,19.18,19.13,19.16,3262.22
1726138500000,19.16,19.16,19.13,19.15,4181.35
1726138800000,19.16,19.22,19.15,19.2,1070.46
1726139100000,19.2,19.27,19.18,19.2,3738.21
1726139400000,19.2,19.22,19.17,19.21,1559.81
1726139700000,19.21,19.25,19.19,19.25,668.08
1726140000000,19.26,19.33,19.25,19.33,6147.61
1726140300000,19.33,19.35,19.28,19.29,335.61
1726140600000,19.28,19.31,19.27,19.3,367.87
1726140900000,19.3,19.32,19.28,19.29,1695.62
1726141200000,19.28,19.3,19.26,19.27,728.12
1726141500000,19.28,19.29,19.22,19.27,1017.79
1726141800000,19.28,19.28,19.24,19.27,528.14
1726142100000,19.28,19.28,19.23,19.26,1315.05
1726142400000,19.26,19.27,19.19,19.19,3204.7
1726142700000,19.2,19.26,19.2,19.26,908.7
1726143000000,19.24,19.26,19.2,19.2,605.34
1726143300000,19.21,19.23,19.18,19.2,551.79
1726143600000,19.2,19.21,19.18,19.19,355.08
1726143900000,19.19,19.23,19.19,19.22,3838.49
1726144200000,19.22,19.22,19.14,19.14,2561.31
1726144500000,19.15,19.17,19.02,19.07,13679.62
1726144800000,19.07,19.13,19.06,19.12,9521.91
1726145100000,19.13,19.17,19.11,19.15,6336.11
1726145400000,19.14,19.17,19.09,19.11,4116.06
1726145700000,19.12,19.17,19.01,19.02,9059.01
1726146000000,19.01,19.06,18.99,19.06,7632.52
1726146300000,19.06,19.1,19.04,19.1,5805.29
1726146600000,19.09,19.1,19.03,19.06,2528.82
1726146900000,19.07,19.09,19.05,19.07,1152.62
1726147200000,19.07,19.13,19.06,19.13,4478.86
1726147500000,19.13,19.2,19.13,19.19,2022.46
1726147800000,19.19,19.21,19.12,19.19,4820.3
1726148100000,19.18,19.27,19.17,19.23,3212.49
1726148400000,19.22,19.25,19.17,19.2,989.51
1726148700000,19.2,19.22,19.07,19.09,5349.04
1726149000000,19.09,19.19,19.07,19.15,9764.44
1726149300000,19.15,19.16,18.86,18.97,38340.35
1726149600000,18.96,19.03,18.92,18.97,15372.13
1726149900000,18.97,19.0,18.93,18.97,5712.86
1726150200000,18.97,19.09,18.95,19.05,4119.32
1726150500000,19.05,19.14,19.02,19.11,7168.78
1726150800000,19.11,19.16,19.09,19.11,3017.01
1726151100000,19.09,19.14,19.06,19.09,7007.26
1726151400000,19.09,19.16,19.06,19.16,4962.22
1726151700000,19.13,19.13,18.98,19.04,6647.57
1726152000000,19.02,19.1,18.99,19.08,6288.47
1726152300000,19.08,19.09,18.93,19.03,8137.5
1726152600000,19.03,19.07,19.02,19.05,3680.25
1726152900000,19.05,19.12,18.94,18.95,4153.8
1726153200000,18.95,19.07,18.94,19.04,7296.43
1726153500000,19.06,19.1,19.03,19.03,1273.1
1726153800000,19.03,19.14,19.03,19.12,3687.98
1726154100000,19.11,19.11,19.02,19.06,1854.46
1726154400000,19.06,19.07,19.01,19.05,1077.31
1726154700000,19.05,19.05,18.97,18.99,1134.92
1726155000000,18.98,19.07,18.98,19.01,1543.46
1726155300000,19.0,19.02,18.93,18.97,14537.77
1726155600000,18.99,19.04,18.94,18.95,3106.5
1726155900000,18.95,18.96,18.78,18.85,18829.12
1726156200000,18.85,18.89,18.82,18.87,1144.24
1726156500000,18.87,18.93,18.87,18.91,1175.41
1726156800000,18.9,18.99,18.9,18.97,2002.99
1726157100000,18.99,18.99,18.94,18.98,949.3
1726157400000,18.99,19.03,18.99,19.02,1619.7
1726157700000,19.03,19.09,19.03,19.07,6157.16
1726158000000,19.08,19.12,19.06,19.07,4870.31
1726158300000,19.08,19.12,19.07,19.08,227.8
1726158600000,19.08,19.11,19.06,19.1,1156.71
1726158900000,19.09,19.13,19.07,19.08,1175.95
1726159200000,19.07,19.09,19.03,19.04,1707.72
1726159500000,19.03,19.05,18.99,18.99,4337.88
1726159800000,18.98,19.04,18.98,19.03,907.62
1726160100000,19.02,19.12,19.02,19.1,2977.7
1726160400000,19.08,19.14,19.07,19.14,1416.77
1726160700000,19.15,19.16,19.08,19.16,1071.73
1726161000000,19.16,19.2,19.1,19.11,2145.66
1726161300000,19.11,19.13,19.08,19.13,1184.02
1726161600000,19.12,19.21,19.1,19.19,7309.19
1726161900000,19.19,19.19,19.08,19.08,1935.74
1726162200000,19.1,19.19,19.08,19.17,1787.31
1726162500000,19.16,19.21,19.14,19.18,2536.91
1726162800000,19.18,19.23,19.17,19.23,1787.4
1726163100000,19.23,19.25,19.16,19.18,1640.83
1726163400000,19.17,19.26,19.15,19.23,9102.45
1726163700000,19.23,19.24,19.2,19.23,244.97
1726164000000,19.23,19.23,19.18,19.18,602.56
1726164300000,19.19,19.21,19.13,19.15,1546.91
1726164600000,19.16,19.19,19.16,19.17,1013.2
1726164900000,19.18,19.23,19.18,19.2,529.87
1726165200000,19.2,19.2,19.12,19.18,7523.47
1726165500000,19.18,19.22,19.17,19.2,938.94
1726165800000,19.2,19.24,19.18,19.22,1764.52
1726166100000,19.22,19.31,19.22,19.28,3308.76
1726166400000,19.27,19.27,19.22,19.23,805.86
1726166700000,19.23,19.27,19.2,19.2,1603.04
1726167000000,19.2,19.21,19.09,19.12,3811.9
1726167300000,19.12,19.16,19.1,19.14,1763.56
1726167600000,19.14,19.21,19.13,19.21,1582.8
1726167900000,19.21,19.29,19.17,19.28,2532.85
1726168200000,19.28,19.31,19.22,19.22,464.77
1726168500000,19.23,19.28,19.19,19.23,1144.02
1726168800000,19.22,19.26,19.17,19.25,1051.88
1726169100000,19.25,19.27,19.21,19.25,793.1
1726169400000,19.25,19.28,19.24,19.28,499.33
1726169700000,19.29,19.29,19.23,19.25,4565.25
1726170000000,19.25,19.25,19.19,19.21,2362.47
1726170300000,19.21,19.23,19.19,19.19,887.12
1726170600000,19.19,19.23,19.18,19.21,931.94
1726170900000,19.21,19.24,19.19,19.24,1409.64
1726171200000,19.23,19.24,19.2,19.21,2043.17
1726171500000,19.21,19.22,19.18,19.19,1103.36
1726171800000,19.19,19.19,19.14,19.14,2111.11
1726172100000,19.16,19.19,19.14,19.19,763.89
1726172400000,19.19,19.22,19.17,19.18,2860.42
1726172700000,19.19,19.23,19.19,19.21,1707.21
1726173000000,19.22,19.27,19.2,19.26,883.17
1726173300000,19.26,19.28,19.25,19.26,808.51
1726173600000,19.25,19.28,19.22,19.23,1750.47
1726173900000,19.24,19.24,19.16,19.18,5132.07
1726174200000,19.17,19.21,19.17,19.19,722.84
1726174500000,19.2,19.23,19.18,19.2,1140.47
1726174800000,19.2,19.24,19.17,19.22,1158.22
1726175100000,19.22,19.23,19.17,19.19,2634.54
1726175400000,19.19,19.19,19.14,19.15,1506.35
1726175700000,19.16,19.22,19.14,19.18,2406.0
1726176000000,19.18,19.2,19.16,19.19,569.58
1726176300000,19.19,19.19,19.15,19.19,827.76
1726176600000,19.19,19.37,19.19,19.31,11324.65
1726176900000,19.31,19.34,19.28,19.28,899.97
1726177200000,19.29,19.32,19.25,19.25,2254.55
1726177500000,19.26,19.32,19.26,19.3,2717.71
1726177800000,19.29,19.33,19.27,19.29,1572.94
1726178100000,19.3,19.3,19.24,19.24,248.07
1726178400000,19.25,19.34,19.23,19.33,531.95
1726178700000,19.33,19.35,19.28,19.29,194.6
1726179000000,19.29,19.3,19.26,19.27,656.81
1726179300000,19.27,19.34,19.27,19.34,690.64
1726179600000,19.34,19.36,19.32,19.35,228.32
1726179900000,19.34,19.36,19.32,19.35,428.52
1726180200000,19.34,19.4,19.33,19.39,2566.59
1726180500000,19.38,19.41,19.33,19.34,3820.91
1726180800000,19.33,19.34,19.31,19.33,693.38
1726181100000,19.33,19.37,19.28,19.29,561.51
1726181400000,19.29,19.29,19.25,19.28,727.77
1726181700000,19.27,19.33,19.27,19.29,4551.3
1726182000000,19.3,19.33,19.26,19.27,3993.95
1726182300000,19.28,19.35,19.28,19.31,2597.98
1726182600000,19.31,19.32,19.23,19.23,1511.56
1726182900000,19.23,19.27,19.23,19.24,939.43
1726183200000,19.25,19.31,19.25,19.31,872.83
1726183500000,19.3,19.3,19.26,19.29,506.02
1726183800000,19.3,19.32,19.28,19.28,118.01
1726184100000,19.29,19.32,19.28,19.29,551.44
1726184400000,19.28,19.3,19.26,19.29,872.91
1726184700000,19.28,19.33,19.28,19.33,1376.31
1726185000000,19.33,19.35,19.32,19.34,796.71
1726185300000,19.36,19.36,19.33,19.35,1352.09
1726185600000,19.35,19.42,19.35,19.4,2250.79
1726185900000,19.4,19.42,19.37,19.38,4746.56
1726186200000,19.38,19.4,19.35,19.36,1318.21
1726186500000,19.36,19.38,19.31,19.32,1131.3
1726186800000,19.31,19.34,19.27,19.33,1623.64
1726187100000,19.33,19.37,19.33,19.35,539.18
1726187400000,19.35,19.43,19.34,19.42,2276.62
1726187700000,19.41,19.45,19.39,19.42,1529.76
1726188000000,19.42,19.45,19.35,19.35,3141.55
1726188300000,19.34,19.47,19.3,19.44,36699.28
1726188600000,19.45,19.49,19.39,19.41,8062.42
1726188900000,19.4,19.49,19.4,19.45,15368.82
1726189200000,19.44,19.46,19.32,19.33,2438.18
1726189500000,19.32,19.33,19.28,19.29,2347.36
1726189800000,19.29,19.32,19.24,19.25,1791.89
1726190100000,19.26,19.3,19.2,19.22,1509.46
1726190400000,19.22,19.28,19.18,19.26,6605.78
1726190700000,19.26,19.31,19.24,19.27,7663.13
1726191000000,19.26,19.27,19.23,19.25,1667.94
1726191300000,19.25,19.33,19.25,19.33,2222.9
1726191600000,19.31,19.35,19.31,19.32,652.18
1726191900000,19.31,19.36,19.28,19.36,2871.01
1726192200000,19.35,19.37,19.33,19.33,899.45
1726192500000,19.34,19.39,19.29,19.29,1752.76
1726192800000,19.29,19.29,19.2,19.24,2086.99
1726193100000,19.22,19.23,19.18,19.18,1819.22
1726193400000,19.18,19.19,19.11,19.12,4776.86
1726193700000,19.12,19.17,19.12,19.14,2217.13
1726194000000,19.14,19.18,19.09,19.15,4458.27
1726194300000,19.15,19.15,19.12,19.12,634.41
1726194600000,19.13,19.13,19.07,19.12,6079.28
1726194900000,19.12,19.15,19.09,19.1,6526.66
1726195200000,19.09,19.12,19.07,19.09,2880.87
1726195500000,19.1,19.1,19.07,19.08,3833.44
1726195800000,19.08,19.1,19.03,19.05,7331.86
1726196100000,19.04,19.05,19.02,19.04,428.61
1726196400000,19.03,19.08,19.02,19.07,977.36
1726196700000,19.08,19.11,19.08,19.11,2289.36
1726197000000,19.12,19.14,19.08,19.08,1392.35
1726197300000,19.08,19.16,19.06,19.14,10444.9
1726197600000,19.13,19.18,19.12,19.17,1293.86
1726197900000,19.17,19.2,19.14,19.18,2713.46
1726198200000,19.19,19.2,19.15,19.18,2203.52
1726198500000,19.17,19.18,19.14,19.16,723.95
1726198800000,19.14,19.17,19.13,19.14,1811.06
1726199100000,19.13,19.14,19.09,19.1,1607.56
1726199400000,19.11,19.14,19.07,19.14,1301.65
1726199700000,19.13,19.13,19.1,19.1,356.36
1726200000000,19.11,19.16,19.09,19.16,1223.55
1726200300000,19.15,19.16,19.14,19.14,463.66
1726200600000,19.16,19.2,19.16,19.17,1352.99
1726200900000,19.17,19.19,19.16,19.17,816.8
1726201200000,19.18,19.18,19.15,19.17,469.83
1726201500000,19.16,19.19,19.15,19.18,344.16
1726201800000,19.19,19.22,19.17,19.19,1689.04
1726202100000,19.17,19.22,19.15,19.18,980.03
1726202400000,19.2,19.2,19.14,19.15,2050.16
1726202700000,19.15,19.2,19.15,19.16,1115.68
1726203000000,19.16,19.24,19.15,19.23,2631.03
1726203300000,19.23,19.23,19.17,19.17,1169.69
1726203600000,19.17,19.21,19.17,19.2,1685.43
1726203900000,19.21,19.23,19.2,19.21,832.41
1726204200000,19.21,19.23,19.18,19.19,558.35
1726204500000,19.18,19.2,19.16,19.17,334.84
1726204800000,19.17,19.18,19.15,19.17,1363.02
1726205100000,19.17,19.17,19.12,19.14,3765.89
1726205400000,19.14,19.15,19.11,19.11,1676.76
1726205700000,19.11,19.19,19.11,19.14,5476.9
1726206000000,19.13,19.17,19.13,19.15,2330.49
1726206300000,19.14,19.16,19.12,19.15,1923.54
1726206600000,19.14,19.16,19.12,19.14,1303.06
1726206900000,19.15,19.15,19.11,19.11,1186.62
1726207200000,19.12,19.13,19.1,19.1,922.0
1726207500000,19.1,19.15,19.1,19.15,1041.87
1726207800000,19.14,19.15,19.1,19.12,1418.96
1726208100000,19.12,19.15,19.1,19.12,2056.77
1726208400000,19.13,19.16,19.13,19.16,1050.74
1726208700000,19.16,19.17,19.09,19.1,11982.32
1726209000000,19.1,19.15,19.1,19.11,1167.45
1726209300000,19.11,19.13,19.08,19.12,3312.06
1726209600000,19.11,19.13,19.1,19.12,1285.0
1726209900000,19.12,19.13,19.1,19.1,2293.53
1726210200000,19.1,19.17,19.1,19.16,1559.65
1726210500000,19.16,19.16,19.12,19.12,1439.2
1726210800000,19.12,19.17,19.12,19.15,3326.67
1726211100000,19.15,19.18,19.14,19.18,1664.56
1726211400000,19.18,19.19,19.09,19.09,4904.62
1726211700000,19.11,19.11,19.08,19.09,2674.54
1726212000000,19.11,19.11,19.0,19.0,8871.59
1726212300000,19.0,19.01,18.93,19.0,8017.82
1726212600000,19.0,19.0,18.96,18.98,875.13
1726212900000,18.98,18.99,18.97,18.97,911.14
1726213200000,18.97,19.0,18.96,18.99,359.36
1726213500000,18.99,18.99,18.96,18.97,918.57
1726213800000,18.97,19.02,18.97,19.02,8190.29
1726214100000,19.01,19.05,18.97,18.97,4482.68
1726214400000,18.98,19.01,18.94,18.94,5713.22
1726214700000,18.95,19.01,18.94,19.01,1463.75
1726215000000,19.0,19.0,18.98,18.98,985.03
1726215300000,18.97,18.98,18.94,18.95,1593.22
1726215600000,18.95,18.96,18.91,18.93,1581.68
1726215900000,18.94,18.94,18.9,18.9,683.52
1726216200000,18.9,18.95,18.89,18.89,6519.33
1726216500000,18.9,18.93,18.9,18.92,2457.24
1726216800000,18.91,18.94,18.9,18.93,1083.82
1726217100000,18.94,18.96,18.93,18.96,539.22
1726217400000,18.96,18.98,18.93,18.94,1452.19
1726217700000,18.94,18.95,18.93,18.93,1123.91
1726218000000,18.94,18.95,18.91,18.92,894.07
1726218300000,18.91,18.95,18.91,18.93,1274.31
1726218600000,18.93,18.94,18.91,18.94,442.54
1726218900000,18.95,19.01,18.89,18.92,14780.19
1726219200000,18.93,18.96,18.92,18.93,1717.26
1726219500000,18.93,18.94,18.91,18.93,355.96
1726219800000,18.93,18.96,18.93,18.93,1702.33
1726220100000,18.94,19.01,18.94,18.99,3436.35
1726220400000,18.98,19.01,18.96,18.97,2432.88
1726220700000,18.97,19.0,18.96,18.99,833.91
1726221000000,18.98,18.98,18.89,18.91,627.86
1726221300000,18.9,18.9,18.85,18.85,1873.27
1726221600000,18.86,18.92,18.84,18.92,4618.82
1726221900000,18.91,18.96,18.89,18.96,3800.58
1726222200000,18.96,18.96,18.91,18.92,651.47
1726222500000,18.92,18.96,18.9,18.95,2591.74
1726222800000,18.94,19.0,18.93,18.97,3035.04
1726223100000,18.97,18.97,18.92,18.94,2437.07
1726223400000,18.94,19.0,18.94,19.0,1546.07
1726223700000,19.0,19.01,18.97,19.01,1299.02
1726224000000,19.01,19.02,18.97,18.98,2726.55
1726224300000,18.99,19.01,18.98,19.01,1083.56
1726224600000,19.02,19.07,19.01,19.01,1804.04
1726224900000,19.0,19.05,18.97,19.04,3678.46
1726225200000,19.04,19.04,18.96,19.0,2685.32
1726225500000,18.99,18.99,18.96,18.98,1675.4
1726225800000,18.98,19.03,18.98,19.0,2969.97
1726226100000,19.0,19.03,18.97,18.97,545.37
1726226400000,18.96,18.97,18.92,18.94,4569.37
1726226700000,18.93,18.93,18.86,18.89,1093.15
1726227000000,18.88,18.9,18.86,18.88,1970.25
1726227300000,18.88,18.91,18.87,18.9,785.77
1726227600000,18.9,18.9,18.81,18.83,3890.26
1726227900000,18.83,18.86,18.78,18.8,9502.62
1726228200000,18.79,18.79,18.61,18.65,37508.02
1726228500000,18.65,18.67,18.59,18.63,10376.29
1726228800000,18.64,18.72,18.62,18.72,4219.76
1726229100000,18.7,18.72,18.63,18.63,2909.33
1726229400000,18.64,18.72,18.63,18.7,2025.54
1726229700000,18.7,18.72,18.59,18.6,8220.6
1726230000000,18.59,18.63,18.58,18.62,2520.33
1726230300000,18.62,18.63,18.53,18.6,8639.85
1726230600000,18.59,18.63,18.54,18.61,5656.69
1726230900000,18.61,18.61,18.55,18.59,3445.47
1726231200000,18.6,18.62,18.57,18.61,1579.54
1726231500000,18.61,18.68,18.6,18.67,3909.03
1726231800000,18.66,18.71,18.66,18.66,6004.7
1726232100000,18.66,18.71,18.66,18.69,2003.2
1726232400000,18.68,18.73,18.67,18.68,1184.55
1726232700000,18.67,18.7,18.62,18.64,1134.5
1726233000000,18.63,18.69,18.62,18.67,3250.15
1726233300000,18.68,18.68,18.63,18.64,1153.84
1726233600000,18.65,18.66,18.63,18.65,2402.12
1726233900000,18.66,18.68,18.63,18.65,1043.8
1726234200000,18.66,18.72,18.63,18.69,3464.35
1726234500000,18.68,18.72,18.64,18.7,2504.29
1726234800000,18.71,18.8,18.7,18.79,6484.63
1726235100000,18.79,18.8,18.75,18.76,1696.41
1726235400000,18.77,18.77,18.69,18.7,923.98
1726235700000,18.69,18.72,18.67,18.68,2292.08
1726236000000,18.68,18.7,18.46,18.53,54356.26
1726236300000,18.53,18.57,18.44,18.51,55889.89
1726236600000,18.52,18.57,18.49,18.54,5111.5
1726236900000,18.54,18.62,18.54,18.56,6150.32
1726237200000,18.57,18.65,18.57,18.65,2597.15
1726237500000,18.64,18.64,18.54,18.55,6940.21
1726237800000,18.55,18.55,18.47,18.52,7786.67
1726238100000,18.52,18.62,18.5,18.62,2708.38
1726238400000,18.62,18.66,18.61,18.65,3445.36
1726238700000,18.65,18.69,18.63,18.65,4125.93
1726239000000,18.64,18.65,18.6,18.62,1569.7
1726239300000,18.62,18.67,18.61,18.67,2874.32
1726239600000,18.67,18.73,18.64,18.71,6187.01
1726239900000,18.71,18.75,18.69,18.73,3076.64
1726240200000,18.74,18.79,18.72,18.72,3120.78
1726240500000,18.73,18.76,18.7,18.75,2315.23
1726240800000,18.75,18.94,18.74,18.94,13139.48
1726241100000,18.94,19.11,18.94,19.1,16847.5
1726241400000,19.1,19.11,18.99,19.01,33646.18
1726241700000,19.02,19.03,18.88,18.92,8791.63
1726242000000,18.93,19.13,18.93,19.12,12540.83
1726242300000,19.12,19.23,19.08,19.23,26587.25
1726242600000,19.23,19.31,19.19,19.23,20668.75
1726242900000,19.23,19.23,19.13,19.16,7984.1
1726243200000,19.16,19.25,19.13,19.2,13972.11
1726243500000,19.2,19.22,19.14,19.15,6325.92
1726243800000,19.15,19.15,19.01,19.08,10188.38
1726244100000,19.08,19.14,19.07,19.13,8188.95
1726244400000,19.14,19.17,19.07,19.14,6121.01
1726244700000,19.15,19.19,19.13,19.15,10066.36
1726245000000,19.16,19.16,19.06,19.06,2498.27
1726245300000,19.07,19.09,19.0,19.04,5754.59
1726245600000,19.03,19.05,18.97,19.02,7780.67
1726245900000,19.02,19.02,18.9,18.97,6315.43
1726246200000,18.96,19.03,18.93,18.99,3620.66
1726246500000,18.99,19.0,18.97,18.98,1927.82
1726246800000,18.98,19.02,18.94,19.0,5772.35
1726247100000,19.0,19.04,18.99,19.0,4195.21
1726247400000,19.0,19.06,19.0,19.06,2249.5
1726247700000,19.05,19.08,19.03,19.04,2836.73
1726248000000,19.03,19.06,18.99,19.0,1730.0
1726248300000,19.0,19.05,18.98,19.03,4459.06
1726248600000,19.04,19.09,19.04,19.07,3765.28
1726248900000,19.06,19.13,19.06,19.12,2042.5
1726249200000,19.12,19.12,19.07,19.12,1771.6
1726249500000,19.11,19.16,19.1,19.14,2401.64
1726249800000,19.14,19.15,19.02,19.04,10216.33
1726250100000,19.05,19.06,19.0,19.01,1919.35
1726250400000,19.01,19.11,18.96,19.1,12752.52
1726250700000,19.09,19.15,19.09,19.14,2853.17
1726251000000,19.13,19.14,19.09,19.12,1212.8
1726251300000,19.11,19.18,19.08,19.17,9243.4
1726251600000,19.18,19.19,19.13,19.16,1635.16
1726251900000,19.16,19.19,19.15,19.19,454.0
1726252200000,19.19,19.28,19.16,19.25,8446.11
1726252500000,19.26,19.28,19.23,19.26,3865.82
1726252800000,19.25,19.31,19.22,19.23,8082.88
1726253100000,19.22,19.28,19.22,19.23,4149.62
1726253400000,19.23,19.25,19.18,19.24,2639.08
1726253700000,19.23,19.24,19.2,19.22,3087.87
1726254000000,19.21,19.24,19.19,19.23,3129.6
1726254300000,19.22,19.22,19.17,19.21,2292.37
1726254600000,19.19,19.23,19.18,19.22,2089.04
1726254900000,19.22,19.25,19.2,19.21,1709.61
1726255200000,19.22,19.25,19.2,19.24,3910.48
1726255500000,19.24,19.26,19.23,19.26,1106.13
1726255800000,19.26,19.3,19.26,19.29,3568.14
1726256100000,19.29,19.29,19.21,19.23,2501.96
1726256400000,19.25,19.25,19.22,19.25,1958.28
1726256700000,19.25,19.25,19.22,19.23,1498.17
1726257000000,19.22,19.22,19.16,19.2,3750.55
1726257300000,19.2,19.21,19.13,19.14,5402.42
1726257600000,19.14,19.17,19.12,19.16,4907.6
1726257900000,19.17,19.19,19.14,19.16,2064.65
1726258200000,19.15,19.18,19.13,19.14,1191.83
1726258500000,19.14,19.16,19.11,19.12,4184.27
1726258800000,19.12,19.16,19.11,19.14,1115.34
1726259100000,19.14,19.17,19.13,19.17,1170.67
1726259400000,19.18,19.18,19.16,19.17,574.74
1726259700000,19.17,19.18,19.16,19.18,695.44
1726260000000,19.17,19.2,19.17,19.2,900.49
1726260300000,19.19,19.2,19.16,19.18,1193.9
1726260600000,19.17,19.19,19.15,19.17,1271.26
1726260900000,19.17,19.2,19.14,19.14,1107.59
1726261200000,19.14,19.24,19.13,19.23,3488.77
1726261500000,19.23,19.29,19.22,19.28,3103.14
1726261800000,19.28,19.4,19.28,19.39,23991.64
1726262100000,19.39,19.47,19.38,19.45,14242.85
1726262400000,19.44,19.47,19.43,19.45,5894.43
1726262700000,19.46,19.48,19.41,19.41,3928.1
1726263000000,19.41,19.52,19.35,19.49,18228.59
1726263300000,19.48,19.56,19.46,19.55,8596.34
1726263600000,19.54,19.56,19.49,19.5,3593.98
1726263900000,19.51,19.52,19.44,19.46,2531.23
1726264200000,19.46,19.52,19.43,19.52,3224.9
1726264500000,19.51,19.53,19.5,19.51,1846.73
1726264800000,19.52,19.78,19.5,19.78,25462.4
1726265100000,19.78,19.89,19.73,19.84,11642.04
1726265400000,19.84,19.91,19.83,19.86,8118.13
1726265700000,19.86,19.94,19.81,19.89,14743.29
1726266000000,19.89,20.01,19.89,19.99,17819.93
1726266300000,19.98,19.98,19.87,19.92,8523.02
1726266600000,19.91,19.97,19.91,19.95,3401.37
1726266900000,19.94,20.02,19.9,19.96,8959.08
1726267200000,19.96,20.1,19.96,20.03,12466.55
1726267500000,20.04,20.05,19.99,20.04,4514.63
1726267800000,20.03,20.11,20.0,20.07,6153.85
1726268100000,20.08,20.1,20.0,20.03,3298.48
1726268400000,20.03,20.03,19.88,19.88,10934.14
1726268700000,19.88,19.91,19.85,19.88,4638.91
1726269000000,19.89,19.94,19.84,19.85,3913.2
1726269300000,19.85,19.95,19.84,19.94,3068.56
1726269600000,19.93,19.98,19.9,19.96,1309.05
1726269900000,19.97,20.0,19.96,19.98,1476.94
1726270200000,19.98,20.0,19.92,19.94,6304.89
1726270500000,19.94,19.94,19.88,19.92,2200.99
1726270800000,19.91,19.91,19.83,19.86,1151.55
1726271100000,19.85,19.9,19.81,19.84,7406.21
1726271400000,19.83,19.87,19.82,19.84,3152.32
1726271700000,19.83,19.84,19.79,19.82,2600.92
1726272000000,19.81,20.13,19.81,20.08,12081.37
1726272300000,20.08,20.1,20.01,20.05,2743.98
1726272600000,20.04,20.1,20.01,20.04,5524.02
1726272900000,20.04,20.1,20.02,20.05,6204.34
1726273200000,20.05,20.08,19.96,19.96,5105.31
1726273500000,19.97,19.97,19.91,19.97,2219.45
1726273800000,19.97,20.06,19.96,20.05,4784.75
1726274100000,20.04,20.04,19.96,19.96,2050.36
1726274400000,19.96,19.98,19.94,19.96,618.71
1726274700000,19.96,19.97,19.89,19.89,2817.49
1726275000000,19.89,19.95,19.86,19.89,13881.68
1726275300000,19.9,19.9,19.84,19.89,3856.19
1726275600000,19.89,19.99,19.87,19.95,5566.95
1726275900000,19.95,19.98,19.93,19.95,1375.16
1726276200000,19.95,19.96,19.88,19.88,1426.64
1726276500000,19.88,19.89,19.85,19.87,1186.14
1726276800000,19.88,19.88,19.8,19.81,3753.01
1726277100000,19.8,19.83,19.8,19.82,945.67
1726277400000,19.83,19.85,19.81,19.81,1246.42
1726277700000,19.81,19.84,19.8,19.84,428.81
1726278000000,19.84,19.86,19.8,19.82,1646.98
1726278300000,19.8,19.84,19.8,19.84,1158.54
1726278600000,19.85,19.86,19.8,19.81,1419.6
1726278900000,19.8,19.81,19.78,19.79,1451.05
1726279200000,19.8,19.82,19.73,19.75,2437.0
1726279500000,19.76,19.8,19.74,19.8,1124.94
1726279800000,19.8,19.81,19.79,19.81,672.08
1726280100000,19.81,19.82,19.78,19.79,2628.22
1726280400000,19.79,19.8,19.77,19.78,1068.31
1726280700000,19.78,19.8,19.74,19.76,2036.46
1726281000000,19.77,19.78,19.74,19.75,5327.94
1726281300000,19.76,19.78,19.72,19.72,835.57
1726281600000,19.73,19.74,19.7,19.7,597.43
1726281900000,19.71,19.74,19.68,19.69,1708.53
1726282200000,19.68,19.7,19.66,19.68,3007.26
1726282500000,19.67,19.67,19.63,19.64,1432.91
1726282800000,19.64,19.65,19.62,19.64,1514.7
1726283100000,19.65,19.66,19.62,19.63,1061.39
1726283400000,19.63,19.65,19.62,19.64,2435.45
1726283700000,19.64,19.67,19.63,19.65,959.07
1726284000000,19.65,19.65,19.63,19.63,1652.28
1726284300000,19.64,19.65,19.63,19.64,614.78
1726284600000,19.64,19.64,19.6,19.61,668.12
1726284900000,19.6,19.68,19.6,19.67,3036.68
1726285200000,19.67,19.68,19.64,19.65,309.42
1726285500000,19.64,19.64,19.6,19.62,755.39
1726285800000,19.62,19.63,19.6,19.62,104.56
1726286100000,19.62,19.65,19.61,19.62,775.15
1726286400000,19.61,19.63,19.61,19.63,868.88
1726286700000,19.62,19.65,19.62,19.65,385.66
1726287000000,19.64,19.64,19.61,19.63,245.12
1726287300000,19.63,19.66,19.63,19.64,459.27
1726287600000,19.63,19.69,19.63,19.68,1994.99
1726287900000,19.68,19.7,19.67,19.68,1202.51
1726288200000,19.67,19.7,19.66,19.67,4863.46
1726288500000,19.67,19.67,19.61,19.63,369.37
1726288800000,19.63,19.63,19.57,19.59,1498.24
1726289100000,19.59,19.61,19.59,19.61,1696.94
1726289400000,19.59,19.6,19.57,19.58,757.02
1726289700000,19.58,19.59,19.57,19.57,1400.55
1726290000000,19.58,19.63,19.58,19.6,5243.73
1726290300000,19.59,19.6,19.58,19.58,475.46
1726290600000,19.59,19.6,19.57,19.58,4653.22
1726290900000,19.58,19.59,19.53,19.56,1884.26
1726291200000,19.55,19.56,19.53,19.56,1182.45
1726291500000,19.56,19.56,19.54,19.56,1353.06
1726291800000,19.55,19.55,19.51,19.52,885.79
1726292100000,19.53,19.58,19.52,19.58,3375.96
1726292400000,19.58,19.58,19.54,19.54,722.09
1726292700000,19.55,19.55,19.52,19.53,246.97
1726293000000,19.53,19.53,19.42,19.49,15948.86
1726293300000,19.49,19.49,19.41,19.41,2127.18
1726293600000,19.42,19.5,19.41,19.5,1530.8
1726293900000,19.5,19.56,19.49,19.55,2239.04
1726294200000,19.56,19.57,19.53,19.56,620.67
1726294500000,19.55,19.56,19.51,19.51,920.18
1726294800000,19.52,19.55,19.48,19.51,1858.37
1726295100000,19.52,19.61,19.52,19.59,3309.66
1726295400000,19.59,19.64,19.59,19.61,3073.36
1726295700000,19.6,19.6,19.41,19.53,16276.4
1726296000000,19.52,19.55,19.49,19.52,2502.78
1726296300000,19.51,19.62,19.5,19.59,3185.57
1726296600000,19.59,19.61,19.57,19.6,878.29
1726296900000,19.59,19.61,19.54,19.57,2304.94
1726297200000,19.57,19.57,19.53,19.55,568.63
1726297500000,19.54,19.55,19.51,19.53,386.15
1726297800000,19.53,19.56,19.52,19.52,474.04
1726298100000,19.53,19.54,19.47,19.51,1492.34
1726298400000,19.51,19.53,19.49,19.53,727.05
1726298700000,19.52,19.53,19.5,19.52,748.61
1726299000000,19.53,19.55,19.53,19.53,204.25
1726299300000,19.53,19.55,19.5,19.52,567.19
1726299600000,19.5,19.5,19.4,19.49,14456.68
1726299900000,19.49,19.5,19.47,19.5,515.59
1726300200000,19.5,19.5,19.46,19.46,250.37
1726300500000,19.47,19.48,19.45,19.45,2283.78
1726300800000,19.45,19.49,19.43,19.45,2530.94
1726301100000,19.46,19.5,19.44,19.48,1317.12
1726301400000,19.47,19.51,19.47,19.49,1351.97
1726301700000,19.49,19.5,19.46,19.46,1166.08
1726302000000,19.46,19.46,19.4,19.41,4329.32
1726302300000,19.4,19.41,19.31,19.38,15676.28
1726302600000,19.39,19.44,19.36,19.42,1061.72
1726302900000,19.42,19.42,19.37,19.39,443.6
1726303200000,19.39,19.39,19.28,19.3,5144.22
1726303500000,19.29,19.3,19.25,19.27,2462.34
1726303800000,19.27,19.29,19.26,19.28,1453.26
1726304100000,19.27,19.28,19.24,19.26,2350.46
1726304400000,19.25,19.29,19.2,19.27,16659.18
1726304700000,19.26,19.32,19.26,19.26,2301.13
1726305000000,19.26,19.29,19.24,19.27,1360.78
1726305300000,19.27,19.27,19.2,19.23,4664.31
1726305600000,19.23,19.27,19.22,19.26,1095.99
1726305900000,19.25,19.31,19.25,19.28,3464.86
1726306200000,19.28,19.31,19.27,19.3,1249.47
1726306500000,19.3,19.34,19.26,19.26,5064.76
1726306800000,19.25,19.26,19.22,19.24,1695.13
1726307100000,19.25,19.25,19.21,19.24,1119.32
1726307400000,19.25,19.33,19.25,19.33,823.98
1726307700000,19.33,19.41,19.31,19.37,5427.55
1726308000000,19.37,19.37,19.33,19.34,864.04
1726308300000,19.34,19.36,19.3,19.34,2535.2
1726308600000,19.34,19.34,19.31,19.33,600.4
1726308900000,19.33,19.34,19.3,19.32,1099.97
1726309200000,19.32,19.32,19.28,19.28,1154.93
1726309500000,19.28,19.33,19.28,19.32,1191.86
1726309800000,19.31,19.32,19.26,19.28,1777.56
1726310100000,19.29,19.31,19.29,19.31,1554.61
1726310400000,19.31,19.32,19.28,19.28,452.24
1726310700000,19.29,19.3,19.27,19.27,2166.28
1726311000000,19.27,19.31,19.26,19.3,572.44
1726311300000,19.31,19.37,19.31,19.35,1642.47
1726311600000,19.34,19.37,19.32,19.35,1519.22
1726311900000,19.35,19.38,19.34,19.36,1225.21
1726312200000,19.36,19.36,19.33,19.34,1667.98
1726312500000,19.33,19.37,19.29,19.36,3709.3
1726312800000,19.36,19.36,19.31,19.31,839.17
1726313100000,19.3,19.38,19.3,19.35,1060.28
1726313400000,19.36,19.44,19.36,19.41,3126.65
1726313700000,19.4,19.4,19.34,19.37,1177.19
1726314000000,19.36,19.37,19.31,19.35,918.78
1726314300000,19.34,19.36,19.28,19.28,1335.26
1726314600000,19.28,19.37,19.27,19.37,1492.62
1726314900000,19.38,19.38,19.35,19.37,909.55
1726315200000,19.36,19.37,19.32,19.35,1532.95
1726315500000,19.35,19.43,19.33,19.42,869.14
1726315800000,19.42,19.49,19.4,19.49,8290.14
1726316100000,19.49,19.54,19.46,19.53,3630.6
1726316400000,19.53,19.54,19.5,19.53,2318.21
1726316700000,19.53,19.59,19.51,19.57,3939.69
1726317000000,19.58,19.58,19.5,19.54,1890.94
1726317300000,19.54,19.54,19.46,19.5,1591.13
1726317600000,19.49,19.52,19.48,19.49,921.37
1726317900000,19.49,19.55,19.48,19.5,3543.82
1726318200000,19.51,19.51,19.44,19.45,2276.94
1726318500000,19.45,19.47,19.43,19.45,1383.55
1726318800000,19.44,19.5,19.44,19.5,2167.57
1726319100000,19.5,19.54,19.5,19.52,1591.41
1726319400000,19.52,19.56,19.51,19.52,2032.17
1726319700000,19.51,19.54,19.47,19.49,1546.64
1726320000000,19.48,19.51,19.45,19.5,1585.81
1726320300000,19.49,19.53,19.48,19.52,636.46
1726320600000,19.51,19.56,19.48,19.52,2006.74
1726320900000,19.51,19.53,19.5,19.51,1120.5
1726321200000,19.5,19.52,19.49,19.52,2011.42
1726321500000,19.52,19.53,19.49,19.5,952.28
1726321800000,19.5,19.52,19.48,19.52,654.08
1726322100000,19.51,19.53,19.5,19.51,1362.08
1726322400000,19.51,19.53,19.51,19.52,370.45
1726322700000,19.51,19.52,19.41,19.43,4012.95
1726323000000,19.42,19.45,19.42,19.44,1247.88
1726323300000,19.43,19.43,19.38,19.41,2267.37
1726323600000,19.41,19.45,19.4,19.44,1110.57
1726323900000,19.44,19.52,19.43,19.48,7111.78
1726324200000,19.47,19.57,19.47,19.51,10215.61
1726324500000,19.5,19.5,19.43,19.46,1816.54
1726324800000,19.45,19.5,19.45,19.46,226.81
1726325100000,19.47,19.56,19.47,19.53,1640.41
1726325400000,19.53,19.56,19.5,19.52,1747.93
1726325700000,19.51,19.52,19.47,19.49,1694.92
1726326000000,19.49,19.52,19.46,19.52,1530.23
1726326300000,19.52,19.55,19.5,19.55,1151.09
1726326600000,19.55,19.56,19.51,19.51,368.99
1726326900000,19.5,19.52,19.45,19.51,1039.87
1726327200000,19.49,19.52,19.49,19.49,396.31
1726327500000,19.49,19.5,19.47,19.49,569.49
1726327800000,19.49,19.49,19.45,19.49,1768.28
1726328100000,19.47,19.63,19.47,19.63,5719.01
1726328400000,19.63,19.68,19.55,19.55,4314.91
1726328700000,19.56,19.57,19.52,19.57,872.1
1726329000000,19.56,19.62,19.56,19.6,1199.0
1726329300000,19.59,19.61,19.56,19.57,576.29
1726329600000,19.55,19.58,19.5,19.53,7031.42
1726329900000,19.53,19.56,19.52,19.55,732.18
1726330200000,19.55,19.62,19.54,19.6,2282.34
1726330500000,19.6,19.64,19.6,19.61,1042.29
1726330800000,19.59,19.65,19.56,19.65,1005.25
1726331100000,19.65,19.65,19.59,19.6,1103.33
1726331400000,19.59,19.64,19.59,19.62,942.11
1726331700000,19.61,19.64,19.56,19.59,851.14
1726332000000,19.56,19.61,19.56,19.58,2612.59
1726332300000,19.6,19.62,19.55,19.59,992.73
1726332600000,19.58,19.58,19.54,19.57,289.05
1726332900000,19.56,19.62,19.56,19.61,1262.3
1726333200000,19.6,19.6,19.58,19.58,549.77
1726333500000,19.58,19.58,19.49,19.51,1499.86
1726333800000,19.51,19.51,19.48,19.5,807.79
1726334100000,19.49,19.52,19.49,19.52,521.96
1726334400000,19.51,19.56,19.51,19.55,704.53
1726334700000,19.53,19.55,19.52,19.52,282.79
1726335000000,19.52,19.54,19.5,19.53,326.26
1726335300000,19.52,19.52,19.47,19.49,3053.51
1726335600000,19.51,19.52,19.48,19.48,142.47
1726335900000,19.49,19.53,19.49,19.51,622.14
1726336200000,19.51,19.52,19.5,19.51,114.45
1726336500000,19.51,19.53,19.5,19.51,984.74
1726336800000,19.5,19.5,19.46,19.47,763.52
1726337100000,19.47,19.47,19.31,19.37,16003.6
1726337400000,19.36,19.5,19.35,19.43,13199.09
1726337700000,19.43,19.52,19.43,19.52,4989.37
1726338000000,19.5,19.57,19.48,19.49,1864.94
1726338300000,19.49,19.51,19.44,19.44,1332.53
1726338600000,19.44,19.53,19.43,19.52,1178.22
1726338900000,19.52,19.55,19.49,19.55,1303.78
1726339200000,19.55,19.61,19.54,19.59,3328.4
1726339500000,19.6,19.6,19.55,19.57,758.23
1726339800000,19.58,19.64,19.58,19.64,1061.05
1726340100000,19.62,19.64,19.61,19.61,960.2
1726340400000,19.61,19.64,19.55,19.55,2837.9
1726340700000,19.56,19.58,19.52,19.52,1010.28
1726341000000,19.52,19.55,19.5,19.52,4447.8
1726341300000,19.54,19.55,19.52,19.52,909.8
1726341600000,19.52,19.53,19.51,19.51,519.65
1726341900000,19.52,19.53,19.5,19.51,350.91
1726342200000,19.5,19.5,19.43,19.44,2718.23
1726342500000,19.45,19.49,19.45,19.48,508.89
1726342800000,19.48,19.5,19.47,19.47,55.46
1726343100000,19.48,19.5,19.45,19.47,319.33
1726343400000,19.45,19.47,19.44,19.44,191.03
1726343700000,19.45,19.48,19.44,19.45,152.9
1726344000000,19.43,19.49,19.42,19.48,804.76
1726344300000,19.49,19.5,19.47,19.47,34.32
1726344600000,19.46,19.48,19.46,19.46,31.71
1726344900000,19.45,19.51,19.45,19.5,245.81
1726345200000,19.51,19.54,19.49,19.54,1304.22
1726345500000,19.52,19.58,19.48,19.48,4822.94
1726345800000,19.5,19.58,19.48,19.58,5050.05
1726346100000,19.58,19.62,19.53,19.55,12131.83
1726346400000,19.55,19.58,19.55,19.56,634.78
1726346700000,19.56,19.56,19.53,19.54,337.58
1726347000000,19.53,19.6,19.53,19.58,1197.31
1726347300000,19.56,19.6,19.54,19.59,3321.86
1726347600000,19.6,19.64,19.59,19.61,3643.51
1726347900000,19.59,19.59,19.55,19.55,165.43
1726348200000,19.55,19.63,19.55,19.59,10156.44
1726348500000,19.59,19.6,19.55,19.59,915.99
1726348800000,19.58,19.61,19.58,19.6,349.69
1726349100000,19.6,19.64,19.59,19.62,1186.53
1726349400000,19.62,19.63,19.58,19.59,249.08
1726349700000,19.58,19.59,19.54,19.56,855.25
1726350000000,19.56,19.59,19.54,19.54,1748.91
1726350300000,19.54,19.58,19.54,19.57,256.23
1726350600000,19.56,19.61,19.56,19.61,737.94
1726350900000,19.6,19.62,19.58,19.59,1039.78
1726351200000,19.59,19.66,19.58,19.6,1174.94
1726351500000,19.6,19.62,19.56,19.56,353.04
1726351800000,19.56,19.57,19.54,19.55,365.06
1726352100000,19.56,19.58,19.53,19.53,285.61
1726352400000,19.53,19.54,19.52,19.53,212.08
1726352700000,19.54,19.54,19.52,19.53,744.26
1726353000000,19.53,19.61,19.53,19.6,4087.52
1726353300000,19.59,19.67,19.59,19.62,1366.8
1726353600000,19.62,19.64,19.62,19.63,75.59
1726353900000,19.62,19.64,19.61,19.62,512.3
1726354200000,19.62,19.64,19.6,19.64,1530.74
1726354500000,19.61,19.62,19.61,19.61,298.8
1726354800000,19.61,19.64,19.61,19.63,1360.58
1726355100000,19.63,19.67,19.63,19.67,224.01
1726355400000,19.66,19.66,19.64,19.66,579.63
1726355700000,19.66,19.67,19.6,19.63,2559.09
1726356000000,19.62,19.62,19.59,19.59,1881.62
1726356300000,19.59,19.6,19.58,19.58,159.61
1726356600000,19.59,19.64,19.59,19.64,806.39
1726356900000,19.64,19.67,19.64,19.64,1328.16
1726357200000,19.65,19.68,19.65,19.67,698.56
1726357500000,19.67,19.71,19.66,19.7,1276.14
1726357800000,19.69,19.7,19.64,19.66,734.95
1726358100000,19.65,19.67,19.61,19.61,4963.25
1726358400000,19.62,19.64,19.57,19.57,1788.44
1726358700000,19.57,19.58,19.55,19.55,674.21
1726359000000,19.56,19.59,19.55,19.57,958.2
1726359300000,19.58,19.58,19.55,19.57,82.16
1726359600000,19.57,19.6,19.56,19.58,365.97
1726359900000,19.59,19.63,19.59,19.6,305.06
1726360200000,19.62,19.62,19.59,19.6,604.85
1726360500000,19.6,19.62,19.59,19.61,121.56
1726360800000,19.62,19.66,19.62,19.65,694.3
1726361100000,19.63,19.7,19.63,19.67,882.99
1726361400000,19.67,19.68,19.62,19.63,1119.79
1726361700000,19.63,19.63,19.59,19.62,362.63
1726362000000,19.62,19.67,19.62,19.64,157.26
1726362300000,19.64,19.67,19.61,19.67,342.02
1726362600000,19.68,19.7,19.66,19.69,188.59
1726362900000,19.68,19.79,19.67,19.79,3792.15
1726363200000,19.8,19.81,19.76,19.79,6283.46
1726363500000,19.77,19.93,19.77,19.92,12363.46
1726363800000,19.92,19.98,19.9,19.96,4906.65
1726364100000,19.97,20.03,19.94,20.01,7258.35
1726364400000,20.02,20.12,20.01,20.11,16644.17
1726364700000,20.11,20.13,20.05,20.07,4080.58
1726365000000,20.07,20.08,19.99,20.04,4862.14
1726365300000,20.05,20.12,20.05,20.1,2520.69
1726365600000,20.09,20.13,20.05,20.06,2342.89
1726365900000,20.06,20.07,19.97,19.99,3598.67
1726366200000,19.98,20.02,19.96,20.02,699.57
1726366500000,20.02,20.04,19.98,20.02,349.71
1726366800000,20.02,20.05,20.02,20.05,365.29
1726367100000,20.05,20.11,20.05,20.05,4429.87
1726367400000,20.05,20.12,20.04,20.11,1751.8
1726367700000,20.11,20.15,20.08,20.13,2742.02
1726368000000,20.14,20.15,20.12,20.14,720.44
1726368300000,20.14,20.17,20.12,20.15,1930.02
1726368600000,20.16,20.2,20.13,20.16,3325.1
1726368900000,20.16,20.2,20.16,20.17,2525.2
1726369200000,20.17,20.19,20.15,20.16,1132.01
1726369500000,20.15,20.15,20.06,20.08,3673.3
1726369800000,20.08,20.1,20.06,20.1,427.94
1726370100000,20.09,20.15,20.09,20.13,371.33
1726370400000,20.14,20.18,20.13,20.16,1089.39
1726370700000,20.17,20.19,20.13,20.15,2411.55
1726371000000,20.15,20.17,20.14,20.16,1786.61
1726371300000,20.16,20.18,20.12,20.16,1640.71
1726371600000,20.16,20.18,20.14,20.14,776.67
1726371900000,20.13,20.14,20.08,20.09,2461.73
1726372200000,20.1,20.1,20.08,20.09,414.89
1726372500000,20.1,20.16,20.1,20.13,2707.68
1726372800000,20.13,20.16,20.12,20.15,385.26
1726373100000,20.15,20.16,20.13,20.15,1360.46
1726373400000,20.15,20.17,20.13,20.13,145.62
1726373700000,20.14,20.18,20.14,20.16,667.72
1726374000000,20.16,20.17,20.08,20.08,1827.78
1726374300000,20.08,20.1,20.03,20.04,4744.38
1726374600000,20.04,20.07,20.02,20.06,1611.23
1726374900000,20.06,20.11,20.06,20.07,1422.74
1726375200000,20.06,20.06,19.96,19.97,1033.49
1726375500000,19.97,20.03,19.96,19.97,3748.42
1726375800000,19.98,20.04,19.98,20.04,1656.87
1726376100000,20.03,20.03,19.98,19.99,3804.95
1726376400000,19.99,20.0,19.95,19.98,4708.96
1726376700000,19.98,20.02,19.98,20.0,301.49
1726377000000,20.01,20.04,19.99,19.99,3002.05
1726377300000,20.0,20.01,19.97,19.99,1049.17
1726377600000,20.0,20.04,20.0,20.02,1300.41
1726377900000,20.03,20.06,20.02,20.06,276.25
1726378200000,20.06,20.07,19.96,19.96,847.17
1726378500000,19.97,19.98,19.95,19.96,132.67
1726378800000,19.95,20.0,19.92,20.0,838.95
1726379100000,20.0,20.03,19.98,20.03,862.57
1726379400000,20.03,20.1,20.02,20.1,1838.66
1726379700000,20.1,20.11,20.05,20.07,1729.75
1726380000000,20.06,20.09,20.03,20.07,3432.28
1726380300000,20.09,20.1,20.06,20.1,1625.89
1726380600000,20.08,20.1,20.05,20.09,392.38
1726380900000,20.08,20.09,20.03,20.06,3339.38
1726381200000,20.05,20.05,20.01,20.02,2342.29
1726381500000,20.02,20.05,19.99,20.01,4259.88
1726381800000,20.02,20.07,20.02,20.07,1500.4
1726382100000,20.05,20.07,20.03,20.07,183.61
1726382400000,20.05,20.07,20.0,20.02,3859.5
1726382700000,20.02,20.03,19.99,20.02,1372.22
1726383000000,20.01,20.06,20.0,20.04,821.21
1726383300000,20.04,20.05,20.01,20.03,829.5
1726383600000,20.03,20.03,19.97,19.97,911.22
1726383900000,19.97,19.97,19.93,19.94,1688.96
1726384200000,19.94,19.96,19.87,19.88,5713.28
1726384500000,19.88,19.93,19.86,19.93,944.05
1726384800000,19.93,20.02,19.86,19.92,7936.5
1726385100000,19.93,19.95,19.89,19.89,317.05
1726385400000,19.89,19.91,19.86,19.86,441.13
1726385700000,19.87,19.96,19.81,19.81,47591.03
1726386000000,19.83,19.83,19.74,19.75,39767.96
1726386300000,19.75,19.79,19.72,19.78,3925.22
1726386600000,19.77,19.82,19.77,19.78,1708.62
1726386900000,19.77,19.82,19.77,19.8,1892.41
1726387200000,19.79,19.82,19.79,19.8,678.42
1726387500000,19.8,19.81,19.75,19.77,574.69
1726387800000,19.77,19.77,19.72,19.74,2399.98
1726388100000,19.74,19.78,19.71,19.71,9646.54
1726388400000,19.71,19.74,19.63,19.69,23522.82
1726388700000,19.69,19.76,19.64,19.74,25025.21
1726389000000,19.75,19.82,19.74,19.78,1498.8
1726389300000,19.79,19.81,19.77,19.8,1305.65
1726389600000,19.79,19.86,19.78,19.83,2445.24
1726389900000,19.83,19.83,19.79,19.82,1056.28
1726390200000,19.82,19.83,19.77,19.77,1063.25
1726390500000,19.78,19.79,19.76,19.77,344.75
1726390800000,19.76,19.8,19.74,19.8,1237.45
1726391100000,19.8,19.86,19.79,19.84,5071.39
1726391400000,19.84,19.84,19.79,19.82,613.44
1726391700000,19.82,19.87,19.82,19.84,1004.3
1726392000000,19.83,19.83,19.79,19.8,248.09
1726392300000,19.79,19.8,19.76,19.76,102.87
1726392600000,19.77,19.78,19.75,19.76,1727.08
1726392900000,19.76,19.79,19.71,19.76,6351.64
1726393200000,19.76,19.8,19.73,19.79,4147.35
1726393500000,19.79,19.8,19.77,19.78,2031.03
1726393800000,19.79,19.79,19.75,19.77,1341.49
1726394100000,19.77,19.78,19.74,19.76,3976.32
1726394400000,19.77,19.83,19.75,19.81,1453.96
1726394700000,19.81,19.81,19.77,19.78,4062.9
1726395000000,19.79,19.8,19.78,19.8,830.07
1726395300000,19.8,19.82,19.78,19.8,3044.65
1726395600000,19.79,19.8,19.77,19.79,394.1
1726395900000,19.79,19.81,19.77,19.78,1173.96
1726396200000,19.78,19.82,19.73,19.79,1963.01
1726396500000,19.79,19.84,19.79,19.82,1920.68
1726396800000,19.81,19.83,19.79,19.8,1607.54
1726397100000,19.8,19.93,19.79,19.9,7710.02
1726397400000,19.89,19.95,19.86,19.93,1232.83
1726397700000,19.91,19.93,19.9,19.92,1158.69
1726398000000,19.92,19.92,19.87,19.88,839.88
1726398300000,19.88,19.89,19.81,19.81,836.61
1726398600000,19.81,19.85,19.79,19.85,1015.0
1726398900000,19.84,19.86,19.79,19.86,2836.59
1730937600000,21.22,21.26,21.18,21.18,2907.75
1730937900000,21.17,21.18,21.07,21.12,6117.17
1730938200000,21.13,21.28,21.11,21.26,3490.77
1730938500000,21.27,21.35,21.24,21.3,2992.26
1730938800000,21.31,21.31,21.24,21.29,2827.68
1730939100000,21.3,21.31,21.23,21.25,3077.78
1730939400000,21.24,21.28,21.13,21.14,2996.57
1730939700000,21.14,21.19,21.12,21.16,1376.28
1730940000000,21.15,21.24,21.15,21.18,3605.87
1730940300000,21.18,21.23,21.11,21.12,3308.63
1730940600000,21.12,21.27,21.12,21.26,3656.43
1730940900000,21.26,21.41,21.26,21.41,4703.39
1730941200000,21.41,21.41,21.29,21.34,1749.49
1730941500000,21.34,21.47,21.32,21.44,5326.68
1730941800000,21.42,21.51,21.4,21.49,9462.2
1730942100000,21.51,21.59,21.48,21.58,14581.77
1730942400000,21.59,21.66,21.52,21.64,7095.53
1730942700000,21.64,21.72,21.62,21.67,13960.68
1730943000000,21.67,21.71,21.56,21.61,8730.87
1730943300000,21.6,21.69,21.6,21.69,4633.65
1730943600000,21.68,21.69,21.53,21.56,7490.18
1730943900000,21.55,21.68,21.51,21.66,10948.96
1730944200000,21.66,21.67,21.48,21.5,5234.68
1730944500000,21.49,21.53,21.47,21.5,2939.71
1730944800000,21.48,21.57,21.47,21.54,2130.52
1730945100000,21.56,21.62,21.51,21.57,1856.17
1730945400000,21.57,21.61,21.55,21.58,1222.21
1730945700000,21.57,21.62,21.56,21.61,3007.34
1730946000000,21.6,21.69,21.6,21.66,4160.94
1730946300000,21.65,21.69,21.58,21.59,1503.57
1730946600000,21.59,21.64,21.55,21.59,2626.43
1730946900000,21.57,21.61,21.53,21.6,3973.5
1730947200000,21.58,21.65,21.55,21.55,2022.92
1730947500000,21.55,21.6,21.54,21.58,2460.98
1730947800000,21.58,21.66,21.58,21.65,3049.93
1730948100000,21.65,21.66,21.59,21.64,2798.42
1730948400000,21.63,21.64,21.51,21.53,4305.1
1730948700000,21.53,21.56,21.48,21.52,2071.24
1730949000000,21.51,21.56,21.51,21.53,2863.61
1730949300000,21.53,21.65,21.53,21.62,3524.43
1730949600000,21.63,21.65,21.52,21.6,3522.19
1730949900000,21.61,21.67,21.57,21.65,2602.35
1730950200000,21.66,21.66,21.53,21.54,3823.96
1730950500000,21.53,21.56,21.42,21.42,7073.67
1730950800000,21.42,21.45,21.38,21.42,2741.14
1730951100000,21.41,21.47,21.4,21.41,4378.79
1730951400000,21.42,21.43,21.34,21.36,2760.39
1730951700000,21.37,21.38,21.32,21.35,3749.38
1730952000000,21.36,21.4,21.34,21.36,3345.59
1730952300000,21.35,21.37,21.25,21.25,4125.96
1730952600000,21.24,21.27,21.19,21.19,3218.13
1730952900000,21.2,21.24,21.19,21.21,2978.61
1730953200000,21.2,21.28,21.2,21.26,1273.17
1730953500000,21.26,21.28,21.14,21.14,2038.68
1730953800000,21.14,21.19,21.12,21.14,2234.92
1730954100000,21.13,21.18,21.08,21.1,3460.34
1730954400000,21.09,21.1,21.04,21.06,5312.36
1730954700000,21.07,21.24,21.06,21.19,6062.47
1730955000000,21.2,21.26,21.17,21.23,1290.99
1730955300000,21.23,21.26,21.22,21.23,1803.26
1730955600000,21.24,21.26,21.14,21.16,1745.1
1730955900000,21.17,21.17,21.08,21.09,1860.04
1730956200000,21.08,21.12,21.05,21.12,1756.03
1730956500000,21.09,21.14,21.07,21.12,1795.36
1730956800000,21.14,21.19,21.1,21.15,1768.39
1730957100000,21.16,21.19,21.16,21.17,984.26
1730957400000,21.16,21.19,21.12,21.13,1066.29
1730957700000,21.13,21.18,21.12,21.13,1213.62
1730958000000,21.12,21.14,21.07,21.08,915.08
1730958300000,21.07,21.13,21.04,21.13,1633.72
1730958600000,21.14,21.15,21.12,21.12,1795.8
1730958900000,21.12,21.16,21.1,21.11,2889.04
1730959200000,21.11,21.13,20.96,20.97,3759.23
1730959500000,20.97,20.98,20.89,20.92,2316.75
1730959800000,20.92,20.94,20.84,20.86,2688.72
1730960100000,20.87,20.95,20.84,20.95,11484.84
1730960400000,20.94,20.96,20.9,20.95,1082.95
1730960700000,20.97,20.98,20.89,20.89,2306.7
1730961000000,20.9,20.94,20.8,20.81,4736.2
1730961300000,20.81,20.82,20.72,20.73,6210.35
1730961600000,20.74,20.75,20.64,20.67,11198.2
1730961900000,20.69,20.71,20.55,20.58,5937.71
1730962200000,20.59,20.73,20.58,20.73,3117.44
1730962500000,20.74,20.8,20.73,20.79,2150.09
1730962800000,20.79,20.82,20.73,20.75,1909.06
1730963100000,20.75,20.81,20.72,20.81,625.82
1730963400000,20.8,20.85,20.79,20.81,2253.71
1730963700000,20.81,20.84,20.8,20.81,2894.17
1730964000000,20.82,20.83,20.78,20.82,448.75
1730964300000,20.81,20.83,20.77,20.8,2043.35
1730964600000,20.8,20.82,20.77,20.78,1248.23
1730964900000,20.78,20.79,20.72,20.75,1984.31
1730965200000,20.75,20.78,20.7,20.72,2139.64
1730965500000,20.72,20.77,20.7,20.75,774.84
1730965800000,20.74,20.77,20.72,20.72,6437.84
1730966100000,20.73,20.78,20.72,20.72,1171.85
1730966400000,20.72,20.85,20.7,20.81,3190.4
1730966700000,20.81,20.94,20.81,20.9,5324.54
1730967000000,20.9,20.93,20.88,20.9,2254.69
1730967300000,20.89,20.93,20.87,20.91,3263.2
1730967600000,20.91,20.92,20.89,20.9,1946.73
1730967900000,20.9,20.98,20.87,20.96,2214.53
1730968200000,20.96,21.05,20.96,21.04,7404.41
1730968500000,21.03,21.03,20.99,21.01,2287.44
1730968800000,21.0,21.05,20.97,21.02,14980.42
1730969100000,21.02,21.06,21.01,21.06,2863.24
1730969400000,21.06,21.07,21.03,21.05,1096.54
1730969700000,21.06,21.07,21.04,21.07,1236.31
1730970000000,21.08,21.09,21.01,21.01,1658.39
1730970300000,21.02,21.04,21.01,21.02,2343.51
1730970600000,21.01,21.02,20.96,21.0,10338.81
1730970900000,21.0,21.03,20.96,20.96,4665.85
1730971200000,20.96,21.0,20.92,20.99,6606.27
1730971500000,20.98,21.02,20.96,21.0,1158.21
1730971800000,21.0,21.01,20.98,21.01,2295.85
1730972100000,21.01,21.01,20.96,20.97,1847.45
1730972400000,20.96,20.99,20.93,20.99,2684.68
1730972700000,20.99,21.04,20.98,21.01,1824.11
1730973000000,21.02,21.02,20.97,21.01,1706.98
1730973300000,20.99,21.03,20.98,21.01,2865.66
1730973600000,21.01,21.04,20.9,20.94,3448.78
1730973900000,20.94,21.01,20.94,20.95,6048.38
1730974200000,20.95,21.02,20.95,21.01,1662.19
1730974500000,21.0,21.02,20.95,20.98,1869.06
1730974800000,20.99,21.0,20.93,20.97,432.12
1730975100000,20.97,20.98,20.92,20.92,1125.6
1730975400000,20.94,20.94,20.85,20.87,3046.78
1730975700000,20.86,20.9,20.85,20.85,970.07
1730976000000,20.84,20.9,20.78,20.89,7525.99
1730976300000,20.88,20.98,20.88,20.98,2684.09
1730976600000,20.97,21.0,20.96,20.99,1460.84
1730976900000,20.99,21.01,20.96,20.97,5961.42
1730977200000,20.98,21.03,20.96,21.01,2662.38
1730977500000,21.0,21.01,20.88,20.93,8036.75
1730977800000,20.94,20.96,20.92,20.94,1370.34
1730978100000,20.94,20.96,20.88,20.91,624.83
1730978400000,20.91,20.94,20.9,20.92,674.5
1730978700000,20.91,20.91,20.88,20.91,5260.58
1730979000000,20.9,20.95,20.88,20.9,1915.78
1730979300000,20.91,20.95,20.88,20.94,1982.04
1730979600000,20.93,20.93,20.86,20.87,2168.28
1730979900000,20.88,20.91,20.84,20.86,467.25
1730980200000,20.86,20.89,20.8,20.82,2636.05
1730980500000,20.81,20.84,20.77,20.79,3552.96
1730980800000,20.79,20.88,20.78,20.87,1227.62
1730981100000,20.88,20.91,20.85,20.9,980.17
1730981400000,20.9,20.97,20.88,20.94,1267.14
1730981700000,20.95,20.98,20.93,20.94,1965.12
1730982000000,20.96,21.01,20.91,20.96,4142.23
1730982300000,20.98,20.99,20.95,20.97,996.13
1730982600000,20.97,20.99,20.93,20.96,922.81
1730982900000,20.96,20.97,20.92,20.96,1016.84
1730983200000,20.94,21.02,20.91,21.0,3488.67
1730983500000,21.0,21.04,20.94,20.94,3716.86
1730983800000,20.93,20.97,20.91,20.95,563.09
1730984100000,20.94,20.96,20.92,20.95,502.1
1730984400000,20.97,21.01,20.95,20.99,1053.96
1730984700000,20.98,20.98,20.92,20.93,317.8
1730985000000,20.93,20.93,20.89,20.89,991.55
1730985300000,20.89,20.9,20.85,20.86,2079.0
1730985600000,20.85,20.87,20.8,20.82,2414.54
1730985900000,20.81,20.86,20.78,20.81,1815.66
1730986200000,20.83,20.83,20.77,20.81,1578.26
1730986500000,20.8,20.83,20.74,20.75,2233.13
1730986800000,20.75,20.78,20.69,20.75,1663.64
1730987100000,20.78,20.81,20.7,20.71,929.07
1730987400000,20.71,20.72,20.62,20.66,4598.72
1730987700000,20.65,20.67,20.61,20.62,1029.98
1730988000000,20.62,20.73,20.6,20.69,4383.29
1730988300000,20.68,20.7,20.65,20.68,1465.49
1730988600000,20.68,20.73,20.67,20.7,2254.27
1730988900000,20.69,20.75,20.64,20.74,1513.26
1730989200000,20.75,20.83,20.75,20.82,4456.78
1730989500000,20.82,20.88,20.82,20.86,1640.33
1730989800000,20.86,20.88,20.75,20.76,4766.2
1730990100000,20.74,20.78,20.7,20.7,4263.13
1730990400000,20.72,20.74,20.67,20.67,2055.73
1730990700000,20.66,20.69,20.6,20.65,5986.42
1730991000000,20.64,20.75,20.64,20.74,5664.37
1730991300000,20.73,20.77,20.72,20.72,1180.91
1730991600000,20.74,20.76,20.66,20.7,1699.89
1730991900000,20.72,20.83,20.7,20.83,2158.67
1730992200000,20.83,20.88,20.8,20.86,3580.22
1730992500000,20.86,21.03,20.85,21.01,9668.3
1730992800000,21.02,21.06,20.98,21.04,5783.23
1730993100000,21.03,21.07,21.01,21.05,3423.89
1730993400000,21.04,21.07,20.93,20.97,7560.46
1730993700000,20.99,21.06,20.97,21.04,1895.48
1730994000000,21.06,21.16,21.05,21.14,15714.76
1730994300000,21.15,21.2,21.08,21.17,8709.85
1730994600000,21.16,21.27,21.16,21.27,5975.62
1730994900000,21.26,21.34,21.25,21.33,9009.73
1730995200000,21.35,21.44,21.29,21.3,11841.0
1730995500000,21.29,21.38,21.23,21.32,5704.5
1730995800000,21.31,21.33,21.26,21.32,3987.05
1730996100000,21.31,21.35,21.21,21.3,4927.87
1730996400000,21.29,21.31,21.22,21.25,3009.62
1730996700000,21.25,21.39,21.24,21.39,3636.12
1730997000000,21.39,21.55,21.36,21.55,4581.79
1730997300000,21.54,21.57,21.39,21.53,13650.14
1730997600000,21.53,21.56,21.48,21.51,1631.1
1730997900000,21.51,21.53,21.48,21.48,3122.61
1730998200000,21.49,21.55,21.44,21.5,5347.23
1730998500000,21.5,21.53,21.46,21.49,2055.81
1730998800000,21.48,21.58,21.46,21.47,4027.18
1730999100000,21.48,21.49,21.39,21.41,1258.33
1730999400000,21.41,21.58,21.38,21.55,4394.49
1730999700000,21.55,21.56,21.4,21.42,9475.61
1731000000000,21.41,21.42,21.32,21.35,3711.57
1731000300000,21.35,21.36,21.3,21.33,2641.2
1731000600000,21.35,21.41,21.32,21.38,3347.61
1731000900000,21.37,21.48,21.35,21.44,2949.48
1731001200000,21.44,21.47,21.41,21.42,2681.0
1731001500000,21.42,21.43,21.39,21.41,1156.49
1731001800000,21.41,21.43,21.36,21.4,2192.56
1731002100000,21.4,21.44,21.37,21.39,908.49
1731002400000,21.39,21.45,21.38,21.41,2788.05
1731002700000,21.4,21.41,21.3,21.41,5169.68
1731003000000,21.4,21.45,21.39,21.41,1252.33
1731003300000,21.41,21.57,21.4,21.54,3647.43
1731003600000,21.54,21.58,21.53,21.53,1742.81
1731003900000,21.52,21.53,21.48,21.52,2256.2
1731004200000,21.52,21.72,21.49,21.65,13019.73
1731004500000,21.64,21.74,21.6,21.7,9995.43
1731004800000,21.7,21.7,21.61,21.65,5853.81
1731005100000,21.67,21.69,21.59,21.59,7205.34
1731005400000,21.59,21.63,21.54,21.58,13677.78
1731005700000,21.58,21.63,21.54,21.56,7427.84
1731006000000,21.56,21.7,21.51,21.58,10829.02
1731006300000,21.59,21.73,21.52,21.59,8002.24
1731006600000,21.6,21.73,21.57,21.68,3387.42
1731006900000,21.68,21.71,21.45,21.45,7176.24
1731007200000,21.46,21.54,21.42,21.54,4564.65
1731007500000,21.53,21.6,21.51,21.54,2643.63
1731007800000,21.55,21.63,21.52,21.58,1917.29
1731008100000,21.58,21.63,21.54,21.55,4564.18
1731008400000,21.56,21.6,21.47,21.53,3486.85
1731008700000,21.52,21.6,21.49,21.6,1728.79
1731009000000,21.59,21.66,21.56,21.62,5601.33
1731009300000,21.62,21.65,21.58,21.63,3172.16
1731009600000,21.65,21.65,21.59,21.63,2601.34
1731009900000,21.63,21.64,21.57,21.62,4187.69
1731010200000,21.59,21.7,21.58,21.64,3498.18
1731010500000,21.63,21.72,21.62,21.69,3486.38
1731010800000,21.7,21.74,21.65,21.68,9641.57
1731011100000,21.66,21.66,21.55,21.57,2677.96
1731011400000,21.57,21.6,21.5,21.59,3981.45
1731011700000,21.58,21.58,21.49,21.54,2175.18
1731012000000,21.54,21.57,21.47,21.49,1380.62
1731012300000,21.48,21.5,21.45,21.48,1646.51
1731012600000,21.46,21.49,21.44,21.48,711.52
1731012900000,21.49,21.56,21.49,21.53,2347.79
1731013200000,21.54,21.62,21.5,21.6,6785.52
1731013500000,21.58,21.62,21.57,21.6,1122.35
1731013800000,21.6,21.67,21.6,21.64,1836.12
1731014100000,21.63,21.66,21.59,21.62,2401.66
1731014400000,21.63,21.67,21.61,21.65,2319.25
1731014700000,21.65,21.76,21.65,21.76,3696.53
1731015000000,21.75,21.84,21.73,21.82,7383.85
1731015300000,21.82,21.92,21.81,21.89,4807.27
1731015600000,21.88,21.9,21.83,21.85,3734.37
1731015900000,21.85,21.91,21.81,21.91,4383.11
1731016200000,21.9,21.92,21.83,21.92,8119.24
1731016500000,21.92,21.92,21.75,21.76,11272.84
1731016800000,21.76,21.82,21.74,21.78,4084.43
1731017100000,21.77,21.78,21.65,21.67,4317.06
1731017400000,21.67,21.71,21.64,21.68,5751.91
1731017700000,21.67,21.77,21.66,21.7,2449.66
1731018000000,21.69,21.69,21.57,21.6,5458.16
1731018300000,21.59,21.64,21.57,21.62,1207.19
1731018600000,21.63,21.74,21.63,21.7,2065.36
1731018900000,21.7,21.73,21.67,21.68,1347.21
1731019200000,21.68,21.68,21.6,21.6,1401.26
1731019500000,21.6,21.62,21.6,21.61,400.21
1731019800000,21.6,21.6,21.52,21.55,2621.14
1731020100000,21.54,21.56,21.48,21.56,4979.07
1731020400000,21.56,21.69,21.54,21.55,1656.92
1731020700000,21.55,21.58,21.45,21.47,2065.28
1731021000000,21.47,21.47,21.4,21.42,3786.96
1731021300000,21.43,21.45,21.36,21.39,1444.85
1731021600000,21.37,21.47,21.35,21.43,655.45
1731021900000,21.44,21.45,21.39,21.43,459.64
1731022200000,21.44,21.55,21.43,21.53,3933.23
1731022500000,21.53,21.61,21.5,21.61,891.35
1731022800000,21.61,21.69,21.6,21.68,1874.88
1731023100000,21.69,21.77,21.69,21.72,5958.53
1731023400000,21.71,21.73,21.66,21.66,2962.26
1731023700000,21.66,21.67,21.55,21.62,7753.3
1731024000000,21.62,21.74,21.61,21.67,5153.5
1731024300000,21.65,21.71,21.6,21.7,2876.1
1731024600000,21.69,21.74,21.61,21.62,4019.35
1731024900000,21.62,21.8,21.62,21.73,7893.69
1731025200000,21.74,21.87,21.74,21.85,4537.75
1731025500000,21.84,21.96,21.83,21.93,4033.37
1731025800000,21.93,21.96,21.84,21.84,3083.49
1731026100000,21.85,21.92,21.79,21.84,5093.2
1731026400000,21.84,21.98,21.83,21.98,4318.04
1731026700000,21.97,22.09,21.96,22.03,15771.32
1731027000000,22.03,22.06,21.91,21.92,3886.44
1731027300000,21.91,21.99,21.87,21.92,3068.05
1731027600000,21.92,22.11,21.89,22.04,8409.57
1731027900000,22.04,22.22,22.04,22.21,11294.63
1731028200000,22.22,22.25,22.15,22.24,6647.53
1731028500000,22.25,22.3,22.23,22.24,5914.09
1731028800000,22.24,22.47,22.24,22.45,16518.88
1731029100000,22.46,22.52,22.4,22.5,13454.22
1731029400000,22.49,22.56,22.4,22.46,7318.09
1731029700000,22.46,22.47,22.14,22.16,17650.53
1731030000000,22.16,22.19,22.07,22.1,7529.97
1731030300000,22.11,22.31,22.08,22.14,6021.52
1731030600000,22.14,22.24,22.1,22.22,7735.73
1731030900000,22.2,22.48,22.2,22.43,11044.2
1731031200000,22.41,22.45,22.25,22.28,3237.73
1731031500000,22.3,22.3,22.13,22.15,6107.53
1731031800000,22.16,22.26,22.15,22.23,5704.41
1731032100000,22.23,22.39,22.23,22.33,6903.29
1731032400000,22.33,22.38,22.17,22.21,6419.04
1731032700000,22.21,22.31,22.06,22.08,8015.22
1731033000000,22.08,22.16,22.02,22.12,4246.49
1731033300000,22.12,22.2,22.08,22.08,3388.56
1731033600000,22.08,22.15,22.0,22.02,8314.28
1731033900000,22.01,22.16,22.01,22.13,3843.07
1731034200000,22.11,22.14,22.04,22.04,2384.6
1731034500000,22.04,22.05,21.91,21.95,7465.46
1731034800000,21.95,22.0,21.83,21.88,11055.76
1731035100000,21.87,22.07,21.87,22.05,3870.34
1731035400000,22.06,22.06,21.96,21.96,1351.6
1731035700000,21.96,21.97,21.81,21.83,3084.56
1731036000000,21.81,21.88,21.79,21.81,2342.16
1731036300000,21.81,21.84,21.77,21.8,1934.27
1731036600000,21.8,21.87,21.75,21.78,5308.99
1731036900000,21.77,21.84,21.76,21.78,2026.28
1731037200000,21.79,21.85,21.78,21.81,3503.69
1731037500000,21.81,22.0,21.81,21.97,12708.09
1731037800000,21.99,22.02,21.96,22.0,2074.36
1731038100000,22.01,22.01,21.96,21.96,4381.39
1731038400000,21.96,22.14,21.94,22.12,3099.22
1731038700000,22.12,22.24,22.1,22.17,8370.5
1731039000000,22.18,22.28,22.16,22.27,1636.81
1731039300000,22.26,22.33,22.24,22.27,2833.3
1731039600000,22.26,22.31,22.22,22.28,2995.41
1731039900000,22.29,22.42,22.26,22.42,3146.01
1731040200000,22.42,22.42,22.31,22.34,1360.03
1731040500000,22.34,22.35,22.23,22.24,2321.92
1731040800000,22.23,22.28,22.18,22.22,5014.51
1731041100000,22.24,22.24,22.13,22.2,1628.58
1731041400000,22.18,22.22,22.15,22.21,1174.97
1731041700000,22.2,22.2,22.11,22.12,583.96
1731042000000,22.12,22.18,22.09,22.1,4589.72
1731042300000,22.1,22.23,22.09,22.22,613.93
1731042600000,22.22,22.26,22.16,22.16,2418.49
1731042900000,22.16,22.21,22.13,22.15,868.27
1731043200000,22.15,22.16,22.04,22.15,1909.28
1731043500000,22.16,22.16,22.08,22.1,1317.31
1731043800000,22.1,22.16,22.1,22.12,4741.37
1731044100000,22.13,22.18,22.12,22.14,1793.04
1731044400000,22.15,22.19,22.14,22.16,1932.99
1731044700000,22.16,22.18,22.12,22.15,975.05
1731045000000,22.13,22.17,22.12,22.14,5960.09
1731045300000,22.13,22.22,22.12,22.22,6407.14
1731045600000,22.23,22.23,22.12,22.15,3439.8
1731045900000,22.15,22.15,22.09,22.09,6300.62
1731046200000,22.08,22.19,22.03,22.18,2445.95
1731046500000,22.17,22.17,22.12,22.14,1248.18
1731046800000,22.15,22.16,22.04,22.07,545.4
1731047100000,22.07,22.19,22.04,22.13,8344.1
1731047400000,22.13,22.18,22.11,22.13,1068.78
1731047700000,22.12,22.2,22.11,22.14,1042.91
1731048000000,22.13,22.18,22.12,22.17,892.3
1731048300000,22.15,22.17,22.1,22.11,588.54
1731048600000,22.12,22.12,22.0,22.01,2595.69
1731048900000,22.01,22.06,22.0,22.03,1696.59
1731049200000,22.02,22.06,21.96,21.97,4668.46
1731049500000,21.95,21.97,21.85,21.85,2195.04
1731049800000,21.85,21.85,21.76,21.79,12088.33
1731050100000,21.78,21.85,21.75,21.83,1060.68
1731050400000,21.81,21.83,21.76,21.81,3130.68
1731050700000,21.82,21.98,21.82,21.97,4720.09
1731051000000,21.96,21.96,21.87,21.91,572.95
1731051300000,21.91,22.0,21.91,21.94,5071.62
1731051600000,21.94,21.97,21.91,21.96,2404.51
1731051900000,21.96,22.16,21.96,22.13,6604.57
1731052200000,22.13,22.18,22.12,22.13,2176.32
1731052500000,22.13,22.16,22.08,22.13,2123.4
1731052800000,22.12,22.13,21.93,21.93,2442.47
1731053100000,21.92,22.03,21.89,21.94,2591.25
1731053400000,21.93,21.93,21.85,21.86,949.27
1731053700000,21.87,21.9,21.76,21.83,1747.8
1731054000000,21.83,21.98,21.83,21.98,10363.22
1731054300000,21.97,22.07,21.97,22.05,5343.6
1731054600000,22.05,22.08,21.99,21.99,725.56
1731054900000,22.0,22.02,21.95,22.01,954.95
1731055200000,22.0,22.0,21.9,21.9,832.14
1731055500000,21.9,22.06,21.87,22.03,2096.1
1731055800000,22.04,22.08,22.03,22.04,786.61
1731056100000,22.05,22.06,22.02,22.06,1316.71
1731056400000,22.05,22.17,22.05,22.1,3407.01
1731056700000,22.11,22.19,22.07,22.16,2886.0
1731057000000,22.17,22.35,22.14,22.33,10094.76
1731057300000,22.33,22.34,22.2,22.26,5029.78
1731057600000,22.26,22.31,22.22,22.23,1067.47
1731057900000,22.22,22.24,22.19,22.21,2546.41
1731058200000,22.22,22.22,22.17,22.19,1830.15
1731058500000,22.2,22.25,22.15,22.2,10108.79
1731058800000,22.2,22.24,22.2,22.2,2010.84
1731059100000,22.19,22.24,22.17,22.21,1326.46
1731059400000,22.21,22.22,22.14,22.14,2391.33
1731059700000,22.14,22.23,22.14,22.19,6132.74
1731060000000,22.17,22.19,22.13,22.18,2019.34
1731060300000,22.2,22.2,22.11,22.14,1218.06
1731060600000,22.15,22.16,22.08,22.13,2496.92
1731060900000,22.14,22.18,22.08,22.08,1133.31
1731061200000,22.08,22.14,22.06,22.13,819.62
1731061500000,22.13,22.21,22.13,22.21,3396.8
1731061800000,22.22,22.24,22.17,22.21,3022.17
1731062100000,22.21,22.21,22.16,22.16,1309.3
1731062400000,22.16,22.34,22.15,22.34,14402.57
1731062700000,22.34,22.34,22.21,22.22,8124.55
1731063000000,22.21,22.28,22.18,22.28,2582.59
1731063300000,22.29,22.29,22.21,22.23,2888.27
1731063600000,22.22,22.34,22.22,22.31,3251.33
1731063900000,22.3,22.39,22.28,22.32,4450.18
1731064200000,22.33,22.39,22.32,22.38,3093.62
1731064500000,22.38,22.44,22.34,22.39,5304.16
1731064800000,22.39,22.47,22.37,22.47,2672.28
1731065100000,22.48,22.49,22.36,22.41,5877.2
1731065400000,22.41,22.5,22.37,22.43,9106.97
1731065700000,22.41,22.43,22.34,22.4,4345.5
1731066000000,22.4,22.49,22.38,22.46,3168.67
1731066300000,22.46,22.57,22.46,22.54,7534.63
1731066600000,22.53,22.57,22.49,22.5,3823.0
1731066900000,22.51,22.51,22.42,22.44,4904.42
1731067200000,22.44,22.56,22.44,22.51,4730.74
1731067500000,22.5,22.51,22.42,22.43,7730.96
1731067800000,22.44,22.44,22.35,22.39,3034.58
1731068100000,22.38,22.53,22.36,22.44,7402.95
1731068400000,22.43,22.48,22.41,22.41,2516.77
1731068700000,22.42,22.42,22.27,22.3,6877.16
1731069000000,22.3,22.44,22.27,22.44,8640.05
1731069300000,22.44,22.53,22.41,22.41,4459.89
1731069600000,22.42,22.48,22.36,22.47,9996.18
1731069900000,22.48,22.58,22.47,22.5,5959.07
1731070200000,22.51,22.6,22.49,22.58,2662.4
1731070500000,22.58,22.64,22.54,22.6,13225.68
1731070800000,22.59,22.6,22.53,22.55,5249.25
1731071100000,22.56,22.56,22.47,22.51,5775.74
1731071400000,22.49,22.6,22.47,22.6,8373.81
1731071700000,22.59,22.64,22.53,22.61,8023.78
1731072000000,22.61,22.64,22.58,22.61,2911.14
1731072300000,22.6,22.6,22.45,22.47,4983.28
1731072600000,22.46,22.46,22.37,22.4,3388.16
1731072900000,22.41,22.43,22.34,22.34,4928.27
1731073200000,22.35,22.46,22.35,22.45,9961.13
1731073500000,22.45,22.56,22.45,22.55,2902.97
1731073800000,22.55,22.69,22.54,22.69,6481.78
1731074100000,22.69,22.76,22.67,22.68,8629.27
1731074400000,22.69,22.69,22.55,22.56,13544.04
1731074700000,22.56,22.68,22.56,22.68,6380.09
1731075000000,22.68,22.8,22.65,22.75,15311.98
1731075300000,22.76,22.82,22.71,22.77,11621.88
1731075600000,22.77,22.8,22.7,22.75,2474.5
1731075900000,22.75,22.99,22.75,22.97,31952.02
1731076200000,22.97,22.98,22.8,22.85,5792.18
1731076500000,22.85,22.92,22.78,22.79,6262.71
1731076800000,22.8,22.81,22.56,22.58,7151.36
1731077100000,22.58,22.67,22.45,22.45,8652.43
1731077400000,22.45,22.53,22.39,22.51,7216.31
1731077700000,22.5,22.5,22.35,22.41,5933.63
1731078000000,22.41,22.59,22.38,22.44,10553.99
1731078300000,22.42,22.44,22.21,22.38,15297.29
1731078600000,22.37,22.44,22.31,22.44,5108.31
1731078900000,22.44,22.64,22.33,22.64,4559.57
1731079200000,22.64,22.8,22.62,22.74,8534.44
1731079500000,22.74,22.92,22.72,22.75,18366.26
1731079800000,22.74,22.93,22.72,22.85,11211.74
1731080100000,22.85,22.85,22.75,22.8,6764.4
1731080400000,22.81,22.89,22.78,22.8,3762.6
1731080700000,22.79,22.79,22.6,22.73,10777.15
1731081000000,22.73,22.91,22.71,22.88,5406.91
1731081300000,22.88,22.89,22.8,22.82,3345.12
1731081600000,22.82,22.85,22.72,22.85,6063.56
1731081900000,22.86,22.95,22.81,22.86,6181.3
1731082200000,22.87,22.9,22.78,22.78,8814.05
1731082500000,22.78,22.83,22.71,22.77,4593.24
1731082800000,22.77,22.79,22.67,22.72,2500.87
1731083100000,22.72,22.8,22.72,22.72,5006.12
1731083400000,22.72,22.93,22.56,22.58,17057.93
1731083700000,22.58,22.73,22.57,22.66,8069.55
1731084000000,22.67,22.68,22.41,22.45,7939.71
1731084300000,22.45,22.45,22.33,22.34,4054.0
1731084600000,22.35,22.59,22.3,22.49,16908.02
1731084900000,22.47,22.5,22.31,22.33,2686.75
1731085200000,22.32,22.43,22.32,22.37,4272.55
1731085500000,22.37,22.39,22.02,22.03,28472.16
1731085800000,22.03,22.16,21.97,22.05,17759.53
1731086100000,22.05,22.26,22.0,22.23,10856.04
1731086400000,22.22,22.25,22.14,22.2,3054.53
1731086700000,22.19,22.22,22.1,22.19,1826.25
1731087000000,22.18,22.32,22.11,22.3,6382.82
1731087300000,22.3,22.42,22.29,22.35,4181.82
1731087600000,22.37,22.4,22.32,22.39,4232.26
1731087900000,22.4,22.41,22.32,22.39,8385.97
1731088200000,22.38,22.55,22.38,22.51,9190.08
1731088500000,22.52,22.57,22.49,22.52,5572.37
1731088800000,22.53,22.54,22.39,22.41,4610.35
1731089100000,22.41,22.46,22.33,22.33,2365.98
1731089400000,22.33,22.39,22.3,22.37,1093.99
1731089700000,22.37,22.54,22.36,22.49,4126.85
1731090000000,22.49,22.51,22.4,22.41,3630.13
1731090300000,22.41,22.48,22.4,22.47,1814.93
1731090600000,22.48,22.57,22.41,22.56,7927.46
1731090900000,22.56,22.76,22.56,22.75,6865.08
1731091200000,22.74,22.74,22.53,22.61,9014.83
1731091500000,22.61,22.68,22.56,22.61,1533.49
1731091800000,22.62,22.7,22.56,22.65,3550.55
1731092100000,22.64,22.69,22.58,22.65,1959.18
1731092400000,22.63,22.65,22.58,22.62,1616.94
1731092700000,22.62,22.69,22.59,22.68,924.9
1731093000000,22.68,22.76,22.68,22.73,2524.39
1731093300000,22.73,22.75,22.68,22.71,3710.71
1731093600000,22.71,22.74,22.65,22.66,1566.87
1731093900000,22.65,22.72,22.61,22.68,2388.07
1731094200000,22.68,22.68,22.58,22.64,5109.48
1731094500000,22.65,22.69,22.64,22.69,1634.67
1731094800000,22.69,22.73,22.68,22.7,1748.56
1731095100000,22.71,22.82,22.69,22.79,4539.41
1731095400000,22.79,22.81,22.72,22.72,3541.28
1731095700000,22.72,22.72,22.62,22.63,9267.73
1731096000000,22.62,22.68,22.59,22.61,5971.37
1731096300000,22.61,22.65,22.58,22.63,1557.88
1731096600000,22.63,22.67,22.57,22.59,3800.79
1731096900000,22.59,22.66,22.44,22.45,22559.1
1731097200000,22.45,22.45,22.31,22.32,6477.22
1731097500000,22.33,22.33,22.25,22.27,5048.39
1731097800000,22.28,22.3,22.21,22.25,3664.44
1731098100000,22.25,22.28,22.2,22.21,4870.8
1731098400000,22.22,22.27,22.21,22.23,2913.44
1731098700000,22.23,22.31,22.2,22.27,5474.83
1731099000000,22.26,22.35,22.26,22.35,1201.98
1731099300000,22.35,22.37,22.33,22.33,1645.36
1731099600000,22.33,22.4,22.33,22.38,1207.35
1731099900000,22.38,22.41,22.35,22.39,699.09
1731100200000,22.38,22.39,22.35,22.35,167.61
1731100500000,22.34,22.34,22.17,22.2,6317.24
1731100800000,22.19,22.21,22.13,22.21,2618.77
1731101100000,22.2,22.26,22.17,22.22,856.07
1731101400000,22.22,22.24,22.19,22.23,833.59
1731101700000,22.24,22.36,22.24,22.35,4013.37
1731102000000,22.34,22.39,22.31,22.31,1856.91
1731102300000,22.31,22.31,22.2,22.2,3430.14
1731102600000,22.21,22.24,22.19,22.2,605.91
1731102900000,22.2,22.25,22.2,22.23,417.2
1731103200000,22.22,22.34,22.2,22.33,2958.35
1731103500000,22.34,22.36,22.29,22.34,3066.96
1731103800000,22.34,22.37,22.33,22.35,1142.37
1731104100000,22.34,22.35,22.26,22.33,584.93
1731104400000,22.33,22.46,22.32,22.44,5376.95
1731104700000,22.44,22.58,22.44,22.57,2367.68
1731105000000,22.57,22.58,22.49,22.49,2434.1
1731105300000,22.49,22.51,22.46,22.49,947.15
1731105600000,22.49,22.49,22.44,22.47,1259.57
1731105900000,22.46,22.47,22.39,22.39,1064.73
1731106200000,22.42,22.43,22.32,22.37,1230.51
1731106500000,22.37,22.38,22.31,22.34,909.19
1731106800000,22.36,22.38,22.27,22.31,2620.19
1731107100000,22.31,22.33,22.28,22.29,798.21
1731107400000,22.29,22.32,22.27,22.28,602.02
1731107700000,22.29,22.3,22.22,22.26,2695.41
1731108000000,22.25,22.3,22.23,22.29,807.66
1731108300000,22.28,22.33,22.28,22.32,1244.9
1731108600000,22.33,22.35,22.3,22.34,3072.14
1731108900000,22.33,22.36,22.31,22.36,857.68
1731109200000,22.38,22.45,22.37,22.38,3837.7
1731109500000,22.37,22.41,22.37,22.41,1007.94
1731109800000,22.4,22.41,22.39,22.41,1491.82
1731110100000,22.41,22.45,22.4,22.42,1385.0
1731110400000,22.42,22.52,22.39,22.49,4967.95
1731110700000,22.49,22.55,22.47,22.49,3233.62
1731111000000,22.49,22.52,22.48,22.48,3547.61
1731111300000,22.47,22.51,22.42,22.47,2433.12
1731111600000,22.46,22.57,22.46,22.57,2726.28
1731111900000,22.56,22.61,22.55,22.57,939.28
1731112200000,22.57,22.6,22.52,22.52,4702.07
1731112500000,22.52,22.74,22.52,22.73,5862.41
1731112800000,22.73,22.8,22.62,22.62,13707.45
1731113100000,22.63,22.66,22.53,22.58,7727.73
1731113400000,22.59,22.6,22.53,22.57,3460.03
1731113700000,22.57,22.57,22.49,22.5,2125.52
1731114000000,22.5,22.53,22.43,22.46,1605.11
1731114300000,22.46,22.5,22.37,22.38,10780.6
1731114600000,22.38,22.39,22.33,22.34,1613.86
1731114900000,22.34,22.36,22.26,22.26,1364.29
1731115200000,22.26,22.28,22.21,22.21,2872.85
1731115500000,22.22,22.25,22.18,22.24,7043.75
1731115800000,22.23,22.31,22.19,22.27,2157.18
1731116100000,22.26,22.32,22.22,22.28,2141.42
1731116400000,22.28,22.33,22.28,22.3,2159.92
1731116700000,22.3,22.3,22.18,22.19,11160.76
1731117000000,22.19,22.23,22.17,22.21,2145.97
1731117300000,22.2,22.2,22.17,22.18,1022.24
1731117600000,22.17,22.2,22.15,22.19,4857.68
1731117900000,22.19,22.25,22.19,22.21,1029.91
1731118200000,22.21,22.23,22.1,22.13,4403.2
1731118500000,22.13,22.15,22.1,22.12,576.37
1731118800000,22.12,22.12,22.04,22.06,3852.11
1731119100000,22.06,22.13,22.03,22.1,672.56
1731119400000,22.1,22.15,22.09,22.1,3087.73
1731119700000,22.1,22.11,22.05,22.06,652.8
1731120000000,22.05,22.08,22.03,22.08,293.49
1731120300000,22.08,22.17,22.07,22.16,1679.31
1731120600000,22.15,22.18,22.15,22.16,774.12
1731120900000,22.16,22.19,22.13,22.13,3139.76
1731121200000,22.14,22.2,22.12,22.18,733.94
1731121500000,22.18,22.18,22.11,22.18,1137.88
1731121800000,22.18,22.2,22.16,22.2,427.29
1731122100000,22.2,22.21,22.16,22.17,461.46
1731122400000,22.17,22.17,22.1,22.11,671.08
1731122700000,22.11,22.12,22.09,22.12,1248.67
1731123000000,22.1,22.1,22.02,22.08,2566.71
1731123300000,22.07,22.08,22.04,22.06,1658.94
1731123600000,22.07,22.08,22.03,22.05,1397.29
1731123900000,22.05,22.05,21.97,22.0,5041.17
1731124200000,21.99,22.01,21.94,22.01,3904.66
1731124500000,22.0,22.01,21.96,22.0,984.69
1731124800000,22.0,22.08,22.0,22.07,1803.41
1731125100000,22.07,22.26,22.06,22.23,14919.77
1731125400000,22.24,22.29,22.22,22.22,654.05
1731125700000,22.22,22.26,22.21,22.26,1963.36
1731126000000,22.26,22.27,22.21,22.21,1226.93
1731126300000,22.21,22.22,22.19,22.21,1468.75
1731126600000,22.22,22.26,22.22,22.24,864.9
1731126900000,22.24,22.26,22.2,22.24,946.71
1731127200000,22.24,22.28,22.24,22.25,3014.11
1731127500000,22.26,22.26,22.21,22.24,2122.85
1731127800000,22.24,22.24,22.16,22.2,1197.6
1731128100000,22.19,22.21,22.19,22.19,584.33
1731128400000,22.2,22.22,22.16,22.22,1129.49
1731128700000,22.22,22.37,22.21,22.37,2870.31
1731129000000,22.37,22.4,22.36,22.38,953.91
1731129300000,22.38,22.45,22.38,22.45,1456.94
1731129600000,22.44,22.46,22.42,22.43,2616.27
1731129900000,22.42,22.47,22.38,22.38,3157.83
1731130200000,22.39,22.4,22.35,22.4,1410.88
1731130500000,22.41,22.44,22.4,22.44,874.59
1731130800000,22.43,22.54,22.42,22.53,5860.0
1731131100000,22.54,22.56,22.45,22.53,1876.46
1731131400000,22.53,22.59,22.51,22.54,7098.07
1731131700000,22.55,22.56,22.46,22.52,2394.18
1731132000000,22.53,22.56,22.48,22.5,5496.41
1731132300000,22.49,22.58,22.49,22.56,3405.67
1731132600000,22.55,22.6,22.55,22.57,6833.95
1731132900000,22.58,22.62,22.55,22.58,1243.56
1731133200000,22.58,22.59,22.53,22.58,1198.82
1731133500000,22.58,22.65,22.58,22.61,1081.25
1731133800000,22.61,22.61,22.5,22.5,1331.71
1731134100000,22.51,22.53,22.41,22.45,3189.41
1731134400000,22.44,22.45,22.41,22.42,1174.97
1731134700000,22.42,22.44,22.37,22.44,1417.61
1731135000000,22.44,22.51,22.42,22.49,463.77
1731135300000,22.49,22.54,22.49,22.51,3547.48
1731135600000,22.51,22.52,22.44,22.48,973.26
1731135900000,22.48,22.48,22.4,22.41,512.92
1731136200000,22.4,22.41,22.38,22.41,378.44
1731136500000,22.41,22.49,22.41,22.47,866.02
1731136800000,22.48,22.48,22.42,22.44,645.41
1731137100000,22.43,22.43,22.36,22.38,501.72
1731137400000,22.39,22.46,22.38,22.39,5115.46
1731137700000,22.39,22.41,22.36,22.4,1366.74
1731138000000,22.4,22.41,22.37,22.39,585.22
1731138300000,22.4,22.49,22.39,22.46,2734.95
1731138600000,22.46,22.51,22.45,22.51,963.22
1731138900000,22.51,22.54,22.5,22.54,790.91
1731139200000,22.54,22.6,22.54,22.56,3898.54
1731139500000,22.56,22.57,22.52,22.53,1321.8
1731139800000,22.52,22.59,22.5,22.59,4066.2
1731140100000,22.6,22.67,22.6,22.66,2587.12
1731140400000,22.66,22.68,22.64,22.66,3285.23
1731140700000,22.65,22.71,22.63,22.67,2740.16
1731141000000,22.68,22.68,22.61,22.65,1910.38
1731141300000,22.65,22.67,22.63,22.64,1380.32
1731141600000,22.64,22.66,22.6,22.64,3103.5
1731141900000,22.64,22.67,22.58,22.59,725.04
1731142200000,22.57,22.65,22.53,22.62,6074.95
1731142500000,22.61,22.62,22.58,22.6,874.67
1731142800000,22.6,22.71,22.6,22.7,2966.5
1731143100000,22.71,22.74,22.7,22.7,1062.23
1731143400000,22.7,22.74,22.68,22.73,1501.41
1731143700000,22.72,22.77,22.69,22.73,3430.39
1731144000000,22.74,22.8,22.66,22.66,4547.13
1731144300000,22.66,22.69,22.64,22.66,5729.92
1731144600000,22.67,22.69,22.64,22.67,885.63
1731144900000,22.67,22.68,22.6,22.62,2340.92
1731145200000,22.63,22.66,22.57,22.57,1108.23
1731145500000,22.58,22.65,22.57,22.64,1117.49
1731145800000,22.65,22.66,22.62,22.64,346.83
1731146100000,22.64,22.64,22.56,22.56,1005.76
1731146400000,22.58,22.58,22.52,22.53,330.07
1731146700000,22.53,22.57,22.53,22.55,1022.37
1731147000000,22.56,22.6,22.54,22.6,1268.17
1731147300000,22.6,22.62,22.51,22.54,1580.89
1731147600000,22.55,22.55,22.49,22.5,2019.75
1731147900000,22.5,22.51,22.4,22.4,2900.38
1731148200000,22.4,22.43,22.37,22.43,2293.9
1731148500000,22.43,22.47,22.37,22.43,1771.98
1731148800000,22.43,22.46,22.39,22.42,5323.63
1731149100000,22.42,22.49,22.39,22.47,4196.82
1731149400000,22.46,22.5,22.44,22.49,1645.36
1731149700000,22.5,22.53,22.46,22.47,6290.59
1731150000000,22.47,22.51,22.41,22.51,10669.82
1731150300000,22.51,22.52,22.45,22.5,4385.4
1731150600000,22.51,22.53,22.46,22.53,5098.94
1731150900000,22.53,22.54,22.48,22.5,1575.72
1731151200000,22.5,22.52,22.47,22.5,1086.08
1731151500000,22.49,22.49,22.44,22.46,814.12
1731151800000,22.45,22.51,22.44,22.49,352.34
1731152100000,22.49,22.5,22.46,22.46,1373.27
1731152400000,22.47,22.48,22.38,22.47,7151.14
1731152700000,22.48,22.54,22.46,22.48,15025.25
1731153000000,22.48,22.53,22.46,22.53,2665.03
1731153300000,22.52,22.54,22.51,22.52,1645.51
1731153600000,22.52,22.61,22.52,22.58,7940.15
1731153900000,22.59,22.59,22.51,22.51,5467.11
1731154200000,22.52,22.54,22.43,22.45,1531.73
1731154500000,22.45,22.46,22.32,22.36,7044.47
1731154800000,22.37,22.47,22.35,22.43,2700.8
1731155100000,22.43,22.46,22.4,22.45,1274.73
1731155400000,22.45,22.45,22.32,22.34,3749.16
1731155700000,22.34,22.38,22.31,22.35,4559.96
1731156000000,22.35,22.35,22.31,22.32,1062.26
1731156300000,22.31,22.33,22.23,22.25,2532.75
1731156600000,22.26,22.3,22.25,22.26,2439.92
1731156900000,22.26,22.26,22.22,22.24,2552.47
1731157200000,22.24,22.33,22.23,22.3,1067.49
1731157500000,22.31,22.34,22.31,22.33,1756.63
1731157800000,22.33,22.38,22.3,22.35,1176.6
1731158100000,22.36,22.37,22.32,22.33,1805.74
1731158400000,22.32,22.33,22.26,22.29,1131.92
1731158700000,22.29,22.33,22.26,22.31,1607.59
1731159000000,22.29,22.31,22.25,22.25,322.35
1731159300000,22.25,22.28,22.19,22.27,1875.52
1731159600000,22.28,22.36,22.28,22.33,1992.28
1731159900000,22.32,22.35,22.28,22.35,5910.56
1731160200000,22.36,22.4,22.35,22.39,1370.31
1731160500000,22.39,22.39,22.28,22.28,1577.04
1731160800000,22.28,22.29,22.24,22.24,2054.56
1731161100000,22.23,22.27,22.13,22.14,2479.61
1731161400000,22.15,22.18,22.07,22.13,9253.56
1731161700000,22.12,22.14,22.08,22.11,2220.45
1731162000000,22.11,22.15,22.1,22.14,1049.11
1731162300000,22.13,22.16,22.1,22.12,2385.92
1731162600000,22.12,22.14,22.07,22.08,2309.03
1731162900000,22.08,22.1,22.03,22.04,2111.72
1731163200000,22.04,22.06,21.96,21.99,5763.74
1731163500000,21.99,22.1,21.98,22.01,4953.01
1731163800000,22.02,22.1,21.98,22.09,7644.07
1731164100000,22.08,22.12,22.05,22.09,1573.35
1731164400000,22.09,22.1,21.98,21.99,1852.9
1731164700000,21.98,22.03,21.97,21.98,2159.23
1731165000000,21.97,22.03,21.97,21.98,941.61
1731165300000,21.98,22.04,21.98,22.03,1469.61
1731165600000,22.04,22.1,22.04,22.08,685.95
1731165900000,22.09,22.11,22.07,22.1,2242.22
1731166200000,22.1,22.21,22.1,22.16,3091.34
1731166500000,22.16,22.21,22.14,22.21,3378.47
1731166800000,22.19,22.24,22.19,22.23,2420.3
1731167100000,22.23,22.24,22.15,22.22,3118.65
1731167400000,22.22,22.26,22.21,22.22,1225.06
1731167700000,22.21,22.25,22.19,22.21,2903.28
1731168000000,22.22,22.26,22.21,22.23,1855.21
1731168300000,22.21,22.23,22.16,22.16,6353.38
1731168600000,22.16,22.21,22.16,22.18,1247.35
1731168900000,22.18,22.19,22.04,22.08,5159.58
1731169200000,22.08,22.11,22.0,22.07,1866.69
1731169500000,22.05,22.09,22.03,22.06,1560.19
1731169800000,22.06,22.13,22.03,22.11,1758.64
1731170100000,22.11,22.17,22.07,22.08,974.07
1731170400000,22.07,22.21,22.05,22.18,6178.38
1731170700000,22.18,22.24,22.17,22.23,3059.71
1731171000000,22.22,22.33,22.21,22.27,3104.82
1731171300000,22.27,22.28,22.23,22.25,1057.96
1731171600000,22.24,22.3,22.22,22.22,1421.5
1731171900000,22.22,22.26,22.14,22.16,1860.99
1731172200000,22.16,22.16,22.0,22.0,4041.79
1731172500000,22.0,22.06,21.83,22.05,21164.65
1731172800000,22.05,22.18,22.05,22.16,12447.29
1731173100000,22.15,22.19,22.08,22.15,8784.77
1731173400000,22.15,22.19,22.1,22.11,2547.68
1731173700000,22.12,22.12,22.01,22.12,9256.25
1731174000000,22.12,22.14,22.08,22.08,1780.13
1731174300000,22.08,22.17,22.06,22.17,2849.08
1731174600000,22.18,22.24,22.16,22.23,1704.27
1731174900000,22.24,22.29,22.22,22.25,2261.15
1731175200000,22.25,22.29,22.22,22.28,1079.8
1731175500000,22.28,22.28,22.21,22.25,530.26
1731175800000,22.25,22.25,22.2,22.21,1144.51
1731176100000,22.21,22.3,22.21,22.22,1412.9
1731176400000,22.21,22.23,22.17,22.18,1026.73
1731176700000,22.17,22.19,22.15,22.19,1453.94
1731177000000,22.18,22.21,22.17,22.18,1051.33
1731177300000,22.18,22.2,22.17,22.18,401.44
1731177600000,22.18,22.21,22.18,22.21,968.78
1731177900000,22.2,22.27,22.2,22.25,1245.0
1731178200000,22.25,22.28,22.23,22.27,2376.7
1731178500000,22.27,22.28,22.23,22.28,693.28
1731178800000,22.28,22.48,22.27,22.41,11271.12
1731179100000,22.4,22.4,22.29,22.3,2205.26
1731179400000,22.3,22.36,22.28,22.33,2162.51
1731179700000,22.34,22.4,22.27,22.37,5625.21
1731180000000,22.38,22.4,22.33,22.39,853.03
1731180300000,22.38,22.41,22.36,22.4,1597.74
1731180600000,22.4,22.4,22.3,22.35,3456.57
1731180900000,22.35,22.35,22.28,22.3,1990.88
1731181200000,22.3,22.31,22.22,22.24,5435.63
1731181500000,22.25,22.33,22.24,22.31,557.52
1731181800000,22.31,22.32,22.27,22.3,644.69
1731182100000,22.29,22.35,22.29,22.34,1020.38
1731182400000,22.33,22.4,22.31,22.4,1237.79
1731182700000,22.39,22.4,22.32,22.33,3916.54
1731183000000,22.33,22.35,22.28,22.33,3282.94
1731183300000,22.33,22.35,22.3,22.33,1139.72
1731183600000,22.34,22.43,22.3,22.42,3318.33
1731183900000,22.41,22.46,22.39,22.44,1811.84
1731184200000,22.44,22.46,22.38,22.4,851.2
1731184500000,22.4,22.44,22.4,22.42,1542.84
1731184800000,22.42,22.51,22.4,22.51,6082.45
1731185100000,22.51,22.53,22.47,22.5,1347.49
1731185400000,22.51,22.57,22.49,22.55,2279.13
1731185700000,22.55,22.71,22.55,22.7,7490.82
1731186000000,22.69,22.79,22.69,22.78,11510.69
1731186300000,22.79,22.9,22.79,22.82,7117.73
1731186600000,22.82,22.9,22.79,22.82,4892.43
1731186900000,22.83,22.87,22.79,22.81,3037.74
1731187200000,22.82,22.96,22.82,22.95,6866.95
1731187500000,22.96,23.1,22.96,22.97,24553.66
1731187800000,22.98,22.98,22.77,22.85,13216.92
1731188100000,22.85,22.96,22.8,22.85,10659.24
1731188400000,22.87,22.92,22.81,22.9,1421.42
1731188700000,22.9,22.94,22.85,22.86,4193.81
1731189000000,22.86,22.87,22.79,22.84,5987.16
1731189300000,22.84,22.87,22.71,22.71,8345.12
1731189600000,22.71,22.72,22.6,22.6,3197.23
1731189900000,22.61,22.63,22.55,22.6,4454.69
1731190200000,22.59,22.64,22.58,22.59,2415.62
1731190500000,22.58,22.67,22.54,22.63,7001.79
1731190800000,22.63,22.77,22.62,22.77,3251.06
1731191100000,22.78,22.9,22.77,22.89,1540.31
1731191400000,22.9,22.95,22.87,22.94,4132.38
1731191700000,22.95,23.01,22.95,23.0,4396.77
1731192000000,23.01,23.01,22.93,22.95,2652.84
1731192300000,22.94,23.04,22.92,23.0,3145.27
1731192600000,23.01,23.12,22.94,23.11,8614.85
1731192900000,23.12,23.2,23.12,23.16,14106.55
1731193200000,23.16,23.16,23.09,23.13,6429.98
1731193500000,23.12,23.16,22.99,23.09,8655.54
1731193800000,23.1,23.16,23.06,23.12,4908.12
1731194100000,23.14,23.21,23.09,23.21,5795.78
1731194400000,23.21,23.25,23.17,23.23,4481.91
1731194700000,23.24,23.3,23.23,23.27,4799.23
1731195000000,23.26,23.37,23.25,23.36,7311.59
1731195300000,23.35,23.39,23.13,23.23,17485.73
1731195600000,23.21,23.39,23.2,23.33,8553.56
1731195900000,23.33,23.66,23.3,23.63,35828.62
1731196200000,23.63,23.66,23.51,23.63,15676.85
1731196500000,23.63,23.85,23.62,23.8,18292.71
1731196800000,23.81,23.9,23.71,23.86,17033.6
1731197100000,23.86,24.11,23.85,24.05,40455.06
1731197400000,24.05,24.15,24.03,24.04,23597.28
1731197700000,24.03,24.61,24.03,24.49,28025.22
1731198000000,24.5,24.56,24.38,24.4,11889.94
1731198300000,24.39,24.54,24.35,24.39,12307.77
1731198600000,24.39,24.42,24.17,24.32,18010.23
1731198900000,24.32,24.45,24.26,24.34,10891.97
1731199200000,24.34,24.52,24.22,24.52,10485.51
1731199500000,24.51,24.52,24.24,24.28,8530.09
1731199800000,24.28,24.34,24.15,24.15,12768.94
1731200100000,24.16,24.16,24.06,24.13,8054.73
1731200400000,24.13,24.13,24.03,24.07,9915.38
1731200700000,24.06,24.2,23.9,23.91,9890.6
1731201000000,23.91,23.96,23.83,23.85,7719.5
1731201300000,23.86,23.94,23.81,23.93,4081.46
1731201600000,23.91,23.95,23.9,23.95,2874.1
1731201900000,23.96,23.98,23.86,23.9,4454.03
1731202200000,23.9,23.91,23.79,23.82,3647.34
1731202500000,23.81,23.88,23.77,23.79,3241.21
1731202800000,23.8,23.85,23.75,23.79,4450.08
1731203100000,23.8,23.86,23.78,23.82,3153.55
1731203400000,23.82,23.82,23.69,23.72,8258.93
1731203700000,23.72,23.78,23.71,23.78,3299.28
1731204000000,23.78,23.86,23.78,23.84,2670.97
1731204300000,23.82,24.02,23.81,23.94,7844.71
1731204600000,23.94,24.01,23.91,23.96,7863.41
1731204900000,23.96,24.02,23.92,23.93,2655.21
1731205200000,23.93,24.13,23.92,24.13,5575.11
1731205500000,24.12,24.24,24.11,24.2,2406.11
1731205800000,24.2,24.24,24.09,24.21,5549.44
1731206100000,24.22,24.23,24.08,24.12,1971.01
1731206400000,24.13,24.7,24.1,24.61,28139.28
1731206700000,24.61,24.68,24.3,24.31,14562.73
1731207000000,24.32,24.43,24.25,24.34,6608.33
1731207300000,24.35,24.39,24.21,24.26,10575.38
1731207600000,24.26,24.31,24.18,24.24,4928.18
1731207900000,24.24,24.33,24.15,24.3,3681.64
1731208200000,24.29,24.3,24.19,24.23,2965.12
1731208500000,24.23,24.31,24.22,24.27,5457.11
1731208800000,24.29,24.33,24.26,24.33,3186.34
1731209100000,24.33,24.37,24.3,24.36,3530.75
1731209400000,24.37,24.41,24.24,24.25,1455.45
1731209700000,24.25,24.33,24.25,24.33,1039.3
1731210000000,24.31,24.37,24.27,24.36,1177.99
1731210300000,24.36,24.38,24.32,24.37,1597.76
1731210600000,24.37,24.37,24.19,24.21,3287.61
1731210900000,24.21,24.23,24.16,24.22,2599.7
1731211200000,24.22,24.3,24.2,24.21,2044.59
1731211500000,24.2,24.31,24.2,24.28,1610.29
1731211800000,24.28,24.34,24.26,24.27,4754.69
1731212100000,24.27,24.3,24.22,24.23,2795.55
1731212400000,24.23,24.24,24.09,24.1,2093.01
1731212700000,24.1,24.13,24.06,24.07,9315.22
1731213000000,24.08,24.33,24.08,24.31,10043.57
1731213300000,24.32,24.36,24.21,24.22,4769.21
1731213600000,24.21,24.26,24.13,24.22,2465.18
1731213900000,24.23,24.34,24.23,24.27,3216.62
1731214200000,24.27,24.58,24.25,24.53,14366.61
1731214500000,24.54,24.57,24.37,24.45,15068.67
1731214800000,24.45,24.5,24.28,24.3,12261.12
1731215100000,24.31,24.42,24.27,24.33,6330.56
1731215400000,24.32,24.35,24.28,24.32,8042.54
1731215700000,24.31,24.5,24.3,24.48,5716.63
1731216000000,24.48,24.54,24.44,24.46,5628.02
1731216300000,24.47,24.67,24.45,24.65,7525.88
1731216600000,24.64,24.64,24.45,24.5,6614.97
1731216900000,24.5,24.58,24.48,24.58,6100.16
1731217200000,24.57,24.64,24.52,24.63,7314.51
1731217500000,24.61,24.68,24.59,24.59,5797.25
1731217800000,24.59,24.62,24.49,24.52,14725.23
1731218100000,24.52,24.68,24.5,24.53,14111.04
1731218400000,24.54,24.57,24.36,24.36,10997.35
1731218700000,24.37,24.48,24.33,24.44,6581.27
1731219000000,24.46,24.56,24.45,24.48,3607.58
1731219300000,24.47,24.53,24.36,24.53,5274.07
1731219600000,24.53,24.66,24.44,24.65,7188.52
1731219900000,24.66,24.68,24.57,24.57,3056.5
1731220200000,24.57,24.58,24.47,24.55,2380.75
1731220500000,24.55,24.62,24.47,24.62,3631.38
1731220800000,24.62,24.69,24.55,24.61,2956.36
1731221100000,24.61,24.68,24.51,24.68,5436.92
1731221400000,24.67,24.85,24.67,24.84,9925.67
1731221700000,24.84,24.97,24.84,24.95,7099.32
1731222000000,24.95,24.96,24.81,24.81,3612.44
1731222300000,24.81,24.87,24.76,24.86,2526.88
1731222600000,24.87,24.94,24.83,24.83,3119.43
1731222900000,24.82,24.91,24.8,24.83,3756.47
1731223200000,24.83,24.85,24.69,24.74,1894.56
1731223500000,24.73,24.74,24.68,24.69,1651.88
1731223800000,24.69,24.74,24.68,24.69,1213.42
1731224100000,24.69,24.83,24.69,24.78,3982.1
1731224400000,24.76,24.81,24.74,24.79,1395.81
1731224700000,24.78,24.85,24.73,24.84,11251.26
1731225000000,24.84,24.92,24.84,24.87,4104.38
1731225300000,24.86,24.97,24.83,24.92,4446.97
1731225600000,24.92,25.03,24.91,25.02,15103.07
1731225900000,25.02,25.07,24.97,25.05,12319.23
1731226200000,25.05,25.1,25.02,25.03,5396.64
1731226500000,25.03,25.18,24.98,25.18,11759.07
1731226800000,25.17,25.21,25.14,25.2,5881.68
1731227100000,25.2,25.59,25.2,25.59,30253.9
1731227400000,25.59,25.62,25.21,25.29,14702.14
1731227700000,25.3,25.39,25.22,25.35,6521.31
1731228000000,25.35,25.55,25.33,25.37,9427.78
1731228300000,25.37,25.37,25.19,25.23,13043.03
1731228600000,25.24,25.33,25.21,25.29,6795.94
1731228900000,25.29,25.3,25.18,25.26,9296.52
1731229200000,25.27,25.46,25.27,25.44,11780.21
1731229500000,25.45,25.7,25.42,25.67,16386.34
1731229800000,25.67,25.86,25.62,25.82,9540.24
1731230100000,25.81,25.95,25.74,25.82,11523.32
1731230400000,25.81,25.94,25.76,25.8,8651.56
1731230700000,25.79,25.92,25.76,25.92,5820.29
1731231000000,25.89,25.98,25.86,25.94,9822.89
1731231300000,25.93,26.17,25.88,26.04,17768.8
1731231600000,26.04,26.15,25.85,25.91,27363.09
1731231900000,25.9,25.95,25.71,25.72,12701.77
1731232200000,25.72,25.78,25.57,25.58,9906.95
1731232500000,25.57,25.8,25.55,25.75,6828.78
1731232800000,25.75,25.88,25.74,25.76,11170.68
1731233100000,25.77,25.86,25.76,25.81,9747.86
1731233400000,25.8,25.96,25.78,25.87,5155.28
1731233700000,25.86,26.05,25.8,25.8,9072.83
1731234000000,25.82,25.83,25.73,25.75,3166.21
1731234300000,25.75,25.8,25.65,25.67,6976.94
1731234600000,25.67,25.79,25.66,25.75,2202.61
1731234900000,25.74,25.79,25.68,25.73,4412.08
1731235200000,25.74,25.93,25.74,25.78,11433.77
1731235500000,25.76,25.84,25.76,25.81,2920.03
1731235800000,25.81,25.92,25.76,25.77,4157.53
1731236100000,25.78,25.85,25.72,25.79,8485.37
1731236400000,25.8,26.07,25.79,26.04,8016.94
1731236700000,26.04,26.05,25.9,26.0,3585.41
1731237000000,26.01,26.12,25.96,25.99,10833.36
1731237300000,25.97,26.04,25.92,25.94,8027.91
1732665600000,30.8,30.89,30.34,30.43,18415.19
1732665900000,30.42,30.57,30.34,30.49,12728.8
1732666200000,30.5,30.66,30.35,30.5,16254.45
1732666500000,30.5,30.5,30.25,30.4,11348.52
1732666800000,30.4,30.71,30.37,30.43,9247.72
1732667100000,30.43,30.59,30.3,30.32,6006.97
1732667400000,30.32,30.44,30.11,30.23,8272.58
1732667700000,30.23,30.34,30.16,30.19,3958.59
1732668000000,30.21,30.27,29.85,29.9,28755.62
1732668300000,29.91,29.93,29.8,29.82,5964.58
1732668600000,29.81,29.82,29.52,29.63,17176.03
1732668900000,29.63,29.64,29.43,29.53,6358.93
1732669200000,29.53,29.57,29.26,29.39,17018.46
1732669500000,29.39,29.51,29.3,29.42,3990.9
1732669800000,29.4,29.74,29.31,29.67,5699.92
1732670100000,29.67,29.81,29.64,29.72,10127.7
1732670400000,29.72,29.83,29.67,29.81,3080.1
1732670700000,29.82,29.84,29.39,29.53,4768.19
1732671000000,29.53,29.67,29.44,29.59,2113.79
1732671300000,29.59,29.73,29.51,29.65,4088.91
1732671600000,29.62,29.72,29.58,29.66,9313.07
1732671900000,29.66,29.81,29.66,29.71,3716.65
1732672200000,29.72,29.84,29.67,29.76,4283.28
1732672500000,29.74,29.83,29.62,29.62,1351.68
1732672800000,29.61,29.72,29.6,29.63,2637.29
1732673100000,29.66,29.76,29.45,29.5,3944.9
1732673400000,29.51,29.51,29.26,29.27,7372.54
1732673700000,29.28,29.39,29.19,29.31,9821.71
1732674000000,29.31,29.78,29.21,29.77,12529.09
1732674300000,29.78,30.11,29.78,30.05,9000.1
1732674600000,30.04,30.31,29.98,30.28,7856.33
1732674900000,30.28,30.68,30.24,30.44,16806.37
1732675200000,30.44,30.5,30.31,30.47,7483.52
1732675500000,30.47,30.6,30.4,30.52,4195.99
1732675800000,30.53,30.67,30.4,30.5,9160.76
1732676100000,30.51,30.54,30.33,30.33,2053.68
1732676400000,30.32,30.36,30.21,30.27,2921.85
1732676700000,30.28,30.28,30.18,30.26,2843.56
1732677000000,30.27,30.43,30.27,30.33,2437.5
1732677300000,30.34,30.39,30.15,30.16,4014.77
1732677600000,30.16,30.16,29.99,30.06,6026.26
1732677900000,30.05,30.07,29.94,30.0,4258.46
1732678200000,30.01,30.03,29.87,29.9,1652.19
1732678500000,29.9,30.0,29.86,29.89,2607.19
1732678800000,29.89,30.05,29.89,29.99,2207.72
1732679100000,30.0,30.06,29.92,29.98,1701.06
1732679400000,29.97,30.03,29.89,29.89,2269.03
1732679700000,29.89,29.92,29.77,29.79,1951.6
1732680000000,29.8,29.8,29.71,29.76,1836.73
1732680300000,29.77,29.87,29.72,29.77,4257.65
1732680600000,29.78,29.81,29.64,29.74,5503.3
1732680900000,29.76,29.93,29.74,29.82,8854.72
1732681200000,29.82,29.99,29.76,29.77,6363.19
1732681500000,29.76,29.9,29.72,29.77,11935.75
1732681800000,29.77,29.82,29.55,29.59,14114.46
1732682100000,29.61,29.62,29.42,29.57,6226.48
1732682400000,29.58,29.6,29.42,29.55,5088.08
1732682700000,29.55,29.62,29.49,29.58,3142.86
1732683000000,29.53,29.54,29.45,29.49,3468.01
1732683300000,29.48,29.53,29.41,29.53,3067.26
1732683600000,29.53,29.59,29.47,29.58,3314.37
1732683900000,29.56,29.56,29.41,29.49,2130.84
1732684200000,29.5,29.52,29.39,29.41,1297.31
1732684500000,29.44,29.5,29.37,29.49,1809.32
1732684800000,29.49,29.56,29.3,29.55,3228.22
1732685100000,29.55,29.61,29.48,29.58,3942.19
1732685400000,29.58,29.67,29.46,29.64,3819.2
1732685700000,29.64,29.78,29.61,29.7,15111.38
1732686000000,29.7,29.79,29.66,29.66,1457.94
1732686300000,29.65,29.66,29.37,29.38,6270.75
1732686600000,29.39,29.47,29.33,29.42,6502.17
1732686900000,29.42,29.42,29.31,29.39,2947.58
1732687200000,29.4,29.54,29.39,29.51,2686.13
1732687500000,29.5,29.55,29.47,29.52,1094.08
1732687800000,29.51,29.64,29.51,29.62,1597.22
1732688100000,29.62,29.68,29.52,29.66,3729.38
1732688400000,29.62,29.68,29.56,29.59,5269.99
1732688700000,29.6,29.61,29.46,29.49,2199.06
1732689000000,29.47,29.61,29.46,29.61,2468.63
1732689300000,29.61,29.71,29.48,29.7,3459.5
1732689600000,29.72,29.75,29.59,29.65,5389.98
1732689900000,29.63,29.69,29.46,29.48,3452.15
1732690200000,29.48,29.56,29.34,29.38,3407.17
1732690500000,29.39,29.45,29.22,29.28,5663.01
1732690800000,29.28,29.51,29.23,29.49,7970.59
1732691100000,29.5,29.63,29.45,29.58,4282.1
1732691400000,29.58,29.6,29.46,29.53,4815.14
1732691700000,29.53,29.58,29.41,29.54,3759.35
1732692000000,29.55,29.6,29.5,29.57,3019.24
1732692300000,29.56,29.63,29.39,29.49,12127.45
1732692600000,29.5,29.59,29.45,29.58,2012.55
1732692900000,29.59,29.63,29.47,29.48,8757.96
1732693200000,29.47,29.49,29.31,29.38,5989.94
1732693500000,29.35,29.51,29.34,29.5,3876.96
1732693800000,29.51,29.56,29.47,29.48,3269.39
1732694100000,29.47,29.47,29.33,29.35,7749.16
1732694400000,29.34,29.37,29.24,29.29,4734.13
1732694700000,29.28,29.6,29.28,29.6,8140.64
1732695000000,29.59,29.61,29.47,29.47,7759.11
1732695300000,29.47,29.53,29.4,29.48,4813.67
1732695600000,29.49,29.57,29.38,29.4,2782.83
1732695900000,29.41,29.42,29.31,29.4,5555.4
1732696200000,29.4,29.47,29.33,29.4,3622.71
1732696500000,29.38,29.53,29.35,29.47,3934.41
1732696800000,29.48,29.54,29.44,29.45,4410.0
1732697100000,29.44,29.57,29.38,29.38,3359.33
1732697400000,29.38,29.38,29.27,29.37,4204.24
1732697700000,29.37,29.38,29.28,29.36,4870.77
1732698000000,29.37,29.42,29.24,29.28,3367.63
1732698300000,29.27,29.42,29.21,29.24,4611.28
1732698600000,29.26,29.34,29.25,29.32,3825.14
1732698900000,29.32,29.42,29.31,29.41,1294.28
1732699200000,29.42,29.46,29.32,29.41,1612.99
1732699500000,29.44,29.59,29.43,29.54,7576.09
1732699800000,29.54,29.54,29.36,29.4,1834.42
1732700100000,29.42,29.52,29.38,29.41,4778.07
1732700400000,29.42,29.44,29.33,29.39,3528.4
1732700700000,29.38,29.53,29.28,29.52,3776.63
1732701000000,29.51,29.66,29.47,29.63,9866.99
1732701300000,29.63,29.64,29.53,29.59,2816.34
1732701600000,29.59,29.7,29.57,29.69,3140.89
1732701900000,29.68,29.78,29.58,29.59,7139.13
1732702200000,29.58,29.6,29.47,29.5,4610.04
1732702500000,29.52,29.68,29.52,29.64,4951.77
1732702800000,29.64,29.84,29.64,29.66,12392.34
1732703100000,29.67,29.75,29.6,29.62,12603.34
1732703400000,29.61,29.86,29.6,29.81,17867.02
1732703700000,29.81,29.93,29.8,29.92,11263.8
1732704000000,29.92,30.12,29.9,30.12,12721.69
1732704300000,30.12,30.17,29.94,30.0,10822.02
1732704600000,29.98,30.01,29.74,29.85,9693.62
1732704900000,29.85,29.93,29.81,29.84,3475.38
1732705200000,29.85,29.88,29.62,29.62,7968.39
1732705500000,29.63,29.77,29.63,29.67,5035.12
1732705800000,29.68,29.74,29.59,29.68,7906.96
1732706100000,29.63,29.63,29.42,29.51,7523.79
1732706400000,29.53,29.56,29.33,29.39,5461.46
1732706700000,29.4,29.41,29.22,29.24,12319.66
1732707000000,29.23,29.34,29.11,29.25,23373.85
1732707300000,29.26,29.26,29.07,29.17,6865.85
1732707600000,29.13,29.24,29.08,29.12,18355.81
1732707900000,29.13,29.23,29.04,29.18,16449.51
1732708200000,29.18,29.3,29.18,29.29,11895.81
1732708500000,29.29,29.29,29.14,29.23,10669.43
1732708800000,29.22,29.23,29.12,29.17,9710.23
1732709100000,29.17,29.19,28.9,28.93,16416.06
1732709400000,28.93,28.93,28.82,28.87,13178.72
1732709700000,28.87,29.01,28.8,29.0,6988.09
1732710000000,29.0,29.02,28.71,28.72,13547.8
1732710300000,28.72,28.74,28.67,28.68,6568.16
1732710600000,28.67,28.77,28.64,28.77,5070.56
1732710900000,28.77,28.79,28.7,28.76,5026.29
1732711200000,28.76,28.86,28.74,28.76,4190.41
1732711500000,28.76,28.85,28.72,28.81,9958.54
1732711800000,28.8,28.95,28.79,28.93,10420.89
1732712100000,28.93,28.93,28.77,28.83,6782.48
1732712400000,28.83,29.12,28.8,29.1,16563.61
1732712700000,29.1,29.1,28.88,28.97,4080.8
1732713000000,28.98,29.04,28.88,28.92,2682.82
1732713300000,28.92,28.94,28.82,28.91,3033.73
1732713600000,28.91,28.96,28.83,28.89,7574.27
1732713900000,28.88,29.01,28.83,28.96,3265.38
1732714200000,28.97,29.03,28.88,28.98,3114.46
1732714500000,28.96,29.11,28.94,29.0,7250.28
1732714800000,28.98,29.08,28.95,29.0,3166.01
1732715100000,28.99,29.07,28.89,29.06,6582.52
1732715400000,29.05,29.17,29.02,29.13,6400.01
1732715700000,29.12,29.34,29.12,29.34,6989.49
1732716000000,29.33,29.4,29.18,29.39,6914.23
1732716300000,29.39,29.5,29.18,29.22,10134.08
1732716600000,29.22,29.31,29.17,29.29,4997.67
1732716900000,29.29,29.35,29.22,29.22,4938.7
1732717200000,29.22,29.27,29.09,29.09,10993.56
1732717500000,29.1,29.21,29.03,29.18,9379.76
1732717800000,29.15,29.26,29.04,29.24,8107.13
1732718100000,29.27,29.35,29.09,29.28,10502.12
1732718400000,29.28,29.39,29.2,29.31,6436.49
1732718700000,29.3,29.34,29.1,29.18,9675.93
1732719000000,29.2,29.41,29.2,29.41,8882.79
1732719300000,29.41,29.54,29.36,29.5,9175.33
1732719600000,29.48,29.56,29.4,29.54,6064.53
1732719900000,29.54,29.69,29.49,29.54,17951.61
1732720200000,29.54,29.56,29.37,29.49,7218.19
1732720500000,29.49,29.65,29.48,29.63,6420.06
1732720800000,29.63,29.63,29.46,29.56,5115.87
1732721100000,29.54,29.67,29.47,29.67,6177.66
1732721400000,29.67,29.77,29.61,29.76,5602.18
1732721700000,29.75,29.87,29.73,29.75,13310.13
1732722000000,29.71,29.86,29.69,29.82,8399.19
1732722300000,29.83,29.88,29.65,29.68,13733.45
1732722600000,29.69,29.8,29.66,29.67,11927.72
1732722900000,29.67,29.68,29.45,29.48,24009.73
1732723200000,29.48,29.61,29.45,29.45,13191.24
1732723500000,29.46,29.65,29.38,29.58,11796.51
1732723800000,29.58,29.67,29.49,29.64,3765.13
1732724100000,29.63,29.8,29.62,29.75,9575.43
1732724400000,29.73,29.83,29.68,29.82,4497.16
1732724700000,29.83,29.88,29.77,29.77,4499.71
1732725000000,29.76,30.0,29.74,29.95,15381.25
1732725300000,29.94,29.96,29.78,29.8,7490.27
1732725600000,29.81,29.83,29.57,29.62,4087.25
1732725900000,29.62,29.67,29.45,29.52,7406.46
1732726200000,29.53,29.56,29.43,29.47,1864.29
1732726500000,29.47,29.47,29.31,29.43,6830.62
1732726800000,29.43,29.49,29.33,29.45,2919.54
1732727100000,29.46,29.52,29.29,29.33,2464.7
1732727400000,29.35,29.49,29.31,29.49,4695.93
1732727700000,29.49,29.52,29.37,29.42,13708.43
1732728000000,29.43,29.46,29.39,29.4,3072.85
1732728300000,29.41,29.43,29.34,29.36,1359.07
1732728600000,29.37,29.45,29.34,29.36,2602.46
1732728900000,29.36,29.48,29.36,29.45,8016.29
1732729200000,29.44,29.48,29.32,29.33,4928.4
1732729500000,29.32,29.43,29.32,29.39,2717.57
1732729800000,29.4,29.46,29.4,29.44,1900.97
1732730100000,29.44,29.75,29.44,29.73,12178.71
1732730400000,29.73,29.76,29.65,29.74,5089.83
1732730700000,29.73,29.8,29.49,29.7,16300.29
1732731000000,29.71,29.91,29.67,29.8,16603.34
1732731300000,29.8,29.97,29.79,29.97,5725.87
1732731600000,29.97,30.01,29.91,29.93,6491.18
1732731900000,29.92,30.14,29.92,30.08,12499.99
1732732200000,30.07,30.16,29.96,30.07,3910.45
1732732500000,30.08,30.16,30.01,30.03,2986.09
1732732800000,30.03,30.12,30.01,30.11,2483.65
1732733100000,30.1,30.12,30.0,30.11,1735.25
1732733400000,30.1,30.21,30.1,30.19,7362.77
1732733700000,30.19,30.34,30.14,30.17,21306.98
1732734000000,30.16,30.18,30.1,30.16,4353.42
1732734300000,30.16,30.19,30.06,30.16,5977.54
1732734600000,30.16,30.43,30.16,30.4,11628.87
1732734900000,30.4,30.53,30.33,30.38,10555.02
1732735200000,30.39,30.8,30.39,30.67,24327.85
1732735500000,30.66,30.71,30.59,30.66,10187.71
1732735800000,30.66,30.85,30.62,30.81,6423.05
1732736100000,30.82,30.82,30.67,30.71,9918.94
1732736400000,30.71,30.73,30.63,30.7,5774.32
1732736700000,30.68,30.78,30.59,30.75,3998.83
1732737000000,30.75,30.78,30.64,30.7,5406.85
1732737300000,30.71,30.71,30.63,30.68,3463.15
1732737600000,30.68,30.95,30.63,30.92,13093.99
1732737900000,30.92,31.19,30.92,31.16,29470.89
1732738200000,31.15,31.46,31.11,31.38,15943.26
1732738500000,31.38,31.5,31.17,31.22,18694.95
1732738800000,31.22,31.37,31.12,31.26,21774.74
1732739100000,31.27,31.37,31.19,31.23,6008.88
1732739400000,31.23,31.25,30.93,30.93,22464.13
1732739700000,30.93,31.03,30.88,30.88,11082.12
1732740000000,30.88,31.02,30.88,30.99,7369.89
1732740300000,30.99,31.0,30.85,30.95,6123.09
1732740600000,30.94,30.94,30.84,30.88,5469.04
1732740900000,30.89,30.97,30.83,30.87,4994.31
1732741200000,30.86,31.03,30.84,30.96,5361.55
1732741500000,30.95,31.01,30.84,31.0,4135.69
1732741800000,31.01,31.05,30.93,30.94,6138.14
1732742100000,30.94,30.97,30.83,30.86,5706.22
1732742400000,30.86,30.87,30.62,30.62,7014.93
1732742700000,30.61,30.62,30.48,30.56,11331.91
1732743000000,30.55,30.76,30.48,30.75,4930.62
1732743300000,30.76,30.79,30.61,30.63,4144.82
1732743600000,30.64,30.67,30.37,30.37,10216.7
1732743900000,30.37,30.37,30.18,30.19,13644.8
1732744200000,30.18,30.27,30.12,30.19,11463.81
1732744500000,30.19,30.22,30.11,30.15,5899.96
1732744800000,30.16,30.43,30.16,30.4,7778.97
1732745100000,30.41,30.47,30.26,30.28,12243.43
1732745400000,30.28,30.3,30.05,30.07,9792.71
1732745700000,30.07,30.09,29.9,29.91,14647.33
1732746000000,29.92,30.03,29.91,30.0,2739.73
1732746300000,30.0,30.05,29.98,30.02,6977.58
1732746600000,30.01,30.07,30.0,30.04,4333.12
1732746900000,30.04,30.2,30.03,30.14,12123.04
1732747200000,30.14,30.16,30.07,30.11,3396.89
1732747500000,30.12,30.12,30.04,30.04,4756.33
1732747800000,30.04,30.16,30.04,30.12,3143.87
1732748100000,30.12,30.22,30.1,30.11,5317.19
1732748400000,30.11,30.21,30.07,30.07,7496.81
1732748700000,30.07,30.09,30.03,30.03,9682.76
1732749000000,30.03,30.04,29.71,29.74,24783.9
1732749300000,29.74,29.78,29.59,29.6,35419.08
1732749600000,29.6,29.81,29.58,29.69,9419.38
1732749900000,29.69,29.84,29.69,29.82,4105.31
1732750200000,29.82,29.86,29.76,29.83,6136.25
1732750500000,29.8,30.0,29.78,29.89,4457.73
1732750800000,29.89,30.01,29.8,29.86,12140.9
1732751100000,29.86,29.86,29.69,29.78,2481.88
1732751400000,29.78,29.86,29.76,29.81,2610.2
1732751700000,29.8,29.83,29.76,29.78,1377.52
1732752000000,29.77,29.8,29.44,29.63,18535.99
1732752300000,29.64,29.67,29.45,29.54,3372.85
1732752600000,29.55,29.62,29.4,29.5,4928.52
1732752900000,29.48,29.6,29.41,29.6,3148.14
1732753200000,29.59,29.61,29.35,29.59,4108.19
1732753500000,29.59,29.63,29.43,29.49,4986.96
1732753800000,29.48,29.66,29.46,29.65,5362.9
1732754100000,29.66,29.7,29.59,29.61,4491.98
1732754400000,29.61,29.67,29.54,29.61,4353.54
1732754700000,29.6,29.66,29.41,29.43,7330.96
1732755000000,29.43,29.61,29.41,29.61,3424.34
1732755300000,29.61,29.65,29.52,29.65,9387.2
1732755600000,29.66,29.72,29.52,29.52,10498.81
1732755900000,29.52,29.56,29.39,29.42,4632.08
1732756200000,29.43,29.64,29.42,29.64,5170.96
1732756500000,29.64,29.69,29.58,29.6,9827.25
1732756800000,29.59,29.65,29.51,29.55,2573.54
1732757100000,29.55,29.64,29.52,29.59,1965.09
1732757400000,29.58,29.6,29.49,29.59,1868.85
1732757700000,29.59,29.71,29.58,29.65,2595.11
1732758000000,29.64,29.68,29.51,29.6,898.05
1732758300000,29.63,29.7,29.62,29.68,824.05
1732758600000,29.69,29.74,29.65,29.72,3088.44
1732758900000,29.7,29.85,29.7,29.84,2994.07
1732759200000,29.83,29.84,29.71,29.77,5226.99
1732759500000,29.77,29.78,29.56,29.6,3268.25
1732759800000,29.6,29.69,29.54,29.6,2240.07
1732760100000,29.6,29.71,29.57,29.71,5210.48
1732760400000,29.7,29.75,29.61,29.68,2260.9
1732760700000,29.68,29.7,29.61,29.67,3381.15
1732761000000,29.67,29.77,29.61,29.61,5131.23
1732761300000,29.61,29.64,29.54,29.6,2440.79
1732761600000,29.6,29.66,29.56,29.66,1107.0
1732761900000,29.65,29.66,29.53,29.57,4190.7
1732762200000,29.55,29.57,29.47,29.47,2168.0
1732762500000,29.48,29.5,29.34,29.48,7008.69
1732762800000,29.47,29.6,29.44,29.48,9104.16
1732763100000,29.53,29.68,29.52,29.6,3883.57
1732763400000,29.59,29.65,29.53,29.57,2094.91
1732763700000,29.57,29.66,29.38,29.43,4839.1
1732764000000,29.43,29.43,29.25,29.3,6154.41
1732764300000,29.3,29.37,29.07,29.07,20896.83
1732764600000,29.07,29.2,29.01,29.17,11118.65
1732764900000,29.18,29.19,29.07,29.14,3171.82
1732765200000,29.14,29.34,29.14,29.3,2482.46
1732765500000,29.31,29.43,29.26,29.39,5597.1
1732765800000,29.4,29.42,29.33,29.38,1802.79
1732766100000,29.39,29.39,29.26,29.32,2299.76
1732766400000,29.33,29.36,29.2,29.36,5362.28
1732766700000,29.35,29.39,29.29,29.37,3451.78
1732767000000,29.37,29.4,29.3,29.32,2584.22
1732767300000,29.31,29.35,29.26,29.3,1378.22
1732767600000,29.3,29.43,29.28,29.36,3429.85
1732767900000,29.35,29.42,29.34,29.38,2479.39
1732768200000,29.38,29.45,29.3,29.44,3982.11
1732768500000,29.44,29.51,29.44,29.5,1974.23
1732768800000,29.51,29.64,29.48,29.62,1990.46
1732769100000,29.62,29.66,29.57,29.61,10761.95
1732769400000,29.61,29.63,29.51,29.52,6931.63
1732769700000,29.52,29.62,29.5,29.61,3750.2
1732770000000,29.61,29.73,29.58,29.7,3566.33
1732770300000,29.7,29.77,29.7,29.74,2443.41
1732770600000,29.72,29.74,29.66,29.68,2244.99
1732770900000,29.7,29.81,29.7,29.78,2963.24
1732771200000,29.78,29.84,29.66,29.67,5641.67
1732771500000,29.66,29.72,29.65,29.72,717.04
1732771800000,29.71,29.95,29.67,29.92,6787.3
1732772100000,29.93,30.14,29.91,30.06,12645.95
1732772400000,30.06,30.11,29.81,29.82,6860.56
1732772700000,29.83,29.87,29.62,29.78,6281.92
1732773000000,29.7,29.8,29.69,29.8,2038.21
1732773300000,29.8,29.8,29.69,29.76,1420.33
1732773600000,29.76,29.78,29.52,29.56,2858.89
1732773900000,29.56,29.6,29.41,29.41,4640.85
1732774200000,29.42,29.51,29.4,29.48,2946.8
1732774500000,29.47,29.63,29.41,29.61,4170.28
1732774800000,29.61,29.63,29.49,29.51,3166.42
1732775100000,29.52,29.6,29.48,29.58,1701.35
1732775400000,29.59,29.62,29.48,29.58,1623.32
1732775700000,29.59,29.77,29.59,29.63,1647.07
1732776000000,29.62,29.63,29.53,29.54,2719.66
1732776300000,29.53,29.6,29.47,29.51,3804.93
1732776600000,29.51,29.58,29.45,29.47,1773.51
1732776900000,29.46,29.53,29.44,29.44,2101.76
1732777200000,29.45,29.47,29.33,29.46,2346.18
1732777500000,29.46,29.6,29.42,29.57,1406.75
1732777800000,29.56,29.57,29.47,29.5,1922.3
1732778100000,29.5,29.55,29.48,29.49,897.84
1732778400000,29.48,29.54,29.42,29.48,4491.88
1732778700000,29.48,29.48,29.33,29.33,3494.4
1732779000000,29.33,29.35,29.16,29.18,2987.81
1732779300000,29.18,29.24,29.15,29.17,4556.73
1732779600000,29.17,29.21,29.14,29.14,7645.32
1732779900000,29.14,29.19,29.07,29.1,4560.95
1732780200000,29.1,29.13,29.01,29.06,11470.15
1732780500000,29.07,29.11,29.0,29.1,2192.89
1732780800000,29.11,29.2,29.1,29.13,4208.42
1732781100000,29.14,29.15,28.92,28.94,8436.9
1732781400000,28.93,29.06,28.83,29.02,8754.8
1732781700000,29.02,29.12,28.99,29.1,2524.24
1732782000000,29.1,29.26,29.09,29.24,3243.7
1732782300000,29.25,29.41,29.25,29.41,2696.65
1732782600000,29.42,29.45,29.35,29.39,3854.91
1732782900000,29.39,29.44,29.31,29.35,3684.77
1732783200000,29.35,29.37,29.27,29.29,2166.28
1732783500000,29.3,29.36,29.2,29.29,12064.99
1732783800000,29.3,29.36,29.27,29.34,948.22
1732784100000,29.34,29.42,29.28,29.32,2245.12
1732784400000,29.31,29.34,29.21,29.23,2761.78
1732784700000,29.23,29.23,29.05,29.22,3167.8
1732785000000,29.2,29.45,29.2,29.42,3958.18
1732785300000,29.42,29.49,29.4,29.48,3116.8
1732785600000,29.46,29.53,29.41,29.41,2864.51
1732785900000,29.42,29.55,29.39,29.53,1792.85
1732786200000,29.52,29.52,29.36,29.43,2553.18
1732786500000,29.44,29.53,29.43,29.53,4165.95
1732786800000,29.53,29.58,29.43,29.48,3410.53
1732787100000,29.5,29.5,29.35,29.38,1944.07
1732787400000,29.38,29.41,29.25,29.27,1984.63
1732787700000,29.27,29.27,29.12,29.17,3512.48
1732788000000,29.17,29.18,28.98,29.01,6681.8
1732788300000,29.02,29.13,29.01,29.05,2969.45
1732788600000,29.06,29.19,29.06,29.11,5362.18
1732788900000,29.12,29.27,29.08,29.25,3082.35
1732789200000,29.25,29.27,29.17,29.19,1442.72
1732789500000,29.19,29.27,29.14,29.24,1104.76
1732789800000,29.23,29.36,29.18,29.18,3048.92
1732790100000,29.2,29.28,29.15,29.2,9334.34
1732790400000,29.21,29.26,29.19,29.26,1944.77
1732790700000,29.27,29.3,29.11,29.12,6018.37
1732791000000,29.11,29.11,28.91,29.0,8366.0
1732791300000,28.99,29.07,28.95,29.0,1898.61
1732791600000,29.0,29.05,28.86,29.05,2073.87
1732791900000,29.05,29.12,28.94,28.98,4010.7
1732792200000,28.99,29.04,28.85,28.91,7640.17
1732792500000,28.91,28.95,28.76,28.77,5083.91
1732792800000,28.76,28.92,28.74,28.9,8196.9
1732793100000,28.91,28.96,28.85,28.87,2533.67
1732793400000,28.87,28.92,28.71,28.78,2521.79
1732793700000,28.78,28.96,28.78,28.95,4044.56
1732794000000,28.96,29.11,28.95,29.09,1740.71
1732794300000,29.09,29.14,29.01,29.14,2644.67
1732794600000,29.13,29.17,29.07,29.14,5376.09
1732794900000,29.14,29.19,29.02,29.03,5335.34
1732795200000,29.04,29.09,28.97,28.98,3984.17
1732795500000,28.98,29.2,28.97,29.15,6970.04
1732795800000,29.15,29.15,29.04,29.06,1816.49
1732796100000,29.05,29.12,29.02,29.11,1536.57
1732796400000,29.1,29.25,29.08,29.21,4320.19
1732796700000,29.22,29.23,29.05,29.05,1770.14
1732797000000,29.06,29.13,28.96,29.08,2203.96
1732797300000,29.07,29.1,28.89,28.89,1625.35
1732797600000,28.88,28.99,28.88,28.95,1808.05
1732797900000,28.95,28.99,28.86,28.99,1409.03
1732798200000,28.99,29.1,28.97,29.04,6205.65
1732798500000,29.05,29.15,29.01,29.08,1121.2
1732798800000,29.08,29.09,28.9,28.93,2125.65
1732799100000,28.92,28.96,28.84,28.88,1472.49
1732799400000,28.88,28.93,28.8,28.85,2856.11
1732799700000,28.85,28.92,28.77,28.91,5008.51
1732800000000,28.92,29.01,28.89,28.98,2557.51
1732800300000,28.97,29.03,28.95,28.98,1188.12
1732800600000,28.99,29.02,28.74,28.76,3364.86
1732800900000,28.77,28.85,28.75,28.82,13574.36
1732801200000,28.83,29.06,28.81,29.06,2083.42
1732801500000,29.07,29.17,29.04,29.09,4264.58
1732801800000,29.08,29.14,29.02,29.02,2267.16
1732802100000,29.02,29.2,29.01,29.12,2947.14
1732802400000,29.12,29.3,29.09,29.3,8175.48
1732802700000,29.31,29.44,29.29,29.37,5726.26
1732803000000,29.34,29.34,29.19,29.21,6282.34
1732803300000,29.22,29.26,29.05,29.05,2763.43
1732803600000,29.06,29.11,28.87,28.94,3896.91
1732803900000,28.93,28.98,28.85,28.92,2982.06
1732804200000,28.92,29.19,28.86,29.11,19039.07
1732804500000,29.11,29.17,29.07,29.09,3106.32
1732804800000,29.09,29.16,29.02,29.07,2180.56
1732805100000,29.08,29.21,29.08,29.19,3235.02
1732805400000,29.19,29.19,29.11,29.14,2690.34
1732805700000,29.13,29.15,28.93,28.93,7474.51
1732806000000,28.93,29.04,28.85,29.01,7000.83
1732806300000,29.01,29.01,28.86,28.92,2498.87
1732806600000,28.93,28.96,28.75,28.78,6590.56
1732806900000,28.76,28.82,28.67,28.68,7852.47
1732807200000,28.67,28.71,28.25,28.66,54240.41
1732807500000,28.67,28.75,28.61,28.7,4121.56
1732807800000,28.7,28.71,28.56,28.57,6480.17
1732808100000,28.58,28.69,28.54,28.66,2584.95
1732808400000,28.64,28.73,28.56,28.64,1471.61
1732808700000,28.65,28.69,28.52,28.52,2647.57
1732809000000,28.53,28.55,28.44,28.5,5064.26
1732809300000,28.5,28.62,28.09,28.15,79742.08
1732809600000,28.14,28.49,28.0,28.47,16949.1
1732809900000,28.46,28.63,28.45,28.59,4971.66
1732810200000,28.59,28.62,28.54,28.58,4665.29
1732810500000,28.57,28.57,28.38,28.48,5047.75
1732810800000,28.49,28.52,28.41,28.42,2625.44
1732811100000,28.43,28.49,28.32,28.39,12869.9
1732811400000,28.39,28.54,28.39,28.47,8971.28
1732811700000,28.47,28.53,28.4,28.51,2050.04
1732812000000,28.51,28.61,28.45,28.6,2730.66
1732812300000,28.6,28.63,28.44,28.46,2915.65
1732812600000,28.46,28.5,28.35,28.46,4045.67
1732812900000,28.46,28.48,28.41,28.43,6866.8
1732813200000,28.43,28.67,28.43,28.67,2732.92
1732813500000,28.67,28.77,28.66,28.76,5421.49
1732813800000,28.76,28.83,28.73,28.77,2917.69
1732814100000,28.76,28.8,28.72,28.73,1964.61
1732814400000,28.73,28.79,28.67,28.77,2213.05
1732814700000,28.77,28.8,28.74,28.77,1632.25
1732815000000,28.76,28.85,28.74,28.85,6656.32
1732815300000,28.84,28.86,28.75,28.77,3533.88
1732815600000,28.76,28.78,28.61,28.63,22507.54
1732815900000,28.63,28.69,28.56,28.67,40090.2
1732816200000,28.68,28.72,28.67,28.68,3500.0
1732816500000,28.67,28.67,28.59,28.61,1614.56
1732816800000,28.61,28.7,28.59,28.7,2710.34
1732817100000,28.7,28.77,28.66,28.77,1802.23
1732817400000,28.78,28.8,28.73,28.79,2554.21
1732817700000,28.79,28.81,28.68,28.69,1153.62
1732818000000,28.69,28.75,28.69,28.73,4878.21
1732818300000,28.72,28.73,28.67,28.73,1464.8
1732818600000,28.74,28.77,28.65,28.77,1949.22
1732818900000,28.78,28.79,28.74,28.75,2444.36
1732819200000,28.75,28.83,28.73,28.82,1223.97
1732819500000,28.81,28.92,28.81,28.9,6777.01
1732819800000,28.9,28.96,28.9,28.94,3878.07
1732820100000,28.94,29.01,28.94,28.99,2734.57
1732820400000,29.0,29.09,28.97,29.05,4528.65
1732820700000,29.04,29.19,29.01,29.01,12615.9
1732821000000,29.01,29.06,28.88,28.94,6849.18
1732821300000,28.94,28.97,28.9,28.94,4393.86
1732821600000,28.93,28.93,28.75,28.85,23159.41
1732821900000,28.84,28.88,28.78,28.79,2128.37
1732822200000,28.79,28.84,28.73,28.83,2260.89
1732822500000,28.83,28.9,28.83,28.84,2345.93
1732822800000,28.85,28.9,28.82,28.87,1808.49
1732823100000,28.87,28.96,28.87,28.93,1639.65
1732823400000,28.94,28.97,28.8,28.82,2545.53
1732823700000,28.82,28.9,28.81,28.88,1602.73
1732824000000,28.89,28.9,28.77,28.8,2122.45
1732824300000,28.8,28.88,28.77,28.87,4587.87
1732824600000,28.87,28.87,28.83,28.85,2809.94
1732824900000,28.84,28.91,28.8,28.8,1789.88
1732825200000,28.8,28.91,28.77,28.89,3937.58
1732825500000,28.89,29.08,28.89,28.95,5919.02
1732825800000,28.96,29.15,28.94,29.09,9327.93
1732826100000,29.1,29.13,28.9,28.91,4162.43
1732826400000,28.9,28.97,28.88,28.96,1410.9
1732826700000,28.96,29.09,28.93,29.03,5677.5
1732827000000,29.04,29.05,28.92,28.93,1928.79
1732827300000,28.93,29.03,28.91,29.02,1646.92
1732827600000,29.02,29.23,29.02,29.22,2534.09
1732827900000,29.23,29.3,29.19,29.29,4801.87
1732828200000,29.29,29.32,29.21,29.22,6240.6
1732828500000,29.24,29.34,29.2,29.34,2935.24
1732828800000,29.35,29.57,29.35,29.49,14967.1
1732829100000,29.5,29.58,29.46,29.49,2673.7
1732829400000,29.49,29.58,29.41,29.42,5151.62
1732829700000,29.41,29.49,29.39,29.45,3122.78
1732830000000,29.45,29.46,29.35,29.37,2592.82
1732830300000,29.36,29.53,29.36,29.44,3844.64
1732830600000,29.44,29.5,29.4,29.4,3905.76
1732830900000,29.41,29.46,29.34,29.39,960.21
1732831200000,29.4,29.46,29.36,29.46,1339.13
1732831500000,29.47,29.48,29.39,29.45,1047.37
1732831800000,29.44,29.57,29.43,29.56,4440.65
1732832100000,29.56,29.59,29.48,29.52,5659.03
1732832400000,29.52,29.58,29.5,29.54,3438.19
1732832700000,29.54,29.56,29.48,29.51,3624.21
1732833000000,29.52,29.53,29.46,29.46,3604.33
1732833300000,29.46,29.55,29.46,29.51,1430.62
1732833600000,29.51,29.54,29.48,29.52,1592.57
1732833900000,29.52,29.55,29.5,29.54,1185.92
1732834200000,29.54,29.61,29.53,29.59,1955.47
1732834500000,29.59,29.66,29.56,29.65,3551.77
1732834800000,29.65,29.65,29.44,29.49,3283.45
1732835100000,29.47,29.62,29.45,29.5,5916.98
1732835400000,29.5,29.55,29.43,29.55,4435.07
1732835700000,29.55,29.57,29.45,29.46,3692.33
1732836000000,29.45,29.56,29.38,29.52,3617.64
1732836300000,29.52,29.56,29.47,29.51,4551.01
1732836600000,29.51,29.59,29.5,29.51,863.33
1732836900000,29.53,29.54,29.46,29.46,2083.07
1732837200000,29.45,29.46,29.4,29.45,911.14
1732837500000,29.45,29.48,29.37,29.48,1387.61
1732837800000,29.47,29.48,29.44,29.45,1285.56
1732838100000,29.45,29.48,29.37,29.39,2069.94
1732838400000,29.39,29.47,29.35,29.43,5275.75
1732838700000,29.42,29.46,29.3,29.3,4272.22
1732839000000,29.29,29.39,29.27,29.33,6734.46
1732839300000,29.33,29.58,29.32,29.43,5636.55
1732839600000,29.42,29.57,29.34,29.41,2355.41
1732839900000,29.4,29.41,29.27,29.35,2527.76
1732840200000,29.34,29.53,29.24,29.52,2710.51
1732840500000,29.52,29.54,29.47,29.48,1765.2
1732840800000,29.47,29.49,29.38,29.43,2004.92
1732841100000,29.44,29.5,29.37,29.37,2297.12
1732841400000,29.36,29.38,29.19,29.22,5296.73
1732841700000,29.23,29.31,29.22,29.26,1419.07
1732842000000,29.26,29.48,29.25,29.41,1583.98
1732842300000,29.4,29.5,29.37,29.41,755.33
1732842600000,29.37,29.47,29.28,29.45,976.2
1732842900000,29.44,29.49,29.38,29.41,1565.57
1732843200000,29.42,29.54,29.38,29.39,2051.02
1732843500000,29.38,29.44,29.34,29.43,4359.0
1732843800000,29.43,29.45,29.28,29.31,819.18
1732844100000,29.3,29.3,29.2,29.23,539.76
1732844400000,29.23,29.23,29.14,29.15,5644.46
1732844700000,29.16,29.24,29.13,29.24,1977.21
1732845000000,29.23,29.42,29.23,29.39,1320.49
1732845300000,29.39,29.46,29.35,29.35,705.48
1732845600000,29.35,29.46,29.34,29.45,4884.5
1732845900000,29.44,29.47,29.37,29.43,1100.39
1732846200000,29.43,29.64,29.43,29.6,5594.71
1732846500000,29.6,29.63,29.49,29.5,3237.3
1732846800000,29.51,29.56,29.43,29.43,3831.29
1732847100000,29.43,29.62,29.43,29.57,1749.44
1732847400000,29.58,29.62,29.48,29.56,1186.24
1732847700000,29.57,29.6,29.52,29.59,1251.99
1732848000000,29.59,29.74,29.58,29.69,4473.85
1732848300000,29.69,29.78,29.69,29.76,2446.95
1732848600000,29.76,29.82,29.74,29.8,2955.05
1732848900000,29.81,29.83,29.77,29.81,1715.98
1732849200000,29.83,29.85,29.69,29.74,1826.57
1732849500000,29.74,29.85,29.74,29.79,2259.93
1732849800000,29.79,29.84,29.73,29.84,886.37
1732850100000,29.84,29.85,29.65,29.79,2077.48
1732850400000,29.79,29.88,29.69,29.72,3176.37
1732850700000,29.73,29.83,29.72,29.75,964.0
1732851000000,29.76,29.89,29.74,29.86,2434.31
1732851300000,29.84,29.92,29.82,29.87,3345.46
1732851600000,29.87,29.93,29.83,29.91,2337.14
1732851900000,29.91,29.93,29.83,29.83,504.88
1732852200000,29.83,29.88,29.68,29.68,942.86
1732852500000,29.69,29.77,29.68,29.76,866.46
1732852800000,29.77,29.93,29.77,29.87,3239.58
1732853100000,29.88,29.89,29.73,29.74,1436.43
1732853400000,29.75,29.8,29.68,29.68,1588.47
1732853700000,29.68,29.78,29.67,29.75,1083.46
1732854000000,29.74,29.74,29.6,29.61,2708.24
1732854300000,29.6,29.67,29.6,29.66,3338.87
1732854600000,29.66,29.74,29.52,29.74,2930.87
1732854900000,29.74,29.98,29.73,29.92,11094.05
1732855200000,29.91,29.92,29.77,29.78,4762.91
1732855500000,29.79,29.98,29.75,29.96,8747.98
1732855800000,29.97,30.0,29.94,29.98,5593.77
1732856100000,29.98,30.0,29.88,29.91,8241.4
1732856400000,29.91,30.01,29.87,29.99,8664.24
1732856700000,30.0,30.02,29.91,29.92,5888.52
1732857000000,29.91,30.0,29.88,29.98,2345.49
1732857300000,29.99,30.0,29.69,29.72,6686.85
1732857600000,29.73,29.8,29.73,29.76,3777.77
1732857900000,29.76,29.91,29.75,29.83,2193.7
1732858200000,29.82,29.82,29.67,29.69,2830.54
1732858500000,29.7,29.84,29.68,29.84,1341.15
1732858800000,29.84,29.85,29.77,29.79,1715.65
1732859100000,29.79,29.81,29.73,29.79,3191.23
1732859400000,29.79,29.8,29.71,29.74,5189.17
1732859700000,29.75,29.76,29.63,29.7,2472.19
1732860000000,29.71,29.91,29.71,29.88,2835.86
1732860300000,29.88,29.98,29.88,29.89,4752.78
1732860600000,29.89,29.94,29.76,29.78,10088.14
1732860900000,29.77,29.94,29.73,29.81,8330.14
1732861200000,29.8,29.92,29.79,29.86,2435.79
1732861500000,29.87,29.95,29.87,29.94,1920.16
1732861800000,29.94,29.95,29.77,29.81,2313.46
1732862100000,29.81,29.84,29.75,29.8,737.43
1732862400000,29.8,29.85,29.75,29.78,1624.24
1732862700000,29.78,29.85,29.77,29.8,1651.83
1732863000000,29.78,29.78,29.66,29.69,5082.61
1732863300000,29.69,29.92,29.68,29.91,3447.23
1732863600000,29.9,29.92,29.67,29.72,2750.63
1732863900000,29.72,29.84,29.71,29.72,7471.19
1732864200000,29.72,29.78,29.69,29.7,2361.6
1732864500000,29.69,29.69,29.4,29.42,7052.14
1732864800000,29.41,29.5,29.37,29.49,5207.82
1732865100000,29.49,29.49,29.4,29.45,2746.87
1732865400000,29.47,29.6,29.38,29.59,5155.0
1732865700000,29.59,29.83,29.59,29.82,5784.4
1732866000000,29.82,29.82,29.65,29.68,2410.13
1732866300000,29.68,29.68,29.61,29.64,2632.64
1732866600000,29.63,29.66,29.51,29.53,3812.91
1732866900000,29.52,29.52,29.44,29.48,3863.69
1732867200000,29.48,29.63,29.45,29.6,4302.63
1732867500000,29.61,29.74,29.59,29.74,2297.5
1732867800000,29.73,29.74,29.65,29.66,1867.09
1732868100000,29.66,29.76,29.63,29.66,871.41
1732868400000,29.67,29.69,29.59,29.64,884.38
1732868700000,29.65,29.65,29.59,29.62,584.94
1732869000000,29.63,29.65,29.49,29.52,2825.82
1732869300000,29.52,29.55,29.5,29.51,1796.56
1732869600000,29.5,29.56,29.47,29.48,2705.88
1732869900000,29.49,29.49,29.4,29.47,4255.82
1732870200000,29.46,29.48,29.4,29.4,1284.72
1732870500000,29.4,29.49,29.4,29.46,1677.54
1732870800000,29.45,29.5,29.38,29.39,3586.71
1732871100000,29.39,29.48,29.32,29.35,1945.77
1732871400000,29.35,29.41,29.32,29.39,2997.22
1732871700000,29.4,29.61,29.38,29.61,7841.79
1732872000000,29.61,29.68,29.57,29.57,1469.39
1732872300000,29.57,29.61,29.49,29.55,13134.87
1732872600000,29.55,29.73,29.5,29.73,3295.98
1732872900000,29.73,29.95,29.72,29.89,13097.74
1732873200000,29.89,29.94,29.86,29.93,3933.6
1732873500000,29.93,29.97,29.87,29.91,3441.23
1732873800000,29.91,29.94,29.84,29.89,3033.12
1732874100000,29.88,30.02,29.88,29.93,6955.77
1732874400000,29.93,30.1,29.9,30.01,16417.34
1732874700000,30.01,30.05,29.94,29.98,2891.14
1732875000000,29.97,30.05,29.9,29.9,3541.03
1732875300000,29.91,29.92,29.76,29.82,2640.02
1732875600000,29.82,29.95,29.8,29.81,6409.53
1732875900000,29.81,29.86,29.75,29.83,5790.34
1732876200000,29.84,29.96,29.84,29.93,2657.55
1732876500000,29.91,29.94,29.78,29.8,5650.65
1732876800000,29.8,29.82,29.76,29.77,5170.77
1732877100000,29.76,29.86,29.76,29.77,3511.48
1732877400000,29.77,29.84,29.73,29.74,8544.55
1732877700000,29.74,29.78,29.74,29.78,6212.47
1732878000000,29.77,29.81,29.68,29.7,13460.87
1732878300000,29.7,29.74,29.65,29.67,3825.36
1732878600000,29.67,29.67,29.6,29.65,4025.03
1732878900000,29.65,29.88,29.63,29.82,7453.62
1732879200000,29.82,29.86,29.73,29.83,3643.86
1732879500000,29.82,29.85,29.77,29.77,1965.7
1732879800000,29.78,29.89,29.77,29.81,5218.96
1732880100000,29.81,29.88,29.74,29.74,5830.89
1732880400000,29.73,29.83,29.69,29.81,3112.68
1732880700000,29.8,29.9,29.77,29.79,2334.78
1732881000000,29.79,29.82,29.66,29.71,3798.0
1732881300000,29.71,29.71,29.63,29.66,2170.38
1732881600000,29.65,29.76,29.62,29.71,2921.57
1732881900000,29.72,29.76,29.67,29.68,2332.83
1732882200000,29.68,29.68,29.58,29.64,3926.01
1732882500000,29.64,29.76,29.62,29.62,4707.42
1732882800000,29.62,29.71,29.52,29.53,7421.56
1732883100000,29.53,29.54,29.42,29.46,4989.91
1732883400000,29.47,29.62,29.38,29.4,27466.24
1732883700000,29.41,29.41,29.31,29.31,8703.68
1732884000000,29.3,29.41,29.26,29.3,7453.83
1732884300000,29.3,29.4,29.3,29.34,2135.48
1732884600000,29.33,29.36,29.23,29.34,3413.87
1732884900000,29.34,29.43,29.33,29.39,2417.76
1732885200000,29.38,29.5,29.38,29.45,2202.24
1732885500000,29.44,29.56,29.41,29.55,2806.3
1732885800000,29.55,29.65,29.52,29.54,2794.39
1732886100000,29.54,29.55,29.43,29.5,1154.38
1732886400000,29.51,29.56,29.45,29.47,1661.8
1732886700000,29.46,29.54,29.45,29.48,2812.03
1732887000000,29.47,29.61,29.47,29.54,4810.21
1732887300000,29.55,29.6,29.51,29.6,3324.26
1732887600000,29.6,29.62,29.54,29.55,1071.22
1732887900000,29.51,29.63,29.51,29.63,1138.44
1732888200000,29.63,29.69,29.63,29.67,4356.87
1732888500000,29.67,29.75,29.63,29.74,4093.7
1732888800000,29.74,29.78,29.65,29.68,6668.22
1732889100000,29.68,29.68,29.58,29.61,2818.47
1732889400000,29.62,29.65,29.57,29.59,1974.17
1732889700000,29.59,29.89,29.47,29.79,13735.95
1732890000000,29.8,29.82,29.75,29.81,3669.48
1732890300000,29.81,29.9,29.77,29.78,11690.22
1732890600000,29.79,29.87,29.71,29.8,2807.45
1732890900000,29.81,29.87,29.78,29.82,8355.35
1732891200000,29.82,29.93,29.81,29.91,5731.04
1732891500000,29.91,29.95,29.78,29.79,8015.86
1732891800000,29.8,29.93,29.8,29.9,4582.7
1732892100000,29.91,29.91,29.79,29.87,9276.7
1732892400000,29.87,29.94,29.83,29.94,4954.5
1732892700000,29.93,30.07,29.91,30.04,8831.51
1732893000000,30.03,30.1,29.93,30.06,6673.13
1732893300000,30.06,30.07,29.97,30.01,4725.95
1732893600000,30.01,30.04,29.83,29.89,4403.81
1732893900000,29.89,29.91,29.74,29.82,11354.61
1732894200000,29.81,29.85,29.66,29.66,12118.91
1732894500000,29.67,29.89,29.63,29.89,4445.14
1732894800000,29.9,30.09,29.9,30.06,4071.21
1732895100000,30.06,30.19,29.98,30.11,9274.55
1732895400000,30.12,30.21,30.09,30.18,14619.02
1732895700000,30.19,30.44,30.16,30.2,31871.45
1732896000000,30.21,30.35,30.06,30.09,21664.13
1732896300000,30.09,30.16,30.03,30.08,4449.44
1732896600000,30.09,30.09,29.94,29.98,21501.31
1732896900000,29.98,30.08,29.76,29.84,7128.21
1732897200000,29.84,29.97,29.77,29.84,2247.33
1732897500000,29.85,30.05,29.81,30.05,2155.52
1732897800000,30.06,30.19,30.05,30.1,6983.07
1732898100000,30.09,30.19,30.01,30.1,5782.73
1732898400000,30.11,30.16,30.05,30.15,2780.34
1732898700000,30.16,30.17,30.09,30.15,2027.14
1732899000000,30.16,30.22,30.09,30.19,5093.32
1732899300000,30.18,30.26,30.15,30.2,3197.3
1732899600000,30.2,30.27,30.15,30.2,3745.51
1732899900000,30.19,30.19,29.86,29.92,9147.98
1732900200000,29.92,30.1,29.9,30.05,2492.34
1732900500000,30.05,30.17,30.03,30.05,3968.78
1732900800000,30.05,30.14,29.96,30.13,4429.04
1732901100000,30.13,30.23,29.99,30.02,7060.86
1732901400000,30.03,30.17,30.01,30.16,1843.14
1732901700000,30.15,30.16,30.02,30.07,4440.46
1732902000000,30.07,30.25,30.01,30.21,3060.86
1732902300000,30.21,30.29,30.15,30.21,4050.89
1732902600000,30.22,30.26,30.1,30.11,1761.77
1732902900000,30.1,30.22,30.04,30.12,4018.74
1732903200000,30.12,30.33,30.12,30.27,4164.34
1732903500000,30.27,30.32,30.2,30.21,1534.13
1732903800000,30.21,30.24,30.14,30.21,4308.92
1732904100000,30.21,30.28,30.19,30.19,1440.09
1732904400000,30.19,30.22,30.08,30.18,3356.83
1732904700000,30.16,30.23,30.15,30.16,856.31
1732905000000,30.15,30.2,30.09,30.13,1346.89
1732905300000,30.13,30.16,30.08,30.12,1791.19
1732905600000,30.14,30.16,30.09,30.11,1495.77
1732905900000,30.11,30.2,30.1,30.14,1368.45
1732906200000,30.15,30.15,30.04,30.05,1054.73
1732906500000,30.04,30.06,29.94,29.95,3794.3
1732906800000,29.95,29.95,29.8,29.82,6126.45
1732907100000,29.8,29.82,29.68,29.79,12220.36
1732907400000,29.78,29.79,29.67,29.68,4350.34
1732907700000,29.68,29.93,29.6,29.93,6801.85
1732908000000,29.93,29.98,29.89,29.95,1302.59
1732908300000,29.95,29.96,29.84,29.84,1805.43
1732908600000,29.84,29.97,29.82,29.88,3836.34
1732908900000,29.87,29.93,29.84,29.93,1909.4
1732909200000,29.92,30.02,29.91,29.97,3071.19
1732909500000,29.98,30.07,29.93,29.98,1894.22
1732909800000,29.97,30.15,29.96,30.14,2508.41
1732910100000,30.14,30.17,30.07,30.14,2819.92
1732910400000,30.15,30.21,30.14,30.19,2954.02
1732910700000,30.19,30.22,30.17,30.2,1340.65
1732911000000,30.21,30.24,30.14,30.24,2577.02
1732911300000,30.23,30.34,30.2,30.34,7425.38
1732911600000,30.33,30.36,30.27,30.36,10250.28
1732911900000,30.36,30.43,30.35,30.4,6336.77
1732912200000,30.41,30.43,30.31,30.38,2669.36
1732912500000,30.38,30.47,30.38,30.45,3531.3
1732912800000,30.45,30.47,30.42,30.43,1967.71
1732913100000,30.44,30.52,30.41,30.43,8923.14
1732913400000,30.43,30.45,30.29,30.33,9528.69
1732913700000,30.33,30.34,30.24,30.24,3430.87
1732914000000,30.27,30.35,30.25,30.29,9037.56
1732914300000,30.3,30.3,30.16,30.21,4399.22
1732914600000,30.2,30.25,30.17,30.19,885.9
1732914900000,30.18,30.19,30.12,30.17,1048.25
1732915200000,30.17,30.19,30.01,30.02,1652.42
1732915500000,30.02,30.12,30.02,30.1,2345.56
1732915800000,30.1,30.15,30.09,30.09,1627.85
1732916100000,30.08,30.12,30.04,30.09,817.88
1732916400000,30.1,30.13,30.06,30.09,1192.43
1732916700000,30.1,30.16,30.06,30.13,1579.23
1732917000000,30.13,30.18,30.09,30.13,1607.78
1732917300000,30.12,30.21,30.09,30.21,2433.01
1732917600000,30.21,30.31,30.21,30.23,1438.17
1732917900000,30.24,30.27,30.2,30.25,4535.87
1732918200000,30.25,30.25,30.15,30.25,3384.39
1732918500000,30.25,30.33,30.22,30.23,1431.98
1732918800000,30.23,30.26,30.2,30.2,1141.54
1732919100000,30.2,30.22,30.17,30.2,975.81
1732919400000,30.19,30.33,30.18,30.33,1914.28
1732919700000,30.33,30.36,30.28,30.33,1704.97
1732920000000,30.34,30.36,30.31,30.35,626.02
1732920300000,30.35,30.39,30.32,30.38,803.2
1732920600000,30.39,30.39,30.29,30.29,1925.87
1732920900000,30.29,30.41,30.28,30.3,6775.26
1732921200000,30.3,30.41,30.26,30.3,1831.65
1732921500000,30.31,30.39,30.28,30.39,1370.0
1732921800000,30.39,30.43,30.36,30.37,1240.23
1732922100000,30.36,30.4,30.3,30.39,1519.27
1732922400000,30.4,30.41,30.29,30.31,4313.26
1732922700000,30.31,30.32,30.22,30.25,4691.25
1732923000000,30.25,30.32,30.25,30.31,3167.06
1732923300000,30.3,30.31,30.23,30.29,1923.67
1732923600000,30.28,30.4,30.28,30.39,3447.79
1732923900000,30.37,30.4,30.29,30.29,2162.14
1732924200000,30.3,30.35,30.3,30.32,1639.36
1732924500000,30.33,30.34,30.29,30.32,1296.11
1732924800000,30.32,30.33,29.87,29.9,20304.21
1732925100000,29.89,29.97,29.83,29.87,17826.46
1732925400000,29.86,29.9,29.81,29.9,7929.62
1732925700000,29.9,29.94,29.76,29.94,3504.86
1732926000000,29.94,30.05,29.92,30.0,3345.44
1732926300000,29.99,29.99,29.86,29.87,4314.59
1732926600000,29.87,29.95,29.71,29.71,3142.59
1732926900000,29.71,29.95,29.69,29.93,3408.81
1732927200000,29.94,30.03,29.76,29.8,9168.83
1732927500000,29.81,30.03,29.77,30.0,3181.14
1732927800000,29.99,30.07,29.92,30.0,1455.6
1732928100000,29.99,30.15,29.97,30.08,1315.25
1732928400000,30.08,30.1,29.71,29.72,9212.41
1732928700000,29.72,29.93,29.71,29.92,3234.34
1732929000000,29.93,29.98,29.87,29.9,1832.36
1732929300000,29.9,29.92,29.82,29.85,1032.5
1732929600000,29.86,29.86,29.73,29.81,2804.63
1732929900000,29.81,29.94,29.81,29.92,4077.63
1732930200000,29.91,30.04,29.86,29.96,2816.09
1732930500000,29.98,30.06,29.97,30.05,968.97
1732930800000,30.05,30.05,29.93,29.94,3123.35
1732931100000,29.93,30.0,29.87,29.95,2870.92
1732931400000,29.95,30.01,29.92,29.97,1052.49
1732931700000,29.96,30.01,29.87,29.88,1958.57
1732932000000,29.87,30.03,29.86,29.9,1910.28
1732932300000,29.9,29.93,29.8,29.89,2688.07
1732932600000,29.89,29.98,29.87,29.89,2890.06
1732932900000,29.88,29.91,29.75,29.76,878.95
1732933200000,29.77,29.98,29.77,29.97,1217.06
1732933500000,29.97,30.12,29.94,30.12,2770.32
1732933800000,30.12,30.17,30.05,30.05,3211.01
1732934100000,30.07,30.09,29.91,29.98,1536.4
1732934400000,29.99,30.07,29.95,29.95,965.88
1732934700000,29.94,30.08,29.94,30.07,974.24
1732935000000,30.07,30.16,30.07,30.15,879.95
1732935300000,30.15,30.16,30.09,30.15,810.3
1732935600000,30.14,30.21,30.09,30.2,5033.71
1732935900000,30.2,30.22,30.16,30.19,1380.75
1732936200000,30.19,30.22,30.14,30.21,3089.53
1732936500000,30.22,30.36,30.2,30.33,7941.8
1732936800000,30.33,30.49,30.33,30.35,19284.2
1732937100000,30.35,30.57,30.35,30.51,10307.2
1732937400000,30.5,30.53,30.4,30.44,4312.68
1732937700000,30.45,30.47,30.35,30.46,3136.73
1732938000000,30.46,30.49,30.38,30.41,968.23
1732938300000,30.42,30.53,30.41,30.51,5844.64
1732938600000,30.49,30.51,30.46,30.47,710.74
1732938900000,30.47,30.47,30.41,30.45,901.97
1732939200000,30.45,30.57,30.44,30.47,849.96
1732939500000,30.47,30.47,30.36,30.38,623.45
1732939800000,30.38,30.45,30.35,30.4,1912.76
1732940100000,30.4,30.48,30.37,30.48,862.23
1732940400000,30.48,30.54,30.44,30.46,3482.03
1732940700000,30.46,30.54,30.37,30.39,10018.31
1732941000000,30.4,30.46,30.39,30.39,1073.31
1732941300000,30.38,30.44,30.32,30.42,1301.46
1732941600000,30.41,30.44,30.35,30.36,1967.21
1732941900000,30.36,30.48,30.31,30.34,14270.07
1732942200000,30.34,30.38,30.3,30.36,1370.95
1732942500000,30.37,30.38,30.3,30.31,687.31
1732942800000,30.3,30.36,30.29,30.34,889.18
1732943100000,30.34,30.37,30.25,30.26,2748.84
1732943400000,30.26,30.29,30.2,30.25,4827.57
1732943700000,30.26,30.32,30.24,30.29,560.62
1732944000000,30.29,30.31,30.19,30.21,2564.88
1732944300000,30.2,30.2,30.15,30.16,854.12
1732944600000,30.16,30.2,30.14,30.14,839.45
1732944900000,30.14,30.24,30.14,30.24,878.67
1732945200000,30.23,30.33,30.23,30.27,456.69
1732945500000,30.24,30.33,30.23,30.28,430.75
1732945800000,30.28,30.31,30.25,30.3,1276.58
1732946100000,30.29,30.39,30.29,30.33,852.23
1732946400000,30.33,30.34,30.28,30.32,1849.34
1732946700000,30.32,30.43,30.3,30.34,3963.46
1732947000000,30.34,30.48,30.33,30.38,4324.66
1732947300000,30.4,30.43,30.3,30.3,3217.14
1732947600000,30.31,30.47,30.3,30.37,2594.96
1732947900000,30.38,30.45,30.36,30.42,2275.26
1732948200000,30.42,30.44,30.23,30.24,2715.58
1732948500000,30.24,30.25,30.15,30.23,3317.01
1732948800000,30.24,30.37,30.24,30.28,3490.08
1732949100000,30.28,30.28,30.14,30.19,2902.65
1732949400000,30.19,30.21,30.02,30.06,9269.85
1732949700000,30.06,30.07,29.99,30.02,9156.46
1732950000000,30.02,30.16,29.92,30.13,6992.55
1732950300000,30.12,30.15,30.09,30.12,7382.07
1732950600000,30.12,30.15,30.08,30.14,6817.85
1732950900000,30.13,30.19,30.11,30.15,6943.42
1732951200000,30.15,30.16,30.07,30.16,11524.54
1732951500000,30.15,30.15,30.02,30.08,21253.85
1732951800000,30.07,30.18,30.07,30.14,17891.94
1732952100000,30.13,30.29,30.13,30.26,4185.27
1732952400000,30.27,30.37,30.27,30.36,2572.29
1732952700000,30.36,30.39,30.3,30.35,4849.44
1732953000000,30.34,30.38,30.29,30.3,1242.42
1732953300000,30.31,30.36,30.27,30.36,2285.21
1732953600000,30.37,30.4,30.28,30.37,4402.32
1732953900000,30.37,30.4,30.29,30.29,1238.66
1732954200000,30.28,30.37,30.27,30.29,3672.59
1732954500000,30.3,30.37,30.3,30.35,2224.09
1732954800000,30.34,30.34,30.24,30.26,2648.07
1732955100000,30.25,30.32,30.17,30.32,2873.33
1732955400000,30.3,30.31,30.2,30.22,2537.4
1732955700000,30.19,30.21,30.1,30.17,2250.04
1732956000000,30.16,30.18,30.09,30.14,1412.39
1732956300000,30.13,30.13,30.05,30.06,2172.8
1732956600000,30.06,30.1,30.06,30.08,1776.47
1732956900000,30.09,30.1,30.05,30.09,2781.89
1732957200000,30.09,30.19,30.04,30.15,8489.3
1732957500000,30.16,30.17,30.06,30.07,2428.4
1732957800000,30.08,30.1,30.04,30.09,4584.43
1732958100000,30.09,30.22,30.08,30.21,2946.17
1732958400000,30.2,30.2,30.09,30.1,2061.96
1732958700000,30.1,30.19,30.05,30.17,1850.56
1732959000000,30.17,30.24,30.09,30.16,4565.2
1732959300000,30.16,30.21,30.08,30.11,835.67
1732959600000,30.11,30.2,30.09,30.18,2430.57
1732959900000,30.18,30.32,30.15,30.29,5455.51
1732960200000,30.29,30.36,30.29,30.33,2370.28
1732960500000,30.33,30.4,30.3,30.35,2153.88
1732960800000,30.36,30.37,30.28,30.31,2775.53
1732961100000,30.31,30.47,30.26,30.42,3428.15
1732961400000,30.41,30.51,30.41,30.48,3569.98
1732961700000,30.48,30.48,30.11,30.16,5546.77
1732962000000,30.15,30.15,30.02,30.09,5823.44
1732962300000,30.09,30.13,30.0,30.05,3866.03
1732962600000,30.06,30.14,29.96,29.97,4905.65
1732962900000,29.96,30.05,29.92,29.93,7497.81
1732963200000,29.92,29.96,29.79,29.84,13231.13
1732963500000,29.84,29.86,29.61,29.73,12843.99
1732963800000,29.74,29.76,29.56,29.6,5153.54
1732964100000,29.61,29.61,29.46,29.53,18601.53
1732964400000,29.54,29.69,29.46,29.68,6361.68
1732964700000,29.66,29.8,29.64,29.79,4046.51
1732965000000,29.8,29.81,29.7,29.74,3641.16
1732965300000,29.72,29.8,29.72,29.74,2272.57
1740009600000,14.91,14.94,14.88,14.89,3733.88
1740009900000,14.89,14.89,14.84,14.85,4680.56
1740010200000,14.85,14.88,14.82,14.84,2450.4
1740010500000,14.85,14.88,14.81,14.88,3848.14
1740010800000,14.88,14.91,14.87,14.89,703.91
1740011100000,14.9,14.91,14.85,14.91,7544.23
1740011400000,14.91,14.91,14.85,14.87,10987.68
1740011700000,14.88,14.95,14.86,14.95,580.05
1740012000000,14.95,14.99,14.95,14.99,1015.79
1740012300000,14.99,15.06,14.95,15.05,1822.49
1740012600000,15.05,15.09,15.01,15.02,2196.19
1740012900000,15.02,15.03,14.99,14.99,521.37
1740013200000,14.99,15.03,14.95,14.95,4591.71
1740013500000,14.95,15.01,14.95,15.0,1802.11
1740013800000,15.01,15.06,15.01,15.02,5537.37
1740014100000,15.02,15.07,15.02,15.04,3022.89
1740014400000,15.04,15.04,14.96,14.96,807.81
1740014700000,14.95,14.97,14.93,14.95,4115.48
1740015000000,14.94,14.94,14.86,14.86,3088.5
1740015300000,14.86,14.86,14.79,14.83,2436.7
1740015600000,14.82,14.82,14.77,14.79,905.56
1740015900000,14.79,14.85,14.77,14.84,2606.23
1740016200000,14.84,14.87,14.84,14.86,903.29
1740016500000,14.85,14.89,14.85,14.89,166.61
1740016800000,14.89,14.93,14.87,14.9,6017.84
1740017100000,14.9,14.93,14.9,14.93,798.82
1740017400000,14.93,15.03,14.93,15.03,4724.88
1740017700000,15.04,15.04,14.97,15.02,1466.82
1740018000000,15.01,15.05,15.0,15.02,2013.28
1740018300000,15.03,15.05,15.01,15.03,881.8
1740018600000,15.02,15.06,14.98,15.06,2902.14
1740018900000,15.06,15.11,15.05,15.09,3291.48
1740019200000,15.1,15.2,15.09,15.15,3167.39
1740019500000,15.16,15.25,15.16,15.24,8117.77
1740019800000,15.24,15.29,15.21,15.25,3174.37
1740020100000,15.24,15.29,15.22,15.25,1022.53
1740020400000,15.25,15.39,15.25,15.37,9724.54
1740020700000,15.36,15.42,15.35,15.4,5845.71
1740021000000,15.39,15.4,15.24,15.25,5689.7
1740021300000,15.25,15.26,15.15,15.17,8340.86
1740021600000,15.17,15.24,15.16,15.21,3494.17
1740021900000,15.22,15.23,15.17,15.18,1097.51
1740022200000,15.18,15.23,15.18,15.22,1990.73
1740022500000,15.22,15.24,15.16,15.17,2664.27
1740022800000,15.18,15.18,15.11,15.13,8768.59
1740023100000,15.12,15.17,15.12,15.13,5033.4
1740023400000,15.13,15.17,15.06,15.09,6928.18
1740023700000,15.1,15.15,15.09,15.13,20439.14
1740024000000,15.12,15.15,15.07,15.12,33197.21
1740024300000,15.12,15.14,15.06,15.14,26113.77
1740024600000,15.15,15.15,15.12,15.15,3775.45
1740024900000,15.15,15.18,15.07,15.07,19764.12
1740025200000,15.06,15.14,15.05,15.14,6180.89
1740025500000,15.14,15.16,15.08,15.1,8137.53
1740025800000,15.1,15.14,15.07,15.13,3310.53
1740026100000,15.13,15.18,15.13,15.17,1436.31
1740026400000,15.17,15.21,15.16,15.2,5853.62
1740026700000,15.21,15.21,15.14,15.16,2609.94
1740027000000,15.16,15.17,15.13,15.13,1170.29
1740027300000,15.13,15.19,15.13,15.18,314.38
1740027600000,15.18,15.23,15.18,15.23,3965.87
1740027900000,15.23,15.29,15.23,15.28,6069.42
1740028200000,15.28,15.32,15.26,15.26,1797.66
1740028500000,15.26,15.3,15.24,15.28,2998.85
1740028800000,15.29,15.35,15.29,15.33,4881.19
1740029100000,15.33,15.33,15.28,15.32,6248.99
1740029400000,15.32,15.38,15.31,15.37,5634.27
1740029700000,15.38,15.4,15.37,15.38,3868.48
1740030000000,15.38,15.42,15.36,15.39,3447.62
1740030300000,15.39,15.4,15.3,15.32,3175.96
1740030600000,15.33,15.33,15.24,15.25,1790.13
1740030900000,15.24,15.26,15.23,15.25,1273.9
1740031200000,15.26,15.37,15.2,15.35,3537.57
1740031500000,15.34,15.35,15.26,15.27,1861.31
1740031800000,15.26,15.28,15.22,15.25,1603.11
1740032100000,15.24,15.33,15.23,15.26,2232.51
1740032400000,15.26,15.35,15.24,15.32,1359.25
1740032700000,15.32,15.34,15.31,15.32,460.95
1740033000000,15.32,15.39,15.32,15.39,1987.02
1740033300000,15.4,15.4,15.32,15.34,2518.48
1740033600000,15.35,15.38,15.33,15.33,2848.43
1740033900000,15.33,15.33,15.3,15.32,621.56
1740034200000,15.31,15.36,15.3,15.35,3041.41
1740034500000,15.35,15.36,15.28,15.31,2609.14
1740034800000,15.32,15.37,15.3,15.36,4523.78
1740035100000,15.37,15.38,15.34,15.34,2799.41
1740035400000,15.34,15.36,15.24,15.26,2062.27
1740035700000,15.26,15.28,15.21,15.25,2573.91
1740036000000,15.25,15.31,15.22,15.31,3090.46
1740036300000,15.31,15.44,15.31,15.44,5969.14
1740036600000,15.45,15.51,15.4,15.47,5753.59
1740036900000,15.48,15.51,15.45,15.51,4617.78
1740037200000,15.5,15.52,15.45,15.47,6662.19
1740037500000,15.48,15.48,15.44,15.44,911.99
1740037800000,15.45,15.52,15.44,15.49,3148.19
1740038100000,15.49,15.5,15.47,15.47,2574.43
1740038400000,15.47,15.58,15.47,15.55,3938.49
1740038700000,15.55,15.64,15.55,15.59,9916.61
1740039000000,15.59,15.7,15.58,15.69,26426.34
1740039300000,15.69,15.69,15.62,15.65,16644.05
1740039600000,15.65,15.68,15.61,15.64,2676.0
1740039900000,15.64,15.71,15.62,15.71,7964.74
1740040200000,15.71,15.75,15.7,15.73,5875.06
1740040500000,15.73,15.75,15.71,15.74,3299.11
1740040800000,15.74,15.78,15.68,15.7,7671.43
1740041100000,15.7,15.74,15.67,15.69,35829.77
1740041400000,15.69,15.78,15.69,15.77,3334.55
1740041700000,15.77,15.78,15.74,15.75,3571.21
1740042000000,15.75,15.77,15.6,15.67,6896.69
1740042300000,15.66,15.68,15.53,15.6,10768.36
1740042600000,15.59,15.65,15.53,15.56,43246.13
1740042900000,15.55,15.6,15.53,15.53,7279.49
1740043200000,15.53,15.59,15.49,15.5,8677.27
1740043500000,15.5,15.56,15.5,15.55,1550.0
1740043800000,15.55,15.59,15.51,15.57,21309.94
1740044100000,15.57,15.65,15.57,15.6,6321.73
1740044400000,15.6,15.65,15.6,15.63,9262.89
1740044700000,15.63,15.71,15.62,15.65,11505.16
1740045000000,15.66,15.71,15.64,15.71,2058.02
1740045300000,15.71,15.71,15.64,15.66,1626.87
1740045600000,15.65,15.66,15.58,15.63,1633.92
1740045900000,15.62,15.66,15.59,15.62,4125.28
1740046200000,15.62,15.64,15.58,15.61,1839.57
1740046500000,15.61,15.69,15.61,15.69,1792.81
1740046800000,15.69,15.76,15.65,15.76,12799.61
1740047100000,15.76,15.8,15.75,15.79,3172.49
1740047400000,15.79,15.79,15.75,15.76,1808.91
1740047700000,15.76,15.81,15.74,15.8,3442.39
1740048000000,15.8,15.84,15.77,15.78,9478.95
1740048300000,15.79,15.83,15.7,15.72,12122.36
1740048600000,15.72,15.74,15.69,15.74,3876.26
1740048900000,15.74,15.79,15.7,15.74,3326.31
1740049200000,15.74,15.79,15.73,15.76,1723.19
1740049500000,15.76,15.82,15.76,15.8,10574.86
1740049800000,15.8,15.81,15.75,15.75,1998.94
1740050100000,15.75,15.79,15.7,15.73,17439.94
1740050400000,15.73,15.73,15.67,15.68,11870.25
1740050700000,15.69,15.75,15.69,15.73,1527.49
1740051000000,15.73,15.76,15.61,15.63,3168.74
1740051300000,15.63,15.66,15.62,15.66,4893.98
1740051600000,15.65,15.69,15.64,15.64,6816.32
1740051900000,15.65,15.71,15.64,15.68,2045.68
1740052200000,15.69,15.73,15.63,15.63,8341.69
1740052500000,15.63,15.7,15.63,15.66,2924.3
1740052800000,15.66,15.72,15.55,15.63,45652.01
1740053100000,15.63,15.65,15.58,15.61,14819.13
1740053400000,15.6,15.62,15.58,15.61,3570.54
1740053700000,15.61,15.67,15.58,15.65,1754.95
1740054000000,15.64,15.72,15.64,15.66,3125.66
1740054300000,15.66,15.68,15.62,15.65,6123.53
1740054600000,15.64,15.66,15.61,15.64,9929.55
1740054900000,15.64,15.65,15.62,15.65,1462.84
1740055200000,15.65,15.71,15.65,15.68,7118.98
1740055500000,15.68,15.7,15.64,15.65,9834.56
1740055800000,15.66,15.66,15.57,15.58,6245.62
1740056100000,15.58,15.61,15.57,15.58,2408.48
1740056400000,15.58,15.62,15.51,15.53,7490.35
1740056700000,15.53,15.58,15.53,15.56,3100.13
1740057000000,15.56,15.57,15.54,15.56,4351.85
1740057300000,15.57,15.64,15.56,15.59,8168.96
1740057600000,15.6,15.61,15.55,15.55,1298.6
1740057900000,15.56,15.59,15.55,15.56,2011.18
1740058200000,15.56,15.63,15.54,15.54,5033.29
1740058500000,15.54,15.54,15.47,15.49,6887.18
1740058800000,15.48,15.55,15.47,15.55,4178.8
1740059100000,15.55,15.61,15.52,15.54,7370.62
1740059400000,15.54,15.54,15.49,15.51,1764.55
1740059700000,15.51,15.54,15.49,15.52,1815.55
1740060000000,15.53,15.59,15.5,15.59,1791.77
1740060300000,15.58,15.7,15.56,15.63,10207.37
1740060600000,15.64,15.64,15.6,15.6,3009.17
1740060900000,15.59,15.7,15.59,15.69,2690.28
1740061200000,15.68,15.71,15.63,15.64,1533.73
1740061500000,15.65,15.72,15.65,15.7,4323.55
1740061800000,15.7,15.81,15.7,15.71,2858.0
1740062100000,15.71,15.73,15.64,15.69,3986.56
1740062400000,15.68,15.72,15.66,15.66,14028.21
1740062700000,15.65,15.65,15.52,15.53,15456.69
1740063000000,15.53,15.56,15.43,15.45,4639.69
1740063300000,15.45,15.46,15.37,15.38,36797.02
1740063600000,15.38,15.47,15.31,15.46,15850.25
1740063900000,15.46,15.5,15.4,15.48,5194.29
1740064200000,15.48,15.55,15.45,15.5,6352.27
1740064500000,15.51,15.54,15.5,15.53,1710.16
1740064800000,15.53,15.57,15.48,15.48,1673.18
1740065100000,15.49,15.51,15.48,15.51,5472.8
1740065400000,15.51,15.55,15.49,15.53,5496.04
1740065700000,15.53,15.54,15.46,15.54,27176.16
1740066000000,15.54,15.58,15.51,15.56,3953.52
1740066300000,15.56,15.59,15.5,15.51,6767.66
1740066600000,15.51,15.55,15.44,15.55,9801.66
1740066900000,15.54,15.54,15.44,15.47,5240.98
1740067200000,15.48,15.52,15.44,15.52,13005.05
1740067500000,15.51,15.63,15.51,15.63,3419.09
1740067800000,15.63,15.73,15.63,15.64,6104.55
1740068100000,15.63,15.65,15.6,15.65,1258.6
1740068400000,15.65,15.71,15.64,15.71,2645.09
1740068700000,15.72,15.78,15.68,15.76,5178.44
1740069000000,15.77,15.77,15.7,15.72,2400.47
1740069300000,15.72,15.79,15.7,15.78,13839.98
1740069600000,15.78,15.79,15.7,15.74,6664.48
1740069900000,15.75,15.75,15.69,15.71,6551.75
1740070200000,15.71,15.74,15.66,15.67,6549.9
1740070500000,15.67,15.69,15.62,15.67,5742.41
1740070800000,15.66,15.73,15.65,15.69,2050.29
1740071100000,15.68,15.71,15.67,15.67,2297.94
1740071400000,15.66,15.8,15.65,15.79,1161.27
1740071700000,15.8,15.81,15.75,15.78,3278.23
1740072000000,15.78,15.79,15.74,15.74,4000.83
1740072300000,15.75,15.77,15.72,15.74,3754.65
1740072600000,15.74,15.75,15.72,15.73,1859.09
1740072900000,15.74,15.75,15.67,15.69,2378.54
1740073200000,15.69,15.73,15.69,15.73,1493.77
1740073500000,15.72,15.73,15.69,15.72,1055.78
1740073800000,15.72,15.72,15.67,15.7,1718.76
1740074100000,15.7,15.72,15.68,15.7,888.1
1740074400000,15.7,15.78,15.69,15.74,6268.05
1740074700000,15.74,15.75,15.67,15.72,3218.69
1740075000000,15.71,15.87,15.71,15.83,10594.72
1740075300000,15.84,15.87,15.76,15.81,3261.79
1740075600000,15.82,15.85,15.78,15.82,7473.78
1740075900000,15.82,15.83,15.75,15.75,6072.99
1740076200000,15.76,15.79,15.74,15.76,5599.28
1740076500000,15.76,15.76,15.7,15.73,2730.06
1740076800000,15.74,15.77,15.73,15.75,7651.85
1740077100000,15.76,15.79,15.72,15.72,1432.22
1740077400000,15.72,15.75,15.7,15.75,357.06
1740077700000,15.75,15.77,15.71,15.71,1986.12
1740078000000,15.71,15.75,15.69,15.7,991.91
1740078300000,15.69,15.7,15.67,15.68,2641.07
1740078600000,15.67,15.69,15.64,15.67,1940.17
1740078900000,15.67,15.73,15.67,15.72,1786.82
1740079200000,15.72,15.78,15.72,15.74,5437.44
1740079500000,15.75,15.76,15.72,15.75,1557.02
1740079800000,15.75,15.77,15.69,15.69,1389.97
1740080100000,15.68,15.7,15.61,15.63,2248.7
1740080400000,15.63,15.67,15.61,15.66,2119.57
1740080700000,15.66,15.69,15.64,15.67,1743.39
1740081000000,15.68,15.68,15.63,15.64,1517.05
1740081300000,15.64,15.7,15.62,15.7,1612.2
1740081600000,15.7,15.73,15.67,15.68,5941.2
1740081900000,15.68,15.69,15.64,15.64,1570.76
1740082200000,15.65,15.66,15.64,15.65,1539.87
1740082500000,15.65,15.67,15.63,15.65,4749.09
1740082800000,15.66,15.7,15.65,15.7,5537.87
1740083100000,15.71,15.74,15.65,15.66,1838.15
1740083400000,15.65,15.67,15.6,15.63,2911.46
1740083700000,15.63,15.66,15.62,15.66,664.4
1740084000000,15.65,15.72,15.65,15.71,4207.81
1740084300000,15.71,15.75,15.69,15.75,1513.25
1740084600000,15.75,15.75,15.69,15.69,793.12
1740084900000,15.68,15.71,15.67,15.69,2196.6
1740085200000,15.69,15.71,15.65,15.65,1125.17
1740085500000,15.65,15.68,15.64,15.65,713.25
1740085800000,15.65,15.67,15.63,15.65,346.08
1740086100000,15.64,15.67,15.63,15.67,444.76
1740086400000,15.66,15.69,15.66,15.67,1397.14
1740086700000,15.66,15.7,15.66,15.67,754.11
1740087000000,15.68,15.73,15.66,15.7,2133.5
1740087300000,15.7,15.7,15.64,15.67,893.94
1740087600000,15.68,15.7,15.65,15.65,1263.32
1740087900000,15.64,15.69,15.64,15.68,7248.29
1740088200000,15.68,15.71,15.67,15.69,569.63
1740088500000,15.68,15.71,15.68,15.69,591.45
1740088800000,15.68,15.73,15.68,15.72,749.01
1740089100000,15.73,15.76,15.71,15.71,510.29
1740089400000,15.7,15.73,15.67,15.73,547.95
1740089700000,15.74,15.75,15.67,15.68,289.42
1740090000000,15.69,15.72,15.67,15.69,1470.7
1740090300000,15.69,15.69,15.61,15.63,2195.94
1740090600000,15.64,15.64,15.6,15.64,1043.46
1740090900000,15.65,15.66,15.59,15.64,3458.23
1740091200000,15.64,15.65,15.63,15.64,1016.74
1740091500000,15.65,15.66,15.65,15.65,105.81
1740091800000,15.64,15.64,15.62,15.62,113.05
1740092100000,15.62,15.62,15.61,15.62,616.29
1740092400000,15.61,15.65,15.58,15.59,6791.07
1740092700000,15.59,15.59,15.55,15.58,3926.72
1740093000000,15.58,15.59,15.56,15.56,1226.61
1740093300000,15.57,15.61,15.57,15.58,1490.78
1740093600000,15.58,15.63,15.58,15.62,1350.99
1740093900000,15.62,15.63,15.58,15.6,1342.39
1740094200000,15.61,15.66,15.59,15.64,671.05
1740094500000,15.64,15.66,15.64,15.65,1164.92
1740094800000,15.65,15.69,15.65,15.69,278.15
1740095100000,15.68,15.68,15.66,15.66,1925.84
1740095400000,15.67,15.68,15.66,15.68,450.54
1740095700000,15.69,15.72,15.68,15.7,480.89
1740096000000,15.7,15.71,15.6,15.6,2122.21
1740096300000,15.6,15.67,15.6,15.66,2471.75
1740096600000,15.66,15.7,15.65,15.68,873.86
1740096900000,15.68,15.69,15.64,15.69,1873.39
1740097200000,15.69,15.7,15.67,15.68,575.45
1740097500000,15.69,15.69,15.65,15.66,209.03
1740097800000,15.66,15.66,15.58,15.58,676.27
1740098100000,15.59,15.6,15.57,15.57,3965.91
1740098400000,15.57,15.59,15.55,15.56,1990.14
1740098700000,15.56,15.58,15.52,15.54,1778.17
1740099000000,15.53,15.56,15.53,15.54,885.3
1740099300000,15.54,15.6,15.54,15.58,1045.01
1740099600000,15.59,15.64,15.51,15.51,4342.24
1740099900000,15.52,15.56,15.52,15.56,1115.02
1740100200000,15.55,15.56,15.52,15.52,601.19
1740100500000,15.51,15.58,15.51,15.54,860.77
1740100800000,15.53,15.58,15.53,15.56,303.68
1740101100000,15.55,15.58,15.53,15.57,1109.21
1740101400000,15.57,15.58,15.53,15.54,455.17
1740101700000,15.54,15.6,15.54,15.6,1956.36
1740102000000,15.6,15.63,15.59,15.6,341.26
1740102300000,15.6,15.7,15.6,15.7,730.51
1740102600000,15.7,15.71,15.66,15.69,1121.72
1740102900000,15.69,15.7,15.63,15.63,5536.78
1740103200000,15.63,15.63,15.56,15.58,3717.98
1740103500000,15.59,15.62,15.58,15.6,1912.41
1740103800000,15.6,15.61,15.57,15.61,1590.07
1740104100000,15.61,15.7,15.61,15.68,1858.81
1740104400000,15.69,15.71,15.67,15.67,1878.59
1740104700000,15.67,15.69,15.63,15.63,630.72
1740105000000,15.63,15.64,15.58,15.58,774.75
1740105300000,15.58,15.64,15.56,15.64,640.95
1740105600000,15.64,15.64,15.59,15.6,688.03
1740105900000,15.61,15.62,15.58,15.61,1130.52
1740106200000,15.61,15.66,15.6,15.62,637.15
1740106500000,15.62,15.67,15.62,15.66,268.83
1740106800000,15.66,15.7,15.65,15.7,785.72
1740107100000,15.69,15.73,15.69,15.72,960.74
1740107400000,15.72,15.76,15.71,15.75,1856.29
1740107700000,15.76,15.77,15.74,15.76,912.82
1740108000000,15.76,15.78,15.75,15.78,1647.67
1740108300000,15.78,15.78,15.71,15.71,1419.46
1740108600000,15.71,15.71,15.67,15.68,1775.2
1740108900000,15.67,15.67,15.64,15.65,322.57
1740109200000,15.65,15.67,15.65,15.65,537.36
1740109500000,15.66,15.68,15.65,15.65,1020.92
1740109800000,15.65,15.65,15.63,15.63,444.52
1740110100000,15.62,15.63,15.61,15.62,796.0
1740110400000,15.63,15.66,15.6,15.64,4171.44
1740110700000,15.64,15.67,15.64,15.66,728.99
1740111000000,15.66,15.69,15.65,15.68,360.44
1740111300000,15.69,15.71,15.69,15.69,1822.82
1740111600000,15.69,15.69,15.65,15.65,954.58
1740111900000,15.65,15.65,15.61,15.62,1051.75
1740112200000,15.62,15.62,15.59,15.59,2657.9
1740112500000,15.59,15.68,15.59,15.68,421.65
1740112800000,15.67,15.71,15.66,15.71,4163.23
1740113100000,15.72,15.72,15.67,15.69,2321.33
1740113400000,15.69,15.72,15.69,15.7,4425.44
1740113700000,15.71,15.77,15.71,15.76,945.64
1740114000000,15.76,15.86,15.74,15.82,6967.53
1740114300000,15.83,15.89,15.82,15.82,8965.49
1740114600000,15.82,15.94,15.81,15.93,5397.92
1740114900000,15.93,15.96,15.88,15.89,7150.28
1740115200000,15.89,15.9,15.84,15.84,1926.14
1740115500000,15.85,15.87,15.82,15.85,2050.46
1740115800000,15.85,15.96,15.84,15.95,1583.07
1740116100000,15.95,16.0,15.92,15.99,4586.83
1740116400000,15.99,16.01,15.98,16.01,4426.16
1740116700000,16.01,16.12,15.97,15.97,9744.6
1740117000000,15.97,16.01,15.95,15.96,4155.55
1740117300000,15.96,15.96,15.89,15.96,1828.32
1740117600000,15.96,16.02,15.93,16.02,2958.12
1740117900000,16.03,16.08,16.02,16.05,2874.32
1740118200000,16.05,16.05,15.99,16.03,5037.23
1740118500000,16.03,16.03,15.91,15.91,3063.45
1740118800000,15.91,15.92,15.86,15.88,2243.54
1740119100000,15.87,15.92,15.87,15.92,1812.45
1740119400000,15.92,15.96,15.9,15.96,677.88
1740119700000,15.97,15.99,15.95,15.98,1950.4
1740120000000,15.98,15.98,15.95,15.97,2305.9
1740120300000,15.96,15.97,15.91,15.93,2280.33
1740120600000,15.93,15.99,15.93,15.99,950.06
1740120900000,15.99,16.06,15.97,16.03,2040.53
1740121200000,16.04,16.13,16.02,16.11,5462.32
1740121500000,16.11,16.14,16.09,16.14,3504.27
1740121800000,16.15,16.16,16.1,16.11,3897.11
1740122100000,16.1,16.1,16.04,16.08,3011.0
1740122400000,16.09,16.15,16.09,16.14,3798.26
1740122700000,16.15,16.2,16.13,16.13,7184.15
1740123000000,16.12,16.13,16.08,16.1,1881.46
1740123300000,16.11,16.11,16.06,16.09,2660.87
1740123600000,16.09,16.1,16.05,16.1,2462.74
1740123900000,16.11,16.12,16.01,16.02,5222.29
1740124200000,16.01,16.01,15.96,15.98,2472.44
1740124500000,15.97,15.98,15.95,15.98,1688.64
1740124800000,15.98,16.06,15.94,16.04,3979.64
1740125100000,16.05,16.3,16.05,16.25,19501.77
1740125400000,16.25,16.27,16.21,16.25,9460.92
1740125700000,16.25,16.25,16.13,16.17,2511.95
1740126000000,16.16,16.17,16.08,16.16,6827.99
1740126300000,16.15,16.16,16.12,16.13,4236.47
1740126600000,16.13,16.14,15.9,15.98,53615.35
1740126900000,15.98,16.23,15.98,16.16,66748.57
1740127200000,16.17,16.18,16.1,16.12,14384.61
1740127500000,16.13,16.19,16.11,16.13,5177.85
1740127800000,16.14,16.17,16.1,16.16,2239.7
1740128100000,16.16,16.21,16.15,16.18,7004.01
1740128400000,16.18,16.21,16.18,16.18,1722.88
1740128700000,16.19,16.2,16.13,16.15,1917.43
1740129000000,16.16,16.21,16.15,16.2,948.47
1740129300000,16.21,16.5,16.19,16.44,41908.32
1740129600000,16.43,16.43,16.33,16.39,15870.47
1740129900000,16.38,16.46,16.34,16.34,28250.31
1740130200000,16.34,16.44,16.34,16.36,3434.96
1740130500000,16.36,16.44,16.35,16.36,2996.52
1740130800000,16.36,16.38,16.28,16.31,6159.39
1740131100000,16.31,16.32,16.28,16.28,2243.85
1740131400000,16.29,16.3,16.22,16.22,3002.17
1740131700000,16.22,16.23,16.17,16.18,5225.69
1740132000000,16.19,16.2,16.15,16.18,1611.0
1740132300000,16.18,16.23,16.18,16.23,1778.26
1740132600000,16.24,16.3,16.23,16.29,1962.43
1740132900000,16.3,16.32,16.22,16.22,465.67
1740133200000,16.23,16.27,16.23,16.23,895.02
1740133500000,16.24,16.25,16.22,16.22,1033.54
1740133800000,16.23,16.3,16.2,16.3,2006.46
1740134100000,16.31,16.36,16.31,16.34,5680.0
1740134400000,16.34,16.34,16.3,16.32,2993.87
1740134700000,16.33,16.37,16.32,16.34,587.6
1740135000000,16.33,16.4,16.31,16.34,1869.68
1740135300000,16.34,16.43,16.33,16.42,1856.57
1740135600000,16.42,16.45,16.38,16.4,2693.88
1740135900000,16.39,16.47,16.37,16.44,2656.43
1740136200000,16.44,16.48,16.42,16.42,2878.1
1740136500000,16.42,16.5,16.42,16.49,3215.76
1740136800000,16.5,16.64,16.49,16.64,19245.04
1740137100000,16.63,16.65,16.52,16.6,5789.93
1740137400000,16.6,16.61,16.52,16.61,2987.2
1740137700000,16.61,16.62,16.54,16.55,6537.1
1740138000000,16.55,16.64,16.54,16.62,5464.27
1740138300000,16.62,16.76,16.59,16.75,44384.79
1740138600000,16.76,16.8,16.65,16.69,48239.65
1740138900000,16.69,16.69,16.62,16.64,20573.98
1740139200000,16.64,16.74,16.57,16.71,15169.55
1740139500000,16.7,16.7,16.54,16.55,2977.27
1740139800000,16.54,16.55,16.5,16.53,10455.39
1740140100000,16.54,16.56,16.53,16.54,2624.89
1740140400000,16.53,16.57,16.5,16.55,1675.02
1740140700000,16.55,16.56,16.51,16.53,1500.98
1740141000000,16.53,16.6,16.52,16.6,1947.76
1740141300000,16.6,16.63,16.56,16.57,1598.13
1740141600000,16.56,16.58,16.51,16.52,3479.04
1740141900000,16.53,16.6,16.53,16.57,1575.81
1740142200000,16.58,16.58,16.53,16.58,4575.57
1740142500000,16.57,16.57,16.52,16.56,2196.67
1740142800000,16.57,16.66,16.55,16.64,7155.5
1740143100000,16.64,16.76,16.61,16.75,5985.62
1740143400000,16.76,16.81,16.69,16.71,8329.92
1740143700000,16.71,16.71,16.61,16.66,9583.03
1740144000000,16.65,16.78,16.63,16.76,13284.33
1740144300000,16.77,16.85,16.69,16.72,10396.49
1740144600000,16.72,16.73,16.67,16.72,8125.99
1740144900000,16.73,16.79,16.72,16.78,1282.14
1740145200000,16.77,16.78,16.7,16.72,2132.48
1740145500000,16.72,16.76,16.71,16.74,3394.47
1740145800000,16.74,16.75,16.66,16.72,3953.51
1740146100000,16.71,16.73,16.63,16.64,6555.99
1740146400000,16.64,16.65,16.53,16.55,6696.52
1740146700000,16.55,16.57,16.51,16.52,7573.34
1740147000000,16.52,16.57,16.5,16.56,2326.14
1740147300000,16.55,16.61,16.52,16.54,3754.83
1740147600000,16.54,16.55,16.47,16.47,4188.92
1740147900000,16.47,16.5,16.46,16.49,2745.93
1740148200000,16.48,16.48,16.37,16.38,12954.24
1740148500000,16.39,16.39,16.27,16.29,7652.68
1740148800000,16.29,16.46,16.29,16.43,6800.37
1740149100000,16.44,16.5,16.41,16.41,4013.93
1740149400000,16.42,16.48,16.38,16.48,2693.58
1740149700000,16.48,16.51,16.45,16.46,2322.35
1740150000000,16.46,16.52,16.41,16.51,5671.95
1740150300000,16.5,16.52,16.43,16.5,2830.86
1740150600000,16.51,16.56,16.49,16.54,3104.99
1740150900000,16.54,16.6,16.52,16.57,2784.65
1740151200000,16.56,16.56,16.37,16.37,11155.02
1740151500000,16.36,16.41,16.23,16.39,19856.48
1740151800000,16.39,16.39,16.14,16.19,35331.35
1740152100000,16.2,16.24,16.04,16.08,27051.01
1740152400000,16.09,16.15,15.93,16.14,33233.92
1740152700000,16.14,16.39,16.05,16.31,24692.96
1740153000000,16.31,16.46,16.27,16.42,18962.55
1740153300000,16.42,16.46,16.32,16.37,15174.25
1740153600000,16.37,16.4,16.17,16.21,12930.13
1740153900000,16.22,16.23,16.1,16.16,5540.95
1740154200000,16.15,16.49,16.14,16.48,11494.31
1740154500000,16.49,16.54,16.41,16.45,12599.63
1740154800000,16.45,16.67,16.45,16.5,13333.2
1740155100000,16.49,16.51,16.34,16.35,5530.62
1740155400000,16.35,16.48,16.33,16.46,4676.32
1740155700000,16.45,16.47,16.38,16.47,1586.03
1740156000000,16.47,16.51,16.35,16.37,3260.13
1740156300000,16.36,16.4,16.28,16.28,3782.29
1740156600000,16.28,16.33,16.21,16.31,4121.93
1740156900000,16.31,16.39,16.31,16.37,3783.75
1740157200000,16.36,16.41,16.27,16.28,12711.4
1740157500000,16.28,16.32,16.22,16.25,4447.36
1740157800000,16.24,16.24,16.17,16.18,2534.44
1740158100000,16.19,16.19,16.12,16.14,3689.9
1740158400000,16.13,16.15,16.08,16.14,6374.24
1740158700000,16.15,16.2,16.08,16.1,3187.81
1740159000000,16.1,16.11,15.97,16.03,9270.06
1740159300000,16.03,16.04,15.79,15.82,37166.47
1740159600000,15.81,15.85,15.64,15.68,51951.21
1740159900000,15.69,15.72,15.62,15.68,21523.06
1740160200000,15.68,15.82,15.67,15.78,4118.95
1740160500000,15.78,15.83,15.69,15.71,9387.89
1740160800000,15.71,15.74,15.67,15.7,3738.86
1740161100000,15.7,15.84,15.7,15.72,15926.73
1740161400000,15.72,15.77,15.65,15.66,8246.56
1740161700000,15.66,15.74,15.65,15.7,6105.21
1740162000000,15.7,15.79,15.68,15.76,3437.58
1740162300000,15.76,15.81,15.74,15.74,6790.3
1740162600000,15.74,15.74,15.65,15.7,4055.66
1740162900000,15.7,15.82,15.7,15.77,4591.87
1740163200000,15.78,15.79,15.71,15.73,2904.36
1740163500000,15.72,15.77,15.7,15.77,1967.93
1740163800000,15.76,15.79,15.73,15.79,2079.54
1740164100000,15.79,15.79,15.69,15.71,2188.41
1740164400000,15.71,15.73,15.65,15.69,2027.65
1740164700000,15.68,15.71,15.66,15.69,2116.82
1740165000000,15.67,15.67,15.58,15.58,4136.03
1740165300000,15.58,15.58,15.46,15.46,11329.68
1740165600000,15.45,15.46,15.35,15.37,11878.06
1740165900000,15.37,15.38,15.25,15.25,11854.12
1740166200000,15.25,15.38,15.24,15.31,4340.4
1740166500000,15.31,15.34,15.16,15.19,17063.57
1740166800000,15.18,15.24,15.11,15.17,8455.49
1740167100000,15.17,15.19,15.02,15.06,54548.89
1740167400000,15.06,15.19,15.04,15.06,13191.75
1740167700000,15.06,15.13,15.04,15.12,17420.0
1740168000000,15.12,15.29,15.08,15.24,7652.32
1740168300000,15.25,15.33,15.25,15.3,16103.69
1740168600000,15.29,15.34,15.24,15.33,6719.87
1740168900000,15.32,15.48,15.32,15.36,20823.38
1740169200000,15.36,15.39,15.26,15.27,7048.4
1740169500000,15.28,15.31,15.25,15.3,5005.87
1740169800000,15.31,15.41,15.27,15.34,4548.11
1740170100000,15.33,15.35,15.26,15.27,1953.07
1740170400000,15.27,15.33,15.19,15.3,14987.37
1740170700000,15.3,15.34,15.26,15.31,2877.79
1740171000000,15.32,15.32,15.2,15.27,7187.68
1740171300000,15.26,15.26,15.22,15.26,5698.47
1740171600000,15.26,15.4,15.26,15.38,12065.63
1740171900000,15.39,15.4,15.28,15.28,4443.26
1740172200000,15.28,15.29,15.23,15.28,7603.61
1740172500000,15.28,15.28,15.18,15.2,3603.53
1740172800000,15.19,15.22,15.19,15.21,1944.27
1740173100000,15.2,15.21,15.11,15.12,3072.06
1740173400000,15.12,15.13,15.06,15.12,11864.51
1740173700000,15.11,15.14,15.07,15.08,5331.76
1740174000000,15.08,15.08,15.01,15.03,13393.33
1740174300000,15.03,15.12,15.03,15.11,4516.05
1740174600000,15.12,15.2,15.12,15.2,2980.67
1740174900000,15.2,15.24,15.18,15.18,2097.12
1740175200000,15.19,15.24,15.17,15.21,2947.85
1740175500000,15.21,15.24,15.16,15.24,749.17
1740175800000,15.24,15.3,15.21,15.27,4289.08
1740176100000,15.27,15.27,15.19,15.2,1665.92
1740176400000,15.2,15.33,15.19,15.33,3248.8
1740176700000,15.33,15.37,15.29,15.34,3026.45
1740177000000,15.34,15.37,15.26,15.29,5058.98
1740177300000,15.29,15.29,15.16,15.19,3037.25
1740177600000,15.19,15.22,15.18,15.21,2170.88
1740177900000,15.21,15.28,15.21,15.28,2248.92
1740178200000,15.28,15.34,15.27,15.32,1388.19
1740178500000,15.32,15.34,15.32,15.33,1358.0
1740178800000,15.33,15.34,15.28,15.29,1522.89
1740179100000,15.28,15.28,15.18,15.2,1837.2
1740179400000,15.19,15.28,15.19,15.27,867.13
1740179700000,15.28,15.29,15.22,15.24,187.52
1740180000000,15.23,15.29,15.23,15.28,557.66
1740180300000,15.28,15.29,15.27,15.28,1961.77
1740180600000,15.28,15.32,15.26,15.31,1352.94
1740180900000,15.3,15.3,15.23,15.24,2808.92
1740181200000,15.24,15.29,15.24,15.28,1534.14
1740181500000,15.29,15.29,15.24,15.27,890.21
1740181800000,15.28,15.3,15.28,15.28,843.8
1740182100000,15.27,15.27,15.23,15.26,817.82
1740182400000,15.26,15.26,15.15,15.15,5415.77
1740182700000,15.15,15.2,15.15,15.17,1028.3
1740183000000,15.17,15.19,15.14,15.17,1132.46
1740183300000,15.16,15.23,15.16,15.22,561.1
1740183600000,15.22,15.29,15.22,15.25,1690.01
1740183900000,15.25,15.25,15.16,15.17,2552.87
1740184200000,15.17,15.25,15.17,15.25,944.37
1740184500000,15.25,15.36,15.25,15.35,5037.52
1740184800000,15.36,15.37,15.3,15.32,4991.4
1740185100000,15.32,15.32,15.25,15.32,1194.42
1740185400000,15.32,15.33,15.29,15.32,500.81
1740185700000,15.33,15.35,15.32,15.33,2102.41
1740186000000,15.32,15.36,15.29,15.3,5391.75
1740186300000,15.3,15.37,15.29,15.32,1946.69
1740186600000,15.31,15.31,15.28,15.28,1059.52
1740186900000,15.28,15.31,15.27,15.31,5543.84
1740187200000,15.31,15.32,15.27,15.32,1414.21
1740187500000,15.31,15.31,15.27,15.28,328.46
1740187800000,15.27,15.36,15.26,15.35,1782.06
1740188100000,15.35,15.42,15.34,15.42,1656.67
1740188400000,15.42,15.43,15.39,15.4,2003.66
1740188700000,15.39,15.39,15.34,15.36,5626.94
1740189000000,15.36,15.38,15.35,15.36,1787.02
1740189300000,15.36,15.36,15.31,15.36,2011.31
1740189600000,15.36,15.36,15.32,15.32,473.51
1740189900000,15.32,15.32,15.26,15.26,5139.58
1740190200000,15.25,15.27,15.25,15.26,500.98
1740190500000,15.26,15.27,15.21,15.23,1037.89
1740190800000,15.23,15.24,15.18,15.18,2991.6
1740191100000,15.18,15.18,15.14,15.14,1563.27
1740191400000,15.14,15.21,15.12,15.21,2347.8
1740191700000,15.21,15.24,15.2,15.23,1479.73
1740192000000,15.23,15.26,15.23,15.25,612.17
1740192300000,15.25,15.25,15.17,15.19,2584.46
1740192600000,15.19,15.2,15.14,15.15,2003.34
1740192900000,15.15,15.17,15.09,15.15,4942.32
1740193200000,15.15,15.15,15.09,15.1,1677.98
1740193500000,15.1,15.1,15.07,15.1,1825.28
1740193800000,15.11,15.16,15.08,15.15,8361.72
1740194100000,15.15,15.23,15.15,15.19,2143.97
1740194400000,15.2,15.22,15.19,15.2,910.77
1740194700000,15.2,15.2,15.19,15.19,390.55
1740195000000,15.18,15.18,15.09,15.09,803.42
1740195300000,15.09,15.13,15.06,15.08,1489.23
1740195600000,15.08,15.09,15.06,15.09,525.31
1740195900000,15.09,15.09,15.05,15.08,2195.05
1740196200000,15.09,15.16,15.09,15.16,2859.0
1740196500000,15.16,15.17,15.14,15.16,3928.81
1740196800000,15.15,15.17,15.12,15.17,3523.94
1740197100000,15.17,15.22,15.16,15.21,2716.15
1740197400000,15.21,15.29,15.21,15.29,2095.2
1740197700000,15.28,15.33,15.26,15.28,5086.25
1740198000000,15.29,15.31,15.29,15.29,1357.56
1740198300000,15.29,15.31,15.29,15.3,1305.99
1740198600000,15.29,15.29,15.27,15.27,1100.39
1740198900000,15.27,15.31,15.26,15.29,266.33
1740199200000,15.29,15.29,15.26,15.29,751.25
1740199500000,15.3,15.31,15.27,15.27,1174.52
1740199800000,15.28,15.32,15.28,15.3,307.86
1740200100000,15.3,15.3,15.28,15.29,445.5
1740200400000,15.28,15.3,15.26,15.26,1182.76
1740200700000,15.26,15.27,15.24,15.24,998.29
1740201000000,15.24,15.25,15.21,15.21,1850.02
1740201300000,15.21,15.21,15.18,15.19,2281.35
1740201600000,15.2,15.21,15.18,15.2,604.47
1740201900000,15.2,15.22,15.2,15.22,548.25
1740202200000,15.23,15.23,15.21,15.21,1241.27
1740202500000,15.22,15.26,15.22,15.26,395.78
1740202800000,15.26,15.27,15.24,15.26,353.97
1740203100000,15.27,15.27,15.23,15.23,747.27
1740203400000,15.24,15.24,15.23,15.24,996.74
1740203700000,15.23,15.23,15.21,15.22,1236.67
1740204000000,15.23,15.29,15.2,15.27,2208.5
1740204300000,15.27,15.28,15.22,15.22,631.63
1740204600000,15.22,15.22,15.19,15.22,234.97
1740204900000,15.22,15.23,15.16,15.16,1254.64
1740205200000,15.17,15.17,15.15,15.15,723.88
1740205500000,15.15,15.15,15.13,15.15,654.84
1740205800000,15.16,15.16,15.13,15.13,402.98
1740206100000,15.14,15.14,15.1,15.1,620.05
1740206400000,15.12,15.13,15.09,15.13,2079.19
1740206700000,15.12,15.17,15.12,15.14,386.79
1740207000000,15.13,15.13,15.09,15.1,241.51
1740207300000,15.09,15.11,15.08,15.1,515.09
1740207600000,15.1,15.14,15.1,15.14,673.25
1740207900000,15.15,15.18,15.15,15.15,272.79
1740208200000,15.15,15.15,15.12,15.12,508.84
1740208500000,15.12,15.18,15.12,15.18,1926.97
1740208800000,15.19,15.21,15.19,15.21,1525.95
1740209100000,15.21,15.24,15.21,15.21,4202.07
1740209400000,15.21,15.21,15.15,15.17,2785.44
1740209700000,15.17,15.29,15.17,15.22,2961.54
1740210000000,15.23,15.26,15.2,15.24,3629.16
1740210300000,15.25,15.27,15.2,15.2,3945.78
1740210600000,15.21,15.23,15.18,15.18,3709.58
1740210900000,15.17,15.19,15.17,15.19,2714.81
1740211200000,15.18,15.26,15.18,15.26,5024.1
1740211500000,15.25,15.25,15.15,15.17,1636.65
1740211800000,15.18,15.21,15.11,15.12,4463.43
1740212100000,15.12,15.17,15.12,15.16,1254.66
1740212400000,15.17,15.21,15.17,15.18,2436.61
1740212700000,15.19,15.21,15.18,15.19,1075.7
1740213000000,15.2,15.23,15.18,15.23,911.4
1740213300000,15.24,15.24,15.2,15.21,1117.1
1740213600000,15.21,15.25,15.21,15.23,1314.53
1740213900000,15.22,15.22,15.14,15.16,1242.08
1740214200000,15.17,15.2,15.16,15.2,1929.38
1740214500000,15.21,15.23,15.2,15.21,1757.67
1740214800000,15.2,15.22,15.18,15.22,348.85
1740215100000,15.22,15.32,15.2,15.29,7106.7
1740215400000,15.3,15.35,15.29,15.31,4835.95
1740215700000,15.31,15.33,15.27,15.3,3199.86
1740216000000,15.3,15.34,15.3,15.32,3337.43
1740216300000,15.31,15.31,15.2,15.22,6994.66
1740216600000,15.21,15.25,15.19,15.25,2556.77
1740216900000,15.25,15.28,15.24,15.28,1813.3
1740217200000,15.29,15.33,15.29,15.3,3118.35
1740217500000,15.3,15.35,15.3,15.34,1239.5
1740217800000,15.34,15.38,15.33,15.38,1809.4
1740218100000,15.38,15.38,15.32,15.36,2083.18
1740218400000,15.36,15.38,15.33,15.38,2514.59
1740218700000,15.37,15.47,15.35,15.45,12822.25
1740219000000,15.45,15.49,15.41,15.42,3438.68
1740219300000,15.42,15.44,15.41,15.42,800.25
1740219600000,15.43,15.54,15.43,15.51,4482.6
1740219900000,15.51,15.51,15.44,15.45,2711.04
1740220200000,15.46,15.47,15.4,15.43,5725.19
1740220500000,15.42,15.44,15.41,15.44,584.84
1740220800000,15.44,15.51,15.44,15.5,4582.39
1740221100000,15.49,15.5,15.42,15.43,3207.15
1740221400000,15.43,15.46,15.36,15.38,3356.21
1740221700000,15.37,15.37,15.23,15.26,21859.53
1740222000000,15.26,15.27,15.22,15.24,4024.39
1740222300000,15.24,15.26,15.18,15.19,8944.64
1740222600000,15.19,15.2,15.13,15.14,9160.81
1740222900000,15.14,15.16,15.1,15.15,27727.76
1740223200000,15.14,15.16,15.09,15.16,40562.03
1740223500000,15.16,15.19,15.16,15.17,3445.89
1740223800000,15.17,15.21,15.16,15.2,1521.99
1740224100000,15.21,15.24,15.2,15.24,2524.09
1740224400000,15.24,15.25,15.23,15.24,1159.5
1740224700000,15.23,15.23,15.19,15.19,2167.38
1740225000000,15.2,15.23,15.2,15.21,1974.95
1740225300000,15.2,15.22,15.18,15.2,978.22
1740225600000,15.19,15.22,15.17,15.19,2627.57
1740225900000,15.2,15.25,15.19,15.24,1310.15
1740226200000,15.25,15.25,15.22,15.23,633.2
1740226500000,15.24,15.29,15.23,15.24,11725.16
1740226800000,15.23,15.23,15.18,15.18,746.92
1740227100000,15.18,15.18,15.14,15.17,2941.06
1740227400000,15.18,15.25,15.18,15.24,1041.72
1740227700000,15.25,15.3,15.25,15.3,1507.42
1740228000000,15.3,15.31,15.26,15.27,2030.11
1740228300000,15.26,15.34,15.26,15.34,2941.37
1740228600000,15.34,15.37,15.32,15.33,8607.77
1740228900000,15.34,15.36,15.33,15.36,4464.81
1740229200000,15.36,15.44,15.36,15.43,4552.42
1740229500000,15.43,15.44,15.36,15.37,1560.35
1740229800000,15.37,15.37,15.29,15.33,3432.16
1740230100000,15.33,15.39,15.3,15.37,3898.32
1740230400000,15.37,15.41,15.37,15.37,333.19
1740230700000,15.37,15.37,15.33,15.33,453.75
1740231000000,15.34,15.36,15.23,15.25,10160.44
1740231300000,15.25,15.3,15.23,15.28,1438.79
1740231600000,15.29,15.31,15.28,15.3,1645.57
1740231900000,15.3,15.37,15.3,15.36,910.02
1740232200000,15.37,15.37,15.32,15.32,1535.0
1740232500000,15.32,15.34,15.31,15.31,2263.44
1740232800000,15.31,15.31,15.24,15.28,5927.2
1740233100000,15.27,15.33,15.27,15.3,411.17
1740233400000,15.31,15.32,15.25,15.25,1099.14
1740233700000,15.26,15.28,15.25,15.26,2440.48
1740234000000,15.26,15.3,15.25,15.29,1657.51
1740234300000,15.29,15.3,15.25,15.27,3105.96
1740234600000,15.26,15.3,15.19,15.21,8068.57
1740234900000,15.21,15.26,15.19,15.25,1186.93
1740235200000,15.26,15.28,15.22,15.27,907.77
1740235500000,15.28,15.31,15.28,15.3,245.87
1740235800000,15.29,15.29,15.25,15.25,966.87
1740236100000,15.25,15.26,15.22,15.22,1111.88
1740236400000,15.22,15.25,15.22,15.24,1017.29
1740236700000,15.24,15.27,15.23,15.26,375.67
1740237000000,15.27,15.28,15.25,15.25,2036.48
1740237300000,15.26,15.31,15.26,15.31,2318.24
1740237600000,15.31,15.35,15.27,15.33,11176.61
1740237900000,15.33,15.35,15.29,15.29,1187.96
1740238200000,15.29,15.29,15.23,15.25,3481.28
1740238500000,15.26,15.28,15.22,15.26,3558.27
1740238800000,15.26,15.28,15.26,15.27,3020.51
1740239100000,15.27,15.38,15.27,15.35,1952.41
1740239400000,15.35,15.37,15.33,15.33,4582.51
1740239700000,15.34,15.42,15.34,15.38,8216.8
1740240000000,15.37,15.49,15.37,15.44,4440.21
1740240300000,15.44,15.49,15.41,15.41,1181.47
1740240600000,15.42,15.44,15.38,15.43,2489.92
1740240900000,15.43,15.5,15.43,15.47,10249.83
1740241200000,15.47,15.53,15.47,15.51,9094.67
1740241500000,15.51,15.51,15.47,15.51,3113.96
1740241800000,15.51,15.53,15.42,15.43,2801.45
1740242100000,15.44,15.48,15.44,15.48,2029.21
1740242400000,15.47,15.48,15.42,15.42,1148.08
1740242700000,15.42,15.46,15.41,15.43,2632.1
1740243000000,15.43,15.45,15.39,15.43,4072.08
1740243300000,15.42,15.44,15.4,15.44,1533.45
1740243600000,15.43,15.53,15.43,15.5,4458.65
1740243900000,15.5,15.53,15.49,15.5,1905.17
1740244200000,15.51,15.55,15.49,15.53,6871.85
1740244500000,15.53,15.59,15.49,15.49,3314.63
1740244800000,15.49,15.55,15.48,15.5,1382.36
1740245100000,15.51,15.56,15.51,15.55,525.11
1740245400000,15.55,15.6,15.5,15.58,1260.72
1740245700000,15.59,15.63,15.58,15.61,3362.41
1740246000000,15.6,15.63,15.59,15.62,2868.46
1740246300000,15.62,15.63,15.56,15.61,3516.56
1740246600000,15.61,15.67,15.58,15.66,2592.94
1740246900000,15.66,15.69,15.64,15.67,2704.9
1740247200000,15.66,15.67,15.6,15.64,5005.74
1740247500000,15.64,15.66,15.61,15.66,3818.11
1740247800000,15.66,15.66,15.61,15.61,2381.07
1740248100000,15.6,15.62,15.56,15.59,2111.35
1740248400000,15.59,15.62,15.59,15.62,1349.35
1740248700000,15.62,15.62,15.54,15.58,4229.97
1740249000000,15.58,15.62,15.55,15.56,1571.69
1740249300000,15.55,15.59,15.51,15.52,1659.04
1740249600000,15.52,15.53,15.48,15.51,2354.16
1740249900000,15.51,15.54,15.44,15.45,11310.8
1740250200000,15.46,15.46,15.36,15.4,12603.55
1740250500000,15.4,15.46,15.4,15.45,4652.61
1740250800000,15.45,15.47,15.41,15.42,1130.82
1740251100000,15.42,15.46,15.39,15.46,1164.04
1740251400000,15.46,15.48,15.44,15.45,325.39
1740251700000,15.45,15.48,15.45,15.47,228.89
1740252000000,15.47,15.48,15.45,15.48,314.63
1740252300000,15.48,15.52,15.47,15.49,3693.18
1740252600000,15.49,15.49,15.46,15.48,321.13
1740252900000,15.48,15.5,15.47,15.48,1201.63
1740253200000,15.49,15.49,15.47,15.47,253.94
1740253500000,15.47,15.47,15.44,15.45,643.87
1740253800000,15.46,15.48,15.43,15.48,3348.14
1740254100000,15.48,15.53,15.48,15.49,2433.74
1740254400000,15.5,15.5,15.4,15.41,1645.84
1740254700000,15.41,15.41,15.37,15.4,1702.33
1740255000000,15.41,15.43,15.41,15.43,1236.97
1740255300000,15.42,15.45,15.41,15.42,2147.57
1740255600000,15.42,15.42,15.4,15.41,982.7
1740255900000,15.41,15.41,15.4,15.4,432.4
1740256200000,15.4,15.42,15.38,15.4,508.92
1740256500000,15.39,15.42,15.39,15.39,561.11
1740256800000,15.4,15.4,15.36,15.36,698.96
1740257100000,15.36,15.37,15.32,15.34,1183.87
1740257400000,15.35,15.36,15.32,15.32,1194.2
1740257700000,15.33,15.36,15.33,15.36,758.71
1740258000000,15.35,15.38,15.34,15.38,707.62
1740258300000,15.38,15.41,15.37,15.38,691.63
1740258600000,15.38,15.4,15.38,15.38,2738.33
1740258900000,15.39,15.39,15.36,15.39,5111.39
1740259200000,15.38,15.38,15.34,15.35,645.68
1740259500000,15.36,15.37,15.33,15.33,74.03
1740259800000,15.34,15.36,15.3,15.33,4964.13
1740260100000,15.33,15.33,15.32,15.33,1561.77
1740260400000,15.33,15.35,15.33,15.35,127.29
1740260700000,15.36,15.39,15.34,15.39,444.63
1740261000000,15.4,15.44,15.38,15.41,1719.3
1740261300000,15.4,15.4,15.38,15.38,74.64
1740261600000,15.37,15.37,15.35,15.37,618.03
1740261900000,15.37,15.41,15.37,15.4,3043.46
1740262200000,15.4,15.4,15.39,15.4,2925.5
1740262500000,15.4,15.41,15.39,15.39,818.96
1740262800000,15.39,15.41,15.39,15.4,1960.15
1740263100000,15.4,15.4,15.39,15.39,70.4
1740263400000,15.39,15.42,15.39,15.39,9114.36
1740263700000,15.4,15.41,15.39,15.41,472.17
1740264000000,15.41,15.43,15.41,15.43,2692.05
1740264300000,15.42,15.43,15.36,15.37,3140.12
1740264600000,15.37,15.38,15.36,15.36,788.83
1740264900000,15.36,15.36,15.27,15.3,5222.22
1740265200000,15.29,15.31,15.28,15.28,862.33
1740265500000,15.28,15.3,15.24,15.3,1230.82
1740265800000,15.3,15.34,15.3,15.34,898.63
1740266100000,15.34,15.35,15.33,15.35,541.35
1740266400000,15.35,15.35,15.32,15.32,637.12
1740266700000,15.31,15.33,15.3,15.33,323.25
1740267000000,15.34,15.36,15.34,15.36,300.41
1740267300000,15.35,15.36,15.34,15.36,2458.13
1740267600000,15.35,15.35,15.33,15.34,1256.67
1740267900000,15.35,15.35,15.32,15.33,271.1
1740268200000,15.34,15.34,15.29,15.3,1614.61
1740268500000,15.3,15.3,15.28,15.29,692.74
1740268800000,15.29,15.29,15.24,15.26,950.19
1740269100000,15.26,15.28,15.25,15.25,505.74
1740269400000,15.24,15.25,15.21,15.21,1618.15
1740269700000,15.22,15.27,15.22,15.24,1654.77
1740270000000,15.23,15.24,15.21,15.24,889.83
1740270300000,15.23,15.27,15.22,15.26,298.95
1740270600000,15.26,15.31,15.26,15.29,504.42
1740270900000,15.29,15.29,15.24,15.24,1269.58
1740271200000,15.25,15.25,15.23,15.25,319.17
1740271500000,15.24,15.24,15.21,15.21,1795.67
1740271800000,15.2,15.25,15.2,15.25,2268.22
1740272100000,15.25,15.29,15.25,15.29,998.47
1740272400000,15.28,15.35,15.27,15.31,1769.42
1740272700000,15.31,15.31,15.27,15.3,768.15
1740273000000,15.3,15.3,15.26,15.26,910.28
1740273300000,15.26,15.31,15.26,15.3,1256.25
1740273600000,15.3,15.3,15.23,15.24,1369.43
1740273900000,15.25,15.3,15.25,15.27,478.51
1740274200000,15.26,15.26,15.23,15.26,416.15
1740274500000,15.25,15.27,15.23,15.24,4214.0
1740274800000,15.23,15.25,15.21,15.24,1610.19
1740275100000,15.24,15.3,15.24,15.25,774.59
1740275400000,15.25,15.32,15.25,15.32,1398.86
1740275700000,15.33,15.37,15.33,15.35,2590.86
1740276000000,15.35,15.39,15.35,15.37,1009.35
1740276300000,15.37,15.38,15.34,15.37,1712.18
1740276600000,15.38,15.39,15.37,15.39,4194.58
1740276900000,15.39,15.4,15.38,15.38,892.91
1740277200000,15.37,15.39,15.35,15.37,453.9
1740277500000,15.37,15.41,15.37,15.41,588.75
1740277800000,15.4,15.41,15.36,15.39,976.65
1740278100000,15.39,15.4,15.35,15.4,1782.9
1740278400000,15.4,15.4,15.38,15.38,623.96
1740278700000,15.38,15.38,15.36,15.36,164.85
1740279000000,15.36,15.38,15.35,15.36,854.76
1740279300000,15.35,15.35,15.32,15.32,508.42
1740279600000,15.32,15.37,15.32,15.35,6580.75
1740279900000,15.34,15.34,15.28,15.28,3478.92
1740280200000,15.28,15.34,15.28,15.34,840.49
1740280500000,15.35,15.43,15.35,15.39,2551.73
1740280800000,15.38,15.39,15.35,15.38,1541.05
1740281100000,15.39,15.44,15.39,15.41,1452.28
1740281400000,15.4,15.46,15.4,15.45,779.94
1740281700000,15.46,15.46,15.39,15.39,703.27
1740282000000,15.38,15.38,15.36,15.36,2924.1
1740282300000,15.37,15.4,15.35,15.39,308.37
1740282600000,15.39,15.4,15.36,15.38,1943.96
1740282900000,15.37,15.38,15.36,15.36,201.01
1740283200000,15.36,15.37,15.32,15.32,877.44
1740283500000,15.32,15.32,15.29,15.29,1092.73
1740283800000,15.29,15.33,15.29,15.33,526.2
1740284100000,15.32,15.32,15.28,15.29,1855.54
1740284400000,15.28,15.29,15.25,15.28,1031.07
1740284700000,15.29,15.31,15.25,15.26,129.51
1740285000000,15.25,15.26,15.23,15.24,196.75
1740285300000,15.25,15.27,15.25,15.25,527.1
1740285600000,15.26,15.29,15.26,15.29,103.9
1740285900000,15.28,15.28,15.24,15.27,510.11
1740286200000,15.27,15.29,15.26,15.26,503.76
1740286500000,15.26,15.28,15.26,15.26,103.69
1740286800000,15.26,15.26,15.22,15.25,512.77
1740287100000,15.24,15.27,15.23,15.27,175.61
1740287400000,15.26,15.32,15.26,15.3,1729.65
1740287700000,15.3,15.31,15.28,15.28,2995.88
1740288000000,15.27,15.33,15.27,15.33,738.67
1740288300000,15.33,15.35,15.32,15.34,460.35
1740288600000,15.35,15.38,15.34,15.37,1313.93
1740288900000,15.37,15.4,15.37,15.4,661.33
1740289200000,15.41,15.43,15.4,15.41,562.99
1740289500000,15.42,15.46,15.42,15.43,1479.01
1740289800000,15.43,15.43,15.42,15.43,215.51
1740290100000,15.43,15.45,15.43,15.44,1371.84
1740290400000,15.44,15.47,15.4,15.43,3043.48
1740290700000,15.42,15.42,15.35,15.36,1108.05
1740291000000,15.35,15.37,15.34,15.37,1167.05
1740291300000,15.36,15.43,15.36,15.42,2086.78
1740291600000,15.43,15.49,15.43,15.46,2840.04
1740291900000,15.46,15.48,15.43,15.43,1483.29
1740292200000,15.44,15.47,15.43,15.45,1273.59
1740292500000,15.45,15.47,15.44,15.45,631.15
1740292800000,15.45,15.47,15.45,15.47,611.91
1740293100000,15.48,15.5,15.46,15.5,859.36
1740293400000,15.49,15.52,15.49,15.5,747.26
1740293700000,15.5,15.5,15.48,15.5,63.04
1740294000000,15.51,15.54,15.5,15.52,1020.37
1740294300000,15.53,15.58,15.52,15.55,1524.33
1740294600000,15.55,15.56,15.53,15.54,551.52
1740294900000,15.55,15.63,15.54,15.61,3965.99
1740295200000,15.61,15.65,15.61,15.64,1829.49
1740295500000,15.64,15.64,15.59,15.6,1634.09
1740295800000,15.59,15.7,15.59,15.7,1660.25
1740296100000,15.69,15.76,15.68,15.74,5632.07
1740296400000,15.74,15.76,15.69,15.7,3258.1
1740296700000,15.69,15.72,15.67,15.71,1197.03
1740297000000,15.71,15.74,15.71,15.74,362.16
1740297300000,15.74,15.79,15.74,15.74,1978.67
1740297600000,15.74,15.74,15.67,15.68,3064.93
1740297900000,15.68,15.72,15.67,15.69,938.17
1740298200000,15.68,15.72,15.68,15.72,291.0
1740298500000,15.73,15.77,15.73,15.74,3350.36
1740298800000,15.73,15.74,15.7,15.7,2320.13
1740299100000,15.7,15.7,15.62,15.63,3547.89
1740299400000,15.63,15.64,15.59,15.59,4494.76
1740299700000,15.59,15.62,15.56,15.57,8073.81
1740300000000,15.57,15.58,15.53,15.56,8629.21
1740300300000,15.56,15.56,15.52,15.54,1654.92
1740300600000,15.54,15.57,15.54,15.54,1295.37
1740300900000,15.54,15.54,15.52,15.53,3027.73
1740301200000,15.53,15.59,15.53,15.57,2983.01
1740301500000,15.57,15.58,15.55,15.56,2421.76
1740301800000,15.55,15.56,15.51,15.51,312.57
1740302100000,15.52,15.55,15.47,15.5,4859.25
1740302400000,15.5,15.5,15.44,15.46,1178.09
1740302700000,15.47,15.52,15.47,15.5,272.07
1740303000000,15.5,15.5,15.47,15.48,633.21
1740303300000,15.48,15.48,15.41,15.45,1187.86
1740303600000,15.44,15.49,15.44,15.49,283.5
1740303900000,15.48,15.55,15.48,15.52,5147.81
1740304200000,15.52,15.55,15.52,15.53,271.13
1740304500000,15.51,15.53,15.48,15.48,322.11
1740304800000,15.49,15.52,15.45,15.45,1160.5
1740305100000,15.46,15.48,15.45,15.47,628.24
1740305400000,15.47,15.49,15.46,15.48,1474.82
1740305700000,15.49,15.5,15.47,15.49,561.22
1740306000000,15.49,15.51,15.48,15.51,1206.11
1740306300000,15.51,15.53,15.5,15.5,967.0
1740306600000,15.5,15.5,15.42,15.42,819.09
1740306900000,15.43,15.44,15.41,15.42,574.94
1740307200000,15.42,15.45,15.4,15.45,926.67
1740307500000,15.43,15.48,15.4,15.46,3877.84
1740307800000,15.46,15.48,15.44,15.46,588.81
1740308100000,15.47,15.47,15.45,15.47,226.44
1740308400000,15.47,15.49,15.44,15.48,1152.28
1740308700000,15.48,15.5,15.47,15.49,2181.06
1740309000000,15.49,15.5,15.47,15.49,1958.26
1740309300000,15.48,15.5,15.46,15.47,3059.46
1740355200000,16.14,16.23,16.13,16.14,15613.38
1740355500000,16.14,16.29,16.1,16.28,7884.25
1740355800000,16.27,16.29,16.21,16.24,5630.89
1740356100000,16.23,16.26,16.17,16.19,2613.84
1740356400000,16.2,16.27,16.15,16.24,4557.17
1740356700000,16.25,16.26,16.22,16.23,2983.74
1740357000000,16.23,16.23,16.11,16.13,6381.06
1740357300000,16.13,16.13,16.07,16.08,7178.91
1740357600000,16.07,16.15,16.05,16.13,4130.11
1740357900000,16.14,16.21,16.11,16.18,1775.15
1740358200000,16.18,16.22,16.14,16.16,2057.69
1740358500000,16.15,16.19,16.14,16.18,1990.04
1740358800000,16.17,16.2,16.14,16.18,3083.16
1740359100000,16.17,16.28,16.15,16.17,4438.04
1740359400000,16.16,16.16,16.02,16.06,8876.47
1740359700000,16.05,16.11,16.04,16.09,3196.84
1740360000000,16.1,16.13,15.98,15.98,9140.12
1740360300000,15.98,16.02,15.96,15.98,5533.77
1740360600000,15.97,15.98,15.87,15.87,10258.33
1740360900000,15.87,15.89,15.83,15.84,7341.99
1740361200000,15.83,15.88,15.8,15.84,9356.11
1740361500000,15.83,15.86,15.78,15.8,2125.21
1740361800000,15.79,15.82,15.77,15.81,6300.81
1740362100000,15.81,15.88,15.81,15.82,1964.32
1740362400000,15.82,15.82,15.75,15.78,2956.68
1740362700000,15.78,15.89,15.78,15.85,1444.23
1740363000000,15.85,15.86,15.82,15.83,2545.0
1740363300000,15.83,15.84,15.75,15.75,4090.62
1740363600000,15.75,15.75,15.66,15.7,5378.18
1740363900000,15.71,15.73,15.69,15.7,4217.1
1740364200000,15.7,15.7,15.65,15.68,3431.41
1740364500000,15.69,15.71,15.66,15.66,2558.34
1740364800000,15.67,15.69,15.62,15.69,1966.93
1740365100000,15.7,15.74,15.67,15.74,1974.34
1740365400000,15.74,15.74,15.66,15.66,2628.01
1740365700000,15.65,15.65,15.58,15.58,6545.55
1740366000000,15.59,15.59,15.48,15.5,15162.76
1740366300000,15.51,15.51,15.43,15.49,8588.59
1740366600000,15.49,15.54,15.48,15.51,819.2
1740366900000,15.5,15.5,15.44,15.48,3025.6
1740367200000,15.48,15.48,15.4,15.41,6348.6
1740367500000,15.4,15.44,15.34,15.41,11900.87
1740367800000,15.4,15.4,15.23,15.3,13442.25
1740368100000,15.31,15.33,15.27,15.27,4210.47
1740368400000,15.27,15.39,15.25,15.36,2739.93
1740368700000,15.37,15.4,15.35,15.38,2308.7
1740369000000,15.37,15.4,15.36,15.4,1871.55
1740369300000,15.39,15.41,15.29,15.29,5021.83
1740369600000,15.29,15.29,15.21,15.21,5146.9
1740369900000,15.21,15.3,15.19,15.24,6082.45
1740370200000,15.23,15.3,15.22,15.27,1673.24
1740370500000,15.26,15.29,15.23,15.23,4186.9
1740370800000,15.23,15.25,15.18,15.24,3947.18
1740371100000,15.24,15.25,15.16,15.17,3053.7
1740371400000,15.17,15.18,15.05,15.14,9131.52
1740371700000,15.14,15.15,15.03,15.05,4467.17
1740372000000,15.04,15.13,15.02,15.11,4398.97
1740372300000,15.11,15.24,15.11,15.21,4363.78
1740372600000,15.22,15.22,15.17,15.18,2224.23
1740372900000,15.18,15.2,15.17,15.18,1576.98
1740373200000,15.18,15.18,15.08,15.09,3369.96
1740373500000,15.1,15.24,15.1,15.23,2183.95
1740373800000,15.24,15.24,15.21,15.23,1066.56
1740374100000,15.23,15.33,15.2,15.28,6908.06
1740374400000,15.29,15.36,15.29,15.34,1937.81
1740374700000,15.33,15.38,15.28,15.35,986.9
1740375000000,15.36,15.47,15.35,15.47,3305.46
1740375300000,15.46,15.54,15.44,15.54,3668.0
1740375600000,15.53,15.57,15.5,15.53,2352.51
1740375900000,15.53,15.57,15.5,15.56,1053.74
1740376200000,15.57,15.57,15.46,15.48,4600.01
1740376500000,15.47,15.49,15.45,15.48,1666.85
1740376800000,15.48,15.53,15.44,15.51,1308.2
1740377100000,15.5,15.5,15.45,15.47,2732.96
1740377400000,15.46,15.46,15.41,15.42,1374.62
1740377700000,15.42,15.44,15.4,15.4,1428.72
1740378000000,15.4,15.47,15.4,15.47,1053.96
1740378300000,15.46,15.49,15.44,15.44,1115.48
1740378600000,15.43,15.52,15.42,15.44,1459.82
1740378900000,15.44,15.51,15.43,15.51,893.89
1740379200000,15.51,15.52,15.42,15.43,3252.37
1740379500000,15.43,15.49,15.4,15.44,1323.72
1740379800000,15.43,15.46,15.42,15.44,3388.26
1740380100000,15.45,15.45,15.41,15.41,4000.91
1740380400000,15.42,15.48,15.42,15.47,883.87
1740380700000,15.47,15.49,15.45,15.48,1555.27
1740381000000,15.47,15.47,15.38,15.4,1595.58
1740381300000,15.39,15.39,15.33,15.35,1152.04
1740381600000,15.34,15.4,15.33,15.33,2475.83
1740381900000,15.33,15.35,15.31,15.31,527.23
1740382200000,15.32,15.38,15.28,15.37,1645.78
1740382500000,15.37,15.38,15.3,15.31,735.96
1740382800000,15.31,15.35,15.29,15.29,773.72
1740383100000,15.28,15.31,15.27,15.29,552.97
1740383400000,15.29,15.35,15.29,15.34,839.86
1740383700000,15.35,15.36,15.32,15.32,336.6
1740384000000,15.32,15.32,15.23,15.25,3491.44
1740384300000,15.25,15.25,15.16,15.17,3034.19
1740384600000,15.16,15.19,15.15,15.15,2284.25
1740384900000,15.16,15.16,15.11,15.11,3507.36
1740385200000,15.1,15.15,15.05,15.06,6271.13
1740385500000,15.05,15.08,14.98,15.01,17393.21
1740385800000,15.02,15.07,14.99,15.02,5943.54
1740386100000,15.03,15.1,15.02,15.06,4336.63
1740386400000,15.06,15.15,15.06,15.12,5446.67
1740386700000,15.11,15.13,15.06,15.07,1617.91
1740387000000,15.06,15.09,15.02,15.06,8450.04
1740387300000,15.05,15.1,14.99,15.0,4310.68
1740387600000,14.99,15.17,14.96,15.15,6428.06
1740387900000,15.15,15.22,15.14,15.16,2615.81
1740388200000,15.16,15.22,15.15,15.2,1017.04
1740388500000,15.21,15.22,15.11,15.12,5991.09
1740388800000,15.12,15.13,15.05,15.13,25177.09
1740389100000,15.14,15.26,15.12,15.24,5508.95
1740389400000,15.24,15.32,15.22,15.28,8030.62
1740389700000,15.28,15.28,15.21,15.23,4278.98
1740390000000,15.23,15.24,15.19,15.24,927.49
1740390300000,15.24,15.27,15.18,15.22,4665.88
1740390600000,15.2,15.24,15.18,15.18,1565.32
1740390900000,15.18,15.21,15.15,15.15,2157.76
1740391200000,15.16,15.18,15.14,15.16,2821.57
1740391500000,15.16,15.2,15.07,15.08,16932.6
1740391800000,15.09,15.17,15.08,15.14,2480.68
1740392100000,15.14,15.14,15.05,15.08,1129.11
1740392400000,15.07,15.07,14.99,15.02,11991.61
1740392700000,15.03,15.1,15.01,15.01,12722.23
1740393000000,15.02,15.1,14.93,14.96,16893.04
1740393300000,14.96,15.02,14.95,15.02,11323.51
1740393600000,15.01,15.04,14.95,15.04,3041.91
1740393900000,15.04,15.14,15.01,15.12,14746.15
1740394200000,15.11,15.15,15.05,15.07,2371.53
1740394500000,15.07,15.09,15.06,15.09,1262.79
1740394800000,15.09,15.11,15.03,15.05,7633.66
1740395100000,15.06,15.11,15.03,15.07,9557.06
1740395400000,15.07,15.11,15.01,15.1,16639.05
1740395700000,15.1,15.12,15.07,15.08,5044.44
1740396000000,15.08,15.14,15.07,15.14,3232.19
1740396300000,15.14,15.25,15.13,15.24,11572.4
1740396600000,15.24,15.26,15.19,15.23,8985.97
1740396900000,15.23,15.24,15.17,15.24,1331.35
1740397200000,15.24,15.3,15.2,15.23,2011.0
1740397500000,15.22,15.24,15.17,15.24,2130.03
1740397800000,15.24,15.31,15.24,15.31,2551.21
1740398100000,15.31,15.33,15.29,15.33,9522.76
1740398400000,15.33,15.33,15.27,15.3,4921.49
1740398700000,15.3,15.43,15.3,15.41,4733.81
1740399000000,15.42,15.5,15.34,15.48,33881.39
1740399300000,15.48,15.5,15.39,15.5,13961.09
1740399600000,15.5,15.6,15.44,15.55,14711.47
1740399900000,15.55,15.62,15.53,15.62,10754.58
1740400200000,15.62,15.72,15.59,15.68,11815.15
1740400500000,15.69,15.71,15.58,15.66,13025.42
1740400800000,15.66,15.66,15.5,15.51,11205.61
1740401100000,15.52,15.54,15.39,15.43,12374.57
1740401400000,15.43,15.44,15.22,15.24,17695.38
1740401700000,15.24,15.25,15.16,15.19,10890.45
1740402000000,15.19,15.2,15.06,15.1,33579.91
1740402300000,15.1,15.17,15.06,15.1,12874.4
1740402600000,15.11,15.15,15.07,15.12,53456.88
1740402900000,15.11,15.18,15.09,15.13,17475.27
1740403200000,15.13,15.19,15.12,15.18,4209.54
1740403500000,15.17,15.19,15.14,15.15,5989.48
1740403800000,15.15,15.27,15.15,15.26,9834.96
1740404100000,15.25,15.31,15.25,15.28,2786.84
1740404400000,15.27,15.27,15.17,15.19,12758.61
1740404700000,15.2,15.25,15.2,15.22,2208.3
1740405000000,15.23,15.24,15.15,15.16,2106.3
1740405300000,15.15,15.15,15.03,15.04,8450.11
1740405600000,15.04,15.13,15.04,15.11,3479.43
1740405900000,15.12,15.16,15.05,15.07,1834.27
1740406200000,15.08,15.09,14.97,14.99,9489.03
1740406500000,14.98,15.0,14.95,14.98,7095.57
1740406800000,14.97,14.99,14.88,14.93,29331.25
1740407100000,14.93,14.99,14.89,14.89,6019.38
1740407400000,14.9,15.09,14.9,14.95,8587.3
1740407700000,14.95,14.97,14.91,14.92,1695.74
1740408000000,14.93,14.94,14.74,14.76,23508.31
1740408300000,14.76,14.79,14.68,14.7,16804.61
1740408600000,14.7,14.72,14.59,14.62,15448.65
1740408900000,14.62,14.65,14.57,14.63,12690.05
1740409200000,14.63,14.7,14.57,14.69,6191.87
1740409500000,14.69,14.74,14.56,14.69,14545.63
1740409800000,14.69,14.85,14.69,14.81,6995.14
1740410100000,14.81,14.85,14.72,14.78,8150.46
1740410400000,14.78,14.81,14.72,14.78,3911.35
1740410700000,14.79,14.79,14.66,14.72,2359.93
1740411000000,14.73,14.77,14.69,14.73,7019.33
1740411300000,14.73,14.73,14.62,14.62,9363.47
1740411600000,14.63,14.66,14.6,14.61,8455.34
1740411900000,14.62,14.64,14.51,14.53,11237.77
1740412200000,14.53,14.61,14.51,14.58,11807.28
1740412500000,14.58,14.62,14.56,14.59,4812.82
1740412800000,14.59,14.61,14.53,14.58,5052.34
1740413100000,14.59,14.72,14.59,14.68,13046.83
1740413400000,14.67,14.79,14.66,14.71,5501.08
1740413700000,14.71,14.74,14.61,14.62,3484.79
1740414000000,14.63,14.73,14.62,14.73,1686.27
1740414300000,14.73,14.85,14.73,14.78,7384.6
1740414600000,14.79,14.81,14.74,14.75,6716.95
1740414900000,14.75,14.78,14.7,14.7,2276.27
1740415200000,14.7,14.79,14.69,14.77,2650.72
1740415500000,14.78,14.85,14.71,14.71,6495.1
1740415800000,14.71,14.72,14.68,14.72,3468.88
1740416100000,14.71,14.72,14.68,14.71,2461.32
1740416400000,14.72,14.8,14.72,14.78,3657.95
1740416700000,14.77,14.8,14.71,14.77,3220.28
1740417000000,14.78,14.81,14.75,14.75,4935.39
1740417300000,14.75,14.93,14.75,14.92,7348.03
1740417600000,14.91,14.99,14.9,14.95,2714.12
1740417900000,14.95,14.97,14.87,14.87,1320.84
1740418200000,14.87,14.88,14.77,14.81,3342.6
1740418500000,14.82,14.82,14.78,14.79,1517.12
1740418800000,14.8,14.85,14.79,14.84,2641.74
1740419100000,14.85,14.87,14.78,14.79,1187.87
1740419400000,14.8,14.81,14.76,14.78,482.46
1740419700000,14.77,14.78,14.74,14.74,1372.13
1740420000000,14.73,14.8,14.72,14.75,4359.63
1740420300000,14.76,14.83,14.74,14.8,2054.25
1740420600000,14.8,14.82,14.71,14.73,3071.95
1740420900000,14.73,14.79,14.73,14.77,1698.21
1740421200000,14.78,14.79,14.65,14.69,2794.38
1740421500000,14.69,14.69,14.62,14.66,10070.27
1740421800000,14.66,14.69,14.63,14.68,2622.69
1740422100000,14.68,14.72,14.65,14.72,1078.63
1740422400000,14.72,14.76,14.71,14.74,1394.2
1740422700000,14.73,14.76,14.71,14.75,2588.67
1740423000000,14.74,14.74,14.69,14.7,2058.91
1740423300000,14.7,14.71,14.61,14.62,2381.15
1740423600000,14.61,14.7,14.6,14.68,4063.48
1740423900000,14.67,14.68,14.61,14.61,1357.41
1740424200000,14.61,14.69,14.59,14.68,1731.26
1740424500000,14.67,14.69,14.61,14.65,6327.17
1740424800000,14.66,14.71,14.63,14.69,2489.46
1740425100000,14.69,14.71,14.62,14.64,4471.02
1740425400000,14.63,14.63,14.48,14.49,5519.28
1740425700000,14.49,14.54,14.48,14.49,4225.2
1740426000000,14.5,14.54,14.27,14.3,23333.0
1740426300000,14.3,14.47,14.3,14.45,21010.46
1740426600000,14.44,14.54,14.42,14.49,18938.91
1740426900000,14.5,14.5,14.44,14.44,871.42
1740427200000,14.45,14.58,14.38,14.56,6458.94
1740427500000,14.57,14.59,14.54,14.57,3309.81
1740427800000,14.56,14.6,14.54,14.57,1504.46
1740428100000,14.57,14.65,14.53,14.57,4403.44
1740428400000,14.57,14.62,14.56,14.57,2931.15
1740428700000,14.57,14.58,14.53,14.54,1276.8
1740429000000,14.55,14.68,14.53,14.67,7808.99
1740429300000,14.68,14.7,14.65,14.68,1858.55
1740429600000,14.68,14.7,14.65,14.67,3380.75
1740429900000,14.68,14.71,14.66,14.71,725.01
1740430200000,14.7,14.7,14.59,14.61,874.54
1740430500000,14.6,14.63,14.56,14.56,1038.53
1740430800000,14.56,14.58,14.45,14.45,14050.93
1740431100000,14.44,14.47,14.39,14.45,4616.74
1740431400000,14.45,14.51,14.43,14.47,5417.89
1740431700000,14.47,14.56,14.47,14.5,4481.44
1740432000000,14.51,14.59,14.51,14.59,1174.95
1740432300000,14.58,14.6,14.56,14.6,600.97
1740432600000,14.6,14.67,14.6,14.63,3428.92
1740432900000,14.63,14.69,14.63,14.66,1788.15
1740433200000,14.67,14.68,14.61,14.63,1512.39
1740433500000,14.62,14.63,14.46,14.48,3554.78
1740433800000,14.48,14.53,14.45,14.53,1207.57
1740434100000,14.53,14.55,14.43,14.43,1040.21
1740434400000,14.43,14.43,14.02,14.16,78773.13
1740434700000,14.16,14.24,14.03,14.03,21188.98
1740435000000,14.03,14.17,13.78,14.08,79389.3
1740435300000,14.07,14.2,14.03,14.17,12824.87
1740435600000,14.17,14.17,14.01,14.14,14608.7
1740435900000,14.14,14.22,14.14,14.2,19442.66
1740436200000,14.21,14.34,14.2,14.32,11921.69
1740436500000,14.33,14.36,14.29,14.3,5998.42
1740436800000,14.3,14.35,14.27,14.29,10629.25
1740437100000,14.28,14.28,14.1,14.1,6881.9
1740437400000,14.09,14.19,13.92,14.05,17882.24
1740437700000,14.04,14.04,13.61,13.81,34997.66
1740438000000,13.81,14.0,13.8,13.99,13090.68
1740438300000,13.99,14.14,13.93,14.12,9149.33
1740438600000,14.12,14.14,14.03,14.06,22099.65
1740438900000,14.05,14.09,13.97,14.04,17434.84
1740439200000,14.05,14.08,13.93,13.96,6073.71
1740439500000,13.95,13.96,13.88,13.89,9785.24
1740439800000,13.89,13.96,13.81,13.82,11365.22
1740440100000,13.83,13.92,13.75,13.91,16384.7
1740440400000,13.91,14.03,13.87,13.98,21305.66
1740440700000,13.98,14.0,13.85,13.85,13288.3
1740441000000,13.85,13.88,13.76,13.88,14682.73
1740441300000,13.88,13.89,13.81,13.85,10772.95
1740441600000,13.85,13.99,13.83,13.87,5343.33
1740441900000,13.87,13.89,13.65,13.7,14054.46
1740442200000,13.7,13.72,13.54,13.6,18154.9
1740442500000,13.6,13.91,13.59,13.91,6523.43
1740442800000,13.9,14.06,13.89,14.03,15458.61
1740443100000,14.03,14.03,13.85,13.87,2649.17
1740443400000,13.87,13.95,13.8,13.82,7053.28
1740443700000,13.81,13.85,13.69,13.7,6695.02
1740444000000,13.7,13.75,13.65,13.7,12420.66
1740444300000,13.69,13.79,13.64,13.78,17799.55
1740444600000,13.78,13.83,13.73,13.74,2811.27
1740444900000,13.75,13.81,13.64,13.67,8629.34
1740445200000,13.67,13.72,13.65,13.66,4733.75
1740445500000,13.66,13.69,13.54,13.59,6559.33
1740445800000,13.59,13.71,13.52,13.71,18607.81
1740446100000,13.72,13.84,13.68,13.78,19009.76
1740446400000,13.78,13.91,13.74,13.9,3686.01
1740446700000,13.9,13.92,13.82,13.82,3015.69
1740447000000,13.83,13.99,13.81,13.98,4475.94
1740447300000,13.98,13.99,13.91,13.97,4471.58
1740447600000,13.98,14.01,13.94,13.96,3947.45
1740447900000,13.96,13.96,13.83,13.83,4942.75
1740448200000,13.83,13.84,13.74,13.75,7615.01
1740448500000,13.75,13.77,13.73,13.76,1678.54
1740448800000,13.76,13.89,13.75,13.84,8204.45
1740449100000,13.84,13.87,13.76,13.76,1402.78
1740449400000,13.75,13.78,13.65,13.66,2362.66
1740449700000,13.66,13.68,13.57,13.59,1959.75
1740450000000,13.59,13.61,13.53,13.6,1914.9
1740450300000,13.6,13.63,13.57,13.61,2109.91
1740450600000,13.62,13.72,13.58,13.71,3673.19
1740450900000,13.71,13.81,13.7,13.81,3400.52
1740451200000,13.8,14.03,13.79,14.03,6708.35
1740451500000,14.02,14.16,14.0,14.14,3822.31
1740451800000,14.15,14.21,14.13,14.19,4609.77
1740452100000,14.2,14.21,14.15,14.18,6360.17
1740452400000,14.17,14.19,14.06,14.13,54081.78
1740452700000,14.13,14.13,14.07,14.07,34583.38
1740453000000,14.07,14.08,13.97,13.97,9057.33
1740453300000,13.98,14.02,13.95,13.97,3678.72
1740453600000,13.97,14.01,13.94,13.98,2788.75
1740453900000,13.99,14.1,13.98,14.05,5875.5
1740454200000,14.04,14.14,13.97,13.97,4197.29
1740454500000,13.96,13.98,13.93,13.93,2157.1
1740454800000,13.92,13.99,13.9,13.96,2746.48
1740455100000,13.97,14.14,13.97,14.13,4297.71
1740455400000,14.13,14.18,14.08,14.1,3534.25
1740455700000,14.09,14.09,13.91,13.92,2205.71
1740456000000,13.92,13.92,13.77,13.8,12995.32
1740456300000,13.8,13.82,13.77,13.82,3079.99
1740456600000,13.81,13.82,13.7,13.81,7758.56
1740456900000,13.81,13.97,13.79,13.89,7307.42
1740457200000,13.89,13.95,13.87,13.89,2770.93
1740457500000,13.88,13.9,13.84,13.88,2502.88
1740457800000,13.88,13.88,13.66,13.71,4356.23
1740458100000,13.7,13.74,13.66,13.7,3552.97
1740458400000,13.69,13.76,13.69,13.7,3432.66
1740458700000,13.7,13.74,13.62,13.73,3295.42
1740459000000,13.72,13.8,13.72,13.79,4617.92
1740459300000,13.8,13.83,13.75,13.75,1364.71
1740459600000,13.74,13.74,13.62,13.72,3394.6
1740459900000,13.71,13.83,13.67,13.7,3800.93
1740460200000,13.7,13.79,13.67,13.75,2362.58
1740460500000,13.75,13.91,13.73,13.9,7372.34
1740460800000,13.9,13.92,13.82,13.85,5987.63
1740461100000,13.85,13.87,13.79,13.8,5130.8
1740461400000,13.79,13.91,13.79,13.87,2679.78
1740461700000,13.88,13.88,13.82,13.84,1940.01
1740462000000,13.85,13.85,13.75,13.83,3432.93
1740462300000,13.84,13.86,13.79,13.82,1901.57
1740462600000,13.82,13.82,13.74,13.78,2575.41
1740462900000,13.78,13.85,13.77,13.84,2725.96
1740463200000,13.84,13.91,13.7,13.71,3407.03
1740463500000,13.72,13.74,13.65,13.67,3602.31
1740463800000,13.67,13.68,13.62,13.65,4269.69
1740464100000,13.64,13.68,13.62,13.67,2101.4
1740464400000,13.67,13.78,13.67,13.71,4672.53
1740464700000,13.7,13.7,13.64,13.66,1331.95
1740465000000,13.65,13.68,13.56,13.6,1870.14
1740465300000,13.6,13.67,13.58,13.66,2662.88
1740465600000,13.66,13.66,13.58,13.62,4360.98
1740465900000,13.63,13.67,13.57,13.61,2394.9
1740466200000,13.6,13.6,13.48,13.5,10553.52
1740466500000,13.49,13.51,13.4,13.42,14306.74
1740466800000,13.42,13.46,13.29,13.29,14070.44
1740467100000,13.29,13.32,13.16,13.2,40480.55
1740467400000,13.2,13.26,13.11,13.18,28325.87
1740467700000,13.17,13.34,13.15,13.25,12043.52
1740468000000,13.25,13.28,12.99,13.02,36803.98
1740468300000,13.02,13.06,12.78,12.96,113456.08
1740468600000,12.97,13.07,12.76,12.77,26992.13
1740468900000,12.77,13.02,12.68,13.01,53349.1
1740469200000,13.01,13.07,12.87,12.99,17741.57
1740469500000,12.99,13.24,12.95,13.15,18133.44
1740469800000,13.16,13.24,13.11,13.16,19347.52
1740470100000,13.17,13.2,13.06,13.08,13529.44
1740470400000,13.08,13.24,13.04,13.23,22514.08
1740470700000,13.24,13.27,13.15,13.25,16142.96
1740471000000,13.25,13.34,13.21,13.33,12640.93
1740471300000,13.32,13.35,13.25,13.35,14135.7
1740471600000,13.36,13.37,13.25,13.25,9160.02
1740471900000,13.25,13.26,13.21,13.23,7842.07
1740472200000,13.24,13.37,13.2,13.32,11434.33
1740472500000,13.31,13.36,13.28,13.31,4590.82
1740472800000,13.32,13.32,13.22,13.3,6353.11
1740473100000,13.31,13.35,13.23,13.25,4407.47
1740473400000,13.25,13.27,13.19,13.22,12557.13
1740473700000,13.21,13.22,13.18,13.19,3975.46
1740474000000,13.18,13.29,13.15,13.26,26731.48
1740474300000,13.26,13.27,13.13,13.14,5127.7
1740474600000,13.13,13.15,13.09,13.11,4296.81
1740474900000,13.1,13.14,13.07,13.09,3380.67
1740475200000,13.08,13.1,13.0,13.06,8330.81
1740475500000,13.07,13.07,12.97,12.99,7086.62
1740475800000,13.0,13.05,12.96,13.02,7934.63
1740476100000,13.02,13.07,13.02,13.07,4389.72
1740476400000,13.06,13.11,13.03,13.04,5070.45
1740476700000,13.04,13.12,13.03,13.09,3612.86
1740477000000,13.09,13.09,12.98,13.01,9703.32
1740477300000,13.01,13.03,12.97,12.98,5264.98
1740477600000,12.98,13.11,12.86,13.11,15327.9
1740477900000,13.1,13.12,12.97,12.97,12762.3
1740478200000,12.96,12.96,12.84,12.84,10980.76
1740478500000,12.84,12.89,12.8,12.85,12628.14
1740478800000,12.85,12.85,12.68,12.76,22809.42
1740479100000,12.76,12.95,12.68,12.93,28287.87
1740479400000,12.93,13.11,12.91,13.09,14580.75
1740479700000,13.08,13.16,13.05,13.14,9697.8
1740480000000,13.14,13.15,13.05,13.06,5650.4
1740480300000,13.06,13.07,13.0,13.02,4003.88
1740480600000,13.02,13.15,13.01,13.1,3667.66
1740480900000,13.1,13.13,13.04,13.05,4804.11
1740481200000,13.04,13.05,12.95,12.96,8713.36
1740481500000,12.97,12.99,12.92,12.98,4909.58
1740481800000,12.97,12.99,12.93,12.95,6784.68
1740482100000,12.95,12.95,12.85,12.86,7093.98
1740482400000,12.86,12.88,12.77,12.78,6006.42
1740482700000,12.78,12.84,12.77,12.8,4872.1
1740483000000,12.8,12.94,12.8,12.87,11340.03
1740483300000,12.87,13.02,12.84,13.02,13165.02
1740483600000,13.01,13.16,13.01,13.15,11940.11
1740483900000,13.15,13.4,13.15,13.38,13711.13
1740484200000,13.38,13.42,13.35,13.39,6076.51
1740484500000,13.39,13.49,13.38,13.43,14589.28
1740484800000,13.43,13.43,13.35,13.37,7223.34
1740485100000,13.38,13.62,13.38,13.62,6245.02
1740485400000,13.63,13.63,13.49,13.51,6765.38
1740485700000,13.51,13.57,13.47,13.5,8859.71
1740486000000,13.51,13.56,13.46,13.53,8252.55
1740486300000,13.54,13.55,13.44,13.47,4825.9
1740486600000,13.48,13.49,13.33,13.35,6178.72
1740486900000,13.36,13.37,13.28,13.3,5979.12
1740487200000,13.3,13.34,13.25,13.32,13743.76
1740487500000,13.32,13.39,13.27,13.3,1604.43
1740487800000,13.29,13.41,13.29,13.36,3436.45
1740488100000,13.36,13.45,13.35,13.44,8343.4
1740488400000,13.45,13.46,13.29,13.29,7160.92
1740488700000,13.29,13.44,13.26,13.43,2543.32
1740489000000,13.43,13.48,13.32,13.37,5468.55
1740489300000,13.37,13.37,13.26,13.3,1977.41
1740489600000,13.31,13.32,13.23,13.25,1866.67
1740489900000,13.26,13.26,13.17,13.18,12498.13
1740490200000,13.19,13.26,13.18,13.24,4291.6
1740490500000,13.24,13.26,13.17,13.21,2870.52
1740490800000,13.22,13.31,13.22,13.26,3957.26
1740491100000,13.26,13.3,13.23,13.26,2727.77
1740491400000,13.27,13.3,13.27,13.28,1373.44
1740491700000,13.28,13.28,13.22,13.22,1589.19
1740492000000,13.23,13.23,13.15,13.21,13065.25
1740492300000,13.21,13.21,13.14,13.16,3380.07
1740492600000,13.15,13.21,13.11,13.2,2622.3
1740492900000,13.2,13.25,13.09,13.1,5235.48
1740493200000,13.1,13.13,13.01,13.02,10206.37
1740493500000,13.02,13.1,12.99,13.1,7976.07
1740493800000,13.1,13.19,13.02,13.16,22180.33
1740494100000,13.15,13.18,12.98,13.0,23217.98
1740494400000,13.01,13.01,12.91,12.93,29094.65
1740494700000,12.93,12.97,12.84,12.87,12599.51
1740495000000,12.87,12.87,12.75,12.79,21915.43
1740495300000,12.79,12.87,12.79,12.84,11688.43
1740495600000,12.83,12.96,12.74,12.87,26367.77
1740495900000,12.86,12.91,12.82,12.89,8961.33
1740496200000,12.89,12.94,12.82,12.85,7342.82
1740496500000,12.86,12.92,12.79,12.81,13537.12
1740496800000,12.81,12.84,12.7,12.79,20847.42
1740497100000,12.78,12.86,12.75,12.77,16002.99
1740497400000,12.77,12.85,12.71,12.83,8019.26
1740497700000,12.84,12.99,12.81,12.98,6494.83
1740498000000,12.98,13.03,12.92,12.96,32690.62
1740498300000,12.96,13.09,12.96,13.04,9787.54
1740498600000,13.04,13.27,13.03,13.21,14399.98
1740498900000,13.21,13.22,13.07,13.07,23478.22
1740499200000,13.07,13.11,12.93,12.96,9605.88
1740499500000,12.95,13.04,12.94,12.98,4045.56
1740499800000,12.99,13.12,12.99,13.06,5123.54
1740500100000,13.05,13.06,12.98,13.02,2773.63
1740500400000,13.01,13.05,12.96,12.98,2496.99
1740500700000,12.97,12.98,12.88,12.95,4502.33
1740501000000,12.94,13.0,12.9,12.97,3758.12
1740501300000,12.96,13.1,12.93,13.06,7596.01
1740501600000,13.05,13.25,13.05,13.25,9896.83
1740501900000,13.26,13.37,13.22,13.24,11799.52
1740502200000,13.25,13.37,13.24,13.25,9126.33
1740502500000,13.24,13.26,13.15,13.17,6179.62
1740502800000,13.17,13.25,13.17,13.18,4251.58
1740503100000,13.17,13.19,13.1,13.17,3284.68
1740503400000,13.16,13.28,13.16,13.24,3185.65
1740503700000,13.23,13.25,13.15,13.17,6163.53
1740504000000,13.16,13.28,13.13,13.28,3567.17
1740504300000,13.25,13.28,13.2,13.28,8911.76
1740504600000,13.28,13.35,13.27,13.3,12982.67
1740504900000,13.31,13.31,13.23,13.25,7704.35
1740505200000,13.25,13.27,13.15,13.16,5544.81
1740505500000,13.16,13.17,13.12,13.16,5290.78
1740505800000,13.17,13.2,13.13,13.18,4229.84
1740506100000,13.18,13.26,13.18,13.25,6007.59
1740506400000,13.26,13.31,13.24,13.28,1862.46
1740506700000,13.29,13.39,13.27,13.27,3378.38
1740507000000,13.26,13.3,13.2,13.28,2664.67
1740507300000,13.28,13.32,13.17,13.17,5270.48
1740507600000,13.18,13.23,13.15,13.17,5970.97
1740507900000,13.17,13.17,13.06,13.07,4165.66
1740508200000,13.07,13.11,13.04,13.07,13239.11
1740508500000,13.07,13.19,13.07,13.19,3051.22
1740508800000,13.19,13.2,13.13,13.18,2699.03
1740509100000,13.18,13.21,13.13,13.13,3952.25
1740509400000,13.13,13.19,13.1,13.17,2329.35
1740509700000,13.16,13.22,13.16,13.22,2241.73
1740510000000,13.22,13.28,13.18,13.27,2410.27
1740510300000,13.28,13.32,13.25,13.31,2976.82
1740510600000,13.3,13.31,13.14,13.15,4787.46
1740510900000,13.14,13.19,13.12,13.18,4076.15
1740511200000,13.18,13.19,13.08,13.08,3780.97
1740511500000,13.09,13.15,13.07,13.15,1420.34
1740511800000,13.15,13.22,13.15,13.2,1480.99
1740512100000,13.19,13.28,13.17,13.26,1865.9
1740512400000,13.26,13.3,13.26,13.27,4700.2
1740512700000,13.27,13.37,13.26,13.34,7575.32
1740513000000,13.34,13.38,13.34,13.36,5463.39
1740513300000,13.36,13.52,13.36,13.5,13094.49
1740513600000,13.51,13.51,13.37,13.4,5283.25
1740513900000,13.41,13.5,13.4,13.43,4500.47
1740514200000,13.42,13.46,13.39,13.44,2364.66
1740514500000,13.43,13.54,13.4,13.51,5683.49
1740514800000,13.51,13.64,13.48,13.64,8384.15
1740515100000,13.64,13.71,13.63,13.67,15909.24
1740515400000,13.67,13.76,13.66,13.76,8836.87
1740515700000,13.76,13.78,13.65,13.65,8280.88
1740516000000,13.65,13.69,13.59,13.64,10513.5
1740516300000,13.63,13.69,13.59,13.67,6060.44
1740516600000,13.66,13.7,13.61,13.65,4271.2
1740516900000,13.63,13.69,13.63,13.69,3945.68
1740517200000,13.68,13.75,13.67,13.67,7111.77
1740517500000,13.66,13.67,13.55,13.59,6520.52
1740517800000,13.59,13.6,13.55,13.58,1288.1
1740518100000,13.58,13.61,13.55,13.57,1759.32
1740518400000,13.58,13.63,13.58,13.63,6600.93
1740518700000,13.63,13.64,13.6,13.6,3645.92
1740519000000,13.6,13.6,13.53,13.58,3094.21
1740519300000,13.58,13.58,13.54,13.55,1484.89
1740519600000,13.56,13.64,13.56,13.64,4070.01
1740519900000,13.64,13.69,13.64,13.67,3752.51
1740520200000,13.67,13.75,13.66,13.75,2499.42
1740520500000,13.75,13.77,13.74,13.76,3696.19
1740520800000,13.75,13.86,13.73,13.86,5981.69
1740521100000,13.85,13.91,13.84,13.88,6959.14
1740521400000,13.87,13.91,13.72,13.74,10884.03
1740521700000,13.74,13.74,13.64,13.65,5569.84
1740522000000,13.63,13.64,13.58,13.62,18405.59
1740522300000,13.63,13.67,13.62,13.63,10577.89
1740522600000,13.63,13.68,13.62,13.64,5702.82
1740522900000,13.64,13.65,13.55,13.57,2620.28
1740523200000,13.58,13.61,13.57,13.59,1219.71
1740523500000,13.59,13.68,13.59,13.68,2573.19
1740523800000,13.67,13.67,13.63,13.64,935.98
1740524100000,13.64,13.7,13.64,13.69,1626.31
1740524400000,13.69,13.78,13.67,13.77,1934.95
1740524700000,13.76,13.78,13.7,13.72,2629.36
1740525000000,13.73,13.73,13.69,13.69,664.65
1740525300000,13.69,13.7,13.67,13.68,1799.46
1740525600000,13.69,13.69,13.64,13.64,2521.94
1740525900000,13.64,13.65,13.61,13.61,910.98
1740526200000,13.61,13.61,13.55,13.58,2898.03
1740526500000,13.57,13.57,13.52,13.53,11115.94
1740526800000,13.53,13.53,13.48,13.52,2171.08
1740527100000,13.51,13.55,13.5,13.53,1320.11
1740527400000,13.53,13.55,13.52,13.53,2812.22
1740527700000,13.53,13.55,13.53,13.54,1562.52
1740528000000,13.54,13.54,13.5,13.51,5394.83
1740528300000,13.52,13.53,13.49,13.51,1293.28
1740528600000,13.51,13.53,13.48,13.5,636.07
1740528900000,13.51,13.53,13.43,13.46,7306.29
1740529200000,13.46,13.49,13.44,13.49,1432.67
1740529500000,13.5,13.51,13.48,13.48,652.34
1740529800000,13.48,13.5,13.42,13.43,4082.96
1740530100000,13.43,13.45,13.39,13.39,2628.05
1740530400000,13.4,13.43,13.4,13.4,890.75
1740530700000,13.4,13.45,13.4,13.41,1395.42
1740531000000,13.42,13.43,13.37,13.37,4217.21
1740531300000,13.37,13.39,13.37,13.37,987.33
1740531600000,13.37,13.41,13.36,13.39,2683.52
1740531900000,13.39,13.45,13.39,13.44,1182.2
1740532200000,13.44,13.46,13.42,13.42,1224.81
1740532500000,13.42,13.46,13.41,13.43,755.21
1740532800000,13.43,13.44,13.4,13.42,920.6
1740533100000,13.43,13.49,13.42,13.48,1193.64
1740533400000,13.47,13.51,13.47,13.49,539.01
1740533700000,13.48,13.5,13.46,13.46,314.76
1740534000000,13.46,13.49,13.46,13.47,351.83
1740534300000,13.47,13.51,13.47,13.51,450.31
1740534600000,13.5,13.54,13.5,13.53,1578.27
1740534900000,13.54,13.55,13.53,13.54,539.81
1740535200000,13.53,13.54,13.49,13.5,992.93
1740535500000,13.5,13.5,13.46,13.47,455.09
1740535800000,13.47,13.56,13.47,13.55,1273.32
1740536100000,13.56,13.65,13.56,13.62,4531.97
1740536400000,13.62,13.62,13.57,13.61,2745.04
1740536700000,13.6,13.63,13.57,13.6,1789.49
1740537000000,13.6,13.6,13.55,13.55,653.41
1740537300000,13.55,13.63,13.54,13.61,516.11
1740537600000,13.62,13.63,13.57,13.58,169.08
1740537900000,13.59,13.63,13.58,13.61,264.02
1740538200000,13.62,13.68,13.62,13.68,3925.43
1740538500000,13.69,13.74,13.69,13.72,1973.39
1740538800000,13.72,13.79,13.71,13.78,1082.43
1740539100000,13.77,13.8,13.77,13.79,1690.08
1740539400000,13.79,13.82,13.76,13.77,5628.91
1740539700000,13.77,13.82,13.76,13.81,1744.25
1740540000000,13.81,13.81,13.77,13.81,1586.79
1740540300000,13.81,13.81,13.74,13.77,1631.19
1740540600000,13.77,13.79,13.71,13.72,576.62
1740540900000,13.72,13.74,13.7,13.7,965.46
1740541200000,13.7,13.73,13.7,13.71,1969.41
1740541500000,13.71,13.79,13.67,13.77,2315.28
1740541800000,13.77,13.79,13.75,13.76,908.2
1740542100000,13.76,13.76,13.71,13.72,131.82
1740542400000,13.71,13.76,13.7,13.71,1503.84
1740542700000,13.71,13.77,13.7,13.77,365.53
1740543000000,13.76,13.78,13.74,13.76,255.56
1740543300000,13.77,13.78,13.74,13.77,1807.08
1740543600000,13.77,13.81,13.77,13.79,584.47
1740543900000,13.8,13.84,13.79,13.84,616.63
1740544200000,13.84,13.84,13.8,13.8,1300.63
1740544500000,13.79,13.79,13.76,13.79,761.48
1740544800000,13.79,13.82,13.79,13.79,325.4
1740545100000,13.78,13.78,13.73,13.74,360.2
1740545400000,13.73,13.74,13.68,13.69,3624.7
1740545700000,13.69,13.7,13.67,13.68,2978.05
1740546000000,13.68,13.7,13.63,13.64,1806.19
1740546300000,13.64,13.66,13.63,13.65,545.17
1740546600000,13.66,13.67,13.63,13.65,614.74
1740546900000,13.66,13.67,13.64,13.64,752.94
1740547200000,13.63,13.65,13.62,13.65,788.86
1740547500000,13.66,13.68,13.65,13.67,236.63
1740547800000,13.66,13.7,13.65,13.65,1582.01
1740548100000,13.65,13.67,13.61,13.61,933.05
1740548400000,13.61,13.65,13.61,13.64,4191.16
1740548700000,13.65,13.67,13.62,13.64,1765.31
1740549000000,13.63,13.63,13.59,13.6,526.31
1740549300000,13.6,13.63,13.59,13.59,810.21
1740549600000,13.59,13.65,13.58,13.65,1380.55
1740549900000,13.66,13.68,13.63,13.63,256.87
1740550200000,13.62,13.62,13.59,13.61,1339.23
1740550500000,13.61,13.66,13.6,13.65,1248.04
1740550800000,13.66,13.66,13.6,13.62,916.84
1740551100000,13.63,13.65,13.63,13.65,268.04
1740551400000,13.65,13.69,13.62,13.69,1135.08
1740551700000,13.69,13.7,13.64,13.64,835.82
1740552000000,13.63,13.64,13.6,13.64,465.34
1740552300000,13.65,13.71,13.65,13.71,1281.15
1740552600000,13.7,13.74,13.69,13.73,1136.79
1740552900000,13.73,13.74,13.71,13.74,983.34
1740553200000,13.74,13.75,13.7,13.71,923.48
1740553500000,13.7,13.73,13.69,13.7,294.05
1740553800000,13.7,13.78,13.7,13.75,4286.41
1740554100000,13.74,13.74,13.69,13.7,950.23
1740554400000,13.7,13.71,13.69,13.69,651.75
1740554700000,13.68,13.72,13.67,13.72,710.94
1740555000000,13.72,13.72,13.6,13.6,1390.71
1740555300000,13.6,13.62,13.53,13.53,2935.78
1740555600000,13.54,13.56,13.52,13.56,4125.44
1740555900000,13.55,13.55,13.52,13.55,1370.84
1740556200000,13.55,13.79,13.55,13.77,33683.11
1740556500000,13.78,13.79,13.73,13.75,11127.23
1740556800000,13.75,13.83,13.74,13.78,7310.5
1740557100000,13.78,13.78,13.63,13.68,7669.2
1740557400000,13.67,13.72,13.62,13.7,3532.35
1740557700000,13.7,13.72,13.67,13.68,3670.29
1740558000000,13.68,13.74,13.68,13.72,2448.93
1740558300000,13.73,13.78,13.71,13.77,2528.01
1740558600000,13.77,13.77,13.72,13.74,2882.81
1740558900000,13.73,13.76,13.69,13.69,698.55
1740559200000,13.69,13.74,13.69,13.7,1791.83
1740559500000,13.71,13.73,13.68,13.71,826.57
1740559800000,13.71,13.76,13.7,13.75,1200.7
1740560100000,13.76,13.77,13.73,13.74,1002.44
1740560400000,13.74,13.8,13.71,13.78,3230.91
1740560700000,13.77,13.81,13.75,13.81,1128.72
1740561000000,13.81,13.84,13.79,13.79,4494.62
1740561300000,13.8,13.83,13.71,13.8,8894.22
1740561600000,13.79,13.8,13.62,13.63,9706.67
1740561900000,13.64,13.65,13.57,13.57,6991.67
1740562200000,13.57,13.62,13.56,13.58,5540.65
1740562500000,13.59,13.64,13.58,13.62,8054.23
1740562800000,13.63,13.67,13.58,13.64,60794.17
1740563100000,13.64,13.66,13.56,13.6,20524.43
1740563400000,13.61,13.66,13.59,13.63,4564.86
1740563700000,13.63,13.65,13.62,13.63,4460.65
1740564000000,13.63,13.67,13.61,13.67,3078.5
1740564300000,13.67,13.67,13.63,13.63,1264.9
1740564600000,13.64,13.65,13.61,13.63,1182.7
1740564900000,13.64,13.64,13.55,13.56,1560.01
1740565200000,13.55,13.59,13.54,13.59,10743.74
1740565500000,13.6,13.62,13.57,13.61,5277.53
1740565800000,13.61,13.65,13.58,13.6,2327.34
1740566100000,13.6,13.63,13.58,13.63,1449.37
1740566400000,13.63,13.68,13.61,13.65,5154.29
1740566700000,13.66,13.68,13.62,13.62,2876.76
1740567000000,13.62,13.65,13.6,13.65,728.21
1740567300000,13.65,13.69,13.64,13.68,1322.42
1740567600000,13.67,13.71,13.64,13.69,10163.6
1740567900000,13.7,13.72,13.66,13.67,5557.49
1740568200000,13.66,13.71,13.65,13.7,2137.49
1740568500000,13.7,13.73,13.66,13.73,3756.24
1740568800000,13.73,13.74,13.66,13.66,2314.75
1740569100000,13.66,13.67,13.54,13.56,10375.93
1740569400000,13.55,13.59,13.49,13.5,6311.69
1740569700000,13.5,13.52,13.44,13.45,4416.22
1740570000000,13.45,13.49,13.44,13.46,2966.51
1740570300000,13.47,13.47,13.42,13.45,2192.36
1740570600000,13.45,13.48,13.44,13.47,2346.22
1740570900000,13.48,13.5,13.46,13.47,2217.22
1740571200000,13.47,13.48,13.43,13.45,1887.35
1740571500000,13.46,13.5,13.43,13.47,1486.22
1740571800000,13.47,13.47,13.36,13.38,34512.47
1740572100000,13.37,13.38,13.32,13.32,10684.87
1740572400000,13.32,13.32,13.23,13.28,11835.57
1740572700000,13.28,13.32,13.26,13.3,3284.99
1740573000000,13.3,13.33,13.27,13.27,3781.6
1740573300000,13.27,13.28,13.24,13.27,3347.67
1740573600000,13.27,13.28,13.14,13.17,9134.41
1740573900000,13.17,13.17,13.11,13.12,7844.87
1740574200000,13.11,13.11,13.0,13.03,25206.44
1740574500000,13.02,13.1,13.0,13.08,4539.34
1740574800000,13.08,13.16,13.08,13.13,6430.05
1740575100000,13.13,13.19,13.1,13.19,7260.69
1740575400000,13.19,13.19,13.12,13.13,2072.36
1740575700000,13.14,13.16,13.1,13.16,1894.21
1740576000000,13.16,13.21,13.12,13.18,1823.23
1740576300000,13.18,13.18,13.12,13.16,603.82
1740576600000,13.16,13.17,13.13,13.16,2508.17
1740576900000,13.16,13.18,13.12,13.13,1013.91
1740577200000,13.13,13.13,13.11,13.12,2522.53
1740577500000,13.13,13.14,13.1,13.13,4642.18
1740577800000,13.13,13.14,13.1,13.11,2036.86
1740578100000,13.12,13.12,13.04,13.05,4257.71
1740578400000,13.05,13.09,12.94,12.98,10113.02
1740578700000,12.98,12.98,12.92,12.95,7348.52
1740579000000,12.94,12.98,12.94,12.97,5347.24
1740579300000,12.97,13.02,12.94,12.95,8745.75
1740579600000,12.95,12.95,12.88,12.89,13107.98
1740579900000,12.89,12.96,12.86,12.94,8818.36
1740580200000,12.94,13.05,12.9,13.01,8163.82
1740580500000,13.01,13.19,12.97,13.15,18861.76
1740580800000,13.15,13.23,13.13,13.2,5753.85
1740581100000,13.2,13.38,13.17,13.35,16657.67
1740581400000,13.35,13.4,13.32,13.39,10578.37
1740581700000,13.39,13.39,13.29,13.33,4566.07
1740582000000,13.33,13.45,13.33,13.39,11208.15
1740582300000,13.38,13.46,13.35,13.43,3674.27
1740582600000,13.43,13.55,13.42,13.5,9268.98
1740582900000,13.5,13.5,13.42,13.42,7439.04
1740583200000,13.41,13.42,13.33,13.35,9682.97
1740583500000,13.34,13.37,13.27,13.3,9974.27
1740583800000,13.3,13.4,13.3,13.38,5102.16
1740584100000,13.39,13.4,13.34,13.35,3424.75
1740584400000,13.35,13.36,13.31,13.32,652.27
1740584700000,13.31,13.39,13.3,13.38,2904.64
1740585000000,13.37,13.38,13.32,13.33,2612.94
1740585300000,13.32,13.36,13.31,13.34,1404.31
1740585600000,13.35,13.39,13.31,13.34,2626.6
1740585900000,13.34,13.37,13.28,13.28,2634.31
1740586200000,13.28,13.28,13.18,13.2,10297.7
1740586500000,13.2,13.2,13.06,13.1,9053.95
1740586800000,13.11,13.16,13.1,13.16,3784.98
1740587100000,13.16,13.27,13.16,13.25,2727.35
1740587400000,13.26,13.33,13.22,13.29,1311.08
1740587700000,13.3,13.31,13.25,13.27,4310.35
1740588000000,13.28,13.32,13.25,13.26,2005.16
1740588300000,13.26,13.26,13.14,13.18,5431.91
1740588600000,13.19,13.2,13.14,13.19,1627.92
1740588900000,13.19,13.23,13.16,13.17,4666.66
1740589200000,13.18,13.21,13.15,13.19,1768.75
1740589500000,13.19,13.24,13.19,13.21,2960.61
1740589800000,13.21,13.25,13.21,13.23,564.24
1740590100000,13.23,13.24,13.09,13.1,3881.13
1740590400000,13.1,13.13,13.06,13.13,2361.76
1740590700000,13.13,13.14,13.09,13.11,3062.63
1740591000000,13.1,13.13,12.98,12.98,7360.68
1740591300000,12.98,13.02,12.9,12.9,5403.29
1740591600000,12.91,12.96,12.88,12.95,8167.48
1740591900000,12.96,12.99,12.91,12.93,5919.69
1740592200000,12.93,12.95,12.83,12.87,11559.23
1740592500000,12.87,12.89,12.81,12.89,3979.56
1740592800000,12.89,12.96,12.84,12.91,5264.12
1740593100000,12.91,12.95,12.88,12.9,5190.58
1740593400000,12.89,12.93,12.87,12.91,2969.18
1740593700000,12.9,12.9,12.8,12.81,5369.9
1740594000000,12.81,12.85,12.8,12.84,4540.11
1740594300000,12.84,12.85,12.69,12.69,8836.67
1740594600000,12.69,12.8,12.68,12.72,7815.95
1740594900000,12.72,12.74,12.5,12.53,52981.82
1740595200000,12.52,12.78,12.5,12.74,35310.29
1740595500000,12.74,12.8,12.7,12.7,8480.38
1740595800000,12.7,12.72,12.53,12.59,12413.47
1740596100000,12.58,12.6,12.51,12.57,8502.02
1740596400000,12.57,12.68,12.53,12.63,17434.35
1740596700000,12.64,12.64,12.56,12.58,20961.23
1740597000000,12.59,12.7,12.59,12.69,6579.19
1740597300000,12.69,12.72,12.66,12.68,7730.69
1740597600000,12.67,12.68,12.56,12.56,17325.56
1740597900000,12.56,12.56,12.48,12.5,14669.39
1740598200000,12.5,12.58,12.48,12.56,7843.42
1740598500000,12.56,12.6,12.5,12.59,3817.92
1740598800000,12.58,12.64,12.57,12.64,6280.94
1740599100000,12.64,12.66,12.58,12.6,3558.01
1740599400000,12.59,12.62,12.55,12.62,10043.24
1740599700000,12.63,12.63,12.57,12.59,3157.59
1740600000000,12.59,12.71,12.56,12.68,8986.66
1740600300000,12.69,12.74,12.67,12.71,12316.31
1740600600000,12.72,12.72,12.57,12.6,10416.49
1740600900000,12.59,12.64,12.4,12.43,45401.88
1740601200000,12.43,12.58,12.41,12.54,17821.45
1740601500000,12.54,12.75,12.53,12.72,13195.89
1740601800000,12.72,12.79,12.68,12.75,9780.37
1740602100000,12.75,12.84,12.72,12.84,12337.91
1740602400000,12.84,12.89,12.82,12.87,13570.89
1740602700000,12.86,13.02,12.86,13.0,11244.18
1740603000000,13.0,13.03,12.95,12.98,15644.38
1740603300000,12.99,13.01,12.92,12.97,3159.48
1740603600000,12.97,12.97,12.88,12.94,4358.03
1740603900000,12.93,13.08,12.93,13.01,10506.37
1740604200000,13.01,13.04,12.98,13.0,10103.0
1740604500000,13.0,13.01,12.92,12.94,1539.89
1740604800000,12.93,13.14,12.91,13.07,15403.43
1740605100000,13.08,13.08,12.97,12.98,4533.97
1740605400000,12.97,12.98,12.86,12.88,8731.04
1740605700000,12.87,12.96,12.86,12.92,3800.15
1740606000000,12.94,12.97,12.89,12.89,4228.84
1740606300000,12.9,12.91,12.83,12.89,4923.41
1740606600000,12.88,12.99,12.87,12.97,2144.24
1740606900000,12.97,13.04,12.97,13.04,7106.32
1740607200000,13.05,13.22,13.03,13.2,12437.38
1740607500000,13.2,13.27,13.17,13.27,5129.16
1740607800000,13.28,13.31,13.24,13.24,7924.81
1740608100000,13.23,13.24,13.13,13.15,2147.53
1740608400000,13.15,13.16,13.09,13.13,2828.67
1740608700000,13.13,13.13,13.07,13.07,3106.63
1740609000000,13.06,13.1,13.04,13.06,5702.95
1740609300000,13.06,13.07,13.02,13.07,1797.61
1740609600000,13.07,13.07,13.04,13.05,1003.39
1740609900000,13.05,13.12,13.05,13.12,344.73
1740610200000,13.12,13.16,13.11,13.13,3828.76
1740610500000,13.13,13.14,13.04,13.07,2504.01
1740610800000,13.07,13.16,13.06,13.16,1355.91
1740611100000,13.16,13.17,13.1,13.1,591.98
1740611400000,13.09,13.09,13.03,13.03,2546.65
1740611700000,13.03,13.05,13.03,13.03,1096.69
1740612000000,13.02,13.02,12.96,12.98,2388.63
1740612300000,12.98,13.04,12.98,13.03,5791.22
1740612600000,13.03,13.03,12.99,13.0,1952.79
1740612900000,13.0,13.02,12.99,12.99,2961.45
1740613200000,12.99,13.01,12.97,12.98,2464.58
1740613500000,12.98,13.0,12.95,12.95,1946.98
1740613800000,12.95,12.99,12.95,12.95,798.52
1740614100000,12.95,13.0,12.95,12.98,4294.95
1740614400000,12.98,13.05,12.97,12.99,7079.32
1740614700000,12.99,13.05,12.98,12.99,4501.74
1740615000000,12.98,13.02,12.95,12.95,2667.51
1740615300000,12.95,13.01,12.94,13.01,4522.85
1740615600000,13.0,13.03,12.94,12.94,2684.95
1740615900000,12.94,12.95,12.91,12.94,2229.7
1740616200000,12.94,12.95,12.86,12.88,1980.82
1740616500000,12.87,12.92,12.85,12.9,3003.58
1740616800000,12.89,13.0,12.89,12.99,1776.88
1740617100000,12.99,13.09,12.99,13.08,2131.12
1740617400000,13.08,13.08,13.01,13.01,3462.83
1740617700000,13.01,13.02,12.97,12.97,272.46
1740618000000,12.97,12.99,12.94,12.96,9167.89
1740618300000,12.96,12.96,12.88,12.93,1900.49
1740618600000,12.93,13.08,12.93,13.06,1986.58
1740618900000,13.06,13.11,13.06,13.06,2254.32
1740619200000,13.05,13.22,13.05,13.19,12208.97
1740619500000,13.18,13.27,13.18,13.24,6294.38
1740619800000,13.24,13.28,13.19,13.21,1339.21
1740620100000,13.21,13.23,13.14,13.15,543.09
1740620400000,13.15,13.23,13.12,13.17,1934.06
1740620700000,13.17,13.22,13.15,13.17,1471.6
1740621000000,13.18,13.25,13.17,13.24,669.28
1740621300000,13.25,13.25,13.2,13.2,993.48
1740621600000,13.2,13.27,13.18,13.24,1430.84
1740621900000,13.24,13.24,13.19,13.19,465.5
1740622200000,13.19,13.29,13.19,13.28,787.39
1740622500000,13.26,13.32,13.26,13.31,3268.37
1740622800000,13.31,13.37,13.31,13.33,2360.78
1740623100000,13.33,13.36,13.3,13.31,5369.83
1740623400000,13.3,13.33,13.28,13.28,1169.75
1740623700000,13.29,13.29,13.24,13.25,1374.95
1740624000000,13.26,13.27,13.22,13.22,1219.71
1740624300000,13.22,13.24,13.18,13.18,1632.32
1740624600000,13.17,13.18,13.15,13.16,1120.02
1740624900000,13.16,13.18,13.14,13.17,2812.98
1740625200000,13.18,13.2,13.15,13.2,1398.82
1740625500000,13.2,13.22,13.17,13.17,771.46
1740625800000,13.18,13.22,13.18,13.19,828.97
1740626100000,13.19,13.25,13.19,13.22,1064.94
1740626400000,13.23,13.25,13.22,13.24,757.93
1740626700000,13.24,13.24,13.16,13.17,1078.97
1740627000000,13.17,13.22,13.16,13.21,750.76
1740627300000,13.22,13.28,13.21,13.24,860.75
1740627600000,13.24,13.29,13.22,13.22,854.3
1740627900000,13.21,13.26,13.21,13.26,1217.85
1740628200000,13.26,13.29,13.23,13.29,1198.02
1740628500000,13.28,13.34,13.28,13.32,6709.18
1740628800000,13.31,13.37,13.29,13.37,4261.17
1740629100000,13.38,13.39,13.32,13.33,1398.93
1740629400000,13.33,13.33,13.28,13.28,820.42
1740629700000,13.28,13.32,13.27,13.27,3666.99
1740630000000,13.28,13.29,13.24,13.28,1573.77
1740630300000,13.28,13.33,13.27,13.29,958.85
1740630600000,13.29,13.32,13.29,13.32,448.7
1740630900000,13.29,13.29,13.24,13.27,1481.27
1740631200000,13.28,13.32,13.25,13.32,400.87
1740631500000,13.32,13.38,13.29,13.38,3819.84
1740631800000,13.38,13.45,13.37,13.39,3172.67
1740632100000,13.4,13.41,13.34,13.35,4093.28
1740632400000,13.35,13.38,13.33,13.37,1667.46
1740632700000,13.37,13.45,13.37,13.42,489.9
1740633000000,13.42,13.46,13.41,13.43,1843.9
1740633300000,13.43,13.46,13.42,13.43,1000.32
1740633600000,13.42,13.42,13.36,13.37,648.54
1740633900000,13.37,13.37,13.32,13.32,595.95
1740634200000,13.33,13.34,13.31,13.33,958.08
1740634500000,13.33,13.4,13.32,13.4,684.44
1740634800000,13.41,13.41,13.38,13.4,531.02
1740635100000,13.4,13.43,13.37,13.38,1173.08
1740635400000,13.37,13.43,13.37,13.41,792.77
1740635700000,13.4,13.43,13.39,13.42,97.38
1740636000000,13.41,13.45,13.36,13.39,14832.49
1740636300000,13.39,13.4,13.37,13.39,532.71
1740636600000,13.4,13.47,13.4,13.43,1120.76
1740636900000,13.42,13.44,13.4,13.41,167.02
1740637200000,13.41,13.48,13.41,13.45,709.13
1740637500000,13.45,13.46,13.44,13.44,1277.01
1740637800000,13.45,13.51,13.45,13.48,2178.4
1740638100000,13.49,13.56,13.48,13.56,5267.63
1740638400000,13.56,13.61,13.51,13.52,6980.61
1740638700000,13.52,13.56,13.49,13.53,1264.77
1740639000000,13.52,13.54,13.52,13.53,724.73
1740639300000,13.53,13.55,13.51,13.53,1118.69
1740639600000,13.53,13.55,13.51,13.52,1823.79
1740639900000,13.53,13.54,13.49,13.49,4737.18
1740640200000,13.5,13.5,13.43,13.43,5963.89
1740640500000,13.43,13.48,13.43,13.48,1496.89
1740640800000,13.49,13.55,13.49,13.52,2632.64
1740641100000,13.53,13.54,13.5,13.54,1715.15
1740641400000,13.54,13.56,13.48,13.5,1579.74
1740641700000,13.49,13.59,13.49,13.55,2350.03
1740642000000,13.55,13.56,13.52,13.52,3069.64
1740642300000,13.51,13.52,13.5,13.5,658.09
1740642600000,13.5,13.52,13.49,13.51,1163.68
1740642900000,13.51,13.51,13.48,13.48,2162.12
1740643200000,13.47,13.5,13.46,13.47,830.49
1740643500000,13.48,13.51,13.47,13.47,1311.3
1740643800000,13.47,13.52,13.47,13.52,5434.34
1740644100000,13.52,13.54,13.48,13.48,3160.85
1740644400000,13.48,13.51,13.46,13.47,516.77
1740644700000,13.46,13.47,13.43,13.44,1646.71
1740645000000,13.44,13.47,13.43,13.47,1371.51
1740645300000,13.47,13.53,13.47,13.53,877.63
1740645600000,13.52,13.56,13.51,13.54,3286.84
1740645900000,13.55,13.56,13.49,13.49,6142.7
1740646200000,13.49,13.49,13.45,13.45,3328.72
1740646500000,13.45,13.49,13.45,13.48,951.43
1740646800000,13.48,13.53,13.48,13.53,1681.96
1740647100000,13.52,13.57,13.52,13.57,12057.3
1740647400000,13.57,13.58,13.53,13.55,3209.41
1740647700000,13.54,13.54,13.48,13.51,1274.74
1740648000000,13.5,13.5,13.44,13.48,2088.11
1740648300000,13.47,13.54,13.46,13.54,375.06
1740648600000,13.54,13.59,13.53,13.56,3268.22
1740648900000,13.55,13.58,13.55,13.55,1109.36
1740649200000,13.56,13.58,13.55,13.56,1710.38
1740649500000,13.56,13.57,13.53,13.56,6273.78
1740649800000,13.55,13.55,13.49,13.49,1005.56
1740650100000,13.5,13.52,13.48,13.52,998.62
1740650400000,13.53,13.6,13.52,13.6,2163.84
1740650700000,13.6,13.75,13.6,13.75,9920.08
1740651000000,13.75,13.76,13.72,13.74,2750.51
1740651300000,13.74,13.79,13.74,13.77,8821.58
1740651600000,13.78,13.79,13.75,13.76,6693.51
1740651900000,13.77,13.78,13.76,13.77,3474.87
1740652200000,13.76,13.77,13.73,13.77,2540.11
1740652500000,13.76,13.8,13.76,13.77,1550.62
1740652800000,13.77,13.8,13.71,13.74,48143.88
1740653100000,13.74,13.83,13.72,13.72,33651.73
1740653400000,13.72,13.78,13.72,13.77,5788.45
1740653700000,13.77,13.82,13.75,13.77,2539.09
1740654000000,13.77,13.8,13.74,13.77,1662.94
1740654300000,13.77,13.78,13.73,13.73,1938.7
1740654600000,13.73,13.73,13.7,13.73,824.57
1740654900000,13.73,13.76,13.71,13.75,1057.1
1749340800000,13.08,13.14,13.05,13.11,6726.79
1749341100000,13.1,13.11,13.03,13.03,921.15
1749341400000,13.03,13.05,13.02,13.03,807.59
1749341700000,13.04,13.06,13.03,13.05,1007.25
1749342000000,13.05,13.08,13.05,13.05,365.13
1749342300000,13.05,13.05,13.02,13.02,1650.51
1749342600000,13.03,13.06,13.02,13.06,1658.89
1749342900000,13.07,13.08,13.01,13.03,2890.57
1749343200000,13.04,13.04,12.92,12.93,16424.0
1749343500000,12.93,12.94,12.93,12.94,1806.12
1749343800000,12.94,12.95,12.92,12.95,1684.02
1749344100000,12.96,12.97,12.94,12.97,2018.35
1749344400000,12.97,12.97,12.94,12.95,3173.79
1749344700000,12.94,12.98,12.92,12.98,3104.45
1749345000000,12.97,13.0,12.97,13.0,797.71
1749345300000,12.99,12.99,12.94,12.94,2126.52
1749345600000,12.95,12.96,12.94,12.96,609.34
1749345900000,12.95,12.95,12.93,12.93,1511.93
1749346200000,12.93,12.96,12.92,12.95,6896.41
1749346500000,12.95,12.99,12.95,12.99,740.4
1749346800000,12.99,13.02,12.99,13.02,2018.56
1749347100000,13.02,13.06,13.0,13.0,3447.96
1749347400000,13.0,13.06,13.0,13.03,559.63
1749347700000,13.03,13.03,12.99,13.01,2066.23
1749348000000,13.01,13.01,12.95,12.96,1094.09
1749348300000,12.96,12.97,12.95,12.95,5710.78
1749348600000,12.95,12.97,12.94,12.97,1401.72
1749348900000,12.98,13.02,12.98,13.0,7150.71
1749349200000,12.99,13.03,12.99,13.02,5064.48
1749349500000,13.01,13.01,12.97,12.98,832.93
1749349800000,12.98,13.02,12.98,13.02,4428.4
1749350100000,13.02,13.02,12.98,12.99,1111.9
1749350400000,12.99,13.01,12.99,13.0,627.06
1749350700000,12.99,13.0,12.97,12.97,1714.78
1749351000000,12.97,12.97,12.92,12.93,1265.98
1749351300000,12.93,12.95,12.9,12.92,9128.2
1749351600000,12.92,12.94,12.88,12.89,1945.16
1749351900000,12.89,12.9,12.87,12.89,1629.23
1749352200000,12.89,12.89,12.87,12.88,664.71
1749352500000,12.88,12.91,12.87,12.91,882.03
1749352800000,12.9,12.9,12.87,12.87,514.46
1749353100000,12.87,12.89,12.87,12.88,1386.78
1749353400000,12.88,12.91,12.86,12.9,257.71
1749353700000,12.9,12.91,12.89,12.89,340.42
1749354000000,12.9,12.9,12.88,12.9,874.5
1749354300000,12.9,12.9,12.87,12.87,1014.11
1749354600000,12.87,12.88,12.87,12.88,258.11
1749354900000,12.88,12.88,12.86,12.87,1076.71
1749355200000,12.87,12.87,12.84,12.84,650.67
1749355500000,12.84,12.89,12.84,12.86,1048.2
1749355800000,12.87,12.9,12.86,12.89,1416.04
1749356100000,12.89,12.9,12.87,12.89,838.65
1749356400000,12.89,12.91,12.88,12.88,186.71
1749356700000,12.89,12.89,12.86,12.87,351.77
1749357000000,12.87,12.92,12.87,12.92,939.15
1749357300000,12.91,12.92,12.9,12.91,1188.85
1749357600000,12.9,12.94,12.9,12.93,1666.29
1749357900000,12.93,12.95,12.91,12.91,831.71
1749358200000,12.92,12.92,12.9,12.91,666.63
1749358500000,12.91,12.95,12.9,12.94,3842.55
1749358800000,12.94,12.95,12.89,12.9,1598.91
1749359100000,12.9,12.9,12.85,12.86,2515.28
1749359400000,12.86,12.9,12.86,12.87,5062.48
1749359700000,12.86,12.87,12.86,12.86,346.11
1749360000000,12.86,12.88,12.86,12.87,961.67
1749360300000,12.87,12.89,12.87,12.89,39.34
1749360600000,12.89,12.91,12.85,12.85,1753.83
1749360900000,12.85,12.91,12.85,12.86,9893.68
1749361200000,12.86,12.86,12.84,12.85,833.5
1749361500000,12.85,12.85,12.82,12.84,2443.17
1749361800000,12.83,12.84,12.81,12.82,758.77
1749362100000,12.82,12.83,12.81,12.83,526.99
1749362400000,12.82,12.83,12.8,12.8,1351.17
1749362700000,12.8,12.81,12.79,12.8,3861.45
1749363000000,12.81,12.85,12.79,12.85,1370.86
1749363300000,12.85,12.92,12.85,12.91,953.3
1749363600000,12.91,12.92,12.88,12.9,818.47
1749363900000,12.89,12.9,12.86,12.87,596.22
1749364200000,12.87,12.89,12.84,12.84,1236.66
1749364500000,12.85,12.86,12.84,12.84,469.96
1749364800000,12.84,12.86,12.84,12.85,229.46
1749365100000,12.85,12.86,12.82,12.84,543.25
1749365400000,12.84,12.84,12.82,12.83,1598.76
1749365700000,12.82,12.82,12.81,12.82,1394.16
1749366000000,12.81,12.84,12.81,12.83,718.96
1749366300000,12.83,12.85,12.82,12.82,377.76
1749366600000,12.81,12.84,12.81,12.84,168.42
1749366900000,12.84,12.85,12.82,12.84,551.35
1749367200000,12.83,12.86,12.83,12.83,260.22
1749367500000,12.82,12.83,12.79,12.81,1185.4
1749367800000,12.82,12.83,12.81,12.81,490.28
1749368100000,12.81,12.81,12.79,12.8,623.53
1749368400000,12.8,12.8,12.77,12.78,3822.44
1749368700000,12.78,12.8,12.78,12.8,595.72
1749369000000,12.81,12.85,12.81,12.84,341.03
1749369300000,12.83,12.83,12.8,12.81,882.7
1749369600000,12.81,12.88,12.81,12.87,3580.8
1749369900000,12.87,12.9,12.87,12.87,2790.1
1749370200000,12.87,12.92,12.85,12.91,4205.46
1749370500000,12.9,12.94,12.88,12.93,3248.89
1749370800000,12.93,12.97,12.91,12.97,3892.32
1749371100000,12.97,12.97,12.92,12.95,3002.27
1749371400000,12.95,13.06,12.94,13.05,8970.54
1749371700000,13.04,13.06,13.0,13.03,7081.25
1749372000000,13.03,13.04,12.98,13.0,2025.45
1749372300000,13.0,13.03,12.99,13.02,1883.2
1749372600000,13.02,13.04,13.01,13.02,1282.71
1749372900000,13.02,13.02,13.0,13.0,1488.56
1749373200000,13.0,13.02,12.99,13.0,1517.81
1749373500000,13.0,13.0,12.95,12.95,2762.17
1749373800000,12.94,12.97,12.92,12.96,1911.71
1749374100000,12.97,12.97,12.91,12.97,1080.42
1749374400000,12.97,12.98,12.93,12.98,1413.36
1749374700000,12.98,13.0,12.89,12.94,11957.49
1749375000000,12.94,12.98,12.91,12.97,3298.95
1749375300000,12.97,12.98,12.94,12.96,1367.36
1749375600000,12.97,12.97,12.94,12.94,635.65
1749375900000,12.93,12.96,12.92,12.95,1683.0
1749376200000,12.95,12.98,12.95,12.97,899.87
1749376500000,12.97,13.0,12.96,12.99,1125.0
1749376800000,12.99,13.0,12.97,12.97,1121.56
1749377100000,12.97,12.97,12.93,12.93,978.11
1749377400000,12.94,13.0,12.94,12.97,953.14
1749377700000,12.97,13.03,12.97,13.03,1075.06
1749378000000,13.03,13.03,12.98,12.99,861.87
1749378300000,12.99,13.01,12.98,12.99,443.08
1749378600000,12.99,13.04,12.99,13.02,916.3
1749378900000,13.03,13.1,13.03,13.09,2071.98
1749379200000,13.1,13.13,13.09,13.13,7345.6
1749379500000,13.13,13.13,13.09,13.13,3118.64
1749379800000,13.13,13.15,13.11,13.11,3408.09
1749380100000,13.11,13.12,13.09,13.1,1552.89
1749380400000,13.09,13.15,13.08,13.13,3991.02
1749380700000,13.14,13.15,13.09,13.1,1354.53
1749381000000,13.11,13.15,13.1,13.14,3045.96
1749381300000,13.14,13.26,13.14,13.24,22545.77
1749381600000,13.24,13.3,13.22,13.26,14927.0
1749381900000,13.26,13.4,13.26,13.4,29658.76
1749382200000,13.39,13.44,13.34,13.43,20473.99
1749382500000,13.44,13.48,13.43,13.47,18916.0
1749382800000,13.47,13.47,13.43,13.46,8179.46
1749383100000,13.46,13.48,13.35,13.38,25927.84
1749383400000,13.38,13.45,13.38,13.43,7047.74
1749383700000,13.42,13.46,13.41,13.45,5229.37
1749384000000,13.46,13.51,13.45,13.48,12569.4
1749384300000,13.48,13.49,13.42,13.44,5938.82
1749384600000,13.45,13.56,13.44,13.54,15019.67
1749384900000,13.55,13.56,13.49,13.49,5638.77
1749385200000,13.49,13.49,13.38,13.43,6525.67
1749385500000,13.42,13.47,13.4,13.43,2012.64
1749385800000,13.42,13.42,13.34,13.37,6687.82
1749386100000,13.38,13.39,13.33,13.36,1909.0
1749386400000,13.37,13.39,13.34,13.35,1156.19
1749386700000,13.35,13.4,13.35,13.39,3261.74
1749387000000,13.4,13.44,13.37,13.41,1576.04
1749387300000,13.41,13.41,13.37,13.4,1045.1
1749387600000,13.4,13.43,13.37,13.43,1564.95
1749387900000,13.43,13.44,13.39,13.42,2860.54
1749388200000,13.42,13.44,13.41,13.42,1294.71
1749388500000,13.42,13.43,13.36,13.39,4606.74
1749388800000,13.39,13.39,13.34,13.35,2072.96
1749389100000,13.36,13.42,13.35,13.42,2319.7
1749389400000,13.42,13.48,13.39,13.45,2856.22
1749389700000,13.45,13.48,13.42,13.44,2541.24
1749390000000,13.44,13.47,13.44,13.46,1314.76
1749390300000,13.47,13.56,13.43,13.52,19559.12
1749390600000,13.52,13.52,13.44,13.46,4804.91
1749390900000,13.46,13.46,13.36,13.37,7040.32
1749391200000,13.36,13.42,13.33,13.35,3393.58
1749391500000,13.35,13.42,13.34,13.41,2014.71
1749391800000,13.42,13.42,13.38,13.41,1388.64
1749392100000,13.41,13.5,13.41,13.47,2009.55
1749392400000,13.48,13.51,13.45,13.45,4443.23
1749392700000,13.45,13.48,13.42,13.43,768.16
1749393000000,13.42,13.44,13.39,13.43,2565.66
1749393300000,13.43,13.45,13.41,13.41,1144.76
1749393600000,13.41,13.43,13.39,13.42,2199.85
1749393900000,13.42,13.44,13.38,13.41,2957.17
1749394200000,13.41,13.43,13.38,13.4,760.15
1749394500000,13.4,13.44,13.4,13.42,1287.13
1749394800000,13.43,13.45,13.41,13.45,1312.05
1749395100000,13.44,13.47,13.44,13.44,1163.2
1749395400000,13.43,13.45,13.41,13.42,1149.6
1749395700000,13.42,13.43,13.37,13.38,2425.38
1749396000000,13.37,13.42,13.37,13.42,3985.5
1749396300000,13.42,13.45,13.41,13.41,5512.04
1749396600000,13.41,13.41,13.37,13.4,3029.28
1749396900000,13.39,13.41,13.36,13.41,1697.6
1749397200000,13.42,13.44,13.41,13.42,1884.86
1749397500000,13.41,13.43,13.39,13.39,1320.59
1749397800000,13.39,13.41,13.37,13.39,1720.84
1749398100000,13.39,13.39,13.38,13.38,872.11
1749398400000,13.39,13.42,13.38,13.4,1950.95
1749398700000,13.4,13.43,13.39,13.42,2494.94
1749399000000,13.43,13.49,13.43,13.47,3668.01
1749399300000,13.47,13.5,13.43,13.46,1836.28
1749399600000,13.47,13.49,13.45,13.45,1422.58
1749399900000,13.45,13.48,13.42,13.44,1384.86
1749400200000,13.44,13.5,13.43,13.49,1491.41
1749400500000,13.49,13.52,13.48,13.49,1851.15
1749400800000,13.5,13.53,13.5,13.5,1159.44
1749401100000,13.51,13.54,13.48,13.52,807.15
1749401400000,13.51,13.54,13.47,13.47,2100.84
1749401700000,13.46,13.49,13.44,13.49,548.96
1749402000000,13.49,13.64,13.48,13.63,20743.56
1749402300000,13.63,13.69,13.61,13.61,8611.97
1749402600000,13.6,13.6,13.54,13.56,1717.61
1749402900000,13.56,13.56,13.5,13.54,4793.02
1749403200000,13.55,13.57,13.53,13.54,3180.57
1749403500000,13.55,13.55,13.53,13.54,1453.91
1749403800000,13.55,13.55,13.49,13.5,2385.19
1749404100000,13.5,13.53,13.46,13.52,1229.48
1749404400000,13.52,13.52,13.47,13.47,2293.35
1749404700000,13.48,13.52,13.47,13.47,1602.44
1749405000000,13.48,13.5,13.44,13.45,1113.84
1749405300000,13.44,13.44,13.39,13.39,2881.15
1749405600000,13.4,13.4,13.35,13.38,3525.82
1749405900000,13.38,13.45,13.38,13.43,4482.72
1749406200000,13.44,13.5,13.43,13.49,3413.52
1749406500000,13.49,13.5,13.42,13.43,2838.29
1749406800000,13.43,13.44,13.42,13.42,804.63
1749407100000,13.42,13.44,13.42,13.44,806.52
1749407400000,13.44,13.44,13.43,13.43,290.73
1749407700000,13.42,13.46,13.42,13.43,961.58
1749408000000,13.43,13.43,13.41,13.41,2230.79
1749408300000,13.42,13.44,13.41,13.43,1209.52
1749408600000,13.43,13.44,13.42,13.43,475.69
1749408900000,13.44,13.44,13.41,13.42,927.21
1749409200000,13.42,13.47,13.41,13.47,1001.46
1749409500000,13.46,13.5,13.46,13.5,509.74
1749409800000,13.5,13.51,13.46,13.46,9618.36
1749410100000,13.46,13.47,13.44,13.46,1902.32
1749410400000,13.46,13.46,13.42,13.42,773.28
1749410700000,13.42,13.45,13.42,13.43,591.7
1749411000000,13.43,13.46,13.43,13.44,1493.85
1749411300000,13.44,13.46,13.41,13.42,909.56
1749411600000,13.41,13.43,13.4,13.43,1432.58
1749411900000,13.43,13.45,13.43,13.44,320.11
1749412200000,13.45,13.47,13.44,13.45,436.17
1749412500000,13.45,13.47,13.44,13.47,2106.76
1749412800000,13.47,13.47,13.43,13.43,1770.26
1749413100000,13.43,13.44,13.42,13.44,2080.97
1749413400000,13.43,13.47,13.42,13.44,1227.42
1749413700000,13.44,13.44,13.43,13.43,502.51
1749414000000,13.42,13.43,13.41,13.41,6462.77
1749414300000,13.42,13.43,13.41,13.42,477.99
1749414600000,13.42,13.42,13.4,13.4,728.25
1749414900000,13.4,13.41,13.39,13.41,1281.34
1749415200000,13.4,13.41,13.39,13.41,1196.06
1749415500000,13.41,13.41,13.37,13.37,2630.3
1749415800000,13.38,13.4,13.36,13.39,684.96
1749416100000,13.4,13.4,13.38,13.4,136.5
1749416400000,13.4,13.42,13.4,13.41,371.46
1749416700000,13.42,13.44,13.4,13.42,639.04
1749417000000,13.41,13.42,13.39,13.39,1322.38
1749417300000,13.39,13.42,13.38,13.42,113.94
1749417600000,13.43,13.43,13.4,13.4,113.2
1749417900000,13.41,13.41,13.39,13.4,401.24
1749418200000,13.4,13.4,13.39,13.4,275.96
1749418500000,13.4,13.4,13.35,13.37,1940.34
1749418800000,13.37,13.41,13.37,13.4,985.25
1749419100000,13.41,13.44,13.41,13.44,1613.02
1749419400000,13.43,13.51,13.42,13.5,4587.11
1749419700000,13.5,13.51,13.45,13.45,2265.47
1749420000000,13.45,13.45,13.39,13.4,1416.55
1749420300000,13.4,13.42,13.37,13.37,2338.52
1749420600000,13.38,13.4,13.36,13.37,3016.58
1749420900000,13.37,13.41,13.37,13.39,849.36
1749421200000,13.4,13.42,13.4,13.42,594.67
1749421500000,13.41,13.41,13.36,13.38,1063.11
1749421800000,13.38,13.39,13.33,13.35,3195.68
1749422100000,13.35,13.35,13.31,13.33,7348.09
1749422400000,13.32,13.33,13.31,13.32,2733.77
1749422700000,13.32,13.32,13.26,13.28,9794.22
1749423000000,13.28,13.3,13.27,13.3,3479.37
1749423300000,13.31,13.32,13.29,13.29,1917.98
1749423600000,13.29,13.31,13.27,13.27,1589.01
1749423900000,13.28,13.31,13.27,13.28,2459.45
1749424200000,13.27,13.29,13.25,13.29,1618.77
1749424500000,13.29,13.31,13.26,13.3,2288.31
1749424800000,13.3,13.31,13.26,13.27,1079.1
1749425100000,13.28,13.28,13.24,13.27,3699.93
1749425400000,13.28,13.31,13.28,13.28,1581.39
1749425700000,13.28,13.29,13.26,13.29,827.37
1749426000000,13.29,13.29,13.26,13.26,971.49
1749426300000,13.27,13.28,13.26,13.27,176.34
1749426600000,13.27,13.27,13.26,13.27,319.95
1749426900000,13.26,13.28,13.24,13.27,529.03
1749427200000,13.27,13.37,13.26,13.34,5464.6
1749427500000,13.34,13.35,13.29,13.3,2356.06
1749427800000,13.31,13.33,13.29,13.31,1309.58
1749428100000,13.32,13.34,13.3,13.31,1567.32
1749428400000,13.31,13.32,13.26,13.29,650.65
1749428700000,13.28,13.34,13.27,13.31,1626.95
1749429000000,13.31,13.36,13.3,13.34,1470.36
1749429300000,13.34,13.36,13.28,13.28,1924.27
1749429600000,13.29,13.31,13.28,13.31,992.53
1749429900000,13.31,13.31,13.27,13.29,1789.11
1749430200000,13.29,13.3,13.26,13.29,532.62
1749430500000,13.28,13.3,13.28,13.28,642.07
1749430800000,13.29,13.29,13.22,13.22,2633.62
1749431100000,13.22,13.26,13.22,13.26,1968.67
1749431400000,13.25,13.28,13.24,13.26,633.93
1749431700000,13.25,13.3,13.23,13.29,1760.09
1749432000000,13.3,13.31,13.24,13.24,1129.25
1749432300000,13.24,13.27,13.24,13.27,666.43
1749432600000,13.28,13.31,13.27,13.27,820.5
1749432900000,13.26,13.26,13.23,13.24,1188.21
1749433200000,13.25,13.31,13.25,13.29,1279.17
1749433500000,13.3,13.32,13.27,13.27,948.84
1749433800000,13.26,13.26,13.23,13.24,940.09
1749434100000,13.23,13.23,13.19,13.21,7338.76
1749434400000,13.21,13.22,13.18,13.21,1612.28
1749434700000,13.22,13.22,13.16,13.19,2918.98
1749435000000,13.2,13.27,13.2,13.26,1741.2
1749435300000,13.26,13.3,13.25,13.28,1237.88
1749435600000,13.28,13.28,13.25,13.26,495.46
1749435900000,13.25,13.28,13.24,13.28,1632.2
1749436200000,13.27,13.27,13.21,13.21,2256.58
1749436500000,13.21,13.23,13.21,13.21,857.28
1749436800000,13.22,13.22,13.19,13.2,1592.51
1749437100000,13.2,13.22,13.19,13.21,783.91
1749437400000,13.2,13.22,13.2,13.22,1006.17
1749437700000,13.22,13.24,13.19,13.19,567.54
1749438000000,13.2,13.22,13.17,13.18,528.59
1749438300000,13.18,13.18,13.15,13.18,6970.87
1749438600000,13.18,13.21,13.18,13.19,2928.84
1749438900000,13.19,13.21,13.18,13.18,1648.01
1749439200000,13.19,13.19,13.15,13.16,1230.1
1749439500000,13.16,13.19,13.15,13.18,4867.53
1749439800000,13.18,13.18,13.15,13.18,1832.12
1749440100000,13.18,13.19,13.15,13.15,1119.45
1749440400000,13.15,13.15,13.12,13.12,1259.04
1749440700000,13.13,13.14,13.12,13.12,2041.0
1749441000000,13.13,13.16,13.12,13.14,1730.45
1749441300000,13.15,13.16,13.12,13.14,499.8
1749441600000,13.14,13.17,13.11,13.15,729.27
1749441900000,13.15,13.18,13.13,13.17,4615.31
1749442200000,13.17,13.17,13.14,13.15,883.39
1749442500000,13.15,13.18,13.14,13.15,5676.9
1749442800000,13.15,13.17,13.11,13.12,2471.66
1749443100000,13.12,13.13,13.11,13.13,896.05
1749443400000,13.12,13.14,13.11,13.12,7105.2
1749443700000,13.13,13.16,13.13,13.16,1430.95
1749444000000,13.16,13.17,13.11,13.12,1887.54
1749444300000,13.11,13.13,13.09,13.09,658.23
1749444600000,13.1,13.1,13.07,13.07,3465.62
1749444900000,13.07,13.11,13.07,13.11,1900.35
1749445200000,13.11,13.11,13.06,13.06,726.6
1749445500000,13.06,13.09,13.05,13.05,3045.56
1749445800000,13.05,13.06,13.02,13.05,5252.55
1749446100000,13.06,13.11,13.06,13.1,4978.43
1749446400000,13.11,13.15,13.08,13.09,1380.57
1749446700000,13.09,13.09,13.05,13.07,6484.5
1749447000000,13.06,13.06,13.03,13.04,1782.95
1749447300000,13.04,13.05,13.02,13.03,2119.31
1749447600000,13.03,13.04,13.01,13.02,1227.16
1749447900000,13.02,13.04,13.01,13.04,411.77
1749448200000,13.04,13.04,13.01,13.02,1334.8
1749448500000,13.03,13.04,12.99,12.99,4697.19
1749448800000,12.99,13.0,12.97,12.98,1086.4
1749449100000,12.99,13.02,12.96,12.96,4959.27
1749449400000,12.96,12.97,12.95,12.95,3481.27
1749449700000,12.95,13.0,12.95,12.98,3234.54
1749450000000,12.98,12.98,12.92,12.96,5006.93
1749450300000,12.96,12.99,12.92,12.98,3589.85
1749450600000,12.98,13.04,12.98,13.02,5115.49
1749450900000,13.02,13.05,13.02,13.05,7554.61
1749451200000,13.05,13.08,13.04,13.07,6347.71
1749451500000,13.07,13.09,13.04,13.06,2466.37
1749451800000,13.06,13.09,13.04,13.08,1491.19
1749452100000,13.09,13.09,13.06,13.07,738.62
1749452400000,13.06,13.07,12.99,12.99,2989.52
1749452700000,12.99,12.99,12.95,12.96,947.65
1749453000000,12.96,12.98,12.95,12.97,829.72
1749453300000,12.97,12.98,12.93,12.93,3292.56
1749453600000,12.94,12.95,12.91,12.92,1521.24
1749453900000,12.92,12.93,12.89,12.91,4035.38
1749454200000,12.91,12.97,12.91,12.94,1704.27
1749454500000,12.94,12.98,12.93,12.98,1861.63
1749454800000,12.98,12.98,12.95,12.95,1632.47
1749455100000,12.95,12.96,12.93,12.93,1490.53
1749455400000,12.94,12.97,12.93,12.93,1046.25
1749455700000,12.93,12.96,12.93,12.96,607.37
1749456000000,12.96,13.01,12.96,12.97,2721.71
1749456300000,12.97,12.97,12.92,12.94,4258.42
1749456600000,12.94,13.03,12.94,13.02,14183.58
1749456900000,13.03,13.06,13.03,13.03,8191.15
1749457200000,13.04,13.04,12.97,12.99,4790.89
1749457500000,12.99,13.03,12.97,13.01,1105.49
1749457800000,13.01,13.02,12.99,13.02,2347.77
1749458100000,13.03,13.08,13.03,13.06,5057.99
1749458400000,13.06,13.08,13.05,13.06,2368.22
1749458700000,13.06,13.1,13.05,13.09,1969.73
1749459000000,13.1,13.14,13.09,13.14,4563.86
1749459300000,13.15,13.15,13.12,13.13,1085.71
1749459600000,13.13,13.13,13.09,13.1,2215.14
1749459900000,13.09,13.19,13.09,13.19,2547.35
1749460200000,13.19,13.25,13.19,13.24,3157.88
1749460500000,13.25,13.25,13.2,13.2,3634.57
1749460800000,13.19,13.19,13.14,13.14,1067.69
1749461100000,13.15,13.26,13.15,13.25,5020.89
1749461400000,13.25,13.28,13.21,13.28,4469.17
1749461700000,13.27,13.35,13.26,13.34,3251.2
1749462000000,13.34,13.41,13.34,13.39,3553.66
1749462300000,13.39,13.43,13.36,13.37,6110.84
1749462600000,13.36,13.41,13.33,13.34,5422.28
1749462900000,13.33,13.37,13.31,13.31,23507.07
1749463200000,13.32,13.33,13.28,13.29,4232.26
1749463500000,13.29,13.34,13.28,13.34,3138.45
1749463800000,13.34,13.48,13.32,13.46,13217.54
1749464100000,13.45,13.47,13.42,13.44,6978.51
1749464400000,13.44,13.45,13.41,13.44,1236.61
1749464700000,13.44,13.45,13.42,13.45,3075.97
1749465000000,13.45,13.5,13.45,13.49,2335.85
1749465300000,13.49,13.54,13.45,13.47,21808.15
1749465600000,13.47,13.52,13.46,13.52,1778.87
1749465900000,13.53,13.55,13.5,13.51,3605.88
1749466200000,13.5,13.5,13.46,13.48,710.09
1749466500000,13.48,13.49,13.44,13.45,2313.89
1749466800000,13.46,13.47,13.41,13.43,7157.11
1749467100000,13.44,13.47,13.43,13.47,1617.6
1749467400000,13.47,13.52,13.45,13.52,2149.17
1749467700000,13.51,13.53,13.48,13.49,2041.32
1749468000000,13.5,13.54,13.48,13.52,3160.59
1749468300000,13.52,13.55,13.5,13.53,2703.44
1749468600000,13.53,13.53,13.49,13.5,672.97
1749468900000,13.51,13.6,13.51,13.59,3338.87
1749469200000,13.58,13.61,13.56,13.57,1503.56
1749469500000,13.56,13.56,13.46,13.46,3283.06
1749469800000,13.46,13.46,13.42,13.44,3024.01
1749470100000,13.43,13.45,13.42,13.45,2261.04
1749470400000,13.45,13.46,13.41,13.43,951.36
1749470700000,13.43,13.44,13.38,13.41,4212.77
1749471000000,13.4,13.4,13.37,13.39,1368.12
1749471300000,13.39,13.43,13.37,13.43,3230.74
1749471600000,13.43,13.43,13.39,13.42,418.49
1749471900000,13.42,13.43,13.39,13.42,2386.98
1749472200000,13.42,13.5,13.42,13.5,5662.65
1749472500000,13.5,13.56,13.5,13.54,3806.84
1749472800000,13.54,13.57,13.53,13.56,2019.95
1749473100000,13.56,13.59,13.53,13.54,3814.84
1749473400000,13.53,13.53,13.51,13.52,1959.12
1749473700000,13.52,13.52,13.49,13.5,811.21
1749474000000,13.5,13.51,13.47,13.5,3172.7
1749474300000,13.51,13.53,13.46,13.46,3479.64
1749474600000,13.47,13.49,13.45,13.46,1826.24
1749474900000,13.46,13.48,13.44,13.48,726.05
1749475200000,13.49,13.53,13.48,13.48,3321.15
1749475500000,13.48,13.48,13.4,13.4,3613.66
1749475800000,13.4,13.45,13.4,13.42,1497.91
1749476100000,13.42,13.43,13.28,13.33,26231.38
1749476400000,13.33,13.38,13.33,13.37,2308.15
1749476700000,13.37,13.38,13.3,13.32,1980.89
1749477000000,13.32,13.33,13.25,13.26,4475.26
1749477300000,13.26,13.27,13.21,13.26,2323.74
1749477600000,13.26,13.3,13.23,13.23,3909.25
1749477900000,13.24,13.26,13.18,13.21,5051.7
1749478200000,13.21,13.28,13.2,13.27,2082.8
1749478500000,13.27,13.28,13.22,13.25,985.07
1749478800000,13.24,13.29,13.23,13.27,1646.29
1749479100000,13.27,13.27,13.24,13.25,1488.77
1749479400000,13.25,13.32,13.25,13.32,1558.13
1749479700000,13.31,13.36,13.3,13.36,2599.92
1749480000000,13.35,13.36,13.31,13.31,10214.19
1749480300000,13.31,13.32,13.25,13.28,4561.73
1749480600000,13.27,13.27,13.24,13.27,2924.97
1749480900000,13.25,13.31,13.25,13.3,380.14
1749481200000,13.3,13.37,13.29,13.37,1193.11
1749481500000,13.36,13.44,13.36,13.42,16064.11
1749481800000,13.42,13.45,13.39,13.42,3368.36
1749482100000,13.41,13.41,13.35,13.37,13799.38
1749482400000,13.38,13.41,13.36,13.4,1438.27
1749482700000,13.4,13.43,13.39,13.42,545.16
1749483000000,13.43,13.47,13.43,13.46,2683.49
1749483300000,13.46,13.47,13.41,13.43,1377.38
1749483600000,13.44,13.48,13.44,13.44,6450.33
1749483900000,13.45,13.48,13.42,13.48,2307.45
1749484200000,13.47,13.47,13.44,13.46,589.49
1749484500000,13.46,13.47,13.42,13.43,1576.08
1749484800000,13.43,13.5,13.43,13.5,2920.77
1749485100000,13.51,13.51,13.49,13.5,1790.08
1749485400000,13.5,13.52,13.47,13.48,834.62
1749485700000,13.49,13.53,13.45,13.51,3434.17
1749486000000,13.51,13.57,13.51,13.56,8137.68
1749486300000,13.56,13.56,13.51,13.53,1942.89
1749486600000,13.54,13.56,13.53,13.54,4929.81
1749486900000,13.55,13.57,13.51,13.53,2352.58
1749487200000,13.53,13.56,13.5,13.51,2854.45
1749487500000,13.51,13.51,13.45,13.46,2660.49
1749487800000,13.46,13.53,13.46,13.53,26676.01
1749488100000,13.53,13.53,13.47,13.48,2210.16
1749488400000,13.49,13.58,13.48,13.58,1384.79
1749488700000,13.58,13.66,13.57,13.63,3062.27
1749489000000,13.63,13.63,13.57,13.61,6908.98
1749489300000,13.61,13.64,13.54,13.56,2014.04
1749489600000,13.56,13.61,13.55,13.58,5795.18
1749489900000,13.58,13.62,13.57,13.59,8132.03
1749490200000,13.59,13.59,13.52,13.55,2974.67
1749490500000,13.56,13.56,13.53,13.54,1574.87
1749490800000,13.54,13.56,13.52,13.56,401.43
1749491100000,13.55,13.61,13.53,13.61,4839.67
1749491400000,13.61,13.62,13.58,13.59,2911.63
1749491700000,13.59,13.6,13.54,13.56,8017.04
1749492000000,13.57,13.74,13.56,13.68,26869.03
1749492300000,13.68,13.7,13.63,13.7,7861.62
1749492600000,13.71,13.71,13.63,13.66,2681.72
1749492900000,13.65,13.69,13.63,13.68,2513.93
1749493200000,13.68,13.68,13.61,13.65,4551.23
1749493500000,13.65,13.65,13.61,13.63,818.28
1749493800000,13.62,13.68,13.61,13.68,1668.48
1749494100000,13.66,13.69,13.64,13.64,2774.67
1749494400000,13.64,13.64,13.57,13.6,4641.13
1749494700000,13.59,13.59,13.55,13.56,693.64
1749495000000,13.56,13.62,13.56,13.61,1197.72
1749495300000,13.61,13.63,13.61,13.63,976.31
1749495600000,13.63,13.64,13.62,13.62,755.06
1749495900000,13.62,13.66,13.61,13.62,504.07
1749496200000,13.61,13.63,13.59,13.59,330.05
1749496500000,13.59,13.61,13.58,13.61,1936.53
1749496800000,13.62,13.66,13.6,13.62,2667.74
1749497100000,13.62,13.66,13.62,13.64,1017.46
1749497400000,13.64,13.66,13.61,13.62,2294.38
1749497700000,13.63,13.63,13.58,13.59,1120.87
1749498000000,13.58,13.59,13.55,13.55,1195.86
1749498300000,13.56,13.57,13.52,13.57,4402.56
1749498600000,13.57,13.59,13.54,13.54,3139.17
1749498900000,13.54,13.56,13.52,13.55,2826.94
1749499200000,13.55,13.56,13.53,13.54,3047.79
1749499500000,13.55,13.57,13.53,13.57,1840.78
1749499800000,13.56,13.57,13.49,13.5,6034.38
1749500100000,13.51,13.55,13.51,13.55,1904.05
1749500400000,13.55,13.59,13.54,13.58,860.37
1749500700000,13.58,13.62,13.58,13.62,3946.98
1749501000000,13.62,13.68,13.62,13.68,1667.39
1749501300000,13.68,13.7,13.66,13.69,1164.7
1749501600000,13.69,13.7,13.64,13.64,536.41
1749501900000,13.64,13.64,13.58,13.59,1839.25
1749502200000,13.59,13.61,13.57,13.61,3029.72
1749502500000,13.61,13.64,13.59,13.62,2808.5
1749502800000,13.62,13.69,13.61,13.69,2015.38
1749503100000,13.68,13.77,13.68,13.76,5614.97
1749503400000,13.77,13.82,13.76,13.8,6940.22
1749503700000,13.8,13.83,13.79,13.81,10261.27
1749504000000,13.8,13.81,13.77,13.8,2020.54
1749504300000,13.8,13.99,13.79,13.98,15850.5
1749504600000,13.99,13.99,13.88,13.9,15202.55
1749504900000,13.9,13.97,13.9,13.96,5172.99
1749505200000,13.96,13.97,13.9,13.9,2885.09
1749505500000,13.91,13.91,13.85,13.87,2319.73
1749505800000,13.87,13.95,13.87,13.92,985.64
1749506100000,13.93,13.97,13.92,13.93,5262.27
1749506400000,13.94,14.03,13.94,13.95,6030.41
1749506700000,13.96,13.98,13.89,13.91,7926.42
1749507000000,13.9,13.92,13.88,13.92,6518.28
1749507300000,13.92,13.95,13.9,13.92,1611.81
1749507600000,13.93,13.94,13.89,13.9,2673.68
1749507900000,13.9,13.95,13.9,13.92,3661.8
1749508200000,13.92,13.95,13.9,13.95,2617.41
1749508500000,13.94,13.94,13.86,13.87,2855.63
1749508800000,13.87,13.93,13.84,13.92,5667.52
1749509100000,13.91,13.95,13.9,13.93,1211.27
1749509400000,13.92,13.93,13.9,13.92,1288.54
1749509700000,13.93,13.94,13.89,13.92,1351.55
1749510000000,13.92,13.92,13.86,13.86,1769.69
1749510300000,13.85,13.85,13.82,13.82,5938.09
1749510600000,13.82,13.83,13.79,13.8,4899.99
1749510900000,13.8,13.8,13.76,13.76,6956.53
1749511200000,13.77,13.83,13.75,13.82,3420.0
1749511500000,13.82,13.83,13.77,13.79,6852.94
1749511800000,13.78,13.78,13.76,13.76,422.66
1749512100000,13.76,13.77,13.73,13.76,994.33
1749512400000,13.76,13.84,13.76,13.83,1639.03
1749512700000,13.83,13.83,13.77,13.78,1720.03
1749513000000,13.77,13.8,13.76,13.77,398.87
1749513300000,13.77,13.77,13.76,13.76,1284.62
1749513600000,13.76,13.91,13.76,13.79,8027.1
1749513900000,13.79,13.81,13.77,13.79,3852.71
1749514200000,13.79,13.87,13.79,13.84,7299.87
1749514500000,13.84,13.87,13.83,13.83,3732.91
1749514800000,13.83,13.91,13.82,13.91,2842.14
1749515100000,13.91,13.94,13.88,13.91,1834.26
1749515400000,13.9,13.92,13.83,13.83,2538.06
1749515700000,13.83,13.87,13.81,13.86,3488.93
1749516000000,13.85,13.85,13.78,13.79,1304.93
1749516300000,13.79,13.79,13.73,13.74,1297.53
1749516600000,13.75,13.77,13.73,13.75,3328.85
1749516900000,13.75,13.76,13.72,13.73,2238.9
1749517200000,13.73,13.73,13.67,13.7,4207.2
1749517500000,13.71,13.74,13.69,13.72,4968.51
1749517800000,13.72,13.73,13.66,13.71,4183.87
1749518100000,13.71,13.72,13.68,13.69,1190.85
1749518400000,13.7,13.74,13.69,13.73,1794.25
1749518700000,13.74,13.77,13.72,13.72,1569.0
1749519000000,13.71,13.75,13.7,13.74,1624.31
1749519300000,13.75,13.79,13.75,13.77,1521.78
1749519600000,13.77,13.77,13.73,13.75,616.09
1749519900000,13.76,13.77,13.73,13.73,940.29
1749520200000,13.73,13.74,13.71,13.71,1339.62
1749520500000,13.72,13.8,13.72,13.75,1157.5
1749520800000,13.75,13.75,13.69,13.7,1372.07
1749521100000,13.7,13.7,13.63,13.65,4607.31
1749521400000,13.64,13.7,13.63,13.7,1576.16
1749521700000,13.71,13.72,13.68,13.68,1658.6
1749522000000,13.69,13.74,13.69,13.74,1508.45
1749522300000,13.74,13.78,13.74,13.76,1149.41
1749522600000,13.76,13.76,13.71,13.74,2046.63
1749522900000,13.75,13.77,13.73,13.74,593.47
1749523200000,13.74,13.78,13.73,13.78,1226.89
1749523500000,13.78,13.78,13.75,13.78,338.69
1749523800000,13.77,13.77,13.75,13.76,312.59
1749524100000,13.76,13.77,13.7,13.72,666.86
1749524400000,13.72,13.72,13.68,13.69,2295.71
1749524700000,13.69,13.7,13.67,13.69,1619.47
1749525000000,13.7,13.71,13.66,13.67,2407.15
1749525300000,13.68,13.71,13.66,13.71,1069.02
1749525600000,13.71,13.72,13.69,13.72,304.95
1749525900000,13.71,13.71,13.67,13.69,683.01
1749526200000,13.7,13.71,13.66,13.66,1717.92
1749526500000,13.66,13.68,13.64,13.68,1307.81
1749526800000,13.68,13.7,13.68,13.7,1406.49
1749527100000,13.69,13.75,13.68,13.74,2148.36
1749527400000,13.74,13.74,13.72,13.73,1427.97
1749527700000,13.72,13.72,13.69,13.7,1254.06
1749528000000,13.7,13.77,13.7,13.73,2732.3
1749528300000,13.74,13.74,13.69,13.69,591.81
1749528600000,13.69,13.69,13.66,13.66,434.41
1749528900000,13.67,13.67,13.61,13.62,1538.9
1749529200000,13.62,13.63,13.59,13.63,1842.95
1749529500000,13.64,13.66,13.6,13.62,2807.9
1749529800000,13.62,13.63,13.6,13.6,931.68
1749530100000,13.59,13.6,13.57,13.59,975.41
1749530400000,13.59,13.6,13.57,13.57,525.94
1749530700000,13.58,13.61,13.56,13.59,1800.26
1749531000000,13.6,13.65,13.6,13.64,933.26
1749531300000,13.63,13.64,13.62,13.64,1834.12
1749531600000,13.64,13.64,13.62,13.62,1722.42
1749531900000,13.62,13.64,13.61,13.61,339.37
1749532200000,13.62,13.65,13.62,13.64,488.1
1749532500000,13.64,13.69,13.64,13.64,5037.88
1749532800000,13.65,13.65,13.6,13.6,6748.84
1749533100000,13.61,13.61,13.57,13.57,2388.05
1749533400000,13.58,13.6,13.52,13.53,2659.94
1749533700000,13.52,13.56,13.5,13.56,1669.99
1749534000000,13.56,13.57,13.54,13.54,355.56
1749534300000,13.54,13.56,13.52,13.53,921.77
1749534600000,13.54,13.56,13.52,13.52,2250.01
1749534900000,13.52,13.54,13.52,13.53,5916.79
1749535200000,13.53,13.54,13.48,13.49,2052.0
1749535500000,13.48,13.5,13.45,13.49,3059.37
1749535800000,13.49,13.52,13.48,13.49,1745.4
1749536100000,13.5,13.55,13.47,13.55,14663.5
1749536400000,13.56,13.59,13.55,13.58,2560.66
1749536700000,13.58,13.64,13.58,13.64,2087.08
1749537000000,13.64,13.65,13.58,13.58,2111.19
1749537300000,13.59,13.61,13.58,13.61,1756.24
1749537600000,13.6,13.65,13.59,13.62,1717.4
1749537900000,13.62,13.65,13.6,13.63,2507.61
1749538200000,13.64,13.66,13.6,13.6,2371.95
1749538500000,13.59,13.61,13.57,13.58,1439.79
1749538800000,13.58,13.63,13.57,13.62,5458.57
1749539100000,13.62,13.63,13.6,13.61,1253.77
1749539400000,13.62,13.67,13.61,13.65,7902.74
1749539700000,13.65,13.65,13.6,13.64,2657.63
1749540000000,13.64,13.68,13.64,13.68,1727.36
1749540300000,13.69,13.73,13.69,13.73,4437.61
1749540600000,13.73,13.78,13.69,13.71,4248.46
1749540900000,13.71,13.71,13.68,13.71,2469.66
1749541200000,13.7,13.7,13.66,13.67,2685.26
1749541500000,13.66,13.66,13.64,13.65,1549.02
1749541800000,13.64,13.66,13.62,13.64,591.11
1749542100000,13.64,13.65,13.62,13.65,3683.39
1749542400000,13.66,13.69,13.65,13.67,1152.29
1749542700000,13.67,13.7,13.67,13.7,1078.29
1749543000000,13.71,13.71,13.6,13.61,1352.76
1749543300000,13.6,13.62,13.56,13.58,1963.48
1749543600000,13.58,13.62,13.58,13.6,4390.37
1749543900000,13.6,13.6,13.55,13.55,1032.06
1749544200000,13.56,13.6,13.51,13.52,538.97
1749544500000,13.53,13.57,13.53,13.56,6841.22
1749544800000,13.57,13.58,13.54,13.56,1541.28
1749545100000,13.56,13.57,13.53,13.55,998.57
1749545400000,13.54,13.54,13.5,13.52,4723.82
1749545700000,13.53,13.55,13.51,13.53,1582.87
1749546000000,13.53,13.57,13.51,13.51,4070.28
1749546300000,13.51,13.57,13.51,13.55,4556.87
1749546600000,13.55,13.62,13.55,13.62,1896.68
1749546900000,13.62,13.65,13.59,13.6,6822.87
1749547200000,13.61,13.66,13.6,13.66,1238.6
1749547500000,13.66,13.66,13.6,13.61,1568.11
1749547800000,13.62,13.67,13.62,13.65,3718.63
1749548100000,13.65,13.68,13.65,13.67,2308.08
1749548400000,13.67,13.68,13.66,13.66,463.72
1749548700000,13.65,13.66,13.59,13.61,2248.83
1749549000000,13.61,13.67,13.6,13.65,2257.33
1749549300000,13.66,13.72,13.66,13.72,2141.26
1749549600000,13.71,13.74,13.68,13.73,2016.08
1749549900000,13.73,13.77,13.73,13.74,2309.74
1749550200000,13.74,13.81,13.74,13.8,5839.95
1749550500000,13.8,13.81,13.74,13.75,2119.44
1749550800000,13.74,13.77,13.73,13.76,2692.33
1749551100000,13.76,13.8,13.75,13.77,2488.57
1749551400000,13.76,13.76,13.71,13.73,4733.09
1749551700000,13.72,13.73,13.67,13.68,1307.68
1749552000000,13.67,13.67,13.65,13.66,462.38
1749552300000,13.66,13.72,13.66,13.72,1020.68
1749552600000,13.72,13.75,13.71,13.75,747.98
1749552900000,13.75,13.76,13.74,13.75,1151.14
1749553200000,13.75,13.78,13.71,13.71,2119.64
1749553500000,13.71,13.71,13.66,13.67,896.49
1749553800000,13.67,13.77,13.67,13.77,8278.06
1749554100000,13.78,13.9,13.78,13.9,13890.11
1749554400000,13.91,13.95,13.9,13.95,6845.09
1749554700000,13.96,14.07,13.95,14.06,11635.29
1749555000000,14.07,14.18,14.04,14.16,14426.75
1749555300000,14.15,14.19,14.09,14.18,10241.71
1749555600000,14.18,14.27,14.17,14.23,11381.33
1749555900000,14.23,14.23,14.11,14.14,12564.69
1749556200000,14.13,14.25,14.12,14.21,6481.89
1749556500000,14.2,14.25,14.18,14.21,9367.81
1749556800000,14.21,14.25,14.14,14.15,5720.09
1749557100000,14.14,14.16,14.09,14.11,6374.92
1749557400000,14.1,14.12,14.02,14.07,7280.82
1749557700000,14.07,14.19,14.03,14.19,7578.2
1749558000000,14.19,14.24,14.16,14.19,5413.07
1749558300000,14.18,14.19,14.12,14.12,2821.71
1749558600000,14.13,14.18,14.13,14.17,3090.84
1749558900000,14.17,14.2,14.13,14.16,4422.18
1749559200000,14.16,14.32,14.15,14.28,14219.22
1749559500000,14.29,14.32,14.27,14.31,10247.86
1749559800000,14.31,14.31,14.23,14.26,3086.55
1749560100000,14.26,14.28,14.23,14.26,3404.82
1749560400000,14.26,14.27,14.22,14.25,4980.18
1749560700000,14.25,14.26,14.2,14.21,827.96
1749561000000,14.21,14.29,14.21,14.27,448.02
1749561300000,14.27,14.28,14.23,14.24,3147.59
1749561600000,14.24,14.24,14.18,14.21,2544.22
1749561900000,14.2,14.23,14.14,14.16,2367.48
1749562200000,14.17,14.19,14.06,14.07,15345.43
1749562500000,14.08,14.1,13.95,13.97,10302.59
1749562800000,13.97,13.99,13.81,13.84,6465.0
1749563100000,13.85,13.96,13.83,13.93,26790.55
1749563400000,13.93,14.0,13.91,13.96,3657.52
1749563700000,13.97,14.0,13.92,13.98,3816.68
1749564000000,13.99,14.0,13.88,13.91,3274.67
1749564300000,13.91,13.94,13.85,13.87,2293.72
1749564600000,13.88,13.95,13.88,13.9,4258.18
1749564900000,13.9,13.9,13.84,13.87,4899.45
1749565200000,13.87,13.87,13.82,13.86,2575.85
1749565500000,13.86,13.86,13.76,13.8,5782.3
1749565800000,13.8,13.81,13.7,13.71,3382.22
1749566100000,13.71,13.77,13.7,13.73,1573.7
1749566400000,13.74,13.77,13.67,13.69,6074.76
1749566700000,13.68,13.71,13.63,13.71,4566.08
1749567000000,13.7,13.71,13.64,13.68,4228.6
1749567300000,13.68,13.74,13.66,13.7,9458.67
1749567600000,13.69,13.7,13.57,13.61,9913.78
1749567900000,13.62,13.63,13.59,13.6,9775.11
1749568200000,13.61,13.68,13.59,13.68,1443.13
1749568500000,13.69,13.8,13.68,13.7,14953.97
1749568800000,13.7,13.73,13.65,13.67,3446.87
1749569100000,13.68,13.71,13.67,13.67,2268.13
1749569400000,13.67,13.67,13.48,13.54,11664.3
1749569700000,13.54,13.63,13.53,13.61,7817.26
1749570000000,13.61,13.62,13.58,13.62,2122.61
1749570300000,13.62,13.67,13.62,13.65,2129.63
1749570600000,13.65,13.72,13.65,13.71,1220.49
1749570900000,13.71,13.76,13.71,13.73,4222.11
1749571200000,13.73,13.8,13.71,13.8,4434.33
1749571500000,13.79,13.82,13.76,13.77,1734.27
1749571800000,13.78,13.79,13.76,13.79,1060.18
1749572100000,13.79,13.8,13.76,13.79,618.22
1749572400000,13.78,13.78,13.67,13.68,2707.89
1749572700000,13.68,13.74,13.64,13.73,3294.16
1749573000000,13.73,13.74,13.7,13.72,300.49
1749573300000,13.71,13.71,13.64,13.66,1948.8
1749573600000,13.67,13.73,13.67,13.7,988.63
1749573900000,13.7,13.71,13.67,13.67,2291.33
1749574200000,13.68,13.7,13.64,13.65,388.95
1749574500000,13.65,13.65,13.64,13.64,295.35
1749574800000,13.64,13.71,13.64,13.7,1941.88
1749575100000,13.71,13.73,13.69,13.72,1235.45
1749575400000,13.71,13.74,13.71,13.71,613.43
1749575700000,13.72,13.78,13.72,13.73,3772.13
1749576000000,13.73,13.76,13.73,13.74,1295.49
1749576300000,13.74,13.76,13.7,13.7,1103.59
1749576600000,13.69,13.74,13.66,13.74,1042.08
1749576900000,13.73,13.76,13.66,13.69,866.03
1749577200000,13.68,13.71,13.67,13.71,1260.14
1749577500000,13.71,13.73,13.69,13.69,1098.5
1749577800000,13.69,13.73,13.66,13.73,1626.42
1749578100000,13.72,13.72,13.66,13.67,1218.81
1749578400000,13.68,13.68,13.63,13.66,1536.44
1749578700000,13.66,13.71,13.64,13.69,880.65
1749579000000,13.69,13.7,13.67,13.69,865.66
1749579300000,13.69,13.74,13.68,13.74,475.15
1749579600000,13.73,13.74,13.71,13.73,257.26
1749579900000,13.72,13.74,13.71,13.73,155.93
1749580200000,13.74,13.75,13.69,13.69,3286.9
1749580500000,13.7,13.74,13.7,13.72,279.94
1749580800000,13.73,13.81,13.73,13.81,2362.67
1749581100000,13.81,13.88,13.8,13.87,4244.43
1749581400000,13.88,13.95,13.88,13.88,2997.32
1749581700000,13.89,13.94,13.89,13.91,1637.52
1749582000000,13.91,13.96,13.9,13.91,1364.71
1749582300000,13.92,13.99,13.92,13.97,1549.55
1749582600000,13.97,13.99,13.93,13.96,2861.26
1749582900000,13.97,13.99,13.94,13.95,2136.31
1749583200000,13.96,14.04,13.96,14.02,7472.03
1749583500000,14.03,14.05,13.98,14.01,6476.56
1749583800000,14.01,14.02,13.97,14.01,3652.91
1749584100000,14.01,14.1,14.01,14.09,2992.37
1749584400000,14.09,14.09,13.95,13.96,3775.24
1749584700000,13.96,13.96,13.85,13.88,4887.61
1749585000000,13.88,13.91,13.79,13.83,7676.36
1749585300000,13.83,13.85,13.79,13.85,1052.49
1749585600000,13.85,13.85,13.8,13.81,927.2
1749585900000,13.81,13.82,13.77,13.8,4156.85
1749586200000,13.8,13.82,13.79,13.79,1623.66
1749586500000,13.8,13.8,13.76,13.79,3975.68
1749586800000,13.79,13.85,13.79,13.84,1381.46
1749587100000,13.84,13.84,13.8,13.83,568.53
1749587400000,13.83,13.86,13.81,13.86,539.81
1749587700000,13.86,13.9,13.85,13.89,1441.51
1749588000000,13.88,13.9,13.86,13.88,5193.0
1749588300000,13.88,13.91,13.87,13.89,1686.17
1749588600000,13.89,13.94,13.89,13.94,1203.68
1749588900000,13.94,13.96,13.94,13.95,762.02
1749589200000,13.96,13.99,13.87,13.88,1551.81
1749589500000,13.87,13.89,13.85,13.87,1673.93
1749589800000,13.87,13.9,13.86,13.86,2342.09
1749590100000,13.85,13.85,13.78,13.84,10519.83
1749590400000,13.84,13.85,13.79,13.82,751.33
1749590700000,13.81,13.92,13.8,13.91,2012.11
1749591000000,13.92,13.92,13.86,13.89,800.56
1749591300000,13.88,13.93,13.85,13.9,1894.22
1749591600000,13.91,13.91,13.88,13.89,1059.27
1749591900000,13.9,13.9,13.88,13.9,234.64
1749592200000,13.9,13.9,13.85,13.86,436.64
1749592500000,13.86,13.89,13.86,13.89,221.83
1749592800000,13.88,13.99,13.87,13.98,5543.06
1749593100000,13.98,14.14,13.97,14.11,30916.07
1749593400000,14.11,14.12,14.05,14.1,16609.79
1749593700000,14.1,14.14,14.1,14.12,1165.0
1749594000000,14.12,14.15,14.09,14.1,1849.38
1749594300000,14.1,14.13,14.1,14.12,4620.81
1749594600000,14.11,14.15,14.08,14.11,20279.96
1749594900000,14.1,14.1,13.97,13.99,6767.46
1749595200000,13.99,13.99,13.94,13.95,2730.57
1749595500000,13.95,13.98,13.93,13.98,1000.51
1749595800000,13.96,13.97,13.91,13.97,1051.4
1749596100000,13.97,14.02,13.97,13.97,837.41
1749596400000,13.97,14.01,13.97,14.01,1499.64
1749596700000,14.02,14.02,13.91,13.92,1523.41
1749597000000,13.92,13.96,13.9,13.95,612.24
1749597300000,13.94,13.99,13.94,13.96,1944.82
1749597600000,13.95,13.95,13.91,13.95,1015.55
1749597900000,13.95,13.98,13.95,13.96,429.71
1749598200000,13.97,13.99,13.94,13.99,1380.34
1749598500000,13.99,14.03,13.99,14.03,3080.52
1749598800000,14.03,14.05,14.01,14.02,822.27
1749599100000,14.02,14.02,13.98,14.0,826.51
1749599400000,14.0,14.03,14.0,14.01,717.74
1749599700000,14.01,14.05,14.01,14.04,1461.25
1749600000000,14.04,14.07,14.02,14.04,2465.11
1749600300000,14.04,14.09,14.03,14.05,1932.74
1749600600000,14.05,14.08,13.99,14.0,5330.42
1749600900000,14.01,14.07,13.98,13.98,1730.46
1749601200000,13.97,13.97,13.91,13.92,1987.93
1749601500000,13.92,13.97,13.89,13.9,3965.46
1749601800000,13.89,13.89,13.84,13.86,7418.13
1749602100000,13.86,13.93,13.84,13.87,4232.86
1749602400000,13.86,13.86,13.81,13.85,1463.43
1749602700000,13.84,13.88,13.83,13.87,4134.2
1749603000000,13.87,13.88,13.72,13.78,24119.03
1749603300000,13.78,13.79,13.68,13.73,21911.71
1749603600000,13.72,13.74,13.71,13.74,2449.09
1749603900000,13.73,13.73,13.66,13.68,11805.01
1749604200000,13.67,13.71,13.66,13.71,2986.04
1749604500000,13.71,13.72,13.62,13.63,8704.55
1749604800000,13.64,13.65,13.61,13.64,2586.94
1749605100000,13.65,13.67,13.63,13.66,1174.7
1749605400000,13.65,13.65,13.62,13.63,4122.2
1749605700000,13.62,13.63,13.58,13.61,3260.94
1749606000000,13.6,13.63,13.6,13.63,720.38
1749606300000,13.63,13.63,13.6,13.61,2243.44
1749606600000,13.61,13.62,13.58,13.58,1999.62
1749606900000,13.58,13.58,13.56,13.58,1653.48
1749607200000,13.57,13.6,13.56,13.58,1946.6
1749607500000,13.57,13.67,13.56,13.66,3828.49
1749607800000,13.65,13.65,13.57,13.59,1288.15
1749608100000,13.6,13.61,13.57,13.58,2176.84
1749608400000,13.59,13.64,13.59,13.6,1993.36
1749608700000,13.6,13.61,13.6,13.61,535.3
1749609000000,13.6,13.61,13.58,13.58,468.63
1749609300000,13.58,13.59,13.56,13.58,1539.17
1749609600000,13.58,13.59,13.57,13.57,1065.65
1749609900000,13.56,13.57,13.54,13.55,2279.42
1749610200000,13.55,13.6,13.53,13.6,1005.15
1749610500000,13.6,13.6,13.58,13.58,597.23
1749610800000,13.59,13.61,13.58,13.61,2792.43
1749611100000,13.61,13.69,13.61,13.69,1492.35
1749611400000,13.69,13.71,13.68,13.69,1465.5
1749611700000,13.69,13.7,13.63,13.65,1862.43
1749612000000,13.66,13.73,13.63,13.71,6455.51
1749612300000,13.71,13.72,13.68,13.69,971.0
1749612600000,13.69,13.72,13.68,13.72,559.22
1749612900000,13.71,13.72,13.68,13.68,1330.92
1749613200000,13.67,13.68,13.64,13.68,1036.49
1749613500000,13.67,13.69,13.67,13.68,1602.92
1749613800000,13.68,13.72,13.66,13.7,1004.14
1749614100000,13.7,13.7,13.64,13.67,2381.05
1749614400000,13.67,13.7,13.67,13.67,1803.52
1749614700000,13.66,13.66,13.62,13.64,1322.07
1749615000000,13.64,13.64,13.6,13.62,490.09
1749615300000,13.61,13.67,13.6,13.67,4907.07
1749615600000,13.67,13.68,13.66,13.66,1050.31
1749615900000,13.65,13.66,13.63,13.66,914.91
1749616200000,13.66,13.7,13.64,13.68,1424.66
1749616500000,13.68,13.68,13.63,13.65,1360.68
1749616800000,13.64,13.64,13.58,13.61,3393.76
1749617100000,13.61,13.62,13.59,13.61,766.98
1749617400000,13.61,13.62,13.59,13.61,1729.66
1749617700000,13.61,13.62,13.58,13.59,7489.91
1749618000000,13.6,13.61,13.57,13.6,7853.63
1749618300000,13.6,13.62,13.57,13.57,2479.49
1749618600000,13.58,13.61,13.58,13.59,302.56
1749618900000,13.59,13.59,13.57,13.57,471.78
1749619200000,13.57,13.6,13.57,13.6,686.16
1749619500000,13.61,13.65,13.61,13.65,1650.37
1749619800000,13.65,13.66,13.58,13.59,11785.03
1749620100000,13.59,13.61,13.58,13.58,1077.56
1749620400000,13.58,13.6,13.58,13.59,193.55
1749620700000,13.59,13.61,13.57,13.6,963.12
1749621000000,13.59,13.62,13.59,13.61,318.03
1749621300000,13.61,13.61,13.58,13.58,220.46
1749621600000,13.59,13.65,13.59,13.63,993.33
1749621900000,13.63,13.64,13.61,13.63,1516.78
1749622200000,13.62,13.63,13.61,13.63,2047.98
1749622500000,13.63,13.63,13.57,13.58,717.67
1749622800000,13.58,13.66,13.58,13.64,2742.91
1749623100000,13.65,13.65,13.59,13.6,1980.45
1749623400000,13.6,13.6,13.55,13.58,2061.76
1749623700000,13.57,13.6,13.57,13.59,2961.5
1749624000000,13.6,13.62,13.59,13.62,699.36
1749624300000,13.62,13.63,13.57,13.58,1293.43
1749624600000,13.58,13.61,13.58,13.6,531.84
1749624900000,13.61,13.65,13.61,13.62,890.86
1749625200000,13.63,13.66,13.63,13.64,1414.31
1749625500000,13.64,13.65,13.58,13.59,2466.0
1749625800000,13.59,13.71,13.59,13.69,2516.84
1749626100000,13.68,13.7,13.6,13.62,13372.59
1749626400000,13.62,13.64,13.58,13.58,12641.57
1749626700000,13.58,13.61,13.55,13.59,12461.56
1749627000000,13.6,13.62,13.58,13.61,1480.19
1749627300000,13.61,13.66,13.61,13.66,1890.78
1749627600000,13.66,13.66,13.61,13.62,2638.8
1749627900000,13.63,13.65,13.58,13.64,2175.97
1749628200000,13.63,13.63,13.59,13.62,706.17
1749628500000,13.61,13.61,13.57,13.57,530.93
1749628800000,13.58,13.6,13.56,13.6,2637.79
1749629100000,13.6,13.61,13.58,13.6,2685.59
1749629400000,13.59,13.63,13.58,13.61,1882.73
1749629700000,13.6,13.63,13.53,13.53,8427.23
1749630000000,13.54,13.58,13.54,13.56,1711.51
1749630300000,13.57,13.58,13.55,13.56,315.76
1749630600000,13.56,13.59,13.56,13.58,876.28
1749630900000,13.57,13.6,13.54,13.55,2303.67
1749631200000,13.54,13.57,13.53,13.54,525.57
1749631500000,13.54,13.55,13.51,13.52,4965.5
1749631800000,13.51,13.54,13.47,13.54,6639.05
1749632100000,13.54,13.54,13.49,13.51,440.16
1749632400000,13.5,13.51,13.42,13.45,8035.7
1749632700000,13.45,13.47,13.44,13.47,1850.31
1749633000000,13.47,13.48,13.44,13.46,2208.44
1749633300000,13.47,13.51,13.47,13.47,4940.16
1749633600000,13.46,13.51,13.45,13.5,5855.3
1749633900000,13.49,13.49,13.45,13.48,679.9
1749634200000,13.48,13.48,13.46,13.46,737.05
1749634500000,13.46,13.46,13.39,13.41,6752.93
1749634800000,13.41,13.41,13.38,13.4,2621.53
1749635100000,13.39,13.41,13.36,13.38,5753.36
1749635400000,13.38,13.39,13.35,13.36,2718.76
1749635700000,13.36,13.37,13.31,13.34,8317.4
1749636000000,13.35,13.38,13.32,13.33,3008.61
1749636300000,13.32,13.37,13.3,13.37,2609.11
1749636600000,13.37,13.37,13.32,13.35,3864.58
1749636900000,13.34,13.37,13.33,13.36,1926.78
1749637200000,13.35,13.36,13.32,13.33,3159.19
1749637500000,13.33,13.35,13.32,13.34,3132.69
1749637800000,13.34,13.41,13.33,13.4,3683.7
1749638100000,13.4,13.4,13.36,13.36,1054.75
1749638400000,13.36,13.36,13.33,13.36,5432.91
1749638700000,13.36,13.41,13.36,13.39,1448.72
1749639000000,13.4,13.41,13.38,13.39,2718.65
1749639300000,13.39,13.41,13.39,13.4,921.55
1749639600000,13.4,13.4,13.37,13.4,2594.56
1749639900000,13.39,13.41,13.38,13.38,969.35
1749640200000,13.39,13.41,13.39,13.39,693.12
1749640500000,13.39,13.39,13.35,13.36,3173.04
1755475200000,15.48,15.53,15.45,15.45,12896.52
1755475500000,15.44,15.56,15.43,15.56,2007.59
1755475800000,15.56,15.58,15.52,15.54,3293.63
1755476100000,15.54,15.54,15.45,15.46,4924.69
1755476400000,15.46,15.57,15.45,15.56,5394.89
1755476700000,15.57,15.57,15.51,15.52,4976.67
1755477000000,15.53,15.56,15.45,15.55,6334.49
1755477300000,15.56,15.63,15.56,15.62,7672.9
1755477600000,15.62,15.74,15.62,15.68,18167.82
1755477900000,15.68,15.73,15.66,15.71,5194.7
1755478200000,15.71,15.71,15.66,15.68,3812.59
1755478500000,15.67,15.72,15.67,15.72,2921.08
1755478800000,15.71,15.75,15.68,15.7,3568.6
1755479100000,15.69,15.69,15.57,15.62,10473.23
1755479400000,15.62,15.64,15.58,15.62,8602.33
1755479700000,15.63,15.66,15.55,15.59,4925.38
1755480000000,15.59,15.59,15.52,15.53,2906.58
1755480300000,15.53,15.61,15.46,15.47,11451.64
1755480600000,15.47,15.56,15.42,15.47,16685.85
1755480900000,15.47,15.52,15.39,15.45,13209.42
1755481200000,15.45,15.46,15.33,15.36,11557.94
1755481500000,15.36,15.45,15.34,15.41,6843.7
1755481800000,15.41,15.47,15.41,15.43,7094.97
1755482100000,15.44,15.47,15.37,15.41,6675.82
1755482400000,15.41,15.42,15.22,15.25,13096.28
1755482700000,15.25,15.27,15.03,15.05,155676.3
1755483000000,15.06,15.13,15.03,15.12,13369.3
1755483300000,15.11,15.14,15.02,15.04,25274.05
1755483600000,15.03,15.04,14.95,15.02,29615.19
1755483900000,15.02,15.05,14.98,14.99,5726.16
1755484200000,14.99,15.0,14.89,14.93,12958.48
1755484500000,14.94,15.05,14.92,15.05,22223.66
1755484800000,15.05,15.06,14.96,14.99,7799.3
1755485100000,14.99,15.0,14.9,14.93,17556.55
1755485400000,14.92,14.92,14.83,14.84,22331.72
1755485700000,14.84,14.87,14.83,14.85,5049.18
1755486000000,14.85,14.9,14.82,14.86,7338.69
1755486300000,14.86,14.89,14.85,14.88,4013.62
1755486600000,14.89,14.92,14.8,14.82,5051.88
1755486900000,14.82,14.87,14.78,14.79,14079.82
1755487200000,14.79,14.83,14.77,14.81,2143.95
1755487500000,14.8,14.8,14.71,14.72,16869.16
1755487800000,14.72,14.79,14.67,14.78,28925.33
1755488100000,14.78,14.83,14.78,14.79,6725.69
1755488400000,14.79,14.85,14.79,14.83,7274.66
1755488700000,14.82,14.86,14.8,14.86,6395.15
1755489000000,14.87,14.92,14.84,14.88,3059.66
1755489300000,14.88,14.93,14.85,14.92,4016.94
1755489600000,14.91,14.92,14.76,14.76,2759.15
1755489900000,14.77,14.78,14.74,14.76,3831.24
1755490200000,14.75,14.79,14.73,14.76,3346.14
1755490500000,14.76,14.85,14.76,14.81,2100.02
1755490800000,14.8,14.84,14.78,14.82,2307.72
1755491100000,14.82,14.87,14.82,14.87,614.51
1755491400000,14.86,14.95,14.84,14.95,1593.65
1755491700000,14.96,14.99,14.95,14.97,3070.45
1755492000000,14.97,14.97,14.83,14.85,4906.33
1755492300000,14.84,14.91,14.84,14.9,1122.99
1755492600000,14.9,14.93,14.89,14.9,1191.68
1755492900000,14.89,14.89,14.85,14.85,3503.08
1755493200000,14.86,14.86,14.83,14.83,7040.19
1755493500000,14.83,14.85,14.81,14.82,1526.74
1755493800000,14.81,14.83,14.8,14.81,2254.69
1755494100000,14.81,14.83,14.79,14.81,2002.43
1755494400000,14.81,14.81,14.76,14.77,10478.7
1755494700000,14.77,14.77,14.74,14.75,1456.15
1755495000000,14.76,14.77,14.71,14.71,2801.76
1755495300000,14.72,14.72,14.62,14.62,9240.81
1755495600000,14.62,14.66,14.62,14.65,3311.46
1755495900000,14.66,14.67,14.59,14.65,9720.56
1755496200000,14.65,14.69,14.62,14.65,35505.8
1755496500000,14.65,14.7,14.63,14.7,1498.78
1755496800000,14.7,14.72,14.64,14.65,6005.62
1755497100000,14.65,14.65,14.6,14.63,2943.62
1755497400000,14.63,14.64,14.57,14.57,5241.49
1755497700000,14.56,14.59,14.53,14.54,10667.05
1755498000000,14.54,14.55,14.45,14.47,19224.74
1755498300000,14.48,14.48,14.43,14.44,7403.33
1755498600000,14.44,14.48,14.41,14.47,8468.15
1755498900000,14.48,14.51,14.45,14.45,3659.3
1755499200000,14.45,14.46,14.35,14.38,17499.43
1755499500000,14.37,14.41,14.31,14.39,12923.93
1755499800000,14.4,14.41,14.36,14.38,7420.82
1755500100000,14.39,14.42,14.39,14.42,6587.53
1755500400000,14.42,14.47,14.38,14.4,18325.47
1755500700000,14.4,14.44,14.37,14.42,9350.03
1755501000000,14.42,14.44,14.38,14.4,3642.72
1755501300000,14.41,14.46,14.4,14.42,5714.35
1755501600000,14.42,14.44,14.38,14.43,5552.1
1755501900000,14.43,14.44,14.37,14.44,4341.54
1755502200000,14.43,14.44,14.39,14.42,2360.91
1755502500000,14.42,14.51,14.42,14.49,4846.66
1755502800000,14.49,14.51,14.44,14.45,3102.05
1755503100000,14.45,14.48,14.39,14.42,12673.37
1755503400000,14.41,14.42,14.36,14.37,8065.06
1755503700000,14.37,14.38,14.33,14.35,1982.99
1755504000000,14.34,14.37,14.33,14.33,2461.11
1755504300000,14.33,14.36,14.32,14.36,4607.11
1755504600000,14.36,14.42,14.36,14.37,1392.73
1755504900000,14.36,14.43,14.36,14.43,4518.66
1755505200000,14.44,14.5,14.43,14.47,1501.21
1755505500000,14.47,14.49,14.45,14.48,1292.89
1755505800000,14.48,14.48,14.41,14.43,5712.21
1755506100000,14.42,14.42,14.38,14.39,1132.05
1755506400000,14.4,14.43,14.39,14.42,739.93
1755506700000,14.41,14.43,14.38,14.41,2630.56
1755507000000,14.4,14.44,14.4,14.42,1426.68
1755507300000,14.42,14.43,14.36,14.37,3275.05
1755507600000,14.38,14.41,14.36,14.4,2915.13
1755507900000,14.4,14.43,14.39,14.41,5183.77
1755508200000,14.42,14.45,14.41,14.43,2339.36
1755508500000,14.43,14.45,14.39,14.44,1699.24
1755508800000,14.45,14.52,14.45,14.51,10392.75
1755509100000,14.5,14.52,14.46,14.5,4180.22
1755509400000,14.49,14.5,14.44,14.45,9583.32
1755509700000,14.46,14.57,14.21,14.3,78340.27
1755510000000,14.29,14.38,14.28,14.33,9953.59
1755510300000,14.33,14.46,14.31,14.46,8943.97
1755510600000,14.46,14.46,14.34,14.36,8292.83
1755510900000,14.37,14.37,14.27,14.31,6323.94
1755511200000,14.31,14.33,14.25,14.28,10423.34
1755511500000,14.28,14.32,14.26,14.26,6977.82
1755511800000,14.26,14.29,14.26,14.27,3150.1
1755512100000,14.27,14.31,14.26,14.3,2780.85
1755512400000,14.29,14.33,14.28,14.3,4492.34
1755512700000,14.31,14.33,14.24,14.24,4656.55
1755513000000,14.24,14.28,14.23,14.28,3362.63
1755513300000,14.29,14.31,14.27,14.28,2433.53
1755513600000,14.28,14.36,14.27,14.36,998.8
1755513900000,14.35,14.36,14.28,14.28,3408.19
1755514200000,14.28,14.29,14.24,14.25,2488.03
1755514500000,14.26,14.26,14.22,14.25,1452.43
1755514800000,14.25,14.29,14.22,14.28,1746.94
1755515100000,14.27,14.28,14.24,14.24,2493.05
1755515400000,14.25,14.29,14.25,14.26,3585.62
1755515700000,14.26,14.28,14.25,14.26,797.26
1755516000000,14.26,14.27,14.23,14.27,1893.64
1755516300000,14.26,14.27,14.24,14.25,3109.31
1755516600000,14.24,14.25,14.2,14.2,2891.16
1755516900000,14.21,14.26,14.2,14.22,3349.31
1755517200000,14.23,14.29,14.22,14.29,2719.02
1755517500000,14.29,14.32,14.29,14.3,6628.06
1755517800000,14.31,14.31,14.24,14.25,4015.75
1755518100000,14.26,14.29,14.23,14.27,3884.63
1755518400000,14.27,14.31,14.23,14.29,2812.81
1755518700000,14.3,14.41,14.28,14.41,6655.14
1755519000000,14.41,14.46,14.4,14.4,9256.11
1755519300000,14.41,14.43,14.35,14.36,3615.54
1755519600000,14.37,14.44,14.31,14.31,7596.61
1755519900000,14.31,14.37,14.31,14.35,3651.84
1755520200000,14.35,14.4,14.33,14.37,4988.57
1755520500000,14.37,14.47,14.35,14.42,9607.3
1755520800000,14.42,14.5,14.42,14.49,6232.89
1755521100000,14.49,14.65,14.42,14.65,55939.07
1755521400000,14.64,14.8,14.64,14.78,65519.34
1755521700000,14.79,14.86,14.78,14.86,30113.08
1755522000000,14.85,14.85,14.74,14.78,33587.72
1755522300000,14.77,14.84,14.73,14.76,23229.27
1755522600000,14.77,14.78,14.73,14.76,8881.77
1755522900000,14.76,14.83,14.7,14.82,14790.5
1755523200000,14.82,14.98,14.81,14.9,55700.43
1755523500000,14.89,14.94,14.86,14.86,10989.1
1755523800000,14.87,14.91,14.83,14.9,18042.34
1755524100000,14.89,14.92,14.78,14.8,13075.38
1755524400000,14.8,14.87,14.69,14.73,13780.9
1755524700000,14.73,14.77,14.66,14.67,7780.52
1755525000000,14.68,14.69,14.54,14.56,18492.24
1755525300000,14.56,14.57,14.35,14.36,62478.82
1755525600000,14.36,14.47,14.36,14.45,13664.95
1755525900000,14.45,14.47,14.37,14.44,10833.69
1755526200000,14.43,14.47,14.35,14.47,9376.74
1755526500000,14.47,14.47,14.4,14.42,4571.73
1755526800000,14.42,14.44,14.41,14.42,4843.66
1755527100000,14.42,14.45,14.39,14.39,5508.87
1755527400000,14.39,14.39,14.34,14.35,5697.84
1755527700000,14.35,14.38,14.34,14.35,2072.17
1755528000000,14.35,14.37,14.33,14.33,5535.03
1755528300000,14.34,14.35,14.27,14.34,4757.0
1755528600000,14.33,14.41,14.32,14.4,3867.72
1755528900000,14.4,14.53,14.39,14.48,7591.54
1755529200000,14.47,14.5,14.42,14.42,7019.48
1755529500000,14.42,14.43,14.39,14.42,4961.73
1755529800000,14.42,14.43,14.38,14.39,2889.21
1755530100000,14.4,14.42,14.35,14.37,2636.74
1755530400000,14.37,14.45,14.37,14.43,1592.95
1755530700000,14.43,14.44,14.35,14.36,4957.65
1755531000000,14.36,14.37,14.33,14.34,4681.84
1755531300000,14.34,14.46,14.34,14.42,1034.32
1755531600000,14.43,14.54,14.42,14.49,50257.75
1755531900000,14.49,14.51,14.45,14.49,13591.86
1755532200000,14.49,14.59,14.49,14.56,14769.31
1755532500000,14.56,14.61,14.55,14.59,3699.35
1755532800000,14.6,14.69,14.59,14.69,6451.14
1755533100000,14.68,14.71,14.66,14.67,6701.84
1755533400000,14.67,14.69,14.54,14.54,5137.57
1755533700000,14.54,14.54,14.48,14.52,3602.95
1755534000000,14.52,14.56,14.47,14.47,3542.67
1755534300000,14.47,14.49,14.4,14.42,4100.47
1755534600000,14.43,14.45,14.37,14.38,4442.6
1755534900000,14.39,14.4,14.33,14.38,2776.6
1755535200000,14.38,14.39,14.35,14.38,1485.32
1755535500000,14.38,14.48,14.38,14.4,4291.05
1755535800000,14.4,14.41,14.37,14.39,1419.6
1755536100000,14.4,14.42,14.39,14.39,1233.89
1755536400000,14.39,14.44,14.39,14.42,4675.16
1755536700000,14.41,14.44,14.38,14.39,2468.74
1755537000000,14.39,14.48,14.38,14.46,4870.02
1755537300000,14.47,14.54,14.47,14.54,1823.38
1755537600000,14.54,14.55,14.5,14.51,2214.23
1755537900000,14.52,14.6,14.52,14.59,2409.34
1755538200000,14.59,14.74,14.59,14.71,9595.62
1755538500000,14.72,14.74,14.69,14.71,7538.92
1755538800000,14.71,14.72,14.64,14.65,14382.93
1755539100000,14.64,14.66,14.49,14.51,9693.89
1755539400000,14.51,14.54,14.5,14.51,2609.02
1755539700000,14.52,14.52,14.47,14.47,3343.88
1755540000000,14.48,14.48,14.42,14.43,3169.51
1755540300000,14.43,14.46,14.41,14.44,821.88
1755540600000,14.45,14.46,14.42,14.43,2240.64
1755540900000,14.42,14.45,14.39,14.43,1802.84
1755541200000,14.43,14.49,14.4,14.46,1082.81
1755541500000,14.46,14.51,14.44,14.48,5064.17
1755541800000,14.49,14.57,14.49,14.55,6996.27
1755542100000,14.54,14.54,14.47,14.47,517.2
1755542400000,14.47,14.49,14.47,14.47,1668.35
1755542700000,14.47,14.55,14.47,14.53,2464.2
1755543000000,14.53,14.59,14.51,14.58,6666.5
1755543300000,14.58,14.61,14.58,14.58,948.15
1755543600000,14.58,14.65,14.58,14.64,2490.54
1755543900000,14.63,14.65,14.59,14.59,7007.67
1755544200000,14.58,14.58,14.46,14.48,10214.67
1755544500000,14.49,14.56,14.47,14.56,5338.05
1755544800000,14.56,14.58,14.5,14.52,7492.58
1755545100000,14.52,14.52,14.49,14.52,1642.23
1755545400000,14.52,14.52,14.47,14.47,680.55
1755545700000,14.46,14.48,14.44,14.45,8586.23
1755546000000,14.45,14.47,14.44,14.44,2040.16
1755546300000,14.45,14.47,14.43,14.45,1027.72
1755546600000,14.46,14.46,14.41,14.46,3440.19
1755546900000,14.46,14.51,14.45,14.48,3205.06
1755547200000,14.49,14.51,14.45,14.46,1788.3
1755547500000,14.46,14.49,14.42,14.45,12576.08
1755547800000,14.46,14.53,14.46,14.53,2241.68
1755548100000,14.53,14.53,14.48,14.48,247.39
1755548400000,14.48,14.48,14.4,14.41,6189.07
1755548700000,14.41,14.46,14.39,14.46,2636.59
1755549000000,14.47,14.48,14.41,14.41,811.23
1755549300000,14.41,14.43,14.32,14.34,6379.67
1755549600000,14.35,14.35,14.28,14.34,9555.83
1755549900000,14.34,14.4,14.3,14.39,7029.84
1755550200000,14.39,14.4,14.36,14.38,2454.07
1755550500000,14.38,14.4,14.35,14.35,1337.39
1755550800000,14.34,14.37,14.33,14.36,1970.23
1755551100000,14.37,14.37,14.31,14.34,1782.47
1755551400000,14.33,14.46,14.33,14.44,4339.41
1755551700000,14.44,14.48,14.43,14.47,3100.42
1755552000000,14.47,14.47,14.44,14.46,3759.96
1755552300000,14.47,14.5,14.47,14.47,1721.72
1755552600000,14.48,14.5,14.43,14.48,9339.43
1755552900000,14.48,14.48,14.4,14.45,4178.64
1755553200000,14.45,14.46,14.38,14.38,1233.26
1755553500000,14.39,14.42,14.37,14.42,1153.07
1755553800000,14.43,14.47,14.43,14.47,1927.19
1755554100000,14.48,14.52,14.44,14.47,7498.08
1755554400000,14.47,14.56,14.47,14.56,2749.13
1755554700000,14.57,14.62,14.57,14.61,2204.09
1755555000000,14.61,14.63,14.58,14.61,5889.67
1755555300000,14.62,14.63,14.54,14.55,12011.87
1755555600000,14.56,14.61,14.55,14.59,2668.68
1755555900000,14.59,14.6,14.57,14.57,1906.54
1755556200000,14.57,14.58,14.51,14.53,4039.74
1755556500000,14.53,14.53,14.49,14.49,3023.32
1755556800000,14.48,14.49,14.44,14.45,11682.09
1755557100000,14.45,14.46,14.38,14.4,19560.98
1755557400000,14.4,14.4,14.38,14.38,2739.9
1755557700000,14.37,14.37,14.33,14.34,4042.52
1755558000000,14.33,14.37,14.33,14.35,4966.85
1755558300000,14.35,14.36,14.31,14.32,2263.18
1755558600000,14.33,14.34,14.3,14.31,9898.93
1755558900000,14.31,14.31,14.29,14.3,2766.3
1755559200000,14.3,14.31,14.27,14.28,4548.38
1755559500000,14.29,14.29,14.27,14.27,1604.14
1755559800000,14.27,14.28,14.24,14.24,3115.44
1755560100000,14.24,14.24,14.21,14.21,2218.55
1755560400000,14.22,14.23,14.17,14.19,5313.24
1755560700000,14.19,14.19,14.14,14.15,7718.89
1755561000000,14.15,14.21,14.15,14.19,2017.59
1755561300000,14.19,14.22,14.18,14.21,17672.05
1755561600000,14.21,14.26,14.18,14.23,7321.61
1755561900000,14.24,14.25,14.22,14.22,2486.46
1755562200000,14.23,14.27,14.21,14.27,6436.03
1755562500000,14.26,14.28,14.22,14.27,7328.97
1755562800000,14.27,14.27,14.13,14.21,16306.4
1755563100000,14.21,14.21,14.11,14.12,11727.83
1755563400000,14.12,14.13,13.98,14.11,42764.89
1755563700000,14.11,14.15,14.09,14.12,4920.81
1755564000000,14.13,14.17,14.1,14.16,8935.82
1755564300000,14.15,14.31,14.15,14.28,6555.3
1755564600000,14.29,14.33,14.29,14.31,2515.65
1755564900000,14.3,14.37,14.3,14.37,11333.18
1755565200000,14.37,14.42,14.34,14.42,4133.54
1755565500000,14.42,14.45,14.37,14.37,9792.81
1755565800000,14.36,14.39,14.33,14.33,4502.08
1755566100000,14.34,14.38,14.29,14.29,5123.0
1755566400000,14.29,14.32,14.27,14.28,3721.76
1755566700000,14.28,14.29,14.24,14.24,6746.87
1755567000000,14.24,14.24,14.15,14.15,4397.35
1755567300000,14.15,14.17,14.12,14.14,2478.72
1755567600000,14.14,14.14,14.08,14.1,1778.93
1755567900000,14.1,14.11,14.05,14.07,5409.57
1755568200000,14.06,14.1,14.02,14.1,8623.82
1755568500000,14.1,14.13,14.05,14.09,6006.82
1755568800000,14.09,14.09,14.04,14.06,2905.01
1755569100000,14.06,14.06,14.02,14.04,3470.99
1755569400000,14.05,14.08,14.04,14.06,2201.57
1755569700000,14.06,14.1,14.02,14.04,2858.12
1755570000000,14.04,14.06,14.02,14.05,580.46
1755570300000,14.05,14.09,14.04,14.06,2189.17
1755570600000,14.05,14.08,14.03,14.03,1298.1
1755570900000,14.03,14.08,14.01,14.08,2347.93
1755571200000,14.09,14.12,14.07,14.08,3697.91
1755571500000,14.07,14.09,14.04,14.06,3435.15
1755571800000,14.07,14.12,14.06,14.09,2733.84
1755572100000,14.08,14.09,14.02,14.04,1839.61
1755572400000,14.04,14.04,13.96,13.97,9673.91
1755572700000,13.97,14.0,13.93,13.98,6355.87
1755573000000,13.97,14.01,13.97,13.99,3359.06
1755573300000,13.99,14.01,13.97,14.0,2177.02
1755573600000,14.01,14.01,13.9,13.93,5016.65
1755573900000,13.94,13.94,13.89,13.91,19641.9
1755574200000,13.91,13.91,13.87,13.9,3126.14
1755574500000,13.9,13.9,13.84,13.84,7883.42
1755574800000,13.84,13.86,13.74,13.81,14452.09
1755575100000,13.81,13.83,13.78,13.81,8487.82
1755575400000,13.8,13.83,13.77,13.81,6283.59
1755575700000,13.82,13.83,13.81,13.82,1853.12
1755576000000,13.82,13.84,13.78,13.81,3224.51
1755576300000,13.81,13.84,13.73,13.77,17079.14
1755576600000,13.77,13.82,13.76,13.77,7801.24
1755576900000,13.76,13.81,13.73,13.81,4349.87
1755577200000,13.81,13.81,13.72,13.72,7867.15
1755577500000,13.73,13.76,13.71,13.74,2826.23
1755577800000,13.75,13.82,13.73,13.79,1276.94
1755578100000,13.79,13.84,13.77,13.83,2271.42
1755578400000,13.84,13.88,13.82,13.87,2002.36
1755578700000,13.87,13.88,13.83,13.87,2280.67
1755579000000,13.87,13.88,13.85,13.86,2562.52
1755579300000,13.86,13.9,13.85,13.9,1934.16
1755579600000,13.9,13.94,13.86,13.88,6593.79
1755579900000,13.88,13.89,13.82,13.82,2139.53
1755580200000,13.82,13.82,13.79,13.81,1377.76
1755580500000,13.82,13.85,13.82,13.83,1738.3
1755580800000,13.84,13.85,13.81,13.82,2745.77
1755581100000,13.83,13.89,13.83,13.88,3289.41
1755581400000,13.88,13.88,13.82,13.82,827.65
1755581700000,13.82,13.86,13.82,13.86,2391.64
1755582000000,13.86,13.91,13.86,13.89,2799.53
1755582300000,13.89,13.89,13.86,13.89,1789.7
1755582600000,13.89,13.9,13.86,13.87,564.2
1755582900000,13.86,13.87,13.84,13.84,658.62
1755583200000,13.85,13.85,13.8,13.81,1593.13
1755583500000,13.81,13.81,13.78,13.79,2423.75
1755583800000,13.79,13.8,13.76,13.78,4103.07
1755584100000,13.79,13.8,13.74,13.8,2365.55
1755584400000,13.8,13.82,13.79,13.81,1165.4
1755584700000,13.82,13.86,13.81,13.83,4861.85
1755585000000,13.83,13.85,13.81,13.83,1153.02
1755585300000,13.83,13.88,13.83,13.85,1610.2
1755585600000,13.85,13.86,13.82,13.83,1048.42
1755585900000,13.82,13.85,13.78,13.81,4680.46
1755586200000,13.81,13.83,13.79,13.79,2697.94
1755586500000,13.79,13.82,13.78,13.79,795.6
1755586800000,13.79,13.79,13.74,13.78,2353.65
1755587100000,13.77,13.78,13.75,13.75,2194.73
1755587400000,13.75,13.76,13.72,13.74,3871.11
1755587700000,13.74,13.74,13.68,13.7,3192.34
1755588000000,13.7,13.72,13.68,13.7,1736.91
1755588300000,13.7,13.7,13.66,13.67,3145.78
1755588600000,13.67,13.69,13.64,13.66,7937.48
1755588900000,13.66,13.74,13.65,13.71,4143.15
1755589200000,13.71,13.73,13.7,13.71,3867.5
1755589500000,13.71,13.75,13.69,13.71,2397.27
1755589800000,13.71,13.75,13.7,13.74,1801.18
1755590100000,13.74,13.74,13.72,13.74,2307.67
1755590400000,13.74,13.76,13.71,13.72,5168.3
1755590700000,13.71,13.71,13.66,13.66,2676.55
1755591000000,13.66,13.68,13.64,13.68,2786.21
1755591300000,13.68,13.71,13.63,13.66,8944.2
1755591600000,13.66,13.68,13.65,13.68,5987.84
1755591900000,13.68,13.69,13.67,13.68,1362.97
1755592200000,13.68,13.68,13.63,13.65,2403.84
1755592500000,13.65,13.66,13.64,13.66,1412.67
1755592800000,13.66,13.7,13.66,13.69,1852.76
1755593100000,13.7,13.79,13.68,13.79,7954.52
1755593400000,13.79,13.89,13.79,13.84,8568.8
1755593700000,13.84,13.84,13.8,13.8,1423.39
1755594000000,13.81,13.83,13.79,13.81,1947.31
1755594300000,13.82,13.89,13.82,13.87,5939.02
1755594600000,13.87,13.9,13.85,13.86,4043.05
1755594900000,13.87,13.87,13.82,13.84,2961.15
1755595200000,13.84,13.93,13.84,13.91,2441.44
1755595500000,13.91,13.96,13.9,13.94,6048.05
1755595800000,13.93,13.98,13.91,13.92,7327.09
1755596100000,13.91,13.92,13.88,13.89,5377.88
1755596400000,13.89,13.89,13.86,13.88,2725.83
1755596700000,13.88,13.91,13.86,13.87,3262.55
1755597000000,13.87,13.9,13.87,13.9,1809.25
1755597300000,13.91,13.96,13.91,13.95,4908.1
1755597600000,13.95,13.96,13.94,13.95,1494.83
1755597900000,13.95,13.99,13.95,13.99,2792.29
1755598200000,14.0,14.03,13.98,14.0,9821.0
1755598500000,14.0,14.05,13.99,14.03,12214.54
1755598800000,14.04,14.08,14.03,14.08,6537.77
1755599100000,14.07,14.25,14.07,14.17,27064.27
1755599400000,14.18,14.2,14.13,14.16,12988.4
1755599700000,14.16,14.2,14.14,14.19,4647.86
1755600000000,14.19,14.22,14.18,14.21,5619.46
1755600300000,14.22,14.26,14.18,14.25,12028.59
1755600600000,14.25,14.25,14.09,14.1,16694.31
1755600900000,14.1,14.11,14.06,14.08,5508.95
1755601200000,14.08,14.16,14.08,14.11,7085.29
1755601500000,14.11,14.12,14.07,14.08,2091.4
1755601800000,14.09,14.11,14.08,14.1,4710.28
1755602100000,14.1,14.11,14.07,14.08,1105.16
1755602400000,14.08,14.16,14.07,14.16,1672.91
1755602700000,14.15,14.19,14.15,14.16,2767.27
1755603000000,14.15,14.19,14.14,14.16,2330.68
1755603300000,14.17,14.18,14.11,14.11,2600.93
1755603600000,14.11,14.15,14.09,14.09,3648.54
1755603900000,14.09,14.15,14.08,14.15,1703.73
1755604200000,14.15,14.18,14.14,14.16,792.24
1755604500000,14.16,14.2,14.16,14.19,2413.61
1755604800000,14.18,14.18,14.13,14.13,3125.04
1755605100000,14.13,14.14,14.13,14.13,954.38
1755605400000,14.14,14.16,14.12,14.12,5420.15
1755605700000,14.13,14.13,14.09,14.09,1025.78
1755606000000,14.09,14.11,14.07,14.1,2776.34
1755606300000,14.09,14.1,13.93,13.94,44969.08
1755606600000,13.94,13.97,13.85,13.85,27622.99
1755606900000,13.86,13.88,13.85,13.88,6879.71
1755607200000,13.88,13.93,13.88,13.93,6148.6
1755607500000,13.93,13.94,13.87,13.87,7302.7
1755607800000,13.87,13.93,13.87,13.93,10689.69
1755608100000,13.92,13.99,13.92,13.99,4309.81
1755608400000,13.98,13.98,13.93,13.93,5448.73
1755608700000,13.94,13.95,13.9,13.92,3999.5
1755609000000,13.92,13.94,13.88,13.88,3246.6
1755609300000,13.89,13.9,13.88,13.88,1602.87
1755609600000,13.89,13.95,13.89,13.95,3631.47
1755609900000,13.96,13.99,13.95,13.97,4215.99
1755610200000,13.97,14.08,13.8,13.85,23586.69
1755610500000,13.85,13.91,13.81,13.84,7121.27
1755610800000,13.85,13.87,13.77,13.77,7355.73
1755611100000,13.78,13.81,13.76,13.78,7435.71
1755611400000,13.79,13.95,13.76,13.9,11809.01
1755611700000,13.91,13.91,13.87,13.87,2953.33
1755612000000,13.88,13.94,13.87,13.94,4962.94
1755612300000,13.94,13.94,13.82,13.86,4873.13
1755612600000,13.86,13.87,13.82,13.82,3478.43
1755612900000,13.83,13.84,13.77,13.81,4959.84
1755613200000,13.81,13.82,13.76,13.78,4588.41
1755613500000,13.78,13.8,13.66,13.67,6629.49
1755613800000,13.66,13.73,13.62,13.72,14617.63
1755614100000,13.71,13.71,13.65,13.67,2244.84
1755614400000,13.68,13.68,13.57,13.64,16401.88
1755614700000,13.63,13.66,13.6,13.66,6000.85
1755615000000,13.66,13.72,13.65,13.71,13456.9
1755615300000,13.7,13.7,13.63,13.64,8540.4
1755615600000,13.65,13.67,13.61,13.64,5835.66
1755615900000,13.65,13.66,13.56,13.63,10659.14
1755616200000,13.62,13.66,13.61,13.62,5221.07
1755616500000,13.62,13.7,13.61,13.66,6601.15
1755616800000,13.66,13.81,13.65,13.79,5578.13
1755617100000,13.79,13.83,13.77,13.8,3602.17
1755617400000,13.79,13.82,13.74,13.76,7712.43
1755617700000,13.75,13.76,13.7,13.7,3389.83
1755618000000,13.71,13.77,13.7,13.75,1233.47
1755618300000,13.75,13.76,13.66,13.67,3784.42
1755618600000,13.67,13.68,13.62,13.67,8223.38
1755618900000,13.67,13.68,13.64,13.64,722.76
1755619200000,13.64,13.71,13.63,13.69,8060.98
1755619500000,13.69,13.69,13.66,13.67,1098.76
1755619800000,13.67,13.7,13.65,13.65,6479.33
1755620100000,13.64,13.67,13.63,13.66,1324.59
1755620400000,13.66,13.68,13.64,13.65,1391.06
1755620700000,13.65,13.66,13.59,13.59,2893.48
1755621000000,13.59,13.62,13.58,13.62,2118.29
1755621300000,13.62,13.63,13.52,13.54,11492.25
1755621600000,13.54,13.59,13.52,13.59,4400.63
1755621900000,13.59,13.61,13.51,13.52,5927.15
1755622200000,13.51,13.61,13.5,13.58,7621.08
1755622500000,13.59,13.61,13.57,13.58,4815.64
1755622800000,13.58,13.62,13.54,13.55,11692.24
1755623100000,13.56,13.57,13.47,13.52,8433.68
1755623400000,13.52,13.61,13.52,13.61,5123.05
1755623700000,13.61,13.65,13.56,13.6,7750.27
1755624000000,13.6,13.66,13.59,13.66,3776.58
1755624300000,13.67,13.67,13.62,13.65,6826.6
1755624600000,13.66,13.69,13.64,13.66,5894.1
1755624900000,13.66,13.68,13.64,13.65,984.95
1755625200000,13.65,13.66,13.61,13.61,1807.29
1755625500000,13.61,13.63,13.57,13.6,3664.62
1755625800000,13.6,13.61,13.55,13.57,1219.6
1755626100000,13.56,13.59,13.55,13.56,1675.74
1755626400000,13.57,13.58,13.55,13.57,987.44
1755626700000,13.57,13.6,13.55,13.6,571.46
1755627000000,13.59,13.59,13.56,13.56,5538.1
1755627300000,13.55,13.59,13.55,13.55,678.9
1755627600000,13.54,13.58,13.52,13.58,2980.27
1755627900000,13.58,13.61,13.55,13.55,689.69
1755628200000,13.55,13.59,13.54,13.59,619.15
1755628500000,13.58,13.59,13.49,13.5,10273.74
1755628800000,13.51,13.51,13.36,13.37,26074.26
1755629100000,13.37,13.43,13.36,13.39,3359.73
1755629400000,13.38,13.41,13.31,13.41,24732.79
1755629700000,13.42,13.42,13.35,13.35,2694.38
1755630000000,13.35,13.36,13.25,13.26,11153.71
1755630300000,13.27,13.31,13.26,13.3,5625.31
1755630600000,13.29,13.3,13.26,13.29,4234.72
1755630900000,13.28,13.38,13.26,13.38,8055.64
1755631200000,13.38,13.45,13.37,13.45,8279.32
1755631500000,13.46,13.47,13.44,13.46,4796.0
1755631800000,13.45,13.47,13.4,13.42,4849.33
1755632100000,13.43,13.44,13.41,13.41,1433.6
1755632400000,13.41,13.42,13.37,13.38,5578.25
1755632700000,13.38,13.39,13.34,13.37,2095.15
1755633000000,13.36,13.36,13.29,13.3,3311.49
1755633300000,13.31,13.35,13.28,13.3,5922.76
1755633600000,13.3,13.34,13.29,13.33,5523.48
1755633900000,13.33,13.34,13.27,13.28,2928.46
1755634200000,13.28,13.28,13.23,13.25,7733.52
1755634500000,13.24,13.32,13.24,13.3,3517.73
1755634800000,13.31,13.34,13.31,13.34,1791.66
1755635100000,13.34,13.4,13.34,13.35,7731.21
1755635400000,13.36,13.4,13.36,13.38,2376.85
1755635700000,13.38,13.4,13.37,13.39,755.72
1755636000000,13.39,13.39,13.35,13.36,1645.9
1755636300000,13.36,13.41,13.36,13.41,2890.77
1755636600000,13.41,13.46,13.4,13.45,8228.94
1755636900000,13.45,13.45,13.42,13.44,1584.14
1755637200000,13.44,13.44,13.4,13.4,1238.85
1755637500000,13.41,13.41,13.38,13.38,1076.1
1755637800000,13.39,13.45,13.38,13.45,9106.42
1755638100000,13.45,13.45,13.37,13.38,2330.84
1755638400000,13.38,13.4,13.35,13.37,2444.69
1755638700000,13.36,13.41,13.36,13.39,111.21
1755639000000,13.4,13.41,13.4,13.4,1295.19
1755639300000,13.4,13.45,13.4,13.43,2844.76
1755639600000,13.43,13.44,13.42,13.43,383.57
1755639900000,13.42,13.42,13.4,13.41,252.81
1755640200000,13.41,13.42,13.4,13.42,192.47
1755640500000,13.43,13.45,13.43,13.43,347.83
1755640800000,13.43,13.43,13.34,13.38,3844.72
1755641100000,13.37,13.37,13.33,13.34,1481.28
1755641400000,13.34,13.35,13.32,13.33,568.71
1755641700000,13.33,13.36,13.31,13.31,2740.19
1755642000000,13.31,13.37,13.31,13.37,1300.72
1755642300000,13.37,13.37,13.34,13.37,343.57
1755642600000,13.37,13.44,13.37,13.42,2143.27
1755642900000,13.42,13.42,13.38,13.38,506.5
1755643200000,13.39,13.4,13.36,13.4,1312.88
1755643500000,13.39,13.4,13.36,13.36,559.62
1755643800000,13.37,13.4,13.37,13.39,482.8
1755644100000,13.39,13.42,13.36,13.39,2187.23
1755644400000,13.38,13.38,13.34,13.34,833.03
1755644700000,13.34,13.35,13.31,13.31,606.97
1755645000000,13.31,13.32,13.29,13.31,1560.42
1755645300000,13.3,13.34,13.29,13.29,2466.27
1755645600000,13.29,13.33,13.25,13.25,4635.27
1755645900000,13.26,13.29,13.25,13.25,1949.69
1755646200000,13.26,13.31,13.26,13.31,4216.42
1755646500000,13.31,13.33,13.22,13.24,6149.19
1755646800000,13.23,13.27,13.22,13.27,1235.59
1755647100000,13.27,13.28,13.19,13.21,3359.0
1755647400000,13.2,13.22,13.18,13.21,4715.82
1755647700000,13.2,13.22,13.18,13.21,3888.97
1755648000000,13.2,13.28,13.18,13.28,7945.37
1755648300000,13.28,13.33,13.28,13.31,618.59
1755648600000,13.31,13.33,13.28,13.28,3266.8
1755648900000,13.28,13.3,13.25,13.25,4637.81
1755649200000,13.26,13.28,13.21,13.21,792.42
1755649500000,13.21,13.21,13.16,13.2,4050.33
1755649800000,13.2,13.22,13.17,13.2,959.42
1755650100000,13.21,13.3,13.21,13.29,2356.06
1755650400000,13.3,13.31,13.28,13.29,1926.39
1755650700000,13.29,13.31,13.27,13.28,2356.33
1755651000000,13.29,13.29,13.27,13.27,2937.52
1755651300000,13.28,13.29,13.25,13.27,1528.08
1755651600000,13.27,13.35,13.26,13.35,2395.13
1755651900000,13.35,13.39,13.33,13.33,2760.84
1755652200000,13.34,13.34,13.27,13.28,2565.37
1755652500000,13.28,13.29,13.25,13.29,5235.55
1755652800000,13.29,13.35,13.27,13.31,1809.72
1755653100000,13.3,13.32,13.27,13.28,1059.21
1755653400000,13.28,13.28,13.22,13.24,5163.11
1755653700000,13.25,13.26,13.15,13.19,4570.22
1755654000000,13.19,13.21,13.17,13.17,2459.76
1755654300000,13.18,13.29,13.18,13.29,3545.85
1755654600000,13.29,13.38,13.29,13.36,3508.42
1755654900000,13.35,13.37,13.31,13.33,3253.08
1755655200000,13.33,13.33,13.27,13.28,1506.24
1755655500000,13.29,13.35,13.29,13.3,2297.23
1755655800000,13.31,13.38,13.31,13.38,2388.16
1755656100000,13.38,13.4,13.37,13.38,2552.0
1755656400000,13.39,13.4,13.37,13.39,1560.23
1755656700000,13.39,13.41,13.36,13.36,5467.27
1755657000000,13.37,13.37,13.3,13.3,2399.5
1755657300000,13.31,13.31,13.29,13.3,912.03
1755657600000,13.3,13.31,13.29,13.31,898.22
1755657900000,13.31,13.31,13.28,13.29,1486.67
1755658200000,13.29,13.32,13.29,13.29,1857.26
1755658500000,13.3,13.31,13.29,13.29,1227.52
1755658800000,13.29,13.32,13.29,13.3,981.44
1755659100000,13.3,13.3,13.26,13.28,319.48
1755659400000,13.27,13.28,13.24,13.24,1085.79
1755659700000,13.25,13.26,13.24,13.26,2627.81
1755660000000,13.27,13.3,13.26,13.3,1399.61
1755660300000,13.31,13.37,13.3,13.36,1931.83
1755660600000,13.36,13.39,13.35,13.39,1347.69
1755660900000,13.39,13.39,13.31,13.32,8676.88
1755661200000,13.31,13.31,13.24,13.24,10045.81
1755661500000,13.25,13.26,13.23,13.25,1781.67
1755661800000,13.24,13.25,13.22,13.23,783.72
1755662100000,13.24,13.25,13.24,13.24,495.87
1755662400000,13.25,13.3,13.25,13.29,1584.89
1755662700000,13.28,13.34,13.28,13.34,1421.21
1755663000000,13.34,13.34,13.31,13.32,2290.07
1755663300000,13.32,13.39,13.31,13.35,6578.14
1755663600000,13.34,13.35,13.32,13.34,4347.49
1755663900000,13.34,13.36,13.34,13.34,1008.08
1755664200000,13.34,13.42,13.34,13.41,4412.68
1755664500000,13.41,13.43,13.37,13.38,8360.88
1755664800000,13.38,13.4,13.36,13.39,964.9
1755665100000,13.39,13.4,13.37,13.39,1102.58
1755665400000,13.39,13.42,13.37,13.37,1016.53
1755665700000,13.36,13.37,13.36,13.37,1280.2
1755666000000,13.37,13.39,13.35,13.36,9384.52
1755666300000,13.36,13.36,13.32,13.32,2851.48
1755666600000,13.32,13.32,13.3,13.32,478.55
1755666900000,13.33,13.35,13.3,13.3,2313.72
1755667200000,13.29,13.33,13.29,13.32,1212.41
1755667500000,13.33,13.34,13.33,13.34,510.98
1755667800000,13.34,13.34,13.31,13.34,1356.85
1755668100000,13.34,13.36,13.32,13.36,4105.86
1755668400000,13.36,13.37,13.36,13.37,782.36
1755668700000,13.37,13.38,13.35,13.37,3428.85
1755669000000,13.37,13.39,13.36,13.38,2490.62
1755669300000,13.38,13.43,13.38,13.43,2467.94
1755669600000,13.43,13.44,13.4,13.41,3486.13
1755669900000,13.42,13.42,13.39,13.41,4398.03
1755670200000,13.4,13.4,13.33,13.34,2756.19
1755670500000,13.35,13.37,13.33,13.37,4002.42
1755670800000,13.37,13.39,13.36,13.37,3515.98
1755671100000,13.38,13.38,13.35,13.36,1330.88
1755671400000,13.37,13.39,13.37,13.38,1571.76
1755671700000,13.39,13.45,13.38,13.45,1621.54
1755672000000,13.45,13.47,13.45,13.47,1108.68
1755672300000,13.46,13.46,13.39,13.39,2983.01
1755672600000,13.4,13.41,13.38,13.38,1772.25
1755672900000,13.39,13.4,13.38,13.4,1435.86
1755673200000,13.4,13.48,13.4,13.46,4355.48
1755673500000,13.46,13.49,13.44,13.48,4289.4
1755673800000,13.48,13.49,13.45,13.47,2622.4
1755674100000,13.48,13.51,13.44,13.46,7688.14
1755674400000,13.46,13.47,13.46,13.47,1285.95
1755674700000,13.47,13.47,13.45,13.45,1241.33
1755675000000,13.45,13.45,13.4,13.42,2032.92
1755675300000,13.42,13.42,13.39,13.4,2614.76
1755675600000,13.4,13.42,13.38,13.38,352.3
1755675900000,13.38,13.41,13.38,13.39,107.52
1755676200000,13.39,13.4,13.36,13.38,725.42
1755676500000,13.37,13.37,13.34,13.34,763.85
1755676800000,13.35,13.39,13.34,13.39,2684.73
1755677100000,13.39,13.41,13.37,13.39,2822.25
1755677400000,13.38,13.44,13.38,13.43,620.48
1755677700000,13.44,13.49,13.43,13.49,3358.98
1755678000000,13.5,13.55,13.5,13.54,6324.45
1755678300000,13.53,13.58,13.51,13.58,3366.38
1755678600000,13.57,13.59,13.55,13.59,8870.93
1755678900000,13.58,13.58,13.54,13.54,3200.56
1755679200000,13.54,13.61,13.54,13.61,9480.5
1755679500000,13.61,13.64,13.6,13.64,2409.6
1755679800000,13.64,13.65,13.61,13.64,3200.55
1755680100000,13.64,13.67,13.63,13.66,4338.06
1755680400000,13.65,13.65,13.59,13.61,6652.19
1755680700000,13.61,13.63,13.59,13.63,1638.15
1755681000000,13.62,13.64,13.59,13.64,3197.83
1755681300000,13.63,13.66,13.62,13.65,4575.94
1755681600000,13.65,13.69,13.62,13.63,6167.21
1755681900000,13.63,13.63,13.57,13.57,1576.63
1755682200000,13.58,13.61,13.56,13.57,8517.49
1755682500000,13.58,13.59,13.56,13.57,1876.6
1755682800000,13.58,13.58,13.57,13.58,718.32
1755683100000,13.58,13.63,13.58,13.59,4678.33
1755683400000,13.58,13.58,13.53,13.54,1530.11
1755683700000,13.55,13.56,13.54,13.55,769.12
1755684000000,13.55,13.56,13.53,13.55,6621.19
1755684300000,13.55,13.57,13.53,13.53,1374.66
1755684600000,13.54,13.54,13.51,13.52,4977.39
1755684900000,13.52,13.57,13.52,13.57,530.35
1755685200000,13.57,13.58,13.53,13.53,334.58
1755685500000,13.53,13.53,13.51,13.52,1735.58
1755685800000,13.53,13.54,13.51,13.53,798.08
1755686100000,13.53,13.54,13.49,13.52,2534.74
1755686400000,13.52,13.55,13.52,13.55,818.46
1755686700000,13.55,13.58,13.55,13.58,155.17
1755687000000,13.58,13.59,13.57,13.58,2221.18
1755687300000,13.57,13.58,13.56,13.57,1213.69
1755687600000,13.57,13.59,13.56,13.58,691.92
1755687900000,13.58,13.58,13.53,13.53,1693.86
1755688200000,13.52,13.53,13.5,13.51,2868.28
1755688500000,13.52,13.52,13.47,13.51,1817.68
1755688800000,13.51,13.51,13.49,13.5,199.45
1755689100000,13.49,13.5,13.46,13.46,1418.5
1755689400000,13.46,13.46,13.37,13.39,8879.91
1755689700000,13.38,13.41,13.34,13.35,5588.24
1755690000000,13.34,13.34,13.27,13.3,8909.18
1755690300000,13.3,13.34,13.26,13.33,6328.88
1755690600000,13.34,13.43,13.34,13.4,2563.69
1755690900000,13.41,13.45,13.4,13.45,1654.68
1755691200000,13.45,13.61,13.45,13.54,7287.62
1755691500000,13.55,13.55,13.49,13.5,2003.04
1755691800000,13.51,13.51,13.47,13.47,473.4
1755692100000,13.47,13.49,13.43,13.43,1120.05
1755692400000,13.43,13.44,13.36,13.38,857.24
1755692700000,13.39,13.43,13.38,13.39,3258.37
1755693000000,13.4,13.45,13.36,13.41,6653.35
1755693300000,13.42,13.45,13.4,13.43,2890.79
1755693600000,13.43,13.48,13.43,13.47,505.83
1755693900000,13.46,13.46,13.42,13.43,2237.14
1755694200000,13.43,13.45,13.39,13.43,1382.62
1755694500000,13.42,13.45,13.41,13.43,2422.24
1755694800000,13.43,13.43,13.37,13.38,3514.53
1755695100000,13.38,13.39,13.34,13.35,3559.81
1755695400000,13.35,13.35,13.31,13.31,996.04
1755695700000,13.31,13.36,13.3,13.35,764.39
1755696000000,13.35,13.38,13.33,13.37,217.87
1755696300000,13.36,13.4,13.36,13.4,1079.33
1755696600000,13.4,13.41,13.32,13.35,5583.65
1755696900000,13.35,13.52,13.35,13.41,8054.37
1755697200000,13.42,13.44,13.34,13.34,3633.79
1755697500000,13.34,13.35,13.23,13.26,9015.82
1755697800000,13.25,13.25,13.17,13.22,15404.78
1755698100000,13.23,13.3,13.21,13.23,10122.45
1755698400000,13.23,13.32,13.23,13.27,2226.1
1755698700000,13.26,13.26,13.13,13.16,17932.3
1755699000000,13.16,13.21,13.13,13.2,3399.75
1755699300000,13.19,13.31,13.13,13.27,4657.27
1755699600000,13.26,13.32,13.25,13.31,4269.82
1755699900000,13.3,13.37,13.28,13.34,4186.42
1755700200000,13.35,13.49,13.35,13.47,4549.52
1755700500000,13.47,13.53,13.42,13.5,11372.0
1755700800000,13.49,13.52,13.46,13.5,5133.21
1755701100000,13.49,13.62,13.47,13.6,6327.36
1755701400000,13.61,13.62,13.52,13.52,5673.12
1755701700000,13.53,13.53,13.49,13.5,1231.6
1755702000000,13.49,13.61,13.49,13.6,10022.1
1755702300000,13.6,13.76,13.6,13.72,21891.99
1755702600000,13.71,13.71,13.65,13.68,6749.67
1755702900000,13.68,13.78,13.67,13.75,11602.73
1755703200000,13.75,13.8,13.75,13.79,12538.21
1755703500000,13.79,13.8,13.75,13.77,8926.1
1755703800000,13.77,13.79,13.74,13.77,2339.4
1755704100000,13.77,13.82,13.74,13.79,8484.4
1755704400000,13.79,13.85,13.76,13.76,8187.97
1755704700000,13.77,13.78,13.69,13.7,6597.98
1755705000000,13.7,13.72,13.64,13.67,6759.44
1755705300000,13.67,13.7,13.64,13.68,1791.09
1755705600000,13.69,13.83,13.68,13.78,8594.7
1755705900000,13.78,13.82,13.76,13.78,5791.89
1755706200000,13.77,13.83,13.76,13.81,8617.57
1755706500000,13.81,13.93,13.81,13.93,10426.85
1755706800000,13.93,13.97,13.91,13.93,10891.05
1755707100000,13.93,13.97,13.92,13.95,4053.73
1755707400000,13.96,13.96,13.9,13.92,3171.59
1755707700000,13.91,13.91,13.82,13.88,3637.41
1755708000000,13.88,13.88,13.81,13.84,3665.0
1755708300000,13.84,13.88,13.83,13.84,1815.56
1755708600000,13.84,13.88,13.84,13.87,1213.22
1755708900000,13.87,13.87,13.8,13.82,3351.8
1755709200000,13.82,13.9,13.82,13.87,8405.07
1755709500000,13.88,13.88,13.82,13.86,1502.07
1755709800000,13.86,13.87,13.8,13.8,1304.2
1755710100000,13.8,13.82,13.77,13.81,1937.05
1755710400000,13.81,13.87,13.81,13.82,694.33
1755710700000,13.83,13.83,13.79,13.79,1023.33
1755711000000,13.8,13.83,13.78,13.83,589.61
1755711300000,13.83,13.84,13.81,13.83,3021.11
1755711600000,13.82,13.95,13.81,13.95,7589.03
1755711900000,13.95,14.0,13.87,13.89,5453.82
1755712200000,13.9,13.94,13.87,13.91,3252.01
1755712500000,13.91,13.95,13.91,13.95,1887.23
1755712800000,13.95,13.95,13.81,13.81,3970.98
1755713100000,13.8,13.82,13.77,13.79,4947.76
1755713400000,13.8,13.84,13.75,13.76,1231.19
1755713700000,13.75,13.75,13.7,13.71,7130.62
1755714000000,13.71,13.73,13.69,13.7,3835.32
1755714300000,13.71,13.72,13.67,13.69,1369.27
1755714600000,13.69,13.74,13.68,13.74,2146.14
1755714900000,13.73,13.76,13.71,13.76,2322.97
1755715200000,13.77,13.81,13.74,13.79,7552.39
1755715500000,13.79,13.83,13.78,13.83,4133.7
1755715800000,13.83,13.86,13.8,13.85,3160.49
1755716100000,13.84,13.85,13.8,13.8,1050.9
1755716400000,13.8,13.88,13.79,13.85,2384.88
1755716700000,13.86,13.89,13.84,13.86,1729.69
1755717000000,13.86,13.92,13.86,13.91,1578.08
1755717300000,13.91,13.95,13.9,13.93,1740.64
1755717600000,13.92,14.03,13.91,14.03,2472.6
1755717900000,14.02,14.02,13.98,14.0,1798.44
1755718200000,14.0,14.03,13.98,14.02,5765.93
1755718500000,14.02,14.04,14.0,14.01,4065.39
1755718800000,14.01,14.06,14.0,14.06,1648.84
1755719100000,14.05,14.07,14.0,14.07,11500.16
1755719400000,14.06,14.1,14.05,14.07,7970.84
1755719700000,14.06,14.1,14.06,14.08,3115.67
1755720000000,14.09,14.1,14.05,14.08,3274.88
1755720300000,14.08,14.14,14.08,14.12,7761.64
1755720600000,14.13,14.13,14.08,14.09,3711.34
1755720900000,14.09,14.1,14.03,14.03,7244.85
1755721200000,14.02,14.08,14.02,14.08,3208.87
1755721500000,14.08,14.09,14.05,14.09,1552.12
1755721800000,14.08,14.11,14.05,14.07,2157.27
1755722100000,14.07,14.1,14.05,14.06,664.32
1755722400000,14.07,14.1,14.07,14.09,960.45
1755722700000,14.09,14.13,14.09,14.1,812.91
1755723000000,14.1,14.16,14.1,14.13,2641.88
1755723300000,14.12,14.15,14.12,14.13,1107.07
1755723600000,14.13,14.18,14.12,14.13,7667.8
1755723900000,14.13,14.16,14.12,14.16,11748.83
1755724200000,14.16,14.17,14.09,14.12,3983.39
1755724500000,14.12,14.12,14.01,14.01,3632.22
1755724800000,14.02,14.06,14.01,14.05,3797.42
1755725100000,14.06,14.07,14.0,14.02,2362.55
1755725400000,14.02,14.04,13.98,13.98,2779.13
1755725700000,13.99,14.05,13.98,14.05,1333.3
1755726000000,14.05,14.13,14.05,14.12,2979.03
1755726300000,14.12,14.12,14.09,14.1,304.49
1755726600000,14.09,14.13,14.09,14.1,10011.39
1755726900000,14.11,14.11,14.09,14.09,928.76
1755727200000,14.08,14.12,14.06,14.06,3338.47
1755727500000,14.06,14.06,14.02,14.02,955.73
1755727800000,14.02,14.04,14.01,14.04,822.22
1755728100000,14.04,14.05,14.02,14.04,1204.14
1755728400000,14.04,14.08,14.04,14.07,658.59
1755728700000,14.07,14.07,14.05,14.07,3340.83
1755729000000,14.07,14.08,14.06,14.06,387.61
1755729300000,14.06,14.06,14.03,14.04,519.32
1755729600000,14.04,14.08,14.04,14.06,1351.48
1755729900000,14.06,14.1,14.06,14.09,919.76
1755730200000,14.09,14.1,14.07,14.1,1191.19
1755730500000,14.11,14.12,14.08,14.09,2031.83
1755730800000,14.09,14.09,14.07,14.07,479.33
1755731100000,14.07,14.08,14.05,14.08,1198.35
1755731400000,14.08,14.08,14.05,14.06,620.86
1755731700000,14.05,14.06,14.03,14.04,3681.63
1755732000000,14.03,14.03,14.01,14.01,2288.65
1755732300000,14.01,14.01,13.99,13.99,1785.8
1755732600000,14.0,14.0,13.97,13.97,930.46
1755732900000,13.98,13.98,13.95,13.97,9168.85
1755733200000,13.97,13.99,13.97,13.99,2584.47
1755733500000,13.99,14.0,13.95,13.96,684.92
1755733800000,13.95,13.95,13.94,13.94,1120.49
1755734100000,13.94,13.97,13.94,13.97,1175.86
1755734400000,13.96,13.98,13.94,13.94,2903.39
1755734700000,13.95,13.95,13.91,13.91,3004.21
1755735000000,13.91,13.93,13.91,13.91,847.16
1755735300000,13.9,13.93,13.87,13.89,3333.31
1755735600000,13.89,13.89,13.87,13.89,1447.84
1755735900000,13.89,13.89,13.87,13.88,1270.29
1755736200000,13.89,13.92,13.89,13.91,602.13
1755736500000,13.92,13.98,13.92,13.96,2905.96
1755736800000,13.96,13.97,13.94,13.95,1933.67
1755737100000,13.95,13.97,13.89,13.9,676.95
1755737400000,13.9,13.93,13.9,13.91,534.92
1755737700000,13.92,13.97,13.92,13.95,2856.11
1755738000000,13.96,13.96,13.94,13.94,270.6
1755738300000,13.94,13.95,13.93,13.93,1375.82
1755738600000,13.93,13.95,13.91,13.93,386.04
1755738900000,13.93,13.93,13.88,13.89,2542.62
1755739200000,13.89,13.93,13.89,13.93,1452.05
1755739500000,13.93,13.93,13.91,13.91,926.68
1755739800000,13.92,13.92,13.9,13.92,860.23
1755740100000,13.93,13.94,13.91,13.94,2402.59
1755740400000,13.94,13.99,13.94,13.99,837.45
1755740700000,13.98,14.01,13.97,14.0,1512.45
1755741000000,14.0,14.07,14.0,14.07,3765.56
1755741300000,14.06,14.1,14.04,14.1,3492.58
1755741600000,14.09,14.13,14.05,14.05,6259.54
1755741900000,14.04,14.04,13.96,13.98,2940.08
1755742200000,13.97,13.97,13.92,13.93,546.58
1755742500000,13.92,13.92,13.84,13.86,2612.83
1755742800000,13.86,13.89,13.85,13.87,253.84
1755743100000,13.88,13.89,13.85,13.86,715.47
1755743400000,13.86,13.86,13.81,13.82,7422.52
1755743700000,13.81,13.81,13.77,13.78,2633.37
1755744000000,13.78,13.8,13.77,13.78,1513.7
1755744300000,13.79,13.81,13.78,13.79,1892.58
1755744600000,13.79,13.82,13.79,13.82,839.79
1755744900000,13.83,13.83,13.81,13.82,540.87
1755745200000,13.82,13.87,13.82,13.87,1436.89
1755745500000,13.88,14.01,13.88,14.01,1433.95
1755745800000,14.02,14.07,13.98,14.0,2251.27
1755746100000,14.0,14.01,13.95,13.95,1478.34
1755746400000,13.95,13.95,13.92,13.92,2293.3
1755746700000,13.93,13.95,13.92,13.92,426.02
1755747000000,13.93,13.93,13.89,13.9,2778.4
1755747300000,13.91,13.91,13.89,13.9,958.03
1755747600000,13.9,13.92,13.9,13.9,930.43
1755747900000,13.89,13.91,13.87,13.87,406.12
1755748200000,13.87,13.88,13.84,13.85,5989.29
1755748500000,13.84,13.86,13.82,13.82,2122.83
1755748800000,13.83,13.86,13.82,13.86,572.8
1755749100000,13.86,13.86,13.82,13.82,1279.88
1755749400000,13.82,13.83,13.81,13.82,120.15
1755749700000,13.83,13.86,13.82,13.84,803.44
1755750000000,13.85,13.86,13.83,13.85,415.73
1755750300000,13.84,13.86,13.83,13.86,937.57
1755750600000,13.85,13.92,13.84,13.9,2023.4
1755750900000,13.9,13.93,13.86,13.86,728.86
1755751200000,13.86,13.87,13.85,13.87,312.32
1755751500000,13.88,13.88,13.87,13.87,386.69
1755751800000,13.86,13.86,13.82,13.82,643.91
1755752100000,13.82,13.82,13.81,13.81,1207.61
1755752400000,13.81,13.81,13.77,13.78,789.67
1755752700000,13.78,13.78,13.75,13.76,3525.95
1755753000000,13.75,13.77,13.75,13.77,1982.46
1755753300000,13.78,13.85,13.78,13.82,4398.69
1755753600000,13.81,13.84,13.79,13.83,4342.93
1755753900000,13.83,13.84,13.81,13.81,419.47
1755754200000,13.81,13.88,13.81,13.85,14944.64
1755754500000,13.86,13.86,13.82,13.82,3207.65
1755754800000,13.82,13.85,13.81,13.85,1787.55
1755755100000,13.86,13.9,13.84,13.9,5020.53
1755755400000,13.9,13.91,13.89,13.89,1654.84
1755755700000,13.88,13.89,13.87,13.89,1514.26
1755756000000,13.88,13.89,13.8,13.8,3495.99
1755756300000,13.8,13.8,13.76,13.78,1162.81
1755756600000,13.78,13.79,13.77,13.78,276.43
1755756900000,13.79,13.79,13.76,13.77,2410.63
1755757200000,13.77,13.78,13.74,13.75,1503.59
1755757500000,13.74,13.76,13.74,13.74,1306.09
1755757800000,13.75,13.79,13.74,13.78,1100.4
1755758100000,13.78,13.85,13.78,13.79,10580.18
1755758400000,13.8,13.81,13.79,13.81,178.95
1755758700000,13.81,13.81,13.78,13.79,508.64
1755759000000,13.79,13.8,13.78,13.79,409.66
1755759300000,13.79,13.8,13.77,13.8,735.32
1755759600000,13.79,13.79,13.75,13.77,488.95
1755759900000,13.78,13.83,13.76,13.8,1763.09
1755760200000,13.79,13.79,13.74,13.74,488.72
1755760500000,13.75,13.76,13.71,13.71,661.64
1755760800000,13.72,13.73,13.67,13.73,5744.56
1755761100000,13.72,13.75,13.71,13.72,1350.55
1755761400000,13.71,13.78,13.69,13.77,3182.85
1755761700000,13.77,13.82,13.76,13.81,1085.96
1755762000000,13.81,13.81,13.78,13.78,2448.83
1755762300000,13.78,13.79,13.77,13.78,536.64
1755762600000,13.79,13.82,13.79,13.81,780.81
1755762900000,13.82,13.82,13.8,13.8,155.47
1755763200000,13.8,13.82,13.78,13.78,2765.72
1755763500000,13.77,13.8,13.76,13.8,267.18
1755763800000,13.79,13.79,13.78,13.79,187.14
1755764100000,13.79,13.79,13.72,13.73,1336.5
1755764400000,13.74,13.74,13.71,13.73,2249.39
1755764700000,13.74,13.76,13.71,13.72,475.67
1755765000000,13.73,13.73,13.7,13.7,746.38
1755765300000,13.7,13.7,13.68,13.68,1002.29
1755765600000,13.68,13.7,13.67,13.68,759.4
1755765900000,13.69,13.7,13.68,13.69,1244.48
1755766200000,13.68,13.68,13.64,13.65,2636.27
1755766500000,13.65,13.65,13.62,13.62,1598.11
1755766800000,13.61,13.63,13.58,13.59,3579.47
1755767100000,13.59,13.62,13.59,13.59,660.48
1755767400000,13.59,13.6,13.59,13.6,1875.67
1755767700000,13.59,13.59,13.56,13.58,2809.1
1755768000000,13.59,13.59,13.57,13.57,1883.96
1755768300000,13.57,13.61,13.57,13.61,989.69
1755768600000,13.61,13.68,13.59,13.66,1116.95
1755768900000,13.66,13.68,13.65,13.68,682.79
1755769200000,13.68,13.7,13.68,13.7,1280.24
1755769500000,13.71,13.71,13.67,13.67,1632.19
1755769800000,13.68,13.69,13.64,13.64,1592.5
1755770100000,13.64,13.65,13.63,13.63,854.11
1755770400000,13.63,13.63,13.59,13.6,514.25
1755770700000,13.6,13.67,13.6,13.65,1779.95
1755771000000,13.65,13.65,13.63,13.64,807.12
1755771300000,13.64,13.66,13.58,13.63,6524.28
1755771600000,13.63,13.64,13.62,13.62,1032.82
1755771900000,13.62,13.67,13.61,13.66,463.74
1755772200000,13.66,13.66,13.62,13.62,734.05
1755772500000,13.62,13.62,13.6,13.61,853.36
1755772800000,13.61,13.67,13.61,13.63,595.92
1755773100000,13.64,13.66,13.62,13.62,583.55
1755773400000,13.62,13.64,13.62,13.64,125.27
1755773700000,13.63,13.64,13.6,13.6,48.74
1755774000000,13.61,13.63,13.6,13.62,1033.05
1755774300000,13.62,13.65,13.62,13.62,287.16
1755774600000,13.62,13.62,13.61,13.61,165.22
1755774900000,13.61,13.63,13.6,13.62,4224.06
1771545600000,3.286,3.298,3.184,3.191,111275.0
1771545900000,3.19,3.211,3.156,3.181,19400.28
1771546200000,3.182,3.196,3.174,3.186,9249.66
1771546500000,3.183,3.208,3.168,3.193,9218.63
1771546800000,3.19,3.211,3.19,3.201,2838.81
1771547100000,3.201,3.238,3.2,3.22,4767.79
1771547400000,3.224,3.235,3.213,3.221,7069.18
1771547700000,3.221,3.233,3.216,3.223,6514.53
1771548000000,3.221,3.242,3.221,3.235,6305.69
1771548300000,3.235,3.252,3.227,3.249,6909.02
1771548600000,3.249,3.25,3.234,3.238,4423.05
1771548900000,3.238,3.244,3.232,3.239,2340.83
1771549200000,3.24,3.244,3.222,3.231,4775.0
1771549500000,3.23,3.23,3.218,3.221,3204.82
1771549800000,3.223,3.224,3.215,3.218,2324.51
1771550100000,3.218,3.236,3.215,3.228,6630.21
1771550400000,3.226,3.239,3.195,3.201,28218.5
1771550700000,3.202,3.217,3.198,3.214,3413.0
1771551000000,3.217,3.237,3.211,3.231,5261.31
1771551300000,3.232,3.249,3.227,3.24,5229.05
1771551600000,3.241,3.242,3.232,3.239,2015.34
1771551900000,3.238,3.25,3.23,3.236,3445.77
1771552200000,3.236,3.252,3.215,3.217,23838.35
1771552500000,3.218,3.236,3.218,3.235,1816.28
1771552800000,3.235,3.254,3.234,3.245,9569.9
1771553100000,3.247,3.253,3.242,3.248,1332.11
1771553400000,3.247,3.255,3.246,3.25,2298.19
1771553700000,3.249,3.282,3.249,3.275,12772.04
1771554000000,3.274,3.275,3.251,3.254,1945.08
1771554300000,3.254,3.275,3.253,3.265,3794.66
1771554600000,3.264,3.28,3.262,3.275,3732.82
1771554900000,3.275,3.277,3.251,3.259,9454.77
1771555200000,3.258,3.267,3.253,3.258,4764.98
1771555500000,3.257,3.26,3.251,3.252,6045.07
1771555800000,3.253,3.272,3.229,3.232,28503.34
1771556100000,3.23,3.237,3.215,3.224,14098.44
1771556400000,3.226,3.234,3.214,3.219,10917.71
1771556700000,3.219,3.221,3.213,3.216,2153.86
1771557000000,3.216,3.221,3.216,3.217,3206.99
1771557300000,3.218,3.219,3.211,3.211,5259.46
1771557600000,3.214,3.232,3.214,3.227,2536.19
1771557900000,3.228,3.234,3.22,3.22,2156.33
1771558200000,3.219,3.222,3.215,3.215,741.63
1771558500000,3.214,3.218,3.202,3.211,4859.74
1771558800000,3.211,3.211,3.192,3.198,3053.4
1771559100000,3.201,3.204,3.198,3.203,2054.31
1771559400000,3.204,3.217,3.204,3.212,3457.05
1771559700000,3.213,3.221,3.209,3.212,3386.91
1771560000000,3.213,3.224,3.205,3.205,3314.17
1771560300000,3.206,3.218,3.196,3.198,7233.98
1771560600000,3.195,3.208,3.191,3.208,2355.66
1771560900000,3.208,3.216,3.177,3.177,12569.71
1771561200000,3.176,3.179,3.164,3.175,7873.18
1771561500000,3.172,3.178,3.168,3.171,1206.08
1771561800000,3.17,3.2,3.17,3.192,36338.58
1771562100000,3.193,3.197,3.179,3.192,6988.06
1771562400000,3.193,3.2,3.188,3.199,2351.45
1771562700000,3.198,3.203,3.183,3.201,2523.63
1771563000000,3.198,3.201,3.197,3.198,585.08
1771563300000,3.198,3.198,3.187,3.19,988.82
1771563600000,3.19,3.196,3.183,3.195,1024.0
1771563900000,3.194,3.196,3.181,3.193,2436.48
1771564200000,3.194,3.207,3.187,3.206,1244.31
1771564500000,3.205,3.206,3.192,3.193,2640.11
1771564800000,3.192,3.199,3.191,3.195,2171.66
1771565100000,3.195,3.214,3.195,3.211,2133.41
1771565400000,3.207,3.229,3.204,3.226,1789.87
1771565700000,3.229,3.236,3.226,3.236,1205.3
1771566000000,3.234,3.245,3.23,3.241,3295.46
1771566300000,3.241,3.25,3.237,3.25,3191.0
1771566600000,3.251,3.265,3.251,3.254,7333.83
1771566900000,3.255,3.285,3.254,3.282,7491.34
1771567200000,3.282,3.295,3.27,3.27,8350.48
1771567500000,3.272,3.272,3.259,3.265,1541.5
1771567800000,3.266,3.28,3.259,3.272,7211.24
1771568100000,3.272,3.283,3.256,3.26,5096.6
1771568400000,3.257,3.263,3.25,3.25,2539.56
1771568700000,3.251,3.255,3.244,3.254,3998.52
1771569000000,3.252,3.265,3.248,3.257,2756.35
1771569300000,3.256,3.256,3.249,3.256,1815.69
1771569600000,3.256,3.256,3.25,3.253,668.44
1771569900000,3.253,3.262,3.252,3.262,1246.57
1771570200000,3.262,3.265,3.252,3.261,4241.22
1771570500000,3.262,3.294,3.258,3.288,8070.67
1771570800000,3.287,3.291,3.267,3.282,9430.44
1771571100000,3.281,3.283,3.264,3.275,4892.71
1771571400000,3.276,3.283,3.268,3.283,4593.05
1771571700000,3.283,3.287,3.273,3.278,2442.4
1771572000000,3.28,3.282,3.262,3.266,4077.72
1771572300000,3.263,3.273,3.254,3.254,3224.17
1771572600000,3.254,3.258,3.239,3.249,39635.11
1771572900000,3.246,3.249,3.242,3.247,1655.55
1771573200000,3.243,3.248,3.238,3.243,2079.79
1771573500000,3.243,3.244,3.234,3.242,3155.36
1771573800000,3.244,3.274,3.244,3.261,16323.22
1771574100000,3.26,3.265,3.242,3.252,19601.74
1771574400000,3.25,3.276,3.223,3.268,25250.17
1771574700000,3.268,3.279,3.259,3.279,7098.27
1771575000000,3.279,3.282,3.26,3.262,6134.07
1771575300000,3.261,3.261,3.25,3.254,2321.99
1771575600000,3.253,3.26,3.25,3.25,1585.18
1771575900000,3.25,3.254,3.245,3.25,2045.91
1771576200000,3.251,3.261,3.245,3.245,6387.03
1771576500000,3.247,3.259,3.247,3.257,4582.37
1771576800000,3.252,3.265,3.248,3.26,6677.17
1771577100000,3.26,3.265,3.251,3.251,4971.29
1771577400000,3.252,3.254,3.239,3.247,4188.66
1771577700000,3.246,3.247,3.238,3.242,1988.68
1771578000000,3.244,3.255,3.238,3.255,3116.29
1771578300000,3.251,3.272,3.249,3.264,10979.26
1771578600000,3.263,3.271,3.256,3.257,14884.99
1771578900000,3.258,3.271,3.258,3.267,3839.22
1771579200000,3.267,3.285,3.264,3.276,11874.02
1771579500000,3.275,3.289,3.275,3.279,3233.23
1771579800000,3.28,3.281,3.265,3.268,1944.08
1771580100000,3.268,3.271,3.259,3.266,2202.68
1771580400000,3.265,3.267,3.259,3.259,5684.38
1771580700000,3.258,3.258,3.248,3.256,5721.01
1771581000000,3.256,3.27,3.256,3.26,2169.3
1771581300000,3.26,3.261,3.255,3.257,2084.28
1771581600000,3.256,3.26,3.246,3.249,3300.18
1771581900000,3.25,3.275,3.25,3.273,6670.52
1771582200000,3.273,3.277,3.263,3.273,8910.87
1771582500000,3.273,3.28,3.269,3.276,7067.6
1771582800000,3.275,3.28,3.267,3.267,2859.17
1771583100000,3.269,3.273,3.265,3.267,1882.3
1771583400000,3.266,3.278,3.266,3.275,9546.26
1771583700000,3.275,3.28,3.271,3.277,10965.98
1771584000000,3.277,3.288,3.277,3.286,8836.12
1771584300000,3.286,3.295,3.285,3.289,4955.74
1771584600000,3.289,3.299,3.285,3.287,4745.23
1771584900000,3.287,3.29,3.277,3.282,4372.63
1771585200000,3.281,3.3,3.274,3.298,14381.92
1771585500000,3.297,3.34,3.295,3.329,28950.71
1771585800000,3.328,3.349,3.325,3.325,28863.63
1771586100000,3.33,3.345,3.303,3.309,17809.6
1771586400000,3.309,3.315,3.262,3.265,17650.04
1771586700000,3.266,3.28,3.265,3.28,4788.94
1771587000000,3.282,3.306,3.282,3.303,7119.85
1771587300000,3.303,3.332,3.303,3.329,9882.12
1771587600000,3.33,3.345,3.319,3.334,30170.44
1771587900000,3.327,3.355,3.321,3.34,29587.16
1771588200000,3.332,3.353,3.332,3.336,5569.54
1771588500000,3.337,3.348,3.327,3.335,12391.44
1771588800000,3.335,3.342,3.313,3.321,7748.8
1771589100000,3.32,3.335,3.318,3.321,4239.31
1771589400000,3.323,3.336,3.315,3.326,14498.35
1771589700000,3.329,3.34,3.321,3.33,4256.09
1771590000000,3.328,3.335,3.317,3.321,6311.2
1771590300000,3.32,3.322,3.303,3.308,2438.26
1771590600000,3.307,3.307,3.29,3.294,7497.06
1771590900000,3.294,3.32,3.292,3.305,9102.14
1771591200000,3.306,3.308,3.297,3.303,4943.15
1771591500000,3.305,3.307,3.285,3.289,4743.88
1771591800000,3.288,3.303,3.283,3.289,4542.38
1771592100000,3.288,3.304,3.275,3.302,6934.49
1771592400000,3.302,3.305,3.285,3.297,10930.84
1771592700000,3.297,3.297,3.274,3.289,4104.8
1771593000000,3.29,3.301,3.288,3.299,4573.53
1771593300000,3.299,3.299,3.277,3.285,2360.15
1771593600000,3.284,3.288,3.272,3.272,6911.2
1771593900000,3.273,3.285,3.272,3.282,10034.97
1771594200000,3.281,3.289,3.256,3.261,16639.29
1771594500000,3.26,3.276,3.252,3.265,11424.43
1771594800000,3.263,3.275,3.253,3.273,3940.46
1771595100000,3.273,3.273,3.246,3.267,29096.95
1771595400000,3.267,3.31,3.267,3.305,7853.78
1771595700000,3.307,3.315,3.297,3.297,6840.6
1771596000000,3.295,3.335,3.29,3.335,12412.19
1771596300000,3.332,3.333,3.309,3.33,3830.69
1771596600000,3.329,3.331,3.284,3.29,3258.58
1771596900000,3.293,3.295,3.265,3.266,27369.24
1771597200000,3.266,3.27,3.251,3.266,4731.12
1771597500000,3.27,3.281,3.27,3.277,8405.37
1771597800000,3.275,3.303,3.27,3.296,4671.46
1771598100000,3.297,3.34,3.297,3.325,27456.7
1771598400000,3.328,3.329,3.308,3.328,7066.29
1771598700000,3.327,3.327,3.306,3.314,1944.74
1771599000000,3.315,3.323,3.312,3.315,3971.01
1771599300000,3.314,3.314,3.293,3.3,5671.36
1771599600000,3.303,3.359,3.296,3.335,17109.7
1771599900000,3.339,3.35,3.325,3.347,6738.81
1771600200000,3.347,3.363,3.337,3.341,7271.53
1771600500000,3.344,3.414,3.344,3.398,70259.2
1771600800000,3.395,3.399,3.362,3.377,16886.81
1771601100000,3.38,3.396,3.379,3.394,1701.69
1771601400000,3.397,3.408,3.393,3.393,4400.47
1771601700000,3.395,3.399,3.367,3.371,13100.41
1771602000000,3.372,3.376,3.347,3.352,10143.54
1771602300000,3.352,3.381,3.352,3.375,7527.55
1771602600000,3.374,3.394,3.364,3.391,4272.92
1771602900000,3.393,3.467,3.393,3.446,18479.11
1771603200000,3.446,3.456,3.419,3.436,25839.54
1771603500000,3.437,3.437,3.409,3.429,25196.86
1771603800000,3.432,3.434,3.411,3.414,6363.91
1771604100000,3.419,3.431,3.404,3.431,10458.01
1771604400000,3.43,3.435,3.404,3.425,12429.23
1771604700000,3.423,3.423,3.393,3.393,4914.46
1771605000000,3.392,3.42,3.386,3.406,11073.51
1771605300000,3.406,3.411,3.396,3.406,29305.77
1771605600000,3.406,3.409,3.386,3.409,2275.24
1771605900000,3.404,3.415,3.392,3.415,2455.59
1771606200000,3.413,3.431,3.401,3.421,6899.81
1771606500000,3.418,3.424,3.41,3.422,4551.23
1771606800000,3.422,3.432,3.418,3.425,2672.03
1771607100000,3.423,3.423,3.394,3.399,2727.47
1771607400000,3.403,3.403,3.373,3.373,2056.89
1771607700000,3.372,3.385,3.361,3.364,5476.82
1771608000000,3.363,3.379,3.36,3.375,3678.83
1771608300000,3.373,3.379,3.364,3.373,4401.9
1771608600000,3.374,3.379,3.363,3.364,3189.98
1771608900000,3.365,3.385,3.352,3.38,16187.14
1771609200000,3.38,3.385,3.368,3.372,8150.71
1771609500000,3.372,3.4,3.369,3.398,5606.13
1771609800000,3.397,3.4,3.387,3.397,3571.36
1771610100000,3.395,3.403,3.385,3.398,6837.38
1771610400000,3.399,3.403,3.387,3.395,3135.38
1771610700000,3.396,3.41,3.388,3.391,3372.55
1771611000000,3.393,3.417,3.393,3.413,3780.62
1771611300000,3.411,3.421,3.391,3.398,11067.08
1771611600000,3.394,3.394,3.376,3.392,2753.03
1771611900000,3.394,3.401,3.389,3.4,1857.34
1771612200000,3.401,3.418,3.395,3.408,2783.87
1771612500000,3.408,3.408,3.381,3.402,2334.46
1771612800000,3.396,3.408,3.391,3.391,1513.83
1771613100000,3.395,3.402,3.395,3.396,331.59
1771613400000,3.395,3.402,3.387,3.395,1758.64
1771613700000,3.393,3.398,3.388,3.396,5062.19
1771614000000,3.397,3.409,3.385,3.387,1855.24
1771614300000,3.387,3.39,3.383,3.388,1775.83
1771614600000,3.385,3.389,3.382,3.382,534.28
1771614900000,3.381,3.385,3.381,3.383,526.55
1771615200000,3.384,3.39,3.38,3.388,3565.37
1771615500000,3.389,3.391,3.369,3.372,2287.12
1771615800000,3.374,3.395,3.372,3.395,1088.59
1771616100000,3.397,3.4,3.392,3.392,2053.24
1771616400000,3.391,3.393,3.373,3.373,1494.65
1771616700000,3.374,3.377,3.373,3.373,891.44
1771617000000,3.372,3.377,3.372,3.375,242.79
1771617300000,3.376,3.385,3.376,3.385,1682.63
1771617600000,3.382,3.389,3.379,3.379,793.94
1771617900000,3.385,3.399,3.385,3.399,8792.93
1771618200000,3.394,3.396,3.385,3.396,635.47
1771618500000,3.396,3.396,3.386,3.391,659.87
1771618800000,3.393,3.393,3.38,3.383,540.44
1771619100000,3.383,3.383,3.369,3.374,4207.39
1771619400000,3.379,3.382,3.374,3.379,1091.73
1771619700000,3.377,3.386,3.376,3.386,888.95
1771620000000,3.386,3.392,3.383,3.392,564.55
1771620300000,3.392,3.393,3.383,3.384,804.41
1771620600000,3.386,3.396,3.382,3.396,786.91
1771620900000,3.393,3.396,3.38,3.385,9199.96
1771621200000,3.385,3.388,3.378,3.386,3182.91
1771621500000,3.386,3.394,3.382,3.392,3864.47
1771621800000,3.388,3.397,3.388,3.392,3084.42
1771622100000,3.396,3.399,3.395,3.396,889.2
1771622400000,3.395,3.407,3.392,3.403,4132.35
1771622700000,3.401,3.401,3.397,3.4,360.26
1771623000000,3.399,3.406,3.399,3.404,1801.66
1771623300000,3.403,3.429,3.403,3.422,7791.08
1771623600000,3.42,3.424,3.415,3.419,1025.92
1771623900000,3.414,3.416,3.409,3.414,871.34
1771624200000,3.413,3.423,3.411,3.417,5153.94
1771624500000,3.416,3.435,3.416,3.423,16707.68
1771624800000,3.422,3.423,3.401,3.402,2086.82
1771625100000,3.402,3.402,3.394,3.399,1757.21
1771625400000,3.396,3.396,3.382,3.382,5542.61
1771625700000,3.385,3.385,3.368,3.377,3558.84
1771626000000,3.378,3.396,3.375,3.395,2462.91
1771626300000,3.392,3.398,3.39,3.398,2382.07
1771626600000,3.398,3.411,3.396,3.406,536.87
1771626900000,3.403,3.406,3.399,3.399,536.79
1771627200000,3.402,3.407,3.4,3.402,625.92
1771627500000,3.402,3.419,3.4,3.419,6544.59
1771627800000,3.416,3.419,3.415,3.415,207.08
1771628100000,3.415,3.431,3.415,3.431,3150.35
1771628400000,3.431,3.459,3.429,3.442,49657.58
1771628700000,3.443,3.445,3.424,3.425,5291.71
1771629000000,3.424,3.424,3.416,3.416,3198.43
1771629300000,3.415,3.42,3.414,3.417,1847.0
1771629600000,3.418,3.43,3.417,3.417,809.66
1771629900000,3.419,3.423,3.417,3.423,1692.62
1771630200000,3.423,3.43,3.422,3.43,913.53
1771630500000,3.429,3.429,3.411,3.414,650.16
1771630800000,3.413,3.427,3.413,3.425,1594.91
1771631100000,3.426,3.435,3.426,3.433,1589.83
1771631400000,3.431,3.445,3.431,3.445,4114.93
1771631700000,3.446,3.449,3.445,3.447,1998.6
1771632000000,3.445,3.465,3.421,3.423,6045.11
1771632300000,3.425,3.44,3.414,3.434,3945.52
1771632600000,3.435,3.444,3.428,3.43,1261.73
1771632900000,3.431,3.446,3.427,3.432,4183.01
1771633200000,3.431,3.431,3.416,3.423,695.91
1771633500000,3.422,3.426,3.412,3.422,3994.21
1771633800000,3.422,3.423,3.409,3.419,10086.44
1771634100000,3.418,3.426,3.411,3.426,4810.96
1771634400000,3.42,3.446,3.42,3.44,7340.28
1771634700000,3.44,3.486,3.44,3.474,24025.03
1771635000000,3.471,3.476,3.453,3.472,20312.74
1771635300000,3.47,3.473,3.452,3.453,4233.84
1771635600000,3.455,3.462,3.44,3.447,3120.18
1771635900000,3.446,3.476,3.446,3.472,3644.61
1771636200000,3.471,3.484,3.465,3.476,11123.81
1771636500000,3.475,3.482,3.464,3.476,3628.54
1771636800000,3.476,3.495,3.47,3.471,7843.75
1771637100000,3.471,3.481,3.468,3.475,1766.47
1771637400000,3.475,3.478,3.456,3.456,8790.74
1771637700000,3.457,3.46,3.43,3.435,13843.07
1771638000000,3.435,3.441,3.434,3.441,1302.04
1771638300000,3.441,3.448,3.437,3.442,3582.23
1771638600000,3.44,3.44,3.423,3.424,3588.16
1771638900000,3.423,3.443,3.416,3.437,3964.41
1771639200000,3.435,3.441,3.424,3.425,3391.25
1771639500000,3.425,3.426,3.417,3.425,2777.7
1771639800000,3.421,3.434,3.421,3.43,975.62
1771640100000,3.431,3.435,3.422,3.435,814.65
1771640400000,3.435,3.449,3.435,3.445,2344.26
1771640700000,3.447,3.454,3.447,3.452,357.33
1771641000000,3.453,3.483,3.453,3.475,8627.45
1771641300000,3.476,3.483,3.465,3.47,6663.87
1771641600000,3.468,3.483,3.466,3.483,4866.5
1771641900000,3.481,3.499,3.481,3.49,4622.62
1771642200000,3.49,3.49,3.471,3.475,1924.22
1771642500000,3.474,3.481,3.474,3.478,597.34
1771642800000,3.477,3.477,3.437,3.437,2362.3
1771643100000,3.435,3.47,3.43,3.466,16319.49
1771643400000,3.469,3.483,3.456,3.462,4447.19
1771643700000,3.461,3.47,3.446,3.465,11406.04
1771644000000,3.467,3.476,3.466,3.472,1308.55
1771644300000,3.471,3.477,3.471,3.477,914.77
1771644600000,3.479,3.501,3.479,3.493,5006.2
1771644900000,3.493,3.522,3.48,3.506,8246.14
1771645200000,3.505,3.505,3.471,3.478,14703.16
1771645500000,3.476,3.484,3.466,3.47,58704.8
1771645800000,3.47,3.472,3.444,3.453,23804.95
1771646100000,3.456,3.466,3.448,3.462,21864.27
1771646400000,3.46,3.481,3.455,3.463,20316.62
1771646700000,3.462,3.468,3.461,3.468,635.75
1771647000000,3.468,3.47,3.461,3.468,5066.48
1771647300000,3.468,3.49,3.465,3.49,5826.48
1771647600000,3.489,3.492,3.472,3.473,3532.68
1771647900000,3.473,3.499,3.473,3.497,1585.65
1771648200000,3.495,3.502,3.494,3.498,3990.56
1771648500000,3.499,3.514,3.485,3.496,19532.4
1771648800000,3.496,3.506,3.491,3.496,5197.78
1771649100000,3.498,3.5,3.48,3.483,7415.63
1771649400000,3.483,3.491,3.48,3.49,4346.26
1771649700000,3.488,3.49,3.482,3.487,2127.51
1771650000000,3.487,3.504,3.485,3.504,3723.54
1771650300000,3.504,3.523,3.504,3.523,1678.81
1771650600000,3.522,3.523,3.513,3.52,1183.95
1771650900000,3.52,3.548,3.52,3.523,16647.56
1771651200000,3.522,3.532,3.514,3.531,7701.7
1771651500000,3.53,3.551,3.524,3.546,13753.65
1771651800000,3.548,3.552,3.536,3.54,7422.12
1771652100000,3.539,3.544,3.509,3.514,15143.68
1771652400000,3.514,3.526,3.512,3.512,3412.92
1771652700000,3.516,3.53,3.497,3.516,26676.98
1771653000000,3.516,3.518,3.502,3.503,2465.38
1771653300000,3.501,3.505,3.489,3.499,4245.88
1771653600000,3.5,3.5,3.483,3.498,11323.73
1771653900000,3.499,3.511,3.488,3.489,15418.07
1771654200000,3.488,3.488,3.48,3.482,1485.64
1771654500000,3.483,3.483,3.469,3.471,7919.02
1771654800000,3.471,3.471,3.453,3.456,12628.92
1771655100000,3.456,3.459,3.451,3.451,3255.59
1771655400000,3.45,3.45,3.402,3.403,8967.03
1771655700000,3.402,3.413,3.393,3.406,2850.78
1771656000000,3.407,3.413,3.407,3.407,7677.68
1771656300000,3.408,3.431,3.408,3.43,3073.22
1771656600000,3.43,3.434,3.413,3.419,22584.26
1771656900000,3.419,3.426,3.417,3.422,1796.69
1771657200000,3.421,3.426,3.41,3.424,3152.89
1771657500000,3.422,3.438,3.414,3.438,6875.29
1771657800000,3.437,3.439,3.432,3.436,1738.31
1771658100000,3.436,3.438,3.431,3.438,3498.64
1771658400000,3.438,3.438,3.428,3.43,2779.11
1771658700000,3.427,3.427,3.423,3.427,89.67
1771659000000,3.429,3.455,3.424,3.453,89935.79
1771659300000,3.452,3.532,3.451,3.515,109733.82
1771659600000,3.515,3.531,3.503,3.527,11601.88
1771659900000,3.527,3.547,3.521,3.521,13735.02
1771660200000,3.521,3.545,3.519,3.528,7288.99
1771660500000,3.528,3.529,3.486,3.495,29200.67
1771660800000,3.494,3.498,3.468,3.476,28076.22
1771661100000,3.476,3.482,3.472,3.473,2811.93
1771661400000,3.473,3.483,3.465,3.469,6692.66
1771661700000,3.47,3.485,3.47,3.482,1672.1
1771662000000,3.481,3.485,3.478,3.483,2533.91
1771662300000,3.483,3.495,3.483,3.493,3028.28
1771662600000,3.493,3.494,3.486,3.49,6015.68
1771662900000,3.49,3.495,3.483,3.495,3063.5
1771663200000,3.494,3.506,3.494,3.496,4505.28
1771663500000,3.496,3.51,3.49,3.499,2879.58
1771663800000,3.499,3.51,3.488,3.509,5365.37
1771664100000,3.506,3.524,3.504,3.512,10705.77
1771664400000,3.511,3.54,3.509,3.538,3509.17
1771664700000,3.54,3.574,3.54,3.573,5948.66
1771665000000,3.57,3.599,3.552,3.557,26759.45
1771665300000,3.56,3.675,3.56,3.631,151693.05
1771665600000,3.628,3.645,3.6,3.629,29455.43
1771665900000,3.63,3.697,3.63,3.687,24179.66
1771666200000,3.688,3.725,3.679,3.705,34469.82
1771666500000,3.702,3.751,3.702,3.745,24498.97
1771666800000,3.744,3.759,3.714,3.759,11735.58
1771667100000,3.76,3.778,3.739,3.746,28259.74
1771667400000,3.742,3.75,3.68,3.704,36226.22
1771667700000,3.703,3.728,3.665,3.689,20429.2
1771668000000,3.689,3.77,3.689,3.759,18798.21
1771668300000,3.755,3.859,3.752,3.859,61384.42
1771668600000,3.857,3.872,3.803,3.863,39047.7
1771668900000,3.863,3.888,3.802,3.825,58370.49
1771669200000,3.827,3.846,3.81,3.815,26220.25
1771669500000,3.814,3.855,3.805,3.847,20606.69
1771669800000,3.845,3.913,3.842,3.909,35929.15
1771670100000,3.908,3.921,3.862,3.876,34708.17
1771670400000,3.874,3.876,3.812,3.826,34057.12
1771670700000,3.822,3.852,3.791,3.797,29002.89
1771671000000,3.8,3.836,3.798,3.821,18419.5
1771671300000,3.819,3.829,3.784,3.805,17244.09
1771671600000,3.807,3.839,3.797,3.816,28741.71
1771671900000,3.817,3.894,3.816,3.871,19699.35
1771672200000,3.871,3.871,3.825,3.825,18702.8
1771672500000,3.828,3.83,3.785,3.8,34531.8
1771672800000,3.802,3.827,3.8,3.818,5486.94
1771673100000,3.818,3.874,3.818,3.846,10386.93
1771673400000,3.845,3.869,3.825,3.861,12437.37
1771673700000,3.862,3.888,3.849,3.879,10863.84
1771674000000,3.879,3.885,3.826,3.839,24778.44
1771674300000,3.838,3.888,3.828,3.874,17300.1
1771674600000,3.874,3.878,3.851,3.863,8609.21
1771674900000,3.864,3.864,3.834,3.856,10804.5
1771675200000,3.857,3.936,3.857,3.924,31925.44
1771675500000,3.923,3.93,3.881,3.886,33452.74
1771675800000,3.886,3.971,3.886,3.967,29807.51
1771676100000,3.96,3.99,3.934,3.945,27885.5
1771676400000,3.945,3.945,3.894,3.894,13178.4
1771676700000,3.897,3.914,3.882,3.903,17559.54
1771677000000,3.902,3.954,3.867,3.873,24964.0
1771677300000,3.873,3.914,3.864,3.877,23496.01
1771677600000,3.876,3.894,3.846,3.859,13913.39
1771677900000,3.86,3.893,3.849,3.864,17573.09
1771678200000,3.863,3.868,3.826,3.843,33160.7
1771678500000,3.844,3.891,3.841,3.871,22617.77
1771678800000,3.872,3.904,3.853,3.857,11147.22
1771679100000,3.859,3.898,3.849,3.866,20790.09
1771679400000,3.867,3.867,3.845,3.859,6324.69
1771679700000,3.855,3.855,3.83,3.836,16376.28
1771680000000,3.838,3.852,3.797,3.841,22124.04
1771680300000,3.84,3.865,3.824,3.859,12745.46
1771680600000,3.86,3.912,3.847,3.901,19232.41
1771680900000,3.901,3.965,3.874,3.942,38684.8
1771681200000,3.942,3.953,3.894,3.905,26086.06
1771681500000,3.902,3.99,3.892,3.975,24415.08
1771681800000,3.974,4.001,3.953,3.963,42570.33
1771682100000,3.962,4.027,3.955,4.002,31890.63
1771682400000,4.002,4.015,3.97,3.978,14277.37
1771682700000,3.977,3.978,3.918,3.928,26231.53
1771683000000,3.93,3.935,3.901,3.916,10139.2
1771683300000,3.916,3.929,3.904,3.924,3922.62
1771683600000,3.922,3.934,3.911,3.912,6604.57
1771683900000,3.913,3.931,3.905,3.913,5777.31
1771684200000,3.914,3.914,3.861,3.864,13777.48
1771684500000,3.865,3.882,3.865,3.874,7610.55
1771684800000,3.872,3.879,3.858,3.861,5346.86
1771685100000,3.861,3.861,3.817,3.828,34270.8
1771685400000,3.826,3.837,3.815,3.821,6828.17
1771685700000,3.821,3.838,3.813,3.828,3565.13
1771686000000,3.828,3.848,3.825,3.845,7717.25
1771686300000,3.843,3.859,3.835,3.849,7941.36
1771686600000,3.848,3.85,3.831,3.841,4571.41
1771686900000,3.843,3.863,3.839,3.856,3984.4
1771687200000,3.856,3.872,3.844,3.844,25242.47
1771687500000,3.845,3.859,3.834,3.836,2760.11
1771687800000,3.836,3.85,3.832,3.84,3164.47
1771688100000,3.839,3.889,3.822,3.887,13014.99
1771688400000,3.887,3.891,3.866,3.87,4874.82
1771688700000,3.869,3.869,3.841,3.851,3442.16
1771689000000,3.851,3.855,3.828,3.837,5994.68
1771689300000,3.837,3.844,3.826,3.828,4536.79
1771689600000,3.826,3.852,3.76,3.768,35866.79
1771689900000,3.768,3.807,3.768,3.804,9456.44
1771690200000,3.803,3.815,3.8,3.81,7316.32
1771690500000,3.81,3.868,3.808,3.867,15861.74
1771690800000,3.867,3.885,3.857,3.879,6326.4
1771691100000,3.88,3.904,3.862,3.876,11470.53
1771691400000,3.876,3.911,3.873,3.9,17760.5
1771691700000,3.9,3.908,3.878,3.891,7110.44
1771692000000,3.889,3.889,3.865,3.869,3093.96
1771692300000,3.87,3.884,3.863,3.866,4920.05
1771692600000,3.866,3.879,3.86,3.865,4534.63
1771692900000,3.864,3.869,3.829,3.844,8736.9
1771693200000,3.844,3.845,3.821,3.827,5865.28
1771693500000,3.828,3.829,3.816,3.82,3867.0
1771693800000,3.823,3.83,3.811,3.817,4014.24
1771694100000,3.816,3.818,3.795,3.796,5859.24
1771694400000,3.795,3.808,3.793,3.801,5312.05
1771694700000,3.799,3.807,3.792,3.795,1819.2
1771695000000,3.794,3.794,3.751,3.756,15428.04
1771695300000,3.755,3.769,3.752,3.765,3738.06
1771695600000,3.763,3.772,3.755,3.758,2415.68
1771695900000,3.757,3.762,3.744,3.751,4686.33
1771696200000,3.753,3.753,3.735,3.742,7398.61
1771696500000,3.742,3.75,3.731,3.739,5467.76
1771696800000,3.739,3.76,3.729,3.744,7052.51
1771697100000,3.744,3.748,3.74,3.742,1061.19
1771697400000,3.742,3.751,3.735,3.748,1356.5
1771697700000,3.748,3.763,3.748,3.763,4063.52
1771698000000,3.762,3.771,3.75,3.753,3391.97
1771698300000,3.755,3.758,3.731,3.735,10559.39
1771698600000,3.734,3.741,3.719,3.726,4376.33
1771698900000,3.726,3.734,3.725,3.729,3431.24
1771699200000,3.73,3.733,3.722,3.724,1649.55
1771699500000,3.725,3.742,3.725,3.742,3924.36
1771699800000,3.741,3.761,3.74,3.76,5529.42
1771700100000,3.76,3.76,3.75,3.756,2986.2
1771700400000,3.756,3.771,3.754,3.757,4466.7
1771700700000,3.759,3.763,3.749,3.758,4617.7
1771701000000,3.759,3.786,3.759,3.776,3576.48
1771701300000,3.78,3.792,3.774,3.78,8551.01
1771701600000,3.781,3.788,3.761,3.769,6823.17
1771701900000,3.77,3.781,3.769,3.778,4434.8
1771702200000,3.779,3.787,3.775,3.787,1434.49
1771702500000,3.787,3.796,3.769,3.777,6381.41
1771702800000,3.775,3.776,3.755,3.762,2931.38
1771703100000,3.759,3.784,3.758,3.775,10035.43
1771703400000,3.774,3.776,3.758,3.761,2925.49
1771703700000,3.762,3.779,3.762,3.769,4529.82
1771704000000,3.77,3.793,3.764,3.792,5134.72
1771704300000,3.791,3.812,3.783,3.783,5642.6
1771704600000,3.783,3.788,3.758,3.762,6669.8
1771704900000,3.762,3.774,3.758,3.774,4832.94
1771705200000,3.774,3.776,3.771,3.772,1828.44
1771705500000,3.771,3.771,3.742,3.75,13259.39
1771705800000,3.75,3.75,3.734,3.745,5016.53
1771706100000,3.745,3.753,3.738,3.748,8858.87
1771706400000,3.748,3.756,3.742,3.742,1295.71
1771706700000,3.743,3.748,3.735,3.745,3977.86
1771707000000,3.745,3.749,3.742,3.748,734.24
1771707300000,3.749,3.756,3.733,3.736,4237.39
1771707600000,3.735,3.774,3.734,3.77,6820.33
1771707900000,3.77,3.776,3.763,3.776,4482.35
1771708200000,3.776,3.803,3.776,3.791,16880.39
1771708500000,3.792,3.793,3.778,3.788,5104.6
1771708800000,3.788,3.789,3.775,3.78,1029.13
1771709100000,3.779,3.801,3.777,3.79,2667.82
1771709400000,3.79,3.802,3.782,3.799,3042.24
1771709700000,3.801,3.818,3.797,3.818,9151.09
1771710000000,3.815,3.856,3.81,3.852,13443.82
1771710300000,3.855,3.915,3.842,3.901,31531.92
1771710600000,3.904,3.913,3.849,3.853,11685.25
1771710900000,3.856,3.87,3.851,3.865,3536.03
1771711200000,3.865,3.88,3.846,3.849,7671.48
1771711500000,3.853,3.86,3.826,3.828,4927.62
1771711800000,3.829,3.834,3.781,3.796,22864.84
1771712100000,3.795,3.812,3.793,3.812,3740.43
1771712400000,3.81,3.829,3.81,3.823,1501.09
1771712700000,3.825,3.827,3.814,3.818,2332.03
1771713000000,3.818,3.818,3.801,3.806,1426.17
1771713300000,3.806,3.813,3.797,3.803,5077.83
1771713600000,3.804,3.81,3.788,3.79,1723.6
1771713900000,3.795,3.817,3.79,3.8,3239.37
1771714200000,3.804,3.806,3.792,3.797,1146.45
1771714500000,3.797,3.801,3.784,3.785,1047.29
1771714800000,3.784,3.808,3.782,3.782,3015.25
1771715100000,3.783,3.787,3.762,3.783,17019.61
1771715400000,3.783,3.788,3.776,3.78,2513.65
1771715700000,3.781,3.805,3.781,3.791,2679.56
1771716000000,3.792,3.819,3.792,3.814,10537.32
1771716300000,3.813,3.813,3.792,3.793,1574.96
1771716600000,3.793,3.797,3.784,3.786,1742.18
1771716900000,3.786,3.795,3.784,3.795,451.22
1771717200000,3.795,3.809,3.795,3.808,858.87
1771717500000,3.806,3.807,3.796,3.807,1888.6
1771717800000,3.807,3.808,3.793,3.793,2356.27
1771718100000,3.793,3.793,3.77,3.779,3143.43
1771718400000,3.777,3.777,3.728,3.752,21535.87
1771718700000,3.75,3.75,3.674,3.699,28170.78
1771719000000,3.698,3.731,3.686,3.727,5320.08
1771719300000,3.726,3.76,3.725,3.733,6042.06
1771719600000,3.734,3.742,3.713,3.719,2985.3
1771719900000,3.718,3.729,3.7,3.721,3337.84
1771720200000,3.721,3.777,3.72,3.77,16183.71
1771720500000,3.769,3.779,3.736,3.752,12245.14
1771720800000,3.753,3.759,3.719,3.728,20276.09
1771721100000,3.729,3.749,3.72,3.723,3859.66
1771721400000,3.723,3.724,3.706,3.719,5061.06
1771721700000,3.718,3.74,3.711,3.733,4234.52
1771722000000,3.732,3.736,3.704,3.722,9966.05
1771722300000,3.723,3.727,3.71,3.714,5083.99
1771722600000,3.715,3.723,3.707,3.716,2703.44
1771722900000,3.715,3.718,3.696,3.701,4381.8
1771723200000,3.701,3.723,3.697,3.721,2722.25
1771723500000,3.722,3.737,3.721,3.731,2803.8
1771723800000,3.731,3.755,3.731,3.754,5601.27
1771724100000,3.754,3.761,3.749,3.756,6796.32
1771724400000,3.756,3.762,3.749,3.759,2308.88
1771724700000,3.757,3.757,3.731,3.731,2641.62
1771725000000,3.731,3.738,3.724,3.736,3423.27
1771725300000,3.737,3.74,3.709,3.714,11295.27
1771725600000,3.714,3.727,3.71,3.721,2009.55
1771725900000,3.722,3.752,3.718,3.733,5807.78
1771726200000,3.734,3.735,3.73,3.734,814.51
1771726500000,3.734,3.743,3.731,3.735,973.35
1771726800000,3.734,3.738,3.727,3.73,1094.72
1771727100000,3.73,3.732,3.714,3.727,3720.17
1771727400000,3.725,3.73,3.691,3.696,11699.66
1771727700000,3.696,3.697,3.664,3.675,17398.2
1771728000000,3.675,3.702,3.675,3.691,9449.24
1771728300000,3.691,3.701,3.691,3.695,1742.53
1771728600000,3.695,3.708,3.69,3.702,1875.37
1771728900000,3.703,3.706,3.695,3.7,1479.61
1771729200000,3.7,3.701,3.679,3.679,1441.94
1771729500000,3.678,3.683,3.674,3.678,1586.25
1771729800000,3.677,3.683,3.666,3.676,2694.55
1771730100000,3.676,3.68,3.651,3.656,4367.28
1771730400000,3.655,3.674,3.655,3.666,921.88
1771730700000,3.665,3.666,3.66,3.662,1163.58
1771731000000,3.662,3.672,3.66,3.669,2321.28
1771731300000,3.669,3.669,3.651,3.652,2884.68
1771731600000,3.655,3.658,3.648,3.651,3581.68
1771731900000,3.651,3.662,3.642,3.662,2853.17
1771732200000,3.662,3.666,3.657,3.657,668.75
1771732500000,3.656,3.658,3.642,3.647,6107.87
1771732800000,3.646,3.658,3.637,3.657,2980.07
1771733100000,3.657,3.659,3.647,3.656,5890.32
1771733400000,3.655,3.661,3.654,3.654,543.93
1771733700000,3.653,3.665,3.647,3.662,1462.0
1771734000000,3.663,3.664,3.641,3.643,2390.07
1771734300000,3.644,3.669,3.644,3.668,19359.79
1771734600000,3.668,3.67,3.663,3.668,619.63
1771734900000,3.669,3.68,3.652,3.66,6555.87
1771735200000,3.662,3.663,3.654,3.658,1818.1
1771735500000,3.661,3.668,3.657,3.667,1629.61
1771735800000,3.666,3.667,3.663,3.663,1149.86
1771736100000,3.664,3.666,3.66,3.663,645.95
1771736400000,3.664,3.667,3.655,3.655,589.67
1771736700000,3.657,3.657,3.649,3.649,1149.76
1771737000000,3.648,3.648,3.635,3.64,1777.57
1771737300000,3.64,3.641,3.632,3.637,1956.25
1771737600000,3.637,3.638,3.614,3.628,7188.26
1771737900000,3.628,3.645,3.628,3.645,508.74
1771738200000,3.645,3.647,3.632,3.639,2874.43
1771738500000,3.64,3.64,3.632,3.636,1486.4
1771738800000,3.637,3.645,3.637,3.644,1963.56
1771739100000,3.642,3.642,3.63,3.631,885.59
1771739400000,3.632,3.642,3.632,3.635,1370.08
1771739700000,3.634,3.642,3.63,3.634,7852.67
1771740000000,3.632,3.647,3.629,3.644,2832.65
1771740300000,3.643,3.643,3.622,3.625,1091.78
1771740600000,3.624,3.626,3.613,3.623,3859.09
1771740900000,3.623,3.626,3.621,3.623,506.85
1771741200000,3.626,3.63,3.619,3.621,1266.27
1771741500000,3.62,3.633,3.601,3.605,16409.01
1771741800000,3.602,3.616,3.6,3.612,11289.31
1771742100000,3.612,3.614,3.605,3.607,1033.5
1771742400000,3.607,3.61,3.606,3.606,2099.1
1771742700000,3.605,3.605,3.601,3.604,1187.1
1771743000000,3.604,3.62,3.599,3.611,4308.5
1771743300000,3.612,3.617,3.611,3.617,916.3
1771743600000,3.616,3.625,3.611,3.619,4039.06
1771743900000,3.619,3.621,3.614,3.62,1600.62
1771744200000,3.622,3.638,3.615,3.638,2162.98
1771744500000,3.637,3.646,3.633,3.643,8177.59
1771744800000,3.644,3.669,3.644,3.668,3204.99
1771745100000,3.667,3.679,3.659,3.678,2506.59
1771745400000,3.678,3.689,3.67,3.687,6495.07
1771745700000,3.688,3.692,3.667,3.669,5477.14
1771746000000,3.67,3.682,3.667,3.674,7165.39
1771746300000,3.674,3.674,3.65,3.655,4207.33
1771746600000,3.656,3.657,3.638,3.644,5725.44
1771746900000,3.645,3.654,3.645,3.651,1344.14
1771747200000,3.65,3.651,3.636,3.649,2829.95
1771747500000,3.649,3.65,3.636,3.643,3354.31
1771747800000,3.643,3.649,3.64,3.647,3128.54
1771748100000,3.647,3.647,3.629,3.63,2494.31
1771748400000,3.63,3.63,3.622,3.627,791.9
1771748700000,3.626,3.633,3.622,3.626,968.48
1771749000000,3.627,3.632,3.616,3.62,1894.32
1771749300000,3.619,3.63,3.618,3.624,702.15
1771749600000,3.623,3.628,3.61,3.618,6499.9
1771749900000,3.615,3.618,3.607,3.608,7997.82
1771750200000,3.61,3.61,3.605,3.607,518.27
1771750500000,3.606,3.611,3.604,3.606,1754.21
1771750800000,3.603,3.617,3.6,3.611,1407.06
1771751100000,3.613,3.618,3.606,3.609,1623.4
1771751400000,3.61,3.617,3.61,3.616,5519.37
1771751700000,3.618,3.625,3.614,3.624,1046.71
1771752000000,3.623,3.624,3.62,3.623,1427.33
1771752300000,3.623,3.63,3.622,3.622,735.87
1771752600000,3.621,3.624,3.618,3.623,335.67
1771752900000,3.622,3.627,3.621,3.627,426.41
1771753200000,3.628,3.632,3.623,3.627,1905.92
1771753500000,3.628,3.629,3.626,3.626,519.59
1771753800000,3.626,3.632,3.62,3.627,1486.76
1771754100000,3.628,3.64,3.628,3.634,2058.4
1771754400000,3.632,3.632,3.607,3.621,4239.49
1771754700000,3.621,3.629,3.621,3.629,1414.58
1771755000000,3.63,3.638,3.627,3.629,2351.1
1771755300000,3.629,3.639,3.629,3.635,4883.19
1771755600000,3.635,3.641,3.624,3.626,7792.68
1771755900000,3.627,3.627,3.618,3.619,2398.34
1771756200000,3.619,3.629,3.616,3.626,16073.09
1771756500000,3.625,3.627,3.605,3.605,2980.75
1771756800000,3.606,3.611,3.603,3.605,1957.6
1771757100000,3.606,3.609,3.599,3.607,1141.4
1771757400000,3.606,3.607,3.576,3.582,25670.55
1771757700000,3.581,3.584,3.577,3.581,7914.58
1771758000000,3.582,3.602,3.578,3.597,6510.12
1771758300000,3.597,3.603,3.595,3.603,1127.81
1771758600000,3.6,3.605,3.597,3.6,2472.56
1771758900000,3.599,3.605,3.598,3.6,1795.89
1771759200000,3.601,3.601,3.59,3.594,4404.19
1771759500000,3.593,3.594,3.577,3.58,6042.46
1771759800000,3.579,3.597,3.576,3.593,3183.26
1771760100000,3.594,3.599,3.582,3.583,3434.31
1771760400000,3.583,3.587,3.579,3.584,3461.71
1771760700000,3.583,3.583,3.569,3.576,2099.02
1771761000000,3.576,3.578,3.573,3.574,2241.08
1771761300000,3.572,3.572,3.568,3.572,985.99
1771761600000,3.571,3.574,3.555,3.565,9655.05
1771761900000,3.564,3.564,3.548,3.552,8476.83
1771762200000,3.553,3.565,3.543,3.561,5925.99
1771762500000,3.562,3.572,3.56,3.56,4001.36
1771762800000,3.559,3.566,3.555,3.562,6781.76
1771763100000,3.563,3.57,3.555,3.568,4417.88
1771763400000,3.568,3.585,3.564,3.577,2730.8
1771763700000,3.576,3.583,3.557,3.561,3708.99
1771764000000,3.562,3.577,3.562,3.571,4657.4
1771764300000,3.572,3.58,3.569,3.575,5087.0
1771764600000,3.575,3.583,3.573,3.583,1664.77
1771764900000,3.583,3.585,3.56,3.566,3511.04
1771765200000,3.565,3.568,3.561,3.565,2621.24
1771765500000,3.562,3.563,3.546,3.549,4585.29
1771765800000,3.548,3.548,3.539,3.546,2495.96
1771766100000,3.547,3.571,3.546,3.563,4697.39
1771766400000,3.565,3.566,3.555,3.556,1965.42
1771766700000,3.556,3.558,3.552,3.554,1172.29
1771767000000,3.554,3.565,3.553,3.565,1561.86
1771767300000,3.565,3.575,3.558,3.571,22385.05
1771767600000,3.571,3.573,3.562,3.568,1392.02
1771767900000,3.568,3.568,3.561,3.564,798.34
1771768200000,3.562,3.568,3.554,3.559,4400.5
1771768500000,3.556,3.568,3.555,3.558,5965.52
1771768800000,3.559,3.57,3.551,3.566,1990.45
1771769100000,3.566,3.576,3.564,3.569,7595.96
1771769400000,3.569,3.578,3.566,3.573,2287.57
1771769700000,3.573,3.578,3.568,3.569,1380.79
1771770000000,3.571,3.594,3.57,3.591,9494.79
1771770300000,3.591,3.593,3.579,3.581,1814.58
1771770600000,3.583,3.587,3.581,3.583,3398.65
1771770900000,3.583,3.583,3.576,3.578,4799.59
1771771200000,3.579,3.579,3.56,3.561,1318.56
1771771500000,3.562,3.563,3.552,3.558,5336.28
1771771800000,3.559,3.573,3.554,3.554,4176.29
1771772100000,3.555,3.56,3.555,3.56,901.62
1771772400000,3.559,3.563,3.553,3.553,1868.02
1771772700000,3.554,3.556,3.537,3.546,7380.0
1771773000000,3.547,3.553,3.547,3.548,2034.0
1771773300000,3.547,3.55,3.542,3.546,1035.71
1771773600000,3.546,3.547,3.543,3.546,592.01
1771773900000,3.547,3.555,3.547,3.555,1761.97
1771774200000,3.553,3.564,3.553,3.564,1425.91
1771774500000,3.565,3.58,3.564,3.58,1124.84
1771774800000,3.577,3.584,3.573,3.583,5608.47
1771775100000,3.583,3.583,3.572,3.58,1336.49
1771775400000,3.579,3.58,3.572,3.573,1661.11
1771775700000,3.575,3.576,3.572,3.574,211.26
1771776000000,3.572,3.573,3.567,3.568,845.58
1771776300000,3.569,3.571,3.553,3.555,1153.58
1771776600000,3.555,3.561,3.555,3.56,3275.48
1771776900000,3.561,3.564,3.559,3.563,1766.71
1771777200000,3.564,3.57,3.55,3.551,2416.92
1771777500000,3.552,3.553,3.519,3.53,20132.58
1771777800000,3.531,3.538,3.526,3.531,6161.99
1771778100000,3.531,3.537,3.522,3.524,11858.43
1771778400000,3.525,3.543,3.525,3.535,6436.11
1771778700000,3.535,3.537,3.525,3.531,6233.12
1771779000000,3.531,3.538,3.523,3.534,9572.21
1771779300000,3.535,3.537,3.529,3.534,816.35
1771779600000,3.536,3.538,3.53,3.536,876.95
1771779900000,3.537,3.544,3.537,3.542,3420.15
1771780200000,3.542,3.542,3.533,3.534,589.91
1771780500000,3.534,3.539,3.53,3.533,3152.96
1771780800000,3.534,3.542,3.534,3.542,1710.68
1771781100000,3.541,3.542,3.534,3.536,2174.98
1771781400000,3.537,3.541,3.529,3.537,1742.24
1771781700000,3.537,3.549,3.537,3.543,2678.44
1771782000000,3.543,3.548,3.541,3.545,1017.7
1771782300000,3.546,3.551,3.539,3.549,3718.36
1771782600000,3.548,3.553,3.545,3.552,971.31
1771782900000,3.554,3.56,3.554,3.555,3146.75
1771783200000,3.557,3.559,3.545,3.545,4856.29
1771783500000,3.545,3.554,3.545,3.554,7028.28
1771783800000,3.554,3.555,3.55,3.554,4206.79
1771784100000,3.555,3.566,3.555,3.56,3724.87
1771784400000,3.56,3.57,3.559,3.568,3337.95
1771784700000,3.567,3.567,3.558,3.559,1167.96
1771785000000,3.56,3.56,3.552,3.556,569.51
1771785300000,3.554,3.557,3.553,3.556,466.64
1771785600000,3.556,3.556,3.552,3.553,307.88
1771785900000,3.553,3.553,3.553,3.553,25.0
1771786200000,3.552,3.553,3.55,3.552,425.04
1771786500000,3.551,3.552,3.55,3.551,144.58
1771786800000,3.551,3.56,3.551,3.557,3267.6
1771787100000,3.557,3.563,3.554,3.562,519.08
1771787400000,3.563,3.583,3.561,3.583,3157.87
1771787700000,3.582,3.587,3.575,3.587,601.1
1771788000000,3.586,3.587,3.575,3.576,1143.65
1771788300000,3.575,3.584,3.569,3.584,2302.99
1771788600000,3.582,3.589,3.582,3.587,1101.03
1771788900000,3.585,3.586,3.577,3.577,1749.46
1771789200000,3.579,3.586,3.578,3.586,764.3
1771789500000,3.586,3.587,3.581,3.584,760.4
1771789800000,3.585,3.599,3.585,3.599,900.7
1771790100000,3.598,3.599,3.588,3.591,2475.75
1771790400000,3.59,3.591,3.581,3.584,1265.7
1771790700000,3.584,3.588,3.57,3.578,1963.77
1771791000000,3.579,3.58,3.556,3.565,18840.28
1771791300000,3.565,3.574,3.565,3.573,493.62
1771791600000,3.572,3.572,3.567,3.57,1857.94
1771791900000,3.57,3.57,3.565,3.565,237.48
1771792200000,3.564,3.565,3.555,3.556,812.79
1771792500000,3.555,3.555,3.547,3.549,917.54
1771792800000,3.549,3.556,3.548,3.551,1104.02
1771793100000,3.551,3.553,3.549,3.549,578.02
1771793400000,3.548,3.548,3.538,3.541,788.6
1771793700000,3.54,3.541,3.536,3.539,2140.15
1771794000000,3.539,3.542,3.534,3.541,770.07
1771794300000,3.541,3.544,3.54,3.541,382.1
1771794600000,3.541,3.542,3.535,3.535,162.96
1771794900000,3.537,3.54,3.537,3.537,846.96
1771795200000,3.537,3.539,3.537,3.539,77.71
1771795500000,3.537,3.537,3.521,3.531,1136.0
1771795800000,3.528,3.531,3.525,3.53,206.34
1771796100000,3.531,3.539,3.531,3.539,554.85
1771796400000,3.54,3.543,3.539,3.542,315.05
1771796700000,3.541,3.559,3.539,3.539,4240.3
1771797000000,3.538,3.541,3.535,3.535,331.87
1771797300000,3.535,3.538,3.535,3.536,264.85
1771797600000,3.535,3.535,3.512,3.515,17638.28
1771797900000,3.517,3.523,3.513,3.515,5897.11
1771798200000,3.516,3.517,3.506,3.513,1542.46
1771798500000,3.514,3.515,3.51,3.51,4127.3
1771798800000,3.511,3.524,3.511,3.52,980.36
1771799100000,3.52,3.523,3.519,3.522,763.56
1771799400000,3.523,3.525,3.521,3.525,68.09
1771799700000,3.526,3.527,3.517,3.524,926.79
1771800000000,3.524,3.527,3.523,3.527,433.13
1771800300000,3.526,3.528,3.524,3.528,126.6
1771800600000,3.526,3.536,3.525,3.534,7168.01
1771800900000,3.531,3.532,3.53,3.53,176.59
1771801200000,3.529,3.541,3.527,3.54,3178.41
1771801500000,3.54,3.544,3.538,3.539,1105.49
1771801800000,3.539,3.541,3.532,3.532,699.25
1771802100000,3.531,3.531,3.523,3.523,264.25
1771802400000,3.522,3.524,3.513,3.516,2877.66
1771802700000,3.516,3.516,3.514,3.514,201.11
1771803000000,3.515,3.524,3.515,3.517,1638.62
1771803300000,3.517,3.518,3.509,3.509,2412.22
1771803600000,3.51,3.513,3.501,3.506,1940.72
1771803900000,3.507,3.509,3.503,3.506,1969.53
1771804200000,3.506,3.507,3.499,3.507,4950.7
1771804500000,3.508,3.514,3.508,3.511,661.37
1771804800000,3.51,3.535,3.509,3.53,3538.69
1771805100000,3.531,3.533,3.521,3.532,1792.39
1771805400000,3.533,3.533,3.527,3.528,927.84
1771805700000,3.527,3.529,3.524,3.525,895.47
1771806000000,3.524,3.527,3.517,3.517,1875.39
1771806300000,3.516,3.518,3.506,3.517,1551.58
1771806600000,3.516,3.516,3.499,3.502,1016.2
1771806900000,3.501,3.518,3.496,3.496,18920.68
1771807200000,3.497,3.516,3.497,3.507,919.04
1771807500000,3.507,3.545,3.507,3.538,10039.76
1771807800000,3.537,3.538,3.526,3.535,2895.7
1771808100000,3.534,3.539,3.514,3.517,2677.29
1771808400000,3.517,3.517,3.445,3.504,30095.47
1771808700000,3.503,3.506,3.451,3.474,8432.51
1771809000000,3.47,3.486,3.455,3.464,8483.87
1771809300000,3.463,3.473,3.441,3.45,6139.98
1771809600000,3.451,3.457,3.412,3.423,8257.77
1771809900000,3.422,3.43,3.409,3.421,2981.74
1771810200000,3.42,3.441,3.41,3.433,6106.6
1771810500000,3.431,3.451,3.426,3.441,3432.83
1771810800000,3.443,3.453,3.436,3.445,4966.21
1771811100000,3.447,3.459,3.421,3.442,29581.56
1771811400000,3.441,3.453,3.416,3.417,8915.71
1771811700000,3.416,3.429,3.392,3.395,13497.84
1771812000000,3.395,3.41,3.388,3.409,9395.68
1771812300000,3.408,3.429,3.406,3.428,2035.23
1771812600000,3.429,3.436,3.42,3.434,2604.6
1771812900000,3.433,3.433,3.407,3.407,1310.06
1771813200000,3.409,3.42,3.409,3.411,3511.89
1771813500000,3.413,3.42,3.407,3.414,1986.01
1771813800000,3.413,3.419,3.41,3.415,1199.88
1771814100000,3.413,3.417,3.412,3.413,1002.76
1771814400000,3.413,3.419,3.412,3.414,4556.09
1771814700000,3.414,3.418,3.405,3.405,13396.13
1771815000000,3.405,3.416,3.405,3.416,1229.15
1771815300000,3.416,3.434,3.416,3.434,2278.75
1771815600000,3.434,3.452,3.434,3.444,9962.76
1771815900000,3.445,3.474,3.445,3.471,3895.96
1771816200000,3.47,3.47,3.445,3.448,1502.75
1771816500000,3.448,3.448,3.425,3.43,1764.95
1771816800000,3.429,3.436,3.425,3.435,916.76
1771817100000,3.437,3.441,3.419,3.421,2070.82
1771817400000,3.422,3.425,3.407,3.407,1900.64
1771817700000,3.408,3.416,3.408,3.41,1121.88
1771818000000,3.41,3.427,3.41,3.427,10116.02
1771818300000,3.428,3.432,3.417,3.418,4412.51
1771818600000,3.419,3.423,3.417,3.418,1195.64
1771818900000,3.417,3.429,3.413,3.418,1395.81
1771819200000,3.417,3.424,3.412,3.424,1746.57
1771819500000,3.421,3.421,3.41,3.418,2448.96
1771819800000,3.418,3.418,3.403,3.406,5232.07
1771820100000,3.406,3.406,3.389,3.4,6988.59
1771820400000,3.4,3.4,3.379,3.379,8299.98
1771820700000,3.38,3.396,3.379,3.393,9960.49
1771821000000,3.393,3.401,3.388,3.389,7201.09
1771821300000,3.389,3.397,3.359,3.364,46407.32
1771821600000,3.363,3.366,3.342,3.347,88750.84
1771821900000,3.345,3.382,3.336,3.371,26064.66
1771822200000,3.37,3.378,3.369,3.375,1652.33
1771822500000,3.377,3.387,3.375,3.385,2130.44
1771822800000,3.386,3.406,3.385,3.402,2776.06
1771823100000,3.402,3.405,3.386,3.393,4517.04
1771823400000,3.393,3.407,3.393,3.4,1747.72
1771823700000,3.401,3.413,3.398,3.405,1851.82
1771824000000,3.404,3.416,3.4,3.416,6286.13
1771824300000,3.414,3.416,3.404,3.412,4428.97
1771824600000,3.415,3.421,3.413,3.414,5022.91
1771824900000,3.414,3.42,3.41,3.418,10850.66
1771825200000,3.417,3.42,3.407,3.408,1797.37
1771825500000,3.406,3.407,3.401,3.401,846.42
1771825800000,3.402,3.405,3.401,3.401,210.73
1771826100000,3.401,3.404,3.4,3.404,574.49
1771826400000,3.405,3.42,3.401,3.418,4849.61
1771826700000,3.418,3.439,3.418,3.436,2872.58
1771827000000,3.438,3.45,3.435,3.445,921.19
1771827300000,3.444,3.444,3.418,3.418,2628.9
1771827600000,3.42,3.42,3.409,3.411,735.17
1771827900000,3.411,3.415,3.41,3.411,1814.32
1771828200000,3.41,3.411,3.402,3.402,913.48
1771828500000,3.404,3.408,3.403,3.408,1379.67
1771828800000,3.408,3.409,3.402,3.405,2655.72
1771829100000,3.405,3.419,3.405,3.418,824.16
1771829400000,3.417,3.42,3.413,3.417,1710.84
1771829700000,3.416,3.419,3.415,3.416,250.15
1771830000000,3.415,3.428,3.413,3.426,2740.27
1771830300000,3.425,3.428,3.421,3.423,1745.07
1771830600000,3.422,3.425,3.417,3.417,2071.39
1771830900000,3.417,3.423,3.414,3.419,3010.47
1771831200000,3.418,3.427,3.412,3.426,2244.19
1771831500000,3.427,3.433,3.424,3.424,4387.38
1771831800000,3.426,3.426,3.407,3.419,1738.43
1771832100000,3.419,3.426,3.419,3.426,3918.91
1771832400000,3.427,3.431,3.422,3.422,2545.03
1771832700000,3.423,3.428,3.422,3.428,2097.64
1771833000000,3.428,3.431,3.419,3.419,1137.21
1771833300000,3.418,3.418,3.407,3.408,1277.47
1771833600000,3.408,3.414,3.405,3.41,1150.42
1771833900000,3.411,3.412,3.404,3.409,1950.4
1771834200000,3.408,3.408,3.393,3.395,6991.33
1771834500000,3.396,3.399,3.395,3.399,525.77
1771834800000,3.397,3.397,3.392,3.394,1152.31
1771835100000,3.393,3.398,3.378,3.395,8142.22
1771835400000,3.394,3.396,3.391,3.396,607.18
1771835700000,3.395,3.395,3.382,3.382,990.57
1771836000000,3.383,3.387,3.372,3.382,3218.42
1771836300000,3.381,3.383,3.372,3.378,1031.6
1771836600000,3.377,3.389,3.372,3.384,7016.94
1771836900000,3.382,3.383,3.381,3.382,148.89
1771837200000,3.382,3.393,3.382,3.39,907.36
1771837500000,3.391,3.391,3.385,3.385,1320.35
1771837800000,3.386,3.401,3.386,3.398,1098.66
1771838100000,3.397,3.397,3.391,3.392,1582.76
1771838400000,3.393,3.398,3.389,3.39,492.43
1771838700000,3.39,3.39,3.383,3.389,615.43
1771839000000,3.389,3.425,3.386,3.407,2961.92
1771839300000,3.408,3.42,3.408,3.416,811.82
1771839600000,3.416,3.416,3.407,3.41,1014.04
1771839900000,3.41,3.421,3.41,3.418,3965.74
1771840200000,3.417,3.423,3.413,3.423,3535.9
1771840500000,3.424,3.429,3.42,3.428,898.61
1771840800000,3.426,3.449,3.425,3.446,5163.72
1771841100000,3.445,3.458,3.441,3.449,6173.12
1771841400000,3.45,3.46,3.449,3.454,1993.37
1771841700000,3.455,3.455,3.447,3.453,1603.87
1771842000000,3.454,3.464,3.454,3.46,6745.13
1771842300000,3.46,3.471,3.458,3.465,6136.79
1771842600000,3.465,3.469,3.46,3.462,1360.88
1771842900000,3.462,3.473,3.459,3.468,5792.2
1771843200000,3.469,3.476,3.468,3.476,1112.6
1771843500000,3.476,3.478,3.459,3.468,2025.58
1771843800000,3.468,3.471,3.463,3.465,2401.36
1771844100000,3.465,3.468,3.464,3.464,1143.86
1771844400000,3.464,3.468,3.462,3.464,2627.19
1771844700000,3.465,3.483,3.465,3.482,2605.94
1771845000000,3.482,3.488,3.47,3.475,5002.16
1771845300000,3.476,3.487,3.475,3.484,3398.74
1777680000000,3.647,3.661,3.642,3.652,36466.08
1777680300000,3.651,3.653,3.639,3.643,1120.93
1777680600000,3.644,3.647,3.639,3.647,1021.86
1777680900000,3.648,3.651,3.638,3.643,2374.71
1777681200000,3.643,3.653,3.642,3.653,2022.05
1777681500000,3.654,3.659,3.641,3.642,953.2
1777681800000,3.642,3.652,3.641,3.649,771.85
1777682100000,3.647,3.647,3.636,3.645,5887.5
1777682400000,3.647,3.649,3.642,3.647,1892.2
1777682700000,3.648,3.653,3.647,3.651,311.48
1777683000000,3.65,3.663,3.649,3.655,2558.82
1777683300000,3.655,3.657,3.647,3.649,678.66
1777683600000,3.648,3.651,3.646,3.651,715.25
1777683900000,3.65,3.665,3.65,3.661,1689.76
1777684200000,3.66,3.663,3.655,3.662,343.23
1777684500000,3.662,3.662,3.648,3.654,586.33
1777684800000,3.654,3.658,3.652,3.657,935.49
1777685100000,3.656,3.661,3.654,3.66,1856.17
1777685400000,3.659,3.674,3.659,3.673,1652.51
1777685700000,3.673,3.674,3.666,3.666,1494.23
1777686000000,3.665,3.674,3.664,3.674,1079.78
1777686300000,3.673,3.688,3.67,3.678,5069.88
1777686600000,3.678,3.691,3.678,3.691,2108.47
1777686900000,3.69,3.692,3.685,3.689,745.51
1777687200000,3.689,3.695,3.684,3.686,3190.27
1777687500000,3.688,3.692,3.685,3.685,2065.27
1777687800000,3.684,3.684,3.677,3.679,3354.39
1777688100000,3.68,3.687,3.676,3.687,1311.41
1777688400000,3.687,3.689,3.682,3.682,1054.96
1777688700000,3.682,3.685,3.678,3.685,481.9
1777689000000,3.685,3.696,3.681,3.696,3560.07
1777689300000,3.696,3.7,3.692,3.7,4122.21
1777689600000,3.699,3.709,3.699,3.705,4720.54
1777689900000,3.706,3.71,3.703,3.704,3962.98
1777690200000,3.705,3.725,3.705,3.723,4924.26
1777690500000,3.724,3.726,3.708,3.712,3977.85
1777690800000,3.713,3.715,3.704,3.713,2271.79
1777691100000,3.711,3.711,3.686,3.69,3445.78
1777691400000,3.692,3.698,3.69,3.694,977.81
1777691700000,3.692,3.702,3.691,3.698,993.64
1777692000000,3.699,3.706,3.698,3.705,7127.11
1777692300000,3.704,3.709,3.699,3.707,2219.75
1777692600000,3.708,3.712,3.702,3.709,1638.92
1777692900000,3.71,3.734,3.71,3.724,15762.55
1777693200000,3.723,3.723,3.708,3.71,2980.21
1777693500000,3.71,3.714,3.704,3.71,2569.89
1777693800000,3.71,3.726,3.71,3.724,1871.88
1777694100000,3.724,3.726,3.718,3.723,2365.1
1777694400000,3.724,3.728,3.717,3.726,1969.09
1777694700000,3.727,3.728,3.707,3.714,4735.65
1777695000000,3.713,3.728,3.712,3.724,4863.11
1777695300000,3.723,3.727,3.72,3.727,4901.65
1777695600000,3.727,3.739,3.723,3.735,16577.02
1777695900000,3.735,3.745,3.733,3.741,7213.15
1777696200000,3.742,3.764,3.74,3.76,9830.83
1777696500000,3.76,3.76,3.728,3.743,18949.8
1777696800000,3.743,3.758,3.741,3.756,2775.74
1777697100000,3.757,3.768,3.752,3.768,7262.89
1777697400000,3.768,3.771,3.754,3.756,7110.04
1777697700000,3.756,3.76,3.739,3.745,2756.43
1777698000000,3.746,3.762,3.744,3.759,4968.22
1777698300000,3.76,3.771,3.76,3.769,4004.1
1777698600000,3.77,3.775,3.746,3.758,10575.84
1777698900000,3.759,3.764,3.744,3.744,8185.78
1777699200000,3.743,3.75,3.727,3.738,13669.01
1777699500000,3.738,3.742,3.733,3.741,14060.68
1777699800000,3.74,3.756,3.734,3.755,4405.4
1777700100000,3.754,3.758,3.749,3.757,2336.82
1777700400000,3.756,3.772,3.756,3.766,3733.09
1777700700000,3.766,3.783,3.762,3.775,11271.24
1777701000000,3.776,3.783,3.767,3.776,3706.81
1777701300000,3.775,3.785,3.775,3.779,3839.76
1777701600000,3.781,3.791,3.78,3.789,6509.68
1777701900000,3.789,3.793,3.781,3.783,5062.97
1777702200000,3.782,3.785,3.776,3.779,7334.3
1777702500000,3.779,3.79,3.778,3.786,3608.8
1777702800000,3.785,3.792,3.773,3.773,4285.07
1777703100000,3.774,3.78,3.758,3.766,15077.87
1777703400000,3.766,3.766,3.752,3.761,8472.74
1777703700000,3.762,3.781,3.762,3.779,5775.95
1777704000000,3.78,3.8,3.778,3.8,18066.08
1777704300000,3.8,3.816,3.793,3.806,26017.86
1777704600000,3.805,3.823,3.803,3.809,19447.53
1777704900000,3.808,3.813,3.78,3.786,46207.33
1777705200000,3.785,3.793,3.763,3.77,16216.19
1777705500000,3.769,3.781,3.758,3.781,14539.69
1777705800000,3.781,3.786,3.776,3.78,2820.75
1777706100000,3.782,3.786,3.774,3.775,3407.62
1777706400000,3.776,3.777,3.761,3.768,13137.56
1777706700000,3.768,3.773,3.765,3.767,1644.96
1777707000000,3.765,3.777,3.76,3.764,3361.66
1777707300000,3.763,3.774,3.763,3.77,2382.98
1777707600000,3.77,3.783,3.77,3.782,2379.01
1777707900000,3.784,3.785,3.771,3.771,4435.97
1777708200000,3.771,3.773,3.763,3.772,10902.51
1777708500000,3.771,3.771,3.76,3.76,5220.94
1777708800000,3.761,3.762,3.747,3.747,2413.38
1777709100000,3.747,3.755,3.742,3.742,5217.65
1777709400000,3.742,3.744,3.739,3.741,3784.58
1777709700000,3.74,3.74,3.725,3.726,16647.22
1777710000000,3.727,3.733,3.727,3.733,1103.66
1777710300000,3.734,3.746,3.734,3.746,2039.53
1777710600000,3.747,3.757,3.744,3.749,5504.53
1777710900000,3.749,3.757,3.748,3.757,1694.46
1777711200000,3.757,3.767,3.757,3.759,1904.11
1777711500000,3.758,3.762,3.754,3.762,661.62
1777711800000,3.763,3.781,3.763,3.781,2911.65
1777712100000,3.78,3.786,3.765,3.776,3576.45
1777712400000,3.777,3.794,3.777,3.794,3423.2
1777712700000,3.795,3.822,3.794,3.819,6755.88
1777713000000,3.819,3.836,3.818,3.834,6963.49
1777713300000,3.835,3.855,3.835,3.853,8467.83
1777713600000,3.852,3.857,3.838,3.845,9859.83
1777713900000,3.846,3.854,3.834,3.834,3082.1
1777714200000,3.833,3.863,3.83,3.857,10179.42
1777714500000,3.857,3.865,3.843,3.856,23701.2
1777714800000,3.856,3.867,3.853,3.86,8341.07
1777715100000,3.862,3.869,3.854,3.859,7056.66
1777715400000,3.859,3.865,3.857,3.862,2314.73
1777715700000,3.862,3.872,3.861,3.863,4236.12
1777716000000,3.862,3.88,3.862,3.877,5864.68
1777716300000,3.878,3.891,3.878,3.885,6757.72
1777716600000,3.884,3.896,3.881,3.883,6183.06
1777716900000,3.884,3.897,3.883,3.895,3383.35
1777717200000,3.896,3.896,3.876,3.879,10482.35
1777717500000,3.879,3.879,3.853,3.855,17363.14
1777717800000,3.854,3.855,3.83,3.845,14866.91
1777718100000,3.846,3.846,3.831,3.831,5090.91
1777718400000,3.83,3.849,3.826,3.849,6066.76
1777718700000,3.85,3.851,3.835,3.844,2592.26
1777719000000,3.843,3.843,3.824,3.825,4949.32
1777719300000,3.825,3.834,3.823,3.832,5047.18
1777719600000,3.832,3.834,3.821,3.828,4583.44
1777719900000,3.828,3.835,3.818,3.821,6853.39
1777720200000,3.819,3.823,3.815,3.82,2710.22
1777720500000,3.819,3.827,3.814,3.816,3001.75
1777720800000,3.815,3.815,3.798,3.803,14852.99
1777721100000,3.802,3.804,3.795,3.8,4354.51
1777721400000,3.8,3.8,3.772,3.773,14046.65
1777721700000,3.772,3.784,3.771,3.784,4513.98
1777722000000,3.785,3.785,3.773,3.782,2371.52
1777722300000,3.78,3.787,3.776,3.78,1791.26
1777722600000,3.78,3.785,3.758,3.758,29966.19
1777722900000,3.759,3.771,3.759,3.77,8073.5
1777723200000,3.77,3.773,3.767,3.771,5084.12
1777723500000,3.771,3.782,3.767,3.768,6915.86
1777723800000,3.768,3.776,3.768,3.773,4874.91
1777724100000,3.773,3.791,3.769,3.787,14978.43
1777724400000,3.786,3.788,3.771,3.778,8496.31
1777724700000,3.778,3.787,3.778,3.784,2833.04
1777725000000,3.784,3.792,3.783,3.789,4222.4
1777725300000,3.789,3.819,3.789,3.807,42026.23
1777725600000,3.806,3.817,3.805,3.805,7314.48
1777725900000,3.804,3.809,3.791,3.792,5318.95
1777726200000,3.792,3.792,3.781,3.782,6085.98
1777726500000,3.781,3.787,3.779,3.783,3164.73
1777726800000,3.784,3.787,3.777,3.781,6245.29
1777727100000,3.781,3.783,3.759,3.774,8751.99
1777727400000,3.774,3.774,3.745,3.747,32986.51
1777727700000,3.747,3.755,3.745,3.754,5357.06
1777728000000,3.754,3.761,3.754,3.76,7054.83
1777728300000,3.759,3.775,3.759,3.766,5945.18
1777728600000,3.766,3.766,3.757,3.759,5547.36
1777728900000,3.758,3.768,3.757,3.757,7817.67
1777729200000,3.756,3.76,3.752,3.758,4062.69
1777729500000,3.758,3.758,3.748,3.753,2449.75
1777729800000,3.753,3.753,3.746,3.75,5105.35
1777730100000,3.751,3.753,3.74,3.75,21170.29
1777730400000,3.75,3.768,3.748,3.768,1799.45
1777730700000,3.767,3.773,3.765,3.771,2198.54
1777731000000,3.772,3.783,3.771,3.774,6720.96
1777731300000,3.775,3.781,3.769,3.781,1697.42
1777731600000,3.781,3.783,3.775,3.776,6138.38
1777731900000,3.777,3.801,3.776,3.798,27734.32
1777732200000,3.798,3.804,3.79,3.791,17999.89
1777732500000,3.792,3.794,3.779,3.78,5218.24
1777732800000,3.78,3.785,3.776,3.777,4240.12
1777733100000,3.777,3.792,3.777,3.79,1826.03
1777733400000,3.79,3.8,3.79,3.793,7909.74
1777733700000,3.793,3.797,3.789,3.789,2544.45
1777734000000,3.789,3.808,3.789,3.797,17380.72
1777734300000,3.797,3.805,3.795,3.799,2494.23
1777734600000,3.8,3.807,3.798,3.799,6805.15
1777734900000,3.799,3.805,3.797,3.802,14036.55
1777735200000,3.801,3.822,3.801,3.821,10231.48
1777735500000,3.82,3.821,3.81,3.815,2011.95
1777735800000,3.816,3.829,3.813,3.828,6526.2
1777736100000,3.827,3.832,3.821,3.831,6032.25
1777736400000,3.831,3.843,3.826,3.84,3651.49
1777736700000,3.838,3.844,3.834,3.839,5104.31
1777737000000,3.839,3.852,3.839,3.849,17877.43
1777737300000,3.85,3.859,3.85,3.858,4999.96
1777737600000,3.857,3.862,3.847,3.847,5457.15
1777737900000,3.847,3.847,3.807,3.813,11876.31
1777738200000,3.814,3.818,3.797,3.799,9667.41
1777738500000,3.799,3.8,3.782,3.798,17581.78
1777738800000,3.798,3.799,3.782,3.783,11664.5
1777739100000,3.782,3.809,3.782,3.806,3994.83
1777739400000,3.805,3.805,3.794,3.798,1153.07
1777739700000,3.799,3.805,3.798,3.805,868.79
1777740000000,3.806,3.809,3.805,3.805,1740.93
1777740300000,3.804,3.815,3.8,3.814,2210.78
1777740600000,3.813,3.826,3.812,3.821,7944.3
1777740900000,3.82,3.836,3.816,3.824,16609.51
1777741200000,3.825,3.826,3.815,3.82,4559.37
1777741500000,3.821,3.826,3.816,3.82,1742.66
1777741800000,3.82,3.82,3.795,3.804,12510.17
1777742100000,3.805,3.814,3.803,3.806,3291.03
1777742400000,3.806,3.812,3.806,3.808,4503.67
1777742700000,3.811,3.811,3.792,3.792,1927.44
1777743000000,3.792,3.794,3.786,3.793,1142.0
1777743300000,3.794,3.802,3.791,3.791,5142.25
1777743600000,3.792,3.792,3.779,3.78,3236.07
1777743900000,3.781,3.785,3.77,3.773,5539.66
1777744200000,3.773,3.777,3.771,3.774,836.47
1777744500000,3.774,3.782,3.774,3.779,1429.05
1777744800000,3.778,3.778,3.762,3.765,2826.37
1777745100000,3.763,3.765,3.76,3.762,1035.86
1777745400000,3.762,3.774,3.76,3.774,956.98
1777745700000,3.774,3.785,3.77,3.785,1998.54
1777746000000,3.786,3.797,3.786,3.793,4235.16
1777746300000,3.792,3.795,3.792,3.793,263.9
1777746600000,3.794,3.809,3.793,3.8,7401.95
1777746900000,3.8,3.802,3.79,3.796,5415.67
1777747200000,3.796,3.799,3.794,3.794,2045.18
1777747500000,3.795,3.808,3.795,3.806,1817.66
1777747800000,3.807,3.808,3.795,3.796,1954.73
1777748100000,3.797,3.8,3.794,3.795,1369.72
1777748400000,3.793,3.801,3.79,3.796,878.23
1777748700000,3.795,3.795,3.791,3.791,672.27
1777749000000,3.792,3.796,3.791,3.796,358.13
1777749300000,3.795,3.796,3.79,3.793,1321.12
1777749600000,3.793,3.795,3.786,3.791,6609.74
1777749900000,3.792,3.797,3.792,3.794,612.02
1777750200000,3.793,3.799,3.791,3.799,1225.38
1777750500000,3.799,3.809,3.797,3.808,3630.85
1777750800000,3.807,3.813,3.806,3.813,1386.76
1777751100000,3.813,3.813,3.805,3.805,450.73
1777751400000,3.806,3.815,3.806,3.815,3552.12
1777751700000,3.813,3.817,3.812,3.817,1812.09
1777752000000,3.818,3.818,3.806,3.81,2161.22
1777752300000,3.809,3.815,3.807,3.81,952.71
1777752600000,3.811,3.811,3.807,3.811,548.61
1777752900000,3.812,3.814,3.812,3.812,89.04
1777753200000,3.812,3.812,3.802,3.805,944.79
1777753500000,3.805,3.807,3.802,3.807,1012.28
1777753800000,3.806,3.806,3.795,3.802,7290.29
1777754100000,3.802,3.803,3.796,3.799,7304.2
1777754400000,3.799,3.801,3.797,3.801,619.33
1777754700000,3.801,3.801,3.793,3.799,3713.89
1777755000000,3.8,3.804,3.8,3.802,831.38
1777755300000,3.802,3.803,3.797,3.799,2802.74
1777755600000,3.8,3.804,3.79,3.791,739.49
1777755900000,3.792,3.797,3.792,3.796,534.62
1777756200000,3.796,3.798,3.792,3.794,2052.46
1777756500000,3.797,3.799,3.793,3.797,694.76
1777756800000,3.798,3.8,3.794,3.795,944.62
1777757100000,3.794,3.8,3.794,3.797,1105.6
1777757400000,3.799,3.808,3.798,3.803,975.69
1777757700000,3.802,3.824,3.8,3.812,7096.1
1777758000000,3.809,3.809,3.804,3.806,1351.56
1777758300000,3.807,3.811,3.805,3.805,529.55
1777758600000,3.804,3.804,3.795,3.796,698.93
1777758900000,3.795,3.799,3.789,3.792,3358.66
1777759200000,3.793,3.8,3.785,3.792,4227.03
1777759500000,3.791,3.791,3.779,3.787,1028.74
1777759800000,3.787,3.789,3.783,3.786,1084.18
1777760100000,3.786,3.786,3.78,3.781,1025.74
1777760400000,3.781,3.783,3.779,3.781,1725.31
1777760700000,3.781,3.785,3.781,3.782,383.92
1777761000000,3.782,3.784,3.774,3.775,1844.03
1777761300000,3.775,3.777,3.767,3.771,2392.7
1777761600000,3.771,3.777,3.77,3.773,2245.89
1777761900000,3.773,3.774,3.773,3.773,731.77
1777762200000,3.772,3.778,3.772,3.778,1466.37
1777762500000,3.779,3.795,3.778,3.794,6770.17
1777762800000,3.794,3.794,3.78,3.78,2141.52
1777763100000,3.781,3.783,3.769,3.769,2012.52
1777763400000,3.769,3.775,3.768,3.773,929.36
1777763700000,3.773,3.799,3.773,3.788,16387.23
1777764000000,3.788,3.792,3.787,3.789,2542.69
1777764300000,3.789,3.802,3.788,3.801,1882.85
1777764600000,3.801,3.813,3.8,3.8,5476.52
1777764900000,3.8,3.809,3.797,3.797,4511.73
1777765200000,3.797,3.803,3.795,3.8,2018.41
1777765500000,3.801,3.825,3.801,3.818,11122.7
1777765800000,3.818,3.818,3.804,3.808,1985.7
1777766100000,3.807,3.808,3.799,3.8,1855.44
1777766400000,3.8,3.806,3.799,3.799,1393.21
1777766700000,3.8,3.801,3.78,3.78,2185.57
1777767000000,3.779,3.779,3.77,3.772,7682.03
1777767300000,3.771,3.781,3.77,3.78,2302.13
1777767600000,3.779,3.79,3.778,3.781,4639.65
1777767900000,3.782,3.789,3.782,3.789,934.55
1777768200000,3.786,3.792,3.785,3.786,2711.29
1777768500000,3.787,3.788,3.782,3.788,7389.23
1777768800000,3.787,3.787,3.773,3.775,8918.2
1777769100000,3.774,3.785,3.772,3.778,24446.43
1777769400000,3.777,3.783,3.774,3.782,1460.73
1777769700000,3.78,3.787,3.776,3.782,10528.73
1777770000000,3.78,3.78,3.766,3.774,2315.22
1777770300000,3.773,3.777,3.768,3.777,1337.07
1777770600000,3.777,3.78,3.775,3.78,765.11
1777770900000,3.781,3.785,3.765,3.767,1556.04
1777771200000,3.768,3.773,3.767,3.769,1947.66
1777771500000,3.77,3.774,3.77,3.773,253.72
1777771800000,3.772,3.779,3.772,3.775,2726.07
1777772100000,3.776,3.776,3.763,3.764,1286.7
1777772400000,3.763,3.766,3.758,3.764,1173.99
1777772700000,3.763,3.766,3.761,3.765,2115.37
1777773000000,3.764,3.764,3.749,3.75,735.65
1777773300000,3.75,3.757,3.75,3.757,281.86
1777773600000,3.758,3.762,3.756,3.756,4590.23
1777773900000,3.756,3.757,3.748,3.748,2275.22
1777774200000,3.747,3.747,3.732,3.739,10385.13
1777774500000,3.74,3.744,3.738,3.742,4537.13
1777774800000,3.742,3.742,3.727,3.735,30070.18
1777775100000,3.736,3.737,3.728,3.731,1357.54
1777775400000,3.73,3.737,3.729,3.731,2166.84
1777775700000,3.732,3.733,3.729,3.733,731.31
1777776000000,3.734,3.74,3.73,3.732,1539.08
1777776300000,3.732,3.735,3.728,3.733,4964.98
1777776600000,3.733,3.743,3.731,3.74,32401.58
1777776900000,3.739,3.743,3.738,3.742,119.82
1777777200000,3.742,3.742,3.731,3.731,3922.09
1777777500000,3.731,3.731,3.727,3.728,947.6
1777777800000,3.727,3.727,3.722,3.724,2122.16
1777778100000,3.724,3.724,3.724,3.724,673.02
1777778400000,3.725,3.725,3.72,3.721,753.58
1777778700000,3.721,3.724,3.72,3.722,662.2
1777779000000,3.722,3.724,3.718,3.724,3092.34
1777779300000,3.723,3.726,3.723,3.723,952.25
1777779600000,3.723,3.733,3.723,3.723,2235.72
1777779900000,3.722,3.726,3.722,3.726,565.9
1777780200000,3.727,3.73,3.727,3.73,853.05
1777780500000,3.73,3.731,3.726,3.726,4177.61
1777780800000,3.725,3.735,3.724,3.732,2986.57
1777781100000,3.732,3.734,3.727,3.73,882.58
1777781400000,3.729,3.73,3.728,3.728,294.14
1777781700000,3.729,3.73,3.723,3.724,367.74
1777782000000,3.724,3.726,3.724,3.726,62.6
1777782300000,3.725,3.74,3.725,3.737,572.1
1777782600000,3.736,3.746,3.736,3.746,2578.71
1777782900000,3.747,3.76,3.747,3.759,1242.28
1777783200000,3.759,3.769,3.758,3.765,4315.6
1777783500000,3.765,3.766,3.762,3.762,1785.13
1777783800000,3.762,3.768,3.762,3.768,1784.09
1777784100000,3.769,3.77,3.758,3.758,698.23
1777784400000,3.757,3.773,3.755,3.773,2017.81
1777784700000,3.774,3.778,3.755,3.759,11017.36
1777785000000,3.758,3.771,3.758,3.764,1569.71
1777785300000,3.765,3.765,3.755,3.755,2147.01
1777785600000,3.755,3.759,3.755,3.756,2396.19
1777785900000,3.757,3.758,3.753,3.753,367.91
1777786200000,3.754,3.756,3.753,3.754,338.66
1777786500000,3.755,3.758,3.754,3.754,2214.18
1777786800000,3.753,3.753,3.74,3.74,930.86
1777787100000,3.74,3.741,3.736,3.738,1336.95
1777787400000,3.737,3.737,3.726,3.726,988.23
1777787700000,3.725,3.725,3.719,3.72,3370.84
1777788000000,3.719,3.728,3.711,3.728,12232.21
1777788300000,3.728,3.728,3.713,3.716,6490.09
1777788600000,3.716,3.724,3.711,3.714,14058.04
1777788900000,3.715,3.724,3.715,3.722,1725.09
1777789200000,3.723,3.725,3.723,3.725,1440.52
1777789500000,3.725,3.727,3.725,3.726,714.97
1777789800000,3.727,3.731,3.723,3.73,2084.91
1777790100000,3.729,3.734,3.726,3.734,1484.15
1777790400000,3.734,3.736,3.723,3.723,1668.83
1777790700000,3.724,3.729,3.724,3.729,204.87
1777791000000,3.729,3.744,3.729,3.743,548.6
1777791300000,3.742,3.744,3.735,3.736,1141.91
1777791600000,3.736,3.75,3.736,3.744,3427.65
1777791900000,3.744,3.748,3.74,3.74,2753.29
1777792200000,3.74,3.748,3.74,3.742,8217.4
1777792500000,3.743,3.744,3.735,3.742,1851.13
1777792800000,3.743,3.747,3.74,3.747,5550.39
1777793100000,3.747,3.751,3.746,3.75,1414.95
1777793400000,3.751,3.763,3.751,3.752,1863.47
1777793700000,3.752,3.752,3.748,3.752,2537.06
1777794000000,3.752,3.762,3.75,3.759,1470.24
1777794300000,3.761,3.772,3.761,3.772,998.06
1777794600000,3.772,3.773,3.758,3.76,2196.97
1777794900000,3.761,3.772,3.757,3.76,7999.61
1777795200000,3.759,3.769,3.758,3.766,1602.98
1777795500000,3.766,3.766,3.759,3.759,603.34
1777795800000,3.758,3.761,3.757,3.759,1344.76
1777796100000,3.759,3.762,3.755,3.755,4087.12
1777796400000,3.756,3.756,3.747,3.753,3233.9
1777796700000,3.753,3.755,3.745,3.755,1109.26
1777797000000,3.755,3.755,3.744,3.747,3120.56
1777797300000,3.748,3.753,3.748,3.753,249.79
1777797600000,3.752,3.754,3.749,3.753,611.32
1777797900000,3.752,3.752,3.745,3.75,1501.97
1777798200000,3.75,3.755,3.75,3.755,243.06
1777798500000,3.755,3.755,3.751,3.752,590.18
1777798800000,3.751,3.756,3.748,3.755,1008.77
1777799100000,3.755,3.755,3.744,3.747,4002.6
1777799400000,3.746,3.753,3.745,3.75,2305.32
1777799700000,3.75,3.75,3.737,3.746,8057.76
1777800000000,3.745,3.749,3.745,3.749,456.32
1777800300000,3.748,3.748,3.733,3.733,9285.65
1777800600000,3.733,3.734,3.719,3.719,3743.17
1777800900000,3.719,3.733,3.715,3.733,4594.58
1777801200000,3.734,3.735,3.724,3.725,1570.56
1777801500000,3.726,3.726,3.716,3.721,3423.59
1777801800000,3.721,3.723,3.718,3.723,2149.9
1777802100000,3.722,3.724,3.722,3.722,1666.88
1777802400000,3.721,3.728,3.72,3.72,677.92
1777802700000,3.719,3.728,3.717,3.722,2069.23
1777803000000,3.723,3.729,3.722,3.728,586.64
1777803300000,3.727,3.728,3.724,3.728,670.36
1777803600000,3.728,3.733,3.728,3.733,708.45
1777803900000,3.732,3.735,3.726,3.73,5416.72
1777804200000,3.729,3.737,3.729,3.732,3988.29
1777804500000,3.732,3.732,3.724,3.728,1837.24
1777804800000,3.729,3.734,3.729,3.731,2895.64
1777805100000,3.73,3.73,3.718,3.719,1410.66
1777805400000,3.72,3.722,3.716,3.716,485.83
1777805700000,3.715,3.721,3.715,3.716,3917.21
1777806000000,3.715,3.727,3.703,3.725,10535.67
1777806300000,3.724,3.724,3.722,3.724,336.88
1777806600000,3.725,3.735,3.725,3.728,1607.16
1777806900000,3.727,3.728,3.721,3.724,2528.58
1777807200000,3.725,3.725,3.717,3.718,536.95
1777807500000,3.719,3.722,3.715,3.722,416.11
1777807800000,3.723,3.726,3.721,3.726,2068.59
1777808100000,3.727,3.741,3.727,3.732,18305.05
1777808400000,3.733,3.744,3.733,3.744,1911.33
1777808700000,3.744,3.752,3.741,3.75,11139.38
1777809000000,3.751,3.752,3.742,3.742,3315.39
1777809300000,3.741,3.741,3.735,3.735,3379.66
1777809600000,3.736,3.746,3.73,3.74,34118.8
1777809900000,3.741,3.753,3.741,3.75,3838.86
1777810200000,3.75,3.759,3.75,3.752,9060.59
1777810500000,3.751,3.757,3.749,3.75,2259.63
1777810800000,3.75,3.753,3.749,3.751,660.58
1777811100000,3.751,3.757,3.751,3.756,1628.66
1777811400000,3.755,3.764,3.754,3.76,8804.59
1777811700000,3.761,3.762,3.752,3.754,1698.26
1777812000000,3.755,3.761,3.748,3.75,1045.02
1777812300000,3.751,3.758,3.747,3.755,4359.23
1777812600000,3.754,3.754,3.749,3.751,1888.31
1777812900000,3.75,3.758,3.746,3.754,3690.73
1777813200000,3.755,3.757,3.746,3.749,5962.04
1777813500000,3.749,3.757,3.746,3.757,1682.96
1777813800000,3.758,3.765,3.758,3.765,1400.69
1777814100000,3.763,3.765,3.761,3.764,1974.75
1777814400000,3.764,3.765,3.76,3.76,3099.86
1777814700000,3.761,3.762,3.753,3.757,5290.42
1777815000000,3.759,3.775,3.759,3.775,2977.84
1777815300000,3.775,3.781,3.774,3.777,872.83
1777815600000,3.776,3.776,3.766,3.769,980.09
1777815900000,3.769,3.779,3.769,3.773,5884.64
1777816200000,3.774,3.779,3.771,3.771,1748.08
1777816500000,3.772,3.779,3.768,3.776,2828.85
1777816800000,3.777,3.791,3.777,3.788,15147.08
1777817100000,3.789,3.797,3.781,3.792,4651.7
1777817400000,3.791,3.793,3.786,3.789,1313.76
1777817700000,3.789,3.795,3.776,3.783,1475.97
1777818000000,3.782,3.786,3.774,3.778,4935.34
1777818300000,3.778,3.789,3.778,3.785,2116.69
1777818600000,3.785,3.795,3.785,3.793,2757.48
1777818900000,3.792,3.792,3.787,3.788,2880.12
1777819200000,3.788,3.794,3.788,3.791,1958.3
1777819500000,3.793,3.793,3.786,3.79,541.28
1777819800000,3.791,3.792,3.781,3.781,2856.43
1777820100000,3.782,3.784,3.777,3.778,928.66
1777820400000,3.777,3.783,3.777,3.78,1531.76
1777820700000,3.78,3.791,3.78,3.786,3110.93
1777821000000,3.787,3.789,3.783,3.789,2176.6
1777821300000,3.79,3.803,3.789,3.803,2191.17
1777821600000,3.802,3.808,3.789,3.796,3205.01
1777821900000,3.797,3.801,3.796,3.801,479.11
1777822200000,3.801,3.803,3.795,3.797,1790.27
1777822500000,3.798,3.798,3.786,3.789,3598.16
1777822800000,3.789,3.791,3.781,3.781,5450.28
1777823100000,3.783,3.793,3.783,3.783,994.14
1777823400000,3.782,3.783,3.777,3.778,1787.83
1777823700000,3.778,3.782,3.775,3.775,1580.33
1777824000000,3.776,3.776,3.766,3.774,2505.31
1777824300000,3.774,3.781,3.773,3.777,2786.12
1777824600000,3.778,3.78,3.772,3.776,1930.31
1777824900000,3.777,3.78,3.773,3.773,6001.65
1777825200000,3.773,3.779,3.773,3.778,748.55
1777825500000,3.779,3.789,3.777,3.787,1457.35
1777825800000,3.789,3.799,3.787,3.799,2644.75
1777826100000,3.8,3.804,3.797,3.8,1834.15
1777826400000,3.801,3.803,3.785,3.791,3171.13
1777826700000,3.79,3.79,3.781,3.781,295.48
1777827000000,3.78,3.781,3.774,3.778,1794.1
1777827300000,3.779,3.779,3.774,3.775,551.51
1777827600000,3.774,3.774,3.751,3.755,1944.4
1777827900000,3.756,3.759,3.755,3.756,889.82
1777828200000,3.755,3.763,3.755,3.763,562.42
1777828500000,3.763,3.766,3.763,3.766,368.97
1777828800000,3.767,3.773,3.765,3.771,520.65
1777829100000,3.771,3.776,3.766,3.768,1269.96
1777829400000,3.769,3.769,3.764,3.764,2006.7
1777829700000,3.763,3.765,3.761,3.761,2258.31
1777830000000,3.76,3.762,3.758,3.762,309.41
1777830300000,3.763,3.764,3.759,3.763,896.14
1777830600000,3.762,3.764,3.752,3.753,2248.5
1777830900000,3.753,3.753,3.749,3.753,3996.51
1777831200000,3.754,3.759,3.754,3.755,413.16
1777831500000,3.754,3.758,3.751,3.757,603.32
1777831800000,3.756,3.76,3.754,3.758,249.75
1777832100000,3.757,3.757,3.75,3.752,423.63
1777832400000,3.751,3.758,3.748,3.758,2414.48
1777832700000,3.758,3.765,3.757,3.759,2742.63
1777833000000,3.758,3.758,3.754,3.754,406.16
1777833300000,3.755,3.765,3.755,3.763,1666.84
1777833600000,3.764,3.764,3.758,3.759,3038.82
1777833900000,3.759,3.762,3.758,3.759,357.93
1777834200000,3.759,3.762,3.759,3.76,115.72
1777834500000,3.761,3.762,3.76,3.762,222.55
1777834800000,3.762,3.763,3.761,3.762,127.11
1777835100000,3.761,3.764,3.761,3.762,90.2
1777835400000,3.762,3.762,3.739,3.749,31570.74
1777835700000,3.75,3.75,3.745,3.747,2079.24
1777836000000,3.748,3.75,3.747,3.748,130.13
1777836300000,3.747,3.748,3.745,3.746,763.14
1777836600000,3.748,3.755,3.747,3.754,495.29
1777836900000,3.755,3.756,3.75,3.75,254.78
1777837200000,3.75,3.752,3.75,3.751,128.2
1777837500000,3.75,3.75,3.742,3.747,1022.22
1777837800000,3.748,3.748,3.746,3.746,133.11
1777838100000,3.746,3.749,3.746,3.747,837.73
1777838400000,3.747,3.749,3.739,3.739,1131.06
1777838700000,3.739,3.745,3.739,3.739,671.17
1777839000000,3.738,3.747,3.738,3.745,2489.72
1777839300000,3.746,3.75,3.746,3.75,43.63
1777839600000,3.751,3.758,3.748,3.758,498.61
1777839900000,3.757,3.757,3.75,3.753,996.66
1777840200000,3.752,3.756,3.749,3.752,1206.04
1777840500000,3.752,3.769,3.752,3.757,2451.63
1777840800000,3.757,3.761,3.755,3.76,312.58
1777841100000,3.758,3.758,3.748,3.75,1421.76
1777841400000,3.751,3.754,3.751,3.752,386.86
1777841700000,3.753,3.755,3.749,3.749,7749.4
1777842000000,3.748,3.751,3.744,3.746,2269.59
1777842300000,3.747,3.747,3.746,3.746,38.21
1777842600000,3.747,3.761,3.747,3.76,1743.62
1777842900000,3.76,3.761,3.748,3.748,1096.35
1777843200000,3.749,3.754,3.738,3.739,4706.61
1777843500000,3.739,3.74,3.724,3.73,11949.63
1777843800000,3.732,3.737,3.732,3.732,638.27
1777844100000,3.732,3.732,3.725,3.729,10999.26
1777844400000,3.728,3.729,3.716,3.721,9923.34
1777844700000,3.72,3.725,3.718,3.725,440.15
1777845000000,3.725,3.728,3.722,3.728,1269.48
1777845300000,3.728,3.735,3.728,3.735,422.97
1777845600000,3.736,3.755,3.736,3.751,1122.23
1777845900000,3.752,3.752,3.744,3.744,121.91
1777846200000,3.745,3.761,3.745,3.756,1895.61
1777846500000,3.756,3.763,3.75,3.754,1289.81
1777846800000,3.753,3.754,3.74,3.742,1936.92
1777847100000,3.743,3.744,3.739,3.744,4940.96
1777847400000,3.745,3.755,3.745,3.755,378.52
1777847700000,3.755,3.755,3.746,3.747,712.48
1777848000000,3.749,3.76,3.749,3.76,705.33
1777848300000,3.761,3.765,3.76,3.765,839.75
1777848600000,3.765,3.767,3.757,3.758,2010.78
1777848900000,3.757,3.759,3.754,3.757,1431.64
1777849200000,3.758,3.761,3.757,3.757,446.51
1777849500000,3.757,3.765,3.755,3.758,1232.71
1777849800000,3.758,3.758,3.751,3.756,664.52
1777850100000,3.756,3.756,3.75,3.751,442.96
1777850400000,3.751,3.752,3.736,3.747,1178.41
1777850700000,3.747,3.748,3.742,3.747,1715.67
1777851000000,3.746,3.753,3.745,3.746,1286.74
1777851300000,3.747,3.748,3.745,3.746,1118.08
1777851600000,3.746,3.747,3.743,3.747,1049.95
1777851900000,3.747,3.748,3.742,3.746,1155.01
1777852200000,3.746,3.746,3.744,3.746,111.93
1777852500000,3.746,3.746,3.74,3.74,784.61
1777852800000,3.739,3.739,3.73,3.734,6117.5
1777853100000,3.734,3.744,3.734,3.738,352.56
1777853400000,3.738,3.739,3.732,3.733,673.68
1777853700000,3.732,3.732,3.729,3.729,606.14
1777854000000,3.73,3.731,3.722,3.729,1153.95
1777854300000,3.728,3.734,3.725,3.732,1713.58
1777854600000,3.732,3.737,3.726,3.731,603.12
1777854900000,3.73,3.733,3.729,3.731,586.55
1777855200000,3.733,3.733,3.73,3.73,668.95
1777855500000,3.731,3.737,3.731,3.735,1319.57
1777855800000,3.735,3.74,3.733,3.74,996.85
1777856100000,3.741,3.741,3.731,3.736,2118.84
1777856400000,3.736,3.74,3.723,3.723,3998.81
1777856700000,3.723,3.728,3.723,3.726,317.77
1777857000000,3.725,3.725,3.718,3.723,913.79
1777857300000,3.724,3.725,3.717,3.717,1088.77
1777857600000,3.719,3.719,3.714,3.717,1445.09
1777857900000,3.718,3.723,3.717,3.723,915.98
1777858200000,3.723,3.762,3.723,3.747,6887.86
1777858500000,3.747,3.747,3.735,3.743,2381.37
1777858800000,3.744,3.746,3.74,3.74,503.92
1777859100000,3.741,3.745,3.739,3.745,413.87
1777859400000,3.745,3.757,3.743,3.755,1371.81
1777859700000,3.755,3.779,3.75,3.768,10926.46
1777860000000,3.769,3.789,3.762,3.768,2265.34
1777860300000,3.768,3.769,3.762,3.768,1287.8
1777860600000,3.767,3.768,3.763,3.764,568.28
1777860900000,3.765,3.767,3.759,3.764,890.28
1777861200000,3.765,3.774,3.764,3.765,3474.57
1777861500000,3.765,3.765,3.759,3.762,1608.68
1777861800000,3.763,3.768,3.76,3.762,2728.23
1777862100000,3.763,3.774,3.763,3.765,3167.94
1777862400000,3.765,3.778,3.76,3.774,7696.42
1777862700000,3.773,3.784,3.769,3.776,8576.89
1777863000000,3.776,3.787,3.776,3.787,1377.3
1777863300000,3.786,3.79,3.776,3.776,3926.19
1777863600000,3.775,3.778,3.762,3.77,4683.12
1777863900000,3.771,3.777,3.771,3.773,2046.01
1777864200000,3.772,3.782,3.772,3.78,2662.62
1777864500000,3.78,3.785,3.777,3.783,1859.03
1777864800000,3.784,3.793,3.777,3.777,1791.85
1777865100000,3.777,3.778,3.77,3.773,3671.58
1777865400000,3.772,3.772,3.766,3.772,545.97
1777865700000,3.772,3.779,3.772,3.779,333.74
1777866000000,3.776,3.776,3.768,3.772,1169.14
1777866300000,3.772,3.783,3.771,3.782,659.46
1777866600000,3.781,3.788,3.778,3.785,1254.59
1777866900000,3.784,3.789,3.775,3.784,7563.09
1777867200000,3.783,3.789,3.78,3.789,6343.98
1777867500000,3.79,3.799,3.79,3.795,5834.19
1777867800000,3.796,3.803,3.793,3.798,4468.99
1777868100000,3.799,3.806,3.795,3.796,11673.67
1777868400000,3.797,3.8,3.787,3.791,1533.7
1777868700000,3.79,3.797,3.789,3.793,2500.67
1777869000000,3.793,3.793,3.785,3.785,5829.51
1777869300000,3.786,3.786,3.779,3.783,722.09
1777869600000,3.783,3.787,3.782,3.784,2753.56
1777869900000,3.785,3.796,3.785,3.79,3423.71
1777870200000,3.791,3.796,3.786,3.786,3827.64
1777870500000,3.785,3.787,3.775,3.783,7708.54
1777870800000,3.782,3.783,3.774,3.777,1183.74
1777871100000,3.777,3.785,3.774,3.775,7174.45
1777871400000,3.774,3.775,3.77,3.775,2715.03
1777871700000,3.775,3.775,3.768,3.77,694.24
1777872000000,3.771,3.774,3.766,3.77,4494.82
1777872300000,3.769,3.777,3.768,3.777,993.97
1777872600000,3.776,3.778,3.765,3.776,4608.11
1777872900000,3.777,3.784,3.776,3.783,1973.61
1777873200000,3.785,3.79,3.783,3.789,3139.77
1777873500000,3.789,3.789,3.783,3.783,296.2
1777873800000,3.785,3.791,3.778,3.778,3251.94
1777874100000,3.778,3.778,3.774,3.775,1091.74
1777874400000,3.775,3.775,3.765,3.767,1313.34
1777874700000,3.767,3.773,3.763,3.767,1948.79
1777875000000,3.767,3.77,3.76,3.76,2587.12
1777875300000,3.76,3.763,3.757,3.757,6370.37
1777875600000,3.756,3.761,3.756,3.756,656.63
1777875900000,3.757,3.767,3.749,3.767,3616.48
1777876200000,3.767,3.778,3.767,3.778,430.7
1777876500000,3.779,3.779,3.778,3.778,396.04
1777876800000,3.78,3.789,3.78,3.789,940.64
1777877100000,3.79,3.809,3.79,3.804,23828.18
1777877400000,3.804,3.812,3.802,3.802,4517.17
1777877700000,3.801,3.802,3.794,3.797,3151.91
1777878000000,3.798,3.802,3.79,3.79,2886.77
1777878300000,3.79,3.8,3.787,3.8,4030.37
1777878600000,3.801,3.809,3.799,3.809,2415.22
1777878900000,3.81,3.81,3.796,3.8,1473.5
1777879200000,3.799,3.802,3.799,3.799,532.79
1777879500000,3.798,3.813,3.798,3.805,16400.38
1777879800000,3.804,3.808,3.796,3.798,707.67
1777880100000,3.798,3.804,3.794,3.799,1799.61
1777880400000,3.8,3.811,3.8,3.811,544.13
1777880700000,3.81,3.81,3.807,3.807,1357.59
1777881000000,3.807,3.809,3.801,3.801,720.65
1777881300000,3.8,3.8,3.792,3.793,1484.38
1777881600000,3.793,3.794,3.785,3.785,3476.29
1777881900000,3.785,3.79,3.78,3.79,2528.52
1777882200000,3.79,3.794,3.79,3.793,868.42
1777882500000,3.793,3.793,3.778,3.779,1182.68
1777882800000,3.779,3.781,3.772,3.773,1982.92
1777883100000,3.773,3.774,3.769,3.769,1714.39
1777883400000,3.77,3.774,3.769,3.77,2076.58
1777883700000,3.77,3.772,3.769,3.772,2883.13
1777884000000,3.773,3.773,3.766,3.766,3018.77
1777884300000,3.767,3.769,3.766,3.766,2473.73
1777884600000,3.766,3.767,3.764,3.767,2681.39
1777884900000,3.767,3.769,3.765,3.765,880.94
1777885200000,3.766,3.779,3.766,3.779,921.44
1777885500000,3.779,3.78,3.774,3.78,1006.88
1777885800000,3.78,3.782,3.774,3.774,1601.01
1777886100000,3.774,3.782,3.774,3.782,1318.69
1777886400000,3.782,3.782,3.775,3.775,1083.6
1777886700000,3.776,3.777,3.771,3.771,314.0
1777887000000,3.77,3.781,3.768,3.775,2138.19
1777887300000,3.775,3.775,3.769,3.774,4188.78
1777887600000,3.775,3.78,3.772,3.78,2678.57
1777887900000,3.779,3.786,3.776,3.785,1071.94
1777888200000,3.785,3.793,3.785,3.789,642.18
1777888500000,3.788,3.788,3.783,3.783,804.06
1777888800000,3.784,3.785,3.749,3.75,14396.04
1777889100000,3.749,3.749,3.685,3.711,30207.82
1777889400000,3.711,3.714,3.698,3.71,7021.63
1777889700000,3.711,3.713,3.687,3.691,12579.75
1777890000000,3.692,3.696,3.684,3.686,14338.1
1777890300000,3.686,3.708,3.683,3.703,7674.59
1777890600000,3.702,3.732,3.699,3.73,17014.55
1777890900000,3.73,3.73,3.715,3.715,1694.41
1777891200000,3.714,3.719,3.705,3.705,3972.8
1777891500000,3.706,3.708,3.698,3.702,3139.4
1777891800000,3.703,3.705,3.694,3.702,8589.02
1777892100000,3.702,3.707,3.694,3.694,2824.17
1777892400000,3.693,3.704,3.689,3.701,2616.44
1777892700000,3.701,3.704,3.696,3.696,3522.76
1777893000000,3.696,3.708,3.696,3.704,2409.08
1777893300000,3.705,3.714,3.701,3.714,2135.93
1777893600000,3.713,3.718,3.707,3.707,2004.13
1777893900000,3.708,3.711,3.706,3.708,1797.33
1777894200000,3.708,3.713,3.707,3.711,374.57
1777894500000,3.711,3.726,3.711,3.724,16988.58
1777894800000,3.724,3.73,3.722,3.722,494.3
1777895100000,3.721,3.726,3.719,3.722,1191.74
1777895400000,3.723,3.725,3.71,3.713,1058.28
1777895700000,3.713,3.715,3.703,3.703,1186.99
1777896000000,3.704,3.705,3.698,3.7,1771.87
1777896300000,3.7,3.7,3.689,3.692,2941.59
1777896600000,3.691,3.698,3.689,3.698,217.0
1777896900000,3.698,3.698,3.687,3.695,2641.42
1777897200000,3.696,3.698,3.693,3.695,1076.48
1777897500000,3.696,3.696,3.688,3.689,5182.17
1777897800000,3.688,3.692,3.677,3.682,13028.12
1777898100000,3.682,3.687,3.679,3.686,1347.68
1777898400000,3.687,3.69,3.684,3.687,2177.93
1777898700000,3.688,3.689,3.686,3.686,3084.45
1777899000000,3.687,3.689,3.685,3.685,2469.99
1777899300000,3.685,3.69,3.684,3.686,583.83
1777899600000,3.685,3.685,3.669,3.679,8335.49
1777899900000,3.678,3.693,3.677,3.691,2608.6
1777900200000,3.693,3.701,3.693,3.699,2402.52
1777900500000,3.7,3.71,3.699,3.709,4889.97
1777900800000,3.71,3.71,3.704,3.707,2697.12
1777901100000,3.706,3.706,3.701,3.705,576.16
1777901400000,3.704,3.72,3.703,3.719,1477.12
1777901700000,3.72,3.72,3.706,3.706,787.64
1777902000000,3.706,3.709,3.705,3.706,70.95
1777902300000,3.705,3.718,3.702,3.706,7702.71
1777902600000,3.705,3.708,3.692,3.694,7079.01
1777902900000,3.693,3.702,3.682,3.7,17945.26
1777903200000,3.699,3.702,3.69,3.69,3000.78
1777903500000,3.691,3.696,3.688,3.691,8144.29
1777903800000,3.69,3.707,3.69,3.706,4763.72
1777904100000,3.705,3.715,3.703,3.715,4684.24
1777904400000,3.715,3.718,3.707,3.711,3584.75
1777904700000,3.711,3.719,3.708,3.71,4859.76
1777905000000,3.71,3.718,3.71,3.714,1577.68
1777905300000,3.715,3.73,3.715,3.724,3065.38
1777905600000,3.724,3.725,3.714,3.714,1422.13
1777905900000,3.715,3.732,3.713,3.727,9001.44
1777906200000,3.728,3.76,3.728,3.753,15097.41
1777906500000,3.755,3.757,3.736,3.743,3934.72
1777906800000,3.743,3.749,3.736,3.736,1513.7
1777907100000,3.736,3.747,3.734,3.734,4427.68
1777907400000,3.733,3.735,3.725,3.729,3080.02
1777907700000,3.729,3.737,3.708,3.708,4835.22
1777908000000,3.709,3.721,3.7,3.704,6149.1
1777908300000,3.703,3.713,3.703,3.703,4586.57
1777908600000,3.704,3.704,3.692,3.699,2438.59
1777908900000,3.698,3.699,3.69,3.694,1314.46
1777909200000,3.694,3.698,3.689,3.698,876.07
1777909500000,3.698,3.698,3.689,3.689,1369.05
1777909800000,3.689,3.694,3.676,3.692,3753.73
1777910100000,3.693,3.697,3.686,3.687,1876.55
1777910400000,3.688,3.694,3.688,3.691,538.25
1777910700000,3.69,3.695,3.678,3.688,3247.38
1777911000000,3.688,3.696,3.688,3.691,854.02
1777911300000,3.692,3.713,3.692,3.707,11316.27
1777911600000,3.706,3.712,3.701,3.702,883.93
1777911900000,3.704,3.704,3.697,3.703,1005.69
1777912200000,3.7,3.711,3.7,3.703,5441.83
1777912500000,3.703,3.705,3.69,3.69,2318.27
1777912800000,3.69,3.695,3.688,3.693,4216.81
1777913100000,3.692,3.695,3.689,3.694,11213.68
1777913400000,3.694,3.698,3.694,3.694,810.07
1777913700000,3.693,3.693,3.681,3.681,1471.0
1777914000000,3.682,3.696,3.682,3.694,5423.36
1777914300000,3.693,3.697,3.689,3.691,1302.71
1777914600000,3.692,3.697,3.686,3.686,704.11
1777914900000,3.685,3.694,3.683,3.693,1170.84
1777915200000,3.694,3.697,3.691,3.695,495.76
1777915500000,3.694,3.694,3.687,3.687,1216.17
1777915800000,3.688,3.691,3.686,3.689,694.46
1777916100000,3.689,3.698,3.686,3.698,2080.47
1777916400000,3.697,3.699,3.697,3.697,287.24
1777916700000,3.696,3.708,3.695,3.708,3848.32
1777917000000,3.706,3.723,3.706,3.71,4915.24
1777917300000,3.711,3.714,3.706,3.706,2216.6
1777917600000,3.707,3.72,3.704,3.72,2361.92
1777917900000,3.718,3.718,3.708,3.71,736.32
1777918200000,3.711,3.714,3.707,3.708,1093.47
1777918500000,3.707,3.708,3.703,3.703,1246.16
1777918800000,3.702,3.702,3.698,3.699,1294.84
1777919100000,3.699,3.699,3.694,3.698,952.49
1777919400000,3.699,3.707,3.697,3.701,2256.51
1777919700000,3.7,3.709,3.699,3.709,271.25
1777920000000,3.71,3.718,3.71,3.714,4482.74
1777920300000,3.714,3.714,3.707,3.711,998.42
1777920600000,3.712,3.712,3.705,3.707,943.45
1777920900000,3.707,3.71,3.707,3.71,787.83
1777921200000,3.711,3.711,3.696,3.702,1844.7
1777921500000,3.702,3.71,3.7,3.71,3301.46
1777921800000,3.711,3.713,3.701,3.708,2655.26
1777922100000,3.709,3.709,3.7,3.704,329.38
1777922400000,3.703,3.708,3.698,3.698,437.11
1777922700000,3.7,3.7,3.694,3.699,1034.49
1777923000000,3.698,3.702,3.693,3.694,1246.2
1777923300000,3.694,3.697,3.692,3.692,568.76
1777923600000,3.693,3.695,3.689,3.693,1760.29
1777923900000,3.692,3.696,3.691,3.693,1032.02
1777924200000,3.692,3.693,3.688,3.688,1241.55
1777924500000,3.687,3.693,3.682,3.682,3856.48
1777924800000,3.685,3.685,3.68,3.683,1209.56
1777925100000,3.684,3.69,3.684,3.689,1681.21
1777925400000,3.689,3.696,3.687,3.696,1263.72
1777925700000,3.695,3.696,3.683,3.683,788.17
1777926000000,3.683,3.686,3.681,3.682,359.63
1777926300000,3.681,3.687,3.681,3.686,817.12
1777926600000,3.684,3.691,3.679,3.679,999.19
1777926900000,3.679,3.693,3.679,3.69,1266.45
1777927200000,3.69,3.693,3.689,3.689,517.6
1777927500000,3.689,3.695,3.688,3.689,1146.33
1777927800000,3.687,3.689,3.68,3.684,1448.37
1777928100000,3.683,3.684,3.681,3.683,690.2
1777928400000,3.683,3.694,3.683,3.693,1346.94
1777928700000,3.692,3.697,3.691,3.695,683.67
1777929000000,3.695,3.702,3.695,3.697,744.24
1777929300000,3.695,3.699,3.695,3.699,202.03
1777929600000,3.698,3.707,3.698,3.706,720.21
1777929900000,3.707,3.712,3.705,3.711,1955.35
1777930200000,3.711,3.714,3.711,3.714,499.62
1777930500000,3.715,3.715,3.709,3.709,65.41
1777930800000,3.708,3.708,3.699,3.7,1826.57
1777931100000,3.7,3.701,3.699,3.699,1389.69
1777931400000,3.702,3.709,3.702,3.708,1993.52
1777931700000,3.706,3.709,3.691,3.692,43182.12
1777932000000,3.691,3.699,3.691,3.696,2424.06
1777932300000,3.696,3.696,3.69,3.692,1523.69
1777932600000,3.692,3.694,3.692,3.694,2015.2
1777932900000,3.693,3.696,3.689,3.689,1597.9
1777933200000,3.69,3.69,3.686,3.69,3191.15
1777933500000,3.69,3.693,3.689,3.69,783.97
1777933800000,3.69,3.69,3.686,3.686,645.81
1777934100000,3.686,3.687,3.685,3.685,494.31
1777934400000,3.686,3.687,3.684,3.684,589.2
1777934700000,3.683,3.687,3.68,3.687,3642.45
1777935000000,3.687,3.687,3.683,3.684,446.67
1777935300000,3.684,3.684,3.681,3.684,270.51
1777935600000,3.683,3.685,3.679,3.684,1754.34
1777935900000,3.684,3.685,3.676,3.676,975.47
1777936200000,3.675,3.68,3.675,3.679,978.69
1777936500000,3.678,3.678,3.674,3.678,1131.88
1777936800000,3.679,3.681,3.671,3.673,1629.8
1777937100000,3.674,3.676,3.673,3.674,1276.75
1777937400000,3.675,3.677,3.668,3.675,2841.64
1777937700000,3.675,3.676,3.669,3.675,666.37
1777938000000,3.674,3.676,3.671,3.675,1009.6
1777938300000,3.674,3.68,3.674,3.679,356.75
1777938600000,3.679,3.683,3.679,3.683,839.5
1777938900000,3.683,3.685,3.682,3.683,573.32
1777939200000,3.684,3.688,3.681,3.688,2362.9
1777939500000,3.687,3.708,3.687,3.703,4940.31
1777939800000,3.703,3.709,3.703,3.704,1208.76
1777940100000,3.704,3.704,3.695,3.696,1758.94
1777940400000,3.696,3.697,3.692,3.697,543.98
1777940700000,3.697,3.698,3.692,3.692,86.31
1777941000000,3.693,3.703,3.693,3.702,3783.67
1777941300000,3.701,3.713,3.7,3.706,2285.25
1777941600000,3.706,3.714,3.705,3.712,1399.47
1777941900000,3.712,3.716,3.7,3.7,3174.35
1777942200000,3.702,3.713,3.702,3.711,1988.65
1777942500000,3.71,3.715,3.704,3.706,1700.7
1777942800000,3.707,3.712,3.705,3.712,1203.54
1777943100000,3.713,3.719,3.713,3.716,948.98
1777943400000,3.717,3.717,3.703,3.708,2423.82
1777943700000,3.709,3.709,3.7,3.7,767.86
1777944000000,3.699,3.702,3.695,3.701,2129.03
1777944300000,3.701,3.703,3.693,3.697,7566.75
1777944600000,3.697,3.697,3.694,3.696,1075.17
1777944900000,3.697,3.71,3.697,3.705,1072.8
1777945200000,3.705,3.705,3.702,3.702,355.33
1777945500000,3.703,3.71,3.703,3.707,1078.91
1777945800000,3.708,3.722,3.708,3.72,10533.51
1777946100000,3.719,3.719,3.712,3.712,1004.55
1777946400000,3.712,3.727,3.709,3.724,3350.17
1777946700000,3.722,3.724,3.717,3.719,954.3
1777947000000,3.718,3.721,3.715,3.721,229.46
1777947300000,3.721,3.729,3.719,3.72,3197.81
1777947600000,3.72,3.723,3.719,3.723,635.03
1777947900000,3.724,3.73,3.723,3.725,2870.17
1777948200000,3.727,3.729,3.722,3.722,480.48
1777948500000,3.722,3.73,3.713,3.717,4436.18
1777948800000,3.716,3.716,3.711,3.714,2423.46
1777949100000,3.713,3.716,3.699,3.701,1086.87
1777949400000,3.702,3.706,3.688,3.693,13370.55
1777949700000,3.692,3.694,3.689,3.694,2110.94
1777950000000,3.695,3.697,3.686,3.686,1838.84
1777950300000,3.686,3.686,3.681,3.685,539.76
1777950600000,3.685,3.688,3.682,3.687,3113.84
1777950900000,3.689,3.689,3.685,3.688,1010.99
1777951200000,3.688,3.692,3.685,3.69,1975.71
1777951500000,3.689,3.691,3.687,3.691,1208.81
1777951800000,3.692,3.693,3.689,3.691,948.71
1777952100000,3.692,3.701,3.689,3.691,1560.09
1777952400000,3.69,3.697,3.689,3.693,905.28
1777952700000,3.693,3.696,3.69,3.694,3591.14
1777953000000,3.693,3.693,3.688,3.69,441.11
1777953300000,3.69,3.69,3.68,3.68,2734.05
1777953600000,3.681,3.683,3.678,3.68,3817.43
1777953900000,3.681,3.681,3.675,3.675,2056.68
1777954200000,3.674,3.678,3.667,3.677,5390.64
1777954500000,3.677,3.683,3.674,3.683,1702.33
1777954800000,3.681,3.687,3.68,3.686,394.45
1777955100000,3.686,3.694,3.685,3.686,925.58
1777955400000,3.686,3.695,3.686,3.694,2487.41
1777955700000,3.693,3.696,3.691,3.694,807.52
1777956000000,3.694,3.694,3.691,3.692,175.24
1777956300000,3.692,3.709,3.692,3.709,531.31
1777956600000,3.71,3.712,3.694,3.694,750.12
1777956900000,3.695,3.706,3.69,3.694,5871.52
1777957200000,3.694,3.702,3.693,3.702,286.02
1777957500000,3.702,3.706,3.702,3.706,305.18
1777957800000,3.707,3.708,3.707,3.707,332.46
1777958100000,3.708,3.709,3.703,3.704,3565.82
1777958400000,3.703,3.703,3.696,3.701,1971.24
1777958700000,3.701,3.712,3.697,3.712,4249.72
1777959000000,3.711,3.713,3.71,3.712,351.57
1777959300000,3.712,3.712,3.707,3.708,881.26
1777959600000,3.708,3.708,3.701,3.701,4272.58
1777959900000,3.7,3.7,3.69,3.693,1129.96
1777960200000,3.693,3.699,3.693,3.695,503.08
1777960500000,3.696,3.696,3.693,3.693,373.68
1777960800000,3.693,3.695,3.685,3.685,473.01
1777961100000,3.688,3.695,3.688,3.695,327.24
1777961400000,3.694,3.704,3.694,3.702,3079.35
1777961700000,3.701,3.701,3.694,3.694,735.74
1777962000000,3.693,3.693,3.68,3.684,5085.01
1777962300000,3.685,3.688,3.684,3.686,152.37
1777962600000,3.685,3.693,3.685,3.691,221.71
1777962900000,3.69,3.7,3.69,3.697,2758.96
1777963200000,3.698,3.704,3.696,3.696,916.54
1777963500000,3.695,3.704,3.695,3.704,1344.8
1777963800000,3.705,3.713,3.703,3.713,4524.06
1777964100000,3.713,3.713,3.708,3.711,1492.26
1777964400000,3.711,3.712,3.71,3.71,728.22
1777964700000,3.709,3.711,3.707,3.708,621.55
1777965000000,3.708,3.718,3.708,3.717,1330.19
1777965300000,3.718,3.72,3.715,3.72,4165.42
1777965600000,3.72,3.723,3.72,3.723,2259.19
1777965900000,3.722,3.725,3.721,3.724,698.69
1777966200000,3.725,3.734,3.725,3.731,2292.6
1777966500000,3.733,3.738,3.732,3.737,967.24
1777966800000,3.736,3.74,3.735,3.737,1930.19
1777967100000,3.737,3.737,3.729,3.729,889.46
1777967400000,3.728,3.731,3.728,3.728,618.03
1777967700000,3.729,3.729,3.721,3.721,1551.76
1777968000000,3.721,3.722,3.713,3.716,5719.33
1777968300000,3.715,3.722,3.714,3.721,1741.49
1777968600000,3.721,3.727,3.721,3.722,2268.58
1777968900000,3.721,3.721,3.706,3.706,4514.06
1777969200000,3.707,3.713,3.7,3.704,5448.84
1777969500000,3.703,3.706,3.701,3.703,2065.27
1777969800000,3.704,3.712,3.7,3.703,3101.01
1777970100000,3.704,3.706,3.701,3.705,1035.36
1777970400000,3.706,3.712,3.704,3.71,4771.37
1777970700000,3.711,3.716,3.699,3.7,17007.1
1777971000000,3.7,3.705,3.699,3.702,2401.92
1777971300000,3.703,3.715,3.703,3.715,10514.95
1777971600000,3.716,3.722,3.711,3.72,6049.59
1777971900000,3.722,3.725,3.718,3.718,1133.24
1777972200000,3.718,3.721,3.715,3.718,978.25
1777972500000,3.719,3.723,3.712,3.712,1006.25
1777972800000,3.713,3.715,3.709,3.713,170.96
1777973100000,3.714,3.728,3.713,3.726,1692.2
1777973400000,3.725,3.731,3.721,3.726,5348.8
1777973700000,3.726,3.726,3.714,3.714,2656.74
1777974000000,3.714,3.719,3.714,3.715,1104.09
1777974300000,3.717,3.736,3.717,3.728,21001.29
1777974600000,3.728,3.768,3.728,3.746,83095.56
1777974900000,3.747,3.755,3.732,3.753,4895.37
1777975200000,3.754,3.767,3.749,3.763,12283.55
1777975500000,3.762,3.79,3.761,3.778,12395.8
1777975800000,3.778,3.788,3.777,3.784,13206.63
1777976100000,3.785,3.799,3.785,3.796,8872.39
1777976400000,3.796,3.803,3.792,3.802,9275.16
1777976700000,3.801,3.805,3.788,3.791,4176.88
1777977000000,3.792,3.799,3.78,3.799,15853.63
1777977300000,3.799,3.804,3.783,3.783,7386.87
1777977600000,3.784,3.788,3.77,3.776,42675.54
1777977900000,3.775,3.777,3.767,3.77,4438.37
1777978200000,3.769,3.771,3.76,3.76,3798.36
1777978500000,3.76,3.774,3.754,3.772,6798.32
1777978800000,3.771,3.771,3.762,3.763,2259.18
1777979100000,3.764,3.764,3.756,3.761,978.95
1777979400000,3.761,3.769,3.756,3.756,2607.11
1777979700000,3.755,3.755,3.739,3.751,2532.63
1778544000000,4.615,4.619,4.594,4.596,15094.33
1778544300000,4.595,4.595,4.556,4.563,21447.16
1778544600000,4.562,4.574,4.553,4.555,8977.44
1778544900000,4.554,4.556,4.543,4.544,13881.54
1778545200000,4.543,4.558,4.539,4.544,8375.22
1778545500000,4.545,4.563,4.541,4.543,16151.25
1778545800000,4.545,4.557,4.534,4.535,12207.36
1778546100000,4.536,4.575,4.534,4.561,11948.4
1778546400000,4.56,4.571,4.554,4.56,8748.0
1778546700000,4.559,4.568,4.555,4.568,1750.14
1778547000000,4.569,4.577,4.557,4.575,5509.79
1778547300000,4.575,4.585,4.573,4.582,6763.12
1778547600000,4.582,4.608,4.568,4.569,9496.63
1778547900000,4.57,4.581,4.561,4.561,5058.41
1778548200000,4.56,4.571,4.555,4.556,6913.85
1778548500000,4.557,4.576,4.549,4.576,2308.77
1778548800000,4.577,4.58,4.547,4.575,13747.5
1778549100000,4.575,4.594,4.568,4.584,5846.63
1778549400000,4.583,4.595,4.548,4.554,8628.07
1778549700000,4.555,4.561,4.53,4.53,12590.28
1778550000000,4.53,4.558,4.527,4.558,34180.17
1778550300000,4.557,4.564,4.547,4.564,5635.19
1778550600000,4.563,4.572,4.55,4.55,4534.7
1778550900000,4.549,4.552,4.53,4.536,4865.07
1778551200000,4.536,4.568,4.536,4.567,2574.97
1778551500000,4.568,4.574,4.563,4.566,4580.11
1778551800000,4.567,4.58,4.562,4.569,7075.39
1778552100000,4.569,4.569,4.542,4.542,4813.57
1778552400000,4.541,4.556,4.536,4.554,986.43
1778552700000,4.553,4.553,4.525,4.531,13205.16
1778553000000,4.533,4.542,4.525,4.536,2938.19
1778553300000,4.535,4.563,4.518,4.543,20966.21
1778553600000,4.542,4.573,4.542,4.565,10461.38
1778553900000,4.566,4.574,4.534,4.548,13365.91
1778554200000,4.548,4.563,4.548,4.563,6531.04
1778554500000,4.562,4.581,4.554,4.561,6154.97
1778554800000,4.56,4.589,4.557,4.565,6888.32
1778555100000,4.564,4.584,4.536,4.578,20552.43
1778555400000,4.579,4.582,4.565,4.573,6598.67
1778555700000,4.571,4.583,4.561,4.574,10702.18
1778556000000,4.573,4.58,4.568,4.573,3302.28
1778556300000,4.572,4.575,4.557,4.56,4750.81
1778556600000,4.56,4.589,4.558,4.587,14519.76
1778556900000,4.586,4.599,4.585,4.591,4215.13
1778557200000,4.591,4.6,4.59,4.592,3528.28
1778557500000,4.591,4.591,4.563,4.586,5107.42
1778557800000,4.585,4.588,4.567,4.574,5942.19
1778558100000,4.573,4.573,4.551,4.573,4550.03
1778558400000,4.571,4.585,4.565,4.581,3426.22
1778558700000,4.581,4.583,4.567,4.568,2486.49
1778559000000,4.567,4.571,4.548,4.552,6360.6
1778559300000,4.55,4.564,4.537,4.547,8952.28
1778559600000,4.548,4.556,4.547,4.553,4160.44
1778559900000,4.554,4.572,4.554,4.572,1096.58
1778560200000,4.572,4.614,4.572,4.608,12553.82
1778560500000,4.609,4.611,4.587,4.599,5679.06
1778560800000,4.599,4.608,4.598,4.601,4178.09
1778561100000,4.601,4.636,4.601,4.632,14067.8
1778561400000,4.633,4.649,4.624,4.627,25932.99
1778561700000,4.628,4.629,4.617,4.619,5704.16
1778562000000,4.618,4.649,4.613,4.649,7436.77
1778562300000,4.65,4.657,4.639,4.651,7162.34
1778562600000,4.651,4.654,4.635,4.647,7069.78
1778562900000,4.647,4.676,4.645,4.667,4682.74
1778563200000,4.667,4.694,4.667,4.682,4968.98
1778563500000,4.683,4.698,4.681,4.693,5337.3
1778563800000,4.693,4.7,4.671,4.674,5644.05
1778564100000,4.674,4.756,4.669,4.752,28805.89
1778564400000,4.752,4.765,4.724,4.741,25293.87
1778564700000,4.741,4.764,4.724,4.762,33821.23
1778565000000,4.762,4.764,4.664,4.667,32855.7
1778565300000,4.666,4.681,4.662,4.666,6617.27
1778565600000,4.665,4.672,4.644,4.655,9924.67
1778565900000,4.655,4.682,4.645,4.66,12069.24
1778566200000,4.66,4.672,4.649,4.667,9399.2
1778566500000,4.666,4.675,4.648,4.675,6923.5
1778566800000,4.675,4.702,4.665,4.68,27649.23
1778567100000,4.681,4.725,4.666,4.708,35474.92
1778567400000,4.708,4.737,4.694,4.73,18552.72
1778567700000,4.731,4.788,4.727,4.762,26570.74
1778568000000,4.763,4.768,4.729,4.733,15312.38
1778568300000,4.734,4.777,4.729,4.762,14477.83
1778568600000,4.761,4.765,4.729,4.749,19972.19
1778568900000,4.748,4.764,4.743,4.749,10955.2
1778569200000,4.749,4.758,4.656,4.676,46293.87
1778569500000,4.678,4.684,4.642,4.663,12626.13
1778569800000,4.663,4.701,4.653,4.698,13428.01
1778570100000,4.7,4.715,4.685,4.701,14521.56
1778570400000,4.701,4.725,4.692,4.723,7171.79
1778570700000,4.722,4.726,4.697,4.707,18754.6
1778571000000,4.708,4.766,4.708,4.725,23265.82
1778571300000,4.725,4.732,4.706,4.712,8282.34
1778571600000,4.711,4.724,4.695,4.716,5899.33
1778571900000,4.716,4.722,4.687,4.704,10845.93
1778572200000,4.706,4.747,4.706,4.723,9509.76
1778572500000,4.723,4.724,4.684,4.69,8845.07
1778572800000,4.691,4.712,4.678,4.699,10473.35
1778573100000,4.699,4.7,4.661,4.689,9260.43
1778573400000,4.69,4.697,4.68,4.684,5399.52
1778573700000,4.684,4.723,4.669,4.711,7831.11
1778574000000,4.712,4.745,4.711,4.721,20287.72
1778574300000,4.72,4.726,4.689,4.69,6410.51
1778574600000,4.69,4.7,4.668,4.684,10738.06
1778574900000,4.684,4.692,4.649,4.681,13998.94
1778575200000,4.681,4.7,4.671,4.696,6238.49
1778575500000,4.695,4.715,4.69,4.704,8732.86
1778575800000,4.704,4.731,4.698,4.715,18662.66
1778576100000,4.715,4.718,4.7,4.707,13616.38
1778576400000,4.708,4.737,4.697,4.725,41571.99
1778576700000,4.727,4.729,4.687,4.723,21803.64
1778577000000,4.723,4.726,4.714,4.716,2894.57
1778577300000,4.717,4.724,4.69,4.721,11345.44
1778577600000,4.722,4.745,4.719,4.743,10264.92
1778577900000,4.742,4.746,4.707,4.718,11033.49
1778578200000,4.719,4.767,4.717,4.763,15030.61
1778578500000,4.764,4.799,4.756,4.782,23437.94
1778578800000,4.782,4.813,4.775,4.807,26623.19
1778579100000,4.808,4.829,4.795,4.818,26034.53
1778579400000,4.819,4.848,4.808,4.836,46629.19
1778579700000,4.837,4.871,4.828,4.854,40738.96
1778580000000,4.853,4.883,4.844,4.875,30866.55
1778580300000,4.876,4.89,4.828,4.838,40350.13
1778580600000,4.837,4.861,4.823,4.849,18724.13
1778580900000,4.85,4.856,4.821,4.84,23568.13
1778581200000,4.839,4.851,4.817,4.838,15129.12
1778581500000,4.839,4.868,4.82,4.864,16854.41
1778581800000,4.865,4.872,4.826,4.835,24375.8
1778582100000,4.835,4.855,4.814,4.849,12554.02
1778582400000,4.848,4.87,4.822,4.836,19188.33
1778582700000,4.836,4.846,4.817,4.828,14197.84
1778583000000,4.828,4.85,4.816,4.817,8774.76
1778583300000,4.817,4.833,4.802,4.828,23988.55
1778583600000,4.829,4.837,4.794,4.815,17465.74
1778583900000,4.816,4.833,4.788,4.83,19768.1
1778584200000,4.831,4.846,4.801,4.809,10441.89
1778584500000,4.809,4.83,4.793,4.806,11823.8
1778584800000,4.805,4.818,4.773,4.789,15518.65
1778585100000,4.789,4.808,4.771,4.776,9800.7
1778585400000,4.775,4.809,4.766,4.806,9905.1
1778585700000,4.808,4.86,4.803,4.842,17956.32
1778586000000,4.842,4.869,4.836,4.857,20875.22
1778586300000,4.856,4.88,4.846,4.871,16307.15
1778586600000,4.87,4.895,4.865,4.874,20148.59
1778586900000,4.873,4.884,4.83,4.837,26276.08
1778587200000,4.838,4.9,4.835,4.879,57866.73
1778587500000,4.878,4.887,4.859,4.878,12275.43
1778587800000,4.879,4.946,4.879,4.922,46971.13
1778588100000,4.921,4.958,4.918,4.922,48539.84
1778588400000,4.921,4.922,4.845,4.88,34255.09
1778588700000,4.878,4.912,4.854,4.908,16068.41
1778589000000,4.909,4.916,4.737,4.79,70960.96
1778589300000,4.791,4.835,4.79,4.817,24198.23
1778589600000,4.819,4.831,4.729,4.746,58151.39
1778589900000,4.745,4.783,4.705,4.74,55399.47
1778590200000,4.741,4.746,4.68,4.724,54330.58
1778590500000,4.725,4.739,4.721,4.73,12792.97
1778590800000,4.729,4.77,4.717,4.74,34241.04
1778591100000,4.741,4.799,4.741,4.797,19482.32
1778591400000,4.796,4.837,4.759,4.768,26015.24
1778591700000,4.767,4.814,4.764,4.769,26838.36
1778592000000,4.769,4.78,4.746,4.752,15673.74
1778592300000,4.751,4.786,4.745,4.779,9541.49
1778592600000,4.778,4.789,4.75,4.766,13649.27
1778592900000,4.765,4.8,4.753,4.795,8171.89
1778593200000,4.796,4.91,4.793,4.896,72703.53
1778593500000,4.897,4.933,4.85,4.868,43812.95
1778593800000,4.867,4.913,4.863,4.893,28881.9
1778594100000,4.894,4.928,4.87,4.882,73988.39
1778594400000,4.883,4.917,4.878,4.9,51219.33
1778594700000,4.901,4.934,4.89,4.922,23726.59
1778595000000,4.922,4.93,4.887,4.908,24788.76
1778595300000,4.909,4.911,4.77,4.777,70511.61
1778595600000,4.777,4.788,4.731,4.754,53380.33
1778595900000,4.754,4.765,4.714,4.74,34564.54
1778596200000,4.739,4.751,4.622,4.671,102215.19
1778596500000,4.674,4.732,4.669,4.703,39641.3
1778596800000,4.703,4.711,4.674,4.685,22933.31
1778597100000,4.685,4.692,4.641,4.668,35402.85
1778597400000,4.667,4.667,4.593,4.632,67565.78
1778597700000,4.63,4.659,4.619,4.651,16150.3
1778598000000,4.651,4.687,4.647,4.672,24327.82
1778598300000,4.673,4.716,4.636,4.711,41219.06
1778598600000,4.71,4.73,4.701,4.727,17957.08
1778598900000,4.726,4.799,4.716,4.768,24446.53
1778599200000,4.767,4.767,4.663,4.667,33996.1
1778599500000,4.667,4.681,4.64,4.662,21229.22
1778599800000,4.663,4.683,4.628,4.645,28514.29
1778600100000,4.646,4.682,4.629,4.656,27193.06
1778600400000,4.657,4.665,4.607,4.655,23996.82
1778600700000,4.655,4.674,4.644,4.672,19690.96
1778601000000,4.671,4.688,4.655,4.661,11217.58
1778601300000,4.66,4.675,4.622,4.655,11600.45
1778601600000,4.656,4.693,4.647,4.681,21015.44
1778601900000,4.683,4.695,4.641,4.656,16598.59
1778602200000,4.656,4.656,4.621,4.63,14931.54
1778602500000,4.631,4.651,4.626,4.628,12171.2
1778602800000,4.627,4.645,4.61,4.617,13013.79
1778603100000,4.617,4.644,4.6,4.635,13357.86
1778603400000,4.634,4.64,4.611,4.618,8166.96
1778603700000,4.619,4.66,4.617,4.622,5349.73
1778604000000,4.622,4.628,4.604,4.622,5420.61
1778604300000,4.622,4.652,4.596,4.628,39446.23
1778604600000,4.628,4.657,4.609,4.657,13098.52
1778604900000,4.657,4.721,4.647,4.686,31697.96
1778605200000,4.687,4.733,4.684,4.733,12401.02
1778605500000,4.733,4.759,4.712,4.739,18495.07
1778605800000,4.74,4.773,4.74,4.768,12987.39
1778606100000,4.769,4.841,4.769,4.826,56989.97
1778606400000,4.827,4.842,4.789,4.827,30469.23
1778606700000,4.826,4.875,4.817,4.866,29891.31
1778607000000,4.866,4.899,4.825,4.857,42269.95
1778607300000,4.856,4.871,4.817,4.84,27265.97
1778607600000,4.841,4.859,4.827,4.85,15967.94
1778607900000,4.851,4.856,4.771,4.775,23173.13
1778608200000,4.777,4.805,4.771,4.797,20115.65
1778608500000,4.798,4.821,4.783,4.818,27897.0
1778608800000,4.819,4.834,4.796,4.81,9043.66
1778609100000,4.811,4.819,4.781,4.788,13422.25
1778609400000,4.789,4.839,4.789,4.829,20706.06
1778609700000,4.83,4.873,4.83,4.872,17439.28
1778610000000,4.872,4.888,4.841,4.841,17322.78
1778610300000,4.841,4.851,4.802,4.806,10292.31
1778610600000,4.806,4.822,4.797,4.811,15699.41
1778610900000,4.809,4.841,4.797,4.802,18903.26
1778611200000,4.803,4.823,4.801,4.803,10439.41
1778611500000,4.802,4.814,4.787,4.792,7961.96
1778611800000,4.793,4.815,4.788,4.803,4411.36
1778612100000,4.803,4.814,4.783,4.787,10261.96
1778612400000,4.788,4.813,4.773,4.798,15177.22
1778612700000,4.799,4.804,4.766,4.785,6835.35
1778613000000,4.784,4.788,4.771,4.771,4000.84
1778613300000,4.771,4.784,4.762,4.764,4409.97
1778613600000,4.765,4.8,4.76,4.765,27412.54
1778613900000,4.764,4.786,4.763,4.766,16994.67
1778614200000,4.765,4.802,4.76,4.802,5696.3
1778614500000,4.803,4.805,4.777,4.797,12649.89
1778614800000,4.797,4.834,4.797,4.809,37876.7
1778615100000,4.81,4.836,4.81,4.83,8676.24
1778615400000,4.829,4.838,4.81,4.811,11657.14
1778615700000,4.812,4.819,4.799,4.815,10540.78
1778616000000,4.815,4.853,4.81,4.849,12951.84
1778616300000,4.85,4.85,4.818,4.829,8711.13
1778616600000,4.829,4.832,4.79,4.803,6058.48
1778616900000,4.802,4.807,4.783,4.787,3645.34
1778617200000,4.786,4.791,4.768,4.77,6386.95
1778617500000,4.771,4.777,4.77,4.774,2055.72
1778617800000,4.773,4.779,4.7,4.714,35714.32
1778618100000,4.713,4.739,4.711,4.734,8963.46
1778618400000,4.733,4.733,4.707,4.729,6154.98
1778618700000,4.73,4.75,4.73,4.739,8884.01
1778619000000,4.738,4.746,4.728,4.743,8369.97
1778619300000,4.742,4.751,4.733,4.746,5649.74
1778619600000,4.746,4.763,4.744,4.754,8747.61
1778619900000,4.755,4.77,4.751,4.755,6104.68
1778620200000,4.754,4.761,4.73,4.74,8708.77
1778620500000,4.74,4.746,4.727,4.742,3235.41
1778620800000,4.743,4.744,4.727,4.74,5047.19
1778621100000,4.741,4.745,4.731,4.743,1716.94
1778621400000,4.744,4.747,4.707,4.711,25547.18
1778621700000,4.71,4.721,4.707,4.719,3391.8
1778622000000,4.719,4.721,4.702,4.711,13917.71
1778622300000,4.712,4.727,4.71,4.723,1662.46
1778622600000,4.722,4.722,4.713,4.715,3233.08
1778622900000,4.716,4.73,4.716,4.73,3147.01
1778623200000,4.73,4.769,4.73,4.759,4228.28
1778623500000,4.76,4.768,4.748,4.749,2792.44
1778623800000,4.749,4.751,4.731,4.735,1739.51
1778624100000,4.734,4.747,4.73,4.747,3642.77
1778624400000,4.746,4.766,4.745,4.758,6566.68
1778624700000,4.757,4.8,4.754,4.783,25926.51
1778625000000,4.784,4.786,4.762,4.77,11969.65
1778625300000,4.77,4.775,4.765,4.769,1378.13
1778625600000,4.77,4.792,4.765,4.789,3764.81
1778625900000,4.79,4.808,4.778,4.78,24749.56
1778626200000,4.78,4.813,4.779,4.801,5685.28
1778626500000,4.801,4.817,4.793,4.81,9951.46
1778626800000,4.811,4.815,4.787,4.79,6384.57
1778627100000,4.789,4.803,4.787,4.788,3306.35
1778627400000,4.787,4.803,4.783,4.799,10594.93
1778627700000,4.8,4.806,4.79,4.801,7740.56
1778628000000,4.8,4.804,4.785,4.804,6644.35
1778628300000,4.805,4.812,4.799,4.807,2719.41
1778628600000,4.808,4.816,4.791,4.794,6909.06
1778628900000,4.793,4.795,4.776,4.781,3684.02
1778629200000,4.78,4.789,4.774,4.786,3631.33
1778629500000,4.787,4.799,4.784,4.797,4887.12
1778629800000,4.796,4.802,4.783,4.788,4035.71
1778630100000,4.788,4.791,4.775,4.79,3313.76
1778630400000,4.79,4.795,4.73,4.747,35254.99
1778630700000,4.747,4.76,4.743,4.756,4068.53
1778631000000,4.756,4.791,4.749,4.791,5259.27
1778631300000,4.791,4.812,4.78,4.812,8974.75
1778631600000,4.811,4.833,4.806,4.823,46690.68
1778631900000,4.824,4.85,4.818,4.828,34076.48
1778632200000,4.826,4.869,4.82,4.862,25394.69
1778632500000,4.864,4.906,4.853,4.903,25793.35
1778632800000,4.903,4.908,4.884,4.884,9209.89
1778633100000,4.883,4.886,4.843,4.853,25107.91
1778633400000,4.854,4.86,4.814,4.839,4191.39
1778633700000,4.84,4.844,4.827,4.842,11284.52
1778634000000,4.842,4.853,4.829,4.845,9608.67
1778634300000,4.844,4.88,4.829,4.877,14473.95
1778634600000,4.877,4.916,4.856,4.91,16327.22
1778634900000,4.911,4.917,4.88,4.904,11974.13
1778635200000,4.906,4.956,4.906,4.934,52875.93
1778635500000,4.933,4.982,4.922,4.965,23009.67
1778635800000,4.967,4.984,4.961,4.969,10137.49
1778636100000,4.968,4.975,4.946,4.972,8242.24
1778636400000,4.973,4.99,4.967,4.978,11471.18
1778636700000,4.978,4.989,4.946,4.948,8804.39
1778637000000,4.947,4.958,4.923,4.952,21137.25
1778637300000,4.953,4.983,4.953,4.982,22641.09
1778637600000,4.982,5.03,4.976,5.019,98472.26
1778637900000,5.019,5.045,4.993,5.019,33712.21
1778638200000,5.019,5.069,5.014,5.062,45936.7
1778638500000,5.063,5.09,5.033,5.058,38940.48
1778638800000,5.058,5.1,5.049,5.087,24291.71
1778639100000,5.086,5.116,5.077,5.112,27553.63
1778639400000,5.113,5.147,5.098,5.131,57047.8
1778639700000,5.13,5.137,5.08,5.104,79113.7
1778640000000,5.104,5.104,5.064,5.083,26623.14
1778640300000,5.082,5.127,5.066,5.127,52249.63
1778640600000,5.128,5.157,5.111,5.112,47838.18
1778640900000,5.112,5.152,5.106,5.151,20079.53
1778641200000,5.15,5.178,5.133,5.164,38552.17
1778641500000,5.164,5.181,5.106,5.118,35952.66
1778641800000,5.118,5.123,4.987,5.002,49638.94
1778642100000,5.001,5.036,5.0,5.016,43264.02
1778642400000,5.016,5.059,5.016,5.033,21973.19
1778642700000,5.034,5.053,5.028,5.03,15617.05
1778643000000,5.029,5.048,5.025,5.027,11221.6
1778643300000,5.025,5.051,5.007,5.05,19687.99
1778643600000,5.05,5.064,5.033,5.034,8785.61
1778643900000,5.033,5.033,4.983,5.014,23655.9
1778644200000,5.015,5.043,5.015,5.031,23161.35
1778644500000,5.032,5.038,5.021,5.035,17406.74
1778644800000,5.036,5.061,5.019,5.038,16453.19
1778645100000,5.037,5.04,5.011,5.014,21425.59
1778645400000,5.013,5.084,4.997,5.078,46216.76
1778645700000,5.08,5.126,5.066,5.122,38812.92
1778646000000,5.122,5.15,5.122,5.14,34649.38
1778646300000,5.139,5.143,5.088,5.103,24982.35
1778646600000,5.104,5.166,5.104,5.148,26200.32
1778646900000,5.149,5.2,5.146,5.189,44510.78
1778647200000,5.19,5.2,5.09,5.098,90535.6
1778647500000,5.097,5.118,5.03,5.035,39271.3
1778647800000,5.034,5.056,5.01,5.016,16315.93
1778648100000,5.016,5.051,4.995,5.043,28475.74
1778648400000,5.043,5.054,5.024,5.047,18741.34
1778648700000,5.046,5.046,5.006,5.03,17277.01
1778649000000,5.029,5.038,5.013,5.038,9663.79
1778649300000,5.037,5.09,5.03,5.065,34854.92
1778649600000,5.065,5.142,5.057,5.142,21051.09
1778649900000,5.141,5.142,5.101,5.128,18472.74
1778650200000,5.129,5.147,5.111,5.125,19147.55
1778650500000,5.126,5.157,5.113,5.141,12716.85
1778650800000,5.142,5.169,5.14,5.162,11964.07
1778651100000,5.163,5.221,5.163,5.221,65922.41
1778651400000,5.221,5.271,5.216,5.231,73684.05
1778651700000,5.229,5.275,5.225,5.258,52804.91
1778652000000,5.257,5.294,5.235,5.248,65569.27
1778652300000,5.249,5.271,5.198,5.23,70870.2
1778652600000,5.233,5.278,5.207,5.26,32772.83
1778652900000,5.259,5.315,5.255,5.306,112233.65
1778653200000,5.306,5.306,5.229,5.286,41553.32
1778653500000,5.285,5.319,5.255,5.276,23772.97
1778653800000,5.276,5.304,5.267,5.289,52728.61
1778654100000,5.288,5.318,5.273,5.307,36175.53
1778654400000,5.307,5.31,5.251,5.265,51302.55
1778654700000,5.265,5.299,5.245,5.279,26361.93
1778655000000,5.278,5.321,5.275,5.317,33053.48
1778655300000,5.317,5.341,5.269,5.291,60272.21
1778655600000,5.29,5.348,5.282,5.345,38010.33
1778655900000,5.344,5.367,5.318,5.363,43589.72
1778656200000,5.364,5.385,5.343,5.369,40025.51
1778656500000,5.369,5.394,5.339,5.341,56074.17
1778656800000,5.342,5.414,5.342,5.408,47481.14
1778657100000,5.408,5.49,5.4,5.459,149127.6
1778657400000,5.459,5.485,5.412,5.448,68529.32
1778657700000,5.448,5.457,5.387,5.426,61992.51
1778658000000,5.427,5.509,5.422,5.486,66587.79
1778658300000,5.486,5.537,5.483,5.526,83323.85
1778658600000,5.525,5.546,5.488,5.5,74503.87
1778658900000,5.5,5.544,5.499,5.518,49035.8
1778659200000,5.517,5.518,5.362,5.436,84845.74
1778659500000,5.437,5.483,5.422,5.483,44148.44
1778659800000,5.483,5.58,5.465,5.575,103492.71
1778660100000,5.572,5.605,5.503,5.589,67823.41
1778660400000,5.59,5.614,5.539,5.563,69649.43
1778660700000,5.562,5.586,5.524,5.532,35687.47
1778661000000,5.533,5.565,5.497,5.555,31509.2
1778661300000,5.555,5.593,5.525,5.557,43360.03
1778661600000,5.557,5.564,5.432,5.461,53710.12
1778661900000,5.462,5.495,5.411,5.477,55993.37
1778662200000,5.473,5.498,5.431,5.441,30097.01
1778662500000,5.442,5.503,5.442,5.487,29022.71
1778662800000,5.487,5.56,5.458,5.556,53962.65
1778663100000,5.556,5.622,5.556,5.588,85215.39
1778663400000,5.589,5.683,5.587,5.673,70983.33
1778663700000,5.674,5.777,5.673,5.773,101745.63
1778664000000,5.774,5.803,5.716,5.802,87101.05
1778664300000,5.802,5.812,5.707,5.734,110916.2
1778664600000,5.734,5.8,5.716,5.797,49034.49
1778664900000,5.797,5.854,5.773,5.811,68119.84
1778665200000,5.814,5.888,5.814,5.881,54176.14
1778665500000,5.88,5.883,5.776,5.78,58926.23
1778665800000,5.779,5.805,5.724,5.805,91325.84
1778666100000,5.804,5.892,5.778,5.879,91913.48
1778666400000,5.877,5.939,5.873,5.906,115838.92
1778666700000,5.907,5.95,5.903,5.931,85755.09
1778667000000,5.93,5.931,5.789,5.826,86008.89
1778667300000,5.828,5.932,5.826,5.932,52912.41
1778667600000,5.932,5.98,5.828,5.865,118615.37
1778667900000,5.866,5.908,5.837,5.874,83934.41
1778668200000,5.874,5.897,5.791,5.794,69574.08
1778668500000,5.795,5.839,5.754,5.833,50873.01
1778668800000,5.834,5.874,5.796,5.816,54352.38
1778669100000,5.816,5.888,5.809,5.855,33771.24
1778669400000,5.854,5.88,5.822,5.874,58546.31
1778669700000,5.874,5.929,5.868,5.911,66992.04
1778670000000,5.911,6.019,5.892,5.999,141517.89
1778670300000,6.0,6.055,5.886,5.966,128213.72
1778670600000,5.966,6.013,5.958,5.991,77571.77
1778670900000,5.992,6.072,5.976,6.056,115731.86
1778671200000,6.056,6.1,5.999,6.074,71553.96
1778671500000,6.075,6.11,6.031,6.045,65071.87
1778671800000,6.043,6.071,5.985,6.023,111679.68
1778672100000,6.022,6.035,5.935,5.983,58392.37
1778672400000,5.984,6.108,5.974,6.063,91549.69
1778672700000,6.065,6.067,5.96,5.982,109195.93
1778673000000,5.983,6.006,5.838,5.863,133812.04
1778673300000,5.863,5.937,5.843,5.902,50869.2
1778673600000,5.902,5.914,5.77,5.8,150909.23
1778673900000,5.799,5.861,5.786,5.839,44527.86
1778674200000,5.838,5.841,5.765,5.801,62450.21
1778674500000,5.802,5.849,5.787,5.842,35580.11
1778674800000,5.842,5.858,5.803,5.849,36145.77
1778675100000,5.848,5.88,5.792,5.849,40913.05
1778675400000,5.85,5.869,5.767,5.84,57692.57
1778675700000,5.841,5.845,5.767,5.779,45571.92
1778676000000,5.78,5.795,5.69,5.781,135222.69
1778676300000,5.782,5.796,5.692,5.774,56773.65
1778676600000,5.774,5.838,5.756,5.765,52233.37
1778676900000,5.765,5.765,5.725,5.741,38583.89
1778677200000,5.741,5.92,5.738,5.866,73078.6
1778677500000,5.867,5.88,5.834,5.854,35205.03
1778677800000,5.853,5.899,5.846,5.888,41239.29
1778678100000,5.889,5.99,5.888,5.988,88578.54
1778678400000,5.987,6.007,5.959,5.975,60337.12
1778678700000,5.975,5.992,5.927,5.948,30952.59
1778679000000,5.946,5.946,5.75,5.777,65156.19
1778679300000,5.777,5.816,5.753,5.802,60302.48
1778679600000,5.801,5.811,5.75,5.771,56069.95
1778679900000,5.772,5.786,5.732,5.776,41660.44
1778680200000,5.776,5.811,5.748,5.785,33018.42
1778680500000,5.788,5.807,5.749,5.79,27650.0
1778680800000,5.79,5.8,5.734,5.785,43085.25
1778681100000,5.784,5.792,5.709,5.723,49162.15
1778681400000,5.722,5.761,5.706,5.744,36702.58
1778681700000,5.745,5.748,5.628,5.671,70388.38
1778682000000,5.672,5.694,5.649,5.671,40038.33
1778682300000,5.671,5.686,5.577,5.588,86955.37
1778682600000,5.589,5.655,5.579,5.648,61844.34
1778682900000,5.645,5.681,5.605,5.676,29977.82
1778683200000,5.674,5.679,5.624,5.641,47462.93
1778683500000,5.642,5.684,5.601,5.618,43651.59
1778683800000,5.618,5.669,5.565,5.651,70615.94
1778684100000,5.651,5.67,5.625,5.635,21941.88
1778684400000,5.636,5.673,5.622,5.623,16933.93
1778684700000,5.621,5.628,5.489,5.545,101091.09
1778685000000,5.544,5.575,5.516,5.549,38328.6
1778685300000,5.547,5.548,5.503,5.524,63270.75
1778685600000,5.522,5.565,5.51,5.541,43929.26
1778685900000,5.542,5.545,5.484,5.522,63032.01
1778686200000,5.522,5.535,5.484,5.516,46954.49
1778686500000,5.516,5.519,5.445,5.45,30415.32
1778686800000,5.45,5.46,5.422,5.45,50939.92
1778687100000,5.451,5.495,5.45,5.479,37073.45
1778687400000,5.478,5.493,5.433,5.454,28042.02
1778687700000,5.456,5.465,5.415,5.446,19193.2
1778688000000,5.447,5.47,5.365,5.393,55149.6
1778688300000,5.394,5.424,5.366,5.37,50354.54
1778688600000,5.371,5.416,5.356,5.414,28946.3
1778688900000,5.413,5.416,5.277,5.335,107707.26
1778689200000,5.335,5.395,5.329,5.38,19859.4
1778689500000,5.381,5.45,5.364,5.43,52384.46
1778689800000,5.428,5.469,5.422,5.436,44410.73
1778690100000,5.435,5.455,5.341,5.371,55828.05
1778690400000,5.372,5.375,5.322,5.343,25964.12
1778690700000,5.344,5.369,5.305,5.309,20205.93
1778691000000,5.311,5.316,5.286,5.305,19095.1
1778691300000,5.306,5.335,5.297,5.324,18574.45
1778691600000,5.326,5.385,5.324,5.376,33207.32
1778691900000,5.375,5.392,5.333,5.342,23813.66
1778692200000,5.344,5.381,5.34,5.357,12480.52
1778692500000,5.355,5.355,5.299,5.343,28144.28
1778692800000,5.344,5.345,5.306,5.306,16193.13
1778693100000,5.307,5.32,5.29,5.304,20200.1
1778693400000,5.305,5.326,5.276,5.283,25560.85
1778693700000,5.282,5.3,5.254,5.255,22168.7
1778694000000,5.256,5.285,5.255,5.273,16700.49
1778694300000,5.273,5.291,5.259,5.272,12993.03
1778694600000,5.273,5.282,5.248,5.274,16522.86
1778694900000,5.275,5.304,5.26,5.291,35068.91
1778695200000,5.291,5.293,5.252,5.277,32758.34
1778695500000,5.276,5.298,5.267,5.286,10435.07
1778695800000,5.285,5.319,5.285,5.302,29372.24
1778696100000,5.301,5.382,5.296,5.381,38873.79
1778696400000,5.381,5.443,5.378,5.438,56466.47
1778696700000,5.438,5.468,5.423,5.466,34241.04
1778697000000,5.465,5.465,5.419,5.455,31398.32
1778697300000,5.455,5.476,5.431,5.439,46296.8
1778697600000,5.44,5.454,5.397,5.409,23245.83
1778697900000,5.408,5.411,5.327,5.345,37165.12
1778698200000,5.345,5.379,5.344,5.379,21774.41
1778698500000,5.379,5.39,5.36,5.36,12234.21
1778698800000,5.359,5.362,5.284,5.295,22074.36
1778699100000,5.297,5.299,5.249,5.263,51868.51
1778699400000,5.262,5.265,5.212,5.25,33548.06
1778699700000,5.249,5.25,5.221,5.227,20241.54
1778700000000,5.228,5.245,5.193,5.205,25676.73
1778700300000,5.205,5.224,5.194,5.206,31440.24
1778700600000,5.207,5.21,5.164,5.171,30272.77
1778700900000,5.171,5.201,5.17,5.188,29383.59
1778701200000,5.188,5.189,5.142,5.164,17906.47
1778701500000,5.165,5.186,5.13,5.135,20935.93
1778701800000,5.134,5.138,5.107,5.132,18459.31
1778702100000,5.134,5.135,5.107,5.13,22280.83
1778702400000,5.128,5.146,5.114,5.127,14132.82
1778702700000,5.127,5.158,5.116,5.158,16302.37
1778703000000,5.156,5.187,5.137,5.138,13416.16
1778703300000,5.14,5.168,5.131,5.162,7498.22
1778703600000,5.161,5.168,5.147,5.161,4005.69
1778703900000,5.162,5.167,5.134,5.14,8323.91
1778704200000,5.14,5.162,5.139,5.155,5291.52
1778704500000,5.155,5.155,5.109,5.11,19784.45
1778704800000,5.109,5.121,5.095,5.118,13134.46
1778705100000,5.119,5.128,5.092,5.101,5073.99
1778705400000,5.102,5.12,5.099,5.118,5993.03
1778705700000,5.118,5.14,5.113,5.14,6163.29
1778706000000,5.141,5.149,5.106,5.109,8130.04
1778706300000,5.109,5.114,5.072,5.112,21993.52
1778706600000,5.112,5.118,5.087,5.118,7039.11
1778706900000,5.117,5.132,5.114,5.127,4302.3
1778707200000,5.125,5.133,5.1,5.1,5215.52
1778707500000,5.1,5.112,5.085,5.094,3714.46
1778707800000,5.095,5.1,5.078,5.08,5363.88
1778708100000,5.08,5.094,5.063,5.072,11889.08
1778708400000,5.075,5.1,5.049,5.1,8671.16
1778708700000,5.097,5.101,5.08,5.097,3091.84
1778709000000,5.097,5.11,5.096,5.108,6225.54
1778709300000,5.109,5.112,5.05,5.065,9517.8
1778709600000,5.066,5.073,5.036,5.04,14080.2
1778709900000,5.04,5.063,5.029,5.062,15833.07
1778710200000,5.063,5.084,5.061,5.084,9299.28
1778710500000,5.084,5.1,5.084,5.087,22529.17
1778710800000,5.087,5.098,5.072,5.085,11067.64
1778711100000,5.085,5.096,5.079,5.093,6695.95
1778711400000,5.094,5.138,5.081,5.135,14590.56
1778711700000,5.134,5.141,5.092,5.111,17498.54
1778712000000,5.108,5.139,5.107,5.122,6319.29
1778712300000,5.12,5.159,5.118,5.135,12075.53
1778712600000,5.134,5.184,5.134,5.154,36598.35
1778712900000,5.154,5.17,5.151,5.166,13630.26
1778713200000,5.167,5.192,5.158,5.178,30167.56
1778713500000,5.177,5.187,5.141,5.166,34661.71
1778713800000,5.165,5.195,5.156,5.159,32012.24
1778714100000,5.16,5.16,5.073,5.099,52908.0
1778714400000,5.097,5.109,5.076,5.079,15768.42
1778714700000,5.078,5.098,5.078,5.09,2423.78
1778715000000,5.091,5.095,5.071,5.083,7150.53
1778715300000,5.086,5.107,5.082,5.107,3613.84
1778715600000,5.107,5.15,5.093,5.147,17837.98
1778715900000,5.148,5.16,5.134,5.147,14504.56
1778716200000,5.146,5.161,5.129,5.16,4726.17
1778716500000,5.161,5.164,5.138,5.146,3292.75
1778716800000,5.145,5.153,5.094,5.1,6498.35
1778717100000,5.099,5.099,5.044,5.054,12571.78
1778717400000,5.055,5.067,5.037,5.065,22166.84
1778717700000,5.064,5.08,5.037,5.07,38082.28
1778718000000,5.071,5.088,5.024,5.035,18657.91
1778718300000,5.036,5.055,5.001,5.003,15978.14
1778718600000,5.003,5.057,5.003,5.056,12724.16
1778718900000,5.057,5.077,5.021,5.071,18556.68
1778719200000,5.072,5.081,5.05,5.074,6717.04
1778719500000,5.077,5.136,5.077,5.13,22337.39
1778719800000,5.13,5.138,5.067,5.068,20321.5
1778720100000,5.067,5.086,5.047,5.048,16102.42
1778720400000,5.047,5.071,5.021,5.067,22334.97
1778720700000,5.066,5.069,5.037,5.043,6216.28
1778721000000,5.042,5.09,5.019,5.087,16589.48
1778721300000,5.089,5.144,5.087,5.144,16343.73
1778721600000,5.142,5.156,5.109,5.116,21996.9
1778721900000,5.117,5.125,5.088,5.112,15500.48
1778722200000,5.113,5.155,5.101,5.149,10547.23
1778722500000,5.151,5.158,5.11,5.133,21473.23
1778722800000,5.134,5.134,5.1,5.12,11052.66
1778723100000,5.122,5.14,5.11,5.139,10189.02
1778723400000,5.14,5.164,5.139,5.143,16650.09
1778723700000,5.141,5.148,5.103,5.112,11172.78
1778724000000,5.11,5.153,5.093,5.153,17751.32
1778724300000,5.153,5.155,5.119,5.132,17207.5
1778724600000,5.133,5.134,5.052,5.053,23022.24
1778724900000,5.053,5.061,5.011,5.037,48141.91
1778725200000,5.037,5.041,5.015,5.017,9433.21
1778725500000,5.016,5.036,5.01,5.018,14516.76
1778725800000,5.017,5.026,5.008,5.017,8601.04
1778726100000,5.017,5.017,4.965,4.989,31902.84
1778726400000,4.99,5.0,4.984,4.986,9971.53
1778726700000,4.987,4.989,4.919,4.923,41488.97
1778727000000,4.923,4.99,4.907,4.99,31053.02
1778727300000,4.99,4.995,4.941,4.947,19513.39
1778727600000,4.948,4.985,4.945,4.968,7085.94
1778727900000,4.968,4.971,4.914,4.955,15648.76
1778728200000,4.956,4.962,4.94,4.961,17330.73
1778728500000,4.961,4.966,4.924,4.928,17391.98
1778728800000,4.929,4.945,4.923,4.939,10020.01
1778729100000,4.94,4.954,4.914,4.951,18105.65
1778729400000,4.953,4.975,4.946,4.952,8123.4
1778729700000,4.952,4.983,4.945,4.945,27666.84
1778730000000,4.945,4.976,4.94,4.97,14960.91
1778730300000,4.97,4.972,4.943,4.944,7792.55
1778730600000,4.946,4.97,4.946,4.963,6815.02
1778730900000,4.962,4.968,4.943,4.955,6857.11
1778731200000,4.955,4.96,4.936,4.941,78230.38
1778731500000,4.941,4.979,4.94,4.979,6766.53
1778731800000,4.978,4.993,4.961,4.985,16058.62
1778732100000,4.985,5.025,4.975,5.023,14525.19
1778732400000,5.023,5.047,5.015,5.028,38160.91
1778732700000,5.027,5.081,5.027,5.07,54263.23
1778733000000,5.068,5.081,5.057,5.076,10256.11
1778733300000,5.075,5.127,5.075,5.12,32791.59
1778733600000,5.12,5.127,5.095,5.101,9776.67
1778733900000,5.102,5.136,5.087,5.132,13302.71
1778734200000,5.131,5.256,5.12,5.255,50226.56
1778734500000,5.253,5.3,5.22,5.265,76598.54
1778734800000,5.266,5.29,5.214,5.284,85233.48
1778735100000,5.285,5.367,5.264,5.269,110967.79
1778735400000,5.268,5.271,5.17,5.199,83869.09
1778735700000,5.199,5.199,5.138,5.155,30112.12
1778736000000,5.155,5.222,5.155,5.215,26231.12
1778736300000,5.212,5.237,5.186,5.22,24484.27
1778736600000,5.22,5.299,5.185,5.195,131165.62
1778736900000,5.195,5.2,5.158,5.168,32229.56
1778737200000,5.168,5.175,5.076,5.099,46033.23
1778737500000,5.098,5.118,5.083,5.112,10093.03
1778737800000,5.112,5.148,5.104,5.129,18142.39
1778738100000,5.129,5.135,5.092,5.092,10382.94
1778738400000,5.091,5.102,5.06,5.094,13735.31
1778738700000,5.094,5.127,5.084,5.123,25162.57
1778739000000,5.123,5.164,5.118,5.153,24900.59
1778739300000,5.151,5.159,5.12,5.147,12016.11
1778739600000,5.146,5.154,5.126,5.136,8756.89
1778739900000,5.135,5.178,5.131,5.148,24633.27
1778740200000,5.147,5.169,5.131,5.158,12810.08
1778740500000,5.158,5.182,5.122,5.131,17370.06
1778740800000,5.131,5.134,5.094,5.115,15668.63
1778741100000,5.114,5.117,5.089,5.105,10617.97
1778741400000,5.106,5.107,5.082,5.101,5145.76
1778741700000,5.101,5.112,5.088,5.098,13746.62
1778742000000,5.098,5.119,5.078,5.102,11939.78
1778742300000,5.103,5.104,5.079,5.081,8420.78
1778742600000,5.081,5.119,5.071,5.106,6838.62
1778742900000,5.104,5.116,5.073,5.112,13020.35
1778743200000,5.112,5.142,5.103,5.139,5516.55
1778743500000,5.14,5.175,5.138,5.152,19662.76
1778743800000,5.152,5.152,5.088,5.112,15960.18
1778744100000,5.111,5.132,5.104,5.113,14581.85
1778744400000,5.113,5.123,5.027,5.059,30045.96
1778744700000,5.058,5.06,5.019,5.03,18411.73
1778745000000,5.03,5.03,5.0,5.005,41196.18
1778745300000,5.004,5.012,4.977,5.002,9110.88
1778745600000,5.001,5.01,4.986,4.989,7594.85
1778745900000,4.989,5.004,4.984,5.004,8284.25
1778746200000,5.005,5.012,4.996,5.007,5631.28
1778746500000,5.007,5.009,4.983,4.996,6118.47
1778746800000,4.996,5.007,4.982,4.996,4865.07
1778747100000,4.995,5.0,4.965,4.991,13455.19
1778747400000,4.989,5.0,4.968,4.998,14568.66
1778747700000,4.997,5.003,4.978,5.003,6893.9
1778748000000,5.002,5.017,4.995,5.009,12347.05
1778748300000,5.009,5.03,5.008,5.026,9802.95
1778748600000,5.025,5.039,5.013,5.034,7296.99
1778748900000,5.033,5.037,5.013,5.034,6800.57
1778749200000,5.034,5.06,5.034,5.041,16563.59
1778749500000,5.04,5.083,5.032,5.054,64047.4
1778749800000,5.052,5.07,5.012,5.062,38833.89
1778750100000,5.063,5.124,5.061,5.09,72211.72
1778750400000,5.09,5.131,5.085,5.131,18679.11
1778750700000,5.131,5.168,5.125,5.143,32830.4
1778751000000,5.142,5.143,5.082,5.11,87289.56
1778751300000,5.11,5.117,5.066,5.073,15759.58
1778751600000,5.072,5.101,5.071,5.089,11902.56
1778751900000,5.088,5.1,5.068,5.087,21254.67
1778752200000,5.088,5.115,5.045,5.094,85887.57
1778752500000,5.093,5.1,5.079,5.098,6964.14
1778752800000,5.096,5.164,5.091,5.153,33603.45
1778753100000,5.153,5.213,5.15,5.211,29184.18
1778753400000,5.213,5.301,5.213,5.255,80428.41
1778753700000,5.255,5.255,5.189,5.253,36080.13
1778754000000,5.252,5.266,5.171,5.192,28685.01
1778754300000,5.193,5.297,5.193,5.281,60416.09
1778754600000,5.281,5.326,5.226,5.307,126605.78
1778754900000,5.307,5.317,5.283,5.301,41312.27
1778755200000,5.301,5.302,5.22,5.27,44678.78
1778755500000,5.271,5.272,5.229,5.231,8455.48
1778755800000,5.23,5.297,5.224,5.289,20552.36
1778756100000,5.289,5.299,5.236,5.252,23710.81
1778756400000,5.252,5.291,5.224,5.276,29847.69
1778756700000,5.275,5.292,5.235,5.257,18898.55
1778757000000,5.256,5.269,5.212,5.257,22452.3
1778757300000,5.255,5.259,5.173,5.227,39210.74
1778757600000,5.226,5.243,5.183,5.226,33527.75
1778757900000,5.226,5.238,5.188,5.217,12223.55
1778758200000,5.217,5.228,5.179,5.182,13552.36
1778758500000,5.18,5.221,5.18,5.207,14460.45
1778758800000,5.207,5.21,5.163,5.204,33428.06
1778759100000,5.202,5.208,5.164,5.186,26941.29
1778759400000,5.186,5.203,5.173,5.181,9540.75
1778759700000,5.181,5.195,5.154,5.157,5285.54
1778760000000,5.155,5.164,5.123,5.164,38877.51
1778760300000,5.165,5.197,5.143,5.152,34027.81
1778760600000,5.151,5.197,5.151,5.19,10622.65
1778760900000,5.191,5.211,5.15,5.15,17061.62
1778761200000,5.15,5.156,5.102,5.132,21477.78
1778761500000,5.132,5.142,5.113,5.122,8653.03
1778761800000,5.122,5.138,5.093,5.138,15754.5
1778762100000,5.136,5.169,5.132,5.149,13771.38
1778762400000,5.15,5.172,5.134,5.148,9735.3
1778762700000,5.147,5.151,5.111,5.122,4034.92
1778763000000,5.121,5.143,5.113,5.126,7463.39
1778763300000,5.125,5.15,5.108,5.14,9419.09
1778763600000,5.137,5.158,5.132,5.15,14067.41
1778763900000,5.148,5.148,5.096,5.099,13645.66
1778764200000,5.098,5.105,5.077,5.078,12734.87
1778764500000,5.083,5.104,5.07,5.088,11157.18
1778764800000,5.087,5.129,5.085,5.122,14211.69
1778765100000,5.122,5.136,5.103,5.121,12671.53
1778765400000,5.12,5.126,5.108,5.122,18714.14
1778765700000,5.123,5.143,5.085,5.103,20497.17
1778766000000,5.105,5.139,5.075,5.078,132371.83
1778766300000,5.081,5.134,5.079,5.132,45733.42
1778766600000,5.133,5.149,5.095,5.112,43545.2
1778766900000,5.111,5.165,5.104,5.149,17631.27
1778767200000,5.147,5.169,5.109,5.115,12946.92
1778767500000,5.115,5.127,5.088,5.088,13285.6
1778767800000,5.087,5.101,5.057,5.074,15958.85
1778768100000,5.073,5.111,5.041,5.097,11735.65
1778768400000,5.095,5.107,5.085,5.091,9867.86
1778768700000,5.092,5.096,5.054,5.066,8664.83
1778769000000,5.067,5.102,5.061,5.094,7308.48
1778769300000,5.095,5.124,5.086,5.101,9710.49
1778769600000,5.099,5.108,5.084,5.091,14774.61
1778769900000,5.091,5.147,5.082,5.135,18843.98
1778770200000,5.134,5.136,5.115,5.129,7446.2
1778770500000,5.13,5.156,5.13,5.142,11774.42
1778770800000,5.143,5.161,5.107,5.127,35249.79
1778771100000,5.127,5.183,5.127,5.154,38971.71
1778771400000,5.153,5.173,5.14,5.169,8630.71
1778771700000,5.17,5.191,5.153,5.178,14528.37
1778772000000,5.177,5.189,5.151,5.179,12052.89
1778772300000,5.178,5.206,5.167,5.201,20628.42
1778772600000,5.201,5.208,5.178,5.192,35804.61
1778772900000,5.192,5.215,5.173,5.174,18027.89
1778773200000,5.176,5.19,5.164,5.184,11784.71
1778773500000,5.184,5.219,5.171,5.216,7646.27
1778773800000,5.217,5.242,5.215,5.223,11406.25
1778774100000,5.22,5.244,5.201,5.205,10605.83
1778774400000,5.206,5.291,5.204,5.283,22382.05
1778774700000,5.283,5.329,5.267,5.275,32449.52
1778775000000,5.278,5.295,5.257,5.288,38529.25
1778775300000,5.288,5.328,5.244,5.249,18024.4
1778775600000,5.249,5.261,5.227,5.245,11275.32
1778775900000,5.246,5.253,5.222,5.25,10178.07
1778776200000,5.249,5.261,5.15,5.176,25556.79
1778776500000,5.175,5.177,5.156,5.176,10901.86
1778776800000,5.178,5.19,5.15,5.153,7092.23
1778777100000,5.151,5.155,5.122,5.132,16821.61
1778777400000,5.133,5.141,5.105,5.129,17691.06
1778777700000,5.129,5.197,5.129,5.195,6657.26
1778778000000,5.196,5.226,5.169,5.212,18958.21
1778778300000,5.208,5.216,5.192,5.2,4580.57
1778778600000,5.2,5.204,5.171,5.181,14999.71
1778778900000,5.181,5.202,5.146,5.149,16680.22
1778779200000,5.149,5.153,5.132,5.135,6948.33
1778779500000,5.134,5.134,5.119,5.12,3424.59
1778779800000,5.124,5.144,5.115,5.14,2767.8
1778780100000,5.143,5.16,5.137,5.143,5022.33
1778780400000,5.144,5.17,5.144,5.161,4742.87
1778780700000,5.158,5.163,5.146,5.146,2173.29
1778781000000,5.146,5.152,5.141,5.143,2382.95
1778781300000,5.142,5.163,5.142,5.158,1565.56
1778781600000,5.158,5.166,5.124,5.127,13341.87
1778781900000,5.128,5.149,5.128,5.143,2958.95
1778782200000,5.142,5.154,5.118,5.131,4556.21
1778782500000,5.129,5.144,5.123,5.142,18859.99
1778782800000,5.141,5.154,5.132,5.141,5988.33
1778783100000,5.14,5.143,5.099,5.112,15735.7
1778783400000,5.112,5.115,5.081,5.081,9586.0
1778783700000,5.081,5.101,5.08,5.1,5943.13
1778784000000,5.098,5.099,5.077,5.082,8949.04
1778784300000,5.081,5.101,5.078,5.097,2629.65
1778784600000,5.098,5.099,5.078,5.081,7153.14
1778784900000,5.081,5.106,5.081,5.087,4594.8
1778785200000,5.088,5.108,5.078,5.087,10189.93
1778785500000,5.086,5.097,5.077,5.078,4219.6
1778785800000,5.077,5.088,5.063,5.067,4966.19
1778786100000,5.068,5.069,5.044,5.058,15664.77
1778786400000,5.058,5.072,5.052,5.059,5482.88
1778786700000,5.059,5.071,5.048,5.062,3761.88
1778787000000,5.063,5.085,5.059,5.085,2743.87
1778787300000,5.085,5.087,5.066,5.076,5248.85
1778787600000,5.078,5.096,5.075,5.091,3546.91
1778787900000,5.09,5.096,5.076,5.077,2843.65
1778788200000,5.077,5.085,5.062,5.075,1447.75
1778788500000,5.073,5.073,5.051,5.061,6083.26
1778788800000,5.063,5.072,5.055,5.066,1768.13
1778789100000,5.066,5.083,5.064,5.08,3318.67
1778789400000,5.081,5.225,5.081,5.152,301109.65
1778789700000,5.152,5.197,5.151,5.165,25536.55
1778790000000,5.164,5.17,5.147,5.157,4452.5
1778790300000,5.157,5.164,5.126,5.134,4331.13
1778790600000,5.134,5.135,5.118,5.119,4244.15
1778790900000,5.12,5.12,5.1,5.108,3885.13
1778791200000,5.108,5.115,5.093,5.112,5924.63
1778791500000,5.111,5.153,5.111,5.146,4022.24
1778791800000,5.147,5.185,5.142,5.167,8150.54
1778792100000,5.167,5.172,5.157,5.171,7035.94
1778792400000,5.172,5.185,5.163,5.179,7209.26
1778792700000,5.181,5.204,5.18,5.193,2699.95
1778793000000,5.196,5.201,5.16,5.171,3730.65
1778793300000,5.17,5.193,5.167,5.189,4681.53
1778793600000,5.188,5.217,5.188,5.217,6676.84
1778793900000,5.217,5.23,5.205,5.224,6322.18
1778794200000,5.225,5.272,5.218,5.255,13754.9
1778794500000,5.255,5.261,5.224,5.23,11272.35
1778794800000,5.231,5.263,5.231,5.239,9360.62
1778795100000,5.238,5.245,5.218,5.225,10578.26
1778795400000,5.224,5.234,5.214,5.214,1409.03
1778795700000,5.212,5.212,5.186,5.187,4360.08
1778796000000,5.187,5.188,5.163,5.184,3105.42
1778796300000,5.182,5.208,5.168,5.207,5386.48
1778796600000,5.208,5.218,5.19,5.195,7177.18
1778796900000,5.192,5.197,5.179,5.196,2215.12
1778797200000,5.197,5.227,5.194,5.224,3472.9
1778797500000,5.222,5.227,5.212,5.218,1131.81
1778797800000,5.216,5.253,5.211,5.244,5517.79
1778798100000,5.244,5.249,5.212,5.219,4243.36
1778798400000,5.218,5.24,5.208,5.223,2536.71
1778798700000,5.222,5.222,5.192,5.198,2155.65
1778799000000,5.197,5.201,5.19,5.19,1687.42
1778799300000,5.189,5.191,5.178,5.18,5496.11
1778799600000,5.179,5.179,5.153,5.154,6425.8
1778799900000,5.153,5.163,5.138,5.14,2739.04
1778800200000,5.139,5.164,5.138,5.164,5321.71
1778800500000,5.164,5.18,5.162,5.172,3263.45
1778800800000,5.17,5.177,5.162,5.172,1198.86
1778801100000,5.172,5.191,5.171,5.184,2238.95
1778801400000,5.184,5.199,5.178,5.192,1826.68
1778801700000,5.19,5.198,5.177,5.186,749.73
1778802000000,5.187,5.197,5.183,5.187,3376.31
1778802300000,5.189,5.192,5.164,5.189,5772.4
1778802600000,5.189,5.202,5.168,5.169,2189.6
1778802900000,5.168,5.169,5.153,5.161,3501.54
1778803200000,5.16,5.193,5.153,5.165,3661.66
1778803500000,5.167,5.188,5.16,5.169,2372.78
1778803800000,5.169,5.174,5.135,5.144,5278.4
1778804100000,5.145,5.161,5.128,5.154,3992.77
1778804400000,5.153,5.166,5.141,5.165,2129.8
1778804700000,5.164,5.194,5.158,5.185,7832.35
1778805000000,5.184,5.197,5.16,5.187,2627.84
1778805300000,5.186,5.188,5.138,5.145,4964.94
1778805600000,5.145,5.148,5.125,5.135,6128.35
1778805900000,5.138,5.142,5.117,5.14,7999.87
1778806200000,5.14,5.158,5.137,5.155,3787.06
1778806500000,5.154,5.177,5.154,5.166,2462.32
1778806800000,5.168,5.192,5.167,5.167,4670.78
1778807100000,5.167,5.168,5.127,5.15,4276.4
1778807400000,5.149,5.173,5.146,5.171,2126.03
1778807700000,5.172,5.213,5.169,5.213,24392.63
1778808000000,5.214,5.218,5.168,5.168,12108.57
1778808300000,5.168,5.183,5.163,5.171,2113.59
1778808600000,5.17,5.187,5.145,5.183,11064.01
1778808900000,5.182,5.214,5.182,5.199,6607.08
1778809200000,5.199,5.207,5.183,5.203,3610.55
1778809500000,5.204,5.208,5.184,5.193,3116.46
1778809800000,5.189,5.189,5.17,5.183,1750.3
1778810100000,5.182,5.182,5.135,5.15,2637.0
1778810400000,5.148,5.163,5.133,5.145,4335.96
1778810700000,5.145,5.151,5.098,5.122,11867.06
1778811000000,5.123,5.127,5.08,5.094,7277.55
1778811300000,5.093,5.122,5.075,5.101,9481.12
1778811600000,5.099,5.1,5.068,5.09,3838.29
1778811900000,5.09,5.103,5.071,5.098,1779.38
1778812200000,5.096,5.117,5.081,5.116,3378.32
1778812500000,5.118,5.127,5.109,5.11,3234.45
1778812800000,5.111,5.189,5.103,5.178,28781.49
1778813100000,5.18,5.231,5.18,5.219,21073.41
1778813400000,5.22,5.25,5.208,5.248,16781.91
1778813700000,5.248,5.287,5.234,5.255,13862.13
1778814000000,5.255,5.28,5.237,5.239,12323.12
1778814300000,5.239,5.242,5.214,5.218,6861.15
1778814600000,5.219,5.234,5.207,5.208,4565.83
1778814900000,5.207,5.214,5.195,5.2,4796.53
1778815200000,5.201,5.228,5.186,5.221,7010.89
1778815500000,5.22,5.227,5.203,5.206,4022.24
1778815800000,5.206,5.218,5.174,5.181,14799.5
1778816100000,5.181,5.196,5.162,5.166,3183.69
1778816400000,5.166,5.173,5.163,5.164,2955.19
1778816700000,5.164,5.168,5.149,5.153,1289.01
1778817000000,5.153,5.161,5.148,5.159,1451.73
1778817300000,5.157,5.158,5.131,5.132,2256.08
1778817600000,5.131,5.133,5.107,5.122,6374.43
1778817900000,5.123,5.155,5.122,5.153,3475.44
1778818200000,5.153,5.166,5.151,5.162,1182.71
1778818500000,5.165,5.169,5.106,5.123,8881.73
1778818800000,5.125,5.125,5.102,5.123,3133.43
1778819100000,5.123,5.131,5.104,5.117,2488.19
1778819400000,5.115,5.12,5.1,5.108,10824.78
1778819700000,5.108,5.121,5.106,5.111,9790.73
1778820000000,5.11,5.131,5.11,5.117,3939.56
1778820300000,5.116,5.142,5.116,5.142,8009.99
1778820600000,5.142,5.146,5.118,5.128,5434.3
1778820900000,5.127,5.129,5.083,5.088,7446.52
1778821200000,5.088,5.106,5.083,5.085,7914.02
1778821500000,5.083,5.089,5.071,5.086,21648.0
1778821800000,5.085,5.092,5.072,5.084,2734.94
1778822100000,5.085,5.09,5.051,5.066,16633.28
1778822400000,5.066,5.071,5.053,5.071,1139.33
1778822700000,5.072,5.077,5.057,5.076,5628.44
1778823000000,5.078,5.082,5.046,5.055,9167.32
1778823300000,5.055,5.057,4.969,5.008,30005.47
1778823600000,5.006,5.011,4.985,4.999,9354.38
1778823900000,4.998,5.003,4.973,4.989,8643.29
1778824200000,4.991,5.007,4.983,4.988,6552.19
1778824500000,4.987,4.987,4.948,4.961,9602.75
1778824800000,4.962,4.99,4.955,4.99,3442.1
1778825100000,4.99,4.994,4.94,4.958,7924.34
1778825400000,4.96,4.979,4.951,4.96,4789.32
1778825700000,4.962,4.981,4.959,4.962,3150.16
1778826000000,4.961,4.99,4.951,4.99,7635.37
1778826300000,4.987,5.011,4.976,5.011,9336.25
1778826600000,5.01,5.035,5.01,5.034,4217.07
1778826900000,5.035,5.038,5.009,5.034,3499.68
1778827200000,5.035,5.056,5.028,5.048,5851.79
1778827500000,5.048,5.067,5.026,5.067,5513.85
1778827800000,5.065,5.07,5.039,5.052,7939.68
1778828100000,5.051,5.051,5.028,5.03,9294.45
1778828400000,5.028,5.029,4.995,5.021,9880.3
1778828700000,5.022,5.045,5.022,5.045,7060.14
1778829000000,5.045,5.067,5.039,5.044,4342.33
1778829300000,5.043,5.086,5.034,5.085,4103.08
1778829600000,5.086,5.115,5.074,5.097,9880.78
1778829900000,5.096,5.121,5.087,5.11,8424.17
1778830200000,5.11,5.118,5.089,5.116,4690.34
1778830500000,5.118,5.127,5.106,5.117,4131.52
1778830800000,5.118,5.118,5.066,5.066,3529.21
1778831100000,5.066,5.086,5.052,5.081,2823.17
1778831400000,5.081,5.096,5.076,5.077,1526.51
1778831700000,5.079,5.085,5.072,5.079,986.84
1778832000000,5.08,5.081,5.034,5.04,4142.99
1778832300000,5.038,5.053,5.028,5.053,4582.39
1778832600000,5.053,5.053,5.035,5.042,1188.39
1778832900000,5.042,5.052,5.019,5.05,3714.87
1778833200000,5.05,5.071,5.034,5.058,8097.36
1778833500000,5.059,5.062,5.035,5.051,10877.45
1778833800000,5.052,5.052,5.027,5.042,4262.09
1778834100000,5.042,5.072,5.036,5.069,3582.1
1778834400000,5.069,5.071,5.052,5.059,2250.97
1778834700000,5.058,5.058,5.019,5.022,2271.23
1778835000000,5.022,5.028,5.01,5.02,3751.59
1778835300000,5.018,5.041,5.009,5.03,4279.89
1778835600000,5.03,5.045,5.025,5.034,3195.61
1778835900000,5.034,5.057,5.028,5.056,3827.52
1778836200000,5.057,5.078,5.05,5.076,4265.32
1778836500000,5.076,5.076,5.055,5.068,5420.31
1778836800000,5.068,5.08,5.065,5.077,3709.76
1778837100000,5.075,5.077,5.052,5.052,1513.21
1778837400000,5.051,5.076,5.041,5.071,2298.29
1778837700000,5.071,5.093,5.059,5.09,3429.98
1778838000000,5.089,5.094,5.069,5.084,5382.42
1778838300000,5.084,5.105,5.08,5.104,2077.61
1778838600000,5.102,5.13,5.093,5.123,11308.38
1778838900000,5.123,5.136,5.103,5.123,8180.63
1778839200000,5.122,5.127,5.109,5.126,9426.39
1778839500000,5.126,5.165,5.125,5.151,9378.55
1778839800000,5.151,5.175,5.126,5.135,12819.76
1778840100000,5.137,5.138,5.106,5.115,4520.27
1778840400000,5.115,5.119,5.09,5.103,4166.18
1778840700000,5.101,5.107,5.09,5.095,962.78
1778841000000,5.095,5.129,5.082,5.122,8762.55
1778841300000,5.122,5.131,5.106,5.124,2576.05
1778841600000,5.123,5.141,5.107,5.113,2484.3
1778841900000,5.115,5.144,5.1,5.13,2212.3
1778842200000,5.131,5.164,5.131,5.157,3864.26
1778842500000,5.16,5.201,5.157,5.175,14077.63
1778842800000,5.174,5.209,5.174,5.203,5337.89
1778843100000,5.204,5.209,5.171,5.171,17497.84
1778843400000,5.173,5.18,5.145,5.148,8257.03
1778843700000,5.146,5.149,5.129,5.144,7433.81
1779148800000,5.146,5.179,5.146,5.165,31881.11
1779149100000,5.165,5.23,5.152,5.204,60465.44
1779149400000,5.204,5.26,5.203,5.232,48550.2
1779149700000,5.233,5.312,5.223,5.263,101276.56
1779150000000,5.262,5.325,5.255,5.272,79970.13
1779150300000,5.271,5.319,5.248,5.319,38122.99
1779150600000,5.319,5.348,5.304,5.32,34998.99
1779150900000,5.319,5.35,5.304,5.337,51490.03
1779151200000,5.337,5.359,5.311,5.351,51073.16
1779151500000,5.351,5.422,5.344,5.414,56838.22
1779151800000,5.413,5.429,5.363,5.363,56177.34
1779152100000,5.365,5.419,5.365,5.412,22321.73
1779152400000,5.412,5.443,5.344,5.401,97869.32
1779152700000,5.402,5.407,5.29,5.312,47962.65
1779153000000,5.312,5.345,5.298,5.303,23601.22
1779153300000,5.305,5.309,5.183,5.199,62196.84
1779153600000,5.199,5.231,5.181,5.225,17177.38
1779153900000,5.225,5.23,5.168,5.199,21783.45
1779154200000,5.198,5.228,5.189,5.196,22853.78
1779154500000,5.197,5.218,5.165,5.205,39673.87
1779154800000,5.205,5.254,5.188,5.219,25039.68
1779155100000,5.219,5.259,5.219,5.236,23858.02
1779155400000,5.236,5.25,5.206,5.216,16307.56
1779155700000,5.216,5.224,5.199,5.203,18872.09
1779156000000,5.203,5.219,5.163,5.174,18638.54
1779156300000,5.173,5.193,5.171,5.187,16863.12
1779156600000,5.185,5.187,5.157,5.175,12501.09
1779156900000,5.174,5.189,5.15,5.179,20635.09
1779157200000,5.18,5.22,5.16,5.216,18986.53
1779157500000,5.215,5.231,5.189,5.194,19346.59
1779157800000,5.194,5.2,5.152,5.159,12974.04
1779158100000,5.158,5.161,5.05,5.071,170417.45
1779158400000,5.072,5.085,5.064,5.083,24253.0
1779158700000,5.084,5.113,5.082,5.098,10514.69
1779159000000,5.097,5.114,5.092,5.113,13830.82
1779159300000,5.113,5.125,5.108,5.122,9629.39
1779159600000,5.123,5.134,5.106,5.132,8532.25
1779159900000,5.133,5.169,5.122,5.169,9588.51
1779160200000,5.168,5.187,5.163,5.186,22128.0
1779160500000,5.187,5.224,5.179,5.184,27692.55
1779160800000,5.183,5.204,5.18,5.186,7894.87
1779161100000,5.187,5.236,5.186,5.23,14465.85
1779161400000,5.231,5.274,5.23,5.269,13703.19
1779161700000,5.269,5.272,5.179,5.18,20973.95
1779162000000,5.181,5.218,5.181,5.215,7046.51
1779162300000,5.216,5.217,5.188,5.205,10457.32
1779162600000,5.205,5.23,5.196,5.203,9361.74
1779162900000,5.203,5.22,5.193,5.213,19082.56
1779163200000,5.212,5.229,5.188,5.229,16365.56
1779163500000,5.229,5.26,5.226,5.258,12634.69
1779163800000,5.259,5.261,5.234,5.236,7723.64
1779164100000,5.236,5.243,5.212,5.221,16133.24
1779164400000,5.22,5.225,5.138,5.162,30090.97
1779164700000,5.162,5.171,5.133,5.144,9328.39
1779165000000,5.145,5.146,5.119,5.139,10783.76
1779165300000,5.138,5.141,5.12,5.123,6702.64
1779165600000,5.122,5.146,5.12,5.136,8964.58
1779165900000,5.136,5.159,5.136,5.153,4535.74
1779166200000,5.152,5.153,5.11,5.12,23906.69
1779166500000,5.12,5.133,5.106,5.114,6237.27
1779166800000,5.116,5.127,5.094,5.113,7775.65
1779167100000,5.114,5.122,5.096,5.106,4483.2
1779167400000,5.106,5.109,5.082,5.088,6926.71
1779167700000,5.089,5.089,5.039,5.052,18899.6
1779168000000,5.051,5.06,5.027,5.04,10965.3
1779168300000,5.04,5.084,5.038,5.08,13663.8
1779168600000,5.08,5.089,5.069,5.07,4173.13
1779168900000,5.07,5.07,5.042,5.058,10345.94
1779169200000,5.058,5.063,5.033,5.04,7135.31
1779169500000,5.04,5.046,5.026,5.042,10819.47
1779169800000,5.041,5.064,5.032,5.035,6298.54
1779170100000,5.034,5.051,5.027,5.045,5012.2
1779170400000,5.043,5.047,5.022,5.047,13895.99
1779170700000,5.047,5.05,5.016,5.035,5079.99
1779171000000,5.034,5.038,5.021,5.035,3282.67
1779171300000,5.036,5.038,5.009,5.026,4937.26
1779171600000,5.027,5.046,5.027,5.039,1737.55
1779171900000,5.039,5.045,5.025,5.027,4002.53
1779172200000,5.026,5.034,5.011,5.034,6792.12
1779172500000,5.032,5.038,5.019,5.036,4386.8
1779172800000,5.036,5.04,5.011,5.017,7580.83
1779173100000,5.017,5.028,4.999,5.007,11436.79
1779173400000,5.008,5.024,5.008,5.02,5726.59
1779173700000,5.02,5.028,4.973,4.993,56923.65
1779174000000,4.992,5.002,4.982,4.999,7627.86
1779174300000,5.0,5.02,4.977,5.007,19412.28
1779174600000,5.007,5.014,4.992,5.011,4540.65
1779174900000,5.012,5.019,5.005,5.013,4639.87
1779175200000,5.012,5.021,5.004,5.006,23863.5
1779175500000,5.006,5.008,4.977,4.989,8364.49
1779175800000,4.989,5.002,4.987,4.995,2475.24
1779176100000,4.994,5.014,4.989,5.005,2625.07
1779176400000,5.006,5.026,4.997,5.014,5544.64
1779176700000,5.013,5.014,4.989,4.99,7544.7
1779177000000,4.991,4.997,4.981,4.983,4836.46
1779177300000,4.982,4.99,4.973,4.983,6752.02
1779177600000,4.984,4.986,4.964,4.981,8016.55
1779177900000,4.98,4.981,4.965,4.971,4292.44
1779178200000,4.97,5.005,4.963,4.999,20418.76
1779178500000,4.998,5.004,4.985,4.992,6503.45
1779178800000,4.991,4.998,4.981,4.982,3275.78
1779179100000,4.981,4.984,4.963,4.974,16521.23
1779179400000,4.973,4.991,4.963,4.99,4417.26
1779179700000,4.991,4.998,4.973,4.974,3863.89
1779180000000,4.973,4.995,4.97,4.989,3039.29
1779180300000,4.989,4.997,4.981,4.983,2780.59
1779180600000,4.984,4.996,4.979,4.98,1120.06
1779180900000,4.98,4.986,4.969,4.975,2592.41
1779181200000,4.975,4.985,4.962,4.979,9185.72
1779181500000,4.979,4.997,4.973,4.995,12938.33
1779181800000,4.996,5.015,4.994,5.013,11205.42
1779182100000,5.013,5.013,4.989,4.997,7478.91
1779182400000,4.996,5.0,4.963,4.966,6866.55
1779182700000,4.966,4.967,4.932,4.959,17633.96
1779183000000,4.959,4.98,4.955,4.977,11905.18
1779183300000,4.977,5.003,4.97,5.002,7225.1
1779183600000,5.003,5.009,4.987,4.997,4347.54
1779183900000,4.998,5.002,4.973,4.992,16404.36
1779184200000,4.994,5.002,4.983,5.001,11568.66
1779184500000,5.0,5.003,4.984,4.998,7712.2
1779184800000,4.998,5.002,4.983,4.989,13468.37
1779185100000,4.99,5.016,4.987,5.007,8457.35
1779185400000,5.007,5.014,4.994,5.009,3557.11
1779185700000,5.009,5.015,4.99,5.005,7521.31
1779186000000,5.006,5.016,4.997,4.999,8866.38
1779186300000,5.0,5.009,4.98,4.989,6134.38
1779186600000,4.99,5.007,4.98,4.989,15815.03
1779186900000,4.989,5.003,4.969,4.981,9659.32
1779187200000,4.981,4.981,4.945,4.952,17951.37
1779187500000,4.951,4.962,4.928,4.962,30267.22
1779187800000,4.96,4.971,4.95,4.956,5834.57
1779188100000,4.956,4.977,4.955,4.961,3861.38
1779188400000,4.961,4.979,4.955,4.963,5732.98
1779188700000,4.963,4.98,4.963,4.973,13726.26
1779189000000,4.972,4.975,4.956,4.957,9993.43
1779189300000,4.956,4.959,4.946,4.947,3331.81
1779189600000,4.947,4.947,4.934,4.943,3975.82
1779189900000,4.943,4.956,4.932,4.955,6167.98
1779190200000,4.954,4.965,4.948,4.965,4657.35
1779190500000,4.966,4.971,4.945,4.945,3692.67
1779190800000,4.944,4.944,4.908,4.914,8379.98
1779191100000,4.914,4.917,4.883,4.897,19058.15
1779191400000,4.898,4.899,4.865,4.872,11085.36
1779191700000,4.871,4.875,4.861,4.87,7817.77
1779192000000,4.87,4.89,4.855,4.883,17261.47
1779192300000,4.882,4.908,4.881,4.901,12257.94
1779192600000,4.901,4.932,4.894,4.931,33908.48
1779192900000,4.93,4.936,4.894,4.904,11422.22
1779193200000,4.905,4.908,4.875,4.88,12423.99
1779193500000,4.879,4.89,4.877,4.882,9983.36
1779193800000,4.882,4.889,4.867,4.869,10096.34
1779194100000,4.869,4.881,4.861,4.874,8164.16
1779194400000,4.875,4.885,4.869,4.884,2225.73
1779194700000,4.885,4.901,4.878,4.901,2991.91
1779195000000,4.899,4.92,4.894,4.92,10391.94
1779195300000,4.921,4.93,4.917,4.928,1576.02
1779195600000,4.928,4.944,4.918,4.929,6832.84
1779195900000,4.928,4.928,4.898,4.915,14755.49
1779196200000,4.914,4.934,4.914,4.934,3690.48
1779196500000,4.935,4.943,4.908,4.912,3223.9
1779196800000,4.913,4.936,4.899,4.924,6674.14
1779197100000,4.923,4.923,4.899,4.914,1471.19
1779197400000,4.915,4.939,4.891,4.932,30450.23
1779197700000,4.933,4.955,4.923,4.93,27953.4
1779198000000,4.93,4.932,4.904,4.915,17532.47
1779198300000,4.914,4.932,4.898,4.925,20473.27
1779198600000,4.924,4.929,4.911,4.928,2320.8
1779198900000,4.929,4.936,4.889,4.9,12885.85
1779199200000,4.9,4.914,4.885,4.911,5999.73
1779199500000,4.912,4.913,4.882,4.902,12439.8
1779199800000,4.903,4.918,4.89,4.892,8991.61
1779200100000,4.892,4.906,4.883,4.886,8656.72
1779200400000,4.886,4.889,4.868,4.888,4478.68
1779200700000,4.889,4.903,4.885,4.889,4233.18
1779201000000,4.89,4.907,4.879,4.879,5065.53
1779201300000,4.88,4.892,4.857,4.879,11985.54
1779201600000,4.879,4.887,4.874,4.883,7190.58
1779201900000,4.882,4.888,4.834,4.851,20569.17
1779202200000,4.851,4.859,4.844,4.858,3751.68
1779202500000,4.859,4.874,4.859,4.872,2804.07
1779202800000,4.873,4.911,4.863,4.904,9716.4
1779203100000,4.904,4.905,4.892,4.903,2175.39
1779203400000,4.904,4.908,4.886,4.898,2739.44
1779203700000,4.899,4.902,4.879,4.879,2013.34
1779204000000,4.88,4.887,4.867,4.868,1587.09
1779204300000,4.868,4.871,4.854,4.869,7309.08
1779204600000,4.871,4.9,4.87,4.89,3338.58
1779204900000,4.889,4.91,4.886,4.91,2539.0
1779205200000,4.909,4.909,4.893,4.893,3034.86
1779205500000,4.892,4.893,4.881,4.886,1975.65
1779205800000,4.885,4.911,4.885,4.902,3446.88
1779206100000,4.901,4.915,4.888,4.915,2904.27
1779206400000,4.916,4.937,4.911,4.929,6715.14
1779206700000,4.929,4.959,4.926,4.932,59062.51
1779207000000,4.931,4.949,4.927,4.939,5268.56
1779207300000,4.94,4.982,4.94,4.975,21211.12
1779207600000,4.974,4.997,4.967,4.993,5164.34
1779207900000,4.995,5.009,4.993,5.007,24557.99
1779208200000,5.007,5.043,4.995,5.033,11072.33
1779208500000,5.034,5.059,5.034,5.05,18615.09
1779208800000,5.05,5.086,5.049,5.079,26687.42
1779209100000,5.079,5.09,5.035,5.055,17581.84
1779209400000,5.055,5.079,5.04,5.079,7162.05
1779209700000,5.08,5.096,5.068,5.079,11131.66
1779210000000,5.078,5.085,5.03,5.085,26913.37
1779210300000,5.085,5.087,5.047,5.047,11918.25
1779210600000,5.047,5.05,5.012,5.033,13442.43
1779210900000,5.034,5.043,5.022,5.043,10206.02
1779211200000,5.043,5.05,5.036,5.047,4795.0
1779211500000,5.047,5.05,5.025,5.041,11341.26
1779211800000,5.041,5.042,4.997,5.008,5392.63
1779212100000,5.008,5.029,5.008,5.021,7396.32
1779212400000,5.022,5.032,5.0,5.019,4708.76
1779212700000,5.019,5.023,4.991,5.015,4861.39
1779213000000,5.016,5.022,5.001,5.007,11456.89
1779213300000,5.007,5.028,5.005,5.016,8792.85
1779213600000,5.016,5.026,4.993,4.996,4119.67
1779213900000,4.997,5.018,4.996,5.005,7408.88
1779214200000,5.005,5.014,5.003,5.008,1726.45
1779214500000,5.009,5.012,4.995,5.008,10764.08
1779214800000,5.009,5.012,4.948,4.961,19898.47
1779215100000,4.961,4.97,4.945,4.956,10204.53
1779215400000,4.957,4.961,4.931,4.941,5545.47
1779215700000,4.942,4.956,4.937,4.945,12033.82
1779216000000,4.944,4.952,4.936,4.944,9764.71
1779216300000,4.944,4.948,4.931,4.942,14085.92
1779216600000,4.941,4.945,4.931,4.932,1772.83
1779216900000,4.931,4.931,4.902,4.907,25164.95
1779217200000,4.908,4.914,4.904,4.912,5260.42
1779217500000,4.913,4.94,4.912,4.925,6072.59
1779217800000,4.924,4.932,4.911,4.93,11917.4
1779218100000,4.929,4.929,4.905,4.911,4946.19
1779218400000,4.911,4.913,4.887,4.896,7372.4
1779218700000,4.894,4.899,4.887,4.892,5716.29
1779219000000,4.893,4.894,4.879,4.891,2870.47
1779219300000,4.891,4.909,4.89,4.903,2285.19
1779219600000,4.902,4.903,4.887,4.887,681.87
1779219900000,4.886,4.893,4.878,4.891,2661.72
1779220200000,4.89,4.9,4.883,4.889,1630.92
1779220500000,4.888,4.895,4.886,4.89,758.05
1779220800000,4.889,4.913,4.885,4.91,4492.36
1779221100000,4.911,4.941,4.911,4.935,3003.9
1779221400000,4.934,4.947,4.93,4.943,14438.85
1779221700000,4.942,4.962,4.936,4.949,19915.52
1779222000000,4.948,4.957,4.943,4.947,3936.06
1779222300000,4.945,4.96,4.941,4.957,5532.42
1779222600000,4.956,4.957,4.941,4.955,2164.46
1779222900000,4.954,4.955,4.935,4.935,2095.54
1779223200000,4.935,4.946,4.927,4.941,6776.18
1779223500000,4.94,4.952,4.939,4.941,2057.56
1779223800000,4.941,4.948,4.941,4.947,701.62
1779224100000,4.948,4.961,4.947,4.947,1745.92
1779224400000,4.946,4.946,4.932,4.937,2659.77
1779224700000,4.938,4.941,4.929,4.938,8528.98
1779225000000,4.936,4.955,4.935,4.944,2772.47
1779225300000,4.944,4.96,4.942,4.957,2674.08
1779225600000,4.957,4.973,4.957,4.973,1999.78
1779225900000,4.974,4.974,4.966,4.968,1421.54
1779226200000,4.966,4.982,4.965,4.969,1194.96
1779226500000,4.97,4.971,4.946,4.952,3543.42
1779226800000,4.953,4.959,4.952,4.958,200.3
1779227100000,4.958,4.978,4.957,4.978,753.49
1779227400000,4.979,5.001,4.979,4.997,11686.51
1779227700000,4.997,4.998,4.962,4.965,2501.8
1779228000000,4.966,4.966,4.902,4.922,19664.27
1779228300000,4.918,4.928,4.908,4.925,2476.19
1779228600000,4.926,4.928,4.919,4.926,1043.05
1779228900000,4.925,4.929,4.915,4.923,2166.85
1779229200000,4.922,4.923,4.911,4.911,1677.43
1779229500000,4.912,4.922,4.894,4.922,8655.86
1779229800000,4.922,4.942,4.917,4.941,2552.85
1779230100000,4.94,4.942,4.921,4.931,6362.22
1779230400000,4.931,4.933,4.926,4.933,884.1
1779230700000,4.933,4.94,4.924,4.925,2077.71
1779231000000,4.925,4.931,4.92,4.924,2299.86
1779231300000,4.925,4.935,4.923,4.926,3250.56
1779231600000,4.927,4.934,4.916,4.928,1505.89
1779231900000,4.927,4.927,4.908,4.924,11658.7
1779232200000,4.925,4.931,4.915,4.92,4982.48
1779232500000,4.919,4.931,4.912,4.926,1637.73
1779232800000,4.926,4.938,4.924,4.928,3136.09
1779233100000,4.929,4.934,4.917,4.926,647.26
1779233400000,4.927,4.951,4.922,4.948,3021.23
1779233700000,4.948,4.954,4.943,4.945,5135.1
1779234000000,4.945,4.956,4.939,4.939,1778.42
1779234300000,4.94,4.947,4.939,4.944,1267.65
1779234600000,4.944,4.948,4.929,4.929,2290.04
1779234900000,4.929,4.932,4.916,4.924,2562.19
1779235200000,4.924,4.94,4.921,4.933,3397.7
1779235500000,4.934,4.956,4.932,4.94,11823.32
1779235800000,4.939,4.939,4.916,4.922,4373.75
1779236100000,4.922,4.925,4.904,4.92,6413.28
1779236400000,4.92,4.94,4.919,4.94,3222.75
1779236700000,4.941,4.951,4.936,4.95,7172.72
1779237000000,4.951,4.967,4.94,4.94,2697.83
1779237300000,4.941,4.95,4.935,4.936,3905.01
1779237600000,4.936,4.946,4.933,4.938,1623.8
1779237900000,4.939,4.945,4.932,4.941,9104.42
1779238200000,4.94,4.942,4.925,4.936,4492.33
1779238500000,4.937,4.937,4.915,4.916,2895.78
1779238800000,4.916,4.933,4.906,4.927,3543.52
1779239100000,4.928,4.953,4.92,4.952,2502.17
1779239400000,4.953,4.966,4.946,4.953,2792.34
1779239700000,4.952,4.961,4.944,4.953,2651.34
1779240000000,4.954,4.959,4.932,4.938,2097.55
1779240300000,4.937,4.939,4.885,4.889,5619.68
1779240600000,4.89,4.899,4.889,4.895,5831.01
1779240900000,4.894,4.913,4.882,4.913,14900.62
1779241200000,4.914,4.915,4.896,4.901,1658.27
1779241500000,4.901,4.903,4.886,4.899,2092.22
1779241800000,4.898,4.92,4.898,4.912,1974.33
1779242100000,4.912,4.923,4.909,4.923,1493.37
1779242400000,4.923,4.931,4.918,4.93,1969.56
1779242700000,4.931,4.936,4.918,4.926,3361.13
1779243000000,4.925,4.925,4.903,4.907,2445.77
1779243300000,4.907,4.924,4.907,4.924,9813.17
1779243600000,4.923,4.948,4.919,4.919,8817.08
1779243900000,4.919,4.923,4.909,4.909,1744.99
1779244200000,4.908,4.917,4.897,4.913,4920.41
1779244500000,4.913,4.925,4.908,4.909,4331.91
1779244800000,4.909,4.912,4.892,4.892,2484.22
1779245100000,4.891,4.906,4.888,4.892,2211.94
1779245400000,4.892,4.908,4.89,4.908,1014.31
1779245700000,4.909,4.92,4.905,4.919,2873.34
1779246000000,4.918,4.937,4.913,4.924,2371.68
1779246300000,4.925,4.949,4.925,4.949,11970.67
1779246600000,4.948,4.95,4.941,4.943,1970.96
1779246900000,4.943,4.963,4.943,4.962,4842.53
1779247200000,4.963,4.971,4.953,4.966,2715.17
1779247500000,4.966,5.009,4.966,4.994,7873.05
1779247800000,4.993,5.008,4.991,4.998,3905.71
1779248100000,4.999,5.019,4.998,5.002,6193.84
1779248400000,5.001,5.014,4.998,5.009,1968.71
1779248700000,5.009,5.01,4.992,4.997,5260.35
1779249000000,4.997,5.002,4.985,4.991,1391.85
1779249300000,4.991,4.996,4.979,4.99,6983.24
1779249600000,4.991,5.01,4.986,5.01,5864.74
1779249900000,5.011,5.039,5.006,5.039,33969.37
1779250200000,5.04,5.041,5.017,5.041,7118.63
1779250500000,5.041,5.046,4.993,4.994,17724.34
1779250800000,4.993,5.014,4.993,5.008,4985.16
1779251100000,5.009,5.026,4.992,5.016,3139.98
1779251400000,5.016,5.018,5.002,5.013,5422.98
1779251700000,5.012,5.019,4.997,5.001,2833.32
1779252000000,5.0,5.01,4.991,4.992,3923.74
1779252300000,4.993,5.0,4.982,4.992,4661.34
1779252600000,4.992,4.994,4.964,4.97,13945.23
1779252900000,4.97,4.979,4.963,4.978,4172.68
1779253200000,4.979,4.995,4.978,4.987,1920.23
1779253500000,4.988,5.008,4.983,4.998,3548.53
1779253800000,4.998,5.014,4.983,4.983,31139.9
1779254100000,4.982,5.0,4.968,5.0,3185.6
1779254400000,5.001,5.012,4.994,4.998,6430.4
1779254700000,4.996,4.996,4.987,4.989,2445.49
1779255000000,4.99,5.015,4.988,5.007,5393.43
1779255300000,5.008,5.049,5.007,5.043,9464.52
1779255600000,5.044,5.07,5.044,5.064,7778.19
1779255900000,5.065,5.069,5.044,5.048,4304.77
1779256200000,5.049,5.074,5.049,5.071,6121.17
1779256500000,5.072,5.09,5.072,5.078,11955.66
1779256800000,5.078,5.1,5.074,5.077,9132.32
1779257100000,5.079,5.085,5.058,5.078,11096.62
1779257400000,5.078,5.09,5.07,5.086,10097.27
1779257700000,5.087,5.088,5.046,5.052,4083.0
1779258000000,5.052,5.059,5.035,5.038,6615.22
1779258300000,5.038,5.039,5.023,5.034,11650.26
1779258600000,5.035,5.035,5.002,5.005,3124.83
1779258900000,5.004,5.021,5.001,5.012,2612.28
1779259200000,5.012,5.015,5.003,5.006,1310.28
1779259500000,5.004,5.023,4.992,5.023,5829.91
1779259800000,5.024,5.035,5.014,5.025,2189.23
1779260100000,5.026,5.034,5.013,5.016,7528.75
1779260400000,5.016,5.025,5.008,5.018,5411.59
1779260700000,5.017,5.02,4.992,5.005,4534.0
1779261000000,5.005,5.005,4.98,4.984,4056.45
1779261300000,4.985,4.987,4.951,4.955,6044.93
1779261600000,4.955,4.976,4.955,4.967,10835.92
1779261900000,4.967,4.97,4.948,4.954,5584.39
1779262200000,4.955,4.969,4.946,4.966,3234.95
1779262500000,4.966,4.974,4.96,4.96,2655.35
1779262800000,4.959,4.972,4.953,4.961,6573.85
1779263100000,4.962,4.966,4.948,4.956,4275.08
1779263400000,4.957,4.957,4.941,4.946,1196.21
1779263700000,4.947,4.949,4.928,4.93,5560.72
1779264000000,4.931,4.954,4.929,4.949,4450.71
1779264300000,4.948,4.95,4.93,4.937,7324.69
1779264600000,4.937,4.941,4.925,4.93,2219.94
1779264900000,4.93,4.939,4.926,4.936,3863.48
1779265200000,4.937,4.938,4.924,4.929,7267.81
1779265500000,4.929,4.93,4.912,4.924,6737.72
1779265800000,4.925,4.951,4.92,4.948,3489.61
1779266100000,4.949,4.965,4.94,4.957,4238.76
1779266400000,4.958,4.959,4.934,4.949,19948.67
1779266700000,4.948,4.948,4.932,4.941,2686.02
1779267000000,4.942,4.948,4.936,4.944,2413.87
1779267300000,4.945,4.952,4.939,4.943,3177.71
1779267600000,4.942,4.95,4.934,4.935,4492.23
1779267900000,4.934,4.94,4.925,4.934,5381.96
1779268200000,4.935,4.939,4.929,4.931,4982.63
1779268500000,4.932,4.943,4.93,4.943,2430.16
1779268800000,4.944,4.956,4.939,4.942,3974.3
1779269100000,4.942,4.956,4.936,4.956,2271.04
1779269400000,4.956,4.962,4.95,4.962,5362.41
1779269700000,4.96,4.982,4.958,4.971,5716.29
1779270000000,4.972,4.975,4.95,4.953,3132.13
1779270300000,4.954,4.955,4.941,4.946,3412.66
1779270600000,4.949,4.95,4.937,4.946,1127.97
1779270900000,4.947,4.958,4.945,4.95,1330.01
1779271200000,4.948,4.96,4.938,4.953,3266.79
1779271500000,4.953,4.961,4.951,4.953,2592.66
1779271800000,4.952,4.954,4.937,4.954,1951.79
1779272100000,4.954,4.962,4.946,4.959,7255.53
1779272400000,4.959,4.976,4.959,4.959,5501.65
1779272700000,4.958,4.969,4.952,4.967,808.83
1779273000000,4.967,4.998,4.964,4.998,5380.73
1779273300000,4.997,5.011,4.986,5.003,8095.47
1779273600000,5.002,5.003,4.982,4.982,3016.93
1779273900000,4.982,4.992,4.972,4.973,2356.62
1779274200000,4.971,4.997,4.963,4.993,7198.65
1779274500000,4.993,5.049,4.993,5.042,24050.85
1779274800000,5.045,5.091,5.04,5.052,21237.44
1779275100000,5.051,5.089,5.029,5.064,41279.68
1779275400000,5.063,5.093,5.057,5.073,8716.85
1779275700000,5.072,5.08,5.043,5.048,9079.56
1779276000000,5.048,5.063,5.022,5.032,10342.24
1779276300000,5.032,5.032,5.015,5.03,4213.96
1779276600000,5.031,5.054,5.021,5.029,7448.77
1779276900000,5.03,5.044,5.026,5.036,4295.4
1779277200000,5.037,5.049,5.032,5.044,3151.41
1779277500000,5.043,5.047,4.998,5.005,4735.42
1779277800000,5.006,5.015,4.987,5.005,4338.24
1779278100000,5.005,5.012,4.988,5.0,10226.77
1779278400000,4.999,5.009,4.995,4.997,2377.72
1779278700000,4.996,5.023,4.995,5.012,3401.9
1779279000000,5.012,5.014,4.996,4.998,4427.0
1779279300000,4.997,5.014,4.994,4.997,4248.14
1779279600000,4.996,4.996,4.977,4.992,4240.89
1779279900000,4.991,5.04,4.991,5.033,8453.46
1779280200000,5.033,5.055,5.029,5.043,2180.04
1779280500000,5.042,5.042,5.016,5.019,11528.31
1779280800000,5.019,5.027,5.011,5.017,8340.67
1779281100000,5.015,5.039,5.011,5.033,7119.69
1779281400000,5.032,5.042,5.017,5.042,15515.69
1779281700000,5.043,5.049,5.024,5.025,6268.21
1779282000000,5.025,5.03,5.012,5.024,4127.14
1779282300000,5.025,5.036,5.018,5.018,1456.2
1779282600000,5.017,5.021,5.01,5.017,2985.93
1779282900000,5.016,5.02,4.994,5.012,2808.64
1779283200000,5.011,5.014,4.995,4.996,2764.62
1779283500000,4.995,5.035,4.983,5.026,10829.88
1779283800000,5.025,5.035,4.997,5.006,8352.91
1779284100000,5.005,5.005,4.965,4.982,6251.06
1779284400000,4.982,4.989,4.961,4.986,4192.14
1779284700000,4.986,5.012,4.986,4.998,3980.64
1779285000000,4.999,5.004,4.988,4.997,2499.36
1779285300000,4.996,5.043,4.996,5.041,8588.83
1779285600000,5.042,5.053,5.037,5.045,8207.67
1779285900000,5.046,5.072,5.04,5.062,7639.76
1779286200000,5.062,5.078,5.023,5.066,11260.08
1779286500000,5.067,5.127,5.067,5.121,19206.99
1779286800000,5.122,5.146,5.099,5.111,11322.9
1779287100000,5.11,5.141,5.104,5.124,14013.99
1779287400000,5.124,5.147,5.115,5.115,14939.52
1779287700000,5.114,5.116,5.094,5.107,9720.59
1779288000000,5.106,5.111,5.081,5.111,5474.34
1779288300000,5.112,5.12,5.092,5.092,13194.04
1779288600000,5.093,5.152,5.089,5.151,13926.56
1779288900000,5.151,5.156,5.129,5.14,12793.3
1779289200000,5.14,5.156,5.122,5.127,8982.01
1779289500000,5.128,5.155,5.119,5.147,23989.92
1779289800000,5.146,5.162,5.134,5.151,10473.12
1779290100000,5.152,5.258,5.152,5.227,36756.23
1779290400000,5.227,5.264,5.221,5.234,13938.55
1779290700000,5.233,5.239,5.164,5.168,28201.05
1779291000000,5.169,5.179,5.147,5.157,12703.91
1779291300000,5.158,5.162,5.121,5.123,6902.09
1779291600000,5.122,5.122,5.097,5.112,7542.72
1779291900000,5.111,5.126,5.106,5.124,12066.46
1779292200000,5.126,5.128,5.1,5.117,13842.52
1779292500000,5.118,5.13,5.102,5.13,5834.16
1779292800000,5.131,5.142,5.065,5.069,18612.03
1779293100000,5.07,5.083,5.046,5.049,21454.96
1779293400000,5.05,5.071,5.015,5.064,37478.27
1779293700000,5.064,5.083,5.056,5.067,17946.99
1779294000000,5.067,5.072,5.033,5.047,7844.76
1779294300000,5.046,5.054,5.031,5.04,4723.64
1779294600000,5.038,5.049,5.022,5.041,9228.18
1779294900000,5.041,5.084,5.041,5.075,6527.35
1779295200000,5.076,5.083,5.061,5.071,7471.25
1779295500000,5.072,5.085,5.057,5.069,4163.04
1779295800000,5.069,5.072,5.037,5.041,17403.91
1779296100000,5.042,5.048,5.013,5.028,17443.4
1779296400000,5.027,5.048,5.014,5.04,4789.41
1779296700000,5.04,5.047,5.032,5.047,5599.73
1779297000000,5.048,5.071,5.04,5.067,14742.42
1779297300000,5.068,5.077,5.063,5.071,1828.25
1779297600000,5.07,5.08,5.047,5.058,5546.34
1779297900000,5.058,5.079,5.058,5.066,13509.5
1779298200000,5.066,5.091,5.056,5.084,7784.25
1779298500000,5.084,5.108,5.08,5.093,7926.91
1779298800000,5.092,5.092,5.065,5.075,4806.1
1779299100000,5.074,5.082,5.062,5.082,3605.65
1779299400000,5.081,5.081,5.045,5.046,1462.82
1779299700000,5.045,5.055,5.034,5.049,6769.32
1779300000000,5.05,5.05,5.022,5.034,17938.77
1779300300000,5.033,5.037,5.024,5.024,1063.98
1779300600000,5.023,5.034,5.013,5.034,5748.3
1779300900000,5.035,5.048,5.027,5.029,2616.24
1779301200000,5.03,5.034,5.014,5.022,10947.35
1779301500000,5.021,5.023,5.012,5.016,5833.37
1779301800000,5.016,5.029,5.004,5.028,5611.44
1779302100000,5.029,5.043,5.028,5.034,8874.5
1779302400000,5.034,5.037,5.021,5.021,4171.6
1779302700000,5.022,5.028,5.004,5.024,6080.98
1779303000000,5.025,5.028,5.006,5.007,6375.81
1779303300000,5.007,5.019,5.007,5.012,2368.96
1779303600000,5.012,5.019,4.993,5.0,8039.32
1779303900000,5.0,5.014,4.989,5.014,8307.66
1779304200000,5.014,5.021,5.009,5.011,773.29
1779304500000,5.012,5.043,5.012,5.041,1605.41
1779304800000,5.042,5.051,5.028,5.041,5116.36
1779305100000,5.041,5.053,5.041,5.041,2302.5
1779305400000,5.042,5.043,5.029,5.029,3834.41
1779305700000,5.028,5.028,5.005,5.019,8110.26
1779306000000,5.018,5.023,5.007,5.012,4418.97
1779306300000,5.011,5.013,5.002,5.007,4195.95
1779306600000,5.005,5.005,4.973,4.988,9165.09
1779306900000,4.989,5.003,4.981,4.993,12528.02
1779307200000,4.992,4.992,4.956,4.973,20951.59
1779307500000,4.972,4.987,4.964,4.987,1802.11
1779307800000,4.987,5.008,4.983,5.003,11891.99
1779308100000,5.003,5.004,4.98,4.99,4962.12
1779308400000,4.99,4.996,4.975,4.988,5032.92
1779308700000,4.987,5.017,4.982,5.017,3070.1
1779309000000,5.017,5.023,5.009,5.014,2862.71
1779309300000,5.015,5.026,5.004,5.011,2166.95
1779309600000,5.012,5.028,5.011,5.021,4646.46
1779309900000,5.022,5.031,5.018,5.029,3928.79
1779310200000,5.03,5.033,5.015,5.021,2911.54
1779310500000,5.022,5.034,5.022,5.032,4973.96
1779310800000,5.033,5.04,5.014,5.035,3037.6
1779311100000,5.034,5.034,5.007,5.009,3147.6
1779311400000,5.01,5.012,5.0,5.008,3820.17
1779311700000,5.008,5.009,4.988,4.994,6373.52
1779312000000,4.993,4.993,4.979,4.986,5484.36
1779312300000,4.985,4.985,4.974,4.977,2809.77
1779312600000,4.976,4.976,4.963,4.974,2352.6
1779312900000,4.975,5.003,4.975,4.981,10675.18
1779313200000,4.98,4.988,4.948,4.963,7958.69
1779313500000,4.964,4.964,4.946,4.952,16955.83
1779313800000,4.949,4.96,4.949,4.952,422.89
1779314100000,4.953,4.954,4.928,4.932,10337.95
1779314400000,4.933,4.936,4.751,4.803,100674.02
1779314700000,4.802,4.829,4.781,4.8,15296.66
1779315000000,4.801,4.812,4.79,4.799,9601.31
1779315300000,4.799,4.818,4.795,4.803,17122.15
1779315600000,4.803,4.841,4.803,4.839,11803.41
1779315900000,4.839,4.871,4.837,4.863,7169.92
1779316200000,4.863,4.876,4.829,4.836,14166.13
1779316500000,4.837,4.841,4.801,4.812,10660.95
1779316800000,4.813,4.828,4.809,4.825,4918.59
1779317100000,4.825,4.832,4.818,4.829,8229.3
1779317400000,4.829,4.829,4.814,4.82,7988.15
1779317700000,4.82,4.826,4.798,4.81,22724.04
1779318000000,4.809,4.809,4.776,4.778,27164.25
1779318300000,4.778,4.782,4.76,4.76,11766.42
1779318600000,4.759,4.764,4.747,4.757,10832.17
1779318900000,4.756,4.775,4.756,4.767,4541.36
1779319200000,4.766,4.792,4.764,4.774,10517.4
1779319500000,4.773,4.804,4.773,4.795,10577.56
1779319800000,4.795,4.819,4.794,4.812,7390.27
1779320100000,4.812,4.818,4.804,4.804,6483.84
1779320400000,4.803,4.811,4.794,4.797,7252.12
1779320700000,4.797,4.804,4.789,4.797,2986.7
1779321000000,4.796,4.825,4.796,4.814,8610.29
1779321300000,4.814,4.825,4.806,4.811,4756.69
1779321600000,4.81,4.822,4.803,4.812,6913.9
1779321900000,4.811,4.812,4.796,4.802,2034.58
1779322200000,4.801,4.834,4.801,4.828,3946.2
1779322500000,4.829,4.832,4.81,4.829,14382.13
1779322800000,4.83,4.839,4.827,4.839,2735.65
1779323100000,4.84,4.847,4.826,4.841,3164.17
1779323400000,4.841,4.841,4.821,4.838,2432.21
1779323700000,4.837,4.846,4.827,4.844,1814.53
1779324000000,4.842,4.843,4.831,4.84,3966.79
1779324300000,4.84,4.856,4.833,4.856,4480.67
1779324600000,4.856,4.866,4.846,4.86,3458.23
1779324900000,4.859,4.863,4.837,4.839,2346.97
1779325200000,4.84,4.852,4.839,4.843,3650.91
1779325500000,4.842,4.857,4.837,4.857,1773.59
1779325800000,4.857,4.859,4.841,4.857,6572.93
1779326100000,4.858,4.864,4.846,4.848,6032.9
1779326400000,4.847,4.888,4.836,4.864,72681.41
1779326700000,4.863,4.863,4.851,4.852,8805.9
1779327000000,4.851,4.853,4.839,4.85,3371.78
1779327300000,4.851,4.853,4.822,4.823,4086.06
1779327600000,4.824,4.832,4.818,4.82,20349.07
1779327900000,4.82,4.837,4.82,4.835,1940.15
1779328200000,4.834,4.841,4.819,4.822,3701.91
1779328500000,4.823,4.835,4.819,4.835,6892.62
1779328800000,4.834,4.838,4.825,4.837,2805.85
1779329100000,4.838,4.849,4.836,4.837,3151.19
1779329400000,4.838,4.852,4.838,4.847,2022.07
1779329700000,4.848,4.876,4.848,4.863,12045.4
1779330000000,4.864,4.877,4.856,4.857,3962.38
1779330300000,4.858,4.87,4.858,4.864,1476.05
1779330600000,4.864,4.88,4.856,4.878,10967.17
1779330900000,4.879,4.884,4.872,4.88,3299.74
1779331200000,4.88,4.881,4.869,4.877,5153.6
1779331500000,4.876,4.877,4.856,4.856,5683.85
1779331800000,4.857,4.865,4.852,4.854,4308.94
1779332100000,4.855,4.875,4.855,4.869,2982.46
1779332400000,4.869,4.872,4.866,4.87,1348.26
1779332700000,4.87,4.878,4.865,4.873,5395.94
1779333000000,4.873,4.897,4.866,4.895,11815.88
1779333300000,4.895,4.918,4.895,4.917,10379.45
1779333600000,4.916,4.933,4.913,4.931,5867.3
1779333900000,4.932,4.934,4.909,4.914,12334.81
1779334200000,4.913,4.93,4.909,4.927,3837.28
1779334500000,4.928,4.929,4.906,4.916,3529.41
1779334800000,4.915,4.918,4.901,4.915,6471.18
1779335100000,4.915,4.92,4.897,4.901,2956.63
1779335400000,4.901,4.909,4.895,4.898,4072.2
1779335700000,4.898,4.928,4.898,4.922,2130.44
1779336000000,4.922,4.958,4.922,4.958,9787.16
1779336300000,4.958,4.983,4.956,4.957,13115.93
1779336600000,4.957,4.967,4.948,4.964,11885.36
1779336900000,4.965,4.987,4.961,4.975,20097.32
1779337200000,4.975,5.0,4.974,4.993,4758.79
1779337500000,4.992,5.01,4.983,5.008,8644.24
1779337800000,5.01,5.021,5.002,5.012,22954.79
1779338100000,5.011,5.013,4.981,5.007,12849.56
1779338400000,5.008,5.013,4.999,5.011,8150.08
1779338700000,5.01,5.01,4.99,5.008,8522.59
1779339000000,5.009,5.037,5.009,5.023,8203.15
1779339300000,5.023,5.035,5.016,5.025,9126.63
1779339600000,5.026,5.031,4.999,5.018,6549.6
1779339900000,5.017,5.025,5.002,5.002,3852.86
1779340200000,5.002,5.002,4.978,4.995,7718.71
1779340500000,4.994,5.005,4.98,5.004,3381.79
1779340800000,5.005,5.019,4.987,5.006,3547.45
1779341100000,5.006,5.016,4.994,5.009,9055.31
1779341400000,5.009,5.014,4.999,5.009,3732.83
1779341700000,5.008,5.008,4.969,4.97,6155.64
1779342000000,4.97,4.973,4.953,4.955,5776.81
1779342300000,4.955,4.955,4.912,4.934,14707.75
1779342600000,4.933,4.949,4.928,4.948,1916.32
1779342900000,4.947,4.96,4.938,4.958,1606.42
1779343200000,4.959,4.982,4.955,4.974,3383.26
1779343500000,4.974,4.991,4.97,4.975,2900.62
1779343800000,4.974,4.977,4.968,4.973,1068.57
1779344100000,4.972,4.974,4.928,4.936,2584.05
1779344400000,4.937,4.98,4.937,4.973,10960.12
1779344700000,4.974,4.985,4.952,4.952,4445.1
1779345000000,4.952,4.961,4.935,4.938,2669.65
1779345300000,4.937,4.938,4.928,4.932,1513.27
1779345600000,4.931,4.943,4.92,4.939,7370.08
1779345900000,4.939,4.943,4.929,4.941,1120.96
1779346200000,4.94,4.948,4.934,4.935,3244.15
1779346500000,4.934,4.949,4.931,4.945,1245.42
1779346800000,4.945,4.949,4.924,4.929,5519.55
1779347100000,4.93,4.943,4.923,4.923,1976.52
1779347400000,4.923,4.93,4.908,4.92,8506.61
1779347700000,4.919,4.934,4.915,4.928,1999.99
1779348000000,4.929,4.949,4.927,4.935,4081.9
1779348300000,4.934,4.945,4.931,4.933,1406.32
1779348600000,4.932,4.933,4.923,4.928,4263.37
1779348900000,4.927,4.939,4.925,4.933,2115.6
1779349200000,4.934,4.945,4.934,4.935,4864.04
1779349500000,4.935,4.943,4.929,4.932,1412.73
1779349800000,4.933,4.94,4.927,4.939,3505.11
1779350100000,4.938,4.943,4.921,4.923,1328.82
1779350400000,4.923,4.957,4.923,4.957,2037.36
1779350700000,4.958,4.982,4.949,4.959,4743.19
1779351000000,4.96,4.987,4.956,4.983,3865.5
1779351300000,4.983,4.992,4.963,4.963,2733.73
1779351600000,4.963,5.001,4.957,4.996,7279.69
1779351900000,4.998,5.006,4.981,4.996,5049.23
1779352200000,4.995,5.002,4.975,4.984,5205.97
1779352500000,4.985,4.991,4.976,4.989,2860.66
1779352800000,4.989,4.996,4.986,4.991,1293.0
1779353100000,4.992,4.997,4.98,4.981,4093.58
1779353400000,4.982,4.987,4.972,4.973,1046.06
1779353700000,4.972,4.991,4.961,4.988,9595.5
1779354000000,4.987,4.988,4.963,4.968,1912.13
1779354300000,4.97,4.988,4.966,4.986,8087.5
1779354600000,4.987,5.012,4.987,5.007,5784.06
1779354900000,5.008,5.021,4.995,4.998,4128.66
1779355200000,4.997,5.0,4.992,4.992,1494.36
1779355500000,4.991,4.991,4.964,4.964,2636.93
1779355800000,4.963,4.967,4.927,4.93,5918.84
1779356100000,4.93,4.944,4.929,4.929,3363.53
1779356400000,4.93,4.945,4.929,4.937,3271.92
1779356700000,4.937,4.942,4.929,4.934,1853.14
1779357000000,4.935,4.936,4.914,4.919,6401.66
1779357300000,4.918,4.944,4.912,4.938,10495.58
1779357600000,4.939,4.941,4.923,4.93,7678.1
1779357900000,4.929,4.932,4.922,4.926,2655.57
1779358200000,4.926,4.932,4.912,4.919,3441.46
1779358500000,4.918,4.923,4.877,4.878,12115.2
1779358800000,4.879,4.896,4.874,4.88,8290.1
1779359100000,4.881,4.883,4.834,4.852,25197.59
1779359400000,4.853,4.883,4.841,4.878,8198.02
1779359700000,4.878,4.885,4.852,4.855,6400.53
1779360000000,4.855,4.872,4.855,4.865,5831.39
1779360300000,4.864,4.869,4.856,4.86,1553.91
1779360600000,4.861,4.877,4.861,4.877,4863.23
1779360900000,4.877,4.88,4.864,4.871,6428.51
1779361200000,4.872,4.885,4.859,4.878,6224.36
1779361500000,4.879,4.898,4.87,4.891,2575.81
1779361800000,4.891,4.896,4.887,4.892,1340.92
1779362100000,4.893,4.901,4.889,4.899,1687.74
1779362400000,4.899,4.915,4.895,4.898,5258.47
1779362700000,4.899,4.911,4.897,4.907,2395.03
1779363000000,4.907,4.931,4.906,4.913,5345.73
1779363300000,4.914,4.923,4.911,4.92,2829.97
1779363600000,4.919,4.935,4.918,4.926,8578.75
1779363900000,4.927,4.956,4.927,4.953,6220.28
1779364200000,4.953,4.971,4.949,4.968,4038.47
1779364500000,4.968,4.972,4.952,4.963,10706.08
1779364800000,4.964,4.99,4.958,4.981,6192.06
1779365100000,4.982,4.985,4.95,4.97,5185.97
1779365400000,4.968,4.969,4.942,4.951,4328.76
1779365700000,4.951,4.961,4.936,4.952,2345.65
1779366000000,4.953,4.953,4.921,4.943,6781.66
1779366300000,4.945,4.96,4.926,4.926,10793.73
1779366600000,4.927,4.948,4.909,4.948,21378.36
1779366900000,4.947,4.989,4.934,4.976,14034.63
1779367200000,4.976,4.988,4.955,4.956,11054.81
1779367500000,4.955,4.975,4.948,4.975,5381.45
1779367800000,4.974,4.996,4.972,4.994,3882.17
1779368100000,4.993,5.0,4.976,4.978,3158.81
1779368400000,4.977,5.003,4.972,4.997,8364.37
1779368700000,4.998,5.001,4.971,4.98,5751.78
1779369000000,4.981,4.986,4.975,4.98,2510.75
1779369300000,4.98,4.998,4.972,4.996,4821.33
1779369600000,4.995,5.005,4.987,5.005,5208.12
1779369900000,5.005,5.053,5.005,5.053,18125.38
1779370200000,5.054,5.062,5.023,5.045,20703.51
1779370500000,5.044,5.046,4.994,5.008,9954.49
1779370800000,5.007,5.017,4.975,4.982,9317.92
1779371100000,4.983,4.995,4.966,4.979,5689.51
1779371400000,4.979,5.034,4.976,5.025,11079.59
1779371700000,5.025,5.041,4.989,5.001,10246.47
1779372000000,5.0,5.016,4.983,5.003,13602.25
1779372300000,5.002,5.012,4.968,4.977,15833.85
1779372600000,4.977,4.978,4.956,4.969,5858.99
1779372900000,4.968,4.968,4.938,4.939,3111.55
1779373200000,4.939,4.971,4.914,4.966,20894.73
1779373500000,4.966,4.988,4.961,4.988,4958.62
1779373800000,4.988,5.012,4.987,5.003,8062.64
1779374100000,5.004,5.01,4.991,5.004,8615.63
1779374400000,5.004,5.009,4.971,4.976,8344.69
1779374700000,4.976,5.0,4.972,4.992,5334.68
1779375000000,4.992,5.017,4.982,5.011,10114.95
1779375300000,5.012,5.016,4.989,5.007,3032.21
1779375600000,5.008,5.051,5.004,5.051,12951.56
1779375900000,5.051,5.051,5.027,5.038,9659.29
1779376200000,5.038,5.071,5.03,5.044,11557.72
1779376500000,5.045,5.113,5.042,5.102,23667.15
1779376800000,5.101,5.108,5.073,5.074,12296.73
1779377100000,5.074,5.074,5.038,5.039,11989.27
1779377400000,5.038,5.038,4.98,4.991,17273.86
1779377700000,4.992,4.998,4.978,4.998,8381.01
1779378000000,4.997,5.007,4.982,4.985,4099.94
1779378300000,4.984,5.007,4.983,4.985,5056.88
1779378600000,4.986,4.992,4.971,4.971,6264.19
1779378900000,4.972,4.988,4.967,4.984,9976.66
1779379200000,4.984,5.004,4.983,4.986,12896.56
1779379500000,4.986,4.989,4.973,4.982,8611.88
1779379800000,4.982,4.987,4.95,4.968,11845.29
1779380100000,4.968,4.98,4.954,4.964,8629.8
1779380400000,4.965,4.978,4.963,4.977,5544.49
1779380700000,4.978,4.997,4.977,4.988,8786.09
1779381000000,4.987,5.014,4.984,5.005,10176.57
1779381300000,5.003,5.008,4.992,4.999,10610.43
1779381600000,5.0,5.018,4.997,5.005,13332.71
1779381900000,5.007,5.011,4.983,4.994,9972.62
1779382200000,4.993,5.001,4.979,5.0,4705.6
1779382500000,5.001,5.021,4.999,5.001,9227.05
1779382800000,5.0,5.01,4.969,4.974,5706.03
1779383100000,4.975,4.994,4.969,4.978,5106.72
1779383400000,4.979,5.021,4.979,5.003,9660.82
1779383700000,5.003,5.038,4.999,5.015,9855.68
1779384000000,5.016,5.089,5.016,5.076,46830.53
1779384300000,5.077,5.133,5.077,5.11,30272.84
1779384600000,5.11,5.134,5.103,5.134,15803.15
1779384900000,5.135,5.232,5.135,5.207,58891.12
1779385200000,5.208,5.229,5.208,5.221,13948.23
1779385500000,5.222,5.265,5.216,5.263,46146.67
1779385800000,5.264,5.295,5.233,5.24,31836.12
1779386100000,5.241,5.286,5.241,5.243,32245.31
1779386400000,5.242,5.271,5.223,5.249,43701.79
1779386700000,5.248,5.32,5.233,5.299,43045.48
1779387000000,5.298,5.322,5.288,5.306,23466.03
1779387300000,5.307,5.345,5.275,5.339,15537.82
1779387600000,5.34,5.345,5.297,5.314,23988.56
1779387900000,5.314,5.329,5.233,5.243,30512.77
1779388200000,5.244,5.255,5.205,5.217,16220.72
1779388500000,5.218,5.232,5.168,5.184,18189.8
1779388800000,5.185,5.211,5.185,5.211,7840.57
1779389100000,5.212,5.215,5.152,5.157,25604.2
1779389400000,5.157,5.173,5.133,5.138,19640.78
1779389700000,5.139,5.189,5.134,5.186,12957.93
1779390000000,5.187,5.206,5.178,5.184,9264.24
1779390300000,5.184,5.207,5.166,5.197,7072.0
1779390600000,5.196,5.213,5.19,5.211,8979.13
1779390900000,5.212,5.215,5.185,5.203,21377.52
1779391200000,5.204,5.205,5.154,5.154,22618.12
1779391500000,5.154,5.167,5.15,5.164,8852.42
1779391800000,5.165,5.188,5.161,5.188,5211.73
1779392100000,5.189,5.206,5.186,5.186,3140.9
1779392400000,5.187,5.195,5.179,5.188,3663.4
1779392700000,5.186,5.222,5.181,5.213,4226.19
1779393000000,5.214,5.245,5.203,5.235,8608.63
1779393300000,5.235,5.28,5.23,5.245,30837.49
1779393600000,5.246,5.268,5.244,5.251,6442.86
1779393900000,5.25,5.273,5.228,5.273,13118.88
1779394200000,5.273,5.278,5.257,5.273,6388.14
1779394500000,5.272,5.275,5.245,5.261,4933.5
1779394800000,5.261,5.262,5.23,5.236,12914.35
1779395100000,5.236,5.245,5.183,5.189,31171.81
1779395400000,5.189,5.189,5.173,5.182,2949.33
1779395700000,5.182,5.2,5.176,5.182,4395.4
1779396000000,5.181,5.199,5.177,5.192,5349.37
1779396300000,5.191,5.2,5.183,5.188,3805.26
1779396600000,5.187,5.189,5.164,5.182,2999.16
1779396900000,5.182,5.187,5.172,5.18,5100.62
1779397200000,5.182,5.203,5.179,5.201,21024.4
1779397500000,5.202,5.227,5.2,5.218,6400.66
1779397800000,5.218,5.218,5.183,5.208,8535.98
1779398100000,5.209,5.222,5.192,5.196,6429.55
1779398400000,5.195,5.241,5.19,5.231,4444.0
1779398700000,5.229,5.242,5.219,5.242,1885.84
1779399000000,5.243,5.271,5.238,5.245,7816.21
1779399300000,5.247,5.256,5.23,5.231,5851.38
1779399600000,5.229,5.254,5.226,5.241,3685.12
1779399900000,5.242,5.242,5.193,5.193,7768.52
1779400200000,5.195,5.219,5.195,5.206,3357.57
1779400500000,5.206,5.214,5.199,5.211,981.99
1779400800000,5.21,5.245,5.195,5.234,17646.87
1779401100000,5.234,5.246,5.222,5.246,3393.55
1779401400000,5.246,5.246,5.202,5.218,23668.18
1779401700000,5.218,5.231,5.21,5.217,2529.94
1779402000000,5.217,5.261,5.208,5.259,12229.34
1779402300000,5.26,5.323,5.254,5.304,34903.39
1779402600000,5.304,5.327,5.297,5.307,21502.48
1779402900000,5.308,5.309,5.277,5.279,9545.5
1779403200000,5.279,5.325,5.279,5.322,9181.31
1779403500000,5.322,5.336,5.288,5.297,14274.5
1779403800000,5.297,5.31,5.282,5.291,10980.77
1779404100000,5.291,5.3,5.284,5.287,3288.62
1779404400000,5.286,5.305,5.274,5.305,8115.0
1779404700000,5.306,5.322,5.297,5.319,8071.03
1779405000000,5.318,5.32,5.239,5.243,22520.01
1779405300000,5.243,5.269,5.234,5.259,2975.88
1779405600000,5.26,5.271,5.24,5.257,7405.97
1779405900000,5.257,5.271,5.251,5.251,4448.2
1779406200000,5.25,5.281,5.248,5.275,8628.91
1779406500000,5.275,5.29,5.264,5.289,10535.27
1779406800000,5.289,5.297,5.243,5.251,9058.71
1779407100000,5.251,5.269,5.243,5.268,4536.06
1779407400000,5.267,5.278,5.256,5.267,7590.93
1779407700000,5.267,5.267,5.246,5.252,2558.97
1779408000000,5.252,5.266,5.242,5.248,6230.07
1779408300000,5.249,5.263,5.221,5.224,6478.68
1779408600000,5.222,5.222,5.207,5.218,4867.31
1779408900000,5.218,5.224,5.179,5.179,14738.55
1779409200000,5.179,5.195,5.176,5.194,5319.8
1779409500000,5.193,5.193,5.177,5.182,2039.86
1779409800000,5.183,5.191,5.168,5.172,8338.63
1779410100000,5.171,5.184,5.149,5.155,7407.21
1779410400000,5.156,5.159,5.133,5.136,6616.75
1779410700000,5.137,5.142,5.121,5.125,4969.12
1779411000000,5.127,5.136,5.081,5.112,74036.59
1779411300000,5.112,5.138,5.11,5.112,14815.71
1779411600000,5.112,5.124,5.108,5.116,6790.86
1779411900000,5.115,5.155,5.115,5.148,13473.15
1779412200000,5.147,5.15,5.127,5.13,5234.98
1779412500000,5.13,5.134,5.117,5.132,8710.25
1779412800000,5.131,5.135,5.1,5.109,7994.32
1779413100000,5.109,5.138,5.107,5.132,5926.14
1779413400000,5.133,5.171,5.129,5.152,21508.71
1779413700000,5.154,5.164,5.145,5.153,4508.95
1779414000000,5.154,5.158,5.118,5.118,8743.68
1779414300000,5.118,5.141,5.118,5.123,6896.8
1779414600000,5.123,5.125,5.106,5.109,7558.44
1779414900000,5.11,5.115,5.092,5.11,3198.18
1779415200000,5.111,5.139,5.111,5.124,8767.57
1779415500000,5.123,5.138,5.119,5.129,2462.85
1779415800000,5.128,5.131,5.114,5.127,5148.97
1779416100000,5.127,5.14,5.126,5.135,2692.73
1779416400000,5.134,5.15,5.124,5.125,6824.16
1779416700000,5.124,5.126,5.111,5.113,4856.31
1779417000000,5.113,5.124,5.097,5.1,18857.01
1779417300000,5.101,5.111,5.092,5.106,4537.66
1779417600000,5.107,5.13,5.107,5.108,3506.9
1779417900000,5.108,5.138,5.108,5.126,9890.19
1779418200000,5.127,5.143,5.126,5.13,2759.71
1779418500000,5.13,5.144,5.13,5.133,5005.52
1779418800000,5.133,5.168,5.133,5.165,6762.48
1779419100000,5.165,5.177,5.154,5.155,5388.25
1779419400000,5.155,5.171,5.145,5.147,6911.51
1779419700000,5.146,5.147,5.11,5.128,13429.15
1779420000000,5.128,5.144,5.124,5.131,15247.0
1779420300000,5.13,5.146,5.127,5.146,2015.46
1779420600000,5.147,5.176,5.142,5.176,8362.49
1779420900000,5.176,5.178,5.149,5.151,8223.5
1779421200000,5.15,5.15,5.127,5.136,5207.97
1779421500000,5.135,5.14,5.127,5.128,1261.37
1779421800000,5.128,5.155,5.128,5.148,4599.42
1779422100000,5.149,5.158,5.14,5.154,2263.68
1779422400000,5.155,5.175,5.144,5.146,9478.98
1779422700000,5.145,5.155,5.141,5.153,4696.46
1779423000000,5.153,5.156,5.131,5.131,2981.77
1779423300000,5.131,5.137,5.115,5.116,4871.78
1779423600000,5.116,5.129,5.107,5.126,3547.08
1779423900000,5.125,5.132,5.115,5.12,4994.8
1779424200000,5.121,5.137,5.119,5.137,1589.39
1779424500000,5.137,5.138,5.116,5.126,3423.97
1779424800000,5.125,5.132,5.114,5.129,2577.27
1779425100000,5.132,5.134,5.114,5.122,6117.51
1779425400000,5.121,5.129,5.109,5.11,5211.08
1779425700000,5.109,5.116,5.093,5.101,8694.5
1779426000000,5.1,5.103,5.076,5.096,8718.85
1779426300000,5.097,5.113,5.093,5.105,5393.7
1779426600000,5.105,5.115,5.098,5.11,1532.4
1779426900000,5.111,5.117,5.101,5.102,2362.67
1779427200000,5.102,5.109,5.085,5.088,4453.17
1779427500000,5.086,5.095,5.079,5.091,4140.58
1779427800000,5.09,5.097,5.083,5.083,2616.39
1779428100000,5.084,5.092,5.071,5.083,4767.77
1779428400000,5.082,5.097,5.077,5.093,15529.47
1779428700000,5.093,5.099,5.087,5.099,1156.47
1779429000000,5.098,5.112,5.097,5.103,2570.73
1779429300000,5.102,5.107,5.085,5.101,4359.14
1779429600000,5.102,5.111,5.098,5.108,2686.96
1779429900000,5.108,5.113,5.097,5.112,2471.66
1779430200000,5.111,5.113,5.078,5.078,9121.53
1779430500000,5.078,5.098,5.076,5.098,3449.75
1779430800000,5.097,5.1,5.076,5.076,3011.48
1779431100000,5.076,5.086,5.073,5.083,4864.6
1779431400000,5.082,5.088,5.074,5.076,5200.06
1779431700000,5.075,5.099,5.056,5.096,19777.56
1779432000000,5.095,5.107,5.092,5.104,6371.56
1779432300000,5.103,5.123,5.097,5.119,9374.17
1779432600000,5.119,5.129,5.104,5.109,6235.23
1779432900000,5.109,5.118,5.102,5.117,5659.21
1779433200000,5.117,5.117,5.089,5.104,6943.9
1779433500000,5.104,5.104,5.088,5.096,4472.15
1779433800000,5.096,5.105,5.092,5.092,2378.33
1779434100000,5.091,5.139,5.091,5.139,4418.42
1779434400000,5.139,5.156,5.135,5.146,8824.62
1779434700000,5.145,5.157,5.144,5.147,5454.48
1779435000000,5.148,5.162,5.136,5.143,4087.4
1779435300000,5.144,5.16,5.136,5.159,2667.51
1779435600000,5.16,5.173,5.159,5.164,6488.0
1779435900000,5.164,5.176,5.152,5.174,3556.29
1779436200000,5.174,5.201,5.172,5.172,20372.24
1779436500000,5.171,5.171,5.154,5.157,5376.61
1779436800000,5.156,5.208,5.155,5.186,14914.1
1779437100000,5.185,5.19,5.174,5.185,4106.32
1779437400000,5.184,5.206,5.178,5.206,4337.98
1779437700000,5.207,5.232,5.207,5.227,10260.29
1779438000000,5.228,5.238,5.216,5.23,5267.18
1779438300000,5.23,5.233,5.19,5.215,10146.39
1779438600000,5.216,5.229,5.192,5.196,7408.88
1779438900000,5.195,5.215,5.175,5.205,6789.23
1779439200000,5.204,5.226,5.197,5.223,3764.57
1779439500000,5.224,5.235,5.217,5.229,12340.63
1779439800000,5.23,5.243,5.22,5.242,6400.94
1779440100000,5.243,5.251,5.23,5.251,4106.29
1779440400000,5.25,5.265,5.235,5.264,13395.6
1779440700000,5.263,5.274,5.253,5.266,8554.92
1779441000000,5.267,5.305,5.262,5.299,32213.65
1779441300000,5.297,5.318,5.284,5.312,14650.06
1779441600000,5.312,5.33,5.302,5.324,13292.15
1779441900000,5.323,5.345,5.309,5.313,16788.08
1779442200000,5.314,5.341,5.314,5.331,12156.36
1779442500000,5.331,5.346,5.309,5.345,11370.56
1779442800000,5.346,5.349,5.305,5.319,31201.55
1779443100000,5.319,5.319,5.268,5.294,16235.1
1779443400000,5.294,5.305,5.282,5.288,10593.08
1779443700000,5.287,5.303,5.28,5.292,8018.59
1779444000000,5.292,5.292,5.244,5.251,10929.35
1779444300000,5.251,5.265,5.242,5.242,6501.39
1779444600000,5.243,5.258,5.237,5.257,4249.68
1779444900000,5.256,5.263,5.239,5.263,5216.05
1779445200000,5.262,5.312,5.251,5.311,16422.57
1779445500000,5.31,5.32,5.3,5.315,20490.27
1779445800000,5.315,5.353,5.308,5.341,13679.86
1779446100000,5.341,5.369,5.332,5.361,14864.95
1779446400000,5.361,5.398,5.354,5.388,26110.07
1779446700000,5.387,5.39,5.355,5.369,26353.55
1779447000000,5.368,5.405,5.36,5.395,14805.93
1779447300000,5.394,5.395,5.355,5.359,12385.99
1779447600000,5.36,5.362,5.331,5.345,16229.04
1779447900000,5.345,5.378,5.333,5.376,11777.71
1779448200000,5.377,5.396,5.328,5.356,22571.43
1779448500000,5.355,5.357,5.301,5.312,14838.25
1779753600000,5.673,5.683,5.651,5.677,5190.19
1779753900000,5.676,5.708,5.676,5.705,6654.84
1779754200000,5.706,5.732,5.697,5.727,6479.37
1779754500000,5.727,5.737,5.686,5.695,10056.89
1779754800000,5.696,5.704,5.665,5.681,4929.9
1779755100000,5.68,5.706,5.678,5.696,5729.69
1779755400000,5.695,5.71,5.689,5.698,2484.05
1779755700000,5.698,5.699,5.65,5.677,14467.14
1779756000000,5.678,5.679,5.648,5.649,5941.13
1779756300000,5.648,5.663,5.629,5.641,6694.84
1779756600000,5.641,5.642,5.59,5.609,28142.83
1779756900000,5.61,5.681,5.609,5.676,11186.85
1779757200000,5.675,5.675,5.63,5.642,5492.19
1779757500000,5.641,5.691,5.638,5.68,5974.9
1779757800000,5.679,5.744,5.674,5.72,18469.47
1779758100000,5.721,5.758,5.71,5.725,13314.24
1779758400000,5.725,5.731,5.699,5.701,5380.35
1779758700000,5.7,5.769,5.695,5.75,18544.53
1779759000000,5.749,5.752,5.677,5.694,24557.68
1779759300000,5.693,5.719,5.674,5.681,10254.85
1779759600000,5.68,5.68,5.654,5.663,7893.64
1779759900000,5.664,5.692,5.657,5.687,7291.56
1779760200000,5.686,5.686,5.607,5.63,14840.24
1779760500000,5.629,5.634,5.613,5.615,4856.59
1779760800000,5.616,5.626,5.557,5.561,22045.32
1779761100000,5.562,5.59,5.56,5.581,24252.36
1779761400000,5.581,5.588,5.57,5.574,9229.74
1779761700000,5.574,5.6,5.547,5.6,17700.1
1779762000000,5.601,5.668,5.6,5.651,11341.52
1779762300000,5.65,5.655,5.62,5.62,21170.79
1779762600000,5.62,5.635,5.606,5.633,3884.52
1779762900000,5.636,5.642,5.589,5.605,6862.2
1779763200000,5.605,5.642,5.605,5.613,9514.83
1779763500000,5.612,5.649,5.611,5.634,4678.27
1779763800000,5.633,5.642,5.604,5.607,16692.96
1779764100000,5.608,5.626,5.588,5.622,4921.3
1779764400000,5.623,5.628,5.587,5.587,6913.74
1779764700000,5.586,5.606,5.578,5.586,6192.14
1779765000000,5.587,5.605,5.574,5.576,9718.41
1779765300000,5.577,5.6,5.569,5.572,1817.41
1779765600000,5.572,5.584,5.561,5.563,4466.93
1779765900000,5.562,5.569,5.527,5.551,12529.97
1779766200000,5.552,5.584,5.546,5.559,14917.4
1779766500000,5.559,5.566,5.534,5.542,6816.19
1779766800000,5.543,5.57,5.518,5.558,32095.45
1779767100000,5.558,5.561,5.544,5.544,5876.53
1779767400000,5.543,5.545,5.524,5.536,4532.94
1779767700000,5.537,5.551,5.532,5.545,1617.55
1779768000000,5.546,5.574,5.546,5.556,6459.32
1779768300000,5.557,5.588,5.557,5.579,4137.98
1779768600000,5.578,5.59,5.567,5.588,7111.96
1779768900000,5.59,5.619,5.58,5.588,10671.61
1779769200000,5.588,5.677,5.587,5.665,28961.4
1779769500000,5.665,5.73,5.654,5.724,18129.19
1779769800000,5.725,5.738,5.701,5.709,12496.38
1779770100000,5.709,5.74,5.705,5.71,14212.51
1779770400000,5.711,5.718,5.696,5.705,4851.2
1779770700000,5.704,5.711,5.66,5.677,11091.18
1779771000000,5.676,5.676,5.643,5.648,6537.11
1779771300000,5.647,5.662,5.634,5.637,12163.81
1779771600000,5.637,5.637,5.599,5.616,14545.03
1779771900000,5.615,5.615,5.587,5.588,6134.37
1779772200000,5.588,5.602,5.575,5.585,13463.62
1779772500000,5.586,5.609,5.586,5.608,1832.49
1779772800000,5.608,5.646,5.603,5.643,5168.7
1779773100000,5.642,5.642,5.615,5.622,4945.03
1779773400000,5.621,5.628,5.597,5.61,4452.46
1779773700000,5.609,5.624,5.601,5.623,6668.87
1779774000000,5.624,5.659,5.624,5.645,9683.99
1779774300000,5.644,5.644,5.607,5.618,6295.55
1779774600000,5.618,5.637,5.598,5.626,5517.0
1779774900000,5.628,5.651,5.623,5.649,7860.28
1779775200000,5.648,5.65,5.601,5.616,12591.35
1779775500000,5.616,5.626,5.605,5.625,9056.98
1779775800000,5.625,5.625,5.583,5.603,11604.36
1779776100000,5.602,5.64,5.601,5.619,8730.43
1779776400000,5.62,5.621,5.566,5.58,6573.45
1779776700000,5.579,5.589,5.563,5.581,14456.78
1779777000000,5.582,5.62,5.581,5.613,6523.03
1779777300000,5.614,5.629,5.602,5.61,4738.13
1779777600000,5.611,5.618,5.605,5.606,3803.69
1779777900000,5.605,5.613,5.577,5.598,16987.33
1779778200000,5.598,5.613,5.589,5.6,5240.46
1779778500000,5.601,5.601,5.569,5.575,6857.8
1779778800000,5.575,5.581,5.532,5.539,20830.7
1779779100000,5.54,5.548,5.491,5.492,80861.24
1779779400000,5.493,5.503,5.468,5.474,22210.91
1779779700000,5.474,5.489,5.462,5.489,11451.66
1779780000000,5.488,5.488,5.462,5.483,4958.71
1779780300000,5.483,5.503,5.474,5.499,14178.98
1779780600000,5.5,5.52,5.493,5.506,8030.89
1779780900000,5.505,5.515,5.477,5.486,14038.9
1779781200000,5.486,5.503,5.474,5.475,7321.22
1779781500000,5.477,5.529,5.467,5.529,13331.8
1779781800000,5.53,5.53,5.509,5.513,7471.05
1779782100000,5.512,5.512,5.49,5.503,4970.51
1779782400000,5.504,5.505,5.488,5.488,8048.25
1779782700000,5.487,5.511,5.475,5.511,6119.16
1779783000000,5.51,5.538,5.502,5.528,10185.71
1779783300000,5.527,5.527,5.494,5.51,14939.18
1779783600000,5.51,5.511,5.483,5.489,5191.68
1779783900000,5.489,5.505,5.483,5.497,3220.26
1779784200000,5.495,5.498,5.482,5.489,3165.06
1779784500000,5.488,5.527,5.484,5.527,6539.97
1779784800000,5.528,5.529,5.505,5.512,7160.81
1779785100000,5.511,5.513,5.476,5.48,3385.63
1779785400000,5.481,5.495,5.473,5.486,7724.87
1779785700000,5.486,5.492,5.474,5.477,3002.16
1779786000000,5.478,5.487,5.458,5.487,4238.5
1779786300000,5.487,5.502,5.48,5.501,10622.85
1779786600000,5.5,5.524,5.495,5.516,4654.14
1779786900000,5.517,5.561,5.506,5.559,14055.05
1779787200000,5.559,5.577,5.532,5.547,8620.29
1779787500000,5.547,5.582,5.546,5.576,10566.56
1779787800000,5.576,5.594,5.558,5.573,11791.87
1779788100000,5.573,5.611,5.572,5.597,16565.06
1779788400000,5.597,5.598,5.572,5.588,5907.87
1779788700000,5.589,5.601,5.547,5.548,9358.12
1779789000000,5.546,5.558,5.536,5.541,2476.41
1779789300000,5.542,5.543,5.517,5.529,8784.76
1779789600000,5.528,5.528,5.496,5.497,4637.82
1779789900000,5.497,5.507,5.487,5.507,3580.76
1779790200000,5.508,5.578,5.508,5.573,12310.43
1779790500000,5.573,5.614,5.561,5.607,5614.15
1779790800000,5.608,5.613,5.557,5.567,9298.47
1779791100000,5.566,5.625,5.561,5.604,10098.47
1779791400000,5.605,5.671,5.6,5.639,19241.96
1779791700000,5.64,5.647,5.622,5.645,9607.43
1779792000000,5.644,5.654,5.617,5.63,9338.88
1779792300000,5.629,5.65,5.608,5.65,7000.97
1779792600000,5.65,5.691,5.65,5.656,9882.33
1779792900000,5.656,5.671,5.655,5.668,6572.98
1779793200000,5.668,5.719,5.663,5.699,27979.79
1779793500000,5.698,5.7,5.676,5.686,12747.82
1779793800000,5.685,5.764,5.685,5.726,18445.22
1779794100000,5.726,5.767,5.72,5.764,11021.77
1779794400000,5.763,5.772,5.73,5.76,5759.79
1779794700000,5.76,5.792,5.752,5.776,15691.73
1779795000000,5.776,5.837,5.773,5.807,29492.68
1779795300000,5.808,5.81,5.742,5.755,17573.81
1779795600000,5.754,5.797,5.744,5.791,9825.99
1779795900000,5.79,5.822,5.781,5.787,18787.27
1779796200000,5.786,5.788,5.765,5.784,10189.89
1779796500000,5.783,5.862,5.78,5.832,26280.45
1779796800000,5.833,5.849,5.802,5.825,15281.06
1779797100000,5.823,5.833,5.768,5.779,21643.16
1779797400000,5.778,5.857,5.776,5.848,27037.13
1779797700000,5.847,5.912,5.83,5.904,32215.86
1779798000000,5.905,5.907,5.832,5.85,32092.36
1779798300000,5.851,5.872,5.797,5.868,16523.85
1779798600000,5.871,5.889,5.841,5.886,14593.36
1779798900000,5.885,5.893,5.823,5.826,21418.88
1779799200000,5.827,5.844,5.801,5.835,11451.38
1779799500000,5.835,5.884,5.83,5.844,18982.81
1779799800000,5.845,5.898,5.811,5.895,19365.1
1779800100000,5.897,5.909,5.865,5.875,16454.98
1779800400000,5.874,5.916,5.865,5.887,24818.64
1779800700000,5.888,5.907,5.828,5.831,20939.3
1779801000000,5.83,5.859,5.818,5.842,9778.0
1779801300000,5.842,5.904,5.842,5.876,13260.83
1779801600000,5.876,5.898,5.849,5.89,12144.25
1779801900000,5.891,5.918,5.875,5.898,27961.76
1779802200000,5.898,5.929,5.875,5.894,23618.7
1779802500000,5.893,5.997,5.877,5.964,52026.87
1779802800000,5.964,5.982,5.929,5.958,26179.94
1779803100000,5.958,6.036,5.958,6.011,42527.55
1779803400000,6.011,6.029,5.97,6.005,51218.82
1779803700000,6.006,6.047,5.994,6.007,29768.1
1779804000000,6.008,6.041,6.003,6.013,13365.3
1779804300000,6.014,6.045,5.985,6.039,17174.43
1779804600000,6.04,6.064,6.025,6.038,14289.29
1779804900000,6.037,6.101,6.016,6.088,26572.87
1779805200000,6.087,6.104,6.017,6.024,20351.99
1779805500000,6.027,6.059,6.012,6.045,30024.89
1779805800000,6.046,6.056,5.952,6.004,35494.06
1779806100000,6.004,6.028,5.991,6.002,15145.44
1779806400000,6.001,6.039,5.963,6.024,23859.16
1779806700000,6.025,6.042,5.98,6.032,48249.36
1779807000000,6.032,6.106,6.027,6.055,78684.66
1779807300000,6.056,6.064,6.002,6.002,14799.17
1779807600000,6.001,6.01,5.897,5.914,28158.33
1779807900000,5.914,5.944,5.871,5.926,19591.33
1779808200000,5.926,5.933,5.894,5.917,12284.02
1779808500000,5.918,5.931,5.875,5.895,12661.08
1779808800000,5.896,5.933,5.891,5.917,13836.3
1779809100000,5.917,5.923,5.886,5.91,6249.26
1779809400000,5.911,5.92,5.817,5.829,19072.67
1779809700000,5.829,5.865,5.819,5.849,12813.71
1779810000000,5.848,5.868,5.823,5.836,13333.52
1779810300000,5.837,5.848,5.799,5.818,23342.72
1779810600000,5.819,5.829,5.743,5.774,32150.4
1779810900000,5.775,5.81,5.769,5.802,7794.75
1779811200000,5.8,5.805,5.747,5.75,10963.22
1779811500000,5.748,5.77,5.721,5.747,35124.49
1779811800000,5.748,5.753,5.709,5.71,10449.87
1779812100000,5.709,5.764,5.707,5.746,10252.04
1779812400000,5.746,5.773,5.737,5.773,9432.6
1779812700000,5.772,5.775,5.739,5.754,5257.41
1779813000000,5.754,5.764,5.732,5.761,10865.71
1779813300000,5.76,5.786,5.751,5.751,9027.66
1779813600000,5.751,5.76,5.734,5.754,2123.58
1779813900000,5.755,5.783,5.744,5.75,5589.44
1779814200000,5.749,5.758,5.739,5.756,7956.12
1779814500000,5.756,5.778,5.756,5.777,4001.26
1779814800000,5.777,5.823,5.775,5.822,10262.98
1779815100000,5.821,5.824,5.791,5.821,4083.15
1779815400000,5.822,5.833,5.81,5.831,5975.19
1779815700000,5.83,5.831,5.781,5.804,6391.87
1779816000000,5.803,5.803,5.698,5.723,32668.31
1779816300000,5.724,5.734,5.696,5.715,13653.46
1779816600000,5.716,5.73,5.681,5.7,23259.75
1779816900000,5.699,5.735,5.692,5.722,8837.8
1779817200000,5.721,5.73,5.691,5.726,6614.16
1779817500000,5.727,5.759,5.713,5.748,14403.9
1779817800000,5.748,5.766,5.732,5.732,2041.83
1779818100000,5.731,5.753,5.719,5.724,4116.36
1779818400000,5.724,5.74,5.707,5.713,6096.0
1779818700000,5.712,5.72,5.703,5.716,3739.77
1779819000000,5.717,5.759,5.717,5.759,6292.1
1779819300000,5.759,5.792,5.749,5.765,14196.31
1779819600000,5.764,5.808,5.764,5.802,6585.01
1779819900000,5.802,5.802,5.743,5.765,6167.28
1779820200000,5.764,5.789,5.75,5.789,2741.13
1779820500000,5.79,5.794,5.753,5.777,4405.14
1779820800000,5.778,5.779,5.702,5.714,9448.95
1779821100000,5.715,5.737,5.709,5.711,3693.03
1779821400000,5.712,5.738,5.71,5.729,3323.64
1779821700000,5.73,5.737,5.678,5.69,29026.46
1779822000000,5.69,5.69,5.619,5.635,35216.02
1779822300000,5.638,5.659,5.629,5.649,7939.38
1779822600000,5.649,5.652,5.593,5.598,18391.6
1779822900000,5.599,5.623,5.575,5.619,33027.47
1779823200000,5.62,5.631,5.604,5.61,3427.69
1779823500000,5.612,5.638,5.612,5.632,4714.94
1779823800000,5.633,5.654,5.633,5.65,5974.48
1779824100000,5.648,5.67,5.645,5.669,4562.92
1779824400000,5.668,5.684,5.667,5.672,5644.51
1779824700000,5.671,5.701,5.67,5.691,5098.88
1779825000000,5.691,5.706,5.69,5.692,3927.87
1779825300000,5.691,5.701,5.684,5.694,2925.88
1779825600000,5.695,5.713,5.689,5.713,3960.87
1779825900000,5.713,5.726,5.703,5.719,7129.42
1779826200000,5.718,5.727,5.715,5.725,4485.7
1779826500000,5.724,5.729,5.68,5.688,5003.54
1779826800000,5.688,5.69,5.658,5.674,5279.47
1779827100000,5.673,5.721,5.673,5.709,8230.66
1779827400000,5.709,5.718,5.692,5.703,10892.51
1779827700000,5.704,5.724,5.67,5.711,11990.41
1779828000000,5.71,5.714,5.7,5.707,4826.32
1779828300000,5.707,5.743,5.704,5.729,9832.55
1779828600000,5.728,5.759,5.714,5.733,13930.36
1779828900000,5.734,5.75,5.726,5.726,3141.17
1779829200000,5.725,5.766,5.718,5.74,32729.73
1779829500000,5.741,5.761,5.737,5.74,10672.79
1779829800000,5.74,5.74,5.687,5.711,7037.86
1779830100000,5.711,5.718,5.7,5.713,3790.02
1779830400000,5.712,5.738,5.712,5.714,3025.55
1779830700000,5.712,5.725,5.712,5.713,1306.81
1779831000000,5.712,5.732,5.712,5.717,1173.69
1779831300000,5.72,5.725,5.713,5.714,1271.63
1779831600000,5.715,5.724,5.713,5.719,1343.01
1779831900000,5.719,5.723,5.706,5.706,1174.8
1779832200000,5.705,5.705,5.661,5.662,4571.09
1779832500000,5.664,5.667,5.65,5.667,4423.94
1779832800000,5.667,5.714,5.667,5.701,2647.95
1779833100000,5.702,5.724,5.682,5.685,15551.54
1779833400000,5.685,5.702,5.677,5.701,6007.0
1779833700000,5.701,5.711,5.691,5.709,3986.78
1779834000000,5.707,5.74,5.707,5.728,8137.96
1779834300000,5.728,5.766,5.728,5.765,8186.99
1779834600000,5.764,5.773,5.751,5.771,5433.43
1779834900000,5.771,5.783,5.759,5.768,10023.25
1779835200000,5.77,5.771,5.727,5.744,9997.16
1779835500000,5.742,5.744,5.709,5.716,7489.72
1779835800000,5.715,5.732,5.712,5.722,2542.59
1779836100000,5.721,5.721,5.696,5.717,4471.18
1779836400000,5.718,5.728,5.703,5.715,2526.12
1779836700000,5.714,5.728,5.707,5.723,7659.82
1779837000000,5.722,5.739,5.715,5.726,6717.21
1779837300000,5.725,5.741,5.715,5.741,2813.06
1779837600000,5.74,5.741,5.727,5.728,2553.62
1779837900000,5.727,5.745,5.717,5.743,4282.61
1779838200000,5.744,5.761,5.731,5.74,2603.18
1779838500000,5.74,5.761,5.727,5.752,3764.64
1779838800000,5.754,5.758,5.726,5.738,7190.81
1779839100000,5.739,5.745,5.702,5.705,12543.99
1779839400000,5.704,5.705,5.669,5.679,12760.09
1779839700000,5.68,5.686,5.664,5.678,7255.46
1779840000000,5.679,5.715,5.669,5.704,12577.17
1779840300000,5.703,5.703,5.683,5.7,4676.76
1779840600000,5.7,5.703,5.68,5.694,1691.36
1779840900000,5.693,5.693,5.675,5.69,3008.16
1779841200000,5.691,5.708,5.689,5.697,4917.73
1779841500000,5.696,5.714,5.672,5.712,11177.33
1779841800000,5.713,5.741,5.702,5.715,5517.28
1779842100000,5.716,5.729,5.697,5.697,3485.18
1779842400000,5.696,5.705,5.689,5.69,1954.59
1779842700000,5.689,5.712,5.689,5.696,2768.44
1779843000000,5.695,5.699,5.68,5.682,4541.31
1779843300000,5.683,5.716,5.677,5.708,9274.54
1779843600000,5.708,5.708,5.674,5.687,4166.49
1779843900000,5.686,5.698,5.68,5.698,5772.38
1779844200000,5.698,5.699,5.653,5.671,5912.48
1779844500000,5.669,5.685,5.661,5.673,5816.51
1779844800000,5.674,5.674,5.639,5.647,8090.04
1779845100000,5.646,5.647,5.629,5.631,6415.1
1779845400000,5.633,5.634,5.607,5.607,5302.8
1779845700000,5.608,5.608,5.593,5.607,4902.31
1779846000000,5.607,5.626,5.607,5.609,7705.88
1779846300000,5.61,5.642,5.607,5.626,4443.25
1779846600000,5.627,5.639,5.626,5.636,3944.33
1779846900000,5.635,5.637,5.613,5.629,4854.81
1779847200000,5.63,5.645,5.619,5.622,4595.25
1779847500000,5.62,5.626,5.601,5.611,15075.72
1779847800000,5.611,5.621,5.595,5.619,1799.65
1779848100000,5.62,5.622,5.572,5.58,4676.95
1779848400000,5.58,5.61,5.58,5.61,2271.14
1779848700000,5.61,5.616,5.596,5.596,1255.81
1779849000000,5.595,5.606,5.585,5.602,3214.22
1779849300000,5.601,5.608,5.593,5.606,4190.19
1779849600000,5.607,5.637,5.607,5.635,9819.01
1779849900000,5.636,5.677,5.636,5.653,19133.93
1779850200000,5.654,5.666,5.643,5.649,13595.36
1779850500000,5.649,5.663,5.646,5.66,6128.95
1779850800000,5.661,5.726,5.65,5.705,30611.68
1779851100000,5.706,5.715,5.696,5.708,4007.37
1779851400000,5.707,5.718,5.686,5.687,4847.32
1779851700000,5.687,5.69,5.669,5.681,4138.26
1779852000000,5.68,5.711,5.658,5.707,13829.98
1779852300000,5.708,5.733,5.708,5.733,5100.46
1779852600000,5.734,5.753,5.694,5.7,6607.53
1779852900000,5.699,5.699,5.638,5.639,14360.82
1779853200000,5.639,5.666,5.638,5.659,4991.94
1779853500000,5.66,5.666,5.641,5.641,3480.45
1779853800000,5.641,5.67,5.638,5.659,2711.87
1779854100000,5.658,5.676,5.648,5.674,2175.82
1779854400000,5.674,5.703,5.665,5.675,8242.11
1779854700000,5.675,5.675,5.657,5.671,1662.9
1779855000000,5.671,5.675,5.648,5.657,2206.13
1779855300000,5.658,5.665,5.629,5.658,5593.68
1779855600000,5.658,5.666,5.647,5.666,6663.76
1779855900000,5.666,5.687,5.665,5.672,10063.82
1779856200000,5.671,5.671,5.541,5.584,54556.81
1779856500000,5.585,5.589,5.57,5.589,3654.16
1779856800000,5.588,5.591,5.574,5.591,4001.46
1779857100000,5.591,5.606,5.575,5.597,7647.75
1779857400000,5.596,5.647,5.596,5.641,9336.51
1779857700000,5.64,5.652,5.629,5.646,8030.4
1779858000000,5.647,5.647,5.606,5.613,3373.49
1779858300000,5.612,5.615,5.6,5.603,1430.79
1779858600000,5.602,5.614,5.585,5.605,15703.47
1779858900000,5.606,5.646,5.606,5.641,4839.46
1779859200000,5.642,5.658,5.632,5.655,3387.53
1779859500000,5.656,5.679,5.652,5.677,1666.18
1779859800000,5.677,5.706,5.675,5.691,12906.56
1779860100000,5.69,5.701,5.68,5.681,7249.72
1779860400000,5.68,5.68,5.645,5.656,6110.97
1779860700000,5.656,5.703,5.652,5.702,32161.76
1779861000000,5.702,5.741,5.696,5.736,37230.16
1779861300000,5.737,5.756,5.722,5.735,30630.36
1779861600000,5.735,5.762,5.714,5.756,11265.38
1779861900000,5.755,5.761,5.702,5.73,90508.94
1779862200000,5.729,5.741,5.717,5.732,26208.33
1779862500000,5.732,5.735,5.714,5.731,5486.59
1779862800000,5.73,5.751,5.711,5.72,9715.03
1779863100000,5.721,5.746,5.711,5.746,5525.2
1779863400000,5.745,5.801,5.744,5.787,24382.94
1779863700000,5.787,5.818,5.785,5.807,8068.12
1779864000000,5.806,5.834,5.806,5.828,10724.67
1779864300000,5.828,5.852,5.817,5.834,10197.17
1779864600000,5.835,5.848,5.825,5.828,4443.52
1779864900000,5.83,5.848,5.826,5.834,6061.99
1779865200000,5.834,5.874,5.829,5.852,12189.23
1779865500000,5.852,5.86,5.816,5.83,14537.91
1779865800000,5.828,5.838,5.804,5.83,6498.66
1779866100000,5.83,5.855,5.814,5.855,8623.17
1779866400000,5.856,5.866,5.835,5.854,6807.69
1779866700000,5.852,5.873,5.844,5.873,4705.83
1779867000000,5.874,5.875,5.78,5.787,27656.43
1779867300000,5.787,5.808,5.776,5.806,7879.55
1779867600000,5.805,5.819,5.791,5.809,7990.41
1779867900000,5.81,5.83,5.799,5.808,9946.45
1779868200000,5.807,5.83,5.798,5.815,9182.23
1779868500000,5.815,5.877,5.815,5.875,10617.08
1779868800000,5.877,5.915,5.87,5.907,22218.73
1779869100000,5.908,5.935,5.904,5.913,14592.58
1779869400000,5.914,5.95,5.909,5.943,23260.44
1779869700000,5.944,5.971,5.917,5.954,20207.45
1779870000000,5.954,6.002,5.952,5.962,28034.92
1779870300000,5.961,5.966,5.917,5.921,8027.64
1779870600000,5.923,5.932,5.89,5.922,11643.83
1779870900000,5.921,5.958,5.92,5.958,5415.67
1779871200000,5.958,5.968,5.859,5.877,26154.66
1779871500000,5.876,5.882,5.82,5.833,11518.94
1779871800000,5.832,5.834,5.77,5.781,14391.76
1779872100000,5.781,5.791,5.749,5.784,11840.11
1779872400000,5.783,5.792,5.733,5.753,12195.23
1779872700000,5.752,5.77,5.729,5.729,5808.94
1779873000000,5.73,5.743,5.69,5.706,42034.61
1779873300000,5.705,5.708,5.663,5.671,15020.34
1779873600000,5.67,5.688,5.664,5.671,13068.85
1779873900000,5.671,5.691,5.658,5.674,10813.73
1779874200000,5.675,5.68,5.65,5.665,11660.57
1779874500000,5.664,5.676,5.655,5.676,3509.89
1779874800000,5.676,5.687,5.661,5.667,8428.07
1779875100000,5.667,5.687,5.654,5.675,3338.47
1779875400000,5.676,5.68,5.643,5.666,21110.71
1779875700000,5.666,5.668,5.634,5.641,15368.37
1779876000000,5.641,5.665,5.629,5.661,10021.69
1779876300000,5.66,5.679,5.65,5.672,5560.19
1779876600000,5.671,5.686,5.668,5.679,6372.85
1779876900000,5.678,5.679,5.659,5.676,2033.4
1779877200000,5.675,5.689,5.663,5.684,13248.57
1779877500000,5.683,5.688,5.664,5.667,15402.63
1779877800000,5.666,5.673,5.646,5.655,7313.11
1779878100000,5.653,5.671,5.642,5.663,5479.82
1779878400000,5.664,5.667,5.651,5.663,3004.48
1779878700000,5.663,5.669,5.64,5.666,13849.76
1779879000000,5.667,5.698,5.665,5.691,7776.14
1779879300000,5.69,5.712,5.683,5.711,6952.92
1779879600000,5.711,5.767,5.707,5.728,13793.14
1779879900000,5.727,5.757,5.721,5.743,5768.88
1779880200000,5.741,5.763,5.734,5.76,7536.7
1779880500000,5.759,5.774,5.755,5.767,6687.25
1779880800000,5.768,5.806,5.768,5.795,18010.44
1779881100000,5.793,5.794,5.781,5.782,4015.78
1779881400000,5.781,5.808,5.757,5.805,11061.37
1779881700000,5.806,5.813,5.776,5.786,6499.09
1779882000000,5.786,5.788,5.735,5.761,14050.49
1779882300000,5.761,5.77,5.743,5.743,1178.84
1779882600000,5.744,5.76,5.733,5.737,2979.52
1779882900000,5.736,5.759,5.729,5.738,2091.24
1779883200000,5.737,5.737,5.678,5.691,7765.54
1779883500000,5.691,5.739,5.687,5.735,4120.18
1779883800000,5.735,5.774,5.731,5.768,5724.68
1779884100000,5.768,5.821,5.767,5.81,10230.5
1779884400000,5.81,5.849,5.792,5.82,16133.95
1779884700000,5.82,5.844,5.753,5.766,30764.5
1779885000000,5.766,5.798,5.748,5.767,10787.2
1779885300000,5.768,5.783,5.766,5.77,5135.44
1779885600000,5.769,5.769,5.751,5.765,2758.76
1779885900000,5.764,5.769,5.736,5.769,2982.92
1779886200000,5.77,5.79,5.768,5.781,3682.96
1779886500000,5.781,5.781,5.732,5.732,1693.54
1779886800000,5.732,5.74,5.69,5.69,9036.96
1779887100000,5.691,5.702,5.641,5.648,26603.87
1779887400000,5.648,5.669,5.648,5.669,6371.98
1779887700000,5.669,5.677,5.6,5.67,112286.89
1779888000000,5.67,5.675,5.653,5.655,5445.68
1779888300000,5.655,5.656,5.624,5.632,13208.72
1779888600000,5.631,5.655,5.623,5.651,12174.71
1779888900000,5.65,5.65,5.594,5.597,32038.83
1779889200000,5.594,5.598,5.559,5.564,38549.34
1779889500000,5.565,5.611,5.557,5.598,40213.19
1779889800000,5.6,5.63,5.59,5.599,24328.82
1779890100000,5.598,5.625,5.596,5.624,5889.33
1779890400000,5.625,5.649,5.616,5.632,8589.07
1779890700000,5.631,5.631,5.593,5.609,13150.76
1779891000000,5.608,5.61,5.593,5.595,2496.07
1779891300000,5.595,5.608,5.589,5.601,7104.55
1779891600000,5.601,5.601,5.556,5.558,8289.49
1779891900000,5.559,5.574,5.539,5.574,10719.08
1779892200000,5.575,5.599,5.569,5.591,4738.23
1779892500000,5.592,5.618,5.585,5.603,10838.21
1779892800000,5.602,5.608,5.579,5.59,2173.55
1779893100000,5.591,5.625,5.589,5.625,8586.8
1779893400000,5.625,5.665,5.624,5.66,9429.94
1779893700000,5.66,5.668,5.64,5.661,11480.96
1779894000000,5.66,5.663,5.633,5.633,2354.62
1779894300000,5.632,5.633,5.597,5.612,10007.99
1779894600000,5.611,5.65,5.607,5.648,8411.98
1779894900000,5.647,5.671,5.642,5.659,4451.09
1779895200000,5.659,5.698,5.636,5.697,10035.39
1779895500000,5.697,5.831,5.697,5.779,46235.77
1779895800000,5.78,5.813,5.772,5.802,6668.37
1779896100000,5.802,5.818,5.775,5.793,19570.24
1779896400000,5.793,5.819,5.782,5.815,20839.44
1779896700000,5.818,5.837,5.809,5.81,5261.01
1779897000000,5.811,5.83,5.791,5.795,17164.96
1779897300000,5.797,5.845,5.787,5.839,26241.38
1779897600000,5.84,5.848,5.82,5.822,14436.19
1779897900000,5.824,5.829,5.79,5.79,7886.65
1779898200000,5.792,5.818,5.778,5.779,4687.16
1779898500000,5.78,5.791,5.737,5.755,13628.2
1779898800000,5.755,5.762,5.714,5.733,17077.44
1779899100000,5.734,5.771,5.734,5.759,8087.51
1779899400000,5.758,5.782,5.715,5.717,9518.0
1779899700000,5.717,5.739,5.702,5.736,4438.63
1779900000000,5.734,5.754,5.73,5.748,2185.01
1779900300000,5.747,5.763,5.738,5.749,4139.47
1779900600000,5.75,5.751,5.713,5.724,8242.8
1779900900000,5.724,5.748,5.724,5.731,9057.24
1779901200000,5.731,5.731,5.692,5.71,4924.67
1779901500000,5.711,5.717,5.67,5.682,2688.57
1779901800000,5.682,5.686,5.627,5.638,17151.46
1779902100000,5.639,5.639,5.591,5.62,15192.24
1779902400000,5.619,5.635,5.616,5.621,3570.42
1779902700000,5.621,5.632,5.598,5.627,12933.2
1779903000000,5.626,5.635,5.613,5.623,5697.75
1779903300000,5.623,5.623,5.605,5.615,12045.96
1779903600000,5.616,5.621,5.596,5.607,2375.6
1779903900000,5.608,5.618,5.582,5.6,12780.8
1779904200000,5.6,5.602,5.586,5.589,1899.79
1779904500000,5.59,5.596,5.571,5.587,3571.36
1779904800000,5.586,5.601,5.575,5.59,4831.59
1779905100000,5.589,5.608,5.583,5.586,2502.46
1779905400000,5.586,5.595,5.572,5.588,1453.4
1779905700000,5.589,5.604,5.586,5.595,1961.45
1779906000000,5.594,5.613,5.584,5.603,12499.23
1779906300000,5.603,5.606,5.592,5.602,933.12
1779906600000,5.601,5.623,5.6,5.62,6850.88
1779906900000,5.62,5.626,5.579,5.582,10576.31
1779907200000,5.583,5.616,5.582,5.601,3964.89
1779907500000,5.601,5.627,5.597,5.619,3525.2
1779907800000,5.619,5.648,5.619,5.637,4343.88
1779908100000,5.637,5.649,5.633,5.648,5711.62
1779908400000,5.647,5.653,5.631,5.65,2512.43
1779908700000,5.651,5.678,5.648,5.678,5934.74
1779909000000,5.679,5.702,5.675,5.693,1946.1
1779909300000,5.692,5.707,5.684,5.687,3441.14
1779909600000,5.688,5.729,5.687,5.727,3322.64
1779909900000,5.727,5.742,5.718,5.735,4353.27
1779910200000,5.735,5.748,5.722,5.732,6124.86
1779910500000,5.733,5.768,5.716,5.764,10579.25
1779910800000,5.764,5.766,5.733,5.738,4949.41
1779911100000,5.738,5.765,5.734,5.738,7580.14
1779911400000,5.737,5.751,5.709,5.709,5959.22
1779911700000,5.709,5.712,5.686,5.692,9026.55
1779912000000,5.693,5.703,5.665,5.677,19394.01
1779912300000,5.676,5.689,5.662,5.665,3244.71
1779912600000,5.666,5.67,5.653,5.662,2748.23
1779912900000,5.663,5.697,5.653,5.697,2845.1
1779913200000,5.696,5.697,5.637,5.64,3109.56
1779913500000,5.641,5.648,5.617,5.62,4029.39
1779913800000,5.619,5.619,5.588,5.596,7710.17
1779914100000,5.597,5.626,5.597,5.608,5011.64
1779914400000,5.607,5.613,5.602,5.61,1668.04
1779914700000,5.611,5.642,5.611,5.635,4273.23
1779915000000,5.635,5.635,5.597,5.604,13359.92
1779915300000,5.605,5.611,5.567,5.58,7865.74
1779915600000,5.58,5.587,5.558,5.579,14318.64
1779915900000,5.579,5.59,5.572,5.578,8335.63
1779916200000,5.578,5.591,5.565,5.58,8383.66
1779916500000,5.58,5.588,5.561,5.569,4054.73
1779916800000,5.57,5.571,5.551,5.56,3875.6
1779917100000,5.56,5.563,5.514,5.523,34711.68
1779917400000,5.523,5.548,5.486,5.496,41430.96
1779917700000,5.496,5.504,5.474,5.481,14384.96
1779918000000,5.48,5.484,5.436,5.47,13668.12
1779918300000,5.469,5.481,5.424,5.425,17321.5
1779918600000,5.428,5.439,5.411,5.418,11649.65
1779918900000,5.416,5.464,5.41,5.457,2938.72
1779919200000,5.458,5.486,5.419,5.466,67903.8
1779919500000,5.466,5.475,5.43,5.434,5271.9
1779919800000,5.435,5.441,5.422,5.439,5350.35
1779920100000,5.439,5.451,5.416,5.416,10639.97
1779920400000,5.417,5.445,5.415,5.42,8562.28
1779920700000,5.42,5.461,5.42,5.453,2635.1
1779921000000,5.452,5.46,5.44,5.45,4492.44
1779921300000,5.449,5.471,5.445,5.471,3638.15
1779921600000,5.471,5.49,5.469,5.485,8393.18
1779921900000,5.482,5.495,5.456,5.457,5462.92
1779922200000,5.456,5.475,5.454,5.455,1618.93
1779922500000,5.455,5.461,5.429,5.435,7848.66
1779922800000,5.434,5.452,5.419,5.45,2020.62
1779923100000,5.449,5.471,5.429,5.464,1912.43
1779923400000,5.463,5.475,5.457,5.473,768.73
1779923700000,5.473,5.488,5.467,5.467,4979.42
1779924000000,5.467,5.475,5.444,5.444,5716.62
1779924300000,5.444,5.453,5.428,5.443,6040.73
1779924600000,5.443,5.459,5.443,5.45,2828.89
1779924900000,5.449,5.472,5.446,5.472,4989.64
1779925200000,5.473,5.481,5.468,5.477,2563.81
1779925500000,5.478,5.503,5.474,5.502,3105.65
1779925800000,5.502,5.511,5.488,5.508,2148.71
1779926100000,5.507,5.507,5.477,5.477,1469.35
1779926400000,5.476,5.495,5.463,5.492,2580.86
1779926700000,5.493,5.506,5.488,5.506,2870.96
1779927000000,5.507,5.507,5.488,5.495,2604.5
1779927300000,5.495,5.522,5.495,5.512,3163.26
1779927600000,5.51,5.533,5.5,5.502,4259.14
1779927900000,5.501,5.503,5.48,5.502,2748.2
1779928200000,5.503,5.524,5.501,5.524,4338.99
1779928500000,5.522,5.524,5.508,5.517,1394.48
1779928800000,5.516,5.535,5.501,5.53,996.84
1779929100000,5.528,5.534,5.516,5.518,1635.38
1779929400000,5.518,5.526,5.506,5.526,2919.31
1779929700000,5.526,5.53,5.505,5.51,6509.05
1779930000000,5.509,5.528,5.506,5.511,1723.88
1779930300000,5.512,5.513,5.444,5.451,7258.55
1779930600000,5.451,5.463,5.445,5.458,7416.9
1779930900000,5.457,5.457,5.427,5.442,8155.79
1779931200000,5.441,5.454,5.427,5.454,3654.65
1779931500000,5.454,5.46,5.424,5.442,13540.43
1779931800000,5.441,5.458,5.435,5.444,4006.31
1779932100000,5.443,5.463,5.435,5.441,1752.38
1779932400000,5.44,5.447,5.422,5.445,2756.01
1779932700000,5.445,5.47,5.437,5.463,2753.02
1779933000000,5.462,5.466,5.435,5.447,11287.3
1779933300000,5.447,5.453,5.439,5.451,4297.38
1779933600000,5.451,5.462,5.447,5.456,841.36
1779933900000,5.455,5.511,5.455,5.486,4600.96
1779934200000,5.486,5.49,5.481,5.486,933.77
1779934500000,5.487,5.505,5.47,5.472,14462.99
1779934800000,5.473,5.474,5.459,5.462,1248.44
1779935100000,5.461,5.468,5.455,5.463,1621.03
1779935400000,5.464,5.469,5.438,5.45,2839.96
1779935700000,5.449,5.476,5.441,5.475,906.38
1779936000000,5.475,5.483,5.463,5.463,1781.12
1779936300000,5.462,5.468,5.449,5.467,894.21
1779936600000,5.467,5.467,5.449,5.458,709.83
1779936900000,5.459,5.46,5.435,5.442,1422.56
1779937200000,5.441,5.441,5.421,5.431,2765.06
1779937500000,5.429,5.434,5.369,5.383,23934.74
1779937800000,5.382,5.4,5.36,5.397,35608.26
1779938100000,5.397,5.42,5.34,5.406,127593.76
1779938400000,5.405,5.432,5.397,5.427,6809.9
1779938700000,5.428,5.429,5.402,5.405,6072.58
1779939000000,5.405,5.405,5.39,5.401,7612.68
1779939300000,5.4,5.401,5.369,5.379,7244.74
1779939600000,5.38,5.391,5.37,5.37,3932.32
1779939900000,5.37,5.394,5.369,5.373,6183.39
1779940200000,5.373,5.383,5.353,5.366,35444.38
1779940500000,5.365,5.385,5.355,5.373,8577.81
1779940800000,5.374,5.392,5.317,5.382,50742.73
1779941100000,5.381,5.396,5.36,5.38,7383.79
1779941400000,5.38,5.403,5.36,5.36,10596.34
1779941700000,5.36,5.375,5.35,5.353,15940.59
1779942000000,5.352,5.358,5.28,5.334,162467.3
1779942300000,5.334,5.362,5.322,5.355,29119.39
1779942600000,5.355,5.398,5.349,5.397,4199.51
1779942900000,5.396,5.405,5.386,5.397,9304.5
1779943200000,5.398,5.445,5.398,5.43,8894.15
1779943500000,5.43,5.43,5.407,5.421,5166.81
1779943800000,5.42,5.423,5.408,5.414,3701.26
1779944100000,5.414,5.439,5.414,5.438,5045.54
1779944400000,5.438,5.444,5.392,5.394,6063.11
1779944700000,5.393,5.395,5.351,5.365,14878.95
1779945000000,5.366,5.366,5.343,5.349,5930.13
1779945300000,5.348,5.349,5.315,5.333,44926.88
1779945600000,5.334,5.344,5.328,5.334,6602.76
1779945900000,5.333,5.34,5.327,5.33,6234.84
1779946200000,5.331,5.357,5.331,5.348,4021.47
1779946500000,5.347,5.367,5.33,5.334,9791.41
1779946800000,5.334,5.336,5.32,5.323,11124.71
1779947100000,5.324,5.333,5.319,5.328,6592.7
1779947400000,5.33,5.367,5.33,5.366,8905.43
1779947700000,5.365,5.392,5.337,5.344,8504.14
1779948000000,5.345,5.358,5.333,5.352,16007.15
1779948300000,5.352,5.38,5.351,5.353,3134.73
1779948600000,5.354,5.355,5.336,5.355,3160.76
1779948900000,5.356,5.368,5.356,5.359,2854.27
1779949200000,5.359,5.381,5.358,5.37,3606.07
1779949500000,5.369,5.377,5.365,5.37,3597.87
1779949800000,5.37,5.376,5.355,5.37,5536.81
1779950100000,5.369,5.382,5.356,5.377,1855.88
1779950400000,5.376,5.389,5.367,5.373,4175.53
1779950700000,5.372,5.461,5.372,5.443,15293.72
1779951000000,5.444,5.455,5.434,5.442,11786.23
1779951300000,5.442,5.458,5.438,5.452,29388.06
1779951600000,5.453,5.496,5.453,5.491,14774.07
1779951900000,5.492,5.561,5.492,5.558,18188.59
1779952200000,5.559,5.569,5.54,5.549,13852.82
1779952500000,5.55,5.599,5.548,5.584,17585.84
1779952800000,5.584,5.597,5.563,5.576,12991.86
1779953100000,5.577,5.586,5.546,5.586,26278.88
1779953400000,5.587,5.591,5.545,5.565,14207.79
1779953700000,5.564,5.636,5.559,5.591,24235.38
1779954000000,5.591,5.604,5.546,5.565,11613.82
1779954300000,5.564,5.569,5.528,5.529,26314.7
1779954600000,5.529,5.529,5.476,5.504,20127.0
1779954900000,5.503,5.511,5.456,5.469,26628.66
1779955200000,5.47,5.474,5.431,5.464,15462.16
1779955500000,5.465,5.465,5.439,5.444,14273.31
1779955800000,5.444,5.49,5.439,5.482,4457.95
1779956100000,5.483,5.494,5.453,5.456,8112.76
1779956400000,5.457,5.464,5.435,5.436,3784.43
1779956700000,5.437,5.45,5.393,5.399,17176.55
1779957000000,5.399,5.407,5.381,5.399,4945.15
1779957300000,5.4,5.427,5.398,5.415,4393.89
1779957600000,5.415,5.417,5.399,5.409,3034.18
1779957900000,5.41,5.437,5.41,5.423,6257.46
1779958200000,5.423,5.444,5.423,5.435,2058.34
1779958500000,5.435,5.452,5.432,5.439,3893.7
1779958800000,5.438,5.459,5.435,5.438,4197.41
1779959100000,5.439,5.456,5.437,5.443,10905.35
1779959400000,5.442,5.442,5.413,5.434,4328.67
1779959700000,5.433,5.435,5.404,5.417,5275.27
1779960000000,5.416,5.423,5.401,5.412,2051.43
1779960300000,5.413,5.433,5.405,5.417,8484.98
1779960600000,5.416,5.427,5.402,5.422,2740.35
1779960900000,5.423,5.434,5.398,5.402,2328.14
1779961200000,5.403,5.419,5.396,5.411,15856.73
1779961500000,5.41,5.425,5.408,5.419,1470.59
1779961800000,5.418,5.42,5.4,5.402,1861.91
1779962100000,5.403,5.41,5.39,5.396,2956.64
1779962400000,5.394,5.424,5.388,5.413,11011.67
1779962700000,5.413,5.443,5.413,5.43,4124.93
1779963000000,5.43,5.451,5.417,5.42,2492.46
1779963300000,5.421,5.429,5.4,5.4,18934.01
1779963600000,5.401,5.414,5.36,5.374,25227.97
1779963900000,5.373,5.373,5.351,5.367,11485.87
1779964200000,5.367,5.38,5.355,5.374,2001.29
1779964500000,5.373,5.392,5.372,5.385,3500.04
1779964800000,5.387,5.387,5.35,5.354,9531.52
1779965100000,5.356,5.365,5.354,5.364,3948.73
1779965400000,5.364,5.367,5.343,5.366,11177.2
1779965700000,5.366,5.381,5.365,5.367,4148.27
1779966000000,5.368,5.375,5.349,5.349,10076.13
1779966300000,5.349,5.358,5.338,5.345,4098.7
1779966600000,5.345,5.364,5.34,5.355,3189.95
1779966900000,5.356,5.363,5.326,5.348,20718.51
1779967200000,5.349,5.358,5.34,5.358,3902.87
1779967500000,5.359,5.37,5.342,5.351,8295.96
1779967800000,5.352,5.365,5.341,5.358,1706.98
1779968100000,5.359,5.362,5.346,5.346,1240.78
1779968400000,5.346,5.354,5.34,5.353,1546.83
1779968700000,5.352,5.352,5.337,5.342,6756.49
1779969000000,5.341,5.364,5.34,5.359,5207.42
1779969300000,5.358,5.358,5.342,5.344,1945.98
1779969600000,5.344,5.351,5.335,5.343,12707.73
1779969900000,5.342,5.364,5.33,5.361,9242.39
1779970200000,5.36,5.364,5.338,5.347,5028.58
1779970500000,5.348,5.357,5.34,5.349,3363.47
1779970800000,5.349,5.355,5.337,5.344,11933.74
1779971100000,5.345,5.352,5.331,5.341,10559.78
1779971400000,5.34,5.372,5.34,5.352,5655.1
1779971700000,5.353,5.363,5.34,5.349,3623.22
1779972000000,5.35,5.368,5.345,5.365,4819.56
1779972300000,5.365,5.417,5.361,5.397,7568.59
1779972600000,5.396,5.428,5.395,5.412,8032.85
1779972900000,5.413,5.459,5.411,5.453,21200.31
1779973200000,5.452,5.493,5.452,5.487,20005.34
1779973500000,5.488,5.494,5.437,5.448,22737.08
1779973800000,5.449,5.458,5.431,5.448,15604.75
1779974100000,5.449,5.472,5.439,5.461,15065.21
1779974400000,5.461,5.469,5.423,5.459,30847.19
1779974700000,5.458,5.469,5.416,5.447,11803.04
1779975000000,5.447,5.452,5.399,5.403,15922.57
1779975300000,5.402,5.409,5.352,5.361,8259.26
1779975600000,5.36,5.368,5.305,5.319,23414.87
1779975900000,5.318,5.36,5.318,5.348,6424.44
1779976200000,5.348,5.382,5.34,5.376,13615.33
1779976500000,5.374,5.374,5.35,5.35,5633.36
1779976800000,5.349,5.349,5.279,5.309,15665.62
1779977100000,5.308,5.308,5.257,5.294,14514.89
1779977400000,5.293,5.369,5.268,5.359,16246.39
1779977700000,5.357,5.394,5.344,5.384,57994.05
1779978000000,5.383,5.383,5.308,5.318,9394.83
1779978300000,5.317,5.339,5.297,5.327,9973.99
1779978600000,5.326,5.327,5.289,5.298,8748.65
1779978900000,5.297,5.318,5.273,5.285,27721.45
1779979200000,5.284,5.309,5.278,5.304,2677.69
1779979500000,5.304,5.307,5.28,5.298,3202.45
1779979800000,5.298,5.324,5.292,5.314,9234.47
1779980100000,5.313,5.323,5.298,5.317,3186.67
1779980400000,5.318,5.334,5.316,5.324,6258.46
1779980700000,5.324,5.355,5.312,5.314,4328.3
1779981000000,5.315,5.332,5.31,5.313,1315.4
1779981300000,5.313,5.317,5.29,5.302,18376.29
1779981600000,5.302,5.333,5.294,5.32,1451.23
1779981900000,5.321,5.345,5.317,5.343,3003.64
1779982200000,5.344,5.35,5.323,5.335,12694.48
1779982500000,5.336,5.374,5.336,5.342,5225.84
1779982800000,5.341,5.354,5.335,5.348,2612.27
1779983100000,5.349,5.367,5.338,5.342,3604.14
1779983400000,5.343,5.35,5.327,5.337,5999.13
1779983700000,5.337,5.34,5.322,5.337,2133.46
1779984000000,5.337,5.34,5.268,5.272,10209.9
1779984300000,5.272,5.288,5.259,5.288,9970.09
1779984600000,5.288,5.335,5.28,5.325,5950.89
1779984900000,5.326,5.34,5.323,5.327,5091.0
1779985200000,5.326,5.366,5.317,5.358,15638.49
1779985500000,5.358,5.378,5.348,5.352,4665.51
1779985800000,5.353,5.372,5.35,5.372,2043.48
1779986100000,5.373,5.389,5.368,5.386,25490.81
1779986400000,5.386,5.415,5.38,5.399,6160.66
1779986700000,5.398,5.402,5.36,5.381,13118.61
1779987000000,5.382,5.414,5.371,5.402,12211.05
1779987300000,5.403,5.41,5.388,5.401,6547.06
1779987600000,5.401,5.428,5.401,5.417,9152.16
1779987900000,5.418,5.452,5.414,5.429,10488.65
1779988200000,5.429,5.438,5.398,5.398,11782.83
1779988500000,5.397,5.444,5.383,5.443,18606.35
1779988800000,5.444,5.451,5.426,5.428,8621.9
1779989100000,5.427,5.427,5.387,5.387,21173.07
1779989400000,5.387,5.405,5.377,5.405,4721.08
1779989700000,5.405,5.457,5.394,5.449,10112.08
1779990000000,5.45,5.497,5.45,5.483,14483.49
1779990300000,5.483,5.519,5.469,5.469,13092.11
1779990600000,5.469,5.486,5.453,5.456,12681.15
1779990900000,5.455,5.49,5.454,5.481,6359.67
1779991200000,5.48,5.545,5.478,5.537,13434.33
1779991500000,5.537,5.559,5.528,5.558,21714.95
1779991800000,5.558,5.567,5.526,5.539,13308.98
1779992100000,5.539,5.554,5.528,5.533,11429.31
1779992400000,5.535,5.552,5.53,5.551,6658.24
1779992700000,5.552,5.58,5.551,5.569,18643.48
1779993000000,5.57,5.598,5.561,5.588,9990.95
1779993300000,5.589,5.593,5.551,5.564,10348.85
1779993600000,5.563,5.612,5.563,5.608,16849.3
1779993900000,5.607,5.611,5.578,5.606,17287.42
1779994200000,5.608,5.619,5.59,5.593,4801.11
1779994500000,5.593,5.602,5.552,5.552,6235.57
1779994800000,5.551,5.553,5.496,5.508,11141.52
1779995100000,5.508,5.515,5.486,5.486,2980.09
1779995400000,5.487,5.501,5.482,5.494,2984.43
1779995700000,5.493,5.521,5.484,5.52,3407.97
1779996000000,5.519,5.536,5.496,5.517,2644.9
1779996300000,5.518,5.546,5.512,5.545,2318.55
1779996600000,5.546,5.553,5.505,5.508,2463.01
1779996900000,5.507,5.517,5.485,5.486,2662.66
1779997200000,5.485,5.502,5.481,5.496,1618.66
1779997500000,5.497,5.515,5.494,5.507,3203.24
1779997800000,5.506,5.524,5.503,5.51,3127.88
1779998100000,5.509,5.51,5.484,5.489,1446.43
1779998400000,5.49,5.508,5.416,5.421,33675.84
1779998700000,5.421,5.447,5.415,5.447,5634.51
1779999000000,5.448,5.482,5.447,5.457,4332.8
1779999300000,5.457,5.492,5.456,5.492,4667.81
1779999600000,5.49,5.503,5.48,5.482,2649.37
1779999900000,5.483,5.505,5.48,5.505,2472.75
1780000200000,5.506,5.546,5.501,5.53,17884.33
1780000500000,5.53,5.554,5.53,5.546,5328.19
1780000800000,5.547,5.584,5.542,5.572,6154.19
1780001100000,5.571,5.595,5.542,5.589,21099.36
1780001400000,5.588,5.605,5.586,5.599,3961.43
1780001700000,5.603,5.609,5.536,5.544,11784.69
1780002000000,5.545,5.561,5.512,5.518,3327.13
1780002300000,5.517,5.546,5.504,5.536,3545.54
1780002600000,5.536,5.581,5.535,5.553,4523.51
1780002900000,5.553,5.568,5.497,5.497,8471.84
1780003200000,5.499,5.534,5.492,5.508,4908.68
1780003500000,5.509,5.541,5.509,5.541,2508.6
1780003800000,5.54,5.546,5.509,5.511,2809.66
1780004100000,5.509,5.535,5.503,5.52,2980.1
1780004400000,5.52,5.561,5.519,5.553,6593.53
1780004700000,5.552,5.556,5.539,5.539,2648.0
1780005000000,5.539,5.557,5.533,5.535,12302.71
1780005300000,5.534,5.549,5.524,5.53,3779.62
1780005600000,5.529,5.535,5.519,5.525,1543.79
1780005900000,5.524,5.533,5.518,5.53,1386.39
1780006200000,5.529,5.532,5.508,5.509,2010.85
1780006500000,5.511,5.512,5.485,5.485,1837.51
1780006800000,5.484,5.487,5.474,5.485,2402.07
1780007100000,5.484,5.489,5.458,5.465,1936.13
1780007400000,5.464,5.47,5.439,5.443,1791.46
1780007700000,5.443,5.465,5.441,5.457,2999.4
1780008000000,5.456,5.464,5.453,5.462,1066.65
1780008300000,5.463,5.495,5.463,5.485,880.52
1780008600000,5.486,5.496,5.464,5.472,2289.56
1780008900000,5.473,5.479,5.452,5.455,3405.7
1780009200000,5.454,5.461,5.439,5.451,2229.05
1780009500000,5.452,5.469,5.452,5.46,1212.51
1780009800000,5.461,5.468,5.458,5.463,833.67
1780010100000,5.464,5.476,5.459,5.459,771.64
1780010400000,5.458,5.467,5.43,5.462,9214.25
1780010700000,5.463,5.48,5.449,5.476,5982.69
1780011000000,5.476,5.48,5.45,5.45,1044.41
1780011300000,5.451,5.455,5.44,5.441,1273.02
1780011600000,5.44,5.454,5.43,5.449,1418.24
1780011900000,5.447,5.447,5.437,5.438,1058.82
1780012200000,5.439,5.453,5.435,5.449,2017.92
1780012500000,5.451,5.479,5.451,5.471,2691.18
1780012800000,5.471,5.5,5.471,5.488,2306.62
1780013100000,5.488,5.511,5.476,5.511,1761.35
1780013400000,5.51,5.512,5.478,5.484,6731.02
1780013700000,5.484,5.507,5.471,5.501,1581.15
1780014000000,5.503,5.563,5.503,5.559,19198.52
1780014300000,5.558,5.578,5.554,5.562,5068.08
1780014600000,5.563,5.594,5.556,5.594,12681.52
1780014900000,5.595,5.612,5.584,5.6,4873.98
1780015200000,5.6,5.602,5.583,5.6,4549.81
1780015500000,5.599,5.62,5.59,5.609,11455.82
1780015800000,5.609,5.628,5.607,5.612,3765.32
1780016100000,5.611,5.629,5.593,5.628,7494.68
1780016400000,5.629,5.642,5.611,5.629,4357.44
1780016700000,5.63,5.65,5.63,5.64,10028.9
1780017000000,5.64,5.65,5.606,5.609,17010.42
1780017300000,5.609,5.627,5.6,5.613,9276.21
1780017600000,5.612,5.612,5.551,5.551,11803.86
1780017900000,5.552,5.571,5.547,5.562,2801.22
1780018200000,5.561,5.569,5.53,5.568,3616.43
1780018500000,5.569,5.593,5.569,5.57,2839.59
1780018800000,5.569,5.615,5.557,5.601,4925.71
1780019100000,5.602,5.659,5.6,5.639,11238.67
1780019400000,5.639,5.73,5.639,5.71,29113.4
1780019700000,5.709,5.73,5.698,5.699,2731.18
1780020000000,5.7,5.725,5.654,5.705,14388.19
1780020300000,5.705,5.738,5.703,5.728,10926.72
1780020600000,5.727,5.734,5.7,5.716,11272.05
1780020900000,5.717,5.728,5.677,5.685,20343.01
1780021200000,5.683,5.684,5.61,5.624,9556.6
1780021500000,5.624,5.624,5.549,5.575,34103.62
1780021800000,5.574,5.609,5.566,5.596,6925.84
1780022100000,5.597,5.606,5.584,5.587,14704.74
1780022400000,5.587,5.595,5.536,5.554,12573.31
1780022700000,5.555,5.592,5.555,5.589,3575.46
1780023000000,5.59,5.598,5.55,5.551,5932.13
1780023300000,5.551,5.57,5.548,5.564,3247.21
1780023600000,5.565,5.583,5.531,5.545,7781.26
1780023900000,5.546,5.594,5.543,5.586,3248.2
1780024200000,5.587,5.635,5.586,5.624,8231.91
1780024500000,5.626,5.633,5.602,5.622,2897.42
1780024800000,5.623,5.626,5.589,5.61,4793.36
1780025100000,5.611,5.625,5.58,5.584,3785.97
1780025400000,5.583,5.599,5.553,5.588,6638.28
1780025700000,5.589,5.605,5.576,5.599,4927.51
1780026000000,5.598,5.623,5.597,5.612,3112.28
1780026300000,5.611,5.64,5.601,5.626,4344.43
1780026600000,5.626,5.655,5.595,5.623,3241.24
1780026900000,5.624,5.644,5.605,5.615,4230.56
1780027200000,5.616,5.667,5.616,5.65,4774.65
1780027500000,5.65,5.65,5.598,5.611,2736.73
1780027800000,5.61,5.613,5.575,5.58,2884.43
1780028100000,5.58,5.653,5.575,5.634,10207.09
1780028400000,5.633,5.672,5.627,5.654,14209.72
1780028700000,5.653,5.678,5.652,5.671,1637.97
1780029000000,5.67,5.697,5.661,5.67,2047.03
1780029300000,5.671,5.681,5.661,5.679,2537.92
1780029600000,5.68,5.69,5.655,5.662,3238.9
1780029900000,5.663,5.692,5.663,5.679,2746.47
1780030200000,5.679,5.68,5.663,5.674,4476.04
1780030500000,5.674,5.736,5.671,5.732,20994.72
1780030800000,5.732,5.796,5.717,5.786,14614.98
1780031100000,5.786,5.812,5.78,5.808,13331.0
1780031400000,5.808,5.829,5.776,5.808,29441.3
1780031700000,5.808,5.835,5.789,5.835,8504.83
1780032000000,5.836,5.84,5.806,5.839,21218.9
1780032300000,5.84,5.858,5.809,5.809,19571.2
1780032600000,5.808,5.849,5.801,5.849,12333.84
1780032900000,5.849,5.875,5.818,5.865,23461.9
1780033200000,5.864,5.887,5.832,5.861,23409.28
1780033500000,5.861,5.925,5.844,5.9,37133.03
1780033800000,5.9,5.926,5.878,5.921,16039.46
1780034100000,5.921,5.937,5.906,5.916,11604.61
1780034400000,5.916,5.988,5.914,5.978,33112.74
1780034700000,5.978,5.999,5.944,5.967,18670.03
1780035000000,5.967,5.997,5.965,5.996,12332.02
1780035300000,5.997,6.041,5.995,6.018,80091.66
1780035600000,6.019,6.069,6.015,6.042,22181.26
1780035900000,6.042,6.09,6.034,6.086,22887.31
1780036200000,6.084,6.1,6.05,6.069,40178.98
1780036500000,6.069,6.086,6.024,6.07,25212.85
1780036800000,6.072,6.118,6.068,6.108,45164.34
1780037100000,6.108,6.14,6.098,6.112,31881.28
1780037400000,6.113,6.185,6.113,6.155,95430.99
1780037700000,6.154,6.186,6.134,6.178,19633.9
1780038000000,6.179,6.232,6.168,6.22,43641.81
1780038300000,6.219,6.228,6.143,6.18,33364.15
1780038600000,6.181,6.244,6.181,6.199,30138.21
1780038900000,6.198,6.27,6.189,6.26,20046.92
1780039200000,6.26,6.292,6.253,6.269,27038.0
1780039500000,6.268,6.288,6.226,6.234,20115.8
1780039800000,6.235,6.236,6.143,6.182,34131.75
1780040100000,6.181,6.19,6.131,6.159,24223.95
1780040400000,6.157,6.183,6.126,6.16,17269.71
1780040700000,6.161,6.216,6.142,6.207,17227.34
1780041000000,6.207,6.233,6.196,6.217,10027.14
1780041300000,6.218,6.301,6.215,6.285,24849.88
1780041600000,6.285,6.339,6.285,6.323,36120.13
1780041900000,6.324,6.34,6.287,6.337,23331.2
1780042200000,6.337,6.371,6.313,6.325,30188.3
1780042500000,6.325,6.325,6.228,6.242,21705.3
1780042800000,6.242,6.294,6.205,6.215,25853.46
1780043100000,6.211,6.278,6.134,6.137,69427.01
1780043400000,6.136,6.164,6.087,6.111,49769.83
1780043700000,6.111,6.145,6.059,6.071,29409.27
1780044000000,6.073,6.094,6.045,6.071,16064.47
1780044300000,6.071,6.094,6.037,6.09,22479.86
1780044600000,6.091,6.12,6.075,6.091,11771.73
1780044900000,6.091,6.1,6.045,6.061,21336.63
1780045200000,6.062,6.078,6.033,6.044,15464.17
1780045500000,6.045,6.086,6.044,6.062,10581.68
1780045800000,6.061,6.08,6.006,6.022,14923.34
1780046100000,6.022,6.064,6.022,6.054,13383.34
1780046400000,6.053,6.053,6.014,6.046,11961.3
1780046700000,6.045,6.09,6.04,6.076,10570.66
1780047000000,6.076,6.094,6.047,6.089,10146.92
1780047300000,6.089,6.136,6.071,6.135,18206.87
1780047600000,6.134,6.142,6.093,6.127,16062.34
1780047900000,6.126,6.132,6.088,6.104,12596.25
1780048200000,6.103,6.143,6.103,6.134,8460.65
1780048500000,6.133,6.137,6.089,6.097,9273.88
1780048800000,6.096,6.096,5.971,5.999,20888.62
1780049100000,6.001,6.01,5.952,5.954,13513.89
1780049400000,5.954,5.965,5.93,5.937,10144.69
1780049700000,5.938,5.999,5.935,5.999,17436.87
1780050000000,6.0,6.0,5.95,5.958,9020.81
1780050300000,5.959,5.977,5.942,5.968,11099.24
1780050600000,5.968,5.982,5.95,5.976,19799.77
1780050900000,5.976,6.054,5.973,6.045,30558.0
1780051200000,6.045,6.061,6.007,6.032,15124.81
1780051500000,6.032,6.062,6.02,6.046,10068.87
1780051800000,6.045,6.05,6.013,6.02,3181.07
1780052100000,6.021,6.043,6.009,6.029,8286.67
1780052400000,6.029,6.067,6.003,6.057,10369.85
1780052700000,6.057,6.077,6.032,6.065,24331.63
1780053000000,6.064,6.066,6.037,6.039,8501.47
1780053300000,6.038,6.122,6.038,6.118,9911.96
1780099200000,6.433,6.445,6.379,6.385,10585.21
1780099500000,6.385,6.466,6.374,6.465,12009.49
1780099800000,6.465,6.488,6.438,6.455,9816.13
1780100100000,6.456,6.469,6.426,6.456,4165.18
1780100400000,6.457,6.463,6.396,6.404,10173.4
1780100700000,6.403,6.422,6.394,6.42,5207.56
1780101000000,6.421,6.445,6.398,6.411,9176.86
1780101300000,6.41,6.413,6.385,6.393,4718.44
1780101600000,6.392,6.416,6.365,6.386,6820.38
1780101900000,6.385,6.398,6.375,6.378,7777.48
1780102200000,6.379,6.391,6.357,6.373,5986.8
1780102500000,6.374,6.379,6.321,6.325,18299.81
1780102800000,6.325,6.361,6.325,6.335,10446.26
1780103100000,6.335,6.362,6.321,6.36,7590.96
1780103400000,6.359,6.396,6.349,6.394,16551.4
1780103700000,6.395,6.399,6.34,6.346,7819.13
1780104000000,6.347,6.351,6.332,6.345,9084.84
1780104300000,6.344,6.457,6.344,6.457,10713.53
1780104600000,6.456,6.498,6.444,6.448,24928.29
1780104900000,6.448,6.487,6.434,6.479,6796.0
1780105200000,6.481,6.5,6.472,6.494,8247.02
1780105500000,6.495,6.555,6.494,6.542,16064.95
1780105800000,6.542,6.584,6.528,6.575,18061.93
1780106100000,6.574,6.601,6.563,6.569,11561.76
1780106400000,6.568,6.612,6.556,6.563,16854.68
1780106700000,6.564,6.566,6.513,6.544,8394.43
1780107000000,6.546,6.559,6.514,6.538,9778.78
1780107300000,6.538,6.552,6.493,6.496,14519.44
1780107600000,6.495,6.517,6.483,6.504,6633.18
1780107900000,6.504,6.54,6.49,6.538,6302.59
1780108200000,6.537,6.575,6.521,6.53,9174.59
1780108500000,6.531,6.547,6.517,6.534,4517.16
1780108800000,6.534,6.61,6.532,6.608,23408.68
1780109100000,6.608,6.629,6.592,6.595,17632.1
1780109400000,6.595,6.632,6.573,6.629,15046.74
1780109700000,6.628,6.635,6.569,6.571,11159.43
1780110000000,6.57,6.586,6.555,6.57,11513.02
1780110300000,6.57,6.599,6.554,6.595,3021.58
1780110600000,6.596,6.7,6.587,6.649,30362.43
1780110900000,6.648,6.664,6.582,6.664,22250.41
1780111200000,6.664,6.671,6.64,6.65,11249.74
1780111500000,6.651,6.654,6.575,6.577,15677.83
1780111800000,6.577,6.578,6.499,6.505,19490.43
1780112100000,6.506,6.554,6.501,6.549,10608.17
1780112400000,6.549,6.553,6.501,6.519,8049.87
1780112700000,6.52,6.564,6.513,6.539,3582.28
1780113000000,6.538,6.538,6.49,6.513,10352.24
1780113300000,6.513,6.572,6.511,6.558,5363.39
1780113600000,6.559,6.612,6.557,6.561,13460.32
1780113900000,6.562,6.563,6.502,6.511,10625.27
1780114200000,6.512,6.61,6.512,6.605,12763.52
1780114500000,6.604,6.608,6.566,6.58,6508.13
1780114800000,6.579,6.579,6.516,6.519,5902.59
1780115100000,6.518,6.545,6.467,6.498,35905.58
1780115400000,6.498,6.563,6.485,6.54,22629.79
1780115700000,6.54,6.554,6.482,6.518,31532.63
1780116000000,6.519,6.645,6.515,6.641,24598.83
1780116300000,6.64,6.833,6.615,6.809,126482.95
1780116600000,6.808,6.829,6.779,6.786,40898.81
1780116900000,6.787,6.799,6.725,6.746,34983.22
1780117200000,6.746,6.773,6.64,6.716,56369.46
1780117500000,6.717,6.859,6.717,6.833,44121.04
1780117800000,6.831,6.886,6.805,6.884,45907.32
1780118100000,6.886,6.888,6.792,6.803,39003.95
1780118400000,6.803,6.9,6.778,6.88,20726.4
1780118700000,6.881,6.882,6.79,6.85,16072.46
1780119000000,6.851,6.858,6.778,6.783,16439.5
1780119300000,6.782,6.799,6.744,6.776,43623.8
1780119600000,6.777,6.858,6.769,6.838,15663.86
1780119900000,6.838,6.949,6.818,6.936,60046.68
1780120200000,6.936,6.94,6.884,6.915,20749.59
1780120500000,6.914,7.026,6.903,6.993,96664.61
1780120800000,6.992,7.02,6.944,6.966,34797.15
1780121100000,6.966,7.01,6.958,6.994,20076.98
1780121400000,6.993,7.058,6.993,7.01,45573.36
1780121700000,7.01,7.047,6.893,6.92,33074.06
1780122000000,6.921,6.952,6.914,6.94,13779.92
1780122300000,6.938,7.019,6.933,7.019,12234.27
1780122600000,7.02,7.027,6.915,6.984,41409.61
1780122900000,6.983,7.069,6.98,7.001,37572.37
1780123200000,7.0,7.013,6.911,6.926,27974.28
1780123500000,6.925,6.947,6.774,6.815,54028.39
1780123800000,6.814,6.853,6.78,6.815,28521.4
1780124100000,6.816,6.846,6.794,6.826,19877.14
1780124400000,6.825,6.86,6.753,6.763,23475.38
1780124700000,6.764,6.77,6.733,6.768,14600.26
1780125000000,6.769,6.79,6.712,6.737,14505.17
1780125300000,6.738,6.755,6.695,6.714,11472.66
1780125600000,6.712,6.776,6.698,6.776,19332.89
1780125900000,6.777,6.792,6.746,6.774,12547.83
1780126200000,6.773,6.777,6.702,6.705,7086.53
1780126500000,6.704,6.71,6.554,6.616,48082.26
1780126800000,6.617,6.626,6.589,6.609,11146.84
1780127100000,6.61,6.618,6.561,6.613,15592.9
1780127400000,6.613,6.613,6.575,6.599,8518.9
1780127700000,6.6,6.632,6.579,6.624,6735.47
1780128000000,6.625,6.628,6.584,6.605,16887.17
1780128300000,6.604,6.606,6.537,6.567,16752.2
1780128600000,6.568,6.568,6.523,6.55,7969.34
1780128900000,6.55,6.55,6.506,6.526,11614.45
1780129200000,6.527,6.542,6.524,6.524,6366.13
1780129500000,6.525,6.527,6.492,6.518,22790.61
1780129800000,6.518,6.528,6.5,6.512,6131.52
1780130100000,6.512,6.539,6.5,6.51,10068.15
1780130400000,6.509,6.533,6.472,6.505,29971.56
1780130700000,6.505,6.516,6.494,6.505,5742.12
1780131000000,6.504,6.514,6.491,6.512,13863.13
1780131300000,6.512,6.516,6.447,6.466,31488.09
1780131600000,6.467,6.497,6.462,6.481,8172.78
1780131900000,6.48,6.489,6.464,6.489,6943.12
1780132200000,6.49,6.518,6.482,6.514,13508.36
1780132500000,6.514,6.531,6.488,6.492,14612.12
1780132800000,6.491,6.529,6.484,6.529,5270.17
1780133100000,6.528,6.533,6.515,6.522,9767.66
1780133400000,6.521,6.55,6.499,6.523,14884.05
1780133700000,6.525,6.549,6.505,6.508,6016.29
1780134000000,6.507,6.507,6.463,6.477,14436.6
1780134300000,6.475,6.515,6.473,6.511,5851.38
1780134600000,6.509,6.537,6.5,6.533,18824.52
1780134900000,6.531,6.574,6.53,6.564,22496.88
1780135200000,6.565,6.599,6.546,6.587,16405.88
1780135500000,6.586,6.607,6.572,6.593,11164.05
1780135800000,6.593,6.609,6.577,6.601,10337.1
1780136100000,6.602,6.625,6.585,6.598,9655.5
1780136400000,6.598,6.615,6.551,6.553,26490.45
1780136700000,6.554,6.608,6.547,6.589,15789.37
1780137000000,6.588,6.653,6.58,6.625,34854.56
1780137300000,6.624,6.666,6.616,6.659,26351.1
1780137600000,6.659,6.678,6.651,6.66,17565.57
1780137900000,6.661,6.67,6.618,6.636,9777.8
1780138200000,6.636,6.666,6.628,6.66,6277.94
1780138500000,6.66,6.66,6.604,6.618,14803.53
1780138800000,6.617,6.622,6.551,6.578,15302.34
1780139100000,6.576,6.585,6.513,6.526,21703.42
1780139400000,6.527,6.554,6.527,6.55,11883.36
1780139700000,6.549,6.585,6.539,6.55,9838.3
1780140000000,6.551,6.61,6.542,6.586,38556.54
1780140300000,6.589,6.592,6.545,6.546,6690.21
1780140600000,6.547,6.586,6.547,6.575,9457.74
1780140900000,6.575,6.613,6.571,6.611,24752.98
1780141200000,6.612,6.621,6.592,6.596,5219.2
1780141500000,6.596,6.61,6.59,6.596,4503.73
1780141800000,6.596,6.64,6.59,6.62,6735.8
1780142100000,6.619,6.636,6.606,6.629,3833.91
1780142400000,6.629,6.67,6.629,6.668,10132.62
1780142700000,6.668,6.698,6.626,6.636,51582.12
1780143000000,6.637,6.645,6.607,6.625,3441.28
1780143300000,6.624,6.625,6.586,6.597,2717.79
1780143600000,6.598,6.666,6.597,6.659,10311.01
1780143900000,6.659,6.691,6.654,6.685,11833.37
1780144200000,6.685,6.709,6.67,6.675,5799.08
1780144500000,6.673,6.675,6.644,6.656,7824.54
1780144800000,6.655,6.655,6.607,6.641,6729.98
1780145100000,6.64,6.669,6.636,6.661,5176.98
1780145400000,6.66,6.728,6.658,6.706,24163.36
1780145700000,6.706,6.776,6.696,6.748,16282.61
1780146000000,6.749,6.787,6.748,6.778,20961.1
1780146300000,6.779,6.838,6.772,6.838,25088.39
1780146600000,6.837,6.842,6.8,6.825,18963.7
1780146900000,6.824,6.824,6.774,6.802,10672.8
1780147200000,6.802,6.808,6.765,6.802,5858.27
1780147500000,6.803,6.82,6.771,6.804,14234.02
1780147800000,6.804,6.809,6.74,6.752,9769.09
1780148100000,6.753,6.756,6.68,6.711,15188.34
1780148400000,6.712,6.728,6.697,6.715,4476.92
1780148700000,6.716,6.759,6.716,6.735,10618.0
1780149000000,6.736,6.802,6.736,6.79,10691.47
1780149300000,6.79,6.801,6.762,6.783,26483.29
1780149600000,6.783,6.928,6.782,6.908,28244.35
1780149900000,6.908,6.919,6.856,6.864,18881.27
1780150200000,6.864,6.866,6.81,6.825,15358.47
1780150500000,6.823,6.89,6.769,6.88,23735.2
1780150800000,6.88,6.909,6.863,6.907,8048.79
1780151100000,6.906,6.923,6.86,6.861,13323.44
1780151400000,6.863,6.894,6.844,6.879,15143.89
1780151700000,6.879,6.936,6.855,6.911,19323.74
1780152000000,6.91,6.925,6.894,6.894,6857.16
1780152300000,6.893,6.912,6.862,6.867,13149.61
1780152600000,6.868,6.92,6.854,6.912,14437.38
1780152900000,6.912,6.933,6.894,6.93,15739.71
1780153200000,6.931,6.954,6.891,6.891,9044.64
1780153500000,6.892,6.945,6.892,6.927,7512.81
1780153800000,6.928,6.961,6.927,6.953,8724.51
1780154100000,6.952,6.962,6.89,6.926,16716.79
1780154400000,6.925,6.925,6.853,6.86,13728.79
1780154700000,6.863,6.916,6.863,6.899,7078.45
1780155000000,6.9,6.921,6.878,6.88,7092.45
1780155300000,6.881,6.916,6.86,6.86,4862.61
1780155600000,6.861,6.912,6.859,6.896,8373.88
1780155900000,6.897,6.972,6.897,6.968,15623.34
1780156200000,6.966,6.973,6.925,6.936,14680.56
1780156500000,6.935,6.949,6.915,6.941,10581.92
1780156800000,6.942,6.972,6.873,6.88,34627.5
1780157100000,6.881,6.894,6.773,6.799,34534.63
1780157400000,6.798,6.823,6.761,6.807,16026.48
1780157700000,6.809,6.827,6.767,6.781,13291.56
1780158000000,6.782,6.798,6.74,6.785,17021.41
1780158300000,6.785,6.811,6.778,6.802,4745.59
1780158600000,6.803,6.823,6.776,6.776,9653.0
1780158900000,6.775,6.78,6.754,6.78,18395.81
1780159200000,6.779,6.787,6.723,6.754,24201.83
1780159500000,6.755,6.776,6.742,6.769,10427.12
1780159800000,6.768,6.798,6.748,6.798,3101.61
1780160100000,6.798,6.824,6.786,6.822,4205.1
1780160400000,6.82,6.843,6.8,6.84,6107.01
1780160700000,6.841,6.851,6.816,6.845,7328.46
1780161000000,6.846,6.868,6.829,6.841,4839.29
1780161300000,6.842,6.894,6.829,6.89,7893.66
1780161600000,6.89,6.916,6.848,6.871,33557.89
1780161900000,6.869,6.877,6.851,6.871,8974.91
1780162200000,6.872,6.876,6.79,6.801,14991.44
1780162500000,6.801,6.811,6.771,6.797,18383.33
1780162800000,6.796,6.809,6.778,6.783,6720.94
1780163100000,6.782,6.783,6.723,6.746,10540.86
1780163400000,6.746,6.756,6.699,6.705,37843.58
1780163700000,6.705,6.742,6.705,6.736,6752.22
1780164000000,6.736,6.741,6.711,6.736,15033.59
1780164300000,6.737,6.77,6.731,6.732,9811.91
1780164600000,6.732,6.74,6.717,6.721,4807.65
1780164900000,6.722,6.735,6.706,6.729,5994.56
1780165200000,6.73,6.741,6.716,6.721,2713.42
1780165500000,6.72,6.727,6.709,6.718,1865.41
1780165800000,6.718,6.726,6.696,6.705,4623.77
1780166100000,6.704,6.712,6.687,6.693,5241.2
1780166400000,6.694,6.718,6.672,6.717,5046.62
1780166700000,6.718,6.733,6.693,6.707,4306.17
1780167000000,6.707,6.72,6.703,6.706,1472.79
1780167300000,6.706,6.725,6.705,6.708,2606.99
1780167600000,6.71,6.713,6.679,6.707,5237.25
1780167900000,6.706,6.707,6.681,6.688,2268.59
1780168200000,6.689,6.701,6.68,6.695,10941.2
1780168500000,6.696,6.706,6.674,6.682,3000.96
1780168800000,6.683,6.693,6.663,6.687,2637.28
1780169100000,6.688,6.698,6.632,6.678,16633.82
1780169400000,6.679,6.68,6.592,6.602,24638.9
1780169700000,6.602,6.631,6.602,6.62,3345.41
1780170000000,6.619,6.619,6.584,6.6,3198.78
1780170300000,6.6,6.625,6.593,6.615,6080.71
1780170600000,6.615,6.638,6.611,6.633,3269.07
1780170900000,6.63,6.64,6.625,6.64,1696.73
1780171200000,6.641,6.641,6.596,6.601,11852.71
1780171500000,6.602,6.642,6.602,6.637,3283.77
1780171800000,6.637,6.639,6.617,6.627,1686.98
1780172100000,6.627,6.664,6.627,6.653,5177.64
1780172400000,6.654,6.662,6.647,6.66,2024.61
1780172700000,6.658,6.718,6.652,6.686,62818.22
1780173000000,6.686,6.694,6.666,6.674,6207.02
1780173300000,6.675,6.677,6.643,6.648,5926.24
1780173600000,6.647,6.647,6.584,6.596,10352.65
1780173900000,6.598,6.621,6.586,6.617,3573.2
1780174200000,6.618,6.642,6.615,6.64,2128.93
1780174500000,6.64,6.663,6.637,6.663,2280.28
1780174800000,6.664,6.696,6.664,6.685,8593.59
1780175100000,6.686,6.701,6.675,6.693,6429.92
1780175400000,6.694,6.696,6.679,6.679,9241.5
1780175700000,6.678,6.678,6.637,6.665,6676.26
1780176000000,6.666,6.677,6.653,6.677,3850.18
1780176300000,6.677,6.684,6.66,6.66,1416.95
1780176600000,6.66,6.663,6.64,6.64,1791.15
1780176900000,6.639,6.655,6.629,6.654,2397.68
1780177200000,6.654,6.674,6.647,6.662,1466.28
1780177500000,6.661,6.661,6.652,6.652,1254.98
1780177800000,6.652,6.652,6.629,6.647,1461.03
1780178100000,6.647,6.649,6.629,6.634,1221.05
1780178400000,6.635,6.637,6.545,6.566,25147.32
1780178700000,6.566,6.588,6.565,6.581,8017.7
1780179000000,6.582,6.59,6.57,6.59,1507.19
1780179300000,6.591,6.612,6.591,6.593,1223.3
1780179600000,6.593,6.598,6.568,6.58,2540.18
1780179900000,6.581,6.581,6.528,6.544,37517.89
1780180200000,6.544,6.555,6.534,6.539,7594.8
1780180500000,6.541,6.543,6.492,6.513,12701.94
1780180800000,6.512,6.534,6.508,6.531,5245.45
1780181100000,6.531,6.557,6.531,6.546,6394.19
1780181400000,6.545,6.545,6.524,6.54,3727.21
1780181700000,6.542,6.568,6.542,6.556,8037.13
1780182000000,6.555,6.561,6.533,6.561,6194.67
1780182300000,6.56,6.56,6.542,6.55,10694.26
1780182600000,6.549,6.55,6.53,6.537,4383.81
1780182900000,6.536,6.548,6.525,6.527,3651.18
1780183200000,6.527,6.545,6.516,6.54,4887.59
1780183500000,6.541,6.567,6.537,6.561,7566.73
1780183800000,6.559,6.564,6.534,6.541,2191.86
1780184100000,6.54,6.557,6.538,6.553,2648.42
1780184400000,6.554,6.567,6.537,6.537,2228.6
1780184700000,6.538,6.561,6.538,6.551,1842.35
1780185000000,6.552,6.611,6.55,6.592,12626.2
1780185300000,6.593,6.598,6.583,6.598,1215.6
1780185600000,6.599,6.612,6.522,6.527,57930.31
1780185900000,6.528,6.593,6.528,6.591,15987.39
1780186200000,6.59,6.593,6.565,6.569,7014.4
1780186500000,6.568,6.572,6.54,6.562,6510.34
1780186800000,6.562,6.59,6.557,6.568,5810.02
1780187100000,6.566,6.566,6.538,6.553,3285.77
1780187400000,6.552,6.573,6.544,6.573,2803.0
1780187700000,6.572,6.572,6.526,6.545,4340.41
1780188000000,6.545,6.561,6.542,6.548,2487.29
1780188300000,6.547,6.566,6.538,6.561,4527.5
1780188600000,6.563,6.584,6.538,6.584,5714.29
1780188900000,6.583,6.594,6.557,6.557,2911.06
1780189200000,6.556,6.573,6.547,6.57,3625.4
1780189500000,6.57,6.596,6.559,6.592,2191.05
1780189800000,6.591,6.594,6.572,6.588,5035.26
1780190100000,6.588,6.613,6.588,6.606,4617.89
1780190400000,6.606,6.606,6.586,6.594,2869.48
1780190700000,6.595,6.612,6.565,6.581,5591.48
1780191000000,6.58,6.591,6.561,6.567,10702.74
1780191300000,6.568,6.592,6.565,6.574,9726.44
1780191600000,6.573,6.596,6.554,6.554,3240.76
1780191900000,6.554,6.571,6.551,6.552,2133.07
1780192200000,6.551,6.559,6.544,6.558,1141.91
1780192500000,6.558,6.564,6.552,6.564,875.85
1780192800000,6.564,6.606,6.563,6.594,8352.64
1780193100000,6.595,6.595,6.563,6.568,2163.59
1780193400000,6.569,6.594,6.564,6.586,7640.31
1780193700000,6.587,6.598,6.569,6.569,7887.74
1780194000000,6.568,6.57,6.558,6.564,2294.18
1780194300000,6.563,6.563,6.532,6.538,3321.27
1780194600000,6.537,6.545,6.514,6.52,3473.15
1780194900000,6.52,6.545,6.52,6.541,2411.79
1780195200000,6.54,6.541,6.502,6.516,4781.04
1780195500000,6.517,6.525,6.5,6.502,3289.69
1780195800000,6.502,6.522,6.502,6.506,1740.1
1780196100000,6.506,6.537,6.505,6.525,1222.7
1780196400000,6.525,6.533,6.451,6.467,57106.93
1780196700000,6.467,6.488,6.467,6.472,8471.14
1780197000000,6.474,6.505,6.468,6.501,6729.02
1780197300000,6.501,6.503,6.484,6.488,2756.73
1780197600000,6.488,6.495,6.479,6.484,1277.75
1780197900000,6.483,6.486,6.467,6.467,5310.32
1780198200000,6.467,6.473,6.458,6.472,9459.33
1780198500000,6.471,6.471,6.45,6.463,7052.0
1780198800000,6.463,6.464,6.449,6.456,5343.59
1780199100000,6.456,6.483,6.456,6.476,1675.63
1780199400000,6.475,6.475,6.446,6.459,5713.48
1780199700000,6.46,6.477,6.46,6.468,4541.88
1780200000000,6.468,6.468,6.453,6.464,1624.22
1780200300000,6.465,6.478,6.447,6.449,5030.76
1780200600000,6.449,6.455,6.437,6.452,8213.63
1780200900000,6.451,6.472,6.451,6.468,3018.91
1780201200000,6.468,6.48,6.463,6.468,1893.73
1780201500000,6.468,6.48,6.465,6.47,887.37
1780201800000,6.471,6.508,6.453,6.506,9753.68
1780202100000,6.505,6.526,6.496,6.511,4383.24
1780202400000,6.51,6.552,6.504,6.552,4794.82
1780202700000,6.551,6.559,6.518,6.556,5107.72
1780203000000,6.554,6.583,6.552,6.571,9576.4
1780203300000,6.572,6.588,6.569,6.588,5999.88
1780203600000,6.588,6.608,6.561,6.576,19657.69
1780203900000,6.575,6.596,6.569,6.588,3904.06
1780204200000,6.588,6.604,6.577,6.6,6042.82
1780204500000,6.6,6.612,6.586,6.601,2576.49
1780204800000,6.6,6.617,6.569,6.573,7236.66
1780205100000,6.573,6.6,6.573,6.593,3475.48
1780205400000,6.593,6.597,6.549,6.557,4289.43
1780205700000,6.557,6.564,6.544,6.559,5879.14
1780206000000,6.559,6.562,6.55,6.556,843.27
1780206300000,6.555,6.634,6.545,6.61,59375.0
1780206600000,6.61,6.655,6.592,6.634,15803.01
1780206900000,6.633,6.655,6.629,6.652,5977.71
1780207200000,6.652,6.652,6.568,6.569,27798.71
1780207500000,6.567,6.573,6.532,6.538,6697.45
1780207800000,6.538,6.55,6.516,6.527,3527.7
1780208100000,6.528,6.538,6.515,6.522,3287.3
1780208400000,6.522,6.525,6.451,6.482,27088.25
1780208700000,6.483,6.504,6.473,6.502,18559.92
1780209000000,6.502,6.526,6.5,6.508,6698.85
1780209300000,6.509,6.523,6.503,6.509,4128.44
1780209600000,6.51,6.516,6.494,6.5,4609.53
1780209900000,6.499,6.527,6.496,6.519,3544.44
1780210200000,6.518,6.531,6.517,6.526,3101.98
1780210500000,6.525,6.53,6.509,6.513,1690.85
1780210800000,6.513,6.526,6.491,6.496,2351.15
1780211100000,6.497,6.513,6.486,6.492,2494.7
1780211400000,6.493,6.517,6.484,6.517,2075.49
1780211700000,6.517,6.527,6.496,6.513,3407.5
1780212000000,6.514,6.523,6.501,6.502,1900.21
1780212300000,6.503,6.509,6.485,6.488,6543.84
1780212600000,6.486,6.503,6.474,6.493,4244.56
1780212900000,6.493,6.52,6.492,6.51,1952.79
1780213200000,6.51,6.528,6.505,6.517,2528.89
1780213500000,6.517,6.526,6.502,6.519,2864.99
1780213800000,6.52,6.526,6.493,6.52,6999.67
1780214100000,6.52,6.545,6.509,6.539,3010.78
1780214400000,6.54,6.549,6.527,6.533,3281.27
1780214700000,6.532,6.535,6.504,6.508,3381.74
1780215000000,6.506,6.526,6.487,6.509,5507.03
1780215300000,6.508,6.514,6.496,6.499,1401.78
1780215600000,6.499,6.501,6.487,6.491,1261.16
1780215900000,6.489,6.509,6.48,6.508,3090.3
1780216200000,6.509,6.541,6.503,6.527,2676.65
1780216500000,6.528,6.554,6.528,6.545,3641.67
1780216800000,6.544,6.551,6.536,6.543,3549.26
1780217100000,6.544,6.554,6.523,6.523,5382.64
1780217400000,6.522,6.545,6.518,6.531,3081.93
1780217700000,6.531,6.558,6.527,6.534,7224.58
1780218000000,6.533,6.555,6.528,6.536,2364.47
1780218300000,6.537,6.545,6.502,6.526,4559.0
1780218600000,6.525,6.525,6.502,6.519,8530.77
1780218900000,6.519,6.597,6.518,6.593,8895.18
1780219200000,6.592,6.618,6.578,6.611,9783.69
1780219500000,6.61,6.621,6.587,6.605,19704.28
1780219800000,6.605,6.606,6.563,6.575,2125.3
1780220100000,6.574,6.586,6.566,6.576,3108.86
1780220400000,6.575,6.599,6.553,6.553,3237.4
1780220700000,6.552,6.573,6.548,6.566,2723.62
1780221000000,6.564,6.564,6.513,6.518,3677.39
1780221300000,6.518,6.518,6.486,6.492,5503.57
1780221600000,6.491,6.511,6.483,6.499,4845.18
1780221900000,6.498,6.506,6.489,6.494,1634.55
1780222200000,6.493,6.513,6.484,6.504,4481.9
1780222500000,6.503,6.514,6.492,6.498,1239.78
1780222800000,6.499,6.503,6.473,6.489,6561.08
1780223100000,6.488,6.496,6.481,6.493,1599.44
1780223400000,6.494,6.515,6.489,6.49,2844.81
1780223700000,6.489,6.493,6.453,6.471,2374.08
1780224000000,6.47,6.484,6.451,6.483,5044.85
1780224300000,6.482,6.487,6.469,6.487,1520.49
1780224600000,6.486,6.5,6.479,6.487,1227.38
1780224900000,6.487,6.526,6.486,6.504,2113.79
1780225200000,6.506,6.541,6.501,6.537,6734.42
1780225500000,6.535,6.55,6.528,6.55,5342.37
1780225800000,6.55,6.572,6.542,6.557,5943.08
1780226100000,6.558,6.583,6.558,6.569,2950.57
1780226400000,6.569,6.595,6.532,6.595,3198.77
1780226700000,6.593,6.61,6.574,6.579,18563.84
1780227000000,6.579,6.589,6.548,6.556,3021.43
1780227300000,6.555,6.593,6.555,6.586,7806.38
1780227600000,6.586,6.597,6.571,6.58,24109.62
1780227900000,6.581,6.641,6.578,6.634,43334.79
1780228200000,6.634,6.646,6.602,6.622,17891.79
1780228500000,6.623,6.715,6.613,6.702,32757.51
1780228800000,6.703,6.759,6.665,6.686,31539.89
1780229100000,6.686,6.69,6.627,6.635,6517.89
1780229400000,6.634,6.636,6.593,6.621,10697.04
1780229700000,6.62,6.659,6.612,6.654,9095.67
1780230000000,6.654,6.654,6.626,6.637,2518.43
1780230300000,6.636,6.636,6.574,6.581,1460.86
1780230600000,6.58,6.606,6.577,6.581,3614.08
1780230900000,6.582,6.616,6.582,6.592,1106.16
1780231200000,6.591,6.64,6.591,6.64,3330.51
1780231500000,6.64,6.652,6.596,6.599,5989.79
1780231800000,6.598,6.604,6.578,6.596,11032.95
1780232100000,6.597,6.632,6.593,6.63,1401.99
1780232400000,6.631,6.631,6.582,6.587,1777.72
1780232700000,6.586,6.624,6.58,6.623,2317.47
1780233000000,6.623,6.623,6.567,6.567,4354.2
1780233300000,6.568,6.589,6.536,6.588,7615.62
1780233600000,6.588,6.595,6.566,6.592,1986.84
1780233900000,6.593,6.632,6.593,6.624,2706.9
1780234200000,6.625,6.633,6.572,6.582,1358.82
1780234500000,6.581,6.593,6.564,6.567,4544.0
1780234800000,6.566,6.566,6.551,6.556,1491.54
1780235100000,6.557,6.575,6.508,6.52,36066.5
1780235400000,6.521,6.541,6.509,6.53,5696.55
1780235700000,6.529,6.535,6.522,6.531,2677.95
1780236000000,6.53,6.53,6.477,6.494,5395.86
1780236300000,6.493,6.498,6.461,6.492,16671.33
1780236600000,6.49,6.544,6.479,6.531,19580.82
1780236900000,6.532,6.533,6.473,6.479,14158.26
1780237200000,6.478,6.49,6.457,6.468,11394.54
1780237500000,6.467,6.481,6.457,6.471,2109.26
1780237800000,6.47,6.503,6.454,6.48,11142.03
1780238100000,6.479,6.5,6.467,6.479,13487.64
1780238400000,6.478,6.482,6.383,6.39,18712.64
1780238700000,6.389,6.41,6.369,6.409,18234.76
1780239000000,6.409,6.41,6.395,6.403,3237.81
1780239300000,6.403,6.427,6.393,6.42,11308.41
1780239600000,6.419,6.426,6.391,6.396,9105.39
1780239900000,6.396,6.403,6.383,6.393,3785.73
1780240200000,6.392,6.414,6.383,6.409,2737.6
1780240500000,6.408,6.408,6.383,6.385,1505.91
1780240800000,6.385,6.438,6.382,6.432,4357.59
1780241100000,6.432,6.453,6.418,6.42,3580.88
1780241400000,6.42,6.434,6.418,6.432,1996.54
1780241700000,6.431,6.451,6.426,6.449,16851.79
1780242000000,6.448,6.448,6.376,6.386,7171.07
1780242300000,6.387,6.413,6.381,6.389,4781.05
1780242600000,6.39,6.399,6.369,6.379,7779.79
1780242900000,6.38,6.384,6.344,6.37,16908.48
1780243200000,6.371,6.408,6.37,6.382,5282.02
1780243500000,6.384,6.409,6.384,6.402,4667.24
1780243800000,6.403,6.408,6.36,6.368,2705.4
1780244100000,6.367,6.385,6.361,6.372,1201.78
1780244400000,6.371,6.379,6.334,6.372,9194.11
1780244700000,6.371,6.388,6.354,6.387,5027.61
1780245000000,6.386,6.39,6.351,6.369,3809.94
1780245300000,6.368,6.369,6.326,6.357,8159.1
1780245600000,6.357,6.378,6.354,6.359,2074.15
1780245900000,6.36,6.373,6.331,6.373,3252.72
1780246200000,6.374,6.382,6.361,6.375,1259.07
1780246500000,6.375,6.38,6.353,6.362,1264.32
1780246800000,6.362,6.397,6.357,6.37,8360.75
1780247100000,6.371,6.373,6.299,6.337,53795.39
1780247400000,6.338,6.387,6.334,6.376,12248.68
1780247700000,6.376,6.422,6.376,6.405,5981.58
1780248000000,6.406,6.445,6.406,6.439,6609.77
1780248300000,6.44,6.442,6.42,6.424,911.97
1780248600000,6.423,6.442,6.42,6.431,1119.05
1780248900000,6.432,6.441,6.423,6.429,2618.83
1780249200000,6.429,6.435,6.421,6.429,2048.43
1780249500000,6.429,6.441,6.424,6.429,3063.21
1780249800000,6.428,6.434,6.412,6.418,10065.19
1780250100000,6.417,6.417,6.384,6.403,3591.45
1780250400000,6.402,6.402,6.375,6.386,3099.69
1780250700000,6.385,6.42,6.383,6.406,8649.97
1780251000000,6.407,6.409,6.384,6.384,612.34
1780251300000,6.383,6.387,6.365,6.37,2290.87
1780251600000,6.37,6.38,6.359,6.38,2961.77
1780251900000,6.381,6.384,6.359,6.369,1847.52
1780252200000,6.369,6.4,6.369,6.392,1343.4
1780252500000,6.393,6.401,6.388,6.392,810.88
1780252800000,6.392,6.417,6.39,6.403,3485.01
1780253100000,6.403,6.428,6.4,6.418,4025.64
1780253400000,6.417,6.423,6.408,6.417,1742.27
1780253700000,6.417,6.428,6.412,6.422,1228.86
1780254000000,6.421,6.457,6.42,6.437,4174.44
1780254300000,6.438,6.45,6.426,6.431,984.69
1780254600000,6.432,6.459,6.431,6.436,4138.76
1780254900000,6.436,6.44,6.43,6.433,692.83
1780255200000,6.434,6.449,6.427,6.434,2688.49
1780255500000,6.434,6.434,6.407,6.418,11116.47
1780255800000,6.419,6.42,6.383,6.383,2904.3
1780256100000,6.387,6.391,6.372,6.383,1489.76
1780256400000,6.383,6.4,6.368,6.377,3737.68
1780256700000,6.377,6.39,6.375,6.375,3149.71
1780257000000,6.374,6.388,6.374,6.388,569.42
1780257300000,6.388,6.41,6.388,6.39,1753.11
1780257600000,6.391,6.412,6.369,6.384,2623.75
1780257900000,6.383,6.416,6.382,6.413,4624.54
1780258200000,6.413,6.415,6.392,6.396,1278.91
1780258500000,6.397,6.397,6.372,6.387,2328.39
1780258800000,6.386,6.402,6.383,6.395,1773.92
1780259100000,6.396,6.418,6.392,6.417,2723.98
1780259400000,6.416,6.421,6.381,6.399,11734.71
1780259700000,6.4,6.409,6.398,6.409,153.37
1780260000000,6.41,6.421,6.409,6.418,1691.83
1780260300000,6.418,6.448,6.418,6.438,3863.32
1780260600000,6.437,6.45,6.428,6.45,1482.36
1780260900000,6.45,6.46,6.439,6.451,15228.03
1780261200000,6.451,6.453,6.433,6.448,10143.37
1780261500000,6.449,6.454,6.439,6.454,556.45
1780261800000,6.454,6.475,6.451,6.468,3060.77
1780262100000,6.467,6.518,6.467,6.501,20962.77
1780262400000,6.501,6.504,6.455,6.468,6264.67
1780262700000,6.469,6.49,6.463,6.474,3361.2
1780263000000,6.472,6.51,6.472,6.496,5027.71
1780263300000,6.495,6.522,6.484,6.517,6984.82
1780263600000,6.518,6.57,6.515,6.553,11429.4
1780263900000,6.554,6.571,6.537,6.55,4073.84
1780264200000,6.549,6.55,6.507,6.509,1923.31
1780264500000,6.507,6.507,6.449,6.478,6827.44
1780264800000,6.479,6.504,6.452,6.457,6614.16
1780265100000,6.458,6.508,6.453,6.506,2219.93
1780265400000,6.506,6.542,6.502,6.518,7552.46
1780265700000,6.518,6.548,6.511,6.515,9184.49
1780266000000,6.514,6.517,6.475,6.493,9742.78
1780266300000,6.494,6.514,6.473,6.482,5667.72
1780266600000,6.483,6.533,6.476,6.533,5377.5
1780266900000,6.532,6.543,6.522,6.539,4258.08
1780267200000,6.54,6.578,6.535,6.576,11922.43
1780267500000,6.577,6.582,6.552,6.563,8507.66
1780267800000,6.563,6.582,6.545,6.576,4404.55
1780268100000,6.577,6.596,6.57,6.582,2586.71
1780268400000,6.583,6.651,6.574,6.638,8245.62
1780268700000,6.64,6.643,6.607,6.629,2756.99
1780269000000,6.628,6.631,6.56,6.562,5139.67
1780269300000,6.563,6.591,6.558,6.565,2397.19
1780269600000,6.566,6.566,6.523,6.543,3455.29
1780269900000,6.542,6.547,6.523,6.527,8665.4
1780270200000,6.528,6.532,6.476,6.484,12311.55
1780270500000,6.483,6.493,6.464,6.486,9479.22
1780270800000,6.485,6.485,6.463,6.481,1068.71
1780271100000,6.481,6.546,6.46,6.533,80231.89
1780271400000,6.534,6.537,6.497,6.523,4607.03
1780271700000,6.522,6.562,6.521,6.543,2628.65
1780272000000,6.542,6.566,6.532,6.556,3838.02
1780272300000,6.558,6.561,6.509,6.512,5486.97
1780272600000,6.511,6.544,6.476,6.544,18723.35
1780272900000,6.544,6.549,6.5,6.5,2621.48
1780273200000,6.5,6.529,6.493,6.526,816.85
1780273500000,6.528,6.539,6.503,6.505,6282.15
1780273800000,6.506,6.526,6.488,6.514,4131.94
1780274100000,6.514,6.515,6.488,6.499,2041.97
1780274400000,6.498,6.525,6.494,6.512,4390.16
1780274700000,6.511,6.514,6.49,6.497,2474.91
1780275000000,6.498,6.515,6.494,6.502,3382.81
1780275300000,6.501,6.501,6.466,6.494,11076.86
1780275600000,6.493,6.504,6.474,6.486,4171.45
1780275900000,6.485,6.488,6.463,6.466,19147.67
1780276200000,6.466,6.476,6.423,6.425,3641.52
1780276500000,6.425,6.463,6.425,6.44,2963.21
1780276800000,6.441,6.458,6.433,6.442,1791.11
1780277100000,6.443,6.469,6.431,6.447,1631.59
1780277400000,6.446,6.489,6.441,6.486,4097.21
1780277700000,6.487,6.51,6.47,6.471,6977.75
1780278000000,6.471,6.502,6.448,6.458,5118.81
1780278300000,6.457,6.483,6.441,6.48,3460.32
1780278600000,6.481,6.486,6.449,6.458,6422.37
1780278900000,6.458,6.486,6.439,6.466,2950.82
1780279200000,6.467,6.505,6.46,6.501,3377.34
1780279500000,6.502,6.586,6.502,6.558,19772.64
1780279800000,6.558,6.587,6.556,6.572,4089.57
1780280100000,6.573,6.586,6.42,6.489,36474.06
1780280400000,6.49,6.501,6.478,6.481,3301.64
1780280700000,6.48,6.51,6.471,6.503,2534.3
1780281000000,6.503,6.525,6.491,6.524,3690.12
1780281300000,6.526,6.542,6.512,6.514,1128.09
1780281600000,6.513,6.606,6.498,6.562,16083.96
1780281900000,6.561,6.57,6.542,6.554,1630.58
1780282200000,6.554,6.591,6.549,6.585,2383.96
1780282500000,6.582,6.612,6.566,6.569,2313.73
1780282800000,6.568,6.646,6.567,6.635,14565.36
1780283100000,6.636,6.695,6.621,6.688,17422.97
1780283400000,6.688,6.688,6.615,6.631,10774.33
1780283700000,6.631,6.662,6.599,6.641,12318.79
1780284000000,6.64,6.688,6.628,6.664,23448.44
1780284300000,6.665,6.683,6.653,6.683,5667.39
1780284600000,6.681,6.71,6.662,6.671,5337.36
1780284900000,6.67,6.678,6.625,6.638,4014.89
1780285200000,6.636,6.646,6.619,6.638,3602.34
1780285500000,6.641,6.659,6.621,6.624,1099.55
1780285800000,6.625,6.644,6.6,6.604,2799.34
1780286100000,6.604,6.631,6.593,6.63,4494.47
1780286400000,6.63,6.703,6.629,6.676,13396.61
1780286700000,6.676,6.681,6.606,6.606,14063.21
1780287000000,6.606,6.609,6.549,6.571,17724.45
1780287300000,6.571,6.579,6.544,6.56,7614.68
1780287600000,6.56,6.579,6.534,6.535,4740.69
1780287900000,6.535,6.566,6.525,6.545,7103.16
1780288200000,6.544,6.576,6.531,6.574,4096.62
1780288500000,6.572,6.579,6.538,6.554,1866.73
1780288800000,6.554,6.562,6.519,6.523,8120.99
1780289100000,6.522,6.522,6.464,6.497,9552.95
1780289400000,6.498,6.527,6.486,6.517,6668.07
1780289700000,6.516,6.52,6.49,6.507,1151.15
1780290000000,6.505,6.536,6.504,6.531,3329.13
1780290300000,6.532,6.57,6.531,6.556,2872.04
1780290600000,6.554,6.583,6.543,6.581,1712.71
1780290900000,6.581,6.627,6.575,6.625,4486.55
1780291200000,6.626,6.708,6.626,6.674,12086.06
1780291500000,6.675,6.679,6.612,6.619,7367.93
1780291800000,6.62,6.622,6.557,6.563,4271.5
1780292100000,6.563,6.564,6.524,6.557,3997.08
1780292400000,6.558,6.604,6.547,6.602,8632.86
1780292700000,6.602,6.646,6.597,6.638,3012.28
1780293000000,6.637,6.644,6.606,6.627,3274.5
1780293300000,6.627,6.635,6.577,6.583,3619.45
1780293600000,6.582,6.635,6.582,6.607,4765.08
1780293900000,6.606,6.635,6.555,6.572,6121.11
1780294200000,6.572,6.579,6.45,6.568,89565.92
1780294500000,6.568,6.581,6.546,6.571,2312.12
1780294800000,6.569,6.577,6.528,6.558,4778.01
1780295100000,6.557,6.563,6.524,6.524,3690.13
1780295400000,6.524,6.524,6.485,6.502,8540.96
1780295700000,6.499,6.504,6.469,6.503,7229.85
1780296000000,6.502,6.513,6.482,6.484,8321.56
1780296300000,6.485,6.53,6.474,6.52,8439.5
1780296600000,6.519,6.552,6.514,6.531,5916.53
1780296900000,6.53,6.569,6.527,6.548,4120.45
1780297200000,6.547,6.568,6.519,6.544,4407.16
1780297500000,6.543,6.598,6.538,6.576,5651.04
1780297800000,6.577,6.577,6.502,6.513,10700.92
1780298100000,6.512,6.527,6.495,6.51,4274.8
1780298400000,6.511,6.511,6.402,6.494,60263.03
1780298700000,6.493,6.506,6.466,6.473,8320.81
1780299000000,6.474,6.486,6.462,6.469,5061.27
1780299300000,6.47,6.485,6.443,6.454,2919.76
1780299600000,6.455,6.459,6.43,6.438,4164.81
1780299900000,6.439,6.469,6.428,6.452,2953.88
1780300200000,6.454,6.526,6.453,6.47,14104.31
1780300500000,6.471,6.481,6.446,6.455,5713.58
1780300800000,6.454,6.483,6.424,6.46,6071.18
1780301100000,6.461,6.481,6.449,6.468,3524.88
1780301400000,6.467,6.484,6.46,6.472,3621.4
1780301700000,6.471,6.487,6.449,6.487,1784.33
1780302000000,6.485,6.52,6.472,6.506,5417.06
1780302300000,6.505,6.508,6.463,6.48,3158.39
1780302600000,6.481,6.512,6.447,6.507,4779.67
1780302900000,6.508,6.523,6.482,6.501,2224.65
1780303200000,6.501,6.504,6.457,6.469,3962.12
1780303500000,6.469,6.493,6.462,6.477,3572.52
1780303800000,6.477,6.477,6.45,6.455,7035.48
1780304100000,6.455,6.59,6.432,6.512,63233.7
1780304400000,6.512,6.546,6.502,6.535,16243.4
1780304700000,6.534,6.541,6.507,6.541,3138.92
1780305000000,6.542,6.55,6.535,6.539,1960.86
1780305300000,6.539,6.559,6.521,6.538,3377.64
1780305600000,6.538,6.55,6.532,6.539,2863.29
1780305900000,6.54,6.543,6.484,6.485,12811.08
1780306200000,6.484,6.501,6.458,6.49,9909.01
1780306500000,6.491,6.537,6.464,6.536,4005.71
1780306800000,6.536,6.552,6.534,6.546,3927.39
1780307100000,6.545,6.573,6.541,6.559,3583.5
1780307400000,6.559,6.609,6.553,6.592,10072.7
1780307700000,6.592,6.607,6.583,6.586,4663.54
1780308000000,6.587,6.601,6.566,6.599,4541.34
1780308300000,6.599,6.637,6.589,6.623,6769.29
1780308600000,6.623,6.632,6.533,6.542,10195.48
1780308900000,6.543,6.583,6.539,6.582,4051.25
1780309200000,6.581,6.607,6.578,6.598,1939.84
1780309500000,6.599,6.624,6.587,6.621,2328.62
1780309800000,6.62,6.656,6.618,6.629,15163.61
1780310100000,6.63,6.669,6.612,6.658,8726.99
1780310400000,6.657,6.685,6.644,6.685,6794.11
1780310700000,6.685,6.7,6.664,6.677,13450.35
1780311000000,6.678,6.736,6.667,6.732,23662.06
1780311300000,6.732,6.739,6.675,6.689,5185.35
1780311600000,6.69,6.723,6.684,6.707,29003.29
1780311900000,6.708,6.736,6.698,6.709,5325.88
1780312200000,6.709,6.709,6.663,6.677,7297.84
1780312500000,6.677,6.687,6.646,6.649,5509.98
1780312800000,6.65,6.712,6.65,6.712,4502.1
1780313100000,6.712,6.749,6.712,6.734,6962.22
1780313400000,6.733,6.772,6.709,6.712,15334.13
1780313700000,6.715,6.745,6.689,6.7,57818.75
1780314000000,6.701,6.727,6.685,6.702,8040.36
1780314300000,6.702,6.716,6.672,6.682,9825.56
1780314600000,6.681,6.707,6.662,6.694,5639.01
1780314900000,6.693,6.724,6.652,6.664,9230.73
1780315200000,6.665,6.696,6.553,6.657,41696.92
1780315500000,6.657,6.685,6.602,6.606,8988.21
1780315800000,6.605,6.634,6.565,6.598,27992.93
1780316100000,6.599,6.681,6.599,6.662,31682.74
1780316400000,6.662,6.758,6.662,6.727,29768.4
1780316700000,6.726,6.81,6.725,6.779,48342.75
1780317000000,6.78,6.839,6.776,6.838,33590.98
1780317300000,6.837,6.854,6.814,6.852,26646.99
1780317600000,6.852,6.858,6.765,6.798,25240.22
1780317900000,6.798,6.839,6.794,6.824,15030.2
1780318200000,6.824,6.847,6.806,6.827,24732.11
1780318500000,6.828,6.869,6.805,6.832,17234.21
1780318800000,6.832,6.832,6.743,6.752,20450.79
1780319100000,6.753,6.793,6.744,6.758,9418.66
1780319400000,6.757,6.757,6.709,6.754,58479.76
1780319700000,6.755,6.857,6.752,6.821,43023.37
1780320000000,6.821,6.827,6.736,6.743,11530.5
1780320300000,6.742,6.776,6.716,6.73,14522.46
1780320600000,6.731,6.803,6.721,6.767,9961.05
1780320900000,6.766,6.796,6.72,6.72,13405.55
1780321200000,6.719,6.836,6.716,6.798,20473.98
1780321500000,6.8,6.82,6.74,6.742,6540.67
1780321800000,6.742,6.773,6.709,6.727,21778.34
1780322100000,6.726,6.82,6.677,6.786,50842.0
1780322400000,6.787,6.854,6.773,6.831,24377.42
1780322700000,6.83,6.83,6.782,6.791,11339.63
1780323000000,6.792,6.807,6.751,6.786,7627.38
1780323300000,6.785,6.824,6.741,6.822,14195.49
1780323600000,6.821,6.867,6.815,6.834,7790.58
1780323900000,6.833,6.876,6.831,6.847,9837.46
1780324200000,6.846,6.871,6.817,6.861,15181.94
1780324500000,6.86,6.898,6.8,6.814,17837.23
1780324800000,6.813,6.816,6.755,6.779,5586.96
1780325100000,6.778,6.789,6.74,6.752,11636.07
1780325400000,6.752,6.788,6.751,6.757,3066.98
1780325700000,6.756,6.764,6.7,6.762,23549.98
1780326000000,6.763,6.858,6.759,6.843,30344.02
1780326300000,6.843,6.88,6.817,6.835,11628.02
1780326600000,6.835,6.885,6.834,6.864,12535.57
1780326900000,6.865,6.876,6.815,6.854,15796.25
1780327200000,6.854,6.864,6.832,6.847,17347.08
1780327500000,6.847,6.894,6.822,6.833,20265.22
1780327800000,6.834,6.975,6.834,6.954,25563.32
1780328100000,6.954,6.961,6.908,6.913,16566.3
1780328400000,6.912,6.939,6.877,6.888,14669.28
1780328700000,6.887,6.935,6.847,6.901,19534.99
1780329000000,6.9,6.967,6.9,6.95,12664.7
1780329300000,6.95,6.987,6.9,6.974,29992.9
1780329600000,6.973,7.036,6.97,7.03,47785.7
1780329900000,7.028,7.113,7.0,7.037,102732.55
1780330200000,7.036,7.133,7.027,7.11,48740.65
1780330500000,7.11,7.165,7.085,7.152,106171.43
1780330800000,7.153,7.194,7.126,7.165,38717.02
1780331100000,7.164,7.21,7.084,7.195,47649.71
1780331400000,7.196,7.247,7.177,7.237,24066.38
1780331700000,7.236,7.239,7.057,7.171,55909.03
1780332000000,7.173,7.25,7.17,7.235,34059.29
1780332300000,7.235,7.244,7.126,7.131,21980.3
1780332600000,7.131,7.134,7.052,7.071,33994.6
1780332900000,7.071,7.115,7.037,7.084,21997.72
1780333200000,7.083,7.177,7.082,7.167,19366.58
1780333500000,7.166,7.175,7.095,7.099,23600.82
1780333800000,7.099,7.171,7.092,7.124,11379.6
1780334100000,7.124,7.135,6.959,6.996,39458.74
1780334400000,6.997,7.041,6.98,6.992,19227.29
1780334700000,6.991,7.03,6.936,6.974,18169.71
1780335000000,6.974,7.013,6.933,6.937,18508.29
1780335300000,6.937,7.026,6.931,7.021,21710.8
1780335600000,7.022,7.047,6.993,7.016,12682.97
1780335900000,7.017,7.027,6.984,7.008,2719.13
1780336200000,7.009,7.015,6.984,6.997,4237.27
1780336500000,6.999,7.072,6.984,6.994,14304.57
1780336800000,6.993,7.007,6.984,7.0,5594.44
1780337100000,7.0,7.031,6.986,6.998,11189.13
1780337400000,6.998,7.026,6.983,7.025,1954.36
1780337700000,7.026,7.042,6.983,7.002,5756.58
1780338000000,7.001,7.067,6.987,7.056,13543.67
1780338300000,7.056,7.075,7.032,7.071,27288.66
1780338600000,7.072,7.103,7.049,7.07,6581.8
1780338900000,7.069,7.088,7.038,7.079,31447.35
1780339200000,7.078,7.105,7.052,7.1,15596.55
1780339500000,7.1,7.193,7.092,7.138,30277.85
1780339800000,7.138,7.2,7.138,7.18,8406.82
1780340100000,7.18,7.2,7.169,7.191,6492.55
1780340400000,7.191,7.23,7.189,7.196,18190.34
1780340700000,7.195,7.235,7.136,7.138,12978.3
1780341000000,7.137,7.151,7.117,7.14,8668.73
1780341300000,7.141,7.186,7.12,7.17,14761.13
1780341600000,7.169,7.202,7.151,7.181,4552.78
1780341900000,7.181,7.266,7.165,7.239,33468.83
1780342200000,7.238,7.253,7.187,7.23,31955.78
1780342500000,7.23,7.272,7.196,7.266,14620.45
1780342800000,7.267,7.29,7.235,7.274,16933.53
1780343100000,7.273,7.31,7.241,7.286,24448.59
1780343400000,7.288,7.344,7.269,7.314,21578.8
1780343700000,7.314,7.345,7.301,7.331,22716.95
1780344000000,7.332,7.344,7.261,7.273,16596.67
1780344300000,7.272,7.272,7.143,7.152,23621.44
1780344600000,7.153,7.207,7.148,7.203,9933.56
1780344900000,7.203,7.205,7.157,7.19,8542.26
1780345200000,7.19,7.192,7.126,7.145,5847.26
1780345500000,7.145,7.145,7.083,7.084,9932.78
1780345800000,7.085,7.132,7.061,7.079,26002.45
1780346100000,7.08,7.084,7.054,7.064,14790.68
1780346400000,7.065,7.076,7.017,7.032,58826.71
1780346700000,7.033,7.07,7.031,7.065,11827.45
1780347000000,7.065,7.065,6.998,7.023,10621.3
1780347300000,7.024,7.037,6.997,7.011,20806.93
1780347600000,7.013,7.038,6.969,6.974,27492.06
1780347900000,6.975,6.987,6.841,6.854,48649.54
1780348200000,6.856,6.877,6.804,6.853,39481.59
1780348500000,6.854,6.892,6.85,6.891,13726.68
1780348800000,6.891,6.923,6.862,6.92,16700.25
1780349100000,6.921,6.931,6.881,6.901,17355.03
1780349400000,6.901,6.92,6.889,6.92,4691.74
1780349700000,6.919,6.949,6.851,6.858,20093.02
1780350000000,6.858,6.894,6.851,6.878,6659.15
1780350300000,6.877,6.896,6.867,6.89,1243.83
1780350600000,6.889,6.889,6.857,6.857,2087.95
1780350900000,6.858,6.865,6.838,6.842,4200.22
1780351200000,6.842,6.842,6.764,6.829,60862.65
1780351500000,6.83,6.886,6.83,6.884,4044.03
1780351800000,6.883,6.891,6.858,6.879,3168.92
1780352100000,6.879,6.888,6.858,6.87,2485.9
1780352400000,6.87,6.896,6.85,6.895,6804.93
1780352700000,6.895,7.021,6.895,7.0,31861.7
1780353000000,6.999,7.053,6.975,7.006,24478.53
1780353300000,7.005,7.037,6.981,6.984,8116.1
1780353600000,6.986,6.998,6.956,6.986,8410.38
1780353900000,6.986,7.056,6.975,7.016,3246.39
1780354200000,7.017,7.079,7.017,7.069,11658.64
1780354500000,7.07,7.075,7.033,7.062,5263.19
1780354800000,7.062,7.096,7.026,7.026,50998.62
1780355100000,7.025,7.047,7.004,7.01,14294.46
1780355400000,7.011,7.061,6.991,6.997,9911.85
1780355700000,6.996,7.016,6.975,7.002,12567.02
1780356000000,7.003,7.051,7.003,7.021,6872.82
1780356300000,7.021,7.046,7.02,7.031,6374.14
1780356600000,7.032,7.065,7.01,7.058,8469.99
1780356900000,7.059,7.09,7.029,7.082,8989.08
1780357200000,7.081,7.081,7.036,7.039,4971.89
1780357500000,7.038,7.044,7.0,7.025,8230.39
1780357800000,7.024,7.024,6.956,6.974,4174.78
1780358100000,6.973,7.002,6.968,6.99,5012.43
1780358400000,6.991,7.049,6.967,7.006,6235.55
1780358700000,7.006,7.006,6.941,6.963,8746.0
1780359000000,6.962,6.981,6.954,6.968,20383.8
1780359300000,6.967,6.967,6.894,6.9,16592.18
1780359600000,6.9,6.93,6.894,6.905,6160.74
1780359900000,6.904,6.912,6.886,6.887,5643.08
1780360200000,6.889,6.928,6.889,6.928,5125.25
1780360500000,6.926,6.936,6.881,6.889,6632.89
1780360800000,6.89,6.917,6.883,6.896,4112.25
1780361100000,6.898,6.926,6.897,6.919,3887.09
1780361400000,6.918,6.958,6.916,6.947,3006.46
1780361700000,6.946,6.989,6.928,6.936,8317.51
1780362000000,6.936,6.982,6.921,6.931,9577.13
1780362300000,6.932,6.965,6.916,6.918,3148.79
1780362600000,6.917,6.922,6.887,6.922,2891.63
1780362900000,6.922,6.963,6.907,6.946,6016.61
1780363200000,6.947,7.026,6.941,7.015,9128.18
1780363500000,7.014,7.02,6.974,6.976,7000.35
1780363800000,6.975,6.992,6.92,6.93,5955.42
1780364100000,6.931,6.94,6.899,6.899,3700.84
1780364400000,6.898,6.982,6.891,6.966,12647.89
1780364700000,6.966,6.973,6.926,6.936,1587.79
1780365000000,6.935,6.957,6.904,6.904,3354.46
1780365300000,6.905,6.918,6.882,6.892,6222.48
1780365600000,6.891,6.911,6.875,6.902,3273.4
1780365900000,6.901,6.901,6.847,6.869,7034.42
1780366200000,6.87,6.922,6.848,6.916,12358.41
1780366500000,6.916,6.952,6.903,6.94,6270.93
1780366800000,6.939,7.017,6.922,7.005,11741.67
1780367100000,7.006,7.062,6.998,7.046,5954.26
1780367400000,7.045,7.068,7.027,7.047,4909.65
1780367700000,7.046,7.092,7.045,7.05,5838.69
1780368000000,7.05,7.055,7.031,7.047,2989.18
1780368300000,7.047,7.112,7.046,7.104,13325.41
1780368600000,7.103,7.129,7.079,7.084,4609.83
1780368900000,7.083,7.106,7.069,7.082,9736.77
1780369200000,7.083,7.103,7.066,7.082,6223.17
1780369500000,7.083,7.16,7.083,7.16,12670.46
1780369800000,7.16,7.194,7.13,7.187,24489.6
1780370100000,7.187,7.212,7.151,7.176,28837.42
1780370400000,7.177,7.251,7.156,7.251,19895.81
1780370700000,7.251,7.295,7.232,7.282,16519.94
1780371000000,7.281,7.3,7.236,7.286,25044.19
1780371300000,7.286,7.293,7.259,7.262,4906.38
1780371600000,7.263,7.277,7.214,7.214,9070.39
1780371900000,7.214,7.235,7.177,7.184,10198.29
1780372200000,7.185,7.218,7.169,7.21,7299.12
1780372500000,7.21,7.251,7.206,7.211,11173.88
1780372800000,7.211,7.234,7.189,7.19,8495.85
1780373100000,7.189,7.19,7.147,7.16,7279.41
1780373400000,7.161,7.195,7.123,7.173,11162.51
1780373700000,7.173,7.219,7.172,7.217,11663.9
1780374000000,7.217,7.234,7.143,7.175,15403.45
1780374300000,7.174,7.216,7.167,7.193,10371.28
1780374600000,7.192,7.192,7.138,7.149,9434.33
1780374900000,7.148,7.168,7.126,7.143,5367.24
1780375200000,7.142,7.175,7.124,7.147,10039.83
1780375500000,7.146,7.146,7.065,7.067,8258.29
1780375800000,7.066,7.091,7.046,7.049,4412.28
1780376100000,7.048,7.048,6.986,6.993,10062.31
1780376400000,6.993,7.019,6.965,6.973,7519.73
1780376700000,6.973,7.013,6.97,6.981,3809.74
1780377000000,6.98,7.031,6.974,7.017,4627.33
1780377300000,7.016,7.022,6.982,6.995,5493.77
1780377600000,6.994,7.013,6.983,6.983,5969.48
1780377900000,6.982,6.982,6.952,6.974,4701.1
1780378200000,6.975,6.992,6.95,6.952,9029.5
1780378500000,6.953,6.966,6.914,6.952,46658.88
1780378800000,6.951,6.968,6.933,6.965,5122.81
1780379100000,6.963,6.974,6.94,6.949,7862.91
1780379400000,6.95,6.965,6.929,6.95,7155.78
1780379700000,6.949,6.949,6.901,6.915,8004.73
1780380000000,6.916,6.978,6.915,6.973,10881.03
1780380300000,6.971,7.021,6.969,7.021,13346.61
1780380600000,7.019,7.021,6.936,6.961,25736.17
1780380900000,6.96,6.98,6.934,6.946,3451.72
1780381200000,6.945,6.973,6.943,6.964,1955.28
1780381500000,6.964,7.012,6.964,6.984,4045.74
1780381800000,6.985,7.007,6.972,6.972,3454.71
1780382100000,6.972,7.034,6.965,7.034,4277.11
1780382400000,7.035,7.038,7.011,7.02,2803.6
1780382700000,7.02,7.055,7.011,7.046,5440.1
1780383000000,7.046,7.084,7.021,7.023,10078.82
1780383300000,7.021,7.021,6.982,6.998,8877.94
1780383600000,6.999,7.009,6.943,6.968,8652.72
1780383900000,6.969,7.031,6.969,7.022,19111.68
1780384200000,7.023,7.102,7.023,7.099,10379.12
1780384500000,7.099,7.139,7.098,7.117,18390.59
1780384800000,7.116,7.149,7.063,7.105,48326.64
1780385100000,7.105,7.106,7.039,7.063,8157.42
1780385400000,7.062,7.094,7.051,7.091,8088.76
1780385700000,7.092,7.12,7.078,7.117,7995.67
1780386000000,7.116,7.162,7.106,7.149,13834.22
1780386300000,7.148,7.148,7.097,7.113,9938.41
1780386600000,7.115,7.186,7.107,7.181,6198.94
1780386900000,7.182,7.189,7.121,7.121,5462.85
1780387200000,7.121,7.168,7.102,7.132,5949.13
1780387500000,7.133,7.16,7.08,7.092,15135.86
1780387800000,7.092,7.133,7.07,7.097,7614.24
1780388100000,7.098,7.132,7.088,7.118,6033.46
1780388400000,7.119,7.13,7.078,7.092,9992.44
1780388700000,7.091,7.14,7.089,7.136,6954.6
1780389000000,7.137,7.156,7.124,7.144,6275.21
1780389300000,7.143,7.153,7.116,7.153,3990.51
1780389600000,7.154,7.154,7.09,7.091,5508.99
1780389900000,7.09,7.102,7.07,7.083,12639.01
1780390200000,7.084,7.096,7.068,7.081,2229.72
1780390500000,7.082,7.088,7.056,7.062,4067.35
1780390800000,7.063,7.063,6.983,7.033,17124.87
1780391100000,7.033,7.076,7.021,7.047,8500.09
1780391400000,7.046,7.095,7.036,7.071,7276.68
1780391700000,7.071,7.137,7.063,7.125,6539.92
1780392000000,7.126,7.135,7.081,7.081,6079.91
1780392300000,7.082,7.13,7.068,7.124,6617.4
1780392600000,7.124,7.2,7.108,7.173,21653.44
1780392900000,7.172,7.266,7.164,7.225,85783.33
1780393200000,7.225,7.269,7.215,7.26,11327.43
1780393500000,7.26,7.281,7.192,7.231,39496.54
1780393800000,7.231,7.251,7.195,7.201,25944.04
1780394100000,7.2,7.29,7.198,7.281,16871.7
1780394400000,7.281,7.307,7.263,7.304,24652.4
1780394700000,7.303,7.303,7.229,7.292,19070.53
1780395000000,7.294,7.343,7.282,7.306,21398.96
1780395300000,7.305,7.323,7.257,7.288,13019.86
1780395600000,7.288,7.288,7.212,7.237,22862.3
1780395900000,7.237,7.242,7.192,7.223,22323.71
1780396200000,7.222,7.233,7.165,7.195,20613.76
1780396500000,7.194,7.194,7.162,7.178,3518.71
1780396800000,7.177,7.223,7.149,7.213,4030.65
1780397100000,7.213,7.238,7.182,7.186,2989.15
1780397400000,7.186,7.289,7.183,7.279,6131.31
1780397700000,7.279,7.3,7.262,7.262,13004.84
1780398000000,7.261,7.286,7.254,7.281,5682.11
1780398300000,7.284,7.316,7.273,7.289,8176.1
1780398600000,7.29,7.292,7.191,7.2,16574.48
1780398900000,7.2,7.217,7.136,7.154,7460.57
1782518400000,4.875,4.908,4.844,4.905,14391.61
1782518700000,4.904,4.943,4.902,4.932,11825.61
1782519000000,4.928,4.938,4.916,4.921,8698.03
1782519300000,4.922,4.938,4.898,4.917,15078.2
1782519600000,4.918,4.918,4.866,4.866,4063.21
1782519900000,4.866,4.89,4.86,4.88,7350.27
1782520200000,4.879,4.883,4.853,4.858,1727.31
1782520500000,4.858,4.863,4.842,4.863,4059.06
1782520800000,4.862,4.878,4.86,4.878,4591.15
1782521100000,4.877,4.93,4.874,4.926,7529.3
1782521400000,4.926,4.939,4.912,4.916,7878.36
1782521700000,4.914,4.94,4.912,4.939,4367.12
1782522000000,4.94,4.953,4.904,4.909,9516.2
1782522300000,4.908,4.909,4.869,4.871,4623.31
1782522600000,4.871,4.9,4.866,4.899,3993.6
1782522900000,4.9,4.903,4.887,4.901,2778.36
1782523200000,4.9,4.918,4.893,4.907,3319.73
1782523500000,4.907,4.918,4.905,4.917,3278.69
1782523800000,4.916,4.916,4.871,4.881,4421.86
1782524100000,4.881,4.9,4.878,4.885,3095.36
1782524400000,4.885,4.896,4.88,4.884,1788.12
1782524700000,4.884,4.886,4.874,4.881,2263.93
1782525000000,4.882,4.906,4.882,4.905,2371.42
1782525300000,4.905,4.913,4.899,4.904,3694.57
1782525600000,4.905,4.911,4.896,4.903,2530.89
1782525900000,4.901,4.932,4.898,4.925,6813.99
1782526200000,4.926,4.937,4.925,4.933,2660.92
1782526500000,4.933,4.95,4.933,4.938,1648.76
1782526800000,4.937,4.968,4.937,4.962,14659.78
1782527100000,4.963,4.963,4.943,4.949,15352.18
1782527400000,4.948,4.948,4.922,4.937,8824.38
1782527700000,4.936,4.968,4.918,4.966,5581.97
1782528000000,4.966,4.972,4.947,4.952,10438.2
1782528300000,4.952,4.965,4.942,4.959,2525.29
1782528600000,4.957,4.965,4.951,4.954,4672.12
1782528900000,4.953,4.953,4.935,4.935,1508.81
1782529200000,4.935,4.94,4.923,4.923,4051.44
1782529500000,4.922,4.922,4.883,4.897,4873.79
1782529800000,4.898,4.918,4.898,4.907,3431.91
1782530100000,4.908,4.909,4.896,4.901,3038.5
1782530400000,4.901,4.93,4.895,4.925,3393.87
1782530700000,4.925,4.925,4.893,4.907,3259.03
1782531000000,4.906,4.906,4.885,4.905,2433.67
1782531300000,4.904,4.904,4.882,4.896,3050.67
1782531600000,4.896,4.902,4.891,4.894,1635.82
1782531900000,4.894,4.896,4.879,4.879,3103.89
1782532200000,4.88,4.883,4.876,4.879,2440.6
1782532500000,4.88,4.883,4.856,4.863,10947.65
1782532800000,4.864,4.877,4.863,4.876,2127.89
1782533100000,4.877,4.882,4.865,4.871,3423.11
1782533400000,4.872,4.883,4.868,4.882,1346.21
1782533700000,4.881,4.908,4.876,4.908,3945.97
1782534000000,4.907,4.908,4.898,4.902,1336.92
1782534300000,4.899,4.901,4.87,4.872,3032.77
1782534600000,4.87,4.883,4.866,4.881,6587.11
1782534900000,4.882,4.891,4.876,4.876,464.35
1782535200000,4.877,4.882,4.866,4.874,2056.62
1782535500000,4.873,4.879,4.862,4.867,783.62
1782535800000,4.867,4.868,4.86,4.86,2574.23
1782536100000,4.859,4.859,4.835,4.842,4349.85
1782536400000,4.841,4.85,4.824,4.828,3262.1
1782536700000,4.828,4.829,4.806,4.808,3476.88
1782537000000,4.807,4.814,4.805,4.812,592.78
1782537300000,4.811,4.813,4.8,4.803,4434.48
1782537600000,4.803,4.816,4.797,4.814,4050.82
1782537900000,4.815,4.834,4.814,4.826,7800.57
1782538200000,4.827,4.857,4.823,4.857,7267.75
1782538500000,4.856,4.872,4.844,4.844,3035.75
1782538800000,4.843,4.862,4.842,4.861,1877.17
1782539100000,4.862,4.879,4.857,4.875,2515.41
1782539400000,4.876,4.882,4.868,4.876,3715.0
1782539700000,4.875,4.914,4.871,4.908,8555.17
1782540000000,4.909,4.92,4.89,4.891,2967.69
1782540300000,4.89,4.91,4.889,4.898,2749.29
1782540600000,4.898,4.903,4.891,4.891,2028.59
1782540900000,4.891,4.896,4.877,4.877,2034.92
1782541200000,4.878,4.916,4.874,4.911,3814.17
1782541500000,4.912,4.956,4.912,4.941,17316.76
1782541800000,4.944,4.985,4.94,4.965,37074.02
1782542100000,4.964,4.974,4.957,4.97,4276.94
1782542400000,4.969,4.982,4.957,4.961,6939.96
1782542700000,4.961,4.968,4.948,4.96,2759.0
1782543000000,4.96,4.96,4.946,4.951,3572.67
1782543300000,4.951,4.956,4.937,4.95,3866.61
1782543600000,4.951,4.963,4.938,4.944,6088.77
1782543900000,4.947,4.95,4.931,4.931,2630.65
1782544200000,4.93,4.935,4.918,4.935,3052.71
1782544500000,4.936,4.956,4.933,4.946,3821.66
1782544800000,4.947,4.98,4.947,4.957,3555.69
1782545100000,4.956,4.963,4.951,4.96,1216.94
1782545400000,4.961,5.024,4.961,5.009,48610.63
1782545700000,5.009,5.013,4.983,4.983,13656.79
1782546000000,4.982,4.995,4.963,4.988,6933.32
1782546300000,4.989,5.026,4.989,5.017,19423.88
1782546600000,5.018,5.042,5.017,5.041,11459.29
1782546900000,5.038,5.052,5.034,5.046,13259.86
1782547200000,5.047,5.06,5.034,5.056,14188.48
1782547500000,5.056,5.077,5.054,5.063,16341.83
1782547800000,5.063,5.065,5.025,5.029,7529.19
1782548100000,5.03,5.063,5.02,5.048,8629.44
1782548400000,5.048,5.055,5.015,5.031,7493.71
1782548700000,5.03,5.031,5.003,5.016,1782.25
1782549000000,5.016,5.045,5.008,5.041,8528.38
1782549300000,5.042,5.043,5.003,5.004,3205.93
1782549600000,5.007,5.035,5.007,5.027,2663.35
1782549900000,5.027,5.049,5.025,5.045,2071.24
1782550200000,5.047,5.047,5.019,5.022,2932.7
1782550500000,5.02,5.02,4.987,4.988,6261.69
1782550800000,4.988,4.994,4.962,4.98,3017.43
1782551100000,4.98,4.998,4.98,4.988,5243.01
1782551400000,4.987,4.994,4.975,4.99,2140.98
1782551700000,4.989,4.99,4.973,4.983,2798.44
1782552000000,4.982,4.988,4.959,4.988,5703.54
1782552300000,4.987,4.992,4.978,4.978,3233.96
1782552600000,4.977,4.987,4.963,4.965,4138.72
1782552900000,4.966,4.972,4.934,4.939,6134.07
1782553200000,4.938,4.956,4.935,4.947,4255.49
1782553500000,4.948,4.954,4.942,4.943,1212.16
1782553800000,4.942,4.96,4.941,4.943,2501.09
1782554100000,4.944,4.959,4.944,4.951,808.71
1782554400000,4.95,4.977,4.95,4.965,3665.39
1782554700000,4.965,4.968,4.957,4.96,2829.13
1782555000000,4.963,4.977,4.962,4.976,1278.51
1782555300000,4.976,4.978,4.964,4.978,2328.21
1782555600000,4.979,4.983,4.964,4.969,3769.81
1782555900000,4.968,4.968,4.939,4.943,5946.91
1782556200000,4.942,4.957,4.94,4.953,1332.2
1782556500000,4.953,4.961,4.944,4.955,3640.28
1782556800000,4.956,4.968,4.947,4.949,5638.8
1782557100000,4.951,4.953,4.932,4.939,4143.43
1782557400000,4.939,4.961,4.935,4.955,8774.62
1782557700000,4.955,4.966,4.949,4.962,1850.1
1782558000000,4.962,4.964,4.949,4.954,3808.29
1782558300000,4.953,4.956,4.938,4.94,3331.07
1782558600000,4.941,4.943,4.93,4.931,2830.85
1782558900000,4.93,4.93,4.908,4.913,2034.24
1782559200000,4.914,4.914,4.82,4.837,78996.71
1782559500000,4.838,4.849,4.822,4.846,21674.47
1782559800000,4.846,4.854,4.838,4.839,9470.67
1782560100000,4.838,4.842,4.823,4.838,6362.96
1782560400000,4.838,4.845,4.83,4.841,7636.02
1782560700000,4.842,4.863,4.841,4.854,14499.04
1782561000000,4.855,4.872,4.853,4.87,4095.07
1782561300000,4.87,4.874,4.86,4.86,1310.2
1782561600000,4.861,4.874,4.853,4.861,4693.06
1782561900000,4.862,4.868,4.858,4.863,2398.24
1782562200000,4.863,4.863,4.843,4.852,7600.25
1782562500000,4.851,4.872,4.851,4.864,3768.51
1782562800000,4.864,4.871,4.86,4.862,3007.0
1782563100000,4.861,4.866,4.858,4.864,840.2
1782563400000,4.862,4.867,4.846,4.846,2417.63
1782563700000,4.848,4.865,4.848,4.861,3128.99
1782564000000,4.862,4.874,4.855,4.874,1247.34
1782564300000,4.873,4.874,4.861,4.864,4840.53
1782564600000,4.863,4.869,4.858,4.868,1046.82
1782564900000,4.868,4.87,4.855,4.868,4021.1
1782565200000,4.87,4.871,4.854,4.863,6567.28
1782565500000,4.862,4.876,4.858,4.876,3757.27
1782565800000,4.877,4.879,4.868,4.877,4799.85
1782566100000,4.877,4.891,4.877,4.88,3884.62
1782566400000,4.88,4.899,4.876,4.898,7090.27
1782566700000,4.897,4.899,4.874,4.874,1890.24
1782567000000,4.873,4.881,4.87,4.87,7866.11
1782567300000,4.871,4.891,4.858,4.891,6655.61
1782567600000,4.892,4.917,4.892,4.912,8509.73
1782567900000,4.912,4.918,4.909,4.918,581.91
1782568200000,4.918,4.926,4.915,4.915,1221.11
1782568500000,4.915,4.95,4.906,4.948,10009.67
1782568800000,4.949,4.958,4.93,4.955,5107.28
1782569100000,4.953,4.96,4.948,4.957,3728.88
1782569400000,4.957,4.984,4.956,4.966,11952.67
1782569700000,4.964,4.964,4.935,4.941,9916.26
1782570000000,4.94,4.94,4.923,4.931,5824.85
1782570300000,4.931,4.944,4.923,4.934,16182.77
1782570600000,4.934,4.938,4.912,4.915,5236.92
1782570900000,4.915,4.932,4.912,4.931,3260.34
1782571200000,4.932,4.938,4.927,4.937,4070.52
1782571500000,4.937,4.951,4.932,4.95,5244.96
1782571800000,4.949,4.95,4.924,4.927,4368.46
1782572100000,4.926,4.93,4.911,4.916,2043.35
1782572400000,4.917,4.918,4.89,4.901,4830.44
1782572700000,4.901,4.911,4.897,4.908,1151.32
1782573000000,4.91,4.924,4.905,4.907,4193.67
1782573300000,4.906,4.91,4.901,4.907,2412.52
1782573600000,4.907,4.921,4.903,4.92,1830.03
1782573900000,4.92,4.93,4.914,4.93,1420.58
1782574200000,4.93,4.934,4.914,4.914,998.36
1782574500000,4.914,4.914,4.903,4.909,1969.45
1782574800000,4.908,4.918,4.907,4.913,1859.11
1782575100000,4.914,4.915,4.904,4.914,1032.95
1782575400000,4.914,4.915,4.892,4.898,1823.28
1782575700000,4.897,4.899,4.89,4.895,969.47
1782576000000,4.894,4.899,4.89,4.899,1627.18
1782576300000,4.897,4.897,4.859,4.866,9978.4
1782576600000,4.865,4.865,4.853,4.857,2958.29
1782576900000,4.856,4.857,4.842,4.851,7872.16
1782577200000,4.852,4.868,4.852,4.859,498.31
1782577500000,4.86,4.861,4.845,4.849,5301.81
1782577800000,4.851,4.887,4.85,4.868,12821.27
1782578100000,4.868,4.868,4.854,4.864,2679.9
1782578400000,4.863,4.863,4.82,4.83,12560.23
1782578700000,4.831,4.841,4.828,4.841,1658.55
1782579000000,4.842,4.85,4.838,4.843,1107.87
1782579300000,4.844,4.853,4.843,4.851,3590.08
1782579600000,4.85,4.85,4.79,4.8,10096.68
1782579900000,4.802,4.828,4.802,4.819,5800.06
1782580200000,4.819,4.823,4.809,4.811,7346.52
1782580500000,4.81,4.832,4.8,4.831,7602.66
1782580800000,4.832,4.843,4.83,4.84,3636.92
1782581100000,4.841,4.843,4.818,4.82,851.41
1782581400000,4.82,4.825,4.811,4.82,1726.51
1782581700000,4.821,4.827,4.803,4.803,2048.34
1782582000000,4.803,4.807,4.8,4.8,1605.05
1782582300000,4.801,4.822,4.799,4.82,10045.18
1782582600000,4.819,4.829,4.812,4.82,4538.86
1782582900000,4.821,4.833,4.812,4.812,1228.31
1782583200000,4.813,4.819,4.798,4.816,2772.77
1782583500000,4.815,4.818,4.804,4.809,2500.23
1782583800000,4.809,4.815,4.804,4.808,2279.07
1782584100000,4.809,4.825,4.808,4.818,2697.04
1782584400000,4.818,4.819,4.804,4.808,1677.01
1782584700000,4.807,4.807,4.798,4.803,2381.24
1782585000000,4.803,4.814,4.803,4.812,780.79
1782585300000,4.811,4.811,4.797,4.797,938.28
1782585600000,4.798,4.806,4.791,4.805,1019.55
1782585900000,4.804,4.812,4.801,4.803,1048.21
1782586200000,4.802,4.81,4.799,4.81,628.64
1782586500000,4.811,4.811,4.793,4.8,2906.61
1782586800000,4.799,4.809,4.799,4.802,634.47
1782587100000,4.801,4.801,4.795,4.795,247.05
1782587400000,4.794,4.805,4.794,4.798,1903.82
1782587700000,4.799,4.8,4.776,4.779,1822.81
1782588000000,4.777,4.777,4.745,4.755,38026.26
1782588300000,4.754,4.763,4.729,4.759,16159.42
1782588600000,4.758,4.768,4.745,4.759,14755.28
1782588900000,4.759,4.765,4.743,4.748,3658.33
1782589200000,4.748,4.77,4.743,4.767,2534.52
1782589500000,4.766,4.774,4.752,4.755,3981.29
1782589800000,4.756,4.757,4.749,4.752,800.75
1782590100000,4.751,4.757,4.75,4.756,289.55
1782590400000,4.756,4.768,4.754,4.768,1595.83
1782590700000,4.769,4.775,4.76,4.774,3504.14
1782591000000,4.774,4.779,4.77,4.772,2628.45
1782591300000,4.772,4.778,4.761,4.763,675.46
1782591600000,4.763,4.774,4.761,4.768,2779.03
1782591900000,4.768,4.777,4.765,4.772,1505.69
1782592200000,4.772,4.78,4.768,4.78,1038.59
1782592500000,4.78,4.788,4.78,4.786,1282.32
1782592800000,4.785,4.785,4.764,4.777,2001.58
1782593100000,4.778,4.782,4.772,4.778,2498.7
1782593400000,4.777,4.784,4.763,4.765,7533.71
1782593700000,4.765,4.77,4.76,4.768,1698.32
1782594000000,4.768,4.78,4.765,4.78,957.32
1782594300000,4.779,4.779,4.77,4.774,3327.22
1782594600000,4.775,4.785,4.769,4.781,2685.67
1782594900000,4.784,4.819,4.778,4.8,38521.85
1782595200000,4.799,4.8,4.777,4.781,5875.47
1782595500000,4.78,4.78,4.773,4.775,5439.41
1782595800000,4.774,4.775,4.764,4.764,709.63
1782596100000,4.766,4.767,4.757,4.762,1003.11
1782596400000,4.763,4.763,4.751,4.756,687.94
1782596700000,4.757,4.769,4.757,4.769,484.34
1782597000000,4.767,4.767,4.747,4.763,954.72
1782597300000,4.762,4.777,4.762,4.771,5626.76
1782597600000,4.77,4.77,4.74,4.74,1999.47
1782597900000,4.742,4.757,4.735,4.754,1988.24
1782598200000,4.755,4.764,4.751,4.751,4004.12
1782598500000,4.75,4.75,4.68,4.71,59151.81
1782598800000,4.709,4.724,4.688,4.703,22784.26
1782599100000,4.703,4.703,4.693,4.698,1286.3
1782599400000,4.698,4.707,4.692,4.698,2987.93
1782599700000,4.697,4.698,4.681,4.696,6719.6
1782600000000,4.694,4.698,4.687,4.687,2656.8
1782600300000,4.686,4.686,4.661,4.667,26384.92
1782600600000,4.668,4.677,4.666,4.674,7042.42
1782600900000,4.673,4.682,4.664,4.681,5595.59
1782601200000,4.682,4.689,4.679,4.683,7618.07
1782601500000,4.682,4.712,4.682,4.697,2537.95
1782601800000,4.698,4.698,4.658,4.661,4000.15
1782602100000,4.66,4.662,4.644,4.644,8577.64
1782602400000,4.645,4.649,4.63,4.636,4419.76
1782602700000,4.636,4.66,4.633,4.64,2145.43
1782603000000,4.641,4.645,4.633,4.642,2140.52
1782603300000,4.641,4.647,4.633,4.647,617.13
1782603600000,4.646,4.651,4.625,4.635,5294.4
1782603900000,4.634,4.636,4.625,4.632,3678.43
1782604200000,4.631,4.644,4.628,4.643,1506.85
1782604500000,4.642,4.644,4.633,4.636,671.29
1782604800000,4.635,4.689,4.632,4.679,10112.51
1782605100000,4.679,4.695,4.665,4.694,3926.59
1782605400000,4.692,4.702,4.69,4.701,7986.85
1782605700000,4.701,4.709,4.701,4.702,2029.62
1782606000000,4.701,4.701,4.683,4.684,670.88
1782606300000,4.684,4.704,4.682,4.704,1591.49
1782606600000,4.704,4.708,4.699,4.703,673.96
1782606900000,4.702,4.705,4.695,4.704,868.05
1782607200000,4.703,4.703,4.693,4.697,493.71
1782607500000,4.698,4.702,4.677,4.684,707.45
1782607800000,4.683,4.686,4.678,4.681,1003.39
1782608100000,4.68,4.68,4.667,4.667,244.68
1782608400000,4.669,4.676,4.654,4.659,2293.51
1782608700000,4.66,4.66,4.649,4.653,1534.73
1782609000000,4.653,4.674,4.653,4.674,4734.9
1782609300000,4.675,4.687,4.673,4.687,2073.94
1782609600000,4.686,4.696,4.683,4.684,2912.41
1782609900000,4.684,4.69,4.679,4.69,650.43
1782610200000,4.69,4.699,4.684,4.697,1523.41
1782610500000,4.696,4.703,4.693,4.698,1377.05
1782610800000,4.699,4.699,4.694,4.696,120.47
1782611100000,4.695,4.699,4.671,4.672,5363.74
1782611400000,4.672,4.679,4.67,4.671,1950.8
1782611700000,4.67,4.687,4.669,4.685,1847.49
1782612000000,4.685,4.689,4.678,4.683,1290.9
1782612300000,4.684,4.685,4.68,4.682,399.93
1782612600000,4.681,4.702,4.681,4.69,11199.41
1782612900000,4.692,4.696,4.675,4.675,3979.9
1782613200000,4.677,4.68,4.657,4.662,7346.36
1782613500000,4.662,4.667,4.645,4.662,4173.76
1782613800000,4.664,4.669,4.661,4.669,954.03
1782614100000,4.67,4.674,4.664,4.669,961.82
1782614400000,4.67,4.67,4.656,4.659,1332.36
1782614700000,4.66,4.665,4.656,4.656,1434.49
1782615000000,4.657,4.664,4.654,4.661,2648.37
1782615300000,4.662,4.669,4.662,4.665,1103.23
1782615600000,4.665,4.687,4.664,4.681,6336.87
1782615900000,4.68,4.684,4.667,4.672,2494.01
1782616200000,4.673,4.691,4.673,4.682,1554.35
1782616500000,4.681,4.681,4.669,4.67,532.84
1782616800000,4.671,4.682,4.662,4.664,1051.47
1782617100000,4.665,4.672,4.665,4.67,563.42
1782617400000,4.671,4.678,4.671,4.672,1216.79
1782617700000,4.675,4.684,4.673,4.679,2467.81
1782618000000,4.68,4.688,4.677,4.684,989.35
1782618300000,4.686,4.692,4.684,4.691,778.5
1782618600000,4.692,4.709,4.692,4.697,4955.36
1782618900000,4.698,4.705,4.697,4.697,602.53
1782619200000,4.698,4.699,4.684,4.695,2446.96
1782619500000,4.695,4.7,4.685,4.697,765.44
1782619800000,4.697,4.706,4.696,4.703,5978.63
1782620100000,4.705,4.72,4.705,4.717,4248.82
1782620400000,4.717,4.738,4.717,4.732,3185.61
1782620700000,4.732,4.738,4.726,4.731,3285.47
1782621000000,4.73,4.73,4.7,4.704,3797.09
1782621300000,4.703,4.722,4.701,4.717,372.41
1782621600000,4.72,4.726,4.717,4.725,376.93
1782621900000,4.727,4.736,4.727,4.735,731.86
1782622200000,4.735,4.737,4.718,4.722,1373.91
1782622500000,4.719,4.719,4.704,4.705,950.37
1782622800000,4.704,4.704,4.671,4.673,3643.02
1782623100000,4.673,4.675,4.671,4.672,1053.45
1782623400000,4.674,4.681,4.669,4.676,2653.55
1782623700000,4.677,4.682,4.672,4.679,166.35
1782624000000,4.678,4.686,4.666,4.667,727.07
1782624300000,4.67,4.695,4.665,4.676,20277.62
1782624600000,4.675,4.683,4.668,4.677,514.93
1782624900000,4.678,4.69,4.678,4.688,2043.57
1782625200000,4.688,4.696,4.688,4.694,290.7
1782625500000,4.695,4.698,4.692,4.694,835.5
1782625800000,4.695,4.695,4.687,4.687,1806.92
1782626100000,4.686,4.698,4.683,4.697,4588.56
1782626400000,4.697,4.699,4.676,4.679,1788.51
1782626700000,4.679,4.68,4.667,4.669,1089.63
1782627000000,4.668,4.668,4.637,4.637,2502.73
1782627300000,4.638,4.664,4.637,4.662,1287.74
1782627600000,4.663,4.667,4.658,4.666,1657.79
1782627900000,4.665,4.672,4.663,4.666,2884.97
1782628200000,4.667,4.676,4.666,4.675,603.76
1782628500000,4.676,4.679,4.673,4.675,305.58
1782628800000,4.677,4.686,4.675,4.676,411.87
1782629100000,4.676,4.685,4.674,4.683,881.18
1782629400000,4.684,4.742,4.684,4.741,20394.14
1782629700000,4.743,4.773,4.74,4.768,10129.89
1782630000000,4.768,4.779,4.757,4.763,6267.11
1782630300000,4.763,4.783,4.761,4.765,8665.54
1782630600000,4.764,4.779,4.761,4.775,1299.68
1782630900000,4.775,4.775,4.752,4.752,5032.7
1782631200000,4.752,4.762,4.75,4.75,2579.78
1782631500000,4.749,4.753,4.744,4.746,1780.84
1782631800000,4.745,4.753,4.734,4.752,1911.02
1782632100000,4.751,4.779,4.751,4.779,4228.19
1782632400000,4.779,4.779,4.753,4.758,3383.91
1782632700000,4.758,4.761,4.753,4.755,444.02
1782633000000,4.755,4.755,4.731,4.734,13795.65
1782633300000,4.733,4.74,4.728,4.734,2569.91
1782633600000,4.734,4.756,4.734,4.743,2743.04
1782633900000,4.741,4.746,4.735,4.74,1041.66
1782634200000,4.74,4.744,4.725,4.729,2284.44
1782634500000,4.727,4.732,4.716,4.72,678.66
1782634800000,4.719,4.724,4.716,4.718,1067.22
1782635100000,4.718,4.718,4.714,4.715,244.73
1782635400000,4.714,4.732,4.711,4.727,1030.22
1782635700000,4.727,4.763,4.723,4.743,2521.05
1782636000000,4.741,4.75,4.728,4.747,2364.78
1782636300000,4.746,4.756,4.741,4.747,960.62
1782636600000,4.746,4.747,4.732,4.734,401.01
1782636900000,4.735,4.746,4.729,4.731,1748.65
1782637200000,4.73,4.734,4.721,4.73,2112.65
1782637500000,4.73,4.75,4.73,4.748,1043.87
1782637800000,4.748,4.759,4.739,4.742,1899.9
1782638100000,4.742,4.742,4.733,4.734,418.93
1782638400000,4.734,4.741,4.732,4.741,938.18
1782638700000,4.742,4.743,4.735,4.735,1193.0
1782639000000,4.734,4.739,4.725,4.73,3016.83
1782639300000,4.731,4.734,4.715,4.715,386.58
1782639600000,4.717,4.723,4.717,4.719,750.23
1782639900000,4.718,4.723,4.705,4.708,874.51
1782640200000,4.706,4.706,4.685,4.696,2045.46
1782640500000,4.695,4.695,4.68,4.681,2144.73
1782640800000,4.681,4.694,4.679,4.685,8486.43
1782641100000,4.686,4.699,4.685,4.698,1361.77
1782641400000,4.699,4.708,4.697,4.704,4031.92
1782641700000,4.704,4.704,4.698,4.702,3122.43
1782642000000,4.703,4.711,4.698,4.705,5078.13
1782642300000,4.705,4.705,4.686,4.696,3697.32
1782642600000,4.697,4.705,4.694,4.704,811.43
1782642900000,4.705,4.711,4.699,4.701,3512.86
1782643200000,4.702,4.705,4.697,4.697,2217.28
1782643500000,4.699,4.704,4.698,4.703,1031.01
1782643800000,4.704,4.707,4.697,4.697,1543.91
1782644100000,4.697,4.698,4.697,4.698,104.47
1782644400000,4.699,4.72,4.698,4.716,580.91
1782644700000,4.715,4.715,4.698,4.698,410.12
1782645000000,4.698,4.7,4.69,4.691,3429.73
1782645300000,4.691,4.692,4.685,4.692,836.43
1782645600000,4.693,4.708,4.69,4.704,745.12
1782645900000,4.703,4.715,4.703,4.705,667.97
1782646200000,4.704,4.706,4.69,4.692,586.43
1782646500000,4.692,4.694,4.682,4.69,372.22
1782646800000,4.691,4.692,4.679,4.684,741.26
1782647100000,4.685,4.686,4.672,4.674,389.37
1782647400000,4.673,4.688,4.672,4.688,1062.02
1782647700000,4.687,4.698,4.686,4.688,563.0
1782648000000,4.687,4.687,4.679,4.682,819.49
1782648300000,4.683,4.698,4.681,4.686,845.87
1782648600000,4.687,4.687,4.667,4.67,1525.88
1782648900000,4.67,4.673,4.66,4.661,1919.46
1782649200000,4.663,4.68,4.663,4.678,4880.86
1782649500000,4.677,4.686,4.671,4.683,860.55
1782649800000,4.681,4.694,4.664,4.668,3486.09
1782650100000,4.668,4.668,4.654,4.656,955.54
1782650400000,4.657,4.659,4.642,4.645,7232.91
1782650700000,4.648,4.659,4.647,4.654,1565.16
1782651000000,4.653,4.656,4.646,4.647,10320.8
1782651300000,4.648,4.654,4.637,4.643,8598.23
1782651600000,4.643,4.644,4.605,4.622,17129.17
1782651900000,4.621,4.626,4.617,4.622,7122.31
1782652200000,4.622,4.639,4.622,4.639,3840.48
1782652500000,4.639,4.691,4.637,4.676,15865.14
1782652800000,4.673,4.683,4.662,4.668,8634.41
1782653100000,4.669,4.672,4.661,4.665,1869.61
1782653400000,4.663,4.664,4.654,4.659,2628.62
1782653700000,4.662,4.664,4.655,4.659,823.54
1782654000000,4.658,4.661,4.647,4.661,1868.45
1782654300000,4.661,4.662,4.65,4.652,735.43
1782654600000,4.652,4.653,4.645,4.645,4010.11
1782654900000,4.645,4.65,4.641,4.648,1902.32
1782655200000,4.648,4.651,4.641,4.641,1718.79
1782655500000,4.64,4.648,4.638,4.642,1693.25
1782655800000,4.643,4.658,4.643,4.658,4259.74
1782656100000,4.658,4.673,4.653,4.673,3942.01
1782656400000,4.673,4.674,4.657,4.663,3924.33
1782656700000,4.662,4.662,4.654,4.659,2353.65
1782657000000,4.658,4.666,4.655,4.664,2532.11
1782657300000,4.663,4.666,4.655,4.655,1413.39
1782657600000,4.656,4.656,4.642,4.645,711.35
1782657900000,4.644,4.648,4.636,4.648,3599.18
1782658200000,4.648,4.65,4.645,4.645,206.03
1782658500000,4.644,4.644,4.64,4.64,1439.43
1782658800000,4.64,4.652,4.635,4.649,1053.03
1782659100000,4.649,4.653,4.636,4.636,435.7
1782659400000,4.636,4.647,4.632,4.647,1170.83
1782659700000,4.647,4.651,4.636,4.648,467.28
1782660000000,4.647,4.648,4.642,4.642,685.56
1782660300000,4.641,4.641,4.635,4.635,266.42
1782660600000,4.635,4.651,4.634,4.651,266.72
1782660900000,4.651,4.651,4.631,4.632,738.06
1782661200000,4.632,4.637,4.627,4.632,2147.64
1782661500000,4.632,4.632,4.618,4.622,1424.33
1782661800000,4.622,4.629,4.612,4.621,1838.04
1782662100000,4.622,4.628,4.619,4.627,283.48
1782662400000,4.628,4.628,4.615,4.627,1846.74
1782662700000,4.628,4.628,4.612,4.614,594.4
1782663000000,4.614,4.614,4.585,4.603,19261.4
1782663300000,4.603,4.61,4.603,4.609,384.86
1782663600000,4.608,4.608,4.586,4.586,7142.66
1782663900000,4.587,4.593,4.58,4.584,8080.33
1782664200000,4.586,4.59,4.567,4.572,6311.73
1782664500000,4.573,4.579,4.565,4.573,3534.92
1782664800000,4.572,4.578,4.565,4.566,1640.79
1782665100000,4.567,4.58,4.565,4.578,1534.93
1782665400000,4.577,4.583,4.575,4.582,426.73
1782665700000,4.583,4.585,4.573,4.577,783.23
1782666000000,4.576,4.579,4.572,4.572,641.6
1782666300000,4.571,4.582,4.568,4.569,767.16
1782666600000,4.568,4.569,4.562,4.567,896.34
1782666900000,4.566,4.575,4.561,4.564,1818.56
1782667200000,4.565,4.57,4.563,4.57,1771.74
1782667500000,4.569,4.569,4.563,4.565,3922.47
1782667800000,4.565,4.585,4.563,4.579,4830.16
1782668100000,4.58,4.588,4.572,4.583,8652.82
1782668400000,4.585,4.6,4.585,4.599,5088.01
1782668700000,4.598,4.599,4.59,4.59,585.28
1782669000000,4.589,4.597,4.589,4.593,687.88
1782669300000,4.594,4.599,4.594,4.597,420.8
1782669600000,4.596,4.602,4.593,4.593,834.36
1782669900000,4.595,4.6,4.593,4.595,411.39
1782670200000,4.594,4.594,4.584,4.586,613.74
1782670500000,4.586,4.59,4.584,4.584,942.95
1782670800000,4.584,4.584,4.581,4.581,398.59
1782671100000,4.583,4.583,4.577,4.577,662.77
1782671400000,4.578,4.581,4.572,4.575,499.3
1782671700000,4.575,4.579,4.573,4.579,345.28
1782672000000,4.58,4.591,4.58,4.588,553.26
1782672300000,4.587,4.596,4.587,4.592,429.32
1782672600000,4.591,4.602,4.591,4.596,2881.08
1782672900000,4.596,4.597,4.593,4.595,1369.36
1782673200000,4.594,4.594,4.578,4.578,664.28
1782673500000,4.578,4.585,4.577,4.582,728.67
1782673800000,4.582,4.589,4.58,4.589,962.24
1782674100000,4.589,4.592,4.581,4.584,735.86
1782674400000,4.583,4.59,4.58,4.585,497.99
1782674700000,4.584,4.604,4.581,4.602,2157.46
1782675000000,4.602,4.617,4.601,4.611,1735.67
1782675300000,4.61,4.61,4.589,4.592,500.51
1782675600000,4.591,4.592,4.584,4.584,496.22
1782675900000,4.585,4.585,4.573,4.577,884.55
1782676200000,4.578,4.586,4.573,4.586,460.27
1782676500000,4.585,4.593,4.583,4.59,615.87
1782676800000,4.589,4.608,4.585,4.603,688.19
1782677100000,4.603,4.61,4.602,4.607,1217.41
1782677400000,4.607,4.632,4.604,4.625,3818.35
1782677700000,4.624,4.631,4.616,4.622,778.19
1782678000000,4.621,4.624,4.612,4.621,346.46
1782678300000,4.621,4.621,4.614,4.617,433.73
1782678600000,4.618,4.622,4.614,4.619,777.92
1782678900000,4.62,4.624,4.612,4.612,1040.3
1782679200000,4.611,4.613,4.605,4.608,576.36
1782679500000,4.607,4.608,4.602,4.602,321.21
1782679800000,4.602,4.602,4.593,4.595,532.18
1782680100000,4.594,4.606,4.592,4.599,480.31
1782680400000,4.6,4.6,4.59,4.593,200.5
1782680700000,4.592,4.598,4.59,4.598,153.2
1782681000000,4.599,4.608,4.593,4.607,833.51
1782681300000,4.606,4.606,4.591,4.594,728.42
1782681600000,4.595,4.595,4.578,4.582,884.95
1782681900000,4.581,4.583,4.576,4.583,1238.37
1782682200000,4.584,4.591,4.584,4.589,113.7
1782682500000,4.59,4.591,4.58,4.58,242.52
1782682800000,4.579,4.581,4.572,4.581,968.67
1782683100000,4.581,4.581,4.543,4.545,5087.88
1782683400000,4.548,4.558,4.545,4.55,2675.27
1782683700000,4.549,4.559,4.541,4.559,847.79
1782684000000,4.56,4.606,4.56,4.592,1927.87
1782684300000,4.592,4.604,4.588,4.592,937.96
1782684600000,4.592,4.594,4.583,4.585,878.35
1782684900000,4.584,4.584,4.558,4.561,664.07
1782685200000,4.564,4.59,4.557,4.586,1520.5
1782685500000,4.585,4.587,4.574,4.58,636.57
1782685800000,4.581,4.587,4.567,4.567,645.82
1782686100000,4.566,4.576,4.563,4.572,850.76
1782686400000,4.571,4.571,4.553,4.555,2422.05
1782686700000,4.556,4.565,4.548,4.556,916.18
1782687000000,4.555,4.555,4.528,4.542,6336.96
1782687300000,4.543,4.553,4.514,4.545,23747.75
1782687600000,4.543,4.571,4.534,4.558,4495.14
1782687900000,4.559,4.568,4.55,4.559,2895.03
1782688200000,4.558,4.564,4.548,4.548,1151.61
1782688500000,4.549,4.559,4.542,4.558,1760.71
1782688800000,4.558,4.559,4.551,4.556,510.28
1782689100000,4.555,4.566,4.553,4.562,1696.12
1782689400000,4.561,4.571,4.56,4.564,278.42
1782689700000,4.565,4.578,4.565,4.571,755.81
1782690000000,4.57,4.577,4.567,4.567,594.97
1782690300000,4.567,4.571,4.56,4.561,475.35
1782690600000,4.562,4.565,4.553,4.556,1251.66
1782690900000,4.554,4.559,4.554,4.555,341.03
1782691200000,4.556,4.556,4.535,4.542,1608.86
1782691500000,4.541,4.593,4.541,4.586,6134.2
1782691800000,4.588,4.596,4.579,4.585,4747.67
1782692100000,4.584,4.586,4.562,4.572,2014.89
1782692400000,4.571,4.571,4.55,4.556,1159.87
1782692700000,4.555,4.557,4.548,4.551,1231.05
1782693000000,4.55,4.559,4.535,4.559,3129.47
1782693300000,4.558,4.559,4.538,4.55,2150.27
1782693600000,4.549,4.589,4.548,4.588,3982.91
1782693900000,4.587,4.588,4.561,4.577,4981.36
1782694200000,4.577,4.596,4.577,4.595,4978.02
1782694500000,4.596,4.617,4.596,4.613,7291.99
1782694800000,4.612,4.619,4.595,4.595,4721.59
1782695100000,4.596,4.613,4.596,4.602,1799.24
1782695400000,4.601,4.602,4.592,4.601,554.28
1782695700000,4.6,4.606,4.582,4.589,1381.51
1782696000000,4.59,4.593,4.58,4.589,931.26
1782696300000,4.59,4.596,4.584,4.584,1595.13
1782696600000,4.583,4.593,4.578,4.58,894.06
1782696900000,4.579,4.611,4.579,4.609,1809.93
1782697200000,4.61,4.614,4.601,4.601,389.3
1782697500000,4.602,4.605,4.591,4.603,4442.57
1782697800000,4.604,4.604,4.594,4.599,134.31
1782698100000,4.599,4.599,4.593,4.593,425.11
1782698400000,4.592,4.596,4.577,4.582,605.93
1782698700000,4.583,4.586,4.571,4.571,1247.02
1782699000000,4.571,4.574,4.542,4.549,4193.02
1782699300000,4.55,4.566,4.545,4.56,1783.12
1782699600000,4.561,4.573,4.555,4.569,1016.31
1782699900000,4.569,4.587,4.569,4.582,1656.26
1782700200000,4.58,4.581,4.573,4.579,426.73
1782700500000,4.578,4.584,4.573,4.579,417.83
1782700800000,4.578,4.591,4.576,4.59,339.81
1782701100000,4.59,4.593,4.582,4.592,692.77
1782701400000,4.591,4.591,4.583,4.583,149.9
1782701700000,4.582,4.589,4.58,4.589,850.31
1782702000000,4.59,4.599,4.589,4.598,281.53
1782702300000,4.599,4.631,4.599,4.622,6942.36
1782702600000,4.622,4.636,4.611,4.614,3750.96
1782702900000,4.614,4.614,4.602,4.611,372.42
1782703200000,4.61,4.618,4.608,4.616,378.43
1782703500000,4.616,4.624,4.615,4.62,1980.69
1782703800000,4.618,4.618,4.604,4.61,758.34
1782704100000,4.611,4.611,4.597,4.598,3568.08
1782704400000,4.597,4.601,4.593,4.593,1425.53
1782704700000,4.593,4.612,4.589,4.612,821.57
1782705000000,4.612,4.623,4.611,4.618,2610.05
1782705300000,4.618,4.624,4.615,4.624,729.45
1782705600000,4.625,4.632,4.622,4.629,5699.25
1782705900000,4.628,4.668,4.62,4.647,25635.38
1782706200000,4.647,4.647,4.625,4.625,3576.3
1782706500000,4.625,4.637,4.622,4.632,1048.96
1782706800000,4.633,4.637,4.625,4.637,1134.9
1782707100000,4.638,4.648,4.63,4.63,1127.85
1782707400000,4.633,4.634,4.617,4.625,2266.85
1782707700000,4.625,4.625,4.609,4.609,2386.65
1782708000000,4.609,4.636,4.603,4.635,10082.69
1782708300000,4.636,4.637,4.622,4.631,993.78
1782708600000,4.631,4.638,4.628,4.634,1020.39
1782708900000,4.634,4.697,4.626,4.644,126288.99
1782709200000,4.645,4.65,4.596,4.601,24420.22
1782709500000,4.6,4.6,4.57,4.583,6164.88
1782709800000,4.583,4.589,4.575,4.588,1445.66
1782710100000,4.589,4.591,4.576,4.58,759.64
1782710400000,4.581,4.587,4.572,4.578,6859.98
1782710700000,4.578,4.585,4.576,4.578,449.29
1782711000000,4.579,4.595,4.576,4.595,290.04
1782711300000,4.595,4.595,4.577,4.588,1028.69
1782711600000,4.588,4.608,4.579,4.607,650.73
1782711900000,4.607,4.61,4.602,4.604,400.94
1782712200000,4.606,4.621,4.606,4.618,839.09
1782712500000,4.62,4.637,4.615,4.637,2971.86
1782712800000,4.638,4.654,4.636,4.65,2281.44
1782713100000,4.648,4.697,4.645,4.695,8731.81
1782713400000,4.696,4.7,4.683,4.691,9362.9
1782713700000,4.689,4.702,4.678,4.686,10798.32
1782714000000,4.687,4.695,4.668,4.679,3396.45
1782714300000,4.681,4.694,4.678,4.688,8539.1
1782714600000,4.689,4.693,4.656,4.662,11016.06
1782714900000,4.664,4.67,4.663,4.668,865.81
1782715200000,4.666,4.682,4.666,4.666,975.79
1782715500000,4.666,4.669,4.66,4.661,3775.51
1782715800000,4.662,4.68,4.662,4.679,1170.29
1782716100000,4.679,4.706,4.679,4.702,2387.44
1782716400000,4.701,4.708,4.683,4.692,1963.02
1782716700000,4.691,4.693,4.683,4.69,1049.76
1782717000000,4.689,4.708,4.682,4.704,1463.16
1782717300000,4.705,4.714,4.7,4.705,2080.29
1782717600000,4.706,4.727,4.706,4.715,4232.35
1782717900000,4.718,4.725,4.708,4.712,1896.03
1782718200000,4.712,4.713,4.703,4.711,1505.23
1782718500000,4.712,4.714,4.7,4.701,1478.69
1782718800000,4.702,4.705,4.681,4.682,4228.99
1782719100000,4.682,4.707,4.679,4.706,2301.0
1782719400000,4.707,4.725,4.707,4.712,3058.89
1782719700000,4.714,4.716,4.702,4.705,5000.59
1782720000000,4.705,4.735,4.705,4.728,1938.6
1782720300000,4.728,4.735,4.721,4.735,6965.88
1782720600000,4.734,4.764,4.732,4.761,11039.45
1782720900000,4.762,4.762,4.749,4.749,15655.28
1782721200000,4.748,4.749,4.728,4.742,16754.21
1782721500000,4.741,4.741,4.716,4.718,5930.65
1782721800000,4.718,4.719,4.669,4.694,5641.17
1782722100000,4.694,4.701,4.673,4.675,1365.05
1782722400000,4.676,4.683,4.668,4.674,1057.51
1782722700000,4.673,4.708,4.671,4.684,9267.21
1782723000000,4.685,4.768,4.683,4.688,226650.27
1782723300000,4.687,4.687,4.677,4.678,1568.55
1782723600000,4.677,4.677,4.663,4.674,5677.42
1782723900000,4.673,4.675,4.669,4.671,2262.06
1782724200000,4.672,4.697,4.672,4.697,4125.99
1782724500000,4.697,4.707,4.694,4.695,5031.24
1782724800000,4.695,4.701,4.677,4.685,4309.24
1782725100000,4.685,4.716,4.683,4.706,3981.4
1782725400000,4.708,4.712,4.699,4.712,314.64
1782725700000,4.712,4.715,4.702,4.703,1641.39
1782726000000,4.701,4.717,4.7,4.708,1438.0
1782726300000,4.708,4.723,4.698,4.701,1954.3
1782726600000,4.702,4.704,4.695,4.696,1314.7
1782726900000,4.695,4.708,4.694,4.708,1115.26
1782727200000,4.709,4.717,4.689,4.69,2090.44
1782727500000,4.691,4.703,4.688,4.702,2270.7
1782727800000,4.703,4.713,4.701,4.712,1061.66
1782728100000,4.711,4.711,4.694,4.7,3531.15
1782728400000,4.701,4.713,4.694,4.713,2202.89
1782728700000,4.711,4.715,4.704,4.705,425.62
1782729000000,4.706,4.706,4.683,4.69,1416.61
1782729300000,4.69,4.691,4.68,4.683,853.06
1782729600000,4.683,4.686,4.672,4.677,712.35
1782729900000,4.676,4.686,4.674,4.686,1338.24
1782730200000,4.686,4.694,4.678,4.68,4796.77
1782730500000,4.68,4.688,4.68,4.686,200.77
1782730800000,4.685,4.687,4.677,4.679,3964.53
1782731100000,4.68,4.68,4.669,4.675,707.97
1782731400000,4.674,4.681,4.664,4.668,4682.44
1782731700000,4.667,4.667,4.655,4.659,5413.22
1782732000000,4.658,4.662,4.652,4.659,6552.05
1782732300000,4.66,4.666,4.657,4.666,953.36
1782732600000,4.666,4.704,4.66,4.669,8625.85
1782732900000,4.67,4.672,4.657,4.66,424.02
1782733200000,4.66,4.67,4.65,4.654,1822.05
1782733500000,4.654,4.663,4.651,4.653,1018.98
1782733800000,4.654,4.659,4.641,4.657,5317.41
1782734100000,4.658,4.666,4.658,4.662,1664.74
1782734400000,4.663,4.688,4.631,4.687,6094.08
1782734700000,4.688,4.707,4.681,4.689,4355.94
1782735000000,4.689,4.725,4.689,4.722,6122.26
1782735300000,4.721,4.73,4.707,4.717,8898.99
1782735600000,4.718,4.731,4.704,4.704,4314.05
1782735900000,4.705,4.724,4.705,4.721,3734.68
1782736200000,4.72,4.72,4.704,4.718,798.12
1782736500000,4.719,4.72,4.679,4.686,4381.33
1782736800000,4.685,4.695,4.681,4.69,2337.57
1782737100000,4.689,4.699,4.678,4.678,499.14
1782737400000,4.678,4.685,4.656,4.677,3776.49
1782737700000,4.676,4.688,4.675,4.679,1536.39
1782738000000,4.68,4.712,4.68,4.712,1997.21
1782738300000,4.711,4.724,4.711,4.717,847.22
1782738600000,4.719,4.747,4.719,4.733,3939.34
1782738900000,4.733,4.752,4.733,4.747,2573.73
1782739200000,4.747,4.747,4.721,4.723,1475.45
1782739500000,4.721,4.721,4.699,4.705,4854.02
1782739800000,4.705,4.758,4.682,4.748,12157.67
1782740100000,4.747,4.753,4.703,4.706,9497.99
1782740400000,4.705,4.716,4.689,4.699,4951.58
1782740700000,4.699,4.714,4.681,4.701,3177.77
1782741000000,4.7,4.721,4.691,4.694,2219.36
1782741300000,4.694,4.715,4.68,4.715,4410.07
1782741600000,4.716,4.721,4.697,4.717,3060.29
1782741900000,4.715,4.715,4.687,4.706,3850.93
1782742200000,4.706,4.715,4.682,4.685,6589.56
1782742500000,4.685,4.713,4.676,4.706,7972.81
1782742800000,4.705,4.705,4.672,4.682,2832.46
1782743100000,4.682,4.711,4.681,4.705,3848.73
1782743400000,4.706,4.761,4.696,4.752,9069.71
1782743700000,4.751,4.752,4.731,4.739,3732.94
1782744000000,4.738,4.748,4.722,4.724,4123.39
1782744300000,4.723,4.741,4.704,4.717,2803.76
1782744600000,4.717,4.76,4.717,4.753,6389.41
1782744900000,4.753,4.803,4.75,4.787,10038.18
1782745200000,4.787,4.79,4.729,4.73,8371.4
1782745500000,4.729,4.757,4.726,4.747,2398.52
1782745800000,4.748,4.75,4.713,4.727,3388.94
1782746100000,4.728,4.751,4.724,4.748,2520.02
1782746400000,4.748,4.749,4.718,4.727,2981.63
1782746700000,4.728,4.763,4.728,4.761,3136.0
1782747000000,4.762,4.784,4.758,4.767,7999.97
1782747300000,4.766,4.796,4.76,4.785,11591.83
1782747600000,4.784,4.806,4.779,4.8,4500.28
1782747900000,4.8,4.804,4.777,4.799,5513.29
1782748200000,4.8,4.851,4.786,4.85,19578.0
1782748500000,4.847,4.848,4.815,4.817,24091.78
1782748800000,4.817,4.818,4.8,4.806,4730.69
1782749100000,4.806,4.815,4.782,4.787,8913.46
1782749400000,4.788,4.803,4.772,4.78,8368.92
1782749700000,4.78,4.793,4.776,4.777,2140.7
1782750000000,4.779,4.779,4.764,4.764,5637.92
1782750300000,4.765,4.768,4.73,4.744,8362.49
1782750600000,4.746,4.753,4.726,4.731,2758.05
1782750900000,4.732,4.74,4.729,4.739,1492.02
1782751200000,4.738,4.738,4.727,4.736,4435.17
1782751500000,4.736,4.74,4.728,4.738,1776.26
1782751800000,4.738,4.755,4.737,4.751,3128.83
1782752100000,4.751,4.758,4.746,4.746,7394.85
1782752400000,4.745,4.761,4.742,4.759,1407.9
1782752700000,4.758,4.768,4.751,4.752,1089.56
1782753000000,4.753,4.801,4.753,4.781,3810.58
1782753300000,4.782,4.812,4.782,4.802,3156.44
1782753600000,4.801,4.808,4.769,4.782,6105.34
1782753900000,4.781,4.807,4.774,4.803,2419.31
1782754200000,4.801,4.807,4.771,4.785,2617.17
1782754500000,4.785,4.808,4.783,4.798,4706.25
1782754800000,4.799,4.826,4.799,4.824,4164.33
1782755100000,4.822,4.825,4.806,4.811,4663.29
1782755400000,4.811,4.811,4.796,4.796,2080.61
1782755700000,4.796,4.812,4.794,4.805,1345.25
1782756000000,4.804,4.804,4.78,4.791,4251.72
1782756300000,4.791,4.794,4.769,4.772,5313.85
1782756600000,4.771,4.779,4.761,4.77,20387.63
1782756900000,4.769,4.775,4.761,4.768,1972.49
1782757200000,4.767,4.768,4.758,4.762,1116.66
1782757500000,4.761,4.77,4.746,4.747,4550.48
1782757800000,4.747,4.749,4.735,4.746,1520.82
1782758100000,4.746,4.748,4.736,4.745,1154.23
1782758400000,4.744,4.754,4.744,4.75,1109.95
1782758700000,4.749,4.749,4.741,4.743,417.25
1782759000000,4.743,4.747,4.743,4.744,2126.07
1782759300000,4.744,4.744,4.733,4.734,1535.27
1782759600000,4.735,4.735,4.719,4.723,1637.0
1782759900000,4.724,4.724,4.717,4.718,455.39
1782760200000,4.718,4.718,4.706,4.711,2114.22
1782760500000,4.709,4.727,4.706,4.727,1794.64
1782760800000,4.726,4.732,4.722,4.728,1699.77
1782761100000,4.729,4.736,4.724,4.736,6935.52
1782761400000,4.736,4.737,4.724,4.725,605.76
1782761700000,4.725,4.729,4.719,4.719,477.74
1782762000000,4.719,4.724,4.706,4.72,6487.02
1782762300000,4.719,4.72,4.708,4.714,563.54
1782762600000,4.714,4.729,4.705,4.714,4172.84
1782762900000,4.715,4.718,4.703,4.716,3055.03
1782763200000,4.717,4.717,4.703,4.704,6022.37
1782763500000,4.705,4.705,4.697,4.702,2234.25
1782763800000,4.701,4.703,4.697,4.702,398.98
1782764100000,4.703,4.703,4.697,4.701,980.59
1782764400000,4.702,4.714,4.702,4.71,1983.0
1782764700000,4.71,4.714,4.697,4.697,624.32
1782765000000,4.696,4.697,4.685,4.696,5566.49
1782765300000,4.695,4.695,4.684,4.691,325.1
1782765600000,4.689,4.693,4.682,4.693,3010.88
1782765900000,4.691,4.691,4.68,4.681,3268.28
1782766200000,4.681,4.685,4.68,4.681,730.25
1782766500000,4.68,4.69,4.677,4.688,1910.0
1782766800000,4.688,4.697,4.684,4.69,5045.75
1782767100000,4.689,4.7,4.687,4.698,1534.52
1782767400000,4.699,4.726,4.699,4.72,8653.29
1782767700000,4.72,4.728,4.708,4.716,6943.67
1782768000000,4.715,4.715,4.702,4.702,1498.03
1782768300000,4.702,4.71,4.702,4.71,975.01
1782768600000,4.711,4.723,4.711,4.72,565.68
1782768900000,4.718,4.719,4.704,4.715,3031.98
1782769200000,4.715,4.722,4.708,4.708,391.18
1782769500000,4.708,4.711,4.706,4.706,2891.5
1782769800000,4.706,4.726,4.706,4.716,722.6
1782770100000,4.717,4.72,4.697,4.705,7085.94
1782770400000,4.706,4.726,4.701,4.723,2256.97
1782770700000,4.724,4.734,4.721,4.727,631.06
1782771000000,4.726,4.73,4.721,4.725,241.32
1782771300000,4.725,4.728,4.716,4.722,231.8
1782771600000,4.723,4.734,4.723,4.727,471.11
1782771900000,4.727,4.729,4.723,4.724,513.48
1782772200000,4.724,4.726,4.715,4.718,6199.71
1782772500000,4.718,4.725,4.716,4.721,2656.78
1782772800000,4.72,4.723,4.717,4.719,1489.49
1782773100000,4.719,4.733,4.715,4.732,9902.35
1782773400000,4.731,4.731,4.718,4.723,287.59
1782773700000,4.723,4.725,4.704,4.706,7348.99
1782774000000,4.706,4.722,4.706,4.716,492.03
1782774300000,4.715,4.732,4.715,4.732,651.36
1782774600000,4.731,4.731,4.714,4.714,3849.35
1782774900000,4.713,4.721,4.712,4.721,226.59
1782775200000,4.721,4.725,4.714,4.719,2185.53
1782775500000,4.72,4.723,4.713,4.713,450.6
1782775800000,4.713,4.726,4.712,4.726,917.61
1782776100000,4.726,4.732,4.719,4.719,657.67
1782776400000,4.718,4.718,4.709,4.712,858.66
1782776700000,4.712,4.731,4.712,4.728,3381.99
1782777000000,4.728,4.728,4.713,4.72,513.14
1782777300000,4.72,4.732,4.72,4.731,1010.4
1782777600000,4.73,4.731,4.711,4.73,1341.12
1782777900000,4.729,4.731,4.712,4.712,1146.89
1782778200000,4.712,4.73,4.712,4.723,2701.2
1782778500000,4.722,4.724,4.716,4.718,619.28
1782778800000,4.719,4.726,4.715,4.725,526.9
1782779100000,4.726,4.731,4.703,4.706,1094.46
1782779400000,4.707,4.713,4.69,4.698,5210.22
1782779700000,4.699,4.705,4.694,4.7,1714.45
1782780000000,4.701,4.712,4.701,4.712,1263.82
1782780300000,4.713,4.725,4.709,4.717,785.65
1782780600000,4.716,4.718,4.704,4.711,880.47
1782780900000,4.712,4.713,4.705,4.707,217.35
1782781200000,4.706,4.709,4.686,4.694,2581.32
1782781500000,4.693,4.693,4.65,4.654,14233.57
1782781800000,4.655,4.67,4.653,4.661,6103.56
1782782100000,4.661,4.677,4.659,4.677,1215.25
1782782400000,4.678,4.683,4.672,4.68,727.13
1782782700000,4.679,4.69,4.679,4.684,3065.72
1782783000000,4.683,4.691,4.679,4.684,2679.3
1782783300000,4.684,4.684,4.666,4.679,1297.57
1782783600000,4.678,4.679,4.667,4.674,1779.13
1782783900000,4.673,4.675,4.661,4.667,1398.27
1782784200000,4.666,4.675,4.662,4.67,1702.04
1782784500000,4.67,4.695,4.665,4.685,4419.33
1782784800000,4.685,4.685,4.675,4.682,408.83
1782785100000,4.681,4.681,4.667,4.668,686.92
1782785400000,4.669,4.669,4.652,4.654,2403.96
1782785700000,4.653,4.656,4.647,4.653,1432.22
1782786000000,4.654,4.677,4.654,4.675,782.12
1782786300000,4.676,4.681,4.673,4.676,1036.98
1782786600000,4.675,4.675,4.667,4.669,423.8
1782786900000,4.668,4.672,4.661,4.67,1559.94
1782787200000,4.673,4.673,4.664,4.664,733.11
1782787500000,4.665,4.675,4.665,4.674,1209.94
1782787800000,4.675,4.682,4.674,4.682,777.79
1782788100000,4.681,4.684,4.678,4.68,242.0
1782788400000,4.68,4.74,4.68,4.731,10903.39
1782788700000,4.731,4.736,4.723,4.732,1773.17
1782789000000,4.731,4.731,4.72,4.725,1474.7
1782789300000,4.727,4.749,4.727,4.749,926.2
1782789600000,4.749,4.757,4.738,4.742,3567.7
1782789900000,4.743,4.772,4.743,4.769,3591.07
1782790200000,4.77,4.774,4.742,4.747,1955.31
1782790500000,4.747,4.747,4.717,4.719,2804.58
1782790800000,4.719,4.744,4.719,4.743,6262.96
1782791100000,4.742,4.749,4.729,4.733,2849.36
1782791400000,4.734,4.749,4.73,4.732,1966.98
1782791700000,4.731,4.733,4.716,4.731,2023.2
1782792000000,4.73,4.759,4.723,4.758,1774.89
1782792300000,4.757,4.76,4.734,4.737,2618.3
1782792600000,4.737,4.766,4.732,4.764,3618.78
1782792900000,4.763,4.767,4.746,4.749,1625.77
1782793200000,4.75,4.768,4.748,4.761,1052.56
1782793500000,4.762,4.779,4.761,4.773,1755.34
1782793800000,4.774,4.805,4.774,4.8,5654.24
1782794100000,4.802,4.809,4.787,4.799,2620.9
1782794400000,4.798,4.802,4.773,4.779,4716.14
1782794700000,4.78,4.79,4.776,4.784,3035.31
1782795000000,4.784,4.816,4.78,4.78,23629.3
1782795300000,4.78,4.784,4.762,4.762,1828.63
1782795600000,4.763,4.768,4.746,4.753,3234.49
1782795900000,4.752,4.765,4.748,4.759,4775.09
1782796200000,4.758,4.772,4.752,4.769,2509.7
1782796500000,4.769,4.769,4.751,4.757,1493.1
1782796800000,4.758,4.771,4.757,4.77,1023.4
1782797100000,4.771,4.774,4.748,4.751,2228.24
1782797400000,4.752,4.753,4.727,4.732,2563.01
1782797700000,4.733,4.734,4.725,4.725,1312.66
1782798000000,4.724,4.741,4.723,4.732,3820.08
1782798300000,4.732,4.736,4.728,4.731,1384.74
1782798600000,4.732,4.735,4.719,4.731,5399.58
1782798900000,4.73,4.731,4.725,4.726,787.89
1782799200000,4.726,4.73,4.718,4.72,2169.98
1782799500000,4.718,4.721,4.709,4.712,991.16
1782799800000,4.711,4.721,4.71,4.719,348.97
1782800100000,4.719,4.728,4.715,4.728,872.73
1782800400000,4.727,4.729,4.714,4.716,1471.67
1782800700000,4.716,4.728,4.708,4.727,546.37
1782801000000,4.726,4.726,4.718,4.719,781.32
1782801300000,4.718,4.735,4.717,4.717,2621.9
1782801600000,4.718,4.724,4.712,4.714,1402.15
1782801900000,4.713,4.726,4.709,4.726,2690.24
1782802200000,4.725,4.725,4.712,4.712,291.19
1782802500000,4.712,4.715,4.711,4.711,388.87
1782802800000,4.712,4.714,4.701,4.702,1285.89
1782803100000,4.702,4.702,4.682,4.686,2443.9
1782803400000,4.685,4.696,4.682,4.696,701.37
1782803700000,4.697,4.704,4.692,4.698,460.55
1782804000000,4.697,4.7,4.696,4.697,976.65
1782804300000,4.7,4.7,4.691,4.696,1345.83
1782804600000,4.698,4.706,4.696,4.704,627.45
1782804900000,4.703,4.706,4.696,4.698,2699.33
1782805200000,4.697,4.7,4.694,4.696,509.56
1782805500000,4.695,4.704,4.693,4.704,644.92
1782805800000,4.704,4.704,4.695,4.7,767.84
1782806100000,4.699,4.71,4.697,4.709,114.06
1782806400000,4.708,4.713,4.685,4.69,2292.48
1782806700000,4.689,4.693,4.669,4.674,2723.0
1782807000000,4.674,4.676,4.664,4.666,887.14
1782807300000,4.664,4.666,4.656,4.659,1587.47
1782807600000,4.659,4.659,4.621,4.627,9417.91
1782807900000,4.628,4.641,4.627,4.641,1527.39
1782808200000,4.641,4.644,4.631,4.631,4208.44
1782808500000,4.633,4.639,4.617,4.637,9419.78
1782808800000,4.638,4.664,4.638,4.661,7504.67
1782809100000,4.661,4.663,4.637,4.647,8092.65
1782809400000,4.647,4.664,4.638,4.662,8403.61
1782809700000,4.661,4.666,4.654,4.664,4807.41
1782810000000,4.663,4.67,4.658,4.667,1322.38
1782810300000,4.668,4.678,4.664,4.664,773.14
1782810600000,4.663,4.669,4.646,4.646,1604.66
1782810900000,4.65,4.653,4.643,4.651,915.73
1782811200000,4.651,4.651,4.643,4.643,412.65
1782811500000,4.644,4.646,4.632,4.636,2955.5
1782811800000,4.636,4.639,4.603,4.608,4469.0
1782812100000,4.608,4.634,4.608,4.63,2896.59
1782812400000,4.629,4.631,4.621,4.625,1024.61
1782812700000,4.624,4.627,4.62,4.625,1050.92
1782813000000,4.624,4.625,4.619,4.621,2273.68
1782813300000,4.621,4.639,4.621,4.633,7327.39
1782813600000,4.633,4.635,4.628,4.633,947.98
1782813900000,4.632,4.633,4.623,4.623,394.85
1782814200000,4.622,4.637,4.615,4.634,6946.08
1782814500000,4.635,4.641,4.629,4.632,5195.62
1782814800000,4.631,4.632,4.623,4.625,791.52
1782815100000,4.626,4.63,4.621,4.625,1408.03
1782815400000,4.625,4.635,4.621,4.631,987.21
1782815700000,4.629,4.629,4.604,4.617,10332.47
1782816000000,4.616,4.62,4.613,4.613,1056.43
1782816300000,4.612,4.621,4.606,4.615,6263.45
1782816600000,4.615,4.622,4.612,4.617,1280.08
1782816900000,4.616,4.625,4.613,4.618,787.22
1782817200000,4.617,4.619,4.608,4.616,3305.06
1782817500000,4.615,4.627,4.615,4.627,955.96
1782817800000,4.626,4.627,4.616,4.618,1928.58
1782818100000,4.619,4.623,4.599,4.608,2563.85
1784073600000,5.056,5.066,5.05,5.054,1029.24
1784073900000,5.054,5.054,5.037,5.041,2031.7
1784074200000,5.041,5.046,5.037,5.038,4868.94
1784074500000,5.038,5.048,5.037,5.039,2498.94
1784074800000,5.04,5.042,5.034,5.037,12129.88
1784075100000,5.036,5.036,5.031,5.035,450.63
1784075400000,5.035,5.035,5.023,5.027,564.32
1784075700000,5.026,5.036,5.021,5.036,986.98
1784076000000,5.035,5.038,5.027,5.038,516.91
1784076300000,5.039,5.042,5.036,5.04,378.68
1784076600000,5.04,5.046,5.04,5.043,1587.15
1784076900000,5.044,5.046,5.043,5.044,42.44
1784077200000,5.045,5.046,5.031,5.038,2285.28
1784077500000,5.038,5.038,5.029,5.032,1017.6
1784077800000,5.032,5.033,5.024,5.032,3838.26
1784078100000,5.031,5.031,5.026,5.03,100.06
1784078400000,5.029,5.043,5.029,5.04,1156.07
1784078700000,5.04,5.045,5.038,5.038,537.98
1784079000000,5.037,5.038,5.024,5.026,655.62
1784079300000,5.025,5.025,5.004,5.006,3179.91
1784079600000,5.005,5.013,4.997,5.001,3811.96
1784079900000,5.001,5.01,4.998,5.003,2746.02
1784080200000,5.002,5.007,4.995,4.996,3284.15
1784080500000,4.995,5.002,4.993,5.001,599.39
1784080800000,5.0,5.016,4.994,5.009,7236.51
1784081100000,5.009,5.009,4.999,4.999,220.3
1784081400000,4.999,5.004,4.993,4.994,813.2
1784081700000,4.993,4.997,4.989,4.989,974.19
1784082000000,4.99,4.999,4.99,4.991,3345.36
1784082300000,4.991,4.999,4.988,4.993,910.24
1784082600000,4.993,4.999,4.991,4.991,645.88
1784082900000,4.992,5.013,4.992,5.008,1173.17
1784083200000,5.007,5.009,4.997,5.008,707.49
1784083500000,5.007,5.007,4.997,4.997,72.16
1784083800000,4.997,5.001,4.997,4.999,264.15
1784084100000,4.999,4.999,4.991,4.995,197.56
1784084400000,4.996,4.999,4.992,4.999,103.48
1784084700000,4.998,4.998,4.991,4.992,833.92
1784085000000,4.992,4.995,4.989,4.995,334.03
1784085300000,4.994,4.994,4.985,4.991,149.5
1784085600000,4.992,4.992,4.986,4.989,781.91
1784085900000,4.989,4.989,4.962,4.969,4893.08
1784086200000,4.967,4.981,4.967,4.981,503.57
1784086500000,4.979,4.982,4.977,4.977,1089.59
1784086800000,4.976,4.979,4.968,4.974,320.91
1784087100000,4.974,4.981,4.969,4.979,490.43
1784087400000,4.98,4.986,4.98,4.983,239.92
1784087700000,4.982,4.983,4.978,4.982,359.52
1784088000000,4.981,4.99,4.979,4.99,582.95
1784088300000,4.989,5.0,4.986,4.997,3608.67
1784088600000,4.997,5.029,4.997,5.009,6758.04
1784088900000,5.008,5.008,5.003,5.005,140.23
1784089200000,5.003,5.004,4.99,4.991,1054.52
1784089500000,4.989,4.989,4.969,4.969,894.81
1784089800000,4.968,4.979,4.966,4.977,957.83
1784090100000,4.977,4.982,4.977,4.98,703.8
1784090400000,4.979,4.984,4.979,4.984,354.54
1784090700000,4.985,4.988,4.981,4.983,576.54
1784091000000,4.984,4.994,4.983,4.991,337.28
1784091300000,4.99,4.99,4.982,4.985,769.73
1784091600000,4.986,4.987,4.968,4.969,2795.26
1784091900000,4.969,4.972,4.968,4.972,134.82
1784092200000,4.971,4.971,4.947,4.954,3079.16
1784092500000,4.953,4.953,4.94,4.947,1413.59
1784092800000,4.946,4.947,4.941,4.943,721.72
1784093100000,4.943,4.944,4.94,4.943,1424.91
1784093400000,4.942,4.957,4.94,4.957,3187.24
1784093700000,4.956,4.956,4.949,4.949,500.28
1784094000000,4.95,4.953,4.949,4.952,380.23
1784094300000,4.952,4.955,4.95,4.955,325.41
1784094600000,4.956,4.964,4.952,4.962,1529.22
1784094900000,4.963,4.977,4.963,4.976,1834.58
1784095200000,4.976,4.986,4.975,4.979,1013.97
1784095500000,4.978,4.985,4.976,4.981,967.27
1784095800000,4.982,4.984,4.972,4.975,980.96
1784096100000,4.973,4.98,4.966,4.968,2506.16
1784096400000,4.967,4.967,4.961,4.967,148.77
1784096700000,4.966,4.966,4.956,4.96,992.73
1784097000000,4.961,4.98,4.957,4.978,1127.75
1784097300000,4.977,4.978,4.962,4.966,889.99
1784097600000,4.966,4.967,4.964,4.965,21.32
1784097900000,4.964,4.965,4.958,4.958,734.98
1784098200000,4.957,4.957,4.95,4.954,665.55
1784098500000,4.954,4.954,4.944,4.944,660.18
1784098800000,4.943,4.944,4.936,4.94,8884.63
1784099100000,4.939,4.944,4.932,4.942,2717.74
1784099400000,4.941,4.944,4.937,4.941,1107.26
1784099700000,4.941,4.945,4.928,4.934,1463.87
1784100000000,4.933,4.933,4.915,4.921,6436.1
1784100300000,4.921,4.921,4.9,4.903,6838.18
1784100600000,4.904,4.915,4.901,4.913,2296.35
1784100900000,4.912,4.918,4.907,4.907,501.7
1784101200000,4.907,4.912,4.907,4.908,1502.6
1784101500000,4.907,4.92,4.907,4.919,1404.35
1784101800000,4.92,4.923,4.918,4.922,1233.3
1784102100000,4.922,4.922,4.918,4.918,516.7
1784102400000,4.918,4.918,4.899,4.911,3612.83
1784102700000,4.91,4.91,4.895,4.899,2391.35
1784103000000,4.899,4.918,4.899,4.917,3239.31
1784103300000,4.916,4.919,4.913,4.918,2377.5
1784103600000,4.916,4.918,4.909,4.916,1182.97
1784103900000,4.915,4.932,4.91,4.929,4237.07
1784104200000,4.927,4.93,4.917,4.926,1859.91
1784104500000,4.925,4.925,4.918,4.921,1954.32
1784104800000,4.922,4.931,4.921,4.928,3050.47
1784105100000,4.929,4.929,4.918,4.918,530.73
1784105400000,4.918,4.923,4.918,4.921,876.28
1784105700000,4.92,4.923,4.917,4.919,664.83
1784106000000,4.92,4.93,4.919,4.93,773.92
1784106300000,4.93,4.941,4.927,4.932,2493.81
1784106600000,4.933,4.934,4.928,4.93,737.59
1784106900000,4.93,4.93,4.923,4.923,677.93
1784107200000,4.922,4.957,4.922,4.941,4058.06
1784107500000,4.941,4.949,4.94,4.948,1866.01
1784107800000,4.949,4.953,4.943,4.946,1494.37
1784108100000,4.945,4.952,4.944,4.948,459.38
1784108400000,4.948,4.949,4.936,4.936,2237.1
1784108700000,4.935,4.936,4.93,4.93,652.07
1784109000000,4.931,4.934,4.926,4.934,1260.96
1784109300000,4.934,4.936,4.93,4.936,1280.97
1784109600000,4.936,4.948,4.933,4.945,558.98
1784109900000,4.945,4.969,4.945,4.966,13086.01
1784110200000,4.967,4.969,4.961,4.965,3883.1
1784110500000,4.966,4.971,4.957,4.961,4653.78
1784110800000,4.959,4.968,4.954,4.954,4460.21
1784111100000,4.953,4.962,4.948,4.959,3039.51
1784111400000,4.96,4.974,4.958,4.973,3990.07
1784111700000,4.973,4.988,4.972,4.977,6212.18
1784112000000,4.978,4.984,4.976,4.98,3666.3
1784112300000,4.98,4.998,4.976,4.993,7827.9
1784112600000,4.994,5.004,4.992,5.003,4897.79
1784112900000,5.003,5.009,4.996,5.001,6294.47
1784113200000,5.002,5.009,4.996,5.001,5206.54
1784113500000,5.002,5.004,4.99,5.001,5255.55
1784113800000,5.0,5.01,4.999,5.002,4451.96
1784114100000,5.003,5.023,5.003,5.008,7053.2
1784114400000,5.008,5.032,5.008,5.015,7792.99
1784114700000,5.016,5.027,5.016,5.025,3395.76
1784115000000,5.026,5.046,5.021,5.028,9282.23
1784115300000,5.028,5.028,5.012,5.022,4333.38
1784115600000,5.022,5.046,5.02,5.042,4999.1
1784115900000,5.043,5.046,5.034,5.035,7579.9
1784116200000,5.037,5.051,5.033,5.046,3913.49
1784116500000,5.045,5.056,5.042,5.051,3804.79
1784116800000,5.051,5.068,5.048,5.065,7541.29
1784117100000,5.064,5.077,5.054,5.074,5734.21
1784117400000,5.075,5.106,5.069,5.094,15139.96
1784117700000,5.094,5.108,5.093,5.106,17447.03
1784118000000,5.106,5.115,5.081,5.091,13594.04
1784118300000,5.091,5.11,5.086,5.11,6616.13
1784118600000,5.109,5.131,5.093,5.095,30009.23
1784118900000,5.095,5.109,5.081,5.084,5512.14
1784119200000,5.084,5.104,5.082,5.101,5108.99
1784119500000,5.1,5.129,5.099,5.126,12328.41
1784119800000,5.124,5.171,5.124,5.166,29021.28
1784120100000,5.166,5.189,5.161,5.179,35115.09
1784120400000,5.178,5.2,5.172,5.181,22737.28
1784120700000,5.181,5.202,5.176,5.192,12726.23
1784121000000,5.192,5.217,5.187,5.207,8296.84
1784121300000,5.208,5.208,5.18,5.195,3235.58
1784121600000,5.196,5.199,5.166,5.179,5199.41
1784121900000,5.179,5.2,5.164,5.189,10016.29
1784122200000,5.191,5.192,5.165,5.178,7045.49
1784122500000,5.177,5.177,5.158,5.169,7412.92
1784122800000,5.167,5.167,5.139,5.14,17089.09
1784123100000,5.139,5.143,5.104,5.123,15791.48
1784123400000,5.124,5.143,5.114,5.143,6354.85
1784123700000,5.141,5.172,5.138,5.167,4394.03
1784124000000,5.169,5.175,5.158,5.167,4632.09
1784124300000,5.168,5.172,5.158,5.167,3486.69
1784124600000,5.166,5.173,5.152,5.155,4377.92
1784124900000,5.154,5.183,5.149,5.178,3706.78
1784125200000,5.178,5.178,5.12,5.126,4766.41
1784125500000,5.125,5.125,5.093,5.113,7291.65
1784125800000,5.112,5.119,5.108,5.117,4918.57
1784126100000,5.116,5.124,5.109,5.12,2985.87
1784126400000,5.121,5.136,5.112,5.135,1198.89
1784126700000,5.136,5.14,5.125,5.135,2341.05
1784127000000,5.134,5.139,5.127,5.138,674.98
1784127300000,5.139,5.156,5.139,5.153,1135.75
1784127600000,5.152,5.154,5.138,5.142,1240.32
1784127900000,5.142,5.158,5.133,5.133,1649.19
1784128200000,5.132,5.133,5.108,5.111,9013.61
1784128500000,5.11,5.122,5.108,5.117,5510.24
1784128800000,5.117,5.117,5.106,5.112,1361.61
1784129100000,5.113,5.123,5.108,5.123,2149.76
1784129400000,5.121,5.135,5.117,5.134,2495.5
1784129700000,5.135,5.166,5.135,5.16,8184.98
1784130000000,5.16,5.17,5.157,5.16,1836.47
1784130300000,5.16,5.16,5.146,5.153,1354.43
1784130600000,5.152,5.156,5.144,5.151,706.93
1784130900000,5.152,5.159,5.143,5.157,3592.57
1784131200000,5.158,5.159,5.126,5.128,3983.9
1784131500000,5.127,5.132,5.107,5.111,4844.22
1784131800000,5.112,5.112,5.092,5.1,3348.33
1784132100000,5.101,5.111,5.097,5.102,5360.07
1784132400000,5.102,5.105,5.081,5.099,5220.72
1784132700000,5.1,5.111,5.097,5.109,640.26
1784133000000,5.109,5.119,5.097,5.098,2032.33
1784133300000,5.098,5.098,5.058,5.082,23779.15
1784133600000,5.082,5.097,5.082,5.097,2250.94
1784133900000,5.098,5.116,5.094,5.112,15074.84
1784134200000,5.113,5.115,5.108,5.108,2577.72
1784134500000,5.108,5.122,5.106,5.12,2309.21
1784134800000,5.121,5.128,5.116,5.116,1695.83
1784135100000,5.117,5.119,5.108,5.11,600.93
1784135400000,5.109,5.109,5.093,5.093,506.19
1784135700000,5.094,5.1,5.092,5.095,1555.99
1784136000000,5.095,5.115,5.095,5.113,1528.83
1784136300000,5.113,5.114,5.107,5.111,149.23
1784136600000,5.112,5.115,5.106,5.108,2750.35
1784136900000,5.107,5.123,5.107,5.121,911.88
1784137200000,5.12,5.12,5.108,5.117,3530.42
1784137500000,5.115,5.133,5.106,5.119,4239.85
1784137800000,5.12,5.127,5.113,5.127,1266.21
1784138100000,5.128,5.129,5.121,5.124,232.51
1784138400000,5.123,5.129,5.119,5.127,815.53
1784138700000,5.126,5.126,5.116,5.118,2220.29
1784139000000,5.118,5.135,5.117,5.134,672.55
1784139300000,5.133,5.148,5.13,5.139,1678.74
1784139600000,5.14,5.149,5.14,5.142,1088.93
1784139900000,5.142,5.146,5.134,5.142,1517.52
1784140200000,5.143,5.148,5.142,5.144,351.99
1784140500000,5.143,5.145,5.126,5.126,610.35
1784140800000,5.125,5.134,5.123,5.126,976.08
1784141100000,5.126,5.132,5.117,5.128,2087.96
1784141400000,5.127,5.127,5.105,5.109,1144.24
1784141700000,5.109,5.113,5.104,5.106,727.92
1784142000000,5.107,5.117,5.105,5.116,846.39
1784142300000,5.117,5.118,5.099,5.101,1737.12
1784142600000,5.102,5.103,5.091,5.094,1216.84
1784142900000,5.095,5.095,5.089,5.089,785.14
1784143200000,5.09,5.09,5.082,5.09,964.38
1784143500000,5.09,5.1,5.09,5.097,3289.51
1784143800000,5.096,5.1,5.089,5.092,3233.9
1784144100000,5.091,5.095,5.081,5.092,2137.37
1784144400000,5.092,5.097,5.09,5.095,534.84
1784144700000,5.094,5.102,5.093,5.097,1609.87
1784145000000,5.097,5.103,5.083,5.089,1925.92
1784145300000,5.09,5.097,5.09,5.093,397.42
1784145600000,5.092,5.112,5.091,5.109,1881.14
1784145900000,5.109,5.13,5.108,5.116,2547.83
1784146200000,5.117,5.131,5.117,5.129,289.71
1784146500000,5.129,5.146,5.129,5.142,2242.57
1784146800000,5.143,5.145,5.139,5.139,306.25
1784147100000,5.141,5.144,5.134,5.134,216.34
1784147400000,5.135,5.135,5.132,5.132,423.55
1784147700000,5.131,5.132,5.13,5.132,156.47
1784148000000,5.131,5.131,5.119,5.119,354.45
1784148300000,5.119,5.119,5.114,5.116,373.17
1784148600000,5.116,5.123,5.113,5.113,975.7
1784148900000,5.112,5.114,5.109,5.114,1511.17
1784149200000,5.114,5.147,5.114,5.125,5706.08
1784149500000,5.126,5.132,5.126,5.132,161.95
1784149800000,5.131,5.133,5.129,5.13,1045.23
1784150100000,5.129,5.157,5.127,5.157,5541.29
1784150400000,5.157,5.17,5.156,5.167,2213.26
1784150700000,5.168,5.172,5.159,5.159,1983.4
1784151000000,5.159,5.159,5.128,5.129,2876.83
1784151300000,5.128,5.134,5.124,5.124,2782.07
1784151600000,5.125,5.134,5.123,5.131,3069.55
1784151900000,5.129,5.131,5.117,5.119,8620.49
1784152200000,5.12,5.12,5.117,5.118,423.03
1784152500000,5.117,5.117,5.104,5.112,1321.37
1784152800000,5.113,5.132,5.11,5.113,3424.33
1784153100000,5.112,5.116,5.111,5.115,921.37
1784153400000,5.115,5.116,5.111,5.112,1102.05
1784153700000,5.111,5.124,5.111,5.115,1289.99
1784154000000,5.114,5.122,5.113,5.122,808.27
1784154300000,5.123,5.133,5.123,5.133,150.15
1784154600000,5.133,5.135,5.128,5.128,1041.46
1784154900000,5.127,5.129,5.123,5.124,1798.9
1784155200000,5.126,5.127,5.112,5.112,372.27
1784155500000,5.112,5.117,5.108,5.11,395.57
1784155800000,5.109,5.114,5.094,5.101,6848.2
1784156100000,5.1,5.105,5.097,5.097,329.31
1784156400000,5.097,5.106,5.096,5.106,3119.86
1784156700000,5.106,5.106,5.097,5.104,390.49
1784157000000,5.104,5.106,5.101,5.105,603.49
1784157300000,5.105,5.107,5.105,5.105,442.23
1784157600000,5.105,5.11,5.098,5.099,492.59
1784157900000,5.099,5.102,5.095,5.102,616.53
1784158200000,5.101,5.109,5.101,5.107,313.51
1784158500000,5.108,5.116,5.096,5.096,1759.44
1784158800000,5.096,5.103,5.091,5.1,3596.56
1784159100000,5.101,5.101,5.078,5.082,1628.16
1784159400000,5.083,5.092,5.079,5.088,1854.91
1784159700000,5.089,5.098,5.088,5.096,4099.25
1784160000000,5.096,5.119,5.094,5.114,2551.5
1784160300000,5.115,5.122,5.114,5.12,1031.77
1784160600000,5.12,5.129,5.117,5.117,1044.51
1784160900000,5.117,5.121,5.111,5.111,499.25
1784161200000,5.111,5.12,5.108,5.113,810.96
1784161500000,5.113,5.118,5.089,5.09,5072.17
1784161800000,5.091,5.099,5.086,5.097,1295.59
1784162100000,5.097,5.097,5.085,5.087,1005.18
1784162400000,5.087,5.087,5.077,5.083,1382.82
1784162700000,5.084,5.091,5.08,5.091,2346.72
1784163000000,5.092,5.126,5.086,5.118,2601.91
1784163300000,5.118,5.119,5.107,5.115,848.89
1784163600000,5.116,5.127,5.114,5.125,1189.37
1784163900000,5.126,5.167,5.126,5.149,7569.08
1784164200000,5.148,5.153,5.129,5.136,3024.77
1784164500000,5.135,5.138,5.117,5.121,1086.25
1784164800000,5.121,5.133,5.12,5.123,2685.62
1784165100000,5.124,5.136,5.123,5.127,2203.28
1784165400000,5.128,5.138,5.126,5.133,1062.31
1784165700000,5.134,5.152,5.134,5.151,2798.33
1784166000000,5.151,5.179,5.151,5.154,5888.0
1784166300000,5.153,5.166,5.144,5.165,3677.39
1784166600000,5.166,5.171,5.162,5.169,3457.96
1784166900000,5.17,5.176,5.167,5.171,5870.41
1784167200000,5.172,5.177,5.163,5.163,1745.54
1784167500000,5.162,5.17,5.147,5.15,1942.0
1784167800000,5.149,5.153,5.144,5.144,317.96
1784168100000,5.144,5.15,5.138,5.15,852.9
1784168400000,5.148,5.148,5.139,5.142,3083.0
1784168700000,5.141,5.152,5.139,5.15,790.27
1784169000000,5.15,5.155,5.147,5.152,1688.95
1784169300000,5.152,5.173,5.152,5.153,6731.1
1784169600000,5.155,5.155,5.145,5.145,596.71
1784169900000,5.145,5.164,5.145,5.154,615.84
1784170200000,5.153,5.153,5.145,5.151,1055.95
1784170500000,5.151,5.151,5.144,5.148,2239.62
1784170800000,5.147,5.151,5.139,5.146,1514.74
1784171100000,5.145,5.15,5.144,5.144,128.18
1784171400000,5.143,5.15,5.135,5.138,1585.14
1784171700000,5.137,5.139,5.117,5.119,2387.82
1784172000000,5.121,5.16,5.121,5.136,7339.11
1784172300000,5.137,5.148,5.137,5.147,429.58
1784172600000,5.146,5.153,5.145,5.15,2865.64
1784172900000,5.149,5.149,5.135,5.139,2974.92
1784173200000,5.14,5.141,5.124,5.125,1050.83
1784173500000,5.124,5.124,5.121,5.122,267.95
1784173800000,5.123,5.129,5.123,5.126,1901.62
1784174100000,5.125,5.13,5.123,5.127,1421.1
1784174400000,5.126,5.13,5.123,5.123,195.68
1784174700000,5.122,5.122,5.115,5.115,860.11
1784175000000,5.116,5.12,5.113,5.119,717.21
1784175300000,5.118,5.118,5.1,5.102,5190.66
1784175600000,5.102,5.115,5.1,5.115,7269.01
1784175900000,5.116,5.123,5.116,5.123,1033.61
1784176200000,5.122,5.126,5.117,5.117,300.44
1784176500000,5.116,5.116,5.102,5.113,2978.56
1784176800000,5.112,5.158,5.111,5.157,14611.59
1784177100000,5.154,5.156,5.128,5.138,4690.61
1784177400000,5.139,5.139,5.121,5.129,727.96
1784177700000,5.13,5.146,5.123,5.139,4826.59
1784178000000,5.139,5.162,5.132,5.159,1427.84
1784178300000,5.16,5.18,5.15,5.163,3887.13
1784178600000,5.163,5.172,5.156,5.171,2190.01
1784178900000,5.171,5.173,5.155,5.161,1984.11
1784179200000,5.16,5.176,5.156,5.17,1879.67
1784179500000,5.17,5.176,5.167,5.169,2140.17
1784179800000,5.171,5.174,5.156,5.162,1212.17
1784180100000,5.161,5.177,5.159,5.176,3689.41
1784180400000,5.176,5.194,5.173,5.188,2448.45
1784180700000,5.189,5.207,5.183,5.192,6754.59
1784181000000,5.192,5.196,5.187,5.19,1018.9
1784181300000,5.191,5.199,5.183,5.199,1751.32
1784181600000,5.197,5.209,5.192,5.206,3406.49
1784181900000,5.205,5.236,5.185,5.211,18388.84
1784182200000,5.212,5.215,5.203,5.203,945.87
1784182500000,5.202,5.202,5.188,5.19,2120.12
1784182800000,5.19,5.191,5.163,5.167,3100.57
1784183100000,5.167,5.177,5.159,5.16,10103.45
1784183400000,5.159,5.169,5.158,5.159,1539.22
1784183700000,5.158,5.166,5.151,5.164,1217.04
1784184000000,5.164,5.167,5.157,5.163,439.87
1784184300000,5.162,5.209,5.16,5.192,19337.09
1784184600000,5.192,5.192,5.176,5.179,310.2
1784184900000,5.178,5.182,5.178,5.18,238.85
1784185200000,5.179,5.179,5.165,5.171,1065.41
1784185500000,5.172,5.172,5.164,5.165,615.27
1784185800000,5.164,5.167,5.155,5.155,1224.28
1784186100000,5.155,5.158,5.151,5.156,1183.34
1784186400000,5.156,5.159,5.145,5.145,1744.33
1784186700000,5.145,5.149,5.139,5.148,2515.84
1784187000000,5.145,5.15,5.125,5.135,3073.31
1784187300000,5.135,5.138,5.117,5.132,4792.46
1784187600000,5.131,5.131,5.121,5.126,1984.32
1784187900000,5.125,5.125,5.116,5.118,1029.38
1784188200000,5.119,5.126,5.114,5.125,1567.06
1784188500000,5.126,5.147,5.126,5.14,5521.9
1784188800000,5.141,5.142,5.108,5.127,19514.34
1784189100000,5.126,5.131,5.109,5.116,2691.5
1784189400000,5.116,5.119,5.066,5.075,33673.48
1784189700000,5.075,5.076,5.04,5.054,29096.46
1784190000000,5.053,5.07,5.049,5.07,3456.14
1784190300000,5.07,5.095,5.07,5.095,2715.36
1784190600000,5.093,5.111,5.087,5.102,4913.69
1784190900000,5.103,5.104,5.096,5.096,433.09
1784191200000,5.095,5.097,5.082,5.086,897.27
1784191500000,5.083,5.101,5.081,5.096,1815.96
1784191800000,5.096,5.097,5.085,5.085,1663.78
1784192100000,5.085,5.097,5.076,5.083,2224.25
1784192400000,5.085,5.092,5.082,5.083,840.46
1784192700000,5.085,5.091,5.077,5.086,1576.31
1784193000000,5.086,5.096,5.086,5.087,868.97
1784193300000,5.086,5.102,5.083,5.094,1046.78
1784193600000,5.094,5.094,5.088,5.092,817.31
1784193900000,5.093,5.094,5.066,5.072,7681.36
1784194200000,5.073,5.086,5.071,5.074,2127.23
1784194500000,5.075,5.081,5.07,5.07,1834.17
1784194800000,5.07,5.081,5.07,5.074,1516.96
1784195100000,5.072,5.074,5.06,5.062,3878.61
1784195400000,5.062,5.067,5.059,5.064,2045.32
1784195700000,5.065,5.07,5.059,5.064,1607.79
1784196000000,5.065,5.07,5.06,5.069,1743.04
1784196300000,5.069,5.088,5.069,5.086,3725.75
1784196600000,5.086,5.116,5.05,5.055,31206.99
1784196900000,5.054,5.059,5.051,5.054,2922.44
1784197200000,5.054,5.058,5.048,5.049,3021.88
1784197500000,5.051,5.066,5.046,5.065,4657.45
1784197800000,5.064,5.065,5.055,5.061,4757.5
1784198100000,5.062,5.068,5.055,5.056,3606.17
1784198400000,5.057,5.058,5.054,5.055,1102.43
1784198700000,5.056,5.058,5.046,5.052,1035.57
1784199000000,5.052,5.061,5.05,5.058,900.82
1784199300000,5.058,5.06,5.052,5.054,5949.04
1784199600000,5.054,5.055,5.041,5.048,12561.93
1784199900000,5.048,5.048,5.04,5.041,4130.74
1784200200000,5.041,5.049,5.034,5.042,2654.46
1784200500000,5.043,5.046,5.03,5.038,5855.38
1784200800000,5.038,5.05,5.034,5.05,3057.37
1784201100000,5.05,5.062,5.043,5.048,6275.75
1784201400000,5.047,5.05,5.04,5.046,2214.46
1784201700000,5.046,5.046,5.037,5.04,952.04
1784202000000,5.041,5.051,5.04,5.046,2695.62
1784202300000,5.046,5.06,5.042,5.042,4090.62
1784202600000,5.041,5.044,5.034,5.04,3027.82
1784202900000,5.039,5.04,5.016,5.026,21034.1
1784203200000,5.025,5.049,5.012,5.017,5718.99
1784203500000,5.02,5.023,5.01,5.015,1590.66
1784203800000,5.015,5.019,5.009,5.013,2157.36
1784204100000,5.015,5.017,5.008,5.013,962.65
1784204400000,5.012,5.022,5.007,5.01,11624.49
1784204700000,5.01,5.021,5.009,5.02,1917.02
1784205000000,5.02,5.025,5.006,5.012,2241.08
1784205300000,5.012,5.013,5.0,5.002,7330.66
1784205600000,5.002,5.005,4.997,4.999,3716.89
1784205900000,5.0,5.008,4.998,5.007,3489.37
1784206200000,5.007,5.033,5.005,5.03,2498.06
1784206500000,5.03,5.038,5.022,5.037,2486.58
1784206800000,5.036,5.046,5.035,5.042,2815.97
1784207100000,5.042,5.053,5.04,5.043,7618.08
1784207400000,5.044,5.056,5.039,5.054,2163.73
1784207700000,5.055,5.066,5.053,5.066,2450.72
1784208000000,5.065,5.076,5.06,5.071,3360.56
1784208300000,5.071,5.071,5.056,5.062,4083.33
1784208600000,5.063,5.073,5.056,5.057,3725.3
1784208900000,5.057,5.06,5.043,5.044,2259.5
1784209200000,5.042,5.049,5.031,5.033,1281.04
1784209500000,5.034,5.043,5.026,5.028,2570.32
1784209800000,5.027,5.04,5.024,5.029,2558.32
1784210100000,5.028,5.045,5.023,5.045,834.76
1784210400000,5.045,5.059,5.043,5.054,2226.81
1784210700000,5.056,5.079,5.053,5.075,1617.42
1784211000000,5.074,5.107,5.073,5.103,5085.35
1784211300000,5.103,5.115,5.074,5.105,18517.33
1784211600000,5.104,5.104,5.063,5.067,4914.54
1784211900000,5.066,5.07,5.047,5.06,13515.62
1784212200000,5.059,5.07,5.048,5.066,2266.54
1784212500000,5.067,5.074,5.066,5.071,764.83
1784212800000,5.071,5.076,5.065,5.076,225.81
1784213100000,5.077,5.078,5.068,5.07,1284.04
1784213400000,5.069,5.07,5.055,5.057,1716.9
1784213700000,5.056,5.056,5.033,5.045,2461.24
1784214000000,5.045,5.049,5.042,5.047,889.44
1784214300000,5.046,5.046,5.027,5.035,1384.89
1784214600000,5.034,5.035,5.025,5.03,5624.04
1784214900000,5.031,5.045,5.023,5.045,3443.59
1784215200000,5.046,5.052,5.029,5.052,811.38
1784215500000,5.051,5.088,5.05,5.082,9918.64
1784215800000,5.083,5.084,5.066,5.069,2652.35
1784216100000,5.068,5.079,5.065,5.07,2019.28
1784216400000,5.07,5.074,5.049,5.054,1745.12
1784216700000,5.055,5.058,5.04,5.049,1629.24
1784217000000,5.05,5.06,5.05,5.059,595.72
1784217300000,5.059,5.059,5.048,5.054,2162.35
1784217600000,5.054,5.06,5.048,5.049,1255.64
1784217900000,5.048,5.051,5.033,5.035,1162.45
1784218200000,5.034,5.037,5.027,5.031,1370.06
1784218500000,5.031,5.035,5.03,5.031,681.87
1784218800000,5.03,5.03,5.025,5.026,1262.59
1784219100000,5.025,5.026,5.01,5.023,29221.19
1784219400000,5.023,5.037,5.023,5.026,2154.88
1784219700000,5.024,5.025,5.017,5.018,188.4
1784220000000,5.018,5.019,5.009,5.012,885.79
1784220300000,5.013,5.016,5.008,5.015,2739.14
1784220600000,5.015,5.028,5.015,5.026,567.01
1784220900000,5.027,5.027,5.02,5.024,279.73
1784221200000,5.025,5.027,5.017,5.019,1799.62
1784221500000,5.018,5.025,5.015,5.021,1240.47
1784221800000,5.021,5.022,5.001,5.007,5593.85
1784222100000,5.009,5.014,4.996,5.006,3563.09
1784222400000,5.007,5.012,4.999,5.005,14023.89
1784222700000,5.003,5.016,5.001,5.011,2320.82
1784223000000,5.011,5.028,5.009,5.021,853.38
1784223300000,5.021,5.032,5.016,5.019,1773.35
1784223600000,5.02,5.028,5.016,5.018,1932.61
1784223900000,5.017,5.019,5.012,5.019,1560.49
1784224200000,5.019,5.019,5.002,5.005,1190.74
1784224500000,5.004,5.005,4.981,5.005,13230.61
1784224800000,5.006,5.009,5.003,5.006,465.94
1784225100000,5.005,5.028,5.001,5.022,1457.22
1784225400000,5.022,5.025,5.017,5.02,480.45
1784225700000,5.02,5.051,5.011,5.026,20247.22
1784226000000,5.026,5.029,5.022,5.027,330.34
1784226300000,5.027,5.027,5.01,5.011,1079.8
1784226600000,5.01,5.034,4.995,4.999,8984.25
1784226900000,4.998,4.998,4.986,4.986,2035.79
1784227200000,4.986,4.989,4.973,4.984,3699.36
1784227500000,4.983,4.989,4.981,4.985,457.85
1784227800000,4.984,4.988,4.975,4.975,1106.15
1784228100000,4.975,4.978,4.962,4.963,1918.19
1784228400000,4.963,4.983,4.96,4.978,5153.56
1784228700000,4.977,4.986,4.973,4.975,1831.23
1784229000000,4.975,4.975,4.966,4.967,744.45
1784229300000,4.968,4.975,4.963,4.972,6850.36
1784229600000,4.973,4.98,4.972,4.972,664.5
1784229900000,4.972,4.985,4.968,4.98,3020.68
1784230200000,4.979,4.982,4.972,4.979,560.75
1784230500000,4.979,4.979,4.969,4.973,410.96
1784230800000,4.972,4.972,4.964,4.965,210.81
1784231100000,4.964,4.965,4.959,4.965,347.23
1784231400000,4.966,4.973,4.962,4.964,2281.74
1784231700000,4.965,4.982,4.961,4.977,1160.67
1784232000000,4.976,4.978,4.966,4.972,1111.59
1784232300000,4.971,4.971,4.965,4.966,636.48
1784232600000,4.966,4.977,4.966,4.972,1716.83
1784232900000,4.972,4.982,4.971,4.982,605.35
1784233200000,4.981,4.986,4.981,4.985,648.03
1784233500000,4.984,4.986,4.984,4.984,180.15
1784233800000,4.984,4.994,4.975,4.991,1605.97
1784234100000,4.991,5.002,4.989,4.997,2381.1
1784234400000,4.997,4.998,4.986,4.989,424.11
1784234700000,4.989,4.995,4.987,4.989,294.1
1784235000000,4.989,4.994,4.989,4.99,1174.33
1784235300000,4.99,4.996,4.99,4.994,449.77
1784235600000,4.994,4.996,4.99,4.996,919.64
1784235900000,4.997,5.01,4.997,5.01,860.67
1784236200000,5.01,5.021,5.008,5.013,2723.84
1784236500000,5.013,5.019,5.013,5.019,367.05
1784236800000,5.018,5.019,5.01,5.011,942.25
1784237100000,5.009,5.009,5.003,5.007,513.11
1784237400000,5.008,5.009,5.008,5.009,65.48
1784237700000,5.01,5.03,5.01,5.025,1398.03
1784238000000,5.025,5.025,5.023,5.024,524.49
1784238300000,5.022,5.022,5.016,5.017,665.83
1784238600000,5.018,5.02,5.009,5.01,183.33
1784238900000,5.009,5.01,5.004,5.006,1232.48
1784239200000,5.006,5.024,5.006,5.022,231.04
1784239500000,5.022,5.024,5.018,5.018,816.12
1784239800000,5.018,5.03,5.014,5.015,4371.67
1784240100000,5.014,5.018,5.0,5.003,1561.6
1784240400000,5.002,5.004,4.991,4.991,880.86
1784240700000,4.99,4.99,4.971,4.973,6283.65
1784241000000,4.972,4.978,4.968,4.977,1989.76
1784241300000,4.975,4.979,4.97,4.97,506.43
1784241600000,4.969,4.969,4.946,4.957,10027.88
1784241900000,4.958,4.958,4.948,4.953,2085.69
1784242200000,4.952,4.952,4.944,4.944,1882.61
1784242500000,4.943,4.943,4.931,4.939,4216.19
1784242800000,4.939,4.946,4.935,4.941,3279.42
1784243100000,4.941,4.943,4.932,4.934,233.0
1784243400000,4.935,4.952,4.933,4.946,1623.64
1784243700000,4.945,4.945,4.889,4.898,81460.31
1784244000000,4.899,4.9,4.873,4.884,14460.64
1784244300000,4.884,4.884,4.857,4.875,35673.54
1784244600000,4.875,4.881,4.865,4.866,1786.98
1784244900000,4.866,4.871,4.855,4.87,8645.92
1784245200000,4.87,4.873,4.862,4.869,2094.31
1784245500000,4.869,4.87,4.86,4.863,1731.85
1784245800000,4.863,4.87,4.861,4.867,1541.74
1784246100000,4.866,4.866,4.857,4.859,1201.57
1784246400000,4.86,4.863,4.849,4.852,4329.74
1784246700000,4.853,4.855,4.844,4.85,9168.5
1784247000000,4.85,4.866,4.85,4.866,1958.12
1784247300000,4.867,4.877,4.859,4.863,2275.22
1784247600000,4.864,4.878,4.857,4.869,4700.36
1784247900000,4.869,4.87,4.856,4.856,544.39
1784248200000,4.855,4.858,4.848,4.848,2954.34
1784248500000,4.848,4.854,4.834,4.844,4284.84
1784248800000,4.844,4.859,4.844,4.857,4052.7
1784249100000,4.856,4.86,4.845,4.847,2150.69
1784249400000,4.848,4.852,4.846,4.851,1949.0
1784249700000,4.852,4.868,4.851,4.861,1784.13
1784250000000,4.861,4.875,4.858,4.87,1987.52
1784250300000,4.869,4.897,4.867,4.89,2898.87
1784250600000,4.89,4.894,4.877,4.881,2224.62
1784250900000,4.881,4.886,4.869,4.869,2382.84
1784251200000,4.869,4.869,4.862,4.867,1000.4
1784251500000,4.867,4.88,4.86,4.88,1585.44
1784251800000,4.881,4.881,4.868,4.868,2114.13
1784252100000,4.868,4.886,4.868,4.879,1447.76
1784252400000,4.88,4.883,4.868,4.871,6044.47
1784252700000,4.87,4.87,4.856,4.862,1535.78
1784253000000,4.863,4.865,4.854,4.855,2151.56
1784253300000,4.855,4.86,4.852,4.86,546.62
1784253600000,4.859,4.861,4.85,4.86,678.51
1784253900000,4.861,4.867,4.841,4.841,3825.93
1784254200000,4.841,4.863,4.841,4.863,1259.78
1784254500000,4.864,4.875,4.86,4.867,2144.9
1784254800000,4.868,4.868,4.86,4.862,916.51
1784255100000,4.863,4.877,4.861,4.875,705.24
1784255400000,4.874,4.874,4.85,4.851,3863.91
1784255700000,4.851,4.853,4.845,4.852,445.63
1784256000000,4.853,4.857,4.849,4.855,190.95
1784256300000,4.856,4.857,4.852,4.855,2537.25
1784256600000,4.855,4.855,4.842,4.843,974.85
1784256900000,4.843,4.858,4.843,4.852,438.05
1784257200000,4.853,4.865,4.853,4.86,838.61
1784257500000,4.86,4.875,4.86,4.869,4037.55
1784257800000,4.868,4.876,4.866,4.874,333.79
1784258100000,4.874,4.887,4.869,4.884,2046.14
1784258400000,4.885,4.903,4.885,4.888,13697.18
1784258700000,4.889,4.892,4.882,4.883,2521.35
1784259000000,4.884,4.885,4.865,4.869,2427.7
1784259300000,4.868,4.875,4.866,4.872,363.97
1784259600000,4.871,4.871,4.865,4.865,909.95
1784259900000,4.865,4.866,4.854,4.856,4600.88
1784260200000,4.854,4.856,4.849,4.855,3458.59
1784260500000,4.854,4.856,4.851,4.851,488.09
1784260800000,4.85,4.859,4.84,4.842,8980.35
1784261100000,4.843,4.853,4.843,4.847,3347.06
1784261400000,4.846,4.858,4.844,4.858,775.25
1784261700000,4.858,4.862,4.836,4.838,5742.42
1784262000000,4.838,4.854,4.835,4.854,6966.21
1784262300000,4.855,4.861,4.853,4.859,2912.51
1784262600000,4.859,4.875,4.859,4.867,1463.55
1784262900000,4.867,4.873,4.865,4.873,269.14
1784263200000,4.872,4.882,4.868,4.882,280.38
1784263500000,4.883,4.889,4.883,4.886,4016.0
1784263800000,4.886,4.889,4.885,4.888,517.47
1784264100000,4.889,4.893,4.88,4.883,3808.13
1784264400000,4.883,4.883,4.869,4.881,446.17
1784264700000,4.88,4.88,4.867,4.873,448.2
1784265000000,4.873,4.878,4.871,4.876,1258.02
1784265300000,4.877,4.878,4.872,4.872,1709.02
1784265600000,4.872,4.873,4.861,4.861,868.0
1784265900000,4.86,4.86,4.85,4.85,415.92
1784266200000,4.849,4.853,4.842,4.846,4658.56
1784266500000,4.845,4.852,4.838,4.846,4138.95
1784266800000,4.847,4.847,4.822,4.836,12294.11
1784267100000,4.835,4.835,4.82,4.833,4084.85
1784267400000,4.832,4.835,4.82,4.826,4569.95
1784267700000,4.827,4.838,4.827,4.835,1020.39
1784268000000,4.835,4.845,4.829,4.841,1857.13
1784268300000,4.841,4.858,4.841,4.841,11236.53
1784268600000,4.842,4.859,4.842,4.857,1845.4
1784268900000,4.856,4.856,4.844,4.849,3226.98
1784269200000,4.848,4.872,4.848,4.871,836.39
1784269500000,4.87,4.89,4.868,4.887,2316.98
1784269800000,4.887,4.895,4.879,4.895,7941.88
1784270100000,4.896,4.901,4.89,4.892,5695.55
1784270400000,4.892,4.912,4.89,4.912,22884.87
1784270700000,4.912,4.92,4.903,4.914,8586.74
1784271000000,4.915,4.94,4.907,4.907,33328.79
1784271300000,4.907,4.92,4.905,4.92,4550.08
1784271600000,4.92,4.92,4.903,4.915,4176.78
1784271900000,4.915,4.922,4.912,4.92,668.51
1784272200000,4.919,4.929,4.918,4.929,4179.87
1784272500000,4.929,4.929,4.908,4.908,2943.94
1784272800000,4.908,4.908,4.868,4.898,5290.92
1784273100000,4.899,4.93,4.899,4.93,1691.65
1784273400000,4.93,4.95,4.928,4.942,4523.97
1784273700000,4.942,4.962,4.933,4.947,3716.85
1784274000000,4.946,4.949,4.915,4.917,9957.97
1784274300000,4.916,4.921,4.899,4.91,11072.07
1784274600000,4.91,4.923,4.908,4.908,4453.78
1784274900000,4.908,4.918,4.901,4.901,1604.32
1784275200000,4.902,4.932,4.9,4.932,3525.03
1784275500000,4.932,4.936,4.906,4.912,2894.45
1784275800000,4.911,4.915,4.903,4.906,1301.28
1784276100000,4.905,4.907,4.893,4.901,2152.29
1784276400000,4.9,4.905,4.898,4.9,136.92
1784276700000,4.9,4.911,4.893,4.904,593.4
1784277000000,4.903,4.903,4.881,4.885,2051.8
1784277300000,4.886,4.887,4.847,4.854,12862.2
1784277600000,4.855,4.874,4.847,4.874,3066.17
1784277900000,4.874,4.897,4.873,4.897,1447.46
1784278200000,4.896,4.906,4.888,4.902,753.7
1784278500000,4.902,4.902,4.888,4.888,2053.55
1784278800000,4.89,4.904,4.882,4.889,1728.73
1784279100000,4.89,4.903,4.884,4.896,1337.35
1784279400000,4.897,4.915,4.897,4.91,7590.21
1784279700000,4.911,4.911,4.897,4.898,702.61
1784280000000,4.898,4.912,4.898,4.912,619.08
1784280300000,4.912,4.919,4.898,4.898,1940.53
1784280600000,4.897,4.897,4.888,4.89,832.19
1784280900000,4.89,4.912,4.89,4.91,1708.27
1784281200000,4.909,4.912,4.907,4.911,2936.25
1784281500000,4.913,4.923,4.902,4.916,3321.24
1784281800000,4.915,4.924,4.911,4.918,1022.69
1784282100000,4.916,4.92,4.911,4.918,637.34
1784282400000,4.919,4.93,4.918,4.929,2283.66
1784282700000,4.929,4.951,4.929,4.938,4354.69
1784283000000,4.938,4.946,4.933,4.942,4058.91
1784283300000,4.942,4.943,4.933,4.939,1635.88
1784283600000,4.939,4.941,4.934,4.935,728.05
1784283900000,4.934,4.945,4.932,4.944,1105.56
1784284200000,4.944,4.945,4.938,4.942,1507.74
1784284500000,4.943,4.957,4.943,4.956,971.3
1784284800000,4.957,4.961,4.949,4.949,1118.87
1784285100000,4.948,4.956,4.944,4.948,1237.44
1784285400000,4.948,4.949,4.928,4.937,3544.7
1784285700000,4.936,4.936,4.926,4.927,1134.64
1784286000000,4.927,4.936,4.918,4.922,1967.31
1784286300000,4.921,4.927,4.921,4.924,2037.45
1784286600000,4.924,4.928,4.92,4.922,866.23
1784286900000,4.922,4.93,4.922,4.927,738.83
1784287200000,4.926,4.943,4.921,4.942,11017.3
1784287500000,4.943,4.947,4.939,4.939,8285.65
1784287800000,4.94,4.955,4.94,4.94,2756.39
1784288100000,4.939,4.945,4.932,4.943,8294.46
1784288400000,4.943,4.943,4.931,4.931,3310.43
1784288700000,4.931,4.94,4.926,4.937,2239.03
1784289000000,4.937,4.945,4.933,4.938,1896.46
1784289300000,4.939,4.94,4.93,4.93,672.29
1784289600000,4.93,4.932,4.922,4.924,979.43
1784289900000,4.923,4.936,4.923,4.926,1003.29
1784290200000,4.926,4.926,4.922,4.924,349.47
1784290500000,4.925,4.928,4.922,4.922,754.66
1784290800000,4.922,4.964,4.922,4.955,7646.37
1784291100000,4.955,4.964,4.947,4.959,3638.03
1784291400000,4.959,4.986,4.948,4.984,6640.08
1784291700000,4.985,4.992,4.953,4.958,3253.13
1784292000000,4.958,4.958,4.947,4.952,4856.08
1784292300000,4.953,4.964,4.949,4.949,938.0
1784292600000,4.949,4.961,4.949,4.96,622.48
1784292900000,4.961,4.962,4.949,4.951,1562.87
1784293200000,4.951,4.951,4.938,4.938,4045.61
1784293500000,4.937,4.937,4.879,4.906,13430.22
1784293800000,4.906,4.906,4.875,4.9,6322.67
1784294100000,4.899,4.908,4.884,4.888,4622.02
1784294400000,4.889,4.908,4.889,4.901,1929.48
1784294700000,4.902,4.91,4.891,4.897,3653.0
1784295000000,4.897,4.923,4.876,4.881,7892.59
1784295300000,4.882,4.891,4.87,4.882,8447.91
1784295600000,4.883,4.907,4.88,4.889,7240.16
1784295900000,4.887,4.919,4.881,4.911,3849.29
1784296200000,4.912,4.979,4.909,4.958,10325.81
1784296500000,4.959,4.989,4.95,4.986,2634.16
1784296800000,4.987,5.033,4.985,5.021,21700.04
1784297100000,5.02,5.03,5.013,5.022,1916.21
1784297400000,5.022,5.03,5.01,5.014,3354.87
1784297700000,5.015,5.048,5.008,5.019,18833.13
1784298000000,5.02,5.042,5.02,5.033,3834.0
1784298300000,5.034,5.056,5.026,5.029,10668.5
1784298600000,5.03,5.046,5.019,5.042,3257.76
1784298900000,5.042,5.073,5.042,5.059,6823.95
1784299200000,5.06,5.065,5.046,5.064,15115.04
1784299500000,5.064,5.064,5.024,5.039,8505.2
1784299800000,5.039,5.052,5.033,5.042,1748.93
1784300100000,5.043,5.071,5.043,5.051,30547.65
1784300400000,5.051,5.054,5.036,5.038,4468.32
1784300700000,5.038,5.044,5.019,5.028,2054.58
1784301000000,5.03,5.035,5.013,5.017,4151.37
1784301300000,5.016,5.059,5.016,5.039,7387.72
1784301600000,5.04,5.063,5.036,5.063,1339.82
1784301900000,5.062,5.063,5.045,5.055,2010.29
1784302200000,5.056,5.065,5.034,5.064,9702.85
1784302500000,5.063,5.099,5.062,5.094,5309.77
1784302800000,5.094,5.094,5.076,5.082,2635.31
1784303100000,5.082,5.097,5.076,5.095,2665.25
1784303400000,5.095,5.108,5.089,5.093,6117.84
1784303700000,5.094,5.102,5.092,5.098,7213.41
1784304000000,5.098,5.107,5.083,5.101,6853.17
1784304300000,5.104,5.106,5.088,5.101,6835.65
1784304600000,5.101,5.109,5.094,5.099,5031.09
1784304900000,5.098,5.104,5.084,5.099,5773.12
1784305200000,5.098,5.106,5.074,5.083,3625.39
1784305500000,5.082,5.091,5.072,5.088,4787.25
1784305800000,5.087,5.09,5.065,5.087,1517.08
1784306100000,5.088,5.093,5.061,5.063,3514.55
1784306400000,5.062,5.062,5.042,5.049,4348.72
1784306700000,5.049,5.054,5.042,5.054,1176.49
1784307000000,5.053,5.063,5.043,5.052,1141.56
1784307300000,5.053,5.056,5.04,5.045,1478.93
1784307600000,5.046,5.06,5.046,5.052,908.71
1784307900000,5.053,5.065,5.048,5.062,1034.2
1784308200000,5.061,5.067,5.052,5.059,2273.44
1784308500000,5.058,5.058,5.038,5.041,979.45
1784308800000,5.04,5.056,5.04,5.056,275.83
1784309100000,5.056,5.066,5.056,5.062,1657.93
1784309400000,5.063,5.087,5.063,5.065,2578.35
1784309700000,5.066,5.075,5.048,5.048,1182.35
1784310000000,5.047,5.05,5.037,5.05,1364.32
1784310300000,5.05,5.054,5.044,5.053,621.56
1784310600000,5.052,5.052,5.045,5.05,253.34
1784310900000,5.049,5.049,5.042,5.043,211.77
1784311200000,5.042,5.057,5.04,5.054,531.05
1784311500000,5.054,5.054,5.039,5.045,546.14
1784311800000,5.046,5.056,5.045,5.045,435.23
1784312100000,5.044,5.066,5.042,5.051,6671.3
1784312400000,5.05,5.05,5.04,5.042,593.06
1784312700000,5.042,5.061,5.042,5.061,1583.44
1784313000000,5.062,5.071,5.059,5.071,2183.74
1784313300000,5.071,5.082,5.071,5.081,2251.46
1784313600000,5.08,5.088,5.072,5.086,1497.44
1784313900000,5.085,5.107,5.078,5.08,11284.25
1784314200000,5.079,5.104,5.076,5.097,3987.75
1784314500000,5.096,5.096,5.084,5.094,1569.06
1784314800000,5.093,5.105,5.091,5.099,6925.68
1784315100000,5.099,5.105,5.073,5.078,3205.41
1784315400000,5.079,5.09,5.074,5.075,6444.02
1784315700000,5.075,5.086,5.062,5.07,4598.54
1784316000000,5.07,5.071,5.051,5.052,615.24
1784316300000,5.051,5.066,5.05,5.064,251.29
1784316600000,5.064,5.069,5.056,5.059,2296.47
1784316900000,5.059,5.064,5.054,5.056,1071.43
1784317200000,5.056,5.072,5.054,5.07,1344.33
1784317500000,5.069,5.074,5.066,5.072,588.85
1784317800000,5.072,5.072,5.067,5.068,80.19
1784318100000,5.069,5.077,5.063,5.065,1578.91
1784318400000,5.064,5.067,5.05,5.052,1200.82
1784318700000,5.051,5.064,5.051,5.064,1133.81
1784319000000,5.063,5.067,5.059,5.067,346.84
1784319300000,5.066,5.066,5.058,5.059,1489.8
1784319600000,5.06,5.062,5.06,5.061,207.49
1784319900000,5.061,5.069,5.061,5.066,291.78
1784320200000,5.065,5.071,5.062,5.071,627.88
1784320500000,5.07,5.074,5.065,5.069,2600.93
1784320800000,5.07,5.071,5.048,5.068,2064.3
1784321100000,5.068,5.068,5.064,5.064,99.15
1784321400000,5.063,5.069,5.063,5.069,250.38
1784321700000,5.069,5.076,5.069,5.076,829.73
1784322000000,5.076,5.099,5.076,5.099,731.21
1784322300000,5.099,5.104,5.09,5.1,4760.92
1784322600000,5.1,5.103,5.094,5.102,799.12
1784322900000,5.101,5.102,5.096,5.096,2048.36
1784323200000,5.096,5.096,5.077,5.079,1304.4
1784323500000,5.079,5.085,5.074,5.082,546.4
1784323800000,5.083,5.083,5.069,5.078,265.18
1784324100000,5.077,5.082,5.076,5.078,1187.38
1784324400000,5.079,5.08,5.075,5.08,898.62
1784324700000,5.077,5.077,5.074,5.075,194.71
1784325000000,5.075,5.075,5.069,5.069,87.06
1784325300000,5.069,5.078,5.068,5.077,304.47
1784325600000,5.078,5.091,5.078,5.091,1015.12
1784325900000,5.092,5.105,5.092,5.104,4312.99
1784326200000,5.104,5.104,5.086,5.091,2476.3
1784326500000,5.091,5.092,5.079,5.087,1385.97
1784326800000,5.088,5.095,5.082,5.095,1638.18
1784327100000,5.096,5.102,5.095,5.097,1894.98
1784327400000,5.097,5.099,5.092,5.094,787.64
1784327700000,5.094,5.095,5.085,5.087,1507.7
1784328000000,5.087,5.088,5.074,5.08,2138.6
1784328300000,5.081,5.085,5.076,5.077,1331.69
1784328600000,5.077,5.084,5.074,5.084,244.15
1784328900000,5.085,5.085,5.075,5.077,181.4
1784329200000,5.078,5.08,5.077,5.077,180.5
1784329500000,5.077,5.077,5.063,5.068,2602.77
1784329800000,5.068,5.068,5.06,5.063,861.89
1784330100000,5.062,5.089,5.062,5.086,4717.89
1784330400000,5.087,5.103,5.087,5.096,1453.74
1784330700000,5.097,5.099,5.091,5.094,428.17
1784331000000,5.094,5.104,5.091,5.101,6202.72
1784331300000,5.102,5.105,5.095,5.096,2963.15
1784331600000,5.096,5.097,5.091,5.095,1346.8
1784331900000,5.094,5.144,5.093,5.121,25524.58
1784332200000,5.12,5.141,5.118,5.139,2731.11
1784332500000,5.138,5.15,5.132,5.148,5170.24
1784332800000,5.148,5.151,5.138,5.142,5369.52
1784333100000,5.143,5.153,5.141,5.152,1871.21
1784333400000,5.152,5.166,5.152,5.163,4153.26
1784333700000,5.164,5.177,5.164,5.166,2318.82
1784334000000,5.167,5.172,5.167,5.172,2861.92
1784334300000,5.172,5.189,5.17,5.176,6170.34
1784334600000,5.177,5.177,5.149,5.149,9711.02
1784334900000,5.148,5.175,5.144,5.173,8098.46
1784335200000,5.174,5.192,5.174,5.188,7210.04
1784335500000,5.189,5.196,5.177,5.19,7084.08
1784335800000,5.191,5.208,5.189,5.2,13867.19
1784336100000,5.201,5.205,5.194,5.2,6041.81
1784336400000,5.199,5.208,5.196,5.199,4638.74
1784336700000,5.2,5.2,5.189,5.193,1574.68
1784337000000,5.192,5.198,5.185,5.198,5800.62
1784337300000,5.198,5.207,5.193,5.199,3994.64
1784337600000,5.199,5.199,5.181,5.185,2920.2
1784337900000,5.185,5.185,5.169,5.174,5127.5
1784338200000,5.173,5.175,5.153,5.163,8271.61
1784338500000,5.163,5.171,5.16,5.167,1134.37
1784338800000,5.167,5.194,5.164,5.188,6982.93
1784339100000,5.189,5.199,5.176,5.188,11906.56
1784339400000,5.187,5.189,5.175,5.184,4474.01
1784339700000,5.183,5.192,5.182,5.189,1734.23
1784340000000,5.189,5.195,5.169,5.192,5594.7
1784340300000,5.191,5.201,5.182,5.184,5448.75
1784340600000,5.181,5.19,5.169,5.172,5874.15
1784340900000,5.172,5.174,5.155,5.159,16742.35
1784341200000,5.158,5.172,5.157,5.162,1325.55
1784341500000,5.162,5.17,5.159,5.159,1454.6
1784341800000,5.159,5.198,5.159,5.187,18252.04
1784342100000,5.187,5.187,5.181,5.185,483.02
1784342400000,5.184,5.187,5.173,5.185,2586.18
1784342700000,5.185,5.203,5.185,5.192,1694.54
1784343000000,5.193,5.197,5.193,5.194,1359.47
1784343300000,5.193,5.193,5.179,5.182,238.89
1784343600000,5.181,5.191,5.179,5.186,2522.31
1784343900000,5.185,5.192,5.175,5.19,7837.08
1784344200000,5.19,5.195,5.186,5.193,4089.11
1784344500000,5.193,5.207,5.192,5.204,1701.93
1784344800000,5.205,5.212,5.201,5.209,2709.48
1784345100000,5.21,5.213,5.198,5.202,3380.87
1784345400000,5.202,5.216,5.196,5.213,4581.51
1784345700000,5.213,5.227,5.213,5.219,4446.82
1784346000000,5.219,5.219,5.2,5.211,1723.37
1784346300000,5.212,5.214,5.196,5.213,3938.0
1784346600000,5.212,5.212,5.192,5.194,1075.65
1784346900000,5.194,5.211,5.19,5.211,2314.33
1784347200000,5.212,5.212,5.186,5.188,3754.67
1784347500000,5.187,5.187,5.173,5.176,2829.41
1784347800000,5.177,5.18,5.163,5.17,2456.71
1784348100000,5.17,5.17,5.16,5.163,3823.97
1784348400000,5.163,5.164,5.157,5.16,1816.73
1784348700000,5.159,5.164,5.153,5.158,3642.45
1784349000000,5.158,5.158,5.138,5.144,6358.82
1784349300000,5.143,5.144,5.115,5.118,6632.74
1784349600000,5.119,5.123,5.114,5.121,3821.16
1784349900000,5.121,5.121,5.086,5.101,18629.35
1784350200000,5.101,5.108,5.101,5.103,1446.08
1784350500000,5.103,5.106,5.094,5.097,765.46
1784350800000,5.097,5.107,5.084,5.093,5837.89
1784351100000,5.092,5.092,5.07,5.074,2839.42
1784351400000,5.074,5.08,5.071,5.072,2049.6
1784351700000,5.072,5.09,5.072,5.088,2384.88
1784352000000,5.087,5.087,5.071,5.074,5276.53
1784352300000,5.075,5.079,5.068,5.074,1953.17
1784352600000,5.073,5.078,5.072,5.076,2963.9
1784352900000,5.076,5.099,5.072,5.097,5038.87
1784353200000,5.096,5.114,5.087,5.108,16084.8
1784353500000,5.107,5.117,5.102,5.114,711.75
1784353800000,5.114,5.12,5.107,5.109,1899.53
1784354100000,5.108,5.112,5.1,5.11,1665.31
1784354400000,5.11,5.115,5.101,5.103,1743.82
1784354700000,5.102,5.108,5.101,5.106,291.34
1784355000000,5.105,5.105,5.094,5.095,1359.98
1784355300000,5.094,5.101,5.091,5.101,405.57
1784355600000,5.101,5.103,5.088,5.088,4191.89
1784355900000,5.09,5.09,5.083,5.085,1715.73
1784356200000,5.085,5.085,5.064,5.071,4303.12
1784356500000,5.07,5.078,5.065,5.078,3258.71
1784356800000,5.077,5.078,5.072,5.077,2601.98
1784357100000,5.076,5.091,5.075,5.077,4188.77
1784357400000,5.078,5.08,5.076,5.076,1509.27
1784357700000,5.075,5.076,5.066,5.066,1575.18
1784358000000,5.066,5.068,5.063,5.065,1340.81
1784358300000,5.064,5.064,5.047,5.056,24629.45
1784358600000,5.056,5.056,5.046,5.049,1226.18
1784358900000,5.05,5.05,5.038,5.043,6441.5
1784359200000,5.043,5.044,5.037,5.044,481.83
1784359500000,5.044,5.045,5.038,5.044,525.6
1784359800000,5.043,5.049,5.042,5.048,371.87
1784360100000,5.047,5.054,5.047,5.053,1526.32
1784360400000,5.053,5.054,5.051,5.054,71.1
1784360700000,5.055,5.057,5.053,5.055,100.91
1784361000000,5.055,5.061,5.054,5.056,807.33
1784361300000,5.056,5.063,5.056,5.061,895.82
1784361600000,5.062,5.063,5.05,5.055,395.45
1784361900000,5.055,5.055,5.05,5.053,67.83
1784362200000,5.054,5.055,5.047,5.054,690.34
1784362500000,5.055,5.057,5.05,5.051,455.27
1784362800000,5.051,5.06,5.048,5.06,470.39
1784363100000,5.06,5.066,5.059,5.062,227.44
1784363400000,5.062,5.075,5.061,5.063,1980.18
1784363700000,5.063,5.063,5.061,5.062,258.01
1784364000000,5.061,5.064,5.061,5.063,234.88
1784364300000,5.064,5.071,5.064,5.071,873.89
1784364600000,5.07,5.086,5.069,5.077,2022.23
1784364900000,5.078,5.08,5.059,5.061,1366.87
1784365200000,5.062,5.068,5.052,5.058,3119.52
1784365500000,5.057,5.059,5.045,5.047,218.53
1784365800000,5.048,5.051,5.046,5.05,856.55
1784366100000,5.051,5.051,5.028,5.034,3475.79
1784366400000,5.034,5.037,5.022,5.032,790.98
1784366700000,5.033,5.039,5.027,5.035,1516.14
1784367000000,5.034,5.044,5.033,5.044,212.34
1784367300000,5.045,5.046,5.037,5.043,1834.94
1784367600000,5.044,5.048,5.043,5.043,121.75
1784367900000,5.043,5.048,5.042,5.042,2943.92
1784368200000,5.043,5.044,5.039,5.044,519.29
1784368500000,5.045,5.047,5.044,5.045,16.32
1784368800000,5.046,5.046,5.037,5.045,1325.68
1784369100000,5.045,5.064,5.044,5.061,2295.24
1784369400000,5.062,5.085,5.061,5.082,3601.02
1784369700000,5.082,5.093,5.079,5.088,13065.16
1784370000000,5.087,5.087,5.077,5.077,759.58
1784370300000,5.077,5.085,5.066,5.08,3779.27
1784370600000,5.08,5.087,5.078,5.084,613.96
1784370900000,5.084,5.102,5.08,5.09,18053.43
1784371200000,5.089,5.092,5.079,5.083,2852.33
1784371500000,5.083,5.087,5.083,5.087,300.9
1784371800000,5.088,5.09,5.084,5.089,604.6
1784372100000,5.09,5.091,5.072,5.073,901.57
1784372400000,5.072,5.072,5.066,5.066,400.7
1784372700000,5.066,5.066,5.059,5.059,1249.39
1784373000000,5.06,5.069,5.06,5.069,680.09
1784373300000,5.07,5.08,5.07,5.072,1219.93
1785456000000,5.017,5.041,5.015,5.028,20217.22
1785456300000,5.028,5.042,5.026,5.037,11804.7
1785456600000,5.036,5.041,5.035,5.037,6466.24
1785456900000,5.036,5.054,5.036,5.04,13525.07
1785457200000,5.04,5.065,5.039,5.06,7800.22
1785457500000,5.061,5.087,5.061,5.08,7688.2
1785457800000,5.081,5.094,5.081,5.092,8212.61
1785458100000,5.092,5.096,5.062,5.062,11415.94
1785458400000,5.062,5.098,5.062,5.097,6166.01
1785458700000,5.097,5.097,5.079,5.09,6384.03
1785459000000,5.09,5.097,5.078,5.085,5413.08
1785459300000,5.085,5.089,5.021,5.033,15580.28
1785459600000,5.033,5.056,5.03,5.042,6064.36
1785459900000,5.042,5.047,5.022,5.041,6615.27
1785460200000,5.04,5.049,5.028,5.04,5788.83
1785460500000,5.039,5.04,4.995,4.995,2538.44
1785460800000,4.996,5.0,4.987,4.991,2873.98
1785461100000,4.99,4.994,4.975,4.98,2725.11
1785461400000,4.979,4.98,4.966,4.978,3366.35
1785461700000,4.978,4.978,4.949,4.961,20635.88
1785462000000,4.961,4.98,4.953,4.976,4356.98
1785462300000,4.975,4.98,4.958,4.975,3991.14
1785462600000,4.975,4.975,4.947,4.947,5670.67
1785462900000,4.948,4.96,4.942,4.948,2772.0
1785463200000,4.948,4.966,4.939,4.958,4795.34
1785463500000,4.957,4.98,4.955,4.98,954.84
1785463800000,4.98,4.98,4.955,4.955,890.21
1785464100000,4.954,4.955,4.938,4.941,2699.94
1785464400000,4.941,4.947,4.914,4.929,6246.59
1785464700000,4.93,4.943,4.928,4.934,1649.29
1785465000000,4.933,4.947,4.931,4.941,1709.37
1785465300000,4.941,4.947,4.938,4.943,1478.98
1785465600000,4.943,4.953,4.942,4.95,1180.36
1785465900000,4.951,4.959,4.946,4.948,1403.92
1785466200000,4.948,4.955,4.947,4.955,1618.2
1785466500000,4.955,4.955,4.934,4.94,584.57
1785466800000,4.939,4.939,4.923,4.925,1139.49
1785467100000,4.924,4.924,4.894,4.903,9422.1
1785467400000,4.904,4.909,4.9,4.909,1197.95
1785467700000,4.909,4.921,4.909,4.92,1459.5
1785468000000,4.919,4.92,4.912,4.916,1373.87
1785468300000,4.916,4.934,4.916,4.923,1552.35
1785468600000,4.923,4.925,4.916,4.92,848.15
1785468900000,4.919,4.93,4.917,4.917,2038.71
1785469200000,4.918,4.95,4.918,4.949,4690.3
1785469500000,4.949,4.97,4.947,4.964,14986.48
1785469800000,4.965,4.979,4.94,4.943,7530.6
1785470100000,4.943,4.946,4.93,4.93,1330.39
1785470400000,4.93,4.943,4.929,4.935,1342.0
1785470700000,4.934,4.934,4.916,4.916,1136.42
1785471000000,4.916,4.916,4.9,4.908,3600.86
1785471300000,4.908,4.916,4.905,4.914,666.09
1785471600000,4.914,4.914,4.896,4.897,3582.16
1785471900000,4.897,4.932,4.897,4.927,1788.88
1785472200000,4.927,4.949,4.927,4.939,2274.78
1785472500000,4.939,4.952,4.937,4.95,2012.51
1785472800000,4.949,4.96,4.938,4.958,1403.32
1785473100000,4.958,4.963,4.956,4.956,4045.2
1785473400000,4.956,4.956,4.943,4.949,17840.14
1785473700000,4.948,4.954,4.944,4.953,668.28
1785474000000,4.954,4.992,4.952,4.986,3382.03
1785474300000,4.985,4.987,4.957,4.96,1329.79
1785474600000,4.96,4.971,4.957,4.965,1375.77
1785474900000,4.965,4.965,4.957,4.96,629.46
1785475200000,4.961,4.962,4.934,4.942,3312.29
1785475500000,4.941,4.941,4.928,4.928,840.27
1785475800000,4.928,4.936,4.926,4.933,889.41
1785476100000,4.934,4.935,4.921,4.929,1507.91
1785476400000,4.928,4.943,4.92,4.939,2387.98
1785476700000,4.939,4.946,4.927,4.936,1038.39
1785477000000,4.935,4.935,4.93,4.932,803.47
1785477300000,4.932,4.941,4.931,4.939,441.64
1785477600000,4.938,4.942,4.924,4.926,1526.98
1785477900000,4.926,4.927,4.921,4.925,716.8
1785478200000,4.925,4.925,4.919,4.919,346.05
1785478500000,4.918,4.925,4.917,4.925,1099.98
1785478800000,4.924,4.928,4.923,4.928,290.04
1785479100000,4.928,4.941,4.928,4.941,436.32
1785479400000,4.941,4.953,4.935,4.935,1868.39
1785479700000,4.935,4.935,4.915,4.916,1452.79
1785480000000,4.918,4.919,4.901,4.906,1574.9
1785480300000,4.905,4.915,4.9,4.912,2419.44
1785480600000,4.913,4.933,4.913,4.921,1280.75
1785480900000,4.921,4.921,4.914,4.919,1322.99
1785481200000,4.918,4.921,4.892,4.896,5538.45
1785481500000,4.894,4.909,4.891,4.909,1149.14
1785481800000,4.909,4.91,4.898,4.904,1445.54
1785482100000,4.904,4.918,4.901,4.917,681.07
1785482400000,4.917,4.917,4.902,4.904,723.6
1785482700000,4.904,4.912,4.902,4.91,651.82
1785483000000,4.909,4.933,4.909,4.932,1110.32
1785483300000,4.93,4.931,4.925,4.931,1243.79
1785483600000,4.931,4.932,4.909,4.91,2071.85
1785483900000,4.912,4.925,4.912,4.913,7452.72
1785484200000,4.912,4.92,4.91,4.911,615.04
1785484500000,4.91,4.91,4.897,4.907,1823.93
1785484800000,4.906,4.914,4.901,4.911,754.7
1785485100000,4.91,4.911,4.893,4.895,1180.04
1785485400000,4.895,4.902,4.892,4.898,1037.37
1785485700000,4.9,4.908,4.894,4.895,1310.95
1785486000000,4.895,4.899,4.893,4.894,554.03
1785486300000,4.893,4.91,4.892,4.91,741.4
1785486600000,4.91,4.911,4.894,4.902,645.43
1785486900000,4.902,4.905,4.898,4.899,711.77
1785487200000,4.9,4.907,4.898,4.906,1619.03
1785487500000,4.907,4.922,4.907,4.913,2226.94
1785487800000,4.913,4.914,4.908,4.909,782.39
1785488100000,4.91,4.92,4.906,4.907,5972.49
1785488400000,4.907,4.92,4.904,4.92,656.81
1785488700000,4.92,4.922,4.914,4.916,914.9
1785489000000,4.917,4.93,4.917,4.928,1830.82
1785489300000,4.927,4.927,4.917,4.918,983.23
1785489600000,4.919,4.919,4.9,4.901,1159.08
1785489900000,4.9,4.907,4.899,4.907,1206.75
1785490200000,4.906,4.918,4.897,4.904,1235.92
1785490500000,4.903,4.914,4.903,4.909,553.46
1785490800000,4.91,4.91,4.906,4.909,495.4
1785491100000,4.91,4.921,4.906,4.921,1024.73
1785491400000,4.921,4.93,4.912,4.912,1097.12
1785491700000,4.911,4.932,4.908,4.927,9802.3
1785492000000,4.927,4.927,4.916,4.916,2978.44
1785492300000,4.915,4.925,4.904,4.924,5795.29
1785492600000,4.923,4.924,4.915,4.915,418.75
1785492900000,4.915,4.916,4.911,4.913,587.33
1785493200000,4.912,4.918,4.911,4.914,1125.29
1785493500000,4.913,4.915,4.909,4.912,472.33
1785493800000,4.912,4.916,4.908,4.913,742.63
1785494100000,4.913,4.918,4.911,4.916,1370.18
1785494400000,4.915,4.93,4.913,4.929,358.31
1785494700000,4.929,4.929,4.911,4.911,842.49
1785495000000,4.911,4.918,4.911,4.918,428.72
1785495300000,4.916,4.916,4.905,4.906,757.26
1785495600000,4.905,4.912,4.85,4.86,29689.34
1785495900000,4.86,4.865,4.84,4.843,5937.96
1785496200000,4.843,4.85,4.827,4.847,5887.65
1785496500000,4.846,4.849,4.84,4.842,2022.52
1785496800000,4.842,4.854,4.841,4.854,488.22
1785497100000,4.854,4.867,4.853,4.857,2919.86
1785497400000,4.857,4.871,4.854,4.871,3938.03
1785497700000,4.871,4.881,4.867,4.878,2960.23
1785498000000,4.878,4.879,4.865,4.871,753.67
1785498300000,4.87,4.873,4.865,4.866,889.7
1785498600000,4.865,4.872,4.861,4.869,692.39
1785498900000,4.868,4.868,4.847,4.85,3807.4
1785499200000,4.851,4.852,4.815,4.839,18915.91
1785499500000,4.84,4.84,4.823,4.827,4685.13
1785499800000,4.828,4.836,4.823,4.826,2944.65
1785500100000,4.826,4.832,4.825,4.831,2915.39
1785500400000,4.832,4.836,4.825,4.829,1351.89
1785500700000,4.829,4.843,4.829,4.841,1478.63
1785501000000,4.841,4.841,4.826,4.834,4120.03
1785501300000,4.834,4.848,4.832,4.839,2419.68
1785501600000,4.838,4.843,4.834,4.836,1035.53
1785501900000,4.836,4.844,4.834,4.84,947.89
1785502200000,4.84,4.846,4.838,4.842,1630.68
1785502500000,4.843,4.853,4.843,4.847,782.41
1785502800000,4.846,4.858,4.846,4.856,903.36
1785503100000,4.855,4.857,4.848,4.852,2002.46
1785503400000,4.853,4.858,4.851,4.857,621.22
1785503700000,4.857,4.867,4.857,4.864,894.8
1785504000000,4.863,4.866,4.859,4.864,341.88
1785504300000,4.865,4.889,4.862,4.875,9809.74
1785504600000,4.876,4.878,4.858,4.873,11167.16
1785504900000,4.872,4.872,4.851,4.854,2311.3
1785505200000,4.855,4.863,4.853,4.859,3214.03
1785505500000,4.86,4.868,4.853,4.868,3452.84
1785505800000,4.868,4.868,4.843,4.852,19169.95
1785506100000,4.853,4.863,4.853,4.858,2154.53
1785506400000,4.857,4.864,4.852,4.853,2405.78
1785506700000,4.852,4.853,4.815,4.831,15504.93
1785507000000,4.83,4.855,4.808,4.847,5053.59
1785507300000,4.846,4.854,4.84,4.851,2558.89
1785507600000,4.85,4.851,4.839,4.843,1456.24
1785507900000,4.844,4.85,4.83,4.835,1738.22
1785508200000,4.836,4.847,4.836,4.847,1097.05
1785508500000,4.847,4.859,4.844,4.849,1847.15
1785508800000,4.849,4.856,4.848,4.851,1933.33
1785509100000,4.852,4.86,4.844,4.859,4826.3
1785509400000,4.859,4.859,4.84,4.84,823.64
1785509700000,4.84,4.851,4.833,4.846,1703.21
1785510000000,4.846,4.855,4.84,4.851,2597.85
1785510300000,4.851,4.857,4.848,4.849,1499.81
1785510600000,4.848,4.865,4.847,4.862,1659.22
1785510900000,4.861,4.874,4.854,4.857,1954.69
1785511200000,4.858,4.861,4.852,4.852,1821.77
1785511500000,4.852,4.86,4.851,4.856,2121.82
1785511800000,4.856,4.859,4.85,4.859,692.64
1785512100000,4.859,4.885,4.858,4.873,8512.72
1785512400000,4.872,4.875,4.859,4.859,973.26
1785512700000,4.858,4.859,4.808,4.827,22331.18
1785513000000,4.828,4.841,4.825,4.825,3983.91
1785513300000,4.826,4.826,4.815,4.82,3428.25
1785513600000,4.821,4.829,4.808,4.813,3384.45
1785513900000,4.813,4.829,4.813,4.826,2888.66
1785514200000,4.826,4.831,4.823,4.826,1439.72
1785514500000,4.826,4.842,4.819,4.841,4817.08
1785514800000,4.84,4.844,4.833,4.837,2550.18
1785515100000,4.837,4.848,4.834,4.841,2009.7
1785515400000,4.842,4.856,4.842,4.854,1317.13
1785515700000,4.854,4.855,4.848,4.849,982.03
1785516000000,4.849,4.852,4.846,4.848,688.49
1785516300000,4.849,4.855,4.826,4.841,8044.38
1785516600000,4.842,4.846,4.838,4.841,1052.39
1785516900000,4.842,4.842,4.83,4.83,1655.62
1785517200000,4.83,4.839,4.829,4.839,1353.73
1785517500000,4.84,4.845,4.835,4.843,2007.94
1785517800000,4.844,4.845,4.842,4.843,1174.82
1785518100000,4.844,4.865,4.843,4.861,9327.57
1785518400000,4.86,4.867,4.852,4.865,1889.46
1785518700000,4.866,4.875,4.866,4.871,1085.54
1785519000000,4.87,4.872,4.865,4.87,2283.26
1785519300000,4.869,4.87,4.846,4.852,9538.22
1785519600000,4.852,4.853,4.85,4.85,831.54
1785519900000,4.851,4.852,4.848,4.849,856.49
1785520200000,4.848,4.851,4.845,4.851,1034.36
1785520500000,4.851,4.858,4.844,4.844,939.66
1785520800000,4.845,4.856,4.845,4.853,1203.95
1785521100000,4.853,4.853,4.847,4.852,352.6
1785521400000,4.852,4.857,4.847,4.848,2032.42
1785521700000,4.848,4.848,4.832,4.835,1953.9
1785522000000,4.835,4.845,4.834,4.84,783.31
1785522300000,4.839,4.839,4.828,4.828,613.07
1785522600000,4.828,4.831,4.827,4.829,522.05
1785522900000,4.827,4.828,4.821,4.821,1200.19
1785523200000,4.821,4.825,4.82,4.825,421.74
1785523500000,4.825,4.839,4.825,4.837,721.9
1785523800000,4.837,4.838,4.834,4.837,568.86
1785524100000,4.837,4.837,4.831,4.836,1510.09
1785524400000,4.836,4.841,4.826,4.826,845.49
1785524700000,4.826,4.831,4.825,4.829,526.62
1785525000000,4.829,4.833,4.828,4.828,801.84
1785525300000,4.829,4.83,4.826,4.826,334.45
1785525600000,4.826,4.827,4.82,4.82,685.54
1785525900000,4.82,4.823,4.819,4.822,422.79
1785526200000,4.822,4.822,4.811,4.815,7444.19
1785526500000,4.815,4.815,4.805,4.807,2209.22
1785526800000,4.807,4.807,4.795,4.802,3025.06
1785527100000,4.802,4.809,4.802,4.805,1028.83
1785527400000,4.805,4.805,4.79,4.791,1674.91
1785527700000,4.791,4.795,4.78,4.783,2095.57
1785528000000,4.784,4.787,4.775,4.784,1659.71
1785528300000,4.784,4.785,4.76,4.768,7356.53
1785528600000,4.769,4.812,4.769,4.796,5812.59
1785528900000,4.796,4.797,4.788,4.796,1998.41
1785529200000,4.797,4.815,4.797,4.804,4363.15
1785529500000,4.803,4.804,4.797,4.803,1702.82
1785529800000,4.803,4.815,4.801,4.812,953.48
1785530100000,4.813,4.815,4.802,4.802,1340.22
1785530400000,4.802,4.813,4.801,4.813,1062.04
1785530700000,4.814,4.819,4.812,4.813,1065.16
1785531000000,4.814,4.822,4.811,4.819,3303.8
1785531300000,4.819,4.828,4.818,4.828,1078.52
1785531600000,4.828,4.829,4.816,4.819,947.63
1785531900000,4.819,4.824,4.817,4.819,591.79
1785532200000,4.819,4.827,4.813,4.818,1647.69
1785532500000,4.817,4.828,4.814,4.828,804.5
1785532800000,4.829,4.832,4.82,4.824,606.27
1785533100000,4.823,4.832,4.821,4.823,782.22
1785533400000,4.823,4.826,4.819,4.826,661.77
1785533700000,4.826,4.826,4.816,4.82,755.09
1785534000000,4.82,4.826,4.818,4.821,701.45
1785534300000,4.821,4.822,4.821,4.821,198.62
1785534600000,4.821,4.821,4.811,4.814,987.63
1785534900000,4.815,4.82,4.813,4.82,802.2
1785535200000,4.821,4.835,4.817,4.835,1092.22
1785535500000,4.835,4.843,4.835,4.841,6461.56
1785535800000,4.841,4.861,4.841,4.856,5454.63
1785536100000,4.856,4.889,4.855,4.887,3781.88
1785536400000,4.887,4.893,4.885,4.885,2915.28
1785536700000,4.885,4.885,4.876,4.882,1784.94
1785537000000,4.882,4.887,4.868,4.879,2630.55
1785537300000,4.879,4.879,4.844,4.849,2899.09
1785537600000,4.849,4.851,4.844,4.844,739.63
1785537900000,4.843,4.849,4.84,4.844,1570.22
1785538200000,4.844,4.853,4.84,4.852,1055.87
1785538500000,4.852,4.861,4.845,4.845,3388.8
1785538800000,4.845,4.847,4.839,4.843,759.35
1785539100000,4.844,4.855,4.843,4.85,1831.5
1785539400000,4.849,4.85,4.839,4.843,1435.59
1785539700000,4.844,4.845,4.839,4.845,529.71
1785540000000,4.846,4.854,4.846,4.853,1183.39
1785540300000,4.854,4.866,4.854,4.866,1466.83
1785540600000,4.867,4.871,4.86,4.869,1286.27
1785540900000,4.869,4.87,4.865,4.866,1093.66
1785541200000,4.866,4.872,4.863,4.863,1308.05
1785541500000,4.862,4.864,4.853,4.862,1774.6
1785541800000,4.862,4.871,4.857,4.866,2271.59
1785542100000,4.866,4.869,4.866,4.869,789.91
1785542400000,4.87,4.887,4.868,4.885,17278.7
1785542700000,4.885,4.89,4.873,4.885,4417.77
1785543000000,4.886,4.886,4.877,4.88,3440.27
1785543300000,4.881,4.891,4.872,4.874,3692.78
1785543600000,4.875,4.88,4.856,4.857,6034.74
1785543900000,4.858,4.864,4.858,4.864,1144.61
1785544200000,4.865,4.866,4.859,4.863,1212.67
1785544500000,4.863,4.87,4.86,4.867,1004.55
1785544800000,4.868,4.869,4.855,4.856,1722.04
1785545100000,4.857,4.87,4.855,4.862,1605.53
1785545400000,4.863,4.864,4.852,4.852,3236.84
1785545700000,4.852,4.855,4.841,4.853,7808.09
1785546000000,4.852,4.862,4.851,4.862,1765.05
1785546300000,4.862,4.874,4.861,4.872,5806.28
1785546600000,4.872,4.876,4.867,4.875,1611.75
1785546900000,4.875,4.891,4.875,4.88,1629.37
1785547200000,4.881,4.884,4.879,4.88,825.63
1785547500000,4.879,4.892,4.878,4.892,1529.18
1785547800000,4.891,4.898,4.884,4.885,4079.81
1785548100000,4.886,4.89,4.884,4.887,2153.01
1785548400000,4.886,4.887,4.88,4.882,1283.34
1785548700000,4.882,4.894,4.881,4.889,2479.45
1785549000000,4.889,4.891,4.884,4.891,943.8
1785549300000,4.891,4.892,4.888,4.891,558.03
1785549600000,4.892,4.9,4.89,4.894,2374.23
1785549900000,4.894,4.894,4.881,4.882,2858.77
1785550200000,4.883,4.887,4.881,4.887,691.08
1785550500000,4.886,4.902,4.886,4.897,1758.13
1785550800000,4.896,4.898,4.892,4.892,1637.6
1785551100000,4.893,4.896,4.891,4.891,474.98
1785551400000,4.89,4.89,4.882,4.883,522.96
1785551700000,4.883,4.888,4.883,4.885,474.34
1785552000000,4.884,4.893,4.884,4.889,231.29
1785552300000,4.888,4.901,4.887,4.901,914.17
1785552600000,4.902,4.92,4.891,4.901,6124.09
1785552900000,4.901,4.903,4.896,4.896,653.86
1785553200000,4.896,4.898,4.876,4.88,12986.51
1785553500000,4.88,4.88,4.851,4.852,3216.14
1785553800000,4.852,4.855,4.838,4.839,5501.3
1785554100000,4.838,4.847,4.831,4.837,31151.5
1785554400000,4.838,4.838,4.831,4.832,1274.24
1785554700000,4.832,4.832,4.82,4.823,2194.99
1785555000000,4.824,4.827,4.819,4.827,3641.18
1785555300000,4.827,4.839,4.827,4.834,361.39
1785555600000,4.835,4.837,4.834,4.837,89.79
1785555900000,4.837,4.843,4.831,4.832,4487.78
1785556200000,4.832,4.853,4.832,4.853,2653.75
1785556500000,4.853,4.861,4.853,4.86,2394.52
1785556800000,4.861,4.862,4.841,4.843,2541.6
1785557100000,4.842,4.846,4.84,4.84,346.49
1785557400000,4.841,4.851,4.841,4.849,1086.75
1785557700000,4.849,4.853,4.843,4.853,541.73
1785558000000,4.853,4.858,4.847,4.858,1280.06
1785558300000,4.857,4.857,4.853,4.854,233.18
1785558600000,4.855,4.856,4.847,4.848,1846.03
1785558900000,4.848,4.855,4.848,4.853,666.55
1785559200000,4.854,4.856,4.853,4.856,153.46
1785559500000,4.857,4.87,4.851,4.867,9163.37
1785559800000,4.867,4.868,4.857,4.86,1091.62
1785560100000,4.86,4.866,4.86,4.86,358.77
1785560400000,4.859,4.864,4.855,4.86,976.94
1785560700000,4.86,4.865,4.858,4.86,487.57
1785561000000,4.861,4.864,4.86,4.861,818.24
1785561300000,4.861,4.861,4.849,4.85,1151.53
1785561600000,4.851,4.858,4.851,4.855,2816.56
1785561900000,4.855,4.855,4.852,4.854,376.88
1785562200000,4.854,4.854,4.847,4.847,368.92
1785562500000,4.847,4.852,4.836,4.838,1812.03
1785562800000,4.839,4.841,4.834,4.834,3018.93
1785563100000,4.833,4.833,4.825,4.83,2790.06
1785563400000,4.829,4.849,4.829,4.84,1711.66
1785563700000,4.84,4.849,4.84,4.849,338.43
1785564000000,4.85,4.85,4.846,4.846,875.61
1785564300000,4.845,4.846,4.84,4.84,274.87
1785564600000,4.841,4.841,4.835,4.837,376.87
1785564900000,4.838,4.84,4.82,4.833,3569.56
1785565200000,4.834,4.849,4.834,4.841,1261.37
1785565500000,4.842,4.859,4.842,4.851,2931.91
1785565800000,4.852,4.852,4.839,4.839,589.38
1785566100000,4.839,4.839,4.835,4.835,897.86
1785566400000,4.837,4.837,4.833,4.834,753.63
1785566700000,4.833,4.842,4.827,4.839,2183.38
1785567000000,4.838,4.841,4.837,4.841,490.37
1785567300000,4.842,4.849,4.842,4.842,1341.45
1785567600000,4.841,4.847,4.841,4.847,81.39
1785567900000,4.848,4.851,4.848,4.849,771.52
1785568200000,4.849,4.853,4.848,4.848,565.66
1785568500000,4.848,4.855,4.847,4.855,1481.64
1785568800000,4.856,4.858,4.856,4.858,1232.79
1785569100000,4.858,4.861,4.852,4.856,1022.46
1785569400000,4.857,4.857,4.852,4.855,1019.94
1785569700000,4.855,4.858,4.853,4.855,291.82
1785570000000,4.854,4.854,4.843,4.847,1177.63
1785570300000,4.847,4.85,4.846,4.85,574.52
1785570600000,4.85,4.854,4.848,4.853,457.35
1785570900000,4.852,4.853,4.851,4.852,540.82
1785571200000,4.852,4.853,4.848,4.848,726.51
1785571500000,4.849,4.851,4.844,4.851,971.33
1785571800000,4.851,4.855,4.847,4.852,1478.64
1785572100000,4.852,4.867,4.852,4.86,1041.82
1785572400000,4.862,4.863,4.86,4.863,547.31
1785572700000,4.863,4.871,4.863,4.867,691.37
1785573000000,4.867,4.878,4.867,4.878,732.85
1785573300000,4.879,4.885,4.879,4.884,1696.77
1785573600000,4.884,4.892,4.884,4.892,428.51
1785573900000,4.893,4.894,4.881,4.885,1847.88
1785574200000,4.885,4.886,4.881,4.884,718.0
1785574500000,4.885,4.889,4.883,4.888,1155.12
1785574800000,4.888,4.898,4.886,4.896,2363.99
1785575100000,4.895,4.895,4.875,4.879,3261.85
1785575400000,4.879,4.884,4.879,4.884,763.4
1785575700000,4.884,4.886,4.879,4.884,287.24
1785576000000,4.885,4.909,4.885,4.902,2212.19
1785576300000,4.901,4.912,4.901,4.91,1127.52
1785576600000,4.91,4.913,4.908,4.909,2523.58
1785576900000,4.909,4.918,4.902,4.902,3083.4
1785577200000,4.901,4.905,4.899,4.905,531.08
1785577500000,4.905,4.909,4.896,4.896,2693.47
1785577800000,4.895,4.907,4.888,4.902,1795.28
1785578100000,4.902,4.902,4.9,4.9,360.92
1785578400000,4.901,4.903,4.884,4.893,1725.93
1785578700000,4.894,4.902,4.894,4.897,506.2
1785579000000,4.897,4.929,4.895,4.918,12351.31
1785579300000,4.918,4.939,4.913,4.926,4909.58
1785579600000,4.926,4.927,4.904,4.908,7242.02
1785579900000,4.907,4.907,4.892,4.892,2353.96
1785580200000,4.894,4.898,4.885,4.885,1317.25
1785580500000,4.884,4.884,4.878,4.881,786.43
1785580800000,4.882,4.895,4.882,4.892,1982.14
1785581100000,4.893,4.894,4.885,4.889,1697.1
1785581400000,4.89,4.897,4.89,4.897,765.08
1785581700000,4.898,4.899,4.895,4.897,446.14
1785582000000,4.897,4.903,4.892,4.896,1078.94
1785582300000,4.897,4.903,4.894,4.897,956.99
1785582600000,4.897,4.898,4.892,4.898,520.61
1785582900000,4.899,4.904,4.896,4.903,1103.95
1785583200000,4.903,4.903,4.896,4.898,437.18
1785583500000,4.898,4.898,4.893,4.894,1855.96
1785583800000,4.893,4.9,4.891,4.899,359.31
1785584100000,4.899,4.913,4.899,4.913,1527.98
1785584400000,4.913,4.913,4.908,4.908,762.11
1785584700000,4.907,4.907,4.898,4.906,934.97
1785585000000,4.906,4.906,4.898,4.902,618.22
1785585300000,4.903,4.906,4.903,4.905,542.0
1785585600000,4.905,4.938,4.9,4.935,14290.68
1785585900000,4.935,4.944,4.928,4.942,1917.33
1785586200000,4.942,4.942,4.928,4.931,1198.39
1785586500000,4.93,4.939,4.93,4.937,854.72
1785586800000,4.938,4.945,4.938,4.942,621.17
1785587100000,4.941,4.944,4.935,4.935,1854.58
1785587400000,4.936,4.945,4.935,4.937,1132.61
1785587700000,4.936,4.95,4.934,4.946,4826.25
1785588000000,4.947,4.947,4.933,4.94,1982.08
1785588300000,4.94,4.957,4.94,4.953,2827.42
1785588600000,4.952,4.952,4.945,4.951,1108.41
1785588900000,4.95,4.951,4.942,4.942,381.17
1785589200000,4.942,4.956,4.941,4.954,1528.19
1785589500000,4.954,4.954,4.935,4.937,2940.48
1785589800000,4.936,4.938,4.926,4.935,2851.24
1785590100000,4.935,4.935,4.911,4.92,6319.31
1785590400000,4.92,4.927,4.92,4.926,961.2
1785590700000,4.926,4.931,4.925,4.925,1089.69
1785591000000,4.926,4.929,4.914,4.92,5965.32
1785591300000,4.919,4.919,4.911,4.916,2278.02
1785591600000,4.917,4.921,4.914,4.918,1891.05
1785591900000,4.918,4.924,4.916,4.917,1176.25
1785592200000,4.918,4.927,4.918,4.925,1011.34
1785592500000,4.924,4.924,4.919,4.921,323.22
1785592800000,4.922,4.924,4.917,4.923,790.66
1785593100000,4.923,4.926,4.89,4.895,5082.25
1785593400000,4.896,4.896,4.886,4.89,3304.5
1785593700000,4.89,4.898,4.89,4.896,583.54
1785594000000,4.897,4.899,4.895,4.898,662.87
1785594300000,4.897,4.898,4.893,4.898,2036.48
1785594600000,4.898,4.9,4.893,4.899,384.38
1785594900000,4.899,4.899,4.897,4.898,240.93
1785595200000,4.898,4.91,4.897,4.91,2036.07
1785595500000,4.91,4.918,4.907,4.916,1700.97
1785595800000,4.918,4.921,4.916,4.916,1113.36
1785596100000,4.915,4.915,4.91,4.91,230.29
1785596400000,4.91,4.925,4.901,4.923,1321.53
1785596700000,4.923,4.93,4.917,4.919,2343.91
1785597000000,4.918,4.918,4.908,4.91,511.75
1785597300000,4.91,4.91,4.896,4.904,5648.55
1785597600000,4.904,4.904,4.898,4.898,1539.04
1785597900000,4.898,4.905,4.898,4.903,354.9
1785598200000,4.904,4.904,4.902,4.902,364.51
1785598500000,4.902,4.907,4.9,4.906,567.24
1785598800000,4.907,4.911,4.906,4.911,546.35
1785599100000,4.912,4.92,4.912,4.912,1301.74
1785599400000,4.912,4.919,4.911,4.919,650.04
1785599700000,4.92,4.93,4.906,4.906,4841.4
1785600000000,4.907,4.922,4.907,4.922,2794.48
1785600300000,4.922,4.922,4.903,4.903,4076.2
1785600600000,4.902,4.902,4.898,4.9,911.16
1785600900000,4.9,4.919,4.9,4.911,8799.23
1785601200000,4.91,4.924,4.905,4.924,3682.95
1785601500000,4.925,4.932,4.923,4.93,1822.39
1785601800000,4.93,4.939,4.929,4.939,2283.94
1785602100000,4.939,4.949,4.935,4.936,4169.33
1785602400000,4.936,4.937,4.927,4.932,1437.72
1785602700000,4.934,4.949,4.934,4.941,2325.31
1785603000000,4.941,4.95,4.94,4.944,2401.34
1785603300000,4.943,4.945,4.935,4.943,1432.8
1785603600000,4.943,4.953,4.943,4.951,2787.73
1785603900000,4.95,4.952,4.935,4.936,2311.06
1785604200000,4.935,4.935,4.926,4.928,1298.26
1785604500000,4.928,4.932,4.924,4.93,1901.39
1785604800000,4.931,4.945,4.931,4.934,3021.48
1785605100000,4.934,4.936,4.92,4.927,1453.85
1785605400000,4.927,4.929,4.907,4.908,2016.7
1785605700000,4.908,4.917,4.899,4.909,2506.97
1785606000000,4.909,4.924,4.909,4.914,3647.78
1785606300000,4.914,4.914,4.907,4.911,1214.5
1785606600000,4.911,4.913,4.896,4.913,4022.0
1785606900000,4.912,4.921,4.9,4.9,1718.62
1785607200000,4.9,4.906,4.89,4.906,13269.21
1785607500000,4.907,4.916,4.906,4.909,2409.36
1785607800000,4.909,4.919,4.895,4.898,2275.85
1785608100000,4.897,4.898,4.87,4.88,6193.64
1785608400000,4.879,4.888,4.875,4.879,3113.98
1785608700000,4.88,4.893,4.88,4.891,3440.58
1785609000000,4.89,4.894,4.85,4.881,12564.11
1785609300000,4.882,4.894,4.881,4.888,2174.13
1785609600000,4.888,4.89,4.874,4.874,1611.52
1785609900000,4.875,4.875,4.836,4.852,15933.57
1785610200000,4.851,4.857,4.846,4.851,2558.34
1785610500000,4.852,4.859,4.852,4.856,2705.86
1785610800000,4.855,4.901,4.846,4.884,27131.62
1785611100000,4.884,4.884,4.856,4.856,10621.07
1785611400000,4.856,4.861,4.856,4.86,1177.07
1785611700000,4.86,4.86,4.857,4.857,2794.41
1785612000000,4.858,4.868,4.851,4.868,6054.59
1785612300000,4.869,4.882,4.869,4.881,1207.32
1785612600000,4.881,4.887,4.878,4.879,3356.53
1785612900000,4.88,4.882,4.876,4.88,2088.66
1785613200000,4.881,4.881,4.87,4.874,2720.35
1785613500000,4.875,4.881,4.875,4.88,378.24
1785613800000,4.882,4.891,4.882,4.891,2184.93
1785614100000,4.892,4.902,4.891,4.898,3262.69
1785614400000,4.897,4.906,4.889,4.893,2439.36
1785614700000,4.894,4.897,4.891,4.894,810.02
1785615000000,4.893,4.914,4.889,4.912,2134.37
1785615300000,4.911,4.911,4.903,4.904,799.97
1785615600000,4.905,4.914,4.905,4.907,395.08
1785615900000,4.906,4.906,4.897,4.9,476.74
1785616200000,4.899,4.901,4.893,4.899,841.32
1785616500000,4.898,4.906,4.89,4.891,365.77
1785616800000,4.892,4.895,4.89,4.891,178.02
1785617100000,4.89,4.904,4.89,4.903,796.5
1785617400000,4.903,4.906,4.897,4.903,309.32
1785617700000,4.902,4.902,4.892,4.898,491.65
1785618000000,4.897,4.942,4.897,4.939,14889.86
1785618300000,4.939,4.944,4.931,4.932,512.75
1785618600000,4.932,4.941,4.925,4.939,7111.49
1785618900000,4.938,4.948,4.934,4.947,1664.5
1785619200000,4.948,4.948,4.931,4.938,2788.98
1785619500000,4.937,4.938,4.928,4.933,1217.77
1785619800000,4.933,4.934,4.929,4.934,268.87
1785620100000,4.935,4.936,4.913,4.927,7389.34
1785620400000,4.926,4.927,4.921,4.927,665.98
1785620700000,4.927,4.933,4.92,4.92,323.45
1785621000000,4.921,4.93,4.918,4.92,145.53
1785621300000,4.92,4.935,4.92,4.927,477.94
1785621600000,4.928,4.935,4.918,4.924,662.99
1785621900000,4.925,4.932,4.921,4.926,532.91
1785622200000,4.925,4.929,4.924,4.927,290.59
1785622500000,4.927,4.934,4.927,4.928,432.33
1785622800000,4.928,4.928,4.917,4.922,1254.47
1785623100000,4.923,4.933,4.923,4.933,439.08
1785623400000,4.934,4.936,4.932,4.932,354.19
1785623700000,4.932,4.936,4.928,4.928,3205.62
1785624000000,4.927,4.927,4.925,4.925,45.87
1785624300000,4.924,4.927,4.912,4.912,3912.07
1785624600000,4.911,4.912,4.906,4.907,207.74
1785624900000,4.906,4.907,4.904,4.906,220.67
1785625200000,4.906,4.91,4.906,4.909,326.98
1785625500000,4.909,4.909,4.905,4.906,167.3
1785625800000,4.906,4.907,4.905,4.905,750.14
1785626100000,4.905,4.907,4.901,4.901,316.05
1785626400000,4.902,4.902,4.894,4.897,421.53
1785626700000,4.896,4.897,4.879,4.886,1682.22
1785627000000,4.887,4.888,4.874,4.874,991.63
1785627300000,4.874,4.888,4.874,4.881,545.94
1785627600000,4.881,4.883,4.869,4.871,769.39
1785627900000,4.871,4.878,4.871,4.875,565.97
1785628200000,4.875,4.876,4.872,4.873,49.63
1785628500000,4.873,4.874,4.871,4.871,210.25
1785628800000,4.871,4.872,4.856,4.87,11864.02
1785629100000,4.87,4.876,4.861,4.864,2535.9
1785629400000,4.864,4.883,4.863,4.878,6969.21
1785629700000,4.879,4.883,4.873,4.873,561.34
1785630000000,4.872,4.872,4.868,4.868,709.37
1785630300000,4.868,4.868,4.857,4.859,722.84
1785630600000,4.86,4.874,4.859,4.873,728.32
1785630900000,4.873,4.875,4.867,4.868,1184.92
1785631200000,4.868,4.884,4.868,4.884,1759.71
1785631500000,4.884,4.895,4.882,4.885,2206.39
1785631800000,4.885,4.896,4.885,4.891,403.85
1785632100000,4.891,4.891,4.884,4.891,182.92
1785632400000,4.892,4.901,4.892,4.897,841.35
1785632700000,4.898,4.903,4.897,4.903,425.58
1785633000000,4.903,4.915,4.897,4.915,6534.79
1785633300000,4.915,4.916,4.902,4.904,547.37
1785633600000,4.905,4.914,4.905,4.911,1096.32
1785633900000,4.912,4.914,4.909,4.909,266.67
1785634200000,4.909,4.917,4.902,4.911,1121.21
1785634500000,4.912,4.92,4.912,4.916,338.48
1785634800000,4.915,4.92,4.914,4.92,186.56
1785635100000,4.92,4.921,4.916,4.916,547.81
1785635400000,4.916,4.92,4.916,4.918,100.33
1785635700000,4.918,4.918,4.907,4.907,490.98
1785636000000,4.908,4.918,4.907,4.914,334.32
1785636300000,4.915,4.948,4.915,4.929,2664.56
1785636600000,4.929,4.936,4.925,4.933,850.07
1785636900000,4.935,4.945,4.926,4.945,1671.04
1785637200000,4.944,4.944,4.931,4.938,541.0
1785637500000,4.937,4.937,4.927,4.929,366.12
1785637800000,4.928,4.931,4.924,4.927,145.73
1785638100000,4.926,4.926,4.917,4.917,467.31
1785638400000,4.916,4.926,4.916,4.926,377.92
1785638700000,4.925,4.925,4.917,4.923,490.96
1785639000000,4.922,4.923,4.918,4.922,1179.2
1785639300000,4.922,4.922,4.916,4.919,316.81
1785639600000,4.918,4.933,4.914,4.925,1021.02
1785639900000,4.926,4.927,4.912,4.912,268.6
1785640200000,4.912,4.913,4.909,4.91,254.81
1785640500000,4.91,4.919,4.91,4.918,337.83
1785640800000,4.917,4.921,4.913,4.916,1087.12
1785641100000,4.916,4.916,4.908,4.908,401.53
1785641400000,4.909,4.912,4.908,4.912,500.98
1785641700000,4.913,4.916,4.913,4.915,64.01
1785642000000,4.915,4.917,4.91,4.913,165.49
1785642300000,4.914,4.914,4.901,4.902,1341.11
1785642600000,4.901,4.913,4.9,4.907,966.05
1785642900000,4.906,4.906,4.903,4.904,79.65
1785643200000,4.905,4.916,4.905,4.908,3692.68
1785643500000,4.907,4.911,4.904,4.904,295.85
1785643800000,4.904,4.913,4.904,4.913,242.51
1785644100000,4.914,4.915,4.901,4.91,7460.66
1785644400000,4.911,4.917,4.91,4.91,1809.36
1785644700000,4.911,4.915,4.909,4.912,640.11
1785645000000,4.912,4.925,4.91,4.925,528.41
1785645300000,4.926,4.936,4.925,4.932,1578.52
1785645600000,4.932,4.94,4.932,4.94,245.16
1785645900000,4.94,4.94,4.929,4.929,2285.61
1785646200000,4.929,4.935,4.929,4.929,224.34
1785646500000,4.928,4.929,4.923,4.923,257.22
1785646800000,4.923,4.924,4.899,4.904,2170.52
1785647100000,4.904,4.919,4.9,4.918,1450.68
1785647400000,4.917,4.917,4.898,4.906,1216.13
1785647700000,4.907,4.933,4.902,4.931,6571.41
1785648000000,4.932,4.938,4.931,4.937,710.43
1785648300000,4.937,4.939,4.934,4.939,685.07
1785648600000,4.939,4.95,4.939,4.946,1470.7
1785648900000,4.946,4.948,4.931,4.943,1792.33
1785649200000,4.944,4.947,4.937,4.943,4603.02
1785649500000,4.942,4.942,4.94,4.94,487.53
1785649800000,4.941,4.948,4.939,4.943,819.94
1785650100000,4.943,4.943,4.938,4.941,751.87
1785650400000,4.942,4.958,4.942,4.951,6247.8
1785650700000,4.95,4.976,4.939,4.961,19212.14
1785651000000,4.96,4.96,4.929,4.931,2055.69
1785651300000,4.93,4.93,4.913,4.916,4485.89
1785651600000,4.916,4.92,4.915,4.917,1298.16
1785651900000,4.917,4.917,4.915,4.917,165.79
1785652200000,4.916,4.917,4.91,4.912,344.67
1785652500000,4.913,4.918,4.911,4.914,460.01
1785652800000,4.914,4.924,4.914,4.917,1388.28
1785653100000,4.917,4.92,4.914,4.916,497.18
1785653400000,4.916,4.917,4.912,4.914,1127.02
1785653700000,4.914,4.917,4.913,4.915,951.27
1785654000000,4.916,4.916,4.912,4.913,790.67
1785654300000,4.914,4.924,4.914,4.924,112.56
1785654600000,4.925,4.933,4.925,4.93,408.1
1785654900000,4.929,4.929,4.927,4.927,176.59
1785655200000,4.926,4.931,4.922,4.929,2169.99
1785655500000,4.928,4.928,4.925,4.925,101.28
1785655800000,4.925,4.925,4.919,4.919,72.9
1785656100000,4.918,4.92,4.918,4.92,90.87
1785656400000,4.92,4.929,4.919,4.928,616.05
1785656700000,4.927,4.928,4.924,4.926,494.22
1785657000000,4.925,4.928,4.925,4.927,886.7
1785657300000,4.927,4.93,4.927,4.929,318.4
1785657600000,4.929,4.93,4.923,4.925,1665.35
1785657900000,4.925,4.925,4.916,4.922,1107.49
1785658200000,4.923,4.929,4.92,4.924,955.59
1785658500000,4.925,4.926,4.924,4.924,90.65
1785658800000,4.923,4.923,4.919,4.92,121.28
1785659100000,4.919,4.921,4.916,4.921,191.93
1785659400000,4.92,4.92,4.916,4.917,335.06
1785659700000,4.917,4.918,4.904,4.906,862.88
1785660000000,4.907,4.919,4.907,4.916,369.58
1785660300000,4.915,4.915,4.908,4.909,735.82
1785660600000,4.909,4.917,4.908,4.915,243.01
1785660900000,4.914,4.92,4.912,4.917,574.55
1785661200000,4.917,4.927,4.917,4.918,6412.23
1785661500000,4.919,4.941,4.919,4.938,1122.6
1785661800000,4.938,4.948,4.938,4.94,1363.84
1785662100000,4.94,4.942,4.933,4.935,5923.98
1785662400000,4.935,4.952,4.934,4.942,5429.12
1785662700000,4.943,4.947,4.936,4.936,283.54
1785663000000,4.937,4.952,4.937,4.952,1084.27
1785663300000,4.952,4.958,4.95,4.955,1229.41
1785663600000,4.957,4.962,4.952,4.959,2481.39
1785663900000,4.959,4.96,4.953,4.957,342.7
1785664200000,4.958,4.961,4.957,4.957,102.66
1785664500000,4.957,4.965,4.957,4.964,142.39
1785664800000,4.964,4.97,4.961,4.961,1323.22
1785665100000,4.961,4.962,4.954,4.958,363.75
1785665400000,4.957,4.957,4.946,4.946,1412.24
1785665700000,4.946,4.962,4.944,4.962,557.37
1785666000000,4.961,4.961,4.948,4.951,392.85
1785666300000,4.951,4.953,4.948,4.949,999.75
1785666600000,4.948,4.951,4.943,4.945,375.92
1785666900000,4.944,4.944,4.938,4.941,162.74
1785667200000,4.942,4.943,4.938,4.94,1678.01
1785667500000,4.941,4.948,4.941,4.945,109.93
1785667800000,4.945,4.945,4.94,4.942,259.82
1785668100000,4.942,4.946,4.941,4.941,709.59
1785668400000,4.94,4.94,4.912,4.915,7628.22
1785668700000,4.915,4.922,4.915,4.919,110.78
1785669000000,4.918,4.921,4.918,4.919,168.89
1785669300000,4.92,4.944,4.92,4.929,5883.98
1785669600000,4.93,4.937,4.93,4.937,144.79
1785669900000,4.938,4.941,4.931,4.932,486.16
1785670200000,4.931,4.938,4.929,4.937,300.32
1785670500000,4.938,4.938,4.931,4.931,46.15
1785670800000,4.931,4.934,4.923,4.928,738.94
1785671100000,4.928,4.938,4.928,4.935,1105.95
1785671400000,4.936,4.94,4.928,4.933,203.51
1785671700000,4.934,4.938,4.927,4.933,419.84
1785672000000,4.934,4.938,4.931,4.931,963.35
1785672300000,4.93,4.932,4.924,4.932,925.35
1785672600000,4.932,4.936,4.929,4.934,111.5
1785672900000,4.935,4.936,4.927,4.927,2174.73
1785673200000,4.927,4.928,4.923,4.923,255.33
1785673500000,4.923,4.925,4.92,4.922,1420.65
1785673800000,4.921,4.925,4.918,4.918,590.04
1785674100000,4.918,4.92,4.907,4.913,4439.65
1785674400000,4.913,4.923,4.913,4.923,467.91
1785674700000,4.921,4.931,4.921,4.927,874.06
1785675000000,4.927,4.928,4.922,4.926,147.38
1785675300000,4.926,4.933,4.926,4.931,125.86
1785675600000,4.931,4.943,4.928,4.94,1893.99
1785675900000,4.94,4.944,4.94,4.942,359.44
1785676200000,4.943,4.945,4.936,4.937,904.38
1785676500000,4.937,4.937,4.926,4.927,1371.68
1785676800000,4.927,4.93,4.926,4.926,373.09
1785677100000,4.927,4.931,4.927,4.927,179.84
1785677400000,4.928,4.931,4.928,4.928,67.41
1785677700000,4.928,4.93,4.92,4.926,2241.14
1785678000000,4.926,4.961,4.92,4.95,11682.07
1785678300000,4.949,4.993,4.949,4.986,8881.76
1785678600000,4.985,4.987,4.967,4.97,2737.11
1785678900000,4.969,4.97,4.956,4.956,844.81
1785679200000,4.955,4.955,4.944,4.954,1608.42
1785679500000,4.953,4.953,4.947,4.952,846.66
1785679800000,4.953,4.965,4.95,4.962,2055.5
1785680100000,4.963,4.982,4.962,4.972,2316.82
1785680400000,4.971,4.983,4.97,4.973,1259.76
1785680700000,4.974,4.976,4.96,4.962,1499.29
1785681000000,4.963,4.994,4.963,4.993,3188.09
1785681300000,4.992,5.003,4.982,4.984,8435.38
1785681600000,4.985,4.986,4.978,4.981,4238.06
1785681900000,4.98,4.983,4.977,4.977,1877.24
1785682200000,4.977,4.977,4.967,4.971,2038.17
1785682500000,4.969,4.97,4.962,4.968,3789.6
1785682800000,4.968,4.987,4.968,4.971,1696.56
1785683100000,4.971,4.986,4.971,4.986,959.37
1785683400000,4.986,4.987,4.98,4.984,387.64
1785683700000,4.984,4.984,4.976,4.983,1123.37
1785684000000,4.983,5.005,4.983,4.996,10778.77
1785684300000,4.996,5.01,4.993,4.995,2235.56
1785684600000,4.994,5.011,4.992,5.008,937.19
1785684900000,5.007,5.01,5.006,5.006,667.88
1785685200000,5.006,5.006,4.987,4.991,1119.74
1785685500000,4.991,4.991,4.977,4.985,1612.77
1785685800000,4.984,4.985,4.98,4.98,294.19
1785686100000,4.98,4.989,4.977,4.989,1473.13
1785686400000,4.988,4.995,4.981,4.989,2290.26
1785686700000,4.989,5.014,4.987,5.008,3148.03
1785687000000,5.009,5.012,4.993,4.993,667.8
1785687300000,4.992,4.994,4.981,4.984,1298.28
1785687600000,4.984,5.0,4.984,4.996,428.05
1785687900000,4.996,4.996,4.989,4.992,750.19
1785688200000,4.993,5.003,4.993,5.002,1265.4
1785688500000,5.003,5.007,4.995,4.996,1778.87
1785688800000,4.997,5.003,4.995,4.996,490.66
1785689100000,4.996,4.996,4.99,4.992,574.49
1785689400000,4.991,4.993,4.988,4.993,170.17
1785689700000,4.993,4.994,4.99,4.992,706.42
1785690000000,4.991,4.997,4.988,4.997,344.7
1785690300000,4.997,4.997,4.986,4.986,110.53
1785690600000,4.986,4.998,4.984,4.997,458.47
1785690900000,4.998,5.006,4.998,5.001,491.84
1785691200000,5.002,5.018,5.002,5.016,1666.28
1785691500000,5.014,5.014,4.999,4.999,554.04
1785691800000,5.0,5.003,4.998,5.003,183.59
1785692100000,5.004,5.008,5.002,5.002,817.73
1785692400000,5.002,5.004,4.997,4.999,304.19
1785692700000,4.999,4.999,4.997,4.998,55.21
1785693000000,4.997,5.001,4.991,4.996,454.53
1785693300000,4.995,4.995,4.987,4.987,315.71
1785693600000,4.986,5.006,4.985,5.006,1255.88
1785693900000,5.006,5.006,4.996,4.998,184.41
1785694200000,4.999,5.011,4.999,5.004,757.21
1785694500000,5.005,5.018,5.005,5.011,2277.07
1785694800000,5.012,5.013,5.01,5.01,42.14
1785695100000,5.009,5.009,5.004,5.006,191.07
1785695400000,5.008,5.014,5.006,5.014,263.09
1785695700000,5.014,5.073,5.013,5.066,23616.86
1785696000000,5.066,5.08,5.064,5.076,5782.03
1785696300000,5.075,5.075,5.059,5.07,1749.02
1785696600000,5.07,5.074,5.064,5.064,1384.63
1785696900000,5.063,5.069,5.063,5.068,886.09
1785697200000,5.068,5.084,5.068,5.078,3066.16
1785697500000,5.079,5.089,5.075,5.075,1828.07
1785697800000,5.074,5.077,5.068,5.068,450.8
1785698100000,5.068,5.073,5.065,5.068,3711.12
1785698400000,5.068,5.068,5.061,5.062,2393.3
1785698700000,5.061,5.061,5.052,5.057,7628.39
1785699000000,5.057,5.07,5.054,5.07,2488.0
1785699300000,5.07,5.07,5.062,5.064,1608.64
1785699600000,5.065,5.094,5.046,5.094,13203.03
1785699900000,5.093,5.096,5.086,5.088,2357.42
1785700200000,5.088,5.139,5.085,5.132,20205.48
1785700500000,5.132,5.159,5.132,5.156,8104.42
1785700800000,5.157,5.158,5.131,5.134,5952.96
1785701100000,5.133,5.146,5.13,5.136,5936.24
1785701400000,5.137,5.153,5.137,5.153,3071.22
1785701700000,5.151,5.151,5.132,5.132,4600.61
1785702000000,5.132,5.134,5.121,5.125,4292.05
1785702300000,5.124,5.143,5.119,5.132,3582.97
1785702600000,5.131,5.151,5.131,5.149,2448.27
1785702900000,5.149,5.158,5.138,5.149,3957.89
1785703200000,5.149,5.155,5.14,5.14,2563.36
1785703500000,5.14,5.145,5.132,5.145,4316.34
1785703800000,5.145,5.147,5.127,5.127,3664.76
1785704100000,5.126,5.127,5.115,5.127,1652.68
1785704400000,5.126,5.136,5.119,5.128,2297.48
1785704700000,5.127,5.136,5.121,5.133,2586.79
1785705000000,5.132,5.152,5.125,5.126,5619.09
1785705300000,5.127,5.134,5.115,5.117,2370.39
1785705600000,5.118,5.124,5.109,5.112,1599.7
1785705900000,5.112,5.112,5.103,5.106,2913.45
1785706200000,5.106,5.113,5.105,5.113,513.85
1785706500000,5.113,5.117,5.106,5.107,1196.1
1785706800000,5.107,5.117,5.104,5.11,1235.82
1785707100000,5.11,5.118,5.108,5.118,603.19
1785707400000,5.115,5.115,5.108,5.112,511.37
1785707700000,5.112,5.114,5.102,5.112,902.29
1785708000000,5.112,5.116,5.102,5.105,673.38
1785708300000,5.104,5.107,5.099,5.102,1574.6
1785708600000,5.103,5.107,5.098,5.098,2510.63
1785708900000,5.097,5.1,5.088,5.091,902.94
1785709200000,5.091,5.094,5.09,5.094,237.23
1785709500000,5.094,5.094,5.085,5.086,973.98
1785709800000,5.087,5.089,5.08,5.082,526.75
1785710100000,5.083,5.085,5.07,5.07,978.05
1785710400000,5.071,5.074,5.054,5.068,6891.36
1785710700000,5.069,5.073,5.067,5.069,432.8
1785711000000,5.069,5.074,5.068,5.069,994.98
1785711300000,5.069,5.075,5.065,5.073,2172.49
1785711600000,5.072,5.079,5.069,5.072,862.57
1785711900000,5.071,5.077,5.069,5.075,684.04
1785712200000,5.076,5.077,5.064,5.064,1279.33
1785712500000,5.063,5.074,5.063,5.074,604.08
1785712800000,5.074,5.074,5.066,5.07,1811.07
1785713100000,5.07,5.076,5.07,5.07,758.03
1785713400000,5.07,5.086,5.069,5.086,1590.53
1785713700000,5.085,5.085,5.077,5.078,1426.72
1785714000000,5.078,5.078,5.071,5.074,789.93
1785714300000,5.073,5.082,5.072,5.077,422.67
1785714600000,5.077,5.078,5.076,5.076,114.82
1785714900000,5.076,5.076,5.07,5.075,1153.52
1785715200000,5.074,5.085,5.063,5.068,7540.81
1785715500000,5.069,5.072,5.06,5.071,2258.77
1785715800000,5.071,5.078,5.066,5.069,3351.49
1785716100000,5.07,5.073,5.069,5.072,1466.04
1785716400000,5.072,5.073,5.051,5.06,3806.77
1785716700000,5.059,5.069,5.056,5.06,702.14
1785717000000,5.06,5.072,5.054,5.072,649.32
1785717300000,5.073,5.078,5.071,5.071,1464.87
1785717600000,5.072,5.073,5.061,5.066,1109.01
1785717900000,5.064,5.072,5.059,5.07,2046.43
1785718200000,5.071,5.073,5.065,5.07,4596.66
1785718500000,5.071,5.075,5.068,5.069,1584.69
1785718800000,5.068,5.07,5.06,5.066,1763.86
1785719100000,5.066,5.07,5.05,5.057,1731.93
1785719400000,5.057,5.065,5.036,5.039,35767.02
1785719700000,5.04,5.045,5.031,5.039,11760.53
1785720000000,5.041,5.045,5.035,5.038,6057.99
1785720300000,5.039,5.04,5.023,5.026,4327.6
1785720600000,5.026,5.032,5.025,5.027,506.69
1785720900000,5.028,5.033,5.028,5.032,980.55
1785721200000,5.032,5.035,5.03,5.035,693.81
1785721500000,5.035,5.035,5.026,5.028,1050.24
1785721800000,5.028,5.032,5.021,5.026,11251.92
1785722100000,5.026,5.031,5.026,5.027,400.57
1785722400000,5.027,5.027,5.016,5.023,1990.46
1785722700000,5.024,5.026,5.019,5.026,272.32
1785723000000,5.025,5.027,5.018,5.027,1106.53
1785723300000,5.028,5.034,5.028,5.032,350.34
1785723600000,5.032,5.033,5.027,5.027,70.9
1785723900000,5.027,5.03,5.018,5.021,4588.52
1785724200000,5.022,5.025,5.02,5.022,1278.19
1785724500000,5.025,5.029,5.014,5.021,9544.72
1785724800000,5.02,5.02,5.012,5.016,674.96
1785725100000,5.016,5.016,5.012,5.015,1542.32
1785725400000,5.015,5.015,5.011,5.011,485.38
1785725700000,5.012,5.018,5.004,5.018,10840.76
1785726000000,5.018,5.023,5.014,5.02,844.82
1785726300000,5.021,5.028,5.016,5.019,4792.24
1785726600000,5.019,5.023,5.015,5.021,7283.56
1785726900000,5.021,5.025,5.017,5.018,10369.73
1785727200000,5.018,5.018,5.014,5.017,584.05
1785727500000,5.017,5.024,5.017,5.022,1144.92
1785727800000,5.022,5.028,5.019,5.019,3792.59
1785728100000,5.018,5.025,5.016,5.019,957.57
1785728400000,5.02,5.02,5.016,5.017,201.68
1785728700000,5.017,5.019,4.989,5.013,1913.82
1785729000000,5.012,5.039,5.012,5.024,12521.35
1785729300000,5.025,5.037,5.023,5.031,15084.37
1785729600000,5.03,5.045,5.025,5.038,1061.82
1785729900000,5.039,5.041,5.028,5.031,1254.26
1785730200000,5.031,5.036,5.025,5.035,582.3
1785730500000,5.037,5.042,5.036,5.04,1297.12
1785730800000,5.04,5.045,5.025,5.027,2660.91
1785731100000,5.028,5.037,5.028,5.037,4872.45
1785731400000,5.037,5.038,5.036,5.036,500.24
1785731700000,5.035,5.035,5.032,5.033,60.91
1785732000000,5.034,5.036,5.031,5.034,710.72
1785732300000,5.034,5.044,5.033,5.041,673.88
1785732600000,5.041,5.042,5.037,5.037,528.67
1785732900000,5.037,5.041,5.036,5.037,776.24
1785733200000,5.037,5.043,5.036,5.037,1289.38
1785733500000,5.037,5.038,5.036,5.038,1159.64
1785733800000,5.037,5.038,5.036,5.038,73.52
1785734100000,5.037,5.042,5.035,5.037,2625.55
1785734400000,5.035,5.035,5.028,5.031,1574.02
1785734700000,5.03,5.038,5.029,5.029,1558.47
1785735000000,5.028,5.031,5.02,5.023,1000.99
1785735300000,5.024,5.027,5.022,5.024,204.87
1785735600000,5.025,5.028,5.025,5.028,45.9
1785735900000,5.029,5.033,5.029,5.032,99.01
1785736200000,5.033,5.035,5.029,5.035,3784.09
1785736500000,5.035,5.041,5.035,5.041,1223.31
1785736800000,5.041,5.043,5.037,5.038,991.63
1785737100000,5.037,5.041,5.034,5.037,1379.82
1785737400000,5.036,5.036,5.019,5.019,2091.92
1785737700000,5.019,5.019,5.006,5.006,1292.92
1785738000000,5.005,5.006,4.969,4.987,10172.0
1785738300000,4.986,4.986,4.967,4.97,1971.91
1785738600000,4.969,4.972,4.965,4.972,2486.41
1785738900000,4.971,4.975,4.968,4.97,668.96
1785739200000,4.971,4.989,4.97,4.975,14255.89
1785739500000,4.974,4.979,4.96,4.979,17092.66
1785739800000,4.979,4.98,4.965,4.965,1012.8
1785740100000,4.965,4.971,4.954,4.963,7181.33
1785740400000,4.964,4.968,4.96,4.967,1589.81
1785740700000,4.966,4.975,4.962,4.969,5952.98
1785741000000,4.968,4.971,4.957,4.96,1898.41
1785741300000,4.96,4.962,4.946,4.95,6639.24
1785741600000,4.949,4.956,4.947,4.951,2402.81
1785741900000,4.95,4.969,4.946,4.968,3188.52
1785742200000,4.966,4.97,4.949,4.949,3939.97
1785742500000,4.948,4.948,4.93,4.934,1549.95
1785742800000,4.933,4.934,4.921,4.926,4044.84
1785743100000,4.926,4.934,4.925,4.927,1162.42
1785743400000,4.926,4.93,4.924,4.927,633.53
1785743700000,4.927,4.931,4.918,4.92,1821.74
1785744000000,4.919,4.926,4.918,4.919,526.59
1785744300000,4.92,4.92,4.917,4.918,997.88
1785744600000,4.919,4.921,4.917,4.92,516.14
1785744900000,4.921,4.923,4.913,4.914,523.79
1785745200000,4.913,4.925,4.905,4.924,2196.2
1785745500000,4.925,4.925,4.909,4.911,1810.94
1785745800000,4.911,4.917,4.908,4.916,1451.55
1785746100000,4.916,4.928,4.913,4.914,2032.04
1785746400000,4.914,4.916,4.909,4.914,602.4
1785746700000,4.915,4.923,4.91,4.913,3390.22
1785747000000,4.914,4.917,4.912,4.917,1166.8
1785747300000,4.917,4.924,4.913,4.924,1693.8
1785747600000,4.924,4.924,4.917,4.922,5575.59
1785747900000,4.922,4.922,4.916,4.917,419.49
1785748200000,4.918,4.92,4.912,4.916,1107.23
1785748500000,4.915,4.921,4.914,4.918,234.38
1785748800000,4.919,4.919,4.915,4.918,160.55
1785749100000,4.918,4.923,4.918,4.922,356.48
1785749400000,4.922,4.929,4.917,4.926,900.69
1785749700000,4.925,4.931,4.923,4.931,1500.53
1785750000000,4.931,4.934,4.927,4.929,423.24
1785750300000,4.929,4.938,4.929,4.935,742.3
1785750600000,4.935,4.941,4.935,4.937,76.54
1785750900000,4.938,4.954,4.933,4.951,3417.97
1785751200000,4.95,4.961,4.944,4.958,6144.0
1785751500000,4.958,4.983,4.955,4.956,26146.03
1785751800000,4.955,4.955,4.952,4.952,454.34
1785752100000,4.951,4.953,4.945,4.948,2108.01
1785752400000,4.948,4.967,4.948,4.957,4903.69
1785752700000,4.956,4.956,4.949,4.952,487.62
1785753000000,4.951,4.951,4.943,4.943,798.99
1785753300000,4.944,4.944,4.937,4.938,2241.64
1785753600000,4.938,4.941,4.938,4.94,403.17
1785753900000,4.939,4.941,4.937,4.94,141.03
1785754200000,4.939,4.943,4.937,4.941,622.95
1785754500000,4.942,4.967,4.942,4.958,2350.96
1785754800000,4.957,4.957,4.949,4.95,506.34
1785755100000,4.949,4.955,4.948,4.952,965.96
1785755400000,4.952,4.955,4.951,4.951,504.99
1785755700000,4.952,4.969,4.952,4.956,4496.62
1786492800000,4.664,4.674,4.656,4.669,3942.98
1786493100000,4.67,4.674,4.654,4.664,2676.26
1786493400000,4.664,4.666,4.651,4.662,1155.18
1786493700000,4.661,4.666,4.648,4.666,1556.78
1786494000000,4.666,4.67,4.665,4.669,706.25
1786494300000,4.669,4.669,4.647,4.657,3622.51
1786494600000,4.657,4.674,4.657,4.674,1923.82
1786494900000,4.673,4.674,4.669,4.671,531.18
1786495200000,4.672,4.672,4.659,4.661,1938.42
1786495500000,4.661,4.683,4.661,4.681,3026.27
1786495800000,4.681,4.694,4.672,4.677,11121.98
1786496100000,4.677,4.678,4.665,4.672,2350.15
1786496400000,4.673,4.693,4.673,4.689,3442.71
1786496700000,4.69,4.7,4.686,4.686,3560.52
1786497000000,4.686,4.696,4.686,4.691,1121.96
1786497300000,4.691,4.691,4.681,4.69,1058.88
1786497600000,4.69,4.694,4.69,4.694,291.3
1786497900000,4.694,4.699,4.687,4.687,1273.4
1786498200000,4.687,4.687,4.671,4.685,2269.05
1786498500000,4.685,4.685,4.668,4.669,1898.96
1786498800000,4.67,4.671,4.629,4.66,17010.51
1786499100000,4.661,4.661,4.65,4.661,4527.08
1786499400000,4.662,4.67,4.66,4.66,1320.69
1786499700000,4.66,4.665,4.643,4.643,1621.06
1786500000000,4.645,4.649,4.625,4.626,5819.74
1786500300000,4.627,4.627,4.614,4.619,4644.37
1786500600000,4.619,4.633,4.618,4.632,2189.24
1786500900000,4.631,4.631,4.617,4.617,722.85
1786501200000,4.616,4.618,4.61,4.614,3242.3
1786501500000,4.613,4.625,4.613,4.625,322.63
1786501800000,4.625,4.631,4.614,4.629,8150.21
1786502100000,4.63,4.631,4.61,4.615,8624.63
1786502400000,4.614,4.624,4.61,4.61,12062.12
1786502700000,4.616,4.62,4.61,4.615,5906.33
1786503000000,4.615,4.636,4.615,4.636,2799.46
1786503300000,4.635,4.637,4.619,4.62,1609.71
1786503600000,4.62,4.62,4.606,4.607,964.41
1786503900000,4.606,4.606,4.587,4.599,7106.35
1786504200000,4.598,4.601,4.595,4.599,914.45
1786504500000,4.598,4.602,4.593,4.593,1063.52
1786504800000,4.593,4.596,4.589,4.594,967.7
1786505100000,4.593,4.593,4.585,4.586,617.9
1786505400000,4.585,4.587,4.579,4.58,353.65
1786505700000,4.581,4.584,4.576,4.576,269.65
1786506000000,4.577,4.584,4.577,4.582,984.41
1786506300000,4.582,4.582,4.577,4.58,1133.69
1786506600000,4.581,4.586,4.581,4.582,726.29
1786506900000,4.581,4.581,4.572,4.576,1573.84
1786507200000,4.576,4.591,4.576,4.59,908.85
1786507500000,4.59,4.598,4.59,4.594,1405.47
1786507800000,4.593,4.613,4.592,4.613,2674.91
1786508100000,4.614,4.625,4.611,4.622,1370.1
1786508400000,4.622,4.631,4.622,4.629,1407.72
1786508700000,4.629,4.629,4.616,4.616,788.22
1786509000000,4.615,4.623,4.614,4.622,733.83
1786509300000,4.622,4.631,4.619,4.625,2374.07
1786509600000,4.625,4.629,4.618,4.621,792.27
1786509900000,4.622,4.626,4.613,4.626,976.13
1786510200000,4.625,4.625,4.616,4.617,452.98
1786510500000,4.618,4.62,4.607,4.607,1269.34
1786510800000,4.608,4.616,4.608,4.608,290.96
1786511100000,4.608,4.61,4.595,4.598,1831.62
1786511400000,4.597,4.599,4.595,4.599,733.46
1786511700000,4.599,4.605,4.598,4.605,1408.54
1786512000000,4.605,4.615,4.602,4.609,1376.61
1786512300000,4.609,4.615,4.609,4.611,867.59
1786512600000,4.611,4.62,4.61,4.62,1075.17
1786512900000,4.621,4.622,4.613,4.615,554.0
1786513200000,4.616,4.619,4.614,4.618,321.94
1786513500000,4.617,4.62,4.614,4.615,915.24
1786513800000,4.614,4.651,4.614,4.645,35572.78
1786514100000,4.646,4.659,4.644,4.646,9074.8
1786514400000,4.646,4.661,4.638,4.641,12423.79
1786514700000,4.641,4.648,4.631,4.631,3384.5
1786515000000,4.631,4.632,4.617,4.622,2002.32
1786515300000,4.622,4.629,4.619,4.621,3624.07
1786515600000,4.621,4.631,4.621,4.631,625.5
1786515900000,4.63,4.636,4.63,4.635,423.98
1786516200000,4.634,4.634,4.625,4.629,886.7
1786516500000,4.63,4.633,4.594,4.596,5967.08
1786516800000,4.597,4.611,4.597,4.605,2135.42
1786517100000,4.604,4.622,4.602,4.616,1677.42
1786517400000,4.616,4.621,4.609,4.61,644.47
1786517700000,4.61,4.619,4.609,4.611,1362.67
1786518000000,4.611,4.616,4.609,4.616,899.88
1786518300000,4.617,4.625,4.613,4.62,681.56
1786518600000,4.621,4.624,4.616,4.624,653.59
1786518900000,4.624,4.626,4.614,4.614,432.95
1786519200000,4.613,4.622,4.613,4.622,170.38
1786519500000,4.621,4.627,4.618,4.625,1717.73
1786519800000,4.626,4.637,4.626,4.633,1100.11
1786520100000,4.632,4.637,4.615,4.617,2014.71
1786520400000,4.617,4.624,4.613,4.62,1132.47
1786520700000,4.619,4.62,4.611,4.617,1061.5
1786521000000,4.619,4.622,4.615,4.622,638.63
1786521300000,4.622,4.624,4.619,4.619,471.89
1786521600000,4.619,4.624,4.615,4.623,815.01
1786521900000,4.622,4.623,4.616,4.619,1342.11
1786522200000,4.619,4.619,4.611,4.614,381.93
1786522500000,4.614,4.617,4.598,4.598,2445.94
1786522800000,4.598,4.6,4.595,4.595,5199.73
1786523100000,4.595,4.608,4.595,4.596,13990.44
1786523400000,4.597,4.619,4.597,4.617,11080.98
1786523700000,4.617,4.637,4.617,4.628,2706.78
1786524000000,4.627,4.636,4.622,4.622,1311.16
1786524300000,4.623,4.624,4.611,4.615,1108.36
1786524600000,4.616,4.619,4.612,4.618,726.97
1786524900000,4.617,4.623,4.612,4.614,1201.13
1786525200000,4.614,4.619,4.608,4.619,905.71
1786525500000,4.619,4.624,4.617,4.622,461.75
1786525800000,4.623,4.637,4.623,4.636,497.56
1786526100000,4.636,4.645,4.636,4.642,1240.63
1786526400000,4.641,4.643,4.636,4.642,1136.47
1786526700000,4.643,4.647,4.638,4.642,3995.18
1786527000000,4.643,4.645,4.634,4.641,1688.13
1786527300000,4.641,4.645,4.634,4.639,743.4
1786527600000,4.638,4.64,4.63,4.64,3740.77
1786527900000,4.641,4.642,4.639,4.641,579.14
1786528200000,4.642,4.642,4.628,4.631,673.79
1786528500000,4.631,4.631,4.618,4.622,512.03
1786528800000,4.623,4.633,4.622,4.627,1180.01
1786529100000,4.626,4.627,4.625,4.625,464.27
1786529400000,4.626,4.631,4.621,4.622,893.65
1786529700000,4.623,4.624,4.606,4.612,3152.23
1786530000000,4.611,4.611,4.604,4.604,190.61
1786530300000,4.604,4.605,4.6,4.604,519.77
1786530600000,4.604,4.604,4.599,4.601,1370.18
1786530900000,4.602,4.602,4.595,4.599,1410.51
1786531200000,4.6,4.605,4.6,4.602,521.25
1786531500000,4.601,4.608,4.6,4.605,655.98
1786531800000,4.606,4.612,4.606,4.61,261.35
1786532100000,4.609,4.609,4.598,4.598,1428.49
1786532400000,4.598,4.605,4.598,4.598,1033.68
1786532700000,4.598,4.602,4.596,4.599,334.82
1786533000000,4.599,4.602,4.595,4.601,1110.66
1786533300000,4.601,4.605,4.601,4.605,39.56
1786533600000,4.604,4.604,4.602,4.602,137.22
1786533900000,4.601,4.601,4.595,4.6,1150.17
1786534200000,4.6,4.606,4.598,4.603,1198.5
1786534500000,4.603,4.609,4.602,4.609,1337.84
1786534800000,4.609,4.613,4.608,4.612,612.41
1786535100000,4.611,4.615,4.611,4.613,181.95
1786535400000,4.613,4.617,4.612,4.612,187.44
1786535700000,4.613,4.615,4.587,4.594,9551.8
1786536000000,4.595,4.601,4.592,4.601,1681.31
1786536300000,4.6,4.6,4.584,4.588,2106.4
1786536600000,4.587,4.587,4.583,4.585,906.13
1786536900000,4.585,4.597,4.581,4.586,1187.76
1786537200000,4.586,4.587,4.569,4.574,10871.03
1786537500000,4.573,4.595,4.568,4.586,2876.41
1786537800000,4.587,4.598,4.563,4.589,11607.46
1786538100000,4.589,4.593,4.578,4.581,1352.84
1786538400000,4.582,4.586,4.559,4.561,32051.37
1786538700000,4.56,4.564,4.529,4.538,46440.77
1786539000000,4.538,4.554,4.536,4.551,9367.5
1786539300000,4.552,4.555,4.548,4.551,2169.94
1786539600000,4.55,4.55,4.538,4.542,1426.26
1786539900000,4.543,4.547,4.541,4.545,1559.71
1786540200000,4.546,4.548,4.538,4.541,2539.81
1786540500000,4.541,4.549,4.541,4.549,1970.7
1786540800000,4.549,4.559,4.549,4.557,1926.65
1786541100000,4.556,4.556,4.537,4.542,3832.62
1786541400000,4.541,4.56,4.541,4.554,8138.71
1786541700000,4.554,4.555,4.548,4.552,467.12
1786542000000,4.55,4.555,4.547,4.553,706.04
1786542300000,4.553,4.558,4.538,4.543,21115.45
1786542600000,4.543,4.547,4.528,4.531,3744.5
1786542900000,4.531,4.537,4.525,4.527,8288.92
1786543200000,4.525,4.53,4.521,4.525,1908.04
1786543500000,4.524,4.531,4.52,4.527,4546.72
1786543800000,4.526,4.531,4.512,4.519,10158.54
1786544100000,4.518,4.518,4.512,4.515,1999.53
1786544400000,4.516,4.522,4.515,4.517,1038.95
1786544700000,4.518,4.526,4.518,4.518,677.72
1786545000000,4.519,4.536,4.513,4.529,4738.56
1786545300000,4.528,4.532,4.526,4.53,1294.57
1786545600000,4.53,4.535,4.527,4.535,473.42
1786545900000,4.535,4.545,4.535,4.545,742.05
1786546200000,4.545,4.545,4.532,4.532,1616.61
1786546500000,4.532,4.539,4.532,4.535,467.17
1786546800000,4.533,4.556,4.531,4.554,1402.57
1786547100000,4.553,4.564,4.551,4.561,2247.33
1786547400000,4.562,4.57,4.562,4.565,2587.06
1786547700000,4.565,4.575,4.565,4.573,8808.05
1786548000000,4.572,4.572,4.564,4.569,1524.24
1786548300000,4.57,4.57,4.568,4.569,200.95
1786548600000,4.569,4.571,4.557,4.565,970.08
1786548900000,4.566,4.568,4.566,4.567,67.85
1786549200000,4.567,4.583,4.567,4.578,2639.02
1786549500000,4.578,4.578,4.57,4.572,203.4
1786549800000,4.572,4.572,4.561,4.571,1811.8
1786550100000,4.57,4.572,4.569,4.569,659.38
1786550400000,4.569,4.571,4.565,4.569,777.23
1786550700000,4.569,4.569,4.563,4.564,365.63
1786551000000,4.563,4.565,4.558,4.563,4158.99
1786551300000,4.563,4.583,4.563,4.574,3930.78
1786551600000,4.574,4.574,4.567,4.568,824.0
1786551900000,4.567,4.567,4.565,4.565,185.47
1786552200000,4.564,4.564,4.56,4.561,425.13
1786552500000,4.56,4.56,4.543,4.548,2945.31
1786552800000,4.548,4.554,4.546,4.554,534.95
1786553100000,4.554,4.565,4.554,4.563,1023.36
1786553400000,4.563,4.574,4.563,4.573,773.65
1786553700000,4.574,4.58,4.573,4.58,412.82
1786554000000,4.579,4.586,4.579,4.581,457.9
1786554300000,4.58,4.584,4.58,4.584,426.0
1786554600000,4.584,4.598,4.584,4.598,1816.25
1786554900000,4.597,4.604,4.594,4.601,3881.58
1786555200000,4.601,4.601,4.588,4.596,3789.72
1786555500000,4.597,4.6,4.596,4.6,1029.56
1786555800000,4.6,4.604,4.595,4.604,793.2
1786556100000,4.604,4.607,4.6,4.603,2319.13
1786556400000,4.603,4.611,4.603,4.608,1059.36
1786556700000,4.61,4.616,4.61,4.613,483.76
1786557000000,4.614,4.616,4.611,4.611,370.54
1786557300000,4.611,4.612,4.607,4.608,268.86
1786557600000,4.608,4.618,4.605,4.612,1352.95
1786557900000,4.612,4.613,4.604,4.607,2723.85
1786558200000,4.607,4.614,4.607,4.613,411.17
1786558500000,4.612,4.612,4.608,4.609,394.87
1786558800000,4.609,4.614,4.606,4.611,2131.35
1786559100000,4.61,4.615,4.609,4.612,443.61
1786559400000,4.612,4.618,4.612,4.618,371.76
1786559700000,4.619,4.621,4.619,4.62,291.17
1786560000000,4.62,4.62,4.612,4.613,1201.17
1786560300000,4.613,4.615,4.608,4.615,1240.76
1786560600000,4.615,4.615,4.612,4.614,482.79
1786560900000,4.614,4.617,4.614,4.615,229.19
1786561200000,4.614,4.616,4.611,4.612,883.21
1786561500000,4.612,4.612,4.6,4.607,8839.41
1786561800000,4.606,4.61,4.605,4.605,1175.09
1786562100000,4.605,4.612,4.599,4.612,4576.7
1786562400000,4.612,4.612,4.605,4.605,1351.48
1786562700000,4.605,4.609,4.6,4.609,2585.46
1786563000000,4.608,4.613,4.607,4.608,680.42
1786563300000,4.607,4.609,4.606,4.608,279.36
1786563600000,4.608,4.608,4.606,4.607,265.87
1786563900000,4.606,4.613,4.606,4.61,551.56
1786564200000,4.609,4.616,4.607,4.614,396.09
1786564500000,4.614,4.627,4.614,4.625,1630.02
1786564800000,4.625,4.625,4.616,4.622,2078.09
1786565100000,4.622,4.635,4.617,4.617,1901.35
1786565400000,4.616,4.623,4.614,4.619,981.81
1786565700000,4.618,4.618,4.608,4.614,1405.64
1786566000000,4.615,4.615,4.61,4.611,383.35
1786566300000,4.612,4.618,4.612,4.617,423.27
1786566600000,4.617,4.632,4.617,4.628,3148.06
1786566900000,4.627,4.648,4.626,4.639,7623.87
1786567200000,4.639,4.646,4.637,4.643,709.69
1786567500000,4.642,4.658,4.642,4.651,3750.76
1786567800000,4.651,4.651,4.638,4.638,1626.82
1786568100000,4.639,4.643,4.639,4.643,177.09
1786568400000,4.644,4.647,4.637,4.637,186.63
1786568700000,4.636,4.647,4.635,4.647,163.92
1786569000000,4.647,4.653,4.644,4.644,919.41
1786569300000,4.643,4.643,4.636,4.636,275.24
1786569600000,4.635,4.637,4.626,4.631,297.0
1786569900000,4.631,4.631,4.614,4.621,1398.85
1786570200000,4.618,4.619,4.608,4.618,2369.93
1786570500000,4.618,4.624,4.618,4.623,1405.55
1786570800000,4.621,4.634,4.621,4.634,1455.23
1786571100000,4.634,4.634,4.631,4.631,79.29
1786571400000,4.629,4.63,4.623,4.626,436.33
1786571700000,4.627,4.627,4.589,4.598,29827.2
1786572000000,4.598,4.601,4.581,4.592,4540.21
1786572300000,4.593,4.594,4.588,4.588,218.33
1786572600000,4.588,4.599,4.588,4.594,3108.51
1786572900000,4.596,4.599,4.589,4.589,521.97
1786573200000,4.588,4.59,4.585,4.59,685.03
1786573500000,4.59,4.591,4.587,4.587,723.57
1786573800000,4.587,4.601,4.586,4.601,4030.5
1786574100000,4.6,4.606,4.597,4.604,1735.5
1786574400000,4.603,4.609,4.601,4.609,1508.23
1786574700000,4.609,4.609,4.603,4.605,935.13
1786575000000,4.606,4.609,4.606,4.607,392.09
1786575300000,4.608,4.62,4.608,4.62,391.68
1786575600000,4.621,4.626,4.62,4.62,605.53
1786575900000,4.62,4.622,4.612,4.622,993.07
1786576200000,4.621,4.628,4.621,4.628,408.74
1786576500000,4.628,4.63,4.619,4.619,739.66
1786576800000,4.619,4.623,4.614,4.614,440.65
1786577100000,4.615,4.626,4.615,4.626,387.44
1786577400000,4.627,4.634,4.627,4.632,1285.19
1786577700000,4.632,4.639,4.622,4.634,10634.7
1786578000000,4.635,4.635,4.63,4.633,555.99
1786578300000,4.632,4.639,4.632,4.636,701.39
1786578600000,4.636,4.636,4.617,4.629,5927.78
1786578900000,4.628,4.631,4.622,4.625,1198.72
1786579200000,4.625,4.64,4.625,4.64,925.65
1786579500000,4.64,4.665,4.64,4.657,6691.2
1786579800000,4.658,4.664,4.646,4.646,4367.01
1786580100000,4.646,4.658,4.645,4.65,2469.91
1786580400000,4.649,4.655,4.642,4.648,3942.33
1786580700000,4.648,4.656,4.647,4.652,1212.77
1786581000000,4.652,4.657,4.651,4.657,346.36
1786581300000,4.657,4.662,4.647,4.653,1299.15
1786581600000,4.652,4.659,4.648,4.656,1104.9
1786581900000,4.655,4.66,4.648,4.658,1166.77
1786582200000,4.658,4.667,4.658,4.665,421.01
1786582500000,4.666,4.667,4.662,4.663,951.98
1786582800000,4.662,4.67,4.662,4.664,1774.52
1786583100000,4.665,4.669,4.658,4.665,1588.63
1786583400000,4.664,4.669,4.663,4.669,521.54
1786583700000,4.669,4.669,4.657,4.657,658.09
1786584000000,4.658,4.661,4.657,4.658,781.04
1786584300000,4.657,4.662,4.65,4.66,2066.41
1786584600000,4.66,4.665,4.66,4.662,545.86
1786584900000,4.663,4.667,4.663,4.663,392.06
1786585200000,4.663,4.663,4.66,4.66,276.93
1786585500000,4.66,4.67,4.656,4.67,1175.26
1786585800000,4.671,4.679,4.671,4.673,1134.04
1786586100000,4.674,4.674,4.657,4.657,1786.06
1786586400000,4.657,4.658,4.646,4.657,1025.92
1786586700000,4.658,4.663,4.658,4.663,152.59
1786587000000,4.663,4.667,4.66,4.667,1838.96
1786587300000,4.667,4.673,4.667,4.673,127.14
1786587600000,4.673,4.675,4.67,4.67,287.24
1786587900000,4.669,4.67,4.667,4.67,250.49
1786588200000,4.669,4.669,4.664,4.669,1240.05
1786588500000,4.668,4.668,4.658,4.658,566.01
1786588800000,4.657,4.664,4.655,4.662,227.59
1786589100000,4.662,4.668,4.662,4.668,129.59
1786589400000,4.668,4.671,4.668,4.671,67.73
1786589700000,4.672,4.677,4.671,4.675,1599.51
1786590000000,4.675,4.679,4.669,4.67,635.26
1786590300000,4.67,4.671,4.666,4.666,302.06
1786590600000,4.665,4.669,4.66,4.668,168.4
1786590900000,4.668,4.675,4.665,4.667,1858.39
1786591200000,4.668,4.684,4.668,4.682,1756.02
1786591500000,4.683,4.687,4.681,4.681,1079.48
1786591800000,4.682,4.682,4.671,4.677,1050.19
1786592100000,4.678,4.683,4.678,4.678,596.14
1786592400000,4.678,4.68,4.673,4.68,3858.02
1786592700000,4.68,4.685,4.679,4.685,847.01
1786593000000,4.685,4.686,4.681,4.683,704.73
1786593300000,4.682,4.684,4.68,4.682,800.4
1786593600000,4.682,4.686,4.681,4.686,460.25
1786593900000,4.685,4.685,4.673,4.674,1892.36
1786594200000,4.673,4.681,4.672,4.68,977.68
1786594500000,4.679,4.681,4.664,4.669,3007.56
1786594800000,4.669,4.669,4.662,4.664,2368.53
1786595100000,4.663,4.667,4.657,4.663,1325.84
1786595400000,4.663,4.687,4.661,4.686,4859.79
1786595700000,4.685,4.691,4.684,4.684,1449.71
1786596000000,4.685,4.686,4.68,4.68,531.82
1786596300000,4.68,4.683,4.673,4.682,1450.95
1786596600000,4.681,4.683,4.675,4.675,583.79
1786596900000,4.676,4.677,4.67,4.67,568.85
1786597200000,4.669,4.669,4.648,4.65,2304.52
1786597500000,4.65,4.65,4.631,4.631,4887.76
1786597800000,4.631,4.635,4.628,4.63,526.87
1786598100000,4.63,4.636,4.624,4.626,1541.76
1786598400000,4.626,4.634,4.624,4.632,1098.32
1786598700000,4.632,4.636,4.63,4.636,575.46
1786599000000,4.635,4.635,4.631,4.631,165.84
1786599300000,4.632,4.634,4.63,4.633,1003.31
1786599600000,4.632,4.633,4.627,4.627,474.34
1786599900000,4.628,4.629,4.626,4.627,62.17
1786600200000,4.626,4.629,4.623,4.629,494.35
1786600500000,4.629,4.629,4.621,4.624,1053.61
1786600800000,4.624,4.624,4.603,4.611,4169.16
1786601100000,4.611,4.615,4.609,4.614,950.86
1786601400000,4.614,4.618,4.607,4.615,2592.43
1786601700000,4.615,4.615,4.609,4.609,487.51
1786602000000,4.609,4.611,4.609,4.611,236.58
1786602300000,4.611,4.611,4.609,4.61,415.38
1786602600000,4.609,4.614,4.609,4.614,710.37
1786602900000,4.615,4.626,4.615,4.623,1623.53
1786603200000,4.624,4.625,4.621,4.623,804.25
1786603500000,4.624,4.63,4.624,4.627,650.66
1786603800000,4.626,4.626,4.611,4.617,2888.56
1786604100000,4.616,4.618,4.612,4.618,1051.16
1786604400000,4.618,4.628,4.618,4.624,517.42
1786604700000,4.624,4.624,4.62,4.623,659.38
1786605000000,4.623,4.624,4.623,4.623,388.44
1786605300000,4.622,4.625,4.621,4.621,433.85
1786605600000,4.621,4.625,4.62,4.624,430.28
1786605900000,4.624,4.643,4.624,4.638,2773.21
1786606200000,4.638,4.641,4.628,4.628,4650.03
1786606500000,4.629,4.629,4.618,4.618,1255.94
1786606800000,4.617,4.617,4.608,4.612,2080.6
1786607100000,4.611,4.614,4.607,4.611,2248.26
1786607400000,4.612,4.614,4.611,4.611,1866.87
1786607700000,4.612,4.612,4.586,4.596,7157.04
1786608000000,4.595,4.595,4.574,4.576,5141.96
1786608300000,4.577,4.579,4.566,4.569,7015.53
1786608600000,4.568,4.57,4.56,4.567,4610.69
1786608900000,4.568,4.581,4.568,4.577,5916.07
1786609200000,4.577,4.581,4.573,4.578,6328.28
1786609500000,4.577,4.577,4.566,4.572,3458.33
1786609800000,4.571,4.573,4.567,4.57,2290.68
1786610100000,4.571,4.573,4.568,4.571,1476.03
1786610400000,4.571,4.572,4.566,4.571,1840.79
1786610700000,4.571,4.571,4.564,4.567,1505.47
1786611000000,4.566,4.566,4.563,4.564,1587.43
1786611300000,4.564,4.573,4.56,4.571,2592.64
1786611600000,4.57,4.57,4.552,4.554,3320.99
1786611900000,4.554,4.563,4.554,4.56,1378.58
1786612200000,4.56,4.56,4.546,4.547,3661.96
1786612500000,4.548,4.552,4.544,4.549,2735.01
1786612800000,4.55,4.551,4.541,4.544,2689.41
1786613100000,4.545,4.548,4.542,4.544,1871.67
1786613400000,4.545,4.558,4.545,4.555,2544.03
1786613700000,4.554,4.557,4.546,4.557,1925.35
1786614000000,4.556,4.562,4.554,4.561,2663.72
1786614300000,4.561,4.576,4.561,4.569,1831.32
1786614600000,4.568,4.584,4.566,4.581,1567.08
1786614900000,4.58,4.58,4.571,4.579,1789.14
1786615200000,4.58,4.586,4.579,4.584,2206.93
1786615500000,4.583,4.59,4.58,4.586,1149.36
1786615800000,4.586,4.594,4.586,4.594,2369.77
1786616100000,4.594,4.595,4.593,4.594,311.77
1786616400000,4.593,4.599,4.592,4.599,1217.6
1786616700000,4.6,4.61,4.599,4.609,4312.4
1786617000000,4.609,4.609,4.602,4.606,3024.89
1786617300000,4.606,4.613,4.561,4.572,22922.88
1786617600000,4.573,4.576,4.569,4.575,4831.54
1786617900000,4.576,4.59,4.576,4.579,4667.75
1786618200000,4.579,4.582,4.577,4.577,255.75
1786618500000,4.577,4.58,4.571,4.575,2699.86
1786618800000,4.575,4.576,4.572,4.576,308.01
1786619100000,4.577,4.579,4.57,4.572,805.35
1786619400000,4.571,4.571,4.569,4.571,398.47
1786619700000,4.571,4.572,4.562,4.562,2049.82
1786620000000,4.562,4.574,4.562,4.573,649.51
1786620300000,4.574,4.579,4.574,4.577,331.38
1786620600000,4.576,4.578,4.56,4.561,3211.7
1786620900000,4.562,4.564,4.552,4.554,1685.6
1786621200000,4.554,4.554,4.54,4.54,2311.02
1786621500000,4.539,4.556,4.539,4.554,1143.45
1786621800000,4.553,4.554,4.548,4.554,872.17
1786622100000,4.554,4.562,4.554,4.56,1245.54
1786622400000,4.559,4.561,4.547,4.551,3565.62
1786622700000,4.551,4.559,4.55,4.559,394.22
1786623000000,4.56,4.579,4.56,4.575,5208.31
1786623300000,4.573,4.586,4.573,4.585,2307.73
1786623600000,4.585,4.588,4.585,4.587,544.62
1786623900000,4.587,4.601,4.587,4.596,1236.23
1786624200000,4.597,4.603,4.592,4.599,1256.76
1786624500000,4.599,4.599,4.591,4.591,1078.58
1786624800000,4.591,4.596,4.591,4.595,532.25
1786625100000,4.596,4.596,4.595,4.595,286.27
1786625400000,4.595,4.597,4.593,4.597,544.34
1786625700000,4.596,4.602,4.596,4.601,1496.38
1786626000000,4.602,4.606,4.597,4.601,2299.77
1786626300000,4.601,4.603,4.599,4.601,657.13
1786626600000,4.6,4.6,4.597,4.597,110.37
1786626900000,4.597,4.598,4.593,4.594,1568.59
1786627200000,4.595,4.601,4.595,4.599,984.98
1786627500000,4.599,4.605,4.59,4.59,2024.17
1786627800000,4.59,4.591,4.583,4.589,2899.07
1786628100000,4.59,4.595,4.589,4.594,1131.16
1786628400000,4.595,4.599,4.591,4.598,1568.39
1786628700000,4.599,4.612,4.594,4.607,2602.45
1786629000000,4.607,4.617,4.607,4.613,2752.36
1786629300000,4.612,4.614,4.611,4.611,456.16
1786629600000,4.61,4.619,4.61,4.612,2999.26
1786629900000,4.613,4.613,4.609,4.611,1310.34
1786630200000,4.611,4.624,4.608,4.621,1884.73
1786630500000,4.622,4.636,4.622,4.636,1977.13
1786630800000,4.635,4.645,4.631,4.639,1608.31
1786631100000,4.638,4.638,4.631,4.633,274.77
1786631400000,4.634,4.647,4.629,4.646,1356.88
1786631700000,4.646,4.646,4.635,4.635,1946.62
1786632000000,4.636,4.64,4.627,4.632,1764.56
1786632300000,4.632,4.641,4.629,4.637,1146.61
1786632600000,4.637,4.64,4.633,4.633,320.25
1786632900000,4.633,4.635,4.631,4.634,501.84
1786633200000,4.635,4.645,4.635,4.643,1373.87
1786633500000,4.643,4.643,4.625,4.626,1377.97
1786633800000,4.625,4.639,4.625,4.637,488.96
1786634100000,4.635,4.645,4.631,4.643,868.35
1786634400000,4.643,4.647,4.639,4.639,787.03
1786634700000,4.639,4.639,4.626,4.632,1564.12
1786635000000,4.631,4.641,4.629,4.636,795.04
1786635300000,4.636,4.64,4.636,4.639,304.56
1786635600000,4.64,4.649,4.635,4.646,4496.03
1786635900000,4.646,4.647,4.636,4.637,909.33
1786636200000,4.638,4.641,4.634,4.636,405.84
1786636500000,4.637,4.64,4.63,4.63,550.9
1786636800000,4.63,4.637,4.625,4.631,1428.06
1786637100000,4.633,4.635,4.62,4.627,1132.14
1786637400000,4.626,4.634,4.625,4.632,841.25
1786637700000,4.631,4.631,4.614,4.62,14068.81
1786638000000,4.619,4.637,4.615,4.632,5131.63
1786638300000,4.631,4.635,4.614,4.615,12262.41
1786638600000,4.616,4.616,4.6,4.602,2367.98
1786638900000,4.603,4.606,4.579,4.592,2989.02
1786639200000,4.592,4.598,4.582,4.598,2815.67
1786639500000,4.598,4.61,4.594,4.607,1370.61
1786639800000,4.608,4.608,4.594,4.596,789.62
1786640100000,4.598,4.603,4.596,4.598,922.93
1786640400000,4.597,4.604,4.595,4.604,594.46
1786640700000,4.603,4.611,4.603,4.61,799.91
1786641000000,4.61,4.61,4.603,4.604,581.45
1786641300000,4.606,4.613,4.606,4.611,90.63
1786641600000,4.612,4.624,4.611,4.624,1046.8
1786641900000,4.624,4.624,4.616,4.622,630.61
1786642200000,4.623,4.631,4.623,4.626,139.42
1786642500000,4.625,4.631,4.624,4.631,408.01
1786642800000,4.63,4.63,4.626,4.63,428.25
1786643100000,4.631,4.636,4.631,4.636,261.08
1786643400000,4.637,4.638,4.625,4.625,720.71
1786643700000,4.624,4.632,4.624,4.631,205.64
1786644000000,4.631,4.638,4.631,4.636,568.59
1786644300000,4.636,4.636,4.623,4.626,758.4
1786644600000,4.625,4.625,4.617,4.617,741.38
1786644900000,4.617,4.623,4.614,4.623,613.07
1786645200000,4.623,4.629,4.619,4.623,1245.35
1786645500000,4.622,4.622,4.619,4.619,151.26
1786645800000,4.619,4.626,4.619,4.623,475.33
1786646100000,4.622,4.622,4.62,4.621,459.52
1786646400000,4.621,4.629,4.62,4.629,488.46
1786646700000,4.63,4.634,4.63,4.633,1393.76
1786647000000,4.633,4.64,4.629,4.63,1542.64
1786647300000,4.63,4.631,4.626,4.626,298.32
1786647600000,4.627,4.633,4.627,4.633,375.42
1786647900000,4.634,4.639,4.631,4.632,1296.64
1786648200000,4.632,4.633,4.628,4.628,192.38
1786648500000,4.627,4.629,4.618,4.618,1594.59
1786648800000,4.618,4.621,4.618,4.618,1691.23
1786649100000,4.619,4.621,4.618,4.621,273.25
1786649400000,4.622,4.623,4.618,4.621,207.13
1786649700000,4.622,4.625,4.621,4.622,164.61
1786650000000,4.621,4.624,4.621,4.624,107.21
1786650300000,4.625,4.625,4.623,4.624,12.64
1786650600000,4.625,4.625,4.611,4.611,751.05
1786650900000,4.61,4.615,4.61,4.612,935.72
1786651200000,4.613,4.615,4.611,4.614,431.72
1786651500000,4.615,4.621,4.613,4.621,242.89
1786651800000,4.62,4.62,4.615,4.616,187.31
1786652100000,4.616,4.617,4.611,4.617,556.53
1786652400000,4.617,4.619,4.615,4.615,176.91
1786652700000,4.614,4.616,4.611,4.616,585.51
1786653000000,4.615,4.624,4.614,4.624,247.69
1786653300000,4.624,4.625,4.622,4.625,158.26
1786653600000,4.626,4.626,4.618,4.624,1421.09
1786653900000,4.624,4.631,4.624,4.63,302.17
1786654200000,4.629,4.629,4.622,4.625,495.29
1786654500000,4.626,4.627,4.625,4.627,295.41
1786654800000,4.627,4.633,4.627,4.633,102.13
1786655100000,4.632,4.632,4.624,4.624,291.62
1786655400000,4.625,4.625,4.614,4.617,206.46
1786655700000,4.617,4.618,4.617,4.618,9.97
1786656000000,4.619,4.619,4.615,4.618,179.9
1786656300000,4.616,4.617,4.615,4.617,75.11
1786656600000,4.62,4.62,4.617,4.617,38.8
1786656900000,4.615,4.616,4.613,4.616,22.09
1786657200000,4.617,4.618,4.613,4.617,1227.4
1786657500000,4.617,4.619,4.617,4.618,176.86
1786657800000,4.618,4.618,4.618,4.618,48.66
1786658100000,4.617,4.617,4.615,4.615,106.42
1786658400000,4.615,4.62,4.609,4.612,290.37
1786658700000,4.613,4.617,4.612,4.617,160.9
1786659000000,4.617,4.622,4.617,4.622,783.61
1786659300000,4.622,4.624,4.621,4.621,90.39
1786659600000,4.621,4.626,4.621,4.626,596.79
1786659900000,4.627,4.634,4.627,4.634,1079.36
1786660200000,4.634,4.639,4.632,4.633,1590.62
1786660500000,4.634,4.634,4.632,4.632,83.73
1786660800000,4.633,4.633,4.632,4.633,136.37
1786661100000,4.632,4.634,4.627,4.629,1112.19
1786661400000,4.63,4.634,4.628,4.633,179.23
1786661700000,4.632,4.632,4.626,4.626,195.9
1786662000000,4.625,4.629,4.623,4.625,384.97
1786662300000,4.625,4.631,4.625,4.631,114.78
1786662600000,4.631,4.632,4.631,4.632,97.3
1786662900000,4.63,4.631,4.626,4.627,128.43
1786663200000,4.626,4.628,4.626,4.628,99.07
1786663500000,4.629,4.63,4.628,4.628,172.45
1786663800000,4.628,4.63,4.627,4.628,216.58
1786664100000,4.627,4.627,4.624,4.624,134.46
1786664400000,4.625,4.626,4.624,4.625,80.67
1786664700000,4.624,4.624,4.617,4.617,2595.4
1786665000000,4.618,4.619,4.615,4.615,252.16
1786665300000,4.615,4.615,4.61,4.611,1147.93
1786665600000,4.611,4.615,4.611,4.614,374.38
1786665900000,4.614,4.618,4.608,4.612,1629.7
1786666200000,4.611,4.611,4.608,4.61,726.15
1786666500000,4.609,4.61,4.609,4.61,308.27
1786666800000,4.61,4.613,4.607,4.608,813.46
1786667100000,4.608,4.608,4.596,4.601,1247.7
1786667400000,4.6,4.6,4.594,4.594,584.51
1786667700000,4.594,4.598,4.594,4.597,183.73
1786668000000,4.597,4.6,4.593,4.594,566.44
1786668300000,4.593,4.593,4.585,4.588,956.03
1786668600000,4.587,4.59,4.587,4.587,350.02
1786668900000,4.588,4.592,4.584,4.584,1350.51
1786669200000,4.584,4.589,4.581,4.589,1749.81
1786669500000,4.589,4.591,4.586,4.591,506.42
1786669800000,4.59,4.603,4.59,4.596,1056.88
1786670100000,4.595,4.598,4.59,4.59,1185.03
1786670400000,4.59,4.594,4.59,4.59,539.53
1786670700000,4.59,4.59,4.584,4.585,752.34
1786671000000,4.584,4.586,4.582,4.583,561.44
1786671300000,4.582,4.582,4.579,4.579,534.59
1786671600000,4.58,4.586,4.58,4.586,336.64
1786671900000,4.584,4.584,4.575,4.575,959.6
1786672200000,4.578,4.578,4.57,4.57,683.74
1786672500000,4.57,4.57,4.558,4.564,2224.11
1786672800000,4.563,4.564,4.56,4.562,354.44
1786673100000,4.562,4.567,4.558,4.566,840.2
1786673400000,4.567,4.571,4.563,4.564,1779.49
1786673700000,4.564,4.573,4.564,4.569,2860.97
1786674000000,4.57,4.575,4.56,4.561,1243.22
1786674300000,4.56,4.561,4.556,4.559,939.81
1786674600000,4.56,4.565,4.56,4.564,986.34
1786674900000,4.564,4.567,4.563,4.565,649.38
1786675200000,4.565,4.57,4.565,4.57,131.14
1786675500000,4.571,4.574,4.569,4.574,1579.98
1786675800000,4.574,4.575,4.568,4.568,589.19
1786676100000,4.567,4.567,4.563,4.564,160.19
1786676400000,4.564,4.567,4.562,4.565,863.08
1786676700000,4.565,4.565,4.562,4.563,107.37
1786677000000,4.562,4.562,4.55,4.554,2645.77
1786677300000,4.554,4.563,4.552,4.563,971.79
1786677600000,4.563,4.566,4.558,4.56,1738.11
1786677900000,4.56,4.561,4.55,4.557,760.14
1786678200000,4.556,4.556,4.552,4.552,420.16
1786678500000,4.552,4.552,4.545,4.549,339.15
1786678800000,4.55,4.563,4.55,4.56,4221.59
1786679100000,4.56,4.56,4.542,4.548,2550.38
1786679400000,4.546,4.546,4.539,4.541,2269.73
1786679700000,4.541,4.541,4.531,4.536,1479.15
1786680000000,4.536,4.542,4.527,4.542,1226.81
1786680300000,4.542,4.544,4.541,4.544,1492.82
1786680600000,4.545,4.548,4.536,4.539,1382.84
1786680900000,4.54,4.548,4.54,4.545,629.89
1786681200000,4.545,4.551,4.545,4.548,603.74
1786681500000,4.548,4.554,4.548,4.553,748.17
1786681800000,4.552,4.562,4.552,4.557,1157.71
1786682100000,4.557,4.558,4.552,4.553,270.44
1786682400000,4.554,4.557,4.552,4.552,962.17
1786682700000,4.551,4.551,4.544,4.546,4249.85
1786683000000,4.547,4.548,4.547,4.547,84.46
1786683300000,4.548,4.551,4.544,4.544,408.94
1786683600000,4.544,4.544,4.533,4.534,1972.68
1786683900000,4.535,4.54,4.535,4.537,376.8
1786684200000,4.538,4.549,4.538,4.549,932.12
1786684500000,4.549,4.556,4.549,4.555,649.02
1786684800000,4.554,4.559,4.554,4.555,468.66
1786685100000,4.555,4.576,4.555,4.575,1423.38
1786685400000,4.573,4.582,4.571,4.574,1917.0
1786685700000,4.573,4.573,4.566,4.567,1438.68
1786686000000,4.566,4.569,4.566,4.569,89.87
1786686300000,4.569,4.569,4.567,4.567,85.88
1786686600000,4.567,4.572,4.567,4.572,374.54
1786686900000,4.572,4.574,4.571,4.571,81.97
1786687200000,4.571,4.572,4.563,4.564,326.98
1786687500000,4.565,4.565,4.561,4.561,342.93
1786687800000,4.56,4.56,4.551,4.556,2347.48
1786688100000,4.556,4.556,4.549,4.553,338.14
1786688400000,4.553,4.555,4.552,4.553,451.14
1786688700000,4.553,4.553,4.551,4.551,362.04
1786689000000,4.552,4.559,4.552,4.554,293.69
1786689300000,4.555,4.555,4.551,4.555,200.2
1786689600000,4.556,4.556,4.551,4.551,365.24
1786689900000,4.55,4.554,4.548,4.554,487.6
1786690200000,4.555,4.56,4.551,4.555,1839.21
1786690500000,4.555,4.559,4.554,4.554,752.97
1786690800000,4.553,4.563,4.552,4.563,1027.0
1786691100000,4.563,4.564,4.56,4.56,290.09
1786691400000,4.559,4.564,4.559,4.56,546.76
1786691700000,4.559,4.559,4.548,4.549,846.03
1786692000000,4.55,4.551,4.546,4.546,302.07
1786692300000,4.546,4.546,4.539,4.539,746.38
1786692600000,4.538,4.54,4.525,4.534,1180.4
1786692900000,4.534,4.534,4.524,4.527,1982.87
1786693200000,4.528,4.533,4.517,4.523,5190.31
1786693500000,4.522,4.525,4.518,4.525,1169.39
1786693800000,4.525,4.528,4.511,4.511,2562.75
1786694100000,4.511,4.511,4.491,4.5,16865.55
1786694400000,4.498,4.504,4.496,4.496,1228.62
1786694700000,4.497,4.503,4.493,4.503,658.13
1786695000000,4.504,4.509,4.503,4.504,796.75
1786695300000,4.505,4.509,4.503,4.505,814.22
1786695600000,4.503,4.51,4.503,4.507,1184.56
1786695900000,4.508,4.517,4.508,4.516,1090.36
1786696200000,4.516,4.533,4.508,4.531,7084.42
1786696500000,4.532,4.539,4.531,4.531,2413.06
1786696800000,4.531,4.531,4.52,4.521,1489.22
1786697100000,4.52,4.524,4.518,4.518,468.44
1786697400000,4.517,4.517,4.512,4.514,594.1
1786697700000,4.513,4.517,4.513,4.516,489.97
1786698000000,4.516,4.516,4.51,4.511,964.45
1786698300000,4.511,4.516,4.51,4.51,958.08
1786698600000,4.509,4.532,4.509,4.527,6058.73
1786698900000,4.525,4.528,4.523,4.525,1013.29
1786699200000,4.524,4.524,4.504,4.504,2641.54
1786699500000,4.505,4.508,4.503,4.503,1086.95
1786699800000,4.502,4.503,4.492,4.494,2397.45
1786700100000,4.494,4.495,4.491,4.491,371.9
1786700400000,4.491,4.498,4.491,4.497,535.57
1786700700000,4.498,4.502,4.494,4.494,1306.19
1786701000000,4.494,4.498,4.493,4.495,2113.05
1786701300000,4.494,4.496,4.494,4.496,607.24
1786701600000,4.495,4.499,4.493,4.499,1665.89
1786701900000,4.499,4.501,4.489,4.493,1242.11
1786702200000,4.494,4.496,4.491,4.495,727.68
1786702500000,4.494,4.495,4.491,4.491,2012.16
1786702800000,4.491,4.494,4.491,4.492,1631.77
1786703100000,4.492,4.497,4.491,4.497,567.74
1786703400000,4.497,4.497,4.492,4.496,513.55
1786703700000,4.494,4.496,4.492,4.492,300.48
1786704000000,4.492,4.492,4.491,4.491,1903.32
1786704300000,4.491,4.491,4.487,4.49,1668.88
1786704600000,4.49,4.492,4.488,4.49,478.19
1786704900000,4.49,4.491,4.489,4.489,164.36
1786705200000,4.488,4.488,4.466,4.47,4483.49
1786705500000,4.469,4.469,4.455,4.458,1853.5
1786705800000,4.458,4.464,4.443,4.447,6021.95
1786706100000,4.447,4.45,4.442,4.45,1252.89
1786706400000,4.449,4.449,4.446,4.446,226.89
1786706700000,4.446,4.446,4.408,4.417,8203.06
1786707000000,4.417,4.441,4.414,4.436,14361.07
1786707300000,4.436,4.443,4.431,4.434,2643.03
1786707600000,4.434,4.436,4.429,4.431,990.59
1786707900000,4.432,4.438,4.432,4.436,2108.58
1786708200000,4.434,4.437,4.428,4.435,1442.75
1786708500000,4.434,4.435,4.427,4.428,916.55
1786708800000,4.429,4.431,4.422,4.426,2425.95
1786709100000,4.426,4.428,4.41,4.413,9445.52
1786709400000,4.413,4.423,4.407,4.421,4225.55
1786709700000,4.421,4.422,4.406,4.407,1128.15
1786710000000,4.406,4.408,4.4,4.406,1512.98
1786710300000,4.407,4.411,4.399,4.4,1504.03
1786710600000,4.401,4.411,4.401,4.403,3190.6
1786710900000,4.405,4.428,4.396,4.396,16111.66
1786711200000,4.395,4.4,4.385,4.399,6573.56
1786711500000,4.399,4.399,4.391,4.395,2105.5
1786711800000,4.396,4.399,4.388,4.393,4892.82
1786712100000,4.393,4.4,4.392,4.4,2010.28
1786712400000,4.401,4.41,4.4,4.402,2656.61
1786712700000,4.403,4.407,4.399,4.406,1047.66
1786713000000,4.406,4.414,4.402,4.414,643.31
1786713300000,4.415,4.418,4.406,4.414,1579.36
1786713600000,4.413,4.418,4.411,4.417,91.82
1786713900000,4.417,4.418,4.414,4.416,932.49
1786714200000,4.415,4.419,4.41,4.418,1421.53
1786714500000,4.419,4.422,4.412,4.414,2221.7
1786714800000,4.414,4.423,4.414,4.417,1127.86
1786715100000,4.416,4.416,4.411,4.412,835.01
1786715400000,4.412,4.418,4.412,4.416,2157.23
1786715700000,4.416,4.421,4.412,4.417,1994.31
1786716000000,4.417,4.426,4.416,4.416,956.33
1786716300000,4.416,4.419,4.415,4.419,605.13
1786716600000,4.419,4.422,4.414,4.414,496.55
1786716900000,4.415,4.415,4.408,4.41,3743.75
1786717200000,4.411,4.414,4.409,4.409,2561.91
1786717500000,4.408,4.413,4.406,4.411,723.23
1786717800000,4.412,4.414,4.412,4.412,449.72
1786718100000,4.413,4.414,4.409,4.414,709.65
1786718400000,4.414,4.415,4.412,4.414,673.96
1786718700000,4.414,4.426,4.414,4.416,1403.01
1786719000000,4.416,4.417,4.358,4.362,19270.69
1786719300000,4.361,4.362,4.218,4.233,115869.57
1786719600000,4.232,4.258,4.192,4.218,39364.4
1786719900000,4.219,4.228,4.185,4.19,25986.19
1786720200000,4.19,4.192,4.161,4.177,22264.89
1786720500000,4.177,4.191,4.16,4.166,12964.38
1786720800000,4.166,4.183,4.16,4.182,11113.24
1786721100000,4.18,4.202,4.171,4.2,18467.6
1786721400000,4.201,4.239,4.185,4.237,47239.0
1786721700000,4.236,4.282,4.233,4.262,119686.78
1786722000000,4.262,4.262,4.231,4.236,13923.73
1786722300000,4.237,4.352,4.234,4.242,55415.62
1786722600000,4.241,4.26,4.226,4.247,27335.29
1786722900000,4.246,4.247,4.222,4.227,6875.94
1786723200000,4.228,4.254,4.222,4.228,41725.0
1786723500000,4.227,4.26,4.222,4.223,24100.33
1786723800000,4.223,4.26,4.22,4.254,36171.81
1786724100000,4.254,4.258,4.222,4.247,36270.47
1786724400000,4.247,4.269,4.242,4.246,13083.38
1786724700000,4.246,4.287,4.243,4.282,6062.59
1786725000000,4.282,4.301,4.278,4.281,9523.31
1786725300000,4.281,4.288,4.272,4.278,4160.01
1786725600000,4.278,4.291,4.278,4.291,4431.93
1786725900000,4.292,4.307,4.277,4.282,13526.81
1786726200000,4.282,4.287,4.27,4.274,2969.01
1786726500000,4.275,4.298,4.275,4.291,1923.56
1786726800000,4.291,4.307,4.29,4.305,3410.87
1786727100000,4.304,4.323,4.303,4.312,11455.67
1786727400000,4.313,4.323,4.306,4.314,4164.71
1786727700000,4.313,4.323,4.309,4.318,3875.25
1786728000000,4.317,4.332,4.316,4.328,8114.44
1786728300000,4.328,4.329,4.298,4.305,11207.0
1786728600000,4.305,4.306,4.288,4.288,3846.79
1786728900000,4.288,4.29,4.269,4.278,24204.1
1786729200000,4.278,4.289,4.272,4.28,4035.63
1786729500000,4.281,4.29,4.276,4.287,7869.2
1786729800000,4.286,4.289,4.261,4.282,32092.63
1786730100000,4.282,4.295,4.274,4.293,4818.05
1786730400000,4.294,4.31,4.294,4.306,6523.58
1786730700000,4.307,4.32,4.299,4.315,11124.88
1786731000000,4.315,4.32,4.294,4.305,3774.14
1786731300000,4.305,4.322,4.304,4.322,7970.91
1786731600000,4.321,4.333,4.312,4.331,11398.36
1786731900000,4.33,4.342,4.323,4.342,14100.12
1786732200000,4.342,4.354,4.321,4.321,14202.66
1786732500000,4.321,4.325,4.297,4.302,11835.76
1786732800000,4.303,4.319,4.301,4.316,2061.45
1786733100000,4.315,4.321,4.27,4.278,31574.09
1786733400000,4.279,4.28,4.22,4.268,173340.13
1786733700000,4.268,4.269,4.262,4.263,2235.94
1786734000000,4.263,4.263,4.249,4.25,2145.85
1786734300000,4.249,4.254,4.246,4.254,1496.92
1786734600000,4.254,4.254,4.246,4.247,2540.17
1786734900000,4.246,4.284,4.246,4.283,3947.4
1786735200000,4.284,4.293,4.284,4.292,2703.74
1786735500000,4.293,4.295,4.284,4.286,4877.68
1786735800000,4.285,4.288,4.277,4.281,3219.46
1786736100000,4.28,4.289,4.279,4.289,1480.14
1786736400000,4.288,4.296,4.281,4.285,11539.89
1786736700000,4.285,4.295,4.285,4.295,1193.56
1786737000000,4.295,4.297,4.292,4.292,798.75
1786737300000,4.291,4.292,4.29,4.29,856.05
1786737600000,4.291,4.297,4.29,4.297,621.6
1786737900000,4.298,4.3,4.297,4.3,973.45
1786738200000,4.299,4.299,4.293,4.293,3160.56
1786738500000,4.292,4.293,4.288,4.288,997.16
1786738800000,4.289,4.302,4.289,4.292,4324.77
1786739100000,4.293,4.301,4.289,4.298,1968.96
1786739400000,4.298,4.3,4.293,4.293,346.77
1786739700000,4.293,4.298,4.291,4.296,387.77
1786740000000,4.296,4.296,4.289,4.289,207.6
1786740300000,4.288,4.289,4.279,4.281,698.99
1786740600000,4.281,4.281,4.273,4.273,1228.41
1786740900000,4.272,4.272,4.267,4.268,737.71
1786741200000,4.268,4.274,4.263,4.273,1727.67
1786741500000,4.272,4.272,4.259,4.262,980.79
1786741800000,4.262,4.269,4.259,4.26,1204.75
1786742100000,4.259,4.259,4.249,4.249,762.98
1786742400000,4.249,4.249,4.244,4.244,287.11
1786742700000,4.244,4.247,4.244,4.246,465.63
1786743000000,4.247,4.251,4.245,4.249,1000.96
1786743300000,4.25,4.25,4.238,4.238,3683.78
1786743600000,4.239,4.245,4.237,4.241,2729.03
1786743900000,4.239,4.24,4.234,4.236,1343.23
1786744200000,4.237,4.237,4.229,4.231,1071.04
1786744500000,4.231,4.231,4.226,4.23,431.55
1786744800000,4.23,4.232,4.228,4.232,1415.41
1786745100000,4.232,4.233,4.22,4.223,1315.47
1786745400000,4.223,4.223,4.213,4.213,3928.16
1786745700000,4.212,4.216,4.207,4.216,1308.5
1786746000000,4.215,4.219,4.206,4.216,5020.57
1786746300000,4.215,4.219,4.212,4.216,2352.05
1786746600000,4.216,4.217,4.211,4.216,731.4
1786746900000,4.215,4.219,4.212,4.214,1183.21
1786747200000,4.215,4.218,4.213,4.214,1419.93
1786747500000,4.214,4.216,4.213,4.213,333.38
1786747800000,4.213,4.213,4.206,4.208,596.47
1786748100000,4.209,4.214,4.2,4.214,1411.11
1786748400000,4.214,4.221,4.21,4.218,3313.15
1786748700000,4.219,4.225,4.218,4.219,2971.58
1786749000000,4.219,4.231,4.217,4.227,2735.77
1786749300000,4.227,4.229,4.215,4.215,1301.39
1786749600000,4.217,4.237,4.217,4.237,936.55
1786749900000,4.236,4.256,4.234,4.255,2581.66
1786750200000,4.255,4.255,4.241,4.242,4089.65
1786750500000,4.242,4.257,4.241,4.254,1423.11
1786750800000,4.255,4.271,4.255,4.271,4056.78
1786751100000,4.271,4.279,4.264,4.278,3669.59
1786751400000,4.28,4.286,4.271,4.271,2229.13
1786751700000,4.27,4.279,4.267,4.276,922.81
1786752000000,4.275,4.284,4.27,4.283,4706.22
1786752300000,4.283,4.286,4.281,4.282,831.34
1786752600000,4.282,4.292,4.282,4.287,1250.13
1786752900000,4.286,4.286,4.273,4.275,812.91
1786753200000,4.276,4.281,4.276,4.281,598.99
1786753500000,4.281,4.29,4.278,4.287,1242.33
1786753800000,4.288,4.288,4.281,4.282,2473.88
1786754100000,4.283,4.287,4.277,4.278,1740.2
1786754400000,4.279,4.283,4.275,4.275,1112.49
1786754700000,4.275,4.282,4.275,4.277,407.1
1786755000000,4.277,4.28,4.271,4.274,355.47
1786755300000,4.273,4.276,4.272,4.272,419.1
1786755600000,4.272,4.279,4.27,4.274,2176.7
1786755900000,4.273,4.273,4.263,4.264,572.26
1786756200000,4.263,4.263,4.256,4.262,650.15
1786756500000,4.262,4.262,4.248,4.248,2024.32
1786756800000,4.248,4.249,4.242,4.246,892.65
1786757100000,4.246,4.259,4.246,4.259,1275.13
1786757400000,4.258,4.258,4.251,4.253,277.89
1786757700000,4.253,4.253,4.248,4.252,166.78
1786758000000,4.251,4.251,4.243,4.246,734.21
1786758300000,4.245,4.259,4.243,4.253,1357.78
1786758600000,4.254,4.255,4.246,4.248,336.97
1786758900000,4.247,4.251,4.245,4.251,308.75
1786759200000,4.252,4.259,4.25,4.259,867.11
1786759500000,4.26,4.263,4.242,4.243,974.0
1786759800000,4.244,4.244,4.24,4.242,354.61
1786760100000,4.243,4.251,4.242,4.249,1262.37
1786760400000,4.248,4.25,4.243,4.244,1766.23
1786760700000,4.245,4.246,4.243,4.243,233.6
1786761000000,4.243,4.255,4.242,4.248,2552.47
1786761300000,4.248,4.248,4.242,4.244,567.13
1786761600000,4.244,4.249,4.243,4.246,590.05
1786761900000,4.245,4.25,4.242,4.247,1009.96
1786762200000,4.245,4.245,4.236,4.245,3977.31
1786762500000,4.244,4.249,4.239,4.247,1060.48
1786762800000,4.248,4.254,4.248,4.254,497.55
1786763100000,4.254,4.263,4.254,4.263,2026.78
1786763400000,4.263,4.263,4.249,4.249,788.21
1786763700000,4.249,4.254,4.249,4.251,545.75
1786764000000,4.251,4.251,4.245,4.247,1856.48
1786764300000,4.247,4.248,4.23,4.233,1930.67
1786764600000,4.233,4.237,4.229,4.235,835.9
1786764900000,4.236,4.237,4.23,4.233,1123.75
1786765200000,4.234,4.239,4.234,4.238,672.46
1786765500000,4.238,4.241,4.238,4.241,109.85
1786765800000,4.24,4.242,4.238,4.24,1996.47
1786766100000,4.24,4.245,4.238,4.241,1624.8
1786766400000,4.242,4.248,4.242,4.248,730.97
1786766700000,4.247,4.247,4.239,4.243,1013.58
1786767000000,4.243,4.251,4.242,4.247,1801.61
1786767300000,4.248,4.25,4.241,4.242,1850.38
1786767600000,4.242,4.244,4.236,4.242,2174.49
1786767900000,4.243,4.25,4.243,4.246,1868.68
1786768200000,4.246,4.247,4.236,4.237,576.45
1786768500000,4.238,4.239,4.236,4.237,394.16
1786768800000,4.238,4.248,4.238,4.247,4829.56
1786769100000,4.248,4.248,4.236,4.237,1695.36
1786769400000,4.237,4.238,4.23,4.23,1065.92
1786769700000,4.231,4.233,4.23,4.231,945.9
1786770000000,4.231,4.232,4.22,4.222,2678.89
1786770300000,4.221,4.227,4.221,4.222,954.51
1786770600000,4.222,4.225,4.219,4.222,1995.48
1786770900000,4.221,4.222,4.216,4.222,3218.4
1786771200000,4.222,4.223,4.219,4.221,2662.44
1786771500000,4.222,4.222,4.211,4.212,2503.42
1786771800000,4.211,4.212,4.206,4.211,7111.72
1786772100000,4.21,4.211,4.205,4.211,880.11
1786772400000,4.211,4.222,4.208,4.217,1242.82
1786772700000,4.217,4.223,4.214,4.216,1462.99
1786773000000,4.216,4.222,4.214,4.214,1260.19
1786773300000,4.213,4.218,4.211,4.215,591.89
1786773600000,4.216,4.218,4.214,4.218,687.47
1786773900000,4.217,4.217,4.209,4.21,669.78
1786774200000,4.211,4.213,4.201,4.202,7651.5
1786774500000,4.203,4.208,4.202,4.208,183.05
1786774800000,4.207,4.21,4.204,4.209,4340.4
1786775100000,4.209,4.209,4.189,4.19,5981.42
1786775400000,4.19,4.192,4.181,4.188,7635.37
1786775700000,4.188,4.188,4.181,4.185,1546.68
1786776000000,4.186,4.189,4.183,4.186,1000.98
1786776300000,4.186,4.19,4.186,4.19,1723.61
1786776600000,4.191,4.197,4.191,4.194,2648.85
1786776900000,4.194,4.194,4.189,4.192,1058.24
1786777200000,4.192,4.198,4.191,4.193,2137.55
1786777500000,4.193,4.194,4.182,4.188,8137.81
1786777800000,4.188,4.189,4.181,4.188,3708.05
1786778100000,4.189,4.195,4.188,4.191,3568.05
1786778400000,4.191,4.199,4.19,4.194,1354.81
1786778700000,4.194,4.198,4.193,4.198,655.58
1786779000000,4.199,4.203,4.194,4.195,3200.37
1786779300000,4.195,4.203,4.188,4.188,5731.25
1786779600000,4.189,4.189,4.178,4.182,3471.77
1786779900000,4.181,4.187,4.177,4.178,2388.73
1786780200000,4.178,4.187,4.168,4.184,4023.48
1786780500000,4.185,4.189,4.183,4.186,1049.09
1786780800000,4.187,4.191,4.167,4.183,25075.24
1786781100000,4.183,4.197,4.182,4.195,2463.94
1786781400000,4.194,4.2,4.188,4.2,2561.77
1786781700000,4.2,4.21,4.195,4.208,1957.65
1786782000000,4.208,4.213,4.2,4.212,2167.36
1786782300000,4.212,4.218,4.209,4.209,5986.45
1786782600000,4.209,4.209,4.196,4.196,2672.24
1786782900000,4.195,4.197,4.19,4.196,1155.43
1786783200000,4.196,4.199,4.194,4.197,699.1
1786783500000,4.196,4.197,4.194,4.194,471.46
1786783800000,4.194,4.196,4.188,4.19,1012.12
1786784100000,4.191,4.194,4.19,4.192,556.83
1786784400000,4.192,4.192,4.185,4.186,2239.11
1786784700000,4.186,4.187,4.184,4.187,118.05
1786785000000,4.188,4.193,4.188,4.191,405.52
1786785300000,4.191,4.192,4.188,4.192,738.39
1786785600000,4.191,4.192,4.19,4.191,144.06
1786785900000,4.192,4.193,4.184,4.186,709.91
1786786200000,4.187,4.194,4.187,4.191,1387.77
1786786500000,4.191,4.198,4.19,4.196,1081.32
1786786800000,4.196,4.198,4.194,4.198,3235.9
1786787100000,4.197,4.197,4.19,4.19,306.51
1786787400000,4.19,4.196,4.19,4.191,652.39
1786787700000,4.191,4.192,4.189,4.191,289.56
1786788000000,4.192,4.193,4.187,4.19,699.09
1786788300000,4.19,4.19,4.186,4.187,523.0
1786788600000,4.186,4.194,4.181,4.194,3862.35
1786788900000,4.193,4.202,4.192,4.202,1170.99
1786789200000,4.203,4.206,4.203,4.204,524.78
1786789500000,4.205,4.209,4.204,4.206,860.01
1786789800000,4.207,4.207,4.2,4.204,1167.75
1786790100000,4.204,4.204,4.202,4.203,454.37
1786790400000,4.202,4.21,4.2,4.208,972.47
1786790700000,4.207,4.208,4.203,4.205,687.13
1786791000000,4.205,4.207,4.203,4.204,299.04
1786791300000,4.205,4.205,4.193,4.204,5541.49
1786791600000,4.203,4.209,4.195,4.196,1772.62
1786791900000,4.197,4.197,4.188,4.188,1535.81
1786792200000,4.188,4.191,4.184,4.191,1287.48
1786792500000,4.192,4.193,4.192,4.192,128.12
1787184000000,4.581,4.594,4.578,4.591,6167.99
1787184300000,4.592,4.593,4.58,4.58,2131.77
1787184600000,4.58,4.585,4.551,4.553,7526.12
1787184900000,4.552,4.556,4.542,4.553,7839.28
1787185200000,4.553,4.576,4.546,4.57,8412.41
1787185500000,4.57,4.585,4.561,4.581,5021.4
1787185800000,4.582,4.609,4.582,4.606,7945.56
1787186100000,4.605,4.608,4.597,4.604,2425.65
1787186400000,4.605,4.619,4.605,4.619,1906.26
1787186700000,4.617,4.636,4.614,4.634,4374.5
1787187000000,4.633,4.641,4.624,4.628,4103.4
1787187300000,4.627,4.637,4.618,4.633,3380.58
1787187600000,4.632,4.634,4.614,4.614,2804.31
1787187900000,4.613,4.618,4.599,4.603,3546.38
1787188200000,4.603,4.61,4.599,4.609,1670.8
1787188500000,4.609,4.62,4.602,4.62,3217.26
1787188800000,4.62,4.63,4.618,4.63,2346.26
1787189100000,4.63,4.656,4.629,4.654,3662.23
1787189400000,4.654,4.655,4.633,4.651,2616.46
1787189700000,4.65,4.65,4.634,4.638,5089.71
1787190000000,4.639,4.66,4.637,4.658,2271.54
1787190300000,4.658,4.66,4.642,4.645,1984.38
1787190600000,4.645,4.659,4.637,4.646,14440.12
1787190900000,4.646,4.649,4.623,4.625,3010.36
1787191200000,4.625,4.668,4.625,4.658,3426.49
1787191500000,4.658,4.665,4.647,4.657,2104.69
1787191800000,4.658,4.658,4.625,4.625,3313.58
1787192100000,4.625,4.643,4.617,4.639,3742.65
1787192400000,4.638,4.639,4.624,4.626,1777.74
1787192700000,4.627,4.628,4.61,4.616,7035.52
1787193000000,4.616,4.622,4.608,4.613,4555.34
1787193300000,4.612,4.612,4.597,4.598,2404.33
1787193600000,4.599,4.626,4.598,4.626,2428.68
1787193900000,4.626,4.626,4.6,4.6,6901.52
1787194200000,4.599,4.629,4.593,4.612,5186.87
1787194500000,4.612,4.621,4.606,4.608,1900.59
1787194800000,4.608,4.608,4.567,4.574,6266.88
1787195100000,4.574,4.579,4.563,4.575,10387.57
1787195400000,4.576,4.585,4.556,4.563,5674.8
1787195700000,4.562,4.572,4.555,4.567,11257.73
1787196000000,4.568,4.581,4.568,4.571,8131.23
1787196300000,4.571,4.575,4.562,4.572,5528.78
1787196600000,4.573,4.589,4.571,4.578,8147.2
1787196900000,4.578,4.594,4.576,4.584,6557.22
1787197200000,4.586,4.601,4.584,4.601,1996.07
1787197500000,4.601,4.611,4.601,4.61,2259.8
1787197800000,4.611,4.612,4.605,4.612,699.61
1787198100000,4.613,4.616,4.606,4.613,1383.67
1787198400000,4.613,4.617,4.606,4.608,2630.16
1787198700000,4.608,4.626,4.605,4.626,2053.78
1787199000000,4.627,4.635,4.621,4.635,1920.4
1787199300000,4.634,4.65,4.634,4.643,1995.12
1787199600000,4.644,4.645,4.628,4.638,2561.62
1787199900000,4.64,4.648,4.638,4.648,982.7
1787200200000,4.647,4.647,4.639,4.642,1432.53
1787200500000,4.642,4.648,4.641,4.648,1256.27
1787200800000,4.647,4.658,4.642,4.646,3873.08
1787201100000,4.645,4.672,4.641,4.671,6801.41
1787201400000,4.67,4.689,4.667,4.684,5970.31
1787201700000,4.685,4.689,4.664,4.665,2288.88
1787202000000,4.666,4.686,4.661,4.686,2242.94
1787202300000,4.686,4.691,4.679,4.679,7236.35
1787202600000,4.678,4.687,4.67,4.683,3136.28
1787202900000,4.683,4.691,4.676,4.676,2020.81
1787203200000,4.676,4.685,4.668,4.675,1176.66
1787203500000,4.675,4.682,4.673,4.674,1104.08
1787203800000,4.673,4.678,4.661,4.663,1633.31
1787204100000,4.664,4.683,4.663,4.673,6821.42
1787204400000,4.673,4.681,4.666,4.667,2584.19
1787204700000,4.668,4.67,4.653,4.653,1686.45
1787205000000,4.654,4.661,4.649,4.657,2121.78
1787205300000,4.656,4.668,4.656,4.667,1351.2
1787205600000,4.665,4.668,4.646,4.646,3518.64
1787205900000,4.646,4.656,4.644,4.649,4357.63
1787206200000,4.65,4.655,4.641,4.645,2439.12
1787206500000,4.644,4.655,4.642,4.655,1104.02
1787206800000,4.654,4.654,4.648,4.652,803.54
1787207100000,4.651,4.652,4.639,4.642,807.64
1787207400000,4.64,4.64,4.627,4.637,4409.86
1787207700000,4.636,4.646,4.632,4.636,1996.58
1787208000000,4.636,4.671,4.634,4.66,38171.69
1787208300000,4.66,4.66,4.65,4.656,482.93
1787208600000,4.657,4.661,4.651,4.655,2742.57
1787208900000,4.654,4.654,4.642,4.643,2696.63
1787209200000,4.643,4.653,4.637,4.639,3499.01
1787209500000,4.639,4.647,4.638,4.644,1656.04
1787209800000,4.646,4.649,4.641,4.642,683.89
1787210100000,4.641,4.644,4.631,4.632,1613.65
1787210400000,4.632,4.637,4.623,4.625,869.04
1787210700000,4.625,4.63,4.614,4.616,1426.32
1787211000000,4.616,4.616,4.601,4.606,1653.42
1787211300000,4.606,4.618,4.601,4.61,1458.26
1787211600000,4.611,4.624,4.61,4.615,851.76
1787211900000,4.614,4.622,4.611,4.622,604.25
1787212200000,4.622,4.631,4.62,4.63,907.63
1787212500000,4.631,4.632,4.618,4.623,5587.4
1787212800000,4.623,4.636,4.621,4.633,831.54
1787213100000,4.633,4.669,4.632,4.667,4856.59
1787213400000,4.667,4.692,4.665,4.688,3877.63
1787213700000,4.688,4.734,4.681,4.719,14643.78
1787214000000,4.718,4.718,4.682,4.688,2902.29
1787214300000,4.687,4.706,4.687,4.704,3126.48
1787214600000,4.704,4.721,4.7,4.714,7296.57
1787214900000,4.715,4.76,4.715,4.743,10922.27
1787215200000,4.743,4.748,4.73,4.734,2951.9
1787215500000,4.733,4.751,4.721,4.75,11872.31
1787215800000,4.747,4.76,4.746,4.76,2075.81
1787216100000,4.76,4.774,4.754,4.766,7333.55
1787216400000,4.766,4.782,4.757,4.779,4202.12
1787216700000,4.779,4.791,4.77,4.788,8192.02
1787217000000,4.788,4.791,4.775,4.788,8460.27
1787217300000,4.787,4.793,4.78,4.784,3260.64
1787217600000,4.784,4.799,4.774,4.796,5683.11
1787217900000,4.795,4.807,4.773,4.774,6192.89
1787218200000,4.775,4.807,4.771,4.8,4176.47
1787218500000,4.798,4.828,4.798,4.815,5778.35
1787218800000,4.816,4.824,4.805,4.805,5808.06
1787219100000,4.804,4.808,4.786,4.787,2990.34
1787219400000,4.786,4.794,4.774,4.774,4233.74
1787219700000,4.775,4.786,4.767,4.774,3058.6
1787220000000,4.773,4.802,4.773,4.789,4739.32
1787220300000,4.79,4.817,4.79,4.809,6003.07
1787220600000,4.808,4.828,4.807,4.819,5863.01
1787220900000,4.818,4.835,4.817,4.833,4015.84
1787221200000,4.834,4.84,4.818,4.835,11139.83
1787221500000,4.834,4.864,4.824,4.836,20398.89
1787221800000,4.836,4.862,4.828,4.844,6375.89
1787222100000,4.845,4.86,4.841,4.855,1814.78
1787222400000,4.855,4.859,4.85,4.858,4031.75
1787222700000,4.857,4.877,4.855,4.868,11338.41
1787223000000,4.868,4.871,4.86,4.866,1249.83
1787223300000,4.866,4.885,4.863,4.874,11307.05
1787223600000,4.874,4.885,4.863,4.878,5104.85
1787223900000,4.878,4.879,4.864,4.864,1878.25
1787224200000,4.864,4.89,4.864,4.887,9366.48
1787224500000,4.886,4.887,4.874,4.876,4017.32
1787224800000,4.876,4.876,4.846,4.864,11935.76
1787225100000,4.864,4.871,4.835,4.84,8406.72
1787225400000,4.839,4.875,4.828,4.864,12436.47
1787225700000,4.865,4.871,4.856,4.862,5578.6
1787226000000,4.862,4.87,4.858,4.864,5801.93
1787226300000,4.863,4.871,4.842,4.859,10095.09
1787226600000,4.86,4.893,4.857,4.879,26021.1
1787226900000,4.879,4.882,4.864,4.865,11855.0
1787227200000,4.864,4.884,4.863,4.883,12208.45
1787227500000,4.884,4.884,4.827,4.837,51958.74
1787227800000,4.838,4.866,4.837,4.865,11698.48
1787228100000,4.865,4.882,4.857,4.88,10116.26
1787228400000,4.88,4.887,4.856,4.869,24435.4
1787228700000,4.869,4.869,4.813,4.84,29960.93
1787229000000,4.841,4.859,4.814,4.822,26170.36
1787229300000,4.822,4.828,4.801,4.808,21516.87
1787229600000,4.809,4.813,4.759,4.777,61751.99
1787229900000,4.775,4.777,4.757,4.765,10797.95
1787230200000,4.765,4.796,4.717,4.738,79857.53
1787230500000,4.738,4.77,4.709,4.762,36950.34
1787230800000,4.762,4.788,4.732,4.787,19850.71
1787231100000,4.787,4.811,4.775,4.775,12598.85
1787231400000,4.774,4.774,4.754,4.755,8230.25
1787231700000,4.753,4.758,4.741,4.752,8378.94
1787232000000,4.753,4.8,4.741,4.794,20850.36
1787232300000,4.795,4.835,4.786,4.816,19365.72
1787232600000,4.815,4.822,4.793,4.803,8017.35
1787232900000,4.804,4.808,4.77,4.774,10268.7
1787233200000,4.775,4.799,4.775,4.796,13222.15
1787233500000,4.795,4.797,4.779,4.781,10512.5
1787233800000,4.781,4.79,4.774,4.781,7365.56
1787234100000,4.781,4.787,4.746,4.746,10264.45
1787234400000,4.747,4.755,4.732,4.752,11450.88
1787234700000,4.751,4.752,4.734,4.735,9821.95
1787235000000,4.736,4.75,4.736,4.743,6665.98
1787235300000,4.743,4.759,4.725,4.749,11542.52
1787235600000,4.75,4.75,4.708,4.718,24168.58
1787235900000,4.719,4.727,4.701,4.704,10228.32
1787236200000,4.705,4.722,4.702,4.717,9258.7
1787236500000,4.716,4.723,4.712,4.717,4982.29
1787236800000,4.716,4.718,4.711,4.713,5789.4
1787237100000,4.712,4.718,4.701,4.709,8302.55
1787237400000,4.708,4.715,4.637,4.715,51812.85
1787237700000,4.716,4.718,4.7,4.716,8749.76
1787238000000,4.715,4.76,4.71,4.758,15020.03
1787238300000,4.759,4.772,4.755,4.756,18401.95
1787238600000,4.756,4.756,4.739,4.745,6804.42
1787238900000,4.744,4.766,4.741,4.766,9004.09
1787239200000,4.766,4.778,4.747,4.752,12470.83
1787239500000,4.752,4.767,4.743,4.767,9266.56
1787239800000,4.766,4.776,4.754,4.773,8918.46
1787240100000,4.772,4.773,4.739,4.748,11875.62
1787240400000,4.747,4.749,4.74,4.745,5782.65
1787240700000,4.744,4.754,4.737,4.754,8851.51
1787241000000,4.754,4.763,4.751,4.756,7000.36
1787241300000,4.755,4.761,4.746,4.76,9490.98
1787241600000,4.76,4.76,4.741,4.741,6081.98
1787241900000,4.741,4.75,4.74,4.748,8277.5
1787242200000,4.748,4.749,4.728,4.729,6229.18
1787242500000,4.729,4.736,4.72,4.735,11587.78
1787242800000,4.735,4.77,4.734,4.762,13620.95
1787243100000,4.763,4.765,4.736,4.753,9924.92
1787243400000,4.753,4.753,4.732,4.737,7332.53
1787243700000,4.737,4.738,4.712,4.735,14639.95
1787244000000,4.735,4.76,4.727,4.76,12828.03
1787244300000,4.759,4.761,4.75,4.755,7554.06
1787244600000,4.754,4.759,4.747,4.759,9581.79
1787244900000,4.758,4.773,4.753,4.772,16232.55
1787245200000,4.772,4.778,4.766,4.767,8389.88
1787245500000,4.768,4.779,4.761,4.773,6511.91
1787245800000,4.773,4.78,4.766,4.779,5687.47
1787246100000,4.779,4.78,4.76,4.764,8095.68
1787246400000,4.761,4.762,4.748,4.757,7705.52
1787246700000,4.759,4.769,4.759,4.763,4385.01
1787247000000,4.763,4.763,4.75,4.756,3620.85
1787247300000,4.756,4.767,4.756,4.766,2155.4
1787247600000,4.765,4.77,4.759,4.763,2059.83
1787247900000,4.763,4.777,4.754,4.762,11489.9
1787248200000,4.763,4.769,4.757,4.759,2179.42
1787248500000,4.759,4.763,4.746,4.75,1270.36
1787248800000,4.751,4.754,4.729,4.731,2374.3
1787249100000,4.731,4.731,4.707,4.716,15293.35
1787249400000,4.718,4.722,4.708,4.721,5207.63
1787249700000,4.721,4.721,4.71,4.715,1026.16
1787250000000,4.716,4.723,4.716,4.72,1235.45
1787250300000,4.721,4.722,4.707,4.71,1470.36
1787250600000,4.71,4.712,4.688,4.692,14671.15
1787250900000,4.693,4.703,4.692,4.693,1580.71
1787251200000,4.693,4.695,4.689,4.693,5541.05
1787251500000,4.693,4.711,4.689,4.7,2686.21
1787251800000,4.7,4.703,4.699,4.7,341.15
1787252100000,4.699,4.707,4.699,4.703,1218.74
1787252400000,4.702,4.725,4.696,4.725,4705.81
1787252700000,4.724,4.742,4.722,4.736,4582.67
1787253000000,4.737,4.738,4.719,4.726,4593.52
1787253300000,4.727,4.759,4.727,4.741,5505.22
1787253600000,4.741,4.751,4.735,4.75,987.3
1787253900000,4.749,4.75,4.739,4.74,1754.31
1787254200000,4.74,4.74,4.72,4.721,1084.22
1787254500000,4.722,4.728,4.716,4.727,3809.12
1787254800000,4.727,4.73,4.715,4.715,6237.98
1787255100000,4.716,4.722,4.708,4.715,3560.95
1787255400000,4.715,4.725,4.714,4.718,2231.45
1787255700000,4.718,4.72,4.712,4.716,2338.12
1787256000000,4.716,4.733,4.707,4.733,2558.23
1787256300000,4.734,4.772,4.734,4.771,21722.58
1787256600000,4.77,4.771,4.754,4.754,4099.07
1787256900000,4.754,4.762,4.754,4.76,2345.84
1787257200000,4.76,4.764,4.76,4.762,289.46
1787257500000,4.762,4.772,4.76,4.765,4757.69
1787257800000,4.765,4.768,4.764,4.767,423.07
1787258100000,4.767,4.769,4.76,4.76,434.17
1787258400000,4.759,4.764,4.757,4.764,881.78
1787258700000,4.765,4.775,4.765,4.773,3840.2
1787259000000,4.772,4.772,4.746,4.759,8242.45
1787259300000,4.76,4.769,4.742,4.762,6754.79
1787259600000,4.762,4.77,4.76,4.764,2560.87
1787259900000,4.764,4.767,4.76,4.767,1087.33
1787260200000,4.768,4.774,4.766,4.767,4620.22
1787260500000,4.767,4.779,4.759,4.76,18538.79
1787260800000,4.759,4.759,4.744,4.751,2846.64
1787261100000,4.752,4.759,4.752,4.759,667.97
1787261400000,4.758,4.782,4.756,4.773,5502.82
1787261700000,4.774,4.782,4.77,4.77,7140.75
1787262000000,4.77,4.775,4.768,4.774,3633.39
1787262300000,4.774,4.774,4.749,4.753,20978.55
1787262600000,4.753,4.759,4.736,4.759,11510.51
1787262900000,4.758,4.761,4.755,4.759,1419.82
1787263200000,4.761,4.771,4.751,4.756,4560.04
1787263500000,4.756,4.773,4.756,4.77,6602.65
1787263800000,4.77,4.775,4.769,4.771,9878.83
1787264100000,4.772,4.777,4.765,4.767,6052.09
1787264400000,4.768,4.773,4.768,4.772,2964.52
1787264700000,4.773,4.774,4.765,4.765,769.23
1787265000000,4.765,4.771,4.76,4.766,3297.32
1787265300000,4.766,4.77,4.764,4.769,3912.05
1787265600000,4.769,4.769,4.758,4.764,1431.69
1787265900000,4.764,4.766,4.756,4.765,1801.51
1787266200000,4.765,4.77,4.761,4.765,1982.24
1787266500000,4.765,4.767,4.758,4.758,1200.06
1787266800000,4.759,4.768,4.759,4.767,2346.43
1787267100000,4.767,4.767,4.757,4.763,1055.14
1787267400000,4.763,4.768,4.762,4.762,1678.28
1787267700000,4.762,4.767,4.761,4.767,764.08
1787268000000,4.766,4.766,4.76,4.76,1254.96
1787268300000,4.76,4.772,4.743,4.769,22338.08
1787268600000,4.769,4.771,4.763,4.763,2238.15
1787268900000,4.762,4.765,4.757,4.759,1944.77
1787269200000,4.759,4.764,4.758,4.763,1512.72
1787269500000,4.763,4.767,4.757,4.76,2974.71
1787269800000,4.76,4.783,4.76,4.775,27681.43
1787270100000,4.775,4.776,4.771,4.771,1991.03
1787270400000,4.771,4.773,4.763,4.763,2452.0
1787270700000,4.762,4.773,4.76,4.766,1717.38
1787271000000,4.767,4.772,4.765,4.772,890.13
1787271300000,4.772,4.782,4.766,4.768,7862.6
1787271600000,4.767,4.771,4.761,4.767,2231.97
1787271900000,4.767,4.767,4.757,4.757,1305.46
1787272200000,4.757,4.763,4.75,4.753,2794.86
1787272500000,4.753,4.754,4.73,4.734,3103.22
1787272800000,4.733,4.737,4.727,4.733,2308.41
1787273100000,4.732,4.74,4.73,4.739,631.82
1787273400000,4.738,4.757,4.737,4.746,3294.69
1787273700000,4.745,4.754,4.745,4.754,1592.2
1787274000000,4.754,4.76,4.75,4.758,1402.35
1787274300000,4.758,4.768,4.758,4.762,1619.5
1787274600000,4.762,4.772,4.762,4.769,777.5
1787274900000,4.769,4.784,4.765,4.765,19195.95
1787275200000,4.765,4.766,4.74,4.747,7071.65
1787275500000,4.747,4.749,4.739,4.742,882.98
1787275800000,4.742,4.75,4.739,4.749,7170.65
1787276100000,4.749,4.749,4.731,4.733,3046.18
1787276400000,4.734,4.752,4.734,4.75,1371.61
1787276700000,4.75,4.777,4.742,4.773,13970.48
1787277000000,4.773,4.774,4.765,4.773,5168.18
1787277300000,4.772,4.773,4.765,4.77,3333.32
1787277600000,4.769,4.774,4.764,4.773,3814.47
1787277900000,4.773,4.783,4.767,4.769,14473.6
1787278200000,4.768,4.768,4.753,4.764,7322.15
1787278500000,4.765,4.77,4.758,4.767,2756.1
1787278800000,4.768,4.779,4.765,4.768,5628.27
1787279100000,4.768,4.775,4.768,4.772,7737.25
1787279400000,4.771,4.779,4.757,4.758,11711.78
1787279700000,4.759,4.767,4.753,4.767,1010.31
1787280000000,4.768,4.772,4.764,4.765,1842.89
1787280300000,4.764,4.764,4.753,4.758,1258.09
1787280600000,4.759,4.766,4.759,4.761,1032.08
1787280900000,4.76,4.767,4.758,4.765,815.16
1787281200000,4.765,4.766,4.758,4.758,2294.35
1787281500000,4.757,4.758,4.749,4.754,1128.77
1787281800000,4.754,4.761,4.751,4.751,720.89
1787282100000,4.75,4.758,4.747,4.758,1344.79
1787282400000,4.758,4.773,4.756,4.766,1953.28
1787282700000,4.766,4.774,4.765,4.767,3183.42
1787283000000,4.767,4.772,4.766,4.766,3279.46
1787283300000,4.767,4.767,4.755,4.761,1044.89
1787283600000,4.761,4.767,4.759,4.759,4056.65
1787283900000,4.76,4.773,4.76,4.771,1927.75
1787284200000,4.771,4.771,4.764,4.764,502.63
1787284500000,4.765,4.765,4.751,4.751,1905.01
1787284800000,4.753,4.762,4.747,4.762,2644.34
1787285100000,4.761,4.767,4.742,4.754,4903.82
1787285400000,4.755,4.76,4.75,4.751,809.18
1787285700000,4.751,4.751,4.733,4.733,3710.81
1787286000000,4.734,4.734,4.729,4.729,6651.57
1787286300000,4.729,4.757,4.724,4.747,32736.3
1787286600000,4.748,4.768,4.744,4.767,11587.38
1787286900000,4.768,4.769,4.747,4.753,8610.55
1787287200000,4.752,4.766,4.751,4.757,9094.21
1787287500000,4.757,4.778,4.757,4.777,6698.02
1787287800000,4.778,4.785,4.77,4.771,7670.31
1787288100000,4.771,4.775,4.767,4.768,4188.4
1787288400000,4.769,4.771,4.75,4.756,2366.96
1787288700000,4.756,4.773,4.756,4.768,18145.38
1787289000000,4.768,4.775,4.765,4.767,5755.83
1787289300000,4.765,4.775,4.765,4.77,6146.09
1787289600000,4.771,4.774,4.763,4.763,9121.13
1787289900000,4.764,4.772,4.757,4.772,5877.33
1787290200000,4.771,4.774,4.766,4.769,2655.9
1787290500000,4.769,4.773,4.768,4.772,2038.08
1787290800000,4.772,4.79,4.77,4.79,13440.83
1787291100000,4.79,4.8,4.783,4.794,44609.54
1787291400000,4.794,4.804,4.786,4.797,27083.51
1787291700000,4.797,4.814,4.784,4.811,25143.31
1787292000000,4.811,4.833,4.81,4.823,32753.7
1787292300000,4.823,4.835,4.796,4.811,20224.67
1787292600000,4.81,4.81,4.8,4.809,2774.37
1787292900000,4.81,4.821,4.806,4.817,13021.18
1787293200000,4.817,4.817,4.793,4.812,12603.82
1787293500000,4.813,4.814,4.792,4.8,10139.13
1787293800000,4.8,4.813,4.796,4.806,6890.85
1787294100000,4.805,4.815,4.803,4.81,7155.8
1787294400000,4.81,4.811,4.797,4.804,884.85
1787294700000,4.803,4.831,4.8,4.829,1442.04
1787295000000,4.83,4.857,4.83,4.854,2090.51
1787295300000,4.853,4.853,4.837,4.843,1668.66
1787295600000,4.842,4.852,4.836,4.839,4276.43
1787295900000,4.839,4.853,4.835,4.852,3869.49
1787296200000,4.853,4.874,4.851,4.859,6994.49
1787296500000,4.858,4.879,4.858,4.869,7820.48
1787296800000,4.868,4.868,4.82,4.82,6625.89
1787297100000,4.819,4.847,4.815,4.846,17946.41
1787297400000,4.846,4.862,4.832,4.852,15301.47
1787297700000,4.852,4.855,4.805,4.837,74473.31
1787298000000,4.838,4.849,4.813,4.849,74029.72
1787298300000,4.849,4.861,4.84,4.844,14877.16
1787298600000,4.844,4.865,4.841,4.863,9615.6
1787298900000,4.863,4.912,4.862,4.889,26853.76
1787299200000,4.889,4.89,4.872,4.872,15954.27
1787299500000,4.871,4.895,4.855,4.894,12859.7
1787299800000,4.894,4.9,4.889,4.9,3669.11
1787300100000,4.9,4.913,4.898,4.913,3569.67
1787300400000,4.912,4.927,4.912,4.922,8491.43
1787300700000,4.922,4.974,4.922,4.962,13088.35
1787301000000,4.964,4.973,4.959,4.972,13972.69
1787301300000,4.97,4.992,4.969,4.979,13486.24
1787301600000,4.981,4.996,4.975,4.984,11434.59
1787301900000,4.985,5.0,4.98,5.0,5127.69
1787302200000,4.999,5.014,4.999,5.01,19526.04
1787302500000,5.011,5.029,5.0,5.003,16561.33
1787302800000,5.003,5.015,4.897,4.906,47534.32
1787303100000,4.907,4.924,4.817,4.891,72153.32
1787303400000,4.892,4.908,4.884,4.887,8174.42
1787303700000,4.888,4.888,4.844,4.865,33321.56
1787304000000,4.866,4.873,4.854,4.864,10971.16
1787304300000,4.865,4.884,4.86,4.874,14435.99
1787304600000,4.874,4.907,4.872,4.899,6719.47
1787304900000,4.898,4.912,4.89,4.909,5001.07
1787305200000,4.909,4.912,4.896,4.909,3156.04
1787305500000,4.909,4.94,4.905,4.923,21891.53
1787305800000,4.924,4.932,4.919,4.921,6432.76
1787306100000,4.922,4.924,4.88,4.921,5481.6
1787306400000,4.921,4.926,4.906,4.907,7137.23
1787306700000,4.908,4.916,4.886,4.886,9130.85
1787307000000,4.888,4.902,4.887,4.899,5764.68
1787307300000,4.898,4.917,4.894,4.917,2418.76
1787307600000,4.916,4.924,4.903,4.916,3524.1
1787307900000,4.917,4.93,4.903,4.93,5817.49
1787308200000,4.931,4.936,4.901,4.909,7210.52
1787308500000,4.908,4.908,4.88,4.89,10928.47
1787308800000,4.89,4.913,4.888,4.905,5127.54
1787309100000,4.906,4.929,4.906,4.929,2275.17
1787309400000,4.93,4.936,4.92,4.936,1859.5
1787309700000,4.936,4.939,4.921,4.928,3247.95
1787310000000,4.927,4.934,4.907,4.924,11950.89
1787310300000,4.922,4.924,4.905,4.908,8513.9
1787310600000,4.909,4.918,4.879,4.898,8786.72
1787310900000,4.898,4.898,4.882,4.891,5097.25
1787311200000,4.89,4.918,4.885,4.899,7106.31
1787311500000,4.899,4.906,4.888,4.905,3754.54
1787311800000,4.904,4.907,4.846,4.852,13638.55
1787312100000,4.852,4.881,4.849,4.881,7794.88
1787312400000,4.88,4.881,4.862,4.87,3587.69
1787312700000,4.869,4.873,4.844,4.847,5213.56
1787313000000,4.848,4.874,4.839,4.872,6666.15
1787313300000,4.871,4.871,4.856,4.861,2710.01
1787313600000,4.862,4.868,4.85,4.859,3322.9
1787313900000,4.86,4.882,4.86,4.882,2998.12
1787314200000,4.881,4.883,4.85,4.874,7282.85
1787314500000,4.873,4.914,4.869,4.91,20114.9
1787314800000,4.91,4.913,4.871,4.884,6857.54
1787315100000,4.884,4.938,4.875,4.927,12982.44
1787315400000,4.927,4.937,4.915,4.932,15047.69
1787315700000,4.932,4.957,4.931,4.956,14319.74
1787316000000,4.957,4.98,4.957,4.976,9424.45
1787316300000,4.975,4.98,4.947,4.961,9927.34
1787316600000,4.961,4.989,4.95,4.987,23769.34
1787316900000,4.986,4.996,4.967,4.984,7454.73
1787317200000,4.984,4.999,4.969,4.986,11432.97
1787317500000,4.985,4.99,4.977,4.98,3472.52
1787317800000,4.979,5.027,4.977,5.016,22297.79
1787318100000,5.016,5.046,4.994,5.046,11987.03
1787318400000,5.047,5.053,5.013,5.022,17491.16
1787318700000,5.022,5.03,4.998,5.001,8100.11
1787319000000,5.0,5.0,4.953,4.968,6493.29
1787319300000,4.969,5.005,4.953,5.004,8229.42
1787319600000,5.004,5.017,4.991,4.999,3609.81
1787319900000,4.999,5.017,4.993,5.006,5937.47
1787320200000,5.006,5.008,4.992,5.001,4620.99
1787320500000,5.001,5.007,4.981,4.992,3899.6
1787320800000,4.991,5.0,4.955,4.959,10889.21
1787321100000,4.956,4.995,4.955,4.992,4134.67
1787321400000,4.993,5.007,4.98,4.984,3780.23
1787321700000,4.985,5.015,4.985,4.998,8781.33
1787322000000,4.997,5.045,4.99,5.043,12234.57
1787322300000,5.043,5.058,5.014,5.029,12325.63
1787322600000,5.03,5.043,5.016,5.017,5422.63
1787322900000,5.017,5.025,4.992,4.993,2081.2
1787323200000,4.993,5.005,4.987,4.998,3459.69
1787323500000,4.999,5.007,4.991,5.001,2862.16
1787323800000,5.001,5.003,4.98,4.982,5723.03
1787324100000,4.983,4.996,4.983,4.986,3550.39
1787324400000,4.987,4.995,4.978,4.993,4396.93
1787324700000,4.992,5.006,4.987,4.999,1932.64
1787325000000,4.999,5.004,4.993,4.998,1677.02
1787325300000,4.997,4.997,4.972,4.975,5500.15
1787325600000,4.975,5.003,4.96,5.003,6257.03
1787325900000,5.003,5.01,4.979,4.983,5424.92
1787326200000,4.983,4.996,4.965,4.97,1960.76
1787326500000,4.97,4.986,4.964,4.986,4626.36
1787326800000,4.986,5.008,4.986,4.999,2069.69
1787327100000,5.0,5.033,5.0,5.014,12216.94
1787327400000,5.013,5.014,4.973,4.979,7638.83
1787327700000,4.98,4.984,4.967,4.968,8872.45
1787328000000,4.968,5.021,4.968,5.01,29067.55
1787328300000,5.009,5.01,4.976,4.98,3913.55
1787328600000,4.981,4.996,4.966,4.971,8949.57
1787328900000,4.971,4.992,4.969,4.989,2402.06
1787329200000,4.989,5.02,4.985,5.02,4811.59
1787329500000,5.019,5.02,4.999,5.016,12420.74
1787329800000,5.015,5.015,5.002,5.011,3042.01
1787330100000,5.01,5.01,5.0,5.005,1788.97
1787330400000,5.007,5.012,4.999,5.005,1697.24
1787330700000,5.004,5.021,5.003,5.016,7860.5
1787331000000,5.015,5.022,4.995,4.998,4342.07
1787331300000,4.997,5.003,4.981,4.996,5680.36
1787331600000,4.997,5.002,4.985,4.986,2997.12
1787331900000,4.986,5.001,4.983,4.991,2504.78
1787332200000,4.991,4.993,4.972,4.978,5098.17
1787332500000,4.978,4.978,4.959,4.96,5356.96
1787332800000,4.959,4.959,4.929,4.932,12272.91
1787333100000,4.933,4.96,4.933,4.958,3892.23
1787333400000,4.958,4.959,4.931,4.947,11811.23
1787333700000,4.948,4.953,4.94,4.948,4744.8
1787334000000,4.949,4.954,4.942,4.952,2070.05
1787334300000,4.953,4.964,4.948,4.958,2928.12
1787334600000,4.958,4.961,4.948,4.955,3138.06
1787334900000,4.953,4.959,4.951,4.953,1407.48
1787335200000,4.953,4.964,4.948,4.962,2562.02
1787335500000,4.963,4.969,4.954,4.958,5075.88
1787335800000,4.957,4.961,4.949,4.957,2737.97
1787336100000,4.958,4.972,4.955,4.968,2630.28
1787336400000,4.967,4.969,4.96,4.96,2042.57
1787336700000,4.961,4.964,4.957,4.96,1488.49
1787337000000,4.961,4.967,4.955,4.965,3581.56
1787337300000,4.965,4.965,4.948,4.958,2133.19
1787337600000,4.959,4.961,4.932,4.94,3553.66
1787337900000,4.94,4.94,4.893,4.9,12103.61
1787338200000,4.901,4.92,4.901,4.912,2092.97
1787338500000,4.912,4.912,4.893,4.904,4518.82
1787338800000,4.903,4.903,4.858,4.863,12312.09
1787339100000,4.864,4.903,4.864,4.9,4711.36
1787339400000,4.9,4.907,4.888,4.901,8340.77
1787339700000,4.901,4.903,4.877,4.883,3805.51
1787340000000,4.883,4.888,4.876,4.887,2445.84
1787340300000,4.889,4.9,4.886,4.892,3012.8
1787340600000,4.893,4.894,4.865,4.868,3220.35
1787340900000,4.87,4.883,4.868,4.872,3938.95
1787341200000,4.871,4.872,4.857,4.861,4225.49
1787341500000,4.86,4.873,4.859,4.873,3442.65
1787341800000,4.872,4.873,4.862,4.866,3452.84
1787342100000,4.865,4.869,4.86,4.866,2811.52
1787342400000,4.867,4.908,4.855,4.907,4219.04
1787342700000,4.907,4.907,4.879,4.896,8369.03
1787343000000,4.896,4.901,4.894,4.899,1868.81
1787343300000,4.9,4.918,4.899,4.918,4598.93
1787343600000,4.918,4.922,4.905,4.918,4262.42
1787343900000,4.917,4.917,4.898,4.916,3085.5
1787344200000,4.916,4.922,4.911,4.921,2390.3
1787344500000,4.921,4.928,4.915,4.916,2938.46
1787344800000,4.917,4.92,4.912,4.912,2416.2
1787345100000,4.914,4.927,4.914,4.927,5666.03
1787345400000,4.925,4.93,4.916,4.924,7374.62
1787345700000,4.926,4.931,4.925,4.927,1730.73
1787346000000,4.927,4.932,4.921,4.927,1910.04
1787346300000,4.927,4.936,4.925,4.934,2200.08
1787346600000,4.932,4.966,4.931,4.96,5562.41
1787346900000,4.958,4.967,4.954,4.959,5354.54
1787347200000,4.96,4.975,4.955,4.971,1900.54
1787347500000,4.97,4.985,4.967,4.983,4644.08
1787347800000,4.984,4.989,4.979,4.988,5504.74
1787348100000,4.988,4.991,4.97,4.975,2872.99
1787348400000,4.975,5.011,4.968,5.011,6236.83
1787348700000,5.011,5.019,5.004,5.015,5936.65
1787349000000,5.013,5.02,5.004,5.012,1919.7
1787349300000,5.012,5.016,5.002,5.008,7620.75
1787349600000,5.008,5.032,5.006,5.026,5836.04
1787349900000,5.025,5.042,5.021,5.039,7701.07
1787350200000,5.039,5.049,5.03,5.034,12248.79
1787350500000,5.033,5.04,5.023,5.034,6775.81
1787350800000,5.034,5.034,5.016,5.017,6112.13
1787351100000,5.017,5.031,5.016,5.025,5775.01
1787351400000,5.026,5.027,4.988,5.013,3326.1
1787351700000,5.012,5.039,5.009,5.037,3665.12
1787352000000,5.037,5.045,5.026,5.042,7800.46
1787352300000,5.042,5.05,5.035,5.045,3545.51
1787352600000,5.045,5.048,5.022,5.047,9475.58
1787352900000,5.047,5.069,5.044,5.063,8842.08
1787353200000,5.064,5.078,5.055,5.055,11546.94
1787353500000,5.055,5.06,5.047,5.056,2883.7
1787353800000,5.056,5.087,5.055,5.084,13298.36
1787354100000,5.084,5.087,5.069,5.087,6097.9
1787354400000,5.087,5.109,5.08,5.107,12740.9
1787354700000,5.106,5.108,5.086,5.105,5118.12
1787355000000,5.107,5.126,5.1,5.113,13457.7
1787355300000,5.113,5.113,5.085,5.09,4617.23
1787355600000,5.091,5.095,5.055,5.08,7177.79
1787355900000,5.08,5.081,5.054,5.057,5303.92
1787356200000,5.056,5.068,5.035,5.061,4302.87
1787356500000,5.061,5.062,5.056,5.061,2417.87
1787356800000,5.062,5.094,5.044,5.057,6884.17
1787357100000,5.056,5.059,5.019,5.039,8902.78
1787357400000,5.039,5.047,5.026,5.041,7821.83
1787357700000,5.042,5.056,5.035,5.056,3887.04
1787358000000,5.057,5.062,5.051,5.059,5015.15
1787358300000,5.06,5.072,5.043,5.043,7374.66
1787358600000,5.044,5.062,5.04,5.054,6852.02
1787358900000,5.054,5.065,5.052,5.062,7539.4
1787359200000,5.063,5.068,5.05,5.058,7062.39
1787359500000,5.058,5.061,5.041,5.061,5380.76
1787359800000,5.061,5.084,5.061,5.084,5809.89
1787360100000,5.085,5.094,5.077,5.092,2397.71
1787360400000,5.093,5.122,5.09,5.12,7040.04
1787360700000,5.119,5.119,5.105,5.114,6566.64
1787361000000,5.115,5.126,5.097,5.099,6049.34
1787361300000,5.099,5.118,5.097,5.097,3189.82
1787361600000,5.096,5.097,5.061,5.065,13797.04
1787361900000,5.064,5.068,5.049,5.056,10230.64
1787362200000,5.058,5.074,5.049,5.072,4058.71
1787362500000,5.071,5.075,5.059,5.062,4924.09
1787362800000,5.063,5.065,5.047,5.052,2833.63
1787363100000,5.053,5.053,5.036,5.036,6441.16
1787363400000,5.038,5.046,5.032,5.036,4797.72
1787363700000,5.037,5.07,5.037,5.047,4015.91
1787364000000,5.047,5.079,5.047,5.072,3245.94
1787364300000,5.073,5.09,5.073,5.085,3172.45
1787364600000,5.084,5.152,5.084,5.149,14332.81
1787364900000,5.147,5.179,5.135,5.171,13471.87
1787365200000,5.171,5.188,5.171,5.178,5386.18
1787365500000,5.179,5.198,5.179,5.19,6887.33
1787365800000,5.189,5.209,5.189,5.189,11850.56
1787366100000,5.189,5.194,5.167,5.182,10466.89
1787366400000,5.183,5.196,5.175,5.193,6249.07
1787366700000,5.194,5.197,5.178,5.19,27160.69
1787367000000,5.192,5.196,5.174,5.179,5844.73
1787367300000,5.179,5.184,5.171,5.177,4340.15
1787367600000,5.178,5.222,5.169,5.211,15438.38
1787367900000,5.212,5.227,5.204,5.211,4162.76
1787368200000,5.209,5.209,5.171,5.171,6113.38
1787368500000,5.171,5.213,5.171,5.206,5412.89
1787368800000,5.205,5.234,5.203,5.226,9933.86
1787369100000,5.225,5.246,5.216,5.242,11767.02
1787369400000,5.242,5.253,5.228,5.253,14825.42
1787369700000,5.254,5.269,5.24,5.264,12545.54
1787370000000,5.264,5.264,5.204,5.222,10099.37
1787370300000,5.222,5.223,5.201,5.203,8847.35
1787370600000,5.203,5.234,5.203,5.223,7899.81
1787370900000,5.222,5.235,5.193,5.194,6552.32
1787371200000,5.194,5.225,5.192,5.218,19587.48
1787371500000,5.219,5.254,5.203,5.254,23235.3
1787371800000,5.254,5.269,5.231,5.264,27476.04
1787372100000,5.264,5.274,5.242,5.248,10052.87
1787372400000,5.248,5.255,5.226,5.23,6949.35
1787372700000,5.23,5.266,5.227,5.257,14916.63
1787373000000,5.258,5.259,5.233,5.253,4714.62
1787373300000,5.253,5.34,5.239,5.289,48507.23
1787373600000,5.289,5.337,5.27,5.308,32555.87
1787373900000,5.307,5.332,5.282,5.309,22616.45
1787374200000,5.31,5.322,5.305,5.313,17282.54
1787374500000,5.313,5.315,5.294,5.297,14400.07
1787374800000,5.296,5.31,5.268,5.268,6988.56
1787375100000,5.267,5.272,5.048,5.053,86302.35
1787375400000,5.052,5.06,4.582,4.931,338062.94
1787375700000,4.933,4.958,4.741,4.904,122053.86
1787376000000,4.903,4.956,4.85,4.903,100604.91
1787376300000,4.903,4.966,4.87,4.946,31464.69
1787376600000,4.945,4.957,4.892,4.955,21053.63
1787376900000,4.955,4.984,4.922,4.923,16611.77
1787377200000,4.924,4.957,4.896,4.908,47852.92
1787377500000,4.908,5.001,4.898,4.989,10032.52
1787377800000,4.988,4.996,4.947,4.966,12341.51
1787378100000,4.966,4.981,4.961,4.966,6438.34
1787378400000,4.966,4.975,4.942,4.942,4648.33
1787378700000,4.942,4.942,4.902,4.934,9251.07
1787379000000,4.935,4.94,4.915,4.918,3728.66
1787379300000,4.92,4.96,4.92,4.948,8613.59
1787379600000,4.949,4.966,4.943,4.949,9902.92
1787379900000,4.948,4.958,4.907,4.915,10474.27
1787380200000,4.915,4.918,4.866,4.877,13406.89
1787380500000,4.878,4.961,4.878,4.955,6996.51
1787380800000,4.954,4.97,4.949,4.953,7500.68
1787381100000,4.955,4.969,4.951,4.967,6752.9
1787381400000,4.968,4.991,4.962,4.97,6464.53
1787381700000,4.97,4.989,4.962,4.987,3883.33
1787382000000,4.986,4.991,4.973,4.986,6896.69
1787382300000,4.984,5.0,4.954,4.955,8963.05
1787382600000,4.956,4.961,4.923,4.945,14403.05
1787382900000,4.945,4.95,4.926,4.938,5704.04
1787383200000,4.938,4.968,4.938,4.962,12590.81
1787383500000,4.96,4.976,4.955,4.974,9470.21
1787383800000,4.974,4.987,4.964,4.975,6796.04
1787384100000,4.975,4.979,4.962,4.968,3555.6
1787384400000,4.969,4.97,4.939,4.945,6437.32
1787384700000,4.944,4.952,4.931,4.947,5421.72
1787385000000,4.945,4.964,4.938,4.958,2782.02
1787385300000,4.958,4.966,4.929,4.938,11442.42
1787385600000,4.938,4.95,4.914,4.914,15568.87
1787385900000,4.914,4.943,4.901,4.936,18007.03
1787386200000,4.936,4.96,4.933,4.959,15400.47
1787386500000,4.958,4.962,4.929,4.929,4267.19
1787386800000,4.929,4.938,4.913,4.919,6805.16
1787387100000,4.92,4.922,4.873,4.884,12080.48
1787387400000,4.883,4.886,4.846,4.868,27989.73
1787387700000,4.868,4.874,4.851,4.854,5719.34
1787388000000,4.854,4.885,4.85,4.882,5958.22
1787388300000,4.881,4.885,4.863,4.872,5683.3
1787388600000,4.872,4.888,4.87,4.88,3910.12
1787388900000,4.879,4.881,4.861,4.879,3711.85
1787389200000,4.88,4.883,4.816,4.833,6584.51
1787389500000,4.833,4.853,4.827,4.85,7569.15
1787389800000,4.85,4.891,4.85,4.887,11552.08
1787390100000,4.886,4.886,4.863,4.87,2725.8
1787390400000,4.871,4.884,4.866,4.87,3026.08
1787390700000,4.87,4.878,4.859,4.875,3401.9
1787391000000,4.873,4.876,4.863,4.864,1913.45
1787391300000,4.865,4.871,4.857,4.863,6151.05
1787391600000,4.864,4.87,4.862,4.865,3355.33
1787391900000,4.865,4.866,4.812,4.826,7352.48
1787392200000,4.826,4.838,4.822,4.825,8112.66
1787392500000,4.826,4.838,4.824,4.835,3796.13
1787392800000,4.836,4.838,4.772,4.795,28800.42
1787393100000,4.795,4.797,4.766,4.776,12395.76
1787393400000,4.776,4.786,4.751,4.763,9737.38
1787393700000,4.763,4.778,4.748,4.753,5732.27
1787394000000,4.753,4.763,4.718,4.728,10182.27
1787394300000,4.729,4.77,4.72,4.766,6334.27
1787394600000,4.767,4.777,4.758,4.777,2305.07
1787394900000,4.777,4.826,4.777,4.811,5486.96
1787395200000,4.812,4.817,4.807,4.811,3540.67
1787395500000,4.812,4.817,4.79,4.792,4511.35
1787395800000,4.793,4.8,4.78,4.781,2044.95
1787396100000,4.784,4.789,4.77,4.788,4254.77
1787396400000,4.788,4.793,4.761,4.778,3911.69
1787396700000,4.778,4.789,4.769,4.769,4879.65
1787397000000,4.771,4.78,4.762,4.769,9956.06
1787397300000,4.768,4.772,4.757,4.76,2831.8
1787397600000,4.76,4.77,4.748,4.754,7481.4
1787397900000,4.754,4.768,4.754,4.765,4311.96
1787398200000,4.764,4.794,4.757,4.792,5172.09
1787398500000,4.792,4.803,4.784,4.798,5245.75
1787398800000,4.798,4.808,4.794,4.806,2486.99
1787399100000,4.806,4.81,4.791,4.794,5117.81
1787399400000,4.796,4.803,4.794,4.798,1300.62
1787399700000,4.797,4.81,4.795,4.806,1544.24
1787400000000,4.806,4.821,4.794,4.795,3477.86
1787400300000,4.795,4.807,4.794,4.804,2708.31
1787400600000,4.806,4.82,4.802,4.818,3265.43
1787400900000,4.819,4.83,4.816,4.827,3702.66
1787401200000,4.828,4.839,4.827,4.834,3016.86
1787401500000,4.834,4.841,4.83,4.836,2911.48
1787401800000,4.835,4.835,4.815,4.815,3970.25
1787402100000,4.816,4.831,4.81,4.826,3145.08
1787402400000,4.827,4.831,4.822,4.823,1526.82
1787402700000,4.824,4.826,4.813,4.816,3660.22
1787403000000,4.817,4.819,4.8,4.801,3291.5
1787403300000,4.801,4.801,4.788,4.789,7755.73
1787403600000,4.789,4.79,4.765,4.777,7309.59
1787403900000,4.778,4.799,4.778,4.799,2360.08
1787404200000,4.799,4.799,4.789,4.795,3332.47
1787404500000,4.795,4.799,4.778,4.778,8261.41
1787404800000,4.778,4.783,4.764,4.774,29420.85
1787405100000,4.773,4.79,4.773,4.773,5287.99
1787405400000,4.775,4.78,4.768,4.768,3317.55
1787405700000,4.769,4.773,4.757,4.764,5051.76
1787406000000,4.764,4.787,4.76,4.787,8831.57
1787406300000,4.787,4.813,4.782,4.813,9671.81
1787406600000,4.814,4.817,4.8,4.801,3418.95
1787406900000,4.801,4.81,4.8,4.805,2256.43
1787407200000,4.804,4.811,4.788,4.792,7090.53
1787407500000,4.793,4.815,4.723,4.811,54373.18
1787407800000,4.812,4.854,4.776,4.789,35288.53
1787408100000,4.79,4.808,4.785,4.808,5080.45
1787408400000,4.809,4.822,4.809,4.82,4295.75
1787408700000,4.82,4.821,4.798,4.816,8810.17
1787409000000,4.816,4.863,4.812,4.857,6238.47
1787409300000,4.858,4.859,4.831,4.835,6882.99
1787409600000,4.834,4.836,4.819,4.819,3326.94
1787409900000,4.819,4.821,4.798,4.798,4628.38
1787410200000,4.798,4.815,4.789,4.791,5467.1
1787410500000,4.792,4.817,4.792,4.81,3989.46
1787410800000,4.812,4.824,4.801,4.807,5505.8
1787411100000,4.807,4.818,4.792,4.793,2957.1
1787411400000,4.794,4.798,4.782,4.782,3393.0
1787411700000,4.783,4.789,4.778,4.782,4287.76
1787412000000,4.781,4.784,4.767,4.784,2743.63
1787412300000,4.783,4.795,4.776,4.792,2486.91
1787412600000,4.793,4.833,4.793,4.832,3002.61
1787412900000,4.83,4.83,4.8,4.813,3451.15
1787413200000,4.812,4.815,4.804,4.811,2413.73
1787413500000,4.812,4.822,4.804,4.804,2915.08
1787413800000,4.804,4.806,4.79,4.798,1327.1
1787414100000,4.797,4.805,4.792,4.8,1671.76
1787414400000,4.799,4.816,4.798,4.815,1731.1
1787414700000,4.816,4.833,4.813,4.816,2454.72
1787415000000,4.816,4.824,4.801,4.823,1406.22
1787415300000,4.822,4.877,4.82,4.875,3755.66
1787415600000,4.874,4.875,4.863,4.875,1120.56
1787415900000,4.874,4.875,4.855,4.864,2184.65
1787416200000,4.864,4.872,4.858,4.862,1929.77
1787416500000,4.862,4.878,4.86,4.877,2671.09
1787416800000,4.878,4.893,4.878,4.888,2662.47
1787417100000,4.889,4.895,4.883,4.888,1708.81
1787417400000,4.889,4.903,4.889,4.9,2990.09
1787417700000,4.899,4.975,4.897,4.897,37623.6
1787418000000,4.897,4.917,4.897,4.903,3802.41
1787418300000,4.903,4.904,4.889,4.898,1236.61
1787418600000,4.899,4.9,4.884,4.886,1537.06
1787418900000,4.887,4.909,4.887,4.9,5356.09
1787419200000,4.899,4.903,4.889,4.899,2934.39
1787419500000,4.898,4.903,4.874,4.876,1724.17
1787419800000,4.877,4.901,4.871,4.897,2763.66
1787420100000,4.897,4.907,4.897,4.9,1327.72
1787420400000,4.901,4.939,4.901,4.935,4227.23
1787420700000,4.935,4.977,4.932,4.969,25678.28
1787421000000,4.969,4.999,4.969,4.993,14189.22
1787421300000,4.992,4.999,4.972,4.973,7049.23
1787421600000,4.974,4.98,4.95,4.953,3333.02
1787421900000,4.953,4.956,4.918,4.924,7623.22
1787422200000,4.925,4.93,4.919,4.925,1402.47
1787422500000,4.926,4.968,4.926,4.952,6757.55
1787422800000,4.951,4.982,4.95,4.982,2662.4
1787423100000,4.982,4.982,4.953,4.959,1597.35
1787423400000,4.959,4.968,4.956,4.968,2050.63
1787423700000,4.966,4.966,4.948,4.948,1548.48
1787424000000,4.948,4.952,4.941,4.944,1522.87
1787424300000,4.943,4.947,4.934,4.934,2095.23
1787424600000,4.936,4.94,4.925,4.933,2998.49
1787424900000,4.932,4.98,4.929,4.978,2507.78
1787425200000,4.977,4.977,4.943,4.948,1597.53
1787425500000,4.949,4.954,4.937,4.947,1008.33
1787425800000,4.948,4.966,4.948,4.96,1210.52
1787426100000,4.961,4.972,4.954,4.959,1296.44
1787426400000,4.958,4.958,4.94,4.947,1805.21
1787426700000,4.947,4.962,4.936,4.956,1643.5
1787427000000,4.956,4.962,4.947,4.959,3128.74
1787427300000,4.96,4.966,4.955,4.958,2143.11
1787427600000,4.959,4.98,4.959,4.977,2143.51
1787427900000,4.976,4.99,4.97,4.982,3399.86
1787428200000,4.983,4.991,4.97,4.975,1243.93
1787428500000,4.974,4.974,4.956,4.956,477.85
1787428800000,4.956,4.967,4.949,4.962,4896.22
1787429100000,4.963,4.994,4.961,4.991,5335.36
1787429400000,4.992,4.998,4.982,4.991,5917.86
1787429700000,4.991,4.992,4.983,4.989,2331.33
1787430000000,4.989,4.992,4.979,4.979,8404.37
1787430300000,4.978,4.978,4.96,4.963,998.51
1787430600000,4.963,4.963,4.932,4.933,2392.43
1787430900000,4.932,4.959,4.931,4.959,3078.25
1787431200000,4.96,4.969,4.958,4.959,1866.88
1787431500000,4.958,4.958,4.945,4.951,1874.47
1787431800000,4.95,4.95,4.943,4.943,691.14
1787432100000,4.942,4.95,4.93,4.945,1830.55
1787432400000,4.945,4.945,4.905,4.912,2457.19
1787432700000,4.913,4.929,4.913,4.92,1701.59
1787433000000,4.919,4.922,4.904,4.911,4741.05
1787433300000,4.912,4.934,4.912,4.934,2614.07
1787433600000,4.935,4.958,4.935,4.951,1785.62
1787433900000,4.948,4.948,4.928,4.928,1253.54
1787434200000,4.928,4.931,4.907,4.913,2145.42
1787434500000,4.913,4.913,4.882,4.89,2557.91
1787434800000,4.889,4.896,4.868,4.894,5573.4
1787435100000,4.896,4.898,4.87,4.875,2232.73
1787435400000,4.875,4.875,4.862,4.874,1923.75
1787435700000,4.874,4.881,4.871,4.879,748.1
1787436000000,4.878,4.903,4.858,4.881,1690.04
1787436300000,4.88,4.962,4.88,4.948,23128.39
1787436600000,4.947,4.98,4.945,4.979,3524.69
1787436900000,4.98,4.996,4.945,4.96,7796.4
1787437200000,4.96,4.977,4.954,4.964,4609.65
1787437500000,4.964,4.984,4.963,4.979,1323.28
1787437800000,4.979,4.985,4.948,4.964,2335.81
1787438100000,4.965,4.977,4.961,4.965,1096.32
1787438400000,4.966,4.981,4.961,4.972,1098.32
1787438700000,4.972,4.985,4.965,4.979,1139.21
1787439000000,4.979,4.989,4.969,4.972,3458.35
1787439300000,4.973,4.973,4.95,4.955,1787.2
1787439600000,4.956,4.965,4.945,4.961,1055.92
1787439900000,4.96,4.963,4.947,4.947,4022.72
1787440200000,4.946,4.946,4.923,4.929,2126.86
1787440500000,4.929,4.931,4.917,4.931,2521.59
1787440800000,4.931,4.94,4.919,4.919,1511.32
1787441100000,4.919,4.952,4.919,4.929,2407.25
1787441400000,4.93,4.936,4.911,4.913,894.72
1787441700000,4.914,4.924,4.909,4.923,670.13
1787442000000,4.923,4.929,4.862,4.92,30294.37
1787442300000,4.92,4.939,4.92,4.938,2359.78
1787442600000,4.939,4.95,4.938,4.949,1566.09
1787442900000,4.949,4.95,4.935,4.935,1099.81
1787443200000,4.934,4.945,4.93,4.941,4706.57
1787443500000,4.941,4.95,4.925,4.926,1949.24
1787443800000,4.925,4.933,4.903,4.909,1649.78
1787444100000,4.909,4.917,4.907,4.908,1426.81
1787444400000,4.909,4.917,4.905,4.914,2040.28
1787444700000,4.913,4.934,4.91,4.931,1742.0
1787445000000,4.932,4.959,4.931,4.936,3920.24
1787445300000,4.936,4.958,4.929,4.944,4911.61
1787445600000,4.944,4.947,4.929,4.929,1486.91
1787445900000,4.928,4.951,4.928,4.948,3242.28
1787446200000,4.947,4.962,4.944,4.944,2266.83
1787446500000,4.945,4.949,4.937,4.937,690.05
1787446800000,4.937,4.942,4.924,4.932,1718.3
1787447100000,4.932,4.945,4.915,4.939,3533.83
1787447400000,4.94,4.948,4.933,4.948,2877.37
1787447700000,4.948,4.95,4.922,4.932,2289.73
1787448000000,4.932,4.941,4.928,4.937,3575.1
1787448300000,4.936,4.94,4.925,4.932,1375.57
1787448600000,4.933,4.945,4.929,4.938,1414.26
1787448900000,4.939,4.945,4.933,4.94,375.64
1787449200000,4.941,4.944,4.921,4.941,2376.55
1787449500000,4.94,4.948,4.929,4.943,2651.23
1787449800000,4.943,4.945,4.93,4.931,632.07
1787450100000,4.93,4.93,4.904,4.915,2673.5
1787450400000,4.915,4.923,4.909,4.923,1094.01
1787450700000,4.921,4.921,4.908,4.919,838.91
1787451000000,4.92,4.924,4.894,4.896,2434.28
1787451300000,4.895,4.935,4.895,4.934,6673.37
1787451600000,4.935,4.939,4.891,4.893,3350.36
1787451900000,4.893,4.917,4.89,4.917,961.55
1787452200000,4.917,4.985,4.916,4.958,8497.1
1787452500000,4.959,4.961,4.923,4.925,1053.99
1787452800000,4.926,4.938,4.912,4.913,1058.35
1787453100000,4.912,4.937,4.908,4.932,3585.45
1787453400000,4.932,4.961,4.921,4.923,6919.92
1787453700000,4.922,4.924,4.913,4.919,879.4
1787454000000,4.918,4.924,4.906,4.906,1321.51
1787454300000,4.905,4.905,4.882,4.886,1585.8
1787454600000,4.887,4.897,4.872,4.888,2377.4
1787454900000,4.888,4.893,4.877,4.88,2837.66
1787455200000,4.879,4.879,4.85,4.851,4660.61
1787455500000,4.852,4.858,4.843,4.843,4382.66
1787455800000,4.844,4.845,4.791,4.826,27035.01
1787456100000,4.826,4.831,4.813,4.815,1540.0
1787456400000,4.815,4.831,4.812,4.823,8286.43
1787456700000,4.824,4.863,4.817,4.859,9738.0
1787457000000,4.859,4.867,4.847,4.858,6104.03
1787457300000,4.857,4.857,4.837,4.837,1360.62
1787457600000,4.837,4.844,4.828,4.829,1470.69
1787457900000,4.829,4.848,4.822,4.828,4477.19
1787458200000,4.828,4.889,4.828,4.889,4642.52
1787458500000,4.89,4.914,4.862,4.863,8381.07
1787458800000,4.863,4.866,4.853,4.856,3656.1
1787459100000,4.857,4.869,4.857,4.863,1645.22
1787459400000,4.864,4.865,4.846,4.847,2067.13
1787459700000,4.846,4.846,4.829,4.832,1413.41
1787460000000,4.832,4.834,4.815,4.82,4455.5
1787460300000,4.82,4.821,4.775,4.78,11625.96
1787460600000,4.779,4.8,4.778,4.792,8727.73
1787460900000,4.791,4.794,4.778,4.778,2486.32
1787461200000,4.778,4.796,4.772,4.787,3743.97
1787461500000,4.788,4.801,4.736,4.757,30517.42
1787461800000,4.757,4.777,4.739,4.742,17072.96
1787462100000,4.742,4.816,4.737,4.816,58364.76
1787462400000,4.817,4.844,4.808,4.842,5889.3
1787462700000,4.842,4.852,4.783,4.809,25374.19
1787463000000,4.808,4.824,4.803,4.81,2437.58
1787463300000,4.81,4.817,4.801,4.807,4641.55
1787463600000,4.809,4.816,4.803,4.806,2369.89
1787463900000,4.807,4.813,4.804,4.809,674.83
1787464200000,4.808,4.81,4.786,4.798,10160.13
1787464500000,4.797,4.801,4.79,4.79,1517.35
1787464800000,4.79,4.809,4.784,4.808,3698.91
1787465100000,4.809,4.813,4.785,4.79,4241.4
1787465400000,4.789,4.812,4.782,4.807,5072.68
1787465700000,4.807,4.841,4.806,4.828,7106.97
1787466000000,4.827,4.833,4.821,4.825,1582.45
1787466300000,4.825,4.825,4.813,4.821,2259.25
1787466600000,4.822,4.851,4.822,4.836,2850.72
1787466900000,4.835,4.835,4.818,4.825,1131.37
1787467200000,4.826,4.828,4.819,4.827,653.37
1787467500000,4.828,4.829,4.807,4.807,723.69
1787467800000,4.808,4.817,4.808,4.813,414.83
1787468100000,4.814,4.82,4.806,4.82,798.71
1787468400000,4.82,4.832,4.811,4.815,1101.69
1787468700000,4.815,4.839,4.814,4.839,1246.58
1787469000000,4.839,4.863,4.839,4.858,5395.42
1787469300000,4.859,4.874,4.858,4.868,997.03
1787469600000,4.867,4.867,4.849,4.857,2731.43
1787469900000,4.858,4.885,4.858,4.867,5611.12
1787470200000,4.866,4.867,4.848,4.849,2795.32
1787470500000,4.848,4.849,4.839,4.845,528.91
1787470800000,4.846,4.849,4.84,4.844,4537.0
1787471100000,4.844,4.853,4.816,4.825,3131.08
1787471400000,4.826,4.854,4.826,4.836,2219.37
1787471700000,4.836,4.837,4.812,4.816,3866.47
1787472000000,4.816,4.822,4.804,4.822,3617.76
1787472300000,4.822,4.849,4.822,4.845,2246.59
1787472600000,4.847,4.868,4.845,4.861,4187.18
1787472900000,4.857,4.861,4.852,4.853,2068.05
1787473200000,4.852,4.857,4.851,4.857,2114.98
1787473500000,4.856,4.856,4.845,4.855,2476.02
1787473800000,4.856,4.856,4.839,4.848,1069.37
1787474100000,4.847,4.868,4.845,4.866,446.71
1787474400000,4.865,4.876,4.863,4.871,717.99
1787474700000,4.872,4.88,4.866,4.87,4704.48
1787475000000,4.869,4.878,4.867,4.871,391.38
1787475300000,4.87,4.885,4.869,4.885,1925.93
1787475600000,4.885,4.916,4.882,4.895,5047.92
1787475900000,4.895,4.916,4.895,4.912,2101.36
1787476200000,4.913,4.931,4.912,4.92,3557.34
1787476500000,4.922,4.94,4.92,4.926,2835.34
1787476800000,4.927,4.932,4.911,4.912,1186.89
1787477100000,4.912,4.937,4.912,4.93,1192.15
1787477400000,4.929,4.929,4.91,4.914,1105.89
1787477700000,4.913,4.922,4.909,4.918,403.77
1787478000000,4.919,4.925,4.91,4.923,1106.92
1787478300000,4.922,4.923,4.897,4.915,5072.77
1787478600000,4.917,4.94,4.916,4.936,2635.67
1787478900000,4.937,4.954,4.925,4.935,7225.62
1787479200000,4.937,4.979,4.937,4.937,12965.06
1787479500000,4.936,4.953,4.936,4.94,3437.6
1787479800000,4.941,4.948,4.938,4.944,1515.33
1787480100000,4.944,4.978,4.941,4.969,6775.19
1787480400000,4.97,4.988,4.96,4.986,6178.58
1787480700000,4.986,4.989,4.961,4.961,2936.19
1787481000000,4.96,4.98,4.959,4.98,2108.77
1787481300000,4.977,5.023,4.968,5.019,11530.24
1787481600000,5.019,5.047,5.004,5.036,9113.76
1787481900000,5.037,5.05,5.014,5.049,11302.53
1787482200000,5.048,5.055,5.026,5.037,5094.9
1787482500000,5.038,5.04,5.02,5.028,11990.29
1787482800000,5.028,5.034,5.001,5.023,4624.04
1787483100000,5.024,5.026,5.012,5.012,8086.57
1787483400000,5.011,5.014,5.0,5.005,2907.68
1787483700000,5.004,5.025,4.996,5.014,2661.43
1787529600000,5.355,5.367,5.301,5.309,38519.62
1787529900000,5.31,5.361,5.303,5.359,13490.01
1787530200000,5.358,5.358,5.336,5.34,2062.48
1787530500000,5.339,5.346,5.332,5.341,4931.18
1787530800000,5.342,5.348,5.334,5.344,5839.08
1787531100000,5.344,5.382,5.323,5.38,16017.71
1787531400000,5.381,5.405,5.372,5.372,7305.93
1787531700000,5.371,5.377,5.34,5.345,3269.7
1787532000000,5.346,5.349,5.313,5.319,3612.53
1787532300000,5.319,5.326,5.272,5.326,16224.5
1787532600000,5.326,5.351,5.325,5.349,3356.54
1787532900000,5.348,5.362,5.342,5.357,1095.34
1787533200000,5.358,5.375,5.329,5.367,4694.08
1787533500000,5.368,5.377,5.349,5.352,4490.75
1787533800000,5.353,5.393,5.344,5.374,15960.76
1787534100000,5.373,5.381,5.359,5.36,3736.74
1787534400000,5.361,5.362,5.325,5.325,2481.06
1787534700000,5.326,5.386,5.326,5.383,2002.84
1787535000000,5.383,5.394,5.367,5.381,3990.16
1787535300000,5.38,5.391,5.352,5.377,3374.33
1787535600000,5.375,5.406,5.375,5.393,5667.06
1787535900000,5.393,5.396,5.381,5.391,6283.98
1787536200000,5.392,5.406,5.362,5.377,4367.94
1787536500000,5.376,5.385,5.327,5.344,5221.59
1787536800000,5.343,5.362,5.304,5.326,7941.05
1787537100000,5.325,5.344,5.301,5.317,5583.55
1787537400000,5.316,5.349,5.305,5.345,4141.81
1787537700000,5.346,5.388,5.346,5.388,7437.74
1787538000000,5.388,5.41,5.379,5.398,6215.78
1787538300000,5.399,5.407,5.383,5.395,1395.56
1787538600000,5.396,5.41,5.382,5.409,1760.02
1787538900000,5.411,5.423,5.4,5.402,1672.89
1787539200000,5.404,5.404,5.357,5.358,14388.94
1787539500000,5.357,5.359,5.322,5.342,10089.16
1787539800000,5.342,5.346,5.314,5.323,5896.95
1787540100000,5.323,5.331,5.271,5.303,17869.78
1787540400000,5.302,5.308,5.287,5.304,7777.16
1787540700000,5.303,5.303,5.289,5.3,3566.92
1787541000000,5.3,5.311,5.296,5.296,4231.6
1787541300000,5.295,5.328,5.291,5.326,2469.97
1787541600000,5.327,5.344,5.32,5.332,5338.21
1787541900000,5.332,5.341,5.3,5.3,2564.98
1787542200000,5.301,5.311,5.275,5.309,6736.49
1787542500000,5.308,5.308,5.283,5.29,2322.49
1787542800000,5.289,5.29,5.263,5.267,5284.59
1787543100000,5.271,5.295,5.271,5.295,2343.05
1787543400000,5.294,5.313,5.29,5.292,1499.48
1787543700000,5.291,5.293,5.27,5.271,2305.17
1787544000000,5.272,5.297,5.272,5.291,4221.44
1787544300000,5.291,5.294,5.227,5.243,18383.85
1787544600000,5.244,5.272,5.244,5.271,7150.08
1787544900000,5.27,5.309,5.27,5.29,41262.45
1787545200000,5.291,5.297,5.285,5.285,4924.17
1787545500000,5.286,5.296,5.285,5.288,1989.37
1787545800000,5.288,5.293,5.284,5.286,2385.46
1787546100000,5.285,5.285,5.268,5.278,2292.78
1787546400000,5.277,5.285,5.268,5.272,1432.25
1787546700000,5.272,5.282,5.256,5.26,4865.98
1787547000000,5.26,5.261,5.2,5.226,58205.66
1787547300000,5.225,5.228,5.209,5.219,12883.73
1787547600000,5.219,5.224,5.195,5.215,17690.53
1787547900000,5.216,5.24,5.212,5.233,5520.34
1787548200000,5.233,5.29,5.232,5.29,3870.05
1787548500000,5.289,5.297,5.264,5.264,4188.58
1787548800000,5.263,5.283,5.26,5.264,10763.93
1787549100000,5.263,5.27,5.24,5.243,1023.47
1787549400000,5.241,5.252,5.22,5.247,2784.79
1787549700000,5.247,5.271,5.226,5.257,2253.9
1787550000000,5.256,5.313,5.253,5.307,4427.34
1787550300000,5.306,5.306,5.272,5.274,2263.43
1787550600000,5.274,5.308,5.273,5.3,2429.08
1787550900000,5.299,5.327,5.29,5.312,4404.02
1787551200000,5.311,5.323,5.295,5.298,6459.82
1787551500000,5.296,5.326,5.289,5.322,3624.87
1787551800000,5.323,5.365,5.318,5.351,4813.58
1787552100000,5.349,5.356,5.336,5.344,4008.12
1787552400000,5.343,5.353,5.323,5.353,5124.72
1787552700000,5.352,5.354,5.328,5.341,4519.63
1787553000000,5.339,5.344,5.295,5.298,5159.38
1787553300000,5.297,5.321,5.281,5.282,5135.83
1787553600000,5.282,5.298,5.275,5.281,4126.28
1787553900000,5.281,5.312,5.268,5.307,2577.45
1787554200000,5.307,5.312,5.285,5.286,1922.27
1787554500000,5.287,5.333,5.283,5.303,43638.73
1787554800000,5.303,5.31,5.288,5.302,4119.37
1787555100000,5.302,5.328,5.299,5.32,4191.15
1787555400000,5.321,5.375,5.321,5.375,8158.63
1787555700000,5.374,5.374,5.345,5.368,4643.47
1787556000000,5.367,5.384,5.355,5.356,3932.97
1787556300000,5.355,5.401,5.351,5.389,15069.17
1787556600000,5.388,5.395,5.369,5.394,8060.4
1787556900000,5.395,5.395,5.355,5.367,12644.07
1787557200000,5.367,5.367,5.343,5.346,4258.52
1787557500000,5.345,5.368,5.339,5.361,5526.48
1787557800000,5.36,5.36,5.337,5.353,2605.9
1787558100000,5.354,5.368,5.34,5.366,1285.38
