timestamp,open,high,low,close,volume
1745193600000,0.0443,0.0446,0.0425,0.0429,12027147.0
1745193900000,0.0429,0.0447,0.0428,0.0445,4003249.0
1745194200000,0.0446,0.0468,0.0446,0.0457,7490687.0
1745194500000,0.0457,0.0472,0.0456,0.0461,5645608.0
1745194800000,0.0461,0.0472,0.0457,0.046,3837238.0
1745195100000,0.046,0.047,0.046,0.0469,3466343.0
1745195400000,0.0468,0.0471,0.0443,0.0446,6251274.0
1745195700000,0.0446,0.0453,0.0445,0.0447,2850790.0
1745196000000,0.0447,0.0451,0.044,0.0446,2915524.0
1745196300000,0.0446,0.0451,0.0442,0.0445,2659464.0
1745196600000,0.0445,0.0452,0.0443,0.045,1633475.0
1745196900000,0.0451,0.0466,0.045,0.0462,2758929.0
1745197200000,0.0463,0.047,0.0461,0.0462,3449383.0
1745197500000,0.0461,0.0462,0.0446,0.0447,3668462.0
1745197800000,0.0447,0.0457,0.0445,0.0455,2584743.0
1745198100000,0.0456,0.0459,0.0445,0.0447,1627417.0
1745198400000,0.0447,0.045,0.0429,0.0433,4559612.0
1745198700000,0.0434,0.0434,0.041,0.0411,8764417.0
1745199000000,0.0411,0.0433,0.041,0.0428,6519915.0
1745199300000,0.0428,0.0436,0.0427,0.043,1714803.0
1745199600000,0.043,0.0434,0.042,0.043,3614298.0
1745199900000,0.043,0.0432,0.0421,0.0422,1866222.0
1745200200000,0.0422,0.0428,0.0421,0.0423,2134513.0
1745200500000,0.0423,0.0425,0.0419,0.042,2419132.0
1745200800000,0.042,0.042,0.0409,0.0419,4382284.0
1745201100000,0.0419,0.0431,0.0419,0.0423,5805325.0
1745201400000,0.0423,0.0439,0.0421,0.0434,4930854.0
1745201700000,0.0434,0.0452,0.0434,0.0451,5715472.0
1745202000000,0.0451,0.0452,0.0421,0.0423,7609016.0
1745202300000,0.0422,0.0441,0.0418,0.0434,5137312.0
1745202600000,0.0434,0.0442,0.043,0.0431,1985508.0
1745202900000,0.0432,0.0434,0.0426,0.0431,3546619.0
1745203200000,0.0431,0.0436,0.0429,0.0432,1460979.0
1745203500000,0.0432,0.044,0.0428,0.0436,2722622.0
1745203800000,0.0437,0.0443,0.0436,0.0437,2049029.0
1745204100000,0.0437,0.0446,0.0434,0.0439,3093460.0
1745204400000,0.0439,0.0442,0.0434,0.0436,2168316.0
1745204700000,0.0435,0.0438,0.0433,0.0437,2111761.0
1745205000000,0.0437,0.0446,0.0433,0.044,4369558.0
1745205300000,0.0441,0.0442,0.0435,0.0436,1291157.0
1745205600000,0.0435,0.0441,0.0435,0.0436,2280410.0
1745205900000,0.0436,0.0439,0.0433,0.0438,3035988.0
1745206200000,0.0438,0.0445,0.0437,0.0441,1682729.0
1745206500000,0.044,0.0441,0.0427,0.0429,2707810.0
1745206800000,0.0428,0.0429,0.0418,0.042,2662346.0
1745207100000,0.0421,0.0423,0.0416,0.0417,2111240.0
1745207400000,0.0417,0.0426,0.0416,0.0422,1957967.0
1745207700000,0.0422,0.0429,0.0421,0.0425,2089236.0
1745208000000,0.0425,0.0425,0.0411,0.0415,3840792.0
1745208300000,0.0415,0.0417,0.0399,0.0403,7585876.0
1745208600000,0.0402,0.0403,0.0396,0.04,5273236.0
1745208900000,0.0399,0.0404,0.0398,0.0401,1995498.0
1745209200000,0.0401,0.0405,0.0391,0.0405,3761713.0
1745209500000,0.0404,0.0407,0.0403,0.0405,1481056.0
1745209800000,0.0405,0.0416,0.0404,0.0414,2451637.0
1745210100000,0.0414,0.0421,0.0411,0.0419,1770375.0
1745210400000,0.042,0.042,0.041,0.041,2274723.0
1745210700000,0.041,0.0419,0.0408,0.0416,1534556.0
1745211000000,0.0416,0.042,0.0414,0.042,2232362.0
1745211300000,0.042,0.0425,0.0419,0.0423,1124826.0
1745211600000,0.0423,0.0425,0.0415,0.0415,1594041.0
1745211900000,0.0415,0.042,0.0412,0.0417,839301.0
1745212200000,0.0417,0.0417,0.0412,0.0414,854812.0
1745212500000,0.0413,0.0418,0.0412,0.0416,683422.0
1745212800000,0.0415,0.0418,0.0411,0.0411,1806465.0
1745213100000,0.0411,0.0412,0.0407,0.0408,1811248.0
1745213400000,0.0408,0.041,0.0406,0.0406,2119772.0
1745213700000,0.0406,0.041,0.0405,0.0408,1618599.0
1745214000000,0.0407,0.0411,0.0406,0.0406,779713.0
1745214300000,0.0406,0.0408,0.0402,0.0406,2831586.0
1745214600000,0.0406,0.0409,0.0404,0.0408,1334628.0
1745214900000,0.0407,0.0408,0.0402,0.0403,1074730.0
1745215200000,0.0404,0.0406,0.0402,0.0403,1596782.0
1745215500000,0.0403,0.0405,0.0402,0.0404,758556.0
1745215800000,0.0404,0.0405,0.0399,0.04,1209557.0
1745216100000,0.04,0.0402,0.0399,0.0399,1026182.0
1745216400000,0.04,0.0403,0.04,0.0402,1959254.0
1745216700000,0.0402,0.0403,0.0395,0.0397,3467952.0
1745217000000,0.0397,0.04,0.0393,0.0393,1378418.0
1745217300000,0.0394,0.0398,0.0393,0.0397,3355851.0
1745217600000,0.0396,0.0397,0.039,0.0392,2387414.0
1745217900000,0.0392,0.0393,0.0385,0.0389,3216202.0
1745218200000,0.039,0.039,0.0384,0.0385,2013963.0
1745218500000,0.0385,0.0385,0.0376,0.0379,4187150.0
1745218800000,0.0379,0.0385,0.0375,0.0382,5109166.0
1745219100000,0.0382,0.0394,0.0373,0.0381,12216437.0
1745219400000,0.0382,0.0384,0.0371,0.0372,7631833.0
1745219700000,0.0372,0.0373,0.0367,0.0368,3917940.0
1745220000000,0.0367,0.0368,0.0364,0.0366,3178729.0
1745220300000,0.0366,0.0369,0.0365,0.0366,2167555.0
1745220600000,0.0365,0.0366,0.0362,0.0363,2678716.0
1745220900000,0.0362,0.0364,0.036,0.0362,1973457.0
1745221200000,0.0362,0.0363,0.0359,0.0361,1284451.0
1745221500000,0.0362,0.0364,0.036,0.0363,1232922.0
1745221800000,0.0364,0.0366,0.0362,0.0364,2406945.0
1745222100000,0.0363,0.0365,0.0361,0.0362,1779593.0
1745222400000,0.0362,0.0382,0.036,0.0367,12072770.0
1745222700000,0.0367,0.0369,0.0364,0.0365,1723427.0
1745223000000,0.0366,0.0374,0.0362,0.0365,5648214.0
1745223300000,0.0364,0.0366,0.0361,0.0361,2020193.0
1745223600000,0.0361,0.0361,0.0353,0.0354,3314915.0
1745223900000,0.0354,0.0357,0.0354,0.0356,1287955.0
1745224200000,0.0355,0.0358,0.035,0.0352,4532685.0
1745224500000,0.0352,0.0357,0.0352,0.0355,1742620.0
1745224800000,0.0354,0.0357,0.0352,0.0357,3296154.0
1745225100000,0.0357,0.0359,0.0355,0.0356,772603.0
1745225400000,0.0357,0.0357,0.0352,0.0355,1036274.0
1745225700000,0.0355,0.0356,0.0354,0.0355,903651.0
1745226000000,0.0355,0.0355,0.0348,0.0351,2047637.0
1745226300000,0.035,0.0351,0.0345,0.0345,3800932.0
1745226600000,0.0345,0.0355,0.0345,0.0354,3759367.0
1745226900000,0.0354,0.0362,0.0348,0.035,3150865.0
1745227200000,0.0349,0.0351,0.0348,0.0349,2016568.0
1745227500000,0.0349,0.0352,0.0348,0.0351,1384923.0
1745227800000,0.0352,0.0353,0.0348,0.035,2853223.0
1745228100000,0.035,0.0354,0.0349,0.0351,1466087.0
1745228400000,0.0351,0.0351,0.0349,0.035,972132.0
1745228700000,0.035,0.0351,0.0348,0.035,1148500.0
1745229000000,0.0349,0.035,0.034,0.0342,4783198.0
1745229300000,0.0341,0.0341,0.0334,0.0336,3932218.0
1745229600000,0.0336,0.0339,0.0334,0.0336,3072727.0
1745229900000,0.0336,0.0338,0.0336,0.0338,879560.0
1745230200000,0.0338,0.0339,0.0336,0.0337,1367109.0
1745230500000,0.0337,0.034,0.0336,0.0336,1411181.0
1745230800000,0.0337,0.0343,0.0334,0.0339,3930802.0
1745231100000,0.0339,0.0339,0.0337,0.0337,715218.0
1745231400000,0.0338,0.034,0.0336,0.0337,1042419.0
1745231700000,0.0337,0.0341,0.0337,0.034,1216984.0
1745232000000,0.0341,0.0342,0.0321,0.0329,10407867.0
1745232300000,0.0329,0.0331,0.0327,0.0329,1270917.0
1745232600000,0.0329,0.033,0.0325,0.0325,1831205.0
1745232900000,0.0325,0.0326,0.0322,0.0325,2506732.0
1745233200000,0.0325,0.0325,0.0322,0.0324,1457847.0
1745233500000,0.0324,0.0324,0.0321,0.0322,1085487.0
1745233800000,0.0322,0.0328,0.0322,0.0327,1825557.0
1745234100000,0.0327,0.0328,0.0324,0.0325,737267.0
1745234400000,0.0325,0.0325,0.0321,0.0323,2173401.0
1745234700000,0.0323,0.0324,0.0321,0.0322,1187610.0
1745235000000,0.0322,0.0322,0.0319,0.032,1727120.0
1745235300000,0.0321,0.0321,0.0312,0.0314,5761286.0
1745235600000,0.0314,0.0318,0.0313,0.0317,6272867.0
1745235900000,0.0317,0.0318,0.0314,0.0315,2636064.0
1745236200000,0.0315,0.0316,0.0313,0.0315,2376914.0
1745236500000,0.0314,0.0315,0.0311,0.0314,2697383.0
1745236800000,0.0314,0.0321,0.0312,0.0317,7774146.0
1745237100000,0.0317,0.0317,0.0314,0.0317,1981504.0
1745237400000,0.0318,0.032,0.0316,0.0316,1178254.0
1745237700000,0.0316,0.0316,0.0311,0.0313,1521938.0
1745238000000,0.0314,0.0315,0.0313,0.0313,1367509.0
1745238300000,0.0313,0.0315,0.0312,0.0315,1120136.0
1745238600000,0.0315,0.0317,0.0312,0.0313,1217271.0
1745238900000,0.0313,0.0314,0.0312,0.0314,1121920.0
1745239200000,0.0314,0.0315,0.0312,0.0313,2089449.0
1745239500000,0.0314,0.0314,0.0312,0.0314,1955357.0
1745239800000,0.0314,0.0314,0.0309,0.031,5086579.0
1745240100000,0.031,0.0312,0.0309,0.0311,1315110.0
1745240400000,0.0311,0.0313,0.031,0.0312,1276847.0
1745240700000,0.0312,0.0314,0.0311,0.0312,1108635.0
1745241000000,0.0312,0.0319,0.0312,0.0318,3348197.0
1745241300000,0.0319,0.0328,0.0319,0.0321,7371036.0
1745241600000,0.0321,0.0324,0.0318,0.032,3740073.0
1745241900000,0.032,0.0321,0.0317,0.0319,1383954.0
1745242200000,0.0318,0.0324,0.0318,0.0323,2736014.0
1745242500000,0.0322,0.0325,0.032,0.0324,2159968.0
1745242800000,0.0324,0.0324,0.032,0.0322,2123002.0
1745243100000,0.0322,0.0329,0.0322,0.0328,5078503.0
1745243400000,0.0329,0.0329,0.0323,0.0326,2871082.0
1745243700000,0.0325,0.0333,0.0325,0.0331,4950198.0
1745244000000,0.0331,0.0335,0.0328,0.0335,4308744.0
1745244300000,0.0334,0.0335,0.0328,0.0329,4202017.0
1745244600000,0.0329,0.0333,0.0328,0.0333,2675823.0
1745244900000,0.0333,0.0337,0.033,0.0337,4019718.0
1745245200000,0.0337,0.0338,0.0333,0.0334,2966635.0
1745245500000,0.0335,0.0342,0.0334,0.034,5059577.0
1745245800000,0.034,0.034,0.0335,0.0338,3408936.0
1745246100000,0.0338,0.0341,0.0335,0.0339,3278420.0
1745246400000,0.0339,0.034,0.0337,0.0337,2800116.0
1745246700000,0.0337,0.0344,0.0336,0.0344,2732099.0
1745247000000,0.0344,0.0345,0.0339,0.0339,3681344.0
1745247300000,0.034,0.0341,0.0338,0.0339,1295800.0
1745247600000,0.0338,0.034,0.0334,0.0335,1923944.0
1745247900000,0.0334,0.0338,0.0332,0.0337,2468996.0
1745248200000,0.0337,0.034,0.0331,0.0332,1600497.0
1745248500000,0.0331,0.0334,0.0331,0.0334,1588870.0
1745248800000,0.0334,0.0337,0.0331,0.0336,937161.0
1745249100000,0.0337,0.0338,0.0335,0.0337,1716314.0
1745249400000,0.0337,0.0338,0.0335,0.0335,838941.0
1745249700000,0.0335,0.0337,0.0333,0.0336,1185644.0
1745250000000,0.0336,0.0341,0.0336,0.0341,1511028.0
1745250300000,0.0341,0.0342,0.0338,0.0339,2572483.0
1745250600000,0.0338,0.0339,0.0337,0.0338,1045556.0
1745250900000,0.0339,0.0341,0.0338,0.034,1327756.0
1745251200000,0.034,0.034,0.0336,0.0338,2193520.0
1745251500000,0.0338,0.0338,0.0332,0.0332,1745045.0
1745251800000,0.0332,0.0344,0.0328,0.033,10291025.0
1745252100000,0.0329,0.0331,0.0324,0.0325,4212017.0
1745252400000,0.0325,0.0327,0.0323,0.0326,2022181.0
1745252700000,0.0325,0.0327,0.0325,0.0326,667242.0
1745253000000,0.0326,0.0332,0.0326,0.0331,2024781.0
1745253300000,0.033,0.033,0.0327,0.033,1001719.0
1745253600000,0.0329,0.0335,0.0329,0.0331,1281463.0
1745253900000,0.0331,0.0335,0.033,0.0335,1813275.0
1745254200000,0.0335,0.0336,0.0332,0.0334,600466.0
1745254500000,0.0333,0.0334,0.0329,0.033,689715.0
1745254800000,0.033,0.0331,0.0328,0.0328,1436289.0
1745255100000,0.0328,0.0331,0.0326,0.0328,1320686.0
1745255400000,0.0327,0.0328,0.0325,0.0325,1173208.0
1745255700000,0.0324,0.0327,0.0323,0.0327,1369199.0
1745256000000,0.0326,0.0328,0.0325,0.0327,986730.0
1745256300000,0.0326,0.0328,0.0325,0.0326,1728502.0
1745256600000,0.0326,0.0328,0.0325,0.0327,867537.0
1745256900000,0.0326,0.0327,0.0322,0.0327,3726951.0
1745257200000,0.0328,0.0329,0.0315,0.0321,10910913.0
1745257500000,0.0321,0.0324,0.032,0.0322,1208723.0
1745257800000,0.0322,0.0325,0.0322,0.0324,810740.0
1745258100000,0.0325,0.0326,0.0323,0.0325,816805.0
1745258400000,0.0325,0.0325,0.032,0.0322,1294883.0
1745258700000,0.0322,0.0324,0.0321,0.0324,940557.0
1745259000000,0.0323,0.0325,0.032,0.0322,1051480.0
1745259300000,0.0321,0.0323,0.0321,0.0322,227610.0
1745259600000,0.0322,0.0324,0.0321,0.0322,470462.0
1745259900000,0.0321,0.0322,0.0318,0.0319,717362.0
1745260200000,0.0319,0.032,0.0317,0.0319,2010939.0
1745260500000,0.032,0.0322,0.0317,0.0317,1463032.0
1745260800000,0.0317,0.0319,0.0316,0.0317,1652792.0
1745261100000,0.0318,0.0323,0.0317,0.0323,2638142.0
1745261400000,0.0323,0.0323,0.0321,0.0321,902175.0
1745261700000,0.0321,0.0324,0.0321,0.0322,527062.0
1745262000000,0.0322,0.0326,0.0321,0.0322,1016391.0
1745262300000,0.0321,0.0324,0.0321,0.0324,353436.0
1745262600000,0.0324,0.0324,0.0322,0.0323,900179.0
1745262900000,0.0322,0.0324,0.0322,0.0323,127358.0
1745263200000,0.0324,0.0325,0.0323,0.0324,494661.0
1745263500000,0.0324,0.0324,0.0322,0.0324,472827.0
1745263800000,0.0324,0.0325,0.0321,0.0321,390791.0
1745264100000,0.0322,0.0322,0.032,0.0322,703565.0
1745264400000,0.0322,0.0322,0.0319,0.0319,359130.0
1745264700000,0.0319,0.0319,0.0317,0.0317,1008231.0
1745265000000,0.0316,0.032,0.0316,0.0318,992169.0
1745265300000,0.0318,0.0319,0.0317,0.0319,712409.0
1745265600000,0.0318,0.032,0.0316,0.0318,2689054.0
1745265900000,0.0317,0.0318,0.0317,0.0318,175893.0
1745266200000,0.0318,0.0318,0.0313,0.0314,3418726.0
1745266500000,0.0313,0.0314,0.0312,0.0312,1029969.0
1745266800000,0.0312,0.0313,0.0312,0.0313,209176.0
1745267100000,0.0313,0.0314,0.0312,0.0312,372774.0
1745267400000,0.0312,0.0314,0.0312,0.0314,486717.0
1745267700000,0.0314,0.0314,0.0312,0.0313,498765.0
1745268000000,0.0312,0.0315,0.0312,0.0315,664836.0
1745268300000,0.0315,0.0315,0.0313,0.0314,521000.0
1745268600000,0.0313,0.0316,0.0313,0.0314,377411.0
1745268900000,0.0315,0.0315,0.0313,0.0315,510481.0
1745269200000,0.0315,0.0316,0.0312,0.0313,1119540.0
1745269500000,0.0313,0.0313,0.0307,0.0309,2250903.0
1745269800000,0.0309,0.031,0.0307,0.0309,868937.0
1745270100000,0.0309,0.031,0.0307,0.0309,599092.0
1745270400000,0.0309,0.031,0.0309,0.031,522039.0
1745270700000,0.031,0.031,0.0308,0.0309,647068.0
1745271000000,0.0308,0.0312,0.0308,0.031,867432.0
1745271300000,0.031,0.0311,0.0309,0.031,500539.0
1745271600000,0.031,0.0313,0.031,0.0312,937724.0
1745271900000,0.0312,0.0312,0.0311,0.0311,358842.0
1745272200000,0.0311,0.0312,0.031,0.0311,239803.0
1745272500000,0.031,0.0312,0.031,0.0311,232378.0
1745272800000,0.0312,0.0314,0.0311,0.0312,815553.0
1745273100000,0.0312,0.0313,0.031,0.0312,719226.0
1745273400000,0.0312,0.0314,0.0311,0.0314,645946.0
1745273700000,0.0314,0.0314,0.0311,0.0311,777880.0
1745274000000,0.0311,0.0316,0.0311,0.0316,1357037.0
1745274300000,0.0316,0.0318,0.0314,0.0317,2063608.0
1745274600000,0.0318,0.0322,0.0316,0.0319,2750176.0
1745274900000,0.0319,0.032,0.0317,0.0319,516410.0
1745275200000,0.0319,0.032,0.0318,0.0318,526008.0
1745275500000,0.0318,0.0319,0.0316,0.0317,709343.0
1745275800000,0.0317,0.032,0.0316,0.0318,376145.0
1745276100000,0.0318,0.0321,0.0318,0.032,680691.0
1745276400000,0.032,0.0321,0.0318,0.0319,684712.0
1745276700000,0.0319,0.0324,0.0319,0.0322,517861.0
1745277000000,0.0323,0.0324,0.0316,0.0317,930180.0
1745277300000,0.0316,0.0318,0.0314,0.0314,889553.0
1745277600000,0.0314,0.0314,0.0308,0.0309,3465592.0
1745277900000,0.031,0.0311,0.0309,0.0311,751569.0
1745278200000,0.0311,0.0313,0.031,0.0312,584286.0
1745278500000,0.0312,0.0313,0.031,0.0313,700551.0
1745278800000,0.0313,0.0313,0.031,0.0313,668760.0
1745279100000,0.0313,0.0313,0.031,0.0313,1018959.0
1745279400000,0.0313,0.0314,0.0311,0.0311,313360.0
1745279700000,0.0311,0.0312,0.031,0.0311,476993.0
1745280000000,0.0311,0.0313,0.0308,0.031,1722552.0
1745280300000,0.0311,0.0311,0.0305,0.0305,2826246.0
1745280600000,0.0305,0.0307,0.0305,0.0307,159041.0
1745280900000,0.0307,0.0307,0.0301,0.0303,1513417.0
1745281200000,0.0304,0.0304,0.0299,0.0301,1441083.0
1745281500000,0.0301,0.0302,0.0299,0.0301,613232.0
1745281800000,0.0301,0.0304,0.03,0.0304,1976465.0
1745282100000,0.0304,0.0304,0.0301,0.0301,2041374.0
1745282400000,0.0302,0.0305,0.0301,0.0304,1257592.0
1745282700000,0.0305,0.0306,0.0303,0.0304,792934.0
1745283000000,0.0304,0.0304,0.0301,0.0302,548144.0
1745283300000,0.0302,0.0303,0.0301,0.0303,412964.0
1745283600000,0.0303,0.0304,0.0301,0.0301,618866.0
1745283900000,0.0302,0.0304,0.0301,0.0303,877746.0
1745284200000,0.0303,0.0304,0.0301,0.0303,487585.0
1745284500000,0.0303,0.0306,0.0303,0.0304,1216669.0
1745284800000,0.0303,0.0307,0.0303,0.0306,907928.0
1745285100000,0.0306,0.0309,0.0305,0.0309,978721.0
1745285400000,0.0309,0.0311,0.0305,0.0306,1729591.0
1745285700000,0.0305,0.0306,0.0303,0.0304,432177.0
1745286000000,0.0304,0.0305,0.0304,0.0305,641469.0
1745286300000,0.0304,0.0306,0.0303,0.0304,597596.0
1745286600000,0.0304,0.0305,0.0304,0.0305,587192.0
1745286900000,0.0305,0.0306,0.0303,0.0303,1075570.0
1745287200000,0.0304,0.0305,0.0302,0.0305,767267.0
1745287500000,0.0305,0.0306,0.0304,0.0305,695136.0
1745287800000,0.0305,0.0306,0.0303,0.0304,1003048.0
1745288100000,0.0303,0.0305,0.0303,0.0303,556699.0
1745288400000,0.0304,0.0305,0.0303,0.0303,613182.0
1745288700000,0.0303,0.0304,0.03,0.0301,1161315.0
1745289000000,0.0301,0.0303,0.03,0.0301,1410239.0
1745289300000,0.0301,0.0301,0.0299,0.03,331373.0
1745289600000,0.0299,0.03,0.0299,0.0299,519742.0
1745289900000,0.03,0.0301,0.0299,0.0299,398410.0
1745290200000,0.0299,0.03,0.0296,0.0297,1835117.0
1745290500000,0.0297,0.0299,0.0296,0.0297,553088.0
1745290800000,0.0297,0.0298,0.0296,0.0297,729063.0
1745291100000,0.0297,0.0299,0.0296,0.0297,1560595.0
1745291400000,0.0297,0.0297,0.0294,0.0295,1082500.0
1745291700000,0.0296,0.0297,0.0295,0.0296,780308.0
1745292000000,0.0295,0.0297,0.0294,0.0297,1219099.0
1745292300000,0.0297,0.0299,0.0296,0.0299,531305.0
1745292600000,0.0299,0.0299,0.0297,0.0298,582843.0
1745292900000,0.0299,0.0301,0.0299,0.0299,994457.0
1745293200000,0.0299,0.03,0.0298,0.0298,997879.0
1745293500000,0.0299,0.03,0.0297,0.0297,662517.0
1745293800000,0.0298,0.0301,0.0298,0.0301,927708.0
1745294100000,0.03,0.0301,0.0299,0.03,371785.0
1745294400000,0.03,0.0302,0.0298,0.0302,1538511.0
1745294700000,0.0302,0.0304,0.0301,0.0304,473080.0
1745295000000,0.0304,0.0304,0.0299,0.03,868111.0
1745295300000,0.03,0.0301,0.03,0.0301,422236.0
1745295600000,0.03,0.0301,0.0297,0.0299,742202.0
1745295900000,0.0299,0.0302,0.0299,0.0301,349804.0
1745296200000,0.0302,0.0303,0.0298,0.03,2347087.0
1745296500000,0.03,0.03,0.0298,0.0299,879788.0
1745296800000,0.0298,0.03,0.0298,0.0299,259863.0
1745297100000,0.0299,0.0299,0.0297,0.0299,504522.0
1745297400000,0.0298,0.0299,0.0296,0.0297,576583.0
1745297700000,0.0298,0.0298,0.0296,0.0296,198865.0
1745298000000,0.0296,0.0296,0.0293,0.0293,1835660.0
1745298300000,0.0293,0.0294,0.0291,0.0291,960227.0
1745298600000,0.0291,0.0292,0.0289,0.029,889203.0
1745298900000,0.029,0.0291,0.0288,0.0291,1686869.0
1745299200000,0.029,0.0292,0.0289,0.0292,587950.0
1745299500000,0.0292,0.0293,0.0291,0.0292,804639.0
1745299800000,0.0292,0.0293,0.029,0.0293,915782.0
1745300100000,0.0293,0.0293,0.0289,0.029,479693.0
1745300400000,0.029,0.0291,0.029,0.029,917249.0
1745300700000,0.029,0.0291,0.0289,0.0289,1113812.0
1745301000000,0.029,0.0291,0.0289,0.029,640294.0
1745301300000,0.029,0.0291,0.0286,0.0287,888974.0
1745301600000,0.0287,0.0288,0.0286,0.0287,1105969.0
1745301900000,0.0286,0.0288,0.0285,0.0287,1474658.0
1745302200000,0.0286,0.0289,0.0286,0.0289,794312.0
1745302500000,0.0289,0.0289,0.0286,0.0286,882774.0
1745302800000,0.0287,0.0288,0.0286,0.0287,587643.0
1745303100000,0.0287,0.0288,0.0286,0.0288,497916.0
1745303400000,0.0288,0.0289,0.0288,0.0288,276979.0
1745303700000,0.0289,0.029,0.0288,0.0289,1258900.0
1745304000000,0.0289,0.0289,0.0288,0.0288,308959.0
1745304300000,0.0288,0.0292,0.0288,0.029,1541620.0
1745304600000,0.0291,0.0291,0.0289,0.029,1040128.0
1745304900000,0.0291,0.0291,0.0288,0.0288,437044.0
1745305200000,0.0288,0.029,0.0288,0.0289,1084640.0
1745305500000,0.0288,0.0292,0.0288,0.0291,747218.0
1745305800000,0.029,0.0291,0.0289,0.029,313998.0
1745306100000,0.0289,0.029,0.0288,0.0288,540452.0
1745306400000,0.0288,0.0289,0.0286,0.0286,414205.0
1745306700000,0.0287,0.0287,0.0284,0.0285,827057.0
1745307000000,0.0285,0.029,0.0284,0.0289,967158.0
1745307300000,0.029,0.0293,0.029,0.0292,1178062.0
1745307600000,0.0291,0.0292,0.0289,0.0289,952033.0
1745307900000,0.029,0.0292,0.0289,0.029,734397.0
1745308200000,0.029,0.0291,0.0288,0.0288,480504.0
1745308500000,0.0288,0.0297,0.0287,0.0291,14612029.0
1745308800000,0.0291,0.0291,0.0287,0.0288,729223.0
1745309100000,0.0287,0.0288,0.0284,0.0284,1264617.0
1745309400000,0.0284,0.0285,0.0282,0.0282,1089343.0
1745309700000,0.0283,0.0284,0.0281,0.0282,725492.0
1745310000000,0.0282,0.0283,0.0281,0.0281,465049.0
1745310300000,0.0281,0.0282,0.028,0.0282,1073885.0
1745310600000,0.0283,0.0284,0.0282,0.0284,211792.0
1745310900000,0.0284,0.0286,0.0284,0.0285,2091996.0
1745311200000,0.0285,0.0286,0.0284,0.0285,852007.0
1745311500000,0.0284,0.0286,0.0284,0.0285,384941.0
1745311800000,0.0285,0.0287,0.0285,0.0286,314802.0
1745312100000,0.0287,0.0288,0.0284,0.0287,1938778.0
1745312400000,0.0287,0.0287,0.0285,0.0286,702875.0
1745312700000,0.0286,0.0287,0.0285,0.0286,504148.0
1745313000000,0.0286,0.0287,0.0286,0.0287,58044.0
1745313300000,0.0287,0.0287,0.0286,0.0286,164622.0
1745313600000,0.0286,0.0286,0.0285,0.0286,99024.0
1745313900000,0.0285,0.0287,0.0285,0.0286,658164.0
1745314200000,0.0287,0.0287,0.0285,0.0287,446912.0
1745314500000,0.0287,0.0288,0.0287,0.0287,639747.0
1745314800000,0.0287,0.0288,0.0286,0.0287,1173255.0
1745315100000,0.0287,0.0287,0.0286,0.0286,273676.0
1745315400000,0.0286,0.0287,0.0285,0.0287,439887.0
1745315700000,0.0286,0.0288,0.0286,0.0287,939366.0
1745316000000,0.0287,0.0288,0.0286,0.0288,716497.0
1745316300000,0.0287,0.0289,0.0287,0.0288,352956.0
1745316600000,0.0288,0.0288,0.0286,0.0288,376111.0
1745316900000,0.0288,0.0288,0.0286,0.0287,504016.0
1745317200000,0.0287,0.0292,0.0287,0.0289,1698671.0
1745317500000,0.029,0.0291,0.029,0.0291,768668.0
1745317800000,0.0291,0.0293,0.0289,0.029,1138599.0
1745318100000,0.029,0.0291,0.0286,0.0287,4923725.0
1745318400000,0.0288,0.0289,0.0286,0.0288,2264041.0
1745318700000,0.0288,0.0289,0.0287,0.0289,357847.0
1745319000000,0.0289,0.0289,0.0287,0.0287,221111.0
1745319300000,0.0288,0.029,0.0288,0.029,150201.0
1745319600000,0.0289,0.029,0.0288,0.029,288723.0
1745319900000,0.0289,0.029,0.0287,0.0288,596291.0
1745320200000,0.0289,0.0289,0.0287,0.0289,452912.0
1745320500000,0.0288,0.029,0.0288,0.029,357123.0
1745320800000,0.029,0.029,0.0287,0.0288,365337.0
1745321100000,0.0288,0.029,0.0287,0.0288,1708575.0
1745321400000,0.0288,0.0289,0.0286,0.0288,406900.0
1745321700000,0.0288,0.0288,0.0285,0.0285,453850.0
1745322000000,0.0285,0.0288,0.0285,0.0287,1480635.0
1745322300000,0.0286,0.0288,0.0285,0.0287,2083005.0
1745322600000,0.0287,0.0288,0.0286,0.0288,200831.0
1745322900000,0.0288,0.0289,0.0287,0.0289,606728.0
1745323200000,0.0288,0.0288,0.0285,0.0287,831517.0
1745323500000,0.0286,0.0287,0.0286,0.0286,317401.0
1745323800000,0.0287,0.0287,0.0285,0.0285,251265.0
1745324100000,0.0285,0.0286,0.0282,0.0283,888811.0
1745324400000,0.0282,0.0284,0.0282,0.0283,636521.0
1745324700000,0.0283,0.0284,0.0281,0.0282,667763.0
1745325000000,0.0283,0.0284,0.0281,0.0282,1871619.0
1745325300000,0.0281,0.0284,0.028,0.0281,2590853.0
1745325600000,0.028,0.0282,0.028,0.0282,1121659.0
1745325900000,0.0281,0.0282,0.028,0.0282,662304.0
1745326200000,0.0282,0.0282,0.028,0.0281,447622.0
1745326500000,0.028,0.0282,0.028,0.0281,667262.0
1745326800000,0.0281,0.0281,0.0278,0.028,1453049.0
1745327100000,0.028,0.028,0.0278,0.028,863868.0
1745327400000,0.028,0.028,0.0279,0.028,273798.0
1745327700000,0.0279,0.0282,0.0279,0.028,1862710.0
1745328000000,0.0281,0.0282,0.028,0.0282,972590.0
1745328300000,0.0281,0.0282,0.028,0.0281,499965.0
1745328600000,0.0281,0.0283,0.0279,0.0282,2304478.0
1745328900000,0.0282,0.0284,0.0281,0.0283,1013650.0
1745329200000,0.0283,0.0284,0.0281,0.0284,605531.0
1745329500000,0.0284,0.0285,0.0283,0.0284,549527.0
1745329800000,0.0283,0.0285,0.0282,0.0283,615972.0
1745330100000,0.0282,0.0283,0.0281,0.0283,273824.0
1745330400000,0.0282,0.0285,0.0282,0.0285,606667.0
1745330700000,0.0284,0.0287,0.0284,0.0287,711681.0
1745331000000,0.0287,0.0288,0.0285,0.0286,1760234.0
1745331300000,0.0286,0.0288,0.0285,0.0287,813398.0
1745331600000,0.0286,0.0288,0.0286,0.0288,1643101.0
1745331900000,0.0288,0.029,0.0287,0.0289,2781129.0
1745332200000,0.029,0.0293,0.0288,0.0292,2117021.0
1745332500000,0.0292,0.0293,0.029,0.0291,1756797.0
1745332800000,0.0291,0.0292,0.0289,0.0292,1815275.0
1745333100000,0.0292,0.0296,0.0291,0.0295,5298985.0
1745333400000,0.0295,0.03,0.0294,0.03,3590372.0
1745333700000,0.03,0.0308,0.0299,0.0302,5188497.0
1745334000000,0.0302,0.0309,0.0302,0.0308,2888839.0
1745334300000,0.0309,0.0318,0.0307,0.0316,5652899.0
1745334600000,0.0316,0.0317,0.0305,0.0305,3280903.0
1745334900000,0.0306,0.0312,0.0305,0.0307,7917958.0
1745335200000,0.0308,0.0309,0.0306,0.0307,951735.0
1745335500000,0.0308,0.0311,0.0308,0.0309,936381.0
1745335800000,0.031,0.0312,0.0309,0.031,1696080.0
1745336100000,0.031,0.0312,0.0306,0.0306,1389164.0
1745336400000,0.0307,0.0308,0.0304,0.0304,1392158.0
1745336700000,0.0304,0.0304,0.03,0.0301,2465505.0
1745337000000,0.0301,0.0303,0.03,0.03,479602.0
1745337300000,0.03,0.0303,0.03,0.0303,371618.0
1745337600000,0.0303,0.0304,0.0301,0.0301,960621.0
1745337900000,0.0301,0.0302,0.0298,0.0302,1542570.0
1745338200000,0.0302,0.0302,0.0296,0.0297,3615080.0
1745338500000,0.0296,0.0299,0.0296,0.0296,908151.0
1745338800000,0.0297,0.03,0.0296,0.0299,1302010.0
1745339100000,0.03,0.0302,0.0298,0.0301,1095322.0
1745339400000,0.0301,0.0303,0.03,0.0303,1054293.0
1745339700000,0.0303,0.0306,0.0302,0.0306,1438668.0
1745340000000,0.0305,0.0305,0.0303,0.0303,411132.0
1745340300000,0.0303,0.0305,0.0299,0.0301,2191054.0
1745340600000,0.03,0.0302,0.03,0.0302,395452.0
1745340900000,0.0301,0.0301,0.0299,0.0299,439214.0
1745341200000,0.0299,0.03,0.0298,0.03,1066867.0
1745341500000,0.0299,0.0301,0.0298,0.03,425056.0
1745341800000,0.03,0.03,0.0298,0.0299,624596.0
1745342100000,0.0299,0.0299,0.0297,0.0299,585451.0
1745342400000,0.0299,0.0299,0.0297,0.0297,518896.0
1745342700000,0.0298,0.0298,0.0295,0.0297,1768869.0
1745343000000,0.0297,0.0297,0.0294,0.0294,605730.0
1745343300000,0.0294,0.0296,0.0293,0.0294,692216.0
1745343600000,0.0294,0.0295,0.0293,0.0295,688102.0
1745343900000,0.0295,0.0296,0.0294,0.0295,853625.0
1745344200000,0.0295,0.0296,0.0294,0.0296,201852.0
1745344500000,0.0296,0.0297,0.0295,0.0295,495005.0
1745344800000,0.0295,0.0298,0.0294,0.0298,1711389.0
1745345100000,0.0297,0.0298,0.0296,0.0297,410845.0
1745345400000,0.0296,0.0299,0.0296,0.0297,1019274.0
1745345700000,0.0298,0.0298,0.0296,0.0298,554168.0
1745346000000,0.0297,0.03,0.0297,0.03,303060.0
1745346300000,0.03,0.0302,0.03,0.0301,1021114.0
1745346600000,0.0302,0.0307,0.0301,0.0305,2444656.0
1745346900000,0.0304,0.0306,0.0304,0.0304,529858.0
1745347200000,0.0305,0.0308,0.0305,0.0307,1085120.0
1745347500000,0.0307,0.0307,0.0303,0.0304,2286820.0
1745347800000,0.0304,0.0305,0.0302,0.0303,1009280.0
1745348100000,0.0303,0.0303,0.0301,0.0302,385084.0
1745348400000,0.0302,0.0306,0.0302,0.0304,1128771.0
1745348700000,0.0303,0.0306,0.0302,0.0302,956829.0
1745349000000,0.0302,0.0304,0.0301,0.0304,625058.0
1745349300000,0.0304,0.0304,0.0302,0.0302,330694.0
1745349600000,0.0302,0.0304,0.0301,0.0304,546651.0
1745349900000,0.0303,0.0303,0.0302,0.0302,180171.0
1745350200000,0.0302,0.0303,0.0301,0.0302,675030.0
1745350500000,0.0302,0.0302,0.0301,0.0302,394669.0
1745350800000,0.0301,0.0304,0.0301,0.0304,369454.0
1745351100000,0.0304,0.0304,0.0302,0.0302,589588.0
1745351400000,0.0301,0.0302,0.0301,0.0301,236192.0
1745351700000,0.0302,0.0302,0.0301,0.0301,46727.0
1745352000000,0.0301,0.0302,0.03,0.0301,367992.0
1745352300000,0.0301,0.0302,0.03,0.0302,762977.0
1745352600000,0.0301,0.0302,0.03,0.03,533906.0
1745352900000,0.0301,0.0301,0.0298,0.03,687825.0
1745353200000,0.03,0.0301,0.0299,0.0301,278770.0
1745353500000,0.0301,0.0301,0.03,0.0301,33188.0
1745353800000,0.0301,0.0302,0.0301,0.0301,40498.0
1745354100000,0.0301,0.0303,0.0301,0.0302,148986.0
1745354400000,0.0302,0.0302,0.0301,0.0302,167351.0
1745354700000,0.0303,0.0303,0.03,0.03,398870.0
1745355000000,0.0301,0.0301,0.03,0.03,443424.0
1745355300000,0.0301,0.0302,0.03,0.0301,369142.0
1745355600000,0.0301,0.0302,0.0301,0.0302,126542.0
1745355900000,0.0301,0.0302,0.0301,0.0301,47017.0
1745356200000,0.0301,0.0301,0.0299,0.0301,290355.0
1745356500000,0.03,0.0301,0.03,0.0301,51653.0
1745356800000,0.0301,0.0304,0.0301,0.0304,324375.0
1745357100000,0.0304,0.0304,0.0301,0.0302,287816.0
1745357400000,0.0303,0.0305,0.0303,0.0304,173301.0
1745357700000,0.0303,0.0305,0.0302,0.0304,492293.0
1745358000000,0.0303,0.0303,0.0301,0.0301,143954.0
1745358300000,0.0301,0.0308,0.0301,0.0308,443955.0
1745358600000,0.0308,0.0308,0.0302,0.0305,1270375.0
1745358900000,0.0304,0.0304,0.0302,0.0302,1277321.0
1745359200000,0.0302,0.0303,0.0301,0.0302,938412.0
1745359500000,0.0301,0.0301,0.0297,0.0298,885041.0
1745359800000,0.0297,0.03,0.0296,0.03,1114632.0
1745360100000,0.0299,0.03,0.0299,0.0299,163015.0
1745360400000,0.03,0.0301,0.0299,0.0299,290190.0
1745360700000,0.03,0.03,0.0298,0.0299,271916.0
1745361000000,0.0298,0.03,0.0298,0.0299,655668.0
1745361300000,0.0299,0.03,0.0296,0.0297,430488.0
1745361600000,0.0296,0.0298,0.0296,0.0298,206972.0
1745361900000,0.0298,0.0299,0.0297,0.0299,486959.0
1745362200000,0.0299,0.0301,0.0298,0.0301,360403.0
1745362500000,0.03,0.0302,0.03,0.0301,287899.0
1745362800000,0.03,0.0302,0.0299,0.0301,435401.0
1745363100000,0.0301,0.0303,0.0301,0.0303,252225.0
1745363400000,0.0303,0.0303,0.0301,0.0302,331387.0
1745363700000,0.0302,0.0303,0.0296,0.0297,2197508.0
1745364000000,0.0297,0.0298,0.0296,0.0296,751361.0
1745364300000,0.0296,0.0299,0.0296,0.0298,740731.0
1745364600000,0.0298,0.0298,0.0295,0.0296,527931.0
1745364900000,0.0296,0.0297,0.0296,0.0297,158773.0
1745365200000,0.0297,0.0298,0.0296,0.0298,134080.0
1745365500000,0.0297,0.0298,0.0296,0.0297,586078.0
1745365800000,0.0297,0.0298,0.0296,0.0297,410044.0
1745366100000,0.0297,0.0298,0.0296,0.0296,434637.0
1745366400000,0.0297,0.0298,0.0296,0.0297,1214052.0
1745366700000,0.0297,0.03,0.0296,0.0299,2226364.0
1745367000000,0.0298,0.0304,0.0298,0.0302,3238392.0
1745367300000,0.0303,0.0304,0.0302,0.0304,654677.0
1745367600000,0.0304,0.0306,0.0303,0.0306,782920.0
1745367900000,0.0305,0.0306,0.0304,0.0305,923317.0
1745368200000,0.0305,0.0308,0.0305,0.0307,945853.0
1745368500000,0.0308,0.0308,0.0303,0.0304,880362.0
1745368800000,0.0305,0.0305,0.0303,0.0304,385457.0
1745369100000,0.0304,0.0305,0.0303,0.0305,817064.0
1745369400000,0.0306,0.0306,0.0302,0.0303,324789.0
1745369700000,0.0302,0.0303,0.0301,0.0303,411876.0
1745370000000,0.0303,0.0305,0.0302,0.0305,170742.0
1745370300000,0.0305,0.0308,0.0304,0.0308,446814.0
1745370600000,0.0308,0.0309,0.0307,0.0307,1004970.0
1745370900000,0.0308,0.0308,0.0305,0.0305,535236.0
1745371200000,0.0305,0.0305,0.0305,0.0305,93252.0
1745371500000,0.0306,0.0307,0.0305,0.0305,180959.0
1745371800000,0.0305,0.0306,0.0302,0.0302,397753.0
1745372100000,0.0302,0.0303,0.0302,0.0302,594181.0
1745372400000,0.0302,0.0302,0.0299,0.03,909636.0
1745372700000,0.03,0.0301,0.0299,0.0299,407545.0
1745373000000,0.0299,0.0299,0.0298,0.0299,703556.0
1745373300000,0.0299,0.0299,0.0297,0.0298,602839.0
1745373600000,0.0298,0.0299,0.0298,0.0298,539624.0
1745373900000,0.0299,0.03,0.0298,0.0298,576800.0
1745374200000,0.0299,0.0299,0.0298,0.0298,299380.0
1745374500000,0.0298,0.0299,0.0298,0.0298,207117.0
1745374800000,0.0298,0.03,0.0297,0.0299,1217869.0
1745375100000,0.0299,0.0301,0.0297,0.0301,1285382.0
1745375400000,0.03,0.0301,0.0299,0.03,726506.0
1745375700000,0.03,0.0302,0.03,0.0301,598693.0
1745376000000,0.0301,0.0303,0.0301,0.0302,324903.0
1745376300000,0.0302,0.0304,0.0302,0.0304,465519.0
1745376600000,0.0304,0.0305,0.0303,0.0304,722544.0
1745376900000,0.0304,0.0307,0.0304,0.0307,1151743.0
1745377200000,0.0308,0.031,0.0307,0.031,266889.0
1745377500000,0.0309,0.0312,0.0309,0.0311,1244177.0
1745377800000,0.0311,0.0311,0.0308,0.0309,638300.0
1745378100000,0.0309,0.0314,0.0309,0.0312,1337870.0
1745378400000,0.0312,0.0312,0.0309,0.0309,457984.0
1745378700000,0.0309,0.0311,0.0309,0.0311,511821.0
1745379000000,0.0311,0.0312,0.0308,0.0308,580067.0
1745379300000,0.0307,0.0308,0.0306,0.0307,534502.0
1745379600000,0.0307,0.0308,0.0307,0.0307,380071.0
1745379900000,0.0308,0.0309,0.0307,0.0308,280798.0
1745380200000,0.0308,0.0309,0.0307,0.0308,546618.0
1745380500000,0.0307,0.0308,0.0307,0.0307,856931.0
1745380800000,0.0307,0.0308,0.0306,0.0307,490376.0
1745381100000,0.0306,0.0309,0.0306,0.0308,382087.0
1745381400000,0.0308,0.0308,0.0307,0.0307,560296.0
1745381700000,0.0307,0.0308,0.0306,0.0306,429314.0
1745382000000,0.0306,0.0307,0.0305,0.0305,712139.0
1745382300000,0.0305,0.0305,0.0303,0.0305,485347.0
1745382600000,0.0305,0.0305,0.0303,0.0304,391764.0
1745382900000,0.0303,0.0306,0.0303,0.0305,166444.0
1745383200000,0.0305,0.0308,0.0305,0.0307,635613.0
1745383500000,0.0308,0.0311,0.0306,0.0309,659391.0
1745383800000,0.031,0.0314,0.031,0.0313,565425.0
1745384100000,0.0313,0.0314,0.0311,0.0313,539673.0
1745384400000,0.0312,0.0313,0.0308,0.0308,647677.0
1745384700000,0.0308,0.031,0.0307,0.0309,723206.0
1745385000000,0.0309,0.031,0.0308,0.0308,238709.0
1745385300000,0.0308,0.0309,0.0307,0.0308,619187.0
1745385600000,0.0308,0.0312,0.0308,0.0311,311917.0
1745385900000,0.0311,0.0313,0.031,0.0311,565690.0
1745386200000,0.0312,0.0315,0.0311,0.0313,1000133.0
1745386500000,0.0314,0.0318,0.0314,0.0318,1062580.0
1745386800000,0.0319,0.032,0.0318,0.032,1024775.0
1745387100000,0.032,0.0322,0.0315,0.0315,2168297.0
1745387400000,0.0315,0.0318,0.0315,0.0316,638439.0
1745387700000,0.0316,0.0318,0.0316,0.0317,241947.0
1745388000000,0.0317,0.0319,0.0317,0.0319,1103350.0
1745388300000,0.0319,0.032,0.0318,0.0319,767379.0
1745388600000,0.0319,0.033,0.0318,0.0327,4306413.0
1745388900000,0.0327,0.0342,0.0325,0.0325,6883691.0
1745389200000,0.0325,0.0328,0.0322,0.0328,1499176.0
1745389500000,0.0329,0.0334,0.0329,0.0332,2058804.0
1745389800000,0.0331,0.0336,0.0329,0.0336,3071706.0
1745390100000,0.0336,0.0342,0.0336,0.0338,2574660.0
1745390400000,0.0339,0.0346,0.0337,0.0342,3344670.0
1745390700000,0.0342,0.0353,0.0342,0.0348,4476453.0
1745391000000,0.0348,0.0352,0.0343,0.0344,3308461.0
1745391300000,0.0345,0.0345,0.033,0.033,3119480.0
1745391600000,0.033,0.0333,0.0323,0.0329,3216201.0
1745391900000,0.0329,0.0336,0.0328,0.0335,1327934.0
1745392200000,0.0336,0.0352,0.0336,0.0348,6109515.0
1745392500000,0.0348,0.0375,0.0347,0.0373,18727813.0
1745392800000,0.0373,0.0382,0.0364,0.0378,8790803.0
1745393100000,0.0379,0.0387,0.0374,0.0378,8240348.0
1745393400000,0.0378,0.0403,0.0365,0.0369,15631800.0
1745393700000,0.0368,0.0375,0.0357,0.0373,8724816.0
1745394000000,0.0373,0.0375,0.0366,0.0373,4243025.0
1745394300000,0.0374,0.0384,0.0372,0.0377,6186109.0
1745394600000,0.0376,0.0387,0.0374,0.0385,2664868.0
1745394900000,0.0384,0.0385,0.0369,0.037,4576974.0
1745395200000,0.037,0.0386,0.0365,0.0379,6251383.0
1745395500000,0.0379,0.038,0.0358,0.0361,4396250.0
1745395800000,0.0361,0.0368,0.0357,0.0365,3690533.0
1745396100000,0.0365,0.0369,0.0357,0.0358,2015044.0
1745396400000,0.0359,0.036,0.0353,0.0354,2413597.0
1745396700000,0.0354,0.0357,0.0353,0.0355,1382892.0
1745397000000,0.0354,0.0357,0.0348,0.0348,3204633.0
1745397300000,0.0348,0.0353,0.0348,0.0351,1369048.0
1745397600000,0.0351,0.0351,0.0345,0.0348,3116974.0
1745397900000,0.0348,0.0351,0.0347,0.0347,806706.0
1745398200000,0.0347,0.0351,0.0345,0.0347,1373805.0
1745398500000,0.0347,0.0348,0.0345,0.0346,1042408.0
1745398800000,0.0345,0.0346,0.034,0.0341,2006141.0
1745399100000,0.0341,0.0343,0.0338,0.0341,2890165.0
1745399400000,0.0341,0.0347,0.034,0.0345,1869606.0
1745399700000,0.0345,0.0346,0.0343,0.0344,1233511.0
1745400000000,0.0343,0.0348,0.0343,0.0347,934467.0
1745400300000,0.0346,0.0356,0.0345,0.0355,3388246.0
1745400600000,0.0355,0.036,0.035,0.0354,3999091.0
1745400900000,0.0354,0.0354,0.035,0.0353,913014.0
1745401200000,0.0353,0.0353,0.0349,0.0352,977465.0
1745401500000,0.0352,0.0356,0.0351,0.0351,1231793.0
1745401800000,0.0352,0.0353,0.0348,0.0349,967596.0
1745402100000,0.0349,0.0357,0.0349,0.0355,1491319.0
1745402400000,0.0355,0.0362,0.0353,0.0356,4054512.0
1745402700000,0.0356,0.0356,0.0343,0.0345,3070894.0
1745403000000,0.0346,0.0348,0.0343,0.0346,1474307.0
1745403300000,0.0347,0.035,0.0347,0.0349,904524.0
1745403600000,0.035,0.0356,0.0349,0.0351,2723424.0
1745403900000,0.0351,0.0353,0.035,0.0351,852499.0
1745404200000,0.0352,0.0355,0.0347,0.0348,2609322.0
1745404500000,0.0348,0.0348,0.0342,0.0343,923798.0
1745404800000,0.0344,0.0344,0.0341,0.0344,497655.0
1745405100000,0.0344,0.0346,0.0343,0.0345,968941.0
1745405400000,0.0345,0.0345,0.0341,0.0344,877426.0
1745405700000,0.0343,0.0349,0.0341,0.0347,1496467.0
1745406000000,0.0348,0.0353,0.0346,0.0351,1894712.0
1745406300000,0.0351,0.0359,0.035,0.0357,2902426.0
1745406600000,0.0357,0.0359,0.035,0.0351,2895002.0
1745406900000,0.0351,0.0352,0.0347,0.035,917039.0
1745407200000,0.0349,0.0353,0.0348,0.0352,1072418.0
1745407500000,0.0352,0.0356,0.0352,0.0355,532803.0
1745407800000,0.0354,0.0361,0.0353,0.0357,2888122.0
1745408100000,0.0358,0.0362,0.0356,0.0358,2388944.0
1745408400000,0.0359,0.0366,0.0357,0.0357,2266626.0
1745408700000,0.0357,0.036,0.0356,0.0358,914145.0
1745409000000,0.0357,0.0361,0.0354,0.0354,1229854.0
1745409300000,0.0354,0.0356,0.0351,0.0355,465213.0
1745409600000,0.0355,0.0361,0.0355,0.0358,2189187.0
1745409900000,0.0358,0.0358,0.0347,0.0348,3259028.0
1745410200000,0.0347,0.0352,0.0347,0.0352,1422572.0
1745410500000,0.0351,0.0353,0.0348,0.0348,712458.0
1745410800000,0.0348,0.0351,0.0345,0.0345,630559.0
1745411100000,0.0345,0.0351,0.0345,0.035,914266.0
1745411400000,0.0351,0.0352,0.0347,0.0347,1170182.0
1745411700000,0.0348,0.035,0.0346,0.035,1603624.0
1745412000000,0.0351,0.0354,0.035,0.0353,866133.0
1745412300000,0.0353,0.0355,0.0348,0.0349,1495179.0
1745412600000,0.035,0.0353,0.035,0.0351,883398.0
1745412900000,0.0352,0.0352,0.0348,0.0348,849663.0
1745413200000,0.0348,0.0348,0.0344,0.0346,1230712.0
1745413500000,0.0346,0.0348,0.0343,0.0347,610273.0
1745413800000,0.0347,0.0352,0.0346,0.0349,584763.0
1745414100000,0.0349,0.0351,0.0348,0.0351,453197.0
1745414400000,0.0352,0.0355,0.0351,0.0353,1154627.0
1745414700000,0.0353,0.0354,0.0352,0.0354,580170.0
1745415000000,0.0354,0.0355,0.0348,0.0348,979085.0
1745415300000,0.0348,0.0353,0.0346,0.0348,2020808.0
1745415600000,0.0348,0.0349,0.0347,0.0347,940841.0
1745415900000,0.0347,0.035,0.0347,0.0349,482271.0
1745416200000,0.0348,0.035,0.0344,0.0346,1408684.0
1745416500000,0.0345,0.0348,0.0343,0.0347,1239366.0
1745416800000,0.0348,0.0359,0.0348,0.0353,4982466.0
1745417100000,0.0353,0.0356,0.0352,0.0354,1115215.0
1745417400000,0.0354,0.0358,0.0352,0.0354,2146917.0
1745417700000,0.0354,0.0356,0.0351,0.0354,1297010.0
1745418000000,0.0354,0.0357,0.0353,0.0356,1205473.0
1745418300000,0.0356,0.0359,0.0355,0.0356,1002659.0
1745418600000,0.0356,0.0357,0.0352,0.0355,1246048.0
1745418900000,0.0355,0.0357,0.0354,0.0354,1212157.0
1745419200000,0.0354,0.0355,0.0353,0.0354,379093.0
1745419500000,0.0354,0.0355,0.0353,0.0355,425459.0
1745419800000,0.0355,0.0359,0.0354,0.0357,989897.0
1745420100000,0.0356,0.036,0.0355,0.0358,2463700.0
1745420400000,0.0358,0.0364,0.0358,0.0363,1886609.0
1745420700000,0.0364,0.0364,0.0351,0.0353,4065151.0
1745421000000,0.0353,0.0353,0.0347,0.0352,1855017.0
1745421300000,0.0351,0.0353,0.0348,0.035,627678.0
1745421600000,0.035,0.0353,0.0349,0.035,692218.0
1745421900000,0.0351,0.0356,0.0351,0.0356,1839973.0
1745422200000,0.0355,0.0357,0.0346,0.035,3605036.0
1745422500000,0.0351,0.0353,0.0347,0.0351,1381431.0
1745422800000,0.0351,0.0352,0.0348,0.0349,559192.0
1745423100000,0.0349,0.0349,0.0344,0.0346,1077114.0
1745423400000,0.0345,0.0346,0.034,0.0344,2338348.0
1745423700000,0.0344,0.0346,0.0342,0.0343,1508014.0
1745424000000,0.0343,0.0345,0.0333,0.0333,2501525.0
1745424300000,0.0333,0.0335,0.0329,0.033,2633715.0
1745424600000,0.0331,0.0333,0.0329,0.0329,569321.0
1745424900000,0.0329,0.0332,0.0328,0.0329,1490807.0
1745425200000,0.0328,0.033,0.0326,0.0327,685226.0
1745425500000,0.0327,0.0329,0.0326,0.0328,1055800.0
1745425800000,0.0327,0.0328,0.0321,0.0324,3011395.0
1745426100000,0.0324,0.0328,0.0322,0.0323,2640229.0
1745426400000,0.0323,0.0327,0.0323,0.0326,1026883.0
1745426700000,0.0326,0.0326,0.0324,0.0324,489119.0
1745427000000,0.0325,0.0326,0.0324,0.0324,325008.0
1745427300000,0.0324,0.0328,0.0324,0.0328,534638.0
1745427600000,0.0327,0.0332,0.0326,0.033,2980928.0
1745427900000,0.033,0.0334,0.0329,0.0333,1340518.0
1745428200000,0.0333,0.0336,0.0332,0.0334,979959.0
1745428500000,0.0335,0.0336,0.0333,0.0336,450354.0
1745428800000,0.0336,0.034,0.0335,0.0338,3208539.0
1745429100000,0.0338,0.0338,0.0332,0.0332,2383139.0
1745429400000,0.0332,0.0333,0.033,0.0332,885842.0
1745429700000,0.0331,0.0332,0.033,0.0331,417043.0
1745430000000,0.0331,0.0331,0.0326,0.0328,1493625.0
1745430300000,0.0329,0.033,0.0328,0.0329,566380.0
1745430600000,0.0329,0.033,0.0329,0.033,394169.0
1745430900000,0.0329,0.0331,0.0329,0.0329,336376.0
1745431200000,0.0329,0.0334,0.0329,0.0333,687586.0
1745431500000,0.0333,0.0333,0.0331,0.0331,297975.0
1745431800000,0.0331,0.0333,0.033,0.0331,840620.0
1745432100000,0.033,0.0332,0.0329,0.033,678701.0
1745432400000,0.0331,0.0331,0.0329,0.033,479113.0
1745432700000,0.0329,0.033,0.0328,0.0328,368246.0
1745433000000,0.0328,0.0329,0.0327,0.0327,532097.0
1745433300000,0.0327,0.033,0.0326,0.0329,865329.0
1745433600000,0.0328,0.0329,0.0327,0.0327,337997.0
1745433900000,0.0328,0.0329,0.0327,0.0329,113092.0
1745434200000,0.0328,0.033,0.0328,0.033,361025.0
1745434500000,0.0329,0.033,0.0328,0.0328,109123.0
1745434800000,0.0328,0.033,0.0328,0.0329,454696.0
1745435100000,0.0329,0.0331,0.0328,0.033,694207.0
1745435400000,0.033,0.033,0.0327,0.0328,412659.0
1745435700000,0.0328,0.0329,0.0327,0.0328,260498.0
1745436000000,0.0328,0.0329,0.0326,0.0327,448424.0
1745436300000,0.0327,0.0328,0.0326,0.0327,503398.0
1745436600000,0.0328,0.0329,0.0327,0.0329,448592.0
1745436900000,0.0328,0.033,0.0328,0.0329,159467.0
1745437200000,0.0329,0.033,0.0328,0.0328,216499.0
1745437500000,0.0328,0.0329,0.0327,0.0329,300952.0
1745437800000,0.0329,0.0329,0.0326,0.0327,354474.0
1745438100000,0.0326,0.0327,0.0326,0.0327,39518.0
1745438400000,0.0327,0.0328,0.0326,0.0327,399513.0
1745438700000,0.0327,0.0328,0.0326,0.0327,182987.0
1745439000000,0.0327,0.0328,0.0326,0.0327,201073.0
1745439300000,0.0328,0.0329,0.0327,0.0329,125487.0
1745439600000,0.0329,0.0331,0.0329,0.0329,484351.0
1745439900000,0.033,0.0331,0.033,0.0331,225286.0
1745440200000,0.033,0.0332,0.0328,0.0329,469018.0
1745440500000,0.0329,0.0329,0.0324,0.0325,947389.0
1745440800000,0.0325,0.0326,0.0325,0.0326,485741.0
1745441100000,0.0326,0.0327,0.0325,0.0326,393607.0
1745441400000,0.0325,0.0326,0.0325,0.0325,35593.0
1745441700000,0.0326,0.0327,0.0325,0.0327,182703.0
1745442000000,0.0326,0.0327,0.0325,0.0326,599699.0
1745442300000,0.0326,0.0327,0.0324,0.0326,766405.0
1745442600000,0.0326,0.0326,0.0323,0.0323,272564.0
1745442900000,0.0323,0.0324,0.0323,0.0324,175871.0
1745443200000,0.0324,0.0324,0.0322,0.0324,229479.0
1745443500000,0.0323,0.0323,0.0321,0.0322,722717.0
1745443800000,0.0323,0.0324,0.032,0.032,848195.0
1745444100000,0.0321,0.0322,0.0319,0.032,1239370.0
1745444400000,0.032,0.0321,0.0316,0.0318,1809291.0
1745444700000,0.0317,0.0319,0.0317,0.0318,360718.0
1745445000000,0.0318,0.032,0.0315,0.032,1631953.0
1745445300000,0.032,0.0322,0.032,0.0322,275963.0
1745445600000,0.0322,0.0323,0.0321,0.0321,411615.0
1745445900000,0.0322,0.0324,0.0322,0.0322,449856.0
1745446200000,0.0322,0.0323,0.032,0.0322,742785.0
1745446500000,0.0322,0.0323,0.0321,0.0323,138962.0
1745446800000,0.0323,0.0323,0.0321,0.0323,333851.0
1745447100000,0.0322,0.0324,0.0322,0.0324,127643.0
1745447400000,0.0324,0.0324,0.0321,0.0323,1292400.0
1745447700000,0.0323,0.0324,0.0322,0.0323,423746.0
1745448000000,0.0324,0.0324,0.0322,0.0324,154251.0
1745448300000,0.0324,0.0325,0.0323,0.0325,308389.0
1745448600000,0.0324,0.0325,0.0324,0.0325,199532.0
1745448900000,0.0325,0.0325,0.0324,0.0324,17781.0
1745449200000,0.0325,0.0325,0.0323,0.0324,359254.0
1745449500000,0.0324,0.0327,0.0324,0.0326,269546.0
1745449800000,0.0326,0.0327,0.0325,0.0326,317988.0
1745450100000,0.0327,0.0327,0.0323,0.0324,472267.0
1745450400000,0.0324,0.0325,0.0323,0.0325,101936.0
1745450700000,0.0324,0.0324,0.0322,0.0323,64120.0
1745451000000,0.0322,0.0323,0.0321,0.0323,222799.0
1745451300000,0.0322,0.0323,0.0322,0.0323,11586.0
1745451600000,0.0322,0.0324,0.0322,0.0323,212639.0
1745451900000,0.0322,0.0324,0.0321,0.0324,657454.0
1745452200000,0.0323,0.0325,0.0322,0.0323,547102.0
1745452500000,0.0324,0.0325,0.0323,0.0324,370107.0
1745452800000,0.0324,0.0327,0.0324,0.0325,1169938.0
1745453100000,0.0325,0.0326,0.0323,0.0324,536356.0
1745453400000,0.0324,0.0328,0.0322,0.0327,1297085.0
1745453700000,0.0327,0.0329,0.0325,0.0327,1579638.0
1745454000000,0.0328,0.0329,0.0321,0.0321,1295500.0
1745454300000,0.0322,0.0323,0.032,0.0321,1117331.0
1745454600000,0.0321,0.0322,0.0319,0.0322,639648.0
1745454900000,0.0322,0.0323,0.0321,0.0323,231165.0
1745455200000,0.0322,0.0324,0.0322,0.0324,455638.0
1745455500000,0.0325,0.0326,0.0323,0.0324,1198255.0
1745455800000,0.0324,0.0325,0.0322,0.0325,641135.0
1745456100000,0.0326,0.0326,0.0324,0.0325,597059.0
1745456400000,0.0325,0.0326,0.0324,0.0325,463985.0
1745456700000,0.0325,0.0329,0.0324,0.0327,1351646.0
1745457000000,0.0327,0.0332,0.0325,0.033,2550325.0
1745457300000,0.0331,0.0339,0.033,0.0335,5594932.0
1745457600000,0.0334,0.0347,0.0333,0.0346,8516335.0
1745457900000,0.0346,0.0356,0.0343,0.0348,7744974.0
1745458200000,0.0348,0.035,0.0338,0.0339,5169416.0
1745458500000,0.0339,0.0349,0.0338,0.0347,1675461.0
1745458800000,0.0348,0.0351,0.0347,0.0348,1094302.0
1745459100000,0.0348,0.0354,0.0348,0.0352,2445027.0
1745459400000,0.0352,0.0358,0.0351,0.0355,5690859.0
1745459700000,0.0355,0.0355,0.0348,0.0354,1867224.0
1745460000000,0.0354,0.036,0.0342,0.0343,4934201.0
1745460300000,0.0344,0.0344,0.0339,0.0343,1730957.0
1745460600000,0.0343,0.0346,0.0339,0.0342,1328269.0
1745460900000,0.0343,0.0344,0.0341,0.0341,341097.0
1745461200000,0.0341,0.0344,0.0336,0.0338,2820928.0
1745461500000,0.0338,0.0339,0.0335,0.0337,1903077.0
1745461800000,0.0337,0.0338,0.0335,0.0336,786834.0
1745462100000,0.0335,0.0339,0.0334,0.0337,2139738.0
1745462400000,0.0337,0.0342,0.0337,0.034,2116658.0
1745462700000,0.034,0.034,0.0332,0.0333,2136448.0
1745463000000,0.0333,0.0334,0.033,0.0333,720375.0
1745463300000,0.0333,0.0334,0.0332,0.0333,656356.0
1745463600000,0.0334,0.0335,0.0332,0.0335,642684.0
1745463900000,0.0335,0.0335,0.0333,0.0333,727497.0
1745464200000,0.0332,0.0335,0.0332,0.0334,652300.0
1745464500000,0.0334,0.0335,0.0332,0.0333,450733.0
1745464800000,0.0333,0.0335,0.0333,0.0335,443967.0
1745465100000,0.0335,0.0342,0.0335,0.0341,1138840.0
1745465400000,0.0341,0.0342,0.0336,0.0337,755820.0
1745465700000,0.0337,0.0344,0.0336,0.034,3074136.0
1745466000000,0.0339,0.0341,0.0338,0.034,1279018.0
1745466300000,0.034,0.0345,0.0339,0.0344,485263.0
1745466600000,0.0344,0.0346,0.0342,0.0346,1107419.0
1745466900000,0.0346,0.0349,0.0344,0.0349,2799232.0
1745467200000,0.0349,0.035,0.0324,0.0335,8962882.0
1745467500000,0.0335,0.0341,0.0332,0.0333,2571525.0
1745467800000,0.0333,0.0335,0.0329,0.0332,1881491.0
1745468100000,0.0331,0.0342,0.0328,0.0339,5540373.0
1745468400000,0.034,0.0347,0.0336,0.0339,3849147.0
1745468700000,0.0338,0.0338,0.0331,0.0333,2176277.0
1745469000000,0.0332,0.0339,0.033,0.0334,2987728.0
1745469300000,0.0333,0.0336,0.0332,0.0334,1731415.0
1745469600000,0.0335,0.0341,0.0334,0.0341,1269761.0
1745469900000,0.0341,0.0346,0.0337,0.0341,2342052.0
1745470200000,0.034,0.0341,0.0338,0.0341,414625.0
1745470500000,0.0341,0.0349,0.034,0.0348,2160403.0
1745470800000,0.0348,0.0354,0.0346,0.0351,1754515.0
1745471100000,0.035,0.0353,0.0346,0.035,2712052.0
1745471400000,0.035,0.0351,0.0342,0.0342,1837841.0
1745471700000,0.0342,0.0348,0.0341,0.0348,1254295.0
1745472000000,0.0348,0.0352,0.0347,0.0349,1048703.0
1745472300000,0.0349,0.0351,0.0346,0.0347,624576.0
1745472600000,0.0347,0.035,0.0343,0.0348,1480300.0
1745472900000,0.0349,0.0354,0.0348,0.0349,2124392.0
1745473200000,0.0349,0.0351,0.0346,0.0346,915372.0
1745473500000,0.0347,0.0351,0.0347,0.0348,370644.0
1745473800000,0.0347,0.0348,0.0338,0.0339,4558005.0
1745474100000,0.0338,0.034,0.0335,0.0336,962753.0
1745474400000,0.0336,0.034,0.0335,0.034,739803.0
1745474700000,0.034,0.034,0.0337,0.0337,336601.0
1745475000000,0.0337,0.0339,0.0337,0.0338,239342.0
1745475300000,0.0338,0.0338,0.0336,0.0338,301558.0
1745475600000,0.0337,0.0339,0.0336,0.0339,123350.0
1745475900000,0.0339,0.0339,0.0337,0.0339,215964.0
1745476200000,0.0339,0.034,0.0338,0.0339,556926.0
1745476500000,0.0339,0.0343,0.0339,0.0342,1065087.0
1745476800000,0.0342,0.0348,0.0342,0.0346,1024050.0
1745477100000,0.0346,0.0347,0.0345,0.0346,495532.0
1745477400000,0.0346,0.0349,0.0346,0.0349,316711.0
1745477700000,0.0348,0.035,0.0347,0.0349,566760.0
1745478000000,0.0349,0.0352,0.0345,0.0351,841622.0
1745478300000,0.0351,0.0354,0.035,0.0353,1822300.0
1745478600000,0.0353,0.0355,0.0349,0.0353,1599741.0
1745478900000,0.0353,0.0354,0.0348,0.035,1697588.0
1745479200000,0.035,0.0351,0.0346,0.0349,964823.0
1745479500000,0.0348,0.0348,0.0346,0.0347,107002.0
1745479800000,0.0346,0.0347,0.0344,0.0345,504841.0
1745480100000,0.0346,0.0346,0.0342,0.0343,561148.0
1745480400000,0.0344,0.0344,0.0342,0.0342,335660.0
1745480700000,0.0342,0.0345,0.0342,0.0343,324814.0
1745481000000,0.0344,0.0344,0.0342,0.0342,202582.0
1745481300000,0.0343,0.0343,0.0342,0.0342,99248.0
1745481600000,0.0342,0.0343,0.0339,0.0342,946612.0
1745481900000,0.0343,0.0344,0.0342,0.0343,594289.0
1745482200000,0.0344,0.0347,0.0343,0.0343,793608.0
1745482500000,0.0343,0.0346,0.0343,0.0345,304940.0
1745482800000,0.0344,0.0345,0.0342,0.0343,433624.0
1745483100000,0.0343,0.0343,0.034,0.034,358085.0
1745483400000,0.0339,0.0341,0.0339,0.0339,722996.0
1745483700000,0.0339,0.034,0.0337,0.0337,753803.0
1745484000000,0.0337,0.0337,0.0336,0.0337,658840.0
1745484300000,0.0336,0.0338,0.0332,0.0335,1514942.0
1745484600000,0.0335,0.0338,0.0335,0.0336,667432.0
1745484900000,0.0337,0.0337,0.0333,0.0334,2315426.0
1745485200000,0.0333,0.034,0.0333,0.034,2582813.0
1745485500000,0.034,0.0341,0.0337,0.0338,913162.0
1745485800000,0.0337,0.0337,0.0334,0.0335,425947.0
1745486100000,0.0335,0.0338,0.0335,0.0337,1342614.0
1745486400000,0.0336,0.0336,0.0335,0.0335,389772.0
1745486700000,0.0336,0.0338,0.0335,0.0337,1574463.0
1745487000000,0.0337,0.0337,0.0335,0.0336,453825.0
1745487300000,0.0335,0.0336,0.0335,0.0336,125948.0
1745487600000,0.0335,0.0338,0.0335,0.0337,282995.0
1745487900000,0.0337,0.0337,0.0333,0.0333,530503.0
1745488200000,0.0333,0.0335,0.0332,0.0334,432137.0
1745488500000,0.0334,0.0335,0.0333,0.0335,208078.0
1745488800000,0.0334,0.0337,0.0334,0.0337,391073.0
1745489100000,0.0337,0.0338,0.0335,0.0336,580523.0
1745489400000,0.0335,0.0341,0.0335,0.0338,2803635.0
1745489700000,0.0337,0.0339,0.0335,0.0338,883755.0
1745490000000,0.0338,0.0344,0.0337,0.0343,1510537.0
1745490300000,0.0343,0.035,0.0343,0.035,1652295.0
1745490600000,0.035,0.0354,0.0347,0.0353,3316804.0
1745490900000,0.0353,0.0366,0.0353,0.0358,4298265.0
1745491200000,0.0358,0.0367,0.0357,0.0361,3743902.0
1745491500000,0.0362,0.0369,0.036,0.0369,3338312.0
1745491800000,0.0368,0.0372,0.0365,0.0371,2817475.0
1745492100000,0.037,0.0375,0.0366,0.0369,4680789.0
1745492400000,0.0369,0.0373,0.0365,0.037,3386072.0
1745492700000,0.037,0.0371,0.0364,0.0371,2184729.0
1745493000000,0.037,0.0382,0.037,0.038,4350954.0
1745493300000,0.0379,0.0382,0.0368,0.0369,4734026.0
1745539200000,0.0414,0.042,0.0408,0.041,2141755.0
1745539500000,0.0411,0.0417,0.0407,0.0415,1325801.0
1745539800000,0.0415,0.0418,0.0409,0.0411,1518092.0
1745540100000,0.041,0.0412,0.0405,0.0411,1127423.0
1745540400000,0.0411,0.0414,0.0409,0.041,1163008.0
1745540700000,0.041,0.0418,0.0409,0.0416,1830054.0
1745541000000,0.0416,0.0423,0.0416,0.0419,2508419.0
1745541300000,0.042,0.0425,0.0413,0.042,3250073.0
1745541600000,0.042,0.0423,0.0419,0.042,1745546.0
1745541900000,0.0421,0.0427,0.0417,0.0424,1851339.0
1745542200000,0.0424,0.0425,0.0414,0.0414,1533134.0
1745542500000,0.0414,0.0421,0.0413,0.0419,1348466.0
1745542800000,0.0419,0.0426,0.0418,0.0424,977667.0
1745543100000,0.0423,0.0423,0.0417,0.0418,995430.0
1745543400000,0.0418,0.042,0.0413,0.0417,976931.0
1745543700000,0.0417,0.0418,0.0415,0.0416,338804.0
1745544000000,0.0416,0.0418,0.0415,0.0417,634283.0
1745544300000,0.0417,0.0419,0.0414,0.0414,1060990.0
1745544600000,0.0414,0.0421,0.0413,0.0421,838400.0
1745544900000,0.0421,0.0424,0.0421,0.0424,714284.0
1745545200000,0.0424,0.0424,0.0416,0.0422,929072.0
1745545500000,0.0422,0.0427,0.0421,0.0425,1187392.0
1745545800000,0.0425,0.047,0.0425,0.0463,13803158.0
1745546100000,0.0464,0.0473,0.0452,0.0461,7094760.0
1745546400000,0.0461,0.0464,0.0447,0.0452,3375121.0
1745546700000,0.0452,0.0454,0.0417,0.0428,8027289.0
1745547000000,0.0428,0.0428,0.0413,0.0417,4724871.0
1745547300000,0.0418,0.0418,0.041,0.0416,2069254.0
1745547600000,0.0416,0.0417,0.041,0.0414,2037690.0
1745547900000,0.0414,0.0418,0.0414,0.0414,1001070.0
1745548200000,0.0415,0.0416,0.0409,0.0415,2092956.0
1745548500000,0.0416,0.0419,0.0415,0.0418,1288365.0
1745548800000,0.0417,0.042,0.0415,0.0415,1137891.0
1745549100000,0.0416,0.0416,0.0406,0.0406,626209.0
1745549400000,0.0407,0.0408,0.0401,0.0408,1836097.0
1745549700000,0.0408,0.0408,0.0403,0.0403,1297421.0
1745550000000,0.0404,0.0404,0.04,0.0402,940200.0
1745550300000,0.0403,0.0403,0.0401,0.0401,526883.0
1745550600000,0.0402,0.0404,0.04,0.0404,959299.0
1745550900000,0.0403,0.0403,0.04,0.04,643694.0
1745551200000,0.04,0.0401,0.0396,0.0398,1220626.0
1745551500000,0.0397,0.0398,0.0392,0.0393,1716151.0
1745551800000,0.0393,0.0396,0.0391,0.0394,1211801.0
1745552100000,0.0394,0.0396,0.0392,0.0393,529422.0
1745552400000,0.0393,0.0395,0.0392,0.0393,482060.0
1745552700000,0.0393,0.0398,0.0392,0.0397,1175418.0
1745553000000,0.0396,0.0401,0.0395,0.0399,781699.0
1745553300000,0.04,0.04,0.0397,0.0399,403017.0
1745553600000,0.0399,0.0399,0.0393,0.0396,688656.0
1745553900000,0.0397,0.0398,0.0395,0.0397,625431.0
1745554200000,0.0397,0.0397,0.0393,0.0396,458563.0
1745554500000,0.0397,0.0397,0.0394,0.0395,259700.0
1745554800000,0.0394,0.0397,0.0393,0.0396,402719.0
1745555100000,0.0395,0.0396,0.0393,0.0395,346075.0
1745555400000,0.0396,0.0396,0.0389,0.0391,1696999.0
1745555700000,0.039,0.0391,0.0387,0.0388,709951.0
1745556000000,0.0388,0.0389,0.0386,0.0388,351419.0
1745556300000,0.0388,0.039,0.0387,0.039,405800.0
1745556600000,0.0389,0.039,0.0387,0.0389,361117.0
1745556900000,0.0389,0.0393,0.0388,0.0388,770834.0
1745557200000,0.0388,0.039,0.0385,0.0385,684155.0
1745557500000,0.0386,0.0394,0.0386,0.0394,1144562.0
1745557800000,0.0395,0.0398,0.0393,0.0396,1058442.0
1745558100000,0.0396,0.0397,0.0392,0.0393,431621.0
1745558400000,0.0393,0.0395,0.0393,0.0394,394894.0
1745558700000,0.0393,0.0396,0.0393,0.0396,313807.0
1745559000000,0.0396,0.0401,0.0395,0.0399,644870.0
1745559300000,0.0399,0.0399,0.0389,0.0391,1886527.0
1745559600000,0.0391,0.0395,0.0391,0.0392,1202804.0
1745559900000,0.0393,0.0395,0.0393,0.0393,754982.0
1745560200000,0.0393,0.0395,0.0391,0.0394,408909.0
1745560500000,0.0394,0.04,0.0394,0.0399,853218.0
1745560800000,0.0399,0.0405,0.0399,0.0402,1850737.0
1745561100000,0.0402,0.0408,0.0402,0.0405,2501335.0
1745561400000,0.0405,0.041,0.0405,0.0405,2634183.0
1745561700000,0.0405,0.0409,0.0405,0.0406,2141267.0
1745562000000,0.0406,0.0408,0.0404,0.0404,1234596.0
1745562300000,0.0404,0.0414,0.0404,0.0413,1826720.0
1745562600000,0.0413,0.0417,0.0412,0.0416,1186807.0
1745562900000,0.0416,0.042,0.0415,0.0415,1236752.0
1745563200000,0.0415,0.0417,0.0408,0.0409,1596726.0
1745563500000,0.0409,0.0417,0.0409,0.0416,884588.0
1745563800000,0.0416,0.0418,0.0414,0.0416,713207.0
1745564100000,0.0416,0.0424,0.0416,0.042,1433934.0
1745564400000,0.042,0.042,0.0416,0.0417,749080.0
1745564700000,0.0417,0.0418,0.0413,0.0414,1012153.0
1745565000000,0.0414,0.0416,0.0409,0.041,1461400.0
1745565300000,0.041,0.0412,0.0409,0.0412,666241.0
1745565600000,0.0412,0.0414,0.0411,0.0412,716687.0
1745565900000,0.0412,0.0418,0.0412,0.0417,355584.0
1745566200000,0.0417,0.0421,0.0417,0.042,856330.0
1745566500000,0.0421,0.0422,0.0418,0.0422,381532.0
1745566800000,0.0421,0.0426,0.042,0.0421,904516.0
1745567100000,0.0421,0.0423,0.0416,0.0417,845618.0
1745567400000,0.0417,0.0418,0.0413,0.0417,1021604.0
1745567700000,0.0417,0.0417,0.041,0.0411,1562045.0
1745568000000,0.0411,0.0412,0.0409,0.041,829044.0
1745568300000,0.041,0.0413,0.0409,0.0412,1327725.0
1745568600000,0.0412,0.0412,0.041,0.0412,895415.0
1745568900000,0.0412,0.0417,0.0412,0.0413,308669.0
1745569200000,0.0412,0.0418,0.0412,0.0417,400719.0
1745569500000,0.0416,0.0419,0.0414,0.0415,311551.0
1745569800000,0.0416,0.0417,0.0413,0.0414,414254.0
1745570100000,0.0414,0.0416,0.0413,0.0414,328166.0
1745570400000,0.0414,0.0415,0.0407,0.0407,786944.0
1745570700000,0.0407,0.041,0.0407,0.0408,399251.0
1745571000000,0.0408,0.041,0.0405,0.0406,547869.0
1745571300000,0.0407,0.0408,0.0405,0.0406,413137.0
1745571600000,0.0407,0.041,0.0406,0.0409,896804.0
1745571900000,0.0408,0.0409,0.0403,0.0406,554188.0
1745572200000,0.0406,0.0408,0.0404,0.0405,1133046.0
1745572500000,0.0405,0.0406,0.0402,0.0405,1019770.0
1745572800000,0.0406,0.0407,0.0404,0.0405,558961.0
1745573100000,0.0406,0.0408,0.0403,0.0408,499031.0
1745573400000,0.0408,0.0408,0.0404,0.0405,190633.0
1745573700000,0.0404,0.0406,0.0403,0.0403,247109.0
1745574000000,0.0403,0.0406,0.0403,0.0405,269925.0
1745574300000,0.0405,0.0405,0.0402,0.0403,653468.0
1745574600000,0.0403,0.0404,0.0402,0.0403,183518.0
1745574900000,0.0404,0.0406,0.0403,0.0404,186873.0
1745575200000,0.0404,0.0405,0.0402,0.0405,223385.0
1745575500000,0.0405,0.0406,0.04,0.0402,488333.0
1745575800000,0.0401,0.0402,0.04,0.0401,352828.0
1745576100000,0.0401,0.0403,0.0395,0.04,1811292.0
1745576400000,0.04,0.0401,0.0396,0.0399,720486.0
1745576700000,0.0398,0.0399,0.0397,0.0398,269069.0
1745577000000,0.0397,0.0399,0.0397,0.0399,485444.0
1745577300000,0.0399,0.0399,0.0394,0.0396,577909.0
1745577600000,0.0396,0.0397,0.0394,0.0396,260945.0
1745577900000,0.0397,0.0398,0.0396,0.0397,268262.0
1745578200000,0.0397,0.0401,0.0397,0.04,638562.0
1745578500000,0.04,0.0401,0.0398,0.0399,1239803.0
1745578800000,0.0399,0.0402,0.0399,0.0399,640521.0
1745579100000,0.0399,0.0402,0.0399,0.0402,473172.0
1745579400000,0.0401,0.0403,0.0401,0.0401,344841.0
1745579700000,0.0402,0.0405,0.0402,0.0404,393216.0
1745580000000,0.0405,0.0409,0.0405,0.0409,687787.0
1745580300000,0.0408,0.041,0.0406,0.0408,550739.0
1745580600000,0.0408,0.0412,0.0406,0.0406,542068.0
1745580900000,0.0406,0.0409,0.0405,0.0409,897130.0
1745581200000,0.041,0.041,0.0408,0.0408,630255.0
1745581500000,0.0408,0.0412,0.0407,0.0411,501640.0
1745581800000,0.0411,0.0411,0.041,0.041,301029.0
1745582100000,0.041,0.0411,0.0409,0.041,274230.0
1745582400000,0.0409,0.041,0.0407,0.0408,650614.0
1745582700000,0.0408,0.0408,0.0405,0.0406,617023.0
1745583000000,0.0406,0.0407,0.0405,0.0406,410014.0
1745583300000,0.0405,0.0405,0.0403,0.0404,461229.0
1745583600000,0.0404,0.0407,0.0403,0.0404,623817.0
1745583900000,0.0404,0.0404,0.0402,0.0403,298653.0
1745584200000,0.0403,0.0404,0.04,0.0401,1269631.0
1745584500000,0.04,0.0402,0.04,0.04,134456.0
1745584800000,0.0401,0.0403,0.04,0.0403,410957.0
1745585100000,0.0403,0.0403,0.0399,0.0399,181284.0
1745585400000,0.04,0.0402,0.0399,0.0401,368047.0
1745585700000,0.0401,0.0402,0.04,0.0402,162114.0
1745586000000,0.0402,0.0403,0.0401,0.0401,284565.0
1745586300000,0.0402,0.0406,0.0402,0.0405,824511.0
1745586600000,0.0404,0.0405,0.0403,0.0405,290169.0
1745586900000,0.0404,0.0406,0.0402,0.0402,671082.0
1745587200000,0.0403,0.0404,0.0402,0.0404,400584.0
1745587500000,0.0403,0.0403,0.04,0.0401,498499.0
1745587800000,0.04,0.0403,0.0398,0.0402,873408.0
1745588100000,0.0402,0.0406,0.0402,0.0405,452490.0
1745588400000,0.0405,0.0407,0.0404,0.0407,317115.0
1745588700000,0.0407,0.0409,0.0406,0.0407,484431.0
1745589000000,0.0407,0.0409,0.0403,0.0405,1745221.0
1745589300000,0.0405,0.0405,0.0403,0.0405,234752.0
1745589600000,0.0405,0.0407,0.0403,0.0406,665920.0
1745589900000,0.0407,0.0408,0.0406,0.0406,496886.0
1745590200000,0.0407,0.0408,0.0406,0.0407,167679.0
1745590500000,0.0406,0.0407,0.0405,0.0407,308438.0
1745590800000,0.0406,0.0406,0.0403,0.0405,446643.0
1745591100000,0.0404,0.0405,0.0401,0.0403,473144.0
1745591400000,0.0403,0.0405,0.0402,0.0405,447946.0
1745591700000,0.0404,0.0407,0.0403,0.0407,317332.0
1745592000000,0.0407,0.041,0.0406,0.0409,653828.0
1745592300000,0.0409,0.0416,0.0409,0.0414,1397217.0
1745592600000,0.0414,0.0416,0.0412,0.0414,701395.0
1745592900000,0.0414,0.0438,0.0413,0.0432,5212121.0
1745593200000,0.0432,0.0436,0.0422,0.0432,7901417.0
1745593500000,0.0432,0.0433,0.042,0.0427,2859770.0
1745593800000,0.0427,0.043,0.0424,0.0427,1047173.0
1745594100000,0.0427,0.0431,0.0422,0.0422,1465821.0
1745594400000,0.0422,0.0423,0.0416,0.0417,1276145.0
1745594700000,0.0416,0.0421,0.0414,0.042,572737.0
1745595000000,0.0421,0.0421,0.0414,0.0416,664645.0
1745595300000,0.0415,0.0416,0.0409,0.041,904668.0
1745595600000,0.0409,0.0412,0.0408,0.0409,753453.0
1745595900000,0.0408,0.0411,0.0407,0.0411,1352346.0
1745596200000,0.0412,0.0412,0.041,0.0412,390823.0
1745596500000,0.0411,0.0414,0.041,0.0414,425864.0
1745596800000,0.0413,0.0423,0.0413,0.0423,1530336.0
1745597100000,0.0423,0.0444,0.0418,0.0442,7111241.0
1745597400000,0.0442,0.0445,0.0427,0.043,7789273.0
1745597700000,0.0431,0.0433,0.0418,0.042,2149511.0
1745598000000,0.042,0.043,0.042,0.0422,1897829.0
1745598300000,0.0421,0.0435,0.0421,0.043,2542441.0
1745598600000,0.043,0.0435,0.043,0.043,693782.0
1745598900000,0.0429,0.0433,0.0425,0.0425,1212694.0
1745599200000,0.0425,0.0428,0.042,0.0424,1308422.0
1745599500000,0.0424,0.0425,0.0422,0.0425,382719.0
1745599800000,0.0425,0.0426,0.0417,0.0426,797000.0
1745600100000,0.0426,0.0429,0.0424,0.0427,537935.0
1745600400000,0.0427,0.0428,0.0423,0.0425,410183.0
1745600700000,0.0425,0.0431,0.0425,0.043,581621.0
1745601000000,0.043,0.043,0.0425,0.0429,907139.0
1745601300000,0.043,0.0437,0.0429,0.0432,1542223.0
1745601600000,0.0432,0.0439,0.0431,0.0435,1012804.0
1745601900000,0.0436,0.0439,0.0432,0.0436,1575338.0
1745602200000,0.0435,0.0435,0.0427,0.0427,1141859.0
1745602500000,0.0427,0.0427,0.042,0.0422,1435449.0
1745602800000,0.0421,0.0424,0.0419,0.0421,592739.0
1745603100000,0.0421,0.0421,0.0419,0.042,814194.0
1745603400000,0.042,0.0427,0.042,0.0425,778932.0
1745603700000,0.0426,0.0429,0.0424,0.0426,873569.0
1745604000000,0.0426,0.043,0.0425,0.0428,981628.0
1745604300000,0.0428,0.0428,0.0424,0.0425,488897.0
1745604600000,0.0425,0.0426,0.0422,0.0426,468933.0
1745604900000,0.0425,0.0431,0.0425,0.043,774260.0
1745605200000,0.0429,0.0453,0.0429,0.0448,6245470.0
1745605500000,0.0449,0.0451,0.044,0.0444,5204067.0
1745605800000,0.0444,0.0449,0.0432,0.0441,6696247.0
1745606100000,0.0441,0.0448,0.0433,0.0435,4668806.0
1745606400000,0.0434,0.0435,0.0427,0.0429,1952363.0
1745606700000,0.0429,0.043,0.0422,0.0424,1511712.0
1745607000000,0.0425,0.0426,0.0421,0.0422,1022597.0
1745607300000,0.0422,0.0427,0.0422,0.0427,1095654.0
1745607600000,0.0427,0.0434,0.0424,0.0424,2436950.0
1745607900000,0.0424,0.0425,0.0421,0.0424,630129.0
1745608200000,0.0424,0.0425,0.0421,0.0424,996784.0
1745608500000,0.0424,0.0428,0.0424,0.0428,435670.0
1745608800000,0.0428,0.0431,0.0426,0.043,218795.0
1745609100000,0.043,0.0434,0.043,0.0433,746012.0
1745609400000,0.0433,0.0433,0.043,0.0432,182609.0
1745609700000,0.0432,0.0438,0.0432,0.0436,1256956.0
1745610000000,0.0435,0.0437,0.0423,0.0424,1226099.0
1745610300000,0.0425,0.0427,0.0422,0.0425,1031705.0
1745610600000,0.0424,0.0425,0.0421,0.0421,252791.0
1745610900000,0.0422,0.0423,0.0419,0.0422,533954.0
1745611200000,0.0422,0.0425,0.0422,0.0423,568005.0
1745611500000,0.0422,0.0428,0.0422,0.0425,967358.0
1745611800000,0.0425,0.0425,0.0419,0.0421,551795.0
1745612100000,0.0421,0.0421,0.0413,0.0416,1402735.0
1745612400000,0.0417,0.0419,0.0416,0.0416,711114.0
1745612700000,0.0416,0.0421,0.0416,0.042,405694.0
1745613000000,0.042,0.0421,0.0418,0.042,742606.0
1745613300000,0.042,0.0421,0.0418,0.0419,592482.0
1745613600000,0.0419,0.0419,0.0416,0.0419,408994.0
1745613900000,0.0418,0.0418,0.0415,0.0416,59969.0
1745614200000,0.0417,0.0419,0.0415,0.0416,427344.0
1745614500000,0.0415,0.0418,0.0415,0.0418,262851.0
1745614800000,0.0417,0.042,0.0416,0.0419,488180.0
1745615100000,0.0419,0.0422,0.0418,0.0419,505049.0
1745615400000,0.0418,0.0425,0.0418,0.0423,1354127.0
1745615700000,0.0423,0.0427,0.0422,0.0426,1182662.0
1745616000000,0.0426,0.0427,0.0425,0.0425,125579.0
1745616300000,0.0425,0.0429,0.0425,0.0428,305036.0
1745616600000,0.0428,0.0432,0.0428,0.0431,172221.0
1745616900000,0.0431,0.0431,0.0427,0.0431,327444.0
1745617200000,0.043,0.0431,0.0428,0.0428,226405.0
1745617500000,0.0429,0.0431,0.0425,0.0425,330401.0
1745617800000,0.0425,0.0436,0.0425,0.0435,696940.0
1745618100000,0.0434,0.0436,0.043,0.0431,351966.0
1745618400000,0.0431,0.0435,0.043,0.0435,266270.0
1745618700000,0.0435,0.0436,0.0428,0.0429,479541.0
1745619000000,0.0429,0.0431,0.0426,0.0427,1234851.0
1745619300000,0.0427,0.0428,0.0423,0.0428,1184060.0
1745619600000,0.0428,0.0431,0.0428,0.0431,308589.0
1745619900000,0.043,0.0434,0.043,0.0433,376178.0
1745620200000,0.0433,0.0435,0.0428,0.0428,824680.0
1745620500000,0.0429,0.0429,0.0424,0.0425,426315.0
1745620800000,0.0425,0.0427,0.0421,0.0421,601776.0
1745621100000,0.0421,0.0424,0.0416,0.0419,902556.0
1745621400000,0.0419,0.0425,0.0419,0.0425,780235.0
1745621700000,0.0424,0.0425,0.042,0.0423,1079494.0
1745622000000,0.0424,0.0424,0.0421,0.0423,317950.0
1745622300000,0.0422,0.0424,0.042,0.0421,90861.0
1745622600000,0.042,0.0421,0.0419,0.0421,117136.0
1745622900000,0.0421,0.0426,0.0421,0.0425,287082.0
1745623200000,0.0426,0.0429,0.0425,0.0427,409332.0
1745623500000,0.0427,0.0427,0.0422,0.0423,302515.0
1745623800000,0.0422,0.0422,0.0413,0.0415,1421584.0
1745624100000,0.0415,0.0419,0.0415,0.0416,358348.0
1745624400000,0.0416,0.0417,0.0413,0.0415,510539.0
1745624700000,0.0415,0.0417,0.0413,0.0415,514817.0
1745625000000,0.0415,0.042,0.0414,0.0417,1017314.0
1745625300000,0.0417,0.0418,0.0414,0.0414,362869.0
1745625600000,0.0414,0.0419,0.0413,0.0418,631116.0
1745625900000,0.0419,0.0423,0.0417,0.0421,1283604.0
1745626200000,0.0421,0.0426,0.0418,0.0424,772451.0
1745626500000,0.0424,0.043,0.0423,0.0426,1050071.0
1745626800000,0.0426,0.0426,0.0419,0.0421,446094.0
1745627100000,0.0421,0.0424,0.0421,0.0423,231401.0
1745627400000,0.0424,0.0425,0.0421,0.0422,245218.0
1745627700000,0.0421,0.0423,0.0419,0.0419,205417.0
1745628000000,0.042,0.0424,0.0419,0.0423,861269.0
1745628300000,0.0422,0.0423,0.0421,0.0423,143590.0
1745628600000,0.0424,0.0424,0.042,0.0422,598173.0
1745628900000,0.0422,0.0423,0.0421,0.0422,152515.0
1745629200000,0.0421,0.0425,0.0421,0.0422,184231.0
1745629500000,0.0422,0.0422,0.0417,0.0418,794831.0
1745629800000,0.0418,0.042,0.0418,0.0419,384628.0
1745630100000,0.0418,0.0422,0.0418,0.0422,342914.0
1745630400000,0.0423,0.0427,0.0422,0.0423,746377.0
1745630700000,0.0423,0.0424,0.0423,0.0424,51700.0
1745631000000,0.0424,0.0426,0.0422,0.0424,619160.0
1745631300000,0.0425,0.0429,0.0424,0.0425,980098.0
1745631600000,0.0424,0.0425,0.0421,0.0422,349114.0
1745631900000,0.0422,0.0424,0.0422,0.0424,303060.0
1745632200000,0.0424,0.0424,0.0419,0.042,401386.0
1745632500000,0.042,0.0421,0.0419,0.042,290056.0
1745632800000,0.042,0.0422,0.042,0.0421,642414.0
1745633100000,0.0422,0.0426,0.0422,0.0424,484167.0
1745633400000,0.0425,0.0425,0.0423,0.0425,205698.0
1745633700000,0.0426,0.0429,0.0426,0.0427,479670.0
1745634000000,0.0428,0.0429,0.0425,0.0427,651755.0
1745634300000,0.0426,0.0427,0.0424,0.0425,492325.0
1745634600000,0.0425,0.0425,0.0422,0.0423,305092.0
1745634900000,0.0423,0.0425,0.0422,0.0424,597058.0
1745635200000,0.0425,0.0429,0.0424,0.0427,498441.0
1745635500000,0.0427,0.043,0.0426,0.0426,450753.0
1745635800000,0.0427,0.0434,0.0425,0.043,1222067.0
1745636100000,0.0431,0.0432,0.0428,0.0431,224832.0
1745636400000,0.0431,0.0432,0.0428,0.0431,663343.0
1745636700000,0.0431,0.0431,0.0427,0.0427,798846.0
1745637000000,0.0428,0.043,0.0427,0.0428,194340.0
1745637300000,0.0429,0.0429,0.0427,0.0428,396423.0
1745637600000,0.0429,0.0432,0.0427,0.0429,596727.0
1745637900000,0.0429,0.043,0.0425,0.0426,405013.0
1745638200000,0.0426,0.0429,0.0426,0.0429,292893.0
1745638500000,0.0429,0.0432,0.0428,0.0429,747302.0
1745638800000,0.0428,0.043,0.0428,0.043,51652.0
1745639100000,0.043,0.0431,0.0429,0.0429,195161.0
1745639400000,0.0429,0.0434,0.0429,0.0431,653907.0
1745639700000,0.0431,0.0432,0.0429,0.0431,270771.0
1745640000000,0.0431,0.0433,0.0428,0.0429,387065.0
1745640300000,0.043,0.0432,0.0426,0.0431,1815357.0
1745640600000,0.043,0.0432,0.0429,0.0431,194765.0
1745640900000,0.043,0.043,0.0427,0.0427,479676.0
1745641200000,0.0428,0.0429,0.0425,0.0426,288434.0
1745641500000,0.0425,0.0425,0.0423,0.0425,342402.0
1745641800000,0.0425,0.0428,0.0424,0.0428,525348.0
1745642100000,0.0428,0.0428,0.042,0.0421,709895.0
1745642400000,0.0421,0.0422,0.0418,0.0418,773799.0
1745642700000,0.0419,0.0419,0.0416,0.0417,654770.0
1745643000000,0.0417,0.0418,0.0416,0.0417,245056.0
1745643300000,0.0417,0.0419,0.0417,0.0417,251196.0
1745643600000,0.0417,0.0418,0.0417,0.0417,75085.0
1745643900000,0.0417,0.0419,0.0416,0.0417,197968.0
1745644200000,0.0416,0.0417,0.0413,0.0414,780303.0
1745644500000,0.0414,0.0414,0.041,0.0413,742812.0
1745644800000,0.0413,0.0413,0.0411,0.0413,353839.0
1745645100000,0.0413,0.0415,0.0412,0.0415,167940.0
1745645400000,0.0414,0.0415,0.0413,0.0415,52770.0
1745645700000,0.0414,0.0415,0.0413,0.0413,271484.0
1745646000000,0.0414,0.0416,0.0414,0.0416,39916.0
1745646300000,0.0416,0.0418,0.0416,0.0416,44765.0
1745646600000,0.0416,0.0417,0.0415,0.0417,333150.0
1745646900000,0.0417,0.0417,0.0416,0.0417,207650.0
1745647200000,0.0417,0.0419,0.0417,0.0417,53408.0
1745647500000,0.0417,0.0419,0.0417,0.0419,42569.0
1745647800000,0.0419,0.0423,0.0418,0.0421,163050.0
1745648100000,0.0421,0.0422,0.0421,0.0421,23466.0
1745648400000,0.0422,0.0423,0.0421,0.0422,228680.0
1745648700000,0.0421,0.0421,0.042,0.042,113602.0
1745649000000,0.042,0.042,0.0419,0.0419,242039.0
1745649300000,0.042,0.042,0.0419,0.0419,102907.0
1745649600000,0.0419,0.042,0.0416,0.0417,996728.0
1745649900000,0.0418,0.042,0.0418,0.042,229644.0
1745650200000,0.042,0.0424,0.042,0.0423,280185.0
1745650500000,0.0424,0.0427,0.0423,0.0426,208501.0
1745650800000,0.0425,0.0425,0.0422,0.0422,301548.0
1745651100000,0.0422,0.0423,0.0422,0.0422,118269.0
1745651400000,0.0422,0.0427,0.0422,0.0426,512108.0
1745651700000,0.0426,0.0436,0.0425,0.043,3396317.0
1745652000000,0.043,0.0434,0.043,0.0432,150287.0
1745652300000,0.0432,0.0434,0.0426,0.043,2522179.0
1745652600000,0.043,0.0431,0.043,0.043,139936.0
1745652900000,0.0431,0.0432,0.0429,0.043,157041.0
1745653200000,0.0429,0.0434,0.0429,0.0433,505332.0
1745653500000,0.0433,0.0434,0.043,0.0433,1212380.0
1745653800000,0.0432,0.0432,0.0427,0.043,640684.0
1745654100000,0.043,0.043,0.0427,0.0428,114980.0
1745654400000,0.0428,0.0431,0.0427,0.043,321464.0
1745654700000,0.0431,0.0432,0.0429,0.043,479657.0
1745655000000,0.043,0.0431,0.0428,0.0429,68913.0
1745655300000,0.043,0.0433,0.043,0.0432,134786.0
1745655600000,0.0432,0.0432,0.043,0.0432,155335.0
1745655900000,0.0431,0.0431,0.0429,0.043,111288.0
1745656200000,0.0429,0.0429,0.0423,0.0425,513095.0
1745656500000,0.0425,0.0426,0.0419,0.0421,758796.0
1745656800000,0.042,0.042,0.0417,0.0417,348046.0
1745657100000,0.0417,0.0422,0.0416,0.0421,336399.0
1745657400000,0.0421,0.0423,0.042,0.042,449105.0
1745657700000,0.042,0.0421,0.0419,0.0421,100521.0
1745658000000,0.0422,0.0422,0.042,0.042,234659.0
1745658300000,0.042,0.0424,0.042,0.0421,168108.0
1745658600000,0.0421,0.0421,0.0419,0.042,114039.0
1745658900000,0.042,0.0424,0.042,0.0423,85282.0
1745659200000,0.0424,0.0425,0.0424,0.0424,469597.0
1745659500000,0.0424,0.0425,0.0423,0.0423,87045.0
1745659800000,0.0423,0.0424,0.0421,0.0421,223920.0
1745660100000,0.0421,0.0422,0.042,0.0422,70478.0
1745660400000,0.0423,0.0426,0.0422,0.0425,201900.0
1745660700000,0.0424,0.0426,0.0424,0.0426,175172.0
1745661000000,0.0426,0.0428,0.0425,0.0427,273197.0
1745661300000,0.0426,0.0427,0.0422,0.0425,842607.0
1745661600000,0.0425,0.0428,0.0424,0.0427,263733.0
1745661900000,0.0426,0.0433,0.0426,0.0428,938203.0
1745662200000,0.0429,0.0432,0.0428,0.043,775677.0
1745662500000,0.043,0.0432,0.0429,0.0429,423255.0
1745662800000,0.0429,0.0429,0.0428,0.0429,153207.0
1745663100000,0.0428,0.043,0.0428,0.0429,455613.0
1745663400000,0.0429,0.043,0.0425,0.0425,348358.0
1745663700000,0.0425,0.0426,0.0424,0.0425,162490.0
1745664000000,0.0425,0.0426,0.0424,0.0425,294013.0
1745664300000,0.0425,0.0426,0.0424,0.0424,230146.0
1745664600000,0.0425,0.0429,0.0425,0.0428,777237.0
1745664900000,0.0428,0.0428,0.0426,0.0426,104870.0
1745665200000,0.0426,0.0427,0.0424,0.0426,582760.0
1745665500000,0.0425,0.0426,0.0424,0.0425,117138.0
1745665800000,0.0425,0.0433,0.0425,0.0431,1235902.0
1745666100000,0.0431,0.0431,0.0428,0.0428,516453.0
1745666400000,0.0428,0.043,0.0426,0.0427,339515.0
1745666700000,0.0427,0.0428,0.0425,0.0426,269883.0
1745667000000,0.0427,0.043,0.0426,0.0428,374139.0
1745667300000,0.0429,0.043,0.0427,0.0427,301359.0
1745667600000,0.0426,0.0429,0.0425,0.0426,646689.0
1745667900000,0.0425,0.0426,0.0421,0.0425,424812.0
1745668200000,0.0426,0.0426,0.0419,0.0421,1718804.0
1745668500000,0.0422,0.0423,0.0421,0.0422,182035.0
1745668800000,0.0422,0.0429,0.0422,0.0427,413757.0
1745669100000,0.0427,0.0431,0.0427,0.0431,548088.0
1745669400000,0.0431,0.0433,0.0424,0.0431,2374185.0
1745669700000,0.0432,0.0438,0.0432,0.0437,1577172.0
1745670000000,0.0437,0.0437,0.0419,0.0423,2636991.0
1745670300000,0.0423,0.0428,0.0418,0.0428,1637685.0
1745670600000,0.0427,0.0428,0.0424,0.0425,751568.0
1745670900000,0.0424,0.0425,0.0421,0.0424,947492.0
1745671200000,0.0424,0.0432,0.0423,0.0431,1377345.0
1745671500000,0.0431,0.0433,0.0427,0.0428,1161079.0
1745671800000,0.0428,0.0432,0.0428,0.0432,617160.0
1745672100000,0.0432,0.0434,0.043,0.043,968492.0
1745672400000,0.043,0.0434,0.0427,0.0433,1056064.0
1745672700000,0.0432,0.0432,0.0427,0.0431,1342992.0
1745673000000,0.043,0.0432,0.0427,0.0428,934299.0
1745673300000,0.0427,0.0428,0.0419,0.0421,3032576.0
1745673600000,0.0421,0.0421,0.0396,0.0401,8389288.0
1745673900000,0.04,0.0403,0.0396,0.04,2190415.0
1745674200000,0.0401,0.0401,0.0392,0.0394,2153301.0
1745674500000,0.0395,0.0403,0.0395,0.0398,1276713.0
1745674800000,0.0398,0.0403,0.0398,0.0401,1096934.0
1745675100000,0.0402,0.0402,0.0397,0.0401,793019.0
1745675400000,0.0401,0.0403,0.0399,0.0401,613881.0
1745675700000,0.04,0.0403,0.04,0.0401,469743.0
1745676000000,0.0402,0.0406,0.0401,0.0405,858226.0
1745676300000,0.0405,0.0406,0.0401,0.0404,1406815.0
1745676600000,0.0404,0.0409,0.0404,0.0409,355964.0
1745676900000,0.0409,0.0409,0.0402,0.0403,666097.0
1745677200000,0.0403,0.0404,0.0399,0.0402,650050.0
1745677500000,0.0403,0.0405,0.0402,0.0404,230765.0
1745677800000,0.0404,0.0406,0.0403,0.0405,452315.0
1745678100000,0.0405,0.0409,0.0404,0.0409,568355.0
1745678400000,0.0408,0.0411,0.0407,0.041,279919.0
1745678700000,0.041,0.041,0.0405,0.0406,1053990.0
1745679000000,0.0405,0.0406,0.0404,0.0405,268128.0
1745679300000,0.0405,0.0409,0.0404,0.0407,1312721.0
1745679600000,0.0408,0.0411,0.0407,0.0411,997092.0
1745679900000,0.0411,0.0411,0.0406,0.0406,591711.0
1745680200000,0.0406,0.0411,0.0406,0.0409,846454.0
1745680500000,0.0408,0.0411,0.0407,0.041,568547.0
1745680800000,0.041,0.0415,0.041,0.0413,832375.0
1745681100000,0.0413,0.0417,0.0413,0.0415,804402.0
1745681400000,0.0416,0.0416,0.0414,0.0414,556307.0
1745681700000,0.0414,0.0417,0.0414,0.0417,290215.0
1745682000000,0.0416,0.0423,0.0416,0.0422,1382107.0
1745682300000,0.0422,0.0423,0.0419,0.042,979529.0
1745682600000,0.0421,0.0423,0.042,0.0421,240126.0
1745682900000,0.0421,0.0426,0.0421,0.0425,566209.0
1745683200000,0.0425,0.0428,0.0421,0.0421,1601779.0
1745683500000,0.0421,0.0424,0.0421,0.0423,521829.0
1745683800000,0.0423,0.0426,0.0423,0.0425,426592.0
1745684100000,0.0425,0.0426,0.0421,0.0422,275759.0
1745684400000,0.0422,0.0424,0.0418,0.0423,1193710.0
1745684700000,0.0423,0.043,0.0423,0.0427,984312.0
1745685000000,0.0428,0.0429,0.0426,0.0427,388498.0
1745685300000,0.0426,0.0429,0.0425,0.0425,918209.0
1745685600000,0.0425,0.0426,0.0421,0.0423,418777.0
1745685900000,0.0424,0.0425,0.0423,0.0424,130216.0
1745686200000,0.0425,0.0426,0.0425,0.0426,191663.0
1745686500000,0.0426,0.0426,0.042,0.0422,869124.0
1745686800000,0.0422,0.0423,0.042,0.0423,638948.0
1745687100000,0.0423,0.0425,0.0422,0.0422,358480.0
1745687400000,0.0422,0.0422,0.042,0.042,182742.0
1745687700000,0.042,0.0423,0.042,0.0421,79805.0
1745688000000,0.0422,0.0423,0.042,0.0421,152103.0
1745688300000,0.0421,0.0422,0.042,0.042,183519.0
1745688600000,0.0421,0.0423,0.0421,0.0422,172097.0
1745688900000,0.0422,0.0423,0.0422,0.0422,146001.0
1745689200000,0.0422,0.0422,0.0421,0.0421,55727.0
1745689500000,0.0422,0.0423,0.0421,0.0422,53143.0
1745689800000,0.0423,0.0423,0.0421,0.0422,157511.0
1745690100000,0.0422,0.0423,0.0421,0.0421,156578.0
1745690400000,0.0421,0.0426,0.042,0.0425,527671.0
1745690700000,0.0425,0.0426,0.0424,0.0424,214009.0
1745691000000,0.0424,0.0425,0.0421,0.0421,260294.0
1745691300000,0.0422,0.0423,0.0421,0.0421,259370.0
1745691600000,0.0421,0.0423,0.0421,0.0423,75862.0
1745691900000,0.0423,0.0423,0.0422,0.0422,32156.0
1745692200000,0.0422,0.0424,0.0422,0.0422,438146.0
1745692500000,0.0422,0.0423,0.0421,0.0421,45451.0
1745692800000,0.0421,0.0422,0.042,0.042,211295.0
1745693100000,0.042,0.0422,0.0419,0.0421,375781.0
1745693400000,0.0421,0.0422,0.0419,0.042,233336.0
1745693700000,0.042,0.042,0.0419,0.042,54742.0
1745694000000,0.042,0.042,0.0419,0.0419,80593.0
1745694300000,0.0419,0.0421,0.0419,0.0419,149611.0
1745694600000,0.0419,0.042,0.0417,0.0417,264286.0
1745694900000,0.0418,0.0418,0.0415,0.0415,211417.0
1745695200000,0.0416,0.0417,0.0416,0.0416,135485.0
1745695500000,0.0417,0.0418,0.0416,0.0417,122027.0
1745695800000,0.0417,0.0418,0.0416,0.0416,159175.0
1745696100000,0.0417,0.0418,0.0416,0.0417,133870.0
1745696400000,0.0417,0.0418,0.0414,0.0415,267414.0
1745696700000,0.0415,0.0417,0.0414,0.0415,543671.0
1745697000000,0.0415,0.0416,0.0414,0.0414,170244.0
1745697300000,0.0415,0.0415,0.0413,0.0414,200355.0
1745697600000,0.0415,0.0415,0.0411,0.0413,518506.0
1745697900000,0.0413,0.0414,0.0412,0.0413,202945.0
1745698200000,0.0414,0.0414,0.0412,0.0413,134847.0
1745698500000,0.0412,0.0413,0.0411,0.0411,281200.0
1745698800000,0.0412,0.0413,0.0411,0.0411,155021.0
1745699100000,0.0412,0.0412,0.041,0.041,132960.0
1745699400000,0.041,0.0411,0.0408,0.0409,266806.0
1745699700000,0.0408,0.0409,0.0407,0.0408,96525.0
1745700000000,0.0407,0.041,0.0407,0.0409,476855.0
1745700300000,0.0408,0.0409,0.0406,0.0407,293694.0
1745700600000,0.0407,0.0407,0.0405,0.0406,225850.0
1745700900000,0.0406,0.0407,0.0405,0.0406,136492.0
1745701200000,0.0406,0.0407,0.0405,0.0406,141925.0
1745701500000,0.0407,0.0407,0.0402,0.0404,416336.0
1745701800000,0.0404,0.0405,0.0403,0.0405,114753.0
1745702100000,0.0404,0.0405,0.0402,0.0402,148537.0
1745702400000,0.0403,0.0405,0.0402,0.0405,64039.0
1745702700000,0.0405,0.0405,0.0403,0.0403,78395.0
1745703000000,0.0403,0.0403,0.04,0.0401,257672.0
1745703300000,0.0402,0.0404,0.0401,0.0403,145653.0
1745703600000,0.0404,0.0406,0.0403,0.0405,222947.0
1745703900000,0.0405,0.0407,0.0404,0.0407,446001.0
1745704200000,0.0408,0.0408,0.0407,0.0408,332927.0
1745704500000,0.0408,0.0409,0.0405,0.0407,695350.0
1745704800000,0.0407,0.0411,0.0405,0.0411,496972.0
1745705100000,0.041,0.0411,0.0408,0.0409,593497.0
1745705400000,0.041,0.041,0.0408,0.0408,326969.0
1745705700000,0.0408,0.041,0.0407,0.0408,205173.0
1745706000000,0.0408,0.0409,0.0407,0.0407,179197.0
1745706300000,0.0407,0.0407,0.0405,0.0406,428782.0
1745706600000,0.0405,0.0405,0.0404,0.0404,85502.0
1745706900000,0.0404,0.0405,0.0402,0.0405,597651.0
1745707200000,0.0405,0.0405,0.0403,0.0404,157008.0
1745707500000,0.0405,0.0407,0.0404,0.0405,452482.0
1745707800000,0.0405,0.0406,0.0402,0.0403,85059.0
1745708100000,0.0403,0.0404,0.0402,0.0403,154112.0
1745708400000,0.0404,0.0405,0.0403,0.0404,261706.0
1745708700000,0.0403,0.0404,0.0401,0.0403,417999.0
1745709000000,0.0404,0.0405,0.0403,0.0403,143266.0
1745709300000,0.0403,0.0404,0.0402,0.0404,744461.0
1745709600000,0.0404,0.0404,0.0399,0.04,376543.0
1745709900000,0.04,0.0401,0.0399,0.04,477901.0
1745710200000,0.04,0.0402,0.0399,0.0402,240236.0
1745710500000,0.0402,0.0403,0.0399,0.0399,807150.0
1745710800000,0.04,0.0403,0.04,0.0402,131843.0
1745711100000,0.0402,0.0404,0.0401,0.0402,260461.0
1745711400000,0.0402,0.0402,0.0399,0.0401,234432.0
1745711700000,0.04,0.04,0.0399,0.04,44025.0
1745712000000,0.04,0.0403,0.04,0.0401,319854.0
1745712300000,0.0401,0.0403,0.0399,0.0399,310852.0
1745712600000,0.04,0.0401,0.0398,0.0399,179782.0
1745712900000,0.04,0.0402,0.04,0.04,122379.0
1745713200000,0.04,0.0401,0.0398,0.0399,894205.0
1745713500000,0.0399,0.04,0.0397,0.0399,545961.0
1745713800000,0.0399,0.04,0.0397,0.0399,1257591.0
1745714100000,0.0399,0.04,0.0398,0.0399,286586.0
1745714400000,0.0399,0.04,0.0399,0.04,261428.0
1745714700000,0.0399,0.04,0.0398,0.0399,478965.0
1745715000000,0.0399,0.0401,0.0399,0.04,130674.0
1745715300000,0.04,0.0401,0.0399,0.0399,256712.0
1745715600000,0.0399,0.0401,0.0399,0.04,531211.0
1745715900000,0.04,0.04,0.0398,0.0398,414201.0
1745716200000,0.0398,0.0398,0.0394,0.0396,1080298.0
1745716500000,0.0396,0.0396,0.0391,0.0391,564215.0
1745716800000,0.0391,0.0391,0.0386,0.0388,1216263.0
1745717100000,0.0387,0.0389,0.0384,0.0389,1703890.0
1745717400000,0.0388,0.0389,0.0385,0.0385,732695.0
1745717700000,0.0386,0.039,0.0386,0.0388,777678.0
1745718000000,0.0387,0.0388,0.0385,0.0385,466336.0
1745718300000,0.0386,0.0387,0.0384,0.0386,811058.0
1745718600000,0.0387,0.0389,0.0386,0.0387,677567.0
1745718900000,0.0388,0.0388,0.0381,0.0382,894564.0
1745719200000,0.0383,0.0392,0.038,0.039,2747790.0
1745719500000,0.0389,0.039,0.0387,0.0387,270996.0
1745719800000,0.0387,0.0389,0.0387,0.0389,212361.0
1745720100000,0.0388,0.0389,0.0387,0.0387,282796.0
1745720400000,0.0388,0.0389,0.0387,0.0387,125583.0
1745720700000,0.0388,0.0389,0.0387,0.0389,377861.0
1745721000000,0.0389,0.039,0.0387,0.0389,318268.0
1745721300000,0.0389,0.039,0.0387,0.0388,240328.0
1745721600000,0.0388,0.0393,0.0388,0.0391,690065.0
1745721900000,0.0392,0.0392,0.039,0.039,182053.0
1745722200000,0.039,0.0391,0.0389,0.039,73081.0
1745722500000,0.039,0.0391,0.0389,0.0389,196956.0
1745722800000,0.0389,0.0391,0.0388,0.039,80114.0
1745723100000,0.039,0.0391,0.0389,0.0389,93933.0
1745723400000,0.0389,0.039,0.0387,0.0388,95022.0
1745723700000,0.0387,0.0389,0.0387,0.0389,44703.0
1745724000000,0.0389,0.039,0.0388,0.0388,473913.0
1745724300000,0.0389,0.039,0.0388,0.039,129417.0
1745724600000,0.0389,0.039,0.0388,0.039,37078.0
1745724900000,0.0389,0.0389,0.0387,0.0388,242281.0
1745725200000,0.0388,0.0388,0.0387,0.0388,56593.0
1745725500000,0.0389,0.0389,0.0388,0.0388,14465.0
1745725800000,0.0388,0.0389,0.0387,0.0387,135506.0
1745726100000,0.0387,0.0388,0.0387,0.0387,112976.0
1745726400000,0.0388,0.0388,0.0383,0.0385,1238487.0
1745726700000,0.0385,0.0387,0.0385,0.0387,115537.0
1745727000000,0.0386,0.0389,0.0386,0.0389,463762.0
1745727300000,0.0388,0.039,0.0388,0.039,122621.0
1745727600000,0.039,0.0391,0.0387,0.0388,265019.0
1745727900000,0.0387,0.0388,0.0385,0.0387,322695.0
1745728200000,0.0386,0.0386,0.0383,0.0383,367040.0
1745728500000,0.0384,0.0384,0.0381,0.0383,503186.0
1745728800000,0.0383,0.0384,0.0382,0.0382,240929.0
1745729100000,0.0383,0.0384,0.0383,0.0383,837532.0
1745729400000,0.0383,0.0383,0.0381,0.0382,743410.0
1745729700000,0.0382,0.0382,0.0381,0.0382,79911.0
1745730000000,0.0381,0.0382,0.038,0.0382,392819.0
1745730300000,0.0381,0.0383,0.0378,0.0382,457772.0
1745730600000,0.0381,0.0382,0.038,0.0381,109715.0
1745730900000,0.0381,0.0383,0.0381,0.0382,84176.0
1745731200000,0.0381,0.0381,0.0379,0.038,151676.0
1745731500000,0.038,0.0381,0.0377,0.0379,781586.0
1745731800000,0.0379,0.038,0.0377,0.038,809646.0
1745732100000,0.038,0.038,0.0378,0.0378,188801.0
1745732400000,0.0379,0.0379,0.0377,0.0377,377009.0
1745732700000,0.0378,0.038,0.0377,0.038,244195.0
1745733000000,0.0379,0.0379,0.0378,0.0379,172407.0
1745733300000,0.0379,0.0381,0.0378,0.0381,137356.0
1745733600000,0.038,0.0381,0.038,0.0381,81463.0
1745733900000,0.0381,0.0381,0.0378,0.0379,161276.0
1745734200000,0.0379,0.038,0.0379,0.038,5924.0
1745734500000,0.038,0.0381,0.0379,0.038,144102.0
1745734800000,0.038,0.038,0.0379,0.0379,86180.0
1745735100000,0.0379,0.038,0.0377,0.0378,407539.0
1745735400000,0.0377,0.0378,0.0376,0.0377,282443.0
1745735700000,0.0378,0.0378,0.0374,0.0375,327931.0
1745736000000,0.0375,0.0376,0.0373,0.0376,159870.0
1745736300000,0.0376,0.0376,0.0372,0.0373,810481.0
1745736600000,0.0373,0.0374,0.0373,0.0374,230154.0
1745736900000,0.0375,0.0375,0.0373,0.0373,87705.0
1745737200000,0.0373,0.0375,0.0372,0.0375,451120.0
1745737500000,0.0375,0.0377,0.0374,0.0376,437384.0
1745737800000,0.0377,0.0379,0.0376,0.0376,151907.0
1745738100000,0.0377,0.038,0.0377,0.0378,403580.0
1745738400000,0.0379,0.038,0.0378,0.0378,251415.0
1745738700000,0.0378,0.0379,0.0377,0.0377,191971.0
1745739000000,0.0378,0.0378,0.0377,0.0377,116979.0
1745739300000,0.0377,0.0385,0.0377,0.0383,1135108.0
1745739600000,0.0382,0.0384,0.0379,0.038,1166943.0
1745739900000,0.0379,0.0382,0.0379,0.0381,215955.0
1745740200000,0.0381,0.039,0.0381,0.0388,2665188.0
1745740500000,0.0388,0.0389,0.0387,0.0388,595636.0
1745740800000,0.0389,0.039,0.0386,0.039,783311.0
1745741100000,0.039,0.0395,0.0389,0.0394,1481571.0
1745741400000,0.0393,0.0395,0.0389,0.039,1011632.0
1745741700000,0.0389,0.0393,0.0389,0.0391,613056.0
1745742000000,0.0391,0.0395,0.0391,0.0393,792772.0
1745742300000,0.0393,0.0397,0.0392,0.0395,1391121.0
1745742600000,0.0394,0.0397,0.0393,0.0394,941275.0
1745742900000,0.0393,0.0393,0.0391,0.0392,469599.0
1745743200000,0.0391,0.0394,0.0391,0.0393,680755.0
1745743500000,0.0393,0.0393,0.0389,0.039,1150794.0
1745743800000,0.039,0.0394,0.039,0.0392,409074.0
1745744100000,0.0392,0.0395,0.0392,0.0393,344501.0
1745744400000,0.0393,0.0393,0.0391,0.0393,188404.0
1745744700000,0.0392,0.0395,0.0392,0.0394,281541.0
1745745000000,0.0393,0.0395,0.0392,0.0395,190183.0
1745745300000,0.0395,0.04,0.0395,0.0397,751353.0
1745745600000,0.0397,0.0399,0.0396,0.0399,239639.0
1745745900000,0.0398,0.0398,0.0395,0.0395,325176.0
1745746200000,0.0395,0.0395,0.0393,0.0395,172967.0
1745746500000,0.0395,0.0395,0.0393,0.0394,275922.0
1745746800000,0.0394,0.0397,0.0393,0.0397,388405.0
1745747100000,0.0396,0.0396,0.0394,0.0395,318782.0
1745747400000,0.0395,0.0396,0.0393,0.0395,242198.0
1745747700000,0.0395,0.0396,0.0395,0.0395,148221.0
1745748000000,0.0395,0.0395,0.0393,0.0395,99392.0
1745748300000,0.0395,0.0396,0.0392,0.0393,372039.0
1745748600000,0.0392,0.0396,0.0392,0.0396,630307.0
1745748900000,0.0396,0.0396,0.0394,0.0395,273327.0
1745749200000,0.0395,0.0398,0.0394,0.0398,523912.0
1745749500000,0.0398,0.0399,0.0396,0.0397,249441.0
1745749800000,0.0397,0.0399,0.0397,0.0399,164444.0
1745750100000,0.0398,0.0398,0.0396,0.0396,199675.0
1745750400000,0.0396,0.0398,0.0395,0.0397,139349.0
1745750700000,0.0398,0.0398,0.0396,0.0397,482978.0
1745751000000,0.0397,0.0397,0.0396,0.0396,98373.0
1745751300000,0.0396,0.0397,0.0396,0.0396,25198.0
1745751600000,0.0397,0.0398,0.0396,0.0396,210671.0
1745751900000,0.0397,0.0399,0.0396,0.0396,325567.0
1745752200000,0.0397,0.0397,0.0394,0.0394,228503.0
1745752500000,0.0394,0.0395,0.0392,0.0393,604535.0
1745752800000,0.0392,0.0393,0.0391,0.0392,187873.0
1745753100000,0.0392,0.0396,0.0392,0.0394,580348.0
1745753400000,0.0395,0.0397,0.0395,0.0396,88473.0
1745753700000,0.0397,0.0398,0.0396,0.0397,131996.0
1745754000000,0.0398,0.0402,0.0398,0.04,637439.0
1745754300000,0.04,0.0402,0.0399,0.0401,380552.0
1745754600000,0.0401,0.0404,0.04,0.0403,252761.0
1745754900000,0.0403,0.0407,0.0403,0.0405,838052.0
1745755200000,0.0405,0.0406,0.04,0.0403,892945.0
1745755500000,0.0403,0.0404,0.0401,0.0402,355411.0
1745755800000,0.0402,0.0408,0.04,0.0401,1739056.0
1745756100000,0.0402,0.0406,0.0402,0.0406,548186.0
1745756400000,0.0406,0.0406,0.0403,0.0404,171675.0
1745756700000,0.0404,0.0405,0.0403,0.0404,204331.0
1745757000000,0.0405,0.0408,0.0404,0.0406,762972.0
1745757300000,0.0407,0.0407,0.0402,0.0404,248541.0
1745757600000,0.0404,0.0407,0.0401,0.0403,609308.0
1745757900000,0.0403,0.0404,0.04,0.04,609621.0
1745758200000,0.0401,0.0401,0.0399,0.0401,284129.0
1745758500000,0.04,0.0401,0.0398,0.0398,428005.0
1745758800000,0.0398,0.0403,0.0398,0.0401,683417.0
1745759100000,0.04,0.04,0.0395,0.0398,213252.0
1745759400000,0.0399,0.0402,0.0397,0.04,328651.0
1745759700000,0.04,0.0403,0.0399,0.0403,294801.0
1745760000000,0.0403,0.0404,0.0401,0.0404,97766.0
1745760300000,0.0403,0.0407,0.0402,0.0403,782384.0
1745760600000,0.0404,0.0407,0.0404,0.0407,254813.0
1745760900000,0.0407,0.0409,0.0405,0.0405,564101.0
1745761200000,0.0405,0.0407,0.0405,0.0406,347101.0
1745761500000,0.0406,0.0409,0.0405,0.0408,532307.0
1745761800000,0.0407,0.0407,0.0403,0.0404,579271.0
1745762100000,0.0404,0.0406,0.0403,0.0403,282763.0
1745762400000,0.0403,0.0403,0.04,0.04,583147.0
1745762700000,0.04,0.04,0.0399,0.04,292727.0
1745763000000,0.04,0.0403,0.0399,0.0403,173281.0
1745763300000,0.0402,0.0402,0.0399,0.0401,130161.0
1745763600000,0.0401,0.0402,0.04,0.04,258511.0
1745763900000,0.04,0.0401,0.0397,0.0397,185887.0
1745764200000,0.0397,0.0399,0.0396,0.0398,521607.0
1745764500000,0.0397,0.0398,0.0395,0.0395,295720.0
1745764800000,0.0395,0.0396,0.0392,0.0393,591088.0
1745765100000,0.0393,0.0393,0.0388,0.039,982046.0
1745765400000,0.039,0.0391,0.0386,0.0389,1453492.0
1745765700000,0.039,0.0392,0.0389,0.039,484746.0
1745766000000,0.0391,0.0391,0.0389,0.0389,313252.0
1745766300000,0.0389,0.039,0.0388,0.0389,162299.0
1745766600000,0.0389,0.0392,0.0389,0.0391,158210.0
1745766900000,0.0391,0.0393,0.0391,0.0391,143535.0
1745767200000,0.0391,0.0392,0.039,0.0391,201189.0
1745767500000,0.0391,0.0392,0.039,0.0391,195683.0
1745767800000,0.039,0.0391,0.0389,0.0389,189272.0
1745768100000,0.0389,0.039,0.0389,0.0389,79459.0
1745768400000,0.039,0.039,0.0389,0.039,83299.0
1745768700000,0.039,0.039,0.0387,0.0389,400742.0
1745769000000,0.0389,0.039,0.0388,0.0389,112573.0
1745769300000,0.0389,0.0389,0.0388,0.0389,52444.0
1745769600000,0.0389,0.0389,0.0387,0.0389,95113.0
1745769900000,0.0389,0.039,0.0388,0.0389,164829.0
1745770200000,0.039,0.0393,0.0389,0.0391,439861.0
1745770500000,0.0391,0.0392,0.039,0.0391,227795.0
1745770800000,0.0391,0.0393,0.0389,0.0389,365735.0
1745771100000,0.0389,0.0391,0.0388,0.039,246476.0
1745771400000,0.0391,0.0391,0.0388,0.0389,155589.0
1745771700000,0.0389,0.039,0.0388,0.0389,209632.0
1745772000000,0.0389,0.0391,0.0389,0.0391,162863.0
1745772300000,0.039,0.0394,0.039,0.0393,422316.0
1745772600000,0.0392,0.0392,0.0387,0.0389,445450.0
1745772900000,0.0388,0.0388,0.0383,0.0386,1822831.0
1745773200000,0.0385,0.0386,0.0382,0.0384,755103.0
1745773500000,0.0384,0.0386,0.0384,0.0384,416168.0
1745773800000,0.0385,0.0387,0.0385,0.0385,353021.0
1745774100000,0.0386,0.0387,0.0385,0.0385,568636.0
1745774400000,0.0385,0.0386,0.0384,0.0386,726514.0
1745774700000,0.0385,0.0386,0.0384,0.0385,49415.0
1745775000000,0.0384,0.0385,0.0382,0.0382,318294.0
1745775300000,0.0383,0.0384,0.0383,0.0383,10541.0
1745775600000,0.0384,0.0386,0.0383,0.0385,142327.0
1745775900000,0.0385,0.0386,0.0384,0.0386,116853.0
1745776200000,0.0386,0.0386,0.0385,0.0385,29763.0
1745776500000,0.0385,0.0385,0.0384,0.0384,50365.0
1745776800000,0.0384,0.0386,0.0384,0.0385,73821.0
1745777100000,0.0385,0.0386,0.0385,0.0385,199973.0
1745777400000,0.0384,0.0385,0.0384,0.0384,84619.0
1745777700000,0.0384,0.0386,0.0384,0.0386,143265.0
1745778000000,0.0386,0.0386,0.0385,0.0385,43779.0
1745778300000,0.0385,0.0386,0.0385,0.0385,70611.0
1745778600000,0.0386,0.0387,0.0385,0.0386,99845.0
1745778900000,0.0386,0.0387,0.0385,0.0385,257876.0
1745779200000,0.0385,0.0387,0.0385,0.0387,89235.0
1745779500000,0.0386,0.0387,0.0385,0.0387,76010.0
1745779800000,0.0387,0.0387,0.0386,0.0387,162515.0
1745780100000,0.0387,0.0388,0.0385,0.0385,297084.0
1745780400000,0.0385,0.0385,0.0383,0.0383,47887.0
1745780700000,0.0384,0.0384,0.0382,0.0383,405033.0
1745781000000,0.0383,0.0383,0.038,0.0381,367135.0
1745781300000,0.0381,0.0381,0.0379,0.0379,315856.0
1745781600000,0.0379,0.038,0.0378,0.0378,345084.0
1745781900000,0.0378,0.038,0.0375,0.038,963569.0
1745782200000,0.038,0.038,0.0376,0.0377,177060.0
1745782500000,0.0377,0.0378,0.0377,0.0378,125197.0
1745782800000,0.0378,0.0379,0.0377,0.0377,673199.0
1745783100000,0.0378,0.0379,0.0376,0.0378,222672.0
1745783400000,0.0378,0.0379,0.0375,0.0377,233924.0
1745783700000,0.0377,0.0378,0.0376,0.0378,105537.0
1745784000000,0.0378,0.0378,0.0368,0.0371,3315548.0
1745784300000,0.0372,0.0374,0.0371,0.0371,335992.0
1745784600000,0.0371,0.0372,0.0369,0.037,480786.0
1745784900000,0.037,0.0373,0.0369,0.0373,313393.0
1745785200000,0.0372,0.0373,0.0372,0.0373,198404.0
1745785500000,0.0374,0.0378,0.0373,0.0377,727498.0
1745785800000,0.0377,0.0379,0.0376,0.0377,444206.0
1745786100000,0.0377,0.038,0.0376,0.0379,411888.0
1745786400000,0.0379,0.0379,0.0377,0.0378,128826.0
1745786700000,0.0378,0.038,0.0377,0.0379,84317.0
1745787000000,0.0378,0.0379,0.0377,0.0377,121595.0
1745787300000,0.0377,0.0377,0.0375,0.0376,256414.0
1745787600000,0.0377,0.0379,0.0377,0.0377,849709.0
1745787900000,0.0378,0.0381,0.0378,0.0379,962329.0
1745788200000,0.0379,0.038,0.0378,0.0378,129459.0
1745788500000,0.0378,0.038,0.0378,0.0379,121280.0
1745788800000,0.0379,0.0379,0.0379,0.0379,102551.0
1745789100000,0.0379,0.038,0.0379,0.0379,69928.0
1745789400000,0.0379,0.0381,0.0379,0.038,11644.0
1745789700000,0.038,0.0381,0.0379,0.0381,140545.0
1745790000000,0.0381,0.0381,0.0379,0.038,44965.0
1745790300000,0.038,0.038,0.038,0.038,14917.0
1745790600000,0.038,0.0381,0.038,0.038,7266.0
1745790900000,0.038,0.0382,0.038,0.038,435201.0
1745791200000,0.038,0.0383,0.038,0.0381,72947.0
1745791500000,0.0381,0.0381,0.0378,0.038,472536.0
1745791800000,0.0379,0.0379,0.0378,0.0379,83184.0
1745792100000,0.0379,0.0381,0.0378,0.038,105565.0
1745792400000,0.0381,0.0381,0.038,0.038,91090.0
1745792700000,0.0381,0.0382,0.038,0.038,34475.0
1745793000000,0.038,0.0382,0.0378,0.0382,516338.0
1745793300000,0.0382,0.0385,0.0381,0.0384,546041.0
1745793600000,0.0384,0.0386,0.0384,0.0386,149502.0
1745793900000,0.0385,0.0385,0.0382,0.0383,123179.0
1745794200000,0.0383,0.0383,0.038,0.0381,30480.0
1745794500000,0.038,0.038,0.0379,0.038,130485.0
1745794800000,0.0381,0.0381,0.0379,0.038,380443.0
1745795100000,0.038,0.0381,0.0379,0.0379,169276.0
1745795400000,0.0379,0.038,0.0378,0.0379,411885.0
1745795700000,0.0379,0.0379,0.0375,0.0377,319069.0
1745796000000,0.0376,0.0377,0.0375,0.0377,120459.0
1745796300000,0.0377,0.0378,0.0376,0.0378,87091.0
1745796600000,0.0378,0.0378,0.0377,0.0378,462724.0
1745796900000,0.0379,0.0379,0.0376,0.0376,672562.0
1745797200000,0.0377,0.0377,0.0372,0.0376,861641.0
1745797500000,0.0375,0.0377,0.0375,0.0375,131751.0
1745797800000,0.0376,0.0377,0.0376,0.0376,7104.0
1745798100000,0.0377,0.0377,0.0375,0.0376,28944.0
1745798400000,0.0376,0.0376,0.0374,0.0376,307598.0
1745798700000,0.0376,0.0377,0.0375,0.0376,374233.0
1745799000000,0.0377,0.0378,0.0375,0.0375,358430.0
1745799300000,0.0375,0.0376,0.0375,0.0376,374311.0
1745799600000,0.0377,0.0377,0.0376,0.0376,103489.0
1745799900000,0.0377,0.038,0.0377,0.0379,101579.0
1745800200000,0.0379,0.038,0.0377,0.0377,117244.0
1745800500000,0.0377,0.0378,0.0376,0.0377,127310.0
1745800800000,0.0378,0.0379,0.0377,0.0377,94038.0
1745801100000,0.0378,0.0379,0.0375,0.0376,497210.0
1745801400000,0.0376,0.0377,0.0376,0.0376,86332.0
1745801700000,0.0376,0.0378,0.0376,0.0377,62178.0
1745802000000,0.0377,0.0378,0.0376,0.0377,348806.0
1745802300000,0.0378,0.0378,0.0374,0.0375,358971.0
1745802600000,0.0375,0.0377,0.0375,0.0377,112588.0
1745802900000,0.0377,0.0379,0.0377,0.0379,54428.0
1745803200000,0.038,0.038,0.0374,0.0375,541798.0
1745803500000,0.0375,0.0376,0.0375,0.0376,164422.0
1745803800000,0.0375,0.0375,0.037,0.037,234022.0
1745804100000,0.037,0.0373,0.0369,0.0373,859054.0
1745804400000,0.0373,0.0373,0.0366,0.0369,2042700.0
1745804700000,0.0369,0.0373,0.0369,0.0373,555023.0
1745805000000,0.0373,0.0378,0.0373,0.0376,277260.0
1745805300000,0.0376,0.0389,0.0376,0.0381,3264055.0
1745805600000,0.0381,0.0381,0.0378,0.0379,554227.0
1745805900000,0.038,0.0382,0.0379,0.038,329116.0
1745806200000,0.0379,0.0383,0.0379,0.0381,188619.0
1745806500000,0.0381,0.0382,0.0381,0.0382,130634.0
1745806800000,0.0382,0.0387,0.0382,0.0386,669499.0
1745807100000,0.0386,0.0388,0.0386,0.0386,130567.0
1745807400000,0.0386,0.0387,0.0384,0.0385,234451.0
1745807700000,0.0385,0.039,0.0385,0.0389,291326.0
1745808000000,0.039,0.0392,0.0386,0.0389,784414.0
1745808300000,0.0389,0.0394,0.0389,0.0391,964685.0
1745808600000,0.0391,0.0393,0.0391,0.0393,409871.0
1745808900000,0.0393,0.0395,0.0391,0.0392,497111.0
1745809200000,0.0391,0.0394,0.0389,0.0391,1545738.0
1745809500000,0.039,0.0392,0.039,0.0392,193474.0
1745809800000,0.0391,0.0391,0.0388,0.0389,590960.0
1745810100000,0.0389,0.039,0.0386,0.0386,513907.0
1745810400000,0.0386,0.0387,0.0384,0.0384,310415.0
1745810700000,0.0384,0.0385,0.0382,0.0383,260918.0
1745811000000,0.0383,0.0387,0.0383,0.0386,341039.0
1745811300000,0.0386,0.0386,0.0382,0.0383,108544.0
1745811600000,0.0383,0.0385,0.0383,0.0384,114018.0
1745811900000,0.0383,0.0384,0.0381,0.0381,322922.0
1745812200000,0.0382,0.0382,0.038,0.0381,69255.0
1745812500000,0.0382,0.0382,0.0378,0.0379,531914.0
1745812800000,0.038,0.0381,0.0379,0.038,213497.0
1745813100000,0.0381,0.0382,0.038,0.0381,393937.0
1745813400000,0.038,0.0381,0.0378,0.0381,473324.0
1745813700000,0.0381,0.0383,0.0381,0.0383,100797.0
1745814000000,0.0382,0.0382,0.0381,0.0382,316012.0
1745814300000,0.0383,0.0383,0.0381,0.0382,169225.0
1745814600000,0.0382,0.0382,0.038,0.0381,230957.0
1745814900000,0.0381,0.0384,0.038,0.0384,344339.0
1745815200000,0.0384,0.0385,0.0384,0.0385,156334.0
1745815500000,0.0384,0.0386,0.0384,0.0385,105262.0
1745815800000,0.0385,0.0386,0.0384,0.0384,73854.0
1745816100000,0.0385,0.0386,0.0383,0.0383,387523.0
1745816400000,0.0383,0.0384,0.0383,0.0383,63308.0
1745816700000,0.0382,0.0383,0.0382,0.0383,39111.0
1745817000000,0.0383,0.0385,0.0382,0.0384,230044.0
1745817300000,0.0384,0.0384,0.0383,0.0383,67443.0
1745817600000,0.0383,0.0383,0.0383,0.0383,40454.0
1745817900000,0.0383,0.0385,0.0383,0.0384,173337.0
1745818200000,0.0384,0.0386,0.0383,0.0383,348350.0
1745818500000,0.0383,0.0383,0.0381,0.0381,123543.0
1745818800000,0.0381,0.0384,0.0381,0.0382,98738.0
1745819100000,0.0382,0.0383,0.0381,0.0382,118866.0
1745819400000,0.0382,0.0382,0.0381,0.0381,129028.0
1745819700000,0.0381,0.0381,0.038,0.0381,82682.0
1745820000000,0.0381,0.0382,0.0381,0.0382,25469.0
1745820300000,0.0383,0.0383,0.0382,0.0383,32593.0
1745820600000,0.0384,0.0386,0.0383,0.0385,326332.0
1745820900000,0.0384,0.0386,0.0384,0.0384,90829.0
1745821200000,0.0384,0.0384,0.0383,0.0383,49239.0
1745821500000,0.0383,0.0384,0.0383,0.0383,9120.0
1745821800000,0.0384,0.0387,0.0383,0.0387,311317.0
1745822100000,0.0386,0.0389,0.0386,0.0387,142493.0
1745822400000,0.0387,0.0389,0.0387,0.0388,99625.0
1745822700000,0.0387,0.0388,0.0386,0.0386,233606.0
1745823000000,0.0387,0.0388,0.0387,0.0387,57556.0
1745823300000,0.0387,0.0387,0.0386,0.0386,30016.0
1745823600000,0.0386,0.0387,0.0384,0.0384,398743.0
1745823900000,0.0384,0.0388,0.0384,0.0388,227213.0
1745824200000,0.0387,0.0391,0.0387,0.039,727642.0
1745824500000,0.0389,0.0391,0.0389,0.039,174612.0
1745824800000,0.0389,0.0389,0.0388,0.0389,89360.0
1745825100000,0.0389,0.0391,0.0388,0.0389,299285.0
1745825400000,0.0389,0.0391,0.0389,0.0389,157248.0
1745825700000,0.0389,0.0389,0.0388,0.0388,52684.0
1745826000000,0.0388,0.039,0.0388,0.0389,51507.0
1745826300000,0.0389,0.0389,0.0388,0.0388,2829.0
1745826600000,0.0388,0.0389,0.0388,0.0389,32734.0
1745826900000,0.0389,0.0391,0.0389,0.0389,281895.0
1745827200000,0.0389,0.039,0.0389,0.0389,114758.0
1745827500000,0.039,0.039,0.0388,0.0389,654622.0
1745827800000,0.039,0.0391,0.0388,0.0388,746012.0
1745828100000,0.0389,0.0391,0.0389,0.039,222978.0
1745828400000,0.0389,0.0392,0.0389,0.0391,425590.0
1745828700000,0.0391,0.0393,0.0391,0.0391,311111.0
1745829000000,0.0391,0.0393,0.0391,0.0392,177988.0
1745829300000,0.0392,0.0393,0.0391,0.0391,310086.0
1745829600000,0.0391,0.0394,0.0391,0.0392,309191.0
1745829900000,0.0393,0.0394,0.0391,0.0391,180676.0
1745830200000,0.0392,0.0393,0.0392,0.0392,60891.0
1745830500000,0.0392,0.0393,0.0392,0.0392,9890.0
1745830800000,0.0392,0.0395,0.0392,0.0394,100629.0
1745831100000,0.0395,0.0396,0.0395,0.0395,133333.0
1745831400000,0.0394,0.0397,0.0394,0.0395,135880.0
1745831700000,0.0395,0.0397,0.0394,0.0395,81023.0
1745832000000,0.0395,0.0395,0.0394,0.0395,97670.0
1745832300000,0.0395,0.0396,0.0394,0.0394,32251.0
1745832600000,0.0394,0.0396,0.0391,0.0391,408785.0
1745832900000,0.0392,0.0395,0.0392,0.0395,108226.0
1745833200000,0.0396,0.0396,0.0392,0.0393,158022.0
1745833500000,0.0393,0.0394,0.0392,0.0394,130229.0
1745833800000,0.0394,0.0395,0.0393,0.0395,44604.0
1745834100000,0.0395,0.0396,0.0395,0.0396,238264.0
1745834400000,0.0395,0.0396,0.0395,0.0396,54887.0
1745834700000,0.0395,0.0397,0.0394,0.0396,344806.0
1745835000000,0.0395,0.0395,0.0394,0.0395,210497.0
1745835300000,0.0395,0.0395,0.0394,0.0394,96193.0
1745835600000,0.0394,0.0394,0.0391,0.0393,274123.0
1745835900000,0.0392,0.0394,0.0391,0.0393,271291.0
1745836200000,0.0392,0.0395,0.0392,0.0395,201691.0
1745836500000,0.0395,0.0397,0.0395,0.0396,141176.0
1745836800000,0.0397,0.0399,0.0397,0.0399,465466.0
1745837100000,0.0398,0.0398,0.0397,0.0398,53544.0
1745837400000,0.0397,0.0398,0.0396,0.0397,193171.0
1745837700000,0.0397,0.0397,0.0394,0.0395,179688.0
1745838000000,0.0394,0.0396,0.0392,0.0392,337181.0
1745838300000,0.0391,0.0391,0.0388,0.0389,544433.0
1745838600000,0.0389,0.0389,0.0387,0.0387,150316.0
1745838900000,0.0387,0.0389,0.0386,0.0389,383253.0
1746057600000,0.0438,0.0439,0.043,0.0432,1101562.0
1746057900000,0.0432,0.0436,0.0429,0.0431,877608.0
1746058200000,0.0431,0.0437,0.0429,0.0435,648474.0
1746058500000,0.0436,0.0437,0.043,0.0432,579891.0
1746058800000,0.0431,0.0432,0.0426,0.0428,553632.0
1746059100000,0.0427,0.0432,0.0427,0.0428,372368.0
1746059400000,0.0429,0.0432,0.0427,0.0428,248687.0
1746059700000,0.0428,0.0429,0.0427,0.0428,319143.0
1746060000000,0.0428,0.043,0.0424,0.0424,454209.0
1746060300000,0.0424,0.0425,0.0421,0.0425,813833.0
1746060600000,0.0425,0.0432,0.0425,0.0431,674869.0
1746060900000,0.0432,0.0432,0.0427,0.0431,578593.0
1746061200000,0.0432,0.0436,0.0431,0.0435,354927.0
1746061500000,0.0434,0.0437,0.0434,0.0437,220774.0
1746061800000,0.0437,0.044,0.043,0.0431,690939.0
1746062100000,0.0431,0.0435,0.0431,0.0433,566113.0
1746062400000,0.0433,0.0435,0.043,0.043,362121.0
1746062700000,0.043,0.0431,0.0429,0.043,170427.0
1746063000000,0.043,0.0431,0.0428,0.0429,231480.0
1746063300000,0.0429,0.0429,0.0425,0.0425,366436.0
1746063600000,0.0426,0.0429,0.0426,0.0428,192309.0
1746063900000,0.0428,0.043,0.0426,0.0426,349268.0
1746064200000,0.0426,0.0428,0.0424,0.0424,116266.0
1746064500000,0.0424,0.0426,0.0423,0.0425,201378.0
1746064800000,0.0424,0.0427,0.0424,0.0426,520656.0
1746065100000,0.0426,0.0428,0.0426,0.0428,126110.0
1746065400000,0.0427,0.0432,0.0426,0.0432,586636.0
1746065700000,0.0432,0.0434,0.0431,0.0431,207725.0
1746066000000,0.0431,0.0431,0.0427,0.0427,285335.0
1746066300000,0.0427,0.0428,0.0426,0.0428,126338.0
1746066600000,0.0429,0.0429,0.0426,0.0429,47901.0
1746066900000,0.0428,0.0431,0.0428,0.0431,299789.0
1746067200000,0.043,0.0431,0.0428,0.0428,644455.0
1746067500000,0.0427,0.0428,0.0425,0.0426,538198.0
1746067800000,0.0426,0.0432,0.0425,0.0426,799297.0
1746068100000,0.0427,0.0427,0.0423,0.0425,92232.0
1746068400000,0.0425,0.0427,0.0424,0.0424,213374.0
1746068700000,0.0424,0.0426,0.0423,0.0423,377710.0
1746069000000,0.0423,0.0424,0.0421,0.0421,325110.0
1746069300000,0.042,0.0422,0.0418,0.0419,438217.0
1746069600000,0.0418,0.042,0.0416,0.0419,692772.0
1746069900000,0.0419,0.042,0.0417,0.0417,319875.0
1746070200000,0.0417,0.0418,0.0415,0.0417,682261.0
1746070500000,0.0417,0.0421,0.0417,0.0418,613144.0
1746070800000,0.0418,0.0419,0.0408,0.0412,2010187.0
1746071100000,0.0413,0.0413,0.0406,0.0407,1253294.0
1746071400000,0.0407,0.041,0.0401,0.0404,1172002.0
1746071700000,0.0404,0.0407,0.0402,0.0407,882220.0
1746072000000,0.0406,0.0411,0.0403,0.041,1862055.0
1746072300000,0.041,0.0416,0.041,0.0411,2900640.0
1746072600000,0.0412,0.0412,0.0409,0.0412,484767.0
1746072900000,0.0412,0.0413,0.041,0.041,572746.0
1746073200000,0.0411,0.0413,0.0411,0.0413,137361.0
1746073500000,0.0412,0.0413,0.0409,0.041,401984.0
1746073800000,0.0409,0.0411,0.0407,0.0408,411009.0
1746074100000,0.0408,0.0409,0.0405,0.0405,834976.0
1746074400000,0.0405,0.0407,0.0404,0.0407,438839.0
1746074700000,0.0406,0.0407,0.0406,0.0406,481506.0
1746075000000,0.0406,0.0406,0.0404,0.0406,352726.0
1746075300000,0.0405,0.0408,0.0404,0.0407,553867.0
1746075600000,0.0406,0.0407,0.0404,0.0405,358213.0
1746075900000,0.0404,0.0407,0.0404,0.0405,498440.0
1746076200000,0.0405,0.0405,0.0402,0.0403,499660.0
1746076500000,0.0404,0.0404,0.0401,0.0401,664831.0
1746076800000,0.0401,0.0402,0.0398,0.04,1385705.0
1746077100000,0.04,0.04,0.0397,0.0398,296584.0
1746077400000,0.0399,0.0399,0.0394,0.0397,1021248.0
1746077700000,0.0396,0.0399,0.0396,0.0397,140129.0
1746078000000,0.0398,0.0398,0.0394,0.0396,589083.0
1746078300000,0.0396,0.0398,0.0396,0.0397,288800.0
1746078600000,0.0396,0.0398,0.0396,0.0397,148749.0
1746078900000,0.0396,0.0397,0.0393,0.0397,619008.0
1746079200000,0.0396,0.0398,0.0393,0.0393,179491.0
1746079500000,0.0393,0.0395,0.0392,0.0394,317955.0
1746079800000,0.0393,0.0395,0.0392,0.0392,212823.0
1746080100000,0.0393,0.0394,0.0392,0.0392,328272.0
1746080400000,0.0392,0.0395,0.0392,0.0395,333789.0
1746080700000,0.0395,0.0397,0.0395,0.0397,526529.0
1746081000000,0.0397,0.0402,0.0397,0.0398,869523.0
1746081300000,0.0399,0.0402,0.0398,0.0401,163872.0
1746081600000,0.0401,0.0402,0.0398,0.0398,868289.0
1746081900000,0.0398,0.0404,0.0398,0.0401,1060954.0
1746082200000,0.0402,0.0403,0.0401,0.0403,250924.0
1746082500000,0.0403,0.0403,0.0399,0.0401,456202.0
1746082800000,0.0401,0.0401,0.0396,0.0398,2381437.0
1746083100000,0.0398,0.0398,0.0394,0.0395,569749.0
1746083400000,0.0396,0.0397,0.0395,0.0397,283122.0
1746083700000,0.0397,0.0398,0.0396,0.0396,140599.0
1746084000000,0.0396,0.0397,0.0395,0.0395,85135.0
1746084300000,0.0395,0.0396,0.0393,0.0394,345149.0
1746084600000,0.0394,0.0396,0.0393,0.0395,516913.0
1746084900000,0.0396,0.0396,0.0392,0.0393,159828.0
1746085200000,0.0393,0.0395,0.0392,0.0394,405574.0
1746085500000,0.0394,0.0395,0.0392,0.0392,476609.0
1746085800000,0.0393,0.0393,0.039,0.0392,438836.0
1746086100000,0.0392,0.0392,0.039,0.0391,244932.0
1746086400000,0.0392,0.0394,0.039,0.0393,468589.0
1746086700000,0.0393,0.0393,0.039,0.0391,393525.0
1746087000000,0.0392,0.0393,0.0388,0.0388,2553100.0
1746087300000,0.0388,0.0389,0.0382,0.0388,2640381.0
1746087600000,0.0388,0.0388,0.0386,0.0386,238411.0
1746087900000,0.0386,0.0387,0.0384,0.0387,759946.0
1746088200000,0.0388,0.039,0.0386,0.0389,539047.0
1746088500000,0.0389,0.039,0.0388,0.0388,80027.0
1746088800000,0.0388,0.0391,0.0388,0.039,214248.0
1746089100000,0.0391,0.0392,0.039,0.0391,802446.0
1746089400000,0.0391,0.0391,0.0389,0.0389,91985.0
1746089700000,0.039,0.0392,0.0389,0.039,172544.0
1746090000000,0.0391,0.0392,0.039,0.0392,334380.0
1746090300000,0.0391,0.0392,0.039,0.0391,217609.0
1746090600000,0.0392,0.0394,0.0387,0.0389,951759.0
1746090900000,0.0389,0.0392,0.0388,0.0391,654275.0
1746091200000,0.0392,0.0394,0.0392,0.0393,424208.0
1746091500000,0.0394,0.0396,0.0394,0.0396,382038.0
1746091800000,0.0396,0.0397,0.0392,0.0394,728482.0
1746092100000,0.0394,0.0396,0.0393,0.0395,294103.0
1746092400000,0.0396,0.0397,0.0394,0.0394,441872.0
1746092700000,0.0395,0.0397,0.0395,0.0395,77200.0
1746093000000,0.0395,0.0396,0.0394,0.0396,405562.0
1746093300000,0.0397,0.0397,0.0395,0.0397,436361.0
1746093600000,0.0396,0.0397,0.0392,0.0393,596923.0
1746093900000,0.0394,0.0395,0.0392,0.0394,535187.0
1746094200000,0.0394,0.0394,0.0393,0.0394,165679.0
1746094500000,0.0394,0.04,0.0394,0.0399,1059381.0
1746094800000,0.0399,0.0403,0.0398,0.04,1062729.0
1746095100000,0.04,0.04,0.0398,0.0399,303911.0
1746095400000,0.04,0.04,0.0395,0.0397,840319.0
1746095700000,0.0397,0.0398,0.0394,0.0396,155762.0
1746096000000,0.0396,0.0398,0.0395,0.0396,731543.0
1746096300000,0.0396,0.0396,0.0392,0.0393,454828.0
1746096600000,0.0392,0.0394,0.0391,0.0392,716476.0
1746096900000,0.0391,0.0393,0.039,0.0392,879467.0
1746097200000,0.0393,0.0394,0.0392,0.0393,129219.0
1746097500000,0.0393,0.0394,0.0389,0.039,811443.0
1746097800000,0.039,0.0392,0.039,0.039,265442.0
1746098100000,0.0391,0.0391,0.0389,0.0389,251189.0
1746098400000,0.0389,0.039,0.0388,0.0389,149451.0
1746098700000,0.0389,0.0395,0.0388,0.0393,1832215.0
1746099000000,0.0393,0.0399,0.0392,0.0398,1343049.0
1746099300000,0.0397,0.0397,0.0395,0.0397,381836.0
1746099600000,0.0398,0.0401,0.0398,0.0399,380207.0
1746099900000,0.04,0.04,0.0398,0.0398,301762.0
1746100200000,0.0398,0.0399,0.0397,0.0397,222402.0
1746100500000,0.0397,0.0397,0.0395,0.0397,722190.0
1746100800000,0.0396,0.0398,0.0393,0.0394,580090.0
1746101100000,0.0394,0.0395,0.0393,0.0394,246979.0
1746101400000,0.0394,0.0396,0.0394,0.0395,170334.0
1746101700000,0.0395,0.0395,0.0391,0.0392,311090.0
1746102000000,0.0392,0.0393,0.039,0.0393,955842.0
1746102300000,0.0392,0.0392,0.039,0.039,288304.0
1746102600000,0.039,0.0391,0.0389,0.0391,590984.0
1746102900000,0.0391,0.0394,0.0391,0.0393,278393.0
1746103200000,0.0393,0.0393,0.0392,0.0392,120391.0
1746103500000,0.0392,0.0393,0.039,0.0391,313500.0
1746103800000,0.0391,0.0401,0.0389,0.0399,3024706.0
1746104100000,0.0399,0.0402,0.0397,0.0398,751443.0
1746104400000,0.0398,0.0399,0.0395,0.0396,355359.0
1746104700000,0.0396,0.04,0.0396,0.04,689060.0
1746105000000,0.04,0.0402,0.0397,0.0398,700487.0
1746105300000,0.0398,0.04,0.0397,0.0399,1413849.0
1746105600000,0.0398,0.0399,0.0394,0.0396,1421042.0
1746105900000,0.0397,0.0399,0.0396,0.0397,781301.0
1746106200000,0.0396,0.0396,0.0392,0.0392,721769.0
1746106500000,0.0392,0.0393,0.039,0.0391,590457.0
1746106800000,0.0392,0.0393,0.0391,0.0392,437581.0
1746107100000,0.0392,0.0393,0.039,0.0392,348829.0
1746107400000,0.0393,0.0394,0.0392,0.0394,309563.0
1746107700000,0.0393,0.0393,0.0389,0.039,433713.0
1746108000000,0.0391,0.0393,0.039,0.0393,308520.0
1746108300000,0.0393,0.0394,0.0391,0.0392,88298.0
1746108600000,0.0393,0.0394,0.0392,0.0393,227007.0
1746108900000,0.0393,0.0394,0.0392,0.0392,99988.0
1746109200000,0.0391,0.0394,0.0391,0.0393,98416.0
1746109500000,0.0393,0.0393,0.0391,0.0392,119144.0
1746109800000,0.0391,0.0392,0.0389,0.039,337077.0
1746110100000,0.039,0.0392,0.039,0.0391,123688.0
1746110400000,0.0391,0.0393,0.039,0.039,347688.0
1746110700000,0.0389,0.0393,0.0389,0.0391,782595.0
1746111000000,0.0392,0.0392,0.0391,0.0391,99286.0
1746111300000,0.0392,0.0393,0.0391,0.0393,176429.0
1746111600000,0.0392,0.0392,0.0391,0.0391,179280.0
1746111900000,0.0391,0.0393,0.039,0.039,384819.0
1746112200000,0.0391,0.0393,0.0391,0.0392,516006.0
1746112500000,0.0392,0.0392,0.039,0.039,362386.0
1746112800000,0.039,0.0391,0.039,0.0391,124853.0
1746113100000,0.039,0.0392,0.039,0.0391,90211.0
1746113400000,0.0391,0.0393,0.039,0.039,163184.0
1746113700000,0.039,0.0393,0.039,0.0391,211071.0
1746114000000,0.039,0.0391,0.0387,0.0388,1018804.0
1746114300000,0.0388,0.0388,0.0385,0.0386,550876.0
1746114600000,0.0386,0.0387,0.0386,0.0386,240628.0
1746114900000,0.0386,0.0387,0.0385,0.0387,191229.0
1746115200000,0.0386,0.0387,0.0385,0.0387,434856.0
1746115500000,0.0387,0.0388,0.0386,0.0388,79911.0
1746115800000,0.0387,0.0389,0.0386,0.0389,840513.0
1746116100000,0.0389,0.039,0.0387,0.0388,588110.0
1746116400000,0.0387,0.0388,0.0386,0.0386,235101.0
1746116700000,0.0385,0.0387,0.0385,0.0385,60477.0
1746117000000,0.0386,0.0388,0.0386,0.0387,105459.0
1746117300000,0.0387,0.0391,0.0386,0.0389,995179.0
1746117600000,0.0388,0.0388,0.0386,0.0387,140458.0
1746117900000,0.0387,0.0388,0.0386,0.0387,122922.0
1746118200000,0.0387,0.0387,0.0378,0.0381,2550020.0
1746118500000,0.0381,0.0385,0.038,0.0384,754814.0
1746118800000,0.0383,0.0384,0.0383,0.0384,341021.0
1746119100000,0.0384,0.0385,0.0383,0.0383,324828.0
1746119400000,0.0384,0.0384,0.0382,0.0383,680104.0
1746119700000,0.0384,0.0386,0.0384,0.0386,326052.0
1746120000000,0.0386,0.0388,0.0386,0.0386,634782.0
1746120300000,0.0386,0.0387,0.0385,0.0385,35312.0
1746120600000,0.0386,0.0386,0.0384,0.0386,133501.0
1746120900000,0.0386,0.0386,0.0383,0.0385,397712.0
1746121200000,0.0385,0.0386,0.0384,0.0385,303276.0
1746121500000,0.0385,0.0388,0.0385,0.0387,152750.0
1746121800000,0.0387,0.0389,0.0387,0.0389,319512.0
1746122100000,0.0388,0.0389,0.0387,0.0388,108588.0
1746122400000,0.0389,0.0389,0.0388,0.0388,204163.0
1746122700000,0.0388,0.039,0.0388,0.039,81593.0
1746123000000,0.039,0.0391,0.0388,0.0388,995876.0
1746123300000,0.0388,0.0388,0.0387,0.0387,541339.0
1746123600000,0.0387,0.0388,0.0386,0.0387,203630.0
1746123900000,0.0387,0.0388,0.0384,0.0387,185169.0
1746124200000,0.0387,0.0388,0.0386,0.0387,191256.0
1746124500000,0.0387,0.0388,0.0387,0.0387,16115.0
1746124800000,0.0388,0.0388,0.0386,0.0386,131947.0
1746125100000,0.0387,0.039,0.0386,0.0389,493878.0
1746125400000,0.0388,0.0389,0.0387,0.0388,64971.0
1746125700000,0.0388,0.0389,0.0387,0.0388,36541.0
1746126000000,0.0388,0.0388,0.0386,0.0387,752170.0
1746126300000,0.0387,0.0389,0.0387,0.0388,89549.0
1746126600000,0.0387,0.0388,0.0386,0.0388,83538.0
1746126900000,0.0387,0.0387,0.0386,0.0386,142686.0
1746127200000,0.0387,0.0388,0.0386,0.0386,59887.0
1746127500000,0.0387,0.0388,0.0386,0.0387,64143.0
1746127800000,0.0387,0.0388,0.0384,0.0386,1069299.0
1746128100000,0.0387,0.0388,0.0386,0.0387,97275.0
1746128400000,0.0387,0.0388,0.0386,0.0386,147384.0
1746128700000,0.0387,0.0389,0.0387,0.0388,79653.0
1746129000000,0.0388,0.0389,0.0388,0.0388,110959.0
1746129300000,0.0387,0.0389,0.0387,0.0388,63310.0
1746129600000,0.0389,0.039,0.0389,0.0389,70832.0
1746129900000,0.0389,0.039,0.0388,0.0388,177815.0
1746130200000,0.0389,0.039,0.0388,0.0389,135557.0
1746130500000,0.0388,0.039,0.0388,0.039,154278.0
1746130800000,0.039,0.0392,0.0389,0.0391,761977.0
1746131100000,0.0391,0.0391,0.0389,0.0389,395198.0
1746131400000,0.0389,0.0389,0.0388,0.0388,95006.0
1746131700000,0.0388,0.0389,0.0387,0.0388,196556.0
1746132000000,0.0388,0.0388,0.0387,0.0387,67918.0
1746132300000,0.0388,0.039,0.0388,0.039,128345.0
1746132600000,0.0389,0.039,0.0388,0.0389,103482.0
1746132900000,0.0389,0.0391,0.0389,0.0389,59358.0
1746133200000,0.0389,0.0395,0.0389,0.0394,567357.0
1746133500000,0.0393,0.0394,0.0393,0.0394,269841.0
1746133800000,0.0394,0.0396,0.0393,0.0396,384887.0
1746134100000,0.0396,0.0396,0.0393,0.0394,136310.0
1746134400000,0.0394,0.0395,0.0393,0.0394,413509.0
1746134700000,0.0393,0.0394,0.0392,0.0393,37349.0
1746135000000,0.0392,0.0393,0.0392,0.0392,19903.0
1746135300000,0.0392,0.0395,0.0392,0.0395,316567.0
1746135600000,0.0395,0.0395,0.0394,0.0394,95060.0
1746135900000,0.0395,0.0396,0.0395,0.0395,53495.0
1746136200000,0.0396,0.04,0.0395,0.0399,734427.0
1746136500000,0.0399,0.0401,0.0398,0.04,403889.0
1746136800000,0.04,0.04,0.0395,0.0396,1056737.0
1746137100000,0.0396,0.0397,0.0395,0.0396,84448.0
1746137400000,0.0396,0.0397,0.0394,0.0396,188031.0
1746137700000,0.0396,0.0397,0.0395,0.0396,185004.0
1746138000000,0.0396,0.0398,0.0395,0.0398,100696.0
1746138300000,0.0397,0.0398,0.0395,0.0397,185539.0
1746138600000,0.0397,0.0397,0.0396,0.0396,202492.0
1746138900000,0.0396,0.0397,0.0395,0.0397,67472.0
1746139200000,0.0397,0.0397,0.0393,0.0394,413495.0
1746139500000,0.0395,0.0395,0.0393,0.0395,180313.0
1746139800000,0.0394,0.0394,0.0393,0.0393,267867.0
1746140100000,0.0393,0.0394,0.0392,0.0394,152919.0
1746140400000,0.0393,0.0394,0.0392,0.0392,194230.0
1746140700000,0.0392,0.0393,0.0391,0.0393,201210.0
1746141000000,0.0393,0.0393,0.0392,0.0393,717050.0
1746141300000,0.0393,0.0393,0.039,0.0392,193954.0
1746141600000,0.0392,0.0392,0.039,0.0392,15254.0
1746141900000,0.0392,0.0392,0.0391,0.0391,98015.0
1746142200000,0.039,0.0392,0.0388,0.0388,229820.0
1746142500000,0.0388,0.0389,0.0385,0.0386,87687.0
1746142800000,0.0387,0.0388,0.0386,0.0388,55038.0
1746143100000,0.0388,0.039,0.0387,0.039,68303.0
1746143400000,0.039,0.039,0.0389,0.039,37373.0
1746143700000,0.0391,0.0393,0.039,0.0392,138191.0
1746144000000,0.0392,0.0393,0.0389,0.0392,408585.0
1746144300000,0.0392,0.0392,0.0388,0.039,434316.0
1746144600000,0.0389,0.039,0.0387,0.0388,152785.0
1746144900000,0.0389,0.039,0.0388,0.0389,72803.0
1746145200000,0.0389,0.0391,0.0388,0.0391,463524.0
1746145500000,0.0391,0.0391,0.039,0.0391,56802.0
1746145800000,0.0391,0.0393,0.0391,0.0393,361850.0
1746146100000,0.0392,0.0392,0.0389,0.0389,100130.0
1746146400000,0.0389,0.039,0.0389,0.0389,184148.0
1746146700000,0.0389,0.0392,0.0389,0.0392,31539.0
1746147000000,0.0391,0.0391,0.039,0.0391,50924.0
1746147300000,0.0392,0.0392,0.0391,0.0391,26234.0
1746147600000,0.0392,0.0392,0.039,0.0391,186018.0
1746147900000,0.0392,0.0392,0.039,0.0391,28533.0
1746148200000,0.0391,0.0391,0.039,0.039,51951.0
1746148500000,0.039,0.0391,0.039,0.039,63493.0
1746148800000,0.0391,0.0392,0.039,0.0392,13651.0
1746149100000,0.0392,0.0396,0.039,0.0392,875987.0
1746149400000,0.0393,0.0394,0.0393,0.0393,198169.0
1746149700000,0.0393,0.04,0.0393,0.0398,675397.0
1746150000000,0.0399,0.04,0.0397,0.0399,1247384.0
1746150300000,0.0399,0.0401,0.0398,0.0401,667274.0
1746150600000,0.0401,0.0401,0.0399,0.04,305939.0
1746150900000,0.04,0.04,0.0399,0.04,124530.0
1746151200000,0.04,0.0402,0.04,0.0402,344608.0
1746151500000,0.0403,0.0404,0.0403,0.0403,290837.0
1746151800000,0.0403,0.0403,0.0396,0.0397,868524.0
1746152100000,0.0396,0.0399,0.0396,0.0398,237421.0
1746152400000,0.0398,0.0398,0.0393,0.0394,400769.0
1746152700000,0.0393,0.0394,0.0391,0.0394,183252.0
1746153000000,0.0394,0.0395,0.0394,0.0394,29661.0
1746153300000,0.0393,0.0395,0.0392,0.0394,218541.0
1746153600000,0.0394,0.0394,0.0392,0.0394,35432.0
1746153900000,0.0394,0.0395,0.0393,0.0393,110082.0
1746154200000,0.0393,0.0393,0.0392,0.0392,68958.0
1746154500000,0.0393,0.0394,0.0392,0.0393,66257.0
1746154800000,0.0393,0.0393,0.0385,0.0387,1039237.0
1746155100000,0.0386,0.0388,0.0385,0.0387,465722.0
1746155400000,0.0387,0.0388,0.0386,0.0387,287198.0
1746155700000,0.0387,0.0388,0.0384,0.0387,972401.0
1746156000000,0.0388,0.0388,0.0384,0.0386,510915.0
1746156300000,0.0385,0.0386,0.0383,0.0384,854700.0
1746156600000,0.0384,0.0385,0.0382,0.0383,245082.0
1746156900000,0.0383,0.0385,0.0383,0.0384,150737.0
1746157200000,0.0383,0.0385,0.0382,0.0384,248930.0
1746157500000,0.0383,0.0385,0.0383,0.0385,169844.0
1746157800000,0.0384,0.0385,0.0383,0.0383,233121.0
1746158100000,0.0384,0.0385,0.0383,0.0383,207543.0
1746158400000,0.0382,0.0382,0.0379,0.0382,326297.0
1746158700000,0.0382,0.0383,0.038,0.0382,288934.0
1746159000000,0.0382,0.0382,0.038,0.0381,103106.0
1746159300000,0.0381,0.0382,0.0381,0.0382,69704.0
1746159600000,0.0382,0.0384,0.0382,0.0383,53811.0
1746159900000,0.0384,0.0384,0.0383,0.0383,80289.0
1746160200000,0.0383,0.0384,0.0382,0.0383,95898.0
1746160500000,0.0384,0.0386,0.0384,0.0384,126490.0
1746160800000,0.0384,0.0385,0.0384,0.0385,19769.0
1746161100000,0.0386,0.0386,0.0384,0.0385,48739.0
1746161400000,0.0385,0.0385,0.0384,0.0384,25671.0
1746161700000,0.0384,0.0384,0.0383,0.0384,117370.0
1746162000000,0.0384,0.0385,0.0384,0.0384,99298.0
1746162300000,0.0384,0.0387,0.0384,0.0387,28651.0
1746162600000,0.0386,0.0387,0.0386,0.0387,111585.0
1746162900000,0.0388,0.0388,0.0386,0.0386,174832.0
1746163200000,0.0386,0.0387,0.0385,0.0386,140956.0
1746163500000,0.0387,0.0388,0.0386,0.0388,64875.0
1746163800000,0.0387,0.0389,0.0387,0.0387,263566.0
1746164100000,0.0386,0.0387,0.0386,0.0387,136991.0
1746164400000,0.0387,0.0388,0.0387,0.0387,100580.0
1746164700000,0.0387,0.0387,0.0387,0.0387,27692.0
1746165000000,0.0388,0.039,0.0386,0.0389,134934.0
1746165300000,0.0389,0.0389,0.0388,0.0388,53446.0
1746165600000,0.0389,0.039,0.0388,0.0389,155807.0
1746165900000,0.0388,0.0389,0.0387,0.0387,407811.0
1746166200000,0.0387,0.0388,0.0387,0.0387,82058.0
1746166500000,0.0387,0.0388,0.0386,0.0387,56862.0
1746166800000,0.0386,0.0387,0.0385,0.0385,240244.0
1746167100000,0.0385,0.0387,0.0385,0.0386,125485.0
1746167400000,0.0386,0.0386,0.0384,0.0385,248116.0
1746167700000,0.0384,0.0384,0.0381,0.0382,345629.0
1746168000000,0.0383,0.0383,0.0381,0.0382,202471.0
1746168300000,0.0381,0.0383,0.0381,0.0383,191234.0
1746168600000,0.0383,0.0384,0.0382,0.0383,16647.0
1746168900000,0.0384,0.0386,0.0384,0.0386,161432.0
1746169200000,0.0387,0.0389,0.0385,0.0385,170606.0
1746169500000,0.0386,0.0387,0.0384,0.0386,57697.0
1746169800000,0.0386,0.0387,0.0386,0.0386,61538.0
1746170100000,0.0386,0.0387,0.0386,0.0387,4292.0
1746170400000,0.0387,0.0387,0.0385,0.0386,68021.0
1746170700000,0.0385,0.0386,0.0385,0.0386,45204.0
1746171000000,0.0387,0.0388,0.0386,0.0386,60021.0
1746171300000,0.0387,0.0389,0.0387,0.0389,178586.0
1746171600000,0.0389,0.0389,0.0386,0.0387,315126.0
1746171900000,0.0386,0.0387,0.0386,0.0386,38145.0
1746172200000,0.0386,0.0389,0.0386,0.0389,122727.0
1746172500000,0.0388,0.039,0.0388,0.0389,89953.0
1746172800000,0.0389,0.039,0.0387,0.0387,127658.0
1746173100000,0.0388,0.0391,0.0388,0.0391,315059.0
1746173400000,0.039,0.0391,0.0389,0.0389,57225.0
1746173700000,0.0389,0.039,0.0388,0.0389,148625.0
1746174000000,0.0389,0.039,0.0388,0.0388,101393.0
1746174300000,0.0389,0.0389,0.0386,0.0386,578247.0
1746174600000,0.0386,0.0388,0.0386,0.0388,143442.0
1746174900000,0.0389,0.0389,0.0388,0.0389,2251.0
1746175200000,0.0389,0.0389,0.0388,0.0389,36884.0
1746175500000,0.0389,0.0389,0.0388,0.0389,60804.0
1746175800000,0.0388,0.0388,0.0387,0.0387,54291.0
1746176100000,0.0388,0.0388,0.0387,0.0387,53851.0
1746176400000,0.0387,0.0388,0.0386,0.0386,76364.0
1746176700000,0.0386,0.0387,0.0386,0.0386,247095.0
1746177000000,0.0386,0.0386,0.0384,0.0385,209971.0
1746177300000,0.0384,0.0385,0.0383,0.0385,291511.0
1746177600000,0.0385,0.0386,0.0385,0.0385,54219.0
1746177900000,0.0385,0.0386,0.0385,0.0386,37821.0
1746178200000,0.0386,0.0386,0.0384,0.0384,261851.0
1746178500000,0.0385,0.0387,0.0385,0.0386,84693.0
1746178800000,0.0387,0.0389,0.0387,0.0388,113828.0
1746179100000,0.0388,0.0389,0.0388,0.0388,13236.0
1746179400000,0.0388,0.0393,0.0388,0.0393,818954.0
1746179700000,0.0392,0.0392,0.0391,0.0392,75749.0
1746180000000,0.0391,0.0392,0.039,0.0392,42324.0
1746180300000,0.0392,0.0392,0.0391,0.0392,45624.0
1746180600000,0.0392,0.0392,0.039,0.0391,258370.0
1746180900000,0.039,0.0391,0.0389,0.0389,321833.0
1746181200000,0.0388,0.0388,0.0386,0.0387,319817.0
1746181500000,0.0387,0.0389,0.0387,0.0388,64387.0
1746181800000,0.0389,0.0389,0.0388,0.0388,23609.0
1746182100000,0.0388,0.0388,0.0386,0.0386,56715.0
1746182400000,0.0385,0.0385,0.0383,0.0385,127110.0
1746182700000,0.0385,0.0385,0.0382,0.0383,156327.0
1746183000000,0.0383,0.0384,0.0382,0.0382,32029.0
1746183300000,0.0383,0.0384,0.0383,0.0383,72558.0
1746183600000,0.0383,0.0384,0.0383,0.0384,82040.0
1746183900000,0.0383,0.0383,0.0381,0.0381,168431.0
1746184200000,0.0381,0.0382,0.0381,0.0382,187451.0
1746184500000,0.0382,0.0383,0.0381,0.0383,48556.0
1746184800000,0.0383,0.0384,0.0383,0.0384,22151.0
1746185100000,0.0384,0.0385,0.0384,0.0385,120379.0
1746185400000,0.0384,0.0385,0.0383,0.0385,231693.0
1746185700000,0.0384,0.0385,0.0384,0.0385,28054.0
1746186000000,0.0386,0.0387,0.0386,0.0386,1729.0
1746186300000,0.0386,0.0386,0.0383,0.0384,362719.0
1746186600000,0.0384,0.0385,0.0384,0.0385,127004.0
1746186900000,0.0384,0.0385,0.0384,0.0385,161243.0
1746187200000,0.0385,0.0385,0.0383,0.0383,332003.0
1746187500000,0.0383,0.0384,0.0381,0.0381,996933.0
1746187800000,0.0381,0.0382,0.0378,0.0378,554877.0
1746188100000,0.0378,0.038,0.0378,0.038,353881.0
1746188400000,0.038,0.038,0.0379,0.0379,113924.0
1746188700000,0.0379,0.0381,0.0373,0.0374,1344032.0
1746189000000,0.0374,0.0377,0.0374,0.0374,520087.0
1746189300000,0.0374,0.0377,0.0374,0.0376,242309.0
1746189600000,0.0376,0.0376,0.0374,0.0376,268642.0
1746189900000,0.0376,0.0377,0.0375,0.0377,139277.0
1746190200000,0.0376,0.0378,0.0376,0.0378,379711.0
1746190500000,0.0378,0.0378,0.0376,0.0376,130026.0
1746190800000,0.0377,0.0379,0.0376,0.0378,327440.0
1746191100000,0.0378,0.0379,0.0377,0.0377,111338.0
1746191400000,0.0378,0.038,0.0378,0.0379,90509.0
1746191700000,0.0378,0.038,0.0378,0.0378,70455.0
1746192000000,0.0378,0.0378,0.0377,0.0378,78979.0
1746192300000,0.0377,0.0379,0.0377,0.0378,68390.0
1746192600000,0.0378,0.0378,0.0377,0.0378,135411.0
1746192900000,0.0378,0.038,0.0378,0.0378,161729.0
1746193200000,0.0378,0.0379,0.0377,0.0378,32034.0
1746193500000,0.0378,0.0379,0.0376,0.0377,130247.0
1746193800000,0.0377,0.0378,0.0376,0.0378,103916.0
1746194100000,0.0377,0.0378,0.0375,0.0376,48050.0
1746194400000,0.0377,0.0378,0.0377,0.0378,63252.0
1746194700000,0.0379,0.0381,0.0379,0.038,342271.0
1746195000000,0.038,0.038,0.0378,0.0378,38965.0
1746195300000,0.0378,0.0379,0.0378,0.0379,68974.0
1746195600000,0.0379,0.038,0.0378,0.038,307391.0
1746195900000,0.038,0.0381,0.0379,0.0379,287680.0
1746196200000,0.0378,0.0379,0.0378,0.0379,89756.0
1746196500000,0.0378,0.0379,0.0377,0.0377,92896.0
1746196800000,0.0378,0.0378,0.0377,0.0377,88984.0
1746197100000,0.0377,0.0377,0.0376,0.0376,80647.0
1746197400000,0.0376,0.0378,0.0376,0.0378,117362.0
1746197700000,0.0377,0.0379,0.0377,0.0379,160193.0
1746198000000,0.0379,0.0381,0.0378,0.038,555979.0
1746198300000,0.038,0.0381,0.0379,0.0379,84197.0
1746198600000,0.038,0.0381,0.0379,0.0379,137626.0
1746198900000,0.0379,0.0379,0.0377,0.0378,204102.0
1746199200000,0.0378,0.0379,0.0378,0.0378,7419.0
1746199500000,0.0377,0.0378,0.0376,0.0377,60123.0
1746199800000,0.0378,0.0381,0.0377,0.038,154225.0
1746200100000,0.0381,0.0383,0.038,0.038,957244.0
1746200400000,0.0379,0.038,0.0379,0.0379,149921.0
1746200700000,0.038,0.0382,0.038,0.038,103045.0
1746201000000,0.038,0.038,0.0378,0.0379,82589.0
1746201300000,0.0379,0.038,0.0379,0.038,257495.0
1746201600000,0.038,0.0381,0.0379,0.0381,275080.0
1746201900000,0.0382,0.0382,0.038,0.038,157482.0
1746202200000,0.038,0.0382,0.0379,0.0382,202141.0
1746202500000,0.0381,0.0382,0.038,0.038,173073.0
1746202800000,0.038,0.038,0.0378,0.0378,168935.0
1746203100000,0.0378,0.0379,0.0377,0.0377,48424.0
1746203400000,0.0378,0.038,0.0378,0.038,140712.0
1746203700000,0.038,0.0381,0.0379,0.038,74873.0
1746204000000,0.038,0.038,0.0378,0.0379,57264.0
1746204300000,0.0379,0.038,0.0378,0.0378,32481.0
1746204600000,0.0378,0.0379,0.0377,0.0377,99785.0
1746204900000,0.0377,0.0377,0.0376,0.0377,46202.0
1746205200000,0.0377,0.0378,0.0377,0.0377,50380.0
1746205500000,0.0377,0.0378,0.0377,0.0378,17862.0
1746205800000,0.0377,0.0377,0.0376,0.0377,62098.0
1746206100000,0.0377,0.0377,0.0376,0.0377,135511.0
1746206400000,0.0377,0.0378,0.0376,0.0378,43585.0
1746206700000,0.0377,0.0378,0.0377,0.0378,17394.0
1746207000000,0.0378,0.0378,0.0376,0.0376,123905.0
1746207300000,0.0376,0.0376,0.0375,0.0376,65915.0
1746207600000,0.0377,0.0377,0.0376,0.0376,476.0
1746207900000,0.0377,0.0377,0.0376,0.0376,15411.0
1746208200000,0.0376,0.0377,0.0375,0.0376,490090.0
1746208500000,0.0376,0.0376,0.0375,0.0376,1704.0
1746208800000,0.0375,0.0377,0.0375,0.0375,62937.0
1746209100000,0.0376,0.0377,0.0376,0.0376,34728.0
1746209400000,0.0377,0.0377,0.0375,0.0377,128633.0
1746209700000,0.0377,0.0377,0.0377,0.0377,116549.0
1746210000000,0.0377,0.0378,0.0376,0.0376,58290.0
1746210300000,0.0377,0.0377,0.0376,0.0376,12081.0
1746210600000,0.0376,0.0378,0.0376,0.0377,35489.0
1746210900000,0.0377,0.0378,0.0377,0.0377,67340.0
1746211200000,0.0377,0.038,0.0377,0.038,453901.0
1746211500000,0.0379,0.038,0.0379,0.0379,382011.0
1746211800000,0.0379,0.0379,0.0378,0.0379,176474.0
1746212100000,0.038,0.038,0.0379,0.0379,6084.0
1746212400000,0.0379,0.0381,0.0379,0.038,74190.0
1746212700000,0.038,0.0383,0.038,0.0382,94212.0
1746213000000,0.0383,0.0384,0.0382,0.0384,257711.0
1746213300000,0.0383,0.0384,0.038,0.0381,323551.0
1746213600000,0.0382,0.0384,0.0382,0.0383,311613.0
1746213900000,0.0383,0.0383,0.0381,0.0383,164492.0
1746214200000,0.0382,0.0383,0.0382,0.0383,203145.0
1746214500000,0.0384,0.0384,0.0383,0.0383,1030.0
1746214800000,0.0383,0.0383,0.0382,0.0382,208412.0
1746215100000,0.0382,0.0382,0.038,0.038,31763.0
1746215400000,0.038,0.038,0.0375,0.0377,1194628.0
1746215700000,0.0377,0.0377,0.0375,0.0375,62994.0
1746216000000,0.0375,0.0379,0.0373,0.0379,1231286.0
1746216300000,0.0379,0.0381,0.0378,0.0381,229257.0
1746216600000,0.038,0.0381,0.0379,0.0379,185028.0
1746216900000,0.0379,0.0379,0.0378,0.0379,52806.0
1746217200000,0.0378,0.0378,0.0377,0.0378,118611.0
1746217500000,0.0377,0.0379,0.0377,0.0379,120076.0
1746217800000,0.0379,0.038,0.0379,0.038,41358.0
1746218100000,0.038,0.0381,0.038,0.038,7039.0
1746218400000,0.038,0.038,0.0378,0.0378,284365.0
1746218700000,0.0378,0.0379,0.0377,0.0378,101673.0
1746219000000,0.0379,0.0379,0.0378,0.0378,20355.0
1746219300000,0.0379,0.0379,0.0379,0.0379,175.0
1746219600000,0.0378,0.0378,0.0378,0.0378,59569.0
1746219900000,0.0377,0.0378,0.0377,0.0378,131405.0
1746220200000,0.0377,0.0377,0.0376,0.0377,19210.0
1746220500000,0.0377,0.0378,0.0377,0.0378,80828.0
1746220800000,0.0377,0.0379,0.0377,0.0379,32717.0
1746221100000,0.0378,0.0378,0.0378,0.0378,1721.0
1746221400000,0.0379,0.038,0.0378,0.038,102789.0
1746221700000,0.0379,0.0381,0.0376,0.0377,551659.0
1746222000000,0.0376,0.0376,0.0367,0.0373,4419814.0
1746222300000,0.0374,0.0375,0.0372,0.0374,901099.0
1746222600000,0.0375,0.0375,0.0373,0.0375,451713.0
1746222900000,0.0375,0.0376,0.0374,0.0376,63678.0
1746223200000,0.0375,0.0376,0.0375,0.0376,228702.0
1746223500000,0.0375,0.0376,0.0375,0.0376,32533.0
1746223800000,0.0376,0.0376,0.0375,0.0375,859.0
1746224100000,0.0375,0.0376,0.0375,0.0376,44275.0
1746224400000,0.0376,0.0376,0.0374,0.0375,132970.0
1746224700000,0.0376,0.0378,0.0375,0.0378,188562.0
1746225000000,0.0377,0.0378,0.0377,0.0377,105124.0
1746225300000,0.0377,0.0378,0.0377,0.0377,3690.0
1746225600000,0.0377,0.0378,0.0377,0.0377,26363.0
1746225900000,0.0377,0.0379,0.0377,0.0379,42176.0
1746226200000,0.0379,0.0379,0.0379,0.0379,8756.0
1746226500000,0.038,0.0381,0.0379,0.038,118659.0
1746226800000,0.038,0.0382,0.038,0.0382,77630.0
1746227100000,0.0381,0.0382,0.038,0.038,282391.0
1746227400000,0.0379,0.038,0.0379,0.0379,54306.0
1746227700000,0.038,0.0381,0.038,0.0381,37480.0
1746228000000,0.0381,0.0381,0.038,0.0381,30607.0
1746228300000,0.0382,0.0383,0.0381,0.0381,162273.0
1746228600000,0.0381,0.0383,0.0381,0.0382,25035.0
1746228900000,0.0382,0.0382,0.0381,0.0382,80005.0
1746229200000,0.0382,0.0382,0.0381,0.0381,13804.0
1746229500000,0.0381,0.0381,0.038,0.038,147847.0
1746229800000,0.0381,0.0382,0.038,0.0381,54889.0
1746230100000,0.0381,0.0384,0.0381,0.0382,168026.0
1746230400000,0.0383,0.0384,0.0381,0.0383,51388.0
1746230700000,0.0383,0.0383,0.0382,0.0382,187174.0
1746231000000,0.0381,0.0382,0.038,0.038,39838.0
1746231300000,0.038,0.0381,0.038,0.038,79851.0
1746231600000,0.038,0.038,0.0379,0.0379,13309.0
1746231900000,0.0379,0.0381,0.0379,0.0381,124801.0
1746232200000,0.0381,0.0382,0.0381,0.0381,90460.0
1746232500000,0.0382,0.0383,0.0381,0.0381,122900.0
1746232800000,0.038,0.038,0.0378,0.0379,94168.0
1746233100000,0.0379,0.0379,0.0378,0.0378,27396.0
1746233400000,0.0378,0.0378,0.0376,0.0377,116415.0
1746233700000,0.0378,0.0382,0.0378,0.0381,494546.0
1746234000000,0.0381,0.0383,0.0379,0.0379,134611.0
1746234300000,0.0379,0.038,0.0377,0.0377,87087.0
1746234600000,0.0378,0.0379,0.0378,0.0379,174152.0
1746234900000,0.0379,0.0379,0.0378,0.0378,40968.0
1746235200000,0.0379,0.0381,0.0379,0.0381,52318.0
1746235500000,0.0381,0.0382,0.038,0.0382,55700.0
1746235800000,0.038,0.038,0.0379,0.0379,63041.0
1746236100000,0.0379,0.038,0.0378,0.0379,143123.0
1746236400000,0.0379,0.038,0.0379,0.0379,109567.0
1746236700000,0.038,0.0384,0.038,0.0384,918622.0
1746237000000,0.0383,0.0383,0.038,0.038,287683.0
1746237300000,0.038,0.0381,0.038,0.0381,745.0
1746237600000,0.038,0.038,0.0379,0.0379,232981.0
1746237900000,0.0379,0.038,0.0378,0.038,119748.0
1746238200000,0.0381,0.0382,0.0381,0.0382,15615.0
1746238500000,0.0382,0.0382,0.038,0.0381,102223.0
1746238800000,0.0381,0.0382,0.0381,0.0382,103195.0
1746239100000,0.0383,0.0383,0.0382,0.0382,9696.0
1746239400000,0.0382,0.0383,0.038,0.0381,144365.0
1746239700000,0.038,0.0381,0.038,0.0381,437.0
1746240000000,0.0381,0.0383,0.0381,0.0383,319518.0
1746240300000,0.0382,0.0383,0.0382,0.0383,49185.0
1746240600000,0.0383,0.0385,0.0383,0.0383,142954.0
1746240900000,0.0384,0.0384,0.0384,0.0384,21833.0
1746241200000,0.0384,0.0384,0.0383,0.0384,92370.0
1746241500000,0.0384,0.0384,0.0383,0.0384,26244.0
1746241800000,0.0384,0.0384,0.0381,0.0382,226184.0
1746242100000,0.0382,0.0383,0.0381,0.0381,264609.0
1746242400000,0.0382,0.0382,0.0382,0.0382,2402.0
1746242700000,0.0383,0.0385,0.0383,0.0384,121352.0
1746243000000,0.0385,0.0386,0.0385,0.0385,74053.0
1746243300000,0.0386,0.0387,0.0385,0.0387,42760.0
1746243600000,0.0386,0.0386,0.0384,0.0384,155379.0
1746243900000,0.0384,0.0385,0.0384,0.0384,41170.0
1746244200000,0.0384,0.0384,0.0383,0.0384,47804.0
1746244500000,0.0384,0.0384,0.0384,0.0384,43656.0
1746244800000,0.0383,0.0383,0.0382,0.0383,51596.0
1746245100000,0.0383,0.0383,0.0381,0.0381,9339.0
1746245400000,0.0381,0.0381,0.038,0.0381,81417.0
1746245700000,0.0382,0.0382,0.0381,0.0381,27022.0
1746246000000,0.0381,0.0382,0.0381,0.0381,12680.0
1746246300000,0.0381,0.0382,0.038,0.038,103667.0
1746246600000,0.038,0.0381,0.0379,0.0381,325798.0
1746246900000,0.0382,0.0382,0.038,0.0381,41171.0
1746247200000,0.038,0.038,0.038,0.038,2811.0
1746247500000,0.0381,0.0382,0.0381,0.0381,23763.0
1746247800000,0.0381,0.0381,0.038,0.038,9802.0
1746248100000,0.038,0.0381,0.0379,0.0381,31564.0
1746248400000,0.038,0.038,0.0379,0.0379,95162.0
1746248700000,0.038,0.038,0.038,0.038,23548.0
1746249000000,0.0379,0.0381,0.0379,0.0381,15562.0
1746249300000,0.0381,0.0382,0.038,0.038,111929.0
1746249600000,0.0381,0.0381,0.038,0.038,52182.0
1746249900000,0.038,0.038,0.038,0.038,10947.0
1746250200000,0.0379,0.0379,0.0376,0.0376,250507.0
1746250500000,0.0377,0.0377,0.0376,0.0376,64064.0
1746250800000,0.0376,0.0379,0.0376,0.0379,128697.0
1746251100000,0.038,0.0386,0.0379,0.0384,572098.0
1746251400000,0.0384,0.039,0.0384,0.0389,333304.0
1746251700000,0.0389,0.0394,0.0389,0.0394,916662.0
1746252000000,0.0394,0.0394,0.0387,0.0391,830601.0
1746252300000,0.0392,0.0395,0.0389,0.0394,793216.0
1746252600000,0.0393,0.0396,0.0392,0.0393,635678.0
1746252900000,0.0393,0.0401,0.0393,0.0399,928407.0
1746253200000,0.0399,0.0402,0.0396,0.0402,1651987.0
1746253500000,0.0401,0.0404,0.0399,0.0401,980331.0
1746253800000,0.04,0.0405,0.0398,0.0403,1209433.0
1746254100000,0.0402,0.0408,0.0401,0.0407,1258151.0
1746254400000,0.0406,0.0408,0.0401,0.0403,1102945.0
1746254700000,0.0404,0.041,0.0402,0.0408,797215.0
1746255000000,0.0408,0.0408,0.0403,0.0407,1222353.0
1746255300000,0.0407,0.0409,0.0401,0.0402,1434642.0
1746255600000,0.0402,0.0406,0.0398,0.0406,924395.0
1746255900000,0.0407,0.0407,0.0402,0.0404,447312.0
1746256200000,0.0404,0.0405,0.0402,0.0405,274591.0
1746256500000,0.0404,0.0406,0.0404,0.0404,312436.0
1746256800000,0.0404,0.0404,0.0402,0.0403,230612.0
1746257100000,0.0403,0.0403,0.0399,0.0399,227025.0
1746257400000,0.0399,0.0401,0.039,0.0391,1493703.0
1746257700000,0.0391,0.0394,0.0388,0.0389,904867.0
1746258000000,0.039,0.0391,0.0389,0.039,279498.0
1746258300000,0.0389,0.0389,0.0387,0.0388,438819.0
1746258600000,0.0389,0.0393,0.0389,0.0393,171524.0
1746258900000,0.0392,0.0392,0.0388,0.0389,338452.0
1746259200000,0.039,0.039,0.0385,0.0387,933366.0
1746259500000,0.0387,0.039,0.0387,0.0389,177678.0
1746259800000,0.0389,0.039,0.0388,0.039,160777.0
1746260100000,0.0389,0.039,0.0387,0.0388,175590.0
1746260400000,0.0388,0.039,0.0388,0.0389,118984.0
1746260700000,0.0389,0.039,0.0388,0.039,55153.0
1746261000000,0.0389,0.039,0.0388,0.039,171443.0
1746261300000,0.039,0.039,0.0389,0.039,62742.0
1746261600000,0.039,0.039,0.0388,0.0389,229749.0
1746261900000,0.0388,0.0388,0.0387,0.0387,57021.0
1746262200000,0.0387,0.0388,0.0386,0.0387,156786.0
1746262500000,0.0387,0.0387,0.0383,0.0385,339743.0
1746262800000,0.0384,0.0384,0.0381,0.0382,329031.0
1746263100000,0.0383,0.0383,0.0381,0.0381,73841.0
1746263400000,0.0381,0.0382,0.038,0.038,125130.0
1746263700000,0.0381,0.0382,0.0378,0.0382,229987.0
1746264000000,0.0381,0.0383,0.0381,0.0383,111425.0
1746264300000,0.0383,0.0383,0.0381,0.0382,123568.0
1746264600000,0.0382,0.0382,0.0378,0.0378,145431.0
1746264900000,0.0378,0.038,0.0378,0.038,187738.0
1746265200000,0.038,0.0382,0.0379,0.0381,117302.0
1746265500000,0.0381,0.0384,0.038,0.0384,321906.0
1746265800000,0.0383,0.0384,0.0381,0.0381,148234.0
1746266100000,0.0381,0.0381,0.0379,0.038,222978.0
1746266400000,0.0379,0.038,0.0378,0.0379,101824.0
1746266700000,0.0378,0.0378,0.0373,0.0374,447905.0
1746267000000,0.0375,0.0375,0.0371,0.0373,430155.0
1746267300000,0.0373,0.0376,0.0372,0.0376,646383.0
1746267600000,0.0376,0.0377,0.0375,0.0376,285795.0
1746267900000,0.0376,0.0376,0.0374,0.0375,163824.0
1746268200000,0.0375,0.0375,0.0372,0.0375,229828.0
1746268500000,0.0375,0.0375,0.0373,0.0374,96776.0
1746268800000,0.0374,0.0374,0.0373,0.0374,140895.0
1746269100000,0.0374,0.0374,0.0373,0.0374,167625.0
1746269400000,0.0374,0.0374,0.0371,0.0371,335463.0
1746269700000,0.0372,0.0373,0.0371,0.0371,47211.0
1746270000000,0.0371,0.0374,0.0371,0.0373,134263.0
1746270300000,0.0373,0.0374,0.0372,0.0373,276722.0
1746270600000,0.0373,0.0373,0.0372,0.0372,89573.0
1746270900000,0.0373,0.0373,0.0371,0.0371,349560.0
1746271200000,0.0372,0.0375,0.0372,0.0372,1007529.0
1746271500000,0.0372,0.0372,0.0369,0.037,242268.0
1746271800000,0.037,0.0373,0.0369,0.0373,84769.0
1746272100000,0.0373,0.0373,0.0371,0.0372,104605.0
1746272400000,0.0371,0.0373,0.0371,0.0373,70151.0
1746272700000,0.0372,0.0374,0.0372,0.0374,175442.0
1746273000000,0.0374,0.0377,0.0372,0.0376,775537.0
1746273300000,0.0376,0.0376,0.0373,0.0375,99066.0
1746273600000,0.0375,0.0375,0.0372,0.0372,135059.0
1746273900000,0.0373,0.0375,0.0372,0.0374,198247.0
1746274200000,0.0374,0.0374,0.0371,0.0373,527186.0
1746274500000,0.0373,0.0374,0.0372,0.0373,74910.0
1746274800000,0.0373,0.0374,0.0373,0.0374,76328.0
1746275100000,0.0374,0.0374,0.0373,0.0374,136482.0
1746275400000,0.0373,0.0375,0.0373,0.0375,114325.0
1746275700000,0.0375,0.0378,0.0375,0.0378,334050.0
1746276000000,0.0378,0.0379,0.0377,0.0378,45598.0
1746276300000,0.0378,0.0381,0.0376,0.038,289680.0
1746276600000,0.0379,0.038,0.0378,0.0378,105270.0
1746276900000,0.0378,0.0379,0.0376,0.0376,117831.0
1746277200000,0.0376,0.0378,0.0376,0.0378,128901.0
1746277500000,0.0378,0.0379,0.0377,0.0379,120391.0
1746277800000,0.0379,0.038,0.0378,0.0379,96717.0
1746278100000,0.0379,0.0381,0.0378,0.038,219724.0
1746278400000,0.038,0.0382,0.038,0.0381,141478.0
1746278700000,0.0382,0.0391,0.0382,0.0387,1270222.0
1746279000000,0.0388,0.0388,0.0385,0.0386,511203.0
1746279300000,0.0386,0.0387,0.0384,0.0386,699026.0
1746279600000,0.0386,0.0389,0.0383,0.0384,414923.0
1746279900000,0.0383,0.0385,0.0382,0.0385,232973.0
1746280200000,0.0384,0.0385,0.0384,0.0385,57770.0
1746280500000,0.0385,0.0385,0.0383,0.0384,143243.0
1746280800000,0.0384,0.0385,0.0382,0.0382,348259.0
1746281100000,0.0382,0.0384,0.0382,0.0383,242855.0
1746281400000,0.0382,0.0382,0.0377,0.0379,328860.0
1746281700000,0.038,0.0381,0.0379,0.038,105848.0
1746282000000,0.0379,0.0382,0.0379,0.0381,115152.0
1746282300000,0.038,0.0383,0.038,0.0381,185938.0
1746282600000,0.0382,0.0382,0.038,0.0381,165407.0
1746282900000,0.0381,0.0384,0.038,0.0384,329375.0
1746283200000,0.0383,0.0384,0.0382,0.0383,277970.0
1746283500000,0.0384,0.0384,0.038,0.0381,623842.0
1746283800000,0.0381,0.0382,0.038,0.0381,112138.0
1746284100000,0.0382,0.0384,0.038,0.0381,128723.0
1746284400000,0.0381,0.0383,0.038,0.0382,165194.0
1746284700000,0.0382,0.0382,0.0378,0.038,753529.0
1746285000000,0.0379,0.0379,0.0375,0.0377,360798.0
1746285300000,0.0376,0.0377,0.0375,0.0375,158864.0
1746285600000,0.0376,0.0377,0.0376,0.0376,79993.0
1746285900000,0.0376,0.0379,0.0376,0.0379,45653.0
1746286200000,0.0379,0.0382,0.0379,0.0382,374767.0
1746286500000,0.0382,0.0384,0.0382,0.0383,730820.0
1746286800000,0.0382,0.0383,0.0382,0.0382,132919.0
1746287100000,0.0382,0.0382,0.0381,0.0382,109212.0
1746287400000,0.0383,0.0384,0.0382,0.0382,88371.0
1746287700000,0.0382,0.0383,0.0382,0.0382,60927.0
1746288000000,0.0382,0.0384,0.0379,0.0384,414918.0
1746288300000,0.0384,0.0384,0.038,0.038,106928.0
1746288600000,0.038,0.0382,0.0379,0.0379,222262.0
1746288900000,0.038,0.038,0.0377,0.0378,149611.0
1746289200000,0.0377,0.0378,0.0374,0.0374,213565.0
1746289500000,0.0375,0.0375,0.0372,0.0372,382300.0
1746289800000,0.0372,0.0373,0.0363,0.0367,1127529.0
1746290100000,0.0367,0.0367,0.0364,0.0365,172152.0
1746290400000,0.0365,0.0365,0.0342,0.0349,8011349.0
1746290700000,0.035,0.0352,0.0344,0.0347,1720123.0
1746291000000,0.0346,0.0347,0.034,0.0345,687496.0
1746291300000,0.0345,0.0349,0.0344,0.0347,557848.0
1746291600000,0.0347,0.0355,0.0346,0.0354,1494741.0
1746291900000,0.0354,0.0354,0.0346,0.0349,897326.0
1746292200000,0.035,0.0353,0.0349,0.0353,467031.0
1746292500000,0.0354,0.0355,0.0352,0.0354,464276.0
1746292800000,0.0354,0.0358,0.0353,0.0356,666989.0
1746293100000,0.0356,0.0359,0.0355,0.0357,219116.0
1746293400000,0.0357,0.0358,0.0355,0.0357,333541.0
1746293700000,0.0358,0.0359,0.0355,0.0356,108474.0
1746294000000,0.0356,0.0357,0.0354,0.0356,79357.0
1746294300000,0.0356,0.036,0.0356,0.0359,118919.0
1746294600000,0.0358,0.0359,0.0357,0.0359,73782.0
1746294900000,0.036,0.0364,0.036,0.0362,682656.0
1746295200000,0.0363,0.0368,0.0363,0.0366,1931827.0
1746295500000,0.0365,0.0366,0.0364,0.0364,348399.0
1746295800000,0.0365,0.0367,0.0362,0.0365,433639.0
1746296100000,0.0366,0.0366,0.0365,0.0365,32221.0
1746296400000,0.0365,0.0366,0.0364,0.0364,225897.0
1746296700000,0.0364,0.0365,0.0363,0.0365,324377.0
1746297000000,0.0365,0.0368,0.0364,0.0365,342881.0
1746297300000,0.0364,0.0366,0.0364,0.0364,73811.0
1746297600000,0.0364,0.0364,0.0363,0.0363,179206.0
1746297900000,0.0363,0.0364,0.0362,0.0364,382978.0
1746298200000,0.0364,0.0364,0.0362,0.0364,131430.0
1746298500000,0.0364,0.0367,0.0364,0.0367,33748.0
1746298800000,0.0366,0.0366,0.0363,0.0365,177964.0
1746299100000,0.0366,0.0367,0.0366,0.0366,141890.0
1746299400000,0.0366,0.0368,0.0366,0.0367,105907.0
1746299700000,0.0368,0.0368,0.0366,0.0367,118322.0
1746300000000,0.0367,0.0367,0.0366,0.0367,8335.0
1746300300000,0.0367,0.0368,0.0367,0.0368,110578.0
1746300600000,0.0368,0.0368,0.0366,0.0366,88253.0
1746300900000,0.0366,0.0367,0.0366,0.0366,31223.0
1746301200000,0.0365,0.0367,0.0364,0.0365,367391.0
1746301500000,0.0366,0.0366,0.0365,0.0366,2349.0
1746301800000,0.0366,0.0367,0.0365,0.0366,56313.0
1746302100000,0.0366,0.0367,0.0366,0.0366,72312.0
1746302400000,0.0366,0.0366,0.0364,0.0365,118640.0
1746302700000,0.0365,0.0365,0.0363,0.0364,401088.0
1746303000000,0.0364,0.0366,0.0362,0.0363,520661.0
1746303300000,0.0362,0.0363,0.0361,0.0362,80074.0
1746303600000,0.0362,0.0363,0.0361,0.0362,124789.0
1746303900000,0.0362,0.0362,0.036,0.0362,229844.0
1746304200000,0.0362,0.0362,0.0359,0.036,292000.0
1746304500000,0.036,0.036,0.0359,0.036,40483.0
1746304800000,0.036,0.036,0.0357,0.0358,1004740.0
1746305100000,0.0357,0.0359,0.0355,0.0358,269254.0
1746305400000,0.0359,0.0359,0.0358,0.0359,39975.0
1746305700000,0.0359,0.036,0.0358,0.036,24597.0
1746306000000,0.036,0.036,0.0357,0.0358,121480.0
1746306300000,0.0358,0.0358,0.0354,0.0354,130557.0
1746306600000,0.0354,0.0356,0.0354,0.0354,137080.0
1746306900000,0.0355,0.0357,0.0355,0.0357,95822.0
1746307200000,0.0357,0.0359,0.0355,0.0355,865517.0
1746307500000,0.0356,0.0357,0.0355,0.0357,326689.0
1746307800000,0.0357,0.0358,0.0356,0.0357,229009.0
1746308100000,0.0357,0.0357,0.0355,0.0356,78566.0
1746308400000,0.0356,0.0356,0.0355,0.0356,15607.0
1746308700000,0.0356,0.0356,0.0355,0.0355,3504.0
1746309000000,0.0355,0.0356,0.0355,0.0355,96458.0
1746309300000,0.0355,0.0356,0.0355,0.0355,50023.0
1746309600000,0.0355,0.0355,0.0353,0.0353,203897.0
1746309900000,0.0354,0.0356,0.0354,0.0354,388617.0
1746310200000,0.0354,0.0355,0.0354,0.0354,130307.0
1746310500000,0.0354,0.0356,0.0354,0.0355,75060.0
1746310800000,0.0355,0.0356,0.0354,0.0356,160247.0
1746311100000,0.0355,0.0355,0.0353,0.0354,82089.0
1746311400000,0.0355,0.0355,0.0353,0.0354,67217.0
1746311700000,0.0354,0.0354,0.0353,0.0354,26953.0
1746312000000,0.0355,0.0355,0.0354,0.0355,31272.0
1746312300000,0.0356,0.0356,0.0354,0.0355,96110.0
1746312600000,0.0354,0.0354,0.0353,0.0354,10882.0
1746312900000,0.0353,0.0354,0.0352,0.0352,119467.0
1746313200000,0.0353,0.0354,0.0351,0.0352,356069.0
1746313500000,0.0352,0.0352,0.0348,0.0351,1073519.0
1746313800000,0.0352,0.0353,0.0351,0.0351,189483.0
1746314100000,0.0351,0.0353,0.0351,0.0352,57520.0
1746314400000,0.0352,0.0353,0.0352,0.0352,5064.0
1746314700000,0.0353,0.0353,0.035,0.0351,130972.0
1746315000000,0.0351,0.0352,0.035,0.035,59343.0
1746315300000,0.035,0.0352,0.035,0.035,175867.0
1746315600000,0.035,0.0352,0.035,0.0351,81676.0
1746315900000,0.0351,0.0352,0.035,0.0352,70308.0
1746316200000,0.0351,0.0351,0.0349,0.035,189109.0
1746316500000,0.035,0.035,0.0348,0.0348,159301.0
1746316800000,0.0349,0.0352,0.0347,0.0348,650672.0
1746317100000,0.0348,0.0349,0.0347,0.0348,366480.0
1746317400000,0.0348,0.0348,0.0346,0.0347,163955.0
1746317700000,0.0347,0.035,0.0346,0.035,127730.0
1746318000000,0.0349,0.0349,0.0347,0.0348,41884.0
1746318300000,0.0347,0.0348,0.0345,0.0346,399399.0
1746318600000,0.0346,0.0351,0.0346,0.0348,1361692.0
1746318900000,0.0348,0.0349,0.0346,0.0347,368874.0
1746319200000,0.0348,0.035,0.0348,0.0349,438996.0
1746319500000,0.0348,0.0353,0.0346,0.0352,1451853.0
1746319800000,0.0351,0.0352,0.035,0.0351,555263.0
1746320100000,0.0351,0.0353,0.0351,0.0351,210168.0
1746320400000,0.0351,0.0355,0.035,0.0355,442003.0
1746320700000,0.0354,0.0354,0.0351,0.0353,757933.0
1746321000000,0.0354,0.0356,0.0353,0.0353,231984.0
1746321300000,0.0353,0.0353,0.035,0.0352,195673.0
1746321600000,0.0352,0.0352,0.0352,0.0352,25544.0
1746321900000,0.0353,0.0353,0.0348,0.0348,816944.0
1746322200000,0.0348,0.035,0.0347,0.0347,514571.0
1746322500000,0.0347,0.0351,0.0347,0.035,182330.0
1746322800000,0.035,0.035,0.0349,0.0349,338151.0
1746323100000,0.0348,0.0348,0.0346,0.0348,280401.0
1746323400000,0.0348,0.035,0.0346,0.0349,311751.0
1746323700000,0.035,0.0351,0.035,0.0351,120824.0
1746324000000,0.035,0.0351,0.0349,0.035,323551.0
1746324300000,0.035,0.0353,0.035,0.0351,461756.0
1746324600000,0.0352,0.0353,0.0351,0.0352,98490.0
1746324900000,0.0353,0.0353,0.035,0.035,139227.0
1746325200000,0.0351,0.0352,0.035,0.0352,55947.0
1746325500000,0.0351,0.0351,0.0349,0.035,229037.0
1746325800000,0.035,0.035,0.0347,0.0347,175368.0
1746326100000,0.0347,0.0348,0.0342,0.0344,1190956.0
1746326400000,0.0344,0.0344,0.0342,0.0344,135302.0
1746326700000,0.0344,0.0346,0.0343,0.0345,142757.0
1746327000000,0.0346,0.0347,0.0346,0.0346,68961.0
1746327300000,0.0347,0.0348,0.0347,0.0347,163804.0
1746327600000,0.0347,0.0348,0.0346,0.0346,50081.0
1746327900000,0.0346,0.0347,0.0342,0.0343,304205.0
1746328200000,0.0343,0.0344,0.0341,0.0342,441474.0
1746328500000,0.0343,0.0343,0.0341,0.0341,183113.0
1746328800000,0.034,0.0343,0.0339,0.0343,762981.0
1746329100000,0.0344,0.0344,0.0342,0.0343,276733.0
1746329400000,0.0343,0.0345,0.0342,0.0345,119878.0
1746329700000,0.0344,0.0345,0.0344,0.0344,6167.0
1746330000000,0.0344,0.0347,0.0344,0.0346,224897.0
1746330300000,0.0345,0.0345,0.0343,0.0343,68409.0
1746330600000,0.0344,0.0344,0.0342,0.0343,76607.0
1746330900000,0.0342,0.0342,0.034,0.034,199154.0
1746331200000,0.0341,0.0341,0.034,0.034,186416.0
1746331500000,0.0341,0.0343,0.0341,0.0343,250464.0
1746331800000,0.0343,0.0343,0.0342,0.0342,83626.0
1746332100000,0.0342,0.0344,0.0342,0.0343,53202.0
1746332400000,0.0343,0.0344,0.0343,0.0343,28807.0
1746332700000,0.0343,0.0343,0.0341,0.0341,87955.0
1746333000000,0.0341,0.0343,0.034,0.0341,559069.0
1746333300000,0.0342,0.0342,0.034,0.0341,75743.0
1746333600000,0.0341,0.0343,0.0341,0.0342,234869.0
1746333900000,0.0342,0.0342,0.0341,0.0341,198700.0
1746334200000,0.0341,0.0342,0.0341,0.0342,282122.0
1746334500000,0.0342,0.0342,0.0341,0.0341,135605.0
1746334800000,0.0341,0.0341,0.034,0.0341,195436.0
1746335100000,0.0341,0.0341,0.0339,0.034,112720.0
1746335400000,0.0339,0.034,0.0336,0.0338,250060.0
1746335700000,0.0338,0.0338,0.0333,0.0336,589264.0
1746336000000,0.0336,0.0342,0.0336,0.0342,297717.0
1746336300000,0.0342,0.0343,0.0341,0.0342,145141.0
1746336600000,0.0342,0.0345,0.0341,0.0342,479730.0
1746336900000,0.0342,0.0346,0.0342,0.0344,370450.0
1746337200000,0.0344,0.0345,0.0343,0.0343,107193.0
1746337500000,0.0343,0.0346,0.0343,0.0345,250928.0
1746337800000,0.0346,0.0346,0.0344,0.0344,226109.0
1746338100000,0.0344,0.0347,0.0343,0.0343,272835.0
1746338400000,0.0343,0.0343,0.0342,0.0342,204220.0
1746338700000,0.0343,0.0343,0.0342,0.0342,25104.0
1746339000000,0.0342,0.0343,0.0342,0.0343,68472.0
1746339300000,0.0343,0.0344,0.0341,0.0341,160724.0
1746339600000,0.0341,0.0343,0.0339,0.0339,312784.0
1746339900000,0.034,0.0341,0.0339,0.034,791714.0
1746340200000,0.034,0.0341,0.0339,0.0341,180471.0
1746340500000,0.0341,0.0342,0.034,0.0341,152817.0
1746340800000,0.0341,0.0342,0.0341,0.0342,22571.0
1746341100000,0.0341,0.0344,0.0341,0.0344,153388.0
1746341400000,0.0343,0.0344,0.0342,0.0342,37042.0
1746341700000,0.0342,0.0344,0.0342,0.0343,56858.0
1746342000000,0.0343,0.0345,0.0343,0.0344,167923.0
1746342300000,0.0344,0.0345,0.0343,0.0343,127150.0
1746342600000,0.0344,0.0345,0.0343,0.0343,127444.0
1746342900000,0.0343,0.0343,0.0342,0.0342,89803.0
1746343200000,0.0342,0.0342,0.0342,0.0342,11804.0
1746343500000,0.0342,0.0343,0.0341,0.0343,61479.0
1746343800000,0.0343,0.0343,0.034,0.034,84182.0
1746344100000,0.034,0.0342,0.034,0.034,135797.0
1746344400000,0.0341,0.0342,0.0341,0.0341,41518.0
1746344700000,0.0341,0.0342,0.0341,0.0341,4278.0
1746345000000,0.0341,0.0343,0.0341,0.0342,90987.0
1746345300000,0.0342,0.0343,0.0342,0.0342,3868.0
1746345600000,0.0342,0.0342,0.034,0.0341,171419.0
1746345900000,0.0341,0.0342,0.034,0.0341,40427.0
1746346200000,0.0341,0.0342,0.0341,0.0341,39818.0
1746346500000,0.0341,0.0342,0.034,0.0342,50857.0
1746346800000,0.0341,0.0342,0.034,0.034,39250.0
1746347100000,0.034,0.0341,0.0339,0.034,218430.0
1746347400000,0.034,0.0341,0.0338,0.0338,134007.0
1746347700000,0.0338,0.034,0.0336,0.0337,959302.0
1746348000000,0.0337,0.0338,0.0336,0.0337,69255.0
1746348300000,0.0337,0.0338,0.0336,0.0337,60242.0
1746348600000,0.0338,0.0339,0.0337,0.0338,205462.0
1746348900000,0.0338,0.0339,0.0337,0.0338,260231.0
1746349200000,0.0337,0.034,0.0337,0.0339,252526.0
1746349500000,0.0339,0.0339,0.0338,0.0338,60729.0
1746349800000,0.0339,0.0339,0.0337,0.0338,133801.0
1746350100000,0.0338,0.0338,0.0337,0.0337,38925.0
1746350400000,0.0338,0.0339,0.0338,0.0338,43006.0
1746350700000,0.0338,0.0341,0.0338,0.0341,68027.0
1746351000000,0.034,0.0341,0.0338,0.0339,216714.0
1746351300000,0.0339,0.0339,0.0337,0.0338,147548.0
1746351600000,0.0338,0.0338,0.0338,0.0338,51964.0
1746351900000,0.0338,0.0338,0.0337,0.0337,159179.0
1746352200000,0.0337,0.0339,0.0337,0.0339,95028.0
1746352500000,0.0338,0.0339,0.0337,0.0338,55174.0
1746352800000,0.0338,0.0341,0.0338,0.0339,98023.0
1746353100000,0.034,0.0341,0.034,0.034,38573.0
1746353400000,0.034,0.034,0.0339,0.0339,32305.0
1746353700000,0.0339,0.0341,0.0339,0.034,39315.0
1746354000000,0.034,0.0341,0.0339,0.0339,47746.0
1746354300000,0.0339,0.034,0.0339,0.0339,31175.0
1746354600000,0.034,0.034,0.0339,0.0339,59161.0
1746354900000,0.034,0.0341,0.034,0.034,18417.0
1746355200000,0.0341,0.0342,0.034,0.0341,163325.0
1746355500000,0.0341,0.0342,0.034,0.0341,192096.0
1746355800000,0.0341,0.0343,0.0341,0.0342,53326.0
1746356100000,0.0342,0.0342,0.0341,0.0341,19514.0
1746356400000,0.0341,0.0343,0.0341,0.0342,68771.0
1746356700000,0.0343,0.0346,0.0343,0.0346,151229.0
1746357000000,0.0346,0.0347,0.0346,0.0346,313652.0
1746357300000,0.0346,0.0346,0.0344,0.0344,164701.0
1746403200000,0.038,0.0382,0.0378,0.0379,345126.0
1746403500000,0.0379,0.0387,0.0376,0.0387,2077542.0
1746403800000,0.0387,0.0389,0.0383,0.0386,1662453.0
1746404100000,0.0387,0.0395,0.0385,0.0387,4814538.0
1746404400000,0.0387,0.0396,0.0387,0.0394,1646919.0
1746404700000,0.0394,0.0398,0.0391,0.0392,1587298.0
1746405000000,0.0392,0.0393,0.039,0.0392,516971.0
1746405300000,0.0392,0.0395,0.0391,0.0391,518383.0
1746405600000,0.039,0.039,0.0387,0.0388,635588.0
1746405900000,0.0388,0.0393,0.0388,0.0393,272927.0
1746406200000,0.0393,0.0398,0.0393,0.0396,1034330.0
1746406500000,0.0396,0.0399,0.0395,0.0397,793178.0
1746406800000,0.0397,0.0403,0.0387,0.0388,5791722.0
1746407100000,0.0388,0.0393,0.0385,0.0392,1420327.0
1746407400000,0.0392,0.0394,0.039,0.0392,576642.0
1746407700000,0.0392,0.0396,0.0391,0.0393,794572.0
1746408000000,0.0392,0.0405,0.0391,0.0402,2631969.0
1746408300000,0.0403,0.0404,0.0396,0.0398,793772.0
1746408600000,0.0398,0.0407,0.0397,0.04,1791325.0
1746408900000,0.04,0.0404,0.0398,0.0403,632056.0
1746409200000,0.0403,0.0404,0.04,0.0401,667758.0
1746409500000,0.0402,0.041,0.04,0.0406,3098725.0
1746409800000,0.0406,0.0409,0.04,0.0403,1565099.0
1746410100000,0.0403,0.0404,0.0398,0.0399,992965.0
1746410400000,0.0399,0.0405,0.0399,0.0405,373391.0
1746410700000,0.0405,0.0407,0.0403,0.0403,723900.0
1746411000000,0.0404,0.0412,0.0404,0.0411,1755340.0
1746411300000,0.0411,0.0434,0.041,0.0431,10173674.0
1746411600000,0.0431,0.0437,0.0417,0.0423,7845375.0
1746411900000,0.0423,0.0424,0.0415,0.0418,2068224.0
1746412200000,0.0418,0.0422,0.0408,0.0412,4464194.0
1746412500000,0.0411,0.0417,0.0411,0.0413,1134726.0
1746412800000,0.0413,0.0417,0.041,0.0417,1194883.0
1746413100000,0.0416,0.0417,0.0405,0.0409,2400016.0
1746413400000,0.041,0.041,0.0405,0.0406,1035105.0
1746413700000,0.0407,0.0408,0.0401,0.0403,1667058.0
1746414000000,0.0403,0.0407,0.0398,0.0406,1606655.0
1746414300000,0.0406,0.0408,0.0404,0.0405,1312633.0
1746414600000,0.0404,0.0405,0.0401,0.0404,920873.0
1746414900000,0.0404,0.0405,0.0402,0.0404,399077.0
1746415200000,0.0404,0.0405,0.0398,0.0398,3147840.0
1746415500000,0.0398,0.0402,0.0397,0.0401,682997.0
1746415800000,0.0402,0.0404,0.0401,0.0404,613409.0
1746416100000,0.0403,0.0411,0.0403,0.0409,1989622.0
1746416400000,0.041,0.0414,0.0408,0.0413,1640153.0
1746416700000,0.0412,0.0419,0.041,0.0417,3654788.0
1746417000000,0.0417,0.0418,0.0413,0.0413,3287373.0
1746417300000,0.0413,0.0416,0.0412,0.0414,791881.0
1746417600000,0.0413,0.0417,0.0411,0.0416,638424.0
1746417900000,0.0416,0.0422,0.0413,0.042,1784799.0
1746418200000,0.042,0.0423,0.0418,0.0419,2795203.0
1746418500000,0.0419,0.0426,0.0419,0.0424,2022351.0
1746418800000,0.0425,0.0428,0.0422,0.0424,1971566.0
1746419100000,0.0424,0.0429,0.0423,0.0427,2090345.0
1746419400000,0.0426,0.0427,0.0419,0.042,2011921.0
1746419700000,0.042,0.0421,0.0417,0.042,1192697.0
1746420000000,0.042,0.0424,0.0419,0.0422,1188682.0
1746420300000,0.0421,0.0423,0.0417,0.042,836890.0
1746420600000,0.0421,0.0423,0.042,0.042,790598.0
1746420900000,0.042,0.0422,0.0418,0.0421,540619.0
1746421200000,0.042,0.0423,0.0418,0.0421,385255.0
1746421500000,0.0421,0.0423,0.0418,0.0419,308447.0
1746421800000,0.0419,0.042,0.041,0.0411,3239963.0
1746422100000,0.041,0.0413,0.0407,0.0413,973114.0
1746422400000,0.0413,0.0417,0.0413,0.0416,509726.0
1746422700000,0.0416,0.0417,0.0413,0.0415,425713.0
1746423000000,0.0414,0.0415,0.0411,0.0412,431478.0
1746423300000,0.0412,0.0412,0.0401,0.0404,1993150.0
1746423600000,0.0404,0.0407,0.0403,0.0404,970316.0
1746423900000,0.0404,0.0405,0.0402,0.0404,1910016.0
1746424200000,0.0404,0.0405,0.0402,0.0403,738962.0
1746424500000,0.0403,0.0403,0.0396,0.0398,2557798.0
1746424800000,0.0397,0.0401,0.0396,0.04,1404189.0
1746425100000,0.04,0.0401,0.0389,0.0391,1835205.0
1746425400000,0.0391,0.0398,0.0391,0.0398,898800.0
1746425700000,0.0398,0.0403,0.0395,0.0401,1690770.0
1746426000000,0.0401,0.0405,0.04,0.0401,1117835.0
1746426300000,0.0402,0.0411,0.0402,0.0407,2110069.0
1746426600000,0.0407,0.0416,0.0407,0.0412,2738092.0
1746426900000,0.0413,0.0414,0.041,0.0413,663958.0
1746427200000,0.0413,0.0414,0.041,0.0412,709714.0
1746427500000,0.0413,0.0413,0.0409,0.0412,750808.0
1746427800000,0.0412,0.0417,0.0412,0.0415,1323788.0
1746428100000,0.0414,0.0416,0.0414,0.0414,396126.0
1746428400000,0.0414,0.042,0.0414,0.0415,1445057.0
1746428700000,0.0416,0.0422,0.0416,0.0421,1849737.0
1746429000000,0.042,0.0422,0.0419,0.0421,1502399.0
1746429300000,0.0421,0.0422,0.0418,0.0421,1074114.0
1746429600000,0.042,0.0425,0.0416,0.0416,1662560.0
1746429900000,0.0416,0.0418,0.0414,0.0416,672938.0
1746430200000,0.0416,0.0417,0.0413,0.0414,658981.0
1746430500000,0.0414,0.0416,0.0413,0.0415,294452.0
1746430800000,0.0416,0.0418,0.0415,0.0417,493613.0
1746431100000,0.0417,0.042,0.0411,0.0413,2116680.0
1746431400000,0.0412,0.0415,0.0411,0.0411,341474.0
1746431700000,0.0411,0.0414,0.0411,0.0413,407985.0
1746432000000,0.0413,0.0418,0.0413,0.0417,1664075.0
1746432300000,0.0417,0.042,0.0417,0.0419,553825.0
1746432600000,0.0419,0.042,0.0415,0.0418,851222.0
1746432900000,0.0418,0.0418,0.0413,0.0413,625031.0
1746433200000,0.0413,0.0416,0.0412,0.0413,488194.0
1746433500000,0.0413,0.0413,0.0407,0.0411,1262839.0
1746433800000,0.0411,0.0418,0.0411,0.0418,839617.0
1746434100000,0.0418,0.042,0.0416,0.0417,830895.0
1746434400000,0.0416,0.0419,0.0416,0.0419,777759.0
1746434700000,0.0419,0.0422,0.0418,0.0422,1398147.0
1746435000000,0.0422,0.0425,0.0421,0.0425,1788987.0
1746435300000,0.0424,0.0432,0.0424,0.0428,3357821.0
1746435600000,0.0428,0.0431,0.0426,0.0429,1116102.0
1746435900000,0.043,0.0433,0.0426,0.0432,1345774.0
1746436200000,0.0432,0.0439,0.0431,0.0438,3668889.0
1746436500000,0.0438,0.044,0.043,0.0435,3063375.0
1746436800000,0.0434,0.0442,0.0434,0.0438,2898151.0
1746437100000,0.0437,0.0439,0.0432,0.0432,1654373.0
1746437400000,0.0432,0.0436,0.0431,0.0433,1234113.0
1746437700000,0.0433,0.0436,0.0431,0.0433,1275433.0
1746438000000,0.0433,0.0434,0.043,0.0431,2049174.0
1746438300000,0.0432,0.0433,0.0427,0.0428,1403882.0
1746438600000,0.0428,0.043,0.0426,0.0428,972579.0
1746438900000,0.0428,0.0429,0.0426,0.0427,696408.0
1746439200000,0.0427,0.0428,0.0422,0.0428,1100874.0
1746439500000,0.0428,0.0428,0.0425,0.0426,471480.0
1746439800000,0.0425,0.0428,0.0423,0.0427,784479.0
1746440100000,0.0427,0.0427,0.042,0.0422,949306.0
1746440400000,0.0423,0.0424,0.0421,0.0423,657858.0
1746440700000,0.0422,0.0425,0.0421,0.0423,1036866.0
1746441000000,0.0423,0.0424,0.0418,0.0419,1789494.0
1746441300000,0.0419,0.0422,0.0417,0.0422,1198162.0
1746441600000,0.0421,0.0423,0.0421,0.0422,805585.0
1746441900000,0.0422,0.0422,0.0419,0.0422,397932.0
1746442200000,0.0421,0.0425,0.042,0.0425,719179.0
1746442500000,0.0425,0.0432,0.0425,0.043,1842205.0
1746442800000,0.0431,0.0432,0.0427,0.0428,1139155.0
1746443100000,0.0428,0.0429,0.0421,0.0422,2258916.0
1746443400000,0.0423,0.0427,0.0422,0.0425,1198408.0
1746443700000,0.0424,0.0425,0.0422,0.0422,813341.0
1746444000000,0.0422,0.0424,0.0418,0.0418,771831.0
1746444300000,0.0419,0.0421,0.0417,0.0421,632689.0
1746444600000,0.0421,0.0424,0.042,0.0423,571861.0
1746444900000,0.0423,0.0425,0.042,0.0424,803708.0
1746445200000,0.0424,0.0425,0.0423,0.0423,534461.0
1746445500000,0.0424,0.0429,0.0424,0.0427,903906.0
1746445800000,0.0426,0.0427,0.0423,0.0424,302995.0
1746446100000,0.0425,0.0425,0.0423,0.0423,664111.0
1746446400000,0.0422,0.0423,0.0418,0.042,457398.0
1746446700000,0.042,0.0425,0.0419,0.0424,989670.0
1746447000000,0.0424,0.0425,0.0422,0.0423,2057749.0
1746447300000,0.0423,0.0425,0.042,0.042,1180904.0
1746447600000,0.0421,0.0424,0.0418,0.0422,1320552.0
1746447900000,0.0422,0.0424,0.042,0.0422,809476.0
1746448200000,0.0421,0.0424,0.0421,0.0422,596614.0
1746448500000,0.0422,0.0423,0.042,0.0423,650089.0
1746448800000,0.0423,0.0424,0.0422,0.0423,460014.0
1746449100000,0.0423,0.0424,0.042,0.0421,502886.0
1746449400000,0.042,0.0421,0.0415,0.0417,833720.0
1746449700000,0.0418,0.0418,0.0412,0.0412,1067718.0
1746450000000,0.0413,0.0419,0.0413,0.0419,806221.0
1746450300000,0.0418,0.042,0.0417,0.0418,1684977.0
1746450600000,0.0418,0.042,0.0417,0.042,784590.0
1746450900000,0.042,0.042,0.0417,0.0418,777851.0
1746451200000,0.0418,0.0421,0.0417,0.0421,557191.0
1746451500000,0.042,0.0422,0.0417,0.0419,803053.0
1746451800000,0.0418,0.042,0.0416,0.0419,482341.0
1746452100000,0.0419,0.0421,0.0417,0.0417,552164.0
1746452400000,0.0417,0.0419,0.0415,0.0415,1005218.0
1746452700000,0.0415,0.0416,0.0412,0.0415,1369908.0
1746453000000,0.0415,0.0416,0.0413,0.0415,821217.0
1746453300000,0.0416,0.0419,0.0416,0.0416,514632.0
1746453600000,0.0416,0.042,0.0415,0.0415,647991.0
1746453900000,0.0415,0.0415,0.0411,0.0412,1735610.0
1746454200000,0.0413,0.0413,0.0408,0.041,1431390.0
1746454500000,0.0411,0.0411,0.0409,0.041,995504.0
1746454800000,0.0411,0.0412,0.0405,0.0406,1069100.0
1746455100000,0.0408,0.0416,0.0408,0.0415,1535375.0
1746455400000,0.0415,0.0415,0.0411,0.0411,733575.0
1746455700000,0.0411,0.0413,0.041,0.0411,416495.0
1746456000000,0.041,0.0412,0.041,0.041,858165.0
1746456300000,0.041,0.0412,0.0409,0.0412,622510.0
1746456600000,0.0413,0.0415,0.0411,0.0411,585540.0
1746456900000,0.041,0.0414,0.041,0.0412,326841.0
1746457200000,0.0412,0.0412,0.0408,0.0409,755212.0
1746457500000,0.0409,0.041,0.0407,0.0408,598341.0
1746457800000,0.0408,0.0411,0.0407,0.0408,782626.0
1746458100000,0.0408,0.0408,0.0405,0.0407,1003314.0
1746458400000,0.0406,0.0409,0.0405,0.0406,1527826.0
1746458700000,0.0407,0.0407,0.0404,0.0406,1471921.0
1746459000000,0.0406,0.0408,0.0405,0.0405,495610.0
1746459300000,0.0406,0.0407,0.0404,0.0404,777564.0
1746459600000,0.0404,0.0406,0.0401,0.0404,1387161.0
1746459900000,0.0404,0.0405,0.0401,0.0403,1206860.0
1746460200000,0.0404,0.0406,0.0404,0.0404,425711.0
1746460500000,0.0404,0.0405,0.0403,0.0404,848784.0
1746460800000,0.0404,0.0405,0.0401,0.0402,1445448.0
1746461100000,0.0402,0.0405,0.0402,0.0405,518474.0
1746461400000,0.0404,0.0405,0.0402,0.0402,1453274.0
1746461700000,0.0402,0.0405,0.0402,0.0403,458081.0
1746462000000,0.0403,0.0405,0.0402,0.0403,527283.0
1746462300000,0.0402,0.0402,0.0395,0.0395,2260259.0
1746462600000,0.0396,0.0399,0.0395,0.0399,751043.0
1746462900000,0.0398,0.0398,0.0396,0.0397,359889.0
1746463200000,0.0397,0.0398,0.0393,0.0396,786375.0
1746463500000,0.0397,0.0397,0.0394,0.0395,509839.0
1746463800000,0.0396,0.0396,0.0394,0.0395,283203.0
1746464100000,0.0395,0.0396,0.0392,0.0392,415119.0
1746464400000,0.0393,0.0397,0.0393,0.0397,387314.0
1746464700000,0.0396,0.0397,0.0395,0.0396,681675.0
1746465000000,0.0396,0.0397,0.0384,0.0391,5332254.0
1746465300000,0.0391,0.0392,0.0386,0.039,1166351.0
1746465600000,0.0389,0.039,0.0387,0.0389,593080.0
1746465900000,0.0389,0.039,0.0383,0.0387,1784679.0
1746466200000,0.0387,0.0392,0.0387,0.039,707234.0
1746466500000,0.0391,0.0394,0.0391,0.0394,403379.0
1746466800000,0.0394,0.0394,0.0392,0.0392,538645.0
1746467100000,0.0393,0.0393,0.039,0.0392,3091449.0
1746467400000,0.0392,0.0393,0.0392,0.0393,160231.0
1746467700000,0.0393,0.0393,0.0391,0.0391,232265.0
1746468000000,0.0392,0.0393,0.0391,0.0391,239746.0
1746468300000,0.0391,0.0392,0.0389,0.0392,191098.0
1746468600000,0.0392,0.0394,0.0391,0.0394,793945.0
1746468900000,0.0393,0.0396,0.0393,0.0393,1512334.0
1746469200000,0.0394,0.0394,0.0392,0.0394,247082.0
1746469500000,0.0394,0.0396,0.0393,0.0394,214378.0
1746469800000,0.0394,0.0396,0.0393,0.0396,429054.0
1746470100000,0.0395,0.0397,0.0394,0.0396,365429.0
1746470400000,0.0396,0.0398,0.0396,0.0397,712502.0
1746470700000,0.0397,0.0399,0.0395,0.0395,492388.0
1746471000000,0.0395,0.0396,0.0394,0.0395,100261.0
1746471300000,0.0396,0.0397,0.0395,0.0396,581567.0
1746471600000,0.0396,0.0397,0.0395,0.0395,131390.0
1746471900000,0.0395,0.0396,0.0394,0.0395,336268.0
1746472200000,0.0395,0.0396,0.0394,0.0395,91329.0
1746472500000,0.0396,0.0398,0.0395,0.0398,1291327.0
1746472800000,0.0398,0.0399,0.0397,0.0398,454886.0
1746473100000,0.0398,0.0398,0.0394,0.0394,719498.0
1746473400000,0.0395,0.0397,0.0394,0.0396,819413.0
1746473700000,0.0396,0.0396,0.0393,0.0395,454621.0
1746474000000,0.0393,0.0395,0.0393,0.0394,233485.0
1746474300000,0.0394,0.0396,0.0393,0.0395,121716.0
1746474600000,0.0395,0.0396,0.0394,0.0395,298629.0
1746474900000,0.0394,0.0395,0.0393,0.0394,220255.0
1746475200000,0.0394,0.0394,0.0393,0.0394,220515.0
1746475500000,0.0393,0.0394,0.0392,0.0392,258300.0
1746475800000,0.0393,0.0393,0.0391,0.0391,381537.0
1746476100000,0.0391,0.0393,0.0391,0.0392,78009.0
1746476400000,0.0392,0.0393,0.0391,0.0391,301989.0
1746476700000,0.0391,0.0392,0.0389,0.039,595894.0
1746477000000,0.039,0.0391,0.0388,0.0388,470787.0
1746477300000,0.0388,0.0389,0.0386,0.0389,1107438.0
1746477600000,0.039,0.039,0.0389,0.039,110359.0
1746477900000,0.0391,0.0392,0.039,0.0392,312210.0
1746478200000,0.0392,0.0393,0.0392,0.0393,140367.0
1746478500000,0.0393,0.0393,0.0391,0.0391,50108.0
1746478800000,0.0391,0.0392,0.039,0.0392,322370.0
1746479100000,0.0391,0.0392,0.039,0.0391,161294.0
1746479400000,0.0392,0.0393,0.0392,0.0392,159634.0
1746479700000,0.0392,0.0394,0.039,0.0391,85148.0
1746480000000,0.0391,0.0392,0.0391,0.0392,79081.0
1746480300000,0.0392,0.0393,0.0391,0.0392,103569.0
1746480600000,0.0392,0.0392,0.039,0.0391,149018.0
1746480900000,0.0392,0.0393,0.0391,0.0392,64687.0
1746481200000,0.0392,0.0393,0.0391,0.0392,117401.0
1746481500000,0.0392,0.0393,0.0391,0.0392,212528.0
1746481800000,0.0391,0.0392,0.039,0.0391,306200.0
1746482100000,0.0391,0.0392,0.0389,0.039,130979.0
1746482400000,0.039,0.039,0.0388,0.0388,103304.0
1746482700000,0.0388,0.039,0.0387,0.0389,512356.0
1746483000000,0.039,0.0391,0.0389,0.0389,1033592.0
1746483300000,0.0389,0.0389,0.0387,0.0387,71450.0
1746483600000,0.0388,0.0389,0.0387,0.0387,147384.0
1746483900000,0.0387,0.0388,0.0385,0.0387,1016632.0
1746484200000,0.0386,0.0388,0.0386,0.0387,120923.0
1746484500000,0.0388,0.0389,0.0387,0.0389,121689.0
1746484800000,0.0388,0.0388,0.0386,0.0386,204711.0
1746485100000,0.0387,0.0387,0.0384,0.0385,289768.0
1746485400000,0.0385,0.0386,0.0384,0.0385,151945.0
1746485700000,0.0384,0.0385,0.0383,0.0385,295482.0
1746486000000,0.0385,0.0385,0.0382,0.0383,185383.0
1746486300000,0.0382,0.0384,0.0382,0.0383,338679.0
1746486600000,0.0382,0.0383,0.0381,0.0381,183331.0
1746486900000,0.0381,0.0381,0.0378,0.038,1989630.0
1746487200000,0.038,0.0381,0.0378,0.0379,292774.0
1746487500000,0.0378,0.0378,0.0376,0.0377,281250.0
1746487800000,0.0377,0.0378,0.0374,0.0374,498690.0
1746488100000,0.0375,0.0377,0.0375,0.0377,369161.0
1746488400000,0.0377,0.0377,0.0375,0.0376,175900.0
1746488700000,0.0375,0.0376,0.0374,0.0374,209676.0
1746489000000,0.0374,0.0375,0.0372,0.0374,709315.0
1746489300000,0.0374,0.0375,0.0373,0.0373,142769.0
1746489600000,0.0374,0.0376,0.0373,0.0374,485766.0
1746489900000,0.0375,0.0376,0.0373,0.0374,388375.0
1746490200000,0.0375,0.0375,0.0371,0.0372,689772.0
1746490500000,0.0372,0.0375,0.0369,0.0375,396297.0
1746490800000,0.0374,0.0376,0.0373,0.0376,295052.0
1746491100000,0.0376,0.038,0.0376,0.0378,265730.0
1746491400000,0.0378,0.0378,0.0376,0.0377,105215.0
1746491700000,0.0377,0.0379,0.0376,0.0378,191817.0
1746492000000,0.0378,0.038,0.0377,0.0379,333230.0
1746492300000,0.0379,0.0379,0.0378,0.0378,200196.0
1746492600000,0.0378,0.0379,0.0376,0.0378,513174.0
1746492900000,0.0379,0.038,0.0378,0.038,231122.0
1746493200000,0.0379,0.038,0.0378,0.0379,299508.0
1746493500000,0.0379,0.0379,0.0377,0.0378,391487.0
1746493800000,0.0378,0.0382,0.0378,0.0382,190832.0
1746494100000,0.0382,0.0383,0.0381,0.0382,122759.0
1746494400000,0.0382,0.0383,0.0382,0.0383,129411.0
1746494700000,0.0383,0.0383,0.0382,0.0383,394052.0
1746495000000,0.0383,0.0384,0.0379,0.038,479286.0
1746495300000,0.038,0.0381,0.0378,0.0379,274164.0
1746495600000,0.0379,0.038,0.0378,0.0379,169202.0
1746495900000,0.0378,0.0379,0.0377,0.0377,151265.0
1746496200000,0.0376,0.0385,0.0375,0.0384,3505411.0
1746496500000,0.0384,0.0389,0.0384,0.0388,1074736.0
1746496800000,0.0388,0.039,0.0386,0.0389,1582335.0
1746497100000,0.0389,0.0392,0.0389,0.039,1085480.0
1746497400000,0.039,0.039,0.0386,0.0386,653516.0
1746497700000,0.0386,0.0387,0.0384,0.0384,211410.0
1746498000000,0.0384,0.0384,0.0381,0.0381,433436.0
1746498300000,0.0382,0.0382,0.0379,0.038,527906.0
1746498600000,0.038,0.0383,0.038,0.0382,447318.0
1746498900000,0.0382,0.0384,0.0381,0.0382,105366.0
1746499200000,0.0383,0.0384,0.0382,0.0384,204302.0
1746499500000,0.0383,0.0384,0.0381,0.0383,138981.0
1746499800000,0.0384,0.0384,0.038,0.0381,193493.0
1746500100000,0.0381,0.0381,0.0378,0.038,387740.0
1746500400000,0.038,0.038,0.0377,0.0378,347159.0
1746500700000,0.0378,0.0379,0.0376,0.0377,367726.0
1746501000000,0.0377,0.0377,0.0374,0.0376,380453.0
1746501300000,0.0375,0.038,0.0375,0.0379,482272.0
1746501600000,0.0378,0.0379,0.0377,0.0378,194447.0
1746501900000,0.0378,0.0379,0.0377,0.0379,161144.0
1746502200000,0.0379,0.0381,0.0377,0.0378,497467.0
1746502500000,0.0378,0.038,0.0378,0.0379,205247.0
1746502800000,0.0379,0.0381,0.0379,0.038,177038.0
1746503100000,0.0381,0.0382,0.038,0.0382,264217.0
1746503400000,0.038,0.0381,0.0379,0.0379,273990.0
1746503700000,0.038,0.038,0.0379,0.0379,136742.0
1746504000000,0.038,0.0382,0.038,0.0381,212486.0
1746504300000,0.038,0.0381,0.0379,0.038,71553.0
1746504600000,0.038,0.0381,0.038,0.0381,95555.0
1746504900000,0.0381,0.0387,0.0381,0.0386,418053.0
1746505200000,0.0386,0.0388,0.0386,0.0386,588492.0
1746505500000,0.0386,0.0386,0.0385,0.0385,238827.0
1746505800000,0.0385,0.0385,0.0382,0.0384,257772.0
1746506100000,0.0383,0.0384,0.0382,0.0383,241453.0
1746506400000,0.0383,0.0384,0.0383,0.0383,36453.0
1746506700000,0.0383,0.0384,0.0382,0.0382,188777.0
1746507000000,0.0382,0.0383,0.0381,0.0381,63147.0
1746507300000,0.0381,0.0382,0.038,0.0381,131073.0
1746507600000,0.0381,0.0381,0.0378,0.0379,400474.0
1746507900000,0.038,0.0382,0.038,0.0381,349206.0
1746508200000,0.0382,0.0384,0.0381,0.0383,123095.0
1746508500000,0.0383,0.0384,0.0383,0.0384,53995.0
1746508800000,0.0384,0.0384,0.038,0.038,613323.0
1746509100000,0.038,0.0382,0.038,0.038,146069.0
1746509400000,0.038,0.0381,0.038,0.0381,134924.0
1746509700000,0.0381,0.0382,0.038,0.0382,143557.0
1746510000000,0.0382,0.0383,0.0382,0.0383,126953.0
1746510300000,0.0382,0.0383,0.0382,0.0383,95098.0
1746510600000,0.0383,0.0383,0.0381,0.0382,188713.0
1746510900000,0.0383,0.0383,0.0381,0.0381,244206.0
1746511200000,0.0381,0.0382,0.0379,0.038,459417.0
1746511500000,0.0381,0.0381,0.0375,0.0376,1226234.0
1746511800000,0.0377,0.0379,0.0377,0.0378,487604.0
1746512100000,0.0378,0.0378,0.0377,0.0377,234279.0
1746512400000,0.0378,0.0378,0.0375,0.0377,567879.0
1746512700000,0.0377,0.0378,0.0376,0.0377,153059.0
1746513000000,0.0376,0.0376,0.0374,0.0376,402544.0
1746513300000,0.0375,0.0377,0.0374,0.0377,191982.0
1746513600000,0.0377,0.0378,0.0376,0.0378,271900.0
1746513900000,0.0378,0.0378,0.0377,0.0378,233704.0
1746514200000,0.0378,0.038,0.0378,0.0379,44379.0
1746514500000,0.0379,0.038,0.0378,0.0378,203621.0
1746514800000,0.0377,0.038,0.0377,0.0379,158543.0
1746515100000,0.0379,0.0386,0.0379,0.0385,2027300.0
1746515400000,0.0385,0.0388,0.0385,0.0387,451341.0
1746515700000,0.0387,0.0388,0.0386,0.0386,448941.0
1746516000000,0.0386,0.0386,0.0384,0.0385,394698.0
1746516300000,0.0385,0.0387,0.0385,0.0386,173079.0
1746516600000,0.0387,0.0387,0.0384,0.0384,311728.0
1746516900000,0.0384,0.0385,0.0382,0.0382,403652.0
1746517200000,0.0382,0.0384,0.038,0.038,290005.0
1746517500000,0.038,0.038,0.0377,0.0379,2238215.0
1746517800000,0.0378,0.0379,0.0376,0.0376,715273.0
1746518100000,0.0376,0.0377,0.0373,0.0375,1668239.0
1746518400000,0.0375,0.0375,0.0373,0.0374,601293.0
1746518700000,0.0374,0.0375,0.0372,0.0372,440420.0
1746519000000,0.0373,0.0374,0.0371,0.0372,566380.0
1746519300000,0.0371,0.0371,0.0368,0.0369,1561703.0
1746519600000,0.0369,0.037,0.0367,0.0368,376115.0
1746519900000,0.0369,0.0372,0.0368,0.0372,437770.0
1746520200000,0.0372,0.0379,0.0372,0.0377,1051464.0
1746520500000,0.0376,0.038,0.0376,0.0378,704295.0
1746520800000,0.0379,0.038,0.0378,0.038,477484.0
1746521100000,0.038,0.0383,0.0379,0.0379,1276818.0
1746521400000,0.038,0.0381,0.0379,0.038,339222.0
1746521700000,0.038,0.038,0.0378,0.0379,461996.0
1746522000000,0.0378,0.038,0.0377,0.0378,542075.0
1746522300000,0.0378,0.0379,0.0377,0.0378,286676.0
1746522600000,0.0378,0.0379,0.0376,0.0377,262398.0
1746522900000,0.0376,0.0378,0.0375,0.0377,421527.0
1746523200000,0.0377,0.0377,0.0376,0.0377,38634.0
1746523500000,0.0377,0.0379,0.0377,0.0378,295067.0
1746523800000,0.0378,0.0378,0.0376,0.0376,250355.0
1746524100000,0.0377,0.0378,0.0375,0.0376,201720.0
1746524400000,0.0376,0.0376,0.0374,0.0374,419628.0
1746524700000,0.0375,0.0375,0.0372,0.0374,986333.0
1746525000000,0.0373,0.0375,0.0373,0.0373,173901.0
1746525300000,0.0374,0.0375,0.0374,0.0375,13377.0
1746525600000,0.0374,0.0376,0.0373,0.0374,654057.0
1746525900000,0.0374,0.0374,0.0373,0.0374,14223.0
1746526200000,0.0374,0.0374,0.0372,0.0373,326077.0
1746526500000,0.0372,0.0374,0.0372,0.0373,222976.0
1746526800000,0.0374,0.0375,0.037,0.0371,415346.0
1746527100000,0.037,0.0372,0.037,0.0372,340499.0
1746527400000,0.0372,0.0372,0.037,0.0371,420010.0
1746527700000,0.037,0.0371,0.0367,0.0368,707770.0
1746528000000,0.0367,0.0369,0.036,0.0363,2933040.0
1746528300000,0.0363,0.0366,0.0362,0.0366,1501256.0
1746528600000,0.0366,0.0368,0.0365,0.0368,953298.0
1746528900000,0.0367,0.037,0.0366,0.0368,647889.0
1746529200000,0.0368,0.0371,0.0368,0.037,487806.0
1746529500000,0.037,0.037,0.0368,0.0368,260247.0
1746529800000,0.0369,0.0369,0.0367,0.0368,100283.0
1746530100000,0.0368,0.0368,0.0365,0.0365,433268.0
1746530400000,0.0365,0.0365,0.0363,0.0365,581793.0
1746530700000,0.0365,0.0366,0.0364,0.0365,347979.0
1746531000000,0.0366,0.0367,0.0364,0.0365,649258.0
1746531300000,0.0364,0.0365,0.0363,0.0363,437119.0
1746531600000,0.0363,0.0365,0.0363,0.0364,110601.0
1746531900000,0.0365,0.0365,0.0363,0.0365,103711.0
1746532200000,0.0364,0.0365,0.0362,0.0365,349387.0
1746532500000,0.0365,0.0368,0.0364,0.0368,287453.0
1746532800000,0.0368,0.0368,0.0363,0.0363,269246.0
1746533100000,0.0364,0.0365,0.0363,0.0364,426651.0
1746533400000,0.0364,0.0364,0.0362,0.0362,100163.0
1746533700000,0.0362,0.0363,0.0358,0.036,2863912.0
1746534000000,0.0359,0.0359,0.0356,0.0357,834623.0
1746534300000,0.0356,0.0358,0.0355,0.0357,851271.0
1746534600000,0.0357,0.0358,0.0356,0.0357,340975.0
1746534900000,0.0357,0.0358,0.0356,0.0358,94079.0
1746535200000,0.0358,0.0359,0.0357,0.0358,186597.0
1746535500000,0.0357,0.0357,0.0355,0.0357,396621.0
1746535800000,0.0357,0.0361,0.0356,0.0361,1492250.0
1746536100000,0.036,0.0361,0.036,0.0361,238284.0
1746536400000,0.0361,0.0361,0.0358,0.0358,311992.0
1746536700000,0.0358,0.0358,0.0357,0.0358,148398.0
1746537000000,0.0359,0.0359,0.0357,0.0359,157727.0
1746537300000,0.0359,0.0359,0.0356,0.0357,292038.0
1746537600000,0.0358,0.0359,0.0357,0.0359,159183.0
1746537900000,0.0358,0.036,0.0356,0.0357,1004192.0
1746538200000,0.0356,0.0358,0.0356,0.0357,144358.0
1746538500000,0.0358,0.0359,0.0356,0.0357,208618.0
1746538800000,0.0358,0.0363,0.0357,0.0361,1130676.0
1746539100000,0.0362,0.0362,0.036,0.0361,569408.0
1746539400000,0.036,0.036,0.0357,0.036,460671.0
1746539700000,0.036,0.0363,0.036,0.036,718755.0
1746540000000,0.0361,0.0364,0.036,0.0363,330183.0
1746540300000,0.0363,0.0364,0.0363,0.0364,251226.0
1746540600000,0.0364,0.0366,0.0363,0.0363,594013.0
1746540900000,0.0364,0.0368,0.0364,0.0366,389832.0
1746541200000,0.0367,0.0367,0.0365,0.0366,454790.0
1746541500000,0.0365,0.0365,0.0364,0.0364,539123.0
1746541800000,0.0364,0.0365,0.0363,0.0365,546782.0
1746542100000,0.0364,0.0366,0.0364,0.0364,392917.0
1746542400000,0.0364,0.0368,0.0364,0.0367,815033.0
1746542700000,0.0367,0.0367,0.0366,0.0367,282764.0
1746543000000,0.0367,0.0367,0.0363,0.0363,496497.0
1746543300000,0.0364,0.0364,0.0363,0.0363,186885.0
1746543600000,0.0363,0.0364,0.0361,0.0362,900712.0
1746543900000,0.0362,0.0362,0.0361,0.0361,248709.0
1746544200000,0.0361,0.0363,0.0361,0.0362,137028.0
1746544500000,0.0362,0.0362,0.036,0.0361,159617.0
1746544800000,0.0362,0.0363,0.0361,0.0361,137940.0
1746545100000,0.0362,0.0362,0.036,0.0361,228192.0
1746545400000,0.0361,0.0361,0.0357,0.0358,1032525.0
1746545700000,0.0359,0.0361,0.0359,0.036,201386.0
1746546000000,0.0361,0.0361,0.0359,0.0359,107350.0
1746546300000,0.0359,0.0361,0.0358,0.0359,327205.0
1746546600000,0.0359,0.0359,0.0356,0.0356,714653.0
1746546900000,0.0357,0.0357,0.0356,0.0357,276321.0
1746547200000,0.0357,0.0359,0.0355,0.0358,356138.0
1746547500000,0.0359,0.0359,0.0356,0.0357,229725.0
1746547800000,0.0357,0.036,0.0356,0.036,280145.0
1746548100000,0.036,0.036,0.0359,0.036,284885.0
1746548400000,0.036,0.0361,0.0357,0.0357,265992.0
1746548700000,0.0358,0.0359,0.0358,0.0359,125113.0
1746549000000,0.0359,0.0361,0.0358,0.036,266498.0
1746549300000,0.036,0.0361,0.0359,0.036,183705.0
1746549600000,0.0359,0.0359,0.0356,0.0356,113022.0
1746549900000,0.0356,0.0358,0.0356,0.0356,46402.0
1746550200000,0.0356,0.0357,0.0355,0.0356,201703.0
1746550500000,0.0356,0.0357,0.0355,0.0356,195065.0
1746550800000,0.0356,0.0357,0.0356,0.0357,83546.0
1746551100000,0.0356,0.0359,0.0356,0.0359,127852.0
1746551400000,0.0359,0.036,0.0358,0.0359,26647.0
1746551700000,0.0359,0.036,0.0359,0.0359,45401.0
1746552000000,0.0359,0.036,0.0357,0.0358,70366.0
1746552300000,0.0358,0.0359,0.0357,0.0359,215769.0
1746552600000,0.0358,0.0359,0.0358,0.0358,395298.0
1746552900000,0.0357,0.0357,0.0355,0.0356,351777.0
1746553200000,0.0356,0.0356,0.0353,0.0353,1265384.0
1746553500000,0.0354,0.0354,0.0352,0.0354,704457.0
1746553800000,0.0354,0.0357,0.0354,0.0357,663733.0
1746554100000,0.0356,0.0356,0.0355,0.0356,262000.0
1746554400000,0.0356,0.0356,0.0354,0.0355,183175.0
1746554700000,0.0355,0.0356,0.0354,0.0355,114125.0
1746555000000,0.0356,0.0356,0.0354,0.0355,59064.0
1746555300000,0.0355,0.0356,0.0355,0.0355,106364.0
1746555600000,0.0356,0.0357,0.0355,0.0357,106616.0
1746555900000,0.0357,0.0358,0.0356,0.0357,124026.0
1746556200000,0.0357,0.0357,0.0356,0.0356,13720.0
1746556500000,0.0356,0.0358,0.0355,0.0357,399799.0
1746556800000,0.0357,0.0358,0.0355,0.0355,259026.0
1746557100000,0.0356,0.0356,0.0355,0.0355,179590.0
1746557400000,0.0356,0.0357,0.0356,0.0356,303516.0
1746557700000,0.0357,0.0359,0.0356,0.0359,154253.0
1746558000000,0.0359,0.0364,0.0359,0.0362,1936178.0
1746558300000,0.0362,0.0363,0.0361,0.0363,674662.0
1746558600000,0.0362,0.0363,0.0361,0.0362,398935.0
1746558900000,0.0362,0.0365,0.0362,0.0364,487104.0
1746559200000,0.0364,0.0364,0.0359,0.036,1082512.0
1746559500000,0.036,0.036,0.0359,0.0359,156115.0
1746559800000,0.0358,0.0359,0.0357,0.0358,274684.0
1746560100000,0.0358,0.0359,0.0357,0.0359,131508.0
1746560400000,0.0359,0.0359,0.0358,0.0359,14601.0
1746560700000,0.0359,0.0359,0.0358,0.0359,2052.0
1746561000000,0.0359,0.0361,0.0356,0.0356,460684.0
1746561300000,0.0356,0.0357,0.0355,0.0356,123830.0
1746561600000,0.0356,0.0356,0.0355,0.0356,219014.0
1746561900000,0.0355,0.0357,0.0355,0.0356,127055.0
1746562200000,0.0356,0.0357,0.0355,0.0356,29210.0
1746562500000,0.0356,0.0356,0.0354,0.0355,228272.0
1746562800000,0.0356,0.0356,0.0354,0.0355,124359.0
1746563100000,0.0354,0.0354,0.0352,0.0353,174704.0
1746563400000,0.0352,0.0352,0.0351,0.0351,24336.0
1746563700000,0.0352,0.0353,0.0351,0.0352,129306.0
1746564000000,0.0353,0.0353,0.0351,0.0353,214050.0
1746564300000,0.0354,0.0354,0.0351,0.0352,104256.0
1746564600000,0.0351,0.0352,0.0351,0.0351,1804.0
1746564900000,0.0352,0.0352,0.0349,0.0349,205768.0
1746565200000,0.035,0.0353,0.035,0.0353,244998.0
1746565500000,0.0352,0.0353,0.0352,0.0353,24138.0
1746565800000,0.0353,0.0353,0.0351,0.0351,121329.0
1746566100000,0.0351,0.0351,0.0351,0.0351,110416.0
1746566400000,0.0351,0.0351,0.0348,0.0348,484043.0
1746566700000,0.0348,0.0348,0.0344,0.0346,282300.0
1746567000000,0.0345,0.0348,0.0345,0.0346,246899.0
1746567300000,0.0345,0.0345,0.0342,0.0345,268399.0
1746567600000,0.0345,0.0348,0.0345,0.0346,167160.0
1746567900000,0.0347,0.035,0.0347,0.035,46185.0
1746568200000,0.0349,0.0352,0.0349,0.0352,384969.0
1746568500000,0.0351,0.0351,0.035,0.0351,28174.0
1746568800000,0.0351,0.0358,0.0351,0.0356,449393.0
1746569100000,0.0356,0.0359,0.0356,0.0358,173761.0
1746569400000,0.0358,0.0358,0.0356,0.0356,265172.0
1746569700000,0.0357,0.0358,0.0357,0.0358,342985.0
1746570000000,0.0358,0.0359,0.0358,0.0358,36771.0
1746570300000,0.0359,0.0359,0.0357,0.0359,253969.0
1746570600000,0.036,0.0362,0.036,0.036,653341.0
1746570900000,0.036,0.0363,0.036,0.0362,291100.0
1746571200000,0.0362,0.0362,0.0361,0.0361,226609.0
1746571500000,0.0361,0.0361,0.036,0.036,147216.0
1746571800000,0.036,0.0361,0.0358,0.0358,121200.0
1746572100000,0.0357,0.0361,0.0357,0.0361,679639.0
1746572400000,0.0361,0.0363,0.0361,0.0363,441225.0
1746572700000,0.0363,0.0363,0.0361,0.0363,261167.0
1746573000000,0.0363,0.0364,0.0362,0.0362,238109.0
1746573300000,0.0363,0.0363,0.0362,0.0363,28441.0
1746573600000,0.0363,0.0364,0.0362,0.0363,192195.0
1746573900000,0.0364,0.0365,0.0362,0.0362,156623.0
1746574200000,0.0363,0.0363,0.036,0.0361,63146.0
1746574500000,0.0361,0.0363,0.0361,0.0362,27563.0
1746574800000,0.0362,0.0362,0.0359,0.036,234258.0
1746575100000,0.0359,0.036,0.0358,0.0359,431237.0
1746575400000,0.036,0.0361,0.0359,0.036,96726.0
1746575700000,0.036,0.036,0.0359,0.0359,19637.0
1746576000000,0.0359,0.036,0.0359,0.0359,39356.0
1746576300000,0.036,0.0363,0.036,0.036,176602.0
1746576600000,0.036,0.036,0.0358,0.036,75837.0
1746576900000,0.036,0.0362,0.036,0.0361,170145.0
1746577200000,0.0362,0.0364,0.0362,0.0363,120054.0
1746577500000,0.0363,0.0364,0.0361,0.0362,224511.0
1746577800000,0.0363,0.0364,0.0358,0.0359,1685238.0
1746578100000,0.0359,0.0361,0.0359,0.0359,200125.0
1746578400000,0.036,0.036,0.0359,0.0359,58904.0
1746578700000,0.0359,0.036,0.0359,0.036,312766.0
1746579000000,0.036,0.0361,0.0359,0.0361,92352.0
1746579300000,0.0361,0.0361,0.036,0.0361,243400.0
1746579600000,0.036,0.0362,0.036,0.0361,65829.0
1746579900000,0.0361,0.0362,0.0361,0.0362,171184.0
1746580200000,0.0363,0.0364,0.0362,0.0364,301082.0
1746580500000,0.0364,0.0367,0.0363,0.0365,709803.0
1746580800000,0.0366,0.0367,0.0366,0.0366,156739.0
1746581100000,0.0366,0.0367,0.0366,0.0367,11779.0
1746581400000,0.0367,0.0369,0.0367,0.0367,355779.0
1746581700000,0.0367,0.0369,0.0367,0.0368,103938.0
1746582000000,0.0368,0.0369,0.0367,0.0368,195678.0
1746582300000,0.0367,0.037,0.0367,0.0368,150337.0
1746582600000,0.0368,0.0369,0.0367,0.0368,116955.0
1746582900000,0.0368,0.037,0.0368,0.037,225269.0
1746583200000,0.0369,0.0369,0.0367,0.0368,818856.0
1746583500000,0.0367,0.0367,0.0365,0.0365,271706.0
1746583800000,0.0365,0.0366,0.0364,0.0364,272269.0
1746584100000,0.0364,0.0366,0.0364,0.0366,228746.0
1746584400000,0.0366,0.0368,0.0366,0.0368,55953.0
1746584700000,0.0368,0.037,0.0368,0.0369,160828.0
1746585000000,0.0368,0.037,0.0368,0.0368,93674.0
1746585300000,0.0368,0.0368,0.0366,0.0366,113257.0
1746585600000,0.0366,0.0366,0.0363,0.0364,134574.0
1746585900000,0.0364,0.0366,0.0364,0.0364,138685.0
1746586200000,0.0365,0.0366,0.0363,0.0364,306886.0
1746586500000,0.0364,0.0365,0.0364,0.0365,146823.0
1746586800000,0.0364,0.0365,0.0361,0.0362,105492.0
1746587100000,0.0362,0.0363,0.0361,0.0361,106506.0
1746587400000,0.0361,0.0361,0.0359,0.036,87436.0
1746587700000,0.036,0.036,0.0358,0.0359,274108.0
1746588000000,0.0359,0.0364,0.0359,0.0364,669437.0
1746588300000,0.0364,0.0368,0.0364,0.0368,579143.0
1746588600000,0.0368,0.0368,0.0365,0.0366,217101.0
1746588900000,0.0366,0.0366,0.0365,0.0365,72881.0
1746589200000,0.0365,0.0366,0.0365,0.0365,316853.0
1746589500000,0.0365,0.0373,0.0365,0.0371,500926.0
1746589800000,0.0371,0.0371,0.0369,0.037,219690.0
1746590100000,0.037,0.037,0.0368,0.0368,232898.0
1746590400000,0.0368,0.0368,0.0366,0.0366,329445.0
1746590700000,0.0366,0.0366,0.0364,0.0366,195960.0
1746591000000,0.0365,0.0365,0.0363,0.0363,503107.0
1746591300000,0.0363,0.0363,0.0361,0.0361,199023.0
1746591600000,0.036,0.0363,0.036,0.0363,83365.0
1746591900000,0.0363,0.0363,0.0362,0.0362,162707.0
1746592200000,0.0362,0.0362,0.036,0.0361,182472.0
1746592500000,0.0362,0.0362,0.0361,0.0362,231613.0
1746592800000,0.0362,0.0363,0.0361,0.0362,197404.0
1746593100000,0.0362,0.0362,0.0361,0.0362,289926.0
1746593400000,0.0362,0.0363,0.0361,0.0363,102387.0
1746593700000,0.0363,0.0363,0.0361,0.0361,46694.0
1746594000000,0.0362,0.0362,0.036,0.036,122857.0
1746594300000,0.0361,0.0362,0.036,0.036,215964.0
1746594600000,0.0361,0.0361,0.036,0.036,38676.0
1746594900000,0.036,0.0363,0.036,0.0362,557990.0
1746595200000,0.0362,0.0364,0.0362,0.0363,102385.0
1746595500000,0.0363,0.0365,0.0362,0.0365,78671.0
1746595800000,0.0364,0.0364,0.0361,0.0362,194677.0
1746596100000,0.0362,0.0362,0.0361,0.0361,73682.0
1746596400000,0.0361,0.0362,0.0361,0.0362,4514.0
1746596700000,0.0361,0.0362,0.036,0.036,161897.0
1746597000000,0.036,0.036,0.0359,0.0359,15702.0
1746597300000,0.0359,0.036,0.0359,0.0359,12815.0
1746597600000,0.0359,0.0359,0.0356,0.0357,182324.0
1746597900000,0.0358,0.0361,0.0358,0.0361,318065.0
1746598200000,0.0361,0.0363,0.0361,0.0362,71577.0
1746598500000,0.0363,0.0363,0.036,0.036,23973.0
1746598800000,0.036,0.036,0.0357,0.0357,609243.0
1746599100000,0.0358,0.036,0.0357,0.0358,358442.0
1746599400000,0.0358,0.0358,0.0356,0.0356,125978.0
1746599700000,0.0356,0.0358,0.0356,0.0357,313047.0
1746600000000,0.0358,0.0359,0.0357,0.0358,220438.0
1746600300000,0.0357,0.0357,0.0355,0.0356,597558.0
1746600600000,0.0357,0.0358,0.0355,0.0356,289720.0
1746600900000,0.0357,0.0358,0.0356,0.0357,258814.0
1746601200000,0.0356,0.0357,0.0355,0.0357,64790.0
1746601500000,0.0358,0.036,0.0357,0.0359,382458.0
1746601800000,0.0359,0.0361,0.0359,0.0361,236054.0
1746602100000,0.036,0.0361,0.036,0.0361,49552.0
1746602400000,0.036,0.0361,0.036,0.036,62835.0
1746602700000,0.036,0.0361,0.0359,0.0359,408264.0
1746603000000,0.036,0.0362,0.0359,0.0361,309091.0
1746603300000,0.0361,0.0361,0.036,0.036,162110.0
1746603600000,0.036,0.0361,0.036,0.0361,101999.0
1746603900000,0.0362,0.0362,0.0361,0.0362,1312.0
1746604200000,0.0361,0.0362,0.0361,0.0361,47162.0
1746604500000,0.0361,0.0362,0.036,0.0362,108591.0
1746604800000,0.0363,0.0363,0.0359,0.036,412884.0
1746605100000,0.0359,0.0361,0.0359,0.0361,142827.0
1746605400000,0.0361,0.0361,0.0357,0.0358,876951.0
1746605700000,0.0358,0.0363,0.0358,0.0363,287065.0
1746606000000,0.0363,0.0367,0.0363,0.0367,670312.0
1746606300000,0.0368,0.0368,0.0365,0.0365,504853.0
1746606600000,0.0365,0.0366,0.0364,0.0364,82628.0
1746606900000,0.0365,0.0367,0.0364,0.0366,306193.0
1746607200000,0.0366,0.037,0.0365,0.037,364000.0
1746607500000,0.037,0.0371,0.0368,0.0369,709500.0
1746607800000,0.0369,0.0371,0.0368,0.0371,109481.0
1746608100000,0.0371,0.0374,0.037,0.037,204325.0
1746608400000,0.0371,0.0372,0.0369,0.0372,237185.0
1746608700000,0.0372,0.0374,0.0371,0.0372,323415.0
1746609000000,0.0371,0.0374,0.0371,0.0373,269100.0
1746609300000,0.0373,0.0378,0.0373,0.0375,1376181.0
1746609600000,0.0374,0.0374,0.0372,0.0374,205209.0
1746609900000,0.0373,0.0373,0.037,0.037,592202.0
1746610200000,0.037,0.0371,0.0368,0.037,142586.0
1746610500000,0.0371,0.0373,0.0371,0.0373,108848.0
1746610800000,0.0372,0.0372,0.0371,0.0371,264036.0
1746611100000,0.0371,0.0371,0.0369,0.0369,127281.0
1746611400000,0.0369,0.037,0.0368,0.0369,161481.0
1746611700000,0.0369,0.0369,0.0367,0.0367,312439.0
1746612000000,0.0367,0.0367,0.0364,0.0366,724079.0
1746612300000,0.0366,0.0368,0.0365,0.0366,536122.0
1746612600000,0.0366,0.0367,0.0364,0.0366,166208.0
1746612900000,0.0366,0.0367,0.0365,0.0366,163878.0
1746613200000,0.0366,0.0369,0.0366,0.0369,189940.0
1746613500000,0.0368,0.0369,0.0367,0.0367,100429.0
1746613800000,0.0366,0.0366,0.0365,0.0366,149847.0
1746614100000,0.0366,0.0367,0.0365,0.0365,113070.0
1746614400000,0.0365,0.037,0.0365,0.0368,346351.0
1746614700000,0.0369,0.0369,0.0366,0.0366,474569.0
1746615000000,0.0366,0.0367,0.0366,0.0366,105229.0
1746615300000,0.0366,0.0367,0.0365,0.0366,164652.0
1746615600000,0.0365,0.0365,0.0363,0.0365,85520.0
1746615900000,0.0365,0.0365,0.0364,0.0365,66983.0
1746616200000,0.0365,0.0366,0.0365,0.0366,177204.0
1746616500000,0.0365,0.0367,0.0364,0.0366,279215.0
1746616800000,0.0367,0.0367,0.0366,0.0366,93153.0
1746617100000,0.0366,0.0367,0.0366,0.0366,94789.0
1746617400000,0.0367,0.037,0.0367,0.037,217667.0
1746617700000,0.037,0.0374,0.037,0.0373,140828.0
1746618000000,0.0373,0.0377,0.0373,0.0376,317827.0
1746618300000,0.0377,0.0379,0.0375,0.0378,569143.0
1746618600000,0.0378,0.0383,0.0378,0.0383,372677.0
1746618900000,0.0383,0.0383,0.038,0.0382,285378.0
1746619200000,0.0381,0.0384,0.038,0.0382,775225.0
1746619500000,0.0381,0.0385,0.038,0.0384,748455.0
1746619800000,0.0383,0.0386,0.0382,0.0382,629208.0
1746620100000,0.0383,0.0384,0.0377,0.038,2257894.0
1746620400000,0.0381,0.0382,0.0378,0.0379,622109.0
1746620700000,0.0379,0.0381,0.0379,0.0379,764417.0
1746621000000,0.0379,0.0381,0.0378,0.0378,632535.0
1746621300000,0.0379,0.038,0.0378,0.0379,475777.0
1746621600000,0.0378,0.0382,0.0378,0.0381,647295.0
1746621900000,0.0381,0.0383,0.0379,0.0382,313301.0
1746622200000,0.0382,0.0382,0.0378,0.0378,562119.0
1746622500000,0.0379,0.0381,0.0378,0.038,204507.0
1746622800000,0.038,0.038,0.0374,0.0376,867675.0
1746623100000,0.0375,0.0375,0.0366,0.0369,3593358.0
1746623400000,0.0369,0.0369,0.0364,0.0365,738533.0
1746623700000,0.0365,0.0365,0.0362,0.0364,406151.0
1746624000000,0.0364,0.0365,0.0361,0.0363,512077.0
1746624300000,0.0362,0.0363,0.0361,0.0363,124994.0
1746624600000,0.0363,0.0367,0.0363,0.0367,346619.0
1746624900000,0.0367,0.0372,0.0366,0.037,613055.0
1746625200000,0.0369,0.037,0.0367,0.037,271355.0
1746625500000,0.037,0.037,0.0365,0.0365,540439.0
1746625800000,0.0365,0.0368,0.0364,0.0368,169931.0
1746626100000,0.0367,0.0369,0.0366,0.0366,730786.0
1746626400000,0.0366,0.0367,0.0364,0.0365,296934.0
1746626700000,0.0365,0.0366,0.0364,0.0364,320326.0
1746627000000,0.0363,0.0367,0.0362,0.0363,1319841.0
1746627300000,0.0363,0.0364,0.0361,0.0363,214308.0
1746627600000,0.0363,0.0365,0.0362,0.0365,186791.0
1746627900000,0.0365,0.0367,0.0364,0.0365,257370.0
1746628200000,0.0365,0.0366,0.0362,0.0363,261194.0
1746628500000,0.0363,0.0363,0.0361,0.0362,91920.0
1746628800000,0.0361,0.0362,0.036,0.0362,325829.0
1746629100000,0.0362,0.0362,0.0361,0.0362,220356.0
1746629400000,0.0361,0.0363,0.036,0.0362,413294.0
1746629700000,0.0362,0.0364,0.0362,0.0363,240124.0
1746630000000,0.0363,0.0363,0.0361,0.0362,163685.0
1746630300000,0.0362,0.0362,0.0357,0.0357,196783.0
1746630600000,0.0357,0.0359,0.0355,0.0357,765823.0
1746630900000,0.0358,0.0359,0.0357,0.0357,122711.0
1746631200000,0.0357,0.0358,0.0356,0.0357,196477.0
1746631500000,0.0358,0.0358,0.0352,0.0355,938581.0
1746631800000,0.0354,0.0356,0.0354,0.0355,246731.0
1746632100000,0.0354,0.0356,0.0353,0.0356,227178.0
1746632400000,0.0356,0.036,0.0355,0.036,298843.0
1746632700000,0.036,0.036,0.0358,0.0358,216396.0
1746633000000,0.0358,0.036,0.0358,0.036,173830.0
1746633300000,0.036,0.0361,0.0359,0.0361,297043.0
1746633600000,0.036,0.036,0.0355,0.0356,605521.0
1746633900000,0.0356,0.0357,0.0355,0.0357,373765.0
1746634200000,0.0356,0.0357,0.0355,0.0355,322302.0
1746634500000,0.0355,0.0355,0.0351,0.0351,875595.0
1746634800000,0.0352,0.0353,0.035,0.0352,331689.0
1746635100000,0.0352,0.0353,0.035,0.0351,373448.0
1746635400000,0.035,0.0353,0.035,0.0352,233180.0
1746635700000,0.0352,0.0352,0.035,0.0351,514988.0
1746636000000,0.0352,0.0353,0.0351,0.0352,101193.0
1746636300000,0.0352,0.0355,0.0351,0.0354,324916.0
1746636600000,0.0353,0.0354,0.0352,0.0353,245837.0
1746636900000,0.0353,0.0354,0.0353,0.0354,5489.0
1746637200000,0.0354,0.0354,0.0351,0.0351,87680.0
1746637500000,0.0351,0.0351,0.0349,0.035,423108.0
1746637800000,0.0349,0.035,0.0347,0.0349,78915.0
1746638100000,0.0349,0.035,0.0348,0.0349,152059.0
1746638400000,0.0349,0.0351,0.0347,0.0351,157252.0
1746638700000,0.0352,0.0354,0.0352,0.0353,1019651.0
1746639000000,0.0352,0.0352,0.0351,0.0351,167447.0
1746639300000,0.035,0.035,0.0349,0.035,54776.0
1746639600000,0.0349,0.0349,0.0347,0.0349,266230.0
1746639900000,0.035,0.0353,0.035,0.0352,338110.0
1746640200000,0.0353,0.0353,0.0351,0.0352,153571.0
1746640500000,0.0352,0.0354,0.0352,0.0354,180323.0
1746640800000,0.0355,0.036,0.0354,0.0359,690255.0
1746641100000,0.0358,0.0358,0.0353,0.0354,254731.0
1746641400000,0.0354,0.0356,0.0353,0.0356,201174.0
1746641700000,0.0355,0.0359,0.0355,0.0359,132860.0
1746642000000,0.0359,0.0361,0.0358,0.0358,253792.0
1746642300000,0.0358,0.0359,0.0357,0.0357,168246.0
1746642600000,0.0358,0.0361,0.0357,0.0361,293176.0
1746642900000,0.0361,0.0362,0.036,0.0361,334647.0
1746643200000,0.0362,0.0363,0.0359,0.036,971301.0
1746643500000,0.036,0.036,0.0356,0.0356,203963.0
1746643800000,0.0357,0.0359,0.0357,0.0359,157827.0
1746644100000,0.0359,0.0362,0.0359,0.0362,160882.0
1746644400000,0.0362,0.0363,0.036,0.0362,174369.0
1746644700000,0.0361,0.0362,0.036,0.0361,143935.0
1746645000000,0.0361,0.0361,0.0359,0.0359,120387.0
1746645300000,0.0359,0.0361,0.0359,0.0361,93301.0
1746645600000,0.036,0.036,0.0356,0.0357,197732.0
1746645900000,0.0356,0.0356,0.0354,0.0354,87506.0
1746646200000,0.0355,0.0356,0.0354,0.0355,142566.0
1746646500000,0.0355,0.0357,0.0355,0.0356,90370.0
1746646800000,0.0355,0.036,0.0354,0.0358,355393.0
1746647100000,0.0358,0.0358,0.0356,0.0356,121693.0
1746647400000,0.0356,0.0357,0.0355,0.0356,171714.0
1746647700000,0.0357,0.0357,0.0355,0.0356,59244.0
1746648000000,0.0355,0.0355,0.0353,0.0355,129330.0
1746648300000,0.0355,0.0355,0.0354,0.0355,188277.0
1746648600000,0.0355,0.0357,0.0355,0.0356,287244.0
1746648900000,0.0356,0.0356,0.0353,0.0353,166487.0
1746649200000,0.0354,0.0356,0.0353,0.0355,352202.0
1746649500000,0.0355,0.0356,0.0355,0.0356,92230.0
1746649800000,0.0355,0.0355,0.0354,0.0354,98914.0
1746650100000,0.0354,0.0354,0.0352,0.0352,350854.0
1746650400000,0.0352,0.0353,0.0352,0.0353,120757.0
1746650700000,0.0352,0.0353,0.0351,0.0353,179353.0
1746651000000,0.0353,0.0353,0.0352,0.0352,88931.0
1746651300000,0.0352,0.0356,0.0352,0.0355,116495.0
1746651600000,0.0356,0.0356,0.0353,0.0353,475426.0
1746651900000,0.0353,0.0355,0.0353,0.0355,156889.0
1746652200000,0.0354,0.0355,0.0353,0.0355,350675.0
1746652500000,0.0355,0.0356,0.0353,0.0356,133573.0
1746652800000,0.0356,0.0357,0.0355,0.0356,73455.0
1746653100000,0.0357,0.0359,0.0357,0.0358,138368.0
1746653400000,0.0359,0.036,0.0358,0.0358,123518.0
1746653700000,0.0359,0.036,0.0357,0.0357,213392.0
1746654000000,0.0357,0.0357,0.0357,0.0357,24875.0
1746654300000,0.0357,0.0357,0.0355,0.0356,53977.0
1746654600000,0.0357,0.0357,0.0353,0.0355,189426.0
1746654900000,0.0355,0.0356,0.0355,0.0356,114890.0
1746655200000,0.0355,0.0356,0.0354,0.0356,128004.0
1746655500000,0.0356,0.0359,0.0355,0.0358,154174.0
1746655800000,0.0359,0.0359,0.0356,0.0356,190502.0
1746656100000,0.0356,0.0357,0.0355,0.0356,148759.0
1746656400000,0.0356,0.0356,0.0355,0.0356,81827.0
1746656700000,0.0355,0.0356,0.0355,0.0356,10426.0
1746657000000,0.0356,0.0359,0.0356,0.0359,278619.0
1746657300000,0.0359,0.036,0.0358,0.036,170948.0
1746657600000,0.0359,0.0359,0.0358,0.0358,149822.0
1746657900000,0.0359,0.0359,0.0358,0.0358,62256.0
1746658200000,0.0358,0.0358,0.0357,0.0358,14315.0
1746658500000,0.0357,0.0359,0.0357,0.0357,108357.0
1746658800000,0.0357,0.0357,0.0356,0.0357,17698.0
1746659100000,0.0357,0.0358,0.0356,0.0357,227267.0
1746659400000,0.0357,0.0357,0.0356,0.0356,182282.0
1746659700000,0.0356,0.0356,0.0355,0.0356,85396.0
1746660000000,0.0356,0.0356,0.0355,0.0355,13942.0
1746660300000,0.0355,0.0356,0.0354,0.0354,121476.0
1746660600000,0.0354,0.0355,0.0354,0.0355,56407.0
1746660900000,0.0355,0.0355,0.0354,0.0354,119828.0
1746661200000,0.0354,0.0354,0.0353,0.0354,133174.0
1746661500000,0.0354,0.0355,0.0353,0.0355,50168.0
1746661800000,0.0354,0.0355,0.0353,0.0354,160985.0
1746662100000,0.0354,0.0355,0.0354,0.0354,9020.0
1746662400000,0.0355,0.0356,0.0354,0.0355,284864.0
1746662700000,0.0355,0.0356,0.0355,0.0355,24844.0
1746663000000,0.0356,0.0357,0.0354,0.0355,174769.0
1746663300000,0.0355,0.0356,0.0355,0.0356,110594.0
1746663600000,0.0356,0.0356,0.0355,0.0356,150792.0
1746663900000,0.0356,0.0356,0.0353,0.0354,498421.0
1746664200000,0.0355,0.0356,0.0354,0.0354,213841.0
1746664500000,0.0354,0.0358,0.0352,0.0357,1710741.0
1746664800000,0.0357,0.0357,0.0355,0.0355,111610.0
1746665100000,0.0356,0.0356,0.0354,0.0354,217857.0
1746665400000,0.0355,0.0359,0.0355,0.0359,266125.0
1746665700000,0.0359,0.0364,0.0358,0.0363,893707.0
1746666000000,0.0363,0.0367,0.0362,0.0362,1391308.0
1746666300000,0.0363,0.0365,0.0363,0.0363,552411.0
1746666600000,0.0364,0.0364,0.0361,0.0363,416634.0
1746666900000,0.0362,0.0362,0.0358,0.0358,451807.0
1746667200000,0.0358,0.036,0.0357,0.0357,472133.0
1746667500000,0.0356,0.0358,0.0354,0.0358,593760.0
1746667800000,0.0357,0.0358,0.0355,0.0356,357765.0
1746668100000,0.0356,0.0357,0.0354,0.0356,358925.0
1746668400000,0.0356,0.0357,0.0354,0.0355,258891.0
1746668700000,0.0355,0.0355,0.0353,0.0354,75300.0
1746669000000,0.0354,0.036,0.0352,0.0359,2970664.0
1746669300000,0.0359,0.0364,0.0358,0.0362,1336180.0
1746669600000,0.0362,0.0362,0.0358,0.0359,579635.0
1746669900000,0.0359,0.0361,0.0359,0.036,260940.0
1746670200000,0.0361,0.0364,0.0361,0.0364,405275.0
1746670500000,0.0364,0.0366,0.0363,0.0364,239749.0
1746670800000,0.0364,0.0368,0.0363,0.0368,252292.0
1746671100000,0.0368,0.0372,0.0368,0.0369,412753.0
1746671400000,0.037,0.0372,0.0369,0.0371,191129.0
1746671700000,0.0371,0.0373,0.0362,0.0364,2710811.0
1746672000000,0.0364,0.0366,0.0362,0.0365,1095668.0
1746672300000,0.0365,0.0365,0.0363,0.0364,209853.0
1746672600000,0.0364,0.0366,0.0362,0.0364,814771.0
1746672900000,0.0363,0.0364,0.0362,0.0363,408259.0
1746673200000,0.0363,0.0363,0.0358,0.0361,900170.0
1746673500000,0.0361,0.0362,0.0359,0.0362,208572.0
1746673800000,0.0362,0.0363,0.0361,0.0362,285809.0
1746674100000,0.0363,0.0365,0.0362,0.0363,173269.0
1746674400000,0.0363,0.0365,0.0362,0.0364,395038.0
1746674700000,0.0364,0.0365,0.0363,0.0364,81646.0
1746675000000,0.0363,0.0365,0.0362,0.0362,485431.0
1746675300000,0.0363,0.0365,0.0363,0.0364,188579.0
1746675600000,0.0364,0.0365,0.0364,0.0364,4717.0
1746675900000,0.0365,0.0366,0.0362,0.0364,752204.0
1746676200000,0.0363,0.0365,0.0363,0.0365,144312.0
1746676500000,0.0365,0.0367,0.0364,0.0365,225062.0
1746676800000,0.0366,0.0368,0.0365,0.0367,721429.0
1746677100000,0.0368,0.0368,0.0366,0.0366,519702.0
1746677400000,0.0366,0.0367,0.0365,0.0366,199037.0
1746677700000,0.0365,0.0368,0.0365,0.0367,512094.0
1746678000000,0.0366,0.0368,0.0366,0.0367,153212.0
1746678300000,0.0367,0.0368,0.0365,0.0366,177970.0
1746678600000,0.0366,0.037,0.0366,0.0369,820038.0
1746678900000,0.037,0.037,0.0367,0.0368,377000.0
1746679200000,0.0368,0.0369,0.0365,0.0366,242259.0
1746679500000,0.0367,0.0367,0.0366,0.0366,143303.0
1746679800000,0.0365,0.0366,0.0365,0.0365,70184.0
1746680100000,0.0365,0.0367,0.0365,0.0367,196179.0
1746680400000,0.0367,0.0368,0.0366,0.0368,83873.0
1746680700000,0.0367,0.0368,0.0366,0.0367,95668.0
1746681000000,0.0367,0.0367,0.0365,0.0365,63146.0
1746681300000,0.0365,0.0365,0.0364,0.0365,121347.0
1746681600000,0.0365,0.0365,0.0364,0.0364,23416.0
1746681900000,0.0364,0.0366,0.0364,0.0365,42476.0
1746682200000,0.0365,0.0366,0.0364,0.0364,57472.0
1746682500000,0.0364,0.0365,0.0363,0.0364,46033.0
1746682800000,0.0364,0.0365,0.0363,0.0364,56561.0
1746683100000,0.0365,0.0367,0.0365,0.0366,111394.0
1746683400000,0.0366,0.0366,0.0365,0.0365,95951.0
1746683700000,0.0366,0.0367,0.0365,0.0366,115271.0
1746684000000,0.0367,0.0368,0.0367,0.0367,545794.0
1746684300000,0.0367,0.0367,0.0366,0.0367,100235.0
1746684600000,0.0367,0.0368,0.0366,0.0367,185870.0
1746684900000,0.0366,0.0366,0.0365,0.0366,82803.0
1746685200000,0.0365,0.0366,0.0365,0.0365,7977.0
1746685500000,0.0365,0.0366,0.0363,0.0364,62959.0
1746685800000,0.0364,0.0365,0.0364,0.0365,6347.0
1746686100000,0.0364,0.0366,0.0364,0.0365,166411.0
1746686400000,0.0366,0.0369,0.0366,0.0368,230594.0
1746686700000,0.0368,0.0369,0.0367,0.0368,185269.0
1746687000000,0.0368,0.0369,0.0367,0.0368,338980.0
1746687300000,0.0367,0.037,0.0367,0.0369,376484.0
1746687600000,0.0369,0.037,0.0368,0.0369,155655.0
1746687900000,0.037,0.0372,0.0369,0.0371,307165.0
1746688200000,0.037,0.0372,0.037,0.037,221162.0
1746688500000,0.0371,0.0372,0.037,0.0371,50056.0
1746688800000,0.037,0.0372,0.0368,0.0369,192998.0
1746689100000,0.0369,0.0369,0.0367,0.0367,268469.0
1746689400000,0.0367,0.0369,0.0366,0.0369,419263.0
1746689700000,0.0368,0.0368,0.0366,0.0368,777979.0
1746690000000,0.0368,0.0369,0.0366,0.0368,296100.0
1746690300000,0.0368,0.0368,0.0365,0.0366,357576.0
1746690600000,0.0365,0.0366,0.0365,0.0365,31172.0
1746690900000,0.0365,0.0366,0.0364,0.0366,59235.0
1746691200000,0.0366,0.0366,0.0365,0.0365,91476.0
1746691500000,0.0366,0.0367,0.0365,0.0366,291932.0
1746691800000,0.0366,0.0366,0.0365,0.0366,179538.0
1746692100000,0.0367,0.0367,0.0366,0.0367,89603.0
1746692400000,0.0366,0.0367,0.0365,0.0365,175515.0
1746692700000,0.0364,0.0366,0.0364,0.0365,175491.0
1746693000000,0.0366,0.0367,0.0366,0.0367,96654.0
1746693300000,0.0366,0.0369,0.0361,0.0364,2329938.0
1746693600000,0.0364,0.0365,0.0363,0.0365,385142.0
1746693900000,0.0365,0.0366,0.0364,0.0366,185894.0
1746694200000,0.0366,0.0366,0.0364,0.0365,47802.0
1746694500000,0.0364,0.0365,0.0363,0.0365,82651.0
1746694800000,0.0365,0.0366,0.0362,0.0363,860255.0
1746695100000,0.0363,0.0364,0.0363,0.0363,141757.0
1746695400000,0.0364,0.0364,0.0363,0.0363,3576.0
1746695700000,0.0364,0.0364,0.0364,0.0364,6166.0
1746696000000,0.0364,0.0366,0.0364,0.0365,154814.0
1746696300000,0.0365,0.0366,0.0364,0.0365,521329.0
1746696600000,0.0365,0.0366,0.0364,0.0365,329123.0
1746696900000,0.0365,0.0368,0.0365,0.0366,194792.0
1746697200000,0.0366,0.0367,0.0365,0.0367,306949.0
1746697500000,0.0367,0.0368,0.0366,0.0367,185951.0
1746697800000,0.0368,0.0368,0.0367,0.0367,14749.0
1746698100000,0.0368,0.0368,0.0366,0.0367,163590.0
1746698400000,0.0368,0.0369,0.0364,0.0365,622383.0
1746698700000,0.0365,0.0365,0.0364,0.0365,83767.0
1746699000000,0.0364,0.0367,0.0363,0.0366,360873.0
1746699300000,0.0366,0.0367,0.0365,0.0366,110576.0
1746699600000,0.0366,0.0367,0.0365,0.0365,121246.0
1746699900000,0.0366,0.0366,0.0364,0.0365,119379.0
1746700200000,0.0364,0.0367,0.0364,0.0367,353731.0
1746700500000,0.0367,0.0367,0.0366,0.0367,249577.0
1746700800000,0.0367,0.037,0.0367,0.0369,531639.0
1746701100000,0.0369,0.037,0.0368,0.0369,75721.0
1746701400000,0.0368,0.0369,0.0368,0.0369,310327.0
1746701700000,0.0368,0.0369,0.0367,0.0367,218112.0
1746702000000,0.0367,0.0371,0.0366,0.0369,543914.0
1746702300000,0.037,0.037,0.0367,0.0367,141060.0
1746702600000,0.0368,0.0369,0.0367,0.0367,152740.0
1746702900000,0.0368,0.0368,0.0367,0.0368,107882.0
1747526400000,0.0384,0.0388,0.0384,0.0385,260806.0
1747526700000,0.0385,0.0387,0.0384,0.0386,190648.0
1747527000000,0.0387,0.0387,0.0385,0.0386,172975.0
1747527300000,0.0385,0.0387,0.0384,0.0385,162524.0
1747527600000,0.0384,0.0385,0.0384,0.0385,82351.0
1747527900000,0.0384,0.0386,0.0384,0.0386,86817.0
1747528200000,0.0386,0.0387,0.0384,0.0385,66643.0
1747528500000,0.0386,0.0396,0.0385,0.039,2935768.0
1747528800000,0.0391,0.0394,0.039,0.039,588533.0
1747529100000,0.0391,0.0393,0.0391,0.0392,243063.0
1747529400000,0.0393,0.0395,0.039,0.039,1666094.0
1747529700000,0.0391,0.0392,0.0386,0.0387,1052474.0
1747530000000,0.0387,0.0387,0.0377,0.0378,1617858.0
1747530300000,0.0378,0.0379,0.0376,0.0378,260919.0
1747530600000,0.0377,0.0378,0.0374,0.0375,1158622.0
1747530900000,0.0375,0.0381,0.0375,0.0381,316196.0
1747531200000,0.0381,0.0383,0.0381,0.0383,214439.0
1747531500000,0.0383,0.0385,0.0382,0.0384,84941.0
1747531800000,0.0384,0.0384,0.0381,0.0381,116358.0
1747532100000,0.0381,0.0382,0.038,0.038,235019.0
1747532400000,0.0381,0.0382,0.0381,0.0381,252487.0
1747532700000,0.038,0.0382,0.0378,0.0381,271139.0
1747533000000,0.0382,0.0382,0.0381,0.0381,61194.0
1747533300000,0.0381,0.0383,0.038,0.0381,181234.0
1747533600000,0.0381,0.0383,0.0381,0.0382,168233.0
1747533900000,0.0381,0.0381,0.0379,0.038,46860.0
1747534200000,0.038,0.038,0.0378,0.0379,59763.0
1747534500000,0.0378,0.0378,0.0376,0.0376,29603.0
1747534800000,0.0377,0.0378,0.0376,0.0376,60603.0
1747535100000,0.0377,0.0378,0.0377,0.0377,67548.0
1747535400000,0.0376,0.0377,0.0374,0.0377,262635.0
1747535700000,0.0377,0.0378,0.0376,0.0376,268482.0
1747536000000,0.0376,0.0377,0.0375,0.0376,88378.0
1747536300000,0.0377,0.0378,0.0376,0.0376,152695.0
1747536600000,0.0377,0.0377,0.0377,0.0377,375.0
1747536900000,0.0376,0.0376,0.0375,0.0376,213397.0
1747537200000,0.0375,0.0377,0.0374,0.0376,289864.0
1747537500000,0.0377,0.0377,0.0375,0.0375,245353.0
1747537800000,0.0374,0.0376,0.0374,0.0374,109236.0
1747538100000,0.0374,0.0374,0.0373,0.0373,60489.0
1747538400000,0.0373,0.0373,0.0372,0.0373,154531.0
1747538700000,0.0372,0.0372,0.0371,0.0371,197113.0
1747539000000,0.0372,0.0377,0.0371,0.0372,839650.0
1747539300000,0.0373,0.0374,0.0373,0.0373,48112.0
1747539600000,0.0373,0.0378,0.0372,0.0377,673469.0
1747539900000,0.0377,0.0377,0.0375,0.0375,99424.0
1747540200000,0.0375,0.0375,0.0372,0.0372,202272.0
1747540500000,0.0373,0.0373,0.0372,0.0372,8332.0
1747540800000,0.0372,0.0373,0.0372,0.0372,187408.0
1747541100000,0.0372,0.0372,0.0371,0.0372,93020.0
1747541400000,0.0372,0.0373,0.0372,0.0373,135392.0
1747541700000,0.0372,0.0373,0.0371,0.0373,127401.0
1747542000000,0.0373,0.0375,0.0373,0.0373,123186.0
1747542300000,0.0373,0.0373,0.0371,0.0371,109441.0
1747542600000,0.0371,0.0372,0.0369,0.0371,218133.0
1747542900000,0.0371,0.0371,0.037,0.0371,86337.0
1747543200000,0.037,0.0371,0.0369,0.037,137094.0
1747543500000,0.037,0.0371,0.0369,0.0371,58911.0
1747543800000,0.0371,0.0371,0.0369,0.0369,44056.0
1747544100000,0.037,0.0371,0.0369,0.037,32836.0
1747544400000,0.0369,0.0371,0.0369,0.0371,199555.0
1747544700000,0.0371,0.0372,0.0371,0.0371,125355.0
1747545000000,0.0371,0.0373,0.0371,0.0372,202602.0
1747545300000,0.0372,0.0375,0.0372,0.0375,215485.0
1747545600000,0.0376,0.0378,0.0375,0.0377,27505.0
1747545900000,0.0378,0.0378,0.0376,0.0376,216399.0
1747546200000,0.0377,0.0378,0.0376,0.0376,53999.0
1747546500000,0.0376,0.0378,0.0375,0.0378,276625.0
1747546800000,0.0377,0.0377,0.0377,0.0377,77423.0
1747547100000,0.0378,0.0379,0.0378,0.0378,9420.0
1747547400000,0.0378,0.0379,0.0377,0.0379,40941.0
1747547700000,0.0379,0.0379,0.0378,0.0379,13638.0
1747548000000,0.0379,0.0379,0.0375,0.0375,917254.0
1747548300000,0.0374,0.0375,0.0374,0.0374,168037.0
1747548600000,0.0373,0.0375,0.0373,0.0374,105446.0
1747548900000,0.0373,0.0375,0.0372,0.0374,167764.0
1747549200000,0.0374,0.0375,0.0373,0.0375,140439.0
1747549500000,0.0375,0.0375,0.0373,0.0374,275541.0
1747549800000,0.0374,0.0374,0.0372,0.0372,113920.0
1747550100000,0.0372,0.0374,0.0372,0.0372,231285.0
1747550400000,0.0372,0.0374,0.0372,0.0373,59787.0
1747550700000,0.0373,0.0373,0.0372,0.0373,140305.0
1747551000000,0.0372,0.0373,0.0372,0.0373,80982.0
1747551300000,0.0372,0.0373,0.0372,0.0373,5849.0
1747551600000,0.0371,0.0372,0.0371,0.0372,33403.0
1747551900000,0.0372,0.0372,0.0371,0.0371,214520.0
1747552200000,0.037,0.0373,0.0369,0.0373,209142.0
1747552500000,0.0373,0.0373,0.0373,0.0373,100332.0
1747552800000,0.0372,0.0373,0.0371,0.0372,180347.0
1747553100000,0.0372,0.0374,0.0371,0.0373,162918.0
1747553400000,0.0373,0.0373,0.0371,0.0373,68375.0
1747553700000,0.0373,0.0374,0.0372,0.0373,55925.0
1747554000000,0.0373,0.0373,0.0373,0.0373,43574.0
1747554300000,0.0373,0.0373,0.0372,0.0373,28534.0
1747554600000,0.0373,0.0375,0.0372,0.0374,138484.0
1747554900000,0.0375,0.0375,0.0374,0.0375,98862.0
1747555200000,0.0375,0.0376,0.0374,0.0375,131884.0
1747555500000,0.0375,0.0378,0.0375,0.0376,164925.0
1747555800000,0.0376,0.0377,0.0374,0.0375,154455.0
1747556100000,0.0375,0.0376,0.0374,0.0376,102922.0
1747556400000,0.0377,0.0377,0.0376,0.0377,47495.0
1747556700000,0.0377,0.0377,0.0376,0.0377,116538.0
1747557000000,0.0377,0.0378,0.0377,0.0378,68190.0
1747557300000,0.0379,0.0379,0.0377,0.0378,65995.0
1747557600000,0.0378,0.0378,0.0376,0.0378,155888.0
1747557900000,0.0377,0.038,0.0377,0.0379,122245.0
1747558200000,0.0379,0.038,0.0379,0.0379,138984.0
1747558500000,0.0379,0.0379,0.0376,0.0376,131954.0
1747558800000,0.0377,0.0377,0.0375,0.0377,406566.0
1747559100000,0.0377,0.0378,0.0376,0.0377,313174.0
1747559400000,0.0377,0.0378,0.0377,0.0378,13001.0
1747559700000,0.0378,0.0378,0.0374,0.0377,126424.0
1747560000000,0.0376,0.0376,0.0375,0.0375,49862.0
1747560300000,0.0374,0.0375,0.0374,0.0375,7817.0
1747560600000,0.0375,0.0375,0.0375,0.0375,41338.0
1747560900000,0.0376,0.0376,0.0374,0.0375,33205.0
1747561200000,0.0375,0.0375,0.0373,0.0373,195254.0
1747561500000,0.0373,0.0375,0.0373,0.0373,176754.0
1747561800000,0.0374,0.0374,0.0373,0.0374,122897.0
1747562100000,0.0374,0.0374,0.0373,0.0373,8825.0
1747562400000,0.0373,0.0374,0.0372,0.0373,196961.0
1747562700000,0.0373,0.0373,0.0371,0.0373,160074.0
1747563000000,0.0372,0.0372,0.0371,0.0372,58337.0
1747563300000,0.0372,0.0373,0.0371,0.0372,148750.0
1747563600000,0.0372,0.0373,0.0372,0.0373,178060.0
1747563900000,0.0374,0.0376,0.0371,0.0371,293340.0
1747564200000,0.0371,0.0372,0.0371,0.0372,113012.0
1747564500000,0.0372,0.0372,0.0372,0.0372,25282.0
1747564800000,0.0372,0.0373,0.0372,0.0372,52307.0
1747565100000,0.0373,0.0374,0.0372,0.0372,140396.0
1747565400000,0.0372,0.0373,0.0372,0.0372,80505.0
1747565700000,0.0372,0.0372,0.0371,0.0372,27181.0
1747566000000,0.0371,0.0372,0.0371,0.0371,148637.0
1747566300000,0.0371,0.0372,0.0371,0.0372,83586.0
1747566600000,0.0371,0.0372,0.0371,0.0371,13825.0
1747566900000,0.0372,0.0374,0.0371,0.0373,91185.0
1747567200000,0.0373,0.0373,0.0372,0.0372,16177.0
1747567500000,0.0371,0.0371,0.0368,0.0369,216796.0
1747567800000,0.037,0.0371,0.037,0.0371,111434.0
1747568100000,0.0372,0.0372,0.0371,0.0371,72910.0
1747568400000,0.0371,0.0373,0.0371,0.0371,455225.0
1747568700000,0.0371,0.0372,0.0371,0.0372,87853.0
1747569000000,0.0372,0.0372,0.037,0.037,286200.0
1747569300000,0.037,0.0371,0.0369,0.037,566975.0
1747569600000,0.0371,0.0374,0.037,0.0371,890985.0
1747569900000,0.0371,0.0371,0.0367,0.0369,400093.0
1747570200000,0.0369,0.0373,0.0368,0.0372,909186.0
1747570500000,0.0372,0.0373,0.037,0.0372,887119.0
1747570800000,0.0372,0.0376,0.0372,0.0375,219419.0
1747571100000,0.0375,0.0376,0.0375,0.0376,57633.0
1747571400000,0.0375,0.0377,0.0375,0.0377,169451.0
1747571700000,0.0376,0.0377,0.0375,0.0376,119480.0
1747572000000,0.0376,0.0376,0.0375,0.0376,59719.0
1747572300000,0.0375,0.0378,0.0375,0.0377,682187.0
1747572600000,0.0377,0.0381,0.0377,0.0379,596378.0
1747572900000,0.0379,0.0381,0.0378,0.038,153875.0
1747573200000,0.038,0.0385,0.0379,0.0381,1235005.0
1747573500000,0.0382,0.0382,0.0381,0.0381,320896.0
1747573800000,0.0381,0.0381,0.0379,0.038,197737.0
1747574100000,0.038,0.038,0.038,0.038,131344.0
1747574400000,0.038,0.0381,0.0379,0.0381,150115.0
1747574700000,0.0381,0.0381,0.0379,0.0379,24426.0
1747575000000,0.038,0.038,0.038,0.038,15928.0
1747575300000,0.038,0.0382,0.038,0.0382,100785.0
1747575600000,0.0382,0.0382,0.0381,0.0381,44824.0
1747575900000,0.038,0.0381,0.0379,0.0379,60218.0
1747576200000,0.0379,0.038,0.0379,0.0379,103300.0
1747576500000,0.0379,0.0382,0.0379,0.0381,339161.0
1747576800000,0.038,0.0383,0.0377,0.0382,696982.0
1747577100000,0.0382,0.0382,0.038,0.038,67694.0
1747577400000,0.0382,0.0382,0.0381,0.0381,37405.0
1747577700000,0.0381,0.0381,0.0381,0.0381,42010.0
1747578000000,0.0381,0.0382,0.0381,0.0381,60311.0
1747578300000,0.0382,0.0382,0.038,0.0381,38323.0
1747578600000,0.0382,0.0383,0.0382,0.0382,41615.0
1747578900000,0.0381,0.0384,0.038,0.0383,201921.0
1747579200000,0.0383,0.0383,0.0382,0.0382,117992.0
1747579500000,0.0382,0.0384,0.0382,0.0384,172019.0
1747579800000,0.0384,0.0385,0.0384,0.0384,42089.0
1747580100000,0.0384,0.0385,0.0384,0.0384,116510.0
1747580400000,0.0384,0.0385,0.0384,0.0385,124740.0
1747580700000,0.0384,0.0384,0.0383,0.0384,79070.0
1747581000000,0.0384,0.0385,0.0384,0.0384,15162.0
1747581300000,0.0384,0.0385,0.0383,0.0385,129879.0
1747581600000,0.0384,0.0384,0.0383,0.0383,150997.0
1747581900000,0.0383,0.0384,0.0381,0.0382,279334.0
1747582200000,0.0383,0.0385,0.0383,0.0385,106840.0
1747582500000,0.0384,0.0385,0.0384,0.0385,30332.0
1747582800000,0.0385,0.0387,0.0385,0.0387,163983.0
1747583100000,0.0388,0.0389,0.0387,0.0388,90552.0
1747583400000,0.0388,0.0389,0.0387,0.0389,116146.0
1747583700000,0.0387,0.0387,0.0386,0.0387,164410.0
1747584000000,0.0388,0.0389,0.0386,0.0387,264723.0
1747584300000,0.0387,0.0387,0.0386,0.0387,51579.0
1747584600000,0.0387,0.0387,0.0386,0.0387,100161.0
1747584900000,0.0386,0.0387,0.0385,0.0386,98643.0
1747585200000,0.0386,0.0386,0.0385,0.0386,189267.0
1747585500000,0.0385,0.0387,0.0385,0.0387,137201.0
1747585800000,0.0385,0.0385,0.0384,0.0384,85906.0
1747586100000,0.0385,0.0385,0.0384,0.0384,39943.0
1747586400000,0.0384,0.0385,0.0383,0.0385,30684.0
1747586700000,0.0385,0.0385,0.0384,0.0385,79535.0
1747587000000,0.0385,0.0385,0.0385,0.0385,0.0
1747587300000,0.0385,0.0385,0.0384,0.0384,67179.0
1747587600000,0.0385,0.0385,0.0383,0.0383,47637.0
1747587900000,0.0384,0.0384,0.0382,0.0384,209640.0
1747588200000,0.0384,0.0384,0.0382,0.0384,82805.0
1747588500000,0.0383,0.0384,0.0383,0.0384,53070.0
1747588800000,0.0383,0.0383,0.0382,0.0382,29876.0
1747589100000,0.0383,0.0384,0.0381,0.0383,188057.0
1747589400000,0.0383,0.0384,0.0382,0.0382,15853.0
1747589700000,0.0382,0.0382,0.0381,0.0381,29322.0
1747590000000,0.0382,0.0383,0.0382,0.0382,106748.0
1747590300000,0.0381,0.0381,0.0378,0.0379,89987.0
1747590600000,0.0379,0.0379,0.0377,0.0377,200585.0
1747590900000,0.0376,0.0377,0.0374,0.0374,133525.0
1747591200000,0.0374,0.0375,0.0371,0.0371,527530.0
1747591500000,0.0371,0.0372,0.0369,0.037,263056.0
1747591800000,0.0369,0.0371,0.0368,0.037,125474.0
1747592100000,0.0369,0.0369,0.0366,0.0367,341273.0
1747592400000,0.0367,0.0371,0.0367,0.037,171256.0
1747592700000,0.037,0.0371,0.0368,0.0371,130700.0
1747593000000,0.0371,0.0371,0.0369,0.037,78627.0
1747593300000,0.037,0.0371,0.0369,0.0371,101870.0
1747593600000,0.0371,0.0371,0.037,0.0371,122980.0
1747593900000,0.0371,0.0371,0.0369,0.0369,93718.0
1747594200000,0.0368,0.0371,0.0368,0.0371,32621.0
1747594500000,0.0371,0.0372,0.037,0.0372,21605.0
1747594800000,0.0372,0.0372,0.0369,0.0369,203031.0
1747595100000,0.0369,0.037,0.0369,0.0369,236011.0
1747595400000,0.037,0.037,0.0369,0.037,78736.0
1747595700000,0.037,0.037,0.0369,0.0369,15358.0
1747596000000,0.0369,0.0371,0.0369,0.0371,63324.0
1747596300000,0.0371,0.0372,0.0371,0.0372,27723.0
1747596600000,0.0371,0.0371,0.0366,0.0367,175170.0
1747596900000,0.0368,0.0368,0.0367,0.0368,145479.0
1747597200000,0.0367,0.0368,0.0366,0.0368,88515.0
1747597500000,0.0367,0.0367,0.0366,0.0366,79599.0
1747597800000,0.0366,0.0366,0.0364,0.0364,257922.0
1747598100000,0.0364,0.0366,0.0364,0.0365,127042.0
1747598400000,0.0364,0.0364,0.0356,0.0361,1544378.0
1747598700000,0.0362,0.0364,0.0362,0.0364,127106.0
1747599000000,0.0362,0.0363,0.0362,0.0363,74451.0
1747599300000,0.0363,0.0364,0.0362,0.0363,199341.0
1747599600000,0.0362,0.0364,0.0361,0.0362,291966.0
1747599900000,0.0361,0.0363,0.036,0.0363,451911.0
1747600200000,0.0362,0.0363,0.0361,0.0362,261933.0
1747600500000,0.0362,0.0367,0.0362,0.0367,181665.0
1747600800000,0.0366,0.0369,0.0366,0.0369,22264.0
1747601100000,0.037,0.0372,0.037,0.0371,144572.0
1747601400000,0.0371,0.0371,0.0369,0.0369,61237.0
1747601700000,0.0369,0.0369,0.0368,0.0369,79827.0
1747602000000,0.0369,0.0371,0.0368,0.037,300982.0
1747602300000,0.037,0.0372,0.037,0.0372,114720.0
1747602600000,0.0372,0.0372,0.037,0.037,73338.0
1747602900000,0.0371,0.0372,0.0371,0.0372,90680.0
1747603200000,0.0372,0.0374,0.0371,0.0374,43305.0
1747603500000,0.0374,0.0375,0.0373,0.0374,18656.0
1747603800000,0.0375,0.0376,0.0375,0.0375,69024.0
1747604100000,0.0375,0.0375,0.0373,0.0375,37549.0
1747604400000,0.0375,0.0377,0.0375,0.0376,45863.0
1747604700000,0.0377,0.0379,0.0375,0.0379,210634.0
1747605000000,0.0378,0.0378,0.0376,0.0377,105154.0
1747605300000,0.0378,0.0378,0.0377,0.0378,3800.0
1747605600000,0.0378,0.0386,0.0377,0.0385,3074964.0
1747605900000,0.0383,0.0386,0.0383,0.0384,356585.0
1747606200000,0.0383,0.0384,0.0381,0.0383,306253.0
1747606500000,0.0383,0.0384,0.038,0.0384,245193.0
1747606800000,0.0385,0.0385,0.0383,0.0385,70903.0
1747607100000,0.0385,0.039,0.0384,0.0388,706406.0
1747607400000,0.0389,0.0392,0.0388,0.039,393323.0
1747607700000,0.039,0.0391,0.0388,0.0389,163767.0
1747608000000,0.039,0.0391,0.0389,0.0389,31531.0
1747608300000,0.0389,0.0392,0.0389,0.039,185950.0
1747608600000,0.039,0.0392,0.039,0.0392,89498.0
1747608900000,0.0392,0.0393,0.0391,0.0393,64497.0
1747609200000,0.0393,0.0393,0.039,0.0391,406909.0
1747609500000,0.039,0.0392,0.0389,0.0392,73851.0
1747609800000,0.0392,0.0393,0.039,0.0392,42252.0
1747610100000,0.0391,0.0393,0.039,0.0393,140106.0
1747610400000,0.0393,0.0393,0.0392,0.0393,173432.0
1747610700000,0.0393,0.0396,0.0393,0.0395,181943.0
1747611000000,0.0395,0.0396,0.0394,0.0395,299988.0
1747611300000,0.0394,0.0394,0.0393,0.0394,233554.0
1747611600000,0.0394,0.0394,0.0391,0.0392,264917.0
1747611900000,0.0392,0.0393,0.0392,0.0392,76616.0
1747612200000,0.0391,0.0395,0.0391,0.0395,71266.0
1747612500000,0.0394,0.0396,0.0394,0.0394,114584.0
1747612800000,0.0394,0.0394,0.0392,0.0393,116715.0
1747613100000,0.0394,0.0394,0.0391,0.0392,119889.0
1747613400000,0.0392,0.0394,0.0389,0.0389,262597.0
1747613700000,0.039,0.039,0.0388,0.0389,358153.0
1747614000000,0.039,0.039,0.0387,0.0387,189498.0
1747614300000,0.0386,0.0388,0.0386,0.0388,82850.0
1747614600000,0.0388,0.0389,0.0386,0.0388,300318.0
1747614900000,0.0388,0.039,0.0387,0.039,84335.0
1747615200000,0.0389,0.0389,0.0386,0.0386,174852.0
1747615500000,0.0386,0.0386,0.0386,0.0386,23645.0
1747615800000,0.0386,0.0387,0.0386,0.0386,51804.0
1747616100000,0.0385,0.0385,0.0385,0.0385,137368.0
1747616400000,0.0385,0.0386,0.0384,0.0385,142514.0
1747616700000,0.0384,0.0385,0.0384,0.0385,96770.0
1747617000000,0.0384,0.0384,0.0384,0.0384,67975.0
1747617300000,0.0384,0.0384,0.0383,0.0383,35513.0
1747617600000,0.0383,0.0383,0.0382,0.0383,102502.0
1747617900000,0.0382,0.0383,0.0381,0.0382,44421.0
1747618200000,0.0382,0.0382,0.0381,0.0382,150799.0
1747618500000,0.0383,0.0383,0.0369,0.0375,3315795.0
1747618800000,0.0375,0.0375,0.0373,0.0374,127622.0
1747619100000,0.0373,0.0375,0.0373,0.0373,306688.0
1747619400000,0.0372,0.0373,0.0371,0.0372,125956.0
1747619700000,0.0372,0.0373,0.0372,0.0372,30005.0
1747620000000,0.0371,0.0372,0.037,0.0372,84132.0
1747620300000,0.0373,0.0373,0.0371,0.0372,128754.0
1747620600000,0.0371,0.0371,0.0367,0.0367,177958.0
1747620900000,0.0367,0.0369,0.0367,0.0368,123438.0
1747621200000,0.0368,0.0369,0.0368,0.0368,49679.0
1747621500000,0.0368,0.037,0.0368,0.037,80512.0
1747621800000,0.037,0.0372,0.037,0.0372,286146.0
1747622100000,0.0371,0.0373,0.0371,0.0372,241627.0
1747622400000,0.0372,0.0372,0.037,0.0371,148199.0
1747622700000,0.0371,0.0371,0.0369,0.0369,29176.0
1747623000000,0.037,0.037,0.0369,0.0369,31708.0
1747623300000,0.037,0.037,0.0369,0.0369,75508.0
1747623600000,0.037,0.0371,0.0369,0.0371,105198.0
1747623900000,0.037,0.037,0.0368,0.0369,176949.0
1747624200000,0.037,0.037,0.0369,0.037,11222.0
1747624500000,0.037,0.0372,0.037,0.0372,58752.0
1747624800000,0.0371,0.0373,0.0371,0.0373,84688.0
1747625100000,0.0372,0.0373,0.0371,0.0371,138044.0
1747625400000,0.037,0.0371,0.037,0.0371,1428.0
1747625700000,0.037,0.037,0.037,0.037,1595.0
1747626000000,0.0371,0.0372,0.0369,0.0369,96051.0
1747626300000,0.0369,0.0369,0.0368,0.0368,47955.0
1747626600000,0.0369,0.0369,0.0368,0.0368,41821.0
1747626900000,0.0369,0.0371,0.0369,0.0369,150085.0
1747627200000,0.037,0.0371,0.0368,0.0369,120789.0
1747627500000,0.0369,0.0369,0.0368,0.0369,121673.0
1747627800000,0.0369,0.037,0.0369,0.037,20191.0
1747628100000,0.0369,0.0369,0.0367,0.0367,100058.0
1747628400000,0.0367,0.0368,0.0367,0.0367,116498.0
1747628700000,0.0366,0.0367,0.0366,0.0366,58227.0
1747629000000,0.0366,0.0367,0.0366,0.0366,146005.0
1747629300000,0.0367,0.0367,0.0366,0.0366,37848.0
1747629600000,0.0365,0.0365,0.0362,0.0365,130120.0
1747629900000,0.0365,0.0365,0.0363,0.0363,47221.0
1747630200000,0.0363,0.0363,0.0362,0.0362,107466.0
1747630500000,0.0362,0.0364,0.0361,0.0363,336473.0
1747630800000,0.0362,0.0362,0.0361,0.0361,23874.0
1747631100000,0.0362,0.0364,0.0361,0.0364,231873.0
1747631400000,0.0364,0.0364,0.0363,0.0363,5433.0
1747631700000,0.0363,0.0365,0.0362,0.0365,32687.0
1747632000000,0.0365,0.0365,0.0364,0.0364,14392.0
1747632300000,0.0363,0.0363,0.0363,0.0363,14338.0
1747632600000,0.0363,0.0367,0.0361,0.0363,1109317.0
1747632900000,0.0363,0.0364,0.0362,0.0364,80757.0
1747633200000,0.0365,0.0366,0.0364,0.0364,219496.0
1747633500000,0.0364,0.0365,0.0364,0.0365,31098.0
1747633800000,0.0364,0.0364,0.0363,0.0363,96701.0
1747634100000,0.0362,0.0362,0.0362,0.0362,206.0
1747634400000,0.0362,0.0363,0.0361,0.0361,165486.0
1747634700000,0.0361,0.0364,0.0361,0.0364,70720.0
1747635000000,0.0363,0.0367,0.0363,0.0366,119802.0
1747635300000,0.0366,0.0366,0.0365,0.0365,374702.0
1747635600000,0.0365,0.0365,0.0363,0.0364,75476.0
1747635900000,0.0364,0.0367,0.0364,0.0367,45186.0
1747636200000,0.0366,0.0366,0.0363,0.0363,97519.0
1747636500000,0.0363,0.0363,0.0361,0.0363,101179.0
1747636800000,0.0363,0.0363,0.0362,0.0362,99541.0
1747637100000,0.0362,0.0363,0.0361,0.0362,105179.0
1747637400000,0.0362,0.0362,0.0362,0.0362,21398.0
1747637700000,0.0362,0.0362,0.036,0.036,137719.0
1747638000000,0.036,0.0361,0.036,0.0361,14176.0
1747638300000,0.0361,0.0364,0.0361,0.0364,228392.0
1747638600000,0.0364,0.0365,0.0363,0.0365,90975.0
1747638900000,0.0365,0.0368,0.0365,0.0368,111664.0
1747639200000,0.0367,0.0368,0.0366,0.0367,60181.0
1747639500000,0.0368,0.0368,0.0366,0.0366,53396.0
1747639800000,0.0366,0.0368,0.0366,0.0368,104570.0
1747640100000,0.0367,0.0369,0.0367,0.0368,35305.0
1747640400000,0.0368,0.0368,0.0366,0.0367,28480.0
1747640700000,0.0367,0.0367,0.0366,0.0366,29306.0
1747641000000,0.0365,0.0366,0.0365,0.0366,139877.0
1747641300000,0.0365,0.0365,0.0364,0.0365,149873.0
1747641600000,0.0365,0.0365,0.0362,0.0362,530513.0
1747641900000,0.0363,0.0364,0.0361,0.0361,344466.0
1747642200000,0.0362,0.0364,0.0362,0.0364,179945.0
1747642500000,0.0364,0.0365,0.0363,0.0364,187719.0
1747642800000,0.0364,0.0365,0.0363,0.0364,199015.0
1747643100000,0.0363,0.0364,0.0363,0.0363,174805.0
1747643400000,0.0362,0.0362,0.0362,0.0362,89219.0
1747643700000,0.0361,0.0363,0.0361,0.0363,48617.0
1747644000000,0.0363,0.0363,0.036,0.0361,483467.0
1747644300000,0.0361,0.0362,0.0361,0.0362,181757.0
1747644600000,0.0361,0.0361,0.0361,0.0361,11582.0
1747644900000,0.0362,0.0362,0.036,0.036,127963.0
1747645200000,0.0361,0.0365,0.0361,0.0362,833834.0
1747645500000,0.0362,0.0363,0.036,0.0361,116934.0
1747645800000,0.036,0.0362,0.036,0.0362,107410.0
1747646100000,0.0362,0.0362,0.0362,0.0362,109767.0
1747646400000,0.0362,0.0363,0.0362,0.0362,73026.0
1747646700000,0.0362,0.0363,0.036,0.0361,267371.0
1747647000000,0.0361,0.0362,0.0361,0.0362,19118.0
1747647300000,0.0361,0.0361,0.036,0.036,120262.0
1747647600000,0.036,0.0361,0.0359,0.036,129328.0
1747647900000,0.036,0.0361,0.036,0.036,14310.0
1747648200000,0.036,0.036,0.0359,0.036,267071.0
1747648500000,0.036,0.0361,0.036,0.036,2240.0
1747648800000,0.036,0.036,0.0359,0.0359,163158.0
1747649100000,0.0358,0.0359,0.0357,0.0358,207562.0
1747649400000,0.0358,0.0358,0.0358,0.0358,159301.0
1747649700000,0.0358,0.0359,0.0358,0.0359,7588.0
1747650000000,0.036,0.0361,0.036,0.0361,79030.0
1747650300000,0.0362,0.0362,0.0361,0.0361,135637.0
1747650600000,0.0362,0.0362,0.036,0.0361,84784.0
1747650900000,0.0362,0.0362,0.0361,0.0361,83532.0
1747651200000,0.0361,0.0362,0.0361,0.0362,21649.0
1747651500000,0.0362,0.0362,0.0361,0.0361,37626.0
1747651800000,0.0362,0.0366,0.0362,0.0365,949927.0
1747652100000,0.0365,0.0365,0.0362,0.0363,655726.0
1747652400000,0.0363,0.0363,0.0362,0.0363,182141.0
1747652700000,0.0364,0.0364,0.0362,0.0362,93160.0
1747653000000,0.0363,0.0363,0.0362,0.0362,137412.0
1747653300000,0.0361,0.0363,0.0361,0.0363,71818.0
1747653600000,0.0364,0.0364,0.0361,0.0361,121804.0
1747653900000,0.0362,0.0362,0.0361,0.0362,74595.0
1747654200000,0.0362,0.0362,0.0361,0.0361,262199.0
1747654500000,0.0362,0.0362,0.0361,0.0362,78454.0
1747654800000,0.0362,0.0363,0.0362,0.0363,32153.0
1747655100000,0.0363,0.0364,0.0363,0.0364,274578.0
1747655400000,0.0363,0.0363,0.0363,0.0363,47584.0
1747655700000,0.0363,0.0363,0.0362,0.0363,48573.0
1747656000000,0.0362,0.0362,0.0361,0.0361,70250.0
1747656300000,0.0361,0.0361,0.036,0.036,77362.0
1747656600000,0.036,0.0361,0.0357,0.0358,1085858.0
1747656900000,0.0357,0.0358,0.0357,0.0357,40652.0
1747657200000,0.0358,0.0359,0.0357,0.0358,228910.0
1747657500000,0.0358,0.0359,0.0358,0.0359,43410.0
1747657800000,0.0358,0.0358,0.0357,0.0357,169620.0
1747658100000,0.0357,0.0357,0.0356,0.0357,113241.0
1747658400000,0.0357,0.0357,0.0357,0.0357,58777.0
1747658700000,0.0357,0.0358,0.0356,0.0356,112745.0
1747659000000,0.0357,0.0357,0.0356,0.0357,28363.0
1747659300000,0.0356,0.0357,0.0355,0.0356,105834.0
1747659600000,0.0356,0.0358,0.0356,0.0358,176459.0
1747659900000,0.0358,0.0358,0.0357,0.0357,32217.0
1747660200000,0.0357,0.0357,0.0356,0.0356,57530.0
1747660500000,0.0356,0.0358,0.0356,0.0358,58927.0
1747660800000,0.0358,0.0358,0.0357,0.0358,80547.0
1747661100000,0.0358,0.0358,0.0358,0.0358,0.0
1747661400000,0.0358,0.036,0.0357,0.0358,282238.0
1747661700000,0.0358,0.0364,0.0358,0.0363,203078.0
1747662000000,0.0363,0.0364,0.0363,0.0363,187952.0
1747662300000,0.0364,0.0366,0.0364,0.0365,205813.0
1747662600000,0.0364,0.0365,0.0363,0.0365,175340.0
1747662900000,0.0364,0.0366,0.0362,0.0363,203630.0
1747663200000,0.0362,0.0362,0.036,0.0362,254370.0
1747663500000,0.0361,0.0361,0.036,0.0361,138500.0
1747663800000,0.0362,0.0362,0.0361,0.0361,24495.0
1747664100000,0.0361,0.0364,0.0361,0.0364,56070.0
1747664400000,0.0364,0.0365,0.0363,0.0363,163581.0
1747664700000,0.0363,0.0363,0.0362,0.0363,61937.0
1747665000000,0.0363,0.0364,0.0363,0.0364,105272.0
1747665300000,0.0364,0.0365,0.0363,0.0365,87766.0
1747665600000,0.0365,0.0366,0.0364,0.0365,117524.0
1747665900000,0.0365,0.0365,0.0364,0.0364,121561.0
1747666200000,0.0364,0.0365,0.0364,0.0365,106310.0
1747666500000,0.0365,0.0366,0.0364,0.0364,94732.0
1747666800000,0.0364,0.0365,0.0364,0.0364,123145.0
1747667100000,0.0365,0.0365,0.0365,0.0365,17763.0
1747667400000,0.0366,0.0367,0.0364,0.0365,127956.0
1747667700000,0.0364,0.0364,0.0363,0.0364,142802.0
1747668000000,0.0364,0.0365,0.0364,0.0364,70298.0
1747668300000,0.0363,0.0363,0.0362,0.0362,65273.0
1747668600000,0.0363,0.0365,0.0362,0.0364,176339.0
1747668900000,0.0365,0.0366,0.0365,0.0365,55874.0
1747669200000,0.0366,0.0366,0.0365,0.0365,6236.0
1747669500000,0.0366,0.0369,0.0366,0.0367,118668.0
1747669800000,0.0367,0.0367,0.0364,0.0364,120413.0
1747670100000,0.0365,0.0366,0.0365,0.0365,211860.0
1747670400000,0.0365,0.0365,0.0364,0.0365,65843.0
1747670700000,0.0364,0.0364,0.0363,0.0363,94307.0
1747671000000,0.0364,0.0364,0.0362,0.0362,70915.0
1747671300000,0.0362,0.0363,0.0362,0.0363,84506.0
1747671600000,0.0363,0.0364,0.0362,0.0364,177150.0
1747671900000,0.0364,0.0366,0.0363,0.0366,70073.0
1747672200000,0.0366,0.0367,0.0363,0.0364,108872.0
1747672500000,0.0364,0.0366,0.0364,0.0365,121361.0
1747672800000,0.0366,0.0367,0.0365,0.0366,82093.0
1747673100000,0.0367,0.037,0.0367,0.0368,94913.0
1747673400000,0.0368,0.037,0.0368,0.0369,64872.0
1747673700000,0.0369,0.037,0.0368,0.037,472559.0
1747674000000,0.037,0.0371,0.0369,0.0371,206434.0
1747674300000,0.0372,0.0373,0.0371,0.0373,218645.0
1747674600000,0.0373,0.0373,0.0371,0.0371,141586.0
1747674900000,0.0372,0.0373,0.037,0.037,70029.0
1747675200000,0.0371,0.0372,0.037,0.0372,46172.0
1747675500000,0.0372,0.0372,0.0371,0.0371,60156.0
1747675800000,0.0371,0.0371,0.037,0.0371,77173.0
1747676100000,0.0372,0.0372,0.0371,0.0371,4359.0
1747676400000,0.0371,0.0371,0.0371,0.0371,4348.0
1747676700000,0.037,0.037,0.0369,0.037,87540.0
1747677000000,0.0369,0.0369,0.0369,0.0369,273.0
1747677300000,0.0369,0.037,0.0369,0.037,62839.0
1747677600000,0.037,0.0372,0.037,0.0371,113706.0
1747677900000,0.037,0.0371,0.037,0.0371,42360.0
1747678200000,0.0371,0.0371,0.0369,0.0369,25550.0
1747678500000,0.0369,0.0369,0.0367,0.0367,71901.0
1747678800000,0.0367,0.0368,0.0366,0.0368,65628.0
1747679100000,0.0369,0.0369,0.0369,0.0369,35215.0
1747679400000,0.0369,0.0369,0.0364,0.0365,264456.0
1747679700000,0.0366,0.0367,0.0366,0.0367,226894.0
1747680000000,0.0367,0.0367,0.0366,0.0367,22429.0
1747680300000,0.0367,0.0369,0.0367,0.0367,104029.0
1747680600000,0.0368,0.0368,0.0366,0.0366,32200.0
1747680900000,0.0367,0.0367,0.0367,0.0367,155.0
1747681200000,0.0367,0.0367,0.0365,0.0366,33622.0
1747681500000,0.0366,0.0367,0.0366,0.0366,57840.0
1747681800000,0.0365,0.0366,0.0365,0.0366,44862.0
1747682100000,0.0366,0.0368,0.0366,0.0368,69097.0
1747682400000,0.0367,0.0367,0.0366,0.0367,57125.0
1747682700000,0.0366,0.0366,0.0366,0.0366,41768.0
1747683000000,0.0366,0.0368,0.0366,0.0367,350220.0
1747683300000,0.0367,0.0369,0.0367,0.0368,88603.0
1747683600000,0.0368,0.0371,0.0368,0.0368,746000.0
1747683900000,0.0367,0.0368,0.0366,0.0367,83986.0
1747684200000,0.0368,0.0368,0.0368,0.0368,2479.0
1747684500000,0.0368,0.0368,0.0366,0.0367,373193.0
1747684800000,0.0366,0.0367,0.0366,0.0367,205531.0
1747685100000,0.0367,0.0367,0.0365,0.0365,289474.0
1747685400000,0.0366,0.0366,0.0365,0.0365,85416.0
1747685700000,0.0365,0.0366,0.0365,0.0366,30609.0
1747686000000,0.0366,0.0366,0.0366,0.0366,14576.0
1747686300000,0.0367,0.0367,0.0367,0.0367,9395.0
1747686600000,0.0367,0.0367,0.0366,0.0367,47093.0
1747686900000,0.0367,0.0367,0.0366,0.0366,1470.0
1747687200000,0.0367,0.0367,0.0367,0.0367,22789.0
1747687500000,0.0366,0.0368,0.0366,0.0368,28142.0
1747687800000,0.0367,0.0368,0.0367,0.0368,168790.0
1747688100000,0.0367,0.0367,0.0366,0.0366,599.0
1747688400000,0.0366,0.0366,0.0366,0.0366,33668.0
1747688700000,0.0365,0.0365,0.0363,0.0364,537394.0
1747689000000,0.0364,0.0364,0.0363,0.0364,87401.0
1747689300000,0.0365,0.0365,0.0365,0.0365,958.0
1747689600000,0.0364,0.0365,0.0363,0.0364,89974.0
1747689900000,0.0364,0.0364,0.0364,0.0364,22666.0
1747690200000,0.0363,0.0366,0.0363,0.0365,37552.0
1747690500000,0.0365,0.0366,0.0365,0.0366,15910.0
1747690800000,0.0366,0.0367,0.0366,0.0366,7057.0
1747691100000,0.0366,0.0366,0.0366,0.0366,3156.0
1747691400000,0.0366,0.0367,0.0366,0.0367,67937.0
1747691700000,0.0367,0.0368,0.0367,0.0367,25666.0
1747692000000,0.0367,0.0367,0.0366,0.0366,32270.0
1747692300000,0.0366,0.0366,0.0366,0.0366,11432.0
1747692600000,0.0367,0.0367,0.0366,0.0366,97952.0
1747692900000,0.0365,0.0365,0.0364,0.0365,127713.0
1747693200000,0.0366,0.0366,0.0365,0.0365,2168.0
1747693500000,0.0366,0.0366,0.0362,0.0362,408609.0
1747693800000,0.0363,0.0365,0.0363,0.0365,75790.0
1747694100000,0.0365,0.0366,0.0364,0.0364,81303.0
1747694400000,0.0365,0.0365,0.0365,0.0365,34404.0
1747694700000,0.0366,0.0366,0.0366,0.0366,262.0
1747695000000,0.0365,0.0365,0.0365,0.0365,90420.0
1747695300000,0.0366,0.0366,0.0366,0.0366,171.0
1747695600000,0.0365,0.0367,0.0365,0.0366,133134.0
1747695900000,0.0367,0.0367,0.0366,0.0366,86808.0
1747696200000,0.0367,0.0367,0.0367,0.0367,7105.0
1747696500000,0.0366,0.0366,0.0365,0.0365,29721.0
1747696800000,0.0366,0.0366,0.0365,0.0365,3580.0
1747697100000,0.0365,0.0366,0.0365,0.0366,7235.0
1747697400000,0.0366,0.0366,0.0366,0.0366,40127.0
1747697700000,0.0366,0.0366,0.0365,0.0366,18298.0
1747698000000,0.0366,0.0367,0.0366,0.0367,76021.0
1747698300000,0.0368,0.0368,0.0368,0.0368,711.0
1747698600000,0.0368,0.0368,0.0368,0.0368,57898.0
1747698900000,0.0369,0.0369,0.0367,0.0367,119408.0
1747699200000,0.0368,0.0369,0.0367,0.0367,147798.0
1747699500000,0.0367,0.0368,0.0367,0.0368,60716.0
1747699800000,0.0368,0.037,0.0368,0.0369,153686.0
1747700100000,0.037,0.0373,0.037,0.0373,174174.0
1747700400000,0.0373,0.0373,0.0369,0.0369,117956.0
1747700700000,0.0369,0.037,0.0367,0.0367,126399.0
1747701000000,0.0367,0.0368,0.0367,0.0367,112203.0
1747701300000,0.0368,0.0371,0.0368,0.037,471300.0
1747701600000,0.037,0.037,0.0369,0.0369,69437.0
1747701900000,0.0369,0.0369,0.0367,0.0368,139664.0
1747702200000,0.0368,0.0368,0.0367,0.0367,41244.0
1747702500000,0.0367,0.0367,0.0367,0.0367,17781.0
1747702800000,0.0366,0.0369,0.0366,0.0369,53179.0
1747703100000,0.0368,0.0368,0.0367,0.0367,112257.0
1747703400000,0.0367,0.0367,0.0367,0.0367,12696.0
1747703700000,0.0367,0.0368,0.0367,0.0368,260082.0
1747704000000,0.0368,0.037,0.0368,0.037,47343.0
1747704300000,0.037,0.037,0.0369,0.0369,59300.0
1747704600000,0.037,0.0372,0.037,0.0372,48482.0
1747704900000,0.0371,0.0372,0.0371,0.0372,71395.0
1747705200000,0.0373,0.0374,0.0372,0.0372,21713.0
1747705500000,0.0372,0.0372,0.037,0.037,35190.0
1747705800000,0.0371,0.0372,0.0371,0.0372,56223.0
1747706100000,0.0373,0.0374,0.0373,0.0373,51453.0
1747706400000,0.0372,0.0374,0.0372,0.0374,7528.0
1747706700000,0.0374,0.0375,0.0374,0.0375,60980.0
1747707000000,0.0375,0.0376,0.0375,0.0375,29106.0
1747707300000,0.0376,0.0376,0.0375,0.0376,176011.0
1747707600000,0.0376,0.0376,0.0375,0.0376,114025.0
1747707900000,0.0376,0.0376,0.0375,0.0375,137280.0
1747708200000,0.0375,0.0376,0.0374,0.0376,165487.0
1747708500000,0.0375,0.0375,0.0375,0.0375,41801.0
1747708800000,0.0375,0.0376,0.0375,0.0376,24616.0
1747709100000,0.0376,0.0376,0.0374,0.0374,70598.0
1747709400000,0.0374,0.0375,0.0374,0.0374,18613.0
1747709700000,0.0374,0.0374,0.0374,0.0374,68738.0
1747710000000,0.0374,0.0375,0.0374,0.0374,19912.0
1747710300000,0.0375,0.0375,0.0375,0.0375,220.0
1747710600000,0.0375,0.0375,0.0372,0.0372,168031.0
1747710900000,0.0372,0.0373,0.0371,0.0371,167099.0
1747711200000,0.0372,0.0373,0.0372,0.0372,15664.0
1747711500000,0.0373,0.0374,0.0373,0.0374,44416.0
1747711800000,0.0373,0.0373,0.0371,0.0371,75932.0
1747712100000,0.0372,0.0373,0.0372,0.0372,104959.0
1747712400000,0.0372,0.0372,0.0371,0.0371,72447.0
1747712700000,0.0371,0.0371,0.037,0.037,198226.0
1747713000000,0.0371,0.0372,0.0371,0.0372,56269.0
1747713300000,0.0372,0.0373,0.0372,0.0373,40039.0
1747713600000,0.0373,0.0374,0.0373,0.0373,54412.0
1747713900000,0.0373,0.0373,0.0372,0.0372,38529.0
1747714200000,0.0373,0.0373,0.0373,0.0373,62309.0
1747714500000,0.0374,0.0375,0.0373,0.0373,54886.0
1747714800000,0.0373,0.0374,0.0373,0.0373,4964.0
1747715100000,0.0373,0.0373,0.0372,0.0372,15594.0
1747715400000,0.0372,0.0373,0.0372,0.0372,25280.0
1747715700000,0.0373,0.0373,0.0373,0.0373,27885.0
1747716000000,0.0374,0.0374,0.0374,0.0374,3216.0
1747716300000,0.0374,0.0374,0.0374,0.0374,66676.0
1747716600000,0.0373,0.0375,0.0373,0.0375,38893.0
1747716900000,0.0375,0.0376,0.0375,0.0375,39208.0
1747717200000,0.0375,0.0375,0.0375,0.0375,43644.0
1747717500000,0.0375,0.0375,0.0375,0.0375,4948.0
1747717800000,0.0376,0.0376,0.0376,0.0376,137950.0
1747718100000,0.0376,0.0376,0.0375,0.0375,72955.0
1747718400000,0.0375,0.0375,0.0375,0.0375,8201.0
1747718700000,0.0375,0.0376,0.0375,0.0375,17774.0
1747719000000,0.0375,0.0375,0.0374,0.0375,54870.0
1747719300000,0.0375,0.0375,0.0375,0.0375,65695.0
1747719600000,0.0376,0.0376,0.0374,0.0374,8118.0
1747719900000,0.0375,0.0376,0.0374,0.0375,45120.0
1747720200000,0.0375,0.0376,0.0375,0.0375,6292.0
1747720500000,0.0375,0.0375,0.0374,0.0374,22533.0
1747720800000,0.0373,0.0375,0.0373,0.0374,48881.0
1747721100000,0.0372,0.0372,0.0372,0.0372,10484.0
1747721400000,0.0372,0.0372,0.0371,0.0371,28578.0
1747721700000,0.0371,0.0372,0.0371,0.0371,39535.0
1747722000000,0.0371,0.0371,0.037,0.037,55742.0
1747722300000,0.037,0.037,0.0368,0.0369,301197.0
1747722600000,0.0369,0.0369,0.0368,0.0368,69489.0
1747722900000,0.0368,0.0369,0.0368,0.0369,105148.0
1747723200000,0.0369,0.0369,0.0369,0.0369,655.0
1747723500000,0.0369,0.037,0.0369,0.037,14002.0
1747723800000,0.0371,0.0371,0.0371,0.0371,44969.0
1747724100000,0.0371,0.0371,0.0371,0.0371,382.0
1747724400000,0.0371,0.0372,0.0369,0.0369,144208.0
1747724700000,0.0368,0.037,0.0368,0.037,121331.0
1747725000000,0.0371,0.0371,0.0369,0.037,63814.0
1747725300000,0.037,0.037,0.0369,0.0369,24428.0
1747725600000,0.037,0.0371,0.0369,0.037,75505.0
1747725900000,0.037,0.037,0.037,0.037,56505.0
1747726200000,0.0371,0.0371,0.0369,0.0369,112970.0
1747726500000,0.0368,0.0368,0.0367,0.0367,60309.0
1747726800000,0.0368,0.0368,0.0368,0.0368,35157.0
1747727100000,0.0368,0.0368,0.0367,0.0367,39988.0
1747727400000,0.0368,0.0368,0.0368,0.0368,29736.0
1747727700000,0.0368,0.0368,0.0367,0.0367,3896.0
1747728000000,0.0367,0.0368,0.0367,0.0367,68835.0
1747728300000,0.0367,0.0368,0.0367,0.0367,89580.0
1747728600000,0.0367,0.0368,0.0364,0.0365,87303.0
1747728900000,0.0364,0.0365,0.0364,0.0365,29391.0
1747729200000,0.0365,0.0366,0.0365,0.0365,31511.0
1747729500000,0.0366,0.0367,0.0366,0.0366,34149.0
1747729800000,0.0366,0.0367,0.0366,0.0367,18167.0
1747730100000,0.0367,0.0368,0.0365,0.0365,44954.0
1747730400000,0.0366,0.0368,0.0366,0.0368,19414.0
1747730700000,0.0368,0.0369,0.0368,0.0368,44392.0
1747731000000,0.0368,0.0368,0.0368,0.0368,11429.0
1747731300000,0.0367,0.0368,0.0367,0.0368,445.0
1747731600000,0.0367,0.0368,0.0367,0.0367,57628.0
1747731900000,0.0368,0.0369,0.0368,0.0369,66977.0
1747732200000,0.0368,0.0368,0.0367,0.0367,30554.0
1747732500000,0.0368,0.0368,0.0366,0.0366,48944.0
1747732800000,0.0366,0.0367,0.0366,0.0367,34187.0
1747733100000,0.0366,0.0366,0.0365,0.0365,46229.0
1747733400000,0.0366,0.0367,0.0366,0.0366,68234.0
1747733700000,0.0366,0.0368,0.0366,0.0367,99797.0
1747734000000,0.0368,0.0368,0.0367,0.0367,65041.0
1747734300000,0.0367,0.0368,0.0366,0.0367,27473.0
1747734600000,0.0368,0.0368,0.0367,0.0367,37537.0
1747734900000,0.0367,0.0367,0.0366,0.0366,1351.0
1747735200000,0.0366,0.0367,0.0366,0.0366,189982.0
1747735500000,0.0366,0.0367,0.0365,0.0367,227020.0
1747735800000,0.0366,0.0366,0.0364,0.0365,42817.0
1747736100000,0.0364,0.0364,0.0363,0.0363,170533.0
1747736400000,0.0362,0.0364,0.0361,0.0363,209648.0
1747736700000,0.0362,0.0362,0.0362,0.0362,111549.0
1747737000000,0.0361,0.0361,0.036,0.0361,81655.0
1747737300000,0.036,0.0361,0.036,0.0361,139728.0
1747737600000,0.036,0.0361,0.036,0.0361,92044.0
1747737900000,0.0361,0.0361,0.0359,0.036,121410.0
1747738200000,0.0361,0.0361,0.0361,0.0361,586.0
1747738500000,0.0361,0.0361,0.036,0.0361,6932.0
1747738800000,0.0361,0.0361,0.036,0.036,55736.0
1747739100000,0.036,0.036,0.0359,0.0359,14291.0
1747739400000,0.036,0.0361,0.0359,0.0359,51438.0
1747739700000,0.036,0.036,0.0358,0.036,141103.0
1747740000000,0.0359,0.036,0.0358,0.036,35135.0
1747740300000,0.0359,0.0362,0.0359,0.0361,138619.0
1747740600000,0.0362,0.0364,0.0362,0.0364,95689.0
1747740900000,0.0364,0.0364,0.0364,0.0364,72254.0
1747741200000,0.0363,0.0365,0.0363,0.0364,195295.0
1747741500000,0.0364,0.0364,0.0363,0.0363,120597.0
1747741800000,0.0363,0.0363,0.0362,0.0362,35117.0
1747742100000,0.0362,0.0363,0.0361,0.0362,35364.0
1747742400000,0.0362,0.0362,0.036,0.036,56071.0
1747742700000,0.036,0.0361,0.036,0.0361,34088.0
1747743000000,0.036,0.036,0.036,0.036,122988.0
1747743300000,0.036,0.036,0.036,0.036,78528.0
1747743600000,0.036,0.036,0.036,0.036,21896.0
1747743900000,0.036,0.036,0.0358,0.0358,37104.0
1747744200000,0.0359,0.0359,0.0358,0.0359,77141.0
1747744500000,0.0358,0.0359,0.0357,0.0357,163294.0
1747744800000,0.0358,0.0359,0.0358,0.0359,201187.0
1747745100000,0.0359,0.036,0.0358,0.0358,212405.0
1747745400000,0.0359,0.036,0.0359,0.036,154222.0
1747745700000,0.0359,0.036,0.0358,0.0359,96153.0
1747746000000,0.0359,0.0361,0.0359,0.0361,55329.0
1747746300000,0.036,0.036,0.036,0.036,12664.0
1747746600000,0.0359,0.036,0.0359,0.036,38157.0
1747746900000,0.0359,0.036,0.0359,0.036,22622.0
1747747200000,0.036,0.0362,0.036,0.0362,62855.0
1747747500000,0.0361,0.0362,0.036,0.036,19864.0
1747747800000,0.0361,0.0362,0.0359,0.0362,330474.0
1747748100000,0.0361,0.0362,0.0359,0.0361,199042.0
1747748400000,0.0361,0.0362,0.036,0.036,179415.0
1747748700000,0.036,0.0361,0.036,0.0361,241771.0
1747749000000,0.036,0.0363,0.0359,0.0362,175950.0
1747749300000,0.0362,0.0362,0.0361,0.0361,29998.0
1747749600000,0.036,0.0361,0.0359,0.036,62752.0
1747749900000,0.036,0.036,0.036,0.036,55607.0
1747750200000,0.036,0.0361,0.0359,0.0359,42742.0
1747750500000,0.0359,0.036,0.0359,0.036,22185.0
1747750800000,0.0361,0.0363,0.0361,0.0362,94371.0
1747751100000,0.0362,0.0362,0.0359,0.0359,44051.0
1747751400000,0.0359,0.0361,0.0359,0.0359,270716.0
1747751700000,0.0359,0.036,0.0358,0.0359,267637.0
1747752000000,0.036,0.0362,0.036,0.0361,54294.0
1747752300000,0.0361,0.0362,0.0361,0.0362,24612.0
1747752600000,0.0362,0.0362,0.036,0.0361,20005.0
1747752900000,0.0361,0.0361,0.036,0.0361,33790.0
1747753200000,0.0361,0.0363,0.0361,0.0362,76866.0
1747753500000,0.0361,0.0362,0.0361,0.0362,89920.0
1747753800000,0.0362,0.0362,0.0362,0.0362,11773.0
1747754100000,0.0362,0.0362,0.0362,0.0362,12276.0
1747754400000,0.0363,0.0363,0.0361,0.0361,27557.0
1747754700000,0.0361,0.0364,0.0361,0.0364,50023.0
1747755000000,0.0363,0.0365,0.0362,0.0365,180103.0
1747755300000,0.0365,0.0365,0.0365,0.0365,55366.0
1747755600000,0.0365,0.0365,0.0363,0.0363,64578.0
1747755900000,0.0363,0.0364,0.0363,0.0363,7391.0
1747756200000,0.0363,0.0363,0.0363,0.0363,34493.0
1747756500000,0.0363,0.0365,0.0363,0.0363,32334.0
1747756800000,0.0363,0.0364,0.0363,0.0364,32440.0
1747757100000,0.0361,0.0361,0.0361,0.0361,1035.0
1747757400000,0.0361,0.0362,0.0361,0.0361,106397.0
1747757700000,0.0361,0.0362,0.0361,0.0362,17251.0
1747758000000,0.0362,0.0362,0.0362,0.0362,45681.0
1747758300000,0.0361,0.0361,0.036,0.036,106071.0
1747758600000,0.0361,0.0361,0.0361,0.0361,67225.0
1747758900000,0.0361,0.0362,0.0361,0.0361,83433.0
1747759200000,0.036,0.036,0.036,0.036,176021.0
1747759500000,0.036,0.036,0.0359,0.0359,42049.0
1747759800000,0.0359,0.036,0.0357,0.0358,136421.0
1747760100000,0.0358,0.0359,0.0357,0.0358,67648.0
1747760400000,0.0357,0.0358,0.0356,0.0357,188305.0
1747760700000,0.0358,0.0359,0.0357,0.0358,185472.0
1747761000000,0.0359,0.0359,0.0359,0.0359,111011.0
1747761300000,0.036,0.036,0.0358,0.0358,458501.0
1747761600000,0.0358,0.0359,0.0357,0.0358,173609.0
1747761900000,0.0358,0.036,0.0358,0.036,184450.0
1747762200000,0.0359,0.0359,0.0358,0.0359,35480.0
1747762500000,0.0359,0.0359,0.0358,0.0358,65271.0
1747762800000,0.0358,0.036,0.0358,0.036,127038.0
1747763100000,0.0359,0.0361,0.0358,0.036,99982.0
1747763400000,0.036,0.0362,0.036,0.0361,115896.0
1747763700000,0.0361,0.0361,0.0359,0.0359,47177.0
1747764000000,0.0359,0.036,0.0358,0.036,127240.0
1747764300000,0.036,0.036,0.036,0.036,14425.0
1747764600000,0.036,0.036,0.0359,0.0359,6314.0
1747764900000,0.0359,0.0359,0.0356,0.0357,140617.0
1747765200000,0.0358,0.0358,0.0355,0.0357,95057.0
1747765500000,0.0356,0.0356,0.0355,0.0356,44876.0
1747765800000,0.0355,0.0357,0.0354,0.0357,163577.0
1747766100000,0.0357,0.0357,0.0355,0.0355,41716.0
1747766400000,0.0356,0.0356,0.0355,0.0356,55922.0
1747766700000,0.0355,0.0355,0.0352,0.0352,520815.0
1747767000000,0.0353,0.0353,0.0352,0.0352,227537.0
1747767300000,0.0352,0.0352,0.0349,0.0351,295049.0
1747767600000,0.035,0.0352,0.035,0.0352,299412.0
1747767900000,0.0353,0.0355,0.0353,0.0355,112751.0
1747768200000,0.0355,0.036,0.0355,0.0359,1473528.0
1747768500000,0.0359,0.0359,0.0358,0.0359,455716.0
1747768800000,0.0359,0.0361,0.0359,0.036,187060.0
1747769100000,0.0361,0.0361,0.036,0.036,37273.0
1747769400000,0.0361,0.0361,0.0361,0.0361,81997.0
1747769700000,0.0361,0.0361,0.036,0.0361,42066.0
1747770000000,0.0361,0.0363,0.0361,0.0362,71139.0
1747770300000,0.0362,0.0363,0.0362,0.0362,43048.0
1747770600000,0.0362,0.0366,0.0362,0.0366,52367.0
1747770900000,0.0365,0.0366,0.0365,0.0365,155839.0
1747771200000,0.0365,0.0365,0.0363,0.0365,264779.0
1747771500000,0.0365,0.0367,0.0365,0.0367,67055.0
1747771800000,0.0367,0.0373,0.0367,0.037,1239958.0
1747772100000,0.037,0.0373,0.0369,0.0372,167816.0
1747772400000,0.0373,0.0374,0.0372,0.0372,525269.0
1747772700000,0.0372,0.0373,0.0367,0.0367,1053300.0
1747773000000,0.0368,0.0369,0.0367,0.0368,258251.0
1747773300000,0.0368,0.0369,0.0367,0.0367,410849.0
1747773600000,0.0368,0.0369,0.0364,0.0366,866342.0
1747773900000,0.0366,0.0369,0.0366,0.0369,130504.0
1747774200000,0.0368,0.0369,0.0367,0.0367,75257.0
1747774500000,0.0366,0.0367,0.0366,0.0367,8360.0
1747774800000,0.0367,0.0369,0.0367,0.0369,54152.0
1747775100000,0.0369,0.037,0.0368,0.037,111662.0
1747775400000,0.037,0.037,0.0365,0.0366,561812.0
1747775700000,0.0366,0.0368,0.0366,0.0368,99850.0
1747776000000,0.0369,0.0371,0.0368,0.0371,83190.0
1747776300000,0.0371,0.0371,0.0369,0.0369,139109.0
1747776600000,0.0369,0.0369,0.0368,0.0369,92175.0
1747776900000,0.0369,0.0369,0.0368,0.0368,126033.0
1747777200000,0.0368,0.0369,0.0368,0.0369,12185.0
1747777500000,0.0369,0.037,0.0369,0.037,41479.0
1747777800000,0.037,0.037,0.037,0.037,21965.0
1747778100000,0.037,0.037,0.037,0.037,113359.0
1747778400000,0.037,0.0372,0.037,0.037,48450.0
1747778700000,0.037,0.037,0.0368,0.037,97324.0
1747779000000,0.0369,0.0369,0.0368,0.0368,68396.0
1747779300000,0.0367,0.0367,0.0366,0.0366,89073.0
1747779600000,0.0367,0.0367,0.0366,0.0366,146030.0
1747779900000,0.0367,0.0367,0.0366,0.0367,89504.0
1747780200000,0.0366,0.0366,0.0365,0.0365,32348.0
1747780500000,0.0366,0.0367,0.0365,0.0366,73696.0
1747780800000,0.0366,0.0368,0.0366,0.0368,2989.0
1747781100000,0.0369,0.0369,0.0368,0.0369,75204.0
1747781400000,0.0368,0.0369,0.0368,0.0368,103142.0
1747781700000,0.0368,0.0368,0.0367,0.0368,234932.0
1747782000000,0.0368,0.0368,0.0365,0.0365,567554.0
1747782300000,0.0366,0.0367,0.0365,0.0366,97930.0
1747782600000,0.0366,0.0368,0.0366,0.0368,75324.0
1747782900000,0.0367,0.0369,0.0367,0.0368,33529.0
1747783200000,0.0368,0.0369,0.0367,0.0368,190699.0
1747783500000,0.0368,0.0369,0.0367,0.0368,104932.0
1747783800000,0.0367,0.0367,0.0366,0.0366,147388.0
1747784100000,0.0366,0.0366,0.0363,0.0364,42581.0
1747784400000,0.0364,0.0367,0.0363,0.0366,145328.0
1747784700000,0.0366,0.0367,0.0366,0.0367,195100.0
1747785000000,0.0367,0.0368,0.0367,0.0367,10429.0
1747785300000,0.0367,0.0368,0.0366,0.0366,125261.0
1747785600000,0.0367,0.0367,0.0364,0.0366,216258.0
1747785900000,0.0367,0.0367,0.0365,0.0366,148246.0
1747786200000,0.0366,0.0367,0.0366,0.0367,183734.0
1747786500000,0.0367,0.0368,0.0365,0.0366,305471.0
1747786800000,0.0366,0.0366,0.0365,0.0365,218411.0
1747787100000,0.0365,0.0368,0.0365,0.0367,370485.0
1747787400000,0.0367,0.0368,0.0367,0.0367,102590.0
1747787700000,0.0366,0.0366,0.0365,0.0366,34211.0
1747788000000,0.0366,0.0366,0.0365,0.0365,143265.0
1747788300000,0.0366,0.0366,0.0366,0.0366,43024.0
1747788600000,0.0366,0.0367,0.0366,0.0366,74617.0
1747788900000,0.0365,0.0365,0.0365,0.0365,75803.0
1747789200000,0.0364,0.0364,0.0364,0.0364,173574.0
1747789500000,0.0365,0.0366,0.0365,0.0366,55778.0
1747789800000,0.0367,0.0369,0.0366,0.0368,150387.0
1747790100000,0.0368,0.0368,0.0366,0.0366,109126.0
1747790400000,0.0366,0.0367,0.0365,0.0365,62651.0
1747790700000,0.0365,0.0366,0.0365,0.0365,163951.0
1747791000000,0.0366,0.0366,0.0365,0.0366,110742.0
1747791300000,0.0367,0.0367,0.0366,0.0366,20615.0
1747791600000,0.0367,0.0368,0.0367,0.0367,36924.0
1747791900000,0.0367,0.0367,0.0366,0.0367,99865.0
1747792200000,0.0367,0.0368,0.0366,0.0366,114198.0
1747792500000,0.0366,0.0366,0.0364,0.0364,124666.0
1747792800000,0.0363,0.0363,0.0361,0.0362,345110.0
1747793100000,0.0362,0.0362,0.0361,0.0361,94884.0
1747793400000,0.036,0.0362,0.036,0.0361,85991.0
1747793700000,0.0362,0.0363,0.0362,0.0362,136776.0
1747794000000,0.0363,0.0363,0.0362,0.0362,87042.0
1747794300000,0.0362,0.0363,0.0362,0.0363,14888.0
1747794600000,0.0362,0.0364,0.0361,0.0364,94824.0
1747794900000,0.0364,0.0365,0.0364,0.0364,46450.0
1747795200000,0.0364,0.0364,0.0364,0.0364,2114.0
1747795500000,0.0365,0.0365,0.0364,0.0365,72717.0
1747795800000,0.0365,0.0366,0.0365,0.0365,43699.0
1747796100000,0.0366,0.0367,0.0366,0.0366,93224.0
1747796400000,0.0366,0.0366,0.0366,0.0366,116119.0
1747796700000,0.0366,0.0367,0.0366,0.0367,41360.0
1747797000000,0.0367,0.0367,0.0366,0.0366,27800.0
1747797300000,0.0367,0.0367,0.0367,0.0367,7011.0
1747797600000,0.0367,0.0368,0.0367,0.0367,91065.0
1747797900000,0.0367,0.0369,0.0367,0.0368,185759.0
1747798200000,0.0369,0.037,0.0368,0.0368,118663.0
1747798500000,0.0368,0.0368,0.0368,0.0368,56426.0
1747798800000,0.0367,0.0367,0.0366,0.0367,58005.0
1747799100000,0.0368,0.0369,0.0368,0.0369,29905.0
1747799400000,0.0369,0.0369,0.0367,0.0367,54395.0
1747799700000,0.0367,0.0367,0.0367,0.0367,3638.0
1747800000000,0.0368,0.0368,0.0367,0.0367,163554.0
1747800300000,0.0367,0.0369,0.0367,0.0369,45422.0
1747800600000,0.0369,0.037,0.0369,0.0369,205476.0
1747800900000,0.0368,0.0369,0.0368,0.0369,2064.0
1747801200000,0.0368,0.0369,0.0368,0.0368,34847.0
1747801500000,0.0368,0.0368,0.0367,0.0367,190883.0
1747801800000,0.0367,0.0367,0.0365,0.0367,124960.0
1747802100000,0.0367,0.0371,0.0367,0.0371,162016.0
1747802400000,0.037,0.0371,0.0369,0.0369,229872.0
1747802700000,0.037,0.037,0.0369,0.0369,157027.0
1747803000000,0.0368,0.0368,0.0368,0.0368,127358.0
1747803300000,0.0368,0.0368,0.0367,0.0367,56822.0
1747803600000,0.0367,0.0368,0.0366,0.0368,262946.0
1747803900000,0.0367,0.0368,0.0367,0.0368,57865.0
1747804200000,0.0368,0.0369,0.0368,0.0368,150752.0
1747804500000,0.0368,0.0371,0.0368,0.0371,94429.0
1747804800000,0.037,0.037,0.037,0.037,124929.0
1747805100000,0.0371,0.0372,0.037,0.037,161311.0
1747805400000,0.037,0.0371,0.037,0.0371,87638.0
1747805700000,0.037,0.037,0.0368,0.037,158298.0
1747806000000,0.0369,0.0369,0.0369,0.0369,59887.0
1747806300000,0.037,0.037,0.0369,0.0369,10394.0
1747806600000,0.037,0.0371,0.037,0.0371,70530.0
1747806900000,0.0371,0.0372,0.0371,0.0371,62977.0
1747807200000,0.037,0.0371,0.0369,0.0369,34082.0
1747807500000,0.037,0.037,0.0369,0.0369,31508.0
1747807800000,0.0369,0.0369,0.0368,0.0368,90084.0
1747808100000,0.0368,0.0369,0.0366,0.0369,313851.0
1747808400000,0.0369,0.0369,0.0368,0.0369,4150.0
1747808700000,0.0369,0.0371,0.0369,0.0371,260656.0
1747809000000,0.0371,0.0372,0.0369,0.037,213812.0
1747809300000,0.0371,0.0372,0.0369,0.0369,247473.0
1747809600000,0.0369,0.037,0.0369,0.037,190152.0
1747809900000,0.0369,0.0369,0.0368,0.0368,17132.0
1747810200000,0.0368,0.0369,0.0368,0.0369,39292.0
1747810500000,0.0369,0.0369,0.0368,0.0369,87151.0
1747810800000,0.037,0.037,0.0368,0.0368,118786.0
1747811100000,0.0367,0.0367,0.0367,0.0367,87145.0
1747811400000,0.0367,0.0367,0.0366,0.0367,66623.0
1747811700000,0.0366,0.0366,0.0365,0.0366,134325.0
1747812000000,0.0365,0.0366,0.0363,0.0363,198131.0
1747812300000,0.0363,0.0364,0.0363,0.0364,21795.0
1747812600000,0.0364,0.0364,0.0361,0.0363,273065.0
1747812900000,0.0364,0.0364,0.0362,0.0362,203368.0
1747813200000,0.0362,0.0363,0.0362,0.0363,93074.0
1747813500000,0.0363,0.0364,0.0362,0.0363,48370.0
1747813800000,0.0364,0.0365,0.0364,0.0364,75365.0
1747814100000,0.0363,0.0363,0.0363,0.0363,23907.0
1747814400000,0.0363,0.0364,0.0362,0.0363,119646.0
1747814700000,0.0364,0.0365,0.0362,0.0363,95126.0
1747815000000,0.0364,0.0364,0.0363,0.0363,23564.0
1747815300000,0.0363,0.0363,0.0362,0.0362,35096.0
1747815600000,0.0363,0.0363,0.0361,0.0361,156153.0
1747815900000,0.0361,0.0361,0.0361,0.0361,63230.0
1747816200000,0.0362,0.0362,0.0361,0.0361,36269.0
1747816500000,0.0361,0.0362,0.0361,0.0361,7301.0
1747816800000,0.0361,0.0362,0.0361,0.0362,3769.0
1747817100000,0.0361,0.0361,0.0361,0.0361,4147.0
1747817400000,0.0362,0.0362,0.0361,0.0361,1472.0
1747817700000,0.0361,0.0361,0.0359,0.0359,148843.0
1747818000000,0.0359,0.036,0.0358,0.036,88949.0
1747818300000,0.0359,0.0359,0.0358,0.0359,208889.0
1747818600000,0.036,0.036,0.0359,0.0359,95176.0
1747818900000,0.0359,0.0359,0.0357,0.0357,202001.0
1747819200000,0.0358,0.0358,0.0357,0.0358,1151.0
1747819500000,0.0358,0.0358,0.0357,0.0358,166783.0
1747819800000,0.0357,0.0358,0.0356,0.0358,20382.0
1747820100000,0.0358,0.0358,0.0357,0.0358,80516.0
1747820400000,0.0357,0.0357,0.0356,0.0356,36083.0
1747820700000,0.0355,0.0357,0.0355,0.0356,227279.0
1747821000000,0.0356,0.0356,0.0356,0.0356,157042.0
1747821300000,0.0356,0.0356,0.0354,0.0356,133301.0
1747821600000,0.0356,0.0357,0.0354,0.0356,140478.0
1747821900000,0.0355,0.0356,0.0355,0.0356,102927.0
1747822200000,0.0357,0.0358,0.0357,0.0357,59955.0
1747822500000,0.0358,0.0358,0.0358,0.0358,3170.0
1747822800000,0.0357,0.0357,0.0355,0.0355,96350.0
1747823100000,0.0356,0.0358,0.0356,0.0358,84467.0
1747823400000,0.0357,0.0359,0.0357,0.0359,7004.0
1747823700000,0.0359,0.0359,0.0357,0.0358,35305.0
1747824000000,0.0359,0.0361,0.0358,0.036,165238.0
1747824300000,0.036,0.0362,0.036,0.036,78370.0
1747824600000,0.0361,0.0362,0.036,0.0361,6651.0
1747824900000,0.0361,0.0361,0.0359,0.036,320929.0
1747825200000,0.0361,0.0361,0.036,0.0361,30475.0
1747825500000,0.0361,0.0363,0.0361,0.0361,62397.0
1747825800000,0.0362,0.0362,0.0361,0.0361,103927.0
1747826100000,0.0362,0.0363,0.0362,0.0363,113433.0
1748131200000,0.0364,0.0365,0.0363,0.0364,261774.0
1748131500000,0.0365,0.0365,0.0363,0.0364,374798.0
1748131800000,0.0364,0.0364,0.0361,0.0362,195052.0
1748132100000,0.0363,0.0363,0.0361,0.0362,146268.0
1748132400000,0.0361,0.0362,0.036,0.036,133671.0
1748132700000,0.0361,0.0363,0.0361,0.0363,89655.0
1748133000000,0.0362,0.0363,0.0362,0.0362,81820.0
1748133300000,0.0363,0.0364,0.0362,0.0362,236004.0
1748133600000,0.0361,0.0361,0.0356,0.0358,720530.0
1748133900000,0.0358,0.036,0.0358,0.036,225636.0
1748134200000,0.0359,0.036,0.0357,0.0358,461231.0
1748134500000,0.0357,0.0357,0.0355,0.0356,1048985.0
1748134800000,0.0356,0.0363,0.0356,0.0363,964011.0
1748135100000,0.0362,0.0362,0.036,0.0362,220808.0
1748135400000,0.0361,0.0363,0.0361,0.0361,310125.0
1748135700000,0.0361,0.0363,0.036,0.0363,517229.0
1748136000000,0.0362,0.0362,0.0361,0.0361,253254.0
1748136300000,0.0362,0.0364,0.0362,0.0363,585029.0
1748136600000,0.0363,0.0365,0.0363,0.0364,219322.0
1748136900000,0.0364,0.0366,0.0364,0.0366,131875.0
1748137200000,0.0365,0.0365,0.0364,0.0364,206990.0
1748137500000,0.0364,0.0365,0.0363,0.0364,82400.0
1748137800000,0.0364,0.0364,0.0362,0.0364,152944.0
1748138100000,0.0364,0.0364,0.0362,0.0363,34862.0
1748138400000,0.0362,0.0363,0.0361,0.0362,151963.0
1748138700000,0.0361,0.0362,0.036,0.0361,119854.0
1748139000000,0.0361,0.0364,0.036,0.0363,487483.0
1748139300000,0.0364,0.0368,0.0364,0.0368,704722.0
1748139600000,0.0368,0.0371,0.0367,0.0371,793458.0
1748139900000,0.0371,0.0375,0.037,0.0374,848356.0
1748140200000,0.0374,0.0376,0.0373,0.0375,440195.0
1748140500000,0.0375,0.0376,0.0368,0.037,1488172.0
1748140800000,0.037,0.037,0.0369,0.037,170899.0
1748141100000,0.037,0.037,0.0367,0.0369,229621.0
1748141400000,0.0368,0.0369,0.0367,0.0368,90612.0
1748141700000,0.0368,0.0369,0.0367,0.0367,434987.0
1748142000000,0.0368,0.0368,0.0366,0.0366,376283.0
1748142300000,0.0366,0.0368,0.0365,0.0367,203589.0
1748142600000,0.0367,0.0367,0.0366,0.0367,126156.0
1748142900000,0.0366,0.0368,0.0366,0.0367,52814.0
1748143200000,0.0367,0.0368,0.0366,0.0368,146964.0
1748143500000,0.0367,0.0369,0.0367,0.0368,216361.0
1748143800000,0.0369,0.0369,0.0367,0.0368,144432.0
1748144100000,0.0367,0.0367,0.0366,0.0367,234913.0
1748144400000,0.0367,0.0367,0.0366,0.0366,140774.0
1748144700000,0.0365,0.0367,0.0364,0.0366,252891.0
1748145000000,0.0366,0.0366,0.0365,0.0365,128999.0
1748145300000,0.0365,0.0366,0.0362,0.0363,1027232.0
1748145600000,0.0363,0.0363,0.0357,0.0358,610233.0
1748145900000,0.0359,0.036,0.0358,0.0358,139096.0
1748146200000,0.0357,0.0359,0.0357,0.0359,489655.0
1748146500000,0.0358,0.036,0.0357,0.0359,286675.0
1748146800000,0.0359,0.0359,0.0358,0.0358,79105.0
1748147100000,0.0357,0.0359,0.0357,0.0358,88799.0
1748147400000,0.0358,0.0359,0.0356,0.0359,632057.0
1748147700000,0.036,0.036,0.0359,0.0359,70524.0
1748148000000,0.036,0.036,0.0359,0.036,48731.0
1748148300000,0.036,0.0361,0.036,0.036,46857.0
1748148600000,0.0359,0.0361,0.0359,0.036,76935.0
1748148900000,0.0361,0.0363,0.036,0.0362,256620.0
1748149200000,0.0362,0.0362,0.0361,0.0362,180519.0
1748149500000,0.0362,0.0362,0.0361,0.0361,21432.0
1748149800000,0.0361,0.0362,0.036,0.0361,52802.0
1748150100000,0.0361,0.0361,0.0359,0.036,81502.0
1748150400000,0.0359,0.036,0.0359,0.036,65644.0
1748150700000,0.0359,0.0359,0.0359,0.0359,21750.0
1748151000000,0.036,0.0361,0.0359,0.0361,397355.0
1748151300000,0.0362,0.0362,0.0359,0.036,18727.0
1748151600000,0.0359,0.036,0.0359,0.0359,66881.0
1748151900000,0.0359,0.036,0.0359,0.0359,100545.0
1748152200000,0.036,0.0362,0.036,0.0361,53687.0
1748152500000,0.0361,0.0361,0.0359,0.036,122590.0
1748152800000,0.036,0.036,0.0359,0.036,123683.0
1748153100000,0.0359,0.036,0.0359,0.0359,15897.0
1748153400000,0.0359,0.0359,0.0357,0.0358,138336.0
1748153700000,0.0358,0.0358,0.0357,0.0358,56150.0
1748154000000,0.0358,0.0359,0.0358,0.0359,57746.0
1748154300000,0.0358,0.0358,0.0357,0.0358,52361.0
1748154600000,0.0358,0.0359,0.0358,0.0358,26585.0
1748154900000,0.0359,0.0359,0.0358,0.0359,6910.0
1748155200000,0.0358,0.0361,0.0358,0.0359,234568.0
1748155500000,0.036,0.036,0.036,0.036,7040.0
1748155800000,0.036,0.036,0.0355,0.0357,507576.0
1748156100000,0.0357,0.0357,0.0356,0.0357,378579.0
1748156400000,0.0356,0.0356,0.0353,0.0355,318682.0
1748156700000,0.0354,0.0354,0.0352,0.0354,141747.0
1748157000000,0.0353,0.0353,0.0348,0.035,1357279.0
1748157300000,0.035,0.035,0.0349,0.035,75362.0
1748157600000,0.035,0.035,0.0348,0.0348,148195.0
1748157900000,0.0348,0.0348,0.0345,0.0346,370266.0
1748158200000,0.0346,0.0348,0.0346,0.0348,206135.0
1748158500000,0.0348,0.0349,0.0347,0.0348,62481.0
1748158800000,0.0347,0.0348,0.0346,0.0348,88060.0
1748159100000,0.0348,0.0349,0.0347,0.0348,90150.0
1748159400000,0.0348,0.0348,0.0347,0.0348,70045.0
1748159700000,0.0348,0.0348,0.0346,0.0346,256824.0
1748160000000,0.0346,0.0347,0.0343,0.0344,752511.0
1748160300000,0.0344,0.0345,0.0343,0.0344,244250.0
1748160600000,0.0343,0.0344,0.0343,0.0344,115485.0
1748160900000,0.0344,0.0345,0.0343,0.0344,210632.0
1748161200000,0.0343,0.0345,0.0342,0.0345,408474.0
1748161500000,0.0344,0.0344,0.0342,0.0343,381663.0
1748161800000,0.0343,0.0344,0.0341,0.0344,410552.0
1748162100000,0.0344,0.0346,0.0344,0.0345,224107.0
1748162400000,0.0345,0.0345,0.0344,0.0344,40835.0
1748162700000,0.0344,0.0344,0.0341,0.0342,408542.0
1748163000000,0.0342,0.0343,0.034,0.0341,161029.0
1748163300000,0.0341,0.0341,0.034,0.0341,270165.0
1748163600000,0.0341,0.0343,0.0341,0.0341,341296.0
1748163900000,0.0341,0.0341,0.0337,0.034,581053.0
1748164200000,0.0339,0.0341,0.0339,0.0339,208564.0
1748164500000,0.0339,0.0339,0.0337,0.0338,161826.0
1748164800000,0.0337,0.0339,0.0336,0.0338,195573.0
1748165100000,0.0339,0.034,0.0338,0.0338,252314.0
1748165400000,0.0338,0.0339,0.0337,0.0339,442012.0
1748165700000,0.0339,0.0339,0.0336,0.0336,356592.0
1748166000000,0.0336,0.0339,0.0336,0.0338,242644.0
1748166300000,0.0338,0.0341,0.0338,0.034,168019.0
1748166600000,0.034,0.0344,0.034,0.0342,1031827.0
1748166900000,0.0342,0.0342,0.0339,0.0341,283880.0
1748167200000,0.0341,0.0341,0.0339,0.034,143795.0
1748167500000,0.0339,0.0341,0.0339,0.0339,86643.0
1748167800000,0.0338,0.0339,0.0336,0.0338,367794.0
1748168100000,0.0337,0.0338,0.0336,0.0337,211909.0
1748168400000,0.0337,0.0337,0.0336,0.0337,38126.0
1748168700000,0.0337,0.0337,0.0335,0.0335,173469.0
1748169000000,0.0336,0.0342,0.0336,0.0342,649711.0
1748169300000,0.0342,0.0342,0.0341,0.0342,384780.0
1748169600000,0.0342,0.0343,0.0342,0.0342,117290.0
1748169900000,0.0343,0.0345,0.0342,0.0344,396102.0
1748170200000,0.0344,0.0344,0.0343,0.0343,103488.0
1748170500000,0.0344,0.0344,0.0341,0.0342,129074.0
1748170800000,0.0342,0.0342,0.034,0.0341,112389.0
1748171100000,0.0341,0.0342,0.0341,0.0342,35374.0
1748171400000,0.0342,0.0343,0.0341,0.0343,167362.0
1748171700000,0.0343,0.0345,0.0342,0.0345,398331.0
1748172000000,0.0344,0.0345,0.0343,0.0343,349953.0
1748172300000,0.0344,0.0344,0.0341,0.0341,90325.0
1748172600000,0.0341,0.0343,0.034,0.034,274575.0
1748172900000,0.0341,0.0341,0.0339,0.034,355437.0
1748173200000,0.034,0.034,0.0339,0.0339,161809.0
1748173500000,0.034,0.0341,0.0338,0.0341,219074.0
1748173800000,0.034,0.0341,0.0339,0.0339,211086.0
1748174100000,0.034,0.034,0.034,0.034,1344.0
1748174400000,0.0339,0.0341,0.0338,0.0339,266297.0
1748174700000,0.034,0.0341,0.0338,0.0339,190048.0
1748175000000,0.0338,0.0339,0.0337,0.0339,158680.0
1748175300000,0.0339,0.0343,0.0339,0.0341,133934.0
1748175600000,0.0341,0.0341,0.034,0.0341,157841.0
1748175900000,0.034,0.0342,0.0339,0.0342,176607.0
1748176200000,0.0341,0.0341,0.034,0.0341,248222.0
1748176500000,0.0341,0.0341,0.0341,0.0341,60586.0
1748176800000,0.0341,0.0341,0.034,0.0341,196406.0
1748177100000,0.0341,0.0341,0.034,0.0341,81527.0
1748177400000,0.0341,0.0341,0.0341,0.0341,92072.0
1748177700000,0.0342,0.0342,0.034,0.0341,105400.0
1748178000000,0.0341,0.0344,0.034,0.0343,464789.0
1748178300000,0.0342,0.0343,0.0341,0.0341,266384.0
1748178600000,0.0341,0.0341,0.0339,0.0339,295531.0
1748178900000,0.0338,0.0338,0.0337,0.0338,89567.0
1748179200000,0.0338,0.0338,0.0338,0.0338,48584.0
1748179500000,0.0338,0.034,0.0338,0.034,178795.0
1748179800000,0.0339,0.0339,0.0338,0.0339,384024.0
1748180100000,0.0339,0.034,0.0338,0.0339,153972.0
1748180400000,0.0339,0.0339,0.0337,0.0338,145944.0
1748180700000,0.0338,0.0339,0.0338,0.0339,15077.0
1748181000000,0.0339,0.0339,0.0338,0.0338,62197.0
1748181300000,0.0338,0.0338,0.0336,0.0337,272675.0
1748181600000,0.0337,0.0338,0.0336,0.0337,124452.0
1748181900000,0.0338,0.034,0.0338,0.0339,95180.0
1748182200000,0.0339,0.034,0.0338,0.0339,79499.0
1748182500000,0.0339,0.0339,0.0338,0.0338,58947.0
1748182800000,0.0338,0.0338,0.0338,0.0338,10554.0
1748183100000,0.0339,0.0339,0.0337,0.0339,53297.0
1748183400000,0.0338,0.0339,0.0337,0.0339,215414.0
1748183700000,0.0339,0.034,0.0337,0.0337,306779.0
1748184000000,0.0337,0.0337,0.0335,0.0336,220565.0
1748184300000,0.0335,0.0336,0.0334,0.0335,239202.0
1748184600000,0.0336,0.0336,0.0335,0.0335,91322.0
1748184900000,0.0335,0.0337,0.0335,0.0335,509855.0
1748185200000,0.0336,0.0337,0.0336,0.0336,273201.0
1748185500000,0.0336,0.0337,0.0335,0.0335,109815.0
1748185800000,0.0335,0.0335,0.0333,0.0334,248492.0
1748186100000,0.0334,0.0334,0.0333,0.0334,328461.0
1748186400000,0.0334,0.0336,0.0333,0.0333,1010555.0
1748186700000,0.0333,0.0335,0.0333,0.0335,479085.0
1748187000000,0.0334,0.0342,0.0334,0.0338,1955057.0
1748187300000,0.0338,0.0339,0.0336,0.0339,183275.0
1748187600000,0.0339,0.034,0.0338,0.0339,169292.0
1748187900000,0.034,0.0341,0.0338,0.0338,148081.0
1748188200000,0.0338,0.0339,0.0338,0.0339,64173.0
1748188500000,0.0339,0.034,0.0339,0.0339,19236.0
1748188800000,0.0339,0.0339,0.0337,0.0337,85070.0
1748189100000,0.0337,0.0337,0.0336,0.0337,190342.0
1748189400000,0.0337,0.0337,0.0336,0.0336,137373.0
1748189700000,0.0336,0.0336,0.0335,0.0335,43784.0
1748190000000,0.0335,0.0337,0.0334,0.0335,351684.0
1748190300000,0.0335,0.0336,0.0335,0.0335,233856.0
1748190600000,0.0335,0.0336,0.0333,0.0334,475838.0
1748190900000,0.0335,0.0337,0.0335,0.0337,84584.0
1748191200000,0.0336,0.0337,0.0335,0.0337,318481.0
1748191500000,0.0337,0.0337,0.0336,0.0337,296241.0
1748191800000,0.0337,0.0338,0.0337,0.0337,124926.0
1748192100000,0.0337,0.0338,0.0337,0.0338,99260.0
1748192400000,0.0338,0.0338,0.0338,0.0338,149665.0
1748192700000,0.0338,0.0338,0.0337,0.0337,219317.0
1748193000000,0.0337,0.0337,0.0337,0.0337,5953.0
1748193300000,0.0338,0.0338,0.0336,0.0336,306389.0
1748193600000,0.0337,0.0338,0.0337,0.0338,60886.0
1748193900000,0.0338,0.0338,0.0338,0.0338,137411.0
1748194200000,0.0338,0.0338,0.0336,0.0336,164440.0
1748194500000,0.0337,0.0337,0.0336,0.0336,268153.0
1748194800000,0.0336,0.0337,0.0335,0.0337,220389.0
1748195100000,0.0336,0.0344,0.0336,0.0341,1998384.0
1748195400000,0.0341,0.0342,0.034,0.0342,377357.0
1748195700000,0.0342,0.0343,0.0341,0.0342,270457.0
1748196000000,0.0343,0.0344,0.0341,0.0344,379225.0
1748196300000,0.0343,0.0347,0.0343,0.0346,389137.0
1748196600000,0.0346,0.035,0.0346,0.035,1221262.0
1748196900000,0.035,0.0351,0.0347,0.0351,876891.0
1748197200000,0.035,0.0351,0.0348,0.0351,1109235.0
1748197500000,0.0351,0.0354,0.0351,0.0353,1421117.0
1748197800000,0.0353,0.0356,0.0352,0.0355,1611412.0
1748198100000,0.0354,0.0354,0.035,0.035,746879.0
1748198400000,0.035,0.035,0.0349,0.0349,85715.0
1748198700000,0.0348,0.0349,0.0347,0.0348,665168.0
1748199000000,0.0348,0.0348,0.0348,0.0348,110277.0
1748199300000,0.0348,0.0348,0.0347,0.0348,152317.0
1748199600000,0.0348,0.0348,0.0347,0.0348,358113.0
1748199900000,0.0348,0.0348,0.0347,0.0347,210451.0
1748200200000,0.0347,0.0348,0.0346,0.0348,129111.0
1748200500000,0.0347,0.0348,0.0346,0.0348,45604.0
1748200800000,0.0348,0.0348,0.0347,0.0348,119176.0
1748201100000,0.0347,0.0347,0.0346,0.0346,50735.0
1748201400000,0.0346,0.0347,0.0346,0.0346,45605.0
1748201700000,0.0347,0.0347,0.0347,0.0347,32203.0
1748202000000,0.0347,0.0347,0.0347,0.0347,21182.0
1748202300000,0.0348,0.0348,0.0347,0.0348,70830.0
1748202600000,0.0347,0.0348,0.0347,0.0348,4328.0
1748202900000,0.0348,0.0349,0.0347,0.0347,78395.0
1748203200000,0.0347,0.0347,0.0347,0.0347,34211.0
1748203500000,0.0346,0.0347,0.0345,0.0346,67032.0
1748203800000,0.0346,0.0347,0.0346,0.0347,17594.0
1748204100000,0.0346,0.0347,0.0346,0.0347,63916.0
1748204400000,0.0347,0.0347,0.0346,0.0347,112539.0
1748204700000,0.0348,0.0349,0.0348,0.0348,27658.0
1748205000000,0.0348,0.0348,0.0347,0.0347,151275.0
1748205300000,0.0346,0.0347,0.0345,0.0347,114214.0
1748205600000,0.0347,0.0347,0.0347,0.0347,73878.0
1748205900000,0.0346,0.0346,0.0345,0.0345,193879.0
1748206200000,0.0346,0.0346,0.0346,0.0346,1742.0
1748206500000,0.0345,0.0346,0.0345,0.0346,51208.0
1748206800000,0.0346,0.0346,0.0346,0.0346,81682.0
1748207100000,0.0346,0.0348,0.0346,0.0347,80980.0
1748207400000,0.0348,0.0348,0.0348,0.0348,2873.0
1748207700000,0.0348,0.0348,0.0346,0.0347,45416.0
1748208000000,0.0347,0.0348,0.0346,0.0346,24876.0
1748208300000,0.0346,0.0346,0.0346,0.0346,0.0
1748208600000,0.0346,0.0346,0.0343,0.0344,453281.0
1748208900000,0.0344,0.0346,0.0344,0.0346,172913.0
1748209200000,0.0345,0.0346,0.0344,0.0344,55109.0
1748209500000,0.0345,0.0346,0.0345,0.0346,50127.0
1748209800000,0.0346,0.0346,0.0346,0.0346,9899.0
1748210100000,0.0346,0.0346,0.0346,0.0346,66328.0
1748210400000,0.0346,0.035,0.0346,0.0349,111554.0
1748210700000,0.0349,0.0353,0.0348,0.0353,273494.0
1748211000000,0.0354,0.0356,0.0354,0.0355,536282.0
1748211300000,0.0355,0.0356,0.0353,0.0353,234397.0
1748211600000,0.0353,0.0354,0.0352,0.0353,283497.0
1748211900000,0.0353,0.0353,0.0352,0.0353,234674.0
1748212200000,0.0353,0.0353,0.0352,0.0353,184911.0
1748212500000,0.0353,0.0353,0.0351,0.0352,167634.0
1748212800000,0.0352,0.0354,0.0352,0.0354,404802.0
1748213100000,0.0354,0.0355,0.0353,0.0354,207485.0
1748213400000,0.0354,0.0355,0.0354,0.0354,228742.0
1748213700000,0.0355,0.0355,0.0354,0.0354,61617.0
1748214000000,0.0355,0.0356,0.0354,0.0355,212894.0
1748214300000,0.0355,0.0356,0.0354,0.0355,170981.0
1748214600000,0.0355,0.0355,0.0354,0.0354,32691.0
1748214900000,0.0355,0.0355,0.0354,0.0354,99227.0
1748215200000,0.0354,0.0354,0.0353,0.0353,9201.0
1748215500000,0.0354,0.0354,0.0354,0.0354,66714.0
1748215800000,0.0354,0.0356,0.0354,0.0356,16178.0
1748216100000,0.0356,0.0357,0.0356,0.0356,17334.0
1748216400000,0.0356,0.0357,0.0356,0.0356,60055.0
1748216700000,0.0357,0.0357,0.0355,0.0355,21437.0
1748217000000,0.0356,0.0356,0.0355,0.0356,43409.0
1748217300000,0.0356,0.0356,0.0355,0.0356,69958.0
1748217600000,0.0355,0.0357,0.0355,0.0357,76231.0
1748217900000,0.0356,0.0357,0.0355,0.0356,99323.0
1748218200000,0.0355,0.0356,0.0355,0.0355,52476.0
1748218500000,0.0356,0.0357,0.0356,0.0356,21201.0
1748218800000,0.0356,0.0357,0.0356,0.0357,742.0
1748219100000,0.0356,0.0357,0.0356,0.0356,5551.0
1748219400000,0.0357,0.0357,0.0356,0.0356,89118.0
1748219700000,0.0358,0.0358,0.0358,0.0358,1077.0
1748220000000,0.0358,0.036,0.0357,0.0357,268295.0
1748220300000,0.0358,0.0359,0.0358,0.0359,55768.0
1748220600000,0.0359,0.0359,0.0359,0.0359,2785.0
1748220900000,0.0358,0.0359,0.0358,0.0359,121833.0
1748221200000,0.036,0.036,0.0359,0.0359,96390.0
1748221500000,0.0359,0.0359,0.0358,0.0359,111664.0
1748221800000,0.0358,0.0359,0.0358,0.0359,100561.0
1748222100000,0.0359,0.036,0.0358,0.0358,94479.0
1748222400000,0.0357,0.0359,0.0357,0.0357,123175.0
1748222700000,0.0358,0.036,0.0358,0.036,49992.0
1748223000000,0.0359,0.0359,0.0357,0.0358,514367.0
1748223300000,0.0358,0.0359,0.0358,0.0359,72669.0
1748223600000,0.0359,0.0361,0.0359,0.036,107784.0
1748223900000,0.036,0.036,0.036,0.036,15000.0
1748224200000,0.036,0.036,0.0359,0.0359,29351.0
1748224500000,0.0359,0.036,0.0359,0.0359,80255.0
1748224800000,0.0359,0.036,0.0359,0.0359,17861.0
1748225100000,0.0359,0.0359,0.0359,0.0359,79046.0
1748225400000,0.036,0.036,0.0359,0.036,152605.0
1748225700000,0.0359,0.0361,0.0359,0.0361,12598.0
1748226000000,0.0361,0.0361,0.0359,0.036,52017.0
1748226300000,0.036,0.036,0.0359,0.036,5241.0
1748226600000,0.036,0.0361,0.0359,0.036,109091.0
1748226900000,0.036,0.036,0.0359,0.036,42425.0
1748227200000,0.036,0.0361,0.036,0.036,64150.0
1748227500000,0.036,0.036,0.0358,0.036,113145.0
1748227800000,0.0359,0.036,0.0359,0.0359,18993.0
1748228100000,0.0359,0.0359,0.0358,0.0359,35780.0
1748228400000,0.0359,0.0359,0.0359,0.0359,29273.0
1748228700000,0.0358,0.0358,0.0358,0.0358,293.0
1748229000000,0.0359,0.0359,0.0358,0.0359,74454.0
1748229300000,0.0359,0.036,0.0359,0.0359,1338.0
1748229600000,0.036,0.036,0.0359,0.0359,1983.0
1748229900000,0.036,0.0361,0.0359,0.0361,95965.0
1748230200000,0.0361,0.0361,0.0361,0.0361,44395.0
1748230500000,0.0361,0.0362,0.0361,0.0362,18046.0
1748230800000,0.0362,0.0363,0.0362,0.0362,66594.0
1748231100000,0.0362,0.0362,0.0361,0.0362,70157.0
1748231400000,0.0362,0.0362,0.0362,0.0362,29722.0
1748231700000,0.0361,0.0361,0.0361,0.0361,38600.0
1748232000000,0.0361,0.0362,0.036,0.036,134450.0
1748232300000,0.0361,0.0361,0.036,0.0361,148067.0
1748232600000,0.036,0.036,0.0359,0.036,40798.0
1748232900000,0.036,0.036,0.036,0.036,1305.0
1748233200000,0.0361,0.0361,0.0361,0.0361,439.0
1748233500000,0.0361,0.0362,0.0361,0.0362,82226.0
1748233800000,0.0362,0.0362,0.036,0.0361,96934.0
1748234100000,0.0361,0.0361,0.0361,0.0361,17721.0
1748234400000,0.0361,0.0361,0.036,0.036,37575.0
1748234700000,0.036,0.036,0.036,0.036,1456.0
1748235000000,0.0361,0.0361,0.036,0.036,37622.0
1748235300000,0.0359,0.036,0.0359,0.036,977.0
1748235600000,0.036,0.036,0.036,0.036,8993.0
1748235900000,0.036,0.036,0.0359,0.0359,39928.0
1748236200000,0.036,0.036,0.036,0.036,1083.0
1748236500000,0.036,0.0361,0.036,0.036,58617.0
1748236800000,0.036,0.036,0.0359,0.0359,34886.0
1748237100000,0.036,0.0361,0.036,0.0361,115682.0
1748237400000,0.0361,0.0361,0.0361,0.0361,86455.0
1748237700000,0.036,0.0361,0.0359,0.0359,147705.0
1748238000000,0.0359,0.036,0.0359,0.036,1601.0
1748238300000,0.0359,0.036,0.0359,0.036,9729.0
1748238600000,0.0359,0.0359,0.0359,0.0359,9319.0
1748238900000,0.036,0.036,0.036,0.036,3893.0
1748239200000,0.036,0.0364,0.036,0.0364,991588.0
1748239500000,0.0364,0.0365,0.0363,0.0364,156478.0
1748239800000,0.0364,0.0364,0.0363,0.0363,26326.0
1748240100000,0.0363,0.0364,0.0363,0.0364,78021.0
1748240400000,0.0363,0.0364,0.0363,0.0364,18840.0
1748240700000,0.0364,0.0364,0.0363,0.0363,1615.0
1748241000000,0.0364,0.0365,0.0363,0.0363,72694.0
1748241300000,0.0364,0.0364,0.0363,0.0363,4824.0
1748241600000,0.0363,0.0363,0.0362,0.0362,67808.0
1748241900000,0.0362,0.0362,0.0362,0.0362,0.0
1748242200000,0.0362,0.0362,0.0361,0.0362,35165.0
1748242500000,0.0362,0.0362,0.0362,0.0362,29240.0
1748242800000,0.0362,0.0363,0.0362,0.0363,33669.0
1748243100000,0.0363,0.0364,0.0363,0.0364,51506.0
1748243400000,0.0364,0.0364,0.0363,0.0363,106963.0
1748243700000,0.0363,0.0364,0.0362,0.0364,45734.0
1748244000000,0.0364,0.0365,0.0363,0.0365,64730.0
1748244300000,0.0364,0.0365,0.0363,0.0365,269330.0
1748244600000,0.0365,0.0366,0.0364,0.0365,35832.0
1748244900000,0.0365,0.0365,0.0365,0.0365,5463.0
1748245200000,0.0364,0.0365,0.0364,0.0364,4728.0
1748245500000,0.0364,0.0364,0.0364,0.0364,120594.0
1748245800000,0.0364,0.0364,0.0363,0.0364,62807.0
1748246100000,0.0364,0.0365,0.0364,0.0365,37145.0
1748246400000,0.0365,0.0365,0.0365,0.0365,74859.0
1748246700000,0.0365,0.037,0.0365,0.0368,1586957.0
1748247000000,0.0369,0.0369,0.0368,0.0369,43521.0
1748247300000,0.0368,0.037,0.0368,0.037,8243.0
1748247600000,0.0369,0.0369,0.0367,0.0368,59907.0
1748247900000,0.0367,0.0369,0.0367,0.0368,25356.0
1748248200000,0.0369,0.037,0.0368,0.0369,153646.0
1748248500000,0.0369,0.037,0.0368,0.0369,101839.0
1748248800000,0.0369,0.0369,0.0369,0.0369,52760.0
1748249100000,0.0369,0.037,0.0368,0.0369,211418.0
1748249400000,0.037,0.037,0.0368,0.0368,118398.0
1748249700000,0.0369,0.0371,0.0368,0.037,39480.0
1748250000000,0.037,0.0371,0.0369,0.037,163237.0
1748250300000,0.037,0.0371,0.0369,0.0371,61843.0
1748250600000,0.0371,0.0371,0.0369,0.037,168391.0
1748250900000,0.0369,0.0369,0.0369,0.0369,176194.0
1748251200000,0.0369,0.0369,0.0368,0.0368,70299.0
1748251500000,0.0368,0.0368,0.0367,0.0367,8789.0
1748251800000,0.0368,0.0368,0.0366,0.0366,50100.0
1748252100000,0.0367,0.0367,0.0366,0.0366,81940.0
1748252400000,0.0366,0.0366,0.0364,0.0366,81495.0
1748252700000,0.0364,0.0365,0.0364,0.0364,57183.0
1748253000000,0.0366,0.0366,0.0365,0.0365,108593.0
1748253300000,0.0365,0.0366,0.0364,0.0366,82112.0
1748253600000,0.0366,0.0366,0.0365,0.0365,116935.0
1748253900000,0.0364,0.0364,0.0363,0.0364,300040.0
1748254200000,0.0365,0.0366,0.0365,0.0366,225308.0
1748254500000,0.0366,0.0367,0.0366,0.0367,14382.0
1748254800000,0.0367,0.0367,0.0366,0.0366,21135.0
1748255100000,0.0367,0.0368,0.0366,0.0367,24131.0
1748255400000,0.0367,0.0367,0.0365,0.0365,33100.0
1748255700000,0.0365,0.0366,0.0365,0.0366,20998.0
1748256000000,0.0365,0.0366,0.0364,0.0364,121177.0
1748256300000,0.0364,0.0365,0.0364,0.0365,80822.0
1748256600000,0.0364,0.0364,0.0362,0.0363,145195.0
1748256900000,0.0362,0.0362,0.0362,0.0362,20990.0
1748257200000,0.0362,0.0362,0.0361,0.0361,112231.0
1748257500000,0.0361,0.0363,0.0361,0.0362,309809.0
1748257800000,0.0362,0.0363,0.0362,0.0363,64321.0
1748258100000,0.0362,0.0362,0.0362,0.0362,84985.0
1748258400000,0.0362,0.0362,0.0362,0.0362,3603.0
1748258700000,0.0362,0.0362,0.0362,0.0362,1099.0
1748259000000,0.0362,0.0363,0.0362,0.0362,22700.0
1748259300000,0.0361,0.0361,0.036,0.0361,127090.0
1748259600000,0.036,0.0362,0.036,0.0362,34330.0
1748259900000,0.0362,0.0362,0.0361,0.0362,2806.0
1748260200000,0.0361,0.0361,0.036,0.0361,38366.0
1748260500000,0.0361,0.0363,0.0361,0.0361,140318.0
1748260800000,0.0362,0.0362,0.0361,0.0362,133970.0
1748261100000,0.0362,0.0362,0.0361,0.0362,5891.0
1748261400000,0.0362,0.0362,0.0361,0.0361,18702.0
1748261700000,0.0362,0.0362,0.036,0.0361,153883.0
1748262000000,0.0361,0.0362,0.0361,0.0361,4098.0
1748262300000,0.0361,0.0361,0.0361,0.0361,11472.0
1748262600000,0.0362,0.0362,0.0361,0.0361,3477.0
1748262900000,0.0361,0.0361,0.036,0.036,17576.0
1748263200000,0.0361,0.0362,0.0361,0.0362,24953.0
1748263500000,0.0361,0.0361,0.0361,0.0361,237.0
1748263800000,0.0363,0.0363,0.0363,0.0363,14224.0
1748264100000,0.0363,0.0364,0.0363,0.0363,48877.0
1748264400000,0.0362,0.0364,0.0362,0.0363,154057.0
1748264700000,0.0362,0.0362,0.036,0.0361,81556.0
1748265000000,0.0361,0.0362,0.0361,0.0361,91675.0
1748265300000,0.0361,0.0362,0.036,0.036,85790.0
1748265600000,0.036,0.036,0.0358,0.036,174273.0
1748265900000,0.0359,0.036,0.0358,0.0358,982167.0
1748266200000,0.0359,0.036,0.0358,0.0358,164939.0
1748266500000,0.0358,0.0359,0.0357,0.0358,128910.0
1748266800000,0.0358,0.0359,0.0358,0.0358,131049.0
1748267100000,0.0358,0.0358,0.0357,0.0357,49978.0
1748267400000,0.0356,0.0357,0.0355,0.0355,106613.0
1748267700000,0.0355,0.0355,0.0354,0.0355,105989.0
1748268000000,0.0354,0.0355,0.0354,0.0354,155263.0
1748268300000,0.0353,0.0354,0.0353,0.0354,121055.0
1748268600000,0.0354,0.0355,0.0354,0.0354,128008.0
1748268900000,0.0355,0.0355,0.0354,0.0355,146553.0
1748269200000,0.0355,0.0355,0.0353,0.0354,147883.0
1748269500000,0.0354,0.0354,0.0352,0.0353,83852.0
1748269800000,0.0353,0.0353,0.035,0.0351,445003.0
1748270100000,0.0351,0.0352,0.035,0.0351,154339.0
1748270400000,0.0351,0.0352,0.0351,0.0352,57101.0
1748270700000,0.0352,0.0353,0.0351,0.0351,187650.0
1748271000000,0.0352,0.0352,0.0352,0.0352,56294.0
1748271300000,0.0353,0.0353,0.0353,0.0353,313.0
1748271600000,0.0353,0.0354,0.0351,0.0351,154650.0
1748271900000,0.0351,0.0351,0.0349,0.0351,226782.0
1748272200000,0.035,0.0351,0.0349,0.0351,211514.0
1748272500000,0.035,0.0351,0.035,0.0351,84290.0
1748272800000,0.0351,0.0352,0.0351,0.0352,190723.0
1748273100000,0.0352,0.0352,0.0352,0.0352,19880.0
1748273400000,0.0353,0.0356,0.0353,0.0355,339147.0
1748273700000,0.0355,0.0356,0.0354,0.0356,281430.0
1748274000000,0.0356,0.0357,0.0355,0.0356,187319.0
1748274300000,0.0356,0.0357,0.0355,0.0357,98880.0
1748274600000,0.0357,0.0358,0.0356,0.0357,91606.0
1748274900000,0.0357,0.0357,0.0356,0.0357,68151.0
1748275200000,0.0357,0.0358,0.0356,0.0357,94484.0
1748275500000,0.0358,0.0359,0.0357,0.0359,258764.0
1748275800000,0.0359,0.0359,0.0356,0.0357,219995.0
1748276100000,0.0357,0.0358,0.0354,0.0354,111052.0
1748276400000,0.0354,0.0354,0.0352,0.0352,302782.0
1748276700000,0.0352,0.0352,0.0351,0.0351,102187.0
1748277000000,0.0351,0.0352,0.035,0.0352,204675.0
1748277300000,0.0352,0.0353,0.0352,0.0353,628766.0
1748277600000,0.0352,0.0353,0.0351,0.0353,149671.0
1748277900000,0.0353,0.0353,0.0352,0.0352,72338.0
1748278200000,0.0352,0.0352,0.0352,0.0352,0.0
1748278500000,0.0352,0.0353,0.0352,0.0352,66931.0
1748278800000,0.0352,0.0353,0.0352,0.0352,22927.0
1748279100000,0.0352,0.0353,0.0352,0.0352,7178.0
1748279400000,0.0351,0.0351,0.035,0.0351,60745.0
1748279700000,0.0351,0.0351,0.0349,0.0349,281812.0
1748280000000,0.035,0.0351,0.035,0.035,280708.0
1748280300000,0.035,0.035,0.035,0.035,4232.0
1748280600000,0.035,0.035,0.0348,0.035,140052.0
1748280900000,0.0349,0.0349,0.0348,0.0348,43137.0
1748281200000,0.0348,0.0349,0.0348,0.0348,233841.0
1748281500000,0.0348,0.0348,0.0347,0.0348,76158.0
1748281800000,0.0347,0.0349,0.0346,0.0348,84728.0
1748282100000,0.0348,0.0348,0.0348,0.0348,6494.0
1748282400000,0.0348,0.0349,0.0348,0.0348,64348.0
1748282700000,0.0349,0.035,0.0349,0.035,95133.0
1748283000000,0.0349,0.0351,0.0349,0.0351,40084.0
1748283300000,0.0351,0.0351,0.0349,0.0349,76712.0
1748283600000,0.035,0.035,0.0349,0.0349,4530.0
1748283900000,0.0349,0.035,0.0349,0.035,3910.0
1748284200000,0.0351,0.0351,0.035,0.035,156141.0
1748284500000,0.0351,0.0351,0.0351,0.0351,82572.0
1748284800000,0.0351,0.0351,0.035,0.0351,98603.0
1748285100000,0.0351,0.0351,0.0351,0.0351,43032.0
1748285400000,0.0351,0.0351,0.035,0.0351,62245.0
1748285700000,0.035,0.035,0.035,0.035,390.0
1748286000000,0.035,0.035,0.0348,0.0348,124227.0
1748286300000,0.0349,0.0349,0.0349,0.0349,50481.0
1748286600000,0.0349,0.0353,0.0348,0.0352,386556.0
1748286900000,0.0352,0.0352,0.0351,0.0351,15832.0
1748287200000,0.0351,0.0352,0.0351,0.0352,38892.0
1748287500000,0.0352,0.0352,0.0352,0.0352,81122.0
1748287800000,0.0351,0.0351,0.035,0.035,73993.0
1748288100000,0.035,0.035,0.0349,0.0349,41724.0
1748288400000,0.035,0.0351,0.035,0.035,96784.0
1748288700000,0.0351,0.0351,0.0351,0.0351,289.0
1748289000000,0.0351,0.0351,0.035,0.035,12126.0
1748289300000,0.0351,0.0351,0.0351,0.0351,217.0
1748289600000,0.035,0.035,0.0348,0.0348,136262.0
1748289900000,0.0348,0.0349,0.0347,0.0349,216693.0
1748290200000,0.035,0.035,0.0349,0.0349,2180.0
1748290500000,0.0349,0.035,0.0349,0.0349,100058.0
1748290800000,0.0348,0.0349,0.0348,0.0349,17690.0
1748291100000,0.0349,0.035,0.0349,0.0349,96948.0
1748291400000,0.0348,0.0349,0.0348,0.0349,77981.0
1748291700000,0.035,0.035,0.035,0.035,9698.0
1748292000000,0.035,0.0351,0.0349,0.035,96819.0
1748292300000,0.035,0.035,0.0349,0.035,22719.0
1748292600000,0.0349,0.0349,0.0349,0.0349,73846.0
1748292900000,0.035,0.035,0.035,0.035,5924.0
1748293200000,0.035,0.0351,0.0349,0.0349,22433.0
1748293500000,0.0349,0.0349,0.0349,0.0349,50094.0
1748293800000,0.0349,0.035,0.0349,0.035,37490.0
1748294100000,0.035,0.035,0.0348,0.0348,26681.0
1748294400000,0.0349,0.0349,0.0348,0.0349,47685.0
1748294700000,0.0349,0.0349,0.0349,0.0349,1313.0
1748295000000,0.0349,0.035,0.0349,0.035,5208.0
1748295300000,0.035,0.035,0.035,0.035,287.0
1748295600000,0.0349,0.0349,0.0348,0.0348,29482.0
1748295900000,0.0349,0.0349,0.0349,0.0349,294.0
1748296200000,0.0349,0.0349,0.0349,0.0349,66988.0
1748296500000,0.035,0.035,0.035,0.035,224.0
1748296800000,0.035,0.035,0.035,0.035,0.0
1748297100000,0.0349,0.0349,0.0349,0.0349,5241.0
1748297400000,0.035,0.0353,0.035,0.0352,100212.0
1748297700000,0.0352,0.0352,0.0352,0.0352,76842.0
1748298000000,0.0351,0.0351,0.035,0.0351,41090.0
1748298300000,0.035,0.035,0.035,0.035,187.0
1748298600000,0.035,0.035,0.035,0.035,1395.0
1748298900000,0.035,0.035,0.035,0.035,0.0
1748299200000,0.035,0.035,0.035,0.035,31961.0
1748299500000,0.0349,0.0349,0.0349,0.0349,787.0
1748299800000,0.035,0.035,0.0349,0.0349,90632.0
1748300100000,0.0348,0.0349,0.0348,0.0349,1088.0
1748300400000,0.0349,0.0349,0.0348,0.0348,54243.0
1748300700000,0.0348,0.0348,0.0348,0.0348,64292.0
1748301000000,0.0349,0.0349,0.0349,0.0349,767.0
1748301300000,0.0348,0.0348,0.0348,0.0348,19132.0
1748301600000,0.0348,0.0348,0.0347,0.0348,49365.0
1748301900000,0.0348,0.0348,0.0348,0.0348,219.0
1748302200000,0.0348,0.0348,0.0348,0.0348,0.0
1748302500000,0.0348,0.0348,0.0348,0.0348,325.0
1748302800000,0.0348,0.0349,0.0348,0.0349,62873.0
1748303100000,0.0348,0.0348,0.0344,0.0346,1096422.0
1748303400000,0.0346,0.0348,0.0345,0.0348,252755.0
1748303700000,0.0348,0.0348,0.0347,0.0348,20063.0
1748304000000,0.0348,0.0349,0.0348,0.0348,104957.0
1748304300000,0.0348,0.0351,0.0347,0.0351,391334.0
1748304600000,0.0351,0.0352,0.035,0.035,478529.0
1748304900000,0.0351,0.0351,0.035,0.035,161430.0
1748305200000,0.035,0.035,0.0348,0.0349,53341.0
1748305500000,0.0349,0.035,0.0348,0.0349,82068.0
1748305800000,0.0349,0.0349,0.0349,0.0349,52524.0
1748306100000,0.0349,0.0349,0.0348,0.0348,97951.0
1748306400000,0.0348,0.0348,0.0347,0.0347,40962.0
1748306700000,0.0347,0.0347,0.0347,0.0347,32685.0
1748307000000,0.0346,0.0346,0.0346,0.0346,2822.0
1748307300000,0.0346,0.0346,0.0345,0.0345,38037.0
1748307600000,0.0345,0.0346,0.0343,0.0345,74634.0
1748307900000,0.0344,0.0344,0.0344,0.0344,36778.0
1748308200000,0.0344,0.0344,0.0342,0.0342,59680.0
1748308500000,0.0342,0.0343,0.0341,0.0343,267238.0
1748308800000,0.0342,0.0342,0.034,0.0342,233850.0
1748309100000,0.0342,0.0343,0.0342,0.0343,85110.0
1748309400000,0.0343,0.0344,0.0343,0.0344,275511.0
1748309700000,0.0343,0.0343,0.0342,0.0343,117676.0
1748310000000,0.0343,0.0343,0.0342,0.0342,27210.0
1748310300000,0.0342,0.0343,0.0342,0.0342,180232.0
1748310600000,0.0343,0.0343,0.0343,0.0343,37977.0
1748310900000,0.0343,0.0343,0.0342,0.0343,308442.0
1748311200000,0.0343,0.0345,0.0343,0.0345,226178.0
1748311500000,0.0345,0.0345,0.0345,0.0345,2020.0
1748311800000,0.0345,0.0347,0.0345,0.0346,488813.0
1748312100000,0.0346,0.0346,0.0344,0.0345,288828.0
1748312400000,0.0346,0.0347,0.0346,0.0347,18504.0
1748312700000,0.0346,0.0347,0.0345,0.0347,222523.0
1748313000000,0.0346,0.0347,0.0346,0.0347,12669.0
1748313300000,0.0347,0.0348,0.0347,0.0348,56768.0
1748313600000,0.0347,0.0348,0.0347,0.0348,3588.0
1748313900000,0.0347,0.0348,0.0347,0.0348,13811.0
1748314200000,0.0347,0.0348,0.0346,0.0348,69797.0
1748314500000,0.0348,0.0348,0.0347,0.0348,2849.0
1748314800000,0.0347,0.0348,0.0347,0.0348,102661.0
1748315100000,0.0348,0.035,0.0348,0.035,57985.0
1748315400000,0.0349,0.0351,0.0348,0.0351,38239.0
1748315700000,0.0351,0.0351,0.035,0.0351,134594.0
1748316000000,0.0351,0.0351,0.035,0.035,14177.0
1748316300000,0.0349,0.035,0.0349,0.0349,2117.0
1748316600000,0.035,0.035,0.035,0.035,114722.0
1748316900000,0.0349,0.0349,0.0349,0.0349,715.0
1748317200000,0.035,0.0352,0.035,0.0352,447464.0
1748317500000,0.0351,0.0352,0.0351,0.0351,27641.0
1748317800000,0.035,0.035,0.0347,0.0348,698676.0
1748318100000,0.0348,0.0348,0.0346,0.0346,142744.0
1748318400000,0.0346,0.0347,0.0344,0.0344,471835.0
1748318700000,0.0344,0.0345,0.034,0.0342,2207594.0
1748319000000,0.0342,0.0344,0.0338,0.0344,1032059.0
1748319300000,0.0343,0.0343,0.0341,0.0343,442109.0
1748319600000,0.0342,0.0344,0.0341,0.0343,222695.0
1748319900000,0.0343,0.0344,0.0343,0.0344,83767.0
1748320200000,0.0343,0.0345,0.0343,0.0345,435094.0
1748320500000,0.0345,0.0346,0.0344,0.0346,137355.0
1748320800000,0.0345,0.0345,0.0345,0.0345,127390.0
1748321100000,0.0346,0.0347,0.0346,0.0346,44626.0
1748321400000,0.0347,0.0351,0.0346,0.035,1448907.0
1748321700000,0.0349,0.0349,0.0348,0.0348,79028.0
1748322000000,0.0349,0.035,0.0347,0.0348,169183.0
1748322300000,0.0348,0.0348,0.0347,0.0347,162382.0
1748322600000,0.0347,0.0347,0.0346,0.0346,1887.0
1748322900000,0.0346,0.0346,0.0346,0.0346,18437.0
1748323200000,0.0345,0.0345,0.0345,0.0345,9255.0
1748323500000,0.0346,0.0346,0.0345,0.0345,24582.0
1748323800000,0.0345,0.0345,0.0345,0.0345,0.0
1748324100000,0.0346,0.0347,0.0346,0.0347,15191.0
1748324400000,0.0347,0.0347,0.0347,0.0347,70874.0
1748324700000,0.0347,0.0348,0.0347,0.0348,7024.0
1748325000000,0.0348,0.0353,0.0348,0.0352,319897.0
1748325300000,0.0353,0.0353,0.0351,0.0352,179603.0
1748325600000,0.0352,0.0357,0.0351,0.0357,346215.0
1748325900000,0.0357,0.0358,0.0357,0.0358,257566.0
1748326200000,0.0358,0.036,0.0358,0.0359,279446.0
1748326500000,0.0359,0.036,0.0357,0.0357,204561.0
1748326800000,0.0357,0.0357,0.0356,0.0357,251308.0
1748327100000,0.0358,0.0358,0.0356,0.0357,307515.0
1748327400000,0.0357,0.0358,0.0357,0.0357,204534.0
1748327700000,0.0358,0.0359,0.0358,0.0359,147168.0
1748328000000,0.0359,0.0359,0.0359,0.0359,82710.0
1748328300000,0.0358,0.0358,0.0357,0.0358,144958.0
1748328600000,0.0357,0.0357,0.0356,0.0356,85171.0
1748328900000,0.0355,0.0356,0.0355,0.0356,70183.0
1748329200000,0.0355,0.0356,0.0355,0.0355,49861.0
1748329500000,0.0356,0.036,0.0356,0.0359,1027908.0
1748329800000,0.0358,0.0358,0.0358,0.0358,53753.0
1748330100000,0.0359,0.0359,0.0358,0.0358,67501.0
1748330400000,0.0357,0.0357,0.0357,0.0357,163286.0
1748330700000,0.0358,0.0358,0.0357,0.0357,232740.0
1748331000000,0.0358,0.0358,0.0357,0.0358,140291.0
1748331300000,0.0359,0.0359,0.0359,0.0359,24436.0
1748331600000,0.0359,0.0359,0.0359,0.0359,53456.0
1748331900000,0.0359,0.0359,0.0358,0.0359,60104.0
1748332200000,0.036,0.036,0.0359,0.0359,39494.0
1748332500000,0.0358,0.0358,0.0357,0.0358,34929.0
1748332800000,0.0358,0.0358,0.0358,0.0358,119875.0
1748333100000,0.0358,0.0359,0.0358,0.0359,60393.0
1748333400000,0.0359,0.0359,0.0359,0.0359,35340.0
1748333700000,0.0358,0.036,0.0358,0.0359,236784.0
1748334000000,0.0359,0.036,0.0358,0.036,52839.0
1748334300000,0.0359,0.0359,0.0359,0.0359,22930.0
1748334600000,0.0358,0.0358,0.0358,0.0358,111741.0
1748334900000,0.0358,0.036,0.0358,0.036,85739.0
1748335200000,0.0359,0.036,0.0359,0.0359,154365.0
1748335500000,0.0359,0.036,0.0358,0.0358,68088.0
1748335800000,0.0358,0.036,0.0358,0.036,50799.0
1748336100000,0.0359,0.036,0.0359,0.036,10024.0
1748336400000,0.0359,0.0359,0.0359,0.0359,83749.0
1748336700000,0.036,0.0361,0.036,0.0361,23739.0
1748337000000,0.036,0.036,0.0359,0.0359,73736.0
1748337300000,0.036,0.0361,0.0359,0.0359,225020.0
1748337600000,0.0359,0.0359,0.0358,0.0359,86823.0
1748337900000,0.0358,0.0358,0.0358,0.0358,19923.0
1748338200000,0.0358,0.0358,0.0358,0.0358,4601.0
1748338500000,0.0359,0.0359,0.0359,0.0359,5650.0
1748338800000,0.0358,0.0358,0.0358,0.0358,10325.0
1748339100000,0.0359,0.036,0.0359,0.0359,23907.0
1748339400000,0.0359,0.036,0.0359,0.036,23398.0
1748339700000,0.0361,0.0361,0.036,0.036,1778.0
1748340000000,0.036,0.0361,0.0359,0.0359,115733.0
1748340300000,0.0358,0.0359,0.0358,0.0359,45189.0
1748340600000,0.0358,0.0359,0.0358,0.0359,9055.0
1748340900000,0.0359,0.0359,0.0358,0.0359,71140.0
1748341200000,0.0358,0.0358,0.0358,0.0358,87046.0
1748341500000,0.0358,0.0358,0.0357,0.0357,308377.0
1748341800000,0.0357,0.0357,0.0357,0.0357,2576.0
1748342100000,0.0357,0.0357,0.0356,0.0357,6712.0
1748342400000,0.0356,0.0357,0.0356,0.0357,793.0
1748342700000,0.0357,0.0357,0.0356,0.0357,38207.0
1748343000000,0.0357,0.0358,0.0357,0.0357,131980.0
1748343300000,0.0357,0.0357,0.0357,0.0357,3624.0
1748343600000,0.0357,0.0357,0.0356,0.0357,114590.0
1748343900000,0.0356,0.0356,0.0356,0.0356,168.0
1748344200000,0.0356,0.0356,0.0356,0.0356,48111.0
1748344500000,0.0356,0.0356,0.0356,0.0356,39050.0
1748344800000,0.0356,0.0356,0.0356,0.0356,21590.0
1748345100000,0.0357,0.0357,0.0357,0.0357,371.0
1748345400000,0.0357,0.0358,0.0357,0.0357,153258.0
1748345700000,0.0356,0.0357,0.0356,0.0356,63172.0
1748346000000,0.0356,0.0357,0.0355,0.0356,72564.0
1748346300000,0.0356,0.0357,0.0356,0.0357,3939.0
1748346600000,0.0356,0.0356,0.0356,0.0356,1575.0
1748346900000,0.0357,0.0357,0.0357,0.0357,32187.0
1748347200000,0.0356,0.0358,0.0356,0.0357,84147.0
1748347500000,0.0357,0.0358,0.0357,0.0357,95203.0
1748347800000,0.0356,0.0356,0.0356,0.0356,113011.0
1748348100000,0.0356,0.0358,0.0356,0.0357,109349.0
1748348400000,0.0357,0.0358,0.0357,0.0357,26209.0
1748348700000,0.0358,0.0359,0.0358,0.0359,6933.0
1748349000000,0.0359,0.0363,0.0357,0.0362,947931.0
1748349300000,0.0363,0.0366,0.0362,0.0364,668747.0
1748349600000,0.0364,0.0367,0.0363,0.0365,476403.0
1748349900000,0.0364,0.0365,0.0364,0.0365,184840.0
1748350200000,0.0364,0.0367,0.0363,0.0366,344403.0
1748350500000,0.0367,0.0367,0.0365,0.0365,289222.0
1748350800000,0.0366,0.0366,0.0361,0.0361,1022810.0
1748351100000,0.0362,0.0368,0.0362,0.0365,1229777.0
1748351400000,0.0365,0.0368,0.0365,0.0368,1280805.0
1748351700000,0.0368,0.0373,0.0367,0.0372,1212737.0
1748352000000,0.0371,0.0371,0.0369,0.0369,150321.0
1748352300000,0.0368,0.0368,0.0367,0.0367,53021.0
1748352600000,0.0369,0.0369,0.0367,0.0367,198185.0
1748352900000,0.0366,0.0367,0.0366,0.0366,265732.0
1748353200000,0.0366,0.0366,0.0364,0.0365,203029.0
1748353500000,0.0365,0.0366,0.0365,0.0365,134414.0
1748353800000,0.0363,0.0364,0.0362,0.0364,105061.0
1748354100000,0.0364,0.0364,0.0363,0.0363,143337.0
1748354400000,0.0364,0.0365,0.0364,0.0364,66877.0
1748354700000,0.0364,0.0364,0.0362,0.0363,91041.0
1748355000000,0.0363,0.0364,0.0363,0.0364,85494.0
1748355300000,0.0363,0.0364,0.0363,0.0363,155166.0
1748355600000,0.0362,0.0362,0.036,0.0361,108215.0
1748355900000,0.036,0.0361,0.036,0.0361,52483.0
1748356200000,0.036,0.0361,0.0356,0.0359,879888.0
1748356500000,0.0359,0.036,0.0359,0.036,16388.0
1748356800000,0.036,0.0361,0.0359,0.036,29185.0
1748357100000,0.0361,0.0362,0.0361,0.0362,9451.0
1748357400000,0.0362,0.0362,0.036,0.036,62084.0
1748357700000,0.0361,0.0361,0.036,0.0361,62586.0
1748358000000,0.0361,0.0361,0.0359,0.0359,24644.0
1748358300000,0.0359,0.0361,0.0359,0.0361,142184.0
1748358600000,0.036,0.036,0.0358,0.0358,109382.0
1748358900000,0.0359,0.036,0.0359,0.0359,104063.0
1748359200000,0.0359,0.0359,0.0358,0.0359,84567.0
1748359500000,0.0358,0.0359,0.0358,0.0359,19119.0
1748359800000,0.036,0.036,0.036,0.036,159851.0
1748360100000,0.0359,0.036,0.0359,0.036,51823.0
1748360400000,0.0361,0.0361,0.036,0.0361,102484.0
1748360700000,0.0362,0.0362,0.0362,0.0362,107946.0
1748361000000,0.0362,0.0362,0.0362,0.0362,1689.0
1748361300000,0.0362,0.0362,0.0362,0.0362,0.0
1748361600000,0.0362,0.0363,0.0362,0.0362,118244.0
1748361900000,0.0362,0.0362,0.0361,0.0361,91446.0
1748362200000,0.0361,0.0362,0.0361,0.0362,51781.0
1748362500000,0.0363,0.0364,0.0363,0.0363,59553.0
1748362800000,0.0364,0.0365,0.0363,0.0364,66580.0
1748363100000,0.0364,0.0364,0.0364,0.0364,64657.0
1748363400000,0.0364,0.0365,0.0364,0.0364,51716.0
1748363700000,0.0365,0.0366,0.0365,0.0365,25386.0
1748364000000,0.0365,0.0365,0.0365,0.0365,51969.0
1748364300000,0.0366,0.0367,0.0365,0.0366,170296.0
1748364600000,0.0366,0.0367,0.0366,0.0366,103983.0
1748364900000,0.0365,0.0366,0.0365,0.0365,53099.0
1748365200000,0.0366,0.0366,0.0365,0.0365,328.0
1748365500000,0.0366,0.0367,0.0365,0.0365,73398.0
1748365800000,0.0365,0.0365,0.0365,0.0365,0.0
1748366100000,0.0366,0.0366,0.0365,0.0365,458.0
1748366400000,0.0365,0.0365,0.0364,0.0364,61535.0
1748366700000,0.0364,0.0364,0.0363,0.0363,99111.0
1748367000000,0.0363,0.0363,0.0363,0.0363,19895.0
1748367300000,0.0363,0.0364,0.0363,0.0363,119780.0
1748367600000,0.0363,0.0364,0.0363,0.0363,146217.0
1748367900000,0.0364,0.0365,0.0364,0.0364,172910.0
1748368200000,0.0364,0.0365,0.0363,0.0364,64428.0
1748368500000,0.0364,0.0364,0.0364,0.0364,371.0
1748368800000,0.0364,0.0365,0.0363,0.0365,33604.0
1748369100000,0.0364,0.0364,0.0364,0.0364,338.0
1748369400000,0.0364,0.0364,0.0363,0.0364,100322.0
1748369700000,0.0363,0.0364,0.0363,0.0364,71084.0
1748370000000,0.0364,0.0364,0.0363,0.0364,42555.0
1748370300000,0.0364,0.0364,0.0363,0.0363,6834.0
1748370600000,0.0363,0.0363,0.0363,0.0363,7082.0
1748370900000,0.0362,0.0362,0.0362,0.0362,1202.0
1748371200000,0.0362,0.0362,0.0361,0.0361,89756.0
1748371500000,0.0362,0.0362,0.0361,0.0361,43757.0
1748371800000,0.0362,0.0362,0.0361,0.0362,58979.0
1748372100000,0.0361,0.0362,0.0361,0.0362,69721.0
1748372400000,0.0361,0.0361,0.036,0.0361,8850.0
1748372700000,0.036,0.0362,0.036,0.0362,45790.0
1748373000000,0.0361,0.0361,0.0361,0.0361,103865.0
1748373300000,0.0361,0.0362,0.036,0.0362,43084.0
1748373600000,0.0361,0.0362,0.0361,0.0361,1214.0
1748373900000,0.0361,0.0361,0.0361,0.0361,336.0
1748374200000,0.0361,0.0363,0.0361,0.0362,75045.0
1748374500000,0.0361,0.0362,0.036,0.0362,45108.0
1748374800000,0.0362,0.0363,0.0362,0.0362,108273.0
1748375100000,0.0362,0.0362,0.0362,0.0362,5510.0
1748375400000,0.0362,0.0362,0.0362,0.0362,0.0
1748375700000,0.0361,0.0361,0.036,0.036,7415.0
1748376000000,0.0361,0.0361,0.0361,0.0361,1245.0
1748376300000,0.0361,0.0361,0.0361,0.0361,77814.0
1748376600000,0.0361,0.0362,0.036,0.0361,201524.0
1748376900000,0.0361,0.0362,0.0361,0.0361,54285.0
1748377200000,0.0361,0.0361,0.0361,0.0361,1380.0
1748377500000,0.0361,0.0362,0.036,0.0362,33156.0
1748377800000,0.0361,0.0361,0.0361,0.0361,18554.0
1748378100000,0.0362,0.0362,0.0362,0.0362,851.0
1748378400000,0.0361,0.0361,0.036,0.036,171837.0
1748378700000,0.036,0.0362,0.036,0.0362,80075.0
1748379000000,0.0361,0.0362,0.0361,0.0361,1307.0
1748379300000,0.0361,0.0361,0.0361,0.0361,70904.0
1748379600000,0.0362,0.0362,0.0361,0.0361,1229.0
1748379900000,0.0362,0.0362,0.0361,0.0361,456.0
1748380200000,0.0361,0.0361,0.0361,0.0361,3368.0
1748380500000,0.0362,0.0362,0.0361,0.0361,11713.0
1748380800000,0.0362,0.0362,0.036,0.036,25040.0
1748381100000,0.0359,0.0361,0.0359,0.0359,158535.0
1748381400000,0.0359,0.036,0.0359,0.036,58388.0
1748381700000,0.0359,0.0359,0.0358,0.0358,39622.0
1748382000000,0.0358,0.0358,0.0357,0.0357,86659.0
1748382300000,0.0358,0.0358,0.0358,0.0358,4764.0
1748382600000,0.0359,0.0359,0.0358,0.0359,14115.0
1748382900000,0.0358,0.0359,0.0357,0.0358,55436.0
1748383200000,0.0358,0.036,0.0358,0.0359,244166.0
1748383500000,0.0359,0.0359,0.0359,0.0359,0.0
1748383800000,0.0359,0.0359,0.0357,0.0357,62811.0
1748384100000,0.0357,0.0358,0.0356,0.0356,189016.0
1748384400000,0.0356,0.0357,0.0355,0.0357,44321.0
1748384700000,0.0357,0.0358,0.0357,0.0358,48040.0
1748385000000,0.0357,0.0357,0.0356,0.0357,84106.0
1748385300000,0.0356,0.0357,0.0356,0.0357,18007.0
1748385600000,0.0356,0.0357,0.0356,0.0357,1898.0
1748385900000,0.0357,0.0358,0.0357,0.0357,144343.0
1748386200000,0.0358,0.0359,0.0357,0.0357,174632.0
1748386500000,0.0357,0.0357,0.0357,0.0357,998.0
1748386800000,0.0358,0.0359,0.0357,0.0357,69210.0
1748387100000,0.0359,0.0359,0.0358,0.0358,34722.0
1748387400000,0.0358,0.0358,0.0358,0.0358,0.0
1748387700000,0.0358,0.0358,0.0358,0.0358,0.0
1748388000000,0.0359,0.0359,0.0357,0.0357,39464.0
1748388300000,0.0357,0.0357,0.0356,0.0356,51266.0
1748388600000,0.0357,0.0358,0.0356,0.0358,138650.0
1748388900000,0.0357,0.0359,0.0357,0.0359,51026.0
1748389200000,0.0359,0.0359,0.0357,0.0358,190728.0
1748389500000,0.0358,0.0359,0.0357,0.0357,119051.0
1748389800000,0.0358,0.0358,0.0358,0.0358,316.0
1748390100000,0.0358,0.0359,0.0358,0.0359,165416.0
1748390400000,0.0359,0.036,0.0358,0.0358,70299.0
1748390700000,0.0358,0.0358,0.0358,0.0358,83514.0
1748391000000,0.0358,0.0358,0.0357,0.0357,19896.0
1748391300000,0.0357,0.0358,0.0357,0.0357,21531.0
1748391600000,0.0357,0.0358,0.0357,0.0358,130425.0
1748391900000,0.0359,0.0361,0.0359,0.036,200011.0
1748392200000,0.0361,0.0361,0.036,0.036,23619.0
1748392500000,0.036,0.036,0.036,0.036,74934.0
1748392800000,0.036,0.036,0.036,0.036,15105.0
1748393100000,0.036,0.0361,0.036,0.036,75089.0
1748393400000,0.0359,0.0361,0.0359,0.0361,43183.0
1748393700000,0.036,0.0362,0.036,0.0362,59436.0
1748394000000,0.0361,0.0362,0.036,0.036,23177.0
1748394300000,0.036,0.036,0.036,0.036,784.0
1748394600000,0.036,0.036,0.036,0.036,2428.0
1748394900000,0.036,0.036,0.0359,0.0359,54221.0
1748395200000,0.036,0.0361,0.036,0.036,50297.0
1748395500000,0.0359,0.0359,0.0359,0.0359,21768.0
1748395800000,0.0359,0.036,0.0359,0.0359,225335.0
1748396100000,0.036,0.036,0.0359,0.036,4162.0
1748396400000,0.0359,0.0359,0.0359,0.0359,46782.0
1748396700000,0.036,0.0361,0.036,0.036,57918.0
1748397000000,0.036,0.0361,0.036,0.036,59823.0
1748397300000,0.036,0.036,0.0358,0.0358,66568.0
1748397600000,0.0358,0.0359,0.0356,0.0356,74538.0
1748397900000,0.0357,0.0357,0.0357,0.0357,33123.0
1748398200000,0.0357,0.0357,0.0357,0.0357,31813.0
1748398500000,0.0357,0.0358,0.0357,0.0357,68686.0
1748398800000,0.0357,0.0358,0.0356,0.0357,78196.0
1748399100000,0.0356,0.0357,0.0356,0.0357,46819.0
1748399400000,0.0357,0.0358,0.0357,0.0357,56740.0
1748399700000,0.0357,0.0359,0.0357,0.0358,23203.0
1748400000000,0.0358,0.036,0.0357,0.036,126874.0
1748400300000,0.036,0.036,0.0359,0.036,36483.0
1748400600000,0.036,0.036,0.036,0.036,984.0
1748400900000,0.036,0.036,0.036,0.036,2424.0
1748401200000,0.036,0.0361,0.036,0.0361,51105.0
1748401500000,0.0361,0.0362,0.036,0.0362,50368.0
1748401800000,0.0362,0.0363,0.0362,0.0363,95874.0
1748402100000,0.0362,0.0363,0.0362,0.0362,110764.0
1748402400000,0.0362,0.0362,0.0361,0.0362,50476.0
1748402700000,0.0361,0.0363,0.0361,0.0363,71867.0
1748403000000,0.0362,0.0364,0.0362,0.0364,245737.0
1748403300000,0.0365,0.0365,0.0364,0.0365,5712.0
1748403600000,0.0365,0.0366,0.0365,0.0366,253946.0
1748403900000,0.0366,0.0366,0.0365,0.0366,155262.0
1748404200000,0.0367,0.0367,0.0366,0.0367,9020.0
1748404500000,0.0366,0.0366,0.0366,0.0366,334.0
1748404800000,0.0366,0.0368,0.0366,0.0367,185746.0
1748405100000,0.0367,0.0367,0.0367,0.0367,0.0
1748405400000,0.0367,0.0368,0.0367,0.0367,20247.0
1748405700000,0.0367,0.0367,0.0357,0.0358,2247618.0
1748406000000,0.0358,0.0362,0.0358,0.0359,540270.0
1748406300000,0.0359,0.0359,0.0357,0.0357,245814.0
1748406600000,0.0357,0.036,0.0357,0.0359,307019.0
1748406900000,0.036,0.0364,0.036,0.0363,518942.0
1748407200000,0.0364,0.0365,0.0363,0.0363,94478.0
1748407500000,0.0364,0.0369,0.0364,0.0367,213135.0
1748407800000,0.0367,0.0368,0.0367,0.0368,3110.0
1748408100000,0.0367,0.0369,0.0366,0.0369,187228.0
1748408400000,0.0369,0.0371,0.0369,0.037,506492.0
1748408700000,0.037,0.037,0.0369,0.0369,177093.0
1748409000000,0.0369,0.037,0.0369,0.0369,120417.0
1748409300000,0.0369,0.0371,0.0369,0.037,268709.0
1748409600000,0.037,0.0372,0.037,0.0371,289700.0
1748409900000,0.037,0.0371,0.0369,0.037,268779.0
1748410200000,0.037,0.0373,0.037,0.0373,75498.0
1748410500000,0.0372,0.0373,0.0371,0.0371,153758.0
1748410800000,0.0371,0.0372,0.0371,0.0371,73084.0
1748411100000,0.0371,0.0371,0.037,0.037,5228.0
1748411400000,0.037,0.037,0.037,0.037,2029.0
1748411700000,0.037,0.0375,0.037,0.0373,129832.0
1748412000000,0.0373,0.0373,0.0369,0.0369,261816.0
1748412300000,0.0369,0.0369,0.0368,0.0369,164111.0
1748412600000,0.0368,0.0368,0.0367,0.0367,26475.0
1748412900000,0.0367,0.037,0.0366,0.0366,112437.0
1748413200000,0.0366,0.0367,0.0365,0.0366,130150.0
1748413500000,0.0366,0.0367,0.0364,0.0366,67691.0
1748413800000,0.0366,0.0366,0.0365,0.0365,27458.0
1748414100000,0.0364,0.0364,0.0362,0.0363,139564.0
1748414400000,0.0363,0.0366,0.0362,0.0366,125604.0
1748414700000,0.0366,0.0367,0.0365,0.0365,48711.0
1748415000000,0.0365,0.0366,0.0364,0.0365,68712.0
1748415300000,0.0365,0.0365,0.0363,0.0365,139003.0
1748415600000,0.0365,0.0366,0.0364,0.0365,181620.0
1748415900000,0.0365,0.0367,0.0365,0.0367,40979.0
1748416200000,0.0367,0.0368,0.0366,0.0366,218717.0
1748416500000,0.0366,0.0366,0.0366,0.0366,24207.0
1748416800000,0.0365,0.0366,0.0365,0.0365,3414.0
1748417100000,0.0366,0.0366,0.0365,0.0365,877.0
1748417400000,0.0365,0.0365,0.0364,0.0365,30624.0
1748417700000,0.0365,0.0366,0.0364,0.0364,53246.0
1748418000000,0.0365,0.0366,0.0365,0.0366,65473.0
1748418300000,0.0366,0.0366,0.0365,0.0365,29661.0
1748418600000,0.0366,0.0366,0.0365,0.0366,89715.0
1748418900000,0.0365,0.0365,0.0364,0.0365,44652.0
1748419200000,0.0366,0.0366,0.0365,0.0365,72497.0
1748419500000,0.0365,0.0367,0.0365,0.0366,123623.0
1748419800000,0.0366,0.0367,0.0365,0.0365,60059.0
1748420100000,0.0364,0.0364,0.0363,0.0363,66858.0
1748420400000,0.0364,0.0365,0.0364,0.0364,11744.0
1748420700000,0.0364,0.0365,0.0364,0.0364,4123.0
1748421000000,0.0363,0.0363,0.036,0.036,347136.0
1748421300000,0.0361,0.0362,0.036,0.0362,42754.0
1748421600000,0.0362,0.0362,0.0362,0.0362,0.0
1748421900000,0.0362,0.0363,0.0361,0.0361,42056.0
1748422200000,0.0361,0.0362,0.0361,0.0362,17063.0
1748422500000,0.0363,0.0363,0.0361,0.0362,23524.0
1748422800000,0.0361,0.0362,0.036,0.0361,226373.0
1748423100000,0.0362,0.0362,0.0361,0.0361,51005.0
1748423400000,0.0361,0.0362,0.036,0.036,242732.0
1748423700000,0.036,0.036,0.0359,0.036,75083.0
1748424000000,0.0361,0.0361,0.0359,0.036,45810.0
1748424300000,0.036,0.0361,0.036,0.0361,3712.0
1748424600000,0.036,0.0362,0.0359,0.0361,144453.0
1748424900000,0.0361,0.0361,0.036,0.0361,112249.0
1748425200000,0.0361,0.0361,0.036,0.0361,30886.0
1748425500000,0.0361,0.0361,0.0361,0.0361,0.0
1748425800000,0.036,0.036,0.036,0.036,1406.0
1748426100000,0.0359,0.036,0.0359,0.036,1221.0
1748426400000,0.0359,0.0359,0.0353,0.0356,440004.0
1748426700000,0.0356,0.0357,0.0356,0.0357,105167.0
1748427000000,0.0358,0.0358,0.0357,0.0357,73303.0
1748427300000,0.0358,0.0358,0.0354,0.0354,123732.0
1748427600000,0.0355,0.0356,0.0355,0.0356,74307.0
1748427900000,0.0356,0.0357,0.0356,0.0356,2108.0
1748428200000,0.0357,0.0358,0.0357,0.0358,73833.0
1748428500000,0.0358,0.0359,0.0357,0.0359,34582.0
1748428800000,0.0359,0.0359,0.0358,0.0359,27936.0
1748429100000,0.0359,0.0361,0.0359,0.0361,28073.0
1748429400000,0.036,0.0362,0.036,0.0362,42961.0
1748429700000,0.0362,0.0363,0.0362,0.0362,1950.0
1748430000000,0.0362,0.0365,0.0362,0.0365,84037.0
1748430300000,0.0364,0.0365,0.0363,0.0364,84595.0
1748430600000,0.0364,0.0366,0.0364,0.0365,131864.0
1748430900000,0.0366,0.0366,0.0364,0.0364,93955.0
