timestamp,open,high,low,close,volume
1725580800000,4.81,4.817,4.804,4.811,49042.72
1725581100000,4.811,4.826,4.809,4.824,49679.81
1725581400000,4.823,4.836,4.822,4.833,43816.59
1725581700000,4.831,4.843,4.822,4.823,62293.97
1725582000000,4.823,4.823,4.807,4.811,17691.12
1725582300000,4.811,4.817,4.803,4.805,15428.09
1725582600000,4.804,4.816,4.799,4.799,26659.61
1725582900000,4.799,4.799,4.761,4.764,97469.98
1725583200000,4.764,4.791,4.764,4.782,82178.81
1725583500000,4.782,4.789,4.776,4.787,15308.67
1725583800000,4.787,4.806,4.782,4.806,79878.16
1725584100000,4.807,4.826,4.807,4.82,37610.65
1725584400000,4.82,4.824,4.811,4.814,28433.17
1725584700000,4.813,4.813,4.796,4.808,17522.86
1725585000000,4.809,4.83,4.809,4.827,47271.43
1725585300000,4.827,4.84,4.823,4.836,83777.47
1725585600000,4.836,4.838,4.805,4.808,80261.42
1725585900000,4.808,4.811,4.798,4.807,25078.18
1725586200000,4.807,4.827,4.803,4.821,14438.57
1725586500000,4.822,4.844,4.82,4.838,43633.85
1725586800000,4.838,4.844,4.83,4.835,44298.91
1725587100000,4.836,4.841,4.822,4.824,17391.0
1725587400000,4.824,4.84,4.821,4.838,12870.67
1725587700000,4.839,4.846,4.831,4.843,21989.21
1725588000000,4.842,4.862,4.841,4.852,52418.95
1725588300000,4.853,4.871,4.85,4.87,28454.29
1725588600000,4.868,4.868,4.849,4.858,29567.47
1725588900000,4.858,4.868,4.85,4.867,36350.96
1725589200000,4.867,4.876,4.862,4.869,24643.74
1725589500000,4.869,4.884,4.867,4.884,16809.12
1725589800000,4.883,4.883,4.87,4.874,17937.95
1725590100000,4.874,4.877,4.866,4.866,12661.92
1725590400000,4.867,4.872,4.863,4.867,14480.11
1725590700000,4.868,4.871,4.859,4.863,9346.35
1725591000000,4.864,4.88,4.862,4.879,12118.2
1725591300000,4.877,4.88,4.861,4.87,14341.44
1725591600000,4.87,4.871,4.856,4.87,13603.39
1725591900000,4.87,4.874,4.859,4.863,7362.01
1725592200000,4.863,4.866,4.854,4.861,17235.62
1725592500000,4.861,4.864,4.845,4.85,26769.19
1725592800000,4.85,4.857,4.845,4.846,10832.97
1725593100000,4.846,4.85,4.841,4.843,19576.45
1725593400000,4.843,4.856,4.838,4.848,18117.16
1725593700000,4.848,4.848,4.837,4.841,12534.94
1725594000000,4.842,4.846,4.835,4.836,20072.68
1725594300000,4.836,4.843,4.827,4.831,23626.26
1725594600000,4.831,4.836,4.822,4.831,25036.71
1725594900000,4.83,4.836,4.825,4.826,20369.4
1725595200000,4.825,4.846,4.824,4.846,16910.07
1725595500000,4.846,4.86,4.844,4.855,19731.65
1725595800000,4.854,4.856,4.849,4.852,12240.95
1725596100000,4.852,4.861,4.847,4.858,13061.54
1725596400000,4.857,4.86,4.843,4.843,14560.5
1725596700000,4.844,4.851,4.843,4.849,7245.53
1725597000000,4.848,4.861,4.844,4.851,11739.57
1725597300000,4.85,4.857,4.843,4.846,24365.19
1725597600000,4.846,4.846,4.837,4.838,45479.0
1725597900000,4.838,4.855,4.838,4.855,9025.35
1725598200000,4.855,4.857,4.845,4.847,15366.53
1725598500000,4.846,4.85,4.832,4.837,29817.25
1725598800000,4.836,4.856,4.836,4.856,11146.74
1725599100000,4.855,4.86,4.844,4.847,19882.73
1725599400000,4.846,4.854,4.838,4.852,10354.62
1725599700000,4.853,4.853,4.845,4.852,9310.92
1725600000000,4.852,4.852,4.837,4.846,13118.11
1725600300000,4.845,4.85,4.841,4.849,7097.78
1725600600000,4.848,4.869,4.845,4.861,26033.13
1725600900000,4.862,4.877,4.861,4.873,28649.02
1725601200000,4.873,4.89,4.872,4.881,47407.98
1725601500000,4.881,4.9,4.88,4.895,74448.4
1725601800000,4.896,4.901,4.889,4.89,38922.29
1725602100000,4.89,4.902,4.886,4.901,25144.92
1725602400000,4.9,4.906,4.88,4.892,40322.61
1725602700000,4.893,4.896,4.884,4.885,20284.92
1725603000000,4.886,4.894,4.88,4.885,10470.01
1725603300000,4.885,4.891,4.88,4.883,24639.04
1725603600000,4.884,4.889,4.882,4.889,12728.04
1725603900000,4.889,4.89,4.874,4.885,33777.97
1725604200000,4.884,4.89,4.879,4.88,28599.92
1725604500000,4.88,4.88,4.865,4.868,31231.39
1725604800000,4.867,4.879,4.867,4.869,10513.25
1725605100000,4.869,4.897,4.867,4.887,27757.7
1725605400000,4.888,4.899,4.888,4.897,15623.72
1725605700000,4.897,4.904,4.893,4.901,23041.19
1725606000000,4.9,4.91,4.891,4.9,61545.09
1725606300000,4.899,4.904,4.887,4.888,37354.35
1725606600000,4.889,4.899,4.874,4.874,50203.4
1725606900000,4.875,4.889,4.838,4.842,129750.74
1725607200000,4.842,4.847,4.794,4.799,130121.61
1725607500000,4.801,4.825,4.799,4.819,72868.14
1725607800000,4.818,4.819,4.784,4.795,71346.22
1725608100000,4.796,4.805,4.782,4.789,47117.86
1725608400000,4.79,4.827,4.79,4.82,70209.93
1725608700000,4.821,4.839,4.812,4.824,54275.05
1725609000000,4.824,4.833,4.815,4.819,30197.89
1725609300000,4.818,4.82,4.777,4.79,114482.61
1725609600000,4.789,4.793,4.772,4.783,48745.9
1725609900000,4.783,4.79,4.763,4.79,43313.24
1725610200000,4.789,4.809,4.782,4.807,37433.18
1725610500000,4.806,4.812,4.787,4.796,65426.17
1725610800000,4.796,4.8,4.773,4.776,51899.97
1725611100000,4.776,4.791,4.773,4.787,23411.56
1725611400000,4.786,4.803,4.785,4.798,30335.17
1725611700000,4.797,4.805,4.781,4.787,25017.29
1725612000000,4.788,4.788,4.776,4.78,30610.61
1725612300000,4.781,4.783,4.767,4.77,39193.5
1725612600000,4.77,4.786,4.77,4.784,33899.3
1725612900000,4.784,4.797,4.78,4.796,21369.75
1725613200000,4.796,4.798,4.782,4.788,25863.59
1725613500000,4.789,4.795,4.781,4.781,29297.55
1725613800000,4.782,4.789,4.781,4.788,18010.48
1725614100000,4.787,4.788,4.735,4.738,82352.56
1725614400000,4.738,4.758,4.723,4.752,101580.73
1725614700000,4.752,4.762,4.751,4.757,31883.73
1725615000000,4.757,4.777,4.755,4.77,26369.7
1725615300000,4.77,4.774,4.757,4.772,24332.54
1725615600000,4.773,4.78,4.769,4.772,17784.28
1725615900000,4.772,4.784,4.765,4.781,40505.94
1725616200000,4.78,4.782,4.769,4.77,11175.17
1725616500000,4.77,4.781,4.77,4.773,9876.59
1725616800000,4.772,4.792,4.77,4.787,25438.25
1725617100000,4.787,4.799,4.784,4.796,21023.33
1725617400000,4.797,4.797,4.788,4.793,15390.82
1725617700000,4.792,4.804,4.79,4.801,26317.45
1725618000000,4.801,4.822,4.8,4.819,39326.48
1725618300000,4.82,4.823,4.809,4.81,23624.17
1725618600000,4.81,4.821,4.809,4.812,16834.57
1725618900000,4.813,4.819,4.802,4.803,26491.52
1725619200000,4.803,4.809,4.795,4.801,27278.05
1725619500000,4.801,4.805,4.79,4.799,17550.73
1725619800000,4.799,4.806,4.795,4.802,28105.54
1725620100000,4.803,4.803,4.789,4.797,39206.38
1725620400000,4.797,4.801,4.79,4.797,27775.76
1725620700000,4.798,4.804,4.792,4.801,13410.77
1725621000000,4.801,4.804,4.794,4.801,13593.82
1725621300000,4.802,4.812,4.8,4.809,26186.5
1725621600000,4.809,4.81,4.788,4.788,31314.93
1725621900000,4.789,4.791,4.779,4.786,22170.81
1725622200000,4.787,4.79,4.775,4.779,15331.93
1725622500000,4.779,4.787,4.778,4.784,15356.11
1725622800000,4.785,4.799,4.785,4.797,22360.68
1725623100000,4.797,4.806,4.794,4.803,21870.55
1725623400000,4.803,4.808,4.801,4.805,11704.95
1725623700000,4.804,4.806,4.799,4.802,11265.14
1725624000000,4.803,4.81,4.802,4.809,10558.64
1725624300000,4.808,4.809,4.784,4.785,33346.66
1725624600000,4.785,4.786,4.774,4.779,31211.46
1725624900000,4.779,4.787,4.748,4.752,56347.65
1725625200000,4.753,4.771,4.753,4.77,13232.28
1725625500000,4.771,4.771,4.742,4.751,66489.87
1725625800000,4.751,4.805,4.742,4.778,167064.84
1725626100000,4.779,4.827,4.776,4.821,140091.32
1725626400000,4.821,4.823,4.779,4.797,117406.86
1725626700000,4.797,4.84,4.792,4.838,108002.12
1725627000000,4.837,4.872,4.837,4.845,126716.01
1725627300000,4.845,4.852,4.837,4.851,53388.43
1725627600000,4.85,4.862,4.826,4.831,135145.4
1725627900000,4.832,4.844,4.825,4.831,29786.99
1725628200000,4.831,4.865,4.831,4.861,28415.67
1725628500000,4.862,4.877,4.857,4.86,69442.34
1725628800000,4.861,4.869,4.85,4.851,31115.66
1725629100000,4.851,4.851,4.839,4.843,30185.52
1725629400000,4.843,4.853,4.821,4.841,74957.32
1725629700000,4.841,4.846,4.809,4.809,64676.87
1725630000000,4.808,4.816,4.762,4.791,171184.44
1725630300000,4.791,4.806,4.788,4.796,40312.47
1725630600000,4.796,4.816,4.779,4.783,96508.09
1725630900000,4.784,4.797,4.751,4.757,77131.97
1725631200000,4.757,4.766,4.727,4.742,96886.4
1725631500000,4.741,4.757,4.695,4.721,256349.17
1725631800000,4.72,4.731,4.692,4.721,80339.41
1725632100000,4.721,4.73,4.698,4.725,160299.72
1725632400000,4.725,4.747,4.725,4.732,88242.51
1725632700000,4.732,4.733,4.705,4.713,120395.19
1725633000000,4.714,4.741,4.704,4.733,135342.89
1725633300000,4.734,4.76,4.723,4.757,72361.44
1725633600000,4.757,4.757,4.741,4.741,34058.52
1725633900000,4.741,4.761,4.732,4.76,95124.53
1725634200000,4.759,4.765,4.749,4.761,25785.04
1725634500000,4.761,4.775,4.743,4.774,84179.85
1725634800000,4.775,4.799,4.77,4.783,84113.73
1725635100000,4.782,4.789,4.755,4.775,51670.74
1725635400000,4.776,4.779,4.764,4.772,23268.95
1725635700000,4.772,4.777,4.699,4.708,105012.85
1725636000000,4.707,4.771,4.707,4.761,102223.31
1725636300000,4.76,4.766,4.739,4.764,155641.56
1725636600000,4.763,4.786,4.756,4.777,88290.14
1725636900000,4.778,4.78,4.75,4.751,66265.0
1725637200000,4.751,4.763,4.746,4.753,45293.72
1725637500000,4.753,4.755,4.732,4.745,72317.88
1725637800000,4.744,4.763,4.737,4.762,24010.91
1725638100000,4.762,4.773,4.759,4.769,49464.72
1725638400000,4.769,4.78,4.759,4.762,92093.26
1725638700000,4.761,4.776,4.755,4.771,43650.66
1725639000000,4.772,4.772,4.759,4.76,15822.69
1725639300000,4.76,4.769,4.741,4.755,55305.5
1725639600000,4.757,4.779,4.75,4.779,30390.17
1725639900000,4.779,4.798,4.779,4.795,139161.09
1725640200000,4.794,4.795,4.774,4.788,40988.83
1725640500000,4.788,4.805,4.783,4.786,44809.8
1725640800000,4.786,4.786,4.767,4.78,35544.96
1725641100000,4.78,4.782,4.743,4.764,49042.77
1725641400000,4.764,4.77,4.737,4.738,106797.41
1725641700000,4.738,4.758,4.736,4.75,26851.7
1725642000000,4.75,4.754,4.733,4.751,35718.89
1725642300000,4.75,4.752,4.725,4.726,34161.96
1725642600000,4.726,4.744,4.717,4.744,39161.25
1725642900000,4.743,4.754,4.737,4.745,30043.67
1725643200000,4.744,4.751,4.733,4.751,30709.63
1725643500000,4.751,4.753,4.731,4.731,29566.78
1725643800000,4.731,4.735,4.714,4.719,27223.9
1725644100000,4.719,4.723,4.67,4.706,96664.62
1725644400000,4.707,4.727,4.703,4.725,22424.05
1725644700000,4.724,4.729,4.713,4.726,17527.11
1725645000000,4.727,4.746,4.719,4.744,30245.42
1725645300000,4.744,4.75,4.731,4.741,20290.66
1725645600000,4.741,4.741,4.722,4.728,27561.45
1725645900000,4.728,4.741,4.726,4.734,13448.75
1725646200000,4.734,4.744,4.733,4.743,15017.12
1725646500000,4.743,4.748,4.737,4.738,15089.22
1725646800000,4.738,4.748,4.735,4.737,11646.16
1725647100000,4.739,4.739,4.724,4.724,17834.31
1725647400000,4.725,4.737,4.708,4.711,40334.36
1725647700000,4.711,4.718,4.683,4.694,48153.89
1725648000000,4.694,4.699,4.684,4.691,47289.92
1725648300000,4.69,4.7,4.678,4.699,30020.91
1725648600000,4.699,4.704,4.685,4.688,93606.07
1725648900000,4.689,4.689,4.652,4.652,39303.94
1725649200000,4.651,4.679,4.643,4.678,67634.69
1725649500000,4.677,4.687,4.666,4.67,42922.24
1725649800000,4.669,4.671,4.657,4.66,39342.56
1725650100000,4.66,4.67,4.642,4.643,62338.01
1725650400000,4.643,4.655,4.637,4.654,93234.62
1725650700000,4.653,4.67,4.653,4.657,19730.05
1725651000000,4.657,4.661,4.653,4.654,11084.6
1725651300000,4.654,4.658,4.633,4.637,40743.24
1725651600000,4.637,4.646,4.627,4.633,50365.03
1725651900000,4.634,4.691,4.632,4.66,111013.5
1725652200000,4.661,4.683,4.645,4.677,41472.16
1725652500000,4.677,4.677,4.658,4.665,32042.44
1725652800000,4.665,4.676,4.658,4.671,16096.54
1725653100000,4.671,4.685,4.668,4.682,15721.22
1725653400000,4.681,4.687,4.677,4.685,14329.88
1725653700000,4.685,4.685,4.664,4.665,15765.44
1725654000000,4.664,4.67,4.648,4.658,45343.45
1725654300000,4.657,4.663,4.654,4.655,29242.95
1725654600000,4.655,4.662,4.629,4.631,46340.31
1725654900000,4.631,4.645,4.613,4.629,73271.7
1725655200000,4.629,4.65,4.624,4.646,28019.89
1725655500000,4.645,4.647,4.584,4.595,94064.99
1725655800000,4.594,4.599,4.531,4.538,239223.02
1725656100000,4.537,4.559,4.477,4.491,316882.87
1725656400000,4.491,4.497,4.444,4.495,265465.85
1725656700000,4.496,4.526,4.485,4.517,147584.73
1725657000000,4.517,4.53,4.495,4.525,46966.67
1725657300000,4.525,4.567,4.51,4.567,111337.44
1725657600000,4.566,4.573,4.545,4.55,35880.98
1725657900000,4.551,4.567,4.547,4.566,15540.27
1725658200000,4.567,4.569,4.551,4.569,24639.56
1725658500000,4.569,4.573,4.554,4.559,22172.41
1725658800000,4.56,4.563,4.542,4.548,19563.82
1725659100000,4.549,4.589,4.549,4.586,42820.83
1725659400000,4.586,4.591,4.574,4.59,19510.16
1725659700000,4.59,4.598,4.59,4.596,25423.95
1725660000000,4.595,4.625,4.591,4.609,54493.31
1725660300000,4.61,4.621,4.591,4.613,63287.6
1725660600000,4.613,4.618,4.606,4.614,35169.87
1725660900000,4.614,4.623,4.605,4.615,14764.56
1725661200000,4.615,4.623,4.61,4.621,14628.98
1725661500000,4.621,4.621,4.607,4.617,8220.83
1725661800000,4.617,4.626,4.614,4.622,16471.61
1725662100000,4.62,4.628,4.614,4.622,26087.79
1725662400000,4.622,4.631,4.621,4.627,6571.38
1725662700000,4.628,4.633,4.62,4.621,8888.03
1725663000000,4.622,4.625,4.609,4.611,5190.96
1725663300000,4.612,4.616,4.606,4.613,5349.33
1725663600000,4.613,4.619,4.596,4.618,39057.66
1725663900000,4.618,4.619,4.606,4.608,17106.08
1725664200000,4.609,4.614,4.606,4.614,10761.09
1725664500000,4.614,4.632,4.611,4.629,29801.92
1725664800000,4.629,4.633,4.618,4.631,12052.7
1725665100000,4.632,4.643,4.629,4.636,22419.16
1725665400000,4.636,4.646,4.636,4.638,16700.98
1725665700000,4.639,4.647,4.632,4.644,14298.55
1725666000000,4.644,4.644,4.638,4.643,4679.73
1725666300000,4.643,4.648,4.635,4.641,16059.67
1725666600000,4.641,4.652,4.641,4.647,11111.21
1725666900000,4.647,4.66,4.646,4.656,16790.47
1725667200000,4.658,4.669,4.658,4.659,12206.45
1725667500000,4.66,4.671,4.66,4.668,13811.95
1725667800000,4.667,4.669,4.66,4.664,5988.57
1725668100000,4.663,4.679,4.663,4.675,14176.06
1725668400000,4.676,4.688,4.672,4.683,15824.05
1725668700000,4.684,4.685,4.679,4.681,10729.52
1725669000000,4.681,4.689,4.674,4.683,18211.12
1725669300000,4.684,4.685,4.674,4.681,27819.68
1725669600000,4.681,4.688,4.679,4.687,24473.8
1725669900000,4.687,4.691,4.68,4.685,40847.81
1725670200000,4.684,4.685,4.664,4.665,15381.82
1725670500000,4.664,4.666,4.653,4.654,16595.41
1725670800000,4.653,4.655,4.645,4.647,32738.26
1725671100000,4.647,4.652,4.635,4.635,28478.66
1725671400000,4.635,4.642,4.624,4.628,27060.04
1725671700000,4.627,4.63,4.621,4.628,32803.19
1725672000000,4.628,4.635,4.624,4.628,22241.14
1725672300000,4.628,4.628,4.614,4.614,16727.69
1725672600000,4.615,4.615,4.606,4.609,73428.1
1725672900000,4.608,4.618,4.604,4.605,57368.48
1725673200000,4.605,4.611,4.603,4.603,38517.81
1725673500000,4.603,4.611,4.603,4.609,39994.68
1725673800000,4.61,4.615,4.605,4.609,28787.0
1725674100000,4.609,4.613,4.606,4.612,23178.78
1725674400000,4.613,4.618,4.608,4.616,18950.7
1725674700000,4.617,4.627,4.616,4.626,21337.86
1725675000000,4.626,4.631,4.62,4.62,13138.13
1725675300000,4.62,4.624,4.615,4.623,15869.02
1725675600000,4.624,4.635,4.621,4.622,15980.29
1725675900000,4.622,4.628,4.617,4.617,12522.91
1725676200000,4.616,4.618,4.609,4.615,31143.64
1725676500000,4.615,4.621,4.614,4.618,13442.79
1725676800000,4.618,4.619,4.613,4.618,28376.51
1725677100000,4.617,4.624,4.613,4.62,20177.83
1725677400000,4.62,4.629,4.618,4.618,13312.76
1725677700000,4.619,4.621,4.613,4.614,10370.69
1725678000000,4.614,4.631,4.614,4.629,10413.24
1725678300000,4.628,4.636,4.626,4.629,11498.51
1725678600000,4.628,4.634,4.627,4.63,10851.56
1725678900000,4.63,4.633,4.624,4.629,27062.47
1725679200000,4.63,4.638,4.628,4.634,13680.97
1725679500000,4.634,4.641,4.633,4.641,11786.42
1725679800000,4.641,4.643,4.631,4.632,12322.01
1725680100000,4.632,4.638,4.631,4.633,16825.44
1725680400000,4.634,4.636,4.631,4.633,4585.31
1725680700000,4.633,4.635,4.627,4.634,14449.97
1725681000000,4.634,4.636,4.628,4.629,16504.61
1725681300000,4.629,4.629,4.618,4.618,17179.92
1725681600000,4.619,4.626,4.617,4.626,7653.43
1725681900000,4.625,4.633,4.621,4.631,34958.07
1725682200000,4.631,4.633,4.619,4.621,23701.64
1725682500000,4.622,4.628,4.619,4.624,9559.23
1725682800000,4.624,4.624,4.614,4.617,13472.61
1725683100000,4.616,4.617,4.609,4.613,13466.5
1725683400000,4.613,4.613,4.606,4.613,16465.98
1725683700000,4.613,4.622,4.611,4.62,12326.78
1725684000000,4.62,4.627,4.616,4.626,18885.73
1725684300000,4.626,4.627,4.619,4.624,14206.02
1725684600000,4.624,4.625,4.617,4.625,12904.53
1725684900000,4.624,4.638,4.624,4.636,38997.04
1725685200000,4.636,4.636,4.621,4.628,13872.75
1725685500000,4.629,4.66,4.627,4.649,45858.13
1725685800000,4.649,4.654,4.64,4.648,42435.03
1725686100000,4.648,4.652,4.629,4.631,21702.92
1725686400000,4.632,4.634,4.625,4.627,15024.6
1725686700000,4.627,4.629,4.619,4.619,12431.99
1725687000000,4.62,4.63,4.62,4.625,14039.79
1725687300000,4.625,4.629,4.621,4.624,5122.06
1725687600000,4.623,4.63,4.621,4.626,11515.88
1725687900000,4.627,4.63,4.618,4.618,8194.29
1725688200000,4.619,4.627,4.619,4.624,18951.8
1725688500000,4.625,4.646,4.624,4.645,16064.84
1725688800000,4.645,4.655,4.643,4.646,19745.86
1725689100000,4.647,4.652,4.635,4.637,15122.85
1725689400000,4.637,4.647,4.634,4.646,36900.36
1725689700000,4.646,4.653,4.642,4.646,17398.5
1725690000000,4.646,4.656,4.642,4.65,14460.8
1725690300000,4.649,4.666,4.648,4.665,24467.31
1725690600000,4.664,4.668,4.653,4.655,10686.37
1725690900000,4.655,4.662,4.654,4.662,12521.11
1725691200000,4.662,4.669,4.659,4.667,8489.32
1725691500000,4.667,4.668,4.658,4.659,11987.1
1725691800000,4.66,4.67,4.659,4.666,12163.96
1725692100000,4.666,4.668,4.66,4.664,10551.03
1725692400000,4.665,4.67,4.651,4.653,17331.7
1725692700000,4.653,4.659,4.647,4.654,25979.8
1725693000000,4.654,4.659,4.652,4.655,13696.9
1725693300000,4.655,4.663,4.653,4.657,19299.91
1725693600000,4.656,4.668,4.655,4.664,22192.3
1725693900000,4.664,4.669,4.659,4.669,17132.09
1725694200000,4.668,4.679,4.661,4.661,26419.91
1725694500000,4.662,4.662,4.65,4.654,22311.6
1725694800000,4.655,4.666,4.654,4.666,14478.51
1725695100000,4.665,4.668,4.653,4.655,13033.01
1725695400000,4.655,4.66,4.641,4.644,39586.49
1725695700000,4.643,4.65,4.635,4.646,28926.7
1725696000000,4.645,4.646,4.637,4.637,25634.03
1725696300000,4.638,4.648,4.637,4.646,20842.09
1725696600000,4.647,4.652,4.64,4.641,12748.92
1725696900000,4.641,4.642,4.627,4.633,41013.99
1725697200000,4.632,4.637,4.623,4.624,22210.75
1725697500000,4.625,4.634,4.625,4.633,17816.77
1725697800000,4.634,4.645,4.623,4.623,19056.01
1725698100000,4.623,4.635,4.623,4.631,22946.71
1725698400000,4.632,4.644,4.632,4.64,16804.29
1725698700000,4.641,4.643,4.635,4.639,20669.6
1725699000000,4.64,4.645,4.635,4.641,27503.38
1725699300000,4.641,4.642,4.635,4.642,44781.32
1725699600000,4.642,4.645,4.626,4.631,38225.42
1725699900000,4.631,4.632,4.622,4.623,15991.89
1725700200000,4.623,4.629,4.614,4.617,21652.25
1725700500000,4.616,4.62,4.612,4.612,17271.12
1725700800000,4.613,4.616,4.606,4.613,18592.46
1725701100000,4.613,4.617,4.609,4.613,16719.02
1725701400000,4.614,4.621,4.611,4.618,14600.42
1725701700000,4.618,4.625,4.615,4.62,22222.63
1725702000000,4.619,4.623,4.613,4.615,8553.02
1725702300000,4.616,4.626,4.615,4.623,17052.5
1725702600000,4.624,4.629,4.623,4.626,14061.29
1725702900000,4.625,4.626,4.619,4.623,10858.17
1725703200000,4.622,4.624,4.614,4.623,17139.39
1725703500000,4.624,4.627,4.62,4.625,11531.33
1725703800000,4.625,4.632,4.624,4.631,9815.6
1725704100000,4.631,4.633,4.627,4.633,9885.94
1725704400000,4.632,4.64,4.625,4.629,15908.44
1725704700000,4.628,4.634,4.623,4.625,19353.59
1725705000000,4.625,4.63,4.621,4.625,17370.04
1725705300000,4.626,4.631,4.622,4.624,13000.6
1725705600000,4.624,4.627,4.621,4.622,17516.19
1725705900000,4.623,4.629,4.614,4.618,38118.78
1725706200000,4.618,4.624,4.614,4.615,14152.08
1725706500000,4.615,4.615,4.609,4.613,32394.33
1725706800000,4.613,4.621,4.61,4.612,21329.63
1725707100000,4.613,4.615,4.607,4.608,24533.11
1725707400000,4.607,4.618,4.607,4.614,27186.21
1725707700000,4.615,4.617,4.609,4.61,13601.87
1725708000000,4.609,4.616,4.607,4.613,22182.12
1725708300000,4.614,4.627,4.614,4.627,12285.38
1725708600000,4.626,4.628,4.619,4.625,10061.19
1725708900000,4.624,4.631,4.62,4.62,16238.33
1725709200000,4.62,4.628,4.612,4.615,14115.65
1725709500000,4.614,4.621,4.612,4.621,9126.8
1725709800000,4.621,4.624,4.617,4.619,6751.05
1725710100000,4.619,4.623,4.619,4.621,10661.45
1725710400000,4.62,4.623,4.616,4.618,12638.58
1725710700000,4.617,4.623,4.616,4.617,10523.43
1725711000000,4.617,4.627,4.615,4.625,10098.57
1725711300000,4.625,4.631,4.622,4.63,10126.01
1725711600000,4.631,4.631,4.623,4.625,12032.48
1725711900000,4.624,4.63,4.62,4.62,23322.58
1725712200000,4.62,4.63,4.619,4.628,15350.51
1725712500000,4.627,4.629,4.621,4.628,9993.19
1725712800000,4.627,4.63,4.62,4.621,13127.06
1725713100000,4.622,4.632,4.621,4.629,13429.15
1725713400000,4.629,4.636,4.627,4.636,17319.77
1725713700000,4.636,4.64,4.627,4.627,17966.62
1725714000000,4.628,4.631,4.623,4.625,10490.71
1725714300000,4.625,4.634,4.625,4.633,9161.26
1725714600000,4.633,4.64,4.633,4.637,7014.07
1725714900000,4.637,4.637,4.623,4.626,14952.99
1725715200000,4.626,4.629,4.618,4.619,10646.89
1725715500000,4.619,4.623,4.616,4.623,8279.35
1725715800000,4.623,4.625,4.618,4.621,8847.73
1725716100000,4.621,4.631,4.621,4.627,14939.43
1725716400000,4.627,4.627,4.608,4.618,22970.87
1725716700000,4.617,4.62,4.601,4.611,21249.32
1725717000000,4.612,4.622,4.608,4.621,12521.95
1725717300000,4.622,4.624,4.609,4.616,10245.05
1725717600000,4.616,4.618,4.607,4.613,17394.7
1725717900000,4.613,4.622,4.613,4.615,13178.25
1725718200000,4.614,4.617,4.61,4.613,13197.79
1725718500000,4.614,4.616,4.608,4.612,22455.42
1725718800000,4.612,4.615,4.606,4.609,7724.85
1725719100000,4.609,4.617,4.607,4.616,9586.28
1725719400000,4.616,4.627,4.615,4.621,17984.67
1725719700000,4.622,4.63,4.621,4.624,14667.69
1725720000000,4.624,4.625,4.613,4.613,7043.62
1725720300000,4.614,4.621,4.613,4.615,12838.99
1725720600000,4.614,4.629,4.614,4.629,6938.62
1725720900000,4.629,4.634,4.624,4.63,21243.72
1725721200000,4.629,4.642,4.627,4.638,20051.19
1725721500000,4.638,4.653,4.636,4.647,31674.58
1725721800000,4.647,4.651,4.636,4.647,22649.27
1725722100000,4.648,4.652,4.637,4.637,31654.3
1725722400000,4.638,4.663,4.637,4.659,40232.76
1725722700000,4.659,4.672,4.655,4.671,30011.99
1725723000000,4.67,4.673,4.654,4.663,42284.29
1725723300000,4.663,4.667,4.655,4.656,18002.95
1725723600000,4.655,4.664,4.649,4.663,20290.56
1725723900000,4.664,4.674,4.663,4.664,29496.93
1725724200000,4.665,4.672,4.659,4.671,21852.16
1725724500000,4.671,4.672,4.662,4.663,12856.91
1725724800000,4.663,4.674,4.663,4.672,9745.12
1725725100000,4.672,4.676,4.664,4.671,6678.37
1725725400000,4.671,4.671,4.654,4.655,17501.04
1725725700000,4.656,4.656,4.643,4.654,13147.41
1725726000000,4.654,4.664,4.651,4.652,18912.02
1725726300000,4.652,4.652,4.642,4.646,23091.67
1725726600000,4.645,4.652,4.645,4.646,9159.01
1725726900000,4.646,4.651,4.635,4.646,77202.17
1725727200000,4.647,4.651,4.637,4.643,25922.94
1725727500000,4.643,4.649,4.635,4.641,16054.78
1725727800000,4.64,4.644,4.635,4.639,11424.14
1725728100000,4.639,4.639,4.623,4.625,25391.23
1725728400000,4.625,4.638,4.624,4.636,19147.3
1725728700000,4.635,4.641,4.627,4.627,14637.59
1725729000000,4.627,4.637,4.622,4.637,31015.13
1725729300000,4.636,4.636,4.623,4.63,11676.57
1725729600000,4.63,4.63,4.622,4.622,12684.89
1725729900000,4.622,4.625,4.619,4.623,26122.49
1725730200000,4.623,4.623,4.61,4.615,26097.21
1725730500000,4.614,4.618,4.608,4.617,12485.1
1725730800000,4.618,4.621,4.615,4.617,8553.36
1725731100000,4.616,4.627,4.611,4.619,31193.07
1725731400000,4.62,4.624,4.596,4.615,51015.33
1725731700000,4.615,4.619,4.609,4.611,12145.31
1725732000000,4.611,4.611,4.59,4.605,34871.49
1725732300000,4.605,4.618,4.604,4.617,12423.85
1725732600000,4.617,4.621,4.61,4.615,16436.44
1725732900000,4.615,4.621,4.61,4.612,8859.91
1725733200000,4.612,4.623,4.612,4.617,14197.19
1725733500000,4.618,4.62,4.611,4.612,6544.45
1725733800000,4.611,4.619,4.606,4.609,19909.36
1725734100000,4.61,4.618,4.603,4.616,14410.64
1725734400000,4.617,4.622,4.611,4.622,6652.89
1725734700000,4.622,4.625,4.615,4.624,8193.55
1725735000000,4.623,4.626,4.621,4.626,6009.27
1725735300000,4.625,4.634,4.621,4.632,18407.68
1725735600000,4.632,4.634,4.629,4.631,7404.48
1725735900000,4.631,4.64,4.629,4.64,12261.09
1725736200000,4.64,4.647,4.64,4.646,18572.8
1725736500000,4.646,4.647,4.638,4.645,6550.09
1725736800000,4.645,4.648,4.64,4.644,7612.78
1725737100000,4.645,4.646,4.64,4.642,4805.68
1725737400000,4.641,4.647,4.639,4.641,7779.82
1725737700000,4.641,4.644,4.632,4.633,10333.37
1725738000000,4.634,4.646,4.634,4.642,7242.22
1725738300000,4.642,4.652,4.642,4.651,9512.62
1725738600000,4.65,4.658,4.649,4.657,11023.82
1725738900000,4.657,4.659,4.646,4.647,11317.16
1725739200000,4.646,4.653,4.639,4.643,7303.71
1725739500000,4.643,4.643,4.635,4.64,13195.39
1725739800000,4.641,4.642,4.634,4.637,5687.08
1725740100000,4.637,4.648,4.635,4.645,20989.46
1725740400000,4.645,4.645,4.626,4.626,11240.95
1725740700000,4.627,4.636,4.627,4.634,8278.43
1725741000000,4.633,4.64,4.629,4.636,11078.03
1725741300000,4.636,4.643,4.63,4.641,3586.66
1725741600000,4.64,4.647,4.639,4.645,12451.23
1725741900000,4.645,4.649,4.637,4.638,15900.23
1725742200000,4.639,4.641,4.631,4.632,5244.65
1725742500000,4.632,4.636,4.631,4.633,2935.32
1725742800000,4.633,4.638,4.631,4.636,7195.92
1725743100000,4.635,4.635,4.625,4.628,10773.89
1725743400000,4.627,4.637,4.617,4.628,16495.8
1725743700000,4.627,4.636,4.624,4.634,10341.01
1725744000000,4.635,4.642,4.628,4.641,12927.23
1725744300000,4.642,4.645,4.637,4.638,8276.8
1725744600000,4.638,4.643,4.632,4.633,10282.28
1725744900000,4.632,4.642,4.632,4.64,2373.66
1725745200000,4.64,4.643,4.638,4.639,6374.1
1725745500000,4.64,4.645,4.639,4.642,2189.36
1725745800000,4.642,4.651,4.642,4.649,5135.44
1725746100000,4.649,4.649,4.634,4.636,13819.89
1725746400000,4.636,4.647,4.634,4.642,4406.19
1725746700000,4.642,4.646,4.638,4.644,3335.99
1725747000000,4.644,4.647,4.637,4.637,3172.04
1725747300000,4.637,4.642,4.625,4.626,15744.74
1725747600000,4.626,4.631,4.623,4.628,7090.67
1725747900000,4.628,4.633,4.626,4.626,2606.37
1725748200000,4.627,4.628,4.616,4.618,8736.21
1725748500000,4.618,4.623,4.613,4.619,16830.57
1725748800000,4.618,4.628,4.618,4.627,9938.62
1725749100000,4.627,4.632,4.623,4.63,5812.43
1725749400000,4.629,4.631,4.618,4.62,9305.76
1725749700000,4.62,4.628,4.619,4.621,2668.62
1725750000000,4.621,4.622,4.607,4.609,16594.45
1725750300000,4.61,4.621,4.61,4.617,3575.15
1725750600000,4.617,4.631,4.617,4.631,5388.02
1725750900000,4.63,4.635,4.628,4.634,8355.75
1725751200000,4.635,4.642,4.634,4.642,8923.34
1725751500000,4.641,4.641,4.634,4.637,5290.71
1725751800000,4.638,4.642,4.636,4.641,4298.84
1725752100000,4.642,4.643,4.635,4.643,4176.49
1725752400000,4.642,4.653,4.642,4.652,9532.35
1725752700000,4.652,4.665,4.652,4.655,21753.55
1725753000000,4.656,4.669,4.654,4.669,11066.46
1725753300000,4.669,4.671,4.666,4.67,18374.12
1725753600000,4.67,4.671,4.656,4.657,7994.98
1725753900000,4.656,4.658,4.646,4.651,4423.01
1725754200000,4.651,4.668,4.651,4.666,8423.82
1725754500000,4.665,4.669,4.661,4.663,7058.53
1725754800000,4.662,4.669,4.657,4.669,7500.68
1725755100000,4.669,4.67,4.661,4.663,6327.85
1725755400000,4.664,4.681,4.66,4.679,21216.15
1725755700000,4.679,4.686,4.673,4.675,17338.41
1725756000000,4.675,4.677,4.666,4.667,8037.03
1725756300000,4.667,4.677,4.663,4.677,9036.25
1725756600000,4.677,4.685,4.669,4.678,20151.7
1725756900000,4.677,4.682,4.676,4.676,10130.76
1725757200000,4.676,4.693,4.676,4.689,21930.16
1725757500000,4.69,4.694,4.685,4.69,10971.37
1725757800000,4.69,4.697,4.686,4.692,9344.98
1725758100000,4.692,4.696,4.684,4.693,8982.62
1725758400000,4.693,4.7,4.691,4.698,11951.07
1725758700000,4.698,4.707,4.696,4.703,16210.81
1725759000000,4.702,4.714,4.702,4.707,19559.36
1725759300000,4.707,4.708,4.692,4.695,14868.43
1725759600000,4.694,4.695,4.685,4.685,11031.06
1725759900000,4.685,4.69,4.679,4.69,22304.57
1725760200000,4.69,4.7,4.688,4.69,13240.49
1725760500000,4.689,4.694,4.682,4.693,9053.06
1725760800000,4.692,4.699,4.689,4.698,34702.91
1725761100000,4.699,4.703,4.69,4.692,15012.49
1725761400000,4.691,4.695,4.685,4.695,5684.26
1725761700000,4.695,4.699,4.689,4.699,7841.72
1725762000000,4.699,4.704,4.699,4.7,6322.0
1725762300000,4.699,4.708,4.699,4.705,5549.99
1725762600000,4.705,4.712,4.7,4.71,21057.76
1725762900000,4.709,4.709,4.702,4.707,13872.51
1725763200000,4.708,4.719,4.708,4.717,37803.51
1725763500000,4.718,4.733,4.718,4.732,39243.87
1725763800000,4.732,4.734,4.72,4.728,14190.46
1725764100000,4.729,4.733,4.724,4.73,14880.6
1725764400000,4.731,4.734,4.714,4.727,37366.11
1725764700000,4.728,4.729,4.72,4.72,11645.66
1725765000000,4.72,4.724,4.712,4.722,21339.86
1725765300000,4.722,4.727,4.715,4.72,9519.16
1725765600000,4.721,4.722,4.709,4.709,6689.67
1725765900000,4.71,4.71,4.696,4.7,40249.29
1725766200000,4.7,4.7,4.689,4.693,17172.23
1725766500000,4.692,4.698,4.687,4.698,15432.24
1725766800000,4.697,4.699,4.689,4.694,9947.48
1725767100000,4.693,4.696,4.688,4.692,13290.05
1725767400000,4.692,4.694,4.687,4.692,13250.08
1725767700000,4.692,4.697,4.69,4.693,2947.45
1725768000000,4.694,4.704,4.693,4.7,10555.31
1725768300000,4.7,4.708,4.698,4.707,13175.69
1725768600000,4.708,4.709,4.701,4.704,16616.73
1725768900000,4.704,4.706,4.689,4.706,15129.94
1725769200000,4.707,4.707,4.698,4.703,3220.39
1725769500000,4.703,4.727,4.702,4.716,36721.48
1725769800000,4.716,4.723,4.706,4.706,5820.33
1725770100000,4.706,4.707,4.699,4.702,7788.4
1725770400000,4.702,4.71,4.702,4.704,4127.11
1725770700000,4.705,4.71,4.703,4.709,3584.2
1725771000000,4.709,4.72,4.708,4.715,10104.35
1725771300000,4.714,4.718,4.706,4.707,7214.95
1725771600000,4.707,4.711,4.701,4.711,12070.0
1725771900000,4.71,4.71,4.7,4.702,10848.44
1725772200000,4.701,4.707,4.701,4.703,8808.6
1725772500000,4.704,4.708,4.7,4.707,11095.85
1725772800000,4.707,4.707,4.696,4.697,16667.0
1725773100000,4.696,4.702,4.696,4.701,6761.53
1725773400000,4.701,4.705,4.698,4.702,6018.12
1725773700000,4.702,4.707,4.699,4.702,6840.13
1725774000000,4.702,4.707,4.7,4.702,24204.94
1725774300000,4.701,4.701,4.695,4.696,9738.72
1725774600000,4.696,4.701,4.695,4.695,5260.84
1725774900000,4.696,4.697,4.689,4.694,13916.94
1725775200000,4.694,4.713,4.694,4.713,17136.79
1725775500000,4.713,4.715,4.709,4.71,9063.89
1725775800000,4.71,4.711,4.705,4.708,6272.82
1725776100000,4.707,4.709,4.698,4.698,5667.43
1725776400000,4.699,4.713,4.698,4.713,7968.94
1725776700000,4.712,4.715,4.708,4.715,8286.65
1725777000000,4.715,4.721,4.712,4.721,8026.9
1725777300000,4.72,4.724,4.714,4.722,11199.91
1725777600000,4.722,4.728,4.719,4.727,13106.48
1725777900000,4.727,4.728,4.71,4.714,18871.47
1725778200000,4.713,4.715,4.706,4.71,21431.94
1725778500000,4.709,4.715,4.706,4.708,10805.93
1725778800000,4.709,4.714,4.708,4.714,8044.17
1725779100000,4.714,4.725,4.712,4.72,34420.63
1725779400000,4.72,4.73,4.719,4.726,39653.39
1725779700000,4.726,4.731,4.719,4.723,15676.83
1725780000000,4.722,4.723,4.711,4.719,15502.69
1725780300000,4.719,4.72,4.712,4.713,19277.87
1725780600000,4.714,4.721,4.711,4.721,14607.9
1725780900000,4.72,4.727,4.717,4.726,10698.6
1725781200000,4.725,4.727,4.72,4.724,26498.66
1725781500000,4.724,4.73,4.721,4.728,29983.91
1725781800000,4.727,4.737,4.721,4.737,61188.09
1725782100000,4.736,4.739,4.723,4.723,38868.51
1725782400000,4.724,4.735,4.719,4.731,30319.3
1725782700000,4.732,4.738,4.731,4.736,27668.07
1725783000000,4.735,4.737,4.722,4.73,55903.42
1725783300000,4.73,4.736,4.718,4.719,22244.29
1725783600000,4.718,4.723,4.715,4.722,24215.42
1725783900000,4.722,4.723,4.713,4.715,16234.93
1725784200000,4.715,4.724,4.714,4.721,17754.51
1725784500000,4.72,4.734,4.72,4.734,14079.54
1725784800000,4.734,4.74,4.73,4.735,28412.15
1725785100000,4.735,4.744,4.734,4.738,35897.45
1725785400000,4.737,4.738,4.725,4.728,35737.27
1725785700000,4.728,4.738,4.726,4.737,16677.63
1725786000000,4.737,4.738,4.733,4.734,11763.06
1725786300000,4.734,4.736,4.73,4.736,9897.29
1725786600000,4.736,4.743,4.731,4.735,19271.2
1725786900000,4.734,4.744,4.72,4.721,31179.53
1725787200000,4.721,4.73,4.721,4.723,15006.06
1725787500000,4.723,4.732,4.719,4.731,21003.82
1725787800000,4.732,4.735,4.723,4.726,6024.15
1725788100000,4.726,4.734,4.725,4.732,6056.67
1725788400000,4.731,4.735,4.73,4.732,6806.52
1725788700000,4.732,4.736,4.729,4.73,11659.95
1725789000000,4.73,4.73,4.719,4.723,13880.76
1725789300000,4.723,4.725,4.716,4.72,19290.94
1725789600000,4.718,4.735,4.718,4.734,14276.28
1725789900000,4.733,4.739,4.731,4.736,8737.84
1725790200000,4.735,4.74,4.732,4.738,5444.26
1725790500000,4.738,4.739,4.732,4.737,17093.34
1725790800000,4.737,4.744,4.736,4.74,18676.4
1725791100000,4.741,4.763,4.741,4.755,41649.6
1725791400000,4.754,4.764,4.745,4.75,42501.24
1725791700000,4.75,4.75,4.739,4.741,15430.21
1725792000000,4.741,4.751,4.74,4.751,13955.97
1725792300000,4.75,4.755,4.746,4.752,13975.97
1725792600000,4.751,4.765,4.751,4.763,18710.95
1725792900000,4.762,4.765,4.754,4.761,18976.99
1725793200000,4.762,4.768,4.759,4.761,14625.03
1725793500000,4.761,4.761,4.752,4.755,6967.71
1725793800000,4.755,4.76,4.748,4.75,10659.65
1725794100000,4.75,4.752,4.74,4.745,22620.96
1725794400000,4.745,4.746,4.734,4.734,22486.88
1725794700000,4.735,4.739,4.732,4.737,25344.45
1725795000000,4.737,4.752,4.737,4.752,20763.04
1725795300000,4.751,4.752,4.731,4.732,21952.52
1725795600000,4.732,4.738,4.728,4.735,36560.85
1725795900000,4.735,4.744,4.732,4.732,21605.53
1725796200000,4.733,4.734,4.724,4.732,16187.06
1725796500000,4.731,4.733,4.726,4.727,4841.81
1725796800000,4.727,4.728,4.722,4.725,15049.15
1725797100000,4.726,4.732,4.723,4.723,7852.66
1725797400000,4.724,4.729,4.724,4.726,16330.38
1725797700000,4.727,4.746,4.722,4.745,37321.9
1725798000000,4.745,4.747,4.723,4.723,19602.4
1725798300000,4.724,4.724,4.707,4.714,64685.72
1725798600000,4.713,4.714,4.696,4.702,17702.38
1725798900000,4.703,4.725,4.703,4.715,14074.57
1725799200000,4.715,4.718,4.71,4.714,7472.91
1725799500000,4.713,4.72,4.699,4.702,24691.45
1725799800000,4.701,4.705,4.684,4.694,40509.01
1725800100000,4.695,4.708,4.693,4.698,21387.18
1725800400000,4.698,4.701,4.688,4.69,20266.08
1725800700000,4.689,4.69,4.675,4.676,42498.92
1725801000000,4.676,4.692,4.671,4.689,20329.72
1725801300000,4.688,4.698,4.685,4.695,15657.46
1725801600000,4.694,4.701,4.691,4.694,13356.13
1725801900000,4.694,4.705,4.69,4.704,15647.42
1725802200000,4.705,4.706,4.699,4.7,12527.29
1725802500000,4.699,4.704,4.695,4.699,10147.95
1725802800000,4.698,4.705,4.694,4.704,14813.43
1725803100000,4.705,4.717,4.702,4.705,22588.35
1725803400000,4.704,4.711,4.701,4.703,7499.48
1725803700000,4.703,4.712,4.702,4.711,10567.74
1725804000000,4.71,4.716,4.702,4.706,14866.74
1725804300000,4.706,4.708,4.695,4.696,25029.19
1725804600000,4.697,4.702,4.692,4.696,19205.9
1725804900000,4.697,4.707,4.693,4.697,30248.52
1725805200000,4.698,4.7,4.689,4.699,19300.11
1725805500000,4.699,4.707,4.695,4.703,20271.32
1725805800000,4.703,4.714,4.702,4.714,18138.27
1725806100000,4.713,4.736,4.712,4.736,28248.21
1725806400000,4.736,4.739,4.727,4.739,24482.85
1725806700000,4.738,4.751,4.736,4.738,45475.15
1725807000000,4.738,4.742,4.727,4.727,23711.7
1725807300000,4.728,4.735,4.721,4.729,34602.51
1725807600000,4.729,4.737,4.719,4.731,30260.16
1725807900000,4.73,4.74,4.73,4.737,34420.62
1725808200000,4.736,4.749,4.735,4.739,38612.81
1725808500000,4.74,4.743,4.717,4.73,41732.57
1725808800000,4.729,4.735,4.717,4.726,32227.1
1725809100000,4.727,4.74,4.726,4.73,48187.27
1725809400000,4.731,4.749,4.72,4.749,32104.49
1725809700000,4.749,4.75,4.732,4.743,24481.61
1725810000000,4.743,4.751,4.723,4.731,77441.98
1725810300000,4.731,4.754,4.728,4.745,35503.67
1725810600000,4.745,4.753,4.735,4.744,57288.55
1725810900000,4.745,4.751,4.718,4.724,72543.37
1725811200000,4.724,4.737,4.714,4.736,46393.86
1725811500000,4.737,4.747,4.732,4.738,54453.35
1725811800000,4.739,4.741,4.705,4.706,66073.82
1725812100000,4.707,4.728,4.702,4.728,76990.6
1725812400000,4.727,4.729,4.707,4.715,45064.5
1725812700000,4.716,4.721,4.71,4.712,16999.55
1725813000000,4.712,4.73,4.711,4.725,27222.91
1725813300000,4.725,4.738,4.714,4.719,71890.58
1725813600000,4.719,4.73,4.717,4.729,16347.74
1725813900000,4.729,4.733,4.71,4.713,39736.01
1725814200000,4.713,4.721,4.709,4.716,30477.9
1725814500000,4.717,4.73,4.715,4.73,24074.38
1725814800000,4.729,4.745,4.728,4.743,33021.95
1725815100000,4.744,4.746,4.737,4.743,29621.45
1725815400000,4.742,4.748,4.741,4.744,17447.82
1725815700000,4.744,4.755,4.742,4.751,68121.84
1725816000000,4.751,4.758,4.747,4.754,29769.84
1725816300000,4.754,4.767,4.752,4.765,38739.88
1725816600000,4.766,4.782,4.763,4.778,57795.2
1725816900000,4.777,4.781,4.774,4.775,26062.35
1725817200000,4.774,4.777,4.766,4.767,28399.53
1725817500000,4.767,4.777,4.76,4.775,27200.19
1725817800000,4.775,4.78,4.772,4.78,19647.98
1725818100000,4.78,4.783,4.765,4.778,67133.87
1725818400000,4.778,4.783,4.766,4.767,30837.13
1725818700000,4.767,4.77,4.764,4.768,13458.46
1725819000000,4.768,4.776,4.759,4.76,45936.25
1725819300000,4.761,4.772,4.761,4.769,27922.62
1725819600000,4.769,4.771,4.761,4.764,18782.35
1725819900000,4.763,4.769,4.762,4.768,13091.98
1725820200000,4.768,4.778,4.768,4.775,77547.48
1725820500000,4.775,4.78,4.772,4.775,72528.29
1725820800000,4.774,4.789,4.774,4.788,61334.78
1725821100000,4.789,4.796,4.787,4.791,30156.26
1725821400000,4.792,4.803,4.791,4.797,27723.98
1725821700000,4.797,4.808,4.797,4.803,24447.76
1725822000000,4.803,4.807,4.794,4.795,20405.44
1725822300000,4.795,4.806,4.795,4.801,16280.33
1725822600000,4.8,4.803,4.781,4.788,31425.63
1725822900000,4.788,4.796,4.784,4.786,14985.42
1725823200000,4.786,4.789,4.771,4.785,23304.25
1725823500000,4.786,4.803,4.785,4.801,26292.8
1725823800000,4.801,4.832,4.801,4.831,33976.69
1725824100000,4.83,4.841,4.822,4.825,77280.35
1725824400000,4.824,4.826,4.815,4.82,30742.07
1725824700000,4.82,4.825,4.814,4.823,18010.23
1725825000000,4.822,4.835,4.82,4.824,39254.4
1725825300000,4.823,4.828,4.82,4.821,20991.69
1725825600000,4.82,4.83,4.819,4.822,17218.94
1725825900000,4.822,4.83,4.817,4.828,16444.71
1725826200000,4.828,4.837,4.823,4.837,22489.23
1725826500000,4.837,4.837,4.82,4.822,20650.62
1725826800000,4.823,4.831,4.82,4.824,16385.14
1725827100000,4.824,4.838,4.823,4.837,20269.37
1725827400000,4.837,4.844,4.832,4.842,39257.89
1725827700000,4.841,4.849,4.839,4.846,38466.4
1725828000000,4.846,4.867,4.838,4.863,123961.22
1725828300000,4.864,4.871,4.858,4.865,53240.14
1725828600000,4.865,4.877,4.86,4.861,39864.04
1725828900000,4.861,4.868,4.857,4.868,24152.68
1725829200000,4.868,4.889,4.867,4.886,46902.32
1725829500000,4.886,4.9,4.886,4.9,57308.83
1725829800000,4.899,4.899,4.887,4.889,41117.3
1725830100000,4.889,4.905,4.889,4.905,57208.51
1725830400000,4.905,4.92,4.902,4.916,63388.86
1725830700000,4.917,4.922,4.898,4.909,43221.0
1725831000000,4.909,4.939,4.909,4.934,76481.1
1725831300000,4.934,4.944,4.928,4.944,79909.99
1725831600000,4.943,4.945,4.912,4.912,32501.46
1725831900000,4.912,4.921,4.892,4.892,41879.26
1725832200000,4.892,4.913,4.892,4.897,39224.77
1725832500000,4.898,4.911,4.897,4.909,21821.32
1725832800000,4.909,4.916,4.892,4.898,58056.17
1725833100000,4.898,4.902,4.878,4.884,32057.93
1725833400000,4.883,4.884,4.87,4.879,21565.25
1725833700000,4.88,4.901,4.88,4.895,52299.9
1725834000000,4.895,4.92,4.895,4.916,66656.91
1725834300000,4.915,4.944,4.909,4.92,113565.31
1725834600000,4.92,4.923,4.895,4.904,94289.01
1725834900000,4.905,4.909,4.892,4.907,46792.37
1725835200000,4.907,4.92,4.901,4.905,34296.18
1725835500000,4.905,4.916,4.9,4.916,20230.74
1725835800000,4.916,4.92,4.908,4.91,26337.85
1725836100000,4.911,4.911,4.883,4.886,39987.78
1725836400000,4.886,4.912,4.879,4.912,33567.48
1725836700000,4.912,4.932,4.912,4.925,30813.64
1725837000000,4.925,4.941,4.918,4.939,35593.31
1725837300000,4.939,4.939,4.92,4.936,40589.15
1725837600000,4.935,4.937,4.926,4.932,13826.31
1725837900000,4.931,4.94,4.921,4.921,13313.91
1725838200000,4.921,4.929,4.912,4.914,10013.88
1725838500000,4.915,4.918,4.908,4.914,14482.57
1725838800000,4.915,4.925,4.912,4.918,11040.85
1725839100000,4.918,4.918,4.909,4.914,12720.02
1725839400000,4.914,4.914,4.891,4.898,18880.97
1725839700000,4.898,4.899,4.89,4.896,11623.26
1725840000000,4.896,4.896,4.883,4.89,40368.65
1725840300000,4.891,4.906,4.891,4.901,14263.35
1725840600000,4.9,4.912,4.889,4.898,48254.5
1725840900000,4.898,4.912,4.892,4.907,15168.49
1725841200000,4.907,4.911,4.898,4.903,19880.4
1725841500000,4.902,4.916,4.898,4.912,32538.6
1725841800000,4.912,4.922,4.907,4.919,15533.12
1725842100000,4.92,4.93,4.919,4.93,7834.3
1725842400000,4.929,4.93,4.905,4.905,36969.25
1725842700000,4.905,4.91,4.891,4.893,31377.71
1725843000000,4.894,4.91,4.888,4.909,20768.61
1725843300000,4.909,4.92,4.908,4.919,14160.26
1725843600000,4.918,4.93,4.911,4.922,33059.88
1725843900000,4.923,4.934,4.923,4.924,31012.92
1725844200000,4.924,4.93,4.91,4.917,76184.41
1725844500000,4.917,4.918,4.899,4.9,28373.7
1725844800000,4.9,4.911,4.897,4.911,16108.05
1725845100000,4.911,4.914,4.907,4.912,8780.35
1725845400000,4.912,4.929,4.91,4.922,62200.89
1725845700000,4.922,4.924,4.912,4.92,25281.56
1725846000000,4.919,4.95,4.919,4.95,70221.98
1725846300000,4.949,4.964,4.944,4.957,38738.31
1725846600000,4.956,4.964,4.945,4.945,20915.18
1725846900000,4.946,4.946,4.934,4.936,23411.13
1725847200000,4.935,4.937,4.918,4.932,58389.43
1725847500000,4.933,4.94,4.931,4.936,58627.93
1725847800000,4.935,4.946,4.934,4.941,29228.48
1725848100000,4.941,4.942,4.927,4.933,38101.43
1725848400000,4.932,4.933,4.925,4.925,11378.42
1725848700000,4.925,4.925,4.916,4.919,13418.92
1725849000000,4.919,4.926,4.91,4.91,14395.18
1725849300000,4.911,4.919,4.903,4.904,35137.99
1725849600000,4.905,4.913,4.905,4.91,13199.31
1725849900000,4.91,4.925,4.909,4.923,6655.89
1725850200000,4.922,4.929,4.918,4.928,5396.88
1725850500000,4.929,4.932,4.925,4.931,9411.04
1725850800000,4.931,4.938,4.929,4.929,18466.89
1725851100000,4.929,4.937,4.926,4.934,13786.65
1725851400000,4.935,4.941,4.932,4.938,5636.06
1725851700000,4.939,4.939,4.909,4.91,15218.85
1725852000000,4.911,4.912,4.904,4.91,11533.07
1725852300000,4.909,4.925,4.907,4.924,5870.21
1725852600000,4.925,4.945,4.925,4.942,15426.83
1725852900000,4.943,4.944,4.93,4.939,22254.01
1725853200000,4.939,4.956,4.938,4.955,25390.58
1725853500000,4.954,4.958,4.947,4.957,31820.27
1725853800000,4.958,4.96,4.947,4.954,15070.88
1725854100000,4.954,4.958,4.948,4.951,20394.99
1725854400000,4.952,4.952,4.938,4.938,12141.14
1725854700000,4.939,4.944,4.933,4.936,9164.28
1725855000000,4.936,4.939,4.923,4.925,16702.13
1725855300000,4.926,4.928,4.908,4.911,72313.87
1725855600000,4.912,4.915,4.886,4.892,35316.6
1725855900000,4.891,4.898,4.887,4.897,9280.49
1725856200000,4.897,4.912,4.895,4.908,21381.92
1725856500000,4.908,4.91,4.897,4.909,7707.09
1725856800000,4.908,4.908,4.893,4.893,11897.54
1725857100000,4.893,4.901,4.888,4.895,21445.04
1725857400000,4.895,4.9,4.892,4.892,9983.0
1725857700000,4.891,4.894,4.884,4.887,17793.92
1725858000000,4.887,4.898,4.878,4.892,18127.04
1725858300000,4.891,4.891,4.875,4.878,21498.83
1725858600000,4.877,4.893,4.871,4.89,15318.96
1725858900000,4.89,4.898,4.887,4.892,14128.97
1725859200000,4.892,4.9,4.887,4.9,7098.23
1725859500000,4.901,4.908,4.899,4.908,8445.19
1725859800000,4.908,4.913,4.901,4.909,16240.64
1725860100000,4.909,4.923,4.909,4.921,14074.86
1725860400000,4.921,4.925,4.907,4.91,9551.6
1725860700000,4.909,4.914,4.897,4.9,26981.16
1725861000000,4.9,4.901,4.888,4.888,16327.65
1725861300000,4.888,4.893,4.885,4.888,34697.94
1725861600000,4.887,4.891,4.881,4.889,20256.76
1725861900000,4.888,4.901,4.873,4.887,45075.11
1725862200000,4.888,4.897,4.886,4.89,14333.54
1725862500000,4.889,4.893,4.88,4.883,10530.69
1725862800000,4.884,4.89,4.876,4.876,15206.41
1725863100000,4.876,4.89,4.876,4.885,21596.14
1725863400000,4.885,4.899,4.885,4.898,8427.74
1725863700000,4.898,4.903,4.891,4.897,16863.43
1725864000000,4.898,4.9,4.892,4.895,3468.58
1725864300000,4.895,4.902,4.891,4.902,14996.76
1725864600000,4.903,4.918,4.902,4.909,21498.37
1725864900000,4.909,4.916,4.903,4.913,18978.16
1725865200000,4.913,4.915,4.908,4.91,10239.32
1725865500000,4.909,4.912,4.9,4.901,19322.65
1725865800000,4.901,4.908,4.895,4.899,10511.0
1725866100000,4.9,4.906,4.899,4.903,8075.5
1725866400000,4.904,4.916,4.903,4.916,13231.85
1725866700000,4.916,4.919,4.911,4.919,8614.38
1725867000000,4.918,4.934,4.917,4.932,12850.53
1725867300000,4.932,4.942,4.93,4.94,24806.2
1725867600000,4.94,4.94,4.931,4.932,56320.03
1725867900000,4.933,4.934,4.926,4.932,6416.32
1725868200000,4.931,4.94,4.931,4.933,7451.8
1725868500000,4.932,4.94,4.932,4.939,9996.0
1725868800000,4.938,4.95,4.936,4.949,25947.43
1725869100000,4.949,5.0,4.949,4.997,208090.36
1725869400000,4.997,4.998,4.974,4.98,59548.04
1725869700000,4.979,5.0,4.979,4.99,64154.33
1725870000000,4.991,5.006,4.984,4.996,60994.29
1725870300000,4.996,5.045,4.993,5.038,181142.15
1725870600000,5.037,5.075,5.029,5.061,180913.44
1725870900000,5.06,5.08,5.051,5.055,64084.85
1725871200000,5.055,5.064,5.036,5.038,33581.37
1725871500000,5.038,5.055,5.03,5.048,51406.34
1725871800000,5.047,5.058,5.039,5.052,30625.35
1725872100000,5.051,5.085,5.051,5.084,35028.2
1725872400000,5.084,5.088,5.054,5.055,40105.99
1725872700000,5.056,5.08,5.054,5.075,65245.49
1725873000000,5.074,5.078,5.051,5.055,33641.73
1725873300000,5.055,5.057,5.036,5.041,43406.58
1725873600000,5.041,5.071,5.039,5.068,64511.44
1725873900000,5.068,5.07,5.057,5.058,17861.12
1725874200000,5.058,5.101,5.057,5.097,134983.97
1725874500000,5.098,5.122,5.096,5.106,87943.5
1725874800000,5.105,5.107,5.076,5.078,55293.42
1725875100000,5.077,5.096,5.075,5.083,34130.13
1725875400000,5.083,5.084,5.059,5.063,40158.7
1725875700000,5.064,5.08,5.061,5.065,26868.67
1725876000000,5.065,5.069,5.039,5.054,65590.69
1725876300000,5.054,5.061,5.052,5.052,37300.42
1725876600000,5.052,5.055,5.042,5.045,23961.09
1725876900000,5.045,5.046,5.033,5.038,34454.94
1725877200000,5.038,5.064,5.034,5.06,34002.16
1725877500000,5.061,5.112,5.055,5.1,375510.86
1725877800000,5.1,5.104,5.087,5.089,41835.74
1725878100000,5.089,5.099,5.087,5.091,37556.76
1725878400000,5.091,5.092,5.076,5.083,38187.25
1725878700000,5.083,5.088,5.072,5.075,35464.48
1725879000000,5.076,5.081,5.072,5.079,20193.54
1725879300000,5.079,5.085,5.076,5.079,16452.4
1725879600000,5.079,5.09,5.068,5.088,37835.56
1725879900000,5.087,5.087,5.076,5.08,12451.96
1725880200000,5.081,5.09,5.078,5.089,26057.8
1725880500000,5.09,5.096,5.082,5.087,31268.08
1742083200000,3.584,3.594,3.568,3.571,129441.49
1742083500000,3.571,3.575,3.537,3.554,129346.87
1742083800000,3.554,3.577,3.551,3.571,86837.16
1742084100000,3.57,3.578,3.558,3.568,47381.69
1742084400000,3.569,3.571,3.543,3.55,74351.91
1742084700000,3.55,3.554,3.534,3.541,43398.89
1742085000000,3.54,3.555,3.527,3.555,75335.45
1742085300000,3.555,3.558,3.535,3.536,39972.27
1742085600000,3.535,3.535,3.521,3.525,54983.63
1742085900000,3.525,3.534,3.524,3.529,51154.12
1742086200000,3.53,3.548,3.526,3.529,48829.13
1742086500000,3.529,3.534,3.523,3.532,34784.5
1742086800000,3.533,3.538,3.524,3.528,60892.66
1742087100000,3.527,3.542,3.524,3.535,57169.95
1742087400000,3.536,3.57,3.536,3.553,104656.56
1742087700000,3.553,3.564,3.548,3.551,53172.01
1742088000000,3.551,3.552,3.538,3.549,30009.97
1742088300000,3.55,3.558,3.54,3.545,43461.37
1742088600000,3.545,3.546,3.517,3.52,90311.38
1742088900000,3.52,3.52,3.491,3.505,117666.45
1742089200000,3.505,3.511,3.503,3.506,52912.35
1742089500000,3.506,3.519,3.494,3.513,61066.11
1742089800000,3.514,3.515,3.471,3.487,120719.05
1742090100000,3.487,3.491,3.459,3.468,88794.2
1742090400000,3.468,3.479,3.458,3.468,138566.35
1742090700000,3.468,3.471,3.452,3.457,76147.68
1742091000000,3.458,3.477,3.457,3.475,53594.92
1742091300000,3.475,3.49,3.467,3.47,55332.37
1742091600000,3.47,3.471,3.462,3.468,46601.07
1742091900000,3.468,3.498,3.468,3.491,107429.0
1742092200000,3.491,3.503,3.487,3.493,54466.65
1742092500000,3.493,3.494,3.473,3.491,84380.79
1742092800000,3.491,3.496,3.484,3.484,24546.77
1742093100000,3.485,3.5,3.47,3.485,115231.04
1742093400000,3.485,3.493,3.472,3.474,45453.93
1742093700000,3.473,3.49,3.465,3.485,71379.03
1742094000000,3.486,3.488,3.469,3.473,63703.97
1742094300000,3.473,3.484,3.468,3.474,85480.18
1742094600000,3.474,3.476,3.468,3.475,22984.91
1742094900000,3.475,3.48,3.469,3.474,26887.07
1742095200000,3.474,3.49,3.473,3.48,25441.91
1742095500000,3.48,3.496,3.478,3.483,24888.98
1742095800000,3.483,3.488,3.473,3.48,16398.09
1742096100000,3.479,3.487,3.475,3.48,26784.95
1742096400000,3.479,3.481,3.439,3.479,189647.72
1742096700000,3.478,3.485,3.447,3.456,114092.15
1742097000000,3.455,3.47,3.454,3.463,27024.87
1742097300000,3.462,3.468,3.454,3.456,14090.54
1742097600000,3.455,3.475,3.432,3.448,147154.85
1742097900000,3.447,3.47,3.445,3.469,72931.79
1742098200000,3.468,3.486,3.466,3.477,61233.68
1742098500000,3.478,3.492,3.474,3.475,31267.4
1742098800000,3.474,3.475,3.455,3.461,101544.06
1742099100000,3.462,3.466,3.45,3.457,32422.44
1742099400000,3.456,3.459,3.429,3.433,78376.27
1742099700000,3.433,3.437,3.421,3.422,59855.41
1742100000000,3.421,3.451,3.421,3.446,71605.45
1742100300000,3.445,3.453,3.427,3.428,28700.72
1742100600000,3.427,3.436,3.425,3.429,23064.09
1742100900000,3.429,3.447,3.429,3.436,39287.27
1742101200000,3.435,3.444,3.433,3.436,27928.52
1742101500000,3.437,3.453,3.435,3.446,30099.19
1742101800000,3.447,3.451,3.439,3.444,20494.36
1742102100000,3.444,3.453,3.437,3.44,36233.89
1742102400000,3.44,3.448,3.423,3.439,47408.24
1742102700000,3.441,3.445,3.426,3.431,64226.7
1742103000000,3.432,3.467,3.414,3.445,189855.37
1742103300000,3.445,3.445,3.431,3.435,51288.52
1742103600000,3.435,3.45,3.434,3.436,33844.86
1742103900000,3.436,3.456,3.433,3.454,28932.0
1742104200000,3.453,3.453,3.433,3.44,34467.03
1742104500000,3.44,3.454,3.438,3.447,47450.71
1742104800000,3.447,3.462,3.442,3.454,33984.01
1742105100000,3.453,3.454,3.443,3.452,32100.28
1742105400000,3.451,3.468,3.444,3.461,90651.77
1742105700000,3.461,3.462,3.454,3.457,24385.84
1742106000000,3.457,3.463,3.454,3.457,21210.87
1742106300000,3.457,3.472,3.454,3.466,48197.0
1742106600000,3.466,3.466,3.455,3.464,31198.43
1742106900000,3.464,3.479,3.463,3.477,42832.26
1742107200000,3.477,3.484,3.45,3.467,260196.69
1742107500000,3.466,3.484,3.465,3.477,37532.37
1742107800000,3.477,3.482,3.471,3.476,39832.4
1742108100000,3.477,3.479,3.471,3.474,43571.44
1742108400000,3.474,3.485,3.473,3.474,21797.43
1742108700000,3.475,3.482,3.474,3.477,16892.76
1742109000000,3.477,3.483,3.473,3.479,31011.06
1742109300000,3.48,3.493,3.47,3.487,57800.59
1742109600000,3.487,3.497,3.483,3.495,58714.62
1742109900000,3.495,3.526,3.492,3.503,136479.45
1742110200000,3.504,3.506,3.488,3.495,83611.44
1742110500000,3.495,3.507,3.491,3.495,62351.8
1742110800000,3.495,3.499,3.479,3.482,65538.8
1742111100000,3.483,3.487,3.459,3.46,80527.29
1742111400000,3.461,3.491,3.455,3.485,147896.8
1742111700000,3.486,3.492,3.47,3.475,241301.54
1742112000000,3.474,3.476,3.463,3.465,36080.71
1742112300000,3.464,3.472,3.46,3.462,104923.16
1742112600000,3.461,3.476,3.454,3.461,190416.08
1742112900000,3.462,3.467,3.454,3.46,45882.04
1742113200000,3.461,3.471,3.454,3.462,44690.16
1742113500000,3.463,3.472,3.46,3.466,27657.54
1742113800000,3.466,3.486,3.462,3.48,50484.74
1742114100000,3.481,3.487,3.47,3.473,33138.54
1742114400000,3.472,3.48,3.468,3.48,37807.46
1742114700000,3.479,3.488,3.465,3.466,155938.59
1742115000000,3.465,3.484,3.462,3.47,166741.86
1742115300000,3.47,3.471,3.452,3.453,148182.51
1742115600000,3.453,3.461,3.441,3.456,147884.61
1742115900000,3.456,3.46,3.434,3.445,65440.04
1742116200000,3.447,3.447,3.435,3.44,43983.9
1742116500000,3.44,3.449,3.435,3.436,33403.08
1742116800000,3.436,3.439,3.427,3.429,50591.12
1742117100000,3.43,3.435,3.418,3.428,66190.12
1742117400000,3.428,3.433,3.393,3.402,213840.31
1742117700000,3.402,3.412,3.389,3.392,90506.37
1742118000000,3.392,3.398,3.387,3.393,63662.56
1742118300000,3.393,3.411,3.393,3.408,73563.51
1742118600000,3.408,3.437,3.408,3.427,88219.93
1742118900000,3.428,3.436,3.409,3.413,63462.24
1742119200000,3.413,3.416,3.401,3.411,61959.64
1742119500000,3.41,3.415,3.402,3.414,16619.16
1742119800000,3.414,3.423,3.41,3.413,24312.8
1742120100000,3.413,3.415,3.405,3.413,13518.99
1742120400000,3.413,3.416,3.405,3.409,28159.78
1742120700000,3.409,3.418,3.406,3.416,52021.97
1742121000000,3.416,3.417,3.405,3.413,33892.86
1742121300000,3.412,3.414,3.406,3.412,17488.52
1742121600000,3.412,3.43,3.41,3.426,43569.88
1742121900000,3.425,3.427,3.411,3.413,48780.23
1742122200000,3.412,3.418,3.407,3.413,31661.14
1742122500000,3.414,3.415,3.405,3.406,15762.64
1742122800000,3.406,3.418,3.406,3.408,63132.9
1742123100000,3.407,3.415,3.394,3.407,101717.99
1742123400000,3.407,3.41,3.387,3.391,84054.32
1742123700000,3.39,3.402,3.379,3.388,155078.28
1742124000000,3.388,3.39,3.371,3.387,99125.0
1742124300000,3.387,3.391,3.374,3.377,43058.55
1742124600000,3.376,3.387,3.367,3.375,131746.61
1742124900000,3.375,3.381,3.366,3.367,35257.67
1742125200000,3.368,3.37,3.356,3.357,71262.79
1742125500000,3.358,3.376,3.353,3.367,54885.89
1742125800000,3.368,3.369,3.355,3.36,28995.06
1742126100000,3.361,3.375,3.357,3.372,70878.96
1742126400000,3.372,3.386,3.371,3.386,50701.33
1742126700000,3.386,3.417,3.386,3.406,139809.78
1742127000000,3.407,3.409,3.385,3.387,49074.78
1742127300000,3.387,3.389,3.369,3.369,63068.27
1742127600000,3.37,3.393,3.37,3.393,67552.35
1742127900000,3.393,3.413,3.392,3.409,51269.8
1742128200000,3.409,3.411,3.392,3.396,40717.57
1742128500000,3.396,3.397,3.379,3.383,42618.67
1742128800000,3.383,3.395,3.382,3.393,28816.03
1742129100000,3.393,3.394,3.38,3.383,25261.46
1742129400000,3.383,3.384,3.373,3.379,36469.57
1742129700000,3.379,3.392,3.377,3.379,32187.4
1742130000000,3.379,3.397,3.375,3.39,50769.5
1742130300000,3.39,3.397,3.381,3.395,29162.36
1742130600000,3.395,3.395,3.383,3.389,26425.66
1742130900000,3.389,3.392,3.369,3.374,28058.42
1742131200000,3.374,3.381,3.369,3.369,29476.65
1742131500000,3.369,3.376,3.367,3.372,32600.48
1742131800000,3.371,3.374,3.362,3.369,21659.04
1742132100000,3.369,3.375,3.367,3.37,26350.6
1742132400000,3.37,3.37,3.351,3.36,118657.76
1742132700000,3.36,3.362,3.328,3.339,132466.71
1742133000000,3.339,3.349,3.336,3.338,43869.01
1742133300000,3.338,3.348,3.334,3.335,105615.48
1742133600000,3.335,3.371,3.331,3.367,192742.63
1742133900000,3.366,3.369,3.358,3.359,40978.16
1742134200000,3.358,3.368,3.355,3.356,30850.53
1742134500000,3.355,3.358,3.347,3.357,17088.42
1742134800000,3.356,3.365,3.355,3.362,22727.29
1742135100000,3.361,3.368,3.355,3.367,24487.9
1742135400000,3.366,3.37,3.359,3.365,24320.17
1742135700000,3.364,3.38,3.362,3.371,46960.85
1742136000000,3.37,3.376,3.366,3.375,16862.91
1742136300000,3.376,3.383,3.373,3.379,31927.17
1742136600000,3.38,3.393,3.368,3.369,62644.92
1742136900000,3.37,3.39,3.367,3.383,62624.0
1742137200000,3.384,3.409,3.373,3.4,102895.14
1742137500000,3.399,3.402,3.392,3.392,31266.74
1742137800000,3.393,3.401,3.387,3.397,24380.92
1742138100000,3.396,3.396,3.379,3.386,44742.81
1742138400000,3.386,3.389,3.379,3.389,23151.22
1742138700000,3.388,3.398,3.388,3.395,16786.23
1742139000000,3.396,3.401,3.383,3.4,34659.7
1742139300000,3.4,3.409,3.39,3.39,32834.17
1742139600000,3.389,3.4,3.389,3.396,19001.03
1742139900000,3.396,3.398,3.389,3.389,10782.93
1742140200000,3.389,3.436,3.387,3.422,175356.86
1742140500000,3.422,3.422,3.406,3.41,55063.77
1742140800000,3.409,3.417,3.401,3.409,28120.2
1742141100000,3.409,3.456,3.409,3.43,233771.26
1742141400000,3.43,3.44,3.409,3.412,159630.68
1742141700000,3.412,3.422,3.398,3.419,81866.22
1742142000000,3.419,3.425,3.403,3.408,43566.1
1742142300000,3.407,3.409,3.395,3.398,44103.0
1742142600000,3.399,3.414,3.393,3.397,26070.06
1742142900000,3.398,3.403,3.394,3.394,37871.5
1742143200000,3.395,3.411,3.394,3.397,24116.54
1742143500000,3.397,3.404,3.395,3.399,38716.7
1742143800000,3.399,3.403,3.383,3.383,62056.96
1742144100000,3.383,3.396,3.383,3.388,49912.04
1742144400000,3.388,3.402,3.386,3.398,23989.71
1742144700000,3.397,3.413,3.397,3.41,20686.18
1742145000000,3.41,3.413,3.403,3.412,24924.0
1742145300000,3.413,3.419,3.402,3.412,47297.45
1742145600000,3.412,3.413,3.403,3.409,13617.71
1742145900000,3.409,3.41,3.4,3.405,18425.82
1742146200000,3.406,3.412,3.4,3.402,37147.25
1742146500000,3.402,3.409,3.402,3.409,13059.31
1742146800000,3.408,3.413,3.403,3.403,19953.0
1742147100000,3.403,3.409,3.401,3.408,13961.3
1742147400000,3.408,3.417,3.407,3.411,11690.12
1742147700000,3.411,3.418,3.408,3.411,20209.99
1742148000000,3.411,3.417,3.407,3.414,14926.89
1742148300000,3.414,3.416,3.395,3.397,43941.87
1742148600000,3.398,3.412,3.397,3.405,15063.28
1742148900000,3.405,3.413,3.404,3.412,14872.69
1742149200000,3.411,3.413,3.397,3.399,25470.81
1742149500000,3.4,3.407,3.398,3.405,19393.01
1742149800000,3.405,3.41,3.402,3.405,26863.54
1742150100000,3.406,3.413,3.397,3.397,50032.97
1742150400000,3.397,3.406,3.397,3.404,21690.52
1742150700000,3.404,3.405,3.397,3.403,16339.84
1742151000000,3.403,3.413,3.399,3.41,15633.36
1742151300000,3.409,3.41,3.391,3.394,106032.92
1742151600000,3.394,3.403,3.392,3.396,29043.1
1742151900000,3.395,3.403,3.394,3.399,20278.17
1742152200000,3.4,3.403,3.373,3.384,105107.05
1742152500000,3.384,3.386,3.363,3.369,132096.62
1742152800000,3.369,3.385,3.365,3.383,40979.96
1742153100000,3.383,3.39,3.383,3.389,21942.22
1742153400000,3.388,3.39,3.374,3.376,17704.54
1742153700000,3.376,3.392,3.374,3.391,18790.22
1742154000000,3.392,3.403,3.39,3.397,37960.76
1742154300000,3.398,3.401,3.386,3.388,26406.97
1742154600000,3.389,3.4,3.383,3.399,22299.06
1742154900000,3.399,3.401,3.393,3.399,20823.77
1742155200000,3.399,3.433,3.391,3.41,174877.57
1742155500000,3.41,3.417,3.405,3.414,24327.26
1742155800000,3.414,3.419,3.408,3.409,27865.01
1742156100000,3.41,3.419,3.402,3.415,39671.18
1742156400000,3.415,3.426,3.407,3.423,51702.48
1742156700000,3.423,3.431,3.422,3.427,27682.66
1742157000000,3.427,3.433,3.419,3.422,30406.85
1742157300000,3.422,3.433,3.418,3.433,20309.55
1742157600000,3.433,3.434,3.424,3.428,17594.2
1742157900000,3.428,3.433,3.423,3.433,24830.06
1742158200000,3.432,3.435,3.424,3.426,38404.78
1742158500000,3.426,3.442,3.424,3.441,37753.18
1742158800000,3.44,3.443,3.432,3.442,34071.37
1742159100000,3.441,3.447,3.43,3.431,31791.55
1742159400000,3.43,3.433,3.417,3.422,32737.18
1742159700000,3.422,3.426,3.419,3.426,14535.92
1742160000000,3.426,3.431,3.419,3.43,25506.51
1742160300000,3.43,3.441,3.428,3.434,15412.89
1742160600000,3.434,3.435,3.424,3.429,22795.0
1742160900000,3.429,3.441,3.428,3.434,22217.56
1742161200000,3.434,3.434,3.425,3.43,20849.15
1742161500000,3.43,3.437,3.424,3.425,13018.84
1742161800000,3.425,3.443,3.422,3.44,26586.82
1742162100000,3.441,3.444,3.436,3.442,30576.22
1742162400000,3.441,3.445,3.429,3.441,29249.35
1742162700000,3.442,3.443,3.419,3.424,77544.79
1742163000000,3.424,3.44,3.424,3.436,15455.32
1742163300000,3.436,3.443,3.434,3.436,18781.79
1742163600000,3.435,3.44,3.429,3.439,24476.81
1742163900000,3.44,3.463,3.439,3.458,29841.63
1742164200000,3.458,3.466,3.445,3.456,46543.7
1742164500000,3.457,3.457,3.44,3.452,37235.57
1742164800000,3.451,3.458,3.449,3.45,29721.88
1742165100000,3.451,3.456,3.441,3.453,22443.67
1742165400000,3.453,3.457,3.446,3.454,20700.69
1742165700000,3.453,3.454,3.446,3.449,21142.41
1742166000000,3.45,3.453,3.443,3.448,54695.73
1742166300000,3.449,3.454,3.418,3.422,192469.78
1742166600000,3.424,3.435,3.42,3.426,38194.11
1742166900000,3.427,3.441,3.423,3.441,23815.49
1742167200000,3.44,3.44,3.4,3.401,160178.92
1742167500000,3.402,3.418,3.392,3.416,60121.05
1742167800000,3.416,3.438,3.413,3.433,38030.18
1742168100000,3.433,3.439,3.423,3.43,43926.13
1742168400000,3.429,3.443,3.423,3.443,76332.7
1742168700000,3.443,3.448,3.435,3.445,35605.15
1742169000000,3.444,3.455,3.44,3.447,22808.2
1742169300000,3.446,3.449,3.44,3.44,13755.97
1742169600000,3.441,3.456,3.436,3.449,42210.19
1742169900000,3.448,3.457,3.439,3.439,51546.49
1742170200000,3.439,3.474,3.436,3.469,82850.04
1742170500000,3.468,3.471,3.459,3.465,45937.55
1742170800000,3.464,3.472,3.459,3.469,24455.06
1742171100000,3.468,3.473,3.46,3.472,15376.82
1742171400000,3.472,3.564,3.472,3.496,440198.81
1742171700000,3.496,3.506,3.491,3.497,54479.07
1742172000000,3.496,3.504,3.49,3.492,23831.57
1742172300000,3.492,3.508,3.49,3.5,61065.15
1742172600000,3.5,3.519,3.499,3.515,65141.58
1742172900000,3.514,3.515,3.5,3.501,7711.16
1742173200000,3.501,3.506,3.499,3.502,17139.71
1742173500000,3.501,3.506,3.499,3.505,21673.94
1742173800000,3.505,3.505,3.489,3.496,32663.99
1742174100000,3.497,3.524,3.497,3.508,68911.22
1742174400000,3.508,3.512,3.495,3.501,30546.56
1742174700000,3.5,3.502,3.495,3.498,6692.61
1742175000000,3.497,3.509,3.491,3.491,30961.85
1742175300000,3.49,3.495,3.482,3.487,12665.48
1742175600000,3.486,3.487,3.477,3.483,17739.19
1742175900000,3.484,3.501,3.484,3.489,12642.71
1742176200000,3.489,3.497,3.489,3.489,10766.01
1742176500000,3.489,3.491,3.484,3.491,6255.92
1742176800000,3.491,3.541,3.491,3.538,82535.99
1742177100000,3.537,3.542,3.517,3.52,134654.46
1742177400000,3.519,3.544,3.519,3.543,96293.19
1742177700000,3.542,3.542,3.511,3.515,54890.48
1742178000000,3.516,3.519,3.508,3.508,22025.6
1742178300000,3.508,3.53,3.507,3.528,17711.64
1742178600000,3.527,3.531,3.51,3.518,11577.27
1742178900000,3.517,3.544,3.515,3.54,158229.71
1742179200000,3.539,3.549,3.533,3.546,28595.18
1742179500000,3.546,3.566,3.537,3.538,120680.6
1742179800000,3.538,3.548,3.535,3.541,9639.69
1742180100000,3.542,3.554,3.539,3.541,12098.79
1742180400000,3.54,3.544,3.533,3.533,23894.25
1742180700000,3.533,3.571,3.529,3.553,174804.7
1742181000000,3.552,3.56,3.544,3.549,45686.17
1742181300000,3.549,3.555,3.526,3.528,98589.84
1742181600000,3.528,3.543,3.523,3.541,34050.46
1742181900000,3.54,3.542,3.533,3.534,11967.39
1742182200000,3.534,3.535,3.527,3.532,11171.14
1742182500000,3.532,3.541,3.531,3.536,27034.55
1742182800000,3.535,3.538,3.526,3.527,39256.59
1742183100000,3.527,3.527,3.522,3.523,12291.61
1742183400000,3.523,3.526,3.519,3.525,18262.78
1742183700000,3.526,3.543,3.526,3.535,43682.53
1742184000000,3.535,3.554,3.534,3.55,39494.64
1742184300000,3.55,3.566,3.55,3.561,42971.53
1742184600000,3.561,3.568,3.558,3.564,15003.18
1742184900000,3.563,3.582,3.563,3.577,46386.6
1742185200000,3.577,3.584,3.569,3.582,45586.3
1742185500000,3.581,3.592,3.577,3.583,64186.69
1742185800000,3.582,3.635,3.58,3.631,175067.26
1742186100000,3.63,3.638,3.619,3.629,93669.55
1742186400000,3.628,3.665,3.624,3.639,257973.09
1742186700000,3.639,3.642,3.621,3.621,67028.86
1742187000000,3.621,3.641,3.601,3.601,270450.67
1742187300000,3.601,3.603,3.572,3.588,146488.24
1742187600000,3.588,3.6,3.538,3.543,220244.5
1742187900000,3.542,3.554,3.525,3.527,196318.52
1742188200000,3.527,3.53,3.477,3.503,369292.73
1742188500000,3.502,3.502,3.477,3.493,148461.32
1742188800000,3.493,3.512,3.493,3.508,73507.48
1742189100000,3.508,3.509,3.499,3.504,44546.39
1742189400000,3.505,3.508,3.477,3.483,61259.64
1742189700000,3.483,3.495,3.479,3.492,20036.95
1742190000000,3.492,3.497,3.487,3.49,15272.18
1742190300000,3.49,3.492,3.475,3.477,53096.01
1742190600000,3.478,3.483,3.467,3.474,27847.85
1742190900000,3.474,3.486,3.471,3.472,40024.95
1742191200000,3.472,3.479,3.463,3.476,44773.79
1742191500000,3.477,3.489,3.475,3.487,44141.13
1742191800000,3.487,3.487,3.474,3.48,6978.83
1742192100000,3.479,3.486,3.476,3.478,10780.79
1742192400000,3.477,3.484,3.474,3.478,12883.58
1742192700000,3.477,3.48,3.463,3.471,21660.62
1742193000000,3.471,3.478,3.453,3.475,63572.37
1742193300000,3.475,3.485,3.474,3.479,31198.06
1742193600000,3.48,3.486,3.477,3.478,36842.11
1742193900000,3.479,3.488,3.463,3.467,43737.63
1742194200000,3.467,3.479,3.467,3.472,9815.8
1742194500000,3.471,3.473,3.449,3.449,45118.47
1742194800000,3.449,3.467,3.447,3.46,46913.5
1742195100000,3.46,3.464,3.454,3.459,22856.07
1742195400000,3.459,3.467,3.444,3.446,57505.3
1742195700000,3.446,3.447,3.424,3.43,77571.91
1742196000000,3.43,3.439,3.417,3.436,54098.64
1742196300000,3.436,3.445,3.436,3.439,13707.23
1742196600000,3.439,3.444,3.437,3.437,7154.87
1742196900000,3.437,3.438,3.422,3.422,20142.34
1742197200000,3.422,3.43,3.415,3.427,78406.36
1742197500000,3.427,3.441,3.427,3.435,27480.32
1742197800000,3.435,3.442,3.431,3.44,19582.21
1742198100000,3.44,3.441,3.424,3.425,25477.34
1742198400000,3.425,3.435,3.418,3.42,22468.38
1742198700000,3.42,3.431,3.42,3.423,24292.77
1742199000000,3.423,3.429,3.416,3.427,24667.87
1742199300000,3.426,3.435,3.405,3.41,41072.33
1742199600000,3.41,3.421,3.409,3.42,16852.15
1742199900000,3.42,3.424,3.414,3.421,29957.46
1742200200000,3.422,3.433,3.415,3.424,22848.11
1742200500000,3.424,3.445,3.423,3.444,40915.63
1742200800000,3.444,3.459,3.438,3.445,103391.8
1742201100000,3.445,3.459,3.437,3.439,53139.17
1742201400000,3.439,3.448,3.432,3.442,36250.48
1742201700000,3.442,3.454,3.44,3.441,33631.75
1742202000000,3.44,3.442,3.431,3.431,9221.99
1742202300000,3.431,3.432,3.415,3.417,42566.4
1742202600000,3.417,3.436,3.416,3.432,35459.8
1742202900000,3.432,3.447,3.432,3.436,39532.66
1742203200000,3.436,3.446,3.433,3.437,13937.79
1742203500000,3.436,3.441,3.435,3.439,9911.04
1742203800000,3.44,3.443,3.422,3.425,12133.23
1742204100000,3.425,3.428,3.42,3.42,26647.31
1742204400000,3.42,3.424,3.416,3.42,21849.63
1742204700000,3.42,3.426,3.412,3.422,23866.66
1742205000000,3.422,3.424,3.41,3.416,32822.4
1742205300000,3.416,3.418,3.403,3.414,33354.84
1742205600000,3.414,3.42,3.41,3.412,26931.62
1742205900000,3.412,3.413,3.405,3.407,15487.69
1742206200000,3.406,3.41,3.393,3.393,41612.99
1742206500000,3.394,3.403,3.393,3.399,39411.75
1742206800000,3.399,3.415,3.399,3.409,32685.27
1742207100000,3.409,3.411,3.401,3.403,11212.53
1742207400000,3.403,3.404,3.389,3.39,29962.06
1742207700000,3.391,3.484,3.386,3.416,464725.78
1742208000000,3.417,3.424,3.404,3.404,43834.12
1742208300000,3.405,3.412,3.395,3.396,53691.88
1742208600000,3.395,3.412,3.395,3.402,45874.68
1742208900000,3.402,3.405,3.396,3.402,13902.33
1742209200000,3.402,3.407,3.388,3.39,35780.58
1742209500000,3.39,3.4,3.388,3.398,25597.19
1742209800000,3.398,3.4,3.39,3.399,17188.96
1742210100000,3.399,3.432,3.398,3.412,95518.85
1742210400000,3.411,3.425,3.406,3.414,52491.67
1742210700000,3.415,3.452,3.412,3.436,152318.14
1742211000000,3.436,3.44,3.423,3.43,51213.11
1742211300000,3.43,3.442,3.424,3.441,25505.12
1742211600000,3.441,3.446,3.433,3.433,21449.04
1742211900000,3.433,3.434,3.427,3.43,13948.94
1742212200000,3.429,3.431,3.42,3.421,8569.88
1742212500000,3.421,3.429,3.42,3.427,9306.68
1742212800000,3.428,3.458,3.427,3.456,131702.21
1742213100000,3.456,3.457,3.438,3.442,26330.55
1742213400000,3.442,3.444,3.428,3.435,16674.47
1742213700000,3.435,3.448,3.434,3.442,43699.34
1742214000000,3.442,3.443,3.408,3.418,164104.22
1742214300000,3.418,3.421,3.413,3.418,7439.75
1742214600000,3.419,3.455,3.417,3.439,125846.06
1742214900000,3.439,3.439,3.417,3.427,67637.08
1742215200000,3.427,3.428,3.417,3.421,7437.9
1742215500000,3.42,3.422,3.403,3.404,71017.36
1742215800000,3.405,3.414,3.4,3.404,16778.1
1742216100000,3.404,3.429,3.402,3.426,84177.55
1742216400000,3.425,3.427,3.413,3.416,12716.16
1742216700000,3.417,3.417,3.407,3.411,15370.03
1742217000000,3.41,3.424,3.409,3.412,20972.2
1742217300000,3.412,3.417,3.407,3.41,8335.43
1742217600000,3.41,3.416,3.407,3.412,9113.46
1742217900000,3.412,3.418,3.407,3.415,20340.73
1742218200000,3.415,3.429,3.411,3.426,10010.2
1742218500000,3.426,3.444,3.426,3.431,64919.9
1742218800000,3.431,3.441,3.419,3.422,27125.94
1742219100000,3.423,3.424,3.417,3.419,8919.77
1742219400000,3.419,3.427,3.415,3.425,6891.14
1742219700000,3.425,3.43,3.419,3.42,13057.17
1742220000000,3.42,3.421,3.409,3.419,25451.25
1742220300000,3.419,3.426,3.411,3.417,18550.79
1742220600000,3.417,3.438,3.415,3.431,72797.66
1742220900000,3.431,3.434,3.417,3.425,23450.9
1742221200000,3.425,3.431,3.422,3.43,7897.22
1742221500000,3.429,3.435,3.426,3.433,8360.72
1742221800000,3.433,3.45,3.431,3.441,25382.83
1742222100000,3.441,3.463,3.441,3.455,47374.29
1742222400000,3.456,3.474,3.455,3.468,50851.63
1742222700000,3.469,3.469,3.452,3.459,19825.52
1742223000000,3.46,3.467,3.455,3.459,28183.57
1742223300000,3.458,3.462,3.455,3.459,37899.0
1742223600000,3.46,3.462,3.442,3.446,21091.47
1742223900000,3.446,3.453,3.441,3.449,21349.03
1742224200000,3.449,3.452,3.445,3.45,11967.5
1742224500000,3.45,3.456,3.439,3.452,21534.89
1742224800000,3.451,3.459,3.451,3.456,13109.64
1742225100000,3.456,3.459,3.45,3.455,35916.97
1742225400000,3.455,3.471,3.454,3.467,20222.87
1742225700000,3.467,3.484,3.467,3.476,58884.17
1742226000000,3.476,3.477,3.448,3.46,133110.58
1742226300000,3.46,3.473,3.46,3.469,26796.69
1742226600000,3.469,3.478,3.462,3.472,16286.17
1742226900000,3.473,3.48,3.468,3.472,21904.81
1742227200000,3.472,3.485,3.462,3.48,41597.36
1742227500000,3.48,3.49,3.479,3.483,30779.68
1742227800000,3.483,3.484,3.474,3.476,19024.0
1742228100000,3.476,3.48,3.461,3.466,18447.61
1742228400000,3.466,3.471,3.454,3.456,18568.53
1742228700000,3.456,3.457,3.447,3.454,16360.78
1742229000000,3.454,3.463,3.443,3.444,15784.78
1742229300000,3.444,3.454,3.43,3.439,119090.83
1742229600000,3.44,3.459,3.438,3.459,8792.07
1742229900000,3.458,3.458,3.444,3.45,17374.74
1742230200000,3.451,3.454,3.45,3.452,3169.76
1742230500000,3.452,3.458,3.45,3.45,4249.43
1742230800000,3.45,3.46,3.448,3.457,7901.89
1742231100000,3.457,3.467,3.456,3.461,12044.71
1742231400000,3.461,3.467,3.46,3.466,24560.03
1742231700000,3.466,3.466,3.453,3.46,3423.97
1742232000000,3.46,3.473,3.458,3.465,13247.72
1742232300000,3.465,3.474,3.465,3.47,11150.24
1742232600000,3.469,3.48,3.467,3.476,37752.74
1742232900000,3.477,3.481,3.47,3.473,20241.85
1742233200000,3.474,3.484,3.474,3.477,18142.01
1742233500000,3.476,3.476,3.467,3.472,12669.07
1742233800000,3.472,3.478,3.472,3.472,14950.22
1742234100000,3.472,3.473,3.464,3.467,14187.38
1742234400000,3.466,3.469,3.459,3.46,16638.62
1742234700000,3.459,3.469,3.458,3.467,11113.84
1742235000000,3.467,3.476,3.467,3.469,10226.28
1742235300000,3.468,3.477,3.468,3.471,18383.33
1742235600000,3.472,3.478,3.47,3.478,5496.73
1742235900000,3.477,3.484,3.476,3.482,5284.31
1742236200000,3.481,3.488,3.48,3.48,13888.6
1742236500000,3.481,3.499,3.479,3.496,95768.16
1742236800000,3.496,3.502,3.496,3.501,28715.51
1742237100000,3.501,3.502,3.482,3.491,65034.75
1742237400000,3.491,3.497,3.486,3.497,21074.93
1742237700000,3.496,3.497,3.487,3.493,7584.89
1742238000000,3.493,3.499,3.491,3.498,34957.37
1742238300000,3.497,3.502,3.493,3.494,18786.82
1742238600000,3.494,3.498,3.491,3.496,3399.99
1742238900000,3.495,3.498,3.487,3.49,3731.79
1742239200000,3.489,3.501,3.489,3.496,8818.72
1742239500000,3.496,3.498,3.486,3.489,21179.48
1742239800000,3.489,3.495,3.483,3.483,12465.17
1742240100000,3.483,3.492,3.479,3.486,14955.43
1742240400000,3.488,3.494,3.488,3.492,11477.95
1742240700000,3.492,3.497,3.489,3.489,34254.82
1742241000000,3.489,3.492,3.483,3.489,4477.97
1742241300000,3.488,3.491,3.486,3.487,3551.03
1742241600000,3.487,3.49,3.478,3.479,23991.6
1742241900000,3.478,3.487,3.477,3.483,19606.59
1742242200000,3.483,3.489,3.481,3.481,10935.47
1742242500000,3.48,3.481,3.473,3.473,11249.37
1742242800000,3.473,3.485,3.473,3.48,45677.39
1742243100000,3.48,3.486,3.48,3.484,27779.19
1742243400000,3.483,3.487,3.48,3.481,12824.68
1742243700000,3.48,3.48,3.471,3.472,3362.98
1742244000000,3.471,3.476,3.471,3.475,8797.94
1742244300000,3.474,3.48,3.474,3.478,6659.7
1742244600000,3.477,3.48,3.471,3.472,6754.78
1742244900000,3.471,3.472,3.465,3.471,13864.87
1742245200000,3.471,3.477,3.466,3.467,2007.11
1742245500000,3.468,3.47,3.463,3.464,24868.42
1742245800000,3.464,3.468,3.459,3.466,17801.3
1742246100000,3.465,3.472,3.465,3.467,4051.07
1742246400000,3.467,3.479,3.464,3.473,4683.54
1742246700000,3.473,3.474,3.469,3.47,5569.34
1742247000000,3.469,3.485,3.468,3.485,15747.78
1742247300000,3.485,3.498,3.485,3.491,37056.89
1742247600000,3.49,3.494,3.488,3.488,9331.73
1742247900000,3.488,3.491,3.484,3.485,7431.53
1742248200000,3.484,3.487,3.483,3.486,4878.54
1742248500000,3.486,3.487,3.48,3.48,1968.74
1742248800000,3.48,3.485,3.464,3.466,10477.92
1742249100000,3.467,3.477,3.466,3.475,5555.77
1742249400000,3.474,3.478,3.468,3.472,4232.42
1742249700000,3.472,3.476,3.472,3.473,6384.35
1742250000000,3.473,3.473,3.464,3.47,15931.08
1742250300000,3.469,3.472,3.467,3.47,4013.37
1742250600000,3.469,3.472,3.468,3.471,4818.82
1742250900000,3.47,3.471,3.463,3.467,16818.65
1742251200000,3.466,3.468,3.462,3.465,6621.07
1742251500000,3.465,3.473,3.465,3.471,6361.86
1742251800000,3.471,3.471,3.458,3.467,47448.06
1742252100000,3.467,3.471,3.464,3.471,11713.2
1742252400000,3.471,3.472,3.464,3.466,4399.19
1742252700000,3.465,3.474,3.464,3.467,52135.56
1742253000000,3.466,3.479,3.466,3.479,10903.31
1742253300000,3.479,3.482,3.475,3.475,13477.83
1742253600000,3.474,3.477,3.471,3.472,10570.7
1742253900000,3.472,3.476,3.466,3.468,23304.07
1742254200000,3.468,3.468,3.452,3.457,41727.15
1742254500000,3.456,3.463,3.445,3.452,70944.68
1742254800000,3.452,3.459,3.447,3.448,28265.23
1742255100000,3.448,3.457,3.447,3.452,16224.85
1742255400000,3.453,3.458,3.45,3.453,10869.78
1742255700000,3.452,3.457,3.452,3.453,72944.83
1742256000000,3.453,3.457,3.437,3.444,59909.17
1742256300000,3.444,3.446,3.438,3.442,40993.38
1742256600000,3.442,3.449,3.435,3.443,42707.34
1742256900000,3.442,3.454,3.44,3.45,42701.93
1742257200000,3.451,3.454,3.443,3.446,20111.01
1742257500000,3.446,3.463,3.446,3.461,37922.92
1742257800000,3.461,3.481,3.461,3.469,60777.64
1742258100000,3.469,3.477,3.466,3.473,15662.38
1742258400000,3.473,3.483,3.47,3.481,31917.02
1742258700000,3.481,3.483,3.469,3.472,25902.75
1742259000000,3.472,3.478,3.469,3.478,27274.49
1742259300000,3.479,3.489,3.478,3.481,24467.92
1742259600000,3.482,3.488,3.475,3.487,28200.47
1742259900000,3.486,3.488,3.477,3.477,16636.72
1742260200000,3.477,3.485,3.47,3.482,13163.69
1742260500000,3.482,3.482,3.462,3.474,22136.68
1742260800000,3.474,3.476,3.465,3.473,11874.57
1742261100000,3.473,3.49,3.473,3.486,15642.5
1742261400000,3.487,3.487,3.475,3.479,12841.41
1742261700000,3.478,3.487,3.475,3.483,36471.22
1742262000000,3.483,3.483,3.456,3.46,22974.2
1742262300000,3.459,3.47,3.443,3.444,62192.81
1742262600000,3.444,3.444,3.408,3.423,137867.43
1742262900000,3.424,3.429,3.414,3.418,39483.36
1742263200000,3.418,3.427,3.408,3.426,56551.15
1742263500000,3.425,3.425,3.416,3.423,15041.51
1742263800000,3.423,3.434,3.419,3.427,46586.06
1742264100000,3.426,3.433,3.417,3.428,16618.93
1742264400000,3.428,3.428,3.403,3.411,131194.38
1742264700000,3.411,3.434,3.411,3.429,29486.51
1742265000000,3.43,3.434,3.417,3.425,30745.99
1742265300000,3.425,3.427,3.417,3.426,19434.31
1742265600000,3.425,3.433,3.425,3.432,5869.79
1742265900000,3.431,3.431,3.42,3.421,7185.78
1742266200000,3.421,3.435,3.421,3.435,6479.07
1742266500000,3.433,3.436,3.429,3.436,1712.85
1742266800000,3.435,3.447,3.435,3.444,31764.35
1742267100000,3.444,3.445,3.44,3.443,17400.12
1742267400000,3.443,3.448,3.439,3.446,28353.92
1742267700000,3.445,3.451,3.445,3.45,21282.1
1742268000000,3.451,3.472,3.448,3.459,94586.94
1742268300000,3.459,3.461,3.455,3.459,14626.31
1742268600000,3.459,3.465,3.45,3.453,37826.81
1742268900000,3.454,3.459,3.449,3.459,13530.33
1742269200000,3.459,3.472,3.457,3.471,20171.66
1742269500000,3.47,3.477,3.454,3.457,45906.84
1742269800000,3.458,3.458,3.437,3.446,55857.63
1742270100000,3.447,3.451,3.442,3.445,19881.11
1742270400000,3.444,3.46,3.441,3.455,7902.76
1742270700000,3.454,3.462,3.452,3.457,4096.63
1742271000000,3.457,3.466,3.457,3.464,2231.78
1742271300000,3.464,3.469,3.463,3.465,3716.8
1742271600000,3.465,3.48,3.465,3.48,22029.9
1742271900000,3.479,3.481,3.467,3.467,6535.39
1742272200000,3.466,3.476,3.464,3.466,21134.3
1742272500000,3.466,3.466,3.459,3.464,5729.06
1742272800000,3.465,3.472,3.46,3.46,7703.63
1742273100000,3.459,3.474,3.458,3.467,2961.98
1742273400000,3.465,3.471,3.456,3.467,50908.65
1742273700000,3.467,3.467,3.459,3.459,3680.78
1742274000000,3.459,3.47,3.459,3.469,8102.9
1742274300000,3.469,3.478,3.469,3.475,5315.01
1742274600000,3.474,3.484,3.469,3.469,20763.83
1742274900000,3.47,3.479,3.47,3.47,33942.64
1742275200000,3.47,3.473,3.455,3.458,10715.86
1742275500000,3.458,3.465,3.456,3.462,6792.23
1742275800000,3.462,3.465,3.45,3.452,5975.35
1742276100000,3.452,3.456,3.448,3.452,10123.99
1742276400000,3.451,3.482,3.446,3.478,140853.3
1742276700000,3.478,3.485,3.464,3.467,21376.58
1742277000000,3.466,3.469,3.464,3.468,3972.39
1742277300000,3.468,3.469,3.466,3.466,2150.7
1742277600000,3.466,3.473,3.462,3.472,21344.05
1742277900000,3.472,3.474,3.467,3.469,11700.07
1742278200000,3.469,3.476,3.469,3.473,12452.46
1742278500000,3.472,3.473,3.449,3.451,16397.35
1742278800000,3.451,3.461,3.449,3.458,15787.79
1742279100000,3.457,3.459,3.444,3.459,18998.56
1742279400000,3.459,3.474,3.455,3.467,86318.42
1742279700000,3.466,3.469,3.447,3.447,24162.36
1742280000000,3.446,3.449,3.43,3.43,33032.39
1742280300000,3.43,3.437,3.424,3.432,31455.93
1742280600000,3.433,3.44,3.43,3.436,12711.53
1742280900000,3.434,3.441,3.433,3.435,10351.12
1742281200000,3.435,3.46,3.43,3.458,9788.61
1742281500000,3.457,3.469,3.453,3.461,32245.4
1742281800000,3.46,3.461,3.45,3.457,27554.23
1742282100000,3.459,3.465,3.457,3.464,15253.21
1742282400000,3.464,3.482,3.463,3.48,75179.83
1742282700000,3.481,3.491,3.479,3.484,61825.98
1742283000000,3.484,3.488,3.473,3.484,39867.58
1742283300000,3.483,3.487,3.474,3.475,11271.41
1742283600000,3.475,3.48,3.472,3.478,15433.41
1742283900000,3.477,3.487,3.476,3.484,7625.34
1742284200000,3.483,3.499,3.481,3.496,92336.62
1742284500000,3.495,3.507,3.49,3.501,67961.55
1742284800000,3.502,3.508,3.498,3.506,20451.99
1742285100000,3.507,3.51,3.501,3.508,33617.27
1742285400000,3.509,3.512,3.499,3.499,38374.7
1742285700000,3.498,3.508,3.497,3.507,12408.82
1742286000000,3.508,3.512,3.502,3.51,14188.4
1742286300000,3.51,3.517,3.508,3.515,15493.16
1742286600000,3.517,3.528,3.511,3.527,67098.6
1742286900000,3.526,3.526,3.515,3.526,29981.35
1742287200000,3.526,3.53,3.515,3.517,44956.19
1742287500000,3.517,3.517,3.505,3.508,38146.13
1742287800000,3.508,3.514,3.506,3.51,16351.21
1742288100000,3.509,3.514,3.504,3.514,16261.49
1742288400000,3.513,3.566,3.512,3.56,145422.49
1742288700000,3.56,3.564,3.552,3.557,65962.22
1742289000000,3.559,3.559,3.549,3.555,37100.99
1742289300000,3.555,3.571,3.552,3.556,79322.88
1742289600000,3.557,3.558,3.545,3.556,42689.23
1742289900000,3.556,3.558,3.549,3.551,12867.0
1742290200000,3.552,3.554,3.545,3.547,7869.2
1742290500000,3.548,3.556,3.541,3.553,34076.27
1742290800000,3.554,3.554,3.541,3.547,12332.84
1742291100000,3.548,3.55,3.539,3.541,20584.36
1742291400000,3.541,3.541,3.524,3.525,48388.4
1742291700000,3.525,3.531,3.518,3.519,26845.39
1742292000000,3.519,3.519,3.502,3.513,114485.68
1742292300000,3.513,3.517,3.506,3.508,16518.33
1742292600000,3.508,3.51,3.503,3.508,8979.54
1742292900000,3.507,3.507,3.485,3.485,62703.97
1742293200000,3.486,3.494,3.478,3.493,38565.11
1742293500000,3.494,3.504,3.493,3.504,15815.08
1742293800000,3.503,3.508,3.499,3.501,21938.08
1742294100000,3.502,3.519,3.5,3.513,17950.23
1742294400000,3.514,3.525,3.513,3.525,40186.36
1742294700000,3.525,3.527,3.519,3.526,13253.42
1742295000000,3.526,3.526,3.512,3.52,16586.13
1742295300000,3.521,3.532,3.521,3.532,11907.54
1742295600000,3.531,3.536,3.525,3.528,25161.74
1742295900000,3.526,3.529,3.519,3.529,25717.82
1742296200000,3.529,3.538,3.524,3.525,15604.26
1742296500000,3.524,3.529,3.521,3.523,4150.12
1742296800000,3.522,3.528,3.511,3.522,40918.2
1742297100000,3.522,3.527,3.521,3.524,8879.2
1742297400000,3.524,3.524,3.519,3.52,3012.19
1742297700000,3.519,3.535,3.518,3.523,15870.85
1742298000000,3.522,3.525,3.516,3.524,10261.07
1742298300000,3.524,3.54,3.523,3.526,12447.36
1742298600000,3.526,3.532,3.515,3.525,25737.69
1742298900000,3.523,3.536,3.523,3.536,9624.17
1742299200000,3.535,3.543,3.529,3.54,16358.81
1742299500000,3.54,3.564,3.54,3.547,78922.74
1742299800000,3.547,3.563,3.547,3.555,42244.6
1742300100000,3.555,3.575,3.548,3.568,79589.08
1742300400000,3.568,3.568,3.537,3.551,74470.04
1742300700000,3.55,3.556,3.538,3.54,22032.01
1742301000000,3.54,3.549,3.535,3.542,12860.71
1742301300000,3.541,3.554,3.54,3.554,23530.38
1742301600000,3.554,3.559,3.55,3.558,8139.85
1742301900000,3.557,3.569,3.556,3.558,27013.6
1742302200000,3.559,3.565,3.553,3.562,28899.85
1742302500000,3.562,3.562,3.548,3.548,26539.67
1742302800000,3.548,3.562,3.545,3.547,31624.95
1742303100000,3.547,3.558,3.541,3.556,12700.52
1742303400000,3.556,3.568,3.551,3.552,33653.14
1742303700000,3.551,3.577,3.549,3.577,37694.55
1742304000000,3.575,3.587,3.574,3.581,130212.24
1742304300000,3.582,3.586,3.559,3.563,56832.62
1742304600000,3.564,3.586,3.552,3.575,65370.42
1742304900000,3.574,3.584,3.558,3.573,45928.23
1742305200000,3.573,3.573,3.548,3.549,63538.56
1742305500000,3.548,3.573,3.541,3.563,79772.79
1742305800000,3.562,3.585,3.557,3.581,72356.24
1742306100000,3.581,3.582,3.56,3.567,68098.4
1742306400000,3.565,3.592,3.562,3.589,145470.92
1742306700000,3.59,3.622,3.589,3.608,174180.75
1742307000000,3.607,3.64,3.602,3.61,156908.34
1742307300000,3.611,3.619,3.58,3.582,72899.85
1742307600000,3.582,3.588,3.574,3.581,71206.51
1742307900000,3.582,3.592,3.577,3.585,26769.7
1742308200000,3.586,3.629,3.586,3.619,122533.98
1742308500000,3.619,3.632,3.614,3.623,67133.01
1742308800000,3.624,3.627,3.6,3.601,67381.42
1742309100000,3.601,3.622,3.596,3.6,71855.07
1742309400000,3.599,3.611,3.592,3.611,34460.99
1742309700000,3.61,3.623,3.609,3.611,46860.52
1742310000000,3.61,3.611,3.582,3.597,36456.77
1742310300000,3.597,3.604,3.588,3.591,57342.36
1742310600000,3.592,3.594,3.567,3.575,58599.15
1742310900000,3.573,3.615,3.572,3.592,96055.7
1742311200000,3.593,3.605,3.593,3.603,47540.98
1742311500000,3.604,3.645,3.604,3.632,269025.54
1742311800000,3.631,3.65,3.615,3.616,105764.73
1742312100000,3.617,3.628,3.605,3.627,41924.98
1742312400000,3.628,3.634,3.606,3.627,99497.59
1742312700000,3.625,3.626,3.599,3.6,70745.87
1742313000000,3.6,3.601,3.554,3.559,235254.91
1742313300000,3.559,3.573,3.556,3.572,65910.91
1742313600000,3.572,3.601,3.569,3.58,73908.04
1742313900000,3.581,3.586,3.576,3.578,18262.95
1742314200000,3.577,3.587,3.573,3.575,9782.32
1742314500000,3.575,3.576,3.55,3.563,161853.97
1742314800000,3.564,3.586,3.564,3.583,51533.12
1742315100000,3.582,3.599,3.581,3.597,33014.67
1742315400000,3.597,3.611,3.596,3.604,34611.29
1742315700000,3.603,3.611,3.595,3.601,27571.64
1742316000000,3.601,3.607,3.585,3.588,42284.17
1742316300000,3.588,3.599,3.587,3.591,20036.16
1742316600000,3.591,3.598,3.578,3.595,69197.74
1742316900000,3.596,3.621,3.595,3.619,36323.57
1742317200000,3.619,3.627,3.602,3.604,57010.46
1742317500000,3.604,3.619,3.59,3.6,79760.39
1742317800000,3.598,3.62,3.595,3.613,29886.15
1742318100000,3.612,3.627,3.6,3.6,61018.91
1742318400000,3.6,3.612,3.598,3.606,19488.09
1742318700000,3.607,3.631,3.607,3.626,206777.79
1742319000000,3.627,3.643,3.621,3.635,56018.47
1742319300000,3.634,3.67,3.629,3.67,185091.12
1742319600000,3.669,3.671,3.651,3.655,174478.2
1742319900000,3.654,3.654,3.63,3.631,34079.85
1742320200000,3.632,3.635,3.614,3.624,75844.42
1742320500000,3.623,3.633,3.619,3.623,21144.07
1742320800000,3.623,3.626,3.578,3.595,131486.25
1742321100000,3.596,3.609,3.594,3.609,23708.37
1742321400000,3.608,3.61,3.596,3.606,30011.77
1742321700000,3.606,3.616,3.6,3.604,20493.06
1742322000000,3.604,3.607,3.595,3.601,16662.66
1742322300000,3.601,3.619,3.592,3.594,111864.0
1742322600000,3.594,3.603,3.587,3.599,23088.66
1742322900000,3.6,3.607,3.598,3.598,19672.54
1742323200000,3.598,3.605,3.592,3.604,55011.85
1742323500000,3.603,3.616,3.599,3.611,26422.21
1742323800000,3.612,3.623,3.61,3.616,31536.89
1742324100000,3.616,3.621,3.609,3.619,30659.94
1742324400000,3.618,3.62,3.601,3.616,20016.88
1742324700000,3.618,3.648,3.617,3.631,191727.4
1742325000000,3.631,3.635,3.616,3.623,13392.94
1742325300000,3.623,3.625,3.605,3.606,39964.31
1742325600000,3.605,3.614,3.593,3.612,138845.09
1742325900000,3.613,3.614,3.585,3.593,103972.17
1742326200000,3.593,3.598,3.588,3.591,18339.03
1742326500000,3.591,3.603,3.59,3.599,10479.25
1742326800000,3.601,3.601,3.583,3.587,37199.93
1742327100000,3.588,3.596,3.581,3.586,13995.07
1742327400000,3.588,3.61,3.585,3.61,75566.43
1742327700000,3.611,3.632,3.611,3.631,92998.1
1742328000000,3.63,3.64,3.625,3.632,44830.44
1742328300000,3.633,3.636,3.626,3.627,40071.77
1742328600000,3.628,3.629,3.606,3.614,94302.84
1742328900000,3.614,3.615,3.604,3.61,33935.08
1742329200000,3.61,3.626,3.605,3.605,106602.97
1742329500000,3.605,3.62,3.6,3.614,37891.79
1742329800000,3.614,3.618,3.607,3.612,27839.76
1742330100000,3.612,3.616,3.608,3.611,13453.87
1742330400000,3.611,3.614,3.598,3.6,40614.61
1742330700000,3.599,3.601,3.594,3.596,25322.26
1742331000000,3.596,3.609,3.595,3.601,59574.29
1742331300000,3.6,3.6,3.575,3.579,124458.32
1742331600000,3.579,3.579,3.534,3.55,355099.06
1742331900000,3.55,3.569,3.543,3.563,57736.83
1742332200000,3.563,3.581,3.549,3.574,107025.99
1742332500000,3.573,3.575,3.542,3.548,130930.05
1742332800000,3.547,3.548,3.524,3.547,59848.63
1742333100000,3.547,3.559,3.542,3.542,34512.86
1742333400000,3.544,3.551,3.544,3.545,8047.21
1742333700000,3.546,3.549,3.539,3.547,10443.09
1742334000000,3.547,3.562,3.537,3.549,52920.81
1742334300000,3.549,3.556,3.543,3.551,12684.37
1742334600000,3.552,3.583,3.551,3.571,70632.57
1742334900000,3.571,3.587,3.571,3.583,42130.55
1742335200000,3.584,3.596,3.578,3.587,32141.8
1742335500000,3.587,3.587,3.571,3.579,20947.81
1742335800000,3.579,3.581,3.571,3.572,9759.63
1742336100000,3.572,3.581,3.569,3.574,20579.27
1742336400000,3.574,3.586,3.57,3.57,30984.43
1742336700000,3.571,3.572,3.55,3.554,33994.46
1742337000000,3.554,3.579,3.554,3.569,47285.15
1742337300000,3.568,3.575,3.566,3.568,16860.86
1742337600000,3.567,3.572,3.565,3.567,18925.9
1742337900000,3.567,3.57,3.559,3.564,23253.37
1742338200000,3.565,3.57,3.556,3.56,19506.16
1742338500000,3.561,3.575,3.561,3.57,15263.35
1742338800000,3.569,3.576,3.562,3.567,18492.05
1742339100000,3.567,3.568,3.555,3.556,23146.79
1742339400000,3.557,3.576,3.551,3.565,169654.23
1742339700000,3.565,3.568,3.555,3.565,74617.62
1742340000000,3.564,3.568,3.56,3.565,21390.15
1742340300000,3.565,3.578,3.561,3.571,25696.15
1742340600000,3.571,3.575,3.564,3.565,9913.58
1742340900000,3.565,3.574,3.56,3.574,17481.13
1742341200000,3.573,3.573,3.549,3.564,59581.62
1742341500000,3.563,3.57,3.546,3.558,131235.26
1742341800000,3.557,3.562,3.556,3.558,9860.56
1742342100000,3.559,3.571,3.558,3.565,44799.17
1742342400000,3.565,3.608,3.558,3.601,107238.75
1742342700000,3.601,3.617,3.581,3.581,106691.59
1742343000000,3.582,3.588,3.58,3.588,13696.3
1742343300000,3.588,3.6,3.585,3.592,51043.58
1742343600000,3.593,3.594,3.577,3.579,16305.49
1742343900000,3.58,3.58,3.567,3.576,29540.46
1742344200000,3.577,3.598,3.577,3.592,10664.09
1742344500000,3.592,3.603,3.588,3.589,30224.25
1742344800000,3.589,3.594,3.588,3.592,16515.82
1742345100000,3.591,3.6,3.589,3.591,7839.98
1742345400000,3.59,3.598,3.588,3.594,10127.74
1742345700000,3.594,3.606,3.587,3.603,34184.48
1742346000000,3.602,3.612,3.602,3.607,45238.96
1742346300000,3.608,3.609,3.591,3.597,10147.99
1742346600000,3.597,3.597,3.574,3.576,33821.99
1742346900000,3.576,3.59,3.576,3.58,46916.25
1742347200000,3.579,3.588,3.573,3.588,12869.13
1742347500000,3.589,3.597,3.587,3.588,27259.33
1742347800000,3.589,3.599,3.587,3.592,8018.09
1742348100000,3.593,3.605,3.592,3.605,6681.1
1742348400000,3.604,3.61,3.601,3.608,21768.6
1742348700000,3.607,3.611,3.596,3.598,41767.03
1742349000000,3.596,3.598,3.592,3.592,8728.24
1742349300000,3.592,3.596,3.582,3.588,20835.82
1742349600000,3.589,3.591,3.567,3.569,38797.65
1742349900000,3.569,3.575,3.567,3.568,22439.48
1742350200000,3.568,3.581,3.567,3.568,18696.52
1742350500000,3.568,3.576,3.557,3.575,73887.71
1742350800000,3.574,3.575,3.561,3.561,16651.06
1742351100000,3.562,3.567,3.556,3.561,36521.98
1742351400000,3.561,3.563,3.547,3.558,45145.47
1742351700000,3.558,3.561,3.556,3.558,18213.7
1742352000000,3.558,3.566,3.558,3.558,11397.84
1742352300000,3.558,3.559,3.546,3.549,116213.61
1742352600000,3.549,3.568,3.544,3.548,55097.43
1742352900000,3.548,3.564,3.545,3.564,36452.67
1742353200000,3.564,3.567,3.55,3.554,8330.77
1742353500000,3.554,3.561,3.553,3.556,3436.02
1742353800000,3.556,3.558,3.552,3.554,5100.14
1742354100000,3.556,3.556,3.545,3.548,21525.8
1742354400000,3.548,3.549,3.541,3.545,17681.65
1742354700000,3.545,3.547,3.527,3.534,60808.16
1742355000000,3.534,3.542,3.533,3.541,20878.46
1742355300000,3.541,3.548,3.537,3.539,8798.95
1742355600000,3.539,3.543,3.535,3.542,9991.33
1742355900000,3.542,3.55,3.54,3.544,46397.68
1742356200000,3.544,3.551,3.541,3.55,10873.68
1742356500000,3.549,3.553,3.543,3.544,71890.56
1742356800000,3.544,3.55,3.544,3.548,6434.86
1742357100000,3.548,3.564,3.547,3.56,28398.36
1742357400000,3.561,3.574,3.561,3.568,34236.5
1742357700000,3.568,3.58,3.562,3.575,45382.56
1742358000000,3.574,3.575,3.566,3.572,22395.0
1742358300000,3.571,3.574,3.567,3.568,6853.23
1742358600000,3.572,3.581,3.571,3.578,23457.08
1742358900000,3.577,3.578,3.558,3.56,43315.49
1742359200000,3.561,3.564,3.557,3.557,6528.27
1742359500000,3.557,3.566,3.557,3.564,19617.01
1742359800000,3.564,3.567,3.56,3.56,7865.21
1742360100000,3.561,3.563,3.553,3.562,16125.17
1742360400000,3.563,3.573,3.56,3.56,30714.56
1742360700000,3.561,3.572,3.56,3.572,2931.56
1742361000000,3.573,3.582,3.57,3.577,37986.08
1742361300000,3.577,3.578,3.57,3.574,5158.93
1742361600000,3.574,3.582,3.574,3.577,17792.84
1742361900000,3.578,3.581,3.576,3.577,3035.37
1742362200000,3.576,3.581,3.576,3.578,11105.33
1742362500000,3.58,3.58,3.57,3.572,11379.68
1742362800000,3.572,3.574,3.57,3.572,3976.04
1742363100000,3.573,3.596,3.572,3.588,50276.36
1742363400000,3.588,3.593,3.586,3.589,5380.83
1742363700000,3.589,3.589,3.58,3.587,31916.69
1742364000000,3.586,3.602,3.585,3.594,41991.31
1742364300000,3.595,3.598,3.589,3.597,30783.39
1742364600000,3.596,3.633,3.596,3.621,161634.71
1742364900000,3.621,3.646,3.617,3.631,82795.23
1742365200000,3.631,3.632,3.621,3.623,28407.64
1742365500000,3.624,3.631,3.621,3.622,18601.94
1742365800000,3.623,3.633,3.617,3.621,30856.01
1742366100000,3.621,3.626,3.612,3.614,35706.35
1742366400000,3.615,3.618,3.607,3.614,22354.62
1742366700000,3.614,3.623,3.607,3.617,22942.32
1742367000000,3.618,3.623,3.612,3.623,8214.64
1742367300000,3.622,3.625,3.62,3.624,7531.51
1742367600000,3.625,3.633,3.617,3.626,15374.51
1742367900000,3.626,3.629,3.615,3.615,12371.23
1742368200000,3.615,3.629,3.614,3.624,8173.25
1742368500000,3.624,3.63,3.619,3.629,13493.35
1742368800000,3.628,3.635,3.623,3.627,20652.07
1742369100000,3.627,3.636,3.62,3.632,28890.57
1742369400000,3.632,3.647,3.627,3.645,81607.3
1742369700000,3.645,3.646,3.619,3.627,63493.57
1742370000000,3.627,3.658,3.623,3.654,94921.62
1742370300000,3.653,3.655,3.629,3.631,103518.44
1742370600000,3.631,3.633,3.607,3.612,255661.4
1742370900000,3.612,3.621,3.599,3.608,168736.52
1742371200000,3.61,3.617,3.604,3.617,57232.46
1742371500000,3.617,3.629,3.613,3.627,17863.02
1742371800000,3.626,3.635,3.618,3.632,42100.87
1742372100000,3.633,3.635,3.618,3.621,48224.02
1742372400000,3.62,3.627,3.614,3.623,46955.72
1742372700000,3.623,3.634,3.619,3.631,106187.88
1742373000000,3.631,3.637,3.621,3.624,41069.61
1742373300000,3.624,3.641,3.622,3.636,9672.56
1742373600000,3.635,3.646,3.634,3.64,30770.56
1742373900000,3.639,3.644,3.629,3.629,17360.89
1742374200000,3.628,3.628,3.59,3.602,121316.79
1742374500000,3.602,3.609,3.598,3.604,24771.7
1742374800000,3.603,3.607,3.595,3.598,27241.7
1742375100000,3.597,3.606,3.576,3.583,109299.29
1742375400000,3.584,3.588,3.573,3.586,57905.58
1742375700000,3.586,3.588,3.578,3.585,26079.07
1742376000000,3.584,3.592,3.583,3.59,12081.1
1742376300000,3.59,3.6,3.59,3.594,24128.81
1742376600000,3.593,3.598,3.578,3.579,35930.93
1742376900000,3.579,3.59,3.577,3.589,13939.79
1742377200000,3.588,3.597,3.585,3.588,26826.92
1742377500000,3.588,3.588,3.577,3.586,22619.54
1742377800000,3.586,3.59,3.578,3.586,31545.27
1742378100000,3.586,3.591,3.581,3.581,47864.01
1742378400000,3.581,3.586,3.577,3.577,14220.52
1742378700000,3.578,3.581,3.573,3.58,11330.9
1742379000000,3.579,3.584,3.573,3.574,10319.59
1742379300000,3.574,3.579,3.573,3.577,13687.76
1742379600000,3.576,3.58,3.573,3.574,7311.12
1742379900000,3.574,3.575,3.564,3.566,42879.51
1742380200000,3.567,3.59,3.564,3.587,110861.1
1742380500000,3.585,3.587,3.576,3.584,28027.17
1742380800000,3.584,3.587,3.576,3.587,34058.83
1742381100000,3.588,3.591,3.582,3.585,8127.85
1742381400000,3.585,3.587,3.576,3.58,6942.06
1742381700000,3.58,3.58,3.57,3.573,12512.93
1742382000000,3.573,3.584,3.573,3.578,8171.3
1742382300000,3.577,3.58,3.571,3.578,11034.87
1742382600000,3.578,3.597,3.578,3.593,31051.6
1742382900000,3.594,3.599,3.585,3.588,35443.63
1743120000000,4.05,4.059,4.038,4.044,44973.9
1743120300000,4.044,4.074,4.043,4.069,103525.76
1743120600000,4.07,4.075,4.055,4.063,90494.67
1743120900000,4.064,4.069,4.049,4.065,46002.89
1743121200000,4.065,4.065,4.042,4.046,47650.96
1743121500000,4.046,4.058,4.029,4.035,61383.21
1743121800000,4.036,4.038,4.012,4.017,176633.99
1743122100000,4.016,4.022,4.005,4.015,58561.38
1743122400000,4.016,4.022,4.005,4.016,29321.71
1743122700000,4.016,4.039,4.013,4.034,34611.77
1743123000000,4.033,4.044,4.033,4.042,24058.16
1743123300000,4.04,4.048,4.032,4.038,37077.7
1743123600000,4.037,4.049,4.03,4.049,13138.8
1743123900000,4.049,4.055,4.044,4.051,33610.79
1743124200000,4.05,4.05,3.999,4.014,119466.12
1743124500000,4.015,4.019,3.999,4.001,59492.22
1743124800000,4.002,4.018,4.0,4.018,22120.26
1743125100000,4.018,4.018,4.009,4.016,10165.52
1743125400000,4.016,4.051,4.016,4.045,89811.6
1743125700000,4.044,4.058,4.042,4.057,40701.45
1743126000000,4.057,4.058,4.049,4.052,14065.55
1743126300000,4.051,4.059,4.05,4.055,20064.87
1743126600000,4.054,4.055,4.039,4.05,33512.08
1743126900000,4.05,4.05,4.04,4.041,7067.73
1743127200000,4.042,4.048,4.016,4.026,44417.84
1743127500000,4.026,4.036,4.025,4.03,8505.63
1743127800000,4.031,4.04,4.031,4.037,6862.71
1743128100000,4.038,4.051,4.037,4.045,16215.45
1743128400000,4.045,4.055,4.045,4.052,8922.22
1743128700000,4.053,4.054,4.047,4.053,15029.31
1743129000000,4.053,4.06,4.044,4.052,45026.65
1743129300000,4.05,4.073,4.043,4.068,54279.95
1743129600000,4.068,4.069,4.061,4.065,19268.48
1743129900000,4.064,4.072,4.054,4.066,28278.24
1743130200000,4.066,4.071,4.057,4.059,40149.88
1743130500000,4.059,4.059,4.042,4.049,9287.1
1743130800000,4.049,4.061,4.044,4.054,38917.4
1743131100000,4.054,4.054,4.03,4.031,39257.6
1743131400000,4.03,4.037,4.024,4.034,33515.06
1743131700000,4.034,4.035,4.02,4.029,30801.11
1743132000000,4.028,4.028,4.017,4.022,24710.57
1743132300000,4.021,4.025,4.017,4.017,26467.17
1743132600000,4.016,4.023,4.008,4.021,64393.6
1743132900000,4.022,4.027,3.999,4.015,120388.94
1743133200000,4.012,4.013,4.004,4.011,7965.49
1743133500000,4.011,4.018,4.008,4.013,25763.9
1743133800000,4.013,4.038,3.978,4.0,312182.94
1743134100000,4.0,4.011,3.998,4.002,12099.85
1743134400000,4.001,4.001,3.992,3.997,11729.79
1743134700000,3.997,4.004,3.995,4.0,18557.81
1743135000000,4.001,4.007,3.999,4.002,10154.38
1743135300000,4.001,4.001,3.977,3.986,53917.18
1743135600000,3.986,3.986,3.972,3.982,45522.8
1743135900000,3.985,3.985,3.968,3.968,29488.26
1743136200000,3.968,3.968,3.95,3.965,113060.22
1743136500000,3.966,3.97,3.95,3.957,48922.44
1743136800000,3.957,3.959,3.908,3.939,215620.38
1743137100000,3.938,3.958,3.933,3.952,46093.47
1743137400000,3.952,3.953,3.937,3.949,46314.13
1743137700000,3.949,3.959,3.941,3.958,96901.09
1743138000000,3.956,3.965,3.952,3.959,35579.82
1743138300000,3.958,3.974,3.957,3.972,57093.41
1743138600000,3.971,3.979,3.966,3.972,44587.97
1743138900000,3.97,3.972,3.95,3.953,29977.67
1743139200000,3.955,3.974,3.955,3.964,28826.06
1743139500000,3.963,3.968,3.956,3.958,18819.96
1743139800000,3.96,3.971,3.955,3.962,23689.79
1743140100000,3.964,3.968,3.952,3.957,38341.82
1743140400000,3.956,3.964,3.953,3.962,25946.6
1743140700000,3.962,3.976,3.956,3.976,18659.34
1743141000000,3.976,3.987,3.961,3.981,43330.66
1743141300000,3.982,3.982,3.941,3.948,74577.11
1743141600000,3.947,3.98,3.947,3.98,70143.23
1743141900000,3.979,3.981,3.967,3.978,40076.72
1743142200000,3.979,4.046,3.977,4.026,365346.29
1743142500000,4.027,4.033,4.004,4.011,63053.46
1743142800000,4.011,4.025,4.007,4.014,46076.91
1743143100000,4.014,4.019,4.005,4.019,16152.09
1743143400000,4.018,4.022,4.01,4.013,26530.03
1743143700000,4.014,4.017,4.004,4.007,18399.5
1743144000000,4.007,4.01,4.001,4.005,13733.94
1743144300000,4.004,4.012,3.993,4.002,89165.08
1743144600000,4.002,4.007,3.98,3.989,62983.17
1743144900000,3.989,3.992,3.98,3.991,16433.39
1743145200000,3.992,4.009,3.991,4.004,25828.57
1743145500000,4.003,4.017,3.982,3.989,108907.37
1743145800000,3.989,3.989,3.965,3.982,74040.56
1743146100000,3.982,3.986,3.975,3.983,35098.65
1743146400000,3.983,3.994,3.977,3.984,21055.46
1743146700000,3.983,3.993,3.979,3.986,51376.77
1743147000000,3.985,4.004,3.977,3.986,139251.36
1743147300000,3.986,3.999,3.983,3.987,21711.0
1743147600000,3.988,4.017,3.985,3.994,164828.75
1743147900000,3.996,4.008,3.99,4.005,42281.54
1743148200000,4.005,4.015,4.001,4.01,49632.63
1743148500000,4.01,4.01,4.0,4.007,40310.3
1743148800000,4.007,4.03,4.002,4.019,76700.57
1743149100000,4.02,4.048,4.016,4.044,93106.17
1743149400000,4.043,4.043,4.018,4.022,63791.36
1743149700000,4.022,4.025,4.007,4.019,28607.04
1743150000000,4.019,4.019,3.991,3.997,47688.13
1743150300000,3.997,4.003,3.99,3.991,104382.12
1743150600000,3.992,4.0,3.987,3.995,24244.91
1743150900000,3.995,3.996,3.988,3.993,42150.82
1743151200000,3.993,3.996,3.981,3.981,41256.55
1743151500000,3.981,4.005,3.978,4.0,85348.36
1743151800000,4.001,4.004,3.989,3.993,27540.51
1743152100000,3.992,3.999,3.987,3.995,11650.68
1743152400000,3.995,4.0,3.99,3.994,6068.77
1743152700000,3.993,3.993,3.977,3.981,20258.59
1743153000000,3.981,3.983,3.966,3.971,55808.91
1743153300000,3.97,3.978,3.95,3.96,94757.61
1743153600000,3.96,4.0,3.953,3.975,142066.73
1743153900000,3.976,3.982,3.967,3.979,57066.76
1743154200000,3.979,3.997,3.978,3.993,60272.8
1743154500000,3.993,3.996,3.979,3.981,19984.2
1743154800000,3.981,3.99,3.98,3.986,18653.41
1743155100000,3.987,3.996,3.982,3.995,14242.09
1743155400000,3.995,4.001,3.989,4.0,40472.67
1743155700000,4.0,4.003,3.994,3.998,25908.67
1743156000000,3.998,4.006,3.982,3.997,57938.92
1743156300000,3.997,4.011,3.995,4.009,33986.94
1743156600000,4.01,4.019,4.006,4.009,46896.62
1743156900000,4.008,4.008,3.998,4.006,25423.13
1743157200000,4.005,4.011,3.997,3.997,26943.71
1743157500000,3.997,4.008,3.997,4.007,27320.91
1743157800000,4.008,4.03,4.007,4.018,42550.4
1743158100000,4.019,4.021,4.013,4.018,15159.72
1743158400000,4.019,4.019,4.009,4.013,14009.91
1743158700000,4.013,4.013,4.0,4.001,12238.34
1743159000000,4.0,4.007,4.0,4.0,12319.84
1743159300000,4.0,4.001,3.978,3.985,44981.18
1743159600000,3.986,3.992,3.972,3.978,47894.67
1743159900000,3.977,3.986,3.967,3.986,35784.25
1743160200000,3.987,3.987,3.973,3.982,26753.39
1743160500000,3.981,4.0,3.981,3.999,17561.8
1743160800000,4.0,4.016,3.999,3.999,61609.23
1743161100000,3.999,4.012,3.977,4.01,82003.35
1743161400000,4.009,4.023,4.006,4.011,50074.47
1743161700000,4.011,4.031,4.011,4.03,61192.94
1743162000000,4.029,4.031,4.02,4.027,43426.37
1743162300000,4.027,4.033,4.021,4.028,45114.12
1743162600000,4.029,4.045,4.018,4.019,129369.19
1743162900000,4.02,4.023,4.01,4.014,31182.85
1743163200000,4.014,4.029,4.014,4.021,37780.19
1743163500000,4.019,4.029,4.018,4.025,13001.73
1743163800000,4.025,4.041,4.021,4.036,31483.7
1743164100000,4.036,4.04,4.028,4.031,26548.08
1743164400000,4.033,4.048,4.033,4.046,38268.06
1743164700000,4.048,4.065,4.038,4.06,132358.27
1743165000000,4.059,4.061,4.027,4.034,142397.75
1743165300000,4.033,4.035,4.024,4.028,44218.42
1743165600000,4.027,4.04,4.018,4.036,64165.95
1743165900000,4.035,4.037,3.992,3.997,297379.45
1743166200000,3.996,4.006,3.976,3.98,372454.23
1743166500000,3.979,4.002,3.966,3.98,623739.62
1743166800000,3.981,3.993,3.955,3.957,270288.61
1743167100000,3.957,3.958,3.934,3.945,342582.47
1743167400000,3.946,4.0,3.941,3.998,144637.19
1743167700000,3.998,4.002,3.956,3.974,187124.48
1743168000000,3.978,3.987,3.97,3.973,92222.89
1743168300000,3.972,3.985,3.965,3.98,20236.59
1743168600000,3.98,3.98,3.952,3.956,52792.91
1743168900000,3.956,3.959,3.947,3.955,75041.81
1743169200000,3.955,3.973,3.953,3.964,47086.78
1743169500000,3.963,3.97,3.957,3.962,28393.2
1743169800000,3.963,3.965,3.943,3.944,51156.02
1743170100000,3.944,3.948,3.927,3.939,95785.93
1743170400000,3.94,3.949,3.922,3.94,85634.06
1743170700000,3.94,3.94,3.91,3.913,98290.65
1743171000000,3.913,3.946,3.909,3.943,91935.91
1743171300000,3.943,3.944,3.924,3.927,23428.56
1743171600000,3.928,3.939,3.928,3.938,13286.85
1743171900000,3.937,3.957,3.935,3.952,55331.65
1743172200000,3.953,3.956,3.935,3.938,15504.98
1743172500000,3.939,3.957,3.937,3.954,21628.41
1743172800000,3.955,3.964,3.951,3.959,39464.84
1743173100000,3.959,3.967,3.953,3.966,32124.8
1743173400000,3.966,3.97,3.96,3.967,19888.09
1743173700000,3.968,3.968,3.939,3.94,42254.0
1743174000000,3.939,3.956,3.938,3.954,13746.4
1743174300000,3.955,3.955,3.935,3.937,17901.06
1743174600000,3.938,3.955,3.938,3.947,30464.79
1743174900000,3.948,3.949,3.939,3.94,6650.48
1743175200000,3.94,3.951,3.939,3.943,5591.87
1743175500000,3.942,3.948,3.933,3.943,21169.86
1743175800000,3.943,3.953,3.941,3.949,11813.01
1743176100000,3.949,3.968,3.949,3.968,24232.36
1743176400000,3.969,3.97,3.957,3.96,19920.35
1743176700000,3.961,3.964,3.953,3.954,11495.49
1743177000000,3.953,3.953,3.863,3.888,532885.1
1743177300000,3.889,3.901,3.879,3.899,94824.87
1743177600000,3.898,3.91,3.888,3.906,44312.3
1743177900000,3.905,3.907,3.882,3.883,56896.7
1743178200000,3.882,3.887,3.861,3.865,88256.16
1743178500000,3.864,3.866,3.851,3.856,63475.43
1743178800000,3.856,3.879,3.855,3.873,27838.99
1743179100000,3.873,3.908,3.862,3.88,199218.19
1743179400000,3.879,3.889,3.87,3.886,35203.78
1743179700000,3.886,3.887,3.876,3.881,10484.89
1743180000000,3.88,3.89,3.878,3.878,23860.35
1743180300000,3.879,3.879,3.858,3.867,61055.19
1743180600000,3.867,3.88,3.863,3.878,100419.62
1743180900000,3.878,3.882,3.873,3.874,8352.17
1743181200000,3.873,3.884,3.87,3.871,31289.19
1743181500000,3.87,3.878,3.867,3.875,25343.15
1743181800000,3.876,3.895,3.874,3.892,52519.2
1743182100000,3.893,3.91,3.892,3.901,78721.04
1743182400000,3.901,3.905,3.885,3.885,6733.62
1743182700000,3.886,3.886,3.866,3.867,38712.75
1743183000000,3.867,3.873,3.856,3.868,53612.05
1743183300000,3.868,3.874,3.86,3.86,17158.28
1743183600000,3.86,3.86,3.85,3.852,30325.54
1743183900000,3.851,3.853,3.845,3.847,37709.82
1743184200000,3.847,3.849,3.833,3.837,59040.29
1743184500000,3.837,3.843,3.834,3.842,25063.71
1743184800000,3.842,3.848,3.836,3.839,40474.42
1743185100000,3.839,3.845,3.831,3.835,62546.58
1743185400000,3.836,3.837,3.826,3.831,34532.62
1743185700000,3.831,3.832,3.825,3.826,9505.98
1743186000000,3.826,3.828,3.814,3.821,35622.58
1743186300000,3.822,3.822,3.81,3.817,57278.37
1743186600000,3.818,3.829,3.811,3.827,35900.64
1743186900000,3.827,3.845,3.827,3.842,50062.94
1743187200000,3.841,3.842,3.832,3.835,9194.35
1743187500000,3.836,3.841,3.833,3.838,4134.31
1743187800000,3.838,3.858,3.827,3.832,56707.32
1743188100000,3.833,3.848,3.833,3.845,6406.21
1743188400000,3.844,3.845,3.825,3.825,7167.76
1743188700000,3.825,3.831,3.824,3.831,5167.79
1743189000000,3.831,3.832,3.826,3.827,15948.32
1743189300000,3.827,3.828,3.818,3.826,18151.37
1743189600000,3.826,3.873,3.818,3.85,221321.72
1743189900000,3.851,3.863,3.847,3.857,45128.84
1743190200000,3.857,3.862,3.845,3.846,13436.49
1743190500000,3.845,3.845,3.828,3.828,10586.34
1743190800000,3.827,3.831,3.82,3.821,29095.39
1743191100000,3.821,3.827,3.813,3.818,54723.59
1743191400000,3.819,3.821,3.811,3.819,34689.2
1743191700000,3.819,3.819,3.804,3.805,31413.9
1743192000000,3.805,3.813,3.802,3.812,19668.52
1743192300000,3.812,3.818,3.804,3.804,14839.68
1743192600000,3.805,3.812,3.802,3.811,7815.04
1743192900000,3.81,3.814,3.793,3.81,63541.51
1743193200000,3.809,3.821,3.804,3.82,11369.91
1743193500000,3.819,3.828,3.819,3.828,10625.55
1743193800000,3.826,3.826,3.813,3.822,12771.17
1743194100000,3.822,3.843,3.819,3.832,76745.68
1743194400000,3.831,3.831,3.816,3.825,6277.92
1743194700000,3.825,3.826,3.811,3.811,6018.83
1743195000000,3.811,3.812,3.806,3.809,4676.46
1743195300000,3.808,3.809,3.799,3.803,35771.55
1743195600000,3.803,3.803,3.79,3.793,27203.78
1743195900000,3.793,3.802,3.79,3.801,11412.41
1743196200000,3.801,3.813,3.8,3.811,8351.11
1743196500000,3.812,3.812,3.79,3.794,15081.48
1743196800000,3.793,3.81,3.791,3.81,10465.94
1743197100000,3.811,3.818,3.806,3.808,32262.95
1743197400000,3.807,3.81,3.802,3.809,2731.27
1743197700000,3.81,3.818,3.808,3.81,24688.19
1743198000000,3.81,3.814,3.805,3.811,11222.2
1743198300000,3.813,3.819,3.812,3.815,8261.79
1743198600000,3.814,3.815,3.803,3.805,5354.83
1743198900000,3.805,3.809,3.801,3.804,7562.02
1743199200000,3.803,3.817,3.801,3.817,9351.6
1743199500000,3.817,3.828,3.816,3.825,46665.11
1743199800000,3.826,3.83,3.823,3.825,15484.2
1743200100000,3.824,3.824,3.817,3.818,20568.88
1743200400000,3.818,3.818,3.809,3.811,12344.95
1743200700000,3.811,3.812,3.803,3.804,3240.8
1743201000000,3.804,3.804,3.8,3.802,5193.51
1743201300000,3.802,3.805,3.8,3.802,4371.82
1743201600000,3.803,3.809,3.802,3.809,5127.45
1743201900000,3.808,3.819,3.807,3.819,5007.18
1743202200000,3.82,3.82,3.812,3.814,4557.21
1743202500000,3.814,3.815,3.812,3.813,3295.0
1743202800000,3.813,3.825,3.806,3.824,14098.64
1743203100000,3.824,3.83,3.82,3.823,20971.8
1743203400000,3.823,3.828,3.819,3.823,13576.02
1743203700000,3.824,3.825,3.818,3.82,6137.42
1743204000000,3.82,3.82,3.81,3.811,5271.92
1743204300000,3.811,3.811,3.799,3.801,11093.68
1743204600000,3.802,3.805,3.793,3.798,14241.73
1743204900000,3.799,3.804,3.799,3.802,4408.1
1743205200000,3.802,3.81,3.802,3.81,7443.65
1743205500000,3.81,3.813,3.803,3.805,3424.18
1743205800000,3.805,3.805,3.794,3.795,10404.33
1743206100000,3.794,3.797,3.79,3.795,14042.94
1743206400000,3.795,3.823,3.794,3.81,22707.75
1743206700000,3.809,3.817,3.805,3.81,19253.12
1743207000000,3.811,3.818,3.809,3.815,5492.0
1743207300000,3.814,3.83,3.813,3.824,46623.78
1743207600000,3.826,3.829,3.82,3.825,38267.73
1743207900000,3.824,3.826,3.817,3.825,6055.66
1743208200000,3.824,3.84,3.818,3.839,32032.55
1743208500000,3.839,3.849,3.836,3.844,35139.92
1743208800000,3.844,3.85,3.839,3.842,22159.35
1743209100000,3.843,3.843,3.813,3.816,23775.39
1743209400000,3.814,3.819,3.81,3.816,21731.37
1743209700000,3.815,3.817,3.807,3.81,24653.97
1743210000000,3.811,3.816,3.805,3.807,25911.86
1743210300000,3.807,3.81,3.798,3.81,20497.51
1743210600000,3.809,3.811,3.803,3.809,9235.09
1743210900000,3.808,3.809,3.798,3.807,9729.59
1743211200000,3.806,3.807,3.785,3.794,82476.52
1743211500000,3.794,3.802,3.788,3.793,25764.25
1743211800000,3.793,3.802,3.789,3.791,10210.76
1743212100000,3.792,3.799,3.79,3.795,8694.33
1743212400000,3.795,3.804,3.795,3.803,7871.91
1743212700000,3.804,3.806,3.797,3.799,11850.16
1743213000000,3.798,3.798,3.783,3.789,28580.84
1743213300000,3.79,3.794,3.788,3.79,4223.06
1743213600000,3.791,3.793,3.785,3.788,8278.88
1743213900000,3.789,3.789,3.774,3.778,52103.58
1743214200000,3.779,3.782,3.773,3.774,20364.86
1743214500000,3.774,3.776,3.765,3.77,41887.8
1743214800000,3.77,3.771,3.765,3.766,14431.62
1743215100000,3.766,3.769,3.763,3.768,16821.71
1743215400000,3.769,3.769,3.761,3.767,17822.15
1743215700000,3.767,3.769,3.762,3.763,10679.65
1743216000000,3.764,3.764,3.75,3.752,41973.09
1743216300000,3.752,3.755,3.744,3.754,35439.71
1743216600000,3.754,3.761,3.754,3.754,10604.82
1743216900000,3.753,3.753,3.743,3.745,25542.88
1743217200000,3.745,3.75,3.735,3.735,59813.58
1743217500000,3.735,3.751,3.733,3.739,36554.91
1743217800000,3.739,3.74,3.723,3.732,90606.79
1743218100000,3.732,3.743,3.73,3.738,18903.5
1743218400000,3.737,3.747,3.737,3.738,8818.28
1743218700000,3.737,3.738,3.73,3.731,8106.24
1743219000000,3.732,3.745,3.732,3.745,12007.0
1743219300000,3.745,3.755,3.745,3.754,6288.7
1743219600000,3.755,3.768,3.755,3.764,35191.41
1743219900000,3.765,3.765,3.752,3.761,9460.22
1743220200000,3.76,3.76,3.746,3.75,9605.77
1743220500000,3.75,3.754,3.738,3.742,14933.79
1743220800000,3.741,3.743,3.734,3.743,17873.0
1743221100000,3.742,3.746,3.737,3.737,10044.02
1743221400000,3.738,3.745,3.737,3.745,6979.71
1743221700000,3.744,3.749,3.74,3.746,12469.05
1743222000000,3.746,3.749,3.737,3.739,3520.16
1743222300000,3.74,3.743,3.737,3.737,7091.36
1743222600000,3.737,3.747,3.737,3.744,41230.34
1743222900000,3.745,3.758,3.743,3.754,34522.52
1743223200000,3.754,3.754,3.747,3.752,1935.49
1743223500000,3.752,3.765,3.752,3.765,17494.72
1743223800000,3.764,3.765,3.757,3.762,7056.77
1743224100000,3.762,3.767,3.76,3.761,15711.15
1743224400000,3.762,3.764,3.748,3.749,4272.68
1743224700000,3.75,3.755,3.746,3.749,4154.48
1743225000000,3.748,3.748,3.738,3.745,11483.06
1743225300000,3.745,3.748,3.738,3.739,4801.88
1743225600000,3.74,3.74,3.732,3.733,15513.19
1743225900000,3.733,3.734,3.726,3.73,23542.61
1743226200000,3.729,3.732,3.723,3.723,17264.26
1743226500000,3.723,3.735,3.721,3.735,14109.76
1743226800000,3.735,3.735,3.726,3.726,10041.14
1743227100000,3.725,3.73,3.722,3.727,8738.31
1743227400000,3.726,3.729,3.723,3.728,7598.19
1743227700000,3.728,3.73,3.723,3.724,11547.62
1743228000000,3.724,3.724,3.715,3.717,32861.97
1743228300000,3.716,3.718,3.709,3.71,37040.42
1743228600000,3.711,3.715,3.7,3.703,88781.08
1743228900000,3.703,3.709,3.688,3.692,83856.67
1743229200000,3.691,3.698,3.691,3.698,11388.47
1743229500000,3.699,3.7,3.685,3.691,58094.13
1743229800000,3.69,3.696,3.688,3.69,4420.91
1743230100000,3.69,3.694,3.688,3.692,3780.0
1743230400000,3.692,3.697,3.691,3.696,2549.98
1743230700000,3.696,3.705,3.696,3.697,16187.25
1743231000000,3.696,3.697,3.686,3.687,4277.32
1743231300000,3.688,3.69,3.684,3.689,8920.43
1743231600000,3.689,3.696,3.688,3.694,18381.86
1743231900000,3.694,3.696,3.687,3.688,7180.45
1743232200000,3.688,3.718,3.687,3.718,94871.11
1743232500000,3.718,3.719,3.708,3.718,27518.48
1743232800000,3.718,3.729,3.716,3.726,41805.19
1743233100000,3.726,3.727,3.716,3.717,5462.79
1743233400000,3.716,3.736,3.71,3.735,38615.54
1743233700000,3.737,3.76,3.734,3.757,97725.5
1743234000000,3.757,3.76,3.74,3.743,44359.22
1743234300000,3.743,3.75,3.733,3.734,19920.29
1743234600000,3.734,3.735,3.725,3.726,13335.85
1743234900000,3.726,3.737,3.722,3.725,41627.72
1743235200000,3.726,3.729,3.719,3.723,16516.29
1743235500000,3.723,3.726,3.718,3.72,6631.71
1743235800000,3.721,3.746,3.715,3.722,74569.45
1743236100000,3.723,3.73,3.721,3.723,12305.18
1743236400000,3.723,3.736,3.722,3.725,7146.8
1743236700000,3.724,3.739,3.723,3.737,6928.6
1743237000000,3.738,3.76,3.738,3.751,40667.25
1743237300000,3.751,3.752,3.742,3.748,10946.84
1743237600000,3.747,3.753,3.745,3.745,5066.12
1743237900000,3.745,3.756,3.743,3.743,12937.79
1743238200000,3.743,3.753,3.741,3.749,26132.75
1743238500000,3.749,3.762,3.749,3.76,19171.78
1743238800000,3.76,3.76,3.733,3.738,24547.27
1743239100000,3.738,3.749,3.738,3.74,8573.52
1743239400000,3.741,3.744,3.73,3.734,16845.3
1743239700000,3.733,3.737,3.726,3.731,9202.28
1743240000000,3.73,3.737,3.729,3.735,2788.01
1743240300000,3.735,3.738,3.726,3.727,5097.81
1743240600000,3.726,3.731,3.715,3.72,65891.2
1743240900000,3.721,3.726,3.719,3.724,4783.76
1743241200000,3.723,3.724,3.707,3.718,49469.04
1743241500000,3.718,3.727,3.712,3.721,15001.38
1743241800000,3.72,3.727,3.713,3.715,6741.29
1743242100000,3.715,3.72,3.715,3.716,1739.2
1743242400000,3.717,3.72,3.707,3.71,23401.13
1743242700000,3.71,3.713,3.705,3.706,12870.98
1743243000000,3.706,3.714,3.704,3.714,38373.71
1743243300000,3.714,3.714,3.695,3.706,73181.21
1743243600000,3.705,3.706,3.696,3.699,13868.43
1743243900000,3.699,3.704,3.695,3.701,16966.68
1743244200000,3.701,3.706,3.693,3.7,29538.26
1743244500000,3.7,3.702,3.692,3.701,4496.8
1743244800000,3.7,3.711,3.699,3.706,15892.53
1743245100000,3.706,3.707,3.7,3.704,5124.96
1743245400000,3.705,3.708,3.699,3.704,5166.28
1743245700000,3.704,3.72,3.7,3.715,92630.22
1743246000000,3.716,3.727,3.706,3.708,36722.24
1743246300000,3.708,3.709,3.698,3.703,24073.34
1743246600000,3.704,3.713,3.697,3.703,16751.1
1743246900000,3.703,3.706,3.69,3.694,23979.76
1743247200000,3.694,3.698,3.674,3.686,95104.32
1743247500000,3.685,3.687,3.678,3.682,17793.79
1743247800000,3.681,3.682,3.67,3.678,57339.27
1743248100000,3.677,3.68,3.664,3.668,26256.72
1743248400000,3.668,3.673,3.666,3.667,11067.29
1743248700000,3.666,3.672,3.65,3.658,58270.28
1743249000000,3.658,3.67,3.658,3.669,12060.83
1743249300000,3.67,3.682,3.67,3.673,17413.93
1743249600000,3.673,3.678,3.662,3.662,8970.85
1743249900000,3.662,3.671,3.66,3.661,56315.56
1743250200000,3.66,3.677,3.651,3.673,89214.8
1743250500000,3.674,3.688,3.674,3.688,25789.14
1743250800000,3.686,3.695,3.684,3.691,35333.31
1743251100000,3.69,3.695,3.687,3.69,15339.33
1743251400000,3.69,3.691,3.67,3.67,7947.64
1743251700000,3.67,3.677,3.67,3.677,4667.96
1743252000000,3.678,3.68,3.675,3.678,4961.31
1743252300000,3.679,3.679,3.666,3.668,7696.12
1743252600000,3.667,3.67,3.663,3.669,6519.36
1743252900000,3.67,3.676,3.669,3.672,6044.88
1743253200000,3.671,3.687,3.669,3.684,11891.63
1743253500000,3.683,3.683,3.677,3.679,4794.83
1743253800000,3.679,3.69,3.677,3.689,6828.33
1743254100000,3.689,3.712,3.688,3.712,41248.19
1743254400000,3.712,3.715,3.702,3.707,42139.52
1743254700000,3.707,3.72,3.706,3.718,40151.94
1743255000000,3.718,3.718,3.705,3.707,7180.43
1743255300000,3.708,3.71,3.699,3.7,9633.88
1743255600000,3.701,3.701,3.694,3.695,2770.46
1743255900000,3.694,3.712,3.694,3.711,18634.41
1743256200000,3.712,3.717,3.711,3.711,3545.69
1743256500000,3.711,3.713,3.699,3.7,9024.94
1743256800000,3.7,3.701,3.691,3.694,6369.98
1743257100000,3.695,3.717,3.674,3.694,287096.81
1743257400000,3.693,3.696,3.684,3.685,10592.19
1743257700000,3.686,3.69,3.677,3.678,23627.09
1743258000000,3.678,3.681,3.67,3.67,24719.46
1743258300000,3.67,3.677,3.662,3.669,61607.11
1743258600000,3.669,3.678,3.666,3.675,7251.3
1743258900000,3.675,3.695,3.674,3.692,75877.46
1743259200000,3.693,3.703,3.693,3.697,26509.49
1743259500000,3.698,3.699,3.686,3.69,7993.79
1743259800000,3.69,3.698,3.69,3.696,10712.44
1743260100000,3.695,3.696,3.686,3.687,4585.63
1743260400000,3.687,3.695,3.683,3.694,4363.39
1743260700000,3.694,3.698,3.687,3.687,1848.93
1743261000000,3.688,3.693,3.686,3.691,2816.1
1743261300000,3.691,3.704,3.691,3.703,4403.63
1743261600000,3.702,3.71,3.7,3.7,17683.4
1743261900000,3.701,3.706,3.697,3.705,5502.79
1743262200000,3.706,3.713,3.702,3.709,21283.27
1743262500000,3.709,3.71,3.699,3.704,4483.94
1743262800000,3.705,3.708,3.688,3.692,22470.61
1743263100000,3.692,3.704,3.691,3.702,2613.95
1743263400000,3.701,3.701,3.694,3.697,4105.95
1743263700000,3.698,3.698,3.692,3.696,9298.26
1743264000000,3.696,3.709,3.696,3.708,8605.72
1743264300000,3.707,3.738,3.705,3.726,96709.28
1743264600000,3.726,3.739,3.726,3.738,64819.1
1743264900000,3.739,3.74,3.717,3.719,31482.35
1743265200000,3.718,3.719,3.708,3.709,12527.33
1743265500000,3.708,3.711,3.704,3.71,17087.26
1743265800000,3.711,3.724,3.711,3.722,6330.37
1743266100000,3.722,3.725,3.719,3.725,7073.35
1743266400000,3.725,3.73,3.723,3.723,10886.63
1743266700000,3.724,3.727,3.708,3.709,31095.16
1743267000000,3.708,3.71,3.703,3.707,8732.41
1743267300000,3.707,3.707,3.695,3.702,25070.33
1743267600000,3.703,3.708,3.698,3.707,7575.36
1743267900000,3.708,3.721,3.706,3.712,15727.43
1743268200000,3.712,3.712,3.695,3.695,11138.05
1743268500000,3.696,3.702,3.676,3.699,86236.87
1743268800000,3.698,3.702,3.684,3.692,13346.64
1743269100000,3.691,3.722,3.69,3.716,47627.03
1743269400000,3.716,3.749,3.716,3.745,115801.05
1743269700000,3.745,3.746,3.718,3.726,24721.6
1743270000000,3.726,3.727,3.713,3.718,25941.4
1743270300000,3.719,3.736,3.719,3.726,10491.64
1743270600000,3.725,3.726,3.71,3.715,15540.17
1743270900000,3.714,3.733,3.71,3.731,10517.71
1743271200000,3.731,3.742,3.729,3.733,14820.04
1743271500000,3.732,3.737,3.721,3.732,3789.8
1743271800000,3.731,3.731,3.719,3.725,15023.08
1743272100000,3.724,3.73,3.72,3.728,2458.32
1743272400000,3.727,3.733,3.723,3.723,3717.63
1743272700000,3.724,3.735,3.724,3.735,10256.8
1743273000000,3.735,3.737,3.728,3.731,30946.87
1743273300000,3.731,3.746,3.724,3.743,32260.13
1743273600000,3.744,3.754,3.74,3.754,29706.49
1743273900000,3.755,3.766,3.753,3.765,41866.38
1743274200000,3.765,3.774,3.762,3.762,50124.62
1743274500000,3.762,3.762,3.752,3.758,7575.19
1743274800000,3.757,3.762,3.744,3.746,26960.48
1743275100000,3.747,3.754,3.742,3.742,16205.08
1743275400000,3.742,3.742,3.731,3.732,38010.68
1743275700000,3.733,3.735,3.727,3.733,14169.56
1743276000000,3.733,3.735,3.723,3.732,16674.3
1743276300000,3.731,3.732,3.722,3.723,7840.14
1743276600000,3.724,3.738,3.722,3.737,8416.63
1743276900000,3.737,3.737,3.723,3.728,5835.77
1743277200000,3.727,3.739,3.726,3.731,18741.4
1743277500000,3.731,3.736,3.726,3.726,8939.72
1743277800000,3.726,3.734,3.725,3.73,4631.16
1743278100000,3.731,3.734,3.726,3.731,4777.43
1743278400000,3.731,3.731,3.72,3.725,11660.28
1743278700000,3.724,3.728,3.724,3.724,3447.54
1743279000000,3.723,3.724,3.711,3.713,32928.95
1743279300000,3.714,3.717,3.709,3.715,17754.44
1743279600000,3.715,3.724,3.715,3.72,13783.71
1743279900000,3.72,3.731,3.718,3.726,14167.63
1743280200000,3.726,3.73,3.72,3.726,4783.35
1743280500000,3.727,3.728,3.713,3.713,8849.45
1743280800000,3.713,3.714,3.702,3.705,35130.74
1743281100000,3.705,3.711,3.696,3.7,30038.37
1743281400000,3.7,3.701,3.695,3.695,7478.42
1743281700000,3.695,3.706,3.692,3.702,12964.34
1743282000000,3.701,3.715,3.701,3.714,7732.2
1743282300000,3.714,3.719,3.71,3.718,8878.47
1743282600000,3.719,3.739,3.719,3.734,41546.42
1743282900000,3.733,3.733,3.723,3.727,10557.0
1743283200000,3.727,3.729,3.719,3.719,1817.94
1743283500000,3.72,3.72,3.712,3.716,4856.48
1743283800000,3.716,3.716,3.699,3.701,21139.37
1743284100000,3.7,3.701,3.696,3.697,11462.15
1743284400000,3.698,3.7,3.696,3.697,6184.72
1743284700000,3.698,3.702,3.694,3.7,15506.63
1743285000000,3.7,3.707,3.699,3.707,3899.67
1743285300000,3.707,3.711,3.701,3.701,6467.75
1743285600000,3.701,3.705,3.697,3.701,2423.25
1743285900000,3.7,3.7,3.696,3.698,3716.95
1743286200000,3.697,3.705,3.696,3.705,4519.37
1743286500000,3.705,3.709,3.704,3.708,1659.81
1743286800000,3.707,3.707,3.698,3.699,1224.35
1743287100000,3.699,3.704,3.698,3.703,4722.96
1743287400000,3.704,3.708,3.701,3.701,2755.73
1743287700000,3.701,3.704,3.675,3.676,66136.52
1743288000000,3.676,3.68,3.671,3.678,36813.46
1743288300000,3.677,3.681,3.669,3.671,21848.78
1743288600000,3.671,3.675,3.669,3.673,5989.35
1743288900000,3.674,3.678,3.671,3.673,9150.35
1743289200000,3.673,3.688,3.673,3.684,8689.72
1743289500000,3.684,3.692,3.684,3.69,5816.02
1743289800000,3.689,3.69,3.686,3.69,3212.67
1743290100000,3.689,3.692,3.687,3.688,2066.53
1743290400000,3.687,3.692,3.685,3.691,2380.23
1743290700000,3.691,3.696,3.69,3.692,7125.64
1743291000000,3.693,3.695,3.68,3.684,3759.41
1743291300000,3.682,3.69,3.681,3.688,2857.58
1743291600000,3.687,3.692,3.685,3.692,5828.32
1743291900000,3.693,3.698,3.693,3.697,4711.92
1743292200000,3.697,3.7,3.694,3.7,3438.14
1743292500000,3.7,3.705,3.698,3.699,16473.61
1743292800000,3.699,3.7,3.69,3.695,25792.1
1743293100000,3.694,3.698,3.685,3.694,11432.67
1743293400000,3.694,3.702,3.691,3.7,2789.46
1743293700000,3.702,3.705,3.692,3.694,3090.2
1743294000000,3.694,3.699,3.686,3.686,1972.8
1743294300000,3.686,3.687,3.673,3.675,10555.15
1743294600000,3.674,3.674,3.664,3.67,32949.07
1743294900000,3.67,3.67,3.644,3.646,69396.01
1743295200000,3.646,3.655,3.641,3.644,43594.32
1743295500000,3.644,3.656,3.64,3.656,20607.86
1743295800000,3.656,3.665,3.654,3.658,8678.4
1743296100000,3.659,3.66,3.65,3.657,5759.36
1743296400000,3.657,3.677,3.655,3.671,15308.32
1743296700000,3.67,3.681,3.669,3.676,26904.7
1743297000000,3.676,3.701,3.674,3.7,104481.81
1743297300000,3.7,3.701,3.683,3.683,17416.99
1743297600000,3.682,3.689,3.677,3.677,3599.57
1743297900000,3.677,3.692,3.671,3.685,18665.39
1743298200000,3.686,3.699,3.684,3.695,15122.68
1743298500000,3.696,3.705,3.696,3.698,25605.45
1743298800000,3.697,3.702,3.688,3.688,13860.99
1743299100000,3.689,3.697,3.687,3.694,4350.62
1743299400000,3.691,3.703,3.689,3.702,4882.54
1743299700000,3.703,3.704,3.698,3.701,8829.3
1743300000000,3.701,3.707,3.673,3.679,127430.53
1743300300000,3.679,3.716,3.67,3.709,82179.83
1743300600000,3.71,3.719,3.709,3.713,39398.06
1743300900000,3.713,3.724,3.712,3.716,41965.83
1743301200000,3.715,3.725,3.715,3.718,21477.36
1743301500000,3.718,3.718,3.696,3.702,14650.27
1743301800000,3.702,3.719,3.695,3.719,10520.48
1743302100000,3.718,3.73,3.713,3.729,24484.49
1743302400000,3.729,3.736,3.727,3.729,28242.59
1743302700000,3.73,3.738,3.724,3.734,17480.63
1743303000000,3.733,3.736,3.724,3.732,15420.41
1743303300000,3.731,3.731,3.721,3.723,2084.93
1743303600000,3.722,3.723,3.715,3.716,8624.43
1743303900000,3.716,3.722,3.715,3.719,2028.3
1743304200000,3.72,3.725,3.719,3.724,15527.64
1743304500000,3.725,3.725,3.714,3.719,3191.54
1743304800000,3.72,3.739,3.72,3.732,7524.32
1743305100000,3.732,3.744,3.732,3.732,32404.38
1743305400000,3.731,3.74,3.729,3.731,6688.42
1743305700000,3.729,3.729,3.721,3.721,8209.62
1743306000000,3.722,3.724,3.714,3.718,10122.59
1743306300000,3.718,3.718,3.711,3.714,11862.63
1743306600000,3.713,3.721,3.713,3.713,6196.02
1743306900000,3.713,3.717,3.707,3.709,17551.39
1743307200000,3.709,3.712,3.704,3.71,16609.79
1743307500000,3.711,3.72,3.71,3.719,19488.13
1743307800000,3.718,3.725,3.715,3.72,13943.55
1743308100000,3.719,3.723,3.711,3.715,17274.64
1743308400000,3.716,3.718,3.708,3.711,2056.6
1743308700000,3.711,3.715,3.711,3.715,9077.82
1743309000000,3.714,3.723,3.714,3.722,6147.85
1743309300000,3.722,3.738,3.722,3.736,9744.11
1743309600000,3.735,3.751,3.735,3.747,44428.68
1743309900000,3.748,3.756,3.748,3.754,26857.77
1743310200000,3.754,3.756,3.75,3.751,6571.93
1743310500000,3.75,3.75,3.742,3.747,4478.51
1743310800000,3.747,3.756,3.745,3.754,14785.64
1743311100000,3.753,3.767,3.753,3.767,46438.92
1743311400000,3.766,3.793,3.764,3.789,78787.82
1743311700000,3.789,3.796,3.777,3.78,70344.63
1743312000000,3.78,3.784,3.773,3.779,13707.58
1743312300000,3.778,3.784,3.778,3.783,8745.72
1743312600000,3.782,3.782,3.768,3.769,22539.93
1743312900000,3.768,3.778,3.766,3.778,9888.39
1743313200000,3.778,3.784,3.777,3.784,5102.22
1743313500000,3.783,3.79,3.779,3.779,30426.74
1743313800000,3.778,3.781,3.767,3.767,14361.83
1743314100000,3.766,3.768,3.759,3.764,10019.77
1743314400000,3.764,3.777,3.76,3.764,39687.59
1743314700000,3.764,3.774,3.756,3.77,16488.37
1743315000000,3.768,3.777,3.768,3.776,9520.9
1743315300000,3.775,3.782,3.77,3.775,11739.96
1743315600000,3.775,3.781,3.77,3.781,10746.75
1743315900000,3.78,3.8,3.778,3.8,55282.77
1743316200000,3.799,3.805,3.784,3.798,62471.77
1743316500000,3.798,3.823,3.798,3.808,78268.23
1743316800000,3.809,3.837,3.796,3.821,281528.28
1743317100000,3.821,3.849,3.812,3.828,238949.86
1743317400000,3.828,3.839,3.814,3.823,135878.79
1743317700000,3.822,3.822,3.803,3.817,30018.55
1743318000000,3.817,3.869,3.817,3.861,103194.41
1743318300000,3.86,3.87,3.854,3.866,72791.69
1743318600000,3.865,3.867,3.828,3.863,132860.08
1743318900000,3.863,3.887,3.862,3.867,82163.74
1743319200000,3.866,3.871,3.862,3.866,10467.1
1743319500000,3.865,3.869,3.855,3.858,21266.76
1743319800000,3.857,3.888,3.845,3.869,204497.9
1743320100000,3.868,3.868,3.848,3.853,23889.48
1743320400000,3.853,3.853,3.842,3.847,48475.14
1743320700000,3.847,3.851,3.837,3.838,23801.06
1743321000000,3.838,3.86,3.837,3.857,14827.43
1743321300000,3.857,3.869,3.857,3.865,13974.14
1743321600000,3.865,3.876,3.859,3.86,46485.03
1743321900000,3.859,3.864,3.852,3.86,17274.79
1743322200000,3.86,3.867,3.859,3.859,8880.56
1743322500000,3.858,3.871,3.849,3.854,55923.39
1743322800000,3.854,3.854,3.844,3.845,6943.03
1743323100000,3.845,3.85,3.843,3.844,7824.93
1743323400000,3.844,3.85,3.841,3.847,11431.58
1743323700000,3.847,3.85,3.84,3.846,8742.44
1743324000000,3.845,3.848,3.836,3.843,10173.72
1743324300000,3.842,3.851,3.841,3.85,4067.41
1743324600000,3.85,3.855,3.85,3.855,5395.52
1743324900000,3.855,3.863,3.854,3.86,33917.9
1743325200000,3.86,3.86,3.856,3.86,16303.79
1743325500000,3.861,3.861,3.856,3.859,10976.22
1743325800000,3.86,3.86,3.85,3.858,3566.99
1743326100000,3.857,3.857,3.851,3.857,14445.05
1743326400000,3.857,3.862,3.857,3.859,16002.59
1743326700000,3.86,3.863,3.853,3.858,82212.89
1743327000000,3.858,3.887,3.858,3.885,48005.26
1743327300000,3.885,3.89,3.87,3.871,51014.59
1743327600000,3.871,3.875,3.864,3.871,10777.96
1743327900000,3.872,3.877,3.863,3.865,12482.94
1743328200000,3.865,3.866,3.858,3.865,5646.41
1743328500000,3.864,3.869,3.853,3.854,13863.92
1743328800000,3.853,3.865,3.852,3.865,9772.53
1743329100000,3.865,3.873,3.865,3.869,8299.61
1743329400000,3.869,3.869,3.858,3.86,11245.27
1743329700000,3.86,3.86,3.844,3.845,29516.6
1743330000000,3.844,3.845,3.824,3.828,87906.5
1743330300000,3.827,3.83,3.824,3.827,28440.19
1743330600000,3.827,3.828,3.808,3.815,77331.34
1743330900000,3.814,3.818,3.809,3.814,21588.43
1743331200000,3.814,3.824,3.811,3.814,30240.59
1743331500000,3.813,3.819,3.81,3.818,6063.75
1743331800000,3.818,3.824,3.816,3.821,5829.31
1743332100000,3.82,3.82,3.813,3.815,7021.25
1743332400000,3.815,3.825,3.812,3.819,13067.29
1743332700000,3.818,3.831,3.818,3.825,7010.73
1743333000000,3.825,3.827,3.821,3.827,3725.01
1743333300000,3.827,3.832,3.824,3.829,7694.11
1743333600000,3.829,3.831,3.815,3.818,21016.3
1743333900000,3.817,3.818,3.806,3.812,12506.0
1743334200000,3.812,3.819,3.809,3.812,5860.85
1743334500000,3.812,3.814,3.805,3.808,11822.47
1743334800000,3.808,3.815,3.804,3.815,9560.65
1743335100000,3.815,3.817,3.809,3.814,6701.33
1743335400000,3.814,3.819,3.811,3.812,4869.63
1743335700000,3.812,3.816,3.81,3.814,4468.71
1743336000000,3.815,3.819,3.807,3.81,7947.18
1743336300000,3.811,3.819,3.809,3.817,2800.21
1743336600000,3.817,3.818,3.813,3.817,2197.61
1743336900000,3.817,3.827,3.812,3.825,12638.29
1743337200000,3.824,3.828,3.818,3.827,7645.13
1743337500000,3.827,3.843,3.827,3.836,44526.41
1743337800000,3.837,3.859,3.836,3.85,61044.94
1743338100000,3.85,3.853,3.846,3.849,20622.79
1743338400000,3.85,3.858,3.849,3.85,13031.86
1743338700000,3.848,3.849,3.839,3.84,8597.41
1743339000000,3.841,3.844,3.837,3.841,3468.09
1743339300000,3.841,3.841,3.832,3.833,4829.13
1743339600000,3.833,3.833,3.811,3.822,47545.83
1743339900000,3.822,3.824,3.797,3.804,158882.65
1743340200000,3.804,3.815,3.798,3.811,13217.21
1743340500000,3.812,3.815,3.804,3.807,8633.42
1743340800000,3.807,3.83,3.796,3.805,116071.76
1743341100000,3.803,3.803,3.786,3.787,59121.15
1743341400000,3.788,3.794,3.765,3.774,105369.53
1743341700000,3.774,3.78,3.768,3.777,29288.18
1743342000000,3.777,3.784,3.769,3.783,36644.92
1743342300000,3.782,3.783,3.77,3.774,20950.03
1743342600000,3.774,3.775,3.766,3.768,15157.56
1743342900000,3.767,3.798,3.743,3.751,307741.49
1743343200000,3.751,3.757,3.743,3.752,40141.53
1743343500000,3.751,3.759,3.745,3.745,16742.29
1743343800000,3.745,3.755,3.744,3.754,11070.72
1743344100000,3.753,3.771,3.748,3.762,22834.52
1743344400000,3.762,3.774,3.762,3.77,100929.79
1743344700000,3.769,3.799,3.765,3.797,216461.59
1743345000000,3.798,3.801,3.787,3.79,28637.12
1743345300000,3.789,3.792,3.781,3.787,14673.11
1743345600000,3.787,3.793,3.785,3.789,10205.06
1743345900000,3.789,3.804,3.789,3.802,18489.97
1743346200000,3.802,3.827,3.792,3.821,116774.12
1743346500000,3.82,3.823,3.813,3.819,27898.62
1743346800000,3.82,3.822,3.809,3.81,27927.48
1743347100000,3.81,3.815,3.804,3.804,6081.8
1743347400000,3.804,3.806,3.801,3.802,11165.41
1743347700000,3.802,3.825,3.802,3.822,26061.56
1743348000000,3.823,3.824,3.811,3.813,6358.49
1743348300000,3.813,3.813,3.804,3.807,5677.66
1743348600000,3.807,3.813,3.805,3.805,3280.47
1743348900000,3.805,3.805,3.794,3.795,7593.98
1743349200000,3.795,3.796,3.787,3.789,12069.33
1743349500000,3.789,3.798,3.786,3.794,7705.77
1743349800000,3.793,3.794,3.786,3.788,9167.82
1743350100000,3.787,3.792,3.784,3.789,8504.16
1743350400000,3.789,3.793,3.787,3.791,2782.67
1743350700000,3.79,3.802,3.79,3.801,3585.12
1743351000000,3.801,3.802,3.789,3.79,13595.06
1743351300000,3.79,3.797,3.789,3.794,3830.56
1743351600000,3.793,3.801,3.792,3.798,3096.46
1743351900000,3.798,3.8,3.794,3.798,5976.75
1743352200000,3.798,3.813,3.798,3.805,13132.93
1743352500000,3.804,3.822,3.8,3.817,35730.27
1743352800000,3.818,3.825,3.807,3.807,34101.08
1743353100000,3.806,3.813,3.799,3.802,26889.94
1743353400000,3.802,3.802,3.786,3.799,28378.06
1743353700000,3.798,3.825,3.788,3.811,90772.95
1743354000000,3.81,3.813,3.8,3.802,16469.19
1743354300000,3.801,3.807,3.791,3.807,16152.94
1743354600000,3.808,3.817,3.806,3.812,7157.37
1743354900000,3.813,3.825,3.813,3.823,11194.68
1743355200000,3.822,3.823,3.814,3.816,11844.38
1743355500000,3.816,3.817,3.806,3.807,9267.89
1743355800000,3.807,3.81,3.803,3.807,9098.73
1743356100000,3.806,3.806,3.801,3.803,12726.78
1743356400000,3.803,3.804,3.794,3.796,3927.27
1743356700000,3.795,3.801,3.791,3.795,9838.85
1743357000000,3.795,3.795,3.791,3.791,3638.43
1743357300000,3.792,3.797,3.791,3.797,4533.97
1743357600000,3.799,3.808,3.799,3.806,6941.13
1743357900000,3.806,3.852,3.804,3.847,132775.53
1743358200000,3.846,3.848,3.832,3.833,41678.77
1743358500000,3.834,3.838,3.831,3.831,23076.86
1743358800000,3.831,3.831,3.819,3.819,30273.98
1743359100000,3.819,3.825,3.814,3.82,10007.93
1743359400000,3.822,3.822,3.804,3.805,7800.39
1743359700000,3.804,3.808,3.803,3.804,8129.93
1743360000000,3.804,3.811,3.803,3.81,6374.88
1743360300000,3.811,3.824,3.81,3.824,8563.22
1743360600000,3.824,3.85,3.824,3.84,69111.91
1743360900000,3.84,3.965,3.84,3.94,612952.84
1743361200000,3.939,3.993,3.909,3.985,612879.67
1743361500000,3.985,3.993,3.928,3.928,437567.79
1743361800000,3.929,3.959,3.925,3.942,216905.77
1743362100000,3.941,3.956,3.922,3.924,54689.56
1743362400000,3.924,3.925,3.915,3.925,32280.53
1743362700000,3.925,3.932,3.917,3.921,53819.96
1743363000000,3.921,3.923,3.915,3.917,47702.17
1743363300000,3.918,3.937,3.917,3.935,61678.96
1743363600000,3.936,3.959,3.926,3.953,95495.44
1743363900000,3.954,3.958,3.933,3.935,37971.04
1743364200000,3.935,3.938,3.928,3.931,29987.17
1743364500000,3.93,3.93,3.906,3.907,82892.09
1743364800000,3.906,3.909,3.892,3.892,117298.44
1743365100000,3.891,3.902,3.888,3.898,38356.94
1743365400000,3.897,3.903,3.894,3.901,28203.32
1743365700000,3.901,3.913,3.901,3.912,134649.57
1743366000000,3.911,3.911,3.899,3.901,45670.84
1743366300000,3.901,3.901,3.894,3.9,22570.4
1743366600000,3.9,3.902,3.897,3.902,45915.47
1743366900000,3.901,3.91,3.897,3.903,17277.7
1743367200000,3.903,3.916,3.901,3.902,22924.45
1743367500000,3.901,3.901,3.893,3.896,13835.58
1743367800000,3.897,3.9,3.894,3.895,7469.55
1743368100000,3.895,3.9,3.888,3.898,6460.63
1743368400000,3.899,3.901,3.892,3.892,15495.75
1743368700000,3.892,3.893,3.875,3.878,47251.32
1743369000000,3.878,3.902,3.876,3.899,79087.72
1743369300000,3.899,3.924,3.891,3.914,155539.2
1743369600000,3.913,3.931,3.911,3.922,144606.18
1743369900000,3.922,3.95,3.922,3.942,128672.73
1743370200000,3.942,3.944,3.929,3.936,16817.46
1743370500000,3.936,3.936,3.923,3.928,37687.0
1743370800000,3.928,3.929,3.908,3.925,25365.51
1743371100000,3.923,3.931,3.923,3.927,4276.31
1743371400000,3.927,3.927,3.908,3.915,45356.32
1743371700000,3.915,3.924,3.911,3.922,19053.4
1743372000000,3.921,3.921,3.894,3.898,39225.78
1743372300000,3.897,3.902,3.877,3.882,82992.82
1743372600000,3.881,3.914,3.88,3.907,86310.86
1743372900000,3.906,3.91,3.894,3.894,60157.78
1743373200000,3.895,3.909,3.891,3.902,40361.79
1743373500000,3.902,3.919,3.902,3.907,106406.17
1743373800000,3.907,3.913,3.9,3.903,77350.64
1743374100000,3.902,3.952,3.902,3.947,379708.15
1743374400000,3.947,3.947,3.933,3.939,50719.98
1743374700000,3.939,3.945,3.936,3.939,13381.98
1743375000000,3.938,3.941,3.927,3.928,26480.01
1743375300000,3.929,3.934,3.918,3.931,27329.03
1743375600000,3.931,3.931,3.912,3.914,15561.46
1743375900000,3.914,3.937,3.913,3.937,13013.4
1743376200000,3.938,3.944,3.932,3.94,25765.24
1743376500000,3.94,3.943,3.92,3.923,54780.66
1743376800000,3.923,3.924,3.893,3.896,101578.57
1743377100000,3.896,3.899,3.887,3.89,15142.54
1743377400000,3.889,3.896,3.879,3.896,44920.35
1743377700000,3.895,3.906,3.893,3.898,49221.91
1743378000000,3.898,3.901,3.893,3.897,29619.51
1743378300000,3.896,3.901,3.89,3.899,21847.97
1743378600000,3.898,3.902,3.89,3.9,22576.9
1743378900000,3.9,3.901,3.891,3.894,17122.15
1743379200000,3.894,3.894,3.882,3.887,47183.74
1743379500000,3.886,3.889,3.878,3.88,22176.78
1743379800000,3.88,3.889,3.88,3.883,7835.8
1743380100000,3.882,3.9,3.882,3.897,12801.11
1743380400000,3.898,3.9,3.887,3.888,24993.42
1743380700000,3.887,3.889,3.881,3.885,6108.65
1743381000000,3.885,3.885,3.873,3.876,27507.28
1743381300000,3.875,3.876,3.862,3.872,30403.71
1743381600000,3.872,3.874,3.854,3.861,45391.2
1743381900000,3.861,3.877,3.859,3.875,18689.2
1743382200000,3.876,3.881,3.868,3.876,17349.24
1743382500000,3.877,3.893,3.874,3.883,23789.88
1743382800000,3.883,3.903,3.875,3.891,53416.19
1743383100000,3.89,3.908,3.89,3.896,89991.24
1743383400000,3.896,3.903,3.896,3.898,27307.11
1743383700000,3.897,3.9,3.885,3.888,18135.45
1743384000000,3.889,3.902,3.883,3.899,21119.45
1743384300000,3.899,3.91,3.898,3.906,144009.76
1743384600000,3.907,3.907,3.894,3.9,114155.42
1743384900000,3.9,3.903,3.885,3.9,57981.86
1743385200000,3.9,3.9,3.89,3.896,10278.83
1743385500000,3.895,3.896,3.889,3.895,17018.81
1743385800000,3.896,3.898,3.884,3.886,8871.22
1743386100000,3.886,3.916,3.879,3.904,146608.82
1743386400000,3.904,3.906,3.889,3.892,43533.85
1743386700000,3.893,3.903,3.892,3.902,12539.78
1743387000000,3.901,3.902,3.894,3.897,31791.75
1743387300000,3.897,3.907,3.897,3.897,60855.61
1743387600000,3.897,3.9,3.891,3.893,14509.89
1743387900000,3.893,3.899,3.892,3.898,4690.81
1743388200000,3.898,3.9,3.891,3.891,5223.46
1743388500000,3.891,3.897,3.889,3.89,14637.13
1743388800000,3.889,3.902,3.887,3.898,23399.0
1743389100000,3.898,3.907,3.898,3.901,50189.58
1743389400000,3.902,3.909,3.897,3.904,89353.48
1743389700000,3.903,3.92,3.903,3.913,49944.33
1743390000000,3.913,3.919,3.913,3.919,8839.17
1743390300000,3.917,3.921,3.906,3.906,10426.91
1743390600000,3.906,3.907,3.889,3.891,114793.32
1743390900000,3.89,3.894,3.883,3.888,26193.3
1743391200000,3.887,3.898,3.883,3.894,42840.16
1743391500000,3.895,3.924,3.894,3.918,130297.63
1743391800000,3.92,3.931,3.915,3.916,34491.07
1743392100000,3.917,3.918,3.911,3.918,17354.44
1743392400000,3.919,3.93,3.912,3.914,130770.47
1743392700000,3.914,3.914,3.894,3.897,46391.14
1743393000000,3.898,3.908,3.892,3.902,82002.87
1743393300000,3.902,3.902,3.893,3.895,10358.78
1743393600000,3.895,3.901,3.891,3.899,36943.63
1743393900000,3.898,3.902,3.875,3.886,61658.29
1743394200000,3.885,3.885,3.872,3.882,47573.93
1743394500000,3.882,3.888,3.874,3.878,13339.6
1743394800000,3.879,3.883,3.867,3.868,31962.3
1743395100000,3.868,3.888,3.867,3.888,25709.44
1743395400000,3.888,3.896,3.88,3.896,13550.7
1743395700000,3.895,3.909,3.892,3.904,57469.31
1743396000000,3.905,3.922,3.902,3.908,127434.39
1743396300000,3.909,3.912,3.893,3.898,61541.15
1743396600000,3.897,3.897,3.882,3.882,41270.93
1743396900000,3.881,3.888,3.88,3.886,4422.67
1743397200000,3.887,3.9,3.885,3.898,22231.57
1743397500000,3.898,3.908,3.887,3.894,101177.22
1743397800000,3.893,3.913,3.892,3.909,71758.31
1743398100000,3.909,3.912,3.897,3.9,67338.13
1743398400000,3.9,3.902,3.895,3.899,41401.5
1743398700000,3.898,3.902,3.896,3.899,33686.25
1743399000000,3.9,3.916,3.899,3.911,55214.28
1743399300000,3.911,3.916,3.896,3.912,52736.49
1743399600000,3.912,3.917,3.91,3.915,8730.43
1743399900000,3.916,3.933,3.916,3.929,104208.08
1743400200000,3.928,3.933,3.915,3.925,44389.45
1743400500000,3.924,3.934,3.924,3.934,7083.73
1743400800000,3.933,3.964,3.933,3.953,348200.37
1743401100000,3.952,3.964,3.933,3.955,332030.41
1743401400000,3.955,3.955,3.935,3.936,31188.85
1743401700000,3.936,3.956,3.936,3.942,54068.96
1743402000000,3.941,3.952,3.941,3.949,19127.82
1743402300000,3.95,3.959,3.919,3.921,134308.63
1743402600000,3.921,3.936,3.912,3.93,54849.7
1743402900000,3.93,3.94,3.92,3.922,39287.74
1743403200000,3.923,3.942,3.922,3.942,9884.1
1743403500000,3.94,3.945,3.93,3.934,13061.04
1743403800000,3.934,3.934,3.924,3.925,8932.25
1743404100000,3.925,3.929,3.916,3.919,13145.29
1743404400000,3.918,3.926,3.915,3.923,38685.52
1743404700000,3.923,3.93,3.907,3.911,30249.73
1743405000000,3.911,3.913,3.903,3.907,38448.14
1743405300000,3.908,3.909,3.892,3.897,36459.63
1743405600000,3.896,3.902,3.893,3.897,20193.22
1743405900000,3.896,3.9,3.889,3.897,12688.47
1743406200000,3.898,3.905,3.887,3.893,21480.64
1743406500000,3.892,3.903,3.889,3.896,47652.31
1743406800000,3.896,3.909,3.896,3.902,17186.76
1743407100000,3.901,3.903,3.893,3.896,12660.38
1743407400000,3.897,3.9,3.885,3.889,12091.76
1743407700000,3.888,3.898,3.887,3.898,7969.99
1743408000000,3.898,3.913,3.898,3.908,17996.15
1743408300000,3.908,3.924,3.907,3.923,24217.81
1743408600000,3.922,3.926,3.918,3.924,14762.29
1743408900000,3.925,3.927,3.909,3.911,15754.63
1743409200000,3.912,3.921,3.91,3.92,6512.44
1743409500000,3.921,3.945,3.92,3.941,51798.96
1743409800000,3.941,3.943,3.932,3.935,23863.92
1743410100000,3.934,3.936,3.928,3.933,12774.72
1743410400000,3.932,3.937,3.923,3.924,25472.59
1743410700000,3.924,3.931,3.92,3.925,11815.2
1743411000000,3.925,3.938,3.925,3.925,11451.43
1743411300000,3.925,3.925,3.915,3.916,5221.28
1743411600000,3.917,3.929,3.913,3.918,11796.31
1743411900000,3.919,3.933,3.919,3.923,39276.88
1743412200000,3.923,3.923,3.871,3.878,224470.84
1743412500000,3.877,3.897,3.876,3.897,39723.84
1743412800000,3.896,3.901,3.885,3.893,18423.91
1743413100000,3.894,3.896,3.886,3.889,6924.86
1743413400000,3.89,3.891,3.866,3.871,42064.23
1743413700000,3.873,3.877,3.845,3.854,121488.84
1743414000000,3.852,3.856,3.837,3.848,245725.31
1743414300000,3.848,3.856,3.843,3.853,19585.87
1743414600000,3.853,3.862,3.844,3.85,29114.95
1743414900000,3.849,3.859,3.847,3.854,25609.61
1743415200000,3.853,3.866,3.85,3.86,41114.39
1743415500000,3.861,3.871,3.853,3.853,22210.09
1743415800000,3.852,3.852,3.835,3.852,44180.69
1743416100000,3.851,3.859,3.846,3.857,14069.63
1743416400000,3.859,3.889,3.859,3.873,71108.28
1743416700000,3.873,3.878,3.867,3.874,34214.72
1743417000000,3.875,3.876,3.862,3.872,25817.9
1743417300000,3.872,3.873,3.865,3.87,21848.09
1743417600000,3.871,3.878,3.868,3.873,22759.91
1743417900000,3.873,3.888,3.873,3.882,58227.93
1743418200000,3.883,3.887,3.876,3.879,18562.72
1743418500000,3.879,3.886,3.876,3.882,8786.84
1743418800000,3.882,3.899,3.882,3.894,33205.69
1743419100000,3.894,3.895,3.871,3.877,42900.85
1743419400000,3.877,3.897,3.877,3.896,24167.4
1743419700000,3.896,3.91,3.891,3.908,58039.13
1743465600000,4.109,4.128,4.104,4.124,43295.87
1743465900000,4.125,4.14,4.125,4.132,32514.04
1743466200000,4.132,4.133,4.118,4.118,12711.57
1743466500000,4.119,4.12,4.104,4.109,12560.52
1743466800000,4.109,4.111,4.1,4.101,10912.94
1743467100000,4.101,4.106,4.098,4.099,8912.12
1743467400000,4.099,4.115,4.098,4.106,6956.94
1743467700000,4.106,4.12,4.105,4.118,7007.19
1743468000000,4.12,4.121,4.111,4.113,7881.78
1743468300000,4.113,4.121,4.106,4.11,13645.56
1743468600000,4.11,4.129,4.1,4.108,50200.87
1743468900000,4.107,4.114,4.106,4.112,4518.14
1743469200000,4.111,4.112,4.101,4.102,17820.2
1743469500000,4.102,4.108,4.095,4.095,10840.47
1743469800000,4.095,4.095,4.074,4.084,95092.75
1743470100000,4.084,4.095,4.08,4.082,13220.76
1743470400000,4.081,4.099,4.075,4.097,29739.47
1743470700000,4.098,4.115,4.098,4.114,19821.16
1743471000000,4.115,4.118,4.097,4.098,11762.87
1743471300000,4.099,4.106,4.099,4.101,1507.22
1743471600000,4.1,4.108,4.096,4.106,6078.25
1743471900000,4.105,4.114,4.105,4.111,4942.31
1743472200000,4.111,4.122,4.108,4.119,19672.58
1743472500000,4.119,4.128,4.117,4.126,28303.48
1743472800000,4.125,4.128,4.114,4.12,9133.29
1743473100000,4.119,4.13,4.117,4.129,23451.36
1743473400000,4.13,4.147,4.129,4.144,55119.35
1743473700000,4.144,4.147,4.128,4.134,27583.08
1743474000000,4.134,4.171,4.133,4.167,194157.06
1743474300000,4.167,4.167,4.145,4.15,125636.96
1743474600000,4.149,4.155,4.136,4.143,61531.3
1743474900000,4.143,4.16,4.142,4.158,71634.48
1743475200000,4.157,4.189,4.157,4.183,200551.56
1743475500000,4.184,4.19,4.172,4.189,69361.54
1743475800000,4.188,4.211,4.186,4.195,157265.78
1743476100000,4.195,4.208,4.19,4.193,59522.98
1743476400000,4.192,4.205,4.181,4.203,84201.6
1743476700000,4.203,4.204,4.18,4.182,20770.17
1743477000000,4.182,4.19,4.172,4.187,66685.81
1743477300000,4.187,4.195,4.174,4.175,11764.01
1743477600000,4.174,4.174,4.132,4.152,158017.99
1743477900000,4.153,4.159,4.147,4.149,42848.94
1743478200000,4.149,4.162,4.137,4.153,50105.73
1743478500000,4.154,4.155,4.143,4.148,36792.96
1743478800000,4.148,4.148,4.137,4.141,41080.43
1743479100000,4.141,4.141,4.128,4.134,50334.83
1743479400000,4.132,4.139,4.128,4.136,31811.26
1743479700000,4.136,4.136,4.126,4.135,18257.58
1743480000000,4.135,4.135,4.124,4.126,21297.18
1743480300000,4.125,4.125,4.105,4.106,98947.69
1743480600000,4.106,4.116,4.105,4.116,22848.19
1743480900000,4.116,4.12,4.102,4.106,27331.9
1743481200000,4.105,4.114,4.103,4.111,13122.95
1743481500000,4.112,4.117,4.108,4.112,9762.49
1743481800000,4.113,4.135,4.113,4.132,51166.36
1743482100000,4.131,4.133,4.117,4.118,74359.86
1743482400000,4.118,4.131,4.117,4.129,25505.55
1743482700000,4.129,4.139,4.126,4.137,11997.32
1743483000000,4.137,4.144,4.136,4.141,19671.71
1743483300000,4.141,4.157,4.14,4.152,49357.34
1743483600000,4.152,4.157,4.144,4.152,23180.39
1743483900000,4.152,4.157,4.148,4.151,12272.79
1743484200000,4.151,4.165,4.151,4.164,42558.21
1743484500000,4.164,4.166,4.155,4.158,28845.82
1743484800000,4.157,4.168,4.155,4.156,22791.19
1743485100000,4.155,4.171,4.155,4.164,79771.16
1743485400000,4.165,4.17,4.156,4.167,22632.88
1743485700000,4.168,4.181,4.168,4.173,34003.64
1743486000000,4.173,4.175,4.164,4.175,12797.43
1743486300000,4.174,4.186,4.169,4.17,47585.1
1743486600000,4.17,4.171,4.154,4.16,24220.25
1743486900000,4.161,4.165,4.157,4.16,13365.2
1743487200000,4.16,4.165,4.144,4.15,26911.42
1743487500000,4.148,4.158,4.146,4.154,10112.24
1743487800000,4.153,4.153,4.14,4.147,50112.17
1743488100000,4.147,4.151,4.143,4.149,14846.18
1743488400000,4.149,4.154,4.142,4.144,13157.8
1743488700000,4.144,4.147,4.141,4.145,9341.69
1743489000000,4.146,4.151,4.144,4.149,15969.12
1743489300000,4.148,4.148,4.134,4.146,97676.17
1743489600000,4.146,4.153,4.137,4.142,66712.15
1743489900000,4.143,4.162,4.141,4.162,22920.73
1743490200000,4.163,4.163,4.154,4.158,21147.27
1743490500000,4.157,4.157,4.147,4.148,18678.09
1743490800000,4.147,4.151,4.134,4.135,14322.21
1743491100000,4.135,4.135,4.114,4.125,151818.94
1743491400000,4.126,4.131,4.114,4.115,27585.19
1743491700000,4.114,4.116,4.107,4.116,46689.01
1743492000000,4.115,4.115,4.091,4.096,224352.24
1743492300000,4.096,4.099,4.083,4.097,67722.78
1743492600000,4.096,4.096,4.084,4.087,45160.82
1743492900000,4.087,4.1,4.084,4.094,35296.46
1743493200000,4.093,4.103,4.091,4.102,24176.75
1743493500000,4.102,4.111,4.1,4.101,30531.57
1743493800000,4.1,4.111,4.094,4.096,46812.48
1743494100000,4.096,4.106,4.093,4.106,20873.9
1743494400000,4.104,4.106,4.091,4.097,26753.05
1743494700000,4.097,4.113,4.096,4.112,14931.26
1743495000000,4.111,4.122,4.109,4.111,24177.56
1743495300000,4.111,4.134,4.109,4.121,60692.8
1743495600000,4.121,4.131,4.119,4.119,32692.89
1743495900000,4.119,4.127,4.113,4.126,18073.34
1743496200000,4.127,4.134,4.123,4.128,33868.36
1743496500000,4.128,4.129,4.101,4.108,44172.94
1743496800000,4.108,4.114,4.1,4.11,35250.27
1743497100000,4.109,4.12,4.109,4.117,16106.2
1743497400000,4.118,4.132,4.115,4.13,27630.56
1743497700000,4.13,4.14,4.127,4.134,52541.14
1743498000000,4.134,4.136,4.112,4.13,166811.85
1743498300000,4.13,4.131,4.12,4.122,47979.18
1743498600000,4.122,4.132,4.115,4.13,28508.3
1743498900000,4.129,4.14,4.126,4.134,29513.18
1743499200000,4.134,4.139,4.133,4.134,13341.2
1743499500000,4.134,4.138,4.121,4.137,39410.03
1743499800000,4.137,4.138,4.126,4.13,17150.24
1743500100000,4.13,4.142,4.129,4.14,64745.74
1743500400000,4.141,4.145,4.133,4.144,24865.08
1743500700000,4.144,4.15,4.138,4.148,32510.45
1743501000000,4.149,4.155,4.14,4.148,32083.11
1743501300000,4.149,4.152,4.142,4.143,17472.98
1743501600000,4.142,4.144,4.114,4.116,61647.84
1743501900000,4.115,4.128,4.115,4.117,34436.24
1743502200000,4.116,4.126,4.115,4.125,7188.66
1743502500000,4.126,4.134,4.124,4.124,73687.1
1743502800000,4.125,4.139,4.122,4.122,43979.69
1743503100000,4.122,4.122,4.112,4.116,16986.35
1743503400000,4.116,4.116,4.1,4.101,61776.52
1743503700000,4.101,4.106,4.092,4.101,75357.35
1743504000000,4.101,4.11,4.095,4.1,15425.64
1743504300000,4.1,4.113,4.1,4.113,14448.43
1743504600000,4.113,4.133,4.11,4.13,22729.75
1743504900000,4.13,4.131,4.119,4.122,27286.41
1743505200000,4.121,4.125,4.106,4.111,20129.88
1743505500000,4.111,4.119,4.105,4.115,13191.76
1743505800000,4.115,4.115,4.1,4.105,28062.73
1743506100000,4.106,4.12,4.1,4.103,43178.69
1743506400000,4.102,4.105,4.088,4.103,66858.31
1743506700000,4.102,4.105,4.094,4.103,21348.41
1743507000000,4.102,4.104,4.092,4.098,15558.88
1743507300000,4.098,4.098,4.09,4.093,14251.22
1743507600000,4.094,4.109,4.089,4.107,20470.66
1743507900000,4.107,4.116,4.105,4.106,35798.05
1743508200000,4.106,4.107,4.097,4.101,11067.47
1743508500000,4.1,4.111,4.097,4.108,23403.24
1743508800000,4.107,4.115,4.1,4.1,83879.12
1743509100000,4.101,4.105,4.091,4.101,82349.84
1743509400000,4.101,4.101,4.086,4.086,116633.35
1743509700000,4.086,4.091,4.075,4.085,144495.62
1743510000000,4.085,4.087,4.074,4.085,80366.58
1743510300000,4.085,4.092,4.074,4.079,94579.41
1743510600000,4.079,4.08,4.037,4.054,259644.72
1743510900000,4.054,4.074,4.045,4.062,251491.87
1743511200000,4.062,4.074,4.06,4.074,89730.35
1743511500000,4.074,4.075,4.06,4.061,80073.18
1743511800000,4.061,4.078,4.061,4.068,71400.91
1743512100000,4.068,4.07,4.062,4.066,35936.41
1743512400000,4.067,4.079,4.066,4.071,60159.85
1743512700000,4.071,4.081,4.067,4.078,37149.39
1743513000000,4.079,4.086,4.076,4.085,29025.78
1743513300000,4.085,4.093,4.08,4.084,34203.55
1743513600000,4.085,4.091,4.067,4.072,179268.17
1743513900000,4.072,4.083,4.069,4.076,30142.63
1743514200000,4.077,4.085,4.061,4.063,169644.06
1743514500000,4.064,4.071,4.056,4.071,26156.19
1743514800000,4.07,4.076,4.065,4.073,27544.98
1743515100000,4.073,4.075,4.067,4.073,24307.64
1743515400000,4.073,4.079,4.07,4.076,42662.21
1743515700000,4.076,4.081,4.065,4.075,48234.53
1743516000000,4.075,4.077,4.052,4.06,91377.51
1743516300000,4.059,4.062,4.037,4.051,95341.37
1743516600000,4.05,4.051,4.036,4.043,79664.96
1743516900000,4.044,4.053,4.037,4.037,37828.01
1743517200000,4.037,4.05,4.027,4.046,71180.08
1743517500000,4.046,4.055,4.035,4.041,34219.0
1743517800000,4.041,4.06,4.041,4.059,107162.57
1743518100000,4.058,4.067,4.055,4.062,52393.6
1743518400000,4.061,4.067,4.053,4.054,54109.75
1743518700000,4.054,4.063,4.051,4.063,30724.52
1743519000000,4.063,4.074,4.059,4.068,85842.44
1743519300000,4.068,4.077,4.061,4.069,83441.97
1743519600000,4.069,4.092,4.068,4.08,146043.7
1743519900000,4.081,4.088,4.075,4.078,61840.71
1743520200000,4.077,4.095,4.072,4.092,53265.5
1743520500000,4.092,4.122,4.091,4.091,140946.93
1743520800000,4.091,4.092,4.072,4.076,49005.6
1743521100000,4.075,4.083,4.071,4.075,50209.69
1743521400000,4.075,4.079,4.043,4.058,176406.89
1743521700000,4.058,4.07,4.058,4.068,47173.44
1743522000000,4.067,4.071,4.056,4.065,20559.73
1743522300000,4.065,4.072,4.06,4.06,18711.33
1743522600000,4.061,4.069,4.055,4.058,15493.09
1743522900000,4.058,4.061,4.04,4.048,89667.5
1743523200000,4.049,4.056,4.046,4.055,16474.92
1743523500000,4.055,4.073,4.051,4.066,38904.46
1743523800000,4.065,4.067,4.053,4.058,6835.21
1743524100000,4.059,4.064,4.053,4.056,8902.59
1743524400000,4.055,4.056,4.041,4.052,33398.54
1743524700000,4.052,4.078,4.023,4.033,572715.45
1743525000000,4.032,4.042,4.022,4.037,83136.04
1743525300000,4.036,4.038,4.022,4.036,94964.63
1743525600000,4.036,4.04,4.024,4.024,22004.98
1743525900000,4.023,4.026,3.992,3.999,508900.58
1743526200000,3.999,4.011,3.993,3.999,208511.56
1743526500000,4.0,4.013,3.999,4.008,32551.61
1743526800000,4.008,4.01,4.0,4.007,30411.15
1743527100000,4.006,4.007,3.994,3.995,36751.94
1743527400000,3.996,4.006,3.995,4.005,43463.59
1743527700000,4.005,4.014,4.002,4.005,45468.39
1743528000000,4.004,4.012,4.0,4.012,21350.91
1743528300000,4.011,4.02,4.009,4.019,41374.51
1743528600000,4.018,4.029,4.015,4.017,40071.07
1743528900000,4.019,4.031,4.019,4.026,55894.89
1743529200000,4.027,4.031,4.015,4.018,55392.6
1743529500000,4.018,4.025,4.014,4.02,16831.59
1743529800000,4.02,4.021,4.007,4.008,19520.14
1743530100000,4.008,4.015,4.004,4.011,16132.84
1743530400000,4.012,4.012,3.998,4.001,17563.98
1743530700000,4.002,4.005,3.995,3.999,20329.67
1743531000000,3.998,4.009,3.998,4.007,10646.86
1743531300000,4.007,4.009,3.999,4.002,14396.03
1743531600000,4.003,4.008,4.0,4.003,5727.91
1743531900000,4.002,4.004,3.999,4.003,5875.36
1743532200000,4.002,4.008,3.996,3.996,4400.25
1743532500000,3.996,4.001,3.994,3.998,9757.34
1743532800000,3.998,4.016,3.998,4.016,64112.53
1743533100000,4.015,4.023,4.006,4.007,105715.11
1743533400000,4.008,4.008,4.002,4.006,9442.5
1743533700000,4.007,4.01,4.005,4.005,5647.62
1743534000000,4.005,4.02,4.005,4.019,3160.48
1743534300000,4.02,4.027,4.015,4.018,23579.16
1743534600000,4.018,4.024,4.018,4.02,3992.77
1743534900000,4.021,4.023,4.016,4.019,4927.8
1743535200000,4.018,4.018,4.012,4.016,2740.27
1743535500000,4.016,4.018,4.007,4.007,5648.69
1743535800000,4.008,4.023,4.008,4.019,4469.81
1743536100000,4.02,4.025,4.016,4.022,12039.99
1743536400000,4.022,4.028,4.022,4.025,6090.06
1743536700000,4.025,4.032,4.025,4.031,13198.62
1743537000000,4.032,4.033,4.027,4.03,11675.51
1743537300000,4.031,4.033,4.024,4.026,4398.09
1743537600000,4.027,4.035,4.022,4.026,10982.97
1743537900000,4.026,4.038,4.026,4.038,13136.57
1743538200000,4.038,4.039,4.031,4.038,27787.96
1743538500000,4.039,4.044,4.03,4.03,54929.49
1743538800000,4.029,4.041,4.029,4.041,28615.07
1743539100000,4.041,4.042,4.032,4.034,47015.96
1743539400000,4.034,4.046,4.033,4.04,62153.61
1743539700000,4.04,4.046,4.033,4.043,22896.94
1743540000000,4.044,4.05,4.044,4.045,8191.03
1743540300000,4.046,4.052,4.046,4.05,15882.76
1743540600000,4.05,4.059,4.048,4.048,48727.13
1743540900000,4.047,4.05,4.045,4.049,8081.96
1743541200000,4.049,4.063,4.048,4.06,20707.99
1743541500000,4.059,4.064,4.056,4.061,23510.1
1743541800000,4.062,4.077,4.06,4.074,50856.56
1743542100000,4.073,4.073,4.053,4.055,15951.67
1743542400000,4.056,4.061,4.054,4.059,2337.3
1743542700000,4.058,4.059,4.053,4.056,5074.44
1743543000000,4.055,4.063,4.055,4.063,8294.32
1743543300000,4.063,4.065,4.056,4.061,10292.31
1743543600000,4.061,4.061,4.049,4.05,7294.29
1743543900000,4.05,4.051,4.046,4.046,3021.27
1743544200000,4.047,4.052,4.046,4.049,2224.08
1743544500000,4.049,4.052,4.046,4.049,3973.49
1743544800000,4.049,4.057,4.047,4.055,5669.28
1743545100000,4.054,4.059,4.054,4.058,2970.91
1743545400000,4.056,4.059,4.049,4.052,17739.86
1743545700000,4.051,4.055,4.049,4.052,6651.35
1743546000000,4.05,4.052,4.047,4.049,3011.38
1743546300000,4.048,4.053,4.048,4.051,7781.89
1743546600000,4.051,4.061,4.049,4.06,2498.2
1743546900000,4.06,4.06,4.048,4.05,4998.61
1743547200000,4.05,4.056,4.05,4.053,4566.28
1743547500000,4.053,4.059,4.053,4.058,16544.39
1743547800000,4.058,4.065,4.057,4.065,23921.13
1743548100000,4.065,4.068,4.061,4.062,27463.48
1743548400000,4.063,4.063,4.057,4.057,31951.03
1743548700000,4.058,4.062,4.057,4.062,22463.56
1743549000000,4.061,4.062,4.046,4.049,20493.56
1743549300000,4.049,4.063,4.049,4.06,15593.34
1743549600000,4.06,4.064,4.058,4.061,4018.05
1743549900000,4.06,4.065,4.059,4.064,10114.8
1743550200000,4.065,4.068,4.053,4.053,4867.23
1743550500000,4.053,4.056,4.051,4.055,1625.79
1743550800000,4.054,4.056,4.05,4.054,4069.92
1743551100000,4.054,4.055,4.051,4.053,1233.61
1743551400000,4.052,4.053,4.05,4.052,3278.08
1743551700000,4.051,4.061,4.051,4.059,14770.8
1743552000000,4.06,4.061,4.053,4.055,5980.0
1743552300000,4.055,4.059,4.053,4.056,2401.67
1743552600000,4.056,4.058,4.045,4.046,5258.78
1743552900000,4.045,4.047,4.035,4.042,10374.46
1743553200000,4.042,4.049,4.041,4.048,9201.37
1743553500000,4.049,4.05,4.039,4.046,18572.99
1743553800000,4.047,4.052,4.045,4.051,3900.8
1743554100000,4.051,4.052,4.044,4.045,3134.25
1743554400000,4.045,4.045,4.037,4.04,7001.02
1743554700000,4.04,4.042,4.034,4.036,8874.05
1743555000000,4.036,4.037,4.033,4.035,11461.35
1743555300000,4.034,4.042,4.031,4.04,21052.42
1743555600000,4.039,4.043,4.036,4.041,5990.73
1743555900000,4.04,4.046,4.03,4.03,7056.45
1743556200000,4.03,4.033,4.029,4.03,11179.5
1743556500000,4.029,4.036,4.029,4.029,2348.08
1743556800000,4.028,4.03,4.025,4.027,16008.46
1743557100000,4.026,4.039,4.026,4.035,3475.15
1743557400000,4.034,4.041,4.032,4.037,7402.53
1743557700000,4.037,4.041,4.035,4.036,6397.96
1743558000000,4.035,4.038,4.033,4.033,2823.83
1743558300000,4.033,4.034,4.026,4.031,3470.98
1743558600000,4.032,4.035,4.03,4.033,3414.49
1743558900000,4.034,4.034,4.029,4.032,2336.03
1743559200000,4.032,4.032,4.018,4.021,15387.72
1743559500000,4.021,4.021,4.006,4.009,34450.78
1743559800000,4.009,4.013,4.005,4.007,31718.79
1743560100000,4.007,4.014,4.004,4.006,11127.99
1743560400000,4.005,4.01,3.996,4.009,79780.53
1743560700000,4.009,4.017,4.006,4.009,19745.13
1743561000000,4.009,4.01,4.003,4.005,9118.29
1743561300000,4.006,4.007,3.999,4.003,8978.38
1743561600000,4.003,4.003,3.995,3.999,30085.75
1743561900000,4.0,4.006,3.982,3.99,79705.42
1743562200000,3.99,3.99,3.952,3.969,198980.11
1743562500000,3.969,3.973,3.962,3.972,37855.36
1743562800000,3.971,3.984,3.966,3.981,21993.98
1743563100000,3.982,3.987,3.978,3.985,14576.19
1743563400000,3.985,3.988,3.982,3.986,7477.49
1743563700000,3.987,3.99,3.979,3.98,18746.17
1743564000000,3.98,3.988,3.978,3.986,13656.51
1743564300000,3.985,3.99,3.983,3.986,14815.04
1743564600000,3.985,3.99,3.984,3.987,9243.08
1743564900000,3.987,3.987,3.974,3.979,12246.51
1743565200000,3.979,3.986,3.979,3.986,4519.56
1743565500000,3.986,3.989,3.983,3.986,12386.44
1743565800000,3.986,4.001,3.986,3.998,45148.65
1743566100000,3.998,4.001,3.997,4.001,6457.99
1743566400000,4.0,4.002,3.998,4.001,15699.73
1743566700000,4.001,4.003,4.0,4.001,5991.46
1743567000000,4.001,4.004,3.999,4.002,10336.17
1743567300000,4.003,4.003,4.002,4.003,1541.77
1743567600000,4.002,4.003,3.996,4.002,4382.59
1743567900000,4.002,4.003,3.999,4.0,1766.6
1743568200000,4.0,4.0,3.989,3.996,9033.1
1743568500000,3.997,4.009,3.987,3.998,78879.42
1743568800000,3.999,4.007,3.999,3.999,41074.82
1743569100000,3.999,4.002,3.996,3.996,5590.64
1743569400000,3.997,3.997,3.993,3.994,4086.97
1743569700000,3.994,4.001,3.992,4.0,16631.8
1743570000000,4.0,4.0,3.989,3.99,3325.1
1743570300000,3.99,3.997,3.989,3.997,4059.61
1743570600000,3.997,4.003,3.997,3.998,17498.1
1743570900000,3.998,4.004,3.989,4.003,34514.28
1743571200000,4.002,4.003,3.997,4.001,28333.93
1743571500000,4.001,4.004,3.998,4.001,32403.12
1743571800000,4.002,4.005,4.0,4.001,19271.51
1743572100000,4.001,4.001,3.992,3.994,8614.18
1743572400000,3.994,3.998,3.989,3.99,4587.87
1743572700000,3.989,3.996,3.985,3.988,10063.16
1743573000000,3.988,3.988,3.975,3.977,9812.4
1743573300000,3.978,3.979,3.974,3.975,10111.97
1743573600000,3.975,3.979,3.973,3.976,10971.82
1743573900000,3.976,3.977,3.971,3.974,6260.11
1743574200000,3.974,3.975,3.967,3.973,10764.16
1743574500000,3.973,3.977,3.968,3.968,18524.94
1743574800000,3.969,3.975,3.965,3.971,13414.17
1743575100000,3.971,3.976,3.967,3.975,9085.25
1743575400000,3.976,3.979,3.972,3.976,12773.66
1743575700000,3.975,3.984,3.975,3.984,14108.75
1743576000000,3.985,3.995,3.984,3.992,40923.11
1743576300000,3.993,3.993,3.982,3.984,34904.24
1743576600000,3.984,3.986,3.982,3.983,7563.43
1743576900000,3.984,3.987,3.98,3.98,6603.74
1743577200000,3.98,3.997,3.98,3.993,5752.55
1743577500000,3.994,4.001,3.99,3.998,12819.35
1743577800000,3.998,4.0,3.996,3.999,4873.23
1743578100000,3.999,4.001,3.994,4.0,5869.23
1743578400000,4.0,4.002,3.998,3.999,5261.97
1743578700000,4.0,4.003,3.998,4.002,3417.9
1743579000000,4.003,4.015,4.0,4.012,85385.18
1743579300000,4.011,4.014,4.004,4.004,13705.53
1743579600000,4.004,4.012,4.003,4.003,5987.46
1743579900000,4.003,4.012,3.999,4.0,7542.12
1743580200000,4.001,4.005,3.996,4.003,7817.66
1743580500000,4.004,4.004,3.992,3.998,19307.59
1743580800000,3.998,4.004,3.997,3.998,5665.92
1743581100000,3.998,4.0,3.995,3.999,4357.99
1743581400000,3.999,4.006,3.998,4.004,5577.56
1743581700000,4.004,4.012,4.002,4.012,6607.31
1743582000000,4.012,4.015,4.007,4.014,8399.41
1743582300000,4.014,4.022,4.014,4.02,64090.02
1743582600000,4.021,4.032,4.018,4.028,115625.31
1743582900000,4.028,4.03,4.019,4.029,41023.09
1743583200000,4.029,4.032,4.025,4.029,34063.75
1743583500000,4.029,4.032,4.028,4.028,27981.49
1743583800000,4.027,4.033,4.02,4.031,34902.34
1743584100000,4.032,4.042,4.029,4.042,74214.8
1743584400000,4.041,4.056,4.038,4.051,171866.19
1743584700000,4.051,4.056,4.041,4.054,93747.31
1743585000000,4.055,4.076,4.052,4.074,158608.54
1743585300000,4.074,4.076,4.052,4.058,51516.88
1743585600000,4.059,4.067,4.047,4.062,35207.8
1743585900000,4.062,4.072,4.052,4.071,47582.86
1743586200000,4.07,4.077,4.065,4.077,45912.04
1743586500000,4.077,4.089,4.077,4.078,83492.14
1743586800000,4.077,4.098,4.077,4.091,93566.56
1743587100000,4.09,4.092,4.082,4.087,24985.94
1743587400000,4.087,4.092,4.083,4.084,35760.88
1743587700000,4.084,4.087,4.076,4.084,20286.53
1743588000000,4.084,4.091,4.064,4.064,22714.55
1743588300000,4.063,4.067,4.061,4.062,11259.02
1743588600000,4.061,4.062,4.055,4.056,25613.29
1743588900000,4.056,4.066,4.056,4.063,8152.15
1743589200000,4.064,4.068,4.061,4.062,6432.38
1743589500000,4.062,4.062,4.049,4.053,39812.54
1743589800000,4.053,4.054,4.046,4.051,10943.92
1743590100000,4.052,4.053,4.045,4.049,15243.01
1743590400000,4.05,4.051,4.043,4.046,9663.18
1743590700000,4.046,4.048,4.037,4.042,28482.47
1743591000000,4.043,4.046,4.041,4.041,12344.32
1743591300000,4.042,4.045,4.039,4.04,9263.24
1743591600000,4.039,4.043,4.037,4.042,20628.29
1743591900000,4.041,4.05,4.039,4.04,30298.13
1743592200000,4.04,4.041,4.031,4.033,8868.09
1743592500000,4.033,4.04,4.033,4.034,16555.28
1743592800000,4.034,4.036,4.028,4.032,34400.03
1743593100000,4.032,4.032,4.025,4.027,44887.07
1743593400000,4.027,4.038,4.025,4.037,67046.8
1743593700000,4.037,4.043,4.026,4.026,42741.76
1743594000000,4.026,4.027,4.012,4.018,75937.66
1743594300000,4.017,4.022,4.014,4.022,23276.76
1743594600000,4.022,4.027,4.02,4.026,15970.73
1743594900000,4.026,4.03,4.024,4.028,25764.37
1743595200000,4.027,4.039,4.022,4.034,58834.97
1743595500000,4.034,4.036,4.027,4.034,37714.19
1743595800000,4.035,4.038,4.033,4.036,20122.39
1743596100000,4.037,4.044,4.032,4.041,26850.43
1743596400000,4.041,4.047,4.029,4.034,17626.99
1743596700000,4.034,4.035,4.021,4.021,26899.75
1743597000000,4.021,4.029,4.019,4.025,18994.34
1743597300000,4.025,4.036,4.025,4.03,14580.22
1743597600000,4.029,4.036,4.028,4.033,14775.52
1743597900000,4.033,4.034,4.028,4.028,11974.29
1743598200000,4.027,4.043,4.027,4.042,16260.51
1743598500000,4.042,4.045,4.038,4.044,9411.85
1743598800000,4.043,4.043,4.028,4.028,8304.25
1743599100000,4.027,4.031,4.023,4.027,19906.59
1743599400000,4.026,4.029,4.023,4.024,3913.73
1743599700000,4.024,4.025,4.02,4.02,4517.66
1743600000000,4.021,4.027,4.018,4.021,7574.61
1743600300000,4.02,4.02,4.015,4.017,6572.86
1743600600000,4.016,4.033,4.012,4.033,16177.72
1743600900000,4.032,4.045,4.032,4.037,12445.42
1743601200000,4.037,4.038,4.029,4.035,6517.12
1743601500000,4.036,4.052,4.032,4.051,83622.62
1743601800000,4.051,4.053,4.04,4.042,58132.26
1743602100000,4.041,4.045,4.03,4.03,10018.15
1743602400000,4.029,4.05,4.028,4.043,26921.58
1743602700000,4.044,4.054,4.041,4.048,29429.08
1743603000000,4.047,4.052,4.036,4.048,41996.34
1743603300000,4.048,4.063,4.043,4.056,52478.29
1743603600000,4.056,4.057,4.045,4.052,14543.34
1743603900000,4.051,4.055,4.047,4.052,14957.83
1743604200000,4.05,4.061,4.036,4.043,53016.2
1743604500000,4.044,4.056,4.041,4.055,7646.65
1743604800000,4.056,4.062,4.052,4.054,6098.21
1743605100000,4.054,4.055,4.042,4.05,7251.65
1743605400000,4.05,4.051,4.044,4.047,7250.66
1743605700000,4.048,4.052,4.046,4.047,6177.83
1743606000000,4.046,4.051,4.038,4.047,8862.7
1743606300000,4.046,4.061,4.044,4.059,16025.82
1743606600000,4.058,4.059,4.04,4.041,12631.14
1743606900000,4.041,4.049,4.026,4.03,29133.2
1743607200000,4.029,4.058,4.029,4.053,21163.79
1743607500000,4.053,4.065,4.051,4.065,16943.33
1743607800000,4.065,4.089,4.06,4.074,174572.07
1743608100000,4.075,4.076,4.059,4.066,22441.0
1743608400000,4.066,4.078,4.066,4.068,34612.41
1743608700000,4.068,4.073,4.053,4.059,51951.14
1743609000000,4.059,4.068,4.052,4.055,57862.84
1743609300000,4.056,4.07,4.056,4.058,39543.18
1743609600000,4.059,4.065,4.056,4.06,15792.56
1743609900000,4.06,4.063,4.046,4.047,17827.75
1743610200000,4.047,4.053,4.045,4.052,11992.98
1743610500000,4.052,4.057,4.044,4.047,16730.96
1743610800000,4.046,4.051,4.041,4.043,11551.32
1743611100000,4.044,4.049,4.04,4.049,11226.02
1743611400000,4.049,4.06,4.048,4.056,5798.16
1743611700000,4.056,4.059,4.054,4.057,5211.75
1743612000000,4.058,4.063,4.056,4.063,3805.83
1743612300000,4.062,4.062,4.04,4.042,13840.5
1743612600000,4.043,4.048,4.04,4.045,5501.76
1743612900000,4.044,4.045,4.037,4.044,38081.54
1743613200000,4.045,4.054,4.041,4.049,7173.05
1743613500000,4.049,4.051,4.039,4.039,7559.55
1743613800000,4.04,4.048,4.037,4.041,16284.96
1743614100000,4.04,4.04,4.034,4.036,9250.91
1743614400000,4.036,4.037,4.029,4.031,19544.28
1743614700000,4.03,4.03,4.008,4.015,71532.0
1743615000000,4.015,4.019,3.999,3.999,43279.11
1743615300000,4.0,4.005,3.994,3.997,32200.64
1743615600000,3.997,3.998,3.988,3.997,26013.46
1743615900000,3.997,3.999,3.986,3.988,13110.18
1743616200000,3.987,3.991,3.981,3.99,23533.19
1743616500000,3.99,3.997,3.989,3.989,6461.62
1743616800000,3.989,3.994,3.985,3.986,28573.48
1743617100000,3.985,3.988,3.979,3.986,12072.22
1743617400000,3.986,3.995,3.983,3.994,3861.31
1743617700000,3.994,3.996,3.987,3.993,10948.04
1743618000000,3.994,3.996,3.98,3.982,5918.55
1743618300000,3.981,3.987,3.98,3.982,3082.86
1743618600000,3.982,3.989,3.982,3.984,3801.57
1743618900000,3.984,3.991,3.98,3.989,10603.77
1743619200000,3.988,3.993,3.982,3.985,6525.57
1743619500000,3.985,3.987,3.982,3.984,6701.66
1743619800000,3.985,3.99,3.983,3.99,2564.82
1743620100000,3.989,3.989,3.983,3.985,4486.92
1743620400000,3.986,4.0,3.984,3.99,53999.53
1743620700000,3.991,3.994,3.985,3.99,8093.45
1743621000000,3.99,3.993,3.988,3.99,3698.6
1743621300000,3.99,3.993,3.982,3.983,10476.59
1743621600000,3.983,3.993,3.98,3.993,8621.45
1743621900000,3.993,3.997,3.988,3.994,8021.23
1743622200000,3.993,3.997,3.989,3.989,14853.36
1743622500000,3.989,3.989,3.985,3.986,7804.32
1743622800000,3.986,3.993,3.985,3.991,6111.14
1743623100000,3.992,3.995,3.99,3.99,9809.52
1743623400000,3.99,3.991,3.988,3.988,8434.23
1743623700000,3.989,4.003,3.987,4.003,50634.12
1743624000000,4.002,4.002,3.98,3.98,48226.61
1743624300000,3.98,3.983,3.97,3.97,39531.62
1743624600000,3.97,4.033,3.945,4.023,236328.6
1743624900000,4.024,4.066,4.004,4.039,358720.3
1743625200000,4.039,4.041,4.001,4.004,45775.97
1743625500000,4.005,4.015,3.939,3.963,175648.53
1743625800000,3.963,3.975,3.949,3.966,113795.95
1743626100000,3.967,3.974,3.948,3.962,57195.87
1743626400000,3.962,3.963,3.949,3.957,22998.88
1743626700000,3.957,3.975,3.948,3.973,16455.78
1743627000000,3.974,3.974,3.96,3.967,7299.69
1743627300000,3.967,3.984,3.967,3.981,17122.42
1743627600000,3.981,3.982,3.965,3.969,10186.02
1743627900000,3.967,3.967,3.942,3.943,35760.45
1743628200000,3.943,3.952,3.941,3.945,13609.56
1743628500000,3.945,3.959,3.94,3.95,24823.99
1743628800000,3.949,3.96,3.939,3.96,10952.77
1743629100000,3.959,3.965,3.955,3.959,4464.77
1743629400000,3.959,3.963,3.946,3.957,13680.1
1743629700000,3.957,3.97,3.951,3.967,17845.26
1743630000000,3.966,3.968,3.961,3.965,5498.61
1743630300000,3.964,3.964,3.957,3.959,2975.6
1743630600000,3.958,3.96,3.949,3.959,3820.96
1743630900000,3.959,3.967,3.955,3.965,6270.11
1743631200000,3.965,3.965,3.941,3.946,8854.75
1743631500000,3.943,3.945,3.933,3.939,22383.07
1743631800000,3.938,3.943,3.913,3.927,97834.95
1743632100000,3.927,3.927,3.906,3.913,73104.74
1743632400000,3.913,3.923,3.902,3.922,28133.06
1743632700000,3.922,3.927,3.916,3.923,13932.84
1743633000000,3.92,3.92,3.883,3.887,149933.19
1743633300000,3.888,3.896,3.86,3.868,143920.5
1743633600000,3.867,3.867,3.816,3.816,256155.25
1743633900000,3.816,3.858,3.815,3.858,60860.91
1743634200000,3.859,3.859,3.835,3.837,38833.47
1743634500000,3.837,3.838,3.829,3.83,33044.08
1743634800000,3.83,3.83,3.803,3.81,106436.14
1743635100000,3.81,3.821,3.809,3.812,19073.24
1743635400000,3.81,3.831,3.806,3.823,41737.81
1743635700000,3.824,3.824,3.806,3.809,20621.25
1743636000000,3.808,3.821,3.805,3.818,27330.56
1743636300000,3.816,3.85,3.816,3.849,50371.34
1743636600000,3.849,3.853,3.843,3.85,44716.08
1743636900000,3.851,3.853,3.846,3.852,29685.98
1743637200000,3.853,3.857,3.846,3.856,30689.46
1743637500000,3.856,3.86,3.853,3.858,28359.41
1743637800000,3.858,3.858,3.838,3.84,38921.94
1743638100000,3.84,3.841,3.831,3.837,13485.36
1743638400000,3.837,3.837,3.822,3.829,48416.69
1743638700000,3.83,3.869,3.828,3.868,38106.27
1743639000000,3.868,3.881,3.858,3.866,90473.72
1743639300000,3.867,3.88,3.865,3.88,44012.69
1743639600000,3.879,3.883,3.87,3.874,30453.51
1743639900000,3.874,3.879,3.863,3.865,12520.61
1743640200000,3.865,3.878,3.865,3.871,18794.57
1743640500000,3.871,3.885,3.871,3.877,25469.24
1743640800000,3.876,3.876,3.862,3.864,9881.09
1743641100000,3.864,3.866,3.84,3.851,38499.67
1743641400000,3.851,3.851,3.836,3.84,94988.19
1743641700000,3.839,3.849,3.832,3.834,77885.53
1743642000000,3.835,3.848,3.827,3.845,31744.49
1743642300000,3.846,3.853,3.838,3.849,5553.25
1743642600000,3.848,3.85,3.822,3.832,47296.95
1743642900000,3.833,3.835,3.825,3.829,24773.15
1743643200000,3.828,3.828,3.821,3.827,24512.17
1743643500000,3.826,3.836,3.826,3.836,22880.96
1743643800000,3.836,3.837,3.831,3.836,13532.39
1743644100000,3.835,3.838,3.829,3.83,21679.73
1743644400000,3.831,3.835,3.827,3.832,21506.71
1743644700000,3.832,3.846,3.832,3.845,30574.75
1743645000000,3.845,3.847,3.833,3.833,19222.9
1743645300000,3.833,3.834,3.828,3.83,13926.89
1743645600000,3.83,3.832,3.826,3.828,10102.62
1743645900000,3.827,3.831,3.811,3.817,58821.96
1743646200000,3.817,3.825,3.816,3.819,11372.0
1743646500000,3.819,3.821,3.806,3.808,29883.81
1743646800000,3.808,3.813,3.806,3.813,8933.84
1743647100000,3.813,3.82,3.81,3.818,10665.31
1743647400000,3.818,3.818,3.808,3.809,12075.55
1743647700000,3.81,3.815,3.807,3.814,9729.21
1743648000000,3.813,3.818,3.806,3.807,8057.62
1743648300000,3.807,3.812,3.803,3.807,18425.06
1743648600000,3.807,3.807,3.798,3.805,40352.4
1743648900000,3.805,3.805,3.795,3.803,31258.23
1743649200000,3.803,3.804,3.792,3.795,28089.12
1743649500000,3.795,3.795,3.783,3.786,64225.14
1743649800000,3.786,3.793,3.786,3.789,8248.87
1743650100000,3.789,3.789,3.782,3.784,7918.15
1743650400000,3.784,3.79,3.783,3.788,7643.38
1743650700000,3.788,3.788,3.783,3.786,4268.38
1743651000000,3.786,3.793,3.784,3.788,10253.27
1743651300000,3.79,3.796,3.789,3.791,10827.12
1743651600000,3.791,3.8,3.791,3.796,11758.59
1743651900000,3.796,3.798,3.793,3.794,2755.0
1743652200000,3.795,3.807,3.788,3.806,16552.76
1743652500000,3.806,3.817,3.805,3.811,7879.2
1743652800000,3.811,3.818,3.809,3.812,15506.42
1743653100000,3.811,3.811,3.804,3.807,6423.55
1743653400000,3.806,3.817,3.805,3.814,10222.29
1743653700000,3.815,3.816,3.805,3.805,3152.25
1743654000000,3.805,3.807,3.794,3.802,12935.85
1743654300000,3.801,3.801,3.789,3.79,5860.31
1743654600000,3.79,3.793,3.784,3.792,16525.36
1743654900000,3.791,3.8,3.786,3.795,49754.03
1743655200000,3.795,3.809,3.793,3.807,19382.93
1743655500000,3.807,3.807,3.787,3.789,7049.55
1743655800000,3.789,3.795,3.786,3.794,15385.82
1743656100000,3.794,3.805,3.793,3.794,72106.12
1743656400000,3.795,3.798,3.79,3.796,13395.66
1743656700000,3.795,3.797,3.789,3.796,11634.25
1743657000000,3.797,3.802,3.793,3.797,6995.49
1743657300000,3.797,3.799,3.792,3.798,11774.9
1743657600000,3.797,3.799,3.793,3.796,9736.45
1743657900000,3.796,3.8,3.792,3.794,11597.34
1743658200000,3.795,3.805,3.79,3.803,21214.9
1743658500000,3.804,3.805,3.8,3.8,11583.14
1743658800000,3.8,3.803,3.793,3.795,9956.89
1743659100000,3.793,3.797,3.792,3.796,9635.37
1743659400000,3.797,3.799,3.794,3.795,8507.65
1743659700000,3.796,3.804,3.795,3.8,17525.4
1743660000000,3.8,3.8,3.793,3.796,5816.78
1743660300000,3.796,3.796,3.787,3.79,16218.34
1743660600000,3.789,3.794,3.788,3.788,8666.56
1743660900000,3.789,3.789,3.78,3.783,24168.88
1743661200000,3.783,3.783,3.775,3.777,17488.21
1743661500000,3.776,3.777,3.766,3.775,38034.47
1743661800000,3.775,3.777,3.765,3.769,21737.89
1743662100000,3.768,3.769,3.759,3.768,23128.36
1743662400000,3.769,3.772,3.766,3.771,12592.87
1743662700000,3.772,3.781,3.767,3.781,9037.74
1743663000000,3.782,3.785,3.771,3.772,11964.21
1743663300000,3.773,3.773,3.766,3.769,14271.11
1743663600000,3.769,3.784,3.764,3.782,29323.1
1743663900000,3.782,3.79,3.781,3.783,49543.03
1743664200000,3.783,3.783,3.769,3.77,11000.62
1743664500000,3.769,3.776,3.765,3.765,12299.66
1743664800000,3.766,3.772,3.759,3.77,31564.13
1743665100000,3.769,3.77,3.763,3.765,39285.82
1743665400000,3.765,3.772,3.762,3.768,15388.19
1743665700000,3.768,3.77,3.76,3.763,28064.58
1743666000000,3.763,3.763,3.756,3.76,26339.59
1743666300000,3.76,3.769,3.758,3.763,24406.49
1743666600000,3.762,3.763,3.757,3.763,10871.1
1743666900000,3.763,3.767,3.758,3.758,11786.55
1743667200000,3.758,3.771,3.757,3.769,17342.96
1743667500000,3.77,3.772,3.764,3.768,23067.94
1743667800000,3.768,3.768,3.755,3.755,29324.76
1743668100000,3.755,3.759,3.753,3.756,25536.35
1743668400000,3.755,3.755,3.731,3.74,136701.75
1743668700000,3.739,3.739,3.73,3.733,47914.33
1743669000000,3.732,3.736,3.727,3.729,36175.37
1743669300000,3.728,3.748,3.728,3.747,21927.78
1743669600000,3.747,3.752,3.736,3.738,16354.54
1743669900000,3.738,3.74,3.732,3.733,6638.68
1743670200000,3.732,3.733,3.722,3.729,50650.12
1743670500000,3.728,3.738,3.728,3.735,12115.24
1743670800000,3.735,3.737,3.729,3.731,27339.32
1743671100000,3.73,3.73,3.717,3.725,52767.68
1743671400000,3.724,3.724,3.715,3.717,27414.35
1743671700000,3.718,3.725,3.712,3.724,29075.28
1743672000000,3.724,3.728,3.72,3.723,17489.14
1743672300000,3.722,3.723,3.712,3.714,11978.04
1743672600000,3.714,3.722,3.712,3.715,17740.72
1743672900000,3.714,3.722,3.713,3.718,14691.41
1743673200000,3.718,3.723,3.717,3.722,11174.31
1743673500000,3.721,3.721,3.708,3.712,43839.1
1743673800000,3.712,3.713,3.708,3.708,17292.99
1743674100000,3.708,3.71,3.69,3.695,180811.89
1743674400000,3.694,3.702,3.691,3.701,48680.38
1743674700000,3.702,3.702,3.693,3.699,12580.45
1743675000000,3.699,3.707,3.695,3.704,11983.63
1743675300000,3.704,3.706,3.693,3.693,6100.18
1743675600000,3.693,3.693,3.67,3.672,100316.77
1743675900000,3.672,3.673,3.663,3.669,60564.61
1743676200000,3.67,3.681,3.667,3.67,27802.77
1743676500000,3.671,3.673,3.661,3.662,22500.33
1743676800000,3.662,3.669,3.659,3.669,22904.38
1743677100000,3.668,3.678,3.668,3.673,15694.48
1743677400000,3.673,3.675,3.66,3.661,29136.03
1743677700000,3.662,3.664,3.648,3.651,63504.08
1743678000000,3.65,3.654,3.646,3.649,37943.55
1743678300000,3.649,3.662,3.647,3.662,19123.8
1743678600000,3.661,3.682,3.661,3.679,28438.9
1743678900000,3.678,3.679,3.668,3.668,7120.4
1743679200000,3.668,3.668,3.66,3.663,7217.88
1743679500000,3.662,3.665,3.653,3.664,16167.82
1743679800000,3.664,3.68,3.659,3.68,18268.62
1743680100000,3.679,3.697,3.679,3.693,75212.44
1743680400000,3.693,3.705,3.688,3.691,61016.09
1743680700000,3.691,3.694,3.684,3.689,24584.39
1743681000000,3.688,3.696,3.687,3.691,29300.17
1743681300000,3.69,3.695,3.686,3.691,25904.15
1743681600000,3.692,3.692,3.678,3.682,14001.34
1743681900000,3.681,3.683,3.674,3.681,21798.4
1743682200000,3.681,3.681,3.668,3.669,19169.02
1743682500000,3.668,3.678,3.667,3.669,26485.81
1743682800000,3.668,3.669,3.656,3.656,53736.31
1743683100000,3.656,3.657,3.637,3.639,98255.94
1743683400000,3.639,3.648,3.631,3.648,66752.56
1743683700000,3.647,3.651,3.617,3.632,99325.07
1743684000000,3.632,3.633,3.603,3.613,107488.47
1743684300000,3.614,3.621,3.593,3.603,98132.79
1743684600000,3.603,3.62,3.603,3.62,31446.76
1743684900000,3.619,3.625,3.608,3.614,18583.83
1743685200000,3.614,3.619,3.604,3.608,16123.35
1743685500000,3.609,3.61,3.578,3.58,123041.97
1743685800000,3.581,3.6,3.58,3.582,129270.82
1743686100000,3.582,3.604,3.58,3.597,85215.16
1743686400000,3.597,3.598,3.582,3.591,59061.84
1743686700000,3.592,3.613,3.592,3.609,50589.31
1743687000000,3.609,3.653,3.605,3.636,167288.45
1743687300000,3.636,3.636,3.613,3.63,31298.84
1743687600000,3.629,3.629,3.609,3.614,19131.71
1743687900000,3.615,3.619,3.604,3.606,11759.98
1743688200000,3.606,3.617,3.605,3.606,12512.52
1743688500000,3.605,3.609,3.598,3.608,12378.2
1743688800000,3.607,3.611,3.592,3.593,67226.85
1743689100000,3.593,3.6,3.552,3.566,207708.62
1743689400000,3.567,3.57,3.554,3.562,62666.38
1743689700000,3.563,3.574,3.56,3.567,28355.8
1743690000000,3.566,3.568,3.548,3.554,63844.09
1743690300000,3.555,3.572,3.554,3.561,19903.97
1743690600000,3.561,3.607,3.559,3.584,151304.72
1743690900000,3.583,3.587,3.576,3.579,19170.25
1743691200000,3.579,3.585,3.569,3.572,28464.9
1743691500000,3.572,3.572,3.558,3.561,19794.35
1743691800000,3.56,3.563,3.553,3.561,30301.2
1743692100000,3.562,3.564,3.541,3.551,36019.43
1743692400000,3.55,3.561,3.547,3.552,31290.61
1743692700000,3.552,3.561,3.545,3.561,42317.65
1743693000000,3.562,3.573,3.556,3.567,45804.01
1743693300000,3.568,3.594,3.567,3.59,32435.63
1743693600000,3.589,3.59,3.566,3.569,16149.47
1743693900000,3.568,3.572,3.562,3.562,12179.36
1743694200000,3.562,3.583,3.562,3.583,28504.29
1743694500000,3.583,3.598,3.579,3.582,21184.11
1743694800000,3.581,3.603,3.58,3.601,32064.94
1743695100000,3.602,3.607,3.592,3.596,41607.89
1743695400000,3.597,3.598,3.576,3.589,15541.55
1743695700000,3.59,3.61,3.59,3.602,36693.92
1743696000000,3.601,3.616,3.591,3.608,34813.56
1743696300000,3.609,3.614,3.589,3.589,14284.99
1743696600000,3.589,3.597,3.583,3.594,9167.65
1743696900000,3.593,3.603,3.587,3.601,44602.92
1743697200000,3.6,3.601,3.59,3.591,3932.03
1743697500000,3.591,3.591,3.578,3.587,17560.27
1743697800000,3.587,3.589,3.573,3.576,30580.97
1743698100000,3.577,3.583,3.574,3.58,21278.22
1743698400000,3.581,3.59,3.581,3.582,23612.43
1743698700000,3.582,3.582,3.57,3.579,30190.46
1743699000000,3.579,3.582,3.568,3.57,24134.01
1743699300000,3.57,3.574,3.568,3.573,7057.3
1743699600000,3.574,3.589,3.574,3.585,8479.04
1743699900000,3.585,3.595,3.584,3.586,6615.33
1743700200000,3.586,3.592,3.582,3.589,7134.51
1743700500000,3.588,3.589,3.582,3.589,6370.02
1743700800000,3.591,3.593,3.587,3.59,20302.76
1743701100000,3.59,3.595,3.585,3.595,2332.98
1743701400000,3.595,3.602,3.591,3.602,24209.48
1743701700000,3.602,3.608,3.596,3.604,28405.16
1743702000000,3.604,3.611,3.603,3.605,37625.52
1743702300000,3.605,3.61,3.601,3.602,9872.59
1743702600000,3.601,3.613,3.6,3.605,17737.58
1743702900000,3.604,3.605,3.599,3.602,4412.25
1743703200000,3.603,3.607,3.592,3.595,4654.42
1743703500000,3.594,3.596,3.588,3.595,5404.45
1743703800000,3.594,3.595,3.584,3.587,12019.27
1743704100000,3.587,3.593,3.585,3.591,6049.7
1743704400000,3.591,3.591,3.573,3.574,43318.15
1743704700000,3.572,3.594,3.571,3.594,21547.25
1743705000000,3.594,3.599,3.587,3.597,4750.43
1743705300000,3.597,3.603,3.593,3.599,5389.31
1743705600000,3.598,3.609,3.593,3.599,31049.33
1743705900000,3.6,3.607,3.597,3.606,10762.57
1743706200000,3.606,3.615,3.595,3.596,40242.48
1743706500000,3.596,3.597,3.587,3.591,7397.97
1743706800000,3.591,3.592,3.582,3.587,13550.17
1743707100000,3.586,3.602,3.586,3.601,17057.11
1743707400000,3.601,3.608,3.6,3.601,23152.25
1743707700000,3.601,3.603,3.578,3.582,31614.58
1743708000000,3.582,3.585,3.575,3.582,24624.86
1743708300000,3.582,3.584,3.574,3.577,3247.78
1743708600000,3.576,3.588,3.573,3.586,18687.33
1743708900000,3.586,3.592,3.584,3.591,1833.86
1743709200000,3.59,3.595,3.587,3.594,1827.12
1743709500000,3.595,3.596,3.579,3.587,27740.23
1743709800000,3.586,3.591,3.582,3.588,30647.18
1743710100000,3.587,3.588,3.58,3.587,11942.61
1743710400000,3.588,3.594,3.581,3.59,18306.8
1743710700000,3.591,3.6,3.587,3.587,13495.96
1743711000000,3.587,3.588,3.582,3.587,5135.18
1743711300000,3.586,3.592,3.584,3.587,2825.92
1743711600000,3.588,3.599,3.587,3.59,24758.51
1743711900000,3.589,3.59,3.577,3.577,9823.85
1743712200000,3.577,3.577,3.564,3.568,38898.61
1743712500000,3.566,3.58,3.563,3.577,13526.61
1743712800000,3.578,3.584,3.576,3.584,7693.98
1743713100000,3.584,3.59,3.583,3.59,8605.56
1743713400000,3.59,3.59,3.582,3.587,6841.82
1743713700000,3.588,3.594,3.582,3.583,7081.84
1743714000000,3.582,3.592,3.579,3.591,17122.39
1743714300000,3.591,3.599,3.591,3.595,13792.3
1743714600000,3.596,3.596,3.583,3.588,17137.1
1743714900000,3.588,3.589,3.57,3.572,8210.45
1743715200000,3.572,3.584,3.572,3.574,11516.03
1743715500000,3.574,3.58,3.574,3.58,3720.16
1743715800000,3.58,3.581,3.57,3.575,10614.21
1743716100000,3.575,3.577,3.572,3.576,3030.13
1743716400000,3.575,3.578,3.569,3.576,18671.62
1743716700000,3.576,3.577,3.573,3.577,18260.83
1743717000000,3.577,3.582,3.576,3.582,2626.27
1743717300000,3.583,3.6,3.583,3.598,41777.8
1743717600000,3.599,3.607,3.592,3.601,130327.28
1743717900000,3.601,3.601,3.587,3.59,42300.79
1743718200000,3.591,3.604,3.59,3.602,16457.57
1743718500000,3.602,3.608,3.6,3.605,30559.56
1743718800000,3.605,3.612,3.602,3.61,10369.02
1743719100000,3.61,3.623,3.609,3.62,50829.61
1743719400000,3.62,3.627,3.619,3.62,32806.89
1743719700000,3.621,3.627,3.62,3.621,2800.76
1743720000000,3.62,3.62,3.613,3.615,6207.87
1743720300000,3.616,3.618,3.611,3.618,2535.93
1743720600000,3.618,3.623,3.613,3.617,5546.35
1743720900000,3.617,3.624,3.614,3.623,2487.34
1743721200000,3.623,3.626,3.615,3.619,9819.66
1743721500000,3.619,3.619,3.596,3.599,24210.53
1743721800000,3.598,3.601,3.595,3.596,16075.15
1743722100000,3.596,3.597,3.589,3.592,26899.54
1743722400000,3.592,3.595,3.588,3.595,2334.29
1743722700000,3.595,3.596,3.59,3.59,2055.69
1743723000000,3.59,3.598,3.588,3.596,5722.19
1743723300000,3.597,3.6,3.577,3.582,51150.6
1743723600000,3.581,3.584,3.577,3.583,23572.78
1743723900000,3.582,3.596,3.581,3.592,9429.47
1743724200000,3.592,3.598,3.587,3.59,12898.7
1743724500000,3.59,3.594,3.587,3.594,4526.01
1743724800000,3.593,3.597,3.583,3.597,16623.13
1743725100000,3.596,3.598,3.576,3.58,18369.99
1743725400000,3.579,3.579,3.567,3.571,39530.02
1743725700000,3.571,3.58,3.57,3.579,8296.79
1743726000000,3.58,3.586,3.565,3.565,38132.23
1743726300000,3.565,3.576,3.555,3.562,75310.9
1743726600000,3.562,3.569,3.559,3.561,18821.12
1743726900000,3.562,3.564,3.558,3.558,2222.67
1743727200000,3.558,3.561,3.551,3.551,6880.96
1743727500000,3.551,3.551,3.529,3.536,43625.47
1743727800000,3.537,3.537,3.519,3.524,40860.4
1743728100000,3.524,3.53,3.514,3.515,25732.58
1743728400000,3.516,3.518,3.499,3.507,87986.45
1743728700000,3.506,3.511,3.488,3.502,112442.77
1743729000000,3.502,3.518,3.501,3.514,23876.2
1743729300000,3.514,3.52,3.513,3.518,9323.47
1743729600000,3.519,3.536,3.519,3.533,93380.44
1743729900000,3.532,3.534,3.528,3.533,13467.59
1743730200000,3.533,3.535,3.526,3.528,14827.97
1743730500000,3.529,3.529,3.512,3.512,9878.75
1743730800000,3.513,3.514,3.506,3.51,12674.4
1743731100000,3.51,3.515,3.507,3.514,12591.35
1743731400000,3.513,3.513,3.504,3.506,21489.16
1743731700000,3.507,3.507,3.492,3.502,50288.44
1743732000000,3.502,3.522,3.502,3.521,23955.3
1743732300000,3.522,3.537,3.521,3.536,12794.2
1743732600000,3.536,3.54,3.533,3.538,6533.67
1743732900000,3.539,3.548,3.539,3.547,11064.81
1743733200000,3.547,3.549,3.526,3.527,21166.98
1743733500000,3.527,3.53,3.523,3.53,8695.66
1743733800000,3.53,3.54,3.53,3.532,4663.9
1743734100000,3.531,3.538,3.53,3.536,4571.51
1743734400000,3.535,3.545,3.534,3.544,5818.51
1743734700000,3.544,3.548,3.543,3.544,2468.15
1743735000000,3.544,3.546,3.536,3.536,5272.36
1743735300000,3.535,3.549,3.532,3.545,15272.02
1743735600000,3.546,3.552,3.544,3.548,5268.64
1743735900000,3.548,3.548,3.527,3.532,7597.56
1743736200000,3.532,3.533,3.529,3.533,1105.31
1743736500000,3.533,3.536,3.524,3.529,9627.28
1743736800000,3.529,3.533,3.526,3.531,5413.52
1743737100000,3.532,3.532,3.524,3.525,8442.66
1743737400000,3.525,3.525,3.513,3.518,14319.11
1743737700000,3.518,3.52,3.506,3.51,15471.18
1743738000000,3.508,3.517,3.506,3.516,4448.85
1743738300000,3.516,3.521,3.515,3.52,8838.28
1743738600000,3.52,3.524,3.517,3.522,3282.69
1743738900000,3.523,3.526,3.52,3.525,2380.95
1743739200000,3.525,3.53,3.516,3.517,16593.66
1743739500000,3.518,3.52,3.512,3.515,2181.67
1743739800000,3.515,3.516,3.51,3.516,2134.96
1743740100000,3.515,3.519,3.513,3.518,6859.78
1743740400000,3.517,3.517,3.51,3.515,2145.8
1743740700000,3.516,3.52,3.515,3.518,3711.28
1743741000000,3.518,3.524,3.517,3.522,5544.16
1743741300000,3.521,3.522,3.517,3.518,10764.75
1743741600000,3.517,3.518,3.51,3.511,12108.8
1743741900000,3.51,3.514,3.507,3.512,10704.56
1743742200000,3.512,3.512,3.508,3.512,3740.99
1743742500000,3.512,3.513,3.508,3.512,15264.31
1743742800000,3.512,3.514,3.496,3.498,48199.69
1743743100000,3.499,3.502,3.494,3.494,13395.35
1743743400000,3.496,3.508,3.493,3.502,17292.04
1743743700000,3.503,3.511,3.502,3.509,9106.91
1743744000000,3.509,3.525,3.509,3.525,22374.92
1743744300000,3.525,3.536,3.524,3.536,27845.46
1743744600000,3.536,3.536,3.527,3.528,15213.17
1743744900000,3.527,3.532,3.523,3.53,51430.48
1743745200000,3.53,3.53,3.522,3.523,5974.43
1743745500000,3.522,3.527,3.52,3.522,6858.11
1743745800000,3.522,3.522,3.51,3.51,14532.95
1743746100000,3.511,3.519,3.51,3.518,10686.73
1743746400000,3.518,3.523,3.511,3.516,6406.85
1743746700000,3.514,3.521,3.512,3.516,8423.25
1743747000000,3.517,3.518,3.504,3.505,62791.41
1743747300000,3.506,3.507,3.497,3.502,85087.7
1743747600000,3.502,3.511,3.502,3.503,30133.1
1743747900000,3.503,3.51,3.503,3.508,3142.38
1743748200000,3.508,3.515,3.505,3.505,8260.15
1743748500000,3.505,3.509,3.502,3.504,20798.42
1743748800000,3.504,3.509,3.501,3.505,10586.62
1743749100000,3.505,3.509,3.499,3.5,4805.0
1743749400000,3.5,3.505,3.499,3.5,11434.49
1743749700000,3.501,3.501,3.495,3.497,2505.53
1743750000000,3.497,3.518,3.495,3.512,30590.32
1743750300000,3.512,3.523,3.51,3.523,30717.67
1743750600000,3.522,3.53,3.517,3.526,22035.59
1743750900000,3.526,3.527,3.517,3.522,6259.44
1743751200000,3.522,3.525,3.516,3.519,23099.58
1743751500000,3.519,3.533,3.517,3.531,11992.45
1743751800000,3.53,3.542,3.527,3.542,15791.84
1743752100000,3.542,3.552,3.54,3.547,15494.8
1743752400000,3.547,3.562,3.544,3.553,27601.73
1743752700000,3.553,3.568,3.553,3.563,17492.62
1743753000000,3.563,3.568,3.559,3.565,11889.51
1743753300000,3.566,3.575,3.564,3.569,32655.35
1743753600000,3.569,3.582,3.569,3.576,25680.02
1743753900000,3.575,3.582,3.569,3.58,19016.44
1743754200000,3.58,3.585,3.579,3.581,18699.26
1743754500000,3.58,3.591,3.58,3.589,20203.27
1743754800000,3.589,3.602,3.588,3.588,63124.42
1743755100000,3.588,3.591,3.58,3.581,13278.29
1743755400000,3.58,3.585,3.564,3.565,20921.19
1743755700000,3.565,3.568,3.558,3.567,14688.97
1743756000000,3.567,3.57,3.561,3.563,7952.15
1743756300000,3.563,3.575,3.562,3.574,43427.46
1743756600000,3.573,3.575,3.568,3.573,6664.52
1743756900000,3.573,3.575,3.554,3.556,26878.69
1743757200000,3.556,3.559,3.55,3.551,7683.65
1743757500000,3.55,3.556,3.549,3.555,6758.77
1743757800000,3.555,3.558,3.549,3.551,5452.05
1743758100000,3.551,3.563,3.551,3.561,32330.76
1743758400000,3.562,3.567,3.559,3.559,7287.47
1743758700000,3.557,3.559,3.535,3.539,21871.47
1743759000000,3.539,3.55,3.533,3.55,21660.28
1743759300000,3.551,3.558,3.548,3.553,30715.6
1743759600000,3.554,3.56,3.553,3.556,16775.27
1743759900000,3.557,3.572,3.554,3.571,18101.38
1743760200000,3.571,3.571,3.559,3.56,13133.41
1743760500000,3.56,3.565,3.559,3.559,13665.26
1743760800000,3.559,3.562,3.551,3.556,23055.58
1743761100000,3.555,3.555,3.53,3.53,18700.98
1743761400000,3.53,3.532,3.516,3.517,26318.82
1743761700000,3.518,3.522,3.504,3.514,31049.71
1743762000000,3.513,3.513,3.494,3.508,42566.86
1743762300000,3.507,3.51,3.479,3.483,42220.09
1743762600000,3.483,3.496,3.474,3.477,63138.11
1743762900000,3.477,3.489,3.475,3.489,21681.33
1743763200000,3.489,3.49,3.475,3.475,24890.69
1743763500000,3.476,3.48,3.468,3.473,9133.96
1743763800000,3.473,3.473,3.448,3.453,39849.12
1743764100000,3.454,3.455,3.436,3.442,28999.31
1743764400000,3.443,3.457,3.443,3.456,20422.08
1743764700000,3.456,3.459,3.44,3.446,19472.94
1743765000000,3.446,3.452,3.436,3.44,26264.35
1743765300000,3.438,3.446,3.43,3.434,54577.49
1748476800000,3.325,3.353,3.318,3.353,192322.38
1748477100000,3.353,3.381,3.35,3.372,198430.26
1748477400000,3.371,3.38,3.361,3.369,97677.36
1748477700000,3.37,3.379,3.365,3.375,64566.13
1748478000000,3.375,3.388,3.374,3.381,107515.51
1748478300000,3.381,3.393,3.379,3.391,79763.02
1748478600000,3.39,3.395,3.382,3.384,87702.85
1748478900000,3.385,3.392,3.367,3.371,122554.67
1748479200000,3.372,3.381,3.364,3.369,49745.81
1748479500000,3.369,3.387,3.369,3.38,73978.54
1748479800000,3.381,3.398,3.378,3.396,80608.33
1748480100000,3.397,3.4,3.388,3.392,82123.14
1748480400000,3.391,3.393,3.363,3.368,194253.37
1748480700000,3.369,3.382,3.369,3.379,62425.31
1748481000000,3.379,3.385,3.377,3.379,64575.57
1748481300000,3.379,3.383,3.372,3.377,35306.39
1748481600000,3.378,3.392,3.376,3.376,29242.11
1748481900000,3.375,3.391,3.374,3.39,50862.31
1748482200000,3.39,3.397,3.388,3.392,45766.94
1748482500000,3.392,3.402,3.388,3.394,51299.34
1748482800000,3.395,3.405,3.394,3.404,40012.65
1748483100000,3.404,3.416,3.4,3.409,93477.99
1748483400000,3.408,3.413,3.406,3.408,59746.81
1748483700000,3.408,3.421,3.4,3.4,69651.16
1748484000000,3.399,3.406,3.393,3.397,43152.32
1748484300000,3.396,3.397,3.37,3.374,140227.01
1748484600000,3.375,3.383,3.365,3.366,72888.1
1748484900000,3.367,3.367,3.332,3.353,591039.48
1748485200000,3.352,3.366,3.349,3.359,67084.8
1748485500000,3.36,3.381,3.359,3.373,102690.74
1748485800000,3.373,3.383,3.361,3.369,119587.59
1748486100000,3.369,3.376,3.366,3.367,61524.18
1748486400000,3.368,3.372,3.362,3.37,39028.33
1748486700000,3.37,3.374,3.359,3.373,59291.21
1748487000000,3.374,3.389,3.37,3.385,146736.1
1748487300000,3.385,3.395,3.382,3.394,61792.26
1748487600000,3.393,3.399,3.377,3.38,59969.42
1748487900000,3.381,3.401,3.378,3.4,48020.11
1748488200000,3.401,3.41,3.398,3.406,79615.14
1748488500000,3.405,3.425,3.405,3.421,93258.06
1748488800000,3.421,3.421,3.406,3.406,55780.52
1748489100000,3.406,3.41,3.376,3.377,90551.43
1748489400000,3.377,3.386,3.368,3.374,105396.54
1748489700000,3.374,3.38,3.346,3.355,79504.11
1748490000000,3.355,3.365,3.347,3.363,49952.14
1748490300000,3.363,3.373,3.36,3.368,114861.66
1748490600000,3.368,3.371,3.361,3.365,29584.55
1748490900000,3.364,3.365,3.35,3.353,42234.77
1748491200000,3.352,3.36,3.347,3.347,56063.56
1748491500000,3.348,3.356,3.34,3.341,43488.54
1748491800000,3.341,3.346,3.333,3.333,53869.81
1748492100000,3.332,3.333,3.314,3.329,205517.25
1748492400000,3.329,3.332,3.317,3.318,49994.81
1748492700000,3.318,3.323,3.309,3.319,115491.26
1748493000000,3.319,3.323,3.286,3.287,149042.83
1748493300000,3.287,3.288,3.263,3.276,323961.22
1748493600000,3.275,3.279,3.246,3.257,165493.29
1748493900000,3.256,3.258,3.242,3.251,159555.04
1748494200000,3.25,3.262,3.246,3.258,134760.55
1748494500000,3.257,3.273,3.257,3.266,76562.45
1748494800000,3.266,3.28,3.26,3.272,82962.53
1748495100000,3.272,3.282,3.268,3.276,89111.84
1748495400000,3.276,3.279,3.262,3.265,52138.25
1748495700000,3.267,3.281,3.267,3.277,43705.32
1748496000000,3.276,3.288,3.273,3.286,61491.68
1748496300000,3.286,3.286,3.271,3.275,60020.13
1748496600000,3.274,3.285,3.272,3.281,34742.66
1748496900000,3.281,3.284,3.273,3.279,102842.12
1748497200000,3.28,3.284,3.275,3.277,177796.72
1748497500000,3.277,3.28,3.273,3.278,57339.36
1748497800000,3.277,3.282,3.264,3.27,158197.01
1748498100000,3.271,3.274,3.262,3.272,151012.76
1748498400000,3.272,3.278,3.267,3.269,53564.9
1748498700000,3.269,3.283,3.268,3.269,53483.11
1748499000000,3.269,3.281,3.269,3.279,26900.97
1748499300000,3.28,3.288,3.277,3.283,27703.59
1748499600000,3.284,3.301,3.281,3.298,57296.99
1748499900000,3.299,3.306,3.292,3.305,70560.49
1748500200000,3.305,3.309,3.301,3.302,134538.72
1748500500000,3.302,3.314,3.294,3.296,103304.34
1748500800000,3.296,3.306,3.294,3.302,53439.18
1748501100000,3.302,3.315,3.301,3.313,60691.89
1748501400000,3.313,3.315,3.299,3.3,45912.6
1748501700000,3.3,3.3,3.288,3.293,47509.64
1748502000000,3.293,3.299,3.289,3.298,48614.97
1748502300000,3.299,3.311,3.299,3.302,53031.97
1748502600000,3.303,3.308,3.299,3.305,63169.0
1748502900000,3.304,3.306,3.297,3.304,50672.6
1748503200000,3.305,3.321,3.303,3.319,100043.2
1748503500000,3.319,3.319,3.307,3.312,44409.2
1748503800000,3.311,3.315,3.302,3.312,27667.16
1748504100000,3.313,3.316,3.309,3.314,23827.7
1748504400000,3.314,3.322,3.313,3.322,42163.72
1748504700000,3.322,3.331,3.316,3.325,60452.2
1748505000000,3.325,3.34,3.325,3.331,98068.71
1748505300000,3.33,3.333,3.324,3.332,47367.87
1748505600000,3.333,3.338,3.305,3.308,94271.8
1748505900000,3.308,3.315,3.298,3.311,70465.9
1748506200000,3.311,3.325,3.31,3.322,33556.67
1748506500000,3.322,3.33,3.319,3.329,40719.77
1748506800000,3.33,3.334,3.323,3.325,91744.09
1748507100000,3.323,3.323,3.316,3.319,33928.01
1748507400000,3.319,3.333,3.318,3.333,25357.98
1748507700000,3.332,3.35,3.331,3.349,254815.24
1748508000000,3.349,3.352,3.338,3.342,93720.22
1748508300000,3.342,3.354,3.341,3.352,72651.63
1748508600000,3.352,3.356,3.342,3.348,89984.74
1748508900000,3.348,3.35,3.338,3.338,43372.69
1748509200000,3.338,3.339,3.329,3.333,41599.25
1748509500000,3.332,3.333,3.321,3.325,88524.2
1748509800000,3.325,3.33,3.318,3.32,40819.54
1748510100000,3.319,3.328,3.319,3.326,22531.58
1748510400000,3.325,3.333,3.324,3.332,19938.17
1748510700000,3.332,3.336,3.329,3.335,30408.25
1748511000000,3.335,3.355,3.334,3.35,50925.94
1748511300000,3.35,3.357,3.348,3.352,59060.27
1748511600000,3.352,3.359,3.35,3.359,41072.62
1748511900000,3.359,3.365,3.348,3.348,78425.07
1748512200000,3.349,3.349,3.335,3.341,48780.23
1748512500000,3.34,3.346,3.325,3.332,71139.0
1748512800000,3.332,3.34,3.324,3.325,201414.38
1748513100000,3.325,3.333,3.325,3.331,19527.16
1748513400000,3.331,3.332,3.324,3.327,28406.92
1748513700000,3.328,3.33,3.32,3.322,39354.89
1748514000000,3.323,3.325,3.306,3.314,87760.35
1748514300000,3.315,3.319,3.306,3.308,65145.77
1748514600000,3.308,3.317,3.308,3.31,51878.27
1748514900000,3.31,3.314,3.292,3.307,499721.5
1748515200000,3.308,3.323,3.305,3.323,67355.25
1748515500000,3.324,3.328,3.318,3.326,84670.55
1748515800000,3.327,3.332,3.325,3.331,50193.69
1748516100000,3.331,3.332,3.322,3.329,59748.35
1748516400000,3.329,3.338,3.326,3.338,49449.15
1748516700000,3.338,3.339,3.329,3.332,43602.51
1748517000000,3.332,3.34,3.33,3.338,26978.91
1748517300000,3.338,3.344,3.334,3.343,32557.46
1748517600000,3.343,3.345,3.338,3.339,30545.79
1748517900000,3.339,3.344,3.335,3.342,44436.91
1748518200000,3.343,3.347,3.336,3.346,28785.06
1748518500000,3.346,3.35,3.34,3.344,32307.42
1748518800000,3.344,3.349,3.339,3.346,40950.81
1748519100000,3.346,3.354,3.342,3.354,51166.62
1748519400000,3.354,3.354,3.337,3.345,60265.04
1748519700000,3.344,3.355,3.344,3.351,34509.97
1748520000000,3.351,3.351,3.333,3.335,27896.52
1748520300000,3.334,3.343,3.329,3.34,36610.83
1748520600000,3.339,3.341,3.333,3.339,16303.61
1748520900000,3.339,3.339,3.33,3.333,20008.43
1748521200000,3.332,3.337,3.33,3.333,17960.2
1748521500000,3.334,3.34,3.334,3.337,13352.96
1748521800000,3.337,3.347,3.334,3.345,23364.62
1748522100000,3.345,3.351,3.341,3.348,22628.17
1748522400000,3.349,3.35,3.327,3.331,72100.64
1748522700000,3.331,3.347,3.329,3.344,13849.3
1748523000000,3.344,3.368,3.339,3.361,103375.03
1748523300000,3.361,3.363,3.352,3.352,28418.23
1748523600000,3.352,3.382,3.352,3.381,141496.52
1748523900000,3.38,3.394,3.378,3.391,116639.79
1748524200000,3.39,3.395,3.38,3.393,112612.78
1748524500000,3.393,3.399,3.383,3.385,64106.26
1748524800000,3.384,3.385,3.372,3.379,48864.99
1748525100000,3.379,3.386,3.374,3.374,59828.1
1748525400000,3.374,3.384,3.364,3.379,64850.06
1748525700000,3.378,3.379,3.356,3.357,124877.64
1748526000000,3.357,3.359,3.334,3.336,235090.22
1748526300000,3.337,3.346,3.334,3.338,124948.27
1748526600000,3.338,3.362,3.334,3.358,109426.73
1748526900000,3.358,3.359,3.349,3.357,37671.64
1748527200000,3.356,3.378,3.353,3.372,93620.1
1748527500000,3.372,3.374,3.361,3.366,62973.25
1748527800000,3.365,3.384,3.364,3.375,68732.64
1748528100000,3.375,3.375,3.342,3.346,142092.85
1748528400000,3.345,3.355,3.323,3.344,166276.21
1748528700000,3.343,3.36,3.343,3.349,56045.5
1748529000000,3.35,3.357,3.336,3.355,77549.82
1748529300000,3.355,3.385,3.354,3.383,309082.84
1748529600000,3.382,3.401,3.378,3.4,118240.8
1748529900000,3.4,3.431,3.396,3.418,321134.15
1748530200000,3.418,3.443,3.417,3.429,175181.87
1748530500000,3.429,3.447,3.426,3.446,132458.23
1748530800000,3.446,3.469,3.433,3.435,234961.31
1748531100000,3.436,3.441,3.426,3.439,78825.33
1748531400000,3.44,3.461,3.436,3.447,83572.7
1748531700000,3.446,3.474,3.446,3.468,110540.41
1748532000000,3.468,3.474,3.457,3.467,68942.18
1748532300000,3.468,3.468,3.44,3.446,97228.76
1748532600000,3.446,3.461,3.426,3.436,104887.59
1748532900000,3.436,3.443,3.411,3.414,113663.39
1748533200000,3.415,3.42,3.406,3.409,77475.48
1748533500000,3.409,3.422,3.401,3.411,120055.44
1748533800000,3.411,3.423,3.411,3.421,40740.44
1748534100000,3.42,3.431,3.413,3.414,36132.39
1748534400000,3.415,3.431,3.38,3.384,189947.04
1748534700000,3.384,3.385,3.357,3.365,204686.49
1748535000000,3.365,3.389,3.363,3.383,72784.41
1748535300000,3.383,3.397,3.383,3.39,35415.82
1748535600000,3.391,3.398,3.384,3.397,40102.22
1748535900000,3.397,3.407,3.394,3.402,64422.45
1748536200000,3.402,3.407,3.388,3.392,22511.8
1748536500000,3.393,3.396,3.384,3.394,13042.34
1748536800000,3.393,3.401,3.389,3.399,40084.3
1748537100000,3.399,3.403,3.384,3.389,36398.53
1748537400000,3.389,3.394,3.385,3.389,23115.68
1748537700000,3.389,3.4,3.378,3.388,34356.71
1748538000000,3.388,3.412,3.387,3.403,48467.88
1748538300000,3.403,3.405,3.386,3.397,20639.83
1748538600000,3.397,3.404,3.385,3.386,19542.58
1748538900000,3.386,3.386,3.364,3.368,45745.19
1748539200000,3.369,3.392,3.359,3.392,40636.91
1748539500000,3.393,3.395,3.387,3.391,16431.43
1748539800000,3.392,3.4,3.39,3.392,34406.48
1748540100000,3.391,3.411,3.391,3.4,36870.07
1748540400000,3.399,3.405,3.398,3.4,29438.3
1748540700000,3.399,3.43,3.397,3.429,109641.75
1748541000000,3.43,3.449,3.428,3.432,165889.37
1748541300000,3.432,3.433,3.419,3.419,35747.59
1748541600000,3.419,3.426,3.418,3.422,34186.15
1748541900000,3.423,3.432,3.417,3.428,45663.66
1748542200000,3.428,3.446,3.428,3.442,89913.59
1748542500000,3.443,3.447,3.429,3.432,28329.75
1748542800000,3.432,3.432,3.403,3.417,72852.18
1748543100000,3.417,3.422,3.408,3.41,20179.11
1748543400000,3.411,3.418,3.404,3.409,34348.07
1748543700000,3.409,3.415,3.404,3.405,19729.35
1748544000000,3.406,3.412,3.395,3.397,39887.11
1748544300000,3.397,3.401,3.395,3.399,26241.76
1748544600000,3.398,3.419,3.394,3.415,263147.78
1748544900000,3.415,3.421,3.401,3.401,24690.83
1748545200000,3.401,3.419,3.4,3.413,25475.72
1748545500000,3.414,3.418,3.392,3.392,33796.35
1748545800000,3.393,3.397,3.377,3.384,78602.16
1748546100000,3.385,3.389,3.373,3.376,58830.48
1748546400000,3.376,3.387,3.368,3.384,93766.98
1748546700000,3.385,3.393,3.381,3.393,17967.8
1748547000000,3.392,3.405,3.392,3.397,28011.64
1748547300000,3.398,3.399,3.386,3.394,18925.7
1748547600000,3.395,3.396,3.371,3.371,26982.54
1748547900000,3.372,3.388,3.371,3.387,28639.07
1748548200000,3.387,3.397,3.385,3.391,17679.94
1748548500000,3.392,3.395,3.386,3.388,11388.1
1748548800000,3.389,3.411,3.387,3.397,115072.04
1748549100000,3.396,3.407,3.387,3.388,31911.36
1748549400000,3.387,3.393,3.38,3.382,8696.1
1748549700000,3.382,3.387,3.377,3.385,48966.14
1748550000000,3.385,3.39,3.372,3.377,38788.36
1748550300000,3.378,3.391,3.376,3.386,21694.36
1748550600000,3.386,3.391,3.38,3.39,22103.21
1748550900000,3.391,3.401,3.385,3.386,23502.07
1748551200000,3.385,3.388,3.371,3.371,25969.67
1748551500000,3.371,3.383,3.36,3.382,50281.07
1748551800000,3.383,3.386,3.377,3.381,8382.93
1748552100000,3.38,3.382,3.371,3.376,24510.22
1748552400000,3.375,3.387,3.373,3.382,14795.88
1748552700000,3.382,3.384,3.379,3.381,15978.28
1748553000000,3.38,3.406,3.373,3.406,178765.84
1748553300000,3.406,3.437,3.406,3.428,117550.32
1748553600000,3.428,3.436,3.41,3.419,83183.83
1748553900000,3.42,3.422,3.402,3.406,20739.7
1748554200000,3.406,3.428,3.404,3.407,16887.74
1748554500000,3.406,3.414,3.403,3.413,9374.06
1748554800000,3.413,3.422,3.407,3.418,9488.14
1748555100000,3.418,3.432,3.418,3.42,31185.8
1748555400000,3.42,3.434,3.42,3.434,18545.2
1748555700000,3.434,3.442,3.427,3.432,67087.12
1748556000000,3.432,3.441,3.415,3.416,41855.37
1748556300000,3.416,3.428,3.412,3.427,20911.71
1748556600000,3.428,3.432,3.425,3.425,11852.37
1748556900000,3.425,3.432,3.424,3.429,16019.65
1748557200000,3.429,3.43,3.422,3.428,14324.95
1748557500000,3.427,3.428,3.418,3.42,21203.22
1748557800000,3.421,3.426,3.417,3.419,14189.45
1748558100000,3.42,3.424,3.413,3.418,29077.95
1748558400000,3.417,3.422,3.412,3.416,28430.54
1748558700000,3.415,3.42,3.409,3.409,31844.21
1748559000000,3.409,3.419,3.405,3.413,40159.91
1748559300000,3.413,3.415,3.404,3.404,31926.11
1748559600000,3.404,3.409,3.399,3.405,35442.82
1748559900000,3.405,3.405,3.392,3.396,29948.27
1748560200000,3.396,3.397,3.39,3.394,16501.47
1748560500000,3.395,3.397,3.381,3.387,54809.1
1748560800000,3.386,3.387,3.376,3.379,28548.53
1748561100000,3.379,3.391,3.376,3.389,33646.19
1748561400000,3.388,3.391,3.379,3.381,21029.31
1748561700000,3.38,3.387,3.38,3.386,8250.57
1748562000000,3.386,3.393,3.385,3.389,14161.75
1748562300000,3.39,3.397,3.362,3.372,106105.36
1748562600000,3.373,3.386,3.373,3.383,42798.63
1748562900000,3.384,3.391,3.375,3.389,13027.19
1748563200000,3.39,3.406,3.389,3.403,59971.14
1748563500000,3.404,3.407,3.382,3.383,74035.97
1748563800000,3.383,3.389,3.373,3.38,33237.77
1748564100000,3.381,3.382,3.36,3.368,52350.61
1748564400000,3.368,3.369,3.343,3.351,151951.89
1748564700000,3.352,3.359,3.336,3.345,55770.82
1748565000000,3.345,3.347,3.33,3.334,75526.85
1748565300000,3.333,3.342,3.33,3.333,46447.15
1748565600000,3.332,3.356,3.332,3.35,21469.01
1748565900000,3.351,3.352,3.328,3.328,34860.57
1748566200000,3.328,3.34,3.307,3.318,189690.1
1748566500000,3.32,3.327,3.275,3.299,502173.28
1748566800000,3.299,3.328,3.295,3.32,108862.36
1748567100000,3.32,3.334,3.312,3.333,61262.24
1748567400000,3.334,3.345,3.329,3.342,79544.96
1748567700000,3.341,3.348,3.323,3.324,65290.24
1748568000000,3.323,3.328,3.316,3.325,34441.63
1748568300000,3.325,3.335,3.324,3.333,25678.78
1748568600000,3.332,3.338,3.32,3.336,36852.29
1748568900000,3.334,3.34,3.329,3.339,13734.42
1748569200000,3.338,3.354,3.337,3.351,41259.5
1748569500000,3.349,3.359,3.349,3.352,54419.51
1748569800000,3.35,3.35,3.336,3.337,32797.79
1748570100000,3.336,3.347,3.332,3.347,44038.94
1748570400000,3.347,3.367,3.344,3.366,48217.62
1748570700000,3.366,3.376,3.363,3.376,70495.68
1748571000000,3.376,3.377,3.355,3.355,23937.11
1748571300000,3.354,3.355,3.344,3.354,29959.29
1748571600000,3.353,3.359,3.349,3.349,34930.46
1748571900000,3.348,3.348,3.326,3.337,85387.65
1748572200000,3.336,3.343,3.332,3.334,34773.01
1748572500000,3.335,3.345,3.335,3.342,29076.96
1748572800000,3.341,3.342,3.332,3.336,45361.44
1748573100000,3.336,3.338,3.323,3.329,24329.12
1748573400000,3.33,3.331,3.317,3.319,37344.74
1748573700000,3.319,3.32,3.316,3.317,19325.16
1748574000000,3.317,3.321,3.304,3.305,68089.36
1748574300000,3.305,3.316,3.304,3.309,46140.43
1748574600000,3.309,3.318,3.307,3.312,33060.2
1748574900000,3.312,3.322,3.306,3.311,35937.82
1748575200000,3.31,3.322,3.306,3.316,38684.1
1748575500000,3.316,3.319,3.295,3.297,48317.33
1748575800000,3.296,3.3,3.291,3.293,40218.07
1748576100000,3.292,3.294,3.287,3.288,24637.11
1748576400000,3.289,3.304,3.283,3.302,32513.38
1748576700000,3.302,3.309,3.299,3.306,36778.62
1748577000000,3.305,3.307,3.302,3.302,15353.45
1748577300000,3.303,3.305,3.3,3.303,12964.76
1748577600000,3.304,3.311,3.29,3.291,42291.44
1748577900000,3.291,3.291,3.282,3.283,18975.5
1748578200000,3.284,3.3,3.283,3.289,15031.45
1748578500000,3.289,3.303,3.289,3.295,10465.58
1748578800000,3.295,3.311,3.294,3.305,32636.26
1748579100000,3.305,3.311,3.292,3.294,33029.22
1748579400000,3.294,3.303,3.292,3.303,19461.05
1748579700000,3.303,3.307,3.293,3.297,30689.28
1748580000000,3.297,3.301,3.296,3.3,9333.36
1748580300000,3.3,3.304,3.299,3.301,26934.1
1748580600000,3.3,3.3,3.286,3.292,29410.25
1748580900000,3.291,3.295,3.29,3.295,8280.15
1748581200000,3.295,3.306,3.293,3.304,61748.39
1748581500000,3.304,3.307,3.299,3.303,51623.47
1748581800000,3.303,3.308,3.296,3.307,34340.6
1748582100000,3.306,3.311,3.302,3.308,43729.88
1748582400000,3.308,3.31,3.304,3.31,28214.51
1748582700000,3.309,3.328,3.305,3.328,55220.96
1748583000000,3.328,3.331,3.324,3.328,136029.16
1748583300000,3.328,3.331,3.322,3.327,19841.1
1748583600000,3.326,3.329,3.321,3.321,28163.79
1748583900000,3.321,3.324,3.31,3.314,27908.97
1748584200000,3.314,3.315,3.306,3.309,10831.99
1748584500000,3.309,3.319,3.308,3.318,7329.96
1748584800000,3.319,3.322,3.308,3.312,45652.8
1748585100000,3.311,3.313,3.306,3.308,17288.06
1748585400000,3.309,3.31,3.298,3.302,25518.11
1748585700000,3.302,3.312,3.3,3.309,12365.91
1748586000000,3.309,3.321,3.307,3.319,30136.11
1748586300000,3.318,3.318,3.31,3.312,35907.72
1748586600000,3.311,3.311,3.298,3.302,37356.89
1748586900000,3.302,3.32,3.302,3.316,185174.71
1748587200000,3.315,3.318,3.307,3.313,22519.63
1748587500000,3.311,3.312,3.28,3.288,151190.56
1748587800000,3.288,3.29,3.258,3.261,163739.23
1748588100000,3.262,3.28,3.26,3.265,66014.27
1748588400000,3.264,3.276,3.264,3.275,25882.07
1748588700000,3.276,3.282,3.269,3.275,25198.91
1748589000000,3.274,3.279,3.261,3.273,36019.99
1748589300000,3.273,3.286,3.268,3.272,71008.43
1748589600000,3.272,3.288,3.271,3.276,19666.08
1748589900000,3.277,3.287,3.277,3.286,12577.45
1748590200000,3.286,3.287,3.265,3.267,19340.49
1748590500000,3.266,3.268,3.237,3.257,228198.02
1748590800000,3.257,3.266,3.251,3.261,14465.92
1748591100000,3.261,3.261,3.24,3.26,57849.71
1748591400000,3.259,3.268,3.257,3.267,38362.18
1748591700000,3.267,3.268,3.256,3.257,21471.1
1748592000000,3.258,3.262,3.252,3.256,23948.64
1748592300000,3.256,3.26,3.24,3.258,23128.7
1748592600000,3.258,3.258,3.245,3.249,28359.74
1748592900000,3.248,3.253,3.244,3.246,16429.18
1748593200000,3.246,3.253,3.236,3.252,36943.52
1748593500000,3.251,3.266,3.25,3.262,25395.23
1748593800000,3.262,3.275,3.253,3.254,29297.27
1748594100000,3.254,3.261,3.249,3.254,29460.27
1748594400000,3.254,3.257,3.246,3.249,19319.12
1748594700000,3.25,3.265,3.249,3.258,38876.98
1748595000000,3.259,3.259,3.251,3.251,11394.73
1748595300000,3.25,3.254,3.226,3.231,67238.33
1748595600000,3.23,3.247,3.226,3.232,48522.62
1748595900000,3.231,3.246,3.23,3.235,14594.88
1748596200000,3.234,3.25,3.228,3.25,15904.21
1748596500000,3.249,3.258,3.245,3.257,25923.51
1748596800000,3.257,3.258,3.251,3.256,17336.54
1748597100000,3.255,3.259,3.247,3.248,23106.98
1748597400000,3.248,3.25,3.235,3.237,19771.99
1748597700000,3.236,3.241,3.22,3.228,61406.32
1748598000000,3.227,3.234,3.22,3.233,39976.32
1748598300000,3.233,3.244,3.231,3.244,11095.35
1748598600000,3.245,3.266,3.244,3.264,32161.4
1748598900000,3.264,3.276,3.26,3.274,89553.56
1748599200000,3.274,3.28,3.267,3.267,61434.21
1748599500000,3.268,3.271,3.263,3.263,10244.27
1748599800000,3.262,3.267,3.256,3.26,20742.02
1748600100000,3.259,3.271,3.257,3.267,34707.73
1748600400000,3.267,3.284,3.267,3.276,28716.19
1748600700000,3.277,3.281,3.275,3.278,11768.72
1748601000000,3.277,3.277,3.268,3.272,17110.79
1748601300000,3.272,3.281,3.271,3.279,23547.78
1748601600000,3.279,3.285,3.277,3.279,20243.62
1748601900000,3.28,3.298,3.279,3.296,57482.78
1748602200000,3.296,3.297,3.285,3.29,23491.19
1748602500000,3.289,3.3,3.288,3.299,19333.99
1748602800000,3.299,3.314,3.295,3.313,100969.66
1748603100000,3.314,3.323,3.312,3.319,116287.02
1748603400000,3.318,3.327,3.313,3.316,34377.93
1748603700000,3.316,3.325,3.314,3.321,34619.27
1748604000000,3.322,3.322,3.31,3.317,28484.34
1748604300000,3.315,3.316,3.307,3.309,15915.59
1748604600000,3.308,3.32,3.304,3.317,26534.49
1748604900000,3.316,3.322,3.312,3.313,25009.21
1748605200000,3.313,3.317,3.31,3.31,26018.94
1748605500000,3.31,3.319,3.31,3.318,11201.08
1748605800000,3.319,3.322,3.315,3.318,23430.6
1748606100000,3.317,3.323,3.316,3.316,12102.56
1748606400000,3.317,3.324,3.315,3.32,13271.88
1748606700000,3.32,3.32,3.302,3.306,58606.84
1748607000000,3.305,3.305,3.288,3.299,74404.67
1748607300000,3.299,3.313,3.299,3.308,30142.52
1748607600000,3.307,3.307,3.296,3.302,17082.98
1748607900000,3.303,3.312,3.302,3.312,16769.77
1748608200000,3.311,3.321,3.303,3.318,25889.5
1748608500000,3.318,3.32,3.313,3.317,18528.48
1748608800000,3.317,3.329,3.315,3.328,31462.19
1748609100000,3.329,3.346,3.329,3.337,74766.88
1748609400000,3.337,3.344,3.335,3.335,31038.23
1748609700000,3.334,3.334,3.321,3.322,32101.71
1748610000000,3.323,3.323,3.314,3.319,22548.56
1748610300000,3.318,3.318,3.307,3.307,15969.18
1748610600000,3.306,3.309,3.295,3.301,28368.94
1748610900000,3.301,3.305,3.298,3.302,30986.57
1748611200000,3.302,3.303,3.294,3.295,26139.75
1748611500000,3.295,3.31,3.295,3.305,20043.53
1748611800000,3.306,3.311,3.3,3.308,21818.53
1748612100000,3.308,3.315,3.298,3.313,32704.35
1748612400000,3.314,3.319,3.311,3.311,7828.46
1748612700000,3.312,3.316,3.306,3.311,28175.46
1748613000000,3.311,3.311,3.3,3.303,7579.72
1748613300000,3.303,3.303,3.294,3.296,38167.77
1748613600000,3.296,3.301,3.286,3.299,70660.04
1748613900000,3.3,3.305,3.29,3.291,36543.28
1748614200000,3.291,3.299,3.288,3.297,10902.98
1748614500000,3.296,3.301,3.285,3.287,29587.76
1748614800000,3.287,3.291,3.276,3.28,31553.61
1748615100000,3.281,3.292,3.28,3.292,32361.34
1748615400000,3.292,3.304,3.29,3.302,22763.95
1748615700000,3.303,3.316,3.302,3.313,10753.66
1748616000000,3.313,3.316,3.306,3.307,16115.16
1748616300000,3.307,3.308,3.302,3.303,13257.31
1748616600000,3.302,3.303,3.297,3.302,7933.21
1748616900000,3.303,3.324,3.303,3.315,56220.3
1748617200000,3.315,3.325,3.315,3.322,14254.01
1748617500000,3.323,3.324,3.308,3.314,19497.57
1748617800000,3.315,3.321,3.309,3.318,17406.14
1748618100000,3.318,3.322,3.309,3.311,8934.84
1748618400000,3.311,3.324,3.311,3.324,10496.96
1748618700000,3.323,3.324,3.317,3.32,27638.6
1748619000000,3.319,3.322,3.311,3.313,6787.21
1748619300000,3.313,3.314,3.306,3.306,16751.51
1748619600000,3.305,3.312,3.302,3.307,8459.78
1748619900000,3.307,3.311,3.304,3.31,6591.86
1748620200000,3.311,3.32,3.302,3.303,53509.13
1748620500000,3.303,3.307,3.295,3.304,20781.19
1748620800000,3.304,3.305,3.293,3.294,14477.68
1748621100000,3.295,3.309,3.293,3.302,18342.08
1748621400000,3.303,3.305,3.293,3.295,23310.77
1748621700000,3.295,3.295,3.283,3.283,16590.34
1748622000000,3.283,3.285,3.275,3.275,32990.49
1748622300000,3.274,3.28,3.265,3.27,63729.85
1748622600000,3.269,3.277,3.227,3.241,291216.21
1748622900000,3.241,3.255,3.234,3.252,188491.34
1748623200000,3.251,3.256,3.241,3.251,45653.88
1748623500000,3.25,3.259,3.241,3.246,63192.34
1748623800000,3.245,3.25,3.234,3.248,74690.51
1748624100000,3.247,3.262,3.245,3.258,27325.26
1748624400000,3.257,3.269,3.255,3.264,53648.92
1748624700000,3.264,3.293,3.264,3.288,83581.17
1748625000000,3.288,3.291,3.279,3.282,26563.06
1748625300000,3.281,3.287,3.271,3.283,19254.08
1748625600000,3.282,3.282,3.267,3.269,14838.2
1748625900000,3.268,3.273,3.263,3.266,37030.52
1748626200000,3.267,3.282,3.265,3.277,25043.73
1748626500000,3.277,3.284,3.275,3.283,10361.46
1748626800000,3.283,3.294,3.283,3.289,44222.58
1748627100000,3.291,3.296,3.284,3.29,63992.75
1748627400000,3.292,3.307,3.291,3.306,45418.9
1748627700000,3.306,3.31,3.3,3.309,30370.73
1748628000000,3.309,3.314,3.302,3.302,33379.32
1748628300000,3.302,3.316,3.298,3.308,26017.81
1748628600000,3.309,3.31,3.297,3.302,23364.55
1748628900000,3.301,3.32,3.3,3.32,17169.19
1748629200000,3.32,3.329,3.317,3.327,49286.1
1748629500000,3.328,3.333,3.32,3.32,58442.99
1748629800000,3.319,3.322,3.311,3.315,21424.15
1748630100000,3.316,3.322,3.314,3.317,22432.61
1748630400000,3.317,3.323,3.312,3.322,42201.75
1748630700000,3.321,3.323,3.312,3.316,146030.36
1748631000000,3.316,3.321,3.311,3.316,18022.08
1748631300000,3.316,3.336,3.316,3.334,37255.68
1748631600000,3.333,3.34,3.325,3.326,29081.06
1748631900000,3.326,3.331,3.318,3.321,20117.11
1748632200000,3.321,3.326,3.319,3.324,38035.82
1748632500000,3.324,3.328,3.317,3.317,7334.87
1748632800000,3.317,3.323,3.316,3.319,14363.6
1748633100000,3.319,3.325,3.318,3.319,24516.09
1748633400000,3.319,3.32,3.316,3.319,8391.99
1748633700000,3.318,3.324,3.317,3.319,10641.3
1748634000000,3.32,3.32,3.311,3.316,7743.09
1748634300000,3.315,3.318,3.311,3.317,14776.05
1748634600000,3.317,3.32,3.315,3.316,9050.82
1748634900000,3.316,3.319,3.315,3.318,2743.19
1748635200000,3.317,3.318,3.313,3.316,10180.77
1748635500000,3.316,3.319,3.313,3.313,5492.92
1748635800000,3.314,3.322,3.314,3.32,16783.2
1748636100000,3.319,3.329,3.319,3.328,19952.13
1748636400000,3.328,3.334,3.315,3.317,39077.72
1748636700000,3.317,3.321,3.316,3.32,11359.49
1748637000000,3.321,3.322,3.316,3.316,2452.15
1748637300000,3.316,3.316,3.312,3.314,12319.24
1748637600000,3.315,3.32,3.313,3.32,2682.25
1748637900000,3.319,3.324,3.317,3.318,9261.48
1748638200000,3.317,3.321,3.315,3.316,15767.87
1748638500000,3.316,3.317,3.305,3.311,21077.02
1748638800000,3.311,3.312,3.307,3.311,4769.62
1748639100000,3.311,3.315,3.311,3.311,5541.67
1748639400000,3.312,3.315,3.311,3.312,8993.33
1748639700000,3.312,3.314,3.308,3.309,3035.85
1748640000000,3.309,3.32,3.309,3.319,46178.84
1748640300000,3.32,3.325,3.316,3.317,124456.67
1748640600000,3.318,3.322,3.316,3.319,17783.92
1748640900000,3.319,3.321,3.301,3.302,28207.79
1748641200000,3.301,3.303,3.296,3.298,25524.2
1748641500000,3.297,3.298,3.291,3.294,22840.3
1748641800000,3.295,3.303,3.293,3.303,17431.91
1748642100000,3.303,3.305,3.287,3.291,21545.57
1748642400000,3.292,3.294,3.289,3.293,7334.39
1748642700000,3.293,3.296,3.284,3.287,26656.04
1748643000000,3.288,3.29,3.28,3.289,35115.19
1748643300000,3.289,3.292,3.279,3.281,8891.72
1748643600000,3.281,3.286,3.272,3.275,58213.91
1748643900000,3.274,3.276,3.266,3.266,40886.07
1748644200000,3.266,3.272,3.264,3.267,12930.96
1748644500000,3.267,3.271,3.258,3.259,22757.99
1748644800000,3.258,3.261,3.237,3.238,84862.18
1748645100000,3.238,3.257,3.238,3.256,27451.44
1748645400000,3.255,3.261,3.247,3.247,17832.46
1748645700000,3.247,3.25,3.214,3.215,148699.99
1748646000000,3.215,3.218,3.144,3.162,614600.71
1748646300000,3.161,3.167,3.153,3.16,129806.89
1748646600000,3.159,3.16,3.134,3.142,125829.96
1748646900000,3.143,3.155,3.105,3.125,250977.05
1748647200000,3.125,3.137,3.12,3.135,81208.56
1748647500000,3.134,3.139,3.126,3.131,62485.39
1748647800000,3.132,3.137,3.119,3.122,33280.01
1748648100000,3.121,3.121,3.066,3.089,427736.2
1748648400000,3.09,3.097,3.083,3.09,47868.33
1748648700000,3.091,3.098,3.084,3.098,66297.89
1748649000000,3.098,3.11,3.094,3.1,89164.45
1748649300000,3.099,3.1,3.086,3.088,30870.85
1748649600000,3.087,3.096,3.076,3.076,57615.56
1748649900000,3.077,3.095,3.075,3.075,39500.04
1748650200000,3.075,3.084,3.045,3.054,195251.96
1748650500000,3.054,3.065,3.038,3.047,123386.09
1748650800000,3.049,3.076,3.046,3.074,49508.67
1748651100000,3.074,3.074,3.052,3.054,41176.77
1748651400000,3.055,3.063,3.053,3.06,11376.46
1748651700000,3.059,3.087,3.059,3.086,27804.89
1748652000000,3.087,3.09,3.065,3.069,35870.55
1748652300000,3.07,3.074,3.06,3.063,15982.13
1748652600000,3.063,3.063,3.053,3.055,32626.47
1748652900000,3.054,3.054,3.04,3.042,43986.03
1748653200000,3.042,3.043,3.014,3.022,210519.55
1748653500000,3.021,3.041,3.014,3.031,80048.73
1748653800000,3.03,3.051,3.025,3.045,46812.73
1748654100000,3.045,3.059,3.045,3.048,36480.61
1748654400000,3.048,3.048,3.021,3.023,38952.64
1748654700000,3.024,3.031,3.017,3.023,60449.05
1748655000000,3.023,3.026,3.004,3.004,94526.8
1748655300000,3.004,3.021,3.001,3.008,84866.65
1748655600000,3.009,3.012,3.0,3.01,58149.63
1748655900000,3.01,3.011,3.002,3.004,34176.87
1748656200000,3.004,3.008,2.992,3.007,350887.14
1748656500000,3.006,3.02,3.005,3.02,34805.45
1748656800000,3.02,3.028,3.005,3.005,39213.07
1748657100000,3.005,3.031,3.005,3.026,36778.13
1748657400000,3.026,3.032,3.007,3.009,72719.35
1748657700000,3.01,3.027,3.003,3.027,99437.77
1748658000000,3.027,3.031,3.02,3.023,20623.38
1748658300000,3.024,3.026,3.011,3.013,9911.58
1748658600000,3.012,3.012,2.999,3.001,30689.88
1748658900000,3.0,3.01,3.0,3.008,16555.4
1748659200000,3.007,3.021,3.004,3.016,20615.62
1748659500000,3.016,3.019,3.005,3.012,23245.17
1748659800000,3.012,3.019,3.005,3.009,59519.04
1748660100000,3.01,3.011,3.002,3.007,5995.99
1748660400000,3.007,3.015,3.0,3.0,10671.54
1748660700000,3.0,3.011,2.995,3.003,34404.71
1748661000000,3.002,3.01,2.997,3.007,17131.63
1748661300000,3.006,3.012,2.998,3.001,23631.84
1748661600000,3.002,3.019,3.0,3.016,13650.97
1748661900000,3.016,3.033,3.016,3.033,25090.17
1748662200000,3.033,3.038,3.024,3.024,27433.78
1748662500000,3.025,3.036,3.024,3.036,20670.18
1748662800000,3.036,3.037,3.026,3.036,25620.99
1748663100000,3.037,3.042,3.031,3.036,21481.71
1748663400000,3.036,3.04,3.026,3.03,26835.97
1748663700000,3.031,3.04,3.03,3.037,19781.43
1748664000000,3.037,3.037,3.024,3.029,16526.11
1748664300000,3.027,3.037,3.026,3.033,17140.14
1748664600000,3.032,3.036,3.03,3.034,23590.36
1748664900000,3.033,3.039,3.028,3.034,27228.38
1748665200000,3.034,3.05,3.034,3.045,20682.69
1748665500000,3.045,3.058,3.045,3.058,82942.15
1748665800000,3.057,3.067,3.056,3.064,35021.94
1748666100000,3.063,3.064,3.053,3.053,18055.15
1748666400000,3.054,3.057,3.044,3.044,44065.61
1748666700000,3.045,3.052,3.044,3.049,6297.63
1748667000000,3.049,3.063,3.049,3.063,66878.45
1748667300000,3.063,3.081,3.063,3.077,46869.62
1748667600000,3.076,3.086,3.069,3.071,23620.46
1748667900000,3.071,3.079,3.07,3.077,21642.17
1748668200000,3.076,3.077,3.072,3.077,9555.96
1748668500000,3.076,3.08,3.067,3.068,30938.14
1748668800000,3.069,3.077,3.065,3.07,25025.11
1748669100000,3.069,3.072,3.059,3.06,7902.65
1748669400000,3.06,3.07,3.058,3.069,13754.14
1748669700000,3.068,3.073,3.063,3.064,6723.05
1748670000000,3.064,3.073,3.064,3.071,2679.12
1748670300000,3.07,3.072,3.063,3.064,12996.75
1748670600000,3.064,3.07,3.063,3.068,11046.88
1748670900000,3.067,3.07,3.066,3.069,6096.95
1748671200000,3.069,3.076,3.066,3.071,12341.54
1748671500000,3.07,3.079,3.07,3.075,18384.82
1748671800000,3.076,3.079,3.068,3.073,13239.42
1748672100000,3.074,3.08,3.069,3.08,14984.22
1748672400000,3.08,3.087,3.08,3.084,23015.23
1748672700000,3.083,3.09,3.082,3.083,18648.78
1748673000000,3.083,3.084,3.073,3.076,14461.91
1748673300000,3.077,3.088,3.076,3.081,17189.14
1748673600000,3.08,3.085,3.079,3.084,4908.0
1748673900000,3.083,3.085,3.071,3.072,23879.43
1748674200000,3.072,3.078,3.07,3.071,25471.52
1748674500000,3.071,3.072,3.067,3.069,20956.19
1748674800000,3.069,3.072,3.066,3.071,14304.78
1748675100000,3.072,3.077,3.069,3.07,3704.96
1748675400000,3.071,3.073,3.064,3.066,11349.24
1748675700000,3.067,3.069,3.06,3.066,11930.58
1748676000000,3.066,3.07,3.065,3.07,12424.03
1748676300000,3.07,3.07,3.06,3.06,54478.14
1748676600000,3.061,3.066,3.057,3.065,14254.88
1748676900000,3.065,3.073,3.065,3.07,20201.1
1748677200000,3.07,3.074,3.068,3.069,7427.07
1748677500000,3.069,3.071,3.065,3.068,11641.26
1748677800000,3.069,3.086,3.068,3.086,6625.05
1748678100000,3.087,3.093,3.082,3.083,28725.49
1748678400000,3.082,3.084,3.074,3.074,13487.54
1748678700000,3.074,3.084,3.072,3.073,5534.33
1748679000000,3.072,3.077,3.071,3.074,6414.34
1748679300000,3.074,3.075,3.07,3.072,7173.33
1748679600000,3.072,3.075,3.069,3.075,6638.65
1748679900000,3.076,3.077,3.071,3.073,3271.35
1748680200000,3.072,3.075,3.068,3.069,7609.15
1748680500000,3.07,3.072,3.063,3.064,10620.92
1748680800000,3.063,3.063,3.055,3.059,27564.88
1748681100000,3.058,3.069,3.056,3.069,23407.52
1748681400000,3.068,3.068,3.057,3.057,17056.68
1748681700000,3.058,3.067,3.058,3.065,8192.18
1748682000000,3.064,3.07,3.059,3.067,8767.53
1748682300000,3.067,3.07,3.059,3.062,29997.97
1748682600000,3.062,3.065,3.061,3.063,4508.21
1748682900000,3.062,3.066,3.054,3.054,39871.57
1748683200000,3.054,3.057,3.053,3.055,21141.08
1748683500000,3.054,3.057,3.053,3.056,9263.3
1748683800000,3.056,3.065,3.055,3.059,18691.46
1748684100000,3.058,3.062,3.056,3.059,3308.16
1748684400000,3.06,3.061,3.057,3.057,2697.52
1748684700000,3.057,3.065,3.054,3.065,7554.89
1748685000000,3.065,3.066,3.061,3.066,6051.56
1748685300000,3.066,3.069,3.064,3.066,10014.3
1748685600000,3.065,3.067,3.058,3.06,10611.83
1748685900000,3.059,3.066,3.057,3.059,12720.46
1748686200000,3.059,3.076,3.056,3.071,20015.73
1748686500000,3.07,3.076,3.065,3.069,21578.52
1748686800000,3.07,3.073,3.06,3.067,32445.9
1748687100000,3.066,3.068,3.058,3.059,9728.13
1748687400000,3.06,3.062,3.054,3.058,5245.62
1748687700000,3.058,3.058,3.051,3.056,11264.71
1748688000000,3.055,3.058,3.053,3.056,10107.68
1748688300000,3.057,3.058,3.047,3.054,24739.88
1748688600000,3.054,3.056,3.052,3.054,5760.86
1748688900000,3.053,3.057,3.051,3.056,7282.03
1748689200000,3.056,3.058,3.05,3.056,7985.58
1748689500000,3.056,3.057,3.045,3.047,14192.78
1748689800000,3.046,3.05,3.046,3.047,5067.95
1748690100000,3.046,3.055,3.046,3.054,9226.66
1748690400000,3.055,3.055,3.05,3.051,4096.75
1748690700000,3.052,3.053,3.047,3.05,9869.2
1748691000000,3.05,3.054,3.045,3.047,24203.41
1748691300000,3.047,3.049,3.044,3.049,9585.64
1748691600000,3.05,3.054,3.048,3.053,10302.5
1748691900000,3.053,3.056,3.05,3.051,5327.64
1748692200000,3.052,3.053,3.049,3.051,11486.55
1748692500000,3.051,3.054,3.05,3.052,4842.17
1748692800000,3.051,3.055,3.048,3.055,7671.1
1748693100000,3.054,3.067,3.054,3.064,14244.81
1748693400000,3.065,3.079,3.062,3.077,23960.6
1748693700000,3.078,3.082,3.071,3.079,48521.33
1748694000000,3.079,3.08,3.069,3.07,8792.58
1748694300000,3.07,3.073,3.068,3.072,3773.35
1748694600000,3.073,3.082,3.072,3.081,10740.99
1748694900000,3.081,3.092,3.081,3.086,29981.89
1748695200000,3.085,3.091,3.084,3.085,6963.81
1748695500000,3.084,3.097,3.084,3.095,19875.36
1748695800000,3.096,3.098,3.086,3.096,65135.09
1748696100000,3.096,3.105,3.096,3.104,42913.29
1748696400000,3.103,3.117,3.098,3.111,63819.22
1748696700000,3.111,3.119,3.11,3.115,44514.92
1748697000000,3.115,3.115,3.101,3.103,16684.63
1748697300000,3.102,3.108,3.095,3.097,17103.4
1748697600000,3.097,3.099,3.092,3.098,22357.25
1748697900000,3.098,3.104,3.09,3.091,26626.45
1748698200000,3.091,3.097,3.09,3.094,24728.26
1748698500000,3.095,3.097,3.088,3.091,11017.81
1748698800000,3.09,3.096,3.087,3.087,19030.24
1748699100000,3.088,3.088,3.081,3.082,18516.72
1748699400000,3.081,3.088,3.078,3.08,45335.31
1748699700000,3.079,3.084,3.079,3.083,16781.51
1748700000000,3.082,3.092,3.079,3.09,33174.43
1748700300000,3.091,3.092,3.087,3.09,26661.06
1748700600000,3.091,3.091,3.079,3.082,31547.95
1748700900000,3.082,3.086,3.077,3.079,19934.76
1748701200000,3.079,3.081,3.074,3.08,14189.34
1748701500000,3.081,3.083,3.077,3.078,14299.06
1748701800000,3.079,3.081,3.074,3.079,15943.68
1748702100000,3.079,3.08,3.073,3.08,20317.43
1748702400000,3.079,3.081,3.075,3.078,13882.96
1748702700000,3.077,3.085,3.077,3.08,20567.2
1748703000000,3.08,3.094,3.079,3.091,81262.21
1748703300000,3.091,3.096,3.088,3.095,8936.13
1748703600000,3.095,3.102,3.093,3.101,44782.04
1748703900000,3.101,3.101,3.092,3.098,24092.85
1748704200000,3.098,3.1,3.095,3.096,21273.9
1748704500000,3.096,3.102,3.095,3.101,7527.44
1748704800000,3.1,3.105,3.094,3.095,23932.51
1748705100000,3.094,3.106,3.093,3.105,37620.75
1748705400000,3.105,3.108,3.1,3.102,16830.99
1748705700000,3.102,3.102,3.094,3.094,27733.04
1748706000000,3.095,3.096,3.089,3.091,22691.27
1748706300000,3.092,3.092,3.084,3.085,11004.47
1748706600000,3.086,3.095,3.085,3.093,7210.08
1748706900000,3.093,3.094,3.085,3.089,4401.8
1748707200000,3.089,3.089,3.081,3.085,15223.36
1748707500000,3.085,3.097,3.085,3.096,14134.61
1748707800000,3.097,3.101,3.097,3.098,6523.13
1748708100000,3.097,3.109,3.097,3.108,9850.15
1748708400000,3.108,3.116,3.105,3.11,21856.83
1748708700000,3.111,3.113,3.106,3.108,16557.85
1748709000000,3.107,3.119,3.103,3.119,32002.49
1748709300000,3.119,3.12,3.109,3.112,24181.36
1748709600000,3.111,3.112,3.101,3.104,23161.23
1748709900000,3.105,3.107,3.1,3.106,13582.52
1748710200000,3.105,3.109,3.105,3.106,2357.72
1748710500000,3.107,3.111,3.107,3.111,4975.16
1748710800000,3.111,3.112,3.105,3.109,12227.03
1748711100000,3.108,3.112,3.107,3.109,13277.58
1748711400000,3.109,3.112,3.109,3.111,9392.56
1748711700000,3.11,3.117,3.109,3.117,10980.87
1748712000000,3.117,3.119,3.113,3.116,7272.64
1748712300000,3.116,3.126,3.116,3.124,24926.23
1748712600000,3.124,3.129,3.12,3.127,44317.24
1748712900000,3.127,3.133,3.127,3.132,36581.34
1748713200000,3.132,3.134,3.124,3.125,20451.73
1748713500000,3.125,3.127,3.12,3.123,31280.9
1748713800000,3.124,3.126,3.11,3.111,63211.66
1748714100000,3.111,3.113,3.109,3.111,12039.33
1748714400000,3.111,3.117,3.107,3.117,10632.55
1748714700000,3.117,3.126,3.117,3.126,7290.73
1748715000000,3.126,3.127,3.123,3.123,3701.51
1748715300000,3.123,3.126,3.12,3.121,5090.77
1748715600000,3.121,3.124,3.12,3.122,4480.81
1748715900000,3.122,3.123,3.117,3.12,6980.62
1748716200000,3.121,3.126,3.117,3.125,1702.1
1748716500000,3.125,3.129,3.125,3.127,4429.93
1748716800000,3.127,3.133,3.125,3.126,18466.25
1748717100000,3.126,3.128,3.124,3.125,4088.7
1748717400000,3.125,3.136,3.125,3.135,7811.9
1748717700000,3.136,3.136,3.133,3.134,2908.39
1748718000000,3.134,3.136,3.131,3.135,7549.34
1748718300000,3.135,3.138,3.133,3.133,4426.49
1748718600000,3.134,3.135,3.13,3.133,3941.04
1748718900000,3.133,3.138,3.131,3.137,5324.17
1748719200000,3.137,3.149,3.136,3.146,22668.06
1748719500000,3.146,3.147,3.138,3.142,17303.24
1748719800000,3.143,3.146,3.141,3.143,2942.97
1748720100000,3.143,3.144,3.139,3.14,4363.82
1748720400000,3.14,3.141,3.138,3.139,4883.26
1748720700000,3.14,3.143,3.139,3.14,3804.89
1748721000000,3.14,3.141,3.133,3.135,3220.13
1748721300000,3.136,3.142,3.136,3.142,7725.77
1748721600000,3.141,3.143,3.138,3.14,6727.89
1748721900000,3.14,3.147,3.14,3.146,5199.96
1748722200000,3.145,3.145,3.14,3.141,3729.48
1748722500000,3.141,3.143,3.139,3.141,4495.7
1748722800000,3.14,3.144,3.137,3.143,7524.22
1748723100000,3.143,3.147,3.141,3.147,4325.95
1748723400000,3.147,3.149,3.144,3.144,15503.27
1748723700000,3.144,3.15,3.144,3.15,3441.41
1748724000000,3.149,3.153,3.148,3.15,10583.29
1748724300000,3.151,3.158,3.15,3.158,27675.09
1748724600000,3.158,3.16,3.157,3.16,9546.58
1748724900000,3.16,3.161,3.158,3.16,9532.72
1748725200000,3.161,3.166,3.153,3.153,26896.36
1748725500000,3.154,3.161,3.153,3.158,10826.2
1748725800000,3.159,3.165,3.158,3.159,34577.24
1748726100000,3.158,3.163,3.154,3.157,20584.03
1748726400000,3.157,3.157,3.153,3.155,5938.81
1748726700000,3.155,3.158,3.153,3.157,7824.25
1748727000000,3.158,3.165,3.154,3.155,9677.88
1748727300000,3.155,3.155,3.136,3.144,26450.5
1748727600000,3.144,3.147,3.143,3.143,4503.25
1748727900000,3.143,3.148,3.143,3.148,3498.55
1748728200000,3.149,3.149,3.143,3.146,4726.04
1748728500000,3.145,3.146,3.139,3.14,9583.78
1748728800000,3.139,3.141,3.13,3.131,19614.12
1748729100000,3.13,3.137,3.127,3.134,16664.23
1748729400000,3.135,3.135,3.131,3.133,5908.19
1748729700000,3.134,3.138,3.13,3.137,9284.8
1748730000000,3.138,3.141,3.133,3.133,6952.04
1748730300000,3.133,3.136,3.129,3.132,11059.2
1748730600000,3.133,3.139,3.133,3.134,23900.88
1748730900000,3.134,3.138,3.132,3.136,16620.58
1748731200000,3.137,3.137,3.133,3.137,4342.78
1748731500000,3.137,3.137,3.132,3.133,4527.78
1748731800000,3.132,3.137,3.132,3.136,1768.66
1748732100000,3.136,3.139,3.133,3.137,11122.1
1748732400000,3.137,3.139,3.129,3.129,13662.28
1748732700000,3.129,3.143,3.128,3.141,13804.8
1748733000000,3.142,3.155,3.142,3.154,32935.46
1748733300000,3.154,3.158,3.149,3.152,14453.08
1748733600000,3.153,3.155,3.151,3.151,6155.38
1748733900000,3.151,3.151,3.145,3.146,3547.75
1748734200000,3.146,3.15,3.146,3.149,2642.53
1748734500000,3.149,3.154,3.148,3.15,5014.96
1748734800000,3.149,3.151,3.148,3.15,2915.56
1748735100000,3.151,3.152,3.148,3.151,3365.48
1748735400000,3.151,3.153,3.149,3.152,5805.15
1748735700000,3.153,3.153,3.148,3.148,5722.1
1748736000000,3.149,3.154,3.145,3.148,16675.55
1748736300000,3.147,3.147,3.139,3.143,21475.33
1748736600000,3.143,3.146,3.14,3.143,8524.77
1748736900000,3.144,3.148,3.137,3.148,7416.2
1748737200000,3.147,3.149,3.141,3.147,5420.1
1748737500000,3.147,3.149,3.143,3.145,13605.55
1748737800000,3.144,3.148,3.14,3.142,4104.11
1748738100000,3.142,3.149,3.142,3.148,2227.53
1748738400000,3.148,3.157,3.147,3.156,9330.92
1748738700000,3.155,3.159,3.153,3.156,5958.17
1748739000000,3.157,3.158,3.148,3.148,3571.96
1748739300000,3.148,3.16,3.148,3.16,6047.74
1748739600000,3.16,3.164,3.158,3.164,5292.72
1748739900000,3.164,3.166,3.158,3.162,9276.82
1748740200000,3.161,3.184,3.16,3.183,81416.08
1748740500000,3.184,3.186,3.177,3.178,45123.31
1748740800000,3.178,3.179,3.167,3.168,34969.63
1748741100000,3.168,3.174,3.163,3.167,18080.26
1748741400000,3.167,3.171,3.166,3.168,10543.27
1748741700000,3.167,3.173,3.167,3.171,13496.14
1748742000000,3.171,3.179,3.17,3.17,18884.81
1748742300000,3.171,3.173,3.166,3.166,5170.3
1748742600000,3.167,3.171,3.149,3.15,37932.42
1748742900000,3.151,3.156,3.148,3.153,40072.24
1748743200000,3.154,3.155,3.142,3.145,124099.45
1748743500000,3.145,3.15,3.142,3.142,16785.8
1748743800000,3.142,3.151,3.141,3.15,13443.78
1748744100000,3.15,3.157,3.15,3.154,8104.07
1748744400000,3.153,3.159,3.153,3.159,5055.36
1748744700000,3.159,3.168,3.159,3.164,9517.94
1748745000000,3.164,3.169,3.16,3.165,14234.58
1748745300000,3.165,3.167,3.158,3.162,9155.97
1748745600000,3.162,3.17,3.162,3.167,8778.6
1748745900000,3.166,3.17,3.16,3.169,12675.64
1748746200000,3.17,3.171,3.167,3.17,4611.32
1748746500000,3.171,3.175,3.169,3.172,22671.71
1748746800000,3.173,3.179,3.171,3.174,26967.65
1748747100000,3.174,3.177,3.167,3.167,4455.45
1748747400000,3.168,3.174,3.168,3.17,7563.12
1748747700000,3.169,3.171,3.161,3.161,6236.99
1748748000000,3.161,3.163,3.149,3.149,15000.08
1748748300000,3.15,3.154,3.149,3.151,17391.12
1748748600000,3.151,3.153,3.149,3.151,3476.47
1748748900000,3.15,3.157,3.15,3.154,5873.78
1748749200000,3.154,3.154,3.151,3.154,4803.21
1748749500000,3.153,3.162,3.153,3.161,4736.99
1748749800000,3.161,3.164,3.157,3.16,1519.51
1748750100000,3.16,3.163,3.159,3.159,7390.37
1748750400000,3.159,3.16,3.154,3.155,10120.17
1748750700000,3.154,3.154,3.141,3.142,10009.26
1748751000000,3.142,3.151,3.142,3.149,9697.99
1748751300000,3.148,3.149,3.145,3.147,1914.64
1748751600000,3.148,3.15,3.146,3.147,1109.93
1748751900000,3.148,3.154,3.147,3.153,4718.29
1748752200000,3.153,3.159,3.153,3.159,4088.2
1748752500000,3.159,3.163,3.157,3.162,2213.34
1748752800000,3.162,3.169,3.162,3.168,5725.99
1748753100000,3.168,3.17,3.161,3.165,11153.5
1748753400000,3.164,3.167,3.158,3.161,23242.51
1748753700000,3.161,3.164,3.158,3.162,14627.95
1748754000000,3.162,3.167,3.162,3.162,3126.34
1748754300000,3.163,3.163,3.156,3.157,5591.02
1748754600000,3.157,3.157,3.154,3.154,2428.83
1748754900000,3.155,3.155,3.147,3.148,5241.33
1748755200000,3.149,3.15,3.146,3.147,3504.72
1748755500000,3.147,3.153,3.147,3.152,5731.5
1748755800000,3.152,3.154,3.149,3.154,1932.26
1748756100000,3.154,3.16,3.154,3.158,5535.03
1748756400000,3.158,3.159,3.156,3.158,2691.93
1748756700000,3.159,3.159,3.15,3.153,1617.39
1748757000000,3.153,3.16,3.153,3.159,3693.81
1748757300000,3.159,3.161,3.153,3.155,9486.34
1748757600000,3.154,3.158,3.151,3.154,4727.47
1748757900000,3.154,3.156,3.151,3.153,2377.1
1748758200000,3.153,3.153,3.145,3.147,4460.14
1748758500000,3.146,3.147,3.14,3.146,17638.7
1748758800000,3.146,3.146,3.14,3.143,6158.0
1748759100000,3.143,3.153,3.142,3.147,3352.73
1748759400000,3.148,3.157,3.148,3.157,9855.61
1748759700000,3.157,3.16,3.155,3.158,9575.16
1748760000000,3.157,3.162,3.156,3.158,8401.31
1748760300000,3.158,3.16,3.152,3.157,6172.74
1748760600000,3.158,3.159,3.154,3.155,4143.95
1748760900000,3.154,3.155,3.152,3.155,11563.38
1748761200000,3.154,3.154,3.146,3.147,11987.13
1748761500000,3.147,3.147,3.142,3.145,4256.4
1748761800000,3.145,3.149,3.143,3.148,7136.88
1748762100000,3.15,3.15,3.142,3.142,5107.17
1748762400000,3.141,3.142,3.137,3.139,9382.22
1748762700000,3.14,3.145,3.138,3.145,6315.3
1748763000000,3.144,3.145,3.134,3.137,12581.71
1748763300000,3.137,3.139,3.131,3.134,20269.47
1748763600000,3.133,3.138,3.13,3.135,12791.7
1748763900000,3.136,3.14,3.135,3.138,9279.88
1748764200000,3.137,3.141,3.134,3.135,4541.89
1748764500000,3.135,3.137,3.133,3.136,1809.79
1748764800000,3.136,3.14,3.132,3.134,4734.68
1748765100000,3.135,3.139,3.131,3.133,2658.98
1748765400000,3.134,3.141,3.133,3.141,11787.97
1748765700000,3.142,3.143,3.137,3.14,2223.27
1748766000000,3.139,3.143,3.138,3.138,2377.78
1748766300000,3.138,3.14,3.132,3.133,17180.67
1748766600000,3.132,3.14,3.13,3.139,3374.65
1748766900000,3.14,3.14,3.133,3.135,4573.35
1748767200000,3.136,3.141,3.136,3.141,6456.55
1748767500000,3.142,3.144,3.138,3.138,6156.56
1748767800000,3.138,3.144,3.133,3.134,12071.54
1748768100000,3.134,3.137,3.129,3.137,7367.84
1748768400000,3.136,3.143,3.126,3.127,28404.44
1748768700000,3.128,3.133,3.12,3.121,34143.53
1748769000000,3.121,3.129,3.121,3.126,6379.66
1748769300000,3.126,3.127,3.106,3.107,62502.17
1748769600000,3.107,3.116,3.104,3.116,40351.42
1748769900000,3.115,3.116,3.111,3.114,14217.55
1748770200000,3.114,3.116,3.106,3.114,36369.09
1748770500000,3.114,3.116,3.105,3.109,19367.47
1748770800000,3.109,3.109,3.097,3.103,51286.73
1748771100000,3.103,3.111,3.094,3.105,40741.68
1748771400000,3.105,3.111,3.101,3.102,20914.92
1748771700000,3.103,3.11,3.103,3.11,15013.46
1748772000000,3.109,3.114,3.107,3.108,12023.59
1748772300000,3.108,3.108,3.102,3.107,9460.58
1748772600000,3.107,3.117,3.106,3.117,6446.11
1748772900000,3.117,3.12,3.113,3.117,17784.65
1748773200000,3.116,3.117,3.109,3.111,32477.87
1748773500000,3.111,3.118,3.111,3.115,27429.15
1748773800000,3.115,3.118,3.105,3.105,11563.08
1748774100000,3.105,3.106,3.099,3.1,16198.35
1748774400000,3.101,3.104,3.099,3.1,5725.13
1748774700000,3.1,3.104,3.099,3.099,13138.2
1748775000000,3.099,3.108,3.099,3.107,2753.52
1748775300000,3.106,3.113,3.105,3.11,4789.97
1748775600000,3.11,3.11,3.103,3.106,12768.65
1748775900000,3.106,3.11,3.102,3.103,24646.07
1748776200000,3.103,3.11,3.102,3.106,2810.77
1748776500000,3.105,3.115,3.104,3.114,5990.68
1753833600000,3.377,3.38,3.372,3.375,30909.07
1753833900000,3.374,3.374,3.366,3.366,13190.23
1753834200000,3.366,3.372,3.366,3.37,10302.42
1753834500000,3.37,3.375,3.368,3.369,13593.56
1753834800000,3.369,3.378,3.364,3.377,31193.9
1753835100000,3.376,3.376,3.367,3.371,14782.83
1753835400000,3.37,3.379,3.369,3.37,11349.35
1753835700000,3.37,3.375,3.367,3.368,11676.55
1753836000000,3.367,3.374,3.363,3.374,17247.76
1753836300000,3.374,3.381,3.367,3.373,47634.48
1753836600000,3.373,3.385,3.372,3.382,21569.33
1753836900000,3.383,3.406,3.383,3.399,103188.77
1753837200000,3.4,3.4,3.374,3.38,57560.06
1753837500000,3.381,3.389,3.38,3.387,28331.12
1753837800000,3.386,3.386,3.378,3.378,9529.2
1753838100000,3.379,3.379,3.352,3.358,58723.22
1753838400000,3.359,3.369,3.359,3.364,17220.36
1753838700000,3.363,3.365,3.357,3.362,12603.85
1753839000000,3.363,3.368,3.355,3.363,29744.5
1753839300000,3.363,3.377,3.363,3.373,22453.5
1753839600000,3.373,3.383,3.373,3.382,18238.55
1753839900000,3.382,3.387,3.378,3.384,16142.45
1753840200000,3.383,3.383,3.373,3.378,14483.35
1753840500000,3.378,3.378,3.371,3.377,22631.43
1753840800000,3.376,3.383,3.373,3.376,8386.44
1753841100000,3.375,3.381,3.372,3.378,26365.55
1753841400000,3.378,3.388,3.372,3.388,25514.48
1753841700000,3.389,3.393,3.359,3.359,71306.99
1753842000000,3.359,3.361,3.343,3.345,61094.63
1753842300000,3.346,3.351,3.345,3.348,40792.28
1753842600000,3.349,3.361,3.347,3.361,24662.72
1753842900000,3.362,3.363,3.358,3.359,8002.88
1753843200000,3.36,3.368,3.36,3.366,26529.1
1753843500000,3.367,3.371,3.364,3.367,10452.38
1753843800000,3.367,3.4,3.366,3.397,222947.08
1753844100000,3.397,3.399,3.392,3.396,52769.64
1753844400000,3.397,3.399,3.391,3.396,27231.75
1753844700000,3.395,3.397,3.389,3.396,20910.9
1753845000000,3.397,3.414,3.397,3.413,59793.03
1753845300000,3.413,3.451,3.413,3.448,227221.57
1753845600000,3.447,3.451,3.436,3.445,165153.35
1753845900000,3.446,3.448,3.432,3.438,94331.28
1753846200000,3.439,3.444,3.433,3.437,23241.18
1753846500000,3.438,3.449,3.434,3.441,79102.47
1753846800000,3.441,3.444,3.432,3.441,44312.82
1753847100000,3.441,3.443,3.416,3.423,92673.74
1753847400000,3.423,3.432,3.412,3.423,142130.58
1753847700000,3.424,3.424,3.406,3.406,21470.96
1753848000000,3.407,3.41,3.398,3.402,34374.24
1753848300000,3.402,3.408,3.402,3.404,11590.67
1753848600000,3.404,3.406,3.397,3.406,7037.87
1753848900000,3.406,3.408,3.402,3.402,8968.6
1753849200000,3.402,3.405,3.396,3.399,26141.24
1753849500000,3.398,3.401,3.391,3.394,27565.62
1753849800000,3.393,3.394,3.378,3.379,107517.3
1753850100000,3.38,3.385,3.379,3.381,25824.85
1753850400000,3.381,3.391,3.378,3.391,18422.6
1753850700000,3.39,3.397,3.387,3.397,29065.87
1753851000000,3.398,3.406,3.397,3.403,24692.79
1753851300000,3.403,3.408,3.401,3.407,22800.19
1753851600000,3.407,3.415,3.407,3.412,22694.4
1753851900000,3.411,3.412,3.403,3.408,21020.6
1753852200000,3.409,3.41,3.401,3.404,45879.17
1753852500000,3.404,3.431,3.397,3.431,142579.59
1753852800000,3.431,3.432,3.421,3.427,151697.25
1753853100000,3.427,3.431,3.416,3.421,53417.5
1753853400000,3.421,3.435,3.417,3.418,83459.56
1753853700000,3.418,3.425,3.416,3.421,19353.17
1753854000000,3.421,3.425,3.418,3.418,21602.45
1753854300000,3.418,3.427,3.413,3.416,63656.89
1753854600000,3.416,3.426,3.415,3.42,36155.84
1753854900000,3.42,3.423,3.416,3.416,12738.76
1753855200000,3.416,3.419,3.413,3.415,34451.36
1753855500000,3.416,3.416,3.392,3.398,129163.96
1753855800000,3.398,3.406,3.398,3.402,25584.89
1753856100000,3.403,3.407,3.401,3.405,28591.66
1753856400000,3.405,3.405,3.402,3.405,6265.65
1753856700000,3.405,3.412,3.394,3.407,82788.51
1753857000000,3.407,3.411,3.406,3.409,13049.7
1753857300000,3.409,3.411,3.403,3.408,33926.25
1753857600000,3.407,3.409,3.403,3.404,18022.79
1753857900000,3.404,3.414,3.404,3.405,96017.07
1753858200000,3.405,3.405,3.38,3.388,216975.88
1753858500000,3.388,3.39,3.381,3.381,17166.11
1753858800000,3.381,3.389,3.381,3.388,20195.43
1753859100000,3.388,3.392,3.384,3.384,14693.18
1753859400000,3.385,3.386,3.374,3.378,26917.43
1753859700000,3.377,3.38,3.366,3.368,48111.17
1753860000000,3.368,3.374,3.368,3.372,10561.21
1753860300000,3.372,3.376,3.368,3.376,36934.53
1753860600000,3.377,3.377,3.37,3.37,23948.21
1753860900000,3.37,3.373,3.362,3.365,27630.67
1753861200000,3.364,3.372,3.362,3.371,8626.73
1753861500000,3.371,3.371,3.367,3.369,16292.23
1753861800000,3.37,3.374,3.367,3.37,13915.79
1753862100000,3.37,3.371,3.362,3.368,46283.04
1753862400000,3.369,3.373,3.369,3.372,4969.47
1753862700000,3.371,3.375,3.37,3.371,44993.83
1753863000000,3.371,3.372,3.367,3.371,17546.41
1753863300000,3.371,3.39,3.371,3.39,76460.14
1753863600000,3.389,3.41,3.389,3.409,86466.27
1753863900000,3.409,3.414,3.407,3.414,48562.55
1753864200000,3.414,3.415,3.401,3.409,35306.08
1753864500000,3.409,3.42,3.408,3.415,24671.58
1753864800000,3.415,3.425,3.412,3.425,20011.18
1753865100000,3.425,3.466,3.421,3.462,488862.27
1753865400000,3.462,3.494,3.454,3.473,407551.09
1753865700000,3.473,3.479,3.447,3.448,120826.17
1753866000000,3.448,3.469,3.445,3.466,124927.28
1753866300000,3.466,3.466,3.448,3.456,74553.09
1753866600000,3.456,3.46,3.45,3.456,33875.25
1753866900000,3.456,3.456,3.434,3.435,60928.29
1753867200000,3.434,3.455,3.433,3.44,87276.57
1753867500000,3.441,3.441,3.432,3.437,48988.8
1753867800000,3.438,3.445,3.434,3.442,64867.48
1753868100000,3.441,3.445,3.422,3.428,78278.63
1753868400000,3.427,3.432,3.419,3.425,55304.42
1753868700000,3.425,3.432,3.423,3.427,36819.13
1753869000000,3.428,3.43,3.414,3.416,36041.7
1753869300000,3.416,3.428,3.415,3.428,32912.62
1753869600000,3.428,3.429,3.425,3.429,18566.53
1753869900000,3.428,3.445,3.427,3.443,60515.48
1753870200000,3.442,3.448,3.435,3.439,41520.37
1753870500000,3.439,3.442,3.424,3.433,38033.91
1753870800000,3.433,3.438,3.431,3.434,13426.62
1753871100000,3.433,3.435,3.424,3.435,27508.02
1753871400000,3.435,3.436,3.429,3.431,28575.66
1753871700000,3.431,3.433,3.425,3.427,14702.47
1753872000000,3.427,3.433,3.421,3.421,13554.77
1753872300000,3.422,3.425,3.403,3.407,50864.0
1753872600000,3.406,3.409,3.393,3.404,180012.44
1753872900000,3.405,3.406,3.395,3.4,26649.11
1753873200000,3.4,3.406,3.4,3.404,24853.54
1753873500000,3.404,3.405,3.392,3.393,75435.82
1753873800000,3.393,3.395,3.382,3.383,96752.69
1753874100000,3.383,3.386,3.376,3.38,77655.39
1753874400000,3.38,3.4,3.38,3.39,57241.15
1753874700000,3.389,3.393,3.371,3.373,101079.65
1753875000000,3.372,3.376,3.366,3.373,43255.25
1753875300000,3.372,3.374,3.364,3.373,42774.44
1753875600000,3.374,3.378,3.365,3.366,37912.4
1753875900000,3.366,3.372,3.365,3.368,56989.53
1753876200000,3.367,3.377,3.365,3.371,38044.62
1753876500000,3.371,3.384,3.367,3.384,58772.7
1753876800000,3.383,3.39,3.378,3.384,56972.0
1753877100000,3.383,3.383,3.356,3.358,116017.45
1753877400000,3.358,3.364,3.348,3.361,76261.2
1753877700000,3.361,3.362,3.338,3.348,109198.26
1753878000000,3.347,3.382,3.346,3.377,113935.13
1753878300000,3.378,3.38,3.369,3.373,35610.97
1753878600000,3.373,3.379,3.363,3.368,59892.51
1753878900000,3.369,3.398,3.368,3.395,90957.57
1753879200000,3.396,3.403,3.384,3.386,153870.34
1753879500000,3.386,3.386,3.373,3.38,68412.44
1753879800000,3.379,3.39,3.374,3.383,34518.64
1753880100000,3.384,3.396,3.38,3.382,62419.56
1753880400000,3.381,3.388,3.37,3.37,52152.44
1753880700000,3.371,3.379,3.365,3.371,44927.27
1753881000000,3.371,3.373,3.358,3.362,34358.14
1753881300000,3.363,3.374,3.357,3.366,53072.25
1753881600000,3.366,3.377,3.362,3.364,22019.15
1753881900000,3.365,3.375,3.365,3.37,38186.06
1753882200000,3.369,3.38,3.369,3.375,47974.63
1753882500000,3.375,3.409,3.372,3.399,141787.18
1753882800000,3.4,3.416,3.388,3.389,189648.97
1753883100000,3.389,3.402,3.368,3.369,113461.26
1753883400000,3.37,3.372,3.353,3.359,67395.19
1753883700000,3.359,3.361,3.345,3.35,90681.78
1753884000000,3.349,3.353,3.328,3.344,278632.12
1753884300000,3.344,3.346,3.332,3.336,44238.06
1753884600000,3.335,3.336,3.32,3.331,74902.82
1753884900000,3.332,3.337,3.322,3.329,49186.8
1753885200000,3.33,3.347,3.328,3.341,73778.65
1753885500000,3.341,3.348,3.326,3.333,67989.45
1753885800000,3.334,3.337,3.325,3.325,109338.87
1753886100000,3.326,3.332,3.325,3.33,57017.34
1753886400000,3.33,3.338,3.322,3.326,42447.15
1753886700000,3.327,3.328,3.315,3.323,124832.03
1753887000000,3.323,3.353,3.323,3.348,96692.82
1753887300000,3.348,3.357,3.347,3.353,63826.91
1753887600000,3.354,3.355,3.339,3.343,57964.68
1753887900000,3.344,3.347,3.335,3.343,59381.57
1753888200000,3.344,3.359,3.341,3.347,84054.9
1753888500000,3.347,3.355,3.341,3.354,50000.71
1753888800000,3.355,3.365,3.355,3.358,70743.55
1753889100000,3.357,3.362,3.353,3.354,56472.05
1753889400000,3.354,3.355,3.341,3.35,57282.04
1753889700000,3.35,3.351,3.343,3.343,35354.52
1753890000000,3.343,3.346,3.331,3.337,52062.87
1753890300000,3.336,3.345,3.332,3.333,20594.0
1753890600000,3.332,3.332,3.321,3.327,53727.22
1753890900000,3.328,3.339,3.328,3.338,26330.09
1753891200000,3.338,3.342,3.324,3.328,37488.08
1753891500000,3.328,3.329,3.325,3.327,38724.13
1753891800000,3.327,3.328,3.322,3.322,69750.9
1753892100000,3.323,3.339,3.317,3.336,98757.0
1753892400000,3.336,3.337,3.329,3.33,86089.15
1753892700000,3.33,3.331,3.32,3.322,32489.98
1753893000000,3.322,3.325,3.319,3.323,27840.38
1753893300000,3.324,3.326,3.314,3.316,40685.13
1753893600000,3.315,3.322,3.315,3.32,31213.23
1753893900000,3.321,3.321,3.309,3.318,42463.79
1753894200000,3.318,3.331,3.318,3.324,15510.33
1753894500000,3.324,3.327,3.32,3.327,11274.49
1753894800000,3.327,3.337,3.326,3.333,25185.09
1753895100000,3.332,3.346,3.332,3.346,32494.24
1753895400000,3.345,3.348,3.34,3.347,24466.75
1753895700000,3.347,3.353,3.342,3.346,28246.19
1753896000000,3.345,3.355,3.344,3.349,19599.61
1753896300000,3.35,3.358,3.35,3.356,23592.83
1753896600000,3.357,3.367,3.353,3.366,25100.66
1753896900000,3.367,3.374,3.363,3.374,39222.69
1753897200000,3.375,3.41,3.369,3.377,277286.26
1753897500000,3.376,3.377,3.349,3.35,58079.32
1753897800000,3.35,3.359,3.348,3.356,31861.94
1753898100000,3.356,3.36,3.352,3.357,16532.34
1753898400000,3.357,3.365,3.345,3.36,72328.43
1753898700000,3.36,3.404,3.357,3.403,209330.66
1753899000000,3.403,3.429,3.401,3.427,156960.65
1753899300000,3.426,3.431,3.416,3.421,153403.81
1753899600000,3.422,3.429,3.397,3.41,103444.25
1753899900000,3.409,3.415,3.403,3.404,27195.98
1753900200000,3.405,3.419,3.4,3.414,52838.85
1753900500000,3.414,3.416,3.403,3.406,38793.0
1753900800000,3.405,3.42,3.383,3.415,155185.55
1753901100000,3.415,3.415,3.383,3.384,82580.78
1753901400000,3.383,3.386,3.349,3.36,404741.69
1753901700000,3.36,3.361,3.332,3.332,89790.67
1753902000000,3.332,3.342,3.318,3.32,203984.89
1753902300000,3.32,3.325,3.288,3.294,577790.99
1753902600000,3.294,3.299,3.263,3.277,316057.18
1753902900000,3.277,3.301,3.265,3.295,158981.66
1753903200000,3.295,3.303,3.292,3.298,68844.3
1753903500000,3.298,3.305,3.293,3.304,34863.7
1753903800000,3.304,3.313,3.294,3.313,51564.3
1753904100000,3.313,3.325,3.306,3.324,47899.48
1753904400000,3.325,3.339,3.32,3.338,73956.46
1753904700000,3.338,3.353,3.336,3.349,53331.77
1753905000000,3.35,3.366,3.345,3.36,76462.32
1753905300000,3.36,3.368,3.357,3.362,67998.85
1753905600000,3.363,3.373,3.362,3.369,30030.23
1753905900000,3.368,3.368,3.354,3.364,60028.69
1753906200000,3.364,3.371,3.363,3.367,30699.18
1753906500000,3.366,3.366,3.346,3.355,29367.02
1753906800000,3.356,3.357,3.344,3.344,21688.01
1753907100000,3.345,3.35,3.344,3.345,13726.7
1753907400000,3.346,3.361,3.345,3.358,16815.43
1753907700000,3.358,3.363,3.354,3.36,18321.83
1753908000000,3.361,3.373,3.361,3.37,10869.57
1753908300000,3.37,3.37,3.36,3.362,24426.4
1753908600000,3.361,3.371,3.353,3.368,24307.22
1753908900000,3.368,3.373,3.365,3.371,9767.25
1753909200000,3.371,3.379,3.368,3.376,42238.25
1753909500000,3.376,3.381,3.373,3.379,28452.16
1753909800000,3.379,3.384,3.376,3.38,26436.05
1753910100000,3.381,3.385,3.368,3.368,18216.7
1753910400000,3.368,3.368,3.35,3.35,20386.18
1753910700000,3.351,3.358,3.348,3.349,20316.03
1753911000000,3.35,3.356,3.346,3.346,13025.32
1753911300000,3.346,3.35,3.341,3.349,33287.88
1753911600000,3.349,3.349,3.34,3.341,12102.12
1753911900000,3.341,3.353,3.339,3.353,10672.71
1753912200000,3.354,3.374,3.354,3.374,14100.0
1753912500000,3.374,3.382,3.373,3.381,13281.95
1753912800000,3.381,3.382,3.374,3.378,12057.42
1753913100000,3.379,3.39,3.376,3.383,34992.19
1753913400000,3.382,3.39,3.381,3.386,16665.38
1753913700000,3.386,3.389,3.381,3.381,13776.27
1753914000000,3.38,3.38,3.374,3.377,15697.46
1753914300000,3.378,3.384,3.374,3.381,17898.78
1753914600000,3.382,3.385,3.375,3.375,15707.31
1753914900000,3.375,3.377,3.366,3.369,19527.59
1753915200000,3.369,3.369,3.361,3.363,9406.08
1753915500000,3.363,3.366,3.36,3.365,5432.13
1753915800000,3.365,3.365,3.355,3.364,28408.53
1753916100000,3.365,3.368,3.361,3.363,7929.0
1753916400000,3.363,3.367,3.359,3.367,9751.89
1753916700000,3.368,3.368,3.361,3.366,12728.3
1753917000000,3.366,3.367,3.356,3.364,10226.0
1753917300000,3.365,3.374,3.365,3.371,20733.01
1753917600000,3.37,3.375,3.369,3.37,7684.02
1753917900000,3.369,3.378,3.369,3.378,8553.96
1753918200000,3.378,3.407,3.377,3.397,137772.91
1753918500000,3.397,3.414,3.395,3.412,47852.89
1753918800000,3.412,3.415,3.405,3.411,34725.13
1753919100000,3.411,3.418,3.409,3.411,43295.15
1753919400000,3.412,3.415,3.406,3.407,35164.25
1753919700000,3.407,3.409,3.404,3.406,17684.05
1753920000000,3.406,3.412,3.404,3.411,20754.84
1753920300000,3.411,3.414,3.408,3.412,11508.34
1753920600000,3.412,3.419,3.408,3.415,12603.8
1753920900000,3.414,3.418,3.413,3.417,5056.2
1753921200000,3.417,3.432,3.417,3.429,67031.82
1753921500000,3.428,3.445,3.428,3.443,50887.98
1753921800000,3.444,3.445,3.437,3.444,39650.58
1753922100000,3.445,3.446,3.435,3.436,30336.42
1753922400000,3.435,3.45,3.435,3.447,26478.45
1753922700000,3.447,3.471,3.443,3.469,159267.92
1753923000000,3.47,3.483,3.463,3.464,102846.1
1753923300000,3.465,3.465,3.447,3.447,56322.3
1753923600000,3.447,3.449,3.431,3.436,91012.62
1753923900000,3.436,3.442,3.43,3.431,24947.21
1753924200000,3.43,3.433,3.427,3.431,14996.87
1753924500000,3.43,3.443,3.425,3.44,20521.55
1753924800000,3.441,3.45,3.436,3.436,19755.94
1753925100000,3.435,3.443,3.435,3.442,17007.71
1753925400000,3.443,3.446,3.423,3.423,20255.52
1753925700000,3.424,3.428,3.419,3.42,20175.23
1753926000000,3.42,3.422,3.416,3.419,11953.21
1753926300000,3.42,3.423,3.417,3.418,12201.6
1753926600000,3.419,3.422,3.411,3.412,28810.47
1753926900000,3.412,3.426,3.412,3.425,80146.52
1753927200000,3.426,3.433,3.421,3.427,30467.64
1753927500000,3.426,3.427,3.417,3.424,18422.91
1753927800000,3.424,3.427,3.42,3.425,15527.42
1753928100000,3.424,3.433,3.424,3.43,9486.22
1753928400000,3.429,3.435,3.429,3.434,19305.22
1753928700000,3.434,3.434,3.429,3.431,7973.09
1753929000000,3.431,3.431,3.417,3.418,20786.33
1753929300000,3.418,3.419,3.408,3.414,34614.28
1753929600000,3.415,3.419,3.411,3.419,10663.38
1753929900000,3.419,3.42,3.411,3.413,16466.93
1753930200000,3.414,3.416,3.412,3.416,5231.19
1753930500000,3.416,3.424,3.415,3.422,45658.86
1753930800000,3.422,3.44,3.421,3.439,16358.42
1753931100000,3.439,3.444,3.437,3.439,13154.24
1753931400000,3.439,3.452,3.439,3.445,34779.23
1753931700000,3.445,3.445,3.435,3.436,24376.66
1753932000000,3.436,3.443,3.436,3.442,20083.97
1753932300000,3.442,3.442,3.438,3.44,16497.92
1753932600000,3.439,3.443,3.432,3.436,60699.86
1753932900000,3.436,3.439,3.429,3.433,29675.12
1753933200000,3.434,3.44,3.431,3.435,17211.93
1753933500000,3.435,3.436,3.43,3.435,18160.23
1753933800000,3.435,3.441,3.434,3.439,22005.74
1753934100000,3.439,3.448,3.438,3.445,40971.38
1753934400000,3.444,3.453,3.433,3.433,50345.74
1753934700000,3.433,3.438,3.425,3.435,56880.84
1753935000000,3.435,3.445,3.434,3.444,21004.2
1753935300000,3.444,3.444,3.436,3.437,30292.65
1753935600000,3.438,3.446,3.438,3.445,13427.43
1753935900000,3.445,3.445,3.439,3.441,12235.15
1753936200000,3.442,3.446,3.439,3.444,36321.33
1753936500000,3.445,3.451,3.444,3.445,17730.81
1753936800000,3.445,3.445,3.435,3.437,9502.55
1753937100000,3.438,3.445,3.437,3.444,13554.15
1753937400000,3.444,3.452,3.444,3.45,16209.79
1753937700000,3.45,3.455,3.45,3.454,11256.04
1753938000000,3.454,3.455,3.449,3.45,14059.7
1753938300000,3.449,3.455,3.446,3.454,13161.66
1753938600000,3.455,3.461,3.454,3.461,16347.12
1753938900000,3.462,3.465,3.452,3.463,30076.2
1753939200000,3.463,3.472,3.463,3.47,33533.98
1753939500000,3.471,3.478,3.469,3.477,30846.19
1753939800000,3.478,3.479,3.469,3.475,32769.67
1753940100000,3.474,3.483,3.471,3.477,42186.47
1753940400000,3.476,3.477,3.472,3.475,37407.43
1753940700000,3.475,3.479,3.47,3.478,36395.93
1753941000000,3.478,3.478,3.467,3.47,25331.5
1753941300000,3.469,3.476,3.469,3.473,16410.76
1753941600000,3.473,3.483,3.473,3.478,46156.74
1753941900000,3.479,3.481,3.473,3.476,39899.08
1753942200000,3.476,3.479,3.47,3.472,33461.18
1753942500000,3.473,3.482,3.462,3.469,44634.02
1753942800000,3.469,3.475,3.467,3.471,19594.39
1753943100000,3.471,3.471,3.456,3.457,12952.44
1753943400000,3.457,3.457,3.443,3.443,28280.09
1753943700000,3.443,3.451,3.443,3.448,13194.21
1753944000000,3.448,3.466,3.448,3.46,43749.26
1753944300000,3.46,3.463,3.459,3.461,11672.64
1753944600000,3.461,3.474,3.456,3.474,34270.72
1753944900000,3.474,3.489,3.474,3.478,67377.74
1753945200000,3.478,3.487,3.469,3.476,65999.57
1753945500000,3.476,3.489,3.475,3.488,28024.82
1753945800000,3.488,3.493,3.483,3.484,39079.58
1753946100000,3.485,3.491,3.483,3.483,21116.83
1753946400000,3.484,3.492,3.481,3.482,17157.42
1753946700000,3.482,3.496,3.481,3.496,25500.12
1753947000000,3.496,3.497,3.484,3.484,38621.82
1753947300000,3.484,3.484,3.473,3.473,42003.08
1753947600000,3.473,3.482,3.469,3.482,53996.31
1753947900000,3.482,3.489,3.477,3.489,22378.39
1753948200000,3.488,3.497,3.486,3.496,31438.04
1753948500000,3.497,3.511,3.49,3.501,158203.38
1753948800000,3.5,3.516,3.499,3.516,127385.59
1753949100000,3.516,3.54,3.508,3.527,206347.06
1753949400000,3.528,3.533,3.519,3.527,131700.96
1753949700000,3.527,3.534,3.511,3.523,95882.74
1753950000000,3.523,3.528,3.518,3.528,38025.4
1753950300000,3.528,3.536,3.514,3.517,76792.32
1753950600000,3.518,3.519,3.502,3.509,101626.86
1753950900000,3.509,3.518,3.496,3.506,67617.08
1753951200000,3.506,3.515,3.505,3.515,32298.64
1753951500000,3.515,3.518,3.506,3.512,34751.72
1753951800000,3.511,3.513,3.508,3.512,32072.16
1753952100000,3.512,3.526,3.505,3.526,61846.35
1753952400000,3.525,3.541,3.524,3.531,132895.83
1753952700000,3.532,3.574,3.53,3.572,243651.37
1753953000000,3.573,3.575,3.561,3.566,180652.21
1753953300000,3.566,3.592,3.564,3.59,372865.6
1753953600000,3.59,3.594,3.579,3.58,125758.59
1753953900000,3.58,3.589,3.558,3.562,177703.98
1753954200000,3.562,3.562,3.512,3.516,218412.5
1753954500000,3.516,3.527,3.508,3.513,196799.16
1753954800000,3.513,3.515,3.5,3.502,82288.48
1753955100000,3.501,3.503,3.492,3.495,51394.51
1753955400000,3.496,3.5,3.492,3.5,20797.77
1753955700000,3.499,3.5,3.493,3.499,30557.05
1753956000000,3.499,3.502,3.497,3.501,26283.67
1753956300000,3.501,3.503,3.482,3.485,68696.65
1753956600000,3.485,3.488,3.478,3.483,61835.8
1753956900000,3.482,3.483,3.473,3.477,75781.18
1753957200000,3.477,3.497,3.473,3.49,92428.08
1753957500000,3.49,3.504,3.49,3.496,62787.32
1753957800000,3.496,3.505,3.49,3.497,68508.2
1753958100000,3.497,3.501,3.495,3.499,14585.35
1753958400000,3.498,3.499,3.491,3.494,14450.1
1753958700000,3.494,3.508,3.492,3.506,41995.25
1753959000000,3.505,3.509,3.497,3.497,40329.3
1753959300000,3.497,3.504,3.495,3.501,41493.73
1753959600000,3.502,3.51,3.5,3.501,31800.92
1753959900000,3.501,3.501,3.495,3.495,19934.52
1753960200000,3.495,3.506,3.493,3.505,15174.09
1753960500000,3.504,3.504,3.493,3.494,18073.21
1753960800000,3.494,3.505,3.492,3.494,28992.14
1753961100000,3.494,3.494,3.466,3.477,91798.29
1753961400000,3.477,3.503,3.477,3.503,74737.63
1753961700000,3.503,3.505,3.496,3.497,29871.71
1753962000000,3.497,3.499,3.49,3.493,22749.73
1753962300000,3.494,3.496,3.486,3.488,16094.72
1753962600000,3.488,3.496,3.483,3.495,22526.53
1753962900000,3.494,3.512,3.492,3.508,75260.55
1753963200000,3.507,3.522,3.506,3.513,222421.81
1753963500000,3.513,3.516,3.496,3.499,59652.67
1753963800000,3.499,3.51,3.498,3.507,33604.1
1753964100000,3.508,3.528,3.503,3.526,99098.91
1753964400000,3.526,3.536,3.523,3.534,66925.15
1753964700000,3.534,3.553,3.533,3.551,143472.1
1753965000000,3.551,3.556,3.541,3.548,80260.27
1753965300000,3.548,3.561,3.541,3.557,91952.97
1753965600000,3.556,3.557,3.539,3.539,84997.76
1753965900000,3.54,3.541,3.526,3.536,51718.72
1753966200000,3.535,3.552,3.534,3.539,41391.66
1753966500000,3.538,3.55,3.529,3.547,56739.42
1753966800000,3.546,3.547,3.527,3.534,134354.84
1753967100000,3.534,3.534,3.518,3.524,67418.17
1753967400000,3.525,3.531,3.509,3.517,159664.36
1753967700000,3.517,3.531,3.496,3.531,150742.87
1753968000000,3.531,3.538,3.513,3.517,101271.8
1753968300000,3.517,3.524,3.513,3.515,29765.28
1753968600000,3.515,3.515,3.504,3.505,90932.0
1753968900000,3.505,3.521,3.495,3.512,196579.69
1753969200000,3.513,3.523,3.505,3.514,89946.87
1753969500000,3.514,3.534,3.51,3.524,71492.09
1753969800000,3.524,3.54,3.514,3.539,49775.64
1753970100000,3.539,3.546,3.529,3.543,82251.14
1753970400000,3.544,3.558,3.542,3.552,103044.79
1753970700000,3.553,3.56,3.546,3.554,93007.57
1753971000000,3.555,3.56,3.527,3.534,103573.02
1753971300000,3.533,3.533,3.501,3.519,148935.01
1753971600000,3.518,3.524,3.505,3.513,95004.64
1753971900000,3.514,3.517,3.493,3.497,112085.12
1753972200000,3.496,3.51,3.492,3.51,43751.69
1753972500000,3.509,3.522,3.502,3.509,76729.39
1753972800000,3.509,3.51,3.495,3.507,42861.96
1753973100000,3.506,3.539,3.502,3.535,156790.91
1753973400000,3.535,3.536,3.516,3.532,96544.14
1753973700000,3.531,3.531,3.516,3.521,29328.88
1753974000000,3.522,3.537,3.512,3.513,59105.54
1753974300000,3.514,3.533,3.512,3.519,56266.78
1753974600000,3.52,3.529,3.511,3.524,38718.97
1753974900000,3.525,3.545,3.522,3.543,83179.02
1753975200000,3.543,3.545,3.537,3.538,53228.92
1753975500000,3.538,3.553,3.536,3.548,52557.99
1753975800000,3.547,3.576,3.546,3.567,113172.84
1753976100000,3.567,3.568,3.552,3.562,29318.87
1753976400000,3.562,3.568,3.556,3.558,62894.48
1753976700000,3.558,3.572,3.557,3.56,81649.75
1753977000000,3.56,3.577,3.559,3.562,110570.58
1753977300000,3.563,3.57,3.554,3.557,36847.3
1753977600000,3.557,3.568,3.557,3.559,61005.28
1753977900000,3.559,3.57,3.556,3.557,42267.52
1753978200000,3.558,3.562,3.543,3.557,42349.46
1753978500000,3.557,3.62,3.557,3.593,508786.99
1753978800000,3.592,3.606,3.569,3.586,265145.42
1753979100000,3.586,3.599,3.582,3.597,68594.53
1753979400000,3.597,3.63,3.596,3.627,243543.56
1753979700000,3.627,3.665,3.619,3.665,252402.07
1753980000000,3.664,3.688,3.643,3.657,362114.02
1753980300000,3.658,3.661,3.623,3.629,76425.83
1753980600000,3.63,3.655,3.627,3.655,117848.26
1753980900000,3.654,3.655,3.633,3.637,99722.13
1753981200000,3.636,3.64,3.614,3.618,68480.15
1753981500000,3.619,3.632,3.612,3.616,59077.16
1753981800000,3.616,3.623,3.608,3.616,44095.86
1753982100000,3.617,3.625,3.602,3.607,101043.79
1753982400000,3.606,3.618,3.597,3.614,70042.43
1753982700000,3.614,3.622,3.599,3.622,100417.4
1753983000000,3.621,3.624,3.608,3.618,63512.61
1753983300000,3.618,3.638,3.618,3.633,130631.44
1753983600000,3.633,3.634,3.608,3.618,89373.82
1753983900000,3.618,3.619,3.593,3.595,145465.55
1753984200000,3.595,3.609,3.583,3.608,115049.01
1753984500000,3.608,3.635,3.608,3.621,337082.88
1753984800000,3.621,3.624,3.606,3.608,86552.5
1753985100000,3.607,3.607,3.579,3.585,165909.36
1753985400000,3.585,3.601,3.582,3.598,100390.53
1753985700000,3.597,3.606,3.584,3.603,61391.13
1753986000000,3.604,3.626,3.598,3.612,114397.67
1753986300000,3.611,3.618,3.599,3.599,60262.7
1753986600000,3.6,3.616,3.587,3.589,124976.66
1753986900000,3.588,3.588,3.567,3.568,100781.07
1753987200000,3.569,3.574,3.565,3.572,57341.98
1753987500000,3.572,3.596,3.572,3.595,58014.14
1753987800000,3.594,3.606,3.573,3.576,90800.83
1753988100000,3.575,3.588,3.572,3.586,51609.18
1753988400000,3.586,3.592,3.569,3.572,49114.46
1753988700000,3.573,3.587,3.569,3.577,41050.93
1753989000000,3.577,3.581,3.552,3.553,82706.45
1753989300000,3.553,3.563,3.551,3.562,71406.6
1753989600000,3.562,3.576,3.562,3.569,59912.55
1753989900000,3.569,3.585,3.569,3.579,41171.53
1753990200000,3.579,3.583,3.573,3.576,37354.47
1753990500000,3.575,3.579,3.566,3.566,31287.15
1753990800000,3.567,3.582,3.564,3.582,41014.85
1753991100000,3.582,3.599,3.582,3.589,49800.75
1753991400000,3.59,3.602,3.586,3.599,44696.28
1753991700000,3.599,3.599,3.586,3.593,39051.4
1753992000000,3.592,3.593,3.551,3.554,77644.59
1753992300000,3.554,3.559,3.538,3.542,149187.4
1753992600000,3.543,3.551,3.538,3.549,87351.19
1753992900000,3.55,3.571,3.547,3.569,59756.45
1753993200000,3.57,3.577,3.562,3.562,108526.38
1753993500000,3.563,3.571,3.559,3.564,39304.83
1753993800000,3.565,3.575,3.549,3.552,78994.94
1753994100000,3.553,3.566,3.546,3.566,69388.58
1753994400000,3.566,3.578,3.562,3.566,66102.67
1753994700000,3.567,3.573,3.558,3.569,85014.85
1753995000000,3.569,3.574,3.553,3.56,64584.58
1753995300000,3.56,3.567,3.557,3.559,77478.95
1753995600000,3.558,3.566,3.549,3.565,34512.18
1753995900000,3.566,3.571,3.549,3.558,112611.9
1753996200000,3.559,3.562,3.527,3.539,226576.76
1753996500000,3.538,3.555,3.537,3.55,122927.06
1753996800000,3.551,3.554,3.528,3.529,246375.59
1753997100000,3.529,3.535,3.523,3.535,97775.24
1753997400000,3.535,3.544,3.532,3.543,137165.25
1753997700000,3.543,3.558,3.536,3.555,86932.88
1753998000000,3.555,3.555,3.538,3.546,51165.85
1753998300000,3.547,3.568,3.544,3.567,92605.54
1753998600000,3.566,3.568,3.524,3.545,82825.18
1753998900000,3.546,3.564,3.527,3.563,69546.31
1753999200000,3.563,3.565,3.541,3.557,58809.22
1753999500000,3.558,3.56,3.549,3.555,54668.74
1753999800000,3.556,3.565,3.545,3.564,40844.54
1754000100000,3.564,3.574,3.551,3.553,70850.55
1754000400000,3.554,3.555,3.519,3.521,98744.55
1754000700000,3.522,3.542,3.516,3.542,50002.88
1754001000000,3.542,3.543,3.525,3.53,66307.97
1754001300000,3.531,3.534,3.512,3.517,42005.2
1754001600000,3.518,3.528,3.516,3.523,29962.18
1754001900000,3.523,3.525,3.505,3.507,73741.24
1754002200000,3.507,3.523,3.5,3.518,126254.93
1754002500000,3.519,3.52,3.507,3.508,31311.01
1754002800000,3.508,3.545,3.508,3.54,109983.18
1754003100000,3.54,3.564,3.537,3.539,103719.88
1754003400000,3.54,3.553,3.539,3.551,26328.71
1754003700000,3.55,3.55,3.528,3.531,57493.52
1754004000000,3.53,3.543,3.529,3.53,9346.68
1754004300000,3.531,3.541,3.527,3.536,13776.45
1754004600000,3.536,3.545,3.513,3.537,107476.86
1754004900000,3.538,3.545,3.528,3.531,32367.76
1754005200000,3.531,3.535,3.516,3.533,47941.94
1754005500000,3.533,3.54,3.527,3.539,28038.74
1754005800000,3.54,3.54,3.524,3.538,21610.17
1754006100000,3.539,3.547,3.525,3.529,25295.27
1754006400000,3.528,3.538,3.519,3.531,50720.73
1754006700000,3.532,3.549,3.532,3.535,55710.67
1754007000000,3.536,3.538,3.507,3.513,173247.48
1754007300000,3.513,3.546,3.511,3.546,88337.15
1754007600000,3.547,3.548,3.526,3.531,68273.92
1754007900000,3.531,3.533,3.503,3.507,113723.48
1754008200000,3.506,3.509,3.496,3.497,42904.85
1754008500000,3.496,3.518,3.495,3.518,37369.81
1754008800000,3.518,3.518,3.498,3.51,37157.14
1754009100000,3.51,3.515,3.486,3.494,93322.39
1754009400000,3.494,3.504,3.472,3.503,270432.86
1754009700000,3.504,3.546,3.5,3.544,253801.79
1754010000000,3.543,3.558,3.533,3.538,142525.82
1754010300000,3.539,3.552,3.513,3.513,205399.82
1754010600000,3.513,3.522,3.506,3.512,87746.01
1754010900000,3.512,3.522,3.501,3.503,74672.43
1754011200000,3.503,3.53,3.503,3.529,102909.03
1754011500000,3.529,3.531,3.513,3.515,65479.16
1754011800000,3.516,3.519,3.482,3.489,136724.76
1754012100000,3.489,3.511,3.486,3.488,123419.61
1754012400000,3.489,3.495,3.485,3.486,55445.77
1754012700000,3.486,3.499,3.477,3.482,91611.21
1754013000000,3.483,3.487,3.471,3.484,190194.15
1754013300000,3.485,3.509,3.481,3.5,115089.27
1754013600000,3.499,3.505,3.485,3.486,58573.38
1754013900000,3.485,3.513,3.485,3.505,27260.15
1754014200000,3.505,3.532,3.505,3.529,41702.49
1754014500000,3.529,3.543,3.525,3.54,50368.67
1754014800000,3.539,3.544,3.529,3.539,32117.81
1754015100000,3.538,3.538,3.516,3.518,37449.17
1754015400000,3.518,3.52,3.506,3.508,19598.92
1754015700000,3.509,3.511,3.495,3.497,71502.97
1754016000000,3.498,3.506,3.497,3.502,63644.28
1754016300000,3.502,3.51,3.497,3.5,49080.17
1754016600000,3.501,3.512,3.498,3.501,70646.21
1754016900000,3.5,3.5,3.476,3.483,35710.79
1754017200000,3.482,3.488,3.476,3.477,20848.06
1754017500000,3.477,3.48,3.469,3.47,28574.95
1754017800000,3.47,3.472,3.453,3.456,79883.42
1754018100000,3.457,3.474,3.453,3.474,37822.46
1754018400000,3.475,3.494,3.475,3.485,25199.95
1754018700000,3.485,3.502,3.478,3.5,29576.24
1754019000000,3.5,3.506,3.471,3.472,46259.62
1754019300000,3.472,3.486,3.471,3.482,28312.17
1754019600000,3.481,3.491,3.474,3.486,58429.99
1754019900000,3.485,3.498,3.478,3.496,69507.34
1754020200000,3.497,3.524,3.474,3.479,265837.57
1754020500000,3.479,3.498,3.473,3.496,43582.01
1754020800000,3.495,3.496,3.484,3.489,35477.58
1754021100000,3.489,3.491,3.484,3.49,18423.76
1754021400000,3.49,3.497,3.48,3.495,17263.7
1754021700000,3.496,3.498,3.48,3.483,12540.41
1754022000000,3.483,3.483,3.473,3.476,11922.22
1754022300000,3.476,3.48,3.471,3.473,14798.82
1754022600000,3.472,3.476,3.464,3.472,31651.82
1754022900000,3.473,3.479,3.468,3.477,8616.4
1754023200000,3.478,3.489,3.475,3.486,35801.15
1754023500000,3.486,3.489,3.474,3.483,23214.51
1754023800000,3.482,3.488,3.469,3.471,40317.66
1754024100000,3.47,3.47,3.457,3.46,29641.71
1754024400000,3.461,3.469,3.455,3.463,22471.13
1754024700000,3.464,3.466,3.458,3.462,27965.02
1754025000000,3.462,3.483,3.46,3.473,33359.79
1754025300000,3.473,3.473,3.452,3.456,22248.29
1754025600000,3.457,3.463,3.443,3.444,58324.78
1754025900000,3.445,3.468,3.445,3.468,25052.19
1754026200000,3.468,3.494,3.468,3.487,53245.29
1754026500000,3.487,3.498,3.48,3.498,30863.13
1754026800000,3.497,3.502,3.482,3.482,42026.71
1754027100000,3.481,3.481,3.451,3.451,51060.22
1754027400000,3.452,3.463,3.45,3.461,15891.28
1754027700000,3.46,3.466,3.456,3.465,11347.96
1754028000000,3.465,3.465,3.45,3.454,12131.83
1754028300000,3.454,3.481,3.44,3.472,75842.2
1754028600000,3.472,3.485,3.453,3.455,44593.16
1754028900000,3.456,3.463,3.444,3.447,23037.22
1754029200000,3.447,3.46,3.442,3.452,31542.38
1754029500000,3.453,3.453,3.438,3.441,68007.83
1754029800000,3.442,3.457,3.442,3.453,41691.7
1754030100000,3.453,3.455,3.445,3.445,12423.66
1754030400000,3.444,3.444,3.432,3.437,35173.09
1754030700000,3.437,3.444,3.434,3.44,43075.71
1754031000000,3.44,3.458,3.44,3.445,33926.73
1754031300000,3.444,3.449,3.438,3.447,35397.79
1754031600000,3.448,3.451,3.431,3.435,40359.13
1754031900000,3.434,3.444,3.429,3.43,35897.36
1754032200000,3.429,3.436,3.416,3.419,73652.0
1754032500000,3.419,3.425,3.398,3.404,82460.57
1754032800000,3.404,3.404,3.359,3.374,239315.59
1754033100000,3.374,3.387,3.347,3.372,205719.39
1754033400000,3.373,3.376,3.364,3.364,66365.35
1754033700000,3.364,3.373,3.357,3.373,108604.61
1754034000000,3.373,3.386,3.37,3.383,60587.85
1754034300000,3.383,3.399,3.383,3.398,62034.06
1754034600000,3.398,3.403,3.388,3.4,52144.7
1754034900000,3.4,3.407,3.399,3.407,58611.61
1754035200000,3.406,3.406,3.384,3.384,73237.3
1754035500000,3.383,3.388,3.351,3.381,324653.69
1754035800000,3.382,3.395,3.382,3.392,109384.81
1754036100000,3.392,3.405,3.374,3.403,127011.18
1754036400000,3.402,3.406,3.388,3.401,95362.31
1754036700000,3.402,3.409,3.4,3.404,65402.15
1754037000000,3.405,3.41,3.4,3.408,34963.34
1754037300000,3.407,3.416,3.396,3.411,76170.57
1754037600000,3.411,3.426,3.409,3.424,57849.93
1754037900000,3.424,3.44,3.42,3.435,76274.6
1754038200000,3.434,3.438,3.423,3.424,47246.79
1754038500000,3.424,3.431,3.414,3.415,40183.0
1754038800000,3.414,3.437,3.408,3.43,108278.1
1754039100000,3.43,3.431,3.417,3.417,45592.06
1754039400000,3.416,3.425,3.411,3.418,116342.82
1754039700000,3.419,3.45,3.413,3.448,196792.62
1754040000000,3.448,3.462,3.446,3.46,64699.59
1754040300000,3.46,3.461,3.451,3.458,46859.27
1754040600000,3.459,3.465,3.453,3.457,32613.72
1754040900000,3.458,3.472,3.456,3.471,45203.0
1754041200000,3.471,3.471,3.461,3.465,29411.36
1754041500000,3.464,3.472,3.458,3.468,85347.74
1754041800000,3.467,3.467,3.452,3.455,56262.23
1754042100000,3.456,3.464,3.456,3.46,31022.47
1754042400000,3.459,3.474,3.451,3.469,55608.31
1754042700000,3.468,3.476,3.467,3.476,80616.6
1754043000000,3.476,3.485,3.471,3.479,110482.7
1754043300000,3.478,3.493,3.466,3.493,69194.23
1754043600000,3.493,3.497,3.482,3.485,53764.85
1754043900000,3.485,3.49,3.471,3.473,64965.64
1754044200000,3.474,3.477,3.465,3.475,53605.55
1754044500000,3.474,3.476,3.464,3.472,39198.98
1754044800000,3.471,3.478,3.463,3.475,68294.49
1754045100000,3.474,3.481,3.469,3.479,26175.4
1754045400000,3.48,3.489,3.476,3.487,49106.81
1754045700000,3.487,3.49,3.439,3.444,162252.61
1754046000000,3.445,3.457,3.409,3.412,173830.27
1754046300000,3.412,3.425,3.408,3.424,44806.44
1754046600000,3.425,3.448,3.425,3.446,41107.81
1754046900000,3.446,3.448,3.437,3.44,41452.22
1754047200000,3.439,3.445,3.429,3.431,48357.8
1754047500000,3.43,3.438,3.43,3.436,30089.33
1754047800000,3.435,3.44,3.426,3.436,52484.58
1754048100000,3.436,3.453,3.428,3.448,54195.47
1754048400000,3.447,3.46,3.444,3.455,50645.68
1754048700000,3.454,3.478,3.451,3.476,78117.6
1754049000000,3.477,3.487,3.476,3.486,72565.29
1754049300000,3.486,3.49,3.478,3.486,71164.4
1754049600000,3.487,3.507,3.474,3.498,175689.94
1754049900000,3.499,3.516,3.494,3.514,98920.91
1754050200000,3.513,3.514,3.503,3.507,66946.42
1754050500000,3.508,3.509,3.494,3.497,50043.94
1754050800000,3.497,3.501,3.492,3.5,25437.67
1754051100000,3.5,3.5,3.49,3.496,28711.2
1754051400000,3.495,3.531,3.478,3.51,217708.05
1754051700000,3.509,3.519,3.501,3.508,29827.83
1754052000000,3.507,3.52,3.504,3.518,42416.16
1754052300000,3.517,3.529,3.509,3.519,38137.53
1754052600000,3.519,3.522,3.503,3.519,37767.96
1754052900000,3.519,3.52,3.504,3.508,22682.18
1754053200000,3.508,3.519,3.493,3.504,117849.35
1754053500000,3.503,3.512,3.496,3.506,43155.85
1754053800000,3.506,3.511,3.502,3.502,20937.62
1754054100000,3.501,3.512,3.497,3.504,27656.26
1754054400000,3.504,3.504,3.483,3.492,28683.3
1754054700000,3.491,3.491,3.47,3.474,47604.38
1754055000000,3.473,3.482,3.465,3.481,36714.33
1754055300000,3.481,3.495,3.481,3.484,44900.15
1754055600000,3.483,3.49,3.463,3.465,59040.79
1754055900000,3.465,3.477,3.454,3.46,79589.68
1754056200000,3.46,3.461,3.442,3.447,115149.15
1754056500000,3.447,3.467,3.444,3.466,51566.91
1754056800000,3.465,3.465,3.443,3.452,73385.83
1754057100000,3.452,3.487,3.452,3.485,46128.12
1754057400000,3.485,3.496,3.484,3.484,50021.37
1754057700000,3.484,3.501,3.483,3.498,47309.73
1754058000000,3.499,3.525,3.498,3.501,162427.44
1754058300000,3.502,3.55,3.501,3.53,199739.99
1754058600000,3.529,3.559,3.52,3.558,152113.59
1754058900000,3.558,3.577,3.541,3.551,201800.13
1754059200000,3.551,3.553,3.534,3.539,73131.83
1754059500000,3.54,3.55,3.53,3.549,95684.04
1754059800000,3.549,3.574,3.543,3.561,178627.26
1754060100000,3.561,3.563,3.546,3.554,106374.41
1754060400000,3.553,3.559,3.528,3.529,133727.02
1754060700000,3.529,3.529,3.501,3.501,89549.01
1754061000000,3.501,3.502,3.48,3.482,95743.12
1754061300000,3.481,3.487,3.454,3.458,150685.59
1754061600000,3.458,3.468,3.455,3.459,104935.45
1754061900000,3.46,3.485,3.459,3.473,76181.04
1754062200000,3.473,3.475,3.466,3.474,26287.45
1754062500000,3.473,3.504,3.472,3.502,74696.34
1754062800000,3.503,3.528,3.499,3.519,104388.82
1754063100000,3.519,3.534,3.517,3.527,89929.57
1754063400000,3.526,3.547,3.523,3.545,95110.31
1754063700000,3.544,3.547,3.533,3.542,49632.83
1754064000000,3.542,3.546,3.531,3.545,49206.28
1754064300000,3.546,3.56,3.542,3.559,52633.49
1754064600000,3.558,3.581,3.558,3.578,103329.7
1754064900000,3.578,3.599,3.57,3.596,154757.63
1754065200000,3.596,3.599,3.573,3.598,98728.01
1754065500000,3.597,3.609,3.589,3.591,164715.63
1754065800000,3.592,3.594,3.567,3.582,84464.13
1754066100000,3.583,3.587,3.573,3.579,62739.43
1754066400000,3.579,3.637,3.567,3.631,263791.95
1754066700000,3.631,3.636,3.611,3.631,152346.59
1754067000000,3.631,3.653,3.622,3.633,226133.02
1754067300000,3.633,3.636,3.598,3.609,81765.0
1754067600000,3.608,3.61,3.583,3.588,72951.7
1754067900000,3.587,3.592,3.569,3.569,93615.6
1754068200000,3.57,3.582,3.565,3.566,34808.12
1754068500000,3.566,3.588,3.564,3.584,56006.8
1754068800000,3.584,3.607,3.581,3.598,48357.86
1754069100000,3.597,3.605,3.581,3.603,41884.8
1754069400000,3.603,3.627,3.599,3.615,163471.46
1754069700000,3.615,3.624,3.591,3.618,40561.0
1754070000000,3.619,3.636,3.612,3.616,77588.3
1754070300000,3.616,3.618,3.586,3.589,27592.23
1754070600000,3.59,3.606,3.587,3.598,22078.97
1754070900000,3.597,3.602,3.585,3.599,88214.43
1754071200000,3.599,3.604,3.577,3.578,62139.73
1754071500000,3.577,3.584,3.57,3.576,72177.77
1754071800000,3.575,3.578,3.534,3.549,213225.63
1754072100000,3.549,3.571,3.537,3.547,78182.12
1754072400000,3.548,3.57,3.547,3.561,125294.32
1754072700000,3.561,3.599,3.561,3.586,70983.79
1754073000000,3.585,3.618,3.583,3.602,137029.94
1754073300000,3.601,3.616,3.593,3.607,174898.41
1754073600000,3.607,3.638,3.601,3.613,162055.31
1754073900000,3.612,3.626,3.603,3.606,221359.12
1754074200000,3.606,3.614,3.592,3.604,70831.16
1754074500000,3.605,3.613,3.596,3.609,72151.43
1754074800000,3.608,3.62,3.601,3.601,65764.58
1754075100000,3.601,3.619,3.597,3.618,50063.5
1754075400000,3.617,3.619,3.601,3.613,110052.61
1754075700000,3.612,3.633,3.609,3.631,130349.72
1754076000000,3.63,3.64,3.613,3.617,154727.37
1754076300000,3.617,3.632,3.61,3.63,68975.09
1754076600000,3.63,3.649,3.615,3.647,116755.17
1754076900000,3.647,3.68,3.615,3.616,525745.57
1754077200000,3.615,3.635,3.558,3.603,456516.25
1754077500000,3.603,3.635,3.599,3.631,113349.61
1754077800000,3.631,3.648,3.626,3.646,57023.46
1754078100000,3.646,3.65,3.623,3.642,208063.22
1754078400000,3.641,3.65,3.615,3.615,121614.68
1754078700000,3.616,3.622,3.584,3.601,119762.32
1754079000000,3.6,3.602,3.567,3.573,135031.93
1754079300000,3.572,3.58,3.548,3.571,254325.61
1754079600000,3.57,3.583,3.563,3.574,88899.12
1754079900000,3.574,3.595,3.574,3.595,63589.25
1754080200000,3.595,3.598,3.566,3.57,50047.45
1754080500000,3.569,3.575,3.56,3.56,46798.06
1754080800000,3.561,3.564,3.541,3.563,45715.21
1754081100000,3.562,3.571,3.548,3.566,38804.49
1754081400000,3.567,3.576,3.551,3.576,35386.04
1754081700000,3.575,3.609,3.572,3.6,101133.86
1754082000000,3.6,3.637,3.599,3.637,113802.61
1754082300000,3.636,3.643,3.612,3.612,91404.33
1754082600000,3.611,3.639,3.609,3.639,63065.17
1754082900000,3.64,3.646,3.609,3.613,69644.94
1754083200000,3.614,3.64,3.607,3.626,129431.04
1754083500000,3.626,3.64,3.623,3.63,41841.8
1754083800000,3.63,3.63,3.561,3.597,157124.88
1754084100000,3.596,3.604,3.572,3.601,34569.54
1754084400000,3.6,3.605,3.594,3.601,37981.86
1754084700000,3.602,3.615,3.601,3.605,29411.48
1754085000000,3.605,3.629,3.602,3.628,52214.88
1754085300000,3.627,3.63,3.599,3.604,33943.36
1754085600000,3.603,3.619,3.601,3.601,29271.71
1754085900000,3.602,3.603,3.524,3.525,166040.61
1754086200000,3.526,3.549,3.525,3.547,67528.54
1754086500000,3.547,3.557,3.539,3.552,41204.94
1754086800000,3.552,3.554,3.52,3.536,111419.12
1754087100000,3.537,3.544,3.508,3.54,82673.49
1754087400000,3.541,3.548,3.512,3.525,103916.46
1754087700000,3.525,3.53,3.513,3.515,59815.85
1754088000000,3.514,3.522,3.497,3.519,105183.42
1754088300000,3.52,3.523,3.492,3.501,57161.0
1754088600000,3.501,3.521,3.498,3.513,55458.58
1754088900000,3.514,3.526,3.512,3.514,92286.22
1754089200000,3.514,3.522,3.505,3.517,135412.71
1754089500000,3.517,3.554,3.516,3.55,147263.44
1754089800000,3.55,3.558,3.546,3.554,51094.03
1754090100000,3.553,3.563,3.543,3.563,47318.43
1754090400000,3.562,3.571,3.559,3.57,35859.06
1754090700000,3.569,3.578,3.566,3.574,64557.53
1754091000000,3.574,3.578,3.553,3.561,31368.51
1754091300000,3.561,3.566,3.553,3.556,66354.27
1754091600000,3.555,3.573,3.555,3.573,25782.31
1754091900000,3.574,3.578,3.569,3.575,34774.38
1754092200000,3.575,3.581,3.569,3.58,19530.34
1754092500000,3.58,3.583,3.562,3.564,33685.88
1754092800000,3.565,3.581,3.561,3.571,56551.13
1754093100000,3.571,3.586,3.562,3.584,46825.25
1754093400000,3.585,3.597,3.583,3.591,56007.01
1754093700000,3.591,3.619,3.591,3.614,87924.18
1754094000000,3.615,3.628,3.61,3.624,54406.74
1754094300000,3.625,3.627,3.608,3.609,44912.78
1754094600000,3.609,3.617,3.595,3.617,34041.88
1754094900000,3.617,3.628,3.615,3.619,42255.59
1754095200000,3.619,3.623,3.615,3.618,30071.81
1754095500000,3.618,3.624,3.615,3.616,38340.98
1754095800000,3.616,3.626,3.609,3.62,84128.55
1754096100000,3.62,3.629,3.62,3.626,54271.17
1754096400000,3.627,3.641,3.625,3.636,81158.01
1754096700000,3.637,3.639,3.622,3.627,26254.93
1754097000000,3.628,3.67,3.625,3.643,186139.41
1754097300000,3.644,3.698,3.643,3.685,353990.95
1754097600000,3.686,3.69,3.662,3.663,60595.84
1754097900000,3.664,3.67,3.652,3.664,31105.42
1754098200000,3.664,3.669,3.648,3.656,17325.8
1754098500000,3.655,3.689,3.643,3.67,102150.39
1754098800000,3.671,3.69,3.667,3.689,60985.61
1754099100000,3.689,3.696,3.678,3.678,61508.74
1754099400000,3.678,3.686,3.674,3.68,16716.05
1754099700000,3.681,3.697,3.679,3.691,38125.52
1754100000000,3.691,3.695,3.682,3.685,38780.98
1754100300000,3.685,3.685,3.669,3.669,21474.79
1754100600000,3.669,3.673,3.655,3.656,45619.51
1754100900000,3.655,3.662,3.647,3.647,21282.09
1754101200000,3.648,3.651,3.626,3.636,73735.36
1754101500000,3.635,3.64,3.626,3.629,40071.76
1754101800000,3.63,3.649,3.627,3.641,35371.86
1754102100000,3.64,3.646,3.62,3.641,231192.01
1754102400000,3.641,3.661,3.641,3.655,33265.14
1754102700000,3.655,3.662,3.645,3.645,14486.17
1754103000000,3.644,3.665,3.643,3.65,53483.28
1754103300000,3.651,3.653,3.647,3.653,10835.22
1754103600000,3.653,3.666,3.652,3.666,26061.72
1754103900000,3.665,3.672,3.66,3.669,50303.52
1754104200000,3.669,3.67,3.66,3.666,13678.52
1754104500000,3.665,3.665,3.647,3.647,33371.89
1754104800000,3.647,3.648,3.634,3.642,52958.87
1754105100000,3.642,3.655,3.642,3.643,24580.81
1754105400000,3.643,3.647,3.639,3.643,10201.4
1754105700000,3.643,3.653,3.643,3.648,27831.64
1754106000000,3.648,3.651,3.64,3.644,17588.86
1754106300000,3.644,3.657,3.644,3.656,7479.68
1754106600000,3.656,3.657,3.647,3.655,12299.43
1754106900000,3.655,3.658,3.65,3.65,38741.39
1754107200000,3.651,3.655,3.646,3.655,33965.57
1754107500000,3.656,3.656,3.638,3.64,11946.83
1754107800000,3.64,3.656,3.638,3.654,17638.35
1754108100000,3.655,3.656,3.649,3.652,14243.14
1754108400000,3.652,3.672,3.652,3.657,31936.79
1754108700000,3.656,3.669,3.654,3.667,20357.37
1754109000000,3.666,3.668,3.655,3.668,14819.33
1754109300000,3.668,3.68,3.667,3.678,34931.7
1754109600000,3.678,3.688,3.674,3.686,57043.04
1754109900000,3.687,3.691,3.679,3.686,31377.7
1754110200000,3.685,3.694,3.68,3.687,47888.46
1754110500000,3.687,3.698,3.687,3.694,37084.88
1754110800000,3.694,3.702,3.693,3.7,80959.45
1754111100000,3.7,3.723,3.698,3.699,228846.73
1754111400000,3.7,3.701,3.668,3.67,67135.66
1754111700000,3.67,3.685,3.662,3.682,39528.79
1754112000000,3.682,3.701,3.682,3.69,59418.61
1754112300000,3.69,3.701,3.688,3.691,18509.2
1754112600000,3.69,3.694,3.681,3.682,52807.33
1754112900000,3.682,3.684,3.646,3.656,240823.14
1754113200000,3.656,3.666,3.654,3.662,37359.31
1754113500000,3.662,3.667,3.66,3.664,47693.26
1754113800000,3.664,3.673,3.663,3.668,25470.22
1754114100000,3.668,3.668,3.661,3.666,12946.98
1754114400000,3.665,3.669,3.65,3.651,16776.12
1754114700000,3.651,3.652,3.641,3.641,31548.65
1754115000000,3.642,3.646,3.637,3.643,18807.72
1754115300000,3.643,3.645,3.623,3.626,66727.47
1754115600000,3.626,3.627,3.611,3.616,88449.82
1754115900000,3.615,3.618,3.606,3.609,60481.45
1754116200000,3.609,3.612,3.597,3.599,46432.21
1754116500000,3.599,3.607,3.581,3.583,77408.16
1754116800000,3.583,3.593,3.575,3.588,69224.07
1754117100000,3.589,3.618,3.588,3.608,56670.87
1754117400000,3.608,3.623,3.608,3.611,41097.52
1754117700000,3.612,3.616,3.6,3.609,76970.45
1754118000000,3.61,3.621,3.608,3.616,42129.61
1754118300000,3.617,3.617,3.576,3.578,54197.41
1754118600000,3.577,3.593,3.572,3.584,66028.23
1754118900000,3.585,3.6,3.583,3.6,19024.46
1754119200000,3.6,3.619,3.595,3.617,20697.67
1754119500000,3.618,3.621,3.609,3.613,15890.35
1754119800000,3.613,3.627,3.606,3.616,21470.23
1754120100000,3.616,3.622,3.608,3.621,16921.48
1754120400000,3.622,3.631,3.614,3.615,39485.48
1754120700000,3.614,3.62,3.608,3.615,30100.22
1754121000000,3.614,3.617,3.606,3.612,47851.77
1754121300000,3.612,3.635,3.612,3.632,20459.99
1754121600000,3.632,3.635,3.606,3.609,24561.3
1754121900000,3.608,3.624,3.607,3.611,11603.96
1754122200000,3.61,3.617,3.601,3.612,22014.98
1754122500000,3.612,3.622,3.612,3.613,24542.93
1754122800000,3.613,3.614,3.596,3.605,60212.08
1754123100000,3.605,3.616,3.603,3.613,31992.3
1754123400000,3.613,3.614,3.592,3.598,39326.06
1754123700000,3.598,3.609,3.591,3.605,34463.69
1754124000000,3.606,3.61,3.599,3.601,10023.61
1754124300000,3.602,3.615,3.593,3.607,51740.86
1754124600000,3.607,3.607,3.591,3.592,34507.89
1754124900000,3.592,3.597,3.576,3.578,67806.3
1754125200000,3.578,3.587,3.572,3.583,47822.48
1754125500000,3.583,3.585,3.575,3.578,28425.72
1754125800000,3.579,3.597,3.578,3.587,70006.76
1754126100000,3.586,3.593,3.573,3.577,41567.84
1754126400000,3.577,3.581,3.572,3.575,20159.57
1754126700000,3.574,3.574,3.562,3.567,55651.07
1754127000000,3.567,3.582,3.561,3.575,20615.84
1754127300000,3.575,3.584,3.569,3.575,29519.28
1754127600000,3.575,3.578,3.569,3.57,8376.91
1754127900000,3.57,3.582,3.568,3.578,8034.29
1754128200000,3.579,3.591,3.579,3.583,34982.56
1754128500000,3.583,3.59,3.577,3.586,45538.77
1754128800000,3.585,3.585,3.565,3.57,50767.85
1754129100000,3.57,3.581,3.562,3.564,77773.42
1754129400000,3.564,3.566,3.551,3.553,63246.88
1754129700000,3.552,3.556,3.544,3.554,61732.75
1754130000000,3.554,3.572,3.554,3.57,50395.44
1754130300000,3.57,3.576,3.566,3.569,8209.3
1754130600000,3.57,3.579,3.562,3.576,55674.53
1754130900000,3.576,3.58,3.565,3.567,30159.99
1754131200000,3.567,3.584,3.566,3.578,37529.8
1754131500000,3.577,3.591,3.577,3.587,31003.64
1754131800000,3.587,3.615,3.587,3.614,184246.12
1754132100000,3.614,3.621,3.61,3.612,70618.27
1754132400000,3.612,3.612,3.591,3.593,43930.69
1754132700000,3.592,3.594,3.58,3.581,30960.2
1754133000000,3.581,3.585,3.576,3.579,22052.81
1754133300000,3.579,3.583,3.577,3.578,14772.42
1765152000000,1.616,1.616,1.608,1.609,17698.3
1765152300000,1.609,1.612,1.606,1.61,14606.72
1765152600000,1.61,1.61,1.607,1.609,9437.52
1765152900000,1.609,1.611,1.604,1.604,23317.0
1765153200000,1.605,1.612,1.603,1.612,10801.95
1765153500000,1.611,1.613,1.61,1.612,4748.2
1765153800000,1.612,1.612,1.607,1.61,11832.3
1765154100000,1.611,1.615,1.61,1.614,13850.16
1765154400000,1.614,1.616,1.612,1.613,11156.97
1765154700000,1.613,1.613,1.607,1.611,12384.36
1765155000000,1.61,1.611,1.609,1.611,3464.93
1765155300000,1.61,1.611,1.608,1.609,5632.92
1765155600000,1.608,1.611,1.606,1.609,14943.37
1765155900000,1.609,1.615,1.609,1.614,5925.46
1765156200000,1.613,1.617,1.612,1.614,9426.9
1765156500000,1.614,1.614,1.611,1.611,6808.44
1765156800000,1.61,1.615,1.61,1.614,15626.35
1765157100000,1.614,1.625,1.614,1.624,35469.0
1765157400000,1.624,1.638,1.624,1.633,83220.48
1765157700000,1.634,1.645,1.634,1.643,37416.54
1765158000000,1.644,1.645,1.636,1.637,17706.04
1765158300000,1.637,1.64,1.635,1.639,16755.83
1765158600000,1.638,1.638,1.634,1.635,14921.23
1765158900000,1.635,1.636,1.624,1.628,64670.57
1765159200000,1.627,1.632,1.625,1.629,29189.27
1765159500000,1.629,1.633,1.626,1.629,24256.99
1765159800000,1.63,1.632,1.629,1.63,10971.52
1765160100000,1.63,1.632,1.628,1.628,32230.76
1765160400000,1.628,1.631,1.628,1.631,3765.85
1765160700000,1.631,1.636,1.629,1.636,62986.23
1765161000000,1.636,1.639,1.633,1.638,29472.72
1765161300000,1.637,1.649,1.625,1.626,191072.05
1765161600000,1.626,1.633,1.626,1.631,22603.57
1765161900000,1.632,1.633,1.629,1.629,9365.9
1765162200000,1.63,1.631,1.627,1.629,15325.66
1765162500000,1.629,1.634,1.629,1.629,11339.25
1765162800000,1.629,1.631,1.625,1.628,25998.02
1765163100000,1.628,1.629,1.625,1.625,10007.66
1765163400000,1.626,1.628,1.624,1.626,5186.33
1765163700000,1.626,1.628,1.625,1.627,23231.74
1765164000000,1.628,1.629,1.627,1.629,8327.46
1765164300000,1.629,1.631,1.628,1.628,10825.49
1765164600000,1.628,1.628,1.623,1.625,36412.42
1765164900000,1.624,1.626,1.621,1.622,16839.75
1765165200000,1.621,1.622,1.618,1.618,27505.83
1765165500000,1.618,1.621,1.617,1.619,14890.16
1765165800000,1.62,1.621,1.618,1.618,6162.99
1765166100000,1.619,1.62,1.618,1.619,5276.38
1765166400000,1.618,1.626,1.618,1.623,14862.11
1765166700000,1.622,1.623,1.618,1.623,11396.72
1765167000000,1.623,1.625,1.62,1.621,5413.02
1765167300000,1.621,1.623,1.62,1.62,17786.09
1765167600000,1.62,1.621,1.619,1.619,4230.46
1765167900000,1.62,1.623,1.618,1.618,17404.24
1765168200000,1.619,1.628,1.618,1.625,13576.38
1765168500000,1.626,1.627,1.619,1.62,14045.47
1765168800000,1.62,1.62,1.615,1.618,13369.41
1765169100000,1.618,1.619,1.616,1.618,5679.97
1765169400000,1.618,1.618,1.616,1.616,3688.54
1765169700000,1.616,1.617,1.614,1.615,11068.02
1765170000000,1.615,1.615,1.611,1.612,12766.68
1765170300000,1.611,1.613,1.61,1.612,8249.06
1765170600000,1.611,1.614,1.61,1.613,23847.6
1765170900000,1.614,1.615,1.612,1.615,11496.95
1765171200000,1.614,1.618,1.613,1.617,7491.85
1765171500000,1.616,1.617,1.614,1.615,3659.35
1765171800000,1.615,1.62,1.615,1.619,5275.14
1765172100000,1.62,1.624,1.618,1.619,23645.12
1765172400000,1.62,1.623,1.618,1.622,21759.39
1765172700000,1.621,1.625,1.621,1.624,10469.68
1765173000000,1.624,1.624,1.62,1.623,8308.1
1765173300000,1.623,1.624,1.621,1.624,6365.17
1765173600000,1.624,1.627,1.623,1.626,11510.99
1765173900000,1.626,1.627,1.62,1.621,35763.49
1765174200000,1.621,1.627,1.621,1.626,16167.37
1765174500000,1.626,1.63,1.625,1.625,37993.9
1765174800000,1.626,1.627,1.621,1.622,17463.29
1765175100000,1.621,1.624,1.621,1.623,12009.91
1765175400000,1.623,1.627,1.623,1.627,9125.34
1765175700000,1.626,1.629,1.624,1.629,10070.1
1765176000000,1.628,1.657,1.626,1.645,643186.47
1765176300000,1.645,1.655,1.645,1.652,91981.59
1765176600000,1.651,1.654,1.648,1.653,30370.29
1765176900000,1.654,1.654,1.649,1.649,16208.64
1765177200000,1.65,1.653,1.644,1.647,28079.41
1765177500000,1.646,1.647,1.644,1.647,10441.87
1765177800000,1.647,1.648,1.643,1.644,12528.33
1765178100000,1.645,1.646,1.643,1.645,4117.5
1765178400000,1.645,1.649,1.644,1.647,7269.01
1765178700000,1.648,1.65,1.647,1.648,16825.04
1765179000000,1.649,1.649,1.646,1.647,7888.34
1765179300000,1.647,1.648,1.641,1.642,9959.83
1765179600000,1.641,1.646,1.641,1.644,8171.85
1765179900000,1.644,1.645,1.641,1.641,41305.75
1765180200000,1.642,1.647,1.64,1.646,65190.47
1765180500000,1.646,1.647,1.644,1.647,11124.65
1765180800000,1.646,1.648,1.639,1.642,10046.67
1765181100000,1.641,1.644,1.639,1.644,17180.29
1765181400000,1.644,1.65,1.644,1.649,29265.75
1765181700000,1.65,1.653,1.65,1.653,14093.95
1765182000000,1.653,1.654,1.651,1.652,7522.12
1765182300000,1.653,1.654,1.65,1.654,7989.25
1765182600000,1.654,1.655,1.65,1.654,27899.25
1765182900000,1.653,1.656,1.652,1.655,2940.26
1765183200000,1.655,1.658,1.654,1.658,10640.99
1765183500000,1.658,1.66,1.653,1.655,17036.94
1765183800000,1.655,1.657,1.653,1.657,7987.19
1765184100000,1.656,1.658,1.654,1.655,19516.24
1765184400000,1.655,1.663,1.654,1.659,81250.25
1765184700000,1.659,1.674,1.659,1.672,168561.15
1765185000000,1.672,1.676,1.67,1.672,43248.61
1765185300000,1.672,1.675,1.67,1.673,17590.73
1765185600000,1.673,1.676,1.672,1.675,15205.88
1765185900000,1.674,1.677,1.673,1.676,34754.76
1765186200000,1.676,1.68,1.673,1.679,78350.74
1765186500000,1.679,1.679,1.673,1.677,26512.08
1765186800000,1.676,1.677,1.673,1.675,17778.41
1765187100000,1.675,1.676,1.668,1.669,16094.35
1765187400000,1.668,1.672,1.667,1.669,30793.8
1765187700000,1.668,1.668,1.665,1.666,14582.24
1765188000000,1.666,1.67,1.666,1.668,25995.27
1765188300000,1.668,1.67,1.666,1.668,23738.66
1765188600000,1.668,1.669,1.661,1.661,27857.72
1765188900000,1.661,1.661,1.657,1.661,11766.15
1765189200000,1.661,1.661,1.655,1.659,20898.26
1765189500000,1.659,1.662,1.659,1.659,6036.21
1765189800000,1.66,1.66,1.653,1.655,22288.09
1765190100000,1.656,1.657,1.652,1.653,12673.2
1765190400000,1.654,1.657,1.652,1.656,16794.51
1765190700000,1.656,1.657,1.654,1.655,14450.43
1765191000000,1.655,1.668,1.654,1.667,29139.33
1765191300000,1.667,1.669,1.661,1.664,27695.65
1765191600000,1.663,1.665,1.659,1.66,30829.35
1765191900000,1.66,1.667,1.659,1.664,96932.31
1765192200000,1.664,1.665,1.66,1.663,28182.94
1765192500000,1.662,1.664,1.661,1.664,9553.08
1765192800000,1.664,1.667,1.663,1.666,8879.91
1765193100000,1.665,1.666,1.663,1.663,6355.92
1765193400000,1.663,1.664,1.658,1.662,12073.78
1765193700000,1.661,1.664,1.66,1.662,14344.17
1765194000000,1.662,1.664,1.659,1.661,17069.96
1765194300000,1.66,1.661,1.656,1.656,18078.44
1765194600000,1.656,1.657,1.655,1.656,2750.07
1765194900000,1.657,1.658,1.655,1.656,9637.27
1765195200000,1.656,1.657,1.652,1.652,7165.57
1765195500000,1.652,1.656,1.65,1.651,42792.86
1765195800000,1.651,1.652,1.648,1.651,47654.83
1765196100000,1.651,1.652,1.649,1.652,14232.2
1765196400000,1.652,1.655,1.651,1.654,5957.84
1765196700000,1.654,1.656,1.652,1.655,8871.78
1765197000000,1.655,1.656,1.652,1.652,12918.31
1765197300000,1.653,1.656,1.65,1.65,13040.42
1765197600000,1.65,1.651,1.649,1.65,9819.78
1765197900000,1.65,1.659,1.65,1.657,37892.89
1765198200000,1.656,1.662,1.655,1.662,19909.76
1765198500000,1.662,1.665,1.661,1.664,22782.86
1765198800000,1.664,1.665,1.661,1.661,14321.99
1765199100000,1.661,1.666,1.661,1.663,13444.96
1765199400000,1.664,1.669,1.663,1.667,16679.68
1765199700000,1.667,1.668,1.66,1.664,52716.03
1765200000000,1.664,1.664,1.657,1.658,106932.05
1765200300000,1.658,1.663,1.658,1.661,15030.7
1765200600000,1.661,1.664,1.66,1.662,18689.38
1765200900000,1.662,1.663,1.661,1.662,5709.08
1765201200000,1.661,1.663,1.657,1.662,31506.17
1765201500000,1.662,1.666,1.662,1.662,6027.6
1765201800000,1.662,1.663,1.659,1.662,13375.28
1765202100000,1.662,1.662,1.655,1.655,34973.49
1765202400000,1.655,1.658,1.653,1.658,21080.79
1765202700000,1.658,1.659,1.656,1.658,8563.49
1765203000000,1.658,1.66,1.657,1.66,5618.35
1765203300000,1.66,1.661,1.659,1.66,4045.88
1765203600000,1.66,1.66,1.655,1.656,10374.86
1765203900000,1.657,1.663,1.653,1.662,42616.47
1765204200000,1.662,1.672,1.66,1.668,31413.41
1765204500000,1.668,1.668,1.655,1.66,29777.08
1765204800000,1.659,1.669,1.657,1.667,64961.18
1765205100000,1.667,1.67,1.662,1.664,31289.23
1765205400000,1.664,1.667,1.663,1.665,10535.12
1765205700000,1.665,1.665,1.656,1.657,29637.38
1765206000000,1.658,1.66,1.65,1.66,65279.98
1765206300000,1.659,1.661,1.65,1.653,31171.81
1765206600000,1.652,1.655,1.641,1.647,105661.01
1765206900000,1.647,1.652,1.643,1.646,42017.42
1765207200000,1.647,1.649,1.639,1.641,21785.31
1765207500000,1.64,1.641,1.634,1.639,64675.58
1765207800000,1.639,1.647,1.636,1.646,23646.12
1765208100000,1.645,1.645,1.635,1.635,12933.68
1765208400000,1.635,1.637,1.63,1.632,79874.68
1765208700000,1.631,1.636,1.63,1.634,18613.9
1765209000000,1.635,1.641,1.634,1.641,11401.39
1765209300000,1.64,1.644,1.639,1.64,20243.97
1765209600000,1.639,1.64,1.631,1.633,29379.54
1765209900000,1.633,1.64,1.633,1.638,13651.95
1765210200000,1.638,1.64,1.634,1.634,9283.14
1765210500000,1.634,1.638,1.633,1.638,12754.07
1765210800000,1.638,1.647,1.638,1.646,13134.06
1765211100000,1.645,1.649,1.643,1.648,12854.27
1765211400000,1.647,1.651,1.645,1.645,27916.16
1765211700000,1.646,1.646,1.641,1.644,13551.54
1765212000000,1.644,1.646,1.64,1.641,63387.72
1765212300000,1.64,1.644,1.636,1.636,13206.99
1765212600000,1.636,1.641,1.636,1.638,7480.5
1765212900000,1.637,1.639,1.637,1.638,3257.61
1765213200000,1.638,1.64,1.62,1.632,166431.87
1765213500000,1.633,1.638,1.633,1.635,20258.23
1765213800000,1.636,1.637,1.634,1.635,6383.11
1765214100000,1.634,1.64,1.633,1.637,18035.78
1765214400000,1.637,1.637,1.629,1.631,61648.3
1765214700000,1.63,1.631,1.628,1.63,6607.25
1765215000000,1.629,1.633,1.627,1.632,24893.6
1765215300000,1.631,1.632,1.622,1.623,50098.1
1765215600000,1.623,1.625,1.62,1.623,23787.15
1765215900000,1.623,1.623,1.619,1.622,16836.99
1765216200000,1.622,1.626,1.619,1.625,12488.96
1765216500000,1.625,1.63,1.623,1.626,12234.0
1765216800000,1.626,1.629,1.624,1.626,14255.51
1765217100000,1.626,1.629,1.625,1.626,11579.66
1765217400000,1.627,1.63,1.626,1.627,11926.78
1765217700000,1.627,1.631,1.626,1.629,7366.8
1765218000000,1.63,1.632,1.63,1.63,21880.27
1765218300000,1.629,1.63,1.619,1.621,13223.16
1765218600000,1.62,1.622,1.618,1.62,13256.01
1765218900000,1.621,1.626,1.62,1.624,10084.89
1765219200000,1.624,1.628,1.622,1.628,6928.88
1765219500000,1.628,1.629,1.625,1.625,10710.08
1765219800000,1.626,1.627,1.621,1.623,5927.31
1765220100000,1.623,1.623,1.614,1.619,67458.77
1765220400000,1.619,1.623,1.618,1.622,6215.17
1765220700000,1.622,1.625,1.621,1.623,11027.56
1765221000000,1.624,1.625,1.619,1.621,7526.42
1765221300000,1.621,1.622,1.618,1.619,13295.67
1765221600000,1.618,1.622,1.618,1.621,5520.57
1765221900000,1.621,1.626,1.621,1.625,12706.02
1765222200000,1.624,1.628,1.623,1.628,5959.89
1765222500000,1.627,1.628,1.625,1.626,8586.71
1765222800000,1.626,1.626,1.624,1.626,2430.06
1765223100000,1.626,1.629,1.625,1.628,3851.35
1765223400000,1.629,1.633,1.629,1.632,17443.79
1765223700000,1.632,1.632,1.624,1.627,10053.52
1765224000000,1.627,1.63,1.626,1.63,5059.08
1765224300000,1.63,1.634,1.628,1.633,10048.28
1765224600000,1.632,1.633,1.63,1.632,3234.96
1765224900000,1.632,1.633,1.629,1.632,5091.59
1765225200000,1.633,1.633,1.63,1.632,4431.49
1765225500000,1.632,1.633,1.631,1.631,9141.53
1765225800000,1.632,1.634,1.631,1.631,6429.06
1765226100000,1.63,1.631,1.627,1.63,9876.36
1765226400000,1.631,1.634,1.629,1.634,4219.57
1765226700000,1.633,1.637,1.633,1.634,4614.02
1765227000000,1.635,1.64,1.634,1.638,14450.19
1765227300000,1.638,1.64,1.635,1.638,30697.49
1765227600000,1.638,1.639,1.636,1.639,7595.33
1765227900000,1.638,1.643,1.638,1.64,17556.23
1765228200000,1.64,1.641,1.635,1.635,7761.55
1765228500000,1.635,1.638,1.635,1.637,2746.81
1765228800000,1.637,1.641,1.637,1.639,4511.79
1765229100000,1.639,1.643,1.638,1.642,10044.19
1765229400000,1.642,1.648,1.642,1.646,12784.44
1765229700000,1.646,1.647,1.641,1.641,14930.22
1765230000000,1.641,1.644,1.641,1.643,8210.11
1765230300000,1.643,1.645,1.64,1.641,2823.55
1765230600000,1.641,1.644,1.64,1.641,12506.37
1765230900000,1.642,1.647,1.64,1.646,57293.43
1765231200000,1.646,1.647,1.641,1.643,8144.2
1765231500000,1.642,1.642,1.638,1.638,2353.15
1765231800000,1.639,1.639,1.633,1.636,6650.78
1765232100000,1.636,1.639,1.635,1.637,42559.23
1765232400000,1.637,1.638,1.631,1.631,27930.77
1765232700000,1.631,1.633,1.629,1.631,26117.63
1765233000000,1.631,1.632,1.628,1.628,15059.83
1765233300000,1.628,1.628,1.624,1.626,65229.71
1765233600000,1.626,1.627,1.624,1.625,20130.11
1765233900000,1.626,1.628,1.625,1.628,14180.07
1765234200000,1.628,1.629,1.628,1.629,906.87
1765234500000,1.629,1.63,1.627,1.627,5177.73
1765234800000,1.628,1.629,1.626,1.627,10540.33
1765235100000,1.627,1.629,1.626,1.627,4912.08
1765235400000,1.626,1.627,1.624,1.624,1685.52
1765235700000,1.624,1.625,1.621,1.621,56971.46
1765236000000,1.621,1.621,1.616,1.617,13809.33
1765236300000,1.617,1.618,1.615,1.617,7193.67
1765236600000,1.617,1.62,1.617,1.617,7760.71
1765236900000,1.617,1.619,1.616,1.618,5175.32
1765237200000,1.618,1.619,1.617,1.618,3315.38
1765237500000,1.617,1.618,1.616,1.617,2116.81
1765237800000,1.618,1.619,1.617,1.619,1527.54
1765238100000,1.619,1.621,1.619,1.619,1787.03
1765238400000,1.62,1.622,1.619,1.62,8006.1
1765238700000,1.62,1.621,1.619,1.619,17305.41
1765239000000,1.62,1.624,1.62,1.624,5708.55
1765239300000,1.624,1.626,1.622,1.625,9075.21
1765239600000,1.624,1.624,1.62,1.62,4341.8
1765239900000,1.62,1.622,1.62,1.621,4299.32
1765240200000,1.62,1.62,1.613,1.615,22206.94
1765240500000,1.615,1.619,1.615,1.617,3999.21
1765240800000,1.617,1.618,1.616,1.617,3107.93
1765241100000,1.618,1.619,1.616,1.618,5111.46
1765241400000,1.617,1.618,1.614,1.614,5119.01
1765241700000,1.614,1.617,1.614,1.616,1432.39
1765242000000,1.616,1.619,1.614,1.614,12262.43
1765242300000,1.615,1.618,1.612,1.614,7894.82
1765242600000,1.614,1.617,1.614,1.617,7708.05
1765242900000,1.616,1.616,1.613,1.614,8065.58
1765243200000,1.615,1.616,1.613,1.615,5167.78
1765243500000,1.615,1.616,1.608,1.609,9074.89
1765243800000,1.609,1.612,1.608,1.61,10465.86
1765244100000,1.611,1.613,1.609,1.611,9520.39
1765244400000,1.612,1.612,1.608,1.61,5423.78
1765244700000,1.609,1.61,1.606,1.607,8677.34
1765245000000,1.607,1.61,1.606,1.609,17982.03
1765245300000,1.61,1.613,1.609,1.612,49777.97
1765245600000,1.611,1.615,1.61,1.615,16185.23
1765245900000,1.614,1.615,1.611,1.611,3175.58
1765246200000,1.612,1.613,1.608,1.609,39640.28
1765246500000,1.61,1.611,1.609,1.609,13687.53
1765246800000,1.609,1.61,1.608,1.608,2154.08
1765247100000,1.608,1.613,1.607,1.612,9081.89
1765247400000,1.612,1.613,1.609,1.609,4514.32
1765247700000,1.61,1.611,1.608,1.609,4140.43
1765248000000,1.608,1.611,1.608,1.611,8750.51
1765248300000,1.611,1.614,1.611,1.614,6226.47
1765248600000,1.613,1.614,1.609,1.61,10281.49
1765248900000,1.61,1.61,1.607,1.608,3333.69
1765249200000,1.607,1.61,1.607,1.61,7107.04
1765249500000,1.609,1.61,1.607,1.608,7444.62
1765249800000,1.608,1.61,1.607,1.609,14526.95
1765250100000,1.61,1.61,1.601,1.602,41742.57
1765250400000,1.602,1.607,1.601,1.607,33289.81
1765250700000,1.607,1.608,1.604,1.606,13959.23
1765251000000,1.606,1.613,1.606,1.611,10441.25
1765251300000,1.611,1.614,1.611,1.614,12750.75
1765251600000,1.614,1.616,1.612,1.615,7997.97
1765251900000,1.615,1.618,1.615,1.616,15044.28
1765252200000,1.617,1.617,1.615,1.615,6827.18
1765252500000,1.616,1.621,1.615,1.618,6637.47
1765252800000,1.619,1.62,1.616,1.617,6153.26
1765253100000,1.617,1.619,1.617,1.617,3426.07
1765253400000,1.618,1.619,1.617,1.618,1754.14
1765253700000,1.618,1.621,1.617,1.618,22679.26
1765254000000,1.618,1.619,1.616,1.616,4259.38
1765254300000,1.617,1.619,1.615,1.616,9402.66
1765254600000,1.616,1.617,1.612,1.613,11887.71
1765254900000,1.613,1.614,1.608,1.608,26009.41
1765255200000,1.609,1.611,1.607,1.609,19354.75
1765255500000,1.609,1.61,1.607,1.61,3135.33
1765255800000,1.609,1.609,1.607,1.607,6454.65
1765256100000,1.607,1.608,1.606,1.608,2862.54
1765256400000,1.607,1.61,1.607,1.61,1772.54
1765256700000,1.61,1.611,1.607,1.607,2851.61
1765257000000,1.607,1.61,1.605,1.608,6191.23
1765257300000,1.608,1.609,1.604,1.607,20787.09
1765257600000,1.608,1.611,1.607,1.611,44315.95
1765257900000,1.611,1.613,1.609,1.612,7395.03
1765258200000,1.611,1.614,1.609,1.612,21080.13
1765258500000,1.612,1.614,1.612,1.613,11311.03
1765258800000,1.614,1.615,1.612,1.614,2559.23
1765259100000,1.615,1.616,1.613,1.613,4242.69
1765259400000,1.614,1.614,1.61,1.61,8858.94
1765259700000,1.61,1.611,1.608,1.609,13014.91
1765260000000,1.609,1.612,1.609,1.612,3774.64
1765260300000,1.613,1.616,1.612,1.616,4314.28
1765260600000,1.615,1.616,1.612,1.614,4697.7
1765260900000,1.614,1.616,1.613,1.614,4684.37
1765261200000,1.614,1.616,1.612,1.614,6091.72
1765261500000,1.615,1.616,1.611,1.613,8814.01
1765261800000,1.613,1.615,1.612,1.612,7468.55
1765262100000,1.612,1.616,1.612,1.615,4133.34
1765262400000,1.616,1.619,1.614,1.619,6329.65
1765262700000,1.618,1.619,1.614,1.618,10079.18
1765263000000,1.617,1.619,1.615,1.618,11558.51
1765263300000,1.618,1.619,1.615,1.616,9354.44
1765263600000,1.616,1.618,1.614,1.616,9040.12
1765263900000,1.616,1.619,1.615,1.615,17602.14
1765264200000,1.615,1.616,1.615,1.615,1620.6
1765264500000,1.616,1.62,1.616,1.619,5346.49
1765264800000,1.62,1.624,1.619,1.624,2993.86
1765265100000,1.623,1.626,1.622,1.624,10945.27
1765265400000,1.624,1.626,1.623,1.625,8544.91
1765265700000,1.625,1.627,1.625,1.626,13602.72
1765266000000,1.627,1.629,1.626,1.629,10574.41
1765266300000,1.629,1.63,1.626,1.628,6883.81
1765266600000,1.628,1.629,1.625,1.626,14976.26
1765266900000,1.627,1.628,1.624,1.625,7783.91
1765267200000,1.625,1.628,1.625,1.626,13760.36
1765267500000,1.626,1.627,1.624,1.626,10025.66
1765267800000,1.625,1.627,1.624,1.627,5561.4
1765268100000,1.627,1.629,1.627,1.628,4382.41
1765268400000,1.627,1.627,1.624,1.625,4961.33
1765268700000,1.624,1.626,1.624,1.624,2817.99
1765269000000,1.624,1.625,1.623,1.625,5159.87
1765269300000,1.625,1.626,1.624,1.626,14718.68
1765269600000,1.626,1.628,1.626,1.628,7282.35
1765269900000,1.627,1.629,1.626,1.626,6221.42
1765270200000,1.626,1.629,1.626,1.628,2615.82
1765270500000,1.629,1.63,1.627,1.628,10012.57
1765270800000,1.628,1.628,1.626,1.626,3393.78
1765271100000,1.626,1.627,1.624,1.625,16677.89
1765271400000,1.626,1.626,1.624,1.624,7503.56
1765271700000,1.624,1.625,1.622,1.624,13557.88
1765272000000,1.624,1.624,1.622,1.624,6636.22
1765272300000,1.623,1.624,1.621,1.622,8873.03
1765272600000,1.621,1.622,1.619,1.619,10539.0
1765272900000,1.62,1.62,1.617,1.617,8790.21
1765273200000,1.617,1.618,1.615,1.615,10550.39
1765273500000,1.615,1.618,1.614,1.618,10118.09
1765273800000,1.618,1.619,1.617,1.619,8840.2
1765274100000,1.619,1.619,1.617,1.617,4371.78
1765274400000,1.618,1.619,1.616,1.618,9290.88
1765274700000,1.617,1.617,1.611,1.612,18212.98
1765275000000,1.612,1.619,1.612,1.619,12243.07
1765275300000,1.618,1.62,1.617,1.618,10847.86
1765275600000,1.617,1.617,1.615,1.615,6130.99
1765275900000,1.616,1.617,1.615,1.616,2626.81
1765276200000,1.617,1.617,1.614,1.617,3244.59
1765276500000,1.616,1.618,1.607,1.609,36260.56
1765276800000,1.608,1.613,1.607,1.611,13376.16
1765277100000,1.611,1.612,1.609,1.61,7843.47
1765277400000,1.611,1.615,1.611,1.614,8614.51
1765277700000,1.614,1.615,1.613,1.614,8124.6
1765278000000,1.614,1.617,1.613,1.616,7598.44
1765278300000,1.617,1.619,1.616,1.617,10011.74
1765278600000,1.618,1.618,1.615,1.616,2696.03
1765278900000,1.615,1.616,1.612,1.614,57088.28
1765279200000,1.614,1.618,1.613,1.617,7905.7
1765279500000,1.616,1.618,1.616,1.618,7930.12
1765279800000,1.618,1.618,1.615,1.616,7806.4
1765280100000,1.615,1.616,1.613,1.613,8181.73
1765280400000,1.613,1.617,1.613,1.617,16270.03
1765280700000,1.617,1.618,1.614,1.616,10956.81
1765281000000,1.615,1.616,1.614,1.616,9774.65
1765281300000,1.616,1.618,1.615,1.617,17592.64
1765281600000,1.617,1.621,1.614,1.617,25935.81
1765281900000,1.617,1.617,1.61,1.613,49370.47
1765282200000,1.613,1.613,1.61,1.611,10933.32
1765282500000,1.611,1.618,1.608,1.617,114085.13
1765282800000,1.617,1.621,1.616,1.616,36039.94
1765283100000,1.617,1.618,1.615,1.615,11379.59
1765283400000,1.616,1.619,1.614,1.617,20957.39
1765283700000,1.617,1.617,1.614,1.614,11137.64
1765284000000,1.614,1.616,1.614,1.615,6749.07
1765284300000,1.616,1.618,1.614,1.618,12283.5
1765284600000,1.618,1.619,1.616,1.618,27744.85
1765284900000,1.618,1.618,1.615,1.617,11016.91
1765285200000,1.617,1.621,1.616,1.619,51494.11
1765285500000,1.619,1.622,1.618,1.622,11045.0
1765285800000,1.621,1.622,1.619,1.621,8806.73
1765286100000,1.62,1.626,1.62,1.623,24601.69
1765286400000,1.623,1.626,1.623,1.625,16272.19
1765286700000,1.625,1.627,1.625,1.627,15966.99
1765287000000,1.626,1.63,1.626,1.629,20750.32
1765287300000,1.629,1.629,1.624,1.627,33406.96
1765287600000,1.627,1.627,1.622,1.624,34451.27
1765287900000,1.623,1.628,1.623,1.624,20617.26
1765288200000,1.625,1.625,1.623,1.624,13969.78
1765288500000,1.625,1.627,1.624,1.626,9137.26
1765288800000,1.627,1.63,1.622,1.623,14893.96
1765289100000,1.623,1.624,1.621,1.624,12921.88
1765289400000,1.623,1.624,1.619,1.621,20659.88
1765289700000,1.621,1.628,1.621,1.625,45383.01
1765290000000,1.625,1.627,1.621,1.622,7729.95
1765290300000,1.622,1.622,1.612,1.616,115506.54
1765290600000,1.616,1.619,1.61,1.617,24787.2
1765290900000,1.616,1.622,1.615,1.619,19246.95
1765291200000,1.619,1.62,1.612,1.615,53593.41
1765291500000,1.616,1.619,1.614,1.617,14090.28
1765291800000,1.616,1.621,1.615,1.62,21197.89
1765292100000,1.619,1.62,1.617,1.62,15799.81
1765292400000,1.62,1.641,1.619,1.635,99206.19
1765292700000,1.635,1.64,1.63,1.633,33405.42
1765293000000,1.632,1.636,1.629,1.631,25255.66
1765293300000,1.631,1.639,1.631,1.638,26039.47
1765293600000,1.638,1.641,1.636,1.636,17975.37
1765293900000,1.637,1.647,1.635,1.642,81304.84
1765294200000,1.641,1.645,1.639,1.639,20840.74
1765294500000,1.639,1.649,1.638,1.646,40488.93
1765294800000,1.647,1.66,1.646,1.659,127529.02
1765295100000,1.659,1.66,1.652,1.656,49173.66
1765295400000,1.657,1.667,1.657,1.665,64497.88
1765295700000,1.664,1.665,1.662,1.665,20737.38
1765296000000,1.665,1.674,1.665,1.671,125732.58
1765296300000,1.672,1.677,1.671,1.672,28616.71
1765296600000,1.673,1.687,1.673,1.684,165394.43
1765296900000,1.683,1.688,1.678,1.678,60970.61
1765297200000,1.679,1.681,1.676,1.677,38503.44
1765297500000,1.677,1.678,1.671,1.672,50116.87
1765297800000,1.673,1.682,1.673,1.681,53626.45
1765298100000,1.682,1.687,1.677,1.681,90072.33
1765298400000,1.681,1.683,1.678,1.68,44315.19
1765298700000,1.68,1.684,1.675,1.682,63121.76
1765299000000,1.682,1.697,1.68,1.688,216266.82
1765299300000,1.687,1.689,1.683,1.685,40830.51
1765299600000,1.684,1.691,1.683,1.689,66684.06
1765299900000,1.689,1.692,1.686,1.689,41901.06
1765300200000,1.689,1.689,1.685,1.689,25503.6
1765300500000,1.689,1.691,1.685,1.685,39279.92
1765300800000,1.686,1.688,1.677,1.679,57746.72
1765301100000,1.679,1.682,1.674,1.678,52643.35
1765301400000,1.679,1.682,1.674,1.675,81990.54
1765301700000,1.676,1.677,1.674,1.676,21325.48
1765302000000,1.676,1.679,1.674,1.675,15818.16
1765302300000,1.675,1.681,1.674,1.681,17960.42
1765302600000,1.68,1.68,1.674,1.676,5901.6
1765302900000,1.676,1.677,1.675,1.676,4875.43
1765303200000,1.676,1.678,1.674,1.675,18110.44
1765303500000,1.675,1.675,1.67,1.671,15043.12
1765303800000,1.672,1.676,1.671,1.676,7177.94
1765304100000,1.676,1.677,1.672,1.677,11230.68
1765304400000,1.677,1.678,1.674,1.675,13318.9
1765304700000,1.675,1.678,1.674,1.676,19605.03
1765305000000,1.676,1.677,1.674,1.675,17477.17
1765305300000,1.674,1.677,1.673,1.673,17092.22
1765305600000,1.674,1.678,1.674,1.675,56531.22
1765305900000,1.675,1.676,1.672,1.674,15957.21
1765306200000,1.674,1.676,1.671,1.676,14176.72
1765306500000,1.675,1.679,1.674,1.678,22892.91
1765306800000,1.678,1.678,1.67,1.67,10933.41
1765307100000,1.671,1.673,1.67,1.673,8195.14
1765307400000,1.673,1.675,1.671,1.673,9958.52
1765307700000,1.672,1.674,1.671,1.674,17841.56
1765308000000,1.673,1.674,1.67,1.671,6954.11
1765308300000,1.671,1.674,1.67,1.673,6217.86
1765308600000,1.673,1.677,1.672,1.674,73672.46
1765308900000,1.674,1.674,1.672,1.673,6714.42
1765309200000,1.672,1.673,1.663,1.665,28935.01
1765309500000,1.665,1.668,1.665,1.666,22978.7
1765309800000,1.667,1.668,1.666,1.667,3043.52
1765310100000,1.667,1.668,1.666,1.667,7684.16
1765310400000,1.667,1.668,1.663,1.664,9578.64
1765310700000,1.663,1.666,1.662,1.666,6851.99
1765311000000,1.665,1.669,1.664,1.665,26213.9
1765311300000,1.664,1.665,1.657,1.659,33079.07
1765311600000,1.659,1.66,1.651,1.652,26339.36
1765311900000,1.651,1.655,1.645,1.652,62704.33
1765312200000,1.652,1.654,1.647,1.647,15951.29
1765312500000,1.647,1.656,1.647,1.654,22082.94
1765312800000,1.654,1.655,1.65,1.653,8266.69
1765313100000,1.652,1.655,1.651,1.654,9402.88
1765313400000,1.655,1.657,1.65,1.651,8954.84
1765313700000,1.651,1.652,1.649,1.651,9483.12
1765314000000,1.652,1.653,1.649,1.652,9810.89
1765314300000,1.653,1.654,1.65,1.65,6063.15
1765314600000,1.65,1.654,1.649,1.651,5310.11
1765314900000,1.651,1.653,1.649,1.651,22551.24
1765315200000,1.652,1.654,1.65,1.654,8979.53
1765315500000,1.655,1.656,1.654,1.655,3703.34
1765315800000,1.655,1.655,1.651,1.652,7615.96
1765316100000,1.652,1.652,1.65,1.651,10756.82
1765316400000,1.651,1.652,1.65,1.651,3975.9
1765316700000,1.65,1.651,1.637,1.644,227118.7
1765317000000,1.644,1.645,1.639,1.64,13247.32
1765317300000,1.639,1.648,1.639,1.647,9795.72
1765317600000,1.647,1.652,1.647,1.649,9372.78
1765317900000,1.65,1.654,1.649,1.653,13395.5
1765318200000,1.652,1.66,1.652,1.659,26026.0
1765318500000,1.658,1.66,1.656,1.658,12859.08
1765318800000,1.658,1.662,1.658,1.66,36828.81
1765319100000,1.659,1.662,1.659,1.661,15285.82
1765319400000,1.661,1.663,1.66,1.66,25248.55
1765319700000,1.661,1.669,1.661,1.665,10203.02
1765320000000,1.665,1.669,1.663,1.668,11058.95
1765320300000,1.668,1.671,1.668,1.67,5213.91
1765320600000,1.669,1.669,1.664,1.665,4693.54
1765320900000,1.664,1.667,1.663,1.665,6343.74
1765321200000,1.664,1.667,1.663,1.665,6206.38
1765321500000,1.665,1.666,1.662,1.663,7089.96
1765321800000,1.662,1.665,1.659,1.66,7898.59
1765322100000,1.66,1.665,1.66,1.663,4126.36
1765322400000,1.664,1.666,1.663,1.665,849.01
1765322700000,1.665,1.669,1.665,1.668,2930.72
1765323000000,1.669,1.67,1.667,1.669,6519.17
1765323300000,1.669,1.671,1.668,1.671,4033.45
1765323600000,1.67,1.672,1.67,1.671,3828.77
1765323900000,1.671,1.671,1.667,1.667,7495.29
1765324200000,1.667,1.667,1.665,1.666,6325.09
1765324500000,1.666,1.666,1.665,1.665,2596.87
1765324800000,1.665,1.667,1.664,1.666,23047.25
1765325100000,1.666,1.666,1.661,1.661,7945.85
1765325400000,1.661,1.662,1.661,1.661,2687.54
1765325700000,1.66,1.661,1.656,1.657,12728.39
1765326000000,1.657,1.661,1.656,1.659,7604.96
1765326300000,1.659,1.662,1.658,1.661,6222.31
1765326600000,1.662,1.664,1.661,1.661,7465.66
1765326900000,1.661,1.665,1.661,1.663,5920.61
1765327200000,1.663,1.668,1.663,1.667,35550.38
1765327500000,1.667,1.667,1.661,1.662,13942.05
1765327800000,1.662,1.665,1.661,1.664,6787.96
1765328100000,1.663,1.663,1.658,1.659,4619.49
1765328400000,1.659,1.662,1.659,1.662,7666.0
1765328700000,1.662,1.662,1.658,1.659,5109.13
1765329000000,1.659,1.66,1.657,1.658,2697.37
1765329300000,1.658,1.662,1.656,1.661,5246.92
1765329600000,1.661,1.661,1.658,1.659,4454.02
1765329900000,1.659,1.659,1.657,1.658,5833.78
1765330200000,1.658,1.659,1.654,1.656,13124.68
1765330500000,1.656,1.659,1.655,1.658,5286.28
1765330800000,1.658,1.659,1.657,1.658,4161.32
1765331100000,1.658,1.658,1.653,1.656,44334.58
1765331400000,1.656,1.659,1.656,1.657,6529.94
1765331700000,1.657,1.657,1.653,1.653,7867.42
1765332000000,1.653,1.653,1.648,1.649,13103.67
1765332300000,1.648,1.65,1.648,1.649,14296.97
1765332600000,1.649,1.651,1.648,1.65,1373.58
1765332900000,1.65,1.653,1.649,1.653,10078.9
1765333200000,1.652,1.655,1.652,1.654,7621.22
1765333500000,1.653,1.654,1.652,1.653,3499.74
1765333800000,1.653,1.656,1.651,1.656,16146.41
1765334100000,1.656,1.657,1.653,1.654,6142.38
1765334400000,1.654,1.655,1.653,1.654,4737.98
1765334700000,1.654,1.655,1.653,1.653,6614.22
1765335000000,1.653,1.653,1.65,1.652,12703.68
1765335300000,1.651,1.656,1.65,1.655,8385.56
1765335600000,1.655,1.657,1.651,1.651,9095.92
1765335900000,1.651,1.652,1.647,1.647,12498.49
1765336200000,1.647,1.653,1.647,1.651,7902.46
1765336500000,1.651,1.652,1.647,1.647,9925.52
1765336800000,1.647,1.647,1.644,1.646,12517.5
1765337100000,1.646,1.648,1.645,1.647,3940.59
1765337400000,1.648,1.648,1.645,1.646,6269.53
1765337700000,1.646,1.648,1.646,1.647,2168.02
1765338000000,1.647,1.65,1.647,1.648,4193.95
1765338300000,1.649,1.65,1.648,1.649,1756.13
1765338600000,1.649,1.65,1.648,1.649,4886.11
1765338900000,1.649,1.65,1.648,1.649,2013.81
1765339200000,1.649,1.65,1.647,1.649,6336.9
1765339500000,1.648,1.65,1.646,1.649,7984.04
1765339800000,1.65,1.651,1.649,1.65,4996.29
1765340100000,1.65,1.655,1.649,1.654,14572.82
1765340400000,1.653,1.653,1.649,1.65,6180.21
1765340700000,1.651,1.651,1.649,1.65,6322.78
1765341000000,1.65,1.651,1.648,1.651,9541.13
1765341300000,1.65,1.653,1.649,1.653,8317.46
1765341600000,1.653,1.654,1.651,1.652,11741.45
1765341900000,1.653,1.655,1.652,1.652,3997.94
1765342200000,1.652,1.652,1.649,1.65,6098.71
1765342500000,1.65,1.651,1.649,1.649,7485.49
1765342800000,1.65,1.65,1.648,1.65,6196.67
1765343100000,1.65,1.652,1.648,1.649,5211.61
1765343400000,1.649,1.649,1.644,1.649,51166.79
1765343700000,1.649,1.652,1.649,1.652,13429.57
1765344000000,1.652,1.652,1.648,1.649,8321.72
1765344300000,1.648,1.649,1.646,1.646,3644.75
1765344600000,1.647,1.647,1.642,1.642,8735.24
1765344900000,1.643,1.644,1.642,1.643,7720.96
1765345200000,1.644,1.644,1.642,1.644,5330.47
1765345500000,1.644,1.646,1.643,1.645,5480.61
1765345800000,1.645,1.645,1.643,1.644,3312.25
1765346100000,1.644,1.646,1.643,1.645,4561.12
1765346400000,1.645,1.646,1.642,1.643,9423.06
1765346700000,1.644,1.645,1.642,1.644,7051.01
1765347000000,1.643,1.647,1.643,1.646,4479.05
1765347300000,1.645,1.645,1.643,1.643,2637.47
1765347600000,1.643,1.646,1.643,1.645,6781.2
1765347900000,1.645,1.646,1.644,1.645,5455.88
1765348200000,1.646,1.646,1.643,1.643,6059.17
1765348500000,1.642,1.643,1.641,1.642,5790.45
1765348800000,1.643,1.644,1.641,1.644,7683.57
1765349100000,1.643,1.644,1.641,1.643,7450.19
1765349400000,1.644,1.645,1.642,1.645,6668.51
1765349700000,1.645,1.645,1.641,1.641,7325.41
1765350000000,1.641,1.643,1.64,1.641,7541.92
1765350300000,1.641,1.642,1.639,1.64,13096.93
1765350600000,1.64,1.643,1.64,1.641,4737.81
1765350900000,1.641,1.642,1.637,1.638,17646.64
1765351200000,1.638,1.64,1.637,1.639,20888.2
1765351500000,1.639,1.641,1.639,1.639,4220.0
1765351800000,1.639,1.639,1.636,1.639,13557.87
1765352100000,1.638,1.64,1.637,1.639,6397.82
1765352400000,1.64,1.64,1.638,1.639,6966.75
1765352700000,1.638,1.64,1.638,1.639,4270.79
1765353000000,1.639,1.642,1.639,1.641,4374.16
1765353300000,1.64,1.642,1.639,1.642,3124.64
1765353600000,1.641,1.643,1.639,1.641,12368.32
1765353900000,1.641,1.643,1.64,1.643,6145.82
1765354200000,1.643,1.644,1.64,1.642,4907.69
1765354500000,1.642,1.642,1.637,1.638,13179.9
1765354800000,1.638,1.639,1.636,1.637,8805.19
1765355100000,1.638,1.639,1.636,1.636,9887.55
1765355400000,1.636,1.638,1.633,1.634,9897.13
1765355700000,1.634,1.638,1.634,1.638,8031.58
1765356000000,1.638,1.638,1.636,1.636,9277.13
1765356300000,1.636,1.638,1.635,1.635,12590.3
1765356600000,1.635,1.637,1.634,1.637,8281.61
1765356900000,1.637,1.638,1.636,1.637,5546.31
1765357200000,1.637,1.639,1.635,1.637,9984.18
1765357500000,1.637,1.637,1.634,1.636,14114.99
1765357800000,1.635,1.636,1.633,1.635,5929.33
1765358100000,1.634,1.635,1.632,1.634,5963.23
1765358400000,1.634,1.635,1.633,1.634,6404.84
1765358700000,1.634,1.636,1.631,1.633,71870.47
1765359000000,1.634,1.636,1.633,1.635,6818.48
1765359300000,1.636,1.636,1.635,1.636,5637.72
1765359600000,1.635,1.636,1.635,1.636,6169.96
1765359900000,1.636,1.644,1.635,1.64,68765.77
1765360200000,1.64,1.646,1.639,1.645,40952.11
1765360500000,1.645,1.646,1.642,1.645,10721.65
1765360800000,1.644,1.652,1.641,1.65,32019.5
1765361100000,1.65,1.65,1.643,1.644,13974.85
1765361400000,1.643,1.645,1.642,1.644,12904.6
1765361700000,1.644,1.644,1.641,1.642,9387.57
1765362000000,1.642,1.642,1.64,1.641,7557.33
1765362300000,1.64,1.64,1.636,1.637,17872.99
1765362600000,1.637,1.638,1.635,1.637,16604.95
1765362900000,1.636,1.641,1.636,1.64,84897.45
1765363200000,1.64,1.641,1.636,1.64,42612.27
1765363500000,1.64,1.647,1.64,1.643,42584.68
1765363800000,1.642,1.643,1.639,1.64,12131.6
1765364100000,1.641,1.642,1.638,1.64,8974.85
1765364400000,1.639,1.64,1.638,1.638,12586.19
1765364700000,1.638,1.641,1.636,1.64,17635.5
1765365000000,1.639,1.641,1.639,1.639,3152.78
1765365300000,1.64,1.641,1.639,1.639,9195.97
1765365600000,1.639,1.641,1.639,1.641,10351.39
1765365900000,1.641,1.642,1.64,1.642,5080.86
1765366200000,1.642,1.642,1.639,1.639,4845.72
1765366500000,1.64,1.642,1.639,1.639,10110.27
1765366800000,1.639,1.64,1.634,1.639,30773.09
1765367100000,1.638,1.641,1.636,1.64,12196.29
1765367400000,1.64,1.642,1.638,1.64,18411.06
1765367700000,1.64,1.641,1.639,1.64,6910.35
1765368000000,1.641,1.642,1.639,1.642,6808.76
1765368300000,1.641,1.642,1.639,1.641,6068.3
1765368600000,1.641,1.641,1.639,1.64,8444.52
1765368900000,1.64,1.64,1.63,1.631,31243.36
1765369200000,1.632,1.634,1.631,1.634,9164.67
1765369500000,1.633,1.634,1.63,1.631,14628.74
1765369800000,1.63,1.635,1.629,1.635,20238.09
1765370100000,1.634,1.634,1.63,1.631,8091.53
1765370400000,1.631,1.634,1.631,1.633,17958.11
1765370700000,1.633,1.634,1.632,1.633,9380.47
1765371000000,1.632,1.633,1.63,1.633,9281.75
1765371300000,1.633,1.637,1.633,1.636,9804.54
1765371600000,1.635,1.638,1.634,1.637,16133.62
1765371900000,1.637,1.639,1.636,1.638,6621.72
1765372200000,1.638,1.639,1.636,1.638,5925.41
1765372500000,1.638,1.639,1.637,1.639,5650.75
1765372800000,1.639,1.645,1.638,1.644,20313.32
1765373100000,1.644,1.646,1.643,1.644,11372.01
1765373400000,1.644,1.645,1.643,1.645,18741.03
1765373700000,1.645,1.647,1.643,1.644,16604.82
1765374000000,1.643,1.645,1.642,1.645,8635.0
1765374300000,1.644,1.646,1.642,1.642,12484.34
1765374600000,1.642,1.645,1.642,1.645,11449.06
1765374900000,1.644,1.645,1.644,1.644,2237.09
1765375200000,1.645,1.645,1.643,1.644,8401.9
1765375500000,1.644,1.645,1.642,1.644,6009.99
1765375800000,1.644,1.644,1.641,1.641,5059.06
1765376100000,1.642,1.647,1.641,1.645,16064.59
1765376400000,1.646,1.648,1.644,1.646,27370.29
1765376700000,1.647,1.647,1.643,1.645,7882.32
1765377000000,1.646,1.649,1.643,1.647,13290.39
1765377300000,1.648,1.648,1.642,1.647,27789.08
1765377600000,1.646,1.649,1.644,1.644,10718.75
1765377900000,1.644,1.647,1.643,1.643,15495.44
1765378200000,1.643,1.645,1.638,1.643,49201.36
1765378500000,1.643,1.644,1.639,1.643,18381.26
1765378800000,1.642,1.647,1.64,1.644,19953.47
1765379100000,1.644,1.648,1.641,1.645,18561.6
1765379400000,1.644,1.646,1.642,1.643,9205.41
1765379700000,1.643,1.644,1.64,1.641,20090.48
1765380000000,1.64,1.645,1.639,1.641,11123.22
1765380300000,1.641,1.642,1.639,1.641,11379.26
1765380600000,1.64,1.643,1.639,1.639,24245.02
1765380900000,1.639,1.642,1.636,1.641,12670.41
1765381200000,1.641,1.646,1.64,1.644,15649.24
1765381500000,1.644,1.645,1.641,1.644,7511.22
1765381800000,1.645,1.645,1.64,1.64,7786.39
1765382100000,1.641,1.643,1.64,1.643,6291.38
1765382400000,1.643,1.643,1.638,1.642,13508.39
1765382700000,1.642,1.643,1.64,1.642,11737.17
1765383000000,1.641,1.644,1.64,1.643,12043.59
1765383300000,1.642,1.652,1.642,1.651,18165.26
1765383600000,1.651,1.651,1.647,1.65,15625.17
1765383900000,1.65,1.654,1.648,1.653,10728.5
1765384200000,1.653,1.654,1.651,1.654,8299.77
1765384500000,1.653,1.654,1.651,1.652,7871.3
1765384800000,1.652,1.653,1.649,1.653,9368.53
1765385100000,1.652,1.652,1.65,1.652,9676.6
1765385400000,1.652,1.657,1.652,1.654,20177.35
1765385700000,1.654,1.654,1.647,1.648,28851.7
1765386000000,1.648,1.65,1.647,1.649,8290.54
1765386300000,1.649,1.65,1.648,1.648,7719.86
1765386600000,1.648,1.649,1.646,1.649,6174.9
1765386900000,1.648,1.659,1.647,1.657,25068.51
1765387200000,1.658,1.662,1.658,1.659,17085.97
1765387500000,1.659,1.66,1.656,1.656,11888.22
1765387800000,1.657,1.661,1.654,1.661,30301.78
1765388100000,1.66,1.66,1.655,1.656,17021.97
1765388400000,1.656,1.656,1.653,1.654,3481.7
1765388700000,1.654,1.656,1.653,1.655,5268.55
1765389000000,1.654,1.656,1.652,1.654,6972.23
1765389300000,1.654,1.656,1.654,1.655,7209.6
1765389600000,1.656,1.656,1.653,1.656,17284.01
1765389900000,1.656,1.66,1.655,1.658,45749.09
1765390200000,1.658,1.661,1.657,1.66,9137.98
1765390500000,1.659,1.661,1.657,1.659,6223.54
1765390800000,1.659,1.659,1.655,1.655,7995.17
1765391100000,1.655,1.659,1.655,1.659,5447.31
1765391400000,1.658,1.665,1.657,1.664,19393.85
1765391700000,1.665,1.677,1.664,1.676,50383.46
1765392000000,1.675,1.675,1.661,1.666,69617.0
1765392300000,1.666,1.671,1.666,1.67,15022.84
1765392600000,1.669,1.67,1.664,1.667,25898.2
1765392900000,1.667,1.667,1.659,1.666,20295.55
1765393200000,1.666,1.681,1.657,1.664,218351.84
1765393500000,1.664,1.676,1.664,1.675,50827.64
1765393800000,1.676,1.679,1.675,1.678,34383.48
1765394100000,1.677,1.681,1.671,1.673,38274.91
1765394400000,1.672,1.68,1.669,1.672,45840.76
1765394700000,1.672,1.673,1.662,1.665,22352.46
1765395000000,1.665,1.68,1.665,1.676,55207.63
1765395300000,1.677,1.678,1.665,1.677,85773.27
1765395600000,1.676,1.677,1.664,1.669,74770.34
1765395900000,1.669,1.679,1.669,1.677,53966.95
1765396200000,1.676,1.681,1.673,1.678,19678.11
1765396500000,1.679,1.681,1.675,1.679,23958.1
1765396800000,1.68,1.681,1.676,1.68,23873.62
1765397100000,1.68,1.689,1.678,1.684,43081.29
1765397400000,1.685,1.697,1.681,1.697,109027.33
1765397700000,1.696,1.705,1.685,1.685,187450.94
1765398000000,1.686,1.692,1.673,1.683,182223.02
1765398300000,1.684,1.688,1.682,1.685,16500.44
1765398600000,1.685,1.695,1.685,1.693,28936.3
1765398900000,1.693,1.694,1.687,1.689,19532.65
1765399200000,1.69,1.693,1.689,1.692,16891.33
1765399500000,1.691,1.694,1.685,1.688,19615.08
1765399800000,1.688,1.689,1.673,1.678,110593.44
1765400100000,1.678,1.68,1.673,1.675,29742.39
1765400400000,1.676,1.686,1.674,1.677,62207.49
1765400700000,1.677,1.684,1.676,1.682,98247.59
1765401000000,1.681,1.688,1.679,1.686,78499.93
1765401300000,1.686,1.69,1.684,1.687,23582.53
1765401600000,1.687,1.688,1.683,1.688,27585.82
1765401900000,1.688,1.693,1.686,1.688,22593.44
1765402200000,1.687,1.688,1.683,1.687,18660.43
1765402500000,1.687,1.694,1.687,1.692,19988.45
1765402800000,1.692,1.693,1.689,1.69,13626.85
1765403100000,1.689,1.689,1.682,1.682,20508.96
1765403400000,1.683,1.687,1.683,1.684,8991.99
1765403700000,1.684,1.684,1.677,1.678,18575.09
1765404000000,1.678,1.683,1.676,1.681,21933.65
1765404300000,1.682,1.684,1.681,1.683,6431.48
1765404600000,1.683,1.684,1.675,1.676,34016.67
1765404900000,1.676,1.678,1.672,1.674,61808.52
1765405200000,1.673,1.677,1.673,1.677,7503.88
1765405500000,1.676,1.679,1.661,1.669,49710.43
1765405800000,1.669,1.672,1.666,1.671,11315.34
1765406100000,1.671,1.674,1.67,1.671,15034.51
1765406400000,1.67,1.676,1.67,1.676,15559.76
1765406700000,1.676,1.676,1.667,1.668,5631.75
1765407000000,1.668,1.668,1.662,1.666,35816.61
1765407300000,1.666,1.67,1.666,1.668,5928.19
1765407600000,1.668,1.671,1.666,1.668,7386.59
1765407900000,1.667,1.667,1.661,1.662,6240.38
1765408200000,1.662,1.667,1.662,1.665,3802.01
1765408500000,1.664,1.665,1.661,1.663,6011.2
1765408800000,1.662,1.664,1.661,1.662,5411.11
1765409100000,1.661,1.662,1.659,1.659,21283.08
1765409400000,1.66,1.66,1.657,1.66,7930.05
1765409700000,1.659,1.659,1.656,1.656,6611.74
1765410000000,1.656,1.658,1.656,1.656,5548.93
1765410300000,1.656,1.657,1.655,1.656,4753.1
1765410600000,1.655,1.658,1.655,1.658,6440.72
1765410900000,1.658,1.659,1.657,1.657,5893.64
1765411200000,1.658,1.659,1.656,1.658,23522.11
1765411500000,1.657,1.659,1.656,1.657,5756.2
1765411800000,1.657,1.659,1.655,1.658,4747.78
1765412100000,1.658,1.658,1.655,1.657,17579.59
1765412400000,1.657,1.659,1.655,1.657,5260.28
1765412700000,1.656,1.659,1.656,1.658,2875.09
1765413000000,1.658,1.658,1.651,1.651,22605.17
1765413300000,1.651,1.655,1.642,1.643,44083.58
1765413600000,1.644,1.647,1.639,1.642,58295.61
1765413900000,1.643,1.645,1.634,1.637,22232.3
1765414200000,1.637,1.642,1.634,1.642,15831.53
1765414500000,1.642,1.642,1.636,1.637,5658.81
1765414800000,1.637,1.638,1.625,1.632,40286.18
1765415100000,1.632,1.636,1.629,1.63,25629.02
1765415400000,1.63,1.63,1.626,1.628,20413.2
1765415700000,1.628,1.631,1.622,1.624,25424.1
1765416000000,1.623,1.627,1.621,1.625,57634.73
1765416300000,1.625,1.629,1.624,1.628,9588.78
1765416600000,1.628,1.634,1.628,1.633,47453.94
1765416900000,1.633,1.634,1.628,1.629,13871.5
1765417200000,1.629,1.63,1.626,1.628,12372.46
1765417500000,1.628,1.629,1.623,1.625,16068.36
1765417800000,1.625,1.627,1.624,1.625,16762.29
1765418100000,1.625,1.627,1.623,1.625,10496.63
1765418400000,1.624,1.624,1.614,1.617,190703.51
1765418700000,1.616,1.619,1.613,1.614,22982.98
1765419000000,1.614,1.614,1.611,1.613,12996.02
1765419300000,1.612,1.614,1.607,1.613,30937.23
1765419600000,1.613,1.616,1.61,1.613,23676.62
1765419900000,1.614,1.616,1.613,1.614,10013.16
1765420200000,1.613,1.614,1.609,1.61,50530.15
1765420500000,1.609,1.611,1.607,1.61,9303.09
1765420800000,1.61,1.615,1.609,1.612,11689.83
1765421100000,1.612,1.613,1.608,1.611,13376.29
1765421400000,1.611,1.612,1.61,1.61,6431.83
1765421700000,1.609,1.61,1.608,1.609,4515.96
1765422000000,1.609,1.609,1.599,1.601,82131.58
1765422300000,1.602,1.604,1.596,1.597,29519.35
1765422600000,1.597,1.6,1.594,1.598,27765.03
1765422900000,1.598,1.598,1.594,1.597,11651.04
1765423200000,1.597,1.603,1.597,1.601,23587.91
1765423500000,1.601,1.602,1.596,1.597,6358.59
1765423800000,1.597,1.597,1.591,1.593,26514.22
1765424100000,1.592,1.597,1.592,1.596,10704.23
1765424400000,1.595,1.595,1.592,1.594,11997.12
1765424700000,1.594,1.597,1.593,1.597,10491.81
1765425000000,1.596,1.598,1.596,1.597,5209.6
1765425300000,1.596,1.6,1.596,1.598,7952.12
1765425600000,1.598,1.598,1.592,1.595,38197.88
1765425900000,1.595,1.602,1.594,1.601,30016.08
1765426200000,1.602,1.607,1.6,1.605,29321.28
1765426500000,1.605,1.606,1.601,1.603,49213.05
1765426800000,1.603,1.604,1.599,1.601,17631.87
1765427100000,1.6,1.604,1.6,1.602,8313.66
1765427400000,1.603,1.606,1.602,1.606,7092.27
1765427700000,1.605,1.608,1.604,1.607,5833.51
1765428000000,1.607,1.608,1.606,1.607,4841.47
1765428300000,1.606,1.608,1.604,1.607,13230.47
1765428600000,1.608,1.615,1.607,1.615,79389.08
1765428900000,1.614,1.617,1.614,1.614,9158.57
1765429200000,1.615,1.615,1.612,1.615,6708.58
1765429500000,1.615,1.615,1.61,1.612,15089.61
1765429800000,1.611,1.613,1.61,1.61,11823.37
1765430100000,1.61,1.614,1.61,1.612,6523.5
1765430400000,1.613,1.616,1.612,1.613,9102.72
1765430700000,1.613,1.615,1.612,1.612,5591.63
1765431000000,1.612,1.614,1.608,1.608,30723.05
1765431300000,1.608,1.611,1.607,1.609,9380.37
1765431600000,1.609,1.61,1.608,1.61,4170.52
1765431900000,1.61,1.612,1.61,1.611,1564.27
1765432200000,1.612,1.614,1.61,1.61,37675.1
1765432500000,1.611,1.611,1.609,1.61,7519.69
1765432800000,1.61,1.61,1.607,1.609,7775.2
1765433100000,1.609,1.609,1.607,1.608,9095.28
1765433400000,1.608,1.609,1.607,1.609,2433.13
1765433700000,1.609,1.61,1.606,1.607,11901.4
1765434000000,1.607,1.607,1.602,1.604,22175.56
1765434300000,1.603,1.605,1.601,1.603,14768.14
1765434600000,1.604,1.61,1.604,1.61,47845.87
1765434900000,1.609,1.617,1.609,1.617,13255.79
1765435200000,1.618,1.619,1.614,1.614,11922.77
1765435500000,1.614,1.615,1.612,1.613,5861.71
1765435800000,1.612,1.615,1.611,1.614,9033.75
1765436100000,1.615,1.617,1.613,1.617,23204.33
1765436400000,1.616,1.616,1.613,1.615,30653.49
1765436700000,1.614,1.617,1.612,1.614,17799.52
1765437000000,1.614,1.617,1.613,1.616,15944.69
1765437300000,1.616,1.619,1.614,1.615,21326.96
1765437600000,1.615,1.616,1.612,1.613,15319.3
1765437900000,1.613,1.616,1.612,1.616,12697.36
1765438200000,1.615,1.618,1.611,1.612,21384.48
1765438500000,1.612,1.613,1.609,1.609,16008.54
1765438800000,1.609,1.611,1.604,1.606,40431.51
1765439100000,1.606,1.607,1.605,1.606,24122.48
1765439400000,1.606,1.609,1.606,1.608,13110.26
1765439700000,1.607,1.608,1.607,1.607,6751.06
1765440000000,1.607,1.607,1.598,1.6,94759.96
1765440300000,1.599,1.601,1.593,1.594,45494.78
1765440600000,1.594,1.595,1.593,1.593,14889.2
1765440900000,1.594,1.597,1.593,1.594,17043.17
1765441200000,1.594,1.599,1.593,1.597,44703.49
1765441500000,1.598,1.599,1.596,1.597,16075.37
1765441800000,1.596,1.596,1.592,1.593,28021.79
1765442100000,1.594,1.595,1.591,1.592,34317.25
1765442400000,1.592,1.594,1.592,1.592,9495.68
1765442700000,1.592,1.594,1.592,1.594,19709.91
1765443000000,1.594,1.598,1.592,1.597,16855.63
1765443300000,1.597,1.597,1.592,1.593,17083.16
1765443600000,1.593,1.599,1.592,1.597,17305.19
1765443900000,1.596,1.599,1.596,1.599,13075.69
1765444200000,1.598,1.602,1.596,1.597,38911.19
1765444500000,1.597,1.599,1.595,1.598,20226.68
1765444800000,1.599,1.6,1.594,1.594,27785.31
1765445100000,1.595,1.597,1.594,1.597,21215.86
1765445400000,1.597,1.6,1.596,1.596,29455.58
1765445700000,1.597,1.6,1.597,1.599,7643.61
1765446000000,1.599,1.599,1.597,1.597,4610.72
1765446300000,1.598,1.6,1.598,1.599,7570.09
1765446600000,1.599,1.6,1.597,1.597,7036.08
1765446900000,1.597,1.597,1.595,1.597,3974.26
1765447200000,1.597,1.6,1.596,1.598,11294.8
1765447500000,1.599,1.6,1.598,1.599,6176.94
1765447800000,1.599,1.6,1.597,1.599,20735.45
1765448100000,1.599,1.6,1.594,1.595,13551.27
1765448400000,1.595,1.596,1.594,1.594,7110.7
1765448700000,1.595,1.597,1.594,1.596,19826.54
1765449000000,1.596,1.596,1.592,1.592,20964.81
1765449300000,1.592,1.594,1.591,1.591,14700.03
1765449600000,1.591,1.593,1.591,1.593,14641.94
1765449900000,1.593,1.595,1.592,1.593,36413.94
1765450200000,1.594,1.598,1.593,1.595,36734.93
1765450500000,1.595,1.596,1.593,1.595,7126.12
1765450800000,1.594,1.597,1.593,1.596,8258.25
1765451100000,1.597,1.598,1.595,1.595,6917.83
1765451400000,1.595,1.598,1.594,1.598,8813.84
1765451700000,1.597,1.599,1.596,1.598,13570.04
1766966400000,1.652,1.655,1.649,1.654,12328.82
1766966700000,1.653,1.658,1.652,1.656,18131.65
1766967000000,1.655,1.66,1.655,1.657,23325.05
1766967300000,1.657,1.665,1.656,1.661,48230.82
1766967600000,1.661,1.662,1.658,1.66,15783.1
1766967900000,1.661,1.663,1.659,1.661,9654.01
1766968200000,1.661,1.666,1.66,1.664,35451.61
1766968500000,1.665,1.665,1.661,1.661,13958.93
1766968800000,1.661,1.661,1.658,1.66,16108.28
1766969100000,1.66,1.666,1.66,1.665,9595.39
1766969400000,1.666,1.666,1.664,1.665,5566.86
1766969700000,1.666,1.666,1.665,1.665,5706.99
1766970000000,1.665,1.667,1.659,1.659,13105.52
1766970300000,1.659,1.666,1.657,1.665,21698.2
1766970600000,1.664,1.668,1.664,1.666,24181.87
1766970900000,1.667,1.667,1.663,1.666,11518.73
1766971200000,1.666,1.666,1.664,1.664,19704.02
1766971500000,1.664,1.668,1.663,1.667,10059.71
1766971800000,1.666,1.667,1.664,1.664,4860.19
1766972100000,1.665,1.668,1.664,1.668,14122.3
1766972400000,1.668,1.672,1.667,1.668,26262.22
1766972700000,1.668,1.67,1.668,1.67,7635.54
1766973000000,1.67,1.672,1.667,1.668,11898.17
1766973300000,1.668,1.67,1.667,1.67,11327.59
1766973600000,1.67,1.672,1.669,1.671,12662.8
1766973900000,1.671,1.681,1.671,1.675,86266.58
1766974200000,1.675,1.678,1.675,1.676,19275.09
1766974500000,1.677,1.679,1.674,1.678,10359.24
1766974800000,1.679,1.679,1.676,1.677,10536.07
1766975100000,1.677,1.677,1.669,1.671,107340.01
1766975400000,1.671,1.673,1.667,1.668,12939.6
1766975700000,1.669,1.672,1.668,1.67,4968.22
1766976000000,1.669,1.679,1.669,1.677,85013.74
1766976300000,1.677,1.68,1.677,1.678,9042.9
1766976600000,1.679,1.69,1.679,1.68,227470.54
1766976900000,1.68,1.683,1.679,1.683,38800.39
1766977200000,1.682,1.687,1.68,1.684,37504.92
1766977500000,1.685,1.688,1.683,1.687,15817.56
1766977800000,1.687,1.689,1.687,1.688,18573.06
1766978100000,1.688,1.693,1.686,1.687,62840.35
1766978400000,1.688,1.688,1.683,1.686,16023.24
1766978700000,1.686,1.687,1.683,1.684,22075.09
1766979000000,1.685,1.685,1.68,1.68,64385.18
1766979300000,1.68,1.683,1.68,1.682,20626.35
1766979600000,1.682,1.685,1.679,1.682,13706.96
1766979900000,1.683,1.684,1.68,1.683,10993.94
1766980200000,1.684,1.688,1.682,1.686,27058.39
1766980500000,1.685,1.687,1.68,1.681,22704.21
1766980800000,1.681,1.681,1.676,1.676,22376.69
1766981100000,1.677,1.678,1.674,1.675,25595.2
1766981400000,1.675,1.678,1.675,1.676,11030.3
1766981700000,1.677,1.681,1.677,1.68,29347.43
1766982000000,1.68,1.681,1.676,1.677,9022.51
1766982300000,1.677,1.678,1.677,1.678,3634.34
1766982600000,1.679,1.681,1.675,1.68,18612.35
1766982900000,1.68,1.683,1.68,1.68,5505.47
1766983200000,1.681,1.681,1.674,1.674,10057.29
1766983500000,1.675,1.677,1.673,1.673,33353.47
1766983800000,1.673,1.674,1.669,1.67,33168.95
1766984100000,1.671,1.673,1.669,1.67,30371.95
1766984400000,1.67,1.672,1.669,1.671,8577.76
1766984700000,1.67,1.67,1.664,1.666,40078.36
1766985000000,1.665,1.668,1.665,1.667,22334.13
1766985300000,1.667,1.668,1.666,1.666,4611.45
1766985600000,1.666,1.668,1.665,1.667,8744.07
1766985900000,1.667,1.669,1.666,1.669,8131.67
1766986200000,1.669,1.669,1.667,1.668,3811.74
1766986500000,1.668,1.669,1.666,1.667,7532.61
1766986800000,1.666,1.671,1.666,1.67,19423.92
1766987100000,1.67,1.674,1.669,1.669,40965.01
1766987400000,1.67,1.67,1.663,1.665,21628.17
1766987700000,1.665,1.668,1.665,1.666,11996.1
1766988000000,1.666,1.667,1.662,1.663,14688.02
1766988300000,1.662,1.668,1.661,1.665,33958.98
1766988600000,1.665,1.667,1.663,1.663,31330.15
1766988900000,1.664,1.666,1.661,1.663,40609.59
1766989200000,1.663,1.663,1.661,1.662,9272.77
1766989500000,1.662,1.665,1.662,1.665,14268.53
1766989800000,1.665,1.668,1.663,1.664,8511.07
1766990100000,1.663,1.666,1.663,1.664,5567.81
1766990400000,1.664,1.665,1.663,1.664,5750.99
1766990700000,1.663,1.665,1.662,1.664,6648.45
1766991000000,1.664,1.664,1.649,1.656,74523.56
1766991300000,1.655,1.658,1.655,1.657,10089.47
1766991600000,1.656,1.66,1.656,1.658,11099.21
1766991900000,1.658,1.658,1.649,1.652,28173.44
1766992200000,1.653,1.656,1.652,1.655,26115.95
1766992500000,1.656,1.657,1.653,1.655,8718.34
1766992800000,1.654,1.655,1.651,1.653,4855.46
1766993100000,1.652,1.655,1.652,1.654,5478.42
1766993400000,1.654,1.658,1.654,1.657,5981.09
1766993700000,1.657,1.658,1.654,1.655,8283.48
1766994000000,1.656,1.656,1.653,1.654,13868.82
1766994300000,1.655,1.657,1.654,1.656,3985.43
1766994600000,1.657,1.657,1.656,1.657,1270.82
1766994900000,1.657,1.657,1.654,1.655,18763.27
1766995200000,1.655,1.656,1.65,1.651,8143.07
1766995500000,1.65,1.652,1.65,1.65,12058.8
1766995800000,1.651,1.653,1.649,1.65,12681.02
1766996100000,1.65,1.651,1.649,1.649,14864.94
1766996400000,1.65,1.651,1.649,1.649,11938.2
1766996700000,1.649,1.651,1.647,1.648,10181.75
1766997000000,1.648,1.649,1.646,1.648,8126.49
1766997300000,1.647,1.649,1.646,1.647,6005.9
1766997600000,1.646,1.648,1.645,1.647,23954.7
1766997900000,1.647,1.651,1.645,1.651,22933.26
1766998200000,1.65,1.652,1.645,1.647,24953.92
1766998500000,1.646,1.648,1.645,1.647,7025.19
1766998800000,1.647,1.648,1.643,1.644,5547.8
1766999100000,1.644,1.645,1.64,1.642,10678.41
1766999400000,1.642,1.647,1.642,1.647,13399.52
1766999700000,1.646,1.647,1.645,1.646,7793.98
1767000000000,1.645,1.648,1.645,1.647,13645.2
1767000300000,1.648,1.649,1.646,1.648,9985.86
1767000600000,1.647,1.648,1.639,1.642,60112.41
1767000900000,1.642,1.643,1.635,1.636,54887.83
1767001200000,1.637,1.638,1.632,1.634,27036.89
1767001500000,1.635,1.635,1.624,1.628,87618.64
1767001800000,1.629,1.629,1.623,1.626,34208.81
1767002100000,1.627,1.629,1.624,1.629,15147.1
1767002400000,1.628,1.631,1.626,1.629,10899.37
1767002700000,1.629,1.633,1.627,1.633,43083.55
1767003000000,1.633,1.635,1.63,1.631,10685.04
1767003300000,1.632,1.634,1.629,1.63,10198.72
1767003600000,1.63,1.633,1.63,1.631,29684.93
1767003900000,1.631,1.634,1.631,1.631,6730.95
1767004200000,1.632,1.632,1.629,1.63,4814.81
1767004500000,1.63,1.631,1.628,1.63,15107.02
1767004800000,1.63,1.631,1.628,1.63,13932.6
1767005100000,1.63,1.632,1.629,1.63,14935.41
1767005400000,1.63,1.634,1.629,1.634,14081.9
1767005700000,1.634,1.634,1.631,1.633,15739.36
1767006000000,1.632,1.632,1.628,1.629,8759.24
1767006300000,1.629,1.631,1.628,1.628,19687.09
1767006600000,1.628,1.628,1.625,1.628,19844.56
1767006900000,1.628,1.629,1.626,1.629,8101.59
1767007200000,1.629,1.629,1.626,1.626,4972.43
1767007500000,1.626,1.626,1.624,1.624,7096.58
1767007800000,1.624,1.626,1.624,1.626,5315.12
1767008100000,1.625,1.627,1.624,1.625,12212.59
1767008400000,1.625,1.627,1.622,1.622,17655.62
1767008700000,1.622,1.623,1.619,1.619,13830.62
1767009000000,1.62,1.621,1.618,1.62,6431.79
1767009300000,1.621,1.622,1.62,1.621,18392.87
1767009600000,1.621,1.622,1.619,1.621,16830.77
1767009900000,1.62,1.62,1.608,1.615,130310.81
1767010200000,1.614,1.617,1.607,1.612,70828.55
1767010500000,1.613,1.614,1.607,1.613,19450.33
1767010800000,1.612,1.62,1.612,1.62,30168.3
1767011100000,1.619,1.625,1.618,1.622,47612.17
1767011400000,1.622,1.624,1.62,1.622,12873.17
1767011700000,1.623,1.626,1.621,1.625,11241.81
1767012000000,1.626,1.627,1.623,1.625,19909.52
1767012300000,1.624,1.625,1.622,1.624,8804.17
1767012600000,1.624,1.627,1.624,1.627,10082.6
1767012900000,1.627,1.627,1.626,1.626,1646.82
1767013200000,1.627,1.634,1.625,1.631,150190.73
1767013500000,1.631,1.637,1.63,1.63,29439.38
1767013800000,1.631,1.638,1.63,1.634,67279.87
1767014100000,1.635,1.637,1.633,1.635,12233.22
1767014400000,1.634,1.638,1.633,1.635,28843.99
1767014700000,1.635,1.637,1.634,1.635,20008.99
1767015000000,1.635,1.636,1.631,1.631,20984.59
1767015300000,1.631,1.633,1.628,1.629,15492.81
1767015600000,1.63,1.632,1.629,1.632,13905.59
1767015900000,1.631,1.632,1.63,1.63,6171.16
1767016200000,1.63,1.633,1.629,1.633,33185.54
1767016500000,1.632,1.638,1.63,1.638,12606.94
1767016800000,1.637,1.641,1.634,1.635,32615.77
1767017100000,1.636,1.642,1.635,1.638,30689.85
1767017400000,1.639,1.643,1.638,1.642,16627.2
1767017700000,1.641,1.644,1.64,1.64,32398.31
1767018000000,1.641,1.643,1.639,1.642,11029.99
1767018300000,1.643,1.647,1.641,1.646,26888.92
1767018600000,1.647,1.666,1.646,1.665,146789.31
1767018900000,1.665,1.679,1.663,1.666,208353.36
1767019200000,1.667,1.668,1.659,1.662,69697.54
1767019500000,1.661,1.663,1.654,1.655,27814.79
1767019800000,1.654,1.656,1.652,1.654,18365.94
1767020100000,1.655,1.656,1.652,1.653,18191.02
1767020400000,1.653,1.655,1.649,1.652,21057.83
1767020700000,1.651,1.653,1.648,1.651,22780.77
1767021000000,1.652,1.658,1.652,1.656,28803.32
1767021300000,1.657,1.662,1.656,1.657,15078.02
1767021600000,1.658,1.66,1.656,1.659,13258.61
1767021900000,1.659,1.661,1.657,1.658,13745.91
1767022200000,1.657,1.662,1.657,1.662,19929.26
1767022500000,1.661,1.666,1.661,1.665,40012.25
1767022800000,1.665,1.667,1.661,1.667,17266.28
1767023100000,1.666,1.666,1.661,1.661,13731.16
1767023400000,1.66,1.66,1.654,1.654,8182.04
1767023700000,1.654,1.659,1.654,1.659,17402.07
1767024000000,1.658,1.662,1.656,1.659,29571.93
1767024300000,1.659,1.66,1.655,1.66,14567.31
1767024600000,1.659,1.663,1.657,1.661,21504.72
1767024900000,1.66,1.665,1.657,1.664,24672.67
1767025200000,1.663,1.669,1.663,1.667,28298.39
1767025500000,1.667,1.667,1.66,1.663,40269.03
1767025800000,1.664,1.665,1.657,1.659,12131.19
1767026100000,1.659,1.661,1.657,1.658,16450.14
1767026400000,1.657,1.665,1.657,1.664,20589.95
1767026700000,1.663,1.667,1.661,1.661,16868.23
1767027000000,1.66,1.661,1.654,1.655,22742.31
1767027300000,1.655,1.659,1.655,1.658,16305.95
1767027600000,1.657,1.662,1.657,1.661,9854.22
1767027900000,1.662,1.663,1.66,1.661,17814.85
1767028200000,1.662,1.666,1.661,1.666,7646.12
1767028500000,1.665,1.669,1.664,1.669,18919.85
1767028800000,1.668,1.669,1.659,1.661,17133.06
1767029100000,1.661,1.663,1.659,1.662,12948.41
1767029400000,1.663,1.668,1.662,1.668,14138.92
1767029700000,1.667,1.668,1.666,1.667,3622.06
1767030000000,1.667,1.668,1.662,1.666,38553.83
1767030300000,1.666,1.677,1.666,1.673,90296.56
1767030600000,1.674,1.679,1.672,1.677,54722.28
1767030900000,1.678,1.679,1.671,1.674,43715.85
1767031200000,1.673,1.676,1.67,1.675,17303.97
1767031500000,1.674,1.676,1.673,1.676,11695.38
1767031800000,1.675,1.678,1.672,1.676,31235.5
1767032100000,1.677,1.685,1.675,1.683,79294.71
1767032400000,1.682,1.692,1.682,1.69,103466.83
1767032700000,1.69,1.691,1.684,1.687,32289.9
1767033000000,1.687,1.69,1.681,1.686,50643.19
1767033300000,1.685,1.688,1.685,1.685,22814.92
1767033600000,1.686,1.687,1.682,1.686,44857.81
1767033900000,1.685,1.688,1.683,1.687,22244.28
1767034200000,1.686,1.688,1.678,1.679,40666.05
1767034500000,1.679,1.679,1.666,1.671,72441.18
1767034800000,1.671,1.671,1.666,1.669,32676.98
1767035100000,1.67,1.674,1.669,1.673,55959.48
1767035400000,1.673,1.677,1.669,1.672,21912.62
1767035700000,1.672,1.675,1.669,1.674,23447.0
1767036000000,1.674,1.681,1.674,1.676,18448.42
1767036300000,1.677,1.683,1.675,1.678,24929.37
1767036600000,1.678,1.681,1.675,1.675,28190.65
1767036900000,1.675,1.676,1.666,1.669,45455.06
1767037200000,1.67,1.674,1.67,1.673,13009.42
1767037500000,1.672,1.674,1.671,1.672,14504.59
1767037800000,1.671,1.672,1.668,1.671,17333.1
1767038100000,1.671,1.673,1.67,1.673,13623.32
1767038400000,1.672,1.672,1.646,1.648,312460.22
1767038700000,1.647,1.649,1.595,1.625,1174856.14
1767039000000,1.626,1.627,1.619,1.625,70383.97
1767039300000,1.626,1.631,1.624,1.63,36533.88
1767039600000,1.63,1.636,1.628,1.628,51245.08
1767039900000,1.629,1.629,1.626,1.627,36315.84
1767040200000,1.627,1.627,1.622,1.623,46149.5
1767040500000,1.623,1.624,1.62,1.622,10483.44
1767040800000,1.622,1.622,1.61,1.61,19395.49
1767041100000,1.61,1.611,1.604,1.609,59042.16
1767041400000,1.61,1.611,1.592,1.599,151155.49
1767041700000,1.599,1.605,1.598,1.601,48363.07
1767042000000,1.601,1.609,1.601,1.604,89778.03
1767042300000,1.604,1.614,1.603,1.61,131344.83
1767042600000,1.611,1.613,1.606,1.607,30880.48
1767042900000,1.607,1.607,1.595,1.597,36288.89
1767043200000,1.596,1.599,1.596,1.598,19036.17
1767043500000,1.599,1.601,1.597,1.6,10085.73
1767043800000,1.6,1.603,1.595,1.6,24601.0
1767044100000,1.601,1.602,1.597,1.599,33890.65
1767044400000,1.6,1.6,1.598,1.6,8273.31
1767044700000,1.599,1.603,1.59,1.592,77973.14
1767045000000,1.592,1.592,1.589,1.592,23314.68
1767045300000,1.592,1.592,1.591,1.591,10122.81
1767045600000,1.591,1.593,1.591,1.592,8971.98
1767045900000,1.593,1.593,1.59,1.591,8153.07
1767046200000,1.591,1.593,1.59,1.592,28850.56
1767046500000,1.591,1.592,1.583,1.588,44976.65
1767046800000,1.588,1.59,1.587,1.589,6151.43
1767047100000,1.59,1.59,1.588,1.588,6568.79
1767047400000,1.588,1.592,1.588,1.591,6595.16
1767047700000,1.591,1.592,1.59,1.591,5077.45
1767048000000,1.591,1.592,1.59,1.592,6297.19
1767048300000,1.592,1.592,1.59,1.591,10630.63
1767048600000,1.591,1.592,1.582,1.588,59745.94
1767048900000,1.587,1.588,1.587,1.587,1271.56
1767049200000,1.588,1.588,1.575,1.575,69067.43
1767049500000,1.575,1.58,1.574,1.579,38503.49
1767049800000,1.579,1.581,1.578,1.58,17309.35
1767050100000,1.58,1.58,1.578,1.579,6343.89
1767050400000,1.579,1.58,1.579,1.579,9282.11
1767050700000,1.579,1.58,1.577,1.579,9639.71
1767051000000,1.579,1.58,1.563,1.568,168840.88
1767051300000,1.567,1.572,1.567,1.569,77900.03
1767051600000,1.569,1.571,1.566,1.569,49530.46
1767051900000,1.568,1.569,1.563,1.568,82040.01
1767052200000,1.569,1.572,1.568,1.571,9254.42
1767052500000,1.57,1.572,1.57,1.571,7212.51
1767052800000,1.57,1.571,1.565,1.565,75422.92
1767053100000,1.565,1.568,1.563,1.567,34843.15
1767053400000,1.567,1.567,1.564,1.564,24430.63
1767053700000,1.565,1.566,1.557,1.56,147286.12
1767054000000,1.559,1.56,1.556,1.558,37548.74
1767054300000,1.558,1.562,1.555,1.559,49225.34
1767054600000,1.559,1.56,1.554,1.557,48397.43
1767054900000,1.556,1.556,1.552,1.552,25989.82
1767055200000,1.553,1.566,1.552,1.56,70646.83
1767055500000,1.561,1.57,1.56,1.567,51280.51
1767055800000,1.568,1.571,1.567,1.57,96358.84
1767056100000,1.571,1.576,1.567,1.568,89186.47
1767056400000,1.567,1.568,1.563,1.565,38741.7
1767056700000,1.566,1.57,1.565,1.569,23729.81
1767057000000,1.568,1.57,1.567,1.568,34182.38
1767057300000,1.568,1.578,1.566,1.571,89549.17
1767057600000,1.571,1.571,1.564,1.568,45475.11
1767057900000,1.568,1.569,1.565,1.567,30131.62
1767058200000,1.567,1.572,1.567,1.57,12290.2
1767058500000,1.57,1.573,1.568,1.573,21026.86
1767058800000,1.573,1.574,1.569,1.571,27248.52
1767059100000,1.57,1.578,1.569,1.573,53579.07
1767059400000,1.573,1.576,1.57,1.572,23460.65
1767059700000,1.572,1.573,1.563,1.564,79552.49
1767060000000,1.564,1.571,1.564,1.567,50920.95
1767060300000,1.568,1.568,1.566,1.566,8460.74
1767060600000,1.565,1.568,1.564,1.565,16082.37
1767060900000,1.565,1.565,1.558,1.564,23600.12
1767061200000,1.563,1.564,1.559,1.561,38761.49
1767061500000,1.561,1.561,1.558,1.56,39241.18
1767061800000,1.56,1.562,1.554,1.555,54627.41
1767062100000,1.554,1.556,1.554,1.555,14921.57
1767062400000,1.554,1.56,1.553,1.56,20068.82
1767062700000,1.56,1.56,1.558,1.558,18634.04
1767063000000,1.558,1.559,1.556,1.557,22263.98
1767063300000,1.558,1.558,1.554,1.556,22617.31
1767063600000,1.555,1.565,1.555,1.561,127363.14
1767063900000,1.561,1.565,1.558,1.558,57957.26
1767064200000,1.558,1.561,1.552,1.554,99214.13
1767064500000,1.554,1.56,1.553,1.56,49388.28
1767064800000,1.56,1.564,1.558,1.56,40571.94
1767065100000,1.56,1.562,1.559,1.561,44725.54
1767065400000,1.56,1.565,1.56,1.561,104487.51
1767065700000,1.562,1.563,1.561,1.562,1545.96
1767066000000,1.563,1.563,1.56,1.561,10069.59
1767066300000,1.561,1.564,1.561,1.562,29592.46
1767066600000,1.562,1.564,1.561,1.564,22374.26
1767066900000,1.563,1.566,1.561,1.561,12319.44
1767067200000,1.561,1.564,1.56,1.563,12136.18
1767067500000,1.562,1.563,1.561,1.562,3556.2
1767067800000,1.561,1.562,1.561,1.562,4787.12
1767068100000,1.562,1.567,1.561,1.566,13148.16
1767068400000,1.566,1.569,1.566,1.569,8058.79
1767068700000,1.568,1.573,1.568,1.573,22007.44
1767069000000,1.572,1.575,1.572,1.574,12385.52
1767069300000,1.575,1.582,1.573,1.578,72658.24
1767069600000,1.579,1.579,1.577,1.578,8709.61
1767069900000,1.579,1.58,1.577,1.577,12462.13
1767070200000,1.578,1.581,1.576,1.578,51440.78
1767070500000,1.579,1.579,1.576,1.577,8492.68
1767070800000,1.577,1.579,1.574,1.574,11298.33
1767071100000,1.575,1.576,1.573,1.576,11379.5
1767071400000,1.576,1.578,1.575,1.577,9508.11
1767071700000,1.578,1.581,1.577,1.58,29995.39
1767072000000,1.58,1.581,1.576,1.577,10030.89
1767072300000,1.577,1.58,1.576,1.578,14205.82
1767072600000,1.578,1.579,1.576,1.576,14411.46
1767072900000,1.577,1.578,1.57,1.576,78855.74
1767073200000,1.575,1.577,1.575,1.577,10129.22
1767073500000,1.577,1.583,1.577,1.581,17208.25
1767073800000,1.581,1.582,1.579,1.58,10010.85
1767074100000,1.581,1.583,1.58,1.581,13179.6
1767074400000,1.581,1.584,1.578,1.579,8195.3
1767074700000,1.579,1.582,1.578,1.579,5732.13
1767075000000,1.58,1.582,1.578,1.58,22349.23
1767075300000,1.579,1.583,1.578,1.579,13010.89
1767075600000,1.578,1.58,1.577,1.578,13272.75
1767075900000,1.578,1.581,1.578,1.579,10310.11
1767076200000,1.578,1.579,1.576,1.578,6725.11
1767076500000,1.579,1.581,1.578,1.58,4705.26
1767076800000,1.581,1.583,1.58,1.583,7939.82
1767077100000,1.583,1.584,1.582,1.583,9919.67
1767077400000,1.582,1.583,1.581,1.581,6731.03
1767077700000,1.581,1.584,1.581,1.583,8954.32
1767078000000,1.583,1.583,1.581,1.582,3986.16
1767078300000,1.581,1.585,1.581,1.585,7890.29
1767078600000,1.584,1.584,1.582,1.583,4868.73
1767078900000,1.584,1.584,1.58,1.58,13270.66
1767079200000,1.58,1.582,1.58,1.58,10599.37
1767079500000,1.581,1.583,1.58,1.582,6459.73
1767079800000,1.582,1.585,1.581,1.584,14307.36
1767080100000,1.585,1.588,1.584,1.587,6727.35
1767080400000,1.587,1.591,1.587,1.591,5771.87
1767080700000,1.591,1.591,1.588,1.589,14852.17
1767081000000,1.589,1.59,1.587,1.588,20924.07
1767081300000,1.588,1.588,1.586,1.587,4789.3
1767081600000,1.588,1.595,1.587,1.594,98688.21
1767081900000,1.595,1.613,1.592,1.611,313701.83
1767082200000,1.611,1.614,1.604,1.604,52734.95
1767082500000,1.604,1.609,1.603,1.603,49235.34
1767082800000,1.603,1.603,1.593,1.599,58679.13
1767083100000,1.599,1.6,1.598,1.599,4707.99
1767083400000,1.6,1.601,1.596,1.6,35869.27
1767083700000,1.6,1.601,1.599,1.6,10527.26
1767084000000,1.599,1.601,1.598,1.599,16915.59
1767084300000,1.599,1.6,1.598,1.598,7360.65
1767084600000,1.599,1.599,1.596,1.597,5587.04
1767084900000,1.596,1.597,1.594,1.596,6854.2
1767085200000,1.595,1.598,1.595,1.597,24246.75
1767085500000,1.597,1.598,1.595,1.597,14235.6
1767085800000,1.598,1.599,1.596,1.599,5334.05
1767086100000,1.598,1.599,1.596,1.598,9235.13
1767086400000,1.598,1.598,1.594,1.595,18971.81
1767086700000,1.596,1.598,1.594,1.597,14008.41
1767087000000,1.596,1.599,1.596,1.599,3875.98
1767087300000,1.599,1.6,1.598,1.598,5501.79
1767087600000,1.598,1.599,1.597,1.599,2874.77
1767087900000,1.599,1.603,1.598,1.601,7473.81
1767088200000,1.602,1.604,1.599,1.599,20384.68
1767088500000,1.599,1.603,1.599,1.603,18846.32
1767088800000,1.602,1.603,1.599,1.599,6376.24
1767089100000,1.599,1.603,1.599,1.602,10812.17
1767089400000,1.601,1.602,1.6,1.602,7512.82
1767089700000,1.601,1.602,1.599,1.601,11114.63
1767090000000,1.6,1.603,1.6,1.603,5139.78
1767090300000,1.603,1.606,1.601,1.605,23418.18
1767090600000,1.604,1.608,1.602,1.603,30994.0
1767090900000,1.602,1.607,1.601,1.606,16070.04
1767091200000,1.606,1.607,1.602,1.604,29807.01
1767091500000,1.604,1.604,1.602,1.603,27888.72
1767091800000,1.603,1.605,1.601,1.601,21108.02
1767092100000,1.602,1.602,1.6,1.602,11372.8
1767092400000,1.602,1.602,1.599,1.599,8024.8
1767092700000,1.6,1.605,1.6,1.605,40421.27
1767093000000,1.605,1.608,1.604,1.607,37269.27
1767093300000,1.608,1.613,1.607,1.611,27423.28
1767093600000,1.611,1.613,1.61,1.611,13791.82
1767093900000,1.611,1.611,1.607,1.608,9534.48
1767094200000,1.607,1.612,1.607,1.611,44654.97
1767094500000,1.611,1.614,1.61,1.613,14038.86
1767094800000,1.612,1.614,1.61,1.613,19535.46
1767095100000,1.613,1.622,1.613,1.617,72618.45
1767095400000,1.616,1.617,1.612,1.613,16634.97
1767095700000,1.613,1.615,1.613,1.615,10426.54
1767096000000,1.614,1.614,1.611,1.614,14663.62
1767096300000,1.613,1.613,1.61,1.612,9058.79
1767096600000,1.612,1.612,1.61,1.611,25949.53
1767096900000,1.612,1.614,1.611,1.614,10984.66
1767097200000,1.614,1.614,1.61,1.611,13968.61
1767097500000,1.611,1.612,1.61,1.611,6686.56
1767097800000,1.61,1.613,1.608,1.608,7641.9
1767098100000,1.609,1.61,1.608,1.61,8075.52
1767098400000,1.609,1.61,1.607,1.607,8144.03
1767098700000,1.608,1.608,1.607,1.608,5101.2
1767099000000,1.607,1.609,1.607,1.608,7696.37
1767099300000,1.609,1.609,1.606,1.606,7486.38
1767099600000,1.608,1.61,1.605,1.61,24093.22
1767099900000,1.611,1.614,1.609,1.609,12164.3
1767100200000,1.61,1.611,1.608,1.611,11177.9
1767100500000,1.612,1.614,1.611,1.613,7698.79
1767100800000,1.613,1.619,1.612,1.616,12190.3
1767101100000,1.615,1.624,1.615,1.623,55469.49
1767101400000,1.623,1.632,1.621,1.625,85353.33
1767101700000,1.624,1.631,1.622,1.627,47678.2
1767102000000,1.627,1.633,1.627,1.631,19035.76
1767102300000,1.632,1.634,1.627,1.629,44735.82
1767102600000,1.628,1.631,1.627,1.628,9986.64
1767102900000,1.628,1.63,1.628,1.629,12646.09
1767103200000,1.628,1.629,1.622,1.626,61342.68
1767103500000,1.625,1.628,1.62,1.623,34363.61
1767103800000,1.623,1.626,1.621,1.623,24662.59
1767104100000,1.623,1.625,1.623,1.624,4772.56
1767104400000,1.625,1.628,1.621,1.628,27527.12
1767104700000,1.629,1.629,1.623,1.624,13494.19
1767105000000,1.624,1.627,1.619,1.625,24018.34
1767105300000,1.625,1.632,1.625,1.627,60364.63
1767105600000,1.626,1.631,1.624,1.63,18018.67
1767105900000,1.631,1.635,1.629,1.631,34657.87
1767106200000,1.632,1.637,1.631,1.632,33483.65
1767106500000,1.633,1.636,1.629,1.63,67498.11
1767106800000,1.629,1.632,1.62,1.621,27203.95
1767107100000,1.621,1.623,1.617,1.62,27684.73
1767107400000,1.621,1.627,1.621,1.625,15090.63
1767107700000,1.626,1.631,1.625,1.63,14207.66
1767108000000,1.631,1.636,1.63,1.633,31037.82
1767108300000,1.633,1.636,1.633,1.636,14371.71
1767108600000,1.636,1.636,1.634,1.635,11737.31
1767108900000,1.634,1.636,1.632,1.634,24218.23
1767109200000,1.635,1.639,1.634,1.639,10529.87
1767109500000,1.639,1.643,1.637,1.643,19554.93
1767109800000,1.642,1.647,1.642,1.644,33899.24
1767110100000,1.644,1.645,1.641,1.644,15177.65
1767110400000,1.644,1.644,1.636,1.636,24547.96
1767110700000,1.636,1.641,1.635,1.641,12200.48
1767111000000,1.64,1.644,1.64,1.644,10326.55
1767111300000,1.643,1.651,1.641,1.65,51314.25
1767111600000,1.65,1.653,1.649,1.653,25584.16
1767111900000,1.652,1.652,1.643,1.643,33382.96
1767112200000,1.643,1.643,1.621,1.624,243545.01
1767112500000,1.624,1.626,1.623,1.625,23960.66
1767112800000,1.625,1.626,1.623,1.623,28879.35
1767113100000,1.623,1.624,1.621,1.623,17005.76
1767113400000,1.623,1.623,1.621,1.621,9731.84
1767113700000,1.621,1.626,1.621,1.623,18062.89
1767114000000,1.623,1.624,1.618,1.62,33268.67
1767114300000,1.62,1.621,1.619,1.62,5904.21
1767114600000,1.62,1.624,1.619,1.62,56537.18
1767114900000,1.62,1.622,1.617,1.621,21992.27
1767115200000,1.62,1.621,1.617,1.618,12185.43
1767115500000,1.618,1.619,1.618,1.619,6327.8
1767115800000,1.619,1.619,1.613,1.615,10302.64
1767116100000,1.616,1.616,1.611,1.615,24682.4
1767116400000,1.615,1.615,1.612,1.613,5954.25
1767116700000,1.613,1.613,1.608,1.612,11318.3
1767117000000,1.612,1.617,1.612,1.616,19638.53
1767117300000,1.617,1.619,1.614,1.618,18739.09
1767117600000,1.618,1.622,1.617,1.621,15875.88
1767117900000,1.621,1.63,1.621,1.626,130896.01
1767118200000,1.626,1.628,1.625,1.626,19573.22
1767118500000,1.625,1.626,1.622,1.624,12690.98
1767118800000,1.624,1.627,1.608,1.611,137991.18
1767119100000,1.611,1.621,1.611,1.62,107686.78
1767119400000,1.621,1.621,1.616,1.616,8771.01
1767119700000,1.617,1.617,1.61,1.613,38725.44
1767120000000,1.613,1.615,1.611,1.615,14580.12
1767120300000,1.615,1.615,1.614,1.614,1987.46
1767120600000,1.614,1.617,1.613,1.617,12983.55
1767120900000,1.616,1.619,1.616,1.619,4193.32
1767121200000,1.618,1.621,1.617,1.618,6660.52
1767121500000,1.618,1.618,1.608,1.615,61259.06
1767121800000,1.614,1.617,1.613,1.617,8644.49
1767122100000,1.616,1.617,1.616,1.617,5276.92
1767122400000,1.618,1.62,1.615,1.619,27455.6
1767122700000,1.618,1.621,1.616,1.62,25569.61
1767123000000,1.619,1.621,1.618,1.62,12149.27
1767123300000,1.62,1.623,1.62,1.623,5792.89
1767123600000,1.623,1.623,1.621,1.622,3316.53
1767123900000,1.622,1.625,1.621,1.623,10847.58
1767124200000,1.624,1.625,1.623,1.624,3693.67
1767124500000,1.623,1.624,1.621,1.622,6797.04
1767124800000,1.623,1.626,1.621,1.625,26237.23
1767125100000,1.626,1.628,1.625,1.626,14322.01
1767125400000,1.626,1.628,1.625,1.628,12360.09
1767125700000,1.627,1.629,1.626,1.629,15405.28
1767126000000,1.628,1.633,1.628,1.629,46963.39
1767126300000,1.63,1.63,1.627,1.627,11160.27
1767126600000,1.628,1.631,1.625,1.631,9693.65
1767126900000,1.631,1.636,1.631,1.635,7851.74
1767127200000,1.636,1.636,1.631,1.632,7707.05
1767127500000,1.631,1.633,1.627,1.63,22580.44
1767127800000,1.629,1.631,1.628,1.628,10890.93
1767128100000,1.628,1.63,1.627,1.629,13106.47
1767128400000,1.629,1.632,1.628,1.63,33525.47
1767128700000,1.63,1.63,1.628,1.629,6952.85
1767129000000,1.629,1.629,1.627,1.628,7739.02
1767129300000,1.628,1.629,1.626,1.629,7816.43
1767129600000,1.629,1.629,1.628,1.629,2930.98
1767129900000,1.628,1.629,1.626,1.627,17204.41
1767130200000,1.627,1.629,1.626,1.628,9501.86
1767130500000,1.627,1.629,1.625,1.625,3939.41
1767130800000,1.625,1.626,1.623,1.625,7462.47
1767131100000,1.624,1.626,1.624,1.626,6094.08
1767131400000,1.626,1.629,1.626,1.629,8992.42
1767131700000,1.629,1.631,1.629,1.629,24174.72
1767132000000,1.628,1.631,1.628,1.631,3369.32
1767132300000,1.63,1.63,1.627,1.627,4229.74
1767132600000,1.628,1.631,1.627,1.631,17011.98
1767132900000,1.63,1.631,1.628,1.629,12431.59
1767133200000,1.629,1.63,1.628,1.63,3492.27
1767133500000,1.629,1.63,1.628,1.63,4787.13
1767133800000,1.63,1.63,1.623,1.627,10344.56
1767134100000,1.627,1.628,1.626,1.627,2595.11
1767134400000,1.627,1.627,1.622,1.626,28911.1
1767134700000,1.626,1.627,1.625,1.625,3626.37
1767135000000,1.625,1.626,1.624,1.625,3433.51
1767135300000,1.625,1.629,1.625,1.628,28887.42
1767135600000,1.627,1.63,1.626,1.629,11469.08
1767135900000,1.629,1.63,1.628,1.63,2705.72
1767136200000,1.629,1.631,1.628,1.631,9124.38
1767136500000,1.63,1.631,1.628,1.629,8163.01
1767136800000,1.629,1.63,1.629,1.629,1186.16
1767137100000,1.63,1.63,1.629,1.629,1601.05
1767137400000,1.63,1.63,1.628,1.629,6522.32
1767137700000,1.629,1.629,1.628,1.628,3891.78
1767138000000,1.628,1.628,1.624,1.625,5055.54
1767138300000,1.625,1.626,1.623,1.625,19777.23
1767138600000,1.624,1.627,1.624,1.627,1563.49
1767138900000,1.627,1.627,1.625,1.625,2821.24
1767139200000,1.624,1.625,1.621,1.621,13396.48
1767139500000,1.621,1.622,1.618,1.619,12394.2
1767139800000,1.619,1.621,1.618,1.618,28205.24
1767140100000,1.618,1.621,1.618,1.619,6346.0
1767140400000,1.619,1.621,1.618,1.619,11262.75
1767140700000,1.618,1.619,1.616,1.618,15797.11
1767141000000,1.618,1.618,1.614,1.616,14453.39
1767141300000,1.617,1.626,1.614,1.617,358253.23
1767141600000,1.617,1.618,1.612,1.614,196630.18
1767141900000,1.614,1.614,1.609,1.613,24780.9
1767142200000,1.613,1.613,1.611,1.612,8905.61
1767142500000,1.612,1.616,1.612,1.615,5136.35
1767142800000,1.615,1.619,1.615,1.619,5097.17
1767143100000,1.619,1.619,1.617,1.617,6590.65
1767143400000,1.617,1.621,1.617,1.62,12839.49
1767143700000,1.621,1.624,1.619,1.624,12455.75
1767144000000,1.625,1.626,1.623,1.625,3921.11
1767144300000,1.624,1.624,1.621,1.621,9499.32
1767144600000,1.621,1.621,1.619,1.62,10919.45
1767144900000,1.62,1.622,1.619,1.62,10969.71
1767145200000,1.62,1.621,1.619,1.621,702.8
1767145500000,1.621,1.623,1.62,1.62,9187.17
1767145800000,1.621,1.621,1.619,1.619,3810.58
1767146100000,1.619,1.621,1.619,1.621,1538.13
1767146400000,1.62,1.621,1.618,1.62,2681.97
1767146700000,1.62,1.62,1.618,1.618,839.29
1767147000000,1.618,1.62,1.617,1.62,10423.85
1767147300000,1.62,1.62,1.617,1.617,2600.03
1767147600000,1.617,1.617,1.614,1.616,46952.22
1767147900000,1.615,1.616,1.614,1.615,3561.46
1767148200000,1.616,1.617,1.615,1.616,2995.11
1767148500000,1.616,1.617,1.614,1.614,4586.38
1767148800000,1.614,1.614,1.613,1.613,2191.95
1767149100000,1.613,1.614,1.613,1.614,959.72
1767149400000,1.614,1.616,1.613,1.616,9787.14
1767149700000,1.615,1.616,1.615,1.615,2767.48
1767150000000,1.615,1.616,1.614,1.615,3183.62
1767150300000,1.615,1.616,1.615,1.615,2868.68
1767150600000,1.615,1.618,1.615,1.617,14471.62
1767150900000,1.618,1.619,1.614,1.614,16872.35
1767151200000,1.613,1.615,1.613,1.614,2081.88
1767151500000,1.614,1.615,1.614,1.614,278.49
1767151800000,1.615,1.616,1.614,1.615,6439.19
1767152100000,1.614,1.615,1.613,1.614,1423.11
1767152400000,1.613,1.616,1.613,1.616,3519.42
1767152700000,1.615,1.616,1.615,1.615,2322.05
1767153000000,1.616,1.616,1.615,1.615,1490.93
1767153300000,1.615,1.616,1.614,1.615,5744.38
1767153600000,1.615,1.617,1.613,1.613,4541.05
1767153900000,1.613,1.615,1.613,1.615,3518.04
1767154200000,1.614,1.618,1.614,1.617,3771.17
1767154500000,1.617,1.618,1.616,1.617,7529.77
1767154800000,1.617,1.617,1.615,1.616,3149.04
1767155100000,1.616,1.616,1.615,1.616,2936.66
1767155400000,1.615,1.616,1.615,1.616,2031.88
1767155700000,1.616,1.616,1.614,1.614,2614.99
1767156000000,1.614,1.615,1.613,1.613,4632.49
1767156300000,1.613,1.614,1.612,1.612,3552.12
1767156600000,1.612,1.614,1.612,1.613,3806.76
1767156900000,1.614,1.614,1.612,1.613,3531.22
1767157200000,1.613,1.614,1.611,1.613,10786.19
1767157500000,1.613,1.613,1.61,1.61,6122.24
1767157800000,1.611,1.611,1.604,1.606,40693.67
1767158100000,1.606,1.607,1.603,1.603,19554.48
1767158400000,1.603,1.603,1.601,1.602,5074.23
1767158700000,1.601,1.603,1.601,1.602,3442.19
1767159000000,1.603,1.603,1.599,1.6,16156.58
1767159300000,1.599,1.602,1.599,1.6,13365.86
1767159600000,1.6,1.602,1.6,1.6,4716.52
1767159900000,1.601,1.613,1.598,1.611,174213.98
1767160200000,1.612,1.613,1.609,1.613,15415.7
1767160500000,1.613,1.617,1.612,1.616,22376.44
1767160800000,1.617,1.619,1.616,1.619,6671.71
1767161100000,1.619,1.622,1.617,1.621,14208.57
1767161400000,1.621,1.627,1.621,1.622,19327.62
1767161700000,1.622,1.624,1.622,1.623,7164.98
1767162000000,1.624,1.629,1.623,1.627,9196.21
1767162300000,1.628,1.631,1.627,1.63,14616.06
1767162600000,1.63,1.63,1.625,1.626,14404.31
1767162900000,1.627,1.627,1.624,1.625,9005.72
1767163200000,1.625,1.626,1.623,1.625,11975.5
1767163500000,1.626,1.629,1.625,1.627,12900.17
1767163800000,1.627,1.628,1.626,1.627,6565.83
1767164100000,1.628,1.629,1.625,1.629,8376.24
1767164400000,1.629,1.63,1.627,1.627,9389.35
1767164700000,1.627,1.628,1.625,1.628,32355.56
1767165000000,1.628,1.631,1.627,1.628,34673.71
1767165300000,1.629,1.63,1.628,1.63,14752.64
1767165600000,1.63,1.63,1.625,1.628,8256.2
1767165900000,1.627,1.631,1.627,1.63,18959.54
1767166200000,1.629,1.631,1.628,1.631,6714.74
1767166500000,1.63,1.63,1.627,1.628,9314.26
1767166800000,1.627,1.627,1.626,1.626,3773.05
1767167100000,1.627,1.628,1.626,1.627,4595.59
1767167400000,1.627,1.627,1.625,1.626,5322.15
1767167700000,1.625,1.629,1.625,1.627,9631.53
1767168000000,1.628,1.633,1.627,1.631,17264.55
1767168300000,1.631,1.632,1.629,1.63,4135.41
1767168600000,1.63,1.634,1.63,1.633,8125.63
1767168900000,1.634,1.636,1.632,1.634,10020.79
1767169200000,1.633,1.636,1.633,1.636,27089.58
1767169500000,1.635,1.638,1.633,1.634,35670.48
1767169800000,1.634,1.636,1.633,1.636,10600.27
1767170100000,1.636,1.636,1.632,1.633,14476.74
1767170400000,1.632,1.637,1.632,1.636,11627.91
1767170700000,1.636,1.636,1.631,1.634,11148.72
1767171000000,1.635,1.635,1.631,1.633,11686.45
1767171300000,1.633,1.633,1.632,1.633,1850.87
1767171600000,1.632,1.633,1.63,1.63,7121.78
1767171900000,1.63,1.634,1.629,1.633,14577.03
1767172200000,1.632,1.633,1.63,1.632,4668.67
1767172500000,1.632,1.636,1.632,1.635,13978.43
1767172800000,1.636,1.638,1.634,1.635,12884.94
1767173100000,1.636,1.638,1.633,1.634,6187.77
1767173400000,1.634,1.636,1.632,1.635,6550.77
1767173700000,1.635,1.64,1.634,1.64,13618.88
1767174000000,1.64,1.64,1.633,1.633,25910.62
1767174300000,1.634,1.635,1.633,1.634,3918.71
1767174600000,1.634,1.637,1.634,1.635,8922.72
1767174900000,1.634,1.636,1.633,1.636,9998.18
1767175200000,1.635,1.637,1.634,1.637,7758.8
1767175500000,1.637,1.639,1.637,1.637,5625.07
1767175800000,1.637,1.639,1.637,1.638,10715.53
1767176100000,1.639,1.642,1.638,1.641,19613.52
1767176400000,1.641,1.641,1.638,1.64,15466.11
1767176700000,1.639,1.64,1.638,1.64,5800.07
1767177000000,1.639,1.641,1.635,1.635,22142.16
1767177300000,1.635,1.636,1.63,1.632,13577.3
1767177600000,1.632,1.632,1.629,1.632,20600.49
1767177900000,1.631,1.634,1.631,1.632,11060.62
1767178200000,1.632,1.633,1.623,1.628,81199.64
1767178500000,1.628,1.629,1.626,1.629,11802.59
1767178800000,1.628,1.632,1.626,1.63,13947.26
1767179100000,1.63,1.634,1.63,1.633,5412.96
1767179400000,1.633,1.636,1.633,1.634,13883.5
1767179700000,1.634,1.639,1.633,1.639,14741.24
1767180000000,1.638,1.641,1.636,1.64,19302.2
1767180300000,1.64,1.64,1.637,1.637,11585.35
1767180600000,1.637,1.637,1.63,1.632,26856.36
1767180900000,1.631,1.635,1.631,1.634,17901.05
1767181200000,1.634,1.636,1.633,1.636,22370.62
1767181500000,1.635,1.637,1.634,1.635,15112.4
1767181800000,1.635,1.642,1.634,1.638,25318.78
1767182100000,1.637,1.638,1.634,1.635,14550.9
1767182400000,1.636,1.636,1.63,1.631,21861.71
1767182700000,1.631,1.633,1.63,1.631,26732.12
1767183000000,1.632,1.633,1.63,1.631,8105.69
1767183300000,1.63,1.632,1.63,1.631,6435.64
1767183600000,1.631,1.632,1.627,1.63,17463.09
1767183900000,1.631,1.631,1.625,1.627,12726.25
1767184200000,1.627,1.629,1.626,1.629,15250.09
1767184500000,1.629,1.63,1.626,1.626,25275.77
1767184800000,1.627,1.63,1.626,1.628,8991.31
1767185100000,1.629,1.631,1.628,1.63,5707.05
1767185400000,1.63,1.632,1.629,1.63,7831.13
1767185700000,1.63,1.635,1.63,1.635,8137.4
1767186000000,1.635,1.636,1.632,1.635,9484.14
1767186300000,1.635,1.638,1.634,1.637,6480.16
1767186600000,1.637,1.638,1.636,1.636,5958.97
1767186900000,1.636,1.638,1.636,1.638,4206.48
1767187200000,1.638,1.641,1.634,1.637,47922.32
1767187500000,1.637,1.647,1.637,1.643,74681.14
1767187800000,1.643,1.644,1.637,1.641,46928.87
1767188100000,1.64,1.64,1.636,1.637,11407.16
1767188400000,1.637,1.647,1.637,1.641,31625.1
1767188700000,1.641,1.647,1.639,1.643,18062.67
1767189000000,1.643,1.646,1.643,1.644,5731.63
1767189300000,1.644,1.646,1.641,1.645,24220.71
1767189600000,1.644,1.645,1.643,1.644,6387.57
1767189900000,1.645,1.648,1.642,1.645,36279.69
1767190200000,1.644,1.651,1.64,1.647,57845.52
1767190500000,1.647,1.648,1.642,1.644,48866.64
1767190800000,1.643,1.645,1.639,1.644,33940.5
1767191100000,1.643,1.643,1.634,1.64,40876.26
1767191400000,1.639,1.644,1.638,1.64,21472.34
1767191700000,1.64,1.642,1.635,1.637,18440.11
1767192000000,1.638,1.639,1.634,1.639,32958.98
1767192300000,1.638,1.638,1.633,1.635,45610.22
1767192600000,1.635,1.638,1.634,1.635,19297.23
1767192900000,1.635,1.636,1.633,1.635,18935.49
1767193200000,1.636,1.637,1.635,1.637,14366.69
1767193500000,1.637,1.638,1.635,1.636,21264.2
1767193800000,1.636,1.637,1.629,1.635,19782.27
1767194100000,1.634,1.634,1.63,1.633,17117.39
1767194400000,1.633,1.638,1.633,1.636,11848.25
1767194700000,1.636,1.639,1.635,1.636,25670.04
1767195000000,1.636,1.636,1.632,1.632,13799.34
1767195300000,1.633,1.638,1.631,1.636,14349.29
1767195600000,1.636,1.637,1.633,1.635,11412.23
1767195900000,1.634,1.637,1.633,1.637,7879.84
1767196200000,1.637,1.638,1.636,1.637,4474.63
1767196500000,1.637,1.637,1.633,1.634,9501.89
1767196800000,1.633,1.634,1.625,1.628,181839.2
1767197100000,1.627,1.627,1.624,1.624,12403.15
1767197400000,1.623,1.625,1.623,1.623,12574.62
1767197700000,1.623,1.627,1.622,1.626,22087.35
1767198000000,1.626,1.628,1.625,1.625,8809.23
1767198300000,1.625,1.63,1.625,1.628,14513.82
1767198600000,1.627,1.627,1.624,1.624,13226.82
1767198900000,1.624,1.628,1.623,1.627,17989.51
1767199200000,1.626,1.628,1.614,1.622,76526.2
1767199500000,1.622,1.625,1.62,1.623,20221.51
1767199800000,1.623,1.626,1.622,1.623,21531.82
1767200100000,1.623,1.624,1.621,1.622,2287.93
1767200400000,1.623,1.623,1.619,1.62,16778.76
1767200700000,1.621,1.623,1.62,1.62,6835.59
1767201000000,1.62,1.622,1.62,1.622,3370.38
1767201300000,1.621,1.626,1.621,1.625,8328.65
1767201600000,1.626,1.628,1.623,1.627,39717.15
1767201900000,1.626,1.628,1.621,1.622,27394.11
1767202200000,1.621,1.626,1.621,1.625,9320.4
1767202500000,1.625,1.625,1.62,1.621,7095.07
1767202800000,1.621,1.621,1.618,1.62,7874.78
1767203100000,1.62,1.62,1.617,1.619,8075.8
1767203400000,1.619,1.622,1.619,1.62,10734.65
1767203700000,1.62,1.622,1.618,1.621,6340.02
1767204000000,1.622,1.622,1.619,1.621,16720.26
1767204300000,1.622,1.633,1.622,1.632,29489.98
1767204600000,1.632,1.637,1.632,1.637,24397.15
1767204900000,1.637,1.641,1.635,1.637,18145.83
1767205200000,1.637,1.654,1.636,1.643,135276.61
1767205500000,1.643,1.644,1.642,1.644,17435.97
1767205800000,1.644,1.649,1.643,1.647,34390.34
1767206100000,1.647,1.649,1.634,1.637,64403.23
1767206400000,1.637,1.638,1.634,1.635,10396.0
1767206700000,1.635,1.638,1.635,1.638,14299.54
1767207000000,1.638,1.639,1.636,1.636,21384.18
1767207300000,1.636,1.637,1.633,1.637,27011.63
1767207600000,1.636,1.644,1.636,1.639,25750.12
1767207900000,1.64,1.64,1.638,1.64,11129.3
1767208200000,1.639,1.642,1.637,1.642,27187.96
1767208500000,1.642,1.642,1.635,1.637,11297.52
1767208800000,1.638,1.64,1.637,1.639,7597.02
1767209100000,1.639,1.64,1.637,1.639,7740.92
1767209400000,1.639,1.64,1.636,1.638,7413.52
1767209700000,1.638,1.64,1.636,1.639,15443.3
1767210000000,1.639,1.641,1.639,1.64,5670.45
1767210300000,1.641,1.643,1.638,1.638,16275.82
1767210600000,1.638,1.639,1.637,1.639,6444.55
1767210900000,1.638,1.639,1.634,1.637,28483.22
1767211200000,1.636,1.641,1.636,1.639,12232.6
1767211500000,1.639,1.639,1.634,1.635,12854.43
1767211800000,1.635,1.636,1.633,1.636,9826.59
1767212100000,1.635,1.646,1.635,1.645,72842.2
1767212400000,1.644,1.653,1.644,1.648,80069.48
1767212700000,1.647,1.65,1.639,1.643,90966.54
1767213000000,1.643,1.654,1.642,1.643,66016.32
1767213300000,1.643,1.646,1.642,1.645,13594.1
1767213600000,1.645,1.645,1.639,1.642,48299.64
1767213900000,1.642,1.645,1.64,1.643,13522.84
1767214200000,1.643,1.644,1.641,1.643,6905.13
1767214500000,1.642,1.646,1.642,1.644,12320.03
1767214800000,1.644,1.649,1.644,1.646,8776.74
1767215100000,1.647,1.65,1.643,1.646,76980.52
1767215400000,1.646,1.648,1.643,1.643,23306.92
1767215700000,1.643,1.645,1.64,1.644,51204.06
1767216000000,1.645,1.649,1.645,1.648,5582.17
1767216300000,1.649,1.651,1.649,1.649,5536.12
1767216600000,1.65,1.653,1.649,1.653,5545.82
1767216900000,1.652,1.657,1.651,1.654,48452.24
1767217200000,1.655,1.657,1.654,1.656,17049.52
1767217500000,1.655,1.659,1.654,1.659,27153.17
1767217800000,1.658,1.66,1.657,1.659,5419.14
1767218100000,1.659,1.661,1.656,1.658,35597.26
1767218400000,1.658,1.661,1.655,1.656,29471.19
1767218700000,1.657,1.66,1.657,1.658,11287.03
1767219000000,1.658,1.658,1.652,1.654,42486.03
1767219300000,1.653,1.655,1.65,1.652,63286.57
1767219600000,1.652,1.657,1.652,1.653,46017.3
1767219900000,1.653,1.655,1.651,1.653,38321.56
1767220200000,1.654,1.66,1.654,1.655,48063.47
1767220500000,1.656,1.666,1.655,1.662,51932.8
1767220800000,1.662,1.665,1.661,1.662,29670.02
1767221100000,1.662,1.662,1.656,1.656,4132.91
1767221400000,1.656,1.663,1.656,1.662,20034.88
1767221700000,1.662,1.665,1.661,1.664,18761.1
1767222000000,1.664,1.664,1.654,1.655,20187.82
1767222300000,1.655,1.659,1.655,1.657,30186.8
1767222600000,1.657,1.659,1.655,1.658,7722.05
1767222900000,1.657,1.659,1.656,1.657,9255.5
1767223200000,1.657,1.659,1.656,1.659,14658.47
1767223500000,1.658,1.659,1.658,1.658,3363.23
1767223800000,1.658,1.661,1.656,1.656,33104.0
1767224100000,1.656,1.658,1.654,1.655,12499.69
1767224400000,1.654,1.656,1.654,1.655,12913.37
1767224700000,1.654,1.659,1.654,1.658,26851.06
1767225000000,1.658,1.661,1.657,1.66,6078.08
1767225300000,1.66,1.663,1.659,1.659,13442.37
1767225600000,1.659,1.663,1.658,1.662,18064.84
1767225900000,1.662,1.664,1.659,1.659,22842.56
1767226200000,1.66,1.661,1.658,1.66,10523.25
1767226500000,1.66,1.661,1.659,1.659,6771.03
1767226800000,1.659,1.668,1.659,1.667,27169.96
1767227100000,1.666,1.67,1.666,1.669,5796.99
1767227400000,1.668,1.67,1.666,1.667,16779.99
1767227700000,1.668,1.669,1.666,1.667,9626.7
1767228000000,1.667,1.667,1.665,1.666,11403.13
1767228300000,1.666,1.67,1.665,1.668,9401.4
1767228600000,1.669,1.673,1.669,1.672,35458.91
1767228900000,1.671,1.672,1.664,1.664,36598.0
1767229200000,1.663,1.669,1.66,1.667,42808.68
1767229500000,1.668,1.672,1.667,1.67,29693.51
1767229800000,1.67,1.673,1.669,1.672,7469.27
1767230100000,1.672,1.674,1.669,1.669,5774.97
1767230400000,1.669,1.67,1.667,1.67,5771.43
1767230700000,1.669,1.671,1.668,1.67,7556.96
1767231000000,1.67,1.673,1.669,1.672,11788.61
1767231300000,1.671,1.677,1.671,1.676,10916.64
1767231600000,1.676,1.677,1.671,1.674,12534.51
1767231900000,1.673,1.673,1.67,1.67,7212.73
1767232200000,1.67,1.672,1.668,1.669,8886.24
1767232500000,1.67,1.672,1.669,1.67,9439.79
1767232800000,1.67,1.671,1.665,1.669,11880.6
1767233100000,1.668,1.675,1.668,1.674,18180.37
1767233400000,1.675,1.676,1.672,1.672,10104.46
1767233700000,1.672,1.68,1.671,1.677,51028.19
1767234000000,1.678,1.68,1.677,1.678,17546.6
1767234300000,1.678,1.679,1.677,1.678,8950.99
1767234600000,1.678,1.68,1.676,1.676,10725.15
1767234900000,1.677,1.678,1.671,1.673,16188.67
1767235200000,1.672,1.675,1.67,1.672,6030.07
1767235500000,1.671,1.673,1.669,1.671,32764.37
1767235800000,1.671,1.672,1.67,1.67,3715.7
1767236100000,1.671,1.672,1.67,1.672,4662.05
1767236400000,1.671,1.673,1.67,1.67,19963.79
1767236700000,1.671,1.673,1.67,1.672,25885.39
1767237000000,1.672,1.673,1.672,1.672,23580.71
1767237300000,1.672,1.674,1.671,1.674,4876.08
1767237600000,1.675,1.675,1.672,1.672,7528.96
1767237900000,1.672,1.674,1.671,1.674,4539.85
1767238200000,1.673,1.675,1.672,1.674,4709.26
1767238500000,1.674,1.678,1.673,1.677,13272.02
1767238800000,1.677,1.679,1.675,1.676,22685.77
1767239100000,1.675,1.675,1.673,1.675,4131.78
1767239400000,1.675,1.675,1.673,1.674,1689.98
1767239700000,1.673,1.678,1.673,1.676,21220.26
1767240000000,1.676,1.676,1.67,1.675,37882.34
1767240300000,1.675,1.677,1.671,1.672,9957.64
1767240600000,1.672,1.672,1.669,1.669,13704.48
1767240900000,1.67,1.672,1.668,1.67,23304.38
1767241200000,1.67,1.672,1.67,1.671,5932.2
1767241500000,1.672,1.673,1.671,1.671,7095.64
1767241800000,1.671,1.673,1.669,1.669,3738.19
1767242100000,1.67,1.671,1.669,1.67,6907.01
1767242400000,1.67,1.67,1.667,1.667,3865.77
1767242700000,1.668,1.67,1.667,1.669,7561.32
1767243000000,1.669,1.67,1.669,1.669,6731.96
1767243300000,1.67,1.671,1.669,1.67,14555.76
1767243600000,1.671,1.68,1.671,1.68,18386.55
1767243900000,1.679,1.681,1.678,1.679,19328.8
1767244200000,1.678,1.681,1.678,1.68,5575.61
1767244500000,1.681,1.683,1.68,1.68,12436.23
1767244800000,1.68,1.682,1.68,1.682,1303.85
1767245100000,1.681,1.685,1.681,1.684,6224.54
1767245400000,1.684,1.685,1.68,1.68,10498.17
1767245700000,1.681,1.681,1.679,1.68,6379.4
1767246000000,1.68,1.681,1.679,1.68,14735.1
1767246300000,1.681,1.684,1.68,1.682,6514.15
1767246600000,1.683,1.684,1.682,1.683,4088.98
1767246900000,1.684,1.689,1.683,1.688,23907.5
1767247200000,1.688,1.69,1.685,1.687,29840.69
1767247500000,1.686,1.687,1.681,1.683,18776.2
1767247800000,1.683,1.684,1.679,1.681,10331.46
1767248100000,1.682,1.684,1.678,1.68,21249.24
1767248400000,1.68,1.683,1.68,1.683,7338.45
1767248700000,1.682,1.684,1.678,1.68,24654.84
1767249000000,1.68,1.681,1.678,1.68,4899.09
1767249300000,1.68,1.68,1.678,1.68,2363.59
1767249600000,1.68,1.681,1.678,1.679,19968.56
1767249900000,1.679,1.68,1.678,1.678,5530.0
1767250200000,1.679,1.681,1.678,1.681,8784.77
1767250500000,1.681,1.684,1.68,1.682,12319.05
1767250800000,1.681,1.684,1.681,1.683,5204.52
1767251100000,1.683,1.685,1.683,1.684,3385.47
1767251400000,1.684,1.685,1.681,1.681,17102.29
1767251700000,1.681,1.681,1.676,1.676,11599.34
1767252000000,1.677,1.678,1.674,1.674,8107.0
1767252300000,1.674,1.674,1.671,1.671,7392.96
1767252600000,1.671,1.673,1.67,1.671,12353.77
1767252900000,1.67,1.671,1.661,1.661,150239.32
1767253200000,1.66,1.662,1.655,1.655,52804.5
1767253500000,1.655,1.657,1.655,1.657,17271.01
1767253800000,1.656,1.66,1.655,1.657,21491.22
1767254100000,1.658,1.66,1.656,1.658,12609.55
1767254400000,1.659,1.661,1.654,1.661,36262.17
1767254700000,1.66,1.665,1.659,1.664,8473.23
1767255000000,1.663,1.664,1.66,1.66,4430.35
1767255300000,1.66,1.661,1.657,1.66,24193.72
1767255600000,1.66,1.66,1.656,1.659,10093.52
1767255900000,1.659,1.664,1.659,1.662,37178.85
1767256200000,1.663,1.665,1.662,1.663,14640.52
1767256500000,1.662,1.664,1.662,1.663,5113.35
1767256800000,1.663,1.664,1.661,1.662,12922.83
1767257100000,1.662,1.665,1.662,1.664,5560.81
1767257400000,1.664,1.667,1.663,1.667,9830.38
1767257700000,1.667,1.67,1.666,1.669,7602.03
1767258000000,1.668,1.671,1.667,1.668,14165.79
1767258300000,1.668,1.668,1.665,1.667,12353.05
1767258600000,1.666,1.668,1.665,1.668,6640.63
1767258900000,1.668,1.669,1.667,1.668,3588.93
1767259200000,1.668,1.668,1.665,1.667,4161.7
1767259500000,1.666,1.67,1.666,1.668,9239.52
1767259800000,1.669,1.669,1.665,1.666,6249.85
1767260100000,1.666,1.666,1.664,1.666,3467.43
1767260400000,1.665,1.666,1.664,1.664,4346.97
1767260700000,1.663,1.665,1.663,1.665,4906.45
1767261000000,1.664,1.666,1.663,1.665,11185.59
1767261300000,1.666,1.677,1.666,1.673,16370.99
1767261600000,1.673,1.682,1.673,1.677,20528.72
1767261900000,1.677,1.678,1.676,1.678,16380.58
1767262200000,1.678,1.678,1.674,1.674,6027.9
1767262500000,1.674,1.674,1.672,1.674,6105.27
1767262800000,1.674,1.674,1.672,1.673,2215.86
1767263100000,1.672,1.676,1.672,1.674,10906.03
1767263400000,1.674,1.684,1.669,1.681,78657.81
1767263700000,1.682,1.685,1.679,1.68,38131.51
1767264000000,1.68,1.686,1.68,1.682,53227.38
1767264300000,1.683,1.69,1.682,1.685,41240.64
1767264600000,1.684,1.687,1.684,1.687,13201.31
1767264900000,1.686,1.688,1.685,1.686,4533.81
1767265200000,1.686,1.687,1.682,1.684,8868.1
1767265500000,1.685,1.685,1.683,1.684,7321.28
1767265800000,1.683,1.687,1.683,1.687,21686.86
1767266100000,1.686,1.687,1.685,1.687,4847.85
1772755200000,1.347,1.349,1.346,1.348,11232.56
1772755500000,1.347,1.349,1.346,1.348,7886.03
1772755800000,1.348,1.353,1.348,1.351,36382.05
1772756100000,1.351,1.352,1.349,1.35,13715.84
1772756400000,1.35,1.35,1.341,1.342,43755.8
1772756700000,1.342,1.344,1.339,1.341,13866.36
1772757000000,1.341,1.342,1.34,1.342,9449.45
1772757300000,1.342,1.342,1.339,1.341,9233.64
1772757600000,1.34,1.341,1.339,1.34,8166.83
1772757900000,1.34,1.345,1.34,1.343,31146.41
1772758200000,1.343,1.343,1.34,1.343,9715.73
1772758500000,1.342,1.343,1.341,1.341,7032.86
1772758800000,1.341,1.344,1.34,1.342,17817.39
1772759100000,1.341,1.345,1.341,1.344,11189.25
1772759400000,1.344,1.344,1.34,1.341,4696.92
1772759700000,1.34,1.342,1.34,1.341,8540.93
1772760000000,1.342,1.342,1.34,1.341,5635.91
1772760300000,1.339,1.341,1.336,1.337,9463.68
1772760600000,1.338,1.344,1.338,1.344,12326.73
1772760900000,1.344,1.347,1.344,1.344,10353.34
1772761200000,1.344,1.345,1.343,1.344,7969.19
1772761500000,1.344,1.344,1.341,1.343,10676.56
1772761800000,1.343,1.345,1.34,1.34,18418.41
1772762100000,1.34,1.343,1.34,1.341,24610.76
1772762400000,1.341,1.341,1.337,1.34,19090.41
1772762700000,1.34,1.342,1.339,1.341,25622.93
1772763000000,1.34,1.343,1.34,1.342,19317.8
1772763300000,1.342,1.345,1.342,1.345,31101.8
1772763600000,1.345,1.346,1.342,1.343,14077.8
1772763900000,1.343,1.347,1.342,1.346,13493.44
1772764200000,1.346,1.346,1.341,1.342,12326.32
1772764500000,1.341,1.342,1.34,1.341,8662.27
1772764800000,1.342,1.342,1.341,1.342,10297.59
1772765100000,1.341,1.342,1.338,1.338,7048.01
1772765400000,1.338,1.338,1.334,1.334,24818.91
1772765700000,1.334,1.337,1.333,1.336,34360.41
1772766000000,1.336,1.341,1.335,1.341,14348.75
1772766300000,1.34,1.341,1.339,1.339,23797.14
1772766600000,1.339,1.34,1.334,1.335,11451.84
1772766900000,1.335,1.335,1.332,1.333,21819.68
1772767200000,1.333,1.336,1.333,1.334,9798.97
1772767500000,1.334,1.335,1.333,1.334,8831.98
1772767800000,1.333,1.334,1.332,1.333,4507.59
1772768100000,1.333,1.334,1.333,1.333,8057.67
1772768400000,1.333,1.338,1.333,1.336,11086.37
1772768700000,1.336,1.337,1.335,1.335,21113.95
1772769000000,1.335,1.337,1.334,1.335,11044.83
1772769300000,1.336,1.336,1.334,1.335,4186.0
1772769600000,1.335,1.336,1.333,1.335,7031.64
1772769900000,1.335,1.336,1.334,1.335,10815.0
1772770200000,1.335,1.337,1.334,1.336,9985.68
1772770500000,1.335,1.338,1.335,1.338,16939.64
1772770800000,1.338,1.338,1.336,1.338,4996.46
1772771100000,1.337,1.337,1.335,1.336,5290.04
1772771400000,1.335,1.338,1.334,1.336,23695.81
1772771700000,1.336,1.337,1.334,1.334,6579.73
1772772000000,1.334,1.337,1.329,1.335,35616.2
1772772300000,1.335,1.337,1.334,1.336,11777.5
1772772600000,1.336,1.339,1.335,1.336,17517.29
1772772900000,1.336,1.338,1.334,1.337,19072.7
1772773200000,1.337,1.34,1.337,1.339,12725.49
1772773500000,1.339,1.339,1.336,1.336,31222.83
1772773800000,1.335,1.337,1.335,1.335,7173.28
1772774100000,1.336,1.338,1.334,1.335,8477.51
1772774400000,1.335,1.335,1.332,1.332,8081.96
1772774700000,1.332,1.333,1.331,1.331,7399.92
1772775000000,1.331,1.333,1.331,1.332,19347.67
1772775300000,1.331,1.332,1.328,1.329,29597.13
1772775600000,1.329,1.333,1.328,1.331,30539.75
1772775900000,1.331,1.332,1.328,1.329,27634.2
1772776200000,1.329,1.334,1.329,1.332,16113.74
1772776500000,1.332,1.336,1.332,1.333,28120.88
1772776800000,1.334,1.334,1.332,1.334,10491.55
1772777100000,1.334,1.336,1.332,1.335,10029.78
1772777400000,1.335,1.335,1.334,1.334,17639.14
1772777700000,1.335,1.336,1.333,1.336,21317.61
1772778000000,1.336,1.338,1.336,1.337,9028.08
1772778300000,1.337,1.337,1.335,1.335,7062.52
1772778600000,1.335,1.336,1.334,1.334,2907.45
1772778900000,1.334,1.338,1.334,1.338,27918.98
1772779200000,1.337,1.339,1.335,1.338,14396.73
1772779500000,1.338,1.341,1.338,1.34,5599.8
1772779800000,1.34,1.34,1.337,1.338,4232.6
1772780100000,1.338,1.341,1.338,1.338,7341.1
1772780400000,1.338,1.344,1.338,1.344,17508.96
1772780700000,1.343,1.343,1.338,1.339,11252.0
1772781000000,1.339,1.339,1.336,1.338,4347.65
1772781300000,1.337,1.338,1.336,1.337,8313.26
1772781600000,1.337,1.338,1.336,1.337,7169.9
1772781900000,1.337,1.34,1.337,1.339,11613.85
1772782200000,1.339,1.34,1.335,1.338,8726.26
1772782500000,1.338,1.339,1.336,1.338,10130.01
1772782800000,1.338,1.34,1.338,1.338,5326.85
1772783100000,1.338,1.338,1.335,1.336,33187.95
1772783400000,1.336,1.337,1.335,1.336,5716.34
1772783700000,1.336,1.337,1.333,1.334,5907.48
1772784000000,1.334,1.335,1.327,1.331,143189.94
1772784300000,1.331,1.332,1.33,1.331,12766.29
1772784600000,1.331,1.332,1.33,1.332,29725.03
1772784900000,1.332,1.332,1.33,1.332,5283.52
1772785200000,1.332,1.335,1.331,1.333,13727.3
1772785500000,1.333,1.334,1.333,1.333,8971.33
1772785800000,1.333,1.334,1.332,1.332,8919.07
1772786100000,1.332,1.333,1.33,1.332,7783.4
1772786400000,1.331,1.334,1.331,1.333,16569.89
1772786700000,1.333,1.334,1.332,1.333,10355.08
1772787000000,1.332,1.333,1.331,1.332,7187.16
1772787300000,1.332,1.336,1.331,1.335,9709.37
1772787600000,1.336,1.34,1.335,1.34,22732.18
1772787900000,1.339,1.34,1.337,1.337,9202.77
1772788200000,1.337,1.338,1.336,1.337,15203.02
1772788500000,1.337,1.339,1.335,1.338,8577.08
1772788800000,1.339,1.34,1.336,1.339,11551.26
1772789100000,1.339,1.34,1.337,1.339,7444.36
1772789400000,1.34,1.34,1.337,1.337,2467.88
1772789700000,1.337,1.338,1.335,1.335,15564.1
1772790000000,1.335,1.339,1.334,1.338,11072.6
1772790300000,1.338,1.339,1.335,1.335,8386.72
1772790600000,1.335,1.338,1.335,1.338,5394.08
1772790900000,1.338,1.339,1.336,1.337,3056.66
1772791200000,1.338,1.339,1.336,1.338,9320.51
1772791500000,1.338,1.34,1.338,1.339,8053.71
1772791800000,1.338,1.34,1.338,1.34,6487.7
1772792100000,1.34,1.341,1.339,1.339,3793.82
1772792400000,1.339,1.342,1.339,1.341,6915.24
1772792700000,1.341,1.342,1.34,1.341,4604.84
1772793000000,1.341,1.341,1.339,1.34,2642.44
1772793300000,1.339,1.34,1.338,1.34,8640.88
1772793600000,1.341,1.343,1.34,1.341,11751.64
1772793900000,1.341,1.342,1.339,1.339,11247.14
1772794200000,1.338,1.34,1.337,1.337,7351.76
1772794500000,1.336,1.336,1.331,1.331,9463.02
1772794800000,1.331,1.332,1.33,1.331,27055.75
1772795100000,1.331,1.332,1.329,1.33,6996.75
1772795400000,1.329,1.332,1.329,1.331,6103.32
1772795700000,1.33,1.331,1.329,1.329,5078.2
1772796000000,1.329,1.331,1.328,1.329,2138.26
1772796300000,1.329,1.331,1.329,1.331,6421.26
1772796600000,1.331,1.332,1.329,1.329,4048.95
1772796900000,1.329,1.33,1.327,1.328,14477.01
1772797200000,1.329,1.329,1.32,1.321,54932.77
1772797500000,1.322,1.323,1.321,1.323,13701.67
1772797800000,1.323,1.323,1.321,1.322,4627.73
1772798100000,1.322,1.325,1.322,1.325,21584.33
1772798400000,1.325,1.328,1.324,1.328,7756.15
1772798700000,1.328,1.328,1.321,1.321,25281.35
1772799000000,1.321,1.325,1.32,1.325,27932.66
1772799300000,1.324,1.329,1.323,1.328,4682.89
1772799600000,1.328,1.33,1.326,1.33,13267.53
1772799900000,1.33,1.33,1.328,1.329,9198.25
1772800200000,1.329,1.33,1.326,1.327,7909.67
1772800500000,1.326,1.326,1.322,1.323,12969.8
1772800800000,1.322,1.323,1.32,1.322,7750.87
1772801100000,1.322,1.323,1.32,1.321,9109.12
1772801400000,1.321,1.323,1.321,1.323,11399.8
1772801700000,1.323,1.325,1.322,1.325,15687.49
1772802000000,1.324,1.326,1.323,1.325,9358.82
1772802300000,1.326,1.327,1.324,1.325,10214.12
1772802600000,1.325,1.326,1.324,1.325,2295.63
1772802900000,1.325,1.327,1.324,1.327,6464.63
1772803200000,1.327,1.328,1.324,1.327,28261.87
1772803500000,1.327,1.33,1.327,1.33,4728.95
1772803800000,1.329,1.331,1.316,1.33,163771.31
1772804100000,1.331,1.333,1.327,1.327,17145.08
1772804400000,1.327,1.329,1.324,1.328,7035.31
1772804700000,1.328,1.329,1.325,1.327,8655.5
1772805000000,1.327,1.328,1.324,1.326,26852.58
1772805300000,1.327,1.327,1.32,1.321,62476.48
1772805600000,1.322,1.327,1.319,1.325,112511.06
1772805900000,1.326,1.326,1.321,1.322,28185.17
1772806200000,1.322,1.323,1.312,1.313,305990.39
1772806500000,1.313,1.316,1.31,1.315,104794.52
1772806800000,1.314,1.316,1.309,1.311,164206.48
1772807100000,1.311,1.314,1.31,1.312,30375.6
1772807400000,1.312,1.315,1.311,1.312,17966.68
1772807700000,1.312,1.312,1.305,1.306,91239.49
1772808000000,1.306,1.313,1.306,1.311,41979.59
1772808300000,1.31,1.312,1.304,1.305,40719.97
1772808600000,1.305,1.308,1.302,1.306,53281.75
1772808900000,1.306,1.309,1.305,1.309,31821.27
1772809200000,1.309,1.316,1.308,1.312,68159.22
1772809500000,1.313,1.315,1.31,1.31,10825.85
1772809800000,1.309,1.311,1.306,1.307,54363.72
1772810100000,1.307,1.308,1.3,1.307,70490.5
1772810400000,1.308,1.313,1.307,1.313,6714.32
1772810700000,1.312,1.313,1.31,1.311,12625.49
1772811000000,1.311,1.313,1.308,1.309,13466.89
1772811300000,1.309,1.313,1.308,1.311,18295.08
1772811600000,1.311,1.311,1.308,1.31,5361.37
1772811900000,1.31,1.31,1.307,1.308,4418.61
1772812200000,1.308,1.309,1.306,1.309,15560.87
1772812500000,1.308,1.311,1.308,1.31,22439.68
1772812800000,1.31,1.316,1.309,1.315,99366.28
1772813100000,1.315,1.316,1.311,1.311,19521.67
1772813400000,1.31,1.312,1.31,1.31,12622.55
1772813700000,1.311,1.315,1.311,1.315,10455.0
1772814000000,1.316,1.319,1.316,1.319,13949.69
1772814300000,1.319,1.322,1.316,1.318,54222.63
1772814600000,1.318,1.318,1.313,1.314,6574.74
1772814900000,1.314,1.32,1.313,1.319,26150.35
1772815200000,1.319,1.32,1.319,1.32,6650.97
1772815500000,1.32,1.321,1.318,1.32,18229.63
1772815800000,1.32,1.322,1.317,1.317,8313.69
1772816100000,1.318,1.318,1.317,1.317,3474.09
1772816400000,1.317,1.322,1.317,1.322,7325.49
1772816700000,1.321,1.322,1.32,1.321,9328.86
1772817000000,1.321,1.326,1.321,1.323,39446.36
1772817300000,1.324,1.326,1.321,1.326,25032.21
1772817600000,1.326,1.331,1.324,1.329,34475.95
1772817900000,1.329,1.329,1.325,1.325,6787.7
1772818200000,1.325,1.33,1.324,1.326,28329.37
1772818500000,1.326,1.326,1.321,1.321,13852.77
1772818800000,1.321,1.326,1.319,1.326,51579.19
1772819100000,1.326,1.326,1.322,1.325,6028.5
1772819400000,1.326,1.327,1.324,1.325,5858.92
1772819700000,1.325,1.326,1.323,1.324,14729.3
1772820000000,1.323,1.328,1.323,1.327,6053.37
1772820300000,1.327,1.331,1.327,1.33,23986.65
1772820600000,1.329,1.332,1.328,1.331,21848.21
1772820900000,1.332,1.333,1.33,1.331,5354.28
1772821200000,1.331,1.333,1.33,1.331,8893.74
1772821500000,1.331,1.333,1.331,1.332,3921.76
1772821800000,1.332,1.333,1.323,1.323,75389.83
1772822100000,1.324,1.325,1.315,1.317,61837.87
1772822400000,1.318,1.32,1.318,1.319,5734.74
1772822700000,1.319,1.321,1.318,1.319,4169.35
1772823000000,1.32,1.32,1.318,1.319,14306.47
1772823300000,1.318,1.32,1.318,1.32,9825.18
1772823600000,1.32,1.326,1.32,1.325,17085.64
1772823900000,1.325,1.327,1.325,1.326,3999.69
1772824200000,1.325,1.328,1.325,1.327,6941.37
1772824500000,1.326,1.329,1.325,1.329,5636.05
1772824800000,1.329,1.329,1.325,1.325,6644.43
1772825100000,1.325,1.325,1.322,1.323,10047.96
1772825400000,1.323,1.325,1.323,1.323,9344.66
1772825700000,1.324,1.324,1.322,1.322,408.63
1772826000000,1.322,1.324,1.321,1.322,6525.04
1772826300000,1.321,1.322,1.32,1.321,8320.76
1772826600000,1.322,1.322,1.32,1.321,5559.69
1772826900000,1.32,1.323,1.32,1.322,3121.42
1772827200000,1.321,1.321,1.319,1.321,2850.11
1772827500000,1.321,1.323,1.321,1.322,3364.97
1772827800000,1.321,1.322,1.319,1.32,1632.04
1772828100000,1.32,1.321,1.319,1.32,1587.64
1772828400000,1.32,1.322,1.319,1.32,5854.86
1772828700000,1.32,1.321,1.318,1.319,5690.41
1772829000000,1.319,1.321,1.318,1.321,3472.21
1772829300000,1.322,1.322,1.32,1.322,7203.97
1772829600000,1.322,1.324,1.322,1.323,8655.94
1772829900000,1.323,1.326,1.323,1.325,1617.98
1772830200000,1.324,1.329,1.324,1.327,23612.59
1772830500000,1.328,1.329,1.325,1.325,7567.11
1772830800000,1.325,1.328,1.324,1.326,7089.68
1772831100000,1.325,1.326,1.325,1.325,2432.7
1772831400000,1.326,1.327,1.326,1.326,7346.12
1772831700000,1.327,1.328,1.326,1.327,3263.49
1772832000000,1.328,1.328,1.325,1.325,8093.12
1772832300000,1.325,1.327,1.324,1.326,8803.09
1772832600000,1.326,1.327,1.325,1.327,2467.1
1772832900000,1.326,1.328,1.325,1.325,6342.05
1772833200000,1.325,1.328,1.325,1.327,5390.35
1772833500000,1.327,1.328,1.327,1.327,758.24
1772833800000,1.328,1.329,1.327,1.329,5558.73
1772834100000,1.329,1.331,1.329,1.331,8080.51
1772834400000,1.331,1.332,1.331,1.332,1844.17
1772834700000,1.331,1.333,1.33,1.333,9146.83
1772835000000,1.333,1.333,1.331,1.332,11201.78
1772835300000,1.332,1.333,1.331,1.332,17711.69
1772835600000,1.332,1.332,1.331,1.332,2248.81
1772835900000,1.332,1.338,1.332,1.337,15860.91
1772836200000,1.337,1.338,1.336,1.338,3883.3
1772836500000,1.338,1.338,1.337,1.338,3084.52
1772836800000,1.337,1.343,1.337,1.338,38257.97
1772837100000,1.339,1.339,1.338,1.339,2693.87
1772837400000,1.339,1.34,1.338,1.34,14132.73
1772837700000,1.34,1.341,1.339,1.339,6220.01
1772838000000,1.339,1.342,1.338,1.338,27146.51
1772838300000,1.339,1.34,1.338,1.339,1590.32
1772838600000,1.339,1.341,1.339,1.341,723.72
1772838900000,1.341,1.345,1.341,1.343,9154.41
1772839200000,1.343,1.345,1.342,1.342,7245.75
1772839500000,1.342,1.343,1.341,1.343,10576.82
1772839800000,1.343,1.344,1.342,1.342,24206.55
1772840100000,1.343,1.343,1.342,1.343,2537.14
1772840400000,1.343,1.343,1.338,1.339,5370.85
1772840700000,1.34,1.341,1.339,1.339,6556.43
1772841000000,1.34,1.342,1.34,1.341,5445.35
1772841300000,1.342,1.342,1.34,1.341,2962.25
1772841600000,1.341,1.341,1.335,1.335,93654.36
1772841900000,1.336,1.339,1.336,1.338,23546.95
1772842200000,1.339,1.341,1.338,1.338,7763.32
1772842500000,1.338,1.339,1.336,1.337,4446.82
1772842800000,1.337,1.34,1.337,1.34,6757.7
1772843100000,1.339,1.339,1.337,1.338,5443.53
1772843400000,1.338,1.34,1.338,1.339,2078.29
1772843700000,1.338,1.339,1.337,1.337,22541.21
1772844000000,1.337,1.337,1.333,1.334,7626.21
1772844300000,1.333,1.335,1.331,1.331,5383.52
1772844600000,1.332,1.334,1.332,1.333,1552.5
1772844900000,1.334,1.334,1.332,1.332,4961.35
1772845200000,1.333,1.337,1.332,1.335,4434.24
1772845500000,1.336,1.336,1.331,1.335,7490.03
1772845800000,1.336,1.337,1.33,1.332,11047.15
1772846100000,1.331,1.333,1.331,1.331,3066.95
1772846400000,1.331,1.333,1.331,1.332,1040.19
1772846700000,1.332,1.333,1.332,1.332,4105.95
1772847000000,1.333,1.334,1.333,1.334,7738.41
1772847300000,1.334,1.335,1.333,1.335,3982.92
1772847600000,1.334,1.334,1.332,1.332,4128.7
1772847900000,1.332,1.333,1.33,1.33,11461.99
1772848200000,1.33,1.332,1.33,1.332,9234.35
1772848500000,1.332,1.332,1.327,1.328,67153.26
1772848800000,1.328,1.329,1.327,1.328,14407.6
1772849100000,1.329,1.33,1.327,1.329,8820.26
1772849400000,1.329,1.331,1.329,1.33,9781.73
1772849700000,1.331,1.331,1.329,1.33,5293.76
1772850000000,1.33,1.332,1.329,1.33,8025.78
1772850300000,1.329,1.33,1.329,1.329,4564.54
1772850600000,1.329,1.33,1.325,1.326,5550.71
1772850900000,1.325,1.326,1.324,1.324,10158.58
1772851200000,1.324,1.33,1.324,1.329,9420.88
1772851500000,1.329,1.329,1.328,1.329,2892.28
1772851800000,1.328,1.332,1.328,1.33,5793.43
1772852100000,1.329,1.333,1.329,1.332,10744.52
1772852400000,1.332,1.337,1.332,1.333,14232.25
1772852700000,1.334,1.337,1.334,1.337,4003.46
1772853000000,1.337,1.341,1.337,1.34,19425.7
1772853300000,1.339,1.339,1.336,1.336,2231.31
1772853600000,1.337,1.337,1.335,1.336,5785.88
1772853900000,1.335,1.336,1.335,1.336,1164.78
1772854200000,1.336,1.338,1.335,1.337,17976.65
1772854500000,1.336,1.338,1.336,1.336,1586.5
1772854800000,1.336,1.339,1.336,1.338,4649.09
1772855100000,1.338,1.34,1.338,1.34,1447.97
1772855400000,1.339,1.339,1.337,1.337,4948.01
1772855700000,1.337,1.337,1.336,1.336,1036.35
1772856000000,1.336,1.338,1.333,1.333,10893.71
1772856300000,1.333,1.335,1.332,1.332,10017.98
1772856600000,1.333,1.334,1.333,1.333,1934.01
1772856900000,1.333,1.336,1.333,1.336,4757.64
1772857200000,1.336,1.339,1.334,1.338,24610.2
1772857500000,1.337,1.339,1.336,1.339,2473.72
1772857800000,1.339,1.341,1.335,1.335,6970.21
1772858100000,1.335,1.344,1.335,1.343,20316.17
1772858400000,1.343,1.343,1.341,1.343,6202.8
1772858700000,1.342,1.343,1.341,1.341,7723.09
1772859000000,1.342,1.346,1.342,1.344,20353.66
1772859300000,1.345,1.345,1.34,1.34,7501.02
1772859600000,1.34,1.342,1.339,1.341,7301.95
1772859900000,1.341,1.345,1.341,1.345,6062.93
1772860200000,1.345,1.348,1.344,1.346,26688.78
1772860500000,1.346,1.347,1.345,1.345,1947.92
1772860800000,1.344,1.348,1.343,1.346,4605.97
1772861100000,1.346,1.346,1.341,1.341,7869.69
1772861400000,1.342,1.344,1.341,1.341,6145.0
1772861700000,1.342,1.342,1.341,1.341,1362.78
1772862000000,1.342,1.343,1.34,1.341,5285.15
1772862300000,1.341,1.344,1.341,1.343,1660.12
1772862600000,1.343,1.345,1.342,1.344,23017.98
1772862900000,1.344,1.347,1.344,1.347,14633.61
1772863200000,1.346,1.347,1.343,1.344,14725.01
1772863500000,1.343,1.343,1.341,1.343,16692.0
1772863800000,1.343,1.343,1.341,1.341,2055.2
1772864100000,1.342,1.342,1.341,1.341,5814.74
1772864400000,1.341,1.341,1.339,1.34,3397.89
1772864700000,1.34,1.341,1.34,1.34,5075.55
1772865000000,1.341,1.341,1.334,1.337,31535.66
1772865300000,1.337,1.338,1.336,1.337,13427.52
1772865600000,1.338,1.338,1.337,1.338,1637.14
1772865900000,1.338,1.341,1.337,1.34,12534.31
1772866200000,1.339,1.339,1.338,1.339,5080.15
1772866500000,1.338,1.339,1.337,1.339,6040.55
1772866800000,1.338,1.34,1.336,1.339,13943.28
1772867100000,1.338,1.339,1.334,1.336,6681.41
1772867400000,1.336,1.34,1.336,1.339,5264.17
1772867700000,1.338,1.338,1.336,1.337,3541.27
1772868000000,1.337,1.341,1.336,1.341,3526.74
1772868300000,1.34,1.342,1.34,1.341,7524.06
1772868600000,1.341,1.343,1.338,1.34,12958.58
1772868900000,1.341,1.341,1.339,1.34,3295.76
1772869200000,1.339,1.343,1.339,1.342,22239.83
1772869500000,1.342,1.344,1.342,1.343,1307.3
1772869800000,1.343,1.343,1.341,1.342,10880.32
1772870100000,1.342,1.342,1.34,1.341,5331.47
1772870400000,1.341,1.342,1.34,1.342,9339.04
1772870700000,1.341,1.342,1.34,1.341,4338.59
1772871000000,1.341,1.342,1.34,1.342,6618.93
1772871300000,1.341,1.343,1.341,1.342,8181.31
1772871600000,1.341,1.343,1.34,1.343,6388.72
1772871900000,1.342,1.345,1.341,1.345,18264.42
1772872200000,1.344,1.345,1.343,1.343,11732.61
1772872500000,1.344,1.344,1.341,1.342,6178.02
1772872800000,1.343,1.343,1.34,1.342,7466.69
1772873100000,1.341,1.343,1.341,1.341,4401.53
1772873400000,1.342,1.342,1.339,1.339,1959.79
1772873700000,1.34,1.34,1.336,1.336,7729.2
1772874000000,1.336,1.338,1.334,1.338,5877.14
1772874300000,1.337,1.341,1.337,1.34,1454.26
1772874600000,1.34,1.342,1.34,1.341,4079.16
1772874900000,1.341,1.344,1.341,1.343,2926.83
1772875200000,1.343,1.344,1.342,1.343,4902.68
1772875500000,1.342,1.343,1.342,1.343,1868.78
1772875800000,1.343,1.343,1.341,1.342,5085.9
1772876100000,1.342,1.343,1.342,1.343,3692.38
1772876400000,1.342,1.343,1.342,1.343,2742.65
1772876700000,1.343,1.345,1.343,1.345,2082.65
1772877000000,1.345,1.345,1.344,1.345,3053.16
1772877300000,1.344,1.348,1.344,1.345,9153.27
1772877600000,1.346,1.348,1.344,1.347,10036.81
1772877900000,1.348,1.348,1.342,1.344,45141.03
1772878200000,1.345,1.346,1.344,1.344,2835.8
1772878500000,1.345,1.346,1.344,1.345,3614.49
1772878800000,1.344,1.345,1.344,1.345,8290.54
1772879100000,1.344,1.345,1.344,1.345,2092.77
1772879400000,1.345,1.346,1.343,1.344,2427.59
1772879700000,1.344,1.346,1.343,1.345,3479.17
1772880000000,1.345,1.348,1.344,1.346,37994.92
1772880300000,1.345,1.345,1.344,1.345,5646.83
1772880600000,1.345,1.345,1.342,1.343,3683.83
1772880900000,1.342,1.344,1.342,1.343,3249.69
1772881200000,1.343,1.346,1.343,1.346,5411.84
1772881500000,1.345,1.346,1.344,1.344,7716.9
1772881800000,1.344,1.347,1.343,1.347,4937.25
1772882100000,1.347,1.348,1.341,1.343,40837.09
1772882400000,1.342,1.342,1.339,1.34,11262.65
1772882700000,1.34,1.342,1.34,1.342,2740.82
1772883000000,1.342,1.344,1.341,1.341,9056.41
1772883300000,1.341,1.343,1.341,1.342,3465.88
1772883600000,1.342,1.344,1.339,1.342,13902.74
1772883900000,1.341,1.341,1.34,1.34,7303.83
1772884200000,1.341,1.345,1.34,1.345,1970.02
1772884500000,1.345,1.345,1.341,1.342,9212.24
1772884800000,1.341,1.342,1.34,1.342,2513.6
1772885100000,1.342,1.342,1.341,1.342,1839.75
1772885400000,1.342,1.343,1.34,1.341,15126.47
1772885700000,1.342,1.342,1.34,1.34,5846.28
1772886000000,1.34,1.34,1.338,1.339,2466.17
1772886300000,1.339,1.341,1.339,1.34,3874.31
1772886600000,1.339,1.339,1.334,1.336,35325.04
1772886900000,1.336,1.336,1.335,1.336,2739.39
1772887200000,1.336,1.337,1.335,1.335,7169.37
1772887500000,1.336,1.337,1.333,1.333,7927.4
1772887800000,1.334,1.335,1.332,1.332,9246.06
1772888100000,1.332,1.332,1.329,1.332,27397.68
1772888400000,1.332,1.332,1.327,1.328,12251.57
1772888700000,1.328,1.33,1.326,1.329,22349.34
1772889000000,1.33,1.33,1.328,1.329,3514.72
1772889300000,1.33,1.331,1.329,1.329,6959.52
1772889600000,1.329,1.331,1.329,1.33,4454.78
1772889900000,1.33,1.331,1.329,1.33,4468.12
1772890200000,1.33,1.335,1.329,1.334,12083.04
1772890500000,1.333,1.335,1.332,1.332,5884.27
1772890800000,1.333,1.335,1.332,1.333,6637.98
1772891100000,1.333,1.334,1.333,1.333,1494.43
1772891400000,1.334,1.335,1.332,1.334,5807.73
1772891700000,1.334,1.334,1.332,1.332,1489.48
1772892000000,1.332,1.334,1.331,1.332,16477.85
1772892300000,1.331,1.331,1.323,1.323,43105.63
1772892600000,1.324,1.325,1.321,1.322,27178.19
1772892900000,1.322,1.324,1.321,1.321,6231.04
1772893200000,1.322,1.322,1.32,1.321,9797.21
1772893500000,1.321,1.324,1.321,1.324,7637.85
1772893800000,1.323,1.324,1.322,1.323,6289.88
1772894100000,1.323,1.326,1.321,1.326,13520.4
1772894400000,1.326,1.326,1.322,1.322,13475.05
1772894700000,1.323,1.323,1.32,1.322,5617.7
1772895000000,1.321,1.323,1.321,1.323,11489.93
1772895300000,1.322,1.325,1.322,1.324,8004.27
1772895600000,1.323,1.325,1.32,1.324,17322.18
1772895900000,1.324,1.327,1.323,1.327,2763.53
1772896200000,1.327,1.327,1.325,1.326,6131.36
1772896500000,1.327,1.327,1.321,1.321,8872.98
1772896800000,1.321,1.324,1.321,1.322,5505.57
1772897100000,1.323,1.323,1.32,1.321,10838.75
1772897400000,1.321,1.321,1.318,1.319,14102.09
1772897700000,1.319,1.32,1.316,1.316,11774.81
1772898000000,1.317,1.318,1.316,1.317,10171.11
1772898300000,1.316,1.319,1.316,1.317,8918.98
1772898600000,1.317,1.32,1.317,1.32,11082.92
1772898900000,1.319,1.32,1.317,1.317,6391.9
1772899200000,1.317,1.318,1.315,1.315,17645.12
1772899500000,1.315,1.316,1.313,1.314,13263.03
1772899800000,1.315,1.316,1.314,1.315,6591.99
1772900100000,1.316,1.316,1.312,1.313,10430.34
1772900400000,1.313,1.314,1.312,1.313,7022.87
1772900700000,1.313,1.315,1.313,1.314,8207.49
1772901000000,1.315,1.315,1.313,1.314,12928.61
1772901300000,1.313,1.314,1.312,1.313,6859.38
1772901600000,1.313,1.314,1.312,1.313,8392.91
1772901900000,1.313,1.314,1.311,1.312,7789.9
1772902200000,1.312,1.314,1.312,1.313,9782.97
1772902500000,1.313,1.315,1.312,1.315,8022.86
1772902800000,1.315,1.316,1.314,1.316,5981.58
1772903100000,1.315,1.318,1.314,1.317,13917.56
1772903400000,1.318,1.318,1.316,1.316,14298.55
1772903700000,1.316,1.318,1.316,1.317,5408.45
1772904000000,1.318,1.319,1.315,1.315,11236.68
1772904300000,1.315,1.316,1.312,1.314,61596.8
1772904600000,1.313,1.315,1.311,1.312,10679.6
1772904900000,1.312,1.313,1.311,1.311,8075.99
1772905200000,1.311,1.313,1.311,1.313,17560.23
1772905500000,1.313,1.313,1.311,1.311,8621.65
1772905800000,1.311,1.313,1.311,1.312,13384.61
1772906100000,1.313,1.313,1.307,1.308,34380.37
1772906400000,1.308,1.308,1.304,1.306,37118.62
1772906700000,1.306,1.307,1.302,1.302,16998.2
1772907000000,1.303,1.303,1.301,1.301,24706.46
1772907300000,1.302,1.303,1.301,1.301,10190.95
1772907600000,1.301,1.303,1.3,1.302,12064.77
1772907900000,1.302,1.303,1.301,1.301,15410.82
1772908200000,1.301,1.302,1.297,1.297,55962.18
1772908500000,1.297,1.301,1.297,1.3,20195.94
1772908800000,1.3,1.302,1.299,1.301,14494.93
1772909100000,1.302,1.302,1.299,1.3,15756.71
1772909400000,1.3,1.303,1.299,1.303,10121.73
1772909700000,1.304,1.304,1.301,1.302,11589.17
1772910000000,1.302,1.304,1.301,1.302,28867.34
1772910300000,1.302,1.303,1.301,1.302,6907.4
1772910600000,1.302,1.303,1.301,1.301,7059.28
1772910900000,1.302,1.303,1.3,1.3,11265.0
1772911200000,1.301,1.304,1.3,1.303,9028.11
1772911500000,1.303,1.304,1.301,1.301,32047.5
1772911800000,1.301,1.303,1.3,1.3,14155.54
1772912100000,1.3,1.302,1.3,1.301,12408.27
1772912400000,1.301,1.302,1.3,1.3,12762.9
1772912700000,1.3,1.302,1.299,1.3,6886.7
1772913000000,1.299,1.302,1.299,1.299,10859.34
1772913300000,1.299,1.3,1.298,1.298,16512.53
1772913600000,1.298,1.302,1.298,1.301,15389.19
1772913900000,1.301,1.302,1.3,1.3,18407.54
1772914200000,1.3,1.304,1.3,1.302,13346.19
1772914500000,1.303,1.308,1.302,1.305,24739.39
1772914800000,1.305,1.305,1.303,1.305,19748.08
1772915100000,1.304,1.308,1.304,1.307,13733.41
1772915400000,1.307,1.31,1.307,1.308,10289.52
1772915700000,1.309,1.311,1.307,1.31,14592.37
1772916000000,1.311,1.313,1.311,1.311,10603.13
1772916300000,1.312,1.313,1.311,1.312,7353.4
1772916600000,1.312,1.314,1.312,1.313,8496.66
1772916900000,1.313,1.315,1.312,1.313,11550.04
1772917200000,1.314,1.317,1.312,1.315,18759.14
1772917500000,1.315,1.317,1.315,1.315,7704.37
1772917800000,1.315,1.316,1.314,1.315,9143.67
1772918100000,1.315,1.317,1.315,1.316,12314.94
1772918400000,1.316,1.318,1.315,1.317,17983.73
1772918700000,1.317,1.319,1.317,1.318,6794.18
1772919000000,1.319,1.32,1.317,1.318,30133.15
1772919300000,1.317,1.318,1.316,1.317,14226.31
1772919600000,1.318,1.322,1.317,1.322,19144.69
1772919900000,1.322,1.324,1.32,1.324,9232.01
1772920200000,1.323,1.324,1.322,1.322,3593.78
1772920500000,1.323,1.324,1.322,1.323,3181.29
1772920800000,1.323,1.326,1.323,1.325,4872.54
1772921100000,1.325,1.326,1.324,1.324,10063.58
1772921400000,1.323,1.324,1.321,1.321,12568.07
1772921700000,1.322,1.325,1.321,1.325,5513.81
1772922000000,1.324,1.325,1.321,1.321,6604.3
1772922300000,1.321,1.322,1.32,1.32,6661.3
1772922600000,1.32,1.321,1.317,1.32,10223.08
1772922900000,1.32,1.32,1.317,1.319,9320.43
1772923200000,1.318,1.319,1.317,1.318,5730.74
1772923500000,1.318,1.318,1.315,1.316,38340.79
1772923800000,1.317,1.32,1.317,1.318,22327.25
1772924100000,1.318,1.319,1.316,1.316,7698.43
1772924400000,1.316,1.321,1.315,1.32,12129.79
1772924700000,1.32,1.322,1.32,1.32,7593.48
1772925000000,1.321,1.323,1.32,1.322,8915.88
1772925300000,1.322,1.325,1.322,1.324,2812.4
1772925600000,1.325,1.326,1.324,1.324,5934.91
1772925900000,1.324,1.326,1.324,1.325,1809.26
1772926200000,1.325,1.326,1.325,1.325,1647.54
1772926500000,1.325,1.326,1.324,1.324,3247.29
1772926800000,1.324,1.325,1.324,1.324,1913.81
1772927100000,1.324,1.324,1.32,1.32,4188.27
1772927400000,1.32,1.322,1.319,1.322,7421.14
1772927700000,1.323,1.323,1.322,1.322,6028.41
1772928000000,1.322,1.323,1.321,1.321,8123.17
1772928300000,1.321,1.322,1.319,1.321,6183.65
1772928600000,1.321,1.325,1.321,1.323,8181.69
1772928900000,1.323,1.324,1.321,1.322,5279.96
1772929200000,1.323,1.325,1.322,1.322,9291.04
1772929500000,1.323,1.323,1.316,1.316,131429.92
1772929800000,1.316,1.317,1.315,1.316,12713.75
1772930100000,1.316,1.318,1.316,1.316,19620.56
1772930400000,1.316,1.317,1.313,1.316,14734.0
1772930700000,1.316,1.317,1.313,1.313,43518.11
1772931000000,1.314,1.314,1.312,1.313,30132.88
1772931300000,1.312,1.313,1.308,1.308,10956.19
1772931600000,1.308,1.309,1.304,1.304,54243.25
1772931900000,1.304,1.305,1.302,1.303,13348.68
1772932200000,1.302,1.303,1.301,1.303,14503.9
1772932500000,1.303,1.304,1.303,1.303,11552.12
1772932800000,1.304,1.306,1.304,1.305,22606.79
1772933100000,1.304,1.307,1.304,1.305,14711.95
1772933400000,1.304,1.304,1.301,1.302,11466.77
1772933700000,1.301,1.302,1.3,1.3,13904.1
1772934000000,1.3,1.302,1.3,1.301,17976.69
1772934300000,1.301,1.306,1.3,1.305,32278.53
1772934600000,1.305,1.308,1.305,1.307,15074.84
1772934900000,1.307,1.307,1.305,1.306,8760.81
1772935200000,1.306,1.306,1.304,1.305,5088.23
1772935500000,1.304,1.307,1.304,1.304,31730.66
1772935800000,1.304,1.304,1.301,1.303,8311.72
1772936100000,1.303,1.305,1.302,1.302,4179.7
1772936400000,1.303,1.304,1.301,1.303,5449.37
1772936700000,1.303,1.304,1.303,1.303,4549.05
1772937000000,1.303,1.304,1.301,1.303,14561.08
1772937300000,1.303,1.305,1.302,1.304,5389.83
1772937600000,1.304,1.305,1.302,1.304,12021.02
1772937900000,1.304,1.304,1.3,1.3,8799.96
1772938200000,1.3,1.3,1.293,1.296,39986.76
1772938500000,1.296,1.298,1.294,1.296,11489.12
1772938800000,1.296,1.298,1.294,1.295,19803.9
1772939100000,1.294,1.296,1.294,1.295,9276.57
1772939400000,1.294,1.297,1.294,1.295,16463.73
1772939700000,1.295,1.297,1.291,1.294,16628.59
1772940000000,1.293,1.296,1.293,1.295,10415.12
1772940300000,1.295,1.296,1.295,1.295,3926.73
1772940600000,1.295,1.297,1.294,1.295,15534.95
1772940900000,1.295,1.299,1.295,1.298,6257.37
1772941200000,1.298,1.3,1.297,1.298,5282.69
1772941500000,1.298,1.299,1.297,1.297,5512.76
1772941800000,1.297,1.299,1.297,1.298,6395.08
1772942100000,1.298,1.299,1.297,1.297,5113.37
1772942400000,1.296,1.298,1.295,1.297,10339.8
1772942700000,1.297,1.302,1.297,1.3,11870.99
1772943000000,1.3,1.301,1.298,1.299,10251.12
1772943300000,1.298,1.3,1.297,1.299,8345.44
1772943600000,1.299,1.3,1.299,1.299,3762.49
1772943900000,1.299,1.299,1.296,1.297,11396.4
1772944200000,1.297,1.3,1.295,1.297,20862.45
1772944500000,1.298,1.301,1.296,1.3,6462.5
1772944800000,1.301,1.301,1.295,1.297,13184.45
1772945100000,1.297,1.298,1.295,1.295,7998.95
1772945400000,1.295,1.297,1.294,1.294,5914.23
1772945700000,1.294,1.297,1.293,1.296,5493.87
1772946000000,1.296,1.298,1.296,1.296,8978.81
1772946300000,1.296,1.3,1.296,1.299,8897.56
1772946600000,1.299,1.301,1.299,1.3,3077.93
1772946900000,1.3,1.304,1.3,1.302,5568.53
1772947200000,1.302,1.304,1.302,1.302,15120.83
1772947500000,1.302,1.304,1.302,1.303,4921.8
1772947800000,1.304,1.305,1.302,1.303,10706.24
1772948100000,1.303,1.304,1.302,1.303,9744.91
1772948400000,1.303,1.304,1.302,1.303,10093.99
1772948700000,1.302,1.304,1.302,1.302,5937.84
1772949000000,1.302,1.303,1.301,1.301,5210.36
1772949300000,1.302,1.302,1.297,1.298,15038.9
1772949600000,1.298,1.301,1.298,1.3,12022.85
1772949900000,1.299,1.3,1.298,1.298,6484.08
1772950200000,1.298,1.3,1.298,1.299,3315.95
1772950500000,1.299,1.3,1.298,1.299,8269.24
1772950800000,1.3,1.301,1.299,1.3,8547.32
1772951100000,1.299,1.3,1.299,1.299,6884.1
1772951400000,1.3,1.301,1.298,1.3,11080.34
1772951700000,1.301,1.304,1.3,1.302,14577.89
1772952000000,1.302,1.305,1.302,1.304,12065.14
1772952300000,1.304,1.309,1.304,1.309,4015.54
1772952600000,1.308,1.31,1.308,1.309,7277.79
1772952900000,1.309,1.31,1.306,1.309,12975.47
1772953200000,1.308,1.313,1.308,1.313,4055.01
1772953500000,1.314,1.316,1.314,1.315,21553.05
1772953800000,1.316,1.319,1.316,1.317,10413.82
1772954100000,1.317,1.32,1.316,1.317,12908.61
1772954400000,1.317,1.32,1.315,1.315,6584.62
1772954700000,1.316,1.318,1.315,1.316,17325.08
1772955000000,1.316,1.319,1.315,1.318,12358.29
1772955300000,1.319,1.319,1.315,1.316,17070.97
1772955600000,1.317,1.318,1.316,1.318,13377.25
1772955900000,1.317,1.318,1.316,1.317,9068.7
1772956200000,1.318,1.319,1.317,1.317,5518.72
1772956500000,1.317,1.319,1.317,1.318,3279.49
1772956800000,1.318,1.319,1.315,1.317,20601.58
1772957100000,1.317,1.318,1.316,1.317,7968.63
1772957400000,1.317,1.317,1.315,1.316,6871.12
1772957700000,1.315,1.318,1.314,1.317,9853.66
1772958000000,1.317,1.32,1.317,1.319,4584.96
1772958300000,1.319,1.319,1.317,1.317,8871.35
1772958600000,1.317,1.32,1.317,1.319,6343.15
1772958900000,1.319,1.32,1.318,1.319,9748.3
1772959200000,1.318,1.32,1.317,1.318,9966.62
1772959500000,1.318,1.321,1.318,1.319,6929.67
1772959800000,1.318,1.321,1.318,1.321,12220.02
1772960100000,1.32,1.321,1.318,1.32,13011.87
1772960400000,1.32,1.321,1.319,1.32,9980.17
1772960700000,1.32,1.321,1.318,1.32,15439.42
1772961000000,1.321,1.325,1.32,1.325,24620.98
1772961300000,1.324,1.33,1.324,1.328,15120.74
1772961600000,1.328,1.332,1.327,1.331,9845.83
1772961900000,1.331,1.333,1.33,1.332,11305.02
1772962200000,1.332,1.334,1.331,1.331,3609.87
1772962500000,1.331,1.333,1.331,1.332,3990.63
1772962800000,1.332,1.333,1.331,1.332,2661.83
1772963100000,1.332,1.335,1.332,1.334,7382.16
1772963400000,1.334,1.335,1.332,1.332,5095.64
1772963700000,1.333,1.333,1.329,1.331,6845.96
1772964000000,1.331,1.331,1.33,1.33,5027.5
1772964300000,1.33,1.332,1.328,1.331,14207.17
1772964600000,1.331,1.334,1.33,1.333,17423.64
1772964900000,1.333,1.336,1.333,1.335,6464.01
1772965200000,1.335,1.338,1.334,1.335,22082.3
1772965500000,1.335,1.337,1.335,1.335,12543.12
1772965800000,1.336,1.339,1.335,1.338,26654.15
1772966100000,1.338,1.34,1.338,1.339,7376.03
1772966400000,1.339,1.342,1.338,1.338,18080.64
1772966700000,1.339,1.34,1.337,1.338,11798.66
1772967000000,1.338,1.34,1.338,1.339,11765.44
1772967300000,1.339,1.34,1.336,1.338,8129.5
1772967600000,1.338,1.339,1.336,1.338,7373.44
1772967900000,1.339,1.339,1.334,1.335,31414.84
1772968200000,1.335,1.339,1.335,1.339,7727.42
1772968500000,1.338,1.341,1.338,1.339,8297.57
1772968800000,1.339,1.34,1.338,1.339,15601.1
1772969100000,1.339,1.339,1.334,1.336,12484.57
1772969400000,1.336,1.343,1.336,1.339,7432.38
1772969700000,1.339,1.339,1.334,1.336,8844.54
1772970000000,1.337,1.337,1.331,1.332,16405.1
1772970300000,1.332,1.338,1.332,1.338,9074.6
1772970600000,1.338,1.34,1.337,1.339,9135.96
1772970900000,1.34,1.343,1.34,1.34,5429.34
1772971200000,1.34,1.344,1.339,1.343,10630.66
1772971500000,1.343,1.344,1.335,1.335,9300.88
1772971800000,1.335,1.336,1.33,1.33,33670.95
1772972100000,1.331,1.336,1.329,1.334,9201.76
1772972400000,1.335,1.341,1.335,1.34,8313.93
1772972700000,1.34,1.342,1.339,1.341,8521.28
1772973000000,1.342,1.342,1.339,1.34,29187.84
1772973300000,1.34,1.342,1.34,1.341,9348.64
1772973600000,1.341,1.358,1.341,1.356,331887.06
1772973900000,1.356,1.356,1.351,1.352,18130.72
1772974200000,1.353,1.359,1.352,1.356,40493.81
1772974500000,1.356,1.356,1.351,1.353,11982.2
1772974800000,1.353,1.353,1.344,1.345,11565.46
1772975100000,1.345,1.348,1.344,1.347,8760.24
1772975400000,1.347,1.349,1.34,1.34,20772.87
1772975700000,1.341,1.346,1.339,1.345,25685.7
1772976000000,1.345,1.349,1.344,1.344,28325.1
1772976300000,1.344,1.346,1.337,1.344,35842.98
1772976600000,1.345,1.346,1.344,1.345,15763.54
1772976900000,1.345,1.348,1.345,1.346,6066.79
1772977200000,1.345,1.347,1.342,1.345,10997.39
1772977500000,1.345,1.349,1.345,1.347,17429.17
1772977800000,1.347,1.348,1.343,1.343,7109.09
1772978100000,1.343,1.344,1.339,1.339,18430.36
1772978400000,1.339,1.343,1.338,1.341,13656.28
1772978700000,1.341,1.345,1.341,1.344,9831.28
1772979000000,1.343,1.344,1.34,1.34,9228.95
1772979300000,1.34,1.342,1.339,1.342,9552.12
1772979600000,1.342,1.343,1.338,1.343,25642.74
1772979900000,1.343,1.344,1.34,1.341,16650.52
1772980200000,1.342,1.347,1.342,1.344,10819.77
1772980500000,1.344,1.345,1.341,1.344,6007.76
1772980800000,1.345,1.345,1.341,1.342,9427.71
1772981100000,1.343,1.345,1.341,1.343,3352.9
1772981400000,1.343,1.346,1.342,1.344,3860.51
1772981700000,1.344,1.347,1.341,1.342,29685.24
1772982000000,1.342,1.343,1.337,1.338,21487.26
1772982300000,1.338,1.339,1.336,1.338,4321.23
1772982600000,1.338,1.339,1.337,1.339,5301.98
1772982900000,1.338,1.339,1.336,1.337,7100.03
1772983200000,1.337,1.337,1.33,1.331,23606.6
1772983500000,1.331,1.333,1.316,1.317,98297.14
1772983800000,1.317,1.321,1.316,1.317,32515.38
1772984100000,1.318,1.321,1.316,1.318,33213.41
1772984400000,1.319,1.32,1.317,1.318,27989.28
1772984700000,1.318,1.319,1.313,1.315,16136.22
1772985000000,1.316,1.317,1.304,1.31,243746.73
1772985300000,1.31,1.314,1.306,1.314,67296.78
1772985600000,1.313,1.316,1.311,1.312,25992.97
1772985900000,1.311,1.313,1.306,1.307,53424.33
1772986200000,1.308,1.308,1.3,1.301,77849.8
1772986500000,1.302,1.309,1.302,1.308,53927.76
1772986800000,1.308,1.315,1.308,1.313,28318.94
1772987100000,1.313,1.314,1.311,1.312,9337.31
1772987400000,1.313,1.315,1.313,1.313,12734.51
1772987700000,1.313,1.315,1.312,1.314,7119.59
1772988000000,1.315,1.315,1.314,1.314,2147.08
1772988300000,1.314,1.315,1.31,1.31,16267.86
1772988600000,1.311,1.313,1.307,1.309,22380.28
1772988900000,1.309,1.311,1.308,1.31,14297.0
1772989200000,1.311,1.317,1.309,1.317,17446.03
1772989500000,1.317,1.318,1.314,1.315,6303.6
1772989800000,1.315,1.318,1.313,1.318,6468.76
1772990100000,1.318,1.32,1.316,1.318,6435.06
1772990400000,1.318,1.319,1.316,1.317,10512.05
1772990700000,1.316,1.318,1.316,1.317,8254.89
1772991000000,1.318,1.32,1.317,1.317,3194.75
1772991300000,1.317,1.318,1.316,1.317,3476.48
1772991600000,1.317,1.318,1.317,1.317,1366.72
1772991900000,1.317,1.32,1.317,1.318,18578.64
1772992200000,1.318,1.32,1.318,1.318,17056.09
1772992500000,1.318,1.322,1.318,1.319,20433.68
1772992800000,1.32,1.321,1.318,1.318,10166.3
1772993100000,1.318,1.318,1.314,1.314,10568.91
1772993400000,1.314,1.318,1.314,1.316,5578.8
1772993700000,1.316,1.317,1.313,1.313,9760.77
1772994000000,1.314,1.316,1.314,1.316,7760.15
1772994300000,1.317,1.318,1.312,1.314,24962.9
1772994600000,1.314,1.318,1.314,1.317,15565.99
1772994900000,1.317,1.318,1.313,1.315,14545.15
1772995200000,1.316,1.318,1.315,1.316,2868.87
1772995500000,1.316,1.32,1.316,1.319,7658.13
1772995800000,1.318,1.319,1.317,1.318,4247.39
1772996100000,1.318,1.32,1.318,1.319,10105.63
1772996400000,1.32,1.321,1.319,1.32,13708.75
1772996700000,1.321,1.324,1.319,1.324,11066.98
1772997000000,1.323,1.324,1.321,1.321,11919.38
1772997300000,1.321,1.325,1.32,1.324,7401.24
1772997600000,1.325,1.329,1.323,1.328,7105.53
1772997900000,1.328,1.33,1.327,1.329,2547.04
1772998200000,1.329,1.333,1.329,1.332,8438.42
1772998500000,1.332,1.334,1.331,1.331,22778.54
1772998800000,1.331,1.332,1.328,1.329,4833.24
1772999100000,1.329,1.331,1.328,1.33,7807.89
1772999400000,1.329,1.329,1.324,1.326,5150.21
1772999700000,1.326,1.327,1.324,1.325,4008.6
1773000000000,1.326,1.327,1.324,1.324,17260.7
1773000300000,1.325,1.325,1.319,1.321,43328.31
1773000600000,1.321,1.324,1.32,1.323,42662.9
1773000900000,1.323,1.323,1.32,1.322,38322.11
1773001200000,1.322,1.324,1.32,1.321,35544.82
1773001500000,1.322,1.326,1.321,1.324,6918.36
1773001800000,1.323,1.328,1.321,1.327,55496.07
1773002100000,1.328,1.332,1.327,1.329,11620.45
1773002400000,1.329,1.332,1.329,1.331,10009.72
1773002700000,1.33,1.332,1.33,1.33,2983.15
1773003000000,1.33,1.332,1.328,1.33,30838.51
1773003300000,1.331,1.332,1.328,1.328,21395.05
1773003600000,1.329,1.333,1.328,1.332,5670.46
1773003900000,1.332,1.332,1.329,1.329,17885.18
1773004200000,1.329,1.332,1.328,1.329,43558.72
1773004500000,1.328,1.331,1.328,1.33,7130.86
1773004800000,1.329,1.333,1.329,1.331,9648.72
1773005100000,1.331,1.332,1.329,1.329,2751.24
1773005400000,1.329,1.334,1.329,1.333,13441.38
1773005700000,1.333,1.334,1.328,1.331,38258.3
1773006000000,1.33,1.332,1.329,1.329,10442.73
1773006300000,1.33,1.332,1.329,1.33,4689.69
1773006600000,1.33,1.332,1.329,1.33,3274.27
1773006900000,1.33,1.333,1.33,1.331,6201.48
1773007200000,1.331,1.331,1.315,1.315,29713.11
1773007500000,1.315,1.324,1.309,1.322,57268.08
1773007800000,1.322,1.325,1.31,1.312,129340.97
1773008100000,1.312,1.314,1.308,1.309,40391.23
1773008400000,1.309,1.311,1.308,1.31,13770.2
1773008700000,1.311,1.319,1.31,1.316,38729.25
1773009000000,1.317,1.322,1.314,1.322,14253.82
1773009300000,1.321,1.326,1.319,1.322,22142.49
1773009600000,1.323,1.324,1.322,1.322,9433.26
1773009900000,1.322,1.326,1.321,1.323,35504.84
1773010200000,1.322,1.326,1.32,1.324,9837.66
1773010500000,1.324,1.325,1.322,1.322,3114.62
1773010800000,1.323,1.324,1.321,1.324,14359.35
1773011100000,1.324,1.325,1.321,1.322,15802.47
1773011400000,1.322,1.325,1.32,1.323,6109.15
1773011700000,1.324,1.324,1.321,1.321,6033.76
1773012000000,1.32,1.323,1.319,1.321,13330.06
1773012300000,1.321,1.322,1.32,1.32,3376.45
1773012600000,1.321,1.321,1.317,1.318,4974.24
1773012900000,1.319,1.319,1.314,1.315,22609.77
1773013200000,1.315,1.315,1.314,1.314,13519.88
1773013500000,1.314,1.315,1.311,1.314,54862.86
1773013800000,1.315,1.316,1.311,1.311,6398.31
1773014100000,1.311,1.315,1.311,1.312,6020.63
1773014400000,1.313,1.315,1.312,1.313,5356.83
1773014700000,1.314,1.319,1.314,1.317,9283.08
1773015000000,1.316,1.318,1.314,1.315,6199.75
1773015300000,1.316,1.317,1.315,1.315,9974.65
1773015600000,1.314,1.315,1.31,1.31,6939.92
1773015900000,1.31,1.315,1.309,1.314,4359.21
1773016200000,1.314,1.32,1.313,1.318,24412.49
1773016500000,1.318,1.323,1.318,1.318,10616.4
1773016800000,1.318,1.318,1.315,1.316,11194.23
1773017100000,1.316,1.318,1.315,1.315,7489.8
1773017400000,1.316,1.318,1.314,1.314,3665.18
1773017700000,1.315,1.315,1.311,1.314,20942.37
1773018000000,1.315,1.316,1.312,1.312,10401.07
1773018300000,1.312,1.315,1.31,1.31,3647.79
1773018600000,1.31,1.314,1.31,1.311,9622.42
1773018900000,1.31,1.313,1.31,1.311,6420.7
1773019200000,1.311,1.313,1.309,1.313,7525.11
1773019500000,1.313,1.314,1.311,1.311,6045.69
1773019800000,1.312,1.313,1.308,1.311,18280.84
1773020100000,1.311,1.313,1.31,1.313,8830.64
1773020400000,1.312,1.312,1.31,1.312,5180.77
1773020700000,1.311,1.312,1.309,1.309,6660.48
1773021000000,1.309,1.31,1.308,1.308,1902.9
1773021300000,1.308,1.308,1.304,1.304,13302.68
1773021600000,1.304,1.307,1.301,1.305,63866.55
1773021900000,1.305,1.309,1.304,1.307,12700.41
1773022200000,1.307,1.309,1.306,1.307,22290.05
1773022500000,1.307,1.307,1.305,1.306,6602.09
1773022800000,1.306,1.307,1.303,1.306,20050.75
1773023100000,1.306,1.307,1.304,1.305,11480.44
1773023400000,1.305,1.307,1.303,1.305,9437.27
1773023700000,1.306,1.311,1.305,1.309,11163.97
1773024000000,1.309,1.313,1.309,1.312,5390.14
1773024300000,1.313,1.314,1.311,1.313,9355.39
1773024600000,1.313,1.316,1.313,1.315,4883.1
1773024900000,1.316,1.317,1.313,1.313,7571.47
1773025200000,1.313,1.32,1.312,1.319,11286.7
1773025500000,1.319,1.325,1.318,1.323,20159.26
1773025800000,1.323,1.329,1.323,1.327,42615.33
1773026100000,1.328,1.329,1.324,1.328,23702.96
1773026400000,1.329,1.329,1.319,1.319,21274.64
1773026700000,1.32,1.321,1.319,1.32,7219.75
1773027000000,1.32,1.321,1.319,1.32,6988.16
1773027300000,1.32,1.32,1.316,1.316,5486.64
1773027600000,1.316,1.317,1.315,1.316,5904.64
1773027900000,1.316,1.317,1.315,1.316,7534.77
1773028200000,1.316,1.317,1.312,1.313,12524.74
1773028500000,1.313,1.314,1.313,1.313,2256.81
1773028800000,1.313,1.314,1.312,1.312,5457.5
1773029100000,1.312,1.313,1.311,1.311,2398.76
1773029400000,1.311,1.313,1.311,1.312,3195.5
1773029700000,1.312,1.313,1.311,1.312,7954.63
1773030000000,1.312,1.314,1.312,1.313,1841.02
1773030300000,1.314,1.318,1.314,1.317,12992.55
1773030600000,1.317,1.318,1.316,1.317,5180.45
1773030900000,1.317,1.318,1.315,1.316,7286.92
1773031200000,1.316,1.316,1.313,1.315,3574.64
1773031500000,1.315,1.32,1.315,1.319,4434.07
1773031800000,1.319,1.32,1.317,1.318,3259.11
1773032100000,1.317,1.317,1.315,1.315,11059.43
1773032400000,1.315,1.317,1.315,1.315,3641.41
1773032700000,1.315,1.317,1.314,1.315,5680.69
1773033000000,1.315,1.316,1.314,1.315,5568.26
1773033300000,1.315,1.317,1.315,1.315,7777.06
1773033600000,1.315,1.318,1.314,1.316,6286.05
1773033900000,1.316,1.318,1.315,1.317,4889.86
1773034200000,1.317,1.324,1.317,1.322,16800.25
1773034500000,1.321,1.323,1.32,1.321,7800.52
1773034800000,1.321,1.334,1.321,1.332,15705.9
1773035100000,1.332,1.335,1.331,1.335,19432.31
1773035400000,1.335,1.336,1.331,1.331,15110.77
1773035700000,1.331,1.334,1.331,1.332,8632.89
1773036000000,1.333,1.334,1.33,1.33,9317.74
1773036300000,1.33,1.33,1.324,1.326,22544.13
1773036600000,1.326,1.329,1.325,1.326,16090.11
1773036900000,1.326,1.331,1.325,1.327,37617.69
1773037200000,1.327,1.327,1.324,1.324,9794.94
1773037500000,1.325,1.326,1.324,1.324,7483.68
1773037800000,1.324,1.326,1.322,1.322,4906.7
1773038100000,1.322,1.323,1.322,1.322,7722.12
1773038400000,1.322,1.322,1.317,1.317,47664.76
1773038700000,1.317,1.32,1.317,1.319,10937.83
1773039000000,1.32,1.321,1.319,1.32,6435.01
1773039300000,1.32,1.321,1.319,1.32,4067.81
1773039600000,1.321,1.324,1.321,1.321,19743.09
1773039900000,1.321,1.325,1.321,1.324,14475.87
1773040200000,1.324,1.325,1.32,1.321,11221.93
1773040500000,1.321,1.325,1.318,1.32,12569.9
1773040800000,1.32,1.328,1.32,1.327,5072.33
1773041100000,1.327,1.327,1.324,1.325,3292.09
1773041400000,1.325,1.327,1.324,1.325,8476.54
1773041700000,1.326,1.33,1.326,1.326,13338.41
1773042000000,1.327,1.329,1.326,1.329,12703.52
1773042300000,1.329,1.329,1.328,1.328,5710.29
1773042600000,1.329,1.329,1.324,1.325,3635.76
1773042900000,1.325,1.327,1.324,1.325,5002.56
1773043200000,1.325,1.326,1.323,1.324,7439.35
1773043500000,1.323,1.326,1.321,1.325,14541.72
1773043800000,1.325,1.328,1.325,1.326,4056.11
1773044100000,1.326,1.327,1.323,1.323,8450.03
1773044400000,1.324,1.333,1.323,1.331,35282.85
1773044700000,1.332,1.334,1.33,1.33,9181.8
1773045000000,1.331,1.331,1.328,1.329,6526.98
1773045300000,1.33,1.334,1.328,1.331,20336.32
1773045600000,1.332,1.333,1.328,1.329,17099.63
1773045900000,1.33,1.332,1.329,1.331,3998.37
1773046200000,1.33,1.331,1.327,1.328,9027.71
1773046500000,1.327,1.328,1.326,1.327,4038.82
1773046800000,1.328,1.331,1.327,1.327,10084.34
1773047100000,1.328,1.328,1.322,1.325,6670.1
1773047400000,1.326,1.33,1.326,1.329,4990.87
1773047700000,1.329,1.33,1.328,1.328,5069.53
1773048000000,1.329,1.332,1.328,1.331,4092.42
1773048300000,1.331,1.332,1.329,1.329,3666.69
1773048600000,1.329,1.331,1.328,1.331,7869.83
1773048900000,1.33,1.335,1.33,1.334,30718.31
1773049200000,1.334,1.338,1.334,1.337,8578.35
1773049500000,1.336,1.338,1.335,1.335,5081.23
1773049800000,1.335,1.337,1.333,1.336,31420.8
1773050100000,1.337,1.337,1.332,1.334,65718.06
1773050400000,1.334,1.338,1.333,1.337,38459.65
1773050700000,1.336,1.336,1.334,1.335,12940.01
1773051000000,1.335,1.336,1.334,1.334,4047.27
1773051300000,1.335,1.335,1.332,1.333,7569.36
1773051600000,1.333,1.336,1.332,1.332,14933.49
1773051900000,1.333,1.333,1.331,1.331,7351.12
1773052200000,1.331,1.334,1.33,1.332,48975.1
1773052500000,1.332,1.333,1.328,1.329,9728.3
1773052800000,1.33,1.332,1.33,1.331,5416.64
1773053100000,1.332,1.334,1.33,1.333,13004.12
1773053400000,1.333,1.335,1.331,1.334,5867.47
1773053700000,1.335,1.335,1.33,1.335,38345.93
1773054000000,1.336,1.339,1.334,1.337,13746.14
1773054300000,1.338,1.339,1.336,1.337,4939.93
1773054600000,1.338,1.338,1.333,1.333,6698.47
1773054900000,1.333,1.334,1.326,1.329,17178.75
1773792000000,1.341,1.343,1.341,1.341,6451.63
1773792300000,1.341,1.342,1.339,1.341,14975.32
1773792600000,1.341,1.342,1.341,1.341,1994.08
1773792900000,1.341,1.343,1.339,1.343,16898.08
1773793200000,1.343,1.344,1.341,1.341,7732.4
1773793500000,1.341,1.344,1.34,1.344,9212.73
1773793800000,1.344,1.345,1.342,1.343,6789.26
1773794100000,1.343,1.343,1.342,1.343,1174.88
1773794400000,1.343,1.345,1.342,1.345,3877.61
1773794700000,1.346,1.349,1.346,1.348,26142.56
1773795000000,1.348,1.349,1.348,1.348,2901.56
1773795300000,1.348,1.348,1.347,1.347,3153.78
1773795600000,1.348,1.35,1.347,1.35,6568.67
1773795900000,1.349,1.35,1.348,1.349,4988.8
1773796200000,1.35,1.35,1.348,1.348,4627.39
1773796500000,1.348,1.35,1.347,1.347,5360.69
1773796800000,1.347,1.349,1.347,1.347,1762.98
1773797100000,1.348,1.35,1.348,1.349,1715.63
1773797400000,1.349,1.353,1.349,1.353,41340.98
1773797700000,1.352,1.353,1.35,1.351,22220.81
1773798000000,1.352,1.352,1.348,1.349,4574.44
1773798300000,1.349,1.349,1.346,1.349,6452.53
1773798600000,1.349,1.349,1.347,1.347,15847.7
1773798900000,1.347,1.347,1.346,1.347,28836.42
1773799200000,1.347,1.349,1.347,1.349,565.03
1773799500000,1.35,1.352,1.348,1.352,4049.34
1773799800000,1.351,1.353,1.351,1.351,3971.5
1773800100000,1.352,1.353,1.351,1.353,3052.13
1773800400000,1.353,1.353,1.352,1.353,3246.88
1773800700000,1.353,1.354,1.352,1.352,5312.75
1773801000000,1.352,1.356,1.352,1.354,11632.83
1773801300000,1.354,1.356,1.353,1.355,3613.69
1773801600000,1.355,1.356,1.353,1.353,9853.54
1773801900000,1.353,1.354,1.352,1.352,6507.5
1773802200000,1.352,1.353,1.351,1.352,5102.57
1773802500000,1.353,1.354,1.353,1.353,5795.71
1773802800000,1.353,1.354,1.353,1.354,7572.14
1773803100000,1.353,1.355,1.352,1.353,7893.73
1773803400000,1.353,1.353,1.352,1.353,1823.02
1773803700000,1.352,1.353,1.352,1.353,2321.85
1773804000000,1.353,1.355,1.353,1.354,5629.9
1773804300000,1.355,1.356,1.354,1.355,1909.15
1773804600000,1.356,1.356,1.353,1.354,12098.78
1773804900000,1.355,1.355,1.353,1.353,4922.91
1773805200000,1.352,1.354,1.352,1.352,915.8
1773805500000,1.353,1.353,1.35,1.351,21124.25
1773805800000,1.35,1.352,1.35,1.351,15776.91
1773806100000,1.351,1.353,1.351,1.352,7043.09
1773806400000,1.352,1.353,1.35,1.353,6916.13
1773806700000,1.353,1.354,1.351,1.352,4522.59
1773807000000,1.352,1.353,1.352,1.353,864.32
1773807300000,1.352,1.353,1.349,1.351,3110.07
1773807600000,1.351,1.352,1.35,1.35,3614.36
1773807900000,1.351,1.351,1.349,1.35,12003.65
1773808200000,1.349,1.35,1.348,1.35,6061.95
1773808500000,1.35,1.351,1.347,1.348,9607.39
1773808800000,1.348,1.349,1.348,1.348,279.0
1773809100000,1.348,1.349,1.348,1.349,4056.73
1773809400000,1.349,1.35,1.348,1.35,2300.4
1773809700000,1.35,1.35,1.349,1.35,1128.96
1773810000000,1.35,1.351,1.349,1.351,8719.43
1773810300000,1.351,1.352,1.351,1.352,2161.75
1773810600000,1.352,1.354,1.352,1.353,2608.06
1773810900000,1.352,1.353,1.351,1.351,1425.43
1773811200000,1.351,1.352,1.351,1.351,1228.51
1773811500000,1.351,1.352,1.351,1.351,946.27
1773811800000,1.352,1.353,1.351,1.352,1226.63
1773812100000,1.351,1.351,1.349,1.35,2174.05
1773812400000,1.35,1.35,1.348,1.348,874.22
1773812700000,1.349,1.349,1.347,1.349,7130.74
1773813000000,1.349,1.349,1.346,1.346,8135.64
1773813300000,1.346,1.347,1.345,1.346,2818.82
1773813600000,1.346,1.347,1.343,1.345,61152.66
1773813900000,1.346,1.347,1.345,1.347,5608.97
1773814200000,1.346,1.347,1.345,1.347,9063.39
1773814500000,1.347,1.347,1.345,1.346,6890.85
1773814800000,1.346,1.347,1.344,1.346,23269.2
1773815100000,1.346,1.346,1.345,1.346,5029.42
1773815400000,1.346,1.349,1.345,1.346,15759.15
1773815700000,1.345,1.345,1.343,1.343,6307.97
1773816000000,1.344,1.344,1.342,1.344,4603.45
1773816300000,1.344,1.345,1.341,1.344,17503.89
1773816600000,1.344,1.345,1.343,1.344,12846.81
1773816900000,1.344,1.344,1.342,1.343,8975.36
1773817200000,1.343,1.343,1.34,1.341,31294.02
1773817500000,1.341,1.342,1.34,1.341,4254.51
1773817800000,1.341,1.342,1.34,1.342,1337.34
1773818100000,1.342,1.342,1.339,1.34,16120.25
1773818400000,1.339,1.34,1.338,1.339,12467.46
1773818700000,1.339,1.34,1.337,1.337,11448.41
1773819000000,1.337,1.337,1.335,1.335,5611.62
1773819300000,1.335,1.338,1.335,1.337,12719.61
1773819600000,1.337,1.339,1.336,1.337,5101.67
1773819900000,1.338,1.339,1.337,1.339,10956.82
1773820200000,1.339,1.34,1.338,1.34,4955.32
1773820500000,1.34,1.34,1.339,1.34,3368.01
1773820800000,1.34,1.341,1.339,1.339,4115.55
1773821100000,1.34,1.341,1.339,1.339,5903.08
1773821400000,1.339,1.341,1.338,1.341,10414.57
1773821700000,1.341,1.343,1.34,1.341,5594.22
1773822000000,1.341,1.342,1.341,1.342,1111.18
1773822300000,1.342,1.342,1.34,1.341,4755.27
1773822600000,1.342,1.342,1.34,1.341,7025.09
1773822900000,1.342,1.342,1.341,1.342,1869.47
1773823200000,1.342,1.343,1.34,1.343,3481.87
1773823500000,1.342,1.343,1.341,1.343,5027.87
1773823800000,1.343,1.343,1.34,1.341,3179.51
1773824100000,1.34,1.341,1.339,1.341,12639.0
1773824400000,1.341,1.341,1.336,1.338,19488.15
1773824700000,1.337,1.338,1.336,1.337,12439.97
1773825000000,1.337,1.339,1.335,1.338,41986.66
1773825300000,1.338,1.339,1.336,1.338,32573.39
1773825600000,1.338,1.34,1.337,1.339,13276.03
1773825900000,1.34,1.341,1.339,1.34,4497.24
1773826200000,1.34,1.343,1.34,1.342,6541.33
1773826500000,1.341,1.343,1.341,1.341,8067.32
1773826800000,1.341,1.341,1.34,1.341,1519.85
1773827100000,1.34,1.341,1.34,1.341,1438.21
1773827400000,1.341,1.341,1.339,1.339,2528.17
1773827700000,1.338,1.339,1.337,1.339,11994.79
1773828000000,1.338,1.339,1.338,1.338,1023.2
1773828300000,1.338,1.339,1.337,1.339,2923.86
1773828600000,1.339,1.341,1.339,1.34,6831.16
1773828900000,1.34,1.34,1.337,1.338,16317.28
1773829200000,1.338,1.338,1.337,1.338,4620.06
1773829500000,1.338,1.34,1.338,1.339,7740.77
1773829800000,1.339,1.339,1.336,1.337,5502.6
1773830100000,1.337,1.337,1.334,1.335,7013.87
1773830400000,1.335,1.336,1.333,1.334,7954.31
1773830700000,1.333,1.335,1.33,1.333,57648.06
1773831000000,1.334,1.336,1.333,1.336,9413.23
1773831300000,1.336,1.337,1.335,1.335,7564.38
1773831600000,1.335,1.335,1.328,1.331,126469.78
1773831900000,1.332,1.332,1.33,1.332,19269.51
1773832200000,1.332,1.333,1.331,1.333,7736.7
1773832500000,1.333,1.334,1.332,1.334,5729.33
1773832800000,1.333,1.335,1.332,1.333,24653.75
1773833100000,1.333,1.333,1.33,1.33,21450.75
1773833400000,1.33,1.331,1.324,1.326,68469.36
1773833700000,1.325,1.325,1.317,1.319,108819.51
1773834000000,1.319,1.323,1.319,1.322,11937.6
1773834300000,1.322,1.323,1.32,1.322,16801.9
1773834600000,1.322,1.323,1.32,1.321,11092.5
1773834900000,1.321,1.323,1.32,1.323,14021.63
1773835200000,1.322,1.323,1.319,1.322,12862.63
1773835500000,1.322,1.323,1.319,1.319,8986.04
1773835800000,1.319,1.321,1.318,1.32,8853.98
1773836100000,1.319,1.322,1.319,1.32,7356.28
1773836400000,1.319,1.322,1.319,1.32,20062.77
1773836700000,1.321,1.322,1.319,1.321,13140.56
1773837000000,1.32,1.32,1.308,1.309,67177.28
1773837300000,1.31,1.312,1.31,1.311,15815.54
1773837600000,1.311,1.312,1.31,1.312,32910.16
1773837900000,1.311,1.311,1.308,1.31,22517.35
1773838200000,1.309,1.312,1.309,1.312,17750.43
1773838500000,1.311,1.312,1.309,1.31,10072.93
1773838800000,1.31,1.311,1.304,1.31,43359.7
1773839100000,1.309,1.311,1.309,1.309,5865.11
1773839400000,1.309,1.311,1.308,1.31,14683.03
1773839700000,1.31,1.31,1.304,1.305,51640.43
1773840000000,1.305,1.31,1.305,1.307,21230.53
1773840300000,1.307,1.309,1.306,1.306,9203.01
1773840600000,1.306,1.307,1.303,1.304,17911.09
1773840900000,1.304,1.31,1.304,1.309,41160.22
1773841200000,1.309,1.309,1.305,1.305,10973.26
1773841500000,1.305,1.306,1.303,1.304,49361.73
1773841800000,1.303,1.307,1.303,1.306,10736.81
1773842100000,1.306,1.306,1.303,1.305,33456.27
1773842400000,1.304,1.306,1.302,1.303,49694.69
1773842700000,1.304,1.306,1.302,1.305,11666.21
1773843000000,1.305,1.305,1.302,1.303,13872.0
1773843300000,1.303,1.305,1.302,1.303,11834.73
1773843600000,1.304,1.305,1.302,1.304,12615.33
1773843900000,1.304,1.305,1.298,1.299,36657.87
1773844200000,1.3,1.301,1.295,1.295,91716.32
1773844500000,1.295,1.298,1.295,1.296,9946.5
1773844800000,1.297,1.299,1.294,1.295,14035.75
1773845100000,1.295,1.298,1.295,1.298,27115.79
1773845400000,1.298,1.299,1.294,1.294,15847.68
1773845700000,1.294,1.298,1.291,1.293,45864.73
1773846000000,1.293,1.297,1.288,1.295,50759.3
1773846300000,1.296,1.3,1.295,1.299,36638.25
1773846600000,1.3,1.3,1.295,1.296,39123.01
1773846900000,1.296,1.299,1.296,1.298,19763.31
1773847200000,1.298,1.299,1.297,1.298,34722.69
1773847500000,1.298,1.299,1.296,1.298,16195.53
1773847800000,1.298,1.3,1.296,1.299,24515.29
1773848100000,1.298,1.305,1.296,1.3,154116.56
1773848400000,1.3,1.307,1.299,1.302,58713.76
1773848700000,1.303,1.308,1.3,1.306,78593.25
1773849000000,1.306,1.308,1.304,1.308,37331.3
1773849300000,1.307,1.309,1.306,1.307,20928.68
1773849600000,1.307,1.317,1.303,1.314,247988.45
1773849900000,1.315,1.324,1.311,1.32,139898.96
1773850200000,1.321,1.321,1.317,1.318,28310.76
1773850500000,1.317,1.318,1.314,1.314,15027.8
1773850800000,1.314,1.315,1.309,1.31,14742.27
1773851100000,1.31,1.313,1.309,1.311,38539.19
1773851400000,1.311,1.312,1.308,1.308,25465.09
1773851700000,1.308,1.311,1.307,1.311,7560.43
1773852000000,1.31,1.31,1.303,1.303,46591.93
1773852300000,1.303,1.303,1.301,1.302,6080.61
1773852600000,1.303,1.305,1.302,1.304,22019.12
1773852900000,1.304,1.306,1.303,1.305,21831.3
1773853200000,1.305,1.307,1.304,1.305,26375.97
1773853500000,1.305,1.306,1.301,1.303,49163.36
1773853800000,1.303,1.304,1.299,1.301,46085.2
1773854100000,1.301,1.302,1.278,1.289,1527061.1
1773854400000,1.29,1.296,1.289,1.296,34123.78
1773854700000,1.296,1.299,1.294,1.299,21401.51
1773855000000,1.299,1.3,1.297,1.299,18656.24
1773855300000,1.3,1.305,1.3,1.305,11258.07
1773855600000,1.304,1.304,1.302,1.304,15643.7
1773855900000,1.303,1.305,1.302,1.302,12681.3
1773856200000,1.302,1.303,1.294,1.295,62537.85
1773856500000,1.295,1.297,1.295,1.297,12347.38
1773856800000,1.297,1.304,1.297,1.303,47936.7
1773857100000,1.303,1.304,1.302,1.303,15507.68
1773857400000,1.303,1.303,1.301,1.302,36559.95
1773857700000,1.302,1.303,1.299,1.299,23143.6
1773858000000,1.299,1.3,1.298,1.3,4267.44
1773858300000,1.3,1.302,1.3,1.301,20718.27
1773858600000,1.302,1.305,1.3,1.301,17186.55
1773858900000,1.3,1.303,1.3,1.301,10481.43
1773859200000,1.3,1.302,1.299,1.3,5296.83
1773859500000,1.3,1.3,1.296,1.297,16000.88
1773859800000,1.297,1.297,1.293,1.294,38513.19
1773860100000,1.293,1.294,1.291,1.292,6601.86
1773860400000,1.293,1.298,1.293,1.298,10178.55
1773860700000,1.297,1.298,1.296,1.297,12883.12
1773861000000,1.297,1.297,1.295,1.296,3204.39
1773861300000,1.296,1.298,1.294,1.297,6660.51
1773861600000,1.297,1.297,1.294,1.294,10501.39
1773861900000,1.294,1.296,1.293,1.294,16210.81
1773862200000,1.294,1.297,1.293,1.295,11430.67
1773862500000,1.295,1.296,1.294,1.296,6697.6
1773862800000,1.296,1.296,1.294,1.295,9747.95
1773863100000,1.294,1.295,1.293,1.293,10559.62
1773863400000,1.293,1.296,1.292,1.296,13444.02
1773863700000,1.296,1.296,1.294,1.295,9760.14
1773864000000,1.294,1.295,1.292,1.292,17468.97
1773864300000,1.292,1.292,1.288,1.289,10902.3
1773864600000,1.29,1.293,1.286,1.291,45428.03
1773864900000,1.291,1.294,1.29,1.294,8668.29
1773865200000,1.293,1.294,1.292,1.294,5011.68
1773865500000,1.294,1.296,1.293,1.293,8668.17
1773865800000,1.293,1.296,1.293,1.296,14423.72
1773866100000,1.296,1.298,1.296,1.297,16465.22
1773866400000,1.298,1.298,1.295,1.295,17451.6
1773866700000,1.295,1.296,1.293,1.296,7147.72
1773867000000,1.296,1.297,1.293,1.294,30843.39
1773867300000,1.294,1.295,1.294,1.295,5383.46
1773867600000,1.295,1.298,1.294,1.297,4769.91
1773867900000,1.298,1.298,1.297,1.297,1030.5
1773868200000,1.298,1.303,1.297,1.302,14065.73
1773868500000,1.301,1.302,1.3,1.301,7242.95
1773868800000,1.302,1.302,1.301,1.301,1367.28
1773869100000,1.302,1.302,1.301,1.302,1680.01
1773869400000,1.302,1.302,1.299,1.3,17366.72
1773869700000,1.3,1.302,1.299,1.301,6090.89
1773870000000,1.302,1.303,1.3,1.301,8205.75
1773870300000,1.3,1.301,1.299,1.3,8546.4
1773870600000,1.301,1.302,1.3,1.302,4417.96
1773870900000,1.301,1.303,1.301,1.302,3737.9
1773871200000,1.301,1.302,1.299,1.3,10043.08
1773871500000,1.299,1.301,1.298,1.299,8578.11
1773871800000,1.299,1.3,1.299,1.299,7108.1
1773872100000,1.299,1.301,1.299,1.301,716.08
1773872400000,1.301,1.302,1.299,1.302,4504.85
1773872700000,1.301,1.301,1.3,1.301,7696.78
1773873000000,1.302,1.302,1.299,1.3,7732.5
1773873300000,1.3,1.3,1.298,1.299,3865.05
1773873600000,1.299,1.299,1.298,1.299,4928.66
1773873900000,1.298,1.3,1.298,1.3,2697.37
1773874200000,1.299,1.3,1.298,1.298,2241.45
1773874500000,1.299,1.3,1.298,1.3,3102.26
1773874800000,1.3,1.3,1.298,1.299,5211.3
1773875100000,1.298,1.3,1.298,1.3,1307.29
1773875400000,1.299,1.3,1.298,1.298,3030.84
1773875700000,1.298,1.299,1.298,1.299,247.4
1773876000000,1.299,1.3,1.298,1.299,1842.14
1773876300000,1.298,1.3,1.298,1.299,2615.9
1773876600000,1.3,1.301,1.299,1.3,10329.08
1773876900000,1.3,1.301,1.299,1.301,2380.66
1773877200000,1.301,1.301,1.299,1.299,1139.79
1773877500000,1.299,1.301,1.299,1.301,2593.5
1773877800000,1.3,1.301,1.298,1.298,3277.81
1773878100000,1.299,1.3,1.298,1.299,1565.73
1773878400000,1.299,1.3,1.292,1.296,97050.06
1773878700000,1.296,1.297,1.296,1.297,2874.34
1773879000000,1.297,1.299,1.296,1.299,18387.78
1773879300000,1.299,1.299,1.297,1.298,2117.51
1773879600000,1.298,1.299,1.297,1.297,9795.15
1773879900000,1.297,1.3,1.297,1.3,3911.53
1773880200000,1.3,1.301,1.297,1.298,9442.27
1773880500000,1.297,1.298,1.296,1.297,9548.64
1773880800000,1.298,1.298,1.296,1.297,3182.31
1773881100000,1.297,1.297,1.296,1.296,2130.52
1773881400000,1.295,1.296,1.295,1.296,1120.81
1773881700000,1.296,1.296,1.294,1.296,4072.01
1773882000000,1.296,1.299,1.296,1.297,5981.7
1773882300000,1.297,1.299,1.297,1.297,5969.17
1773882600000,1.297,1.298,1.296,1.298,1894.14
1773882900000,1.298,1.299,1.297,1.298,11315.66
1773883200000,1.298,1.299,1.297,1.298,3053.31
1773883500000,1.297,1.299,1.297,1.298,2316.23
1773883800000,1.299,1.299,1.298,1.298,1950.66
1773884100000,1.298,1.299,1.297,1.297,3363.74
1773884400000,1.297,1.298,1.296,1.297,27052.9
1773884700000,1.296,1.297,1.296,1.296,11662.27
1773885000000,1.297,1.297,1.296,1.296,4436.02
1773885300000,1.297,1.297,1.296,1.297,742.76
1773885600000,1.296,1.297,1.293,1.295,20548.03
1773885900000,1.295,1.295,1.293,1.293,5490.9
1773886200000,1.294,1.296,1.294,1.296,7161.49
1773886500000,1.296,1.296,1.293,1.294,5407.19
1773886800000,1.293,1.295,1.293,1.293,8947.0
1773887100000,1.293,1.295,1.292,1.294,16223.04
1773887400000,1.294,1.294,1.291,1.293,3457.52
1773887700000,1.293,1.293,1.291,1.292,1060.44
1773888000000,1.292,1.293,1.291,1.292,2592.42
1773888300000,1.292,1.292,1.291,1.292,1383.35
1773888600000,1.292,1.293,1.29,1.291,4402.95
1773888900000,1.291,1.293,1.291,1.292,8365.4
1773889200000,1.292,1.294,1.292,1.293,11083.59
1773889500000,1.294,1.294,1.292,1.294,3839.79
1773889800000,1.293,1.295,1.293,1.295,8947.53
1773890100000,1.295,1.298,1.294,1.298,7154.33
1773890400000,1.297,1.298,1.296,1.298,9114.51
1773890700000,1.298,1.298,1.295,1.297,12175.05
1773891000000,1.296,1.296,1.291,1.292,18787.41
1773891300000,1.291,1.291,1.288,1.288,4056.48
1773891600000,1.289,1.289,1.287,1.288,12140.62
1773891900000,1.288,1.29,1.287,1.289,4224.35
1773892200000,1.29,1.29,1.289,1.29,1063.99
1773892500000,1.289,1.29,1.289,1.29,3250.12
1773892800000,1.29,1.29,1.287,1.288,9482.58
1773893100000,1.288,1.289,1.285,1.287,18694.69
1773893400000,1.286,1.288,1.286,1.287,3274.42
1773893700000,1.288,1.288,1.281,1.283,68115.85
1773894000000,1.284,1.285,1.282,1.283,16124.81
1773894300000,1.283,1.284,1.281,1.283,8502.89
1773894600000,1.283,1.283,1.281,1.281,3278.6
1773894900000,1.281,1.283,1.281,1.282,5974.03
1773895200000,1.282,1.282,1.28,1.281,7187.56
1773895500000,1.281,1.281,1.279,1.281,12487.59
1773895800000,1.281,1.283,1.281,1.281,22289.6
1773896100000,1.282,1.284,1.282,1.282,13046.33
1773896400000,1.281,1.283,1.281,1.282,7481.79
1773896700000,1.283,1.284,1.282,1.283,2689.62
1773897000000,1.283,1.283,1.28,1.281,3955.35
1773897300000,1.281,1.283,1.28,1.282,8754.06
1773897600000,1.281,1.283,1.28,1.282,14067.23
1773897900000,1.282,1.282,1.278,1.278,15659.79
1773898200000,1.278,1.279,1.273,1.275,58423.77
1773898500000,1.276,1.276,1.273,1.275,5600.95
1773898800000,1.274,1.276,1.273,1.274,5491.53
1773899100000,1.273,1.276,1.273,1.275,11032.64
1773899400000,1.275,1.277,1.273,1.275,17449.26
1773899700000,1.275,1.278,1.275,1.276,19665.14
1773900000000,1.277,1.278,1.276,1.278,4443.34
1773900300000,1.278,1.28,1.276,1.276,26157.34
1773900600000,1.277,1.277,1.272,1.274,130502.23
1773900900000,1.275,1.275,1.273,1.274,7158.23
1773901200000,1.273,1.275,1.272,1.273,9854.98
1773901500000,1.273,1.274,1.271,1.272,14467.84
1773901800000,1.272,1.273,1.271,1.272,20650.59
1773902100000,1.272,1.274,1.272,1.274,9497.31
1773902400000,1.275,1.276,1.274,1.275,4070.89
1773902700000,1.276,1.277,1.274,1.275,5270.6
1773903000000,1.275,1.275,1.272,1.272,6860.92
1773903300000,1.272,1.273,1.271,1.272,7869.26
1773903600000,1.273,1.273,1.269,1.271,25447.29
1773903900000,1.272,1.273,1.27,1.272,17612.22
1773904200000,1.273,1.273,1.268,1.269,18288.91
1773904500000,1.269,1.27,1.263,1.264,74304.0
1773904800000,1.264,1.264,1.26,1.262,35016.28
1773905100000,1.262,1.266,1.262,1.264,7002.79
1773905400000,1.263,1.264,1.262,1.263,8654.75
1773905700000,1.262,1.267,1.262,1.267,16117.59
1773906000000,1.267,1.268,1.265,1.265,10683.66
1773906300000,1.266,1.267,1.265,1.266,11269.57
1773906600000,1.266,1.268,1.265,1.267,8056.97
1773906900000,1.267,1.268,1.265,1.266,6066.72
1773907200000,1.266,1.273,1.266,1.266,85948.49
1773907500000,1.266,1.268,1.266,1.266,10392.88
1773907800000,1.266,1.268,1.265,1.268,14949.6
1773908100000,1.267,1.268,1.265,1.265,17330.52
1773908400000,1.266,1.267,1.264,1.266,16405.25
1773908700000,1.266,1.266,1.264,1.265,14443.1
1773909000000,1.265,1.266,1.264,1.265,8262.22
1773909300000,1.265,1.266,1.265,1.266,4426.96
1773909600000,1.266,1.268,1.266,1.266,16376.31
1773909900000,1.267,1.267,1.265,1.267,3718.36
1773910200000,1.267,1.267,1.263,1.265,10484.21
1773910500000,1.264,1.265,1.263,1.263,5398.63
1773910800000,1.263,1.265,1.263,1.264,9398.88
1773911100000,1.264,1.266,1.263,1.264,9000.48
1773911400000,1.264,1.264,1.262,1.262,5780.33
1773911700000,1.263,1.263,1.261,1.262,7899.28
1773912000000,1.262,1.267,1.262,1.264,18142.17
1773912300000,1.265,1.265,1.262,1.264,16147.75
1773912600000,1.264,1.266,1.263,1.264,37293.57
1773912900000,1.264,1.267,1.264,1.267,4966.46
1773913200000,1.267,1.268,1.266,1.267,5886.95
1773913500000,1.268,1.269,1.267,1.268,4698.89
1773913800000,1.268,1.268,1.266,1.266,4670.44
1773914100000,1.267,1.268,1.266,1.268,4297.23
1773914400000,1.268,1.268,1.265,1.265,17360.76
1773914700000,1.265,1.267,1.265,1.267,5428.83
1773915000000,1.267,1.267,1.266,1.267,2046.98
1773915300000,1.266,1.267,1.265,1.265,10233.04
1773915600000,1.266,1.266,1.264,1.265,14464.38
1773915900000,1.264,1.265,1.262,1.263,15375.74
1773916200000,1.263,1.264,1.261,1.262,4057.27
1773916500000,1.261,1.262,1.259,1.261,15781.1
1773916800000,1.261,1.261,1.258,1.259,15326.58
1773917100000,1.258,1.259,1.257,1.258,11543.62
1773917400000,1.258,1.258,1.252,1.254,26528.13
1773917700000,1.254,1.255,1.251,1.251,21319.94
1773918000000,1.252,1.253,1.25,1.253,37296.92
1773918300000,1.253,1.254,1.252,1.253,6976.18
1773918600000,1.253,1.255,1.252,1.254,55395.25
1773918900000,1.255,1.256,1.254,1.255,10234.79
1773919200000,1.255,1.256,1.253,1.255,11606.12
1773919500000,1.254,1.255,1.253,1.254,3972.76
1773919800000,1.254,1.254,1.245,1.246,35825.18
1773920100000,1.247,1.248,1.244,1.245,37974.15
1773920400000,1.245,1.246,1.244,1.245,10578.79
1773920700000,1.245,1.246,1.243,1.245,23267.75
1773921000000,1.245,1.246,1.243,1.246,15583.09
1773921300000,1.246,1.249,1.244,1.248,13759.99
1773921600000,1.247,1.248,1.245,1.247,26399.58
1773921900000,1.248,1.248,1.245,1.247,28191.27
1773922200000,1.247,1.251,1.247,1.25,24354.39
1773922500000,1.251,1.251,1.248,1.248,12719.9
1773922800000,1.248,1.249,1.246,1.247,7058.62
1773923100000,1.246,1.246,1.242,1.244,35892.24
1773923400000,1.244,1.245,1.241,1.241,33646.14
1773923700000,1.242,1.244,1.241,1.242,14044.08
1773924000000,1.243,1.245,1.242,1.243,20870.54
1773924300000,1.243,1.244,1.242,1.244,3987.22
1773924600000,1.244,1.244,1.239,1.242,31531.11
1773924900000,1.242,1.243,1.239,1.24,33150.2
1773925200000,1.24,1.243,1.237,1.242,40525.57
1773925500000,1.242,1.242,1.235,1.238,38135.04
1773925800000,1.238,1.238,1.235,1.235,10736.25
1773926100000,1.236,1.243,1.235,1.242,62873.44
1773926400000,1.243,1.246,1.242,1.243,24559.44
1773926700000,1.243,1.243,1.241,1.243,13063.18
1773927000000,1.242,1.243,1.239,1.24,32589.92
1773927300000,1.24,1.24,1.235,1.236,24988.25
1773927600000,1.235,1.241,1.234,1.24,31520.57
1773927900000,1.239,1.242,1.237,1.242,35353.41
1773928200000,1.242,1.245,1.241,1.245,20786.61
1773928500000,1.245,1.245,1.242,1.244,13294.35
1773928800000,1.244,1.247,1.242,1.243,21174.16
1773929100000,1.243,1.244,1.239,1.24,20372.26
1773929400000,1.241,1.244,1.24,1.241,14678.08
1773929700000,1.241,1.241,1.238,1.239,18530.35
1773930000000,1.24,1.24,1.237,1.239,18829.08
1773930300000,1.238,1.239,1.236,1.236,11555.18
1773930600000,1.237,1.242,1.236,1.242,11885.32
1773930900000,1.242,1.242,1.24,1.242,10369.87
1773931200000,1.242,1.245,1.242,1.244,10997.23
1773931500000,1.243,1.245,1.243,1.245,10915.05
1773931800000,1.245,1.246,1.244,1.246,16211.92
1773932100000,1.245,1.245,1.242,1.244,39307.65
1773932400000,1.243,1.245,1.243,1.245,5275.01
1773932700000,1.245,1.246,1.244,1.246,16262.39
1773933000000,1.245,1.246,1.244,1.245,7407.82
1773933300000,1.244,1.245,1.24,1.24,29995.75
1773933600000,1.241,1.241,1.237,1.238,18738.55
1773933900000,1.239,1.239,1.237,1.238,8844.05
1773934200000,1.238,1.241,1.237,1.24,35980.12
1773934500000,1.24,1.242,1.238,1.241,26277.17
1773934800000,1.24,1.24,1.237,1.238,28910.75
1773935100000,1.238,1.244,1.237,1.244,36433.19
1773935400000,1.244,1.245,1.243,1.243,11954.12
1773935700000,1.243,1.244,1.242,1.242,10515.72
1773936000000,1.242,1.242,1.238,1.239,13721.3
1773936300000,1.239,1.24,1.238,1.239,8135.23
1773936600000,1.238,1.238,1.231,1.234,69222.27
1773936900000,1.233,1.234,1.229,1.229,29653.99
1773937200000,1.23,1.231,1.225,1.227,25878.71
1773937500000,1.227,1.229,1.227,1.228,33094.89
1773937800000,1.228,1.228,1.224,1.227,27856.75
1773938100000,1.228,1.228,1.223,1.225,56053.3
1773938400000,1.225,1.227,1.225,1.226,18083.0
1773938700000,1.225,1.227,1.224,1.224,21750.55
1773939000000,1.223,1.229,1.223,1.229,28772.71
1773939300000,1.229,1.23,1.226,1.226,23798.25
1773939600000,1.227,1.229,1.226,1.227,15531.34
1773939900000,1.227,1.229,1.226,1.226,23779.59
1773940200000,1.227,1.229,1.226,1.226,9232.37
1773940500000,1.227,1.23,1.226,1.23,14194.78
1773940800000,1.229,1.233,1.229,1.232,22025.76
1773941100000,1.232,1.235,1.232,1.234,11692.35
1773941400000,1.234,1.236,1.232,1.235,29334.46
1773941700000,1.235,1.235,1.233,1.235,12637.57
1773942000000,1.235,1.237,1.234,1.237,60018.45
1773942300000,1.236,1.237,1.235,1.237,13688.38
1773942600000,1.236,1.241,1.236,1.241,13236.71
1773942900000,1.241,1.242,1.24,1.241,34482.06
1773943200000,1.241,1.241,1.238,1.239,5362.5
1773943500000,1.238,1.239,1.238,1.238,5952.87
1773943800000,1.239,1.239,1.237,1.238,8416.68
1773944100000,1.238,1.239,1.237,1.237,8045.18
1773944400000,1.238,1.238,1.235,1.235,4584.72
1773944700000,1.235,1.235,1.233,1.234,9709.15
1773945000000,1.234,1.235,1.232,1.233,29936.25
1773945300000,1.233,1.233,1.229,1.23,29790.65
1773945600000,1.23,1.23,1.228,1.23,13320.64
1773945900000,1.23,1.23,1.228,1.229,11649.86
1773946200000,1.23,1.23,1.228,1.23,11629.49
1773946500000,1.231,1.234,1.23,1.234,12775.94
1773946800000,1.235,1.239,1.235,1.237,50030.93
1773947100000,1.238,1.239,1.235,1.235,49825.3
1773947400000,1.236,1.24,1.234,1.235,84383.92
1773947700000,1.235,1.24,1.234,1.24,32546.97
1773948000000,1.239,1.242,1.239,1.242,28369.17
1773948300000,1.241,1.242,1.237,1.239,20173.32
1773948600000,1.239,1.241,1.237,1.24,35980.45
1773948900000,1.24,1.241,1.238,1.241,14741.36
1773949200000,1.241,1.242,1.24,1.242,4501.23
1773949500000,1.241,1.242,1.24,1.24,15401.11
1773949800000,1.24,1.24,1.237,1.239,76681.06
1773950100000,1.239,1.239,1.237,1.238,37285.03
1773950400000,1.238,1.24,1.236,1.237,40281.88
1773950700000,1.238,1.238,1.233,1.234,37581.27
1773951000000,1.234,1.235,1.232,1.234,23090.95
1773951300000,1.235,1.236,1.23,1.232,55246.81
1773951600000,1.232,1.232,1.23,1.23,20287.81
1773951900000,1.231,1.232,1.231,1.232,10905.98
1773952200000,1.232,1.232,1.231,1.231,1779.03
1773952500000,1.231,1.234,1.231,1.234,6307.55
1773952800000,1.234,1.235,1.231,1.232,22251.53
1773953100000,1.232,1.232,1.23,1.232,7580.82
1773953400000,1.231,1.232,1.229,1.229,19284.7
1773953700000,1.23,1.23,1.227,1.228,8224.62
1773954000000,1.229,1.23,1.227,1.228,25984.8
1773954300000,1.227,1.228,1.226,1.228,28264.84
1773954600000,1.227,1.229,1.226,1.228,36042.97
1773954900000,1.228,1.23,1.226,1.228,57638.41
1773955200000,1.228,1.229,1.227,1.228,8239.42
1773955500000,1.228,1.229,1.226,1.227,11177.57
1773955800000,1.227,1.227,1.224,1.226,17143.99
1773956100000,1.226,1.228,1.226,1.227,17622.28
1773956400000,1.226,1.226,1.225,1.226,9837.53
1773956700000,1.225,1.226,1.225,1.225,2017.75
1773957000000,1.226,1.23,1.226,1.229,19979.85
1773957300000,1.23,1.233,1.23,1.232,16966.09
1773957600000,1.231,1.232,1.229,1.229,9376.46
1773957900000,1.229,1.23,1.227,1.23,7622.71
1773958200000,1.23,1.23,1.226,1.227,32817.76
1773958500000,1.227,1.227,1.224,1.226,27711.15
1773958800000,1.226,1.226,1.224,1.225,16635.44
1773959100000,1.226,1.226,1.224,1.225,14258.42
1773959400000,1.226,1.226,1.223,1.225,26758.85
1773959700000,1.225,1.226,1.222,1.226,31236.67
1773960000000,1.226,1.228,1.225,1.226,9793.71
1773960300000,1.227,1.227,1.225,1.226,11909.63
1773960600000,1.226,1.227,1.225,1.225,13965.12
1773960900000,1.225,1.227,1.225,1.227,9962.44
1773961200000,1.227,1.229,1.226,1.227,18364.77
1773961500000,1.227,1.227,1.225,1.227,6910.33
1773961800000,1.227,1.23,1.227,1.228,46980.37
1773962100000,1.228,1.229,1.225,1.226,25604.58
1773962400000,1.226,1.226,1.222,1.223,22701.43
1773962700000,1.224,1.225,1.223,1.225,5364.95
1773963000000,1.225,1.226,1.223,1.225,21634.13
1773963300000,1.225,1.226,1.222,1.223,15022.09
1773963600000,1.223,1.224,1.221,1.224,21953.81
1773963900000,1.223,1.224,1.221,1.224,21189.09
1773964200000,1.223,1.224,1.223,1.223,3314.97
1773964500000,1.224,1.225,1.223,1.223,9299.15
1773964800000,1.224,1.226,1.222,1.223,24853.7
1773965100000,1.223,1.226,1.222,1.223,28204.63
1773965400000,1.223,1.224,1.221,1.223,12372.71
1773965700000,1.222,1.227,1.222,1.227,26725.6
1773966000000,1.226,1.23,1.226,1.228,49867.53
1773966300000,1.228,1.23,1.227,1.228,12042.75
1773966600000,1.227,1.228,1.225,1.228,11528.36
1773966900000,1.227,1.227,1.224,1.226,20064.93
1773967200000,1.225,1.226,1.225,1.226,4572.24
1773967500000,1.225,1.226,1.224,1.224,5241.92
1773967800000,1.225,1.225,1.221,1.222,65429.78
1773968100000,1.223,1.224,1.221,1.224,36795.58
1773968400000,1.224,1.227,1.223,1.225,56730.62
1773968700000,1.225,1.227,1.224,1.225,19756.27
1773969000000,1.224,1.225,1.221,1.223,31447.8
1773969300000,1.223,1.223,1.215,1.22,109217.55
1773969600000,1.221,1.223,1.22,1.223,24067.65
1773969900000,1.222,1.223,1.22,1.222,26336.31
1773970200000,1.222,1.225,1.221,1.225,13879.93
1773970500000,1.226,1.229,1.225,1.228,28059.49
1773970800000,1.228,1.229,1.225,1.225,18313.47
1773971100000,1.225,1.226,1.224,1.226,8437.71
1773971400000,1.226,1.226,1.225,1.225,19457.6
1773971700000,1.224,1.226,1.223,1.224,17022.35
1773972000000,1.224,1.225,1.224,1.225,13538.54
1773972300000,1.225,1.226,1.222,1.222,42052.11
1773972600000,1.223,1.223,1.219,1.22,34495.66
1773972900000,1.22,1.22,1.216,1.216,51517.46
1773973200000,1.217,1.217,1.211,1.211,73508.98
1773973500000,1.212,1.215,1.21,1.213,53843.4
1773973800000,1.213,1.213,1.202,1.205,158328.98
1773974100000,1.205,1.206,1.202,1.203,51705.61
1773974400000,1.203,1.208,1.203,1.208,28356.74
1773974700000,1.208,1.211,1.207,1.211,38619.49
1773975000000,1.211,1.212,1.21,1.212,12036.05
1773975300000,1.212,1.213,1.21,1.211,20318.5
1773975600000,1.211,1.212,1.21,1.21,8133.95
1773975900000,1.211,1.213,1.21,1.211,37375.16
1773976200000,1.211,1.212,1.209,1.211,29875.42
1773976500000,1.21,1.212,1.209,1.211,19687.4
1773976800000,1.21,1.212,1.21,1.211,8882.13
1773977100000,1.212,1.212,1.207,1.211,48795.23
1773977400000,1.211,1.214,1.211,1.213,23854.48
1773977700000,1.213,1.215,1.211,1.215,40730.43
1773978000000,1.215,1.217,1.214,1.216,16862.7
1773978300000,1.215,1.216,1.212,1.213,25604.49
1773978600000,1.212,1.215,1.212,1.215,52121.15
1773978900000,1.214,1.214,1.211,1.211,31840.35
1773979200000,1.211,1.211,1.209,1.21,15826.84
1773979500000,1.21,1.211,1.209,1.211,5091.75
1773979800000,1.211,1.212,1.21,1.211,21087.06
1773980100000,1.21,1.21,1.206,1.207,21178.89
1773980400000,1.208,1.208,1.205,1.205,19204.33
1773980700000,1.206,1.207,1.205,1.207,12002.91
1773981000000,1.208,1.208,1.205,1.207,30295.88
1773981300000,1.207,1.209,1.207,1.208,7549.78
1773981600000,1.209,1.209,1.208,1.208,6639.17
1773981900000,1.208,1.21,1.205,1.206,35695.26
1773982200000,1.206,1.209,1.205,1.206,80254.4
1773982500000,1.207,1.21,1.206,1.209,18513.94
1773982800000,1.209,1.212,1.208,1.209,52984.41
1773983100000,1.208,1.208,1.206,1.207,21338.26
1773983400000,1.207,1.208,1.206,1.208,18612.36
1773983700000,1.208,1.209,1.206,1.208,47175.67
1773984000000,1.208,1.209,1.207,1.208,8403.24
1773984300000,1.208,1.209,1.206,1.207,13331.07
1773984600000,1.207,1.21,1.206,1.21,17990.35
1773984900000,1.21,1.212,1.209,1.211,7111.18
1773985200000,1.212,1.215,1.211,1.214,26908.37
1773985500000,1.214,1.214,1.212,1.214,16771.44
1773985800000,1.214,1.215,1.211,1.214,30493.6
1773986100000,1.214,1.215,1.214,1.214,20113.91
1773986400000,1.215,1.221,1.213,1.218,53739.07
1773986700000,1.218,1.219,1.216,1.219,16456.66
1773987000000,1.219,1.221,1.218,1.221,12604.28
1773987300000,1.22,1.221,1.219,1.221,9440.25
1773987600000,1.22,1.226,1.22,1.225,59119.16
1773987900000,1.225,1.226,1.223,1.225,44920.43
1773988200000,1.225,1.23,1.225,1.23,24241.71
1773988500000,1.23,1.232,1.229,1.23,29310.06
1773988800000,1.231,1.24,1.228,1.232,216424.13
1773989100000,1.232,1.236,1.231,1.233,36743.46
1773989400000,1.234,1.235,1.231,1.231,33780.41
1773989700000,1.232,1.232,1.228,1.229,41011.74
1773990000000,1.229,1.229,1.221,1.223,51357.18
1773990300000,1.224,1.224,1.222,1.222,19985.06
1773990600000,1.222,1.222,1.216,1.218,65770.48
1773990900000,1.218,1.218,1.215,1.217,18296.24
1773991200000,1.217,1.219,1.216,1.218,26370.62
1773991500000,1.217,1.219,1.217,1.218,7787.87
1773991800000,1.218,1.227,1.216,1.227,25296.31
1773992100000,1.227,1.228,1.226,1.228,13673.32
1773992400000,1.228,1.231,1.228,1.228,18527.57
1773992700000,1.228,1.228,1.227,1.228,8143.75
1773993000000,1.228,1.229,1.227,1.228,21954.97
1773993300000,1.229,1.23,1.227,1.228,23925.46
1773993600000,1.228,1.228,1.223,1.224,49192.67
1773993900000,1.225,1.226,1.221,1.224,38709.64
1773994200000,1.224,1.226,1.221,1.223,18090.55
1773994500000,1.222,1.223,1.22,1.222,19338.97
1773994800000,1.222,1.224,1.221,1.224,12673.14
1773995100000,1.224,1.228,1.224,1.227,14468.09
1773995400000,1.226,1.229,1.225,1.228,16378.51
1773995700000,1.227,1.231,1.227,1.23,28568.57
1773996000000,1.231,1.231,1.227,1.228,22615.2
1773996300000,1.228,1.229,1.227,1.229,4006.15
1773996600000,1.229,1.232,1.229,1.231,19404.73
1773996900000,1.231,1.242,1.23,1.232,163985.76
1773997200000,1.232,1.234,1.23,1.231,43498.15
1773997500000,1.231,1.24,1.23,1.239,270166.53
1773997800000,1.239,1.24,1.236,1.238,50683.29
1773998100000,1.239,1.243,1.235,1.237,95963.63
1773998400000,1.236,1.237,1.232,1.233,17594.91
1773998700000,1.234,1.237,1.234,1.235,11346.93
1773999000000,1.236,1.238,1.234,1.238,31266.96
1773999300000,1.238,1.242,1.237,1.241,47811.12
1773999600000,1.242,1.242,1.238,1.24,19096.63
1773999900000,1.24,1.243,1.238,1.241,45583.53
1774000200000,1.242,1.242,1.239,1.24,16369.24
1774000500000,1.24,1.241,1.239,1.239,17537.13
1774000800000,1.24,1.241,1.237,1.241,117741.04
1774001100000,1.24,1.244,1.24,1.242,38305.65
1774001400000,1.241,1.244,1.241,1.242,30425.6
1774001700000,1.243,1.245,1.242,1.244,15471.55
1774002000000,1.245,1.246,1.244,1.244,55484.11
1774002300000,1.245,1.245,1.242,1.244,10388.16
1774002600000,1.243,1.243,1.24,1.242,33854.38
1774002900000,1.242,1.242,1.24,1.242,32739.28
1774003200000,1.242,1.243,1.239,1.24,39144.78
1774003500000,1.24,1.241,1.239,1.239,11025.28
1774003800000,1.239,1.241,1.239,1.239,19980.22
1774004100000,1.238,1.241,1.238,1.238,14545.2
1774004400000,1.239,1.241,1.238,1.24,16216.58
1774004700000,1.241,1.242,1.239,1.241,14022.42
1774005000000,1.241,1.243,1.239,1.243,35035.45
1774005300000,1.242,1.242,1.24,1.242,10108.83
1774005600000,1.241,1.242,1.24,1.242,39673.77
1774005900000,1.241,1.243,1.241,1.242,13445.68
1774006200000,1.242,1.243,1.241,1.242,8353.94
1774006500000,1.242,1.243,1.239,1.241,7152.54
1774006800000,1.241,1.242,1.24,1.242,4473.28
1774007100000,1.243,1.243,1.241,1.242,6948.37
1774007400000,1.243,1.247,1.242,1.247,17077.97
1774007700000,1.247,1.247,1.244,1.245,8040.66
1774008000000,1.245,1.246,1.245,1.245,14675.04
1774008300000,1.246,1.252,1.245,1.249,52823.32
1774008600000,1.25,1.25,1.245,1.246,9174.42
1774008900000,1.246,1.246,1.241,1.242,20836.05
1774009200000,1.242,1.242,1.239,1.239,20206.79
1774009500000,1.239,1.24,1.237,1.238,14395.82
1774009800000,1.238,1.238,1.233,1.235,20258.46
1774010100000,1.234,1.236,1.234,1.235,6596.25
1774010400000,1.235,1.235,1.233,1.234,12373.31
1774010700000,1.235,1.236,1.233,1.236,23839.05
1774011000000,1.235,1.236,1.233,1.234,24463.77
1774011300000,1.234,1.24,1.233,1.239,67946.7
1774011600000,1.24,1.245,1.237,1.243,49171.7
1774011900000,1.243,1.248,1.243,1.246,27064.65
1774012200000,1.247,1.247,1.242,1.244,21774.5
1774012500000,1.245,1.246,1.244,1.244,22204.77
1774012800000,1.244,1.244,1.241,1.243,27692.2
1774013100000,1.243,1.246,1.242,1.245,28040.1
1774013400000,1.245,1.245,1.236,1.236,34101.32
1774013700000,1.235,1.236,1.233,1.234,23651.22
1774014000000,1.234,1.236,1.232,1.235,38449.25
1774014300000,1.234,1.235,1.229,1.231,62135.73
1774014600000,1.231,1.231,1.224,1.226,50188.96
1774014900000,1.226,1.226,1.221,1.222,38974.18
1774015200000,1.222,1.222,1.218,1.22,46060.6
1774015500000,1.22,1.221,1.217,1.219,41543.76
1774015800000,1.22,1.225,1.22,1.224,40144.52
1774016100000,1.224,1.224,1.22,1.222,31885.14
1774016400000,1.223,1.226,1.221,1.226,43366.69
1774016700000,1.226,1.23,1.225,1.229,37583.85
1774017000000,1.229,1.231,1.228,1.23,40190.55
1774017300000,1.23,1.23,1.227,1.228,48064.24
1774017600000,1.228,1.23,1.226,1.226,35803.42
1774017900000,1.226,1.226,1.224,1.225,17207.03
1774018200000,1.224,1.225,1.22,1.22,11230.47
1774018500000,1.221,1.223,1.22,1.223,7865.82
1774018800000,1.222,1.226,1.222,1.224,9842.94
1774019100000,1.223,1.224,1.222,1.223,4913.67
1774019400000,1.223,1.226,1.223,1.226,9882.26
1774019700000,1.226,1.226,1.223,1.223,8724.97
1774020000000,1.224,1.233,1.224,1.229,47087.98
1774020300000,1.229,1.23,1.227,1.229,11868.42
1774020600000,1.229,1.231,1.228,1.229,11172.07
1774020900000,1.229,1.229,1.225,1.227,10312.02
1774021200000,1.226,1.229,1.226,1.228,7202.56
1774021500000,1.228,1.229,1.227,1.227,5371.88
1774021800000,1.227,1.228,1.226,1.227,9310.62
1774022100000,1.226,1.23,1.226,1.23,20668.42
1774022400000,1.23,1.233,1.229,1.232,29893.52
1774022700000,1.232,1.232,1.23,1.231,11657.98
1774023000000,1.231,1.232,1.231,1.231,5906.54
1774023300000,1.232,1.232,1.23,1.231,12401.51
1774023600000,1.231,1.234,1.231,1.233,31978.44
1774023900000,1.233,1.236,1.232,1.236,34065.45
1774024200000,1.236,1.238,1.233,1.238,88352.75
1774024500000,1.237,1.24,1.235,1.24,70342.58
1774024800000,1.24,1.243,1.235,1.238,189295.11
1774025100000,1.239,1.244,1.238,1.243,34060.14
1774025400000,1.244,1.25,1.244,1.247,101711.13
1774025700000,1.247,1.248,1.246,1.248,31761.95
1774026000000,1.248,1.259,1.248,1.258,117662.62
1774026300000,1.258,1.259,1.254,1.258,69916.68
1774026600000,1.258,1.26,1.246,1.247,60929.86
1774026900000,1.247,1.253,1.245,1.25,197367.16
1774027200000,1.25,1.256,1.247,1.254,138997.62
1774027500000,1.255,1.255,1.252,1.252,56954.7
1774027800000,1.253,1.256,1.249,1.25,141778.56
1774028100000,1.25,1.25,1.246,1.249,49430.56
1774028400000,1.25,1.251,1.245,1.246,97091.19
1774028700000,1.246,1.249,1.245,1.247,38244.69
1774029000000,1.247,1.25,1.247,1.249,26010.35
1774029300000,1.25,1.253,1.25,1.252,28578.44
1774029600000,1.252,1.259,1.252,1.257,43468.53
1774029900000,1.258,1.258,1.254,1.255,41364.73
1774030200000,1.255,1.256,1.253,1.255,34404.57
1774030500000,1.255,1.255,1.253,1.255,17111.21
1774030800000,1.254,1.256,1.251,1.252,21625.83
1774031100000,1.251,1.252,1.247,1.247,13950.19
1774031400000,1.248,1.248,1.243,1.244,20569.1
1774031700000,1.244,1.244,1.239,1.24,35118.11
1774032000000,1.24,1.243,1.24,1.241,31237.7
1774032300000,1.241,1.241,1.239,1.239,17616.03
1774032600000,1.24,1.241,1.239,1.241,21673.66
1774032900000,1.241,1.244,1.241,1.243,14502.71
1774033200000,1.244,1.245,1.242,1.245,5423.91
1774033500000,1.245,1.245,1.24,1.24,17983.05
1774033800000,1.24,1.245,1.24,1.245,19086.56
1774034100000,1.245,1.245,1.242,1.245,18323.06
1774034400000,1.245,1.247,1.245,1.246,11563.99
1774034700000,1.245,1.247,1.245,1.246,4068.32
1774035000000,1.246,1.246,1.241,1.242,10984.68
1774035300000,1.242,1.242,1.236,1.239,37770.72
1774035600000,1.239,1.242,1.238,1.242,39386.59
1774035900000,1.243,1.246,1.241,1.245,21891.14
1774036200000,1.246,1.248,1.245,1.247,17085.25
1774036500000,1.246,1.247,1.246,1.247,4992.29
1774036800000,1.247,1.25,1.244,1.248,131824.43
1774037100000,1.247,1.247,1.245,1.246,11354.72
1774037400000,1.246,1.254,1.246,1.252,122989.41
1774037700000,1.251,1.253,1.249,1.249,22316.55
1774038000000,1.249,1.252,1.249,1.249,20377.91
1774038300000,1.249,1.251,1.249,1.251,7769.0
1774038600000,1.25,1.251,1.248,1.249,15420.83
1774038900000,1.248,1.249,1.246,1.246,23178.63
1774039200000,1.246,1.248,1.246,1.248,21306.88
1774039500000,1.248,1.248,1.246,1.247,19407.65
1774039800000,1.247,1.249,1.245,1.245,26281.9
1774040100000,1.246,1.248,1.245,1.248,8751.28
1774040400000,1.249,1.25,1.246,1.247,12855.38
1774040700000,1.247,1.247,1.245,1.245,11628.54
1774041000000,1.246,1.248,1.245,1.247,18398.11
1774041300000,1.248,1.25,1.247,1.249,24056.41
1774041600000,1.249,1.251,1.248,1.249,22129.09
1774041900000,1.249,1.249,1.248,1.249,3855.11
1774042200000,1.248,1.253,1.248,1.253,7006.34
1774042500000,1.252,1.254,1.25,1.251,18476.49
1774042800000,1.251,1.251,1.245,1.245,18602.38
1774043100000,1.246,1.248,1.246,1.248,12156.15
1774043400000,1.247,1.251,1.247,1.25,8052.35
1774043700000,1.249,1.252,1.248,1.249,12711.17
1774044000000,1.25,1.254,1.25,1.253,11367.57
1774044300000,1.254,1.257,1.254,1.256,16154.98
1774044600000,1.255,1.257,1.254,1.255,5530.07
1774044900000,1.254,1.256,1.253,1.255,6396.74
1774045200000,1.256,1.256,1.254,1.254,8420.35
1774045500000,1.254,1.254,1.25,1.251,4238.61
1774045800000,1.25,1.251,1.25,1.25,6266.53
1774046100000,1.251,1.251,1.25,1.25,2348.47
1774046400000,1.25,1.25,1.246,1.248,6634.55
1774046700000,1.248,1.249,1.247,1.249,9744.8
1774047000000,1.25,1.251,1.25,1.25,2558.68
1774047300000,1.25,1.251,1.25,1.251,1101.85
1774047600000,1.251,1.251,1.249,1.251,10584.54
1774047900000,1.25,1.251,1.248,1.249,4940.37
1774048200000,1.249,1.25,1.249,1.25,2865.67
1774048500000,1.25,1.253,1.25,1.253,2365.44
1774048800000,1.254,1.254,1.252,1.252,7708.81
1774049100000,1.253,1.256,1.253,1.255,6295.11
1774049400000,1.256,1.256,1.253,1.254,11505.28
1774049700000,1.255,1.257,1.254,1.256,14051.33
1774050000000,1.256,1.257,1.255,1.256,7881.0
1774050300000,1.256,1.258,1.256,1.258,7883.63
1774050600000,1.258,1.258,1.257,1.258,1775.46
1774050900000,1.258,1.259,1.258,1.258,6912.79
1774051200000,1.258,1.258,1.254,1.256,13317.88
1774051500000,1.256,1.258,1.256,1.256,10654.26
1774051800000,1.256,1.257,1.255,1.256,12649.84
1774052100000,1.256,1.257,1.255,1.256,13510.68
1774052400000,1.256,1.257,1.255,1.256,6142.87
1774052700000,1.256,1.257,1.252,1.253,6483.67
1774053000000,1.253,1.253,1.251,1.252,11861.39
1774053300000,1.252,1.252,1.25,1.25,24100.32
1774053600000,1.251,1.251,1.248,1.248,13526.9
1774053900000,1.247,1.248,1.246,1.247,8977.69
1774054200000,1.248,1.248,1.246,1.246,2712.01
1774054500000,1.246,1.251,1.246,1.25,12681.2
1774054800000,1.25,1.251,1.248,1.248,21417.86
1774055100000,1.248,1.25,1.247,1.25,12083.31
1774055400000,1.25,1.25,1.247,1.247,5261.87
1774055700000,1.247,1.249,1.247,1.249,12324.32
1774056000000,1.248,1.249,1.247,1.247,3440.95
1774056300000,1.247,1.248,1.247,1.247,876.88
1774056600000,1.247,1.248,1.244,1.244,4799.08
1774056900000,1.244,1.246,1.244,1.246,7766.39
1774057200000,1.246,1.247,1.246,1.246,8626.56
1774057500000,1.246,1.247,1.245,1.247,9859.88
1774057800000,1.247,1.247,1.244,1.244,3476.77
1774058100000,1.244,1.245,1.243,1.243,4995.07
1774058400000,1.243,1.244,1.241,1.243,28687.61
1774058700000,1.242,1.242,1.241,1.242,8403.44
1774059000000,1.243,1.243,1.242,1.242,931.78
1774059300000,1.242,1.245,1.242,1.245,4429.86
1774059600000,1.245,1.245,1.244,1.244,3181.24
1774059900000,1.243,1.246,1.243,1.245,10178.84
1774060200000,1.245,1.246,1.245,1.246,8149.37
1774060500000,1.246,1.247,1.245,1.247,7531.18
1774060800000,1.248,1.248,1.247,1.248,1630.89
1774061100000,1.247,1.249,1.246,1.247,27768.82
1774061400000,1.248,1.249,1.247,1.249,4911.28
1774061700000,1.249,1.25,1.248,1.249,2714.2
1774062000000,1.249,1.25,1.247,1.247,9838.0
1774062300000,1.246,1.248,1.246,1.248,2995.9
1774062600000,1.247,1.248,1.246,1.246,1422.39
1774062900000,1.246,1.246,1.244,1.244,5395.88
1774063200000,1.245,1.245,1.244,1.244,5765.19
1774063500000,1.245,1.246,1.242,1.242,17220.37
1774063800000,1.243,1.243,1.242,1.242,2160.67
1774064100000,1.242,1.244,1.242,1.244,4216.53
1774064400000,1.244,1.244,1.243,1.243,4402.91
1774064700000,1.244,1.245,1.243,1.245,3411.07
1774065000000,1.245,1.246,1.244,1.244,4709.95
1774065300000,1.244,1.246,1.244,1.245,9920.46
1774065600000,1.246,1.246,1.245,1.246,7314.65
1774065900000,1.246,1.247,1.246,1.246,1269.62
1774066200000,1.247,1.248,1.246,1.248,1307.32
1774066500000,1.248,1.251,1.247,1.25,11006.53
1774066800000,1.251,1.253,1.249,1.252,11340.05
1774067100000,1.252,1.253,1.251,1.252,10524.97
1774067400000,1.252,1.252,1.25,1.251,14266.77
1774067700000,1.252,1.252,1.251,1.252,2318.09
1774068000000,1.252,1.252,1.25,1.251,7656.37
1774068300000,1.251,1.252,1.249,1.252,12669.69
1774068600000,1.252,1.253,1.251,1.252,4637.61
1774068900000,1.252,1.254,1.252,1.253,12231.9
1774069200000,1.253,1.254,1.252,1.254,13498.0
1774069500000,1.254,1.255,1.253,1.253,9898.26
1774069800000,1.254,1.254,1.253,1.253,10054.34
1774070100000,1.253,1.254,1.252,1.254,7538.45
1774070400000,1.254,1.254,1.252,1.253,3956.34
1774070700000,1.253,1.253,1.252,1.252,2697.99
1774071000000,1.252,1.253,1.251,1.253,13948.75
1774071300000,1.252,1.253,1.25,1.25,3154.69
1774071600000,1.251,1.251,1.249,1.25,9491.72
1774071900000,1.25,1.251,1.247,1.247,9055.81
1774072200000,1.248,1.249,1.247,1.247,7591.44
1774072500000,1.248,1.249,1.247,1.248,6136.02
1774072800000,1.249,1.254,1.249,1.254,6595.57
1774073100000,1.254,1.258,1.254,1.258,14257.97
1774073400000,1.258,1.259,1.256,1.257,13262.51
1774073700000,1.257,1.258,1.257,1.258,5860.0
1774074000000,1.258,1.26,1.257,1.26,9708.59
1774074300000,1.259,1.261,1.259,1.26,11982.99
1774074600000,1.261,1.264,1.26,1.261,10156.98
1774074900000,1.261,1.262,1.26,1.261,6930.37
1774075200000,1.26,1.262,1.259,1.261,19371.05
1774075500000,1.261,1.264,1.261,1.263,29631.71
1774075800000,1.263,1.264,1.262,1.262,6541.09
1774076100000,1.262,1.266,1.262,1.264,17891.37
1774076400000,1.264,1.266,1.262,1.265,29270.16
1774076700000,1.264,1.265,1.262,1.265,9433.38
1774077000000,1.266,1.269,1.265,1.268,39390.82
1774077300000,1.268,1.268,1.264,1.265,25207.56
1774077600000,1.264,1.266,1.264,1.266,13417.36
1774077900000,1.266,1.266,1.263,1.265,26508.38
1774078200000,1.264,1.266,1.264,1.266,29304.95
1774078500000,1.265,1.267,1.263,1.267,18356.59
1774078800000,1.266,1.267,1.262,1.262,20680.63
1774079100000,1.262,1.262,1.259,1.26,19690.72
1774079400000,1.26,1.261,1.259,1.26,11251.97
1774079700000,1.26,1.261,1.258,1.259,8120.04
1774080000000,1.259,1.26,1.257,1.259,15286.85
1774080300000,1.258,1.26,1.258,1.26,8181.13
1774080600000,1.26,1.263,1.26,1.262,7397.77
1774080900000,1.262,1.263,1.26,1.262,16125.59
1774081200000,1.262,1.264,1.262,1.263,7569.33
1774081500000,1.262,1.264,1.26,1.26,16620.76
1774081800000,1.261,1.262,1.26,1.262,8465.67
1774082100000,1.261,1.263,1.261,1.263,3853.95
1774082400000,1.262,1.263,1.262,1.263,2727.26
1774082700000,1.262,1.265,1.262,1.265,16357.36
1774083000000,1.265,1.266,1.263,1.263,11408.58
1774083300000,1.264,1.268,1.263,1.265,27514.94
1774083600000,1.265,1.266,1.264,1.266,14364.34
1774083900000,1.266,1.266,1.265,1.266,11314.93
1774084200000,1.266,1.267,1.264,1.266,12673.45
1774084500000,1.267,1.267,1.261,1.261,23577.74
1774084800000,1.26,1.261,1.257,1.258,22655.54
1774085100000,1.259,1.26,1.258,1.258,9896.18
1774085400000,1.259,1.259,1.258,1.259,5620.04
1774085700000,1.259,1.259,1.257,1.258,4819.67
1774086000000,1.258,1.258,1.255,1.255,36655.64
1774086300000,1.256,1.258,1.255,1.258,11134.37
1774086600000,1.258,1.261,1.257,1.26,17659.82
1774086900000,1.259,1.26,1.258,1.259,6911.32
1774087200000,1.258,1.26,1.258,1.259,42325.62
1774087500000,1.259,1.26,1.257,1.259,23699.52
1774087800000,1.26,1.26,1.256,1.256,13181.77
1774088100000,1.256,1.257,1.255,1.256,14141.73
1774088400000,1.256,1.26,1.256,1.259,6248.03
1774088700000,1.26,1.261,1.257,1.259,25607.52
1774089000000,1.26,1.263,1.259,1.263,4490.39
1774089300000,1.262,1.264,1.262,1.264,7552.27
1774089600000,1.264,1.266,1.263,1.265,8339.61
1774089900000,1.265,1.266,1.264,1.265,22559.41
1774090200000,1.264,1.265,1.262,1.263,8417.73
1774090500000,1.263,1.265,1.263,1.264,9375.38
1774090800000,1.264,1.266,1.263,1.264,19293.8
1774091100000,1.264,1.264,1.26,1.262,20119.04
1774091400000,1.262,1.264,1.259,1.263,47354.03
1774091700000,1.263,1.266,1.262,1.264,41027.36
1775865600000,1.308,1.313,1.308,1.312,127445.79
1775865900000,1.312,1.313,1.311,1.313,20282.09
1775866200000,1.312,1.316,1.308,1.308,39880.11
1775866500000,1.309,1.312,1.309,1.311,22046.24
1775866800000,1.312,1.316,1.311,1.316,35926.7
1775867100000,1.316,1.321,1.315,1.319,103072.26
1775867400000,1.318,1.323,1.318,1.32,56026.57
1775867700000,1.32,1.323,1.32,1.322,48323.56
1775868000000,1.321,1.323,1.321,1.322,48815.69
1775868300000,1.323,1.324,1.321,1.323,45158.6
1775868600000,1.323,1.324,1.32,1.322,37826.59
1775868900000,1.322,1.322,1.318,1.319,32626.34
1775869200000,1.319,1.32,1.315,1.315,43686.24
1775869500000,1.315,1.316,1.311,1.312,61588.01
1775869800000,1.311,1.314,1.311,1.312,34562.21
1775870100000,1.312,1.312,1.308,1.309,32288.02
1775870400000,1.31,1.31,1.304,1.304,35716.8
1775870700000,1.304,1.307,1.304,1.306,22021.58
1775871000000,1.306,1.306,1.303,1.303,9307.87
1775871300000,1.304,1.304,1.301,1.301,10028.41
1775871600000,1.302,1.302,1.3,1.3,21618.94
1775871900000,1.3,1.303,1.299,1.303,21117.43
1775872200000,1.303,1.304,1.302,1.303,6311.02
1775872500000,1.304,1.306,1.303,1.306,12052.7
1775872800000,1.306,1.308,1.306,1.307,7708.28
1775873100000,1.306,1.312,1.306,1.31,9588.08
1775873400000,1.31,1.311,1.305,1.307,14274.11
1775873700000,1.307,1.307,1.305,1.307,19367.79
1775874000000,1.307,1.307,1.304,1.304,6938.46
1775874300000,1.304,1.306,1.303,1.306,7702.43
1775874600000,1.306,1.31,1.306,1.309,19543.32
1775874900000,1.31,1.312,1.309,1.31,18470.84
1775875200000,1.31,1.311,1.309,1.31,7050.76
1775875500000,1.31,1.31,1.308,1.308,7822.95
1775875800000,1.308,1.31,1.308,1.31,6580.94
1775876100000,1.31,1.311,1.31,1.31,462.04
1775876400000,1.31,1.312,1.31,1.312,3410.99
1775876700000,1.312,1.313,1.31,1.311,8092.67
1775877000000,1.311,1.315,1.31,1.314,7560.36
1775877300000,1.315,1.315,1.311,1.311,7521.85
1775877600000,1.311,1.311,1.308,1.308,7217.43
1775877900000,1.308,1.309,1.307,1.309,20758.51
1775878200000,1.309,1.309,1.305,1.305,19643.9
1775878500000,1.306,1.311,1.305,1.31,39571.44
1775878800000,1.31,1.312,1.309,1.312,9596.12
1775879100000,1.311,1.313,1.309,1.313,25461.93
1775879400000,1.313,1.314,1.312,1.313,5484.71
1775879700000,1.313,1.314,1.311,1.314,17803.89
1775880000000,1.315,1.319,1.314,1.317,53959.9
1775880300000,1.318,1.321,1.317,1.319,12883.01
1775880600000,1.319,1.32,1.317,1.318,12754.58
1775880900000,1.317,1.318,1.315,1.315,10271.1
1775881200000,1.315,1.315,1.311,1.314,26407.41
1775881500000,1.314,1.316,1.312,1.315,11542.92
1775881800000,1.315,1.316,1.314,1.315,7939.38
1775882100000,1.314,1.318,1.313,1.318,11647.26
1775882400000,1.319,1.321,1.318,1.32,12412.82
1775882700000,1.319,1.319,1.318,1.318,4618.68
1775883000000,1.318,1.319,1.317,1.317,15097.62
1775883300000,1.318,1.318,1.315,1.316,3955.63
1775883600000,1.316,1.318,1.312,1.317,19043.38
1775883900000,1.318,1.318,1.315,1.317,6152.57
1775884200000,1.316,1.316,1.31,1.312,15196.63
1775884500000,1.311,1.315,1.311,1.313,20986.92
1775884800000,1.313,1.315,1.313,1.314,4470.1
1775885100000,1.315,1.317,1.314,1.315,8135.15
1775885400000,1.315,1.316,1.314,1.316,13600.46
1775885700000,1.316,1.317,1.315,1.316,12814.5
1775886000000,1.316,1.318,1.316,1.317,22276.77
1775886300000,1.317,1.319,1.316,1.317,5898.74
1775886600000,1.316,1.317,1.311,1.311,13881.62
1775886900000,1.311,1.312,1.302,1.305,210709.04
1775887200000,1.305,1.305,1.301,1.302,12744.82
1775887500000,1.301,1.302,1.3,1.301,13800.66
1775887800000,1.3,1.302,1.3,1.301,9337.53
1775888100000,1.301,1.301,1.299,1.301,14214.53
1775888400000,1.301,1.304,1.301,1.304,5531.87
1775888700000,1.304,1.304,1.301,1.302,16558.44
1775889000000,1.302,1.303,1.302,1.303,4640.52
1775889300000,1.303,1.305,1.302,1.303,14111.77
1775889600000,1.304,1.305,1.303,1.305,17440.83
1775889900000,1.305,1.307,1.304,1.305,17228.66
1775890200000,1.305,1.308,1.305,1.307,12074.89
1775890500000,1.308,1.309,1.306,1.308,17562.52
1775890800000,1.308,1.308,1.306,1.307,13829.96
1775891100000,1.307,1.309,1.306,1.308,9700.87
1775891400000,1.309,1.31,1.308,1.31,3469.38
1775891700000,1.309,1.31,1.308,1.31,4086.66
1775892000000,1.31,1.318,1.31,1.317,156180.2
1775892300000,1.316,1.32,1.316,1.319,17598.15
1775892600000,1.319,1.32,1.318,1.319,11357.22
1775892900000,1.319,1.32,1.317,1.32,36180.47
1775893200000,1.321,1.322,1.317,1.322,40605.57
1775893500000,1.321,1.326,1.321,1.323,54060.78
1775893800000,1.323,1.332,1.323,1.327,252027.17
1775894100000,1.327,1.343,1.327,1.336,282668.96
1775894400000,1.337,1.341,1.337,1.338,51316.33
1775894700000,1.338,1.338,1.336,1.337,16687.68
1775895000000,1.337,1.338,1.335,1.337,20521.77
1775895300000,1.337,1.337,1.33,1.33,14245.23
1775895600000,1.33,1.331,1.328,1.33,17763.04
1775895900000,1.33,1.335,1.329,1.333,20153.46
1775896200000,1.333,1.334,1.33,1.334,15795.5
1775896500000,1.335,1.34,1.334,1.339,60626.37
1775896800000,1.339,1.341,1.338,1.338,37040.82
1775897100000,1.338,1.34,1.337,1.338,18873.99
1775897400000,1.339,1.341,1.338,1.34,54595.51
1775897700000,1.34,1.343,1.338,1.34,29540.58
1775898000000,1.34,1.344,1.338,1.343,33587.46
1775898300000,1.343,1.344,1.341,1.342,15153.2
1775898600000,1.341,1.342,1.338,1.34,30385.63
1775898900000,1.34,1.346,1.34,1.345,24457.77
1775899200000,1.345,1.349,1.342,1.348,55833.51
1775899500000,1.349,1.349,1.346,1.347,32513.26
1775899800000,1.346,1.347,1.344,1.345,21943.77
1775900100000,1.345,1.351,1.345,1.349,61416.37
1775900400000,1.349,1.351,1.348,1.351,35690.07
1775900700000,1.351,1.351,1.348,1.349,19921.79
1775901000000,1.349,1.349,1.346,1.346,26669.38
1775901300000,1.346,1.351,1.344,1.351,107659.45
1775901600000,1.351,1.353,1.349,1.349,30193.55
1775901900000,1.349,1.353,1.349,1.351,22438.53
1775902200000,1.351,1.362,1.35,1.356,147072.78
1775902500000,1.356,1.361,1.356,1.359,52588.06
1775902800000,1.358,1.361,1.357,1.36,28405.34
1775903100000,1.361,1.362,1.36,1.361,22717.9
1775903400000,1.36,1.363,1.359,1.362,43251.7
1775903700000,1.362,1.368,1.362,1.368,57109.77
1775904000000,1.368,1.369,1.366,1.369,65826.42
1775904300000,1.369,1.38,1.365,1.369,258606.35
1775904600000,1.37,1.378,1.369,1.372,183542.37
1775904900000,1.373,1.38,1.368,1.378,90286.5
1775905200000,1.378,1.381,1.373,1.38,112278.54
1775905500000,1.381,1.385,1.378,1.38,94700.81
1775905800000,1.38,1.386,1.379,1.384,55172.02
1775906100000,1.384,1.399,1.383,1.397,174721.35
1775906400000,1.397,1.41,1.393,1.406,359266.24
1775906700000,1.407,1.408,1.397,1.399,153137.71
1775907000000,1.4,1.405,1.398,1.403,69948.59
1775907300000,1.403,1.408,1.401,1.405,152783.66
1775907600000,1.405,1.413,1.404,1.411,105087.57
1775907900000,1.412,1.416,1.408,1.415,139970.33
1775908200000,1.415,1.417,1.408,1.41,138324.31
1775908500000,1.411,1.417,1.403,1.405,91040.72
1775908800000,1.405,1.409,1.396,1.396,208130.48
1775909100000,1.397,1.405,1.396,1.399,168681.11
1775909400000,1.398,1.399,1.39,1.394,181200.76
1775909700000,1.393,1.395,1.39,1.392,58263.17
1775910000000,1.392,1.401,1.391,1.398,223835.9
1775910300000,1.398,1.403,1.398,1.4,92216.16
1775910600000,1.401,1.406,1.4,1.405,50682.91
1775910900000,1.404,1.404,1.397,1.401,45799.99
1775911200000,1.401,1.402,1.397,1.399,67709.39
1775911500000,1.399,1.402,1.396,1.396,54743.62
1775911800000,1.396,1.401,1.396,1.401,55930.1
1775912100000,1.402,1.404,1.39,1.392,57566.36
1775912400000,1.392,1.401,1.39,1.397,151927.83
1775912700000,1.397,1.399,1.386,1.387,272272.19
1775913000000,1.387,1.391,1.384,1.388,53093.77
1775913300000,1.389,1.4,1.389,1.399,49835.94
1775913600000,1.4,1.401,1.398,1.4,25984.68
1775913900000,1.4,1.403,1.391,1.393,265385.68
1775914200000,1.393,1.402,1.392,1.4,138843.4
1775914500000,1.401,1.401,1.397,1.399,26501.78
1775914800000,1.399,1.411,1.399,1.404,195342.16
1775915100000,1.405,1.416,1.405,1.415,98987.39
1775915400000,1.415,1.421,1.414,1.42,97594.57
1775915700000,1.42,1.423,1.402,1.405,140426.09
1775916000000,1.405,1.414,1.405,1.413,81583.79
1775916300000,1.413,1.418,1.41,1.41,57557.28
1775916600000,1.411,1.412,1.39,1.398,244085.36
1775916900000,1.399,1.402,1.389,1.39,117973.26
1775917200000,1.391,1.397,1.388,1.396,76645.84
1775917500000,1.396,1.398,1.394,1.398,20203.76
1775917800000,1.398,1.398,1.393,1.395,26676.96
1775918100000,1.395,1.399,1.395,1.399,35119.65
1775918400000,1.399,1.401,1.396,1.398,56767.77
1775918700000,1.398,1.402,1.398,1.399,45283.27
1775919000000,1.399,1.401,1.397,1.4,13447.45
1775919300000,1.399,1.401,1.397,1.398,22691.09
1775919600000,1.398,1.4,1.393,1.395,16347.22
1775919900000,1.395,1.397,1.394,1.395,22688.48
1775920200000,1.395,1.395,1.392,1.392,12518.77
1775920500000,1.391,1.4,1.39,1.397,56959.93
1775920800000,1.396,1.4,1.396,1.397,39831.49
1775921100000,1.397,1.401,1.397,1.398,32989.32
1775921400000,1.398,1.401,1.397,1.398,19560.12
1775921700000,1.397,1.4,1.397,1.397,20807.77
1775922000000,1.396,1.4,1.396,1.399,32701.36
1775922300000,1.399,1.402,1.396,1.397,36299.36
1775922600000,1.397,1.398,1.393,1.394,30754.54
1775922900000,1.395,1.397,1.394,1.395,18415.56
1775923200000,1.396,1.4,1.395,1.396,36312.94
1775923500000,1.396,1.398,1.391,1.396,40853.56
1775923800000,1.396,1.398,1.395,1.396,28345.48
1775924100000,1.396,1.404,1.396,1.403,64505.14
1775924400000,1.404,1.405,1.399,1.403,44913.02
1775924700000,1.403,1.41,1.403,1.409,53851.59
1775925000000,1.408,1.415,1.408,1.409,80658.12
1775925300000,1.409,1.411,1.407,1.408,31233.76
1775925600000,1.407,1.422,1.407,1.415,150424.84
1775925900000,1.415,1.417,1.41,1.411,18422.13
1775926200000,1.411,1.417,1.411,1.417,25438.14
1775926500000,1.417,1.438,1.417,1.429,350992.41
1775926800000,1.429,1.435,1.427,1.431,157974.34
1775927100000,1.431,1.432,1.426,1.429,46026.25
1775927400000,1.43,1.433,1.428,1.433,23512.82
1775927700000,1.433,1.434,1.431,1.433,37814.84
1775928000000,1.434,1.441,1.433,1.44,70185.84
1775928300000,1.44,1.444,1.439,1.441,37757.66
1775928600000,1.442,1.45,1.441,1.449,94849.08
1775928900000,1.45,1.473,1.45,1.473,272338.1
1775929200000,1.473,1.473,1.453,1.457,319812.96
1775929500000,1.457,1.467,1.456,1.464,91848.23
1775929800000,1.465,1.473,1.464,1.469,121348.43
1775930100000,1.47,1.477,1.469,1.472,163318.8
1775930400000,1.473,1.473,1.458,1.465,151211.87
1775930700000,1.465,1.466,1.447,1.463,219972.42
1775931000000,1.464,1.473,1.461,1.472,45978.0
1775931300000,1.472,1.474,1.468,1.471,68581.63
1775931600000,1.472,1.487,1.472,1.484,279793.99
1775931900000,1.484,1.492,1.483,1.491,157940.09
1775932200000,1.491,1.497,1.488,1.493,161276.54
1775932500000,1.494,1.505,1.493,1.503,361911.8
1775932800000,1.502,1.504,1.488,1.494,189404.93
1775933100000,1.495,1.503,1.491,1.498,129714.94
1775933400000,1.499,1.503,1.495,1.497,93872.03
1775933700000,1.497,1.502,1.492,1.501,118008.95
1775934000000,1.502,1.505,1.496,1.501,161044.17
1775934300000,1.501,1.501,1.493,1.496,91430.32
1775934600000,1.496,1.502,1.496,1.5,111172.24
1775934900000,1.5,1.5,1.493,1.494,89060.3
1775935200000,1.493,1.502,1.493,1.499,94190.89
1775935500000,1.498,1.509,1.497,1.502,265726.58
1775935800000,1.502,1.518,1.502,1.51,279085.08
1775936100000,1.511,1.512,1.504,1.506,45519.83
1775936400000,1.506,1.506,1.492,1.495,96946.4
1775936700000,1.494,1.499,1.492,1.494,70076.94
1775937000000,1.495,1.495,1.488,1.488,65311.25
1775937300000,1.488,1.489,1.477,1.482,121062.91
1775937600000,1.481,1.482,1.449,1.449,263443.1
1775937900000,1.45,1.455,1.443,1.448,187607.57
1775938200000,1.447,1.46,1.447,1.459,51661.01
1775938500000,1.46,1.462,1.456,1.458,36447.51
1775938800000,1.458,1.458,1.447,1.456,67537.45
1775939100000,1.457,1.46,1.454,1.458,122287.26
1775939400000,1.458,1.459,1.438,1.445,124346.73
1775939700000,1.445,1.448,1.444,1.446,49211.32
1775940000000,1.447,1.448,1.439,1.444,70952.62
1775940300000,1.443,1.446,1.442,1.444,52399.45
1775940600000,1.444,1.444,1.433,1.439,156488.96
1775940900000,1.439,1.44,1.435,1.437,49531.03
1775941200000,1.437,1.44,1.434,1.439,56540.14
1775941500000,1.439,1.445,1.437,1.444,68121.06
1775941800000,1.444,1.444,1.438,1.443,51076.27
1775942100000,1.442,1.45,1.437,1.447,97566.05
1775942400000,1.447,1.449,1.445,1.446,38735.07
1775942700000,1.445,1.448,1.44,1.448,43956.41
1775943000000,1.448,1.452,1.446,1.451,26099.11
1775943300000,1.452,1.454,1.45,1.452,12572.83
1775943600000,1.452,1.453,1.45,1.452,8819.9
1775943900000,1.452,1.455,1.451,1.454,16130.99
1775944200000,1.454,1.46,1.453,1.459,23859.7
1775944500000,1.459,1.459,1.456,1.457,17540.58
1775944800000,1.457,1.461,1.453,1.459,26583.8
1775945100000,1.46,1.46,1.456,1.459,14816.94
1775945400000,1.459,1.459,1.457,1.458,8517.37
1775945700000,1.459,1.47,1.459,1.468,96815.21
1775946000000,1.469,1.485,1.467,1.48,165990.22
1775946300000,1.48,1.494,1.479,1.492,94990.93
1775946600000,1.491,1.493,1.481,1.484,87107.88
1775946900000,1.483,1.483,1.472,1.476,64991.54
1775947200000,1.476,1.481,1.475,1.478,44139.51
1775947500000,1.478,1.479,1.476,1.477,32539.52
1775947800000,1.477,1.482,1.477,1.48,32303.44
1775948100000,1.48,1.485,1.48,1.483,33928.49
1775948400000,1.483,1.483,1.465,1.465,156456.21
1775948700000,1.466,1.466,1.453,1.456,104402.36
1775949000000,1.455,1.46,1.454,1.46,30591.37
1775949300000,1.46,1.465,1.459,1.463,46652.71
1775949600000,1.463,1.468,1.463,1.467,20031.96
1775949900000,1.467,1.473,1.467,1.473,14436.7
1775950200000,1.472,1.472,1.457,1.461,242494.8
1775950500000,1.46,1.46,1.453,1.455,26960.69
1775950800000,1.454,1.455,1.448,1.451,44738.77
1775951100000,1.451,1.456,1.451,1.454,17782.97
1775951400000,1.454,1.457,1.451,1.454,14675.24
1775951700000,1.454,1.458,1.452,1.454,27945.25
1775952000000,1.455,1.46,1.451,1.451,95325.91
1775952300000,1.451,1.459,1.445,1.448,74589.62
1775952600000,1.448,1.453,1.447,1.452,65635.66
1775952900000,1.452,1.459,1.451,1.458,24288.5
1775953200000,1.457,1.461,1.455,1.457,31804.96
1775953500000,1.457,1.457,1.452,1.456,25577.75
1775953800000,1.456,1.466,1.456,1.464,19992.58
1775954100000,1.463,1.466,1.461,1.463,35490.98
1775954400000,1.462,1.469,1.461,1.466,19310.41
1775954700000,1.467,1.47,1.466,1.469,18188.85
1775955000000,1.469,1.47,1.461,1.461,57847.6
1775955300000,1.461,1.47,1.461,1.47,31019.28
1775955600000,1.469,1.474,1.462,1.462,34186.19
1775955900000,1.462,1.466,1.459,1.466,21818.68
1775956200000,1.465,1.47,1.464,1.47,19273.5
1775956500000,1.47,1.47,1.462,1.465,11850.07
1775956800000,1.465,1.47,1.464,1.47,18994.5
1775957100000,1.47,1.472,1.464,1.464,26641.86
1775957400000,1.464,1.465,1.456,1.458,46380.73
1775957700000,1.457,1.457,1.447,1.454,51471.31
1775958000000,1.455,1.457,1.438,1.442,78078.81
1775958300000,1.442,1.442,1.421,1.422,306291.03
1775958600000,1.422,1.426,1.415,1.421,74825.3
1775958900000,1.422,1.422,1.413,1.418,85420.77
1775959200000,1.418,1.426,1.418,1.419,35510.72
1775959500000,1.418,1.431,1.418,1.429,88801.11
1775959800000,1.43,1.437,1.429,1.432,33201.19
1775960100000,1.432,1.436,1.429,1.433,40110.34
1775960400000,1.433,1.433,1.42,1.422,123211.11
1775960700000,1.423,1.424,1.42,1.423,28704.06
1775961000000,1.423,1.429,1.423,1.426,31031.94
1775961300000,1.425,1.426,1.422,1.423,25029.8
1775961600000,1.423,1.427,1.423,1.426,29078.33
1775961900000,1.426,1.431,1.425,1.427,36138.65
1775962200000,1.428,1.429,1.426,1.427,12141.84
1775962500000,1.427,1.428,1.422,1.424,19320.73
1775962800000,1.424,1.431,1.424,1.43,24264.41
1775963100000,1.43,1.431,1.427,1.428,13459.73
1775963400000,1.428,1.431,1.427,1.43,10611.07
1775963700000,1.43,1.431,1.428,1.429,7945.66
1775964000000,1.428,1.433,1.428,1.43,22344.76
1775964300000,1.43,1.436,1.43,1.435,40586.81
1775964600000,1.434,1.436,1.431,1.432,42067.28
1775964900000,1.432,1.437,1.428,1.43,60850.38
1775965200000,1.429,1.433,1.429,1.43,67483.0
1775965500000,1.43,1.431,1.427,1.428,39769.57
1775965800000,1.427,1.427,1.407,1.413,154491.07
1775966100000,1.413,1.417,1.411,1.416,46719.73
1775966400000,1.416,1.421,1.415,1.418,81446.1
1775966700000,1.417,1.418,1.414,1.417,35673.79
1775967000000,1.417,1.422,1.417,1.421,23939.89
1775967300000,1.421,1.423,1.419,1.42,9062.93
1775967600000,1.42,1.422,1.419,1.42,11925.9
1775967900000,1.421,1.421,1.413,1.416,64199.8
1775968200000,1.416,1.42,1.414,1.419,23003.48
1775968500000,1.419,1.42,1.414,1.416,18851.23
1775968800000,1.415,1.424,1.415,1.424,39049.45
1775969100000,1.424,1.433,1.42,1.423,184730.47
1775969400000,1.422,1.428,1.422,1.424,17709.01
1775969700000,1.425,1.426,1.423,1.424,19151.83
1775970000000,1.424,1.424,1.419,1.419,20566.66
1775970300000,1.42,1.42,1.415,1.418,18897.09
1775970600000,1.418,1.423,1.418,1.422,13916.88
1775970900000,1.422,1.424,1.42,1.423,18755.65
1775971200000,1.423,1.428,1.421,1.427,15583.62
1775971500000,1.426,1.43,1.426,1.427,23731.48
1775971800000,1.426,1.428,1.424,1.425,23058.77
1775972100000,1.425,1.425,1.422,1.423,9053.77
1775972400000,1.423,1.423,1.418,1.42,8483.71
1775972700000,1.42,1.42,1.416,1.42,21914.77
1775973000000,1.42,1.424,1.418,1.424,17874.48
1775973300000,1.423,1.427,1.423,1.423,13803.09
1775973600000,1.424,1.428,1.422,1.425,20622.52
1775973900000,1.426,1.426,1.424,1.424,10577.44
1775974200000,1.424,1.432,1.423,1.429,28407.06
1775974500000,1.43,1.432,1.429,1.432,21495.98
1775974800000,1.432,1.433,1.423,1.429,82496.21
1775975100000,1.429,1.431,1.426,1.428,41353.66
1775975400000,1.427,1.431,1.427,1.431,22804.13
1775975700000,1.431,1.432,1.427,1.432,56205.77
1775976000000,1.432,1.432,1.43,1.431,13274.67
1775976300000,1.431,1.431,1.422,1.422,38926.43
1775976600000,1.423,1.425,1.417,1.419,73121.84
1775976900000,1.419,1.422,1.416,1.417,25492.32
1775977200000,1.417,1.417,1.412,1.414,25624.96
1775977500000,1.413,1.415,1.412,1.415,24158.22
1775977800000,1.414,1.417,1.413,1.413,19988.19
1775978100000,1.414,1.418,1.413,1.417,16501.4
1775978400000,1.417,1.42,1.417,1.418,13999.9
1775978700000,1.419,1.419,1.413,1.414,21287.5
1775979000000,1.414,1.417,1.411,1.417,25845.49
1775979300000,1.417,1.42,1.417,1.419,34023.51
1775979600000,1.42,1.425,1.419,1.424,14102.81
1775979900000,1.425,1.426,1.42,1.42,13687.0
1775980200000,1.421,1.426,1.417,1.42,124193.74
1775980500000,1.419,1.42,1.417,1.418,31682.59
1775980800000,1.417,1.418,1.413,1.417,25204.18
1775981100000,1.417,1.417,1.411,1.412,6211.61
1775981400000,1.411,1.413,1.41,1.412,23992.13
1775981700000,1.413,1.416,1.412,1.416,26921.52
1775982000000,1.416,1.418,1.415,1.415,31527.08
1775982300000,1.416,1.418,1.415,1.415,20085.29
1775982600000,1.416,1.421,1.415,1.42,32864.43
1775982900000,1.42,1.421,1.415,1.417,24823.99
1775983200000,1.417,1.422,1.417,1.419,29921.37
1775983500000,1.42,1.42,1.417,1.417,8884.88
1775983800000,1.416,1.418,1.416,1.418,6655.9
1775984100000,1.417,1.419,1.415,1.415,18465.74
1775984400000,1.416,1.418,1.413,1.413,21666.4
1775984700000,1.413,1.417,1.413,1.417,20798.49
1775985000000,1.417,1.423,1.416,1.422,28839.98
1775985300000,1.421,1.424,1.419,1.423,24922.53
1775985600000,1.423,1.427,1.422,1.426,27571.66
1775985900000,1.426,1.428,1.421,1.421,19633.53
1775986200000,1.421,1.426,1.421,1.426,10327.82
1775986500000,1.425,1.427,1.425,1.425,8196.75
1775986800000,1.426,1.428,1.425,1.428,13127.76
1775987100000,1.428,1.43,1.423,1.423,17823.71
1775987400000,1.423,1.426,1.423,1.424,8057.84
1775987700000,1.424,1.425,1.421,1.422,36028.74
1775988000000,1.421,1.421,1.416,1.419,62898.28
1775988300000,1.419,1.43,1.419,1.428,50549.19
1775988600000,1.427,1.427,1.422,1.424,18205.64
1775988900000,1.424,1.425,1.422,1.425,9725.91
1775989200000,1.425,1.432,1.424,1.431,47509.44
1775989500000,1.431,1.435,1.43,1.431,87442.25
1775989800000,1.432,1.449,1.431,1.448,300809.97
1775990100000,1.448,1.453,1.446,1.451,81872.31
1775990400000,1.451,1.452,1.446,1.447,77960.15
1775990700000,1.447,1.447,1.441,1.445,19684.76
1775991000000,1.445,1.447,1.438,1.438,56928.16
1775991300000,1.438,1.441,1.434,1.44,28890.29
1775991600000,1.44,1.442,1.436,1.437,48958.26
1775991900000,1.437,1.441,1.432,1.44,56810.66
1775992200000,1.439,1.451,1.439,1.449,65852.44
1775992500000,1.449,1.449,1.442,1.445,27550.53
1775992800000,1.445,1.446,1.442,1.443,40771.14
1775993100000,1.443,1.445,1.443,1.445,9766.98
1775993400000,1.445,1.448,1.44,1.441,19846.63
1775993700000,1.441,1.444,1.44,1.443,27161.79
1775994000000,1.442,1.443,1.44,1.441,9652.72
1775994300000,1.44,1.45,1.44,1.449,44872.19
1775994600000,1.45,1.455,1.447,1.451,76870.63
1775994900000,1.451,1.451,1.446,1.448,35566.03
1775995200000,1.448,1.453,1.447,1.451,50509.94
1775995500000,1.452,1.457,1.449,1.455,43821.27
1775995800000,1.454,1.458,1.453,1.455,59647.67
1775996100000,1.455,1.459,1.454,1.455,47017.5
1775996400000,1.455,1.456,1.453,1.454,29712.71
1775996700000,1.455,1.458,1.454,1.458,13618.99
1775997000000,1.458,1.459,1.449,1.451,42145.45
1775997300000,1.45,1.463,1.45,1.462,110240.29
1775997600000,1.463,1.47,1.462,1.466,94963.61
1775997900000,1.465,1.467,1.461,1.465,48287.98
1775998200000,1.464,1.465,1.457,1.458,82934.16
1775998500000,1.459,1.459,1.436,1.443,223634.76
1775998800000,1.442,1.443,1.431,1.44,93521.52
1775999100000,1.44,1.446,1.439,1.444,41894.18
1775999400000,1.445,1.445,1.438,1.443,32741.14
1775999700000,1.444,1.448,1.442,1.442,26737.09
1776000000000,1.443,1.449,1.441,1.449,33371.2
1776000300000,1.449,1.452,1.448,1.45,27375.33
1776000600000,1.45,1.451,1.443,1.446,32227.2
1776000900000,1.446,1.45,1.445,1.45,52750.06
1776001200000,1.45,1.456,1.45,1.453,47864.71
1776001500000,1.452,1.453,1.443,1.449,48960.78
1776001800000,1.448,1.452,1.445,1.445,22969.92
1776002100000,1.446,1.447,1.439,1.439,31851.91
1776002400000,1.44,1.446,1.439,1.445,24547.13
1776002700000,1.445,1.451,1.444,1.45,45298.6
1776003000000,1.449,1.45,1.445,1.447,16651.69
1776003300000,1.446,1.45,1.444,1.446,14164.36
1776003600000,1.445,1.453,1.444,1.451,23002.89
1776003900000,1.45,1.455,1.45,1.452,57255.53
1776004200000,1.452,1.453,1.45,1.453,18401.78
1776004500000,1.454,1.458,1.45,1.45,44041.72
1776004800000,1.449,1.451,1.446,1.447,42947.02
1776005100000,1.447,1.458,1.447,1.456,33940.79
1776005400000,1.457,1.459,1.453,1.454,21872.84
1776005700000,1.455,1.459,1.453,1.455,18442.63
1776006000000,1.454,1.458,1.452,1.453,31503.13
1776006300000,1.454,1.455,1.451,1.453,10159.48
1776006600000,1.452,1.458,1.45,1.457,52833.25
1776006900000,1.457,1.457,1.446,1.448,38336.44
1776007200000,1.448,1.449,1.446,1.449,19874.19
1776007500000,1.448,1.451,1.445,1.451,21998.93
1776007800000,1.451,1.461,1.448,1.46,89114.21
1776008100000,1.46,1.463,1.459,1.461,29412.64
1776008400000,1.462,1.464,1.459,1.46,57868.08
1776008700000,1.46,1.461,1.455,1.458,50741.52
1776009000000,1.457,1.458,1.456,1.456,13281.85
1776009300000,1.456,1.456,1.451,1.452,82794.39
1776009600000,1.452,1.459,1.451,1.458,501403.06
1776009900000,1.458,1.462,1.458,1.46,31793.08
1776010200000,1.46,1.468,1.46,1.467,46566.47
1776010500000,1.467,1.467,1.459,1.459,29456.31
1776010800000,1.459,1.46,1.455,1.458,23645.56
1776011100000,1.459,1.46,1.452,1.452,20837.34
1776011400000,1.453,1.456,1.45,1.452,37290.2
1776011700000,1.451,1.451,1.447,1.448,21412.31
1776012000000,1.447,1.447,1.434,1.438,110442.44
1776012300000,1.439,1.444,1.439,1.443,36104.33
1776012600000,1.443,1.444,1.439,1.442,13193.61
1776012900000,1.441,1.443,1.439,1.443,15120.47
1776013200000,1.442,1.444,1.439,1.442,42411.6
1776013500000,1.442,1.445,1.441,1.443,5310.29
1776013800000,1.443,1.444,1.437,1.437,15634.48
1776014100000,1.436,1.438,1.436,1.437,14793.01
1776014400000,1.438,1.444,1.437,1.438,38193.43
1776014700000,1.439,1.441,1.438,1.44,26237.09
1776015000000,1.44,1.448,1.44,1.446,22305.91
1776015300000,1.446,1.452,1.446,1.451,18574.77
1776015600000,1.452,1.455,1.452,1.454,15894.77
1776015900000,1.454,1.454,1.449,1.45,16936.4
1776016200000,1.45,1.456,1.45,1.455,20360.84
1776016500000,1.455,1.46,1.454,1.458,10303.7
1776016800000,1.458,1.462,1.455,1.459,39085.94
1776017100000,1.458,1.458,1.455,1.456,15137.14
1776017400000,1.457,1.458,1.453,1.456,22468.64
1776017700000,1.457,1.461,1.454,1.458,86759.45
1776018000000,1.458,1.461,1.456,1.458,31988.13
1776018300000,1.458,1.461,1.456,1.461,13213.39
1776018600000,1.46,1.463,1.459,1.462,17973.44
1776018900000,1.461,1.464,1.461,1.464,3927.65
1776019200000,1.464,1.471,1.463,1.468,76554.84
1776019500000,1.468,1.469,1.462,1.463,12576.77
1776019800000,1.463,1.464,1.462,1.462,6993.49
1776020100000,1.463,1.465,1.463,1.463,13002.83
1776020400000,1.463,1.468,1.463,1.466,11271.92
1776020700000,1.466,1.471,1.465,1.47,26626.99
1776021000000,1.47,1.47,1.465,1.466,32209.45
1776021300000,1.466,1.47,1.465,1.469,12095.08
1776021600000,1.47,1.475,1.469,1.469,74039.25
1776021900000,1.469,1.477,1.468,1.476,35495.41
1776022200000,1.475,1.477,1.472,1.474,18522.08
1776022500000,1.474,1.478,1.47,1.476,21054.49
1776022800000,1.475,1.478,1.475,1.477,18257.27
1776023100000,1.477,1.479,1.472,1.478,27815.04
1776023400000,1.477,1.478,1.475,1.475,13064.68
1776023700000,1.476,1.477,1.47,1.473,17805.9
1776024000000,1.473,1.475,1.469,1.475,51032.99
1776024300000,1.475,1.475,1.47,1.471,17644.97
1776024600000,1.471,1.475,1.47,1.471,32140.93
1776024900000,1.472,1.472,1.461,1.461,48050.9
1776025200000,1.461,1.465,1.461,1.464,19988.2
1776025500000,1.464,1.464,1.46,1.463,15179.06
1776025800000,1.464,1.464,1.46,1.463,16299.79
1776026100000,1.463,1.465,1.46,1.465,32169.18
1776026400000,1.464,1.476,1.464,1.475,35539.93
1776026700000,1.475,1.476,1.468,1.468,19349.17
1776027000000,1.468,1.469,1.465,1.467,16020.46
1776027300000,1.467,1.468,1.465,1.466,11424.9
1776027600000,1.465,1.468,1.462,1.463,16013.99
1776027900000,1.463,1.463,1.459,1.459,11530.73
1776028200000,1.46,1.461,1.455,1.457,75793.13
1776028500000,1.457,1.459,1.455,1.458,50236.81
1776028800000,1.458,1.46,1.457,1.458,3972.89
1776029100000,1.458,1.459,1.455,1.456,3956.92
1776029400000,1.456,1.457,1.454,1.454,9371.96
1776029700000,1.453,1.457,1.448,1.457,60445.53
1776030000000,1.456,1.461,1.456,1.46,19615.55
1776030300000,1.46,1.46,1.458,1.458,4773.68
1776030600000,1.457,1.46,1.457,1.459,11568.31
1776030900000,1.459,1.46,1.457,1.46,1735.53
1776031200000,1.459,1.459,1.447,1.452,48652.54
1776031500000,1.451,1.458,1.451,1.457,21113.51
1776031800000,1.457,1.457,1.454,1.456,9046.88
1776032100000,1.456,1.456,1.442,1.449,77521.88
1776032400000,1.449,1.451,1.449,1.449,19020.85
1776032700000,1.449,1.449,1.445,1.446,34162.06
1776033000000,1.446,1.45,1.445,1.45,33828.5
1776033300000,1.449,1.452,1.448,1.451,18176.15
1776033600000,1.45,1.451,1.444,1.446,89038.88
1776033900000,1.446,1.449,1.446,1.448,12923.84
1776034200000,1.448,1.451,1.448,1.45,13279.57
1776034500000,1.45,1.454,1.45,1.454,8286.04
1776034800000,1.453,1.454,1.45,1.45,26333.96
1776035100000,1.451,1.455,1.45,1.453,23317.44
1776035400000,1.454,1.455,1.452,1.452,10998.13
1776035700000,1.452,1.452,1.448,1.449,10556.55
1776036000000,1.449,1.449,1.447,1.447,10347.92
1776036300000,1.448,1.449,1.447,1.449,6126.45
1776036600000,1.448,1.449,1.446,1.446,5811.95
1776036900000,1.447,1.448,1.445,1.447,5802.63
1776037200000,1.448,1.453,1.448,1.453,11321.4
1776037500000,1.452,1.453,1.45,1.45,14766.83
1776037800000,1.451,1.452,1.45,1.452,12054.41
1776038100000,1.452,1.452,1.45,1.45,4763.89
1776038400000,1.45,1.455,1.445,1.455,62941.59
1776038700000,1.455,1.46,1.454,1.458,42807.57
1776039000000,1.459,1.459,1.453,1.454,19889.97
1776039300000,1.455,1.457,1.455,1.457,7543.59
1776039600000,1.456,1.461,1.456,1.461,18896.93
1776039900000,1.46,1.466,1.46,1.464,8090.49
1776040200000,1.464,1.465,1.462,1.464,13801.68
1776040500000,1.464,1.466,1.46,1.464,19538.69
1776040800000,1.464,1.465,1.461,1.461,10636.88
1776041100000,1.461,1.461,1.457,1.457,1383.23
1776041400000,1.457,1.46,1.457,1.459,36660.39
1776041700000,1.459,1.459,1.454,1.454,9653.72
1776042000000,1.454,1.463,1.454,1.461,200451.84
1776042300000,1.461,1.461,1.453,1.453,24296.87
1776042600000,1.453,1.453,1.45,1.45,24306.22
1776042900000,1.449,1.452,1.448,1.452,38769.44
1776043200000,1.451,1.455,1.451,1.455,5814.04
1776043500000,1.454,1.459,1.454,1.454,23691.32
1776043800000,1.453,1.454,1.45,1.451,11744.88
1776044100000,1.451,1.455,1.451,1.454,10650.9
1776044400000,1.454,1.458,1.454,1.456,21012.19
1776044700000,1.456,1.456,1.455,1.455,8504.36
1776045000000,1.456,1.456,1.454,1.454,8458.25
1776045300000,1.453,1.453,1.451,1.453,20658.92
1776045600000,1.452,1.453,1.451,1.451,7681.96
1776045900000,1.452,1.453,1.451,1.453,5688.78
1776046200000,1.453,1.453,1.45,1.451,7611.1
1776046500000,1.45,1.451,1.449,1.45,2940.47
1776046800000,1.451,1.452,1.449,1.45,24050.17
1776047100000,1.45,1.453,1.45,1.451,9003.8
1776047400000,1.452,1.453,1.442,1.449,49527.64
1776047700000,1.448,1.452,1.448,1.45,27348.69
1776048000000,1.45,1.452,1.449,1.45,13496.0
1776048300000,1.449,1.45,1.446,1.448,11203.63
1776048600000,1.449,1.449,1.447,1.448,8459.44
1776048900000,1.448,1.453,1.448,1.453,7841.46
1776049200000,1.453,1.453,1.448,1.452,17610.8
1776049500000,1.452,1.452,1.449,1.449,1757.82
1776049800000,1.449,1.455,1.449,1.454,6609.04
1776050100000,1.453,1.454,1.452,1.452,4131.84
1776050400000,1.453,1.453,1.45,1.45,13873.44
1776050700000,1.451,1.452,1.45,1.451,5320.05
1776051000000,1.45,1.453,1.449,1.452,10446.58
1776051300000,1.452,1.453,1.446,1.446,16034.91
1776051600000,1.447,1.447,1.443,1.445,19303.98
1776051900000,1.444,1.444,1.439,1.442,43421.12
1776052200000,1.441,1.442,1.438,1.44,19192.62
1776052500000,1.441,1.444,1.439,1.442,22305.22
1776052800000,1.442,1.444,1.44,1.441,16076.5
1776053100000,1.441,1.442,1.44,1.441,10434.64
1776053400000,1.44,1.442,1.438,1.438,20454.72
1776053700000,1.438,1.438,1.434,1.434,30734.35
1776054000000,1.434,1.436,1.426,1.43,121956.58
1776054300000,1.431,1.432,1.427,1.427,27201.27
1776054600000,1.428,1.428,1.422,1.423,25155.47
1776054900000,1.423,1.423,1.42,1.421,26627.48
1776055200000,1.422,1.422,1.42,1.421,43480.71
1776055500000,1.421,1.421,1.417,1.418,10380.26
1776055800000,1.419,1.422,1.417,1.417,75036.11
1776056100000,1.417,1.422,1.417,1.422,11899.55
1776056400000,1.422,1.424,1.419,1.42,31099.92
1776056700000,1.419,1.419,1.415,1.415,57969.64
1776057000000,1.415,1.422,1.415,1.421,15440.37
1776057300000,1.421,1.422,1.42,1.42,8380.99
1776057600000,1.419,1.421,1.417,1.42,14665.71
1776057900000,1.421,1.422,1.419,1.421,4180.86
1776058200000,1.42,1.422,1.417,1.418,37521.61
1776058500000,1.418,1.42,1.418,1.42,14769.48
1776058800000,1.42,1.422,1.42,1.42,7539.36
1776059100000,1.421,1.422,1.418,1.418,17559.03
1776059400000,1.418,1.42,1.417,1.418,14235.29
1776059700000,1.419,1.419,1.417,1.419,7602.4
1776060000000,1.419,1.419,1.414,1.418,23093.21
1776060300000,1.418,1.419,1.416,1.417,9977.01
1776060600000,1.417,1.422,1.416,1.422,6821.5
1776060900000,1.421,1.423,1.42,1.422,11700.48
1776061200000,1.422,1.422,1.42,1.421,10114.92
1776061500000,1.42,1.42,1.418,1.42,6308.24
1776061800000,1.421,1.422,1.417,1.419,7986.9
1776062100000,1.418,1.42,1.417,1.42,22304.24
1776062400000,1.42,1.42,1.418,1.42,2776.51
1776062700000,1.42,1.422,1.419,1.421,6394.84
1776063000000,1.42,1.42,1.418,1.419,5198.79
1776063300000,1.419,1.423,1.419,1.42,32080.76
1776063600000,1.42,1.423,1.419,1.421,7009.67
1776063900000,1.422,1.423,1.419,1.419,13038.99
1776064200000,1.419,1.426,1.419,1.424,15104.62
1776064500000,1.423,1.424,1.418,1.419,22455.01
1776064800000,1.42,1.42,1.415,1.418,20444.39
1776065100000,1.418,1.422,1.417,1.421,48923.76
1776065400000,1.422,1.428,1.421,1.425,25181.96
1776065700000,1.425,1.428,1.423,1.428,13815.75
1776066000000,1.428,1.429,1.424,1.425,21789.06
1776066300000,1.424,1.426,1.418,1.42,20682.83
1776066600000,1.421,1.426,1.421,1.425,39575.09
1776066900000,1.425,1.426,1.423,1.423,6806.27
1776067200000,1.423,1.424,1.417,1.419,84898.97
1776067500000,1.42,1.421,1.417,1.419,12428.56
1776067800000,1.419,1.421,1.418,1.42,16155.48
1776068100000,1.419,1.42,1.416,1.416,11478.72
1776068400000,1.416,1.419,1.416,1.417,17980.8
1776068700000,1.417,1.418,1.414,1.416,27838.72
1776069000000,1.415,1.415,1.408,1.41,65166.4
1776069300000,1.409,1.41,1.404,1.407,40781.79
1776069600000,1.407,1.408,1.405,1.405,20361.55
1776069900000,1.406,1.411,1.406,1.411,35786.94
1776070200000,1.412,1.413,1.41,1.411,24282.9
1776070500000,1.412,1.414,1.408,1.41,14284.01
1776070800000,1.409,1.416,1.409,1.414,31504.97
1776071100000,1.414,1.415,1.412,1.414,15305.99
1776071400000,1.414,1.416,1.412,1.413,28249.7
1776071700000,1.412,1.414,1.411,1.411,12879.16
1776072000000,1.411,1.411,1.407,1.407,8819.95
1776072300000,1.407,1.409,1.406,1.407,9079.95
1776072600000,1.408,1.409,1.405,1.406,7919.79
1776072900000,1.406,1.411,1.406,1.411,3580.87
1776073200000,1.411,1.411,1.409,1.411,17039.04
1776073500000,1.411,1.411,1.409,1.41,10444.96
1776073800000,1.41,1.411,1.409,1.409,11546.65
1776074100000,1.409,1.411,1.408,1.411,22178.04
1776074400000,1.41,1.411,1.407,1.409,7758.22
1776074700000,1.408,1.41,1.408,1.409,6305.76
1776075000000,1.408,1.412,1.407,1.411,17885.1
1776075300000,1.411,1.416,1.409,1.416,38496.78
1776075600000,1.415,1.415,1.411,1.412,86045.71
1776075900000,1.413,1.413,1.411,1.412,17261.12
1776076200000,1.411,1.412,1.409,1.409,53222.14
1776076500000,1.409,1.415,1.409,1.413,50894.72
1776076800000,1.413,1.416,1.412,1.414,8597.17
1776077100000,1.414,1.417,1.413,1.417,15586.27
1776077400000,1.417,1.418,1.412,1.412,47978.89
1776077700000,1.412,1.412,1.406,1.408,49280.06
1776078000000,1.408,1.41,1.405,1.41,21953.64
1776078300000,1.41,1.412,1.407,1.408,24441.63
1776078600000,1.407,1.411,1.406,1.41,15364.45
1776078900000,1.41,1.411,1.409,1.41,10255.6
1776079200000,1.411,1.411,1.409,1.411,12811.49
1776079500000,1.41,1.411,1.408,1.408,23469.82
1776079800000,1.408,1.41,1.408,1.409,19165.14
1776080100000,1.408,1.409,1.404,1.404,28532.06
1776080400000,1.405,1.405,1.402,1.404,31881.64
1776080700000,1.404,1.405,1.403,1.405,10336.07
1776081000000,1.405,1.409,1.404,1.409,14685.2
1776081300000,1.409,1.411,1.406,1.407,23841.07
1776081600000,1.408,1.411,1.406,1.41,29295.82
1776081900000,1.41,1.411,1.409,1.411,5358.03
1776082200000,1.41,1.411,1.407,1.409,13713.47
1776082500000,1.409,1.409,1.406,1.407,9625.52
1776082800000,1.407,1.408,1.405,1.406,1708.96
1776083100000,1.406,1.411,1.405,1.409,19383.74
1776083400000,1.408,1.411,1.407,1.41,33722.52
1776083700000,1.41,1.411,1.407,1.41,12227.92
1776084000000,1.41,1.41,1.408,1.409,16177.89
1776084300000,1.409,1.41,1.408,1.408,10170.48
1776084600000,1.408,1.411,1.407,1.41,17888.55
1776084900000,1.41,1.411,1.407,1.408,23012.47
1776085200000,1.409,1.412,1.408,1.411,34487.57
1776085500000,1.411,1.411,1.408,1.41,17582.58
1776085800000,1.409,1.413,1.409,1.412,23442.53
1776086100000,1.413,1.413,1.409,1.41,20607.96
1776086400000,1.41,1.41,1.408,1.409,10934.05
1776086700000,1.41,1.414,1.409,1.414,37968.12
1776087000000,1.414,1.417,1.413,1.416,29431.96
1776087300000,1.416,1.425,1.415,1.423,116348.77
1776087600000,1.423,1.429,1.419,1.429,109441.39
1776087900000,1.428,1.43,1.421,1.429,76394.65
1776088200000,1.429,1.433,1.424,1.426,60538.65
1776088500000,1.426,1.428,1.424,1.428,38077.29
1776088800000,1.428,1.432,1.425,1.428,61042.36
1776089100000,1.428,1.438,1.427,1.435,63640.1
1776089400000,1.435,1.438,1.433,1.436,29695.05
1776089700000,1.437,1.439,1.434,1.435,21045.28
1776090000000,1.435,1.436,1.431,1.433,23963.01
1776090300000,1.434,1.437,1.433,1.437,11925.29
1776090600000,1.437,1.439,1.435,1.439,28145.63
1776090900000,1.439,1.444,1.439,1.442,30290.94
1776091200000,1.442,1.448,1.442,1.447,27800.45
1776091500000,1.446,1.448,1.445,1.445,16912.84
1776091800000,1.445,1.446,1.441,1.444,25710.7
1776092100000,1.444,1.445,1.439,1.44,38085.9
1776092400000,1.44,1.442,1.437,1.437,58715.43
1776092700000,1.438,1.442,1.437,1.439,28022.35
1776093000000,1.439,1.442,1.438,1.441,20909.1
1776093300000,1.442,1.445,1.438,1.439,27446.59
1776093600000,1.439,1.446,1.439,1.445,21421.35
1776093900000,1.444,1.444,1.442,1.443,9248.35
1776094200000,1.443,1.443,1.437,1.437,17168.61
1776094500000,1.438,1.438,1.428,1.43,29325.85
1776094800000,1.429,1.432,1.429,1.431,6428.0
1776095100000,1.43,1.431,1.428,1.429,14350.72
1776095400000,1.429,1.431,1.428,1.431,20339.86
1776095700000,1.431,1.434,1.43,1.431,26401.5
1776096000000,1.431,1.431,1.424,1.425,29622.02
1776096300000,1.424,1.425,1.42,1.422,29798.36
1776096600000,1.422,1.426,1.421,1.426,13791.11
1776096900000,1.426,1.426,1.423,1.423,24319.85
1776097200000,1.422,1.423,1.42,1.423,41837.1
1776097500000,1.423,1.424,1.418,1.42,43779.11
1776097800000,1.419,1.424,1.419,1.421,72879.21
1776098100000,1.421,1.425,1.421,1.424,19216.59
1776098400000,1.425,1.426,1.423,1.425,32542.34
1776098700000,1.425,1.43,1.423,1.427,59368.79
1776099000000,1.427,1.431,1.427,1.431,37954.58
1776099300000,1.431,1.433,1.429,1.43,27407.91
1776099600000,1.429,1.433,1.428,1.431,42288.68
1776099900000,1.431,1.432,1.425,1.429,43663.59
1776100200000,1.43,1.43,1.427,1.428,14343.73
1776100500000,1.428,1.429,1.424,1.429,37691.07
1776100800000,1.428,1.428,1.42,1.423,68940.03
1776101100000,1.423,1.423,1.42,1.421,16147.05
1776101400000,1.421,1.422,1.42,1.42,24385.43
1776101700000,1.42,1.422,1.42,1.421,3014.64
1776102000000,1.422,1.422,1.42,1.421,28888.56
1776102300000,1.421,1.425,1.42,1.424,32683.48
1776102600000,1.423,1.425,1.421,1.425,19861.7
1776102900000,1.425,1.427,1.422,1.424,28157.27
1776103200000,1.423,1.424,1.42,1.423,16929.84
1776103500000,1.423,1.424,1.422,1.423,3400.04
1776103800000,1.424,1.426,1.423,1.424,2558.53
1776104100000,1.424,1.424,1.42,1.42,2735.25
1776104400000,1.42,1.424,1.42,1.422,10466.74
1776104700000,1.423,1.424,1.419,1.421,31458.6
1776105000000,1.421,1.422,1.42,1.422,9462.56
1776105300000,1.422,1.425,1.421,1.423,18418.59
1776105600000,1.423,1.425,1.423,1.425,7800.85
1776105900000,1.424,1.425,1.423,1.424,8236.77
1776106200000,1.425,1.429,1.425,1.427,13956.85
1776106500000,1.427,1.427,1.423,1.424,15981.49
1776106800000,1.423,1.424,1.422,1.423,14319.65
1776107100000,1.423,1.423,1.422,1.422,1036.24
1776107400000,1.423,1.426,1.423,1.424,24978.24
1776107700000,1.424,1.43,1.424,1.43,33851.58
1776108000000,1.43,1.432,1.428,1.431,50269.98
1776108300000,1.432,1.433,1.427,1.428,32645.53
1776108600000,1.428,1.429,1.427,1.429,18507.06
1776108900000,1.428,1.431,1.427,1.431,58489.32
1776109200000,1.431,1.433,1.429,1.429,19888.73
1776109500000,1.43,1.436,1.43,1.436,30854.42
1776109800000,1.436,1.437,1.43,1.431,33326.71
1776110100000,1.431,1.434,1.431,1.432,32967.15
1776110400000,1.433,1.433,1.429,1.432,32501.34
1776110700000,1.431,1.433,1.429,1.432,45030.67
1776111000000,1.432,1.432,1.427,1.428,44112.51
1776111300000,1.427,1.427,1.421,1.422,37657.96
1776111600000,1.422,1.424,1.421,1.421,11046.78
1776111900000,1.422,1.426,1.422,1.425,20640.18
1776112200000,1.424,1.427,1.424,1.424,28476.29
1776112500000,1.425,1.426,1.424,1.424,19924.9
1776112800000,1.424,1.425,1.423,1.424,18009.54
1776113100000,1.424,1.424,1.421,1.422,28999.81
1776113400000,1.423,1.423,1.421,1.422,7730.44
1776113700000,1.422,1.422,1.418,1.419,23542.06
1776114000000,1.419,1.424,1.418,1.422,27343.23
1776114300000,1.422,1.423,1.42,1.422,44291.04
1776114600000,1.421,1.424,1.421,1.424,17718.6
1776114900000,1.424,1.427,1.423,1.427,17391.04
1776115200000,1.427,1.429,1.427,1.428,5946.07
1776115500000,1.428,1.432,1.427,1.432,17466.12
1776115800000,1.431,1.432,1.43,1.432,11500.98
1776116100000,1.432,1.432,1.431,1.432,1578.46
1776116400000,1.432,1.433,1.431,1.433,6472.65
1776116700000,1.433,1.434,1.432,1.434,4961.45
1776117000000,1.434,1.435,1.432,1.433,6402.24
1776117300000,1.432,1.433,1.429,1.43,5212.47
1776117600000,1.429,1.432,1.428,1.429,7667.65
1776117900000,1.429,1.43,1.426,1.426,7326.74
1776118200000,1.427,1.434,1.426,1.431,27887.78
1776118500000,1.431,1.438,1.431,1.435,59473.66
1776118800000,1.436,1.44,1.435,1.44,39047.54
1776119100000,1.439,1.446,1.438,1.443,132091.39
1776119400000,1.443,1.446,1.441,1.444,34999.78
1776119700000,1.444,1.444,1.438,1.439,40709.64
1776120000000,1.439,1.442,1.439,1.44,34777.68
1776120300000,1.441,1.442,1.439,1.441,17898.69
1776120600000,1.44,1.442,1.44,1.441,3728.77
1776120900000,1.442,1.443,1.439,1.439,13022.17
1776121200000,1.439,1.439,1.433,1.438,20492.15
1776121500000,1.438,1.438,1.435,1.437,7181.91
1776121800000,1.437,1.438,1.435,1.436,8051.83
1776122100000,1.435,1.437,1.434,1.437,27794.83
1776122400000,1.436,1.442,1.436,1.439,48640.53
1776122700000,1.439,1.444,1.439,1.442,25003.73
1776123000000,1.442,1.442,1.437,1.439,16862.07
1776123300000,1.44,1.441,1.439,1.44,2428.44
1776123600000,1.44,1.441,1.435,1.437,31344.5
1776123900000,1.437,1.439,1.436,1.438,8891.39
1776124200000,1.439,1.439,1.436,1.438,13163.87
1776124500000,1.438,1.44,1.435,1.436,21440.91
1776124800000,1.435,1.438,1.432,1.433,45339.28
1776125100000,1.434,1.434,1.43,1.433,215484.96
1776125400000,1.432,1.433,1.43,1.431,15698.11
1776125700000,1.432,1.434,1.427,1.427,132250.44
1776126000000,1.427,1.429,1.427,1.429,23460.9
1776126300000,1.428,1.429,1.428,1.429,441.53
1776126600000,1.429,1.429,1.427,1.429,12836.83
1776126900000,1.429,1.429,1.427,1.429,6151.41
1776127200000,1.429,1.43,1.428,1.429,17688.29
1776127500000,1.429,1.429,1.427,1.427,2917.94
1776127800000,1.427,1.429,1.425,1.428,32359.74
1776128100000,1.428,1.431,1.428,1.431,9750.58
1776128400000,1.431,1.431,1.427,1.429,47069.92
1776128700000,1.429,1.43,1.427,1.43,6017.12
1776129000000,1.431,1.433,1.43,1.431,15088.61
1776129300000,1.431,1.431,1.427,1.428,12143.83
1776129600000,1.428,1.43,1.428,1.429,1615.84
1776129900000,1.429,1.43,1.428,1.429,6415.54
1776130200000,1.429,1.435,1.429,1.435,28189.97
1776130500000,1.435,1.437,1.435,1.437,10521.66
1776130800000,1.436,1.439,1.436,1.439,4757.25
1776131100000,1.44,1.441,1.438,1.439,12618.65
1776131400000,1.438,1.438,1.435,1.437,11887.31
1776131700000,1.437,1.438,1.435,1.435,5519.43
1776132000000,1.436,1.438,1.435,1.436,46065.59
1776132300000,1.436,1.436,1.433,1.433,7042.2
1776132600000,1.434,1.441,1.434,1.439,109468.61
1776132900000,1.439,1.44,1.438,1.439,5088.48
1776133200000,1.438,1.441,1.438,1.441,8184.75
1776133500000,1.441,1.442,1.44,1.44,18225.69
1776133800000,1.441,1.443,1.439,1.441,18456.29
1776134100000,1.442,1.443,1.44,1.441,13072.26
1776134400000,1.441,1.441,1.438,1.438,7242.87
1776134700000,1.439,1.439,1.435,1.436,34765.67
1776135000000,1.435,1.436,1.433,1.436,69253.13
1776135300000,1.436,1.437,1.434,1.434,18944.18
1776135600000,1.434,1.436,1.434,1.435,2981.16
1776135900000,1.436,1.436,1.434,1.435,4498.17
1776136200000,1.434,1.435,1.429,1.43,43710.35
1776136500000,1.43,1.43,1.427,1.43,21195.07
1776136800000,1.429,1.43,1.428,1.429,11561.91
1776137100000,1.429,1.432,1.429,1.43,22121.14
1776137400000,1.431,1.432,1.43,1.431,2731.73
1776137700000,1.432,1.433,1.431,1.432,2328.08
1776138000000,1.433,1.437,1.433,1.437,7764.8
1776138300000,1.437,1.439,1.436,1.438,14290.9
1776138600000,1.438,1.439,1.436,1.437,27457.74
1776138900000,1.436,1.437,1.433,1.434,9164.02
1776139200000,1.434,1.435,1.43,1.434,35551.36
1776139500000,1.434,1.434,1.431,1.433,6021.51
1776139800000,1.433,1.434,1.432,1.432,1880.67
1776140100000,1.432,1.434,1.432,1.434,1728.02
1776140400000,1.434,1.435,1.433,1.435,5806.66
1776140700000,1.434,1.436,1.434,1.434,7166.75
1776141000000,1.434,1.435,1.432,1.433,4794.57
1776141300000,1.432,1.435,1.432,1.435,7065.53
1776141600000,1.434,1.435,1.434,1.435,2031.47
1776141900000,1.434,1.438,1.434,1.438,5521.46
1776142200000,1.438,1.439,1.435,1.436,20696.35
1776142500000,1.437,1.438,1.436,1.437,4137.26
1776142800000,1.436,1.437,1.433,1.435,5085.75
1776143100000,1.435,1.436,1.434,1.435,2321.17
1776143400000,1.436,1.436,1.434,1.435,3886.51
1776143700000,1.435,1.436,1.434,1.435,7498.97
1776144000000,1.434,1.436,1.434,1.436,16398.86
1776144300000,1.436,1.44,1.436,1.439,26166.22
1776144600000,1.439,1.439,1.438,1.438,2461.02
1776144900000,1.438,1.439,1.436,1.436,10236.31
1776145200000,1.436,1.436,1.435,1.436,5416.63
1776145500000,1.436,1.436,1.434,1.434,3198.87
1776145800000,1.435,1.44,1.433,1.438,28363.79
1776146100000,1.438,1.442,1.438,1.442,14140.45
1776146400000,1.442,1.445,1.441,1.443,24403.7
1776146700000,1.443,1.444,1.438,1.439,21988.29
1776147000000,1.439,1.441,1.438,1.44,11093.49
1776147300000,1.44,1.442,1.439,1.44,7368.4
1776147600000,1.44,1.44,1.436,1.437,10161.62
1776147900000,1.437,1.439,1.436,1.439,10901.06
1776148200000,1.438,1.438,1.434,1.437,31925.93
1776148500000,1.438,1.439,1.435,1.436,11046.45
1776148800000,1.436,1.437,1.435,1.435,7916.19
1776149100000,1.435,1.436,1.434,1.435,6829.43
1776149400000,1.435,1.436,1.434,1.436,27544.33
1776149700000,1.436,1.439,1.434,1.439,39005.39
1776150000000,1.439,1.439,1.434,1.435,30156.1
1776150300000,1.435,1.436,1.434,1.436,41276.47
1776150600000,1.436,1.436,1.434,1.435,13306.66
1776150900000,1.435,1.436,1.434,1.434,16913.61
1776151200000,1.434,1.436,1.433,1.434,22296.15
1776151500000,1.434,1.435,1.433,1.434,23050.56
1776151800000,1.433,1.439,1.433,1.437,36716.88
1776152100000,1.436,1.437,1.434,1.434,3961.01
1776152400000,1.435,1.437,1.434,1.436,23323.19
1776152700000,1.436,1.438,1.435,1.437,21767.29
1776153000000,1.438,1.439,1.436,1.438,17351.59
1776153300000,1.438,1.439,1.438,1.439,8818.91
1776153600000,1.438,1.439,1.432,1.433,49879.31
1776153900000,1.433,1.439,1.433,1.439,22668.87
1776154200000,1.439,1.441,1.437,1.439,49106.01
1776154500000,1.438,1.438,1.431,1.433,100691.04
1776154800000,1.433,1.436,1.432,1.436,45876.22
1776155100000,1.436,1.438,1.436,1.437,24674.0
1776155400000,1.438,1.443,1.438,1.442,14841.13
1776155700000,1.442,1.444,1.442,1.444,11786.64
1776156000000,1.443,1.444,1.439,1.442,45057.06
1776156300000,1.441,1.443,1.44,1.441,12134.17
1776156600000,1.442,1.444,1.439,1.439,21550.5
1776156900000,1.44,1.442,1.439,1.44,12325.96
1776157200000,1.44,1.443,1.44,1.441,8926.88
1776157500000,1.442,1.442,1.44,1.441,20663.8
1776157800000,1.442,1.443,1.441,1.442,9083.92
1776158100000,1.442,1.443,1.439,1.44,15999.33
1776158400000,1.44,1.44,1.435,1.435,11362.75
1776158700000,1.436,1.436,1.431,1.432,76792.65
1776159000000,1.431,1.431,1.428,1.428,55290.88
1776159300000,1.429,1.429,1.426,1.429,25877.85
1776159600000,1.429,1.433,1.429,1.431,57444.49
1776159900000,1.431,1.431,1.428,1.429,6905.53
1776160200000,1.429,1.43,1.427,1.43,7132.13
1776160500000,1.429,1.431,1.428,1.43,4870.54
1776160800000,1.431,1.431,1.426,1.426,11921.95
1776161100000,1.426,1.427,1.424,1.427,28168.13
1776161400000,1.426,1.428,1.425,1.425,32989.71
1776161700000,1.426,1.426,1.418,1.421,56292.22
1776162000000,1.42,1.421,1.419,1.42,9194.72
1776162300000,1.421,1.422,1.42,1.42,14396.79
1776162600000,1.42,1.424,1.419,1.423,12459.22
1776162900000,1.422,1.423,1.42,1.421,8496.43
1776163200000,1.422,1.424,1.422,1.424,2611.46
1776163500000,1.423,1.426,1.423,1.426,3820.29
1776163800000,1.426,1.429,1.426,1.429,4295.76
1776164100000,1.429,1.431,1.429,1.431,5813.75
1776164400000,1.431,1.432,1.427,1.432,37838.63
1776164700000,1.431,1.431,1.427,1.427,9942.9
1776165000000,1.427,1.429,1.426,1.429,12088.23
1776165300000,1.429,1.43,1.428,1.429,4197.19
1777939200000,1.653,1.655,1.611,1.617,276633.96
1777939500000,1.616,1.623,1.603,1.609,190225.01
1777939800000,1.609,1.626,1.608,1.623,84177.6
1777940100000,1.624,1.627,1.608,1.615,190510.76
1777940400000,1.616,1.617,1.601,1.606,196366.3
1777940700000,1.607,1.621,1.605,1.612,138944.62
1777941000000,1.613,1.66,1.612,1.652,334119.73
1777941300000,1.653,1.697,1.644,1.682,640587.86
1777941600000,1.682,1.687,1.67,1.685,263163.17
1777941900000,1.686,1.711,1.684,1.709,522024.75
1777942200000,1.709,1.749,1.706,1.744,562258.68
1777942500000,1.745,1.78,1.729,1.777,730170.71
1777942800000,1.777,1.823,1.772,1.808,1131922.53
1777943100000,1.808,1.831,1.734,1.753,1099359.16
1777943400000,1.753,1.767,1.74,1.759,502198.05
1777943700000,1.759,1.76,1.72,1.723,383186.65
1777944000000,1.723,1.76,1.722,1.745,398859.01
1777944300000,1.745,1.745,1.705,1.726,524655.26
1777944600000,1.726,1.76,1.723,1.745,415670.19
1777944900000,1.744,1.759,1.735,1.747,448219.23
1777945200000,1.746,1.752,1.726,1.742,382641.81
1777945500000,1.742,1.767,1.74,1.766,356062.12
1777945800000,1.767,1.772,1.743,1.771,304015.47
1777946100000,1.771,1.782,1.758,1.769,529911.76
1777946400000,1.769,1.77,1.743,1.759,452806.05
1777946700000,1.759,1.809,1.749,1.784,572259.88
1777947000000,1.784,1.795,1.743,1.746,403143.13
1777947300000,1.745,1.752,1.732,1.744,291498.74
1777947600000,1.745,1.806,1.741,1.799,667023.82
1777947900000,1.799,1.83,1.795,1.801,580133.08
1777948200000,1.801,1.839,1.796,1.828,577336.85
1777948500000,1.828,1.85,1.828,1.835,406808.38
1777948800000,1.835,1.863,1.8,1.808,896059.2
1777949100000,1.808,1.811,1.762,1.786,798377.91
1777949400000,1.786,1.792,1.736,1.743,513226.35
1777949700000,1.743,1.752,1.73,1.732,285579.32
1777950000000,1.731,1.751,1.723,1.736,450096.21
1777950300000,1.736,1.765,1.734,1.761,226944.59
1777950600000,1.761,1.774,1.736,1.742,400962.66
1777950900000,1.742,1.757,1.741,1.743,237989.33
1777951200000,1.742,1.769,1.741,1.749,383584.48
1777951500000,1.748,1.771,1.746,1.766,199628.52
1777951800000,1.767,1.768,1.743,1.743,221837.21
1777952100000,1.742,1.752,1.737,1.743,154585.07
1777952400000,1.744,1.758,1.743,1.755,105632.1
1777952700000,1.755,1.766,1.746,1.754,366387.07
1777953000000,1.755,1.76,1.731,1.737,294878.34
1777953300000,1.737,1.741,1.725,1.737,265497.36
1777953600000,1.737,1.748,1.698,1.706,536286.91
1777953900000,1.706,1.722,1.7,1.718,369429.0
1777954200000,1.718,1.721,1.707,1.712,105180.48
1777954500000,1.711,1.73,1.7,1.719,270122.99
1777954800000,1.72,1.73,1.719,1.724,168764.96
1777955100000,1.723,1.727,1.72,1.725,79120.0
1777955400000,1.725,1.726,1.696,1.698,173755.24
1777955700000,1.698,1.703,1.682,1.701,218406.93
1777956000000,1.701,1.707,1.687,1.7,156846.4
1777956300000,1.701,1.713,1.685,1.71,426204.38
1777956600000,1.71,1.711,1.688,1.691,158742.92
1777956900000,1.691,1.702,1.685,1.696,214449.91
1777957200000,1.697,1.7,1.693,1.694,185025.31
1777957500000,1.694,1.698,1.683,1.696,313168.28
1777957800000,1.696,1.699,1.68,1.694,258155.25
1777958100000,1.695,1.711,1.693,1.705,166762.73
1777958400000,1.705,1.723,1.703,1.721,167222.7
1777958700000,1.721,1.728,1.718,1.724,137559.31
1777959000000,1.725,1.726,1.71,1.712,148463.73
1777959300000,1.712,1.728,1.711,1.725,92731.74
1777959600000,1.725,1.734,1.72,1.727,107310.01
1777959900000,1.727,1.729,1.711,1.713,164902.37
1777960200000,1.713,1.741,1.713,1.74,145521.84
1777960500000,1.739,1.745,1.73,1.735,161733.21
1777960800000,1.735,1.746,1.733,1.738,173572.87
1777961100000,1.738,1.741,1.719,1.729,155019.76
1777961400000,1.728,1.729,1.717,1.721,131067.27
1777961700000,1.722,1.733,1.716,1.722,171810.68
1777962000000,1.723,1.748,1.718,1.739,171630.57
1777962300000,1.74,1.741,1.729,1.729,83344.15
1777962600000,1.73,1.75,1.729,1.74,169756.68
1777962900000,1.74,1.758,1.739,1.758,130614.02
1777963200000,1.758,1.76,1.742,1.757,340897.58
1777963500000,1.756,1.756,1.744,1.753,149910.21
1777963800000,1.753,1.765,1.751,1.763,229193.65
1777964100000,1.763,1.787,1.763,1.777,374891.01
1777964400000,1.777,1.788,1.756,1.764,337912.32
1777964700000,1.763,1.764,1.751,1.764,141366.62
1777965000000,1.763,1.78,1.762,1.772,141095.85
1777965300000,1.773,1.784,1.763,1.782,120909.45
1777965600000,1.783,1.79,1.777,1.782,139222.97
1777965900000,1.782,1.798,1.782,1.794,434685.68
1777966200000,1.794,1.825,1.793,1.814,509519.86
1777966500000,1.813,1.816,1.775,1.784,393502.93
1777966800000,1.784,1.806,1.783,1.795,139986.19
1777967100000,1.795,1.817,1.792,1.806,192712.13
1777967400000,1.807,1.817,1.798,1.806,228451.91
1777967700000,1.805,1.819,1.805,1.811,170463.5
1777968000000,1.811,1.824,1.805,1.821,243778.85
1777968300000,1.821,1.839,1.813,1.827,362488.52
1777968600000,1.827,1.85,1.826,1.845,453298.28
1777968900000,1.846,1.875,1.829,1.833,603532.96
1777969200000,1.833,1.852,1.833,1.851,317974.69
1777969500000,1.851,1.869,1.839,1.844,323433.43
1777969800000,1.845,1.858,1.83,1.854,331901.06
1777970100000,1.854,1.87,1.846,1.862,292065.04
1777970400000,1.863,1.874,1.842,1.85,274947.22
1777970700000,1.85,1.855,1.809,1.813,375698.55
1777971000000,1.813,1.838,1.813,1.824,268005.02
1777971300000,1.823,1.823,1.768,1.79,559416.05
1777971600000,1.789,1.797,1.78,1.796,255272.3
1777971900000,1.797,1.808,1.788,1.795,244411.63
1777972200000,1.794,1.8,1.787,1.791,138147.65
1777972500000,1.792,1.798,1.774,1.787,206560.3
1777972800000,1.787,1.792,1.775,1.789,197229.15
1777973100000,1.789,1.796,1.784,1.792,96472.96
1777973400000,1.792,1.8,1.789,1.799,140942.24
1777973700000,1.798,1.806,1.796,1.805,115374.89
1777974000000,1.805,1.817,1.8,1.814,154860.05
1777974300000,1.814,1.821,1.807,1.818,146975.45
1777974600000,1.819,1.847,1.817,1.825,508442.03
1777974900000,1.826,1.835,1.811,1.817,234020.58
1777975200000,1.818,1.831,1.805,1.827,192683.66
1777975500000,1.828,1.842,1.828,1.841,167200.99
1777975800000,1.84,1.848,1.835,1.842,275437.42
1777976100000,1.842,1.877,1.842,1.872,505354.0
1777976400000,1.872,1.872,1.835,1.84,459558.9
1777976700000,1.84,1.857,1.835,1.855,311970.75
1777977000000,1.856,1.869,1.848,1.855,194650.88
1777977300000,1.856,1.88,1.855,1.876,334189.12
1777977600000,1.877,1.884,1.833,1.839,502488.85
1777977900000,1.839,1.849,1.823,1.848,302219.7
1777978200000,1.848,1.86,1.84,1.857,154821.02
1777978500000,1.856,1.873,1.855,1.873,149127.48
1777978800000,1.873,1.907,1.862,1.885,587195.51
1777979100000,1.886,1.887,1.847,1.85,422392.7
1777979400000,1.85,1.858,1.842,1.844,141774.18
1777979700000,1.844,1.852,1.825,1.839,243563.41
1777980000000,1.839,1.859,1.838,1.853,212300.69
1777980300000,1.853,1.879,1.847,1.875,153582.98
1777980600000,1.875,1.879,1.833,1.835,284389.13
1777980900000,1.834,1.839,1.808,1.823,329156.09
1777981200000,1.822,1.835,1.815,1.825,159764.86
1777981500000,1.825,1.829,1.812,1.824,163537.31
1777981800000,1.823,1.834,1.822,1.827,91736.59
1777982100000,1.826,1.846,1.825,1.834,170403.76
1777982400000,1.835,1.848,1.835,1.846,156043.01
1777982700000,1.847,1.85,1.831,1.838,184567.51
1777983000000,1.839,1.864,1.839,1.859,240127.95
1777983300000,1.859,1.893,1.859,1.89,529518.38
1777983600000,1.89,1.895,1.87,1.881,242780.52
1777983900000,1.88,1.893,1.88,1.89,236760.43
1777984200000,1.89,1.904,1.869,1.876,430087.84
1777984500000,1.875,1.89,1.866,1.883,287402.94
1777984800000,1.883,1.91,1.876,1.899,245035.36
1777985100000,1.899,1.913,1.887,1.89,318316.08
1777985400000,1.891,1.893,1.879,1.884,198510.1
1777985700000,1.884,1.887,1.872,1.879,144077.66
1777986000000,1.88,1.88,1.848,1.863,305864.3
1777986300000,1.862,1.883,1.856,1.861,296922.36
1777986600000,1.86,1.865,1.833,1.862,343042.29
1777986900000,1.862,1.864,1.836,1.844,364169.27
1777987200000,1.843,1.853,1.842,1.849,155383.79
1777987500000,1.848,1.853,1.841,1.85,121122.6
1777987800000,1.849,1.854,1.832,1.852,197552.33
1777988100000,1.851,1.851,1.826,1.831,272478.88
1777988400000,1.831,1.832,1.811,1.818,389172.55
1777988700000,1.818,1.846,1.808,1.843,278431.07
1777989000000,1.843,1.846,1.834,1.839,293319.57
1777989300000,1.839,1.854,1.839,1.851,162972.76
1777989600000,1.852,1.863,1.849,1.854,221485.7
1777989900000,1.854,1.857,1.801,1.809,478959.52
1777990200000,1.81,1.815,1.775,1.781,485404.51
1777990500000,1.782,1.798,1.765,1.786,281454.43
1777990800000,1.786,1.789,1.767,1.773,300763.54
1777991100000,1.772,1.806,1.77,1.802,370665.02
1777991400000,1.803,1.808,1.796,1.8,195307.51
1777991700000,1.8,1.822,1.798,1.82,183790.82
1777992000000,1.82,1.826,1.808,1.811,158321.32
1777992300000,1.81,1.828,1.808,1.818,252800.85
1777992600000,1.818,1.823,1.793,1.798,171296.17
1777992900000,1.797,1.798,1.784,1.788,134409.15
1777993200000,1.787,1.794,1.773,1.775,151128.38
1777993500000,1.776,1.786,1.773,1.779,109010.66
1777993800000,1.779,1.798,1.778,1.79,128279.45
1777994100000,1.79,1.8,1.781,1.783,111431.48
1777994400000,1.783,1.809,1.782,1.802,155911.28
1777994700000,1.801,1.801,1.785,1.787,119455.83
1777995000000,1.787,1.796,1.776,1.789,175225.98
1777995300000,1.79,1.805,1.787,1.799,175632.61
1777995600000,1.798,1.804,1.792,1.795,190760.0
1777995900000,1.795,1.843,1.794,1.825,497845.26
1777996200000,1.825,1.825,1.808,1.811,223780.21
1777996500000,1.812,1.814,1.802,1.809,173760.33
1777996800000,1.809,1.811,1.788,1.798,157315.88
1777997100000,1.799,1.814,1.794,1.812,167903.48
1777997400000,1.813,1.813,1.794,1.8,159148.62
1777997700000,1.8,1.805,1.783,1.794,165062.03
1777998000000,1.794,1.795,1.779,1.79,92653.6
1777998300000,1.79,1.793,1.776,1.779,228453.65
1777998600000,1.779,1.812,1.779,1.81,198511.52
1777998900000,1.81,1.812,1.793,1.799,116954.35
1777999200000,1.799,1.805,1.789,1.797,95202.52
1777999500000,1.796,1.808,1.776,1.789,227524.63
1777999800000,1.789,1.8,1.781,1.785,123300.63
1778000100000,1.786,1.795,1.784,1.791,49018.41
1778000400000,1.791,1.805,1.787,1.802,105321.9
1778000700000,1.802,1.803,1.787,1.791,77561.1
1778001000000,1.792,1.805,1.791,1.797,94702.98
1778001300000,1.798,1.81,1.793,1.799,184603.36
1778001600000,1.798,1.801,1.793,1.797,57773.61
1778001900000,1.798,1.809,1.796,1.806,134191.31
1778002200000,1.806,1.817,1.802,1.813,106479.83
1778002500000,1.814,1.845,1.813,1.837,345646.96
1778002800000,1.837,1.857,1.837,1.849,260278.59
1778003100000,1.849,1.858,1.848,1.849,136889.48
1778003400000,1.848,1.86,1.846,1.852,88729.4
1778003700000,1.852,1.857,1.844,1.847,109653.56
1778004000000,1.848,1.859,1.846,1.857,77558.85
1778004300000,1.857,1.857,1.836,1.839,86471.05
1778004600000,1.839,1.846,1.827,1.829,123583.24
1778004900000,1.83,1.835,1.823,1.833,44920.33
1778005200000,1.832,1.833,1.819,1.826,48878.19
1778005500000,1.827,1.834,1.823,1.833,45970.82
1778005800000,1.832,1.834,1.822,1.833,75420.83
1778006100000,1.833,1.837,1.826,1.83,40972.59
1778006400000,1.83,1.843,1.823,1.836,84901.81
1778006700000,1.835,1.841,1.831,1.838,33719.01
1778007000000,1.838,1.843,1.831,1.834,41897.42
1778007300000,1.835,1.854,1.835,1.853,113767.49
1778007600000,1.852,1.864,1.852,1.863,107988.45
1778007900000,1.863,1.883,1.861,1.874,150383.81
1778008200000,1.875,1.883,1.865,1.882,90881.84
1778008500000,1.882,1.893,1.88,1.891,124785.84
1778008800000,1.892,1.896,1.879,1.895,227093.47
1778009100000,1.895,1.93,1.894,1.922,644167.42
1778009400000,1.923,1.923,1.906,1.91,253085.93
1778009700000,1.91,1.926,1.909,1.924,187226.48
1778010000000,1.924,1.925,1.894,1.919,247433.32
1778010300000,1.919,1.923,1.9,1.907,143788.88
1778010600000,1.907,1.912,1.899,1.91,107168.71
1778010900000,1.91,1.922,1.902,1.915,187225.13
1778011200000,1.915,1.939,1.882,1.906,646301.07
1778011500000,1.906,1.908,1.886,1.895,230668.58
1778011800000,1.895,1.9,1.886,1.89,133225.3
1778012100000,1.889,1.889,1.875,1.883,206573.58
1778012400000,1.883,1.917,1.879,1.909,346333.88
1778012700000,1.909,1.914,1.898,1.909,149039.58
1778013000000,1.909,1.922,1.904,1.918,222957.53
1778013300000,1.919,1.949,1.917,1.935,348301.82
1778013600000,1.935,1.982,1.933,1.95,718166.47
1778013900000,1.95,1.958,1.938,1.943,190329.74
1778014200000,1.942,1.982,1.94,1.979,278273.58
1778014500000,1.979,1.994,1.968,1.974,604614.24
1778014800000,1.975,1.999,1.972,1.99,357956.58
1778015100000,1.99,1.998,1.981,1.991,318713.89
1778015400000,1.992,2.027,1.992,2.006,747524.44
1778015700000,2.006,2.016,1.976,1.978,335956.94
1778016000000,1.977,1.996,1.943,1.944,373847.01
1778016300000,1.943,1.975,1.938,1.966,276230.06
1778016600000,1.965,1.973,1.939,1.948,253607.84
1778016900000,1.947,1.959,1.938,1.955,263857.45
1778017200000,1.956,1.96,1.94,1.944,124444.3
1778017500000,1.943,1.965,1.934,1.96,103189.08
1778017800000,1.959,1.984,1.951,1.981,145007.38
1778018100000,1.982,1.995,1.978,1.978,169970.36
1778018400000,1.978,1.981,1.968,1.977,75417.38
1778018700000,1.978,2.008,1.978,2.006,192522.28
1778019000000,2.006,2.01,1.987,1.994,126966.01
1778019300000,1.995,2.001,1.975,1.981,94704.92
1778019600000,1.982,1.984,1.965,1.973,56499.51
1778019900000,1.974,2.011,1.972,2.004,337340.69
1778020200000,2.003,2.003,1.968,1.97,238844.88
1778020500000,1.97,1.987,1.967,1.975,233701.47
1778020800000,1.975,1.978,1.946,1.96,284327.85
1778021100000,1.96,1.981,1.959,1.98,110477.51
1778021400000,1.981,1.99,1.968,1.976,214371.37
1778021700000,1.977,2.006,1.977,1.99,245571.67
1778022000000,1.989,2.0,1.984,1.998,135717.91
1778022300000,1.999,2.002,1.97,1.979,91628.85
1778022600000,1.978,2.002,1.977,1.999,217457.99
1778022900000,1.999,2.01,1.99,1.997,117562.46
1778023200000,1.997,2.006,1.983,1.986,111088.43
1778023500000,1.986,1.99,1.97,1.975,118340.23
1778023800000,1.975,1.977,1.966,1.973,108628.3
1778024100000,1.973,1.984,1.964,1.984,82613.36
1778024400000,1.983,1.988,1.972,1.974,114004.75
1778024700000,1.973,1.991,1.965,1.967,216944.85
1778025000000,1.966,1.968,1.941,1.953,204804.52
1778025300000,1.952,1.961,1.947,1.952,89655.47
1778025600000,1.953,1.97,1.944,1.948,235790.77
1778025900000,1.948,1.95,1.937,1.946,157399.13
1778026200000,1.945,1.96,1.929,1.932,173577.05
1778026500000,1.932,1.944,1.928,1.933,136338.9
1778026800000,1.933,1.94,1.923,1.935,202752.83
1778027100000,1.935,1.935,1.924,1.929,67932.2
1778027400000,1.93,1.938,1.927,1.931,102003.85
1778027700000,1.931,1.946,1.918,1.931,507445.98
1778028000000,1.932,1.943,1.932,1.942,52180.13
1778028300000,1.943,1.956,1.938,1.954,104120.94
1778028600000,1.953,1.971,1.952,1.97,96601.7
1778028900000,1.971,2.009,1.969,2.007,349682.45
1778029200000,2.008,2.065,2.002,2.059,948853.7
1778029500000,2.06,2.074,2.044,2.052,306057.54
1778029800000,2.051,2.061,2.03,2.06,196768.76
1778030100000,2.061,2.079,2.041,2.046,228570.22
1778030400000,2.047,2.049,2.008,2.009,205197.79
1778030700000,2.008,2.011,1.984,1.992,269426.09
1778031000000,1.992,2.009,1.989,2.0,127326.33
1778031300000,1.999,2.035,1.998,2.029,172822.31
1778031600000,2.029,2.032,2.016,2.025,170338.72
1778031900000,2.026,2.081,2.026,2.065,236558.39
1778032200000,2.065,2.087,2.034,2.037,264735.88
1778032500000,2.038,2.051,2.03,2.034,99342.65
1778032800000,2.033,2.039,2.001,2.017,278152.67
1778033100000,2.017,2.023,2.002,2.021,112660.19
1778033400000,2.021,2.023,2.007,2.011,113235.03
1778033700000,2.012,2.017,2.0,2.016,67586.55
1778034000000,2.017,2.041,2.014,2.031,113075.01
1778034300000,2.03,2.04,2.004,2.01,180770.09
1778034600000,2.01,2.03,2.003,2.02,172307.7
1778034900000,2.02,2.02,2.008,2.014,53065.25
1778035200000,2.015,2.023,1.997,2.015,143171.28
1778035500000,2.014,2.026,2.003,2.003,110009.32
1778035800000,2.004,2.026,2.002,2.013,78431.97
1778036100000,2.013,2.022,2.005,2.014,111533.21
1778036400000,2.015,2.021,2.009,2.016,111748.97
1778036700000,2.016,2.023,2.006,2.017,64812.82
1778037000000,2.018,2.028,2.016,2.021,72257.78
1778037300000,2.022,2.023,2.001,2.019,118245.91
1778037600000,2.02,2.032,2.0,2.024,191172.82
1778037900000,2.025,2.035,2.017,2.028,86965.98
1778038200000,2.028,2.054,2.028,2.049,188804.27
1778038500000,2.05,2.073,2.046,2.061,387208.88
1778038800000,2.06,2.066,2.049,2.065,96919.68
1778039100000,2.065,2.068,2.05,2.067,127514.2
1778039400000,2.067,2.077,2.055,2.071,152817.1
1778039700000,2.071,2.084,2.067,2.075,168064.77
1778040000000,2.075,2.087,2.064,2.083,203566.14
1778040300000,2.083,2.12,2.081,2.11,387175.08
1778040600000,2.11,2.14,2.11,2.132,412167.57
1778040900000,2.133,2.135,2.086,2.092,304854.32
1778041200000,2.092,2.143,2.092,2.138,388286.77
1778041500000,2.138,2.179,2.136,2.174,757150.16
1778041800000,2.173,2.177,2.136,2.141,383307.57
1778042100000,2.141,2.185,2.136,2.175,363516.56
1778042400000,2.175,2.197,2.161,2.191,693015.72
1778042700000,2.191,2.199,2.178,2.184,373973.6
1778043000000,2.184,2.2,2.176,2.191,438130.0
1778043300000,2.191,2.207,2.178,2.184,270589.0
1778043600000,2.183,2.188,2.15,2.153,292697.01
1778043900000,2.153,2.165,2.139,2.144,270022.0
1778044200000,2.144,2.164,2.133,2.155,260385.43
1778044500000,2.155,2.155,2.133,2.146,169273.84
1778044800000,2.145,2.176,2.143,2.167,243802.92
1778045100000,2.167,2.181,2.163,2.178,286101.0
1778045400000,2.179,2.216,2.177,2.183,485993.79
1778045700000,2.182,2.184,2.145,2.145,254671.33
1778046000000,2.145,2.172,2.14,2.165,104711.39
1778046300000,2.165,2.165,2.115,2.115,403784.02
1778046600000,2.115,2.12,2.088,2.101,551450.14
1778046900000,2.1,2.112,2.096,2.1,157958.24
1778047200000,2.099,2.101,2.073,2.093,436627.53
1778047500000,2.094,2.117,2.085,2.11,272661.33
1778047800000,2.111,2.123,2.106,2.108,178544.76
1778048100000,2.108,2.136,2.108,2.134,173602.81
1778048400000,2.133,2.144,2.123,2.139,201041.01
1778048700000,2.138,2.143,2.126,2.143,153845.78
1778049000000,2.144,2.148,2.134,2.14,77586.39
1778049300000,2.14,2.18,2.139,2.161,716395.85
1778049600000,2.162,2.184,2.158,2.172,307015.18
1778049900000,2.172,2.188,2.169,2.173,190834.36
1778050200000,2.172,2.175,2.127,2.132,203620.92
1778050500000,2.131,2.138,2.123,2.135,93402.53
1778050800000,2.135,2.145,2.108,2.108,373686.88
1778051100000,2.109,2.139,2.099,2.138,276236.24
1778051400000,2.137,2.14,2.113,2.122,123560.14
1778051700000,2.122,2.132,2.108,2.108,125521.05
1778052000000,2.108,2.111,2.081,2.09,264883.21
1778052300000,2.091,2.113,2.09,2.101,240228.11
1778052600000,2.102,2.122,2.098,2.115,124186.33
1778052900000,2.115,2.13,2.115,2.13,133615.2
1778053200000,2.129,2.143,2.128,2.142,68153.17
1778053500000,2.141,2.157,2.141,2.156,138026.72
1778053800000,2.155,2.159,2.145,2.158,107324.86
1778054100000,2.157,2.18,2.152,2.17,195428.94
1778054400000,2.17,2.171,2.14,2.162,150435.56
1778054700000,2.163,2.182,2.127,2.129,221955.95
1778055000000,2.129,2.165,2.128,2.15,153638.96
1778055300000,2.149,2.17,2.14,2.16,105727.13
1778055600000,2.16,2.205,2.155,2.195,414041.36
1778055900000,2.195,2.216,2.181,2.198,308315.33
1778056200000,2.198,2.24,2.189,2.214,447392.36
1778056500000,2.214,2.216,2.197,2.203,247099.49
1778056800000,2.204,2.24,2.202,2.234,398419.22
1778057100000,2.234,2.269,2.219,2.247,711594.43
1778057400000,2.248,2.252,2.199,2.24,755666.37
1778057700000,2.239,2.295,2.149,2.204,1271905.25
1778058000000,2.204,2.216,2.161,2.191,486965.26
1778058300000,2.191,2.23,2.19,2.226,253180.26
1778058600000,2.226,2.231,2.212,2.224,153404.61
1778058900000,2.224,2.234,2.208,2.218,286217.05
1778059200000,2.217,2.217,2.195,2.203,151520.59
1778059500000,2.203,2.242,2.201,2.23,247904.71
1778059800000,2.23,2.249,2.216,2.217,229954.14
1778060100000,2.217,2.247,2.213,2.243,191340.33
1778060400000,2.242,2.245,2.225,2.225,142255.59
1778060700000,2.226,2.228,2.205,2.212,144197.42
1778061000000,2.213,2.227,2.207,2.218,104758.5
1778061300000,2.218,2.229,2.212,2.217,106654.05
1778061600000,2.218,2.226,2.193,2.221,268022.23
1778061900000,2.222,2.227,2.176,2.214,531573.95
1778062200000,2.214,2.232,2.187,2.197,304536.93
1778062500000,2.198,2.24,2.198,2.238,245554.62
1778062800000,2.237,2.253,2.221,2.223,319532.45
1778063100000,2.223,2.244,2.216,2.243,131939.41
1778063400000,2.243,2.257,2.238,2.252,406417.51
1778063700000,2.251,2.265,2.249,2.254,214453.98
1778064000000,2.255,2.29,2.255,2.276,328807.26
1778064300000,2.277,2.29,2.264,2.288,371352.4
1778064600000,2.287,2.329,2.286,2.319,755368.0
1778064900000,2.32,2.327,2.289,2.327,341715.75
1778065200000,2.328,2.353,2.318,2.351,364974.73
1778065500000,2.352,2.387,2.352,2.375,657358.33
1778065800000,2.376,2.379,2.324,2.335,450176.76
1778066100000,2.335,2.352,2.284,2.287,403844.48
1778066400000,2.286,2.323,2.283,2.313,230852.82
1778066700000,2.312,2.32,2.305,2.315,159837.01
1778067000000,2.315,2.348,2.312,2.347,386101.16
1778067300000,2.347,2.352,2.302,2.303,410547.4
1778067600000,2.303,2.317,2.279,2.287,620081.84
1778067900000,2.287,2.297,2.274,2.292,323658.56
1778068200000,2.293,2.299,2.273,2.285,249302.47
1778068500000,2.285,2.292,2.28,2.286,187747.76
1778068800000,2.287,2.315,2.276,2.302,354504.23
1778069100000,2.302,2.315,2.275,2.312,366888.02
1778069400000,2.312,2.328,2.309,2.321,199415.76
1778069700000,2.321,2.334,2.314,2.333,277989.5
1778070000000,2.332,2.347,2.328,2.33,189636.19
1778070300000,2.331,2.34,2.304,2.329,254954.18
1778070600000,2.33,2.37,2.328,2.351,797016.26
1778070900000,2.352,2.373,2.342,2.363,225870.52
1778071200000,2.364,2.369,2.353,2.367,127858.65
1778071500000,2.368,2.417,2.36,2.409,622033.69
1778071800000,2.409,2.419,2.38,2.411,410652.46
1778072100000,2.411,2.45,2.395,2.44,675225.45
1778072400000,2.44,2.475,2.42,2.433,697511.93
1778072700000,2.433,2.445,2.407,2.422,455766.71
1778073000000,2.42,2.484,2.42,2.448,516894.26
1778073300000,2.449,2.494,2.449,2.474,667822.92
1778073600000,2.473,2.473,2.411,2.432,613723.39
1778073900000,2.431,2.45,2.418,2.432,258166.86
1778074200000,2.432,2.509,2.421,2.496,863802.19
1778074500000,2.496,2.577,2.496,2.526,1197846.89
1778074800000,2.526,2.586,2.457,2.514,1366938.83
1778075100000,2.513,2.519,2.418,2.452,959280.35
1778075400000,2.452,2.453,2.309,2.359,1620025.8
1778075700000,2.36,2.379,2.346,2.374,522345.57
1778076000000,2.375,2.391,2.343,2.35,654587.82
1778076300000,2.351,2.352,2.234,2.245,1323568.49
1778076600000,2.246,2.297,2.239,2.265,799958.64
1778076900000,2.265,2.329,2.263,2.272,725982.63
1778077200000,2.273,2.316,2.272,2.314,323907.59
1778077500000,2.315,2.358,2.31,2.319,473014.03
1778077800000,2.318,2.345,2.308,2.331,311641.49
1778078100000,2.331,2.333,2.27,2.283,363207.24
1778078400000,2.283,2.314,2.281,2.306,317515.83
1778078700000,2.306,2.308,2.213,2.273,789419.99
1778079000000,2.272,2.291,2.264,2.288,299258.26
1778079300000,2.287,2.3,2.261,2.269,278681.76
1778079600000,2.27,2.271,2.228,2.244,380575.54
1778079900000,2.245,2.245,2.217,2.223,359406.54
1778080200000,2.223,2.23,2.201,2.223,536815.74
1778080500000,2.222,2.279,2.22,2.275,474451.64
1778080800000,2.275,2.279,2.249,2.252,210615.37
1778081100000,2.252,2.252,2.215,2.235,255777.39
1778081400000,2.235,2.254,2.228,2.246,127135.08
1778081700000,2.246,2.273,2.239,2.267,226042.34
1778082000000,2.268,2.333,2.268,2.315,460959.98
1778082300000,2.314,2.314,2.274,2.277,438887.2
1778082600000,2.277,2.3,2.258,2.276,254479.83
1778082900000,2.277,2.302,2.273,2.302,166705.58
1778083200000,2.301,2.303,2.261,2.284,164558.49
1778083500000,2.285,2.376,2.285,2.346,1126984.34
1778083800000,2.346,2.349,2.327,2.342,245656.4
1778084100000,2.343,2.366,2.329,2.331,340052.39
1778084400000,2.331,2.36,2.309,2.351,382325.33
1778084700000,2.351,2.383,2.345,2.352,425657.54
1778085000000,2.353,2.367,2.339,2.362,174149.85
1778085300000,2.362,2.385,2.348,2.364,444839.37
1778085600000,2.364,2.379,2.354,2.374,202173.2
1778085900000,2.373,2.42,2.367,2.419,594681.84
1778086200000,2.419,2.452,2.403,2.435,674802.39
1778086500000,2.435,2.454,2.399,2.428,494179.13
1778086800000,2.427,2.427,2.381,2.418,382700.38
1778087100000,2.418,2.453,2.407,2.449,230960.5
1778087400000,2.449,2.451,2.396,2.413,264667.7
1778087700000,2.413,2.416,2.367,2.393,389530.91
1778088000000,2.392,2.412,2.388,2.391,197867.28
1778088300000,2.391,2.395,2.375,2.381,101090.26
1778088600000,2.38,2.418,2.375,2.414,342190.95
1778088900000,2.414,2.414,2.335,2.387,542111.58
1778089200000,2.387,2.415,2.387,2.411,234150.11
1778089500000,2.412,2.433,2.384,2.393,466679.24
1778089800000,2.392,2.419,2.381,2.409,178230.38
1778090100000,2.408,2.427,2.4,2.416,144406.21
1778090400000,2.417,2.444,2.393,2.397,483576.06
1778090700000,2.397,2.41,2.389,2.396,181506.81
1778091000000,2.396,2.429,2.396,2.417,133671.59
1778091300000,2.417,2.45,2.415,2.438,463173.43
1778091600000,2.439,2.477,2.437,2.472,419357.61
1778091900000,2.472,2.487,2.445,2.458,358603.14
1778092200000,2.457,2.471,2.43,2.432,213421.07
1778092500000,2.433,2.444,2.405,2.409,259930.25
1778092800000,2.41,2.426,2.407,2.418,227019.73
1778093100000,2.419,2.426,2.383,2.391,486767.57
1778093400000,2.392,2.412,2.392,2.405,140157.69
1778093700000,2.404,2.425,2.401,2.411,149190.41
1778094000000,2.411,2.44,2.396,2.43,274363.4
1778094300000,2.43,2.44,2.408,2.421,171825.29
1778094600000,2.42,2.432,2.392,2.405,165641.72
1778094900000,2.405,2.425,2.398,2.422,156517.69
1778095200000,2.423,2.426,2.386,2.393,186095.46
1778095500000,2.393,2.412,2.391,2.407,72892.81
1778095800000,2.407,2.416,2.397,2.399,65344.08
1778096100000,2.399,2.408,2.388,2.399,71702.24
1778096400000,2.398,2.398,2.364,2.377,257337.07
1778096700000,2.378,2.382,2.357,2.376,149285.13
1778097000000,2.376,2.384,2.366,2.384,146077.59
1778097300000,2.385,2.403,2.379,2.381,88484.8
1778097600000,2.382,2.395,2.365,2.395,127984.28
1778097900000,2.395,2.404,2.367,2.381,213596.75
1778098200000,2.381,2.395,2.373,2.392,88109.8
1778098500000,2.392,2.413,2.382,2.391,135670.38
1778098800000,2.391,2.405,2.391,2.401,70854.52
1778099100000,2.4,2.407,2.387,2.394,130489.06
1778099400000,2.395,2.403,2.388,2.4,43891.89
1778099700000,2.399,2.405,2.372,2.379,86360.84
1778100000000,2.378,2.391,2.368,2.372,174863.75
1778100300000,2.372,2.379,2.361,2.364,95381.72
1778100600000,2.365,2.387,2.363,2.382,83388.37
1778100900000,2.382,2.395,2.376,2.395,76554.09
1778101200000,2.395,2.416,2.393,2.408,167641.49
1778101500000,2.409,2.416,2.386,2.387,98889.93
1778101800000,2.387,2.391,2.368,2.39,127022.75
1778102100000,2.389,2.407,2.389,2.396,89524.27
1778102400000,2.397,2.418,2.393,2.398,124647.01
1778102700000,2.397,2.405,2.392,2.395,28809.84
1778103000000,2.395,2.419,2.393,2.413,107468.89
1778103300000,2.413,2.436,2.401,2.433,187465.25
1778103600000,2.433,2.433,2.409,2.419,142906.0
1778103900000,2.42,2.424,2.413,2.42,36122.86
1778104200000,2.421,2.432,2.41,2.42,65748.24
1778104500000,2.421,2.431,2.41,2.422,121978.54
1778104800000,2.421,2.443,2.412,2.434,170599.12
1778105100000,2.434,2.44,2.415,2.433,140832.21
1778105400000,2.434,2.47,2.428,2.465,298126.51
1778105700000,2.464,2.466,2.434,2.447,216291.13
1778106000000,2.448,2.451,2.436,2.445,123589.44
1778106300000,2.445,2.445,2.413,2.421,258309.47
1778106600000,2.421,2.439,2.417,2.429,72985.95
1778106900000,2.43,2.431,2.404,2.406,118516.53
1778107200000,2.406,2.438,2.399,2.438,159493.44
1778107500000,2.438,2.439,2.423,2.431,107192.7
1778107800000,2.431,2.453,2.429,2.449,152659.65
1778108100000,2.449,2.462,2.444,2.458,129967.25
1778108400000,2.458,2.459,2.405,2.412,214123.54
1778108700000,2.412,2.423,2.408,2.42,118980.79
1778109000000,2.419,2.422,2.404,2.415,163744.72
1778109300000,2.416,2.426,2.41,2.423,95059.55
1778109600000,2.424,2.439,2.424,2.427,150809.06
1778109900000,2.427,2.449,2.425,2.448,135950.89
1778110200000,2.448,2.475,2.445,2.466,316642.8
1778110500000,2.466,2.477,2.46,2.46,156087.09
1778110800000,2.46,2.467,2.436,2.441,263861.97
1778111100000,2.442,2.477,2.431,2.464,257822.81
1778111400000,2.465,2.474,2.451,2.466,180134.94
1778111700000,2.466,2.48,2.449,2.453,175990.76
1778112000000,2.452,2.455,2.423,2.428,239131.35
1778112300000,2.428,2.47,2.423,2.464,156458.82
1778112600000,2.464,2.478,2.453,2.468,272882.42
1778112900000,2.468,2.477,2.449,2.449,376646.62
1778113200000,2.449,2.49,2.448,2.48,319145.74
1778113500000,2.48,2.505,2.478,2.493,325188.23
1778113800000,2.492,2.516,2.482,2.506,386783.0
1778114100000,2.506,2.516,2.474,2.483,510722.79
1778114400000,2.482,2.482,2.427,2.444,520171.04
1778114700000,2.444,2.45,2.425,2.447,363605.68
1778115000000,2.447,2.462,2.437,2.453,94459.81
1778115300000,2.453,2.453,2.434,2.441,124601.36
1778115600000,2.441,2.453,2.428,2.44,177339.19
1778115900000,2.441,2.459,2.424,2.453,196995.61
1778116200000,2.454,2.48,2.451,2.476,300966.21
1778116500000,2.477,2.491,2.433,2.449,273068.67
1778116800000,2.448,2.465,2.433,2.448,303649.04
1778117100000,2.448,2.496,2.441,2.492,278134.1
1778117400000,2.492,2.509,2.476,2.48,272178.91
1778117700000,2.48,2.541,2.477,2.536,354594.63
1778118000000,2.535,2.588,2.533,2.581,803728.82
1778118300000,2.58,2.594,2.556,2.585,575927.84
1778118600000,2.585,2.595,2.55,2.578,505677.66
1778118900000,2.577,2.588,2.563,2.577,222148.5
1778119200000,2.578,2.66,2.577,2.638,924708.71
1778119500000,2.639,2.678,2.545,2.553,819427.35
1778119800000,2.554,2.594,2.551,2.572,679803.85
1778120100000,2.572,2.594,2.561,2.582,326295.29
1778120400000,2.581,2.617,2.574,2.61,315184.68
1778120700000,2.611,2.617,2.561,2.597,225306.97
1778121000000,2.597,2.648,2.575,2.643,625858.43
1778121300000,2.644,2.66,2.627,2.642,408821.06
1778121600000,2.642,2.664,2.639,2.657,310693.44
1778121900000,2.657,2.682,2.639,2.657,535502.52
1778122200000,2.657,2.688,2.645,2.659,478999.15
1778122500000,2.658,2.687,2.652,2.655,234628.15
1778122800000,2.655,2.683,2.654,2.667,346337.97
1778123100000,2.666,2.769,2.662,2.739,783758.67
1778123400000,2.739,2.762,2.698,2.712,612998.3
1778123700000,2.712,2.732,2.689,2.717,280585.58
1778124000000,2.717,2.741,2.712,2.721,279900.27
1778124300000,2.722,2.749,2.717,2.745,192470.51
1778124600000,2.745,2.746,2.709,2.72,344445.47
1778124900000,2.72,2.751,2.696,2.729,426274.25
1778125200000,2.729,2.741,2.708,2.722,204304.95
1778125500000,2.722,2.738,2.689,2.693,310352.96
1778125800000,2.692,2.724,2.678,2.694,323045.45
1778126100000,2.693,2.7,2.662,2.67,366801.73
1778126400000,2.67,2.684,2.655,2.676,326491.07
1778126700000,2.677,2.732,2.677,2.727,291852.32
1778127000000,2.727,2.785,2.723,2.765,497726.31
1778127300000,2.766,2.788,2.743,2.752,363964.91
1778127600000,2.753,2.795,2.749,2.789,354951.06
1778127900000,2.789,2.815,2.785,2.804,747569.16
1778128200000,2.805,2.827,2.782,2.786,611130.62
1778128500000,2.784,2.801,2.773,2.79,165741.19
1778128800000,2.789,2.817,2.789,2.812,361482.11
1778129100000,2.811,2.813,2.73,2.75,417277.08
1778129400000,2.749,2.809,2.746,2.797,299094.13
1778129700000,2.797,2.85,2.796,2.82,421176.63
1778130000000,2.819,2.844,2.8,2.803,499994.69
1778130300000,2.804,2.832,2.788,2.826,318764.89
1778130600000,2.826,2.843,2.814,2.822,259086.6
1778130900000,2.821,2.868,2.821,2.85,526715.86
1778131200000,2.849,2.867,2.845,2.857,254426.61
1778131500000,2.856,2.884,2.84,2.874,490020.03
1778131800000,2.874,2.9,2.853,2.875,780494.67
1778132100000,2.877,2.881,2.813,2.828,626824.8
1778132400000,2.827,2.855,2.82,2.847,365309.7
1778132700000,2.848,2.866,2.825,2.828,510364.54
1778133000000,2.828,2.834,2.809,2.827,247741.99
1778133300000,2.827,2.828,2.768,2.788,660925.85
1778133600000,2.788,2.788,2.744,2.777,465296.08
1778133900000,2.776,2.782,2.721,2.73,369326.96
1778134200000,2.73,2.762,2.698,2.754,733276.61
1778134500000,2.753,2.779,2.734,2.737,395056.88
1778134800000,2.735,2.743,2.706,2.727,226230.14
1778135100000,2.728,2.762,2.72,2.755,248332.05
1778135400000,2.754,2.831,2.754,2.823,490707.73
1778135700000,2.824,2.84,2.812,2.837,278711.35
1778136000000,2.837,2.874,2.834,2.859,589803.22
1778136300000,2.861,2.888,2.861,2.879,364340.57
1778136600000,2.879,2.894,2.851,2.858,536329.94
1778136900000,2.856,2.893,2.856,2.879,334633.06
1778137200000,2.879,2.907,2.874,2.878,489575.63
1778137500000,2.878,2.881,2.845,2.856,303434.47
1778137800000,2.858,2.863,2.795,2.814,519822.4
1778138100000,2.813,2.82,2.783,2.79,246121.13
1778138400000,2.79,2.802,2.762,2.782,233128.98
1778138700000,2.781,2.795,2.727,2.754,620811.09
1778139000000,2.753,2.791,2.748,2.768,319960.14
1778139300000,2.768,2.784,2.764,2.778,231705.91
1778139600000,2.778,2.785,2.759,2.762,196434.85
1778139900000,2.763,2.795,2.741,2.781,425069.01
1778140200000,2.781,2.787,2.744,2.751,280713.77
1778140500000,2.752,2.757,2.725,2.745,257652.63
1778140800000,2.745,2.748,2.706,2.708,359308.22
1778141100000,2.709,2.738,2.708,2.726,284964.76
1778141400000,2.725,2.727,2.684,2.694,422529.28
1778141700000,2.693,2.707,2.606,2.618,883998.85
1778142000000,2.618,2.687,2.613,2.683,450226.7
1778142300000,2.683,2.683,2.639,2.67,422901.46
1778142600000,2.67,2.695,2.663,2.691,290843.94
1778142900000,2.691,2.727,2.688,2.716,356684.25
1778143200000,2.716,2.742,2.716,2.738,307295.42
1778143500000,2.737,2.747,2.726,2.745,268458.17
1778143800000,2.744,2.744,2.696,2.703,167119.93
1778144100000,2.702,2.703,2.675,2.687,175304.63
1778144400000,2.686,2.709,2.668,2.69,188986.39
1778144700000,2.689,2.689,2.67,2.675,100167.05
1778145000000,2.675,2.676,2.647,2.649,192443.35
1778145300000,2.648,2.655,2.617,2.633,473929.46
1778145600000,2.634,2.667,2.633,2.66,262729.24
1778145900000,2.66,2.661,2.613,2.64,249130.75
1778146200000,2.641,2.676,2.641,2.671,182157.77
1778146500000,2.672,2.68,2.565,2.581,618577.72
1778146800000,2.582,2.615,2.546,2.594,698809.3
1778147100000,2.593,2.615,2.575,2.609,305774.93
1778147400000,2.608,2.609,2.574,2.595,357777.8
1778147700000,2.595,2.596,2.548,2.57,497990.83
1778148000000,2.57,2.609,2.546,2.588,1110908.46
1778148300000,2.588,2.606,2.561,2.595,343929.65
1778148600000,2.595,2.63,2.582,2.626,365744.75
1778148900000,2.627,2.64,2.608,2.611,504628.38
1778149200000,2.612,2.627,2.588,2.593,387342.04
1778149500000,2.594,2.606,2.561,2.585,1044473.08
1778149800000,2.585,2.608,2.569,2.572,188186.61
1778150100000,2.571,2.578,2.557,2.558,205994.65
1778150400000,2.558,2.583,2.532,2.581,461158.98
1778150700000,2.58,2.586,2.563,2.564,128325.91
1778151000000,2.563,2.584,2.544,2.578,199471.04
1778151300000,2.577,2.577,2.548,2.57,109746.52
1778151600000,2.57,2.604,2.55,2.601,282199.71
1778151900000,2.6,2.615,2.569,2.574,279987.54
1778152200000,2.574,2.582,2.567,2.574,99508.28
1778152500000,2.574,2.582,2.547,2.557,199764.8
1778152800000,2.556,2.56,2.539,2.549,329417.24
1778153100000,2.549,2.555,2.503,2.519,550385.36
1778153400000,2.52,2.538,2.442,2.466,793747.56
1778153700000,2.466,2.495,2.453,2.491,827078.69
1778154000000,2.491,2.493,2.475,2.481,322524.53
1778154300000,2.481,2.494,2.454,2.456,452095.39
1778154600000,2.455,2.468,2.43,2.453,551730.41
1778154900000,2.454,2.462,2.436,2.448,275524.84
1778155200000,2.448,2.466,2.437,2.439,442516.18
1778155500000,2.439,2.446,2.414,2.427,568004.96
1778155800000,2.427,2.448,2.421,2.429,352247.04
1778156100000,2.43,2.443,2.373,2.39,1285170.17
1778156400000,2.391,2.407,2.358,2.398,889307.61
1778156700000,2.397,2.419,2.386,2.415,467491.63
1778157000000,2.415,2.468,2.412,2.449,641907.29
1778157300000,2.448,2.45,2.416,2.435,310606.35
1778157600000,2.434,2.442,2.426,2.429,265178.48
1778157900000,2.428,2.428,2.36,2.374,701275.03
1778158200000,2.374,2.405,2.356,2.38,338966.97
1778158500000,2.38,2.389,2.354,2.363,407738.38
1778158800000,2.362,2.396,2.361,2.39,212014.78
1778159100000,2.389,2.403,2.364,2.401,263030.9
1778159400000,2.4,2.431,2.395,2.427,269224.41
1778159700000,2.426,2.534,2.421,2.494,1222309.42
1778160000000,2.492,2.551,2.486,2.535,952100.32
1778160300000,2.535,2.548,2.5,2.507,497342.57
1778160600000,2.507,2.51,2.471,2.49,298548.81
1778160900000,2.491,2.5,2.457,2.467,216239.23
1778161200000,2.466,2.485,2.458,2.458,161277.66
1778161500000,2.459,2.482,2.453,2.47,256592.02
1778161800000,2.469,2.499,2.464,2.485,209611.73
1778162100000,2.483,2.495,2.46,2.489,331850.51
1778162400000,2.488,2.488,2.454,2.468,258826.31
1778162700000,2.468,2.488,2.437,2.465,418483.78
1778163000000,2.464,2.487,2.462,2.484,240861.29
1778163300000,2.485,2.49,2.469,2.48,118033.3
1778163600000,2.478,2.499,2.47,2.492,169566.3
1778163900000,2.491,2.509,2.482,2.496,217556.3
1778164200000,2.495,2.495,2.463,2.471,346628.3
1778164500000,2.47,2.484,2.454,2.464,216205.8
1778164800000,2.464,2.468,2.443,2.443,140978.9
1778165100000,2.443,2.444,2.399,2.422,486114.73
1778165400000,2.421,2.462,2.417,2.448,308861.11
1778165700000,2.447,2.454,2.427,2.432,125188.88
1778166000000,2.432,2.441,2.399,2.403,390436.41
1778166300000,2.404,2.423,2.397,2.405,341246.35
1778166600000,2.406,2.429,2.406,2.413,212336.53
1778166900000,2.413,2.426,2.396,2.399,193938.63
1778167200000,2.399,2.4,2.37,2.392,437731.56
1778167500000,2.392,2.398,2.33,2.381,878266.96
1778167800000,2.381,2.384,2.348,2.378,399291.24
1778168100000,2.377,2.42,2.373,2.417,341854.99
1778168400000,2.417,2.442,2.413,2.43,304530.41
1778168700000,2.431,2.443,2.414,2.415,232103.5
1778169000000,2.416,2.427,2.404,2.407,123026.99
1778169300000,2.407,2.423,2.403,2.422,80223.27
1778169600000,2.421,2.426,2.385,2.395,325138.33
1778169900000,2.395,2.427,2.383,2.424,95702.18
1778170200000,2.424,2.449,2.422,2.445,307203.36
1778170500000,2.444,2.467,2.435,2.461,184251.54
1778170800000,2.461,2.494,2.46,2.469,253252.08
1778171100000,2.47,2.498,2.469,2.48,285127.79
1778171400000,2.479,2.479,2.458,2.464,148072.7
1778171700000,2.464,2.474,2.447,2.463,206512.42
1778172000000,2.462,2.49,2.462,2.484,182865.97
1778172300000,2.484,2.485,2.445,2.463,248460.09
1778172600000,2.463,2.468,2.439,2.45,128295.68
1778172900000,2.45,2.451,2.428,2.449,196830.51
1778173200000,2.449,2.482,2.446,2.473,283866.32
1778173500000,2.472,2.533,2.463,2.511,503765.55
1778173800000,2.51,2.521,2.497,2.518,184964.59
1778174100000,2.518,2.552,2.514,2.531,458648.84
1778174400000,2.531,2.547,2.513,2.531,305322.02
1778174700000,2.53,2.541,2.514,2.539,157095.7
1778175000000,2.539,2.539,2.517,2.521,130387.65
1778175300000,2.522,2.551,2.522,2.54,154702.95
1778175600000,2.54,2.553,2.533,2.539,185425.26
1778175900000,2.538,2.57,2.537,2.566,174343.0
1778176200000,2.565,2.588,2.556,2.583,275321.61
1778176500000,2.581,2.598,2.574,2.59,202361.83
1778176800000,2.589,2.596,2.571,2.592,255054.75
1778177100000,2.592,2.647,2.587,2.639,530965.35
1778177400000,2.64,2.648,2.617,2.637,460226.75
1778177700000,2.637,2.71,2.635,2.696,1030779.01
1778178000000,2.696,2.696,2.67,2.686,375635.86
1778178300000,2.685,2.735,2.672,2.728,908186.31
1778178600000,2.728,2.756,2.726,2.755,581329.23
1778178900000,2.755,2.768,2.734,2.744,479117.33
1778179200000,2.742,2.744,2.673,2.689,713300.63
1778179500000,2.688,2.707,2.603,2.627,861557.79
1778179800000,2.627,2.683,2.622,2.672,680036.94
1778180100000,2.672,2.704,2.649,2.674,395536.32
1778180400000,2.674,2.701,2.657,2.686,332966.68
1778180700000,2.687,2.701,2.663,2.691,315088.02
1778181000000,2.69,2.715,2.683,2.709,186183.76
1778181300000,2.708,2.735,2.671,2.698,433665.42
1778181600000,2.697,2.721,2.688,2.702,248218.47
1778181900000,2.702,2.711,2.693,2.705,143620.04
1778182200000,2.705,2.736,2.705,2.727,257420.59
1778182500000,2.728,2.739,2.706,2.726,228251.77
1778182800000,2.726,2.729,2.709,2.718,133376.42
1778183100000,2.719,2.722,2.672,2.687,450564.9
1778183400000,2.688,2.698,2.653,2.668,257471.55
1778183700000,2.667,2.678,2.64,2.643,239322.72
1778184000000,2.644,2.684,2.639,2.677,215084.94
1778184300000,2.677,2.7,2.672,2.684,88952.43
1778184600000,2.685,2.687,2.665,2.683,86207.95
1778184900000,2.684,2.684,2.657,2.66,122904.18
1778185200000,2.661,2.663,2.631,2.651,339537.17
1778185500000,2.651,2.656,2.645,2.648,114565.89
1778185800000,2.647,2.647,2.61,2.626,247844.03
1778186100000,2.627,2.643,2.606,2.616,181920.62
1778186400000,2.616,2.62,2.592,2.609,204988.05
1778186700000,2.609,2.613,2.589,2.609,188988.98
1778187000000,2.61,2.613,2.593,2.596,123828.34
1778187300000,2.595,2.614,2.59,2.593,116116.79
1778187600000,2.594,2.63,2.59,2.594,204224.02
1778187900000,2.594,2.601,2.562,2.575,343349.79
1778188200000,2.575,2.581,2.557,2.564,231808.82
1778188500000,2.564,2.608,2.561,2.605,202644.79
1778188800000,2.604,2.65,2.603,2.607,286076.23
1778189100000,2.607,2.643,2.607,2.626,215113.8
1778189400000,2.626,2.651,2.614,2.642,269887.38
1778189700000,2.642,2.667,2.637,2.661,347042.46
1778190000000,2.66,2.674,2.639,2.645,217932.35
1778190300000,2.645,2.658,2.629,2.641,203667.59
1778190600000,2.64,2.644,2.611,2.613,236296.7
1778190900000,2.614,2.629,2.6,2.612,255462.29
1778191200000,2.612,2.616,2.596,2.609,253486.24
1778191500000,2.609,2.616,2.58,2.587,271754.14
1778191800000,2.588,2.62,2.588,2.617,171180.05
1778192100000,2.618,2.618,2.593,2.611,129858.8
1778192400000,2.612,2.642,2.612,2.632,181482.15
1778192700000,2.631,2.648,2.63,2.647,132370.92
1778193000000,2.647,2.671,2.64,2.64,460110.32
1778193300000,2.641,2.657,2.639,2.641,168642.32
1778193600000,2.641,2.686,2.641,2.651,405614.7
1778193900000,2.651,2.675,2.649,2.664,157771.94
1778194200000,2.665,2.692,2.665,2.692,178587.22
1778194500000,2.693,2.693,2.658,2.67,307686.71
1778194800000,2.669,2.671,2.651,2.67,133631.14
1778195100000,2.67,2.676,2.657,2.666,201336.06
1778195400000,2.666,2.695,2.661,2.685,229112.47
1778195700000,2.686,2.742,2.684,2.698,508361.96
1778196000000,2.696,2.717,2.674,2.68,276092.86
1778196300000,2.681,2.688,2.653,2.662,116297.47
1778196600000,2.661,2.695,2.66,2.688,245166.4
1778196900000,2.688,2.703,2.681,2.691,199511.21
1778197200000,2.691,2.722,2.682,2.719,241366.54
1778197500000,2.718,2.719,2.693,2.709,218990.88
1778197800000,2.708,2.73,2.701,2.71,221500.54
1778198100000,2.709,2.728,2.708,2.714,88707.21
1778198400000,2.713,2.748,2.708,2.743,372796.18
1778198700000,2.743,2.776,2.739,2.748,1030690.19
1778199000000,2.749,2.758,2.717,2.75,264265.28
1778199300000,2.75,2.753,2.696,2.708,272352.88
1778199600000,2.708,2.724,2.702,2.704,126415.38
1778199900000,2.704,2.708,2.69,2.697,191243.24
1778200200000,2.698,2.731,2.693,2.73,125930.8
1778200500000,2.729,2.754,2.712,2.713,161949.55
1778200800000,2.714,2.72,2.674,2.684,229026.84
1778201100000,2.685,2.708,2.667,2.701,254432.34
1778201400000,2.702,2.717,2.687,2.688,108646.42
1778201700000,2.688,2.698,2.661,2.697,162547.58
1778202000000,2.698,2.711,2.68,2.704,121053.12
1778202300000,2.703,2.719,2.667,2.677,273482.19
1778202600000,2.677,2.678,2.634,2.64,379290.04
1778202900000,2.64,2.672,2.64,2.663,158079.33
1778203200000,2.664,2.677,2.651,2.671,142877.83
1778203500000,2.671,2.684,2.668,2.681,107505.29
1778203800000,2.682,2.703,2.669,2.692,178819.93
1778204100000,2.691,2.693,2.661,2.678,163850.73
1778204400000,2.679,2.679,2.662,2.667,159125.28
1778204700000,2.667,2.698,2.666,2.694,79717.33
1778205000000,2.693,2.744,2.688,2.724,240445.87
1778205300000,2.724,2.733,2.7,2.711,160540.16
1778205600000,2.711,2.732,2.697,2.721,236155.97
1778205900000,2.721,2.723,2.665,2.681,391118.25
1778206200000,2.68,2.701,2.678,2.692,79047.1
1778206500000,2.692,2.712,2.676,2.708,208615.8
1778206800000,2.707,2.729,2.707,2.722,132227.82
1778207100000,2.722,2.742,2.712,2.733,328723.21
1778207400000,2.733,2.748,2.72,2.73,263431.55
1778207700000,2.731,2.733,2.691,2.704,404119.26
1778208000000,2.705,2.71,2.689,2.7,67563.96
1778208300000,2.702,2.708,2.679,2.688,108372.19
1778208600000,2.688,2.702,2.677,2.68,131268.39
1778208900000,2.68,2.699,2.654,2.69,293533.5
1778209200000,2.69,2.699,2.657,2.66,163958.68
1778209500000,2.66,2.679,2.655,2.667,179989.41
1778209800000,2.667,2.69,2.662,2.686,101323.01
1778210100000,2.687,2.691,2.653,2.66,127033.8
1778210400000,2.66,2.676,2.656,2.666,75537.87
1778210700000,2.666,2.669,2.646,2.661,182767.29
1778211000000,2.66,2.674,2.656,2.668,77723.2
1778211300000,2.668,2.679,2.665,2.669,49065.92
1778211600000,2.669,2.689,2.665,2.676,214382.03
1778211900000,2.677,2.713,2.677,2.692,293678.59
1778212200000,2.692,2.701,2.674,2.689,132909.41
1778212500000,2.688,2.688,2.655,2.662,307956.14
1778212800000,2.662,2.691,2.657,2.667,228836.13
1778213100000,2.667,2.673,2.654,2.663,141152.05
1778213400000,2.663,2.679,2.65,2.672,188577.11
1778213700000,2.671,2.712,2.671,2.711,225805.04
1778214000000,2.711,2.722,2.702,2.706,147489.96
1778214300000,2.706,2.713,2.682,2.684,144764.88
1778214600000,2.684,2.708,2.684,2.703,59303.5
1778214900000,2.703,2.723,2.697,2.714,202890.22
1778215200000,2.713,2.731,2.709,2.728,326636.65
1778215500000,2.729,2.737,2.715,2.718,188861.29
1778215800000,2.719,2.727,2.704,2.707,106274.16
1778216100000,2.706,2.72,2.699,2.718,80696.57
1778216400000,2.718,2.73,2.687,2.69,231773.11
1778216700000,2.689,2.702,2.685,2.697,102715.38
1778217000000,2.697,2.697,2.675,2.683,138060.3
1778217300000,2.683,2.716,2.68,2.713,122816.12
1778217600000,2.714,2.734,2.714,2.723,413223.1
1778217900000,2.725,2.749,2.721,2.727,539760.5
1778218200000,2.727,2.757,2.727,2.735,249842.5
1778218500000,2.735,2.747,2.732,2.744,154051.98
1778218800000,2.746,2.753,2.728,2.734,170489.04
1778219100000,2.735,2.744,2.707,2.707,199473.49
1778219400000,2.707,2.717,2.697,2.703,207345.77
1778219700000,2.703,2.71,2.693,2.694,172240.27
1778220000000,2.694,2.707,2.683,2.701,130507.56
1778220300000,2.701,2.729,2.695,2.704,154649.82
1778220600000,2.703,2.729,2.7,2.726,161086.6
1778220900000,2.726,2.8,2.726,2.773,931902.35
1778221200000,2.773,2.791,2.761,2.772,451395.72
1778221500000,2.771,2.779,2.755,2.768,260044.78
1778221800000,2.769,2.774,2.756,2.762,173911.22
1778222100000,2.762,2.767,2.746,2.753,213372.85
1778222400000,2.752,2.754,2.732,2.751,144740.23
1778222700000,2.75,2.76,2.728,2.758,149366.59
1778223000000,2.76,2.776,2.749,2.755,176825.84
1778223300000,2.755,2.762,2.745,2.747,90343.38
1778223600000,2.746,2.751,2.732,2.734,189911.2
1778223900000,2.735,2.738,2.716,2.728,160490.48
1778224200000,2.728,2.728,2.71,2.71,95663.38
1778224500000,2.71,2.728,2.708,2.719,108532.01
1778224800000,2.719,2.731,2.708,2.71,168134.39
1778225100000,2.71,2.729,2.693,2.725,309743.31
1778225400000,2.725,2.753,2.717,2.752,177688.74
1778225700000,2.752,2.773,2.751,2.771,264728.07
1778226000000,2.772,2.775,2.735,2.741,196978.89
1778226300000,2.74,2.744,2.706,2.719,204134.33
1778226600000,2.718,2.72,2.71,2.718,116805.83
1778226900000,2.717,2.727,2.706,2.723,117035.34
1778227200000,2.723,2.731,2.715,2.73,58629.67
1778227500000,2.73,2.738,2.726,2.727,80112.81
1778227800000,2.727,2.75,2.716,2.749,94541.3
1778228100000,2.749,2.77,2.742,2.743,228861.36
1778228400000,2.743,2.753,2.724,2.748,178477.5
1778228700000,2.748,2.755,2.733,2.742,96828.35
1778229000000,2.742,2.77,2.733,2.765,113932.85
1778229300000,2.766,2.788,2.766,2.777,331040.07
1778229600000,2.778,2.795,2.768,2.773,348414.25
1778229900000,2.774,2.783,2.747,2.748,278006.59
1778230200000,2.748,2.752,2.74,2.744,60182.87
1778230500000,2.744,2.744,2.712,2.718,441838.45
1778230800000,2.717,2.717,2.672,2.676,434100.13
1778231100000,2.677,2.71,2.662,2.708,438269.15
1778231400000,2.708,2.745,2.704,2.737,297153.11
1778231700000,2.737,2.738,2.692,2.7,179467.21
1778232000000,2.699,2.711,2.681,2.682,214391.08
1778232300000,2.681,2.704,2.676,2.688,140450.05
1778232600000,2.688,2.719,2.681,2.707,123766.03
1778232900000,2.706,2.706,2.664,2.667,265533.23
1778233200000,2.666,2.676,2.618,2.623,971684.96
1778233500000,2.623,2.647,2.614,2.632,391911.69
1778233800000,2.632,2.642,2.625,2.63,193434.21
1778234100000,2.63,2.657,2.625,2.65,209484.13
1778234400000,2.651,2.652,2.587,2.604,580256.0
1778234700000,2.605,2.607,2.559,2.575,633895.99
1778235000000,2.575,2.582,2.529,2.534,1057977.98
1778235300000,2.533,2.587,2.532,2.56,469721.37
1778235600000,2.561,2.564,2.504,2.506,529262.37
1778235900000,2.506,2.533,2.498,2.53,421101.08
1778236200000,2.529,2.546,2.522,2.53,325256.67
1778236500000,2.531,2.543,2.523,2.525,222561.28
1778236800000,2.525,2.555,2.525,2.551,405877.21
1778237100000,2.55,2.572,2.54,2.571,190406.19
1778237400000,2.57,2.586,2.564,2.58,250566.1
1778237700000,2.58,2.58,2.542,2.546,383817.6
1778238000000,2.547,2.561,2.522,2.56,333747.63
1778238300000,2.562,2.572,2.548,2.567,120685.96
1778238600000,2.567,2.579,2.558,2.576,135999.55
1778238900000,2.575,2.589,2.569,2.589,172188.0
1779062400000,1.916,1.918,1.908,1.912,79483.8
1779062700000,1.912,1.912,1.9,1.903,82000.41
1779063000000,1.903,1.905,1.895,1.903,103928.37
1779063300000,1.903,1.915,1.901,1.905,113128.64
1779063600000,1.904,1.915,1.904,1.915,59327.95
1779063900000,1.915,1.923,1.913,1.914,72183.85
1779064200000,1.914,1.918,1.909,1.915,41697.34
1779064500000,1.916,1.925,1.915,1.923,58618.6
1779064800000,1.922,1.923,1.914,1.915,22818.53
1779065100000,1.914,1.925,1.914,1.92,51617.47
1779065400000,1.92,1.945,1.917,1.941,193709.93
1779065700000,1.941,1.944,1.934,1.94,47149.81
1779066000000,1.939,1.952,1.936,1.951,104745.73
1779066300000,1.952,1.954,1.941,1.95,107256.64
1779066600000,1.95,1.958,1.943,1.943,54678.9
1779066900000,1.943,1.944,1.937,1.939,51415.75
1779067200000,1.939,1.947,1.934,1.947,40309.36
1779067500000,1.947,1.95,1.945,1.947,58420.42
1779067800000,1.947,1.947,1.934,1.934,43953.74
1779068100000,1.935,1.94,1.93,1.934,25797.26
1779068400000,1.934,1.941,1.932,1.932,29245.18
1779068700000,1.932,1.932,1.924,1.925,63018.54
1779069000000,1.925,1.952,1.924,1.944,91059.01
1779069300000,1.944,1.953,1.943,1.95,50044.58
1779069600000,1.95,1.961,1.948,1.958,65199.21
1779069900000,1.957,1.958,1.949,1.951,61203.42
1779070200000,1.952,1.959,1.949,1.959,39457.11
1779070500000,1.96,1.963,1.947,1.948,72772.71
1779070800000,1.948,1.951,1.945,1.95,91373.33
1779071100000,1.95,1.953,1.946,1.948,68321.89
1779071400000,1.948,1.952,1.943,1.948,26566.45
1779071700000,1.948,1.948,1.939,1.939,61658.2
1779072000000,1.939,1.943,1.938,1.941,24441.68
1779072300000,1.941,1.941,1.932,1.933,10881.24
1779072600000,1.933,1.936,1.928,1.934,70119.13
1779072900000,1.935,1.937,1.93,1.933,20291.36
1779073200000,1.934,1.939,1.933,1.934,26780.3
1779073500000,1.935,1.944,1.932,1.942,35607.56
1779073800000,1.942,1.943,1.932,1.933,35882.69
1779074100000,1.933,1.937,1.933,1.936,4915.33
1779074400000,1.936,1.939,1.933,1.935,26220.02
1779074700000,1.934,1.937,1.932,1.935,34742.46
1779075000000,1.935,1.938,1.931,1.935,16867.07
1779075300000,1.934,1.934,1.931,1.932,11469.18
1779075600000,1.932,1.949,1.932,1.948,46758.86
1779075900000,1.948,1.95,1.941,1.942,15878.08
1779076200000,1.942,1.947,1.941,1.941,66827.34
1779076500000,1.941,1.944,1.94,1.942,11207.93
1779076800000,1.941,1.95,1.941,1.945,37689.93
1779077100000,1.944,1.951,1.944,1.946,32077.76
1779077400000,1.947,1.947,1.942,1.946,16323.42
1779077700000,1.945,1.949,1.944,1.946,45320.82
1779078000000,1.945,1.945,1.932,1.933,21238.88
1779078300000,1.933,1.933,1.926,1.929,36579.18
1779078600000,1.929,1.93,1.92,1.924,73984.98
1779078900000,1.924,1.933,1.924,1.933,20024.49
1779079200000,1.933,1.943,1.933,1.94,31326.17
1779079500000,1.941,1.944,1.936,1.94,19852.4
1779079800000,1.939,1.945,1.936,1.944,18316.36
1779080100000,1.945,1.951,1.944,1.947,61070.19
1779080400000,1.948,1.953,1.947,1.952,63505.9
1779080700000,1.952,1.955,1.944,1.95,45555.95
1779081000000,1.951,1.952,1.949,1.951,13472.98
1779081300000,1.95,1.95,1.935,1.936,46017.38
1779081600000,1.936,1.941,1.936,1.939,39305.22
1779081900000,1.939,1.939,1.933,1.934,16623.97
1779082200000,1.935,1.936,1.928,1.932,51160.53
1779082500000,1.932,1.936,1.929,1.933,18904.55
1779082800000,1.933,1.936,1.93,1.934,17639.67
1779083100000,1.933,1.944,1.933,1.943,14594.44
1779083400000,1.944,1.949,1.944,1.946,37499.38
1779083700000,1.946,1.948,1.942,1.944,20955.99
1779084000000,1.945,1.951,1.944,1.948,82457.47
1779084300000,1.947,1.951,1.938,1.939,85702.65
1779084600000,1.94,1.958,1.938,1.951,74571.75
1779084900000,1.952,1.962,1.95,1.951,73955.96
1779085200000,1.951,1.955,1.941,1.954,123056.8
1779085500000,1.955,1.966,1.955,1.965,54166.27
1779085800000,1.966,1.969,1.957,1.963,42066.48
1779086100000,1.964,1.975,1.964,1.966,139294.93
1779086400000,1.966,1.974,1.955,1.956,135433.91
1779086700000,1.957,1.968,1.952,1.961,52779.58
1779087000000,1.961,1.965,1.95,1.951,59473.23
1779087300000,1.951,1.957,1.95,1.954,42724.69
1779087600000,1.954,1.964,1.951,1.951,54969.82
1779087900000,1.951,1.953,1.936,1.937,61804.64
1779088200000,1.936,1.936,1.925,1.925,54540.01
1779088500000,1.925,1.929,1.906,1.919,333690.72
1779088800000,1.918,1.921,1.909,1.918,128608.71
1779089100000,1.918,1.927,1.917,1.921,62854.63
1779089400000,1.921,1.922,1.916,1.921,44546.27
1779089700000,1.92,1.925,1.917,1.924,22218.85
1779090000000,1.924,1.928,1.923,1.927,20694.77
1779090300000,1.926,1.937,1.921,1.934,70270.9
1779090600000,1.934,1.943,1.92,1.926,159136.15
1779090900000,1.925,1.932,1.925,1.927,17795.42
1779091200000,1.927,1.934,1.926,1.931,15096.43
1779091500000,1.932,1.934,1.924,1.927,35463.43
1779091800000,1.926,1.928,1.921,1.927,13329.89
1779092100000,1.926,1.927,1.919,1.919,20979.63
1779092400000,1.919,1.925,1.916,1.923,23235.27
1779092700000,1.922,1.934,1.919,1.933,38400.89
1779093000000,1.933,1.935,1.926,1.935,36977.97
1779093300000,1.935,1.938,1.932,1.936,21166.29
1779093600000,1.935,1.937,1.932,1.934,10977.16
1779093900000,1.933,1.943,1.933,1.942,20605.7
1779094200000,1.941,1.951,1.941,1.949,30990.96
1779094500000,1.95,1.953,1.948,1.951,19520.46
1779094800000,1.951,1.952,1.937,1.94,46126.01
1779095100000,1.939,1.945,1.935,1.943,54886.34
1779095400000,1.942,1.955,1.933,1.938,781705.96
1779095700000,1.937,1.946,1.937,1.94,42419.3
1779096000000,1.939,1.95,1.938,1.949,53327.59
1779096300000,1.949,1.949,1.946,1.946,25416.06
1779096600000,1.946,1.948,1.943,1.947,20577.5
1779096900000,1.947,1.962,1.947,1.958,86519.48
1779097200000,1.958,1.96,1.953,1.955,27750.7
1779097500000,1.956,1.957,1.948,1.948,49320.79
1779097800000,1.949,1.96,1.949,1.949,57775.22
1779098100000,1.95,1.952,1.946,1.95,29953.88
1779098400000,1.95,1.954,1.934,1.934,62061.82
1779098700000,1.934,1.946,1.929,1.944,85414.23
1779099000000,1.944,1.946,1.928,1.93,75029.16
1779099300000,1.93,1.933,1.929,1.931,26574.41
1779099600000,1.931,1.933,1.925,1.929,48548.96
1779099900000,1.929,1.931,1.917,1.921,49271.07
1779100200000,1.921,1.924,1.919,1.919,23366.38
1779100500000,1.92,1.924,1.918,1.919,24590.58
1779100800000,1.918,1.924,1.916,1.922,60096.72
1779101100000,1.921,1.927,1.921,1.926,27680.67
1779101400000,1.925,1.928,1.923,1.927,18988.86
1779101700000,1.927,1.93,1.923,1.924,23680.7
1779102000000,1.925,1.929,1.923,1.928,12510.28
1779102300000,1.929,1.93,1.921,1.921,20890.25
1779102600000,1.92,1.929,1.918,1.923,58146.68
1779102900000,1.923,1.926,1.92,1.923,35600.14
1779103200000,1.924,1.929,1.922,1.929,10598.05
1779103500000,1.929,1.933,1.926,1.927,64815.86
1779103800000,1.928,1.937,1.925,1.937,42171.1
1779104100000,1.937,1.941,1.928,1.941,40904.95
1779104400000,1.942,1.962,1.939,1.962,355463.69
1779104700000,1.961,1.969,1.961,1.967,127145.59
1779105000000,1.968,1.969,1.959,1.966,84758.9
1779105300000,1.966,1.975,1.965,1.97,99042.77
1779105600000,1.971,1.985,1.968,1.971,242561.49
1779105900000,1.971,1.988,1.966,1.985,115197.49
1779106200000,1.985,2.005,1.985,2.004,299902.24
1779106500000,2.005,2.032,2.003,2.031,638278.86
1779106800000,2.031,2.049,2.024,2.039,460691.25
1779107100000,2.04,2.043,2.027,2.034,234899.83
1779107400000,2.035,2.052,2.025,2.043,214357.61
1779107700000,2.044,2.063,2.037,2.059,310880.22
1779108000000,2.059,2.063,2.049,2.051,217831.51
1779108300000,2.05,2.051,2.039,2.043,220596.42
1779108600000,2.043,2.054,2.04,2.049,129412.69
1779108900000,2.05,2.06,2.044,2.05,280873.43
1779109200000,2.05,2.05,2.008,2.016,515656.23
1779109500000,2.016,2.027,2.013,2.015,107840.34
1779109800000,2.014,2.017,2.005,2.011,121230.75
1779110100000,2.011,2.013,1.987,2.0,373379.68
1779110400000,2.0,2.007,1.995,1.996,121033.93
1779110700000,1.996,2.003,1.99,1.992,86630.14
1779111000000,1.992,2.0,1.985,1.998,175479.99
1779111300000,1.998,2.001,1.971,1.986,321385.26
1779111600000,1.986,1.997,1.979,1.984,183702.16
1779111900000,1.984,2.005,1.978,1.999,232396.64
1779112200000,1.999,2.01,1.997,2.005,80790.33
1779112500000,2.004,2.009,1.986,1.992,168609.49
1779112800000,1.992,1.994,1.975,1.991,174029.83
1779113100000,1.991,2.005,1.991,2.003,142632.04
1779113400000,2.003,2.003,1.985,1.988,79542.57
1779113700000,1.988,1.997,1.973,1.985,142719.0
1779114000000,1.986,1.989,1.975,1.977,140852.72
1779114300000,1.977,1.986,1.973,1.977,64822.41
1779114600000,1.976,1.98,1.946,1.949,389349.76
1779114900000,1.948,1.962,1.939,1.961,382130.75
1779115200000,1.96,1.963,1.951,1.954,167712.51
1779115500000,1.953,1.954,1.944,1.951,129527.6
1779115800000,1.95,1.953,1.941,1.946,84909.45
1779116100000,1.945,1.95,1.94,1.945,163596.36
1779116400000,1.945,1.945,1.911,1.919,645086.45
1779116700000,1.919,1.928,1.916,1.922,115268.96
1779117000000,1.922,1.935,1.922,1.924,98947.91
1779117300000,1.923,1.93,1.919,1.927,104443.73
1779117600000,1.927,1.934,1.924,1.933,88682.66
1779117900000,1.933,1.938,1.927,1.928,71460.55
1779118200000,1.927,1.931,1.917,1.93,145126.26
1779118500000,1.93,1.936,1.926,1.927,85921.91
1779118800000,1.926,1.939,1.925,1.938,52397.1
1779119100000,1.938,1.938,1.93,1.93,42234.07
1779119400000,1.931,1.934,1.929,1.93,29806.34
1779119700000,1.931,1.937,1.923,1.925,52144.0
1779120000000,1.926,1.929,1.92,1.923,102732.59
1779120300000,1.922,1.933,1.922,1.931,41837.21
1779120600000,1.932,1.941,1.932,1.933,104391.99
1779120900000,1.932,1.935,1.928,1.931,42335.88
1779121200000,1.931,1.937,1.926,1.93,87791.12
1779121500000,1.93,1.931,1.921,1.927,71228.97
1779121800000,1.928,1.928,1.918,1.923,103954.23
1779122100000,1.922,1.929,1.921,1.928,56566.87
1779122400000,1.927,1.931,1.925,1.929,14623.11
1779122700000,1.93,1.934,1.929,1.932,66849.27
1779123000000,1.932,1.933,1.927,1.932,38427.0
1779123300000,1.933,1.937,1.931,1.933,46046.31
1779123600000,1.932,1.94,1.93,1.939,42692.5
1779123900000,1.939,1.941,1.935,1.938,37427.04
1779124200000,1.938,1.94,1.931,1.936,31886.15
1779124500000,1.937,1.955,1.937,1.955,96404.21
1779124800000,1.954,1.955,1.947,1.948,27450.85
1779125100000,1.947,1.952,1.943,1.95,41346.94
1779125400000,1.95,1.951,1.945,1.948,24272.15
1779125700000,1.949,1.95,1.94,1.947,37635.09
1779126000000,1.947,1.951,1.944,1.948,12132.39
1779126300000,1.948,1.952,1.94,1.951,39682.33
1779126600000,1.952,1.953,1.947,1.948,20460.15
1779126900000,1.949,1.95,1.945,1.945,23474.5
1779127200000,1.945,1.947,1.934,1.94,130037.54
1779127500000,1.94,1.942,1.934,1.939,19060.3
1779127800000,1.939,1.942,1.935,1.941,26727.5
1779128100000,1.941,1.941,1.932,1.932,15711.51
1779128400000,1.932,1.933,1.925,1.926,23354.36
1779128700000,1.926,1.927,1.917,1.927,42011.05
1779129000000,1.926,1.933,1.924,1.928,35786.28
1779129300000,1.928,1.929,1.922,1.924,30360.06
1779129600000,1.924,1.929,1.923,1.929,11109.68
1779129900000,1.929,1.93,1.925,1.928,41458.25
1779130200000,1.929,1.929,1.913,1.915,119552.08
1779130500000,1.915,1.92,1.909,1.917,96943.12
1779130800000,1.918,1.956,1.915,1.953,209184.97
1779131100000,1.952,1.959,1.937,1.943,176784.89
1779131400000,1.944,1.951,1.937,1.943,103678.31
1779131700000,1.943,1.948,1.94,1.947,43792.09
1779132000000,1.948,1.954,1.939,1.943,55706.19
1779132300000,1.942,1.95,1.938,1.947,13824.3
1779132600000,1.947,1.958,1.945,1.951,65447.31
1779132900000,1.951,1.968,1.951,1.962,57224.14
1779133200000,1.963,1.968,1.958,1.967,52367.79
1779133500000,1.966,1.971,1.961,1.97,85432.69
1779133800000,1.969,1.977,1.965,1.974,99142.14
1779134100000,1.973,1.976,1.963,1.967,28815.03
1779134400000,1.967,1.974,1.966,1.97,68316.62
1779134700000,1.97,1.978,1.962,1.977,43473.1
1779135000000,1.976,1.978,1.972,1.975,32242.07
1779135300000,1.974,1.977,1.969,1.969,23847.0
1779135600000,1.968,1.973,1.966,1.972,11154.61
1779135900000,1.973,1.975,1.969,1.969,24520.09
1779136200000,1.97,1.977,1.969,1.977,17050.28
1779136500000,1.977,1.984,1.972,1.973,90448.15
1779136800000,1.972,1.973,1.967,1.968,51154.17
1779137100000,1.968,1.969,1.958,1.958,29321.65
1779137400000,1.958,1.959,1.949,1.957,91911.68
1779137700000,1.956,1.961,1.953,1.954,33226.4
1779138000000,1.954,1.957,1.944,1.953,45137.38
1779138300000,1.954,1.958,1.95,1.958,27233.09
1779138600000,1.957,1.957,1.944,1.948,70294.13
1779138900000,1.949,1.961,1.949,1.96,50496.18
1779139200000,1.96,1.966,1.959,1.962,20103.77
1779139500000,1.962,1.967,1.959,1.967,26859.03
1779139800000,1.968,1.981,1.968,1.977,66791.29
1779140100000,1.978,1.988,1.976,1.986,28655.71
1779140400000,1.986,2.0,1.985,1.997,68602.12
1779140700000,1.998,2.0,1.994,1.997,44130.16
1779141000000,1.998,2.007,1.998,2.001,56766.32
1779141300000,2.001,2.038,2.001,2.035,215827.08
1779141600000,2.036,2.04,2.017,2.026,119439.94
1779141900000,2.026,2.026,2.011,2.014,89330.71
1779142200000,2.014,2.04,2.006,2.038,169768.66
1779142500000,2.038,2.039,2.026,2.032,132439.06
1779142800000,2.033,2.036,2.021,2.034,92091.14
1779143100000,2.034,2.049,2.028,2.036,176286.11
1779143400000,2.036,2.041,2.027,2.028,168389.42
1779143700000,2.029,2.034,2.025,2.027,91147.33
1779144000000,2.026,2.026,2.008,2.011,84682.96
1779144300000,2.01,2.016,2.009,2.01,39470.45
1779144600000,2.009,2.01,2.003,2.007,45178.49
1779144900000,2.006,2.007,1.999,2.006,26931.92
1779145200000,2.006,2.012,1.999,2.007,61780.25
1779145500000,2.007,2.007,1.994,2.003,117226.72
1779145800000,2.004,2.009,2.002,2.006,17357.8
1779146100000,2.005,2.005,1.995,1.997,24453.14
1779146400000,1.997,1.999,1.994,1.996,21296.21
1779146700000,1.995,1.999,1.995,1.995,6119.4
1779147000000,1.995,2.003,1.992,1.999,22935.92
1779147300000,1.999,2.007,1.998,2.004,21681.17
1779147600000,2.004,2.011,2.004,2.006,32655.05
1779147900000,2.006,2.006,1.99,1.993,78584.62
1779148200000,1.993,1.995,1.99,1.992,18685.54
1779148500000,1.991,2.0,1.989,1.999,16538.6
1779148800000,2.0,2.002,1.991,1.996,32885.56
1779149100000,1.996,1.996,1.988,1.989,48110.19
1779149400000,1.99,2.004,1.99,2.001,28988.38
1779149700000,2.0,2.009,1.998,2.008,58607.84
1779150000000,2.009,2.018,2.006,2.008,70760.47
1779150300000,2.007,2.024,2.006,2.02,70970.25
1779150600000,2.021,2.023,2.012,2.013,69489.49
1779150900000,2.013,2.02,2.005,2.006,71068.69
1779151200000,2.005,2.008,1.995,2.005,119486.92
1779151500000,2.005,2.022,2.005,2.022,42079.94
1779151800000,2.021,2.028,2.019,2.019,78067.77
1779152100000,2.019,2.023,2.016,2.018,31793.38
1779152400000,2.018,2.018,2.005,2.009,51210.57
1779152700000,2.009,2.01,1.999,2.005,46846.73
1779153000000,2.006,2.006,1.989,1.99,48436.24
1779153300000,1.99,1.99,1.979,1.98,83664.28
1779153600000,1.98,1.984,1.976,1.98,57651.9
1779153900000,1.98,1.98,1.971,1.979,104152.66
1779154200000,1.98,1.984,1.974,1.98,27592.66
1779154500000,1.98,1.983,1.977,1.978,25371.77
1779154800000,1.977,1.984,1.977,1.983,30819.47
1779155100000,1.984,1.986,1.98,1.98,53221.41
1779155400000,1.981,1.983,1.978,1.981,55320.97
1779155700000,1.98,1.98,1.975,1.977,30039.94
1779156000000,1.977,1.982,1.969,1.973,85392.75
1779156300000,1.973,1.981,1.973,1.974,32974.61
1779156600000,1.974,1.979,1.974,1.976,23441.72
1779156900000,1.976,1.979,1.971,1.975,28393.23
1779157200000,1.976,1.99,1.976,1.99,45058.23
1779157500000,1.989,1.99,1.984,1.985,76670.4
1779157800000,1.984,1.986,1.98,1.98,45480.56
1779158100000,1.979,1.979,1.972,1.976,44823.91
1779158400000,1.976,1.979,1.974,1.978,20057.87
1779158700000,1.979,1.988,1.979,1.988,61374.09
1779159000000,1.988,1.997,1.986,1.996,56317.02
1779159300000,1.996,1.999,1.986,1.992,91970.82
1779159600000,1.991,1.998,1.989,1.994,156819.6
1779159900000,1.993,2.007,1.993,2.006,75755.88
1779160200000,2.007,2.01,1.999,2.002,42410.23
1779160500000,2.001,2.004,1.994,1.997,161227.44
1779160800000,1.997,1.999,1.985,1.987,42479.8
1779161100000,1.987,1.989,1.983,1.986,20679.64
1779161400000,1.985,1.991,1.984,1.991,16714.25
1779161700000,1.991,1.994,1.987,1.994,21434.84
1779162000000,1.995,2.009,1.993,2.008,67921.23
1779162300000,2.008,2.019,2.007,2.019,84023.74
1779162600000,2.019,2.025,2.017,2.019,80736.93
1779162900000,2.019,2.019,2.011,2.014,23555.83
1779163200000,2.014,2.021,2.01,2.02,79781.19
1779163500000,2.019,2.054,2.019,2.043,347651.8
1779163800000,2.043,2.047,2.037,2.045,173865.58
1779164100000,2.045,2.045,2.034,2.039,89550.54
1779164400000,2.039,2.042,2.025,2.028,83597.0
1779164700000,2.027,2.036,2.022,2.03,91063.62
1779165000000,2.03,2.036,2.024,2.032,54359.21
1779165300000,2.032,2.046,2.032,2.038,216349.55
1779165600000,2.038,2.04,2.028,2.031,66112.72
1779165900000,2.03,2.035,2.023,2.035,48961.97
1779166200000,2.035,2.038,2.032,2.036,35368.83
1779166500000,2.037,2.037,2.025,2.028,30953.46
1779166800000,2.027,2.03,2.022,2.03,37430.56
1779167100000,2.031,2.034,2.024,2.026,35354.93
1779167400000,2.025,2.028,2.012,2.016,58802.38
1779167700000,2.016,2.017,2.005,2.008,54267.45
1779168000000,2.008,2.011,2.005,2.007,28952.75
1779168300000,2.007,2.02,2.006,2.019,24363.53
1779168600000,2.019,2.029,2.019,2.024,51294.51
1779168900000,2.024,2.037,2.022,2.035,63119.56
1779169200000,2.035,2.042,2.032,2.034,44264.57
1779169500000,2.033,2.042,2.028,2.041,57329.29
1779169800000,2.041,2.044,2.032,2.038,56317.3
1779170100000,2.038,2.043,2.034,2.041,19787.87
1779170400000,2.041,2.049,2.039,2.045,48536.92
1779170700000,2.046,2.051,2.041,2.05,40873.37
1779171000000,2.05,2.054,2.046,2.049,52298.06
1779171300000,2.048,2.048,2.035,2.04,41950.33
1779171600000,2.041,2.046,2.037,2.038,29893.6
1779171900000,2.039,2.045,2.038,2.04,53199.37
1779172200000,2.04,2.045,2.035,2.043,33546.24
1779172500000,2.044,2.05,2.042,2.047,79334.85
1779172800000,2.048,2.054,2.043,2.052,36945.0
1779173100000,2.052,2.053,2.042,2.046,44378.79
1779173400000,2.046,2.053,2.044,2.044,132656.49
1779173700000,2.045,2.05,2.044,2.045,38914.96
1779174000000,2.045,2.053,2.041,2.053,58677.15
1779174300000,2.052,2.07,2.049,2.067,113752.5
1779174600000,2.067,2.08,2.063,2.078,99802.94
1779174900000,2.078,2.078,2.057,2.07,120068.29
1779175200000,2.069,2.07,2.058,2.065,61720.93
1779175500000,2.065,2.07,2.063,2.064,30317.62
1779175800000,2.063,2.071,2.058,2.066,66368.99
1779176100000,2.066,2.066,2.056,2.059,49265.65
1779176400000,2.059,2.065,2.057,2.062,45426.79
1779176700000,2.061,2.069,2.056,2.066,40607.5
1779177000000,2.066,2.078,2.065,2.068,78072.55
1779177300000,2.068,2.074,2.066,2.07,43496.24
1779177600000,2.069,2.072,2.061,2.062,74799.98
1779177900000,2.062,2.062,2.04,2.043,134670.49
1779178200000,2.043,2.043,2.03,2.036,98064.38
1779178500000,2.036,2.045,2.03,2.043,102861.78
1779178800000,2.043,2.046,2.034,2.035,44164.12
1779179100000,2.035,2.041,2.026,2.037,87595.37
1779179400000,2.037,2.045,2.035,2.042,59626.31
1779179700000,2.042,2.046,2.04,2.041,55294.03
1779180000000,2.041,2.057,2.04,2.044,33409.47
1779180300000,2.045,2.058,2.044,2.05,31646.32
1779180600000,2.05,2.058,2.049,2.055,50899.73
1779180900000,2.054,2.058,2.047,2.048,39568.59
1779181200000,2.048,2.048,2.035,2.048,179199.12
1779181500000,2.048,2.051,2.034,2.041,146148.81
1779181800000,2.04,2.05,2.032,2.045,192665.27
1779182100000,2.044,2.044,2.034,2.034,29948.85
1779182400000,2.034,2.038,2.021,2.025,110809.02
1779182700000,2.025,2.027,2.011,2.02,131962.52
1779183000000,2.02,2.026,2.015,2.015,53695.4
1779183300000,2.016,2.016,1.996,2.01,222540.12
1779183600000,2.01,2.015,2.008,2.01,34805.53
1779183900000,2.009,2.012,2.004,2.012,158005.07
1779184200000,2.011,2.016,2.011,2.015,154401.49
1779184500000,2.015,2.017,2.013,2.015,22099.1
1779184800000,2.016,2.016,1.997,2.0,105024.19
1779185100000,2.0,2.01,1.995,2.007,67689.8
1779185400000,2.007,2.009,2.001,2.008,31487.95
1779185700000,2.007,2.007,1.996,1.998,164374.68
1779186000000,1.998,2.003,1.995,2.001,43714.26
1779186300000,2.001,2.004,1.996,2.001,75644.51
1779186600000,2.0,2.002,1.983,1.992,162089.43
1779186900000,1.992,1.998,1.985,1.993,126465.18
1779187200000,1.993,1.993,1.982,1.985,54871.67
1779187500000,1.985,1.994,1.983,1.993,25614.45
1779187800000,1.993,1.995,1.99,1.992,33374.94
1779188100000,1.993,2.001,1.991,1.993,34189.69
1779188400000,1.993,1.995,1.987,1.989,46686.23
1779188700000,1.989,1.998,1.988,1.997,34530.96
1779189000000,1.997,1.998,1.989,1.993,53527.53
1779189300000,1.993,1.994,1.987,1.988,30900.28
1779189600000,1.987,1.988,1.982,1.986,57862.72
1779189900000,1.986,1.989,1.983,1.986,30874.65
1779190200000,1.986,1.996,1.986,1.995,23877.56
1779190500000,1.995,1.996,1.989,1.992,66815.33
1779190800000,1.991,1.997,1.972,1.974,213620.12
1779191100000,1.974,1.981,1.973,1.979,138425.59
1779191400000,1.979,1.984,1.975,1.98,20691.09
1779191700000,1.981,1.985,1.977,1.984,19468.88
1779192000000,1.984,1.99,1.98,1.986,55170.21
1779192300000,1.986,1.992,1.985,1.992,53788.97
1779192600000,1.992,1.997,1.991,1.995,53863.26
1779192900000,1.995,2.001,1.992,2.0,79217.57
1779193200000,2.001,2.004,2.0,2.003,26111.14
1779193500000,2.002,2.008,1.999,2.003,77919.83
1779193800000,2.003,2.004,1.995,1.997,51490.13
1779194100000,1.998,2.003,1.984,1.985,81761.56
1779194400000,1.985,1.987,1.983,1.986,27080.91
1779194700000,1.986,1.993,1.984,1.993,24491.87
1779195000000,1.993,1.993,1.989,1.991,11836.73
1779195300000,1.991,2.0,1.991,1.999,21569.93
1779195600000,1.999,2.008,1.997,2.002,53189.52
1779195900000,2.002,2.002,1.988,1.994,78058.81
1779196200000,1.993,1.999,1.99,1.997,96660.7
1779196500000,1.996,2.001,1.995,1.997,22859.04
1779196800000,1.997,2.006,1.989,2.006,51869.26
1779197100000,2.006,2.006,1.999,2.003,33819.52
1779197400000,2.004,2.01,1.996,2.009,70997.33
1779197700000,2.009,2.015,2.005,2.008,72898.57
1779198000000,2.008,2.008,1.994,1.997,68039.74
1779198300000,1.996,2.013,1.995,2.012,109396.71
1779198600000,2.011,2.021,2.008,2.016,33756.19
1779198900000,2.015,2.018,2.009,2.014,55293.73
1779199200000,2.013,2.021,2.004,2.02,55869.22
1779199500000,2.021,2.021,1.997,2.003,110562.36
1779199800000,2.002,2.003,1.99,1.991,60154.76
1779200100000,1.991,1.997,1.984,1.989,74212.91
1779200400000,1.989,1.991,1.976,1.982,255580.34
1779200700000,1.982,1.982,1.976,1.977,65642.21
1779201000000,1.977,1.983,1.972,1.976,75145.85
1779201300000,1.975,1.98,1.969,1.978,103689.97
1779201600000,1.978,1.982,1.973,1.979,37471.0
1779201900000,1.978,1.98,1.955,1.96,154139.03
1779202200000,1.961,1.968,1.956,1.965,52579.65
1779202500000,1.965,1.969,1.964,1.968,40525.77
1779202800000,1.967,1.971,1.962,1.97,30805.33
1779203100000,1.97,1.974,1.965,1.97,102571.92
1779203400000,1.969,1.974,1.967,1.97,26992.68
1779203700000,1.97,1.974,1.964,1.964,36002.12
1779204000000,1.964,1.966,1.958,1.958,49542.37
1779204300000,1.958,1.963,1.957,1.962,38358.94
1779204600000,1.963,1.988,1.963,1.98,126111.34
1779204900000,1.98,1.984,1.975,1.983,26307.35
1779205200000,1.983,1.985,1.978,1.981,93460.19
1779205500000,1.982,1.987,1.982,1.985,56339.32
1779205800000,1.986,1.988,1.982,1.986,8653.19
1779206100000,1.986,1.991,1.981,1.99,77429.02
1779206400000,1.991,2.003,1.989,2.0,65678.13
1779206700000,2.001,2.005,1.995,2.002,38770.61
1779207000000,2.002,2.007,2.0,2.004,21904.11
1779207300000,2.005,2.014,2.005,2.014,24894.63
1779207600000,2.014,2.017,2.01,2.016,47196.93
1779207900000,2.015,2.018,2.013,2.015,27860.6
1779208200000,2.015,2.035,2.011,2.034,162798.56
1779208500000,2.035,2.037,2.026,2.031,94374.68
1779208800000,2.031,2.043,2.031,2.042,87506.85
1779209100000,2.042,2.044,2.034,2.04,55543.75
1779209400000,2.04,2.044,2.037,2.041,117544.07
1779209700000,2.041,2.05,2.036,2.05,150026.89
1779210000000,2.049,2.049,2.042,2.046,74286.43
1779210300000,2.047,2.049,2.039,2.04,47431.19
1779210600000,2.041,2.044,2.021,2.023,212525.01
1779210900000,2.023,2.032,2.018,2.031,168172.03
1779211200000,2.032,2.032,2.023,2.028,28623.51
1779211500000,2.027,2.027,2.017,2.019,44783.19
1779211800000,2.019,2.02,2.01,2.013,96259.15
1779212100000,2.014,2.023,2.011,2.021,28363.73
1779212400000,2.022,2.023,2.017,2.023,19666.3
1779212700000,2.023,2.025,2.013,2.019,32000.58
1779213000000,2.019,2.022,2.006,2.007,105040.98
1779213300000,2.007,2.015,2.004,2.015,54187.61
1779213600000,2.015,2.016,2.008,2.01,64713.37
1779213900000,2.011,2.02,2.009,2.02,34810.49
1779214200000,2.02,2.025,2.019,2.024,44962.27
1779214500000,2.023,2.024,2.015,2.018,13791.45
1779214800000,2.018,2.019,1.999,2.003,88576.55
1779215100000,2.003,2.007,2.002,2.004,47828.65
1779215400000,2.005,2.009,2.001,2.008,32746.47
1779215700000,2.008,2.015,2.007,2.015,122613.15
1779216000000,2.014,2.016,2.012,2.016,16903.21
1779216300000,2.016,2.024,2.015,2.024,26508.58
1779216600000,2.024,2.026,2.015,2.015,24054.41
1779216900000,2.014,2.015,2.01,2.015,25389.57
1779217200000,2.016,2.026,2.015,2.024,71939.73
1779217500000,2.024,2.03,2.023,2.03,23943.73
1779217800000,2.03,2.035,2.029,2.035,45340.15
1779218100000,2.036,2.039,2.028,2.035,197940.71
1779218400000,2.036,2.04,2.03,2.032,29389.19
1779218700000,2.032,2.035,2.024,2.025,85244.79
1779219000000,2.026,2.028,2.019,2.024,40344.86
1779219300000,2.024,2.03,2.023,2.029,13133.07
1779219600000,2.029,2.031,2.027,2.028,15721.46
1779219900000,2.028,2.028,2.019,2.02,31577.42
1779220200000,2.02,2.02,2.007,2.009,76857.61
1779220500000,2.009,2.01,2.006,2.009,23764.5
1779220800000,2.009,2.014,2.009,2.014,27027.78
1779221100000,2.013,2.02,2.013,2.019,7893.01
1779221400000,2.02,2.022,2.017,2.018,12268.15
1779221700000,2.018,2.02,2.014,2.02,14090.19
1779222000000,2.02,2.022,2.017,2.02,21558.21
1779222300000,2.02,2.023,2.019,2.021,2897.9
1779222600000,2.021,2.025,2.019,2.025,13032.58
1779222900000,2.024,2.03,2.024,2.027,6588.85
1779223200000,2.027,2.028,2.021,2.025,14297.19
1779223500000,2.025,2.038,2.024,2.026,84107.31
1779223800000,2.026,2.026,2.021,2.021,24693.87
1779224100000,2.021,2.021,2.016,2.019,16375.73
1779224400000,2.019,2.022,2.015,2.019,21875.26
1779224700000,2.018,2.018,2.011,2.015,38762.17
1779225000000,2.015,2.022,2.013,2.017,18372.02
1779225300000,2.018,2.025,2.017,2.022,12258.13
1779225600000,2.023,2.029,2.023,2.026,24912.31
1779225900000,2.026,2.027,2.017,2.018,84835.95
1779226200000,2.018,2.018,2.012,2.013,47649.63
1779226500000,2.013,2.014,2.0,2.008,85764.3
1779226800000,2.007,2.007,2.001,2.001,28725.99
1779227100000,2.002,2.002,1.993,1.993,72928.07
1779227400000,1.993,2.001,1.992,1.997,28759.28
1779227700000,1.997,1.997,1.986,1.989,45186.51
1779228000000,1.988,1.99,1.98,1.982,67851.13
1779228300000,1.981,1.992,1.98,1.991,23851.82
1779228600000,1.992,1.994,1.991,1.991,12500.87
1779228900000,1.992,1.993,1.987,1.99,20800.41
1779229200000,1.99,1.991,1.983,1.984,19308.31
1779229500000,1.983,1.984,1.979,1.983,14236.4
1779229800000,1.983,1.992,1.981,1.992,16879.55
1779230100000,1.991,1.993,1.989,1.989,13470.31
1779230400000,1.989,1.992,1.987,1.988,11799.71
1779230700000,1.988,1.991,1.987,1.991,20108.59
1779231000000,1.99,1.994,1.989,1.992,12286.58
1779231300000,1.992,1.993,1.988,1.989,5747.35
1779231600000,1.988,1.994,1.984,1.993,44019.23
1779231900000,1.993,1.995,1.989,1.994,27434.02
1779232200000,1.994,1.998,1.991,1.991,52719.51
1779232500000,1.992,1.997,1.991,1.996,5928.52
1779232800000,1.997,2.004,1.994,2.002,26029.53
1779233100000,2.001,2.002,1.997,1.999,7398.8
1779233400000,1.999,2.007,1.999,2.007,16539.63
1779233700000,2.007,2.008,2.004,2.005,15855.76
1779234000000,2.006,2.007,2.003,2.003,14574.59
1779234300000,2.003,2.004,1.999,2.002,22927.27
1779234600000,2.003,2.003,1.989,1.989,14022.87
1779234900000,1.989,1.989,1.981,1.982,42437.12
1779235200000,1.982,1.984,1.974,1.982,97206.62
1779235500000,1.982,1.983,1.979,1.982,31018.46
1779235800000,1.983,1.983,1.969,1.973,45560.34
1779236100000,1.973,1.977,1.97,1.976,29874.4
1779236400000,1.976,1.981,1.972,1.976,20443.09
1779236700000,1.977,1.982,1.975,1.982,21006.19
1779237000000,1.983,1.992,1.979,1.986,13091.19
1779237300000,1.986,1.987,1.982,1.983,11531.5
1779237600000,1.984,1.985,1.978,1.984,20691.1
1779237900000,1.985,1.989,1.984,1.985,12875.66
1779238200000,1.985,1.985,1.979,1.979,8138.14
1779238500000,1.979,1.981,1.974,1.977,16279.91
1779238800000,1.977,1.982,1.974,1.98,36019.02
1779239100000,1.979,1.983,1.975,1.982,10117.63
1779239400000,1.982,1.987,1.98,1.985,19816.59
1779239700000,1.985,1.985,1.98,1.98,6525.76
1779240000000,1.981,1.984,1.98,1.98,11562.25
1779240300000,1.979,1.979,1.968,1.969,38884.15
1779240600000,1.97,1.978,1.97,1.976,26292.89
1779240900000,1.975,1.978,1.972,1.977,8159.34
1779241200000,1.977,1.977,1.965,1.969,19368.74
1779241500000,1.97,1.974,1.967,1.974,6469.63
1779241800000,1.974,1.987,1.974,1.983,9039.8
1779242100000,1.984,1.989,1.982,1.987,24932.04
1779242400000,1.988,1.993,1.988,1.993,64370.07
1779242700000,1.992,1.994,1.987,1.991,42454.81
1779243000000,1.99,1.991,1.985,1.985,19008.67
1779243300000,1.986,1.988,1.982,1.988,7884.09
1779243600000,1.989,1.993,1.987,1.99,16978.92
1779243900000,1.99,1.99,1.978,1.979,24178.27
1779244200000,1.979,1.979,1.97,1.977,40871.34
1779244500000,1.976,1.979,1.975,1.975,8736.76
1779244800000,1.975,1.976,1.961,1.963,72809.4
1779245100000,1.963,1.966,1.96,1.96,50282.37
1779245400000,1.961,1.961,1.932,1.946,477199.39
1779245700000,1.945,1.947,1.939,1.944,107319.78
1779246000000,1.943,1.944,1.934,1.936,88143.69
1779246300000,1.936,1.943,1.936,1.942,50958.45
1779246600000,1.941,1.942,1.937,1.938,41578.81
1779246900000,1.938,1.944,1.936,1.94,56939.08
1779247200000,1.94,1.943,1.939,1.939,37387.16
1779247500000,1.939,1.95,1.939,1.949,32572.92
1779247800000,1.949,1.949,1.929,1.935,142947.2
1779248100000,1.934,1.936,1.93,1.932,59918.83
1779248400000,1.933,1.934,1.928,1.93,31385.25
1779248700000,1.93,1.936,1.929,1.935,24926.89
1779249000000,1.934,1.936,1.932,1.933,19924.16
1779249300000,1.932,1.939,1.925,1.928,78218.46
1779249600000,1.928,1.938,1.927,1.936,42097.56
1779249900000,1.935,1.937,1.932,1.935,26466.78
1779250200000,1.934,1.939,1.932,1.936,29859.74
1779250500000,1.936,1.94,1.936,1.939,7994.13
1779250800000,1.939,1.941,1.938,1.941,12272.39
1779251100000,1.942,1.944,1.937,1.939,42533.81
1779251400000,1.938,1.945,1.938,1.941,10941.13
1779251700000,1.94,1.94,1.93,1.933,101921.54
1779252000000,1.932,1.94,1.932,1.939,33095.21
1779252300000,1.94,1.944,1.938,1.942,42213.81
1779252600000,1.941,1.946,1.941,1.944,33212.98
1779252900000,1.944,1.952,1.944,1.951,20025.9
1779253200000,1.952,1.957,1.946,1.948,26961.35
1779253500000,1.947,1.955,1.944,1.954,68458.83
1779253800000,1.954,1.965,1.952,1.958,87154.31
1779254100000,1.958,1.958,1.953,1.956,48485.74
1779254400000,1.957,1.958,1.95,1.951,23412.36
1779254700000,1.95,1.951,1.947,1.951,10936.04
1779255000000,1.951,1.968,1.951,1.96,38098.17
1779255300000,1.961,1.968,1.96,1.964,59670.05
1779255600000,1.965,1.968,1.956,1.956,53713.91
1779255900000,1.955,1.958,1.953,1.958,18917.99
1779256200000,1.958,1.964,1.958,1.964,49827.14
1779256500000,1.964,1.967,1.96,1.96,22969.73
1779256800000,1.961,1.968,1.96,1.965,12467.72
1779257100000,1.966,1.968,1.963,1.966,105721.86
1779257400000,1.967,1.967,1.963,1.964,22076.68
1779257700000,1.965,1.971,1.965,1.968,49716.07
1779258000000,1.968,1.969,1.96,1.969,67623.72
1779258300000,1.968,1.97,1.966,1.97,30066.16
1779258600000,1.97,1.972,1.965,1.968,29069.6
1779258900000,1.968,1.981,1.966,1.979,83471.04
1779259200000,1.979,1.983,1.957,1.964,324416.9
1779259500000,1.964,1.967,1.954,1.957,48941.13
1779259800000,1.958,1.965,1.957,1.962,38408.02
1779260100000,1.963,1.97,1.962,1.97,35003.16
1779260400000,1.971,1.972,1.966,1.969,32363.9
1779260700000,1.969,1.969,1.964,1.966,21767.98
1779261000000,1.967,1.969,1.961,1.962,23139.95
1779261300000,1.962,1.962,1.958,1.961,33334.39
1779261600000,1.962,1.97,1.962,1.967,17617.95
1779261900000,1.967,1.968,1.961,1.963,22647.05
1779262200000,1.962,1.966,1.958,1.964,21920.26
1779262500000,1.965,1.965,1.959,1.962,23886.37
1779262800000,1.962,1.964,1.953,1.955,39232.36
1779263100000,1.955,1.955,1.946,1.947,80831.98
1779263400000,1.947,1.951,1.944,1.951,16014.45
1779263700000,1.951,1.952,1.946,1.947,24891.62
1779264000000,1.947,1.952,1.947,1.951,21944.75
1779264300000,1.951,1.956,1.948,1.95,20448.63
1779264600000,1.949,1.952,1.948,1.951,16358.28
1779264900000,1.951,1.954,1.949,1.953,10871.04
1779265200000,1.954,1.954,1.948,1.953,30488.48
1779265500000,1.954,1.956,1.952,1.953,9397.71
1779265800000,1.953,1.963,1.952,1.959,56242.32
1779266100000,1.959,1.966,1.956,1.963,51190.54
1779266400000,1.963,1.963,1.955,1.957,30640.07
1779266700000,1.958,1.963,1.955,1.955,31771.92
1779267000000,1.956,1.96,1.953,1.958,58501.61
1779267300000,1.957,1.958,1.952,1.954,13861.28
1779267600000,1.953,1.958,1.953,1.955,12318.73
1779267900000,1.954,1.954,1.947,1.951,11106.26
1779268200000,1.951,1.956,1.951,1.953,36146.65
1779268500000,1.953,1.953,1.946,1.953,23506.75
1779268800000,1.954,1.956,1.952,1.954,52102.67
1779269100000,1.953,1.958,1.952,1.957,26148.87
1779269400000,1.957,1.959,1.955,1.959,21066.35
1779269700000,1.959,1.962,1.956,1.957,36543.8
1779270000000,1.958,1.959,1.953,1.954,28142.21
1779270300000,1.954,1.955,1.951,1.952,51616.92
1779270600000,1.951,1.952,1.943,1.945,22663.44
1779270900000,1.944,1.948,1.942,1.946,20601.84
1779271200000,1.946,1.954,1.944,1.951,23861.88
1779271500000,1.952,1.955,1.949,1.949,20071.06
1779271800000,1.948,1.949,1.945,1.947,28486.19
1779272100000,1.946,1.948,1.943,1.943,26450.67
1779272400000,1.944,1.947,1.94,1.945,32135.73
1779272700000,1.944,1.946,1.942,1.946,17170.39
1779273000000,1.947,1.95,1.942,1.95,27821.45
1779273300000,1.95,1.953,1.946,1.948,24187.16
1779273600000,1.948,1.95,1.943,1.945,15894.17
1779273900000,1.945,1.945,1.94,1.941,29009.36
1779274200000,1.941,1.945,1.94,1.943,24031.93
1779274500000,1.944,1.944,1.938,1.941,22750.13
1779274800000,1.94,1.944,1.938,1.94,15190.18
1779275100000,1.94,1.943,1.938,1.939,31490.02
1779275400000,1.938,1.943,1.938,1.939,19896.54
1779275700000,1.939,1.941,1.937,1.94,39225.27
1779276000000,1.939,1.942,1.938,1.94,26321.26
1779276300000,1.94,1.941,1.933,1.936,44787.84
1779276600000,1.937,1.944,1.936,1.943,28598.77
1779276900000,1.943,1.947,1.942,1.945,20558.55
1779277200000,1.946,1.946,1.938,1.941,24299.06
1779277500000,1.94,1.944,1.938,1.94,33508.35
1779277800000,1.94,1.942,1.937,1.938,28992.51
1779278100000,1.938,1.94,1.937,1.937,42803.56
1779278400000,1.937,1.948,1.933,1.945,62466.62
1779278700000,1.945,1.946,1.941,1.942,29526.79
1779279000000,1.943,1.944,1.939,1.94,13382.91
1779279300000,1.939,1.943,1.937,1.938,32566.37
1779279600000,1.937,1.937,1.93,1.936,59281.93
1779279900000,1.937,1.944,1.937,1.943,29904.5
1779280200000,1.944,1.951,1.942,1.949,50288.1
1779280500000,1.949,1.952,1.944,1.948,18529.97
1779280800000,1.948,1.949,1.944,1.948,14147.07
1779281100000,1.948,1.959,1.948,1.958,45146.72
1779281400000,1.957,1.964,1.955,1.962,30037.81
1779281700000,1.963,1.969,1.962,1.963,26489.53
1779282000000,1.963,1.964,1.955,1.955,53498.59
1779282300000,1.955,1.965,1.954,1.959,31775.25
1779282600000,1.96,1.96,1.954,1.955,27062.29
1779282900000,1.954,1.958,1.952,1.955,22418.69
1779283200000,1.955,1.959,1.953,1.957,18746.28
1779283500000,1.957,1.957,1.941,1.945,69551.05
1779283800000,1.945,1.947,1.941,1.945,65084.36
1779284100000,1.944,1.944,1.931,1.936,99931.47
1779284400000,1.935,1.939,1.93,1.938,77098.54
1779284700000,1.938,1.954,1.938,1.953,54692.5
1779285000000,1.953,1.96,1.95,1.957,50742.44
1779285300000,1.956,1.962,1.953,1.961,56755.24
1779285600000,1.961,1.971,1.96,1.964,115098.08
1779285900000,1.964,1.978,1.962,1.974,105390.93
1779286200000,1.975,1.985,1.965,1.983,99615.47
1779286500000,1.983,2.0,1.983,1.996,184553.44
1779286800000,1.997,2.0,1.99,1.993,126236.89
1779287100000,1.992,2.01,1.99,2.003,188379.63
1779287400000,2.004,2.024,2.003,2.016,304674.38
1779287700000,2.015,2.019,2.007,2.012,157998.52
1779288000000,2.012,2.023,2.008,2.015,125356.15
1779288300000,2.016,2.027,2.013,2.02,142988.5
1779288600000,2.021,2.021,2.011,2.018,138545.57
1779288900000,2.018,2.026,2.016,2.018,120562.22
1779289200000,2.019,2.023,1.998,2.001,229259.21
1779289500000,2.001,2.012,2.0,2.01,91493.21
1779289800000,2.01,2.01,1.996,2.0,59175.91
1779290100000,2.001,2.036,2.001,2.021,446561.24
1779290400000,2.021,2.027,2.01,2.011,78851.05
1779290700000,2.011,2.013,2.001,2.003,79693.06
1779291000000,2.003,2.009,1.998,2.004,119088.87
1779291300000,2.004,2.01,2.0,2.007,36377.73
1779291600000,2.008,2.008,1.999,2.003,55777.18
1779291900000,2.003,2.019,2.001,2.019,90554.7
1779292200000,2.019,2.021,2.012,2.016,71739.08
1779292500000,2.016,2.022,2.011,2.02,50671.62
1779292800000,2.02,2.039,2.02,2.037,227110.36
1779293100000,2.038,2.072,2.035,2.067,531470.32
1779293400000,2.068,2.074,2.056,2.074,249456.22
1779293700000,2.073,2.075,2.059,2.065,275908.67
1779294000000,2.064,2.066,2.049,2.054,191946.7
1779294300000,2.053,2.054,2.039,2.042,237545.73
1779294600000,2.041,2.047,2.032,2.042,214944.02
1779294900000,2.042,2.07,2.042,2.067,202685.13
1779295200000,2.067,2.07,2.054,2.068,124540.47
1779295500000,2.069,2.073,2.055,2.062,72739.44
1779295800000,2.063,2.064,2.039,2.042,193526.26
1779296100000,2.043,2.044,2.034,2.043,109699.79
1779296400000,2.043,2.043,2.033,2.037,221941.1
1779296700000,2.038,2.039,2.026,2.031,144794.56
1779297000000,2.031,2.06,2.03,2.059,105099.52
1779297300000,2.06,2.073,2.055,2.071,148523.83
1779297600000,2.072,2.078,2.067,2.077,140654.89
1779297900000,2.077,2.093,2.074,2.077,266611.93
1779298200000,2.078,2.08,2.059,2.068,150631.92
1779298500000,2.067,2.071,2.06,2.064,113907.25
1779298800000,2.063,2.069,2.059,2.064,140645.07
1779299100000,2.065,2.069,2.056,2.058,90444.5
1779299400000,2.057,2.06,2.046,2.05,277629.44
1779299700000,2.051,2.062,2.047,2.061,93785.45
1779300000000,2.061,2.067,2.054,2.061,93245.86
1779300300000,2.062,2.063,2.047,2.051,79372.04
1779300600000,2.05,2.059,2.05,2.058,50831.42
1779300900000,2.058,2.062,2.054,2.055,64358.24
1779301200000,2.055,2.055,2.045,2.049,85791.62
1779301500000,2.049,2.049,2.035,2.041,195308.25
1779301800000,2.041,2.041,2.025,2.032,133630.14
1779302100000,2.032,2.039,2.032,2.037,37761.28
1779302400000,2.037,2.043,2.031,2.031,68008.06
1779302700000,2.032,2.037,2.027,2.035,38438.36
1779303000000,2.035,2.038,2.033,2.038,36395.42
1779303300000,2.038,2.039,2.029,2.033,38029.56
1779303600000,2.032,2.035,2.028,2.03,51594.29
1779303900000,2.029,2.041,2.025,2.039,54357.28
1779304200000,2.039,2.045,2.037,2.041,33660.52
1779304500000,2.042,2.056,2.041,2.055,56919.8
1779304800000,2.055,2.063,2.05,2.062,124801.51
1779305100000,2.062,2.069,2.059,2.066,132118.52
1779305400000,2.065,2.068,2.051,2.053,123802.29
1779305700000,2.053,2.057,2.043,2.053,150221.96
1779306000000,2.054,2.056,2.048,2.052,49444.86
1779306300000,2.052,2.056,2.048,2.048,62771.26
1779306600000,2.048,2.048,2.038,2.043,100972.15
1779306900000,2.043,2.047,2.033,2.044,140253.85
1779307200000,2.044,2.044,2.029,2.038,109203.56
1779307500000,2.038,2.038,2.027,2.029,32896.59
1779307800000,2.03,2.035,2.03,2.034,23561.42
1779308100000,2.034,2.043,2.029,2.03,179303.41
1779308400000,2.029,2.034,2.021,2.028,56193.02
1779308700000,2.028,2.039,2.025,2.039,25687.51
1779309000000,2.039,2.04,2.025,2.031,21384.63
1779309300000,2.031,2.036,2.029,2.03,22652.13
1779309600000,2.03,2.039,2.03,2.036,15866.36
1779309900000,2.036,2.039,2.034,2.037,24562.62
1779310200000,2.036,2.042,2.033,2.042,22387.28
1779310500000,2.043,2.065,2.043,2.063,427596.49
1779310800000,2.062,2.07,2.053,2.063,88960.37
1779311100000,2.063,2.068,2.059,2.064,58434.65
1779311400000,2.064,2.067,2.054,2.062,130235.43
1779311700000,2.062,2.074,2.056,2.068,210225.05
1779312000000,2.067,2.07,2.058,2.066,90623.5
1779312300000,2.065,2.067,2.06,2.062,25404.77
1779312600000,2.062,2.067,2.059,2.064,37794.72
1779312900000,2.065,2.067,2.062,2.062,21452.62
1779313200000,2.062,2.067,2.06,2.062,34024.61
1779313500000,2.061,2.065,2.057,2.064,13380.55
1779313800000,2.064,2.066,2.06,2.06,14501.05
1779314100000,2.061,2.063,2.053,2.054,70326.98
1779314400000,2.054,2.054,2.036,2.036,107575.14
1779314700000,2.037,2.039,2.024,2.025,174319.64
1779315000000,2.025,2.041,2.021,2.039,132850.56
1779315300000,2.038,2.043,2.033,2.035,32399.24
1779315600000,2.034,2.044,2.031,2.043,55525.25
1779315900000,2.044,2.05,2.039,2.04,26497.66
1779316200000,2.041,2.046,2.031,2.035,33809.75
1779316500000,2.035,2.035,2.021,2.023,71225.79
1779316800000,2.023,2.035,2.023,2.028,55649.77
1779317100000,2.028,2.034,2.028,2.034,73090.13
1779317400000,2.033,2.034,2.026,2.026,15904.96
1779317700000,2.026,2.034,2.026,2.027,26708.46
1779318000000,2.027,2.03,2.023,2.027,27918.07
1779318300000,2.028,2.032,2.025,2.03,36898.96
1779318600000,2.03,2.031,2.025,2.028,7235.35
1779318900000,2.028,2.03,2.024,2.03,17653.38
1779319200000,2.029,2.032,2.027,2.029,20080.55
1779319500000,2.029,2.035,2.024,2.034,27500.43
1779319800000,2.034,2.046,2.034,2.045,29017.29
1779320100000,2.046,2.05,2.045,2.048,17558.33
1779320400000,2.048,2.049,2.044,2.048,8720.56
1779320700000,2.048,2.052,2.044,2.045,15658.84
1779321000000,2.045,2.049,2.041,2.048,16322.2
1779321300000,2.049,2.052,2.046,2.047,6677.82
1779321600000,2.046,2.054,2.042,2.054,85835.57
1779321900000,2.055,2.059,2.049,2.053,34807.87
1779322200000,2.052,2.052,2.047,2.049,20789.57
1779322500000,2.05,2.055,2.049,2.055,33953.55
1779322800000,2.054,2.061,2.052,2.061,25712.69
1779323100000,2.061,2.064,2.059,2.063,40610.91
1779323400000,2.063,2.078,2.06,2.077,258306.0
1779323700000,2.076,2.08,2.071,2.077,119589.78
1779324000000,2.077,2.086,2.072,2.084,102761.44
1779324300000,2.085,2.09,2.079,2.089,159734.92
1779324600000,2.088,2.088,2.072,2.072,58866.55
1779324900000,2.072,2.08,2.07,2.079,144659.03
1779325200000,2.078,2.095,2.076,2.092,105832.55
1779325500000,2.092,2.093,2.084,2.084,42530.38
1779325800000,2.085,2.094,2.08,2.082,138084.7
1779326100000,2.082,2.086,2.056,2.057,143533.81
1779326400000,2.056,2.056,2.048,2.05,112765.25
1779326700000,2.051,2.055,2.047,2.054,21452.94
1779327000000,2.054,2.057,2.044,2.048,48969.33
1779327300000,2.048,2.051,2.046,2.047,17363.95
1779327600000,2.047,2.052,2.046,2.048,30822.09
1779327900000,2.047,2.052,2.047,2.051,22889.77
1779328200000,2.051,2.055,2.04,2.042,71154.55
1779328500000,2.042,2.05,2.042,2.049,20077.82
1779328800000,2.05,2.07,2.042,2.069,107322.41
1779329100000,2.069,2.071,2.051,2.054,157543.52
1779329400000,2.054,2.055,2.046,2.047,70361.43
1779329700000,2.048,2.056,2.04,2.047,201419.63
1779330000000,2.048,2.052,2.045,2.045,45014.98
1779330300000,2.045,2.045,2.038,2.04,72557.77
1779330600000,2.039,2.056,2.039,2.055,56584.92
1779330900000,2.056,2.061,2.053,2.056,55773.22
1779331200000,2.056,2.058,2.054,2.055,18867.49
1779331500000,2.055,2.057,2.049,2.05,25159.25
1779331800000,2.049,2.049,2.043,2.044,25533.18
1779332100000,2.044,2.044,2.038,2.041,34881.22
1779332400000,2.04,2.043,2.038,2.04,28142.8
1779332700000,2.04,2.048,2.04,2.048,10561.73
1779333000000,2.047,2.048,2.042,2.043,36085.08
1779333300000,2.042,2.049,2.04,2.047,15611.98
1779333600000,2.047,2.056,2.047,2.053,11765.22
1779333900000,2.052,2.063,2.052,2.062,45529.97
1779334200000,2.062,2.068,2.06,2.064,20469.13
1779334500000,2.064,2.064,2.061,2.062,5861.05
1779334800000,2.061,2.063,2.057,2.057,108310.41
1779335100000,2.057,2.058,2.053,2.055,26679.26
1779335400000,2.055,2.06,2.052,2.06,72479.45
1779335700000,2.06,2.073,2.058,2.069,101768.17
1779336000000,2.069,2.078,2.067,2.074,41065.71
1779336300000,2.074,2.078,2.064,2.064,46172.27
1779336600000,2.065,2.068,2.059,2.059,26588.35
1779336900000,2.06,2.067,2.06,2.063,16778.0
1779337200000,2.063,2.065,2.062,2.062,7099.33
1779337500000,2.062,2.065,2.058,2.061,11241.76
1779337800000,2.061,2.062,2.053,2.053,30787.3
1779338100000,2.052,2.055,2.049,2.054,24334.61
1779338400000,2.053,2.056,2.049,2.054,64137.62
1779338700000,2.054,2.064,2.053,2.062,13873.33
1779339000000,2.062,2.066,2.062,2.065,22333.94
1779339300000,2.064,2.067,2.062,2.065,14231.76
1779339600000,2.064,2.069,2.061,2.068,27892.38
1779339900000,2.068,2.073,2.064,2.065,56185.9
1779340200000,2.065,2.067,2.056,2.057,47343.16
1779340500000,2.057,2.073,2.053,2.06,447855.1
1779340800000,2.06,2.065,2.058,2.06,261738.65
1779341100000,2.06,2.067,2.059,2.066,10979.4
1779341400000,2.066,2.066,2.062,2.065,15289.84
1779341700000,2.064,2.064,2.052,2.053,39584.71
1779342000000,2.054,2.054,2.049,2.051,16912.41
1779342300000,2.05,2.06,2.04,2.048,415634.92
1779342600000,2.048,2.051,2.042,2.044,348936.77
1779342900000,2.045,2.046,2.042,2.045,21629.56
1779343200000,2.046,2.046,2.036,2.04,70579.78
1779343500000,2.04,2.044,2.037,2.038,33179.82
1779343800000,2.038,2.048,2.038,2.044,14555.31
1779344100000,2.044,2.046,2.038,2.04,28962.51
1779344400000,2.041,2.048,2.041,2.045,79958.97
1779344700000,2.045,2.046,2.041,2.042,26256.72
1779345000000,2.042,2.046,2.037,2.04,113280.36
1779345300000,2.039,2.04,2.033,2.036,42830.52
1779345600000,2.035,2.04,2.035,2.038,16793.66
1779345900000,2.038,2.041,2.036,2.039,28040.93
1779346200000,2.039,2.054,2.037,2.05,53266.93
1779346500000,2.049,2.049,2.045,2.048,11222.32
1779346800000,2.048,2.055,2.047,2.053,37890.1
1779347100000,2.054,2.064,2.054,2.062,41716.46
1779347400000,2.061,2.061,2.055,2.056,28730.23
1779347700000,2.055,2.058,2.046,2.046,17570.02
1779348000000,2.046,2.047,2.039,2.044,39453.68
1779348300000,2.044,2.047,2.04,2.041,42421.91
1779348600000,2.041,2.043,2.036,2.042,12267.8
1779348900000,2.041,2.048,2.039,2.048,34459.53
1779349200000,2.048,2.051,2.044,2.046,31817.48
1779349500000,2.046,2.05,2.044,2.048,14698.59
1779349800000,2.047,2.049,2.044,2.045,15756.55
1779350100000,2.045,2.051,2.044,2.046,48283.87
1779350400000,2.046,2.055,2.044,2.054,35163.61
1779350700000,2.055,2.072,2.053,2.071,95268.05
1779351000000,2.072,2.074,2.067,2.072,129189.93
1779351300000,2.073,2.076,2.064,2.067,44212.63
1779351600000,2.067,2.068,2.056,2.065,123320.41
1779351900000,2.065,2.071,2.063,2.071,36633.43
1779352200000,2.071,2.075,2.059,2.062,45102.98
1779352500000,2.061,2.064,2.056,2.059,29836.18
1779352800000,2.06,2.064,2.057,2.057,65606.8
1779353100000,2.058,2.061,2.048,2.053,154598.59
1779353400000,2.053,2.054,2.046,2.049,193107.48
1779353700000,2.048,2.054,2.047,2.049,39191.68
1779354000000,2.049,2.057,2.046,2.056,58262.67
1779354300000,2.057,2.063,2.053,2.06,83561.29
1779354600000,2.06,2.067,2.059,2.065,88980.71
1779354900000,2.066,2.067,2.048,2.051,343213.5
1779355200000,2.052,2.057,2.05,2.052,71493.66
1779355500000,2.052,2.053,2.043,2.044,83545.07
1779355800000,2.043,2.043,2.031,2.034,112120.43
1779356100000,2.034,2.037,2.029,2.03,120975.7
1779356400000,2.031,2.04,2.029,2.04,27810.82
1779356700000,2.04,2.041,2.037,2.037,37638.32
1779357000000,2.038,2.038,2.029,2.031,43614.25
1779357300000,2.031,2.034,2.024,2.026,47790.28
1779357600000,2.026,2.036,2.025,2.032,52207.17
1779357900000,2.032,2.036,2.031,2.035,12505.62
1779358200000,2.035,2.037,2.025,2.025,35458.01
1779358500000,2.025,2.029,1.998,2.012,368093.87
1779358800000,2.012,2.016,2.009,2.016,33066.8
1779359100000,2.016,2.016,1.994,2.0,340811.06
1779359400000,1.999,2.008,1.986,2.008,266332.11
1779359700000,2.008,2.012,1.994,1.995,110284.52
1779360000000,1.995,2.007,1.993,2.002,63167.47
1779360300000,2.003,2.006,1.999,2.0,78127.67
1779360600000,2.001,2.007,1.998,2.003,58477.21
1779360900000,2.003,2.004,1.996,1.998,71395.06
1779361200000,1.997,1.998,1.99,1.992,82951.61
1779361500000,1.992,1.998,1.99,1.997,39078.14
1779361800000,1.997,2.009,1.997,2.004,74294.27
1779362100000,2.004,2.011,2.003,2.004,67322.17
1779753600000,1.939,1.942,1.928,1.937,129470.56
1779753900000,1.936,1.938,1.929,1.931,57902.03
1779754200000,1.93,1.941,1.926,1.941,27553.51
1779754500000,1.941,1.945,1.933,1.94,68143.85
1779754800000,1.941,1.947,1.933,1.934,66034.59
1779755100000,1.933,1.933,1.925,1.926,26447.54
1779755400000,1.925,1.93,1.918,1.922,94856.75
1779755700000,1.921,1.925,1.915,1.922,105221.98
1779756000000,1.921,1.921,1.914,1.919,108345.36
1779756300000,1.92,1.925,1.916,1.921,105785.93
1779756600000,1.921,1.921,1.904,1.912,179150.73
1779756900000,1.912,1.922,1.912,1.919,53580.56
1779757200000,1.919,1.921,1.911,1.912,54441.08
1779757500000,1.912,1.917,1.907,1.913,62505.24
1779757800000,1.912,1.916,1.909,1.911,54717.73
1779758100000,1.91,1.911,1.899,1.909,207939.01
1779758400000,1.909,1.914,1.909,1.911,21898.61
1779758700000,1.911,1.911,1.894,1.908,165275.28
1779759000000,1.907,1.907,1.891,1.898,101667.09
1779759300000,1.898,1.899,1.89,1.891,70033.8
1779759600000,1.89,1.894,1.888,1.894,142868.94
1779759900000,1.894,1.902,1.894,1.899,40895.21
1779760200000,1.899,1.91,1.897,1.908,104806.42
1779760500000,1.908,1.92,1.907,1.917,26058.2
1779760800000,1.918,1.918,1.901,1.902,67998.0
1779761100000,1.901,1.906,1.891,1.895,77424.99
1779761400000,1.895,1.902,1.894,1.898,32467.66
1779761700000,1.898,1.903,1.893,1.903,57160.02
1779762000000,1.902,1.902,1.894,1.895,31132.91
1779762300000,1.894,1.899,1.893,1.895,23873.53
1779762600000,1.895,1.904,1.893,1.902,19254.09
1779762900000,1.902,1.902,1.894,1.898,46831.08
1779763200000,1.897,1.898,1.881,1.89,226637.36
1779763500000,1.89,1.892,1.881,1.892,48445.72
1779763800000,1.892,1.897,1.89,1.891,14601.09
1779764100000,1.891,1.895,1.887,1.895,32288.49
1779764400000,1.896,1.908,1.892,1.899,75896.49
1779764700000,1.898,1.904,1.898,1.901,17339.87
1779765000000,1.9,1.908,1.899,1.901,99176.83
1779765300000,1.9,1.906,1.899,1.899,24295.26
1779765600000,1.899,1.904,1.899,1.903,35446.73
1779765900000,1.903,1.903,1.889,1.896,43532.85
1779766200000,1.897,1.902,1.892,1.901,19793.81
1779766500000,1.901,1.908,1.901,1.905,36507.1
1779766800000,1.904,1.909,1.903,1.909,37036.32
1779767100000,1.909,1.91,1.902,1.903,35052.09
1779767400000,1.902,1.913,1.899,1.912,41981.45
1779767700000,1.912,1.914,1.905,1.906,49238.55
1779768000000,1.906,1.908,1.888,1.893,49639.31
1779768300000,1.893,1.893,1.888,1.89,21777.84
1779768600000,1.891,1.891,1.886,1.888,44705.2
1779768900000,1.888,1.889,1.878,1.882,63038.87
1779769200000,1.882,1.895,1.882,1.891,50816.03
1779769500000,1.89,1.903,1.89,1.902,36519.85
1779769800000,1.902,1.905,1.897,1.904,53642.22
1779770100000,1.904,1.909,1.898,1.901,49331.04
1779770400000,1.902,1.902,1.888,1.894,42513.68
1779770700000,1.893,1.895,1.889,1.893,52596.87
1779771000000,1.894,1.898,1.891,1.897,29244.67
1779771300000,1.896,1.901,1.894,1.896,67423.73
1779771600000,1.896,1.897,1.885,1.891,46072.44
1779771900000,1.891,1.891,1.886,1.886,40792.03
1779772200000,1.886,1.892,1.884,1.891,171356.26
1779772500000,1.891,1.897,1.89,1.897,35599.19
1779772800000,1.897,1.924,1.897,1.913,263266.24
1779773100000,1.912,1.923,1.908,1.919,109138.44
1779773400000,1.918,1.921,1.913,1.916,73649.42
1779773700000,1.917,1.919,1.912,1.918,59568.05
1779774000000,1.917,1.923,1.916,1.921,65770.05
1779774300000,1.92,1.923,1.916,1.919,133952.75
1779774600000,1.919,1.921,1.909,1.914,76339.28
1779774900000,1.915,1.916,1.901,1.908,103867.39
1779775200000,1.908,1.908,1.896,1.902,102144.54
1779775500000,1.902,1.904,1.899,1.903,29952.6
1779775800000,1.903,1.903,1.89,1.893,57602.2
1779776100000,1.894,1.899,1.893,1.895,34983.98
1779776400000,1.895,1.899,1.891,1.895,38399.96
1779776700000,1.894,1.896,1.885,1.889,71085.85
1779777000000,1.889,1.896,1.887,1.892,44851.81
1779777300000,1.892,1.903,1.892,1.901,116815.99
1779777600000,1.9,1.905,1.895,1.899,49752.99
1779777900000,1.898,1.903,1.891,1.894,51223.64
1779778200000,1.894,1.904,1.893,1.904,78689.75
1779778500000,1.903,1.906,1.902,1.904,33765.07
1779778800000,1.905,1.908,1.899,1.9,232926.23
1779779100000,1.899,1.899,1.886,1.886,63185.18
1779779400000,1.887,1.888,1.868,1.877,234501.04
1779779700000,1.876,1.881,1.872,1.878,50051.95
1779780000000,1.878,1.881,1.872,1.88,19487.74
1779780300000,1.88,1.884,1.878,1.882,43578.03
1779780600000,1.882,1.885,1.878,1.884,42682.85
1779780900000,1.883,1.889,1.881,1.889,79586.81
1779781200000,1.888,1.893,1.887,1.892,26679.11
1779781500000,1.893,1.895,1.884,1.89,40275.47
1779781800000,1.89,1.9,1.89,1.897,49495.94
1779782100000,1.897,1.897,1.886,1.889,137854.05
1779782400000,1.889,1.894,1.887,1.888,67316.85
1779782700000,1.888,1.895,1.887,1.894,27362.33
1779783000000,1.894,1.904,1.894,1.901,117074.6
1779783300000,1.901,1.905,1.896,1.905,55278.49
1779783600000,1.905,1.912,1.904,1.908,94985.8
1779783900000,1.909,1.911,1.903,1.906,41534.83
1779784200000,1.907,1.907,1.885,1.886,171096.77
1779784500000,1.886,1.897,1.885,1.897,44477.88
1779784800000,1.896,1.896,1.889,1.892,26246.88
1779785100000,1.892,1.893,1.885,1.887,41754.69
1779785400000,1.886,1.899,1.884,1.898,59015.12
1779785700000,1.898,1.898,1.893,1.893,20609.77
1779786000000,1.892,1.897,1.891,1.895,34344.77
1779786300000,1.894,1.898,1.892,1.897,93359.43
1779786600000,1.897,1.906,1.896,1.903,67994.03
1779786900000,1.903,1.912,1.898,1.898,73733.85
1779787200000,1.899,1.9,1.887,1.889,45931.12
1779787500000,1.889,1.896,1.885,1.893,94465.62
1779787800000,1.893,1.896,1.891,1.893,35718.71
1779788100000,1.892,1.894,1.887,1.891,31586.46
1779788400000,1.89,1.894,1.883,1.883,79666.25
1779788700000,1.884,1.885,1.874,1.878,65121.8
1779789000000,1.879,1.889,1.877,1.887,49198.67
1779789300000,1.887,1.888,1.884,1.886,57734.74
1779789600000,1.885,1.885,1.876,1.88,34496.23
1779789900000,1.88,1.886,1.875,1.884,23332.57
1779790200000,1.885,1.892,1.883,1.888,35537.84
1779790500000,1.889,1.903,1.889,1.9,80563.69
1779790800000,1.901,1.903,1.895,1.901,77703.25
1779791100000,1.902,1.923,1.9,1.919,418027.58
1779791400000,1.919,1.928,1.916,1.928,158910.7
1779791700000,1.927,1.944,1.922,1.941,233002.5
1779792000000,1.941,1.946,1.934,1.935,380739.29
1779792300000,1.936,1.951,1.936,1.951,138085.37
1779792600000,1.951,1.952,1.944,1.949,92083.82
1779792900000,1.949,1.956,1.945,1.952,151010.45
1779793200000,1.952,1.953,1.934,1.938,133745.81
1779793500000,1.938,1.939,1.918,1.918,190056.22
1779793800000,1.919,1.921,1.916,1.921,115254.53
1779794100000,1.921,1.925,1.916,1.921,81950.42
1779794400000,1.922,1.922,1.913,1.92,91885.13
1779794700000,1.92,1.942,1.92,1.941,135901.26
1779795000000,1.941,1.941,1.932,1.934,126271.9
1779795300000,1.934,1.937,1.926,1.929,71023.63
1779795600000,1.93,1.933,1.927,1.932,35805.69
1779795900000,1.932,1.936,1.928,1.935,73427.0
1779796200000,1.935,1.937,1.932,1.934,46476.63
1779796500000,1.934,1.937,1.925,1.925,84859.11
1779796800000,1.924,1.937,1.924,1.937,42955.22
1779797100000,1.938,1.938,1.914,1.917,275807.67
1779797400000,1.917,1.926,1.915,1.924,52487.35
1779797700000,1.924,1.928,1.92,1.924,34909.4
1779798000000,1.924,1.924,1.917,1.92,19032.35
1779798300000,1.92,1.923,1.915,1.923,57463.62
1779798600000,1.923,1.923,1.916,1.92,26193.86
1779798900000,1.92,1.92,1.915,1.915,30005.77
1779799200000,1.915,1.922,1.914,1.92,36382.07
1779799500000,1.919,1.921,1.913,1.918,25548.29
1779799800000,1.919,1.922,1.917,1.922,22137.07
1779800100000,1.922,1.932,1.922,1.931,89286.73
1779800400000,1.931,1.938,1.929,1.936,73047.89
1779800700000,1.936,1.941,1.934,1.937,51921.0
1779801000000,1.936,1.942,1.93,1.94,87118.97
1779801300000,1.941,1.949,1.934,1.938,136464.71
1779801600000,1.938,1.947,1.933,1.939,93397.79
1779801900000,1.939,1.939,1.928,1.93,94806.74
1779802200000,1.931,1.932,1.92,1.924,102898.53
1779802500000,1.924,1.937,1.92,1.935,70318.17
1779802800000,1.935,1.951,1.934,1.949,85133.36
1779803100000,1.949,1.977,1.949,1.97,512348.06
1779803400000,1.97,1.971,1.95,1.959,184290.95
1779803700000,1.959,1.968,1.954,1.956,92289.65
1779804000000,1.957,1.958,1.946,1.951,137348.57
1779804300000,1.951,1.965,1.95,1.954,106443.17
1779804600000,1.955,1.959,1.951,1.958,80884.51
1779804900000,1.957,1.957,1.944,1.948,97433.28
1779805200000,1.949,1.955,1.948,1.952,70711.4
1779805500000,1.952,1.968,1.949,1.963,123299.21
1779805800000,1.963,1.963,1.952,1.953,58471.42
1779806100000,1.953,1.961,1.932,1.935,151920.53
1779806400000,1.935,1.943,1.93,1.931,103014.2
1779806700000,1.931,1.939,1.927,1.935,139438.27
1779807000000,1.935,1.939,1.932,1.938,44651.66
1779807300000,1.939,1.942,1.934,1.938,29866.8
1779807600000,1.938,1.939,1.912,1.921,102718.87
1779807900000,1.921,1.936,1.92,1.934,44317.39
1779808200000,1.934,1.941,1.931,1.941,32414.24
1779808500000,1.94,1.948,1.938,1.944,46108.69
1779808800000,1.944,1.945,1.926,1.935,28601.33
1779809100000,1.934,1.939,1.931,1.932,22552.2
1779809400000,1.932,1.932,1.909,1.919,227132.83
1779809700000,1.919,1.923,1.912,1.917,80231.77
1779810000000,1.917,1.922,1.914,1.92,41154.25
1779810300000,1.919,1.922,1.916,1.919,24894.56
1779810600000,1.919,1.92,1.906,1.909,65007.46
1779810900000,1.909,1.919,1.898,1.917,124241.11
1779811200000,1.916,1.919,1.908,1.915,56859.76
1779811500000,1.916,1.925,1.912,1.923,28982.16
1779811800000,1.923,1.924,1.906,1.912,180393.12
1779812100000,1.911,1.919,1.909,1.916,104857.56
1779812400000,1.915,1.923,1.914,1.923,24281.2
1779812700000,1.923,1.924,1.917,1.924,20387.25
1779813000000,1.924,1.931,1.922,1.929,64505.59
1779813300000,1.929,1.936,1.928,1.928,62052.05
1779813600000,1.928,1.928,1.92,1.927,29432.98
1779813900000,1.927,1.929,1.921,1.924,13899.44
1779814200000,1.923,1.924,1.918,1.923,30536.4
1779814500000,1.923,1.931,1.923,1.929,13035.37
1779814800000,1.93,1.936,1.926,1.934,18411.39
1779815100000,1.933,1.933,1.922,1.928,14848.21
1779815400000,1.928,1.934,1.924,1.925,44800.82
1779815700000,1.926,1.926,1.911,1.913,108515.82
1779816000000,1.913,1.913,1.901,1.905,164730.49
1779816300000,1.906,1.906,1.887,1.888,119077.27
1779816600000,1.889,1.893,1.88,1.892,107016.76
1779816900000,1.891,1.905,1.891,1.901,69056.38
1779817200000,1.9,1.912,1.896,1.911,58444.68
1779817500000,1.911,1.914,1.898,1.907,67027.13
1779817800000,1.907,1.914,1.904,1.91,45649.22
1779818100000,1.91,1.912,1.904,1.907,31196.18
1779818400000,1.907,1.907,1.899,1.906,40373.6
1779818700000,1.907,1.911,1.904,1.911,9518.14
1779819000000,1.911,1.911,1.905,1.907,22198.25
1779819300000,1.908,1.948,1.908,1.947,562413.03
1779819600000,1.947,1.97,1.945,1.964,172428.35
1779819900000,1.964,2.003,1.951,1.954,423458.1
1779820200000,1.955,1.978,1.952,1.974,67776.93
1779820500000,1.974,1.975,1.962,1.97,70813.91
1779820800000,1.969,1.972,1.947,1.95,100012.08
1779821100000,1.951,1.964,1.951,1.959,32474.81
1779821400000,1.959,1.967,1.956,1.965,60349.34
1779821700000,1.964,1.975,1.963,1.975,43860.69
1779822000000,1.975,2.01,1.974,1.983,152989.66
1779822300000,1.984,1.988,1.979,1.985,38954.72
1779822600000,1.985,2.0,1.98,1.992,101698.5
1779822900000,1.991,2.008,1.985,1.999,63991.9
1779823200000,2.0,2.004,1.99,1.993,33793.37
1779823500000,1.992,2.003,1.99,1.995,45611.66
1779823800000,1.995,2.013,1.992,2.009,66404.3
1779824100000,2.009,2.02,2.006,2.019,86313.58
1779824400000,2.019,2.037,2.016,2.023,137118.41
1779824700000,2.023,2.043,2.019,2.042,92143.91
1779825000000,2.041,2.056,2.037,2.042,146076.06
1779825300000,2.042,2.056,2.042,2.052,141400.71
1779825600000,2.053,2.054,2.022,2.048,148736.47
1779825900000,2.049,2.05,2.02,2.033,241540.4
1779826200000,2.033,2.06,2.001,2.014,281296.91
1779826500000,2.014,2.047,2.009,2.02,226353.17
1779826800000,2.02,2.046,2.02,2.039,86528.19
1779827100000,2.039,2.049,2.032,2.044,68894.36
1779827400000,2.045,2.046,2.019,2.024,120288.39
1779827700000,2.024,2.025,2.015,2.018,44202.28
1779828000000,2.018,2.026,2.016,2.024,53363.67
1779828300000,2.024,2.025,2.01,2.013,49805.6
1779828600000,2.012,2.018,2.009,2.011,54919.05
1779828900000,2.011,2.02,2.011,2.013,33472.64
1779829200000,2.014,2.026,1.996,2.003,105607.24
1779829500000,2.004,2.011,1.998,2.0,47149.97
1779829800000,2.0,2.006,1.98,1.986,149576.39
1779830100000,1.987,1.995,1.987,1.989,43882.41
1779830400000,1.989,1.992,1.963,1.965,394706.75
1779830700000,1.966,1.97,1.957,1.96,109928.81
1779831000000,1.961,1.966,1.961,1.962,8622.55
1779831300000,1.962,1.963,1.958,1.959,16154.54
1779831600000,1.958,1.961,1.954,1.958,20617.07
1779831900000,1.959,1.963,1.954,1.954,36611.18
1779832200000,1.955,1.955,1.938,1.946,73426.92
1779832500000,1.946,1.958,1.942,1.949,33720.28
1779832800000,1.948,1.969,1.946,1.961,73818.81
1779833100000,1.962,1.973,1.959,1.969,51786.17
1779833400000,1.97,1.977,1.968,1.972,55073.22
1779833700000,1.972,1.977,1.967,1.975,20680.89
1779834000000,1.976,1.982,1.97,1.974,54919.32
1779834300000,1.974,1.976,1.956,1.96,41966.66
1779834600000,1.959,1.968,1.956,1.966,13940.79
1779834900000,1.966,1.972,1.96,1.961,31129.83
1779835200000,1.962,1.964,1.955,1.962,13144.45
1779835500000,1.961,1.961,1.953,1.955,64628.74
1779835800000,1.955,1.96,1.949,1.958,57893.02
1779836100000,1.958,1.963,1.956,1.962,15878.85
1779836400000,1.962,1.971,1.962,1.965,25298.84
1779836700000,1.965,1.967,1.959,1.967,35127.23
1779837000000,1.967,1.971,1.962,1.966,28385.25
1779837300000,1.966,1.966,1.957,1.958,17095.19
1779837600000,1.957,1.959,1.951,1.953,16119.52
1779837900000,1.952,1.954,1.944,1.951,56064.32
1779838200000,1.951,1.953,1.949,1.951,19613.35
1779838500000,1.951,1.956,1.949,1.951,17544.95
1779838800000,1.952,1.955,1.949,1.951,10749.47
1779839100000,1.951,1.951,1.945,1.948,29149.0
1779839400000,1.947,1.948,1.942,1.945,26955.56
1779839700000,1.944,1.946,1.943,1.946,15729.06
1779840000000,1.946,1.951,1.944,1.944,19921.08
1779840300000,1.943,1.953,1.941,1.952,19254.36
1779840600000,1.952,1.953,1.945,1.949,10463.38
1779840900000,1.948,1.951,1.943,1.943,38646.01
1779841200000,1.943,1.944,1.939,1.94,21115.01
1779841500000,1.94,1.953,1.94,1.953,16631.42
1779841800000,1.954,1.961,1.954,1.959,10045.86
1779842100000,1.958,1.965,1.953,1.954,30155.71
1779842400000,1.954,1.961,1.953,1.957,10588.69
1779842700000,1.957,1.967,1.957,1.963,17467.32
1779843000000,1.962,1.968,1.961,1.964,19879.91
1779843300000,1.963,1.967,1.963,1.966,28334.52
1779843600000,1.966,1.968,1.962,1.967,24278.61
1779843900000,1.966,1.966,1.957,1.959,38264.0
1779844200000,1.958,1.97,1.955,1.969,31148.44
1779844500000,1.969,1.971,1.954,1.955,46242.46
1779844800000,1.954,1.955,1.946,1.954,28047.23
1779845100000,1.953,1.954,1.949,1.951,14375.88
1779845400000,1.952,1.952,1.944,1.944,34199.97
1779845700000,1.943,1.944,1.94,1.942,12201.87
1779846000000,1.943,1.945,1.942,1.943,17149.18
1779846300000,1.943,1.955,1.942,1.951,32020.72
1779846600000,1.95,1.957,1.949,1.957,5911.21
1779846900000,1.956,1.958,1.949,1.953,10980.74
1779847200000,1.953,1.959,1.952,1.959,49752.22
1779847500000,1.96,1.962,1.951,1.954,26272.92
1779847800000,1.953,1.958,1.947,1.956,26348.95
1779848100000,1.957,1.96,1.944,1.947,36763.64
1779848400000,1.946,1.954,1.946,1.953,19258.83
1779848700000,1.954,1.964,1.95,1.957,46010.69
1779849000000,1.956,1.959,1.946,1.946,52665.75
1779849300000,1.945,1.947,1.94,1.941,54928.03
1779849600000,1.942,1.946,1.942,1.943,25085.13
1779849900000,1.943,1.946,1.941,1.942,10291.92
1779850200000,1.942,1.943,1.936,1.937,37973.3
1779850500000,1.938,1.945,1.937,1.942,32695.88
1779850800000,1.942,1.952,1.938,1.952,107503.53
1779851100000,1.951,1.951,1.941,1.941,16201.84
1779851400000,1.941,1.942,1.929,1.932,83063.26
1779851700000,1.933,1.945,1.931,1.938,26107.5
1779852000000,1.938,1.944,1.937,1.942,20170.46
1779852300000,1.943,1.951,1.943,1.951,16089.94
1779852600000,1.95,1.953,1.937,1.942,28405.97
1779852900000,1.942,1.942,1.934,1.935,13872.68
1779853200000,1.936,1.94,1.934,1.936,68529.82
1779853500000,1.937,1.937,1.92,1.921,102896.65
1779853800000,1.921,1.927,1.919,1.926,69853.14
1779854100000,1.927,1.932,1.927,1.928,15396.4
1779854400000,1.929,1.931,1.916,1.924,131337.86
1779854700000,1.923,1.923,1.916,1.922,27732.0
1779855000000,1.921,1.921,1.914,1.917,34718.0
1779855300000,1.918,1.921,1.912,1.915,112564.87
1779855600000,1.914,1.917,1.912,1.915,33096.13
1779855900000,1.915,1.916,1.912,1.913,45522.06
1779856200000,1.912,1.913,1.9,1.905,185169.81
1779856500000,1.906,1.908,1.903,1.905,16671.95
1779856800000,1.905,1.91,1.904,1.909,34670.42
1779857100000,1.91,1.93,1.909,1.93,46557.61
1779857400000,1.929,1.935,1.927,1.932,67813.65
1779857700000,1.931,1.937,1.929,1.937,37390.66
1779858000000,1.937,1.937,1.928,1.929,17351.16
1779858300000,1.929,1.932,1.929,1.931,16434.95
1779858600000,1.93,1.931,1.927,1.93,25042.9
1779858900000,1.931,1.936,1.928,1.934,56822.19
1779859200000,1.934,1.943,1.933,1.942,43077.84
1779859500000,1.942,1.942,1.934,1.936,26366.79
1779859800000,1.936,1.937,1.931,1.933,24299.94
1779860100000,1.933,1.939,1.933,1.937,29582.12
1779860400000,1.937,1.941,1.929,1.93,43283.8
1779860700000,1.929,1.929,1.917,1.919,24499.11
1779861000000,1.919,1.922,1.918,1.922,8654.18
1779861300000,1.921,1.926,1.92,1.92,44330.43
1779861600000,1.921,1.922,1.915,1.921,30609.13
1779861900000,1.92,1.922,1.919,1.92,16057.4
1779862200000,1.92,1.921,1.917,1.92,53650.53
1779862500000,1.919,1.919,1.91,1.916,41119.91
1779862800000,1.916,1.917,1.908,1.911,20653.77
1779863100000,1.912,1.912,1.894,1.9,111504.33
1779863400000,1.9,1.907,1.899,1.901,120022.29
1779863700000,1.901,1.908,1.9,1.908,21453.96
1779864000000,1.908,1.912,1.907,1.909,57876.47
1779864300000,1.91,1.912,1.906,1.908,50072.67
1779864600000,1.909,1.91,1.906,1.907,10767.91
1779864900000,1.907,1.909,1.903,1.907,20232.17
1779865200000,1.907,1.907,1.9,1.901,33099.96
1779865500000,1.901,1.904,1.9,1.901,27432.86
1779865800000,1.901,1.904,1.895,1.897,118013.8
1779866100000,1.897,1.898,1.894,1.896,52857.03
1779866400000,1.896,1.898,1.891,1.894,79344.55
1779866700000,1.893,1.894,1.89,1.892,82069.48
1779867000000,1.892,1.893,1.885,1.888,157656.24
1779867300000,1.889,1.891,1.886,1.886,49370.6
1779867600000,1.886,1.888,1.885,1.885,45646.55
1779867900000,1.886,1.888,1.884,1.885,22697.57
1779868200000,1.885,1.886,1.883,1.883,29020.37
1779868500000,1.883,1.892,1.882,1.892,33092.02
1779868800000,1.892,1.907,1.888,1.906,220875.92
1779869100000,1.907,1.912,1.901,1.904,212738.85
1779869400000,1.903,1.907,1.902,1.905,17497.87
1779869700000,1.904,1.904,1.901,1.904,11659.69
1779870000000,1.903,1.915,1.902,1.911,41409.55
1779870300000,1.911,1.912,1.906,1.907,24192.89
1779870600000,1.906,1.914,1.906,1.911,32959.59
1779870900000,1.911,1.915,1.907,1.913,42141.65
1779871200000,1.913,1.913,1.909,1.909,14826.29
1779871500000,1.91,1.91,1.905,1.907,15583.49
1779871800000,1.908,1.909,1.903,1.905,12170.72
1779872100000,1.905,1.906,1.901,1.906,11734.44
1779872400000,1.906,1.91,1.9,1.903,18463.22
1779872700000,1.903,1.906,1.901,1.906,11943.73
1779873000000,1.906,1.907,1.902,1.903,12199.73
1779873300000,1.902,1.903,1.894,1.901,41063.99
1779873600000,1.901,1.91,1.901,1.907,19882.02
1779873900000,1.906,1.907,1.896,1.899,32529.89
1779874200000,1.9,1.902,1.891,1.897,55164.64
1779874500000,1.898,1.904,1.898,1.903,20729.22
1779874800000,1.903,1.905,1.901,1.902,9457.4
1779875100000,1.902,1.902,1.899,1.9,10197.81
1779875400000,1.901,1.902,1.896,1.898,30666.99
1779875700000,1.897,1.899,1.896,1.896,20311.85
1779876000000,1.895,1.896,1.891,1.893,26825.87
1779876300000,1.893,1.897,1.893,1.896,17341.18
1779876600000,1.896,1.901,1.896,1.9,32574.29
1779876900000,1.9,1.903,1.898,1.903,15655.01
1779877200000,1.903,1.904,1.901,1.904,6868.98
1779877500000,1.904,1.907,1.901,1.901,21340.49
1779877800000,1.902,1.902,1.895,1.897,9703.33
1779878100000,1.897,1.902,1.896,1.896,13655.2
1779878400000,1.896,1.9,1.896,1.898,7690.4
1779878700000,1.898,1.899,1.893,1.897,9970.42
1779879000000,1.897,1.897,1.895,1.895,5477.43
1779879300000,1.895,1.897,1.893,1.894,26526.59
1779879600000,1.894,1.9,1.893,1.899,13582.37
1779879900000,1.899,1.899,1.897,1.897,5955.7
1779880200000,1.898,1.9,1.894,1.899,6665.34
1779880500000,1.899,1.904,1.899,1.901,18108.64
1779880800000,1.901,1.91,1.901,1.909,27854.71
1779881100000,1.908,1.91,1.906,1.906,16189.94
1779881400000,1.906,1.906,1.9,1.903,22175.11
1779881700000,1.903,1.908,1.903,1.908,26655.78
1779882000000,1.908,1.908,1.901,1.902,21233.47
1779882300000,1.902,1.903,1.9,1.902,10823.6
1779882600000,1.903,1.905,1.901,1.903,12691.41
1779882900000,1.903,1.905,1.901,1.903,12674.37
1779883200000,1.903,1.903,1.893,1.896,48345.94
1779883500000,1.895,1.895,1.886,1.891,59735.92
1779883800000,1.891,1.891,1.885,1.888,17885.66
1779884100000,1.888,1.896,1.883,1.896,84553.26
1779884400000,1.896,1.917,1.895,1.904,76536.27
1779884700000,1.903,1.908,1.897,1.902,47325.8
1779885000000,1.903,1.903,1.897,1.897,13343.46
1779885300000,1.897,1.904,1.897,1.902,43642.61
1779885600000,1.902,1.903,1.897,1.9,7166.58
1779885900000,1.9,1.902,1.896,1.899,46377.22
1779886200000,1.898,1.899,1.893,1.897,15644.98
1779886500000,1.896,1.896,1.888,1.891,18154.77
1779886800000,1.892,1.897,1.888,1.888,17021.05
1779887100000,1.887,1.89,1.882,1.886,54633.05
1779887400000,1.886,1.891,1.886,1.891,11824.6
1779887700000,1.892,1.892,1.888,1.89,14952.34
1779888000000,1.89,1.89,1.883,1.889,34374.86
1779888300000,1.889,1.889,1.884,1.885,15144.15
1779888600000,1.884,1.885,1.875,1.883,85517.28
1779888900000,1.883,1.886,1.866,1.874,122040.29
1779889200000,1.875,1.877,1.87,1.875,47245.47
1779889500000,1.876,1.884,1.875,1.881,38447.4
1779889800000,1.881,1.891,1.878,1.891,52752.04
1779890100000,1.891,1.894,1.888,1.894,17371.9
1779890400000,1.895,1.907,1.895,1.902,42911.13
1779890700000,1.901,1.901,1.896,1.899,31059.58
1779891000000,1.899,1.899,1.884,1.884,90481.66
1779891300000,1.884,1.887,1.881,1.883,21746.44
1779891600000,1.882,1.882,1.87,1.871,33674.99
1779891900000,1.872,1.875,1.867,1.874,43824.21
1779892200000,1.873,1.881,1.872,1.879,53055.07
1779892500000,1.879,1.884,1.874,1.88,96664.06
1779892800000,1.879,1.893,1.876,1.89,212033.88
1779893100000,1.889,1.893,1.888,1.89,17993.2
1779893400000,1.89,1.901,1.89,1.901,95031.37
1779893700000,1.901,1.901,1.896,1.898,50197.76
1779894000000,1.898,1.903,1.898,1.9,48534.0
1779894300000,1.9,1.906,1.899,1.905,30745.1
1779894600000,1.904,1.91,1.903,1.909,20745.14
1779894900000,1.91,1.915,1.909,1.912,66771.07
1779895200000,1.911,1.915,1.907,1.915,24124.49
1779895500000,1.915,1.921,1.914,1.915,54452.75
1779895800000,1.916,1.921,1.913,1.915,28841.79
1779896100000,1.916,1.921,1.915,1.916,35866.0
1779896400000,1.916,1.916,1.902,1.904,39479.7
1779896700000,1.905,1.916,1.905,1.916,16959.7
1779897000000,1.915,1.917,1.907,1.908,22955.9
1779897300000,1.908,1.909,1.905,1.909,30639.0
1779897600000,1.908,1.914,1.902,1.902,50774.95
1779897900000,1.903,1.909,1.902,1.909,28589.56
1779898200000,1.91,1.915,1.909,1.91,12290.87
1779898500000,1.91,1.91,1.894,1.897,45796.18
1779898800000,1.898,1.903,1.898,1.902,25550.27
1779899100000,1.903,1.904,1.9,1.901,15207.76
1779899400000,1.9,1.906,1.895,1.896,18901.12
1779899700000,1.896,1.897,1.886,1.889,59074.18
1779900000000,1.888,1.9,1.887,1.894,52288.13
1779900300000,1.895,1.897,1.893,1.894,7814.84
1779900600000,1.894,1.899,1.892,1.897,11961.31
1779900900000,1.897,1.9,1.894,1.895,18307.77
1779901200000,1.895,1.9,1.889,1.899,25572.3
1779901500000,1.899,1.899,1.888,1.89,13728.57
1779901800000,1.889,1.892,1.882,1.885,13903.49
1779902100000,1.885,1.891,1.881,1.888,47957.37
1779902400000,1.888,1.894,1.886,1.887,20240.84
1779902700000,1.888,1.893,1.884,1.889,29672.77
1779903000000,1.89,1.894,1.888,1.89,42640.99
1779903300000,1.889,1.895,1.885,1.894,27567.79
1779903600000,1.894,1.898,1.892,1.897,35288.67
1779903900000,1.897,1.901,1.895,1.9,45289.49
1779904200000,1.901,1.902,1.894,1.895,26458.25
1779904500000,1.895,1.902,1.889,1.897,70916.4
1779904800000,1.896,1.896,1.884,1.885,12904.85
1779905100000,1.885,1.898,1.881,1.888,132390.73
1779905400000,1.887,1.89,1.885,1.889,7104.76
1779905700000,1.89,1.891,1.888,1.889,11565.7
1779906000000,1.889,1.889,1.883,1.887,15442.68
1779906300000,1.888,1.89,1.881,1.888,96675.8
1779906600000,1.889,1.893,1.889,1.891,19305.89
1779906900000,1.892,1.894,1.888,1.893,18383.79
1779907200000,1.893,1.899,1.891,1.893,11376.67
1779907500000,1.894,1.897,1.893,1.893,14215.64
1779907800000,1.893,1.902,1.893,1.898,15974.83
1779908100000,1.898,1.905,1.897,1.903,16921.02
1779908400000,1.903,1.91,1.902,1.905,21921.42
1779908700000,1.906,1.908,1.9,1.903,18081.37
1779909000000,1.903,1.909,1.9,1.904,50592.75
1779909300000,1.905,1.905,1.899,1.902,6216.53
1779909600000,1.902,1.911,1.897,1.911,22056.19
1779909900000,1.911,1.913,1.91,1.911,10175.36
1779910200000,1.911,1.916,1.91,1.913,14458.68
1779910500000,1.913,1.917,1.912,1.915,16104.58
1779910800000,1.914,1.915,1.911,1.912,9366.08
1779911100000,1.912,1.918,1.909,1.91,35952.7
1779911400000,1.909,1.914,1.909,1.912,22706.16
1779911700000,1.912,1.912,1.903,1.907,24617.06
1779912000000,1.906,1.908,1.902,1.904,16698.48
1779912300000,1.904,1.909,1.902,1.909,41831.93
1779912600000,1.909,1.912,1.908,1.911,14696.41
1779912900000,1.911,1.917,1.909,1.916,25574.79
1779913200000,1.916,1.918,1.909,1.909,26969.96
1779913500000,1.91,1.911,1.902,1.905,34135.33
1779913800000,1.904,1.906,1.898,1.9,27272.61
1779914100000,1.9,1.902,1.898,1.9,10804.42
1779914400000,1.9,1.906,1.9,1.906,28232.18
1779914700000,1.906,1.906,1.903,1.906,11624.96
1779915000000,1.906,1.906,1.896,1.897,23733.94
1779915300000,1.897,1.901,1.897,1.898,42331.2
1779915600000,1.898,1.898,1.892,1.895,22086.53
1779915900000,1.895,1.903,1.895,1.898,49527.8
1779916200000,1.899,1.899,1.894,1.897,74443.64
1779916500000,1.897,1.898,1.891,1.892,30911.74
1779916800000,1.893,1.893,1.89,1.892,23022.35
1779917100000,1.892,1.893,1.887,1.887,21144.82
1779917400000,1.886,1.886,1.878,1.878,26649.45
1779917700000,1.879,1.879,1.873,1.874,16805.67
1779918000000,1.873,1.875,1.845,1.855,289046.49
1779918300000,1.856,1.86,1.845,1.851,48031.22
1779918600000,1.852,1.855,1.846,1.849,104457.53
1779918900000,1.848,1.859,1.842,1.858,30913.27
1779919200000,1.858,1.868,1.856,1.864,52919.89
1779919500000,1.864,1.868,1.852,1.852,25810.83
1779919800000,1.853,1.853,1.844,1.848,64914.68
1779920100000,1.848,1.856,1.846,1.855,53282.03
1779920400000,1.855,1.856,1.834,1.84,161476.02
1779920700000,1.841,1.851,1.84,1.85,39898.71
1779921000000,1.85,1.85,1.834,1.836,95958.26
1779921300000,1.836,1.841,1.835,1.839,27330.09
1779921600000,1.84,1.844,1.836,1.837,18981.36
1779921900000,1.837,1.839,1.83,1.836,56464.29
1779922200000,1.835,1.841,1.833,1.841,28278.62
1779922500000,1.841,1.842,1.828,1.833,51233.0
1779922800000,1.832,1.836,1.828,1.834,60532.6
1779923100000,1.834,1.839,1.83,1.837,18657.85
1779923400000,1.837,1.839,1.832,1.833,13175.22
1779923700000,1.833,1.839,1.832,1.839,13579.14
1779924000000,1.839,1.839,1.831,1.833,11232.62
1779924300000,1.832,1.838,1.829,1.834,26473.8
1779924600000,1.834,1.84,1.834,1.839,28841.73
1779924900000,1.839,1.843,1.836,1.841,55494.88
1779925200000,1.842,1.845,1.839,1.843,32070.3
1779925500000,1.842,1.846,1.842,1.845,13763.6
1779925800000,1.846,1.848,1.842,1.846,27720.2
1779926100000,1.847,1.848,1.842,1.843,5074.92
1779926400000,1.843,1.849,1.839,1.846,38506.73
1779926700000,1.846,1.846,1.84,1.844,22150.14
1779927000000,1.845,1.845,1.832,1.834,30379.9
1779927300000,1.835,1.84,1.835,1.838,13156.74
1779927600000,1.839,1.839,1.831,1.832,17821.1
1779927900000,1.831,1.831,1.825,1.827,41071.0
1779928200000,1.828,1.83,1.825,1.83,10046.15
1779928500000,1.83,1.83,1.828,1.829,7850.35
1779928800000,1.828,1.83,1.823,1.829,48811.93
1779929100000,1.829,1.831,1.827,1.83,11013.76
1779929400000,1.83,1.835,1.828,1.835,10840.06
1779929700000,1.834,1.837,1.829,1.836,17226.41
1779930000000,1.836,1.837,1.834,1.836,9127.16
1779930300000,1.835,1.835,1.83,1.831,8798.46
1779930600000,1.832,1.832,1.827,1.83,8008.45
1779930900000,1.829,1.829,1.814,1.821,59113.05
1779931200000,1.821,1.824,1.816,1.822,19186.98
1779931500000,1.822,1.822,1.804,1.809,164869.57
1779931800000,1.809,1.815,1.804,1.813,104556.15
1779932100000,1.812,1.816,1.81,1.814,30768.43
1779932400000,1.814,1.82,1.811,1.819,51946.08
1779932700000,1.819,1.822,1.816,1.822,33728.62
1779933000000,1.822,1.822,1.81,1.81,40488.05
1779933300000,1.81,1.823,1.808,1.822,32815.02
1779933600000,1.823,1.824,1.816,1.818,16694.25
1779933900000,1.818,1.822,1.817,1.821,7348.56
1779934200000,1.821,1.822,1.819,1.82,15797.21
1779934500000,1.821,1.821,1.814,1.814,16879.16
1779934800000,1.815,1.816,1.813,1.815,12737.17
1779935100000,1.815,1.816,1.81,1.813,10969.37
1779935400000,1.814,1.815,1.807,1.813,17488.21
1779935700000,1.813,1.816,1.81,1.815,12401.02
1779936000000,1.815,1.816,1.813,1.813,11484.31
1779936300000,1.813,1.816,1.812,1.816,13661.5
1779936600000,1.816,1.816,1.811,1.814,22383.09
1779936900000,1.815,1.818,1.814,1.815,8207.91
1779937200000,1.816,1.817,1.812,1.815,9765.61
1779937500000,1.815,1.818,1.812,1.813,10054.8
1779937800000,1.812,1.813,1.807,1.812,17307.03
1779938100000,1.811,1.812,1.787,1.804,285740.66
1779938400000,1.804,1.812,1.804,1.812,33725.1
1779938700000,1.813,1.813,1.803,1.804,12402.56
1779939000000,1.804,1.807,1.801,1.801,35818.17
1779939300000,1.802,1.802,1.789,1.791,120324.38
1779939600000,1.791,1.796,1.786,1.788,50652.4
1779939900000,1.788,1.795,1.788,1.791,51732.12
1779940200000,1.791,1.793,1.782,1.784,61604.24
1779940500000,1.784,1.787,1.778,1.786,69866.52
1779940800000,1.786,1.786,1.77,1.784,153490.19
1779941100000,1.785,1.798,1.781,1.796,47655.57
1779941400000,1.796,1.798,1.789,1.789,33071.32
1779941700000,1.79,1.79,1.781,1.782,23517.33
1779942000000,1.782,1.782,1.776,1.782,79024.35
1779942300000,1.783,1.788,1.779,1.786,29428.71
1779942600000,1.785,1.792,1.784,1.791,13011.53
1779942900000,1.791,1.803,1.791,1.801,24768.77
1779943200000,1.801,1.805,1.799,1.804,29022.27
1779943500000,1.803,1.803,1.799,1.801,9288.06
1779943800000,1.8,1.802,1.794,1.799,16934.62
1779944100000,1.8,1.802,1.798,1.8,14276.98
1779944400000,1.801,1.802,1.796,1.797,11448.08
1779944700000,1.796,1.797,1.787,1.788,17593.74
1779945000000,1.788,1.789,1.784,1.785,20398.32
1779945300000,1.785,1.786,1.778,1.78,17613.96
1779945600000,1.78,1.787,1.78,1.785,31073.92
1779945900000,1.786,1.791,1.785,1.786,23149.75
1779946200000,1.787,1.794,1.787,1.793,28903.33
1779946500000,1.792,1.797,1.791,1.797,23731.38
1779946800000,1.797,1.798,1.795,1.797,4266.86
1779947100000,1.797,1.798,1.792,1.794,12381.55
1779947400000,1.794,1.8,1.794,1.798,5767.09
1779947700000,1.798,1.802,1.798,1.801,23963.88
1779948000000,1.801,1.803,1.8,1.8,19534.22
1779948300000,1.801,1.802,1.781,1.784,91324.83
1779948600000,1.784,1.784,1.777,1.78,29322.57
1779948900000,1.78,1.784,1.778,1.783,17875.6
1779949200000,1.784,1.788,1.78,1.782,14225.06
1779949500000,1.782,1.784,1.78,1.783,6928.09
1779949800000,1.782,1.784,1.779,1.78,12165.88
1779950100000,1.779,1.78,1.773,1.779,29881.42
1779950400000,1.779,1.784,1.778,1.783,14344.22
1779950700000,1.783,1.793,1.783,1.791,21897.99
1779951000000,1.791,1.792,1.788,1.788,12311.02
1779951300000,1.789,1.793,1.788,1.791,21746.59
1779951600000,1.791,1.796,1.788,1.789,16388.08
1779951900000,1.789,1.8,1.788,1.799,15142.6
1779952200000,1.8,1.802,1.796,1.8,8050.99
1779952500000,1.801,1.802,1.797,1.798,10709.21
1779952800000,1.799,1.811,1.798,1.809,82141.23
1779953100000,1.808,1.808,1.803,1.804,21248.23
1779953400000,1.805,1.81,1.804,1.81,12691.93
1779953700000,1.809,1.813,1.808,1.811,12123.29
1779954000000,1.811,1.813,1.808,1.813,15554.32
1779954300000,1.812,1.815,1.81,1.811,34152.79
1779954600000,1.81,1.812,1.801,1.802,41734.79
1779954900000,1.802,1.811,1.802,1.81,13209.43
1779955200000,1.81,1.812,1.801,1.806,15650.65
1779955500000,1.807,1.812,1.805,1.808,14323.7
1779955800000,1.808,1.811,1.806,1.81,4488.85
1779956100000,1.81,1.812,1.807,1.81,29647.8
1779956400000,1.81,1.811,1.806,1.808,9852.86
1779956700000,1.809,1.811,1.806,1.808,12023.95
1779957000000,1.808,1.809,1.803,1.806,13054.31
1779957300000,1.807,1.811,1.805,1.811,24781.73
1779957600000,1.81,1.811,1.805,1.806,29261.66
1779957900000,1.806,1.82,1.805,1.81,53836.39
1779958200000,1.81,1.814,1.806,1.814,17266.04
1779958500000,1.814,1.819,1.813,1.816,23208.1
1779958800000,1.816,1.833,1.815,1.827,88202.27
1779959100000,1.828,1.836,1.826,1.826,87702.96
1779959400000,1.827,1.832,1.824,1.829,38620.19
1779959700000,1.829,1.831,1.824,1.825,31874.82
1779960000000,1.826,1.827,1.821,1.826,17441.16
1779960300000,1.827,1.827,1.822,1.822,19814.02
1779960600000,1.822,1.828,1.82,1.823,57018.42
1779960900000,1.824,1.825,1.819,1.821,38241.77
1779961200000,1.821,1.823,1.82,1.821,14915.65
1779961500000,1.822,1.824,1.818,1.822,25956.86
1779961800000,1.821,1.821,1.817,1.817,26143.75
1779962100000,1.817,1.818,1.812,1.812,13155.58
1779962400000,1.812,1.822,1.812,1.82,28655.06
1779962700000,1.821,1.825,1.82,1.824,20242.12
1779963000000,1.824,1.826,1.823,1.825,14370.34
1779963300000,1.825,1.826,1.816,1.818,32750.8
1779963600000,1.819,1.82,1.807,1.808,65745.76
1779963900000,1.808,1.814,1.804,1.813,67823.0
1779964200000,1.812,1.813,1.808,1.81,38733.76
1779964500000,1.81,1.812,1.807,1.809,38404.81
1779964800000,1.808,1.81,1.805,1.805,23088.27
1779965100000,1.806,1.808,1.804,1.805,38082.07
1779965400000,1.805,1.805,1.795,1.799,74882.56
1779965700000,1.799,1.799,1.791,1.791,69851.57
1779966000000,1.792,1.794,1.787,1.788,68647.05
1779966300000,1.788,1.791,1.788,1.79,25510.33
1779966600000,1.791,1.798,1.789,1.796,70144.42
1779966900000,1.796,1.797,1.791,1.795,64610.7
1779967200000,1.795,1.796,1.776,1.78,518047.86
1779967500000,1.78,1.782,1.778,1.782,41228.33
1779967800000,1.781,1.786,1.78,1.785,58165.51
1779968100000,1.786,1.786,1.78,1.781,46686.15
1779968400000,1.781,1.784,1.775,1.781,238696.31
1779968700000,1.782,1.783,1.776,1.78,123754.42
1779969000000,1.78,1.78,1.775,1.78,70243.23
1779969300000,1.78,1.784,1.772,1.781,235030.73
1779969600000,1.781,1.784,1.777,1.777,334509.22
1779969900000,1.777,1.779,1.775,1.777,93319.23
1779970200000,1.776,1.777,1.766,1.769,301869.72
1779970500000,1.77,1.773,1.763,1.765,174314.84
1779970800000,1.766,1.767,1.761,1.765,182780.97
1779971100000,1.765,1.767,1.761,1.764,144570.78
1779971400000,1.765,1.774,1.764,1.771,110272.3
1779971700000,1.771,1.775,1.765,1.773,116658.8
1779972000000,1.774,1.775,1.769,1.771,158893.49
1779972300000,1.771,1.778,1.769,1.774,164930.45
1779972600000,1.774,1.776,1.754,1.758,541660.88
1779972900000,1.758,1.764,1.755,1.764,51570.59
1779973200000,1.764,1.769,1.759,1.762,63773.17
1779973500000,1.761,1.762,1.757,1.76,64549.55
1779973800000,1.76,1.76,1.754,1.754,149397.22
1779974100000,1.755,1.756,1.749,1.751,218210.52
1779974400000,1.752,1.756,1.749,1.753,142667.06
1779974700000,1.752,1.762,1.747,1.757,124447.04
1779975000000,1.757,1.759,1.75,1.755,103060.36
1779975300000,1.754,1.756,1.747,1.751,129207.03
1779975600000,1.751,1.752,1.719,1.736,590842.31
1779975900000,1.735,1.744,1.734,1.739,249677.55
1779976200000,1.739,1.745,1.735,1.742,139324.47
1779976500000,1.743,1.744,1.736,1.739,120039.33
1779976800000,1.74,1.741,1.727,1.73,235685.94
1779977100000,1.731,1.733,1.72,1.732,271118.32
1779977400000,1.731,1.744,1.72,1.743,203455.76
1779977700000,1.743,1.763,1.739,1.759,175057.18
1779978000000,1.759,1.76,1.736,1.74,82489.62
1779978300000,1.74,1.75,1.739,1.747,86827.3
1779978600000,1.746,1.752,1.739,1.739,95746.26
1779978900000,1.739,1.745,1.734,1.741,129529.4
1779979200000,1.74,1.744,1.732,1.735,60220.45
1779979500000,1.736,1.741,1.732,1.735,121390.2
1779979800000,1.735,1.743,1.734,1.738,43386.41
1779980100000,1.738,1.749,1.737,1.748,105935.98
1779980400000,1.749,1.75,1.745,1.748,42775.1
1779980700000,1.749,1.753,1.74,1.742,474103.23
1779981000000,1.742,1.746,1.739,1.74,104142.45
1779981300000,1.741,1.749,1.74,1.742,171597.13
1779981600000,1.743,1.75,1.739,1.748,96459.97
1779981900000,1.748,1.754,1.747,1.749,87544.17
1779982200000,1.749,1.75,1.741,1.746,68593.71
1779982500000,1.747,1.752,1.745,1.746,48267.73
1779982800000,1.747,1.749,1.74,1.743,94094.57
1779983100000,1.743,1.744,1.737,1.742,53428.88
1779983400000,1.742,1.744,1.74,1.742,20378.62
1779983700000,1.742,1.752,1.741,1.751,396264.88
1779984000000,1.752,1.753,1.746,1.746,98037.52
1779984300000,1.746,1.753,1.744,1.753,72879.58
1779984600000,1.753,1.764,1.753,1.763,132535.53
1779984900000,1.764,1.769,1.758,1.758,118133.6
1779985200000,1.758,1.771,1.755,1.765,110524.38
1779985500000,1.765,1.766,1.759,1.759,82262.23
1779985800000,1.759,1.761,1.758,1.761,12291.22
1779986100000,1.761,1.765,1.76,1.763,17468.11
1779986400000,1.762,1.77,1.762,1.769,36089.14
1779986700000,1.769,1.776,1.768,1.773,116852.72
1779987000000,1.773,1.783,1.77,1.777,146007.5
1779987300000,1.778,1.78,1.775,1.78,67476.92
1779987600000,1.78,1.781,1.77,1.771,66981.23
1779987900000,1.772,1.781,1.771,1.78,34977.75
1779988200000,1.78,1.781,1.773,1.774,19210.36
1779988500000,1.774,1.779,1.772,1.779,14396.45
1779988800000,1.779,1.781,1.77,1.77,45207.21
1779989100000,1.771,1.774,1.767,1.771,55583.63
1779989400000,1.771,1.779,1.77,1.778,11314.07
1779989700000,1.779,1.782,1.776,1.78,43290.47
1779990000000,1.78,1.78,1.772,1.772,21656.72
1779990300000,1.773,1.78,1.773,1.779,28773.11
1779990600000,1.778,1.78,1.775,1.775,27876.43
1779990900000,1.774,1.779,1.772,1.775,5977.89
1779991200000,1.776,1.787,1.774,1.783,41062.0
1779991500000,1.784,1.791,1.782,1.789,43479.29
1779991800000,1.79,1.795,1.789,1.793,50110.99
1779992100000,1.793,1.797,1.79,1.791,40010.35
1779992400000,1.791,1.794,1.787,1.79,12626.32
1779992700000,1.79,1.791,1.785,1.785,19518.78
1779993000000,1.784,1.786,1.779,1.784,21150.17
1779993300000,1.784,1.784,1.778,1.78,31261.94
1779993600000,1.78,1.785,1.779,1.783,68902.03
1779993900000,1.783,1.784,1.777,1.779,45339.71
1779994200000,1.779,1.784,1.779,1.782,50051.89
1779994500000,1.781,1.783,1.779,1.78,31752.66
1779994800000,1.781,1.781,1.77,1.77,36472.75
1779995100000,1.77,1.773,1.768,1.768,36900.15
1779995400000,1.768,1.769,1.764,1.766,48533.11
1779995700000,1.765,1.768,1.764,1.767,50088.16
1779996000000,1.766,1.772,1.766,1.77,37868.16
1779996300000,1.77,1.779,1.77,1.778,19018.47
1779996600000,1.778,1.779,1.771,1.772,8425.51
1779996900000,1.772,1.776,1.77,1.771,19058.19
1779997200000,1.77,1.778,1.77,1.776,14333.59
1779997500000,1.777,1.78,1.776,1.777,9488.48
1779997800000,1.777,1.78,1.775,1.779,22843.85
1779998100000,1.779,1.78,1.774,1.775,22215.13
1779998400000,1.775,1.779,1.769,1.769,8393.96
1779998700000,1.768,1.769,1.764,1.768,36053.45
1779999000000,1.767,1.773,1.766,1.769,19502.45
1779999300000,1.768,1.775,1.767,1.774,22474.09
1779999600000,1.774,1.776,1.77,1.774,194859.27
1779999900000,1.775,1.779,1.773,1.779,134667.05
1780000200000,1.78,1.791,1.779,1.786,57905.51
1780000500000,1.787,1.787,1.782,1.782,16175.67
1780000800000,1.783,1.786,1.782,1.784,11713.42
1780001100000,1.784,1.784,1.779,1.781,10048.21
1780001400000,1.781,1.781,1.778,1.778,10056.16
1780001700000,1.778,1.778,1.773,1.773,6420.18
1780002000000,1.774,1.778,1.771,1.772,81687.29
1780002300000,1.772,1.78,1.771,1.779,40550.94
1780002600000,1.78,1.787,1.779,1.785,65546.13
1780002900000,1.786,1.786,1.778,1.778,62213.85
1780003200000,1.778,1.787,1.777,1.785,66481.83
1780003500000,1.786,1.788,1.784,1.786,47308.68
1780003800000,1.785,1.787,1.782,1.784,64365.9
1780004100000,1.784,1.786,1.781,1.785,55291.54
1780004400000,1.785,1.788,1.783,1.786,30174.85
1780004700000,1.785,1.786,1.782,1.785,4595.26
1780005000000,1.785,1.787,1.784,1.785,7490.15
1780005300000,1.784,1.784,1.78,1.78,22833.69
1780005600000,1.781,1.783,1.777,1.778,18433.37
1780005900000,1.778,1.778,1.772,1.775,8867.71
1780006200000,1.775,1.775,1.77,1.772,18924.67
1780006500000,1.771,1.772,1.767,1.767,15975.9
1780006800000,1.766,1.767,1.764,1.767,5745.63
1780007100000,1.767,1.768,1.763,1.764,15191.17
1780007400000,1.763,1.764,1.761,1.762,3397.34
1780007700000,1.761,1.765,1.761,1.763,3077.46
1780008000000,1.763,1.763,1.761,1.763,3085.09
1780008300000,1.763,1.768,1.763,1.767,3317.25
1780008600000,1.767,1.769,1.766,1.767,5701.28
1780008900000,1.768,1.769,1.762,1.764,23658.13
1780009200000,1.763,1.765,1.759,1.764,13458.74
1780009500000,1.764,1.767,1.764,1.767,5707.79
1780009800000,1.766,1.769,1.766,1.769,3072.36
1780010100000,1.768,1.774,1.768,1.77,15756.7
1780010400000,1.77,1.772,1.77,1.771,1194.17
1780010700000,1.771,1.776,1.771,1.775,9610.15
1780011000000,1.775,1.777,1.77,1.77,3529.86
1780011300000,1.771,1.772,1.766,1.767,15784.29
1780011600000,1.766,1.773,1.765,1.771,23515.1
1780011900000,1.771,1.771,1.768,1.771,4567.81
1780012200000,1.772,1.772,1.769,1.77,3235.48
1780012500000,1.77,1.776,1.77,1.773,6717.25
1780012800000,1.772,1.779,1.772,1.774,16245.4
1780013100000,1.774,1.774,1.768,1.769,12413.86
1780013400000,1.77,1.774,1.77,1.771,18922.54
1780013700000,1.771,1.771,1.763,1.767,51515.52
1780014000000,1.767,1.772,1.766,1.771,11297.52
1780014300000,1.771,1.777,1.771,1.777,12238.44
1780014600000,1.776,1.78,1.775,1.778,87486.16
1780014900000,1.778,1.784,1.778,1.784,16147.14
1780015200000,1.784,1.784,1.779,1.782,14848.64
1780015500000,1.782,1.783,1.777,1.777,10348.52
1780015800000,1.777,1.78,1.774,1.774,7638.92
1780016100000,1.774,1.779,1.773,1.778,17397.7
1780016400000,1.778,1.781,1.778,1.78,7077.72
1780016700000,1.781,1.786,1.781,1.783,12791.87
1780017000000,1.782,1.783,1.78,1.78,13770.96
1780017300000,1.78,1.781,1.778,1.779,18616.53
1780017600000,1.779,1.779,1.772,1.774,20478.82
1780017900000,1.774,1.774,1.769,1.769,10989.32
1780018200000,1.769,1.77,1.767,1.769,15683.55
1780018500000,1.768,1.769,1.766,1.768,11969.02
1780018800000,1.767,1.771,1.766,1.77,10964.5
1780019100000,1.769,1.771,1.767,1.767,14271.66
1780019400000,1.767,1.773,1.767,1.773,9865.71
1780019700000,1.773,1.775,1.772,1.772,17894.39
1780020000000,1.772,1.776,1.77,1.774,61359.91
1780020300000,1.774,1.776,1.771,1.773,9773.99
1780020600000,1.773,1.774,1.771,1.773,9061.93
1780020900000,1.773,1.775,1.772,1.775,11839.18
1780021200000,1.775,1.775,1.768,1.768,16034.18
1780021500000,1.767,1.769,1.764,1.765,55194.05
1780021800000,1.764,1.772,1.762,1.771,18218.02
1780022100000,1.771,1.774,1.77,1.77,13816.42
1780022400000,1.77,1.77,1.763,1.765,16659.14
1780022700000,1.765,1.768,1.765,1.767,17229.1
1780023000000,1.766,1.767,1.758,1.759,24978.23
1780023300000,1.759,1.762,1.759,1.759,29057.9
1780023600000,1.76,1.762,1.759,1.761,29331.32
1780023900000,1.761,1.764,1.76,1.764,65507.9
1780024200000,1.764,1.772,1.763,1.771,28986.31
1780024500000,1.771,1.774,1.771,1.774,10400.39
1780024800000,1.774,1.775,1.77,1.77,11019.4
1780025100000,1.771,1.773,1.77,1.772,7102.47
1780025400000,1.773,1.773,1.767,1.768,15293.61
1780025700000,1.767,1.768,1.762,1.764,13014.71
1780026000000,1.764,1.766,1.763,1.764,9407.59
1780026300000,1.763,1.763,1.759,1.762,20683.84
1780026600000,1.762,1.763,1.756,1.76,12458.67
1780026900000,1.76,1.76,1.758,1.759,10546.07
1780027200000,1.758,1.761,1.758,1.759,10011.95
1780027500000,1.76,1.76,1.754,1.754,23976.72
1780027800000,1.755,1.757,1.753,1.756,32695.94
1780028100000,1.757,1.759,1.756,1.757,5932.72
1780028400000,1.757,1.762,1.757,1.762,8595.98
1780028700000,1.761,1.763,1.76,1.763,13588.5
1780029000000,1.762,1.765,1.76,1.764,13284.27
1780029300000,1.764,1.765,1.762,1.765,14174.31
1780029600000,1.764,1.766,1.763,1.764,10310.6
1780029900000,1.765,1.767,1.763,1.765,6711.9
1780030200000,1.765,1.766,1.764,1.766,6295.98
1780030500000,1.766,1.771,1.765,1.769,7379.8
1780030800000,1.769,1.772,1.768,1.771,18051.9
1780031100000,1.771,1.773,1.77,1.772,9411.16
1780031400000,1.772,1.774,1.769,1.771,11886.82
1780031700000,1.771,1.772,1.769,1.771,11912.79
1780032000000,1.771,1.771,1.768,1.77,13131.55
1780032300000,1.77,1.77,1.766,1.767,9765.73
1780032600000,1.766,1.767,1.762,1.762,8907.5
1780032900000,1.762,1.765,1.762,1.762,10481.92
1780033200000,1.762,1.77,1.761,1.769,28563.79
1780033500000,1.768,1.774,1.768,1.772,13191.3
1780033800000,1.771,1.771,1.767,1.768,23624.99
1780034100000,1.768,1.77,1.766,1.769,12584.96
1780034400000,1.768,1.774,1.768,1.773,14379.27
1780034700000,1.772,1.776,1.771,1.773,14915.79
1780035000000,1.773,1.777,1.773,1.777,22905.56
1780035300000,1.777,1.782,1.775,1.779,142378.02
1780035600000,1.778,1.788,1.778,1.787,49479.45
1780035900000,1.786,1.786,1.781,1.782,28355.78
1780036200000,1.782,1.785,1.78,1.781,17516.6
1780036500000,1.781,1.782,1.778,1.782,11131.46
1780036800000,1.782,1.786,1.782,1.786,8664.39
1780037100000,1.786,1.786,1.782,1.783,15317.12
1780037400000,1.784,1.795,1.784,1.794,39602.03
1780037700000,1.794,1.797,1.792,1.797,16905.71
1780038000000,1.797,1.797,1.792,1.795,21664.8
1780038300000,1.795,1.796,1.793,1.795,10243.28
1780038600000,1.795,1.8,1.79,1.792,39766.48
1780038900000,1.792,1.793,1.789,1.793,67368.24
1780039200000,1.792,1.797,1.792,1.796,10878.71
1780039500000,1.795,1.795,1.786,1.788,24141.24
1780039800000,1.788,1.788,1.779,1.78,72787.46
1780040100000,1.78,1.783,1.778,1.78,81056.13
1780040400000,1.78,1.782,1.778,1.779,73534.84
1780040700000,1.779,1.785,1.777,1.783,68930.6
1780041000000,1.783,1.792,1.782,1.788,139977.26
1780041300000,1.787,1.798,1.785,1.793,208445.16
1780041600000,1.792,1.801,1.791,1.797,59049.37
1780041900000,1.797,1.8,1.792,1.797,73254.7
1780042200000,1.797,1.8,1.791,1.796,65023.59
1780042500000,1.795,1.795,1.789,1.792,80129.35
1780042800000,1.792,1.798,1.792,1.794,29160.26
1780043100000,1.794,1.795,1.788,1.789,46628.48
1780043400000,1.788,1.788,1.776,1.78,102025.64
1780043700000,1.779,1.782,1.778,1.781,26974.63
1780044000000,1.781,1.784,1.78,1.783,28226.46
1780044300000,1.783,1.783,1.775,1.775,82569.3
1780044600000,1.775,1.779,1.774,1.777,19459.39
1780044900000,1.777,1.779,1.774,1.778,33399.55
1780045200000,1.778,1.781,1.774,1.775,32529.62
1780045500000,1.774,1.777,1.771,1.777,24535.02
1780045800000,1.778,1.78,1.776,1.777,10504.99
1780046100000,1.778,1.787,1.777,1.784,51737.23
1780046400000,1.784,1.785,1.783,1.785,29221.65
1780046700000,1.785,1.788,1.781,1.788,11318.61
1780047000000,1.787,1.788,1.782,1.785,13705.99
1780047300000,1.784,1.788,1.784,1.786,7583.19
1780047600000,1.786,1.79,1.785,1.787,18790.98
1780047900000,1.786,1.787,1.783,1.783,12356.33
1780048200000,1.782,1.784,1.779,1.783,21453.16
1780048500000,1.783,1.788,1.781,1.787,25757.23
1780048800000,1.786,1.789,1.784,1.787,23340.62
1780049100000,1.787,1.79,1.786,1.786,36201.7
1780049400000,1.787,1.789,1.785,1.787,21739.04
1780049700000,1.787,1.789,1.784,1.784,29935.63
1780050000000,1.785,1.787,1.784,1.786,6830.91
1780050300000,1.786,1.788,1.783,1.787,24601.19
1780050600000,1.786,1.786,1.78,1.786,13811.09
1780050900000,1.786,1.788,1.784,1.784,17297.29
1780051200000,1.784,1.788,1.78,1.784,31123.27
1780051500000,1.784,1.788,1.782,1.788,38871.26
1780051800000,1.787,1.788,1.781,1.782,30680.0
1780052100000,1.782,1.784,1.78,1.781,13763.54
1780052400000,1.78,1.78,1.776,1.777,26965.53
1780052700000,1.776,1.778,1.774,1.777,55696.12
1780053000000,1.776,1.779,1.773,1.774,22920.86
1780053300000,1.775,1.78,1.775,1.779,51112.9
1780272000000,1.896,1.901,1.894,1.899,43639.39
1780272300000,1.9,1.9,1.891,1.894,58992.25
1780272600000,1.894,1.905,1.894,1.905,57236.78
1780272900000,1.906,1.909,1.898,1.898,36098.87
1780273200000,1.898,1.913,1.898,1.912,66617.63
1780273500000,1.912,1.92,1.911,1.92,154712.95
1780273800000,1.921,1.925,1.908,1.923,114104.64
1780274100000,1.923,1.927,1.919,1.922,38340.92
1780274400000,1.922,1.926,1.916,1.925,22629.63
1780274700000,1.926,1.929,1.922,1.925,41311.04
1780275000000,1.926,1.928,1.921,1.922,56458.0
1780275300000,1.922,1.946,1.919,1.938,272286.68
1780275600000,1.937,1.94,1.932,1.935,134725.51
1780275900000,1.935,1.938,1.922,1.923,109258.56
1780276200000,1.922,1.927,1.92,1.927,23207.57
1780276500000,1.928,1.932,1.926,1.926,16349.84
1780276800000,1.927,1.929,1.919,1.92,105216.37
1780277100000,1.919,1.921,1.915,1.918,49724.72
1780277400000,1.918,1.927,1.913,1.927,43286.28
1780277700000,1.928,1.936,1.928,1.935,53102.49
1780278000000,1.936,1.947,1.933,1.936,91224.14
1780278300000,1.936,1.943,1.929,1.943,83541.43
1780278600000,1.943,1.945,1.926,1.926,83028.28
1780278900000,1.926,1.927,1.898,1.903,351280.57
1780279200000,1.904,1.908,1.9,1.904,77237.25
1780279500000,1.903,1.916,1.903,1.916,62008.88
1780279800000,1.916,1.928,1.916,1.918,73264.29
1780280100000,1.918,1.922,1.914,1.916,18409.26
1780280400000,1.916,1.924,1.915,1.924,16896.81
1780280700000,1.924,1.931,1.924,1.929,21313.8
1780281000000,1.929,1.932,1.927,1.93,17116.78
1780281300000,1.931,1.937,1.927,1.935,33290.92
1780281600000,1.935,1.958,1.935,1.95,158217.36
1780281900000,1.95,1.954,1.942,1.953,50726.19
1780282200000,1.953,1.955,1.945,1.946,42678.69
1780282500000,1.945,1.961,1.944,1.956,91413.28
1780282800000,1.956,1.969,1.956,1.965,154849.92
1780283100000,1.966,1.98,1.963,1.978,192581.96
1780283400000,1.978,1.98,1.969,1.978,85517.88
1780283700000,1.978,1.981,1.972,1.973,94708.65
1780284000000,1.972,1.981,1.97,1.979,59445.86
1780284300000,1.979,1.986,1.967,1.972,154822.4
1780284600000,1.973,1.983,1.973,1.981,79254.02
1780284900000,1.981,1.985,1.979,1.979,51158.25
1780285200000,1.98,1.987,1.979,1.985,62828.77
1780285500000,1.986,2.018,1.983,2.009,265474.84
1780285800000,2.009,2.02,2.008,2.01,208329.69
1780286100000,2.01,2.016,1.999,2.002,105310.72
1780286400000,2.001,2.022,2.001,2.013,141089.01
1780286700000,2.013,2.013,1.985,1.986,113024.97
1780287000000,1.986,1.989,1.973,1.978,144384.55
1780287300000,1.978,1.988,1.968,1.971,172004.34
1780287600000,1.97,1.974,1.963,1.963,55065.77
1780287900000,1.963,1.967,1.959,1.961,118598.44
1780288200000,1.962,1.977,1.962,1.967,104404.02
1780288500000,1.967,1.981,1.967,1.977,90383.66
1780288800000,1.978,1.984,1.974,1.98,50218.77
1780289100000,1.979,1.979,1.952,1.96,101045.11
1780289400000,1.961,1.992,1.961,1.99,121274.98
1780289700000,1.99,2.002,1.985,1.997,130164.99
1780290000000,1.997,2.002,1.982,1.991,275476.36
1780290300000,1.992,1.995,1.981,1.982,107537.07
1780290600000,1.982,1.983,1.97,1.977,183361.21
1780290900000,1.978,1.98,1.968,1.972,67255.0
1780291200000,1.972,1.979,1.967,1.971,35664.77
1780291500000,1.971,1.971,1.96,1.963,93112.75
1780291800000,1.964,1.972,1.959,1.963,62803.94
1780292100000,1.964,1.964,1.953,1.959,90529.28
1780292400000,1.96,1.964,1.949,1.955,68412.64
1780292700000,1.955,1.967,1.955,1.962,46286.37
1780293000000,1.961,1.961,1.952,1.957,38727.62
1780293300000,1.958,1.959,1.94,1.945,77612.58
1780293600000,1.945,1.955,1.945,1.945,66611.94
1780293900000,1.945,1.95,1.924,1.926,214317.4
1780294200000,1.926,1.944,1.923,1.942,91109.64
1780294500000,1.942,1.96,1.94,1.957,112446.42
1780294800000,1.957,1.957,1.944,1.951,124957.84
1780295100000,1.95,1.952,1.937,1.943,118964.05
1780295400000,1.943,1.944,1.934,1.939,101252.6
1780295700000,1.939,1.941,1.934,1.935,38034.24
1780296000000,1.935,1.946,1.933,1.937,89359.7
1780296300000,1.937,1.947,1.931,1.945,105636.97
1780296600000,1.945,1.956,1.944,1.945,88264.56
1780296900000,1.945,1.948,1.943,1.946,21241.72
1780297200000,1.945,1.954,1.941,1.953,61391.6
1780297500000,1.952,1.957,1.95,1.954,50488.52
1780297800000,1.953,1.964,1.953,1.96,82921.75
1780298100000,1.961,1.964,1.946,1.953,86143.96
1780298400000,1.954,1.954,1.947,1.948,71676.85
1780298700000,1.949,1.956,1.949,1.95,48373.28
1780299000000,1.949,1.955,1.939,1.947,75829.12
1780299300000,1.947,1.957,1.941,1.952,115139.19
1780299600000,1.953,1.953,1.93,1.933,103788.99
1780299900000,1.933,1.938,1.92,1.925,174687.16
1780300200000,1.926,1.934,1.922,1.929,60602.06
1780300500000,1.928,1.94,1.924,1.927,85594.45
1780300800000,1.928,1.933,1.92,1.933,80546.47
1780301100000,1.933,1.943,1.931,1.941,28646.33
1780301400000,1.941,1.949,1.94,1.942,39153.92
1780301700000,1.941,1.946,1.936,1.946,33867.08
1780302000000,1.945,1.95,1.943,1.945,48267.65
1780302300000,1.946,1.952,1.932,1.935,82040.2
1780302600000,1.936,1.939,1.921,1.937,211338.56
1780302900000,1.938,1.944,1.937,1.939,41636.57
1780303200000,1.938,1.938,1.926,1.927,42575.48
1780303500000,1.928,1.94,1.928,1.931,57979.81
1780303800000,1.931,1.94,1.93,1.937,52840.05
1780304100000,1.936,1.945,1.936,1.938,44241.21
1780304400000,1.938,1.942,1.933,1.934,35737.97
1780304700000,1.934,1.943,1.933,1.941,18755.67
1780305000000,1.942,1.946,1.937,1.94,33881.27
1780305300000,1.939,1.941,1.934,1.941,21878.17
1780305600000,1.941,1.947,1.938,1.94,21044.86
1780305900000,1.941,1.947,1.934,1.935,59057.45
1780306200000,1.934,1.934,1.924,1.928,72318.08
1780306500000,1.927,1.929,1.922,1.925,45494.83
1780306800000,1.925,1.929,1.921,1.922,79053.99
1780307100000,1.922,1.936,1.92,1.933,43895.95
1780307400000,1.933,1.94,1.929,1.929,93051.32
1780307700000,1.93,1.935,1.929,1.933,39483.5
1780308000000,1.934,1.938,1.928,1.935,35210.67
1780308300000,1.935,1.956,1.935,1.951,133114.73
1780308600000,1.951,1.959,1.949,1.949,55104.41
1780308900000,1.95,1.954,1.945,1.951,114821.64
1780309200000,1.951,1.961,1.945,1.947,55550.57
1780309500000,1.947,1.95,1.94,1.942,56294.33
1780309800000,1.941,1.949,1.937,1.937,25507.62
1780310100000,1.938,1.947,1.937,1.946,12799.22
1780310400000,1.946,1.948,1.939,1.944,28329.16
1780310700000,1.944,1.954,1.944,1.95,72308.86
1780311000000,1.95,1.95,1.942,1.944,33828.39
1780311300000,1.944,1.944,1.937,1.94,74757.04
1780311600000,1.94,1.941,1.93,1.932,37768.07
1780311900000,1.931,1.933,1.927,1.93,26408.24
1780312200000,1.931,1.932,1.922,1.926,43158.91
1780312500000,1.927,1.935,1.921,1.934,46100.93
1780312800000,1.935,1.936,1.929,1.932,23581.63
1780313100000,1.932,1.932,1.927,1.929,21991.53
1780313400000,1.929,1.931,1.925,1.931,28635.31
1780313700000,1.931,1.933,1.925,1.926,20517.71
1780314000000,1.926,1.931,1.921,1.922,31603.42
1780314300000,1.923,1.925,1.876,1.885,542457.69
1780314600000,1.885,1.898,1.883,1.893,126252.35
1780314900000,1.894,1.9,1.892,1.896,43974.96
1780315200000,1.897,1.906,1.896,1.903,42991.59
1780315500000,1.904,1.905,1.89,1.893,59328.2
1780315800000,1.894,1.898,1.888,1.893,71248.31
1780316100000,1.894,1.903,1.894,1.899,71490.04
1780316400000,1.899,1.92,1.899,1.918,95653.59
1780316700000,1.917,1.926,1.916,1.924,52575.77
1780317000000,1.924,1.933,1.923,1.927,71482.28
1780317300000,1.928,1.941,1.926,1.941,86715.94
1780317600000,1.941,1.945,1.937,1.944,89093.33
1780317900000,1.944,1.947,1.939,1.944,98923.89
1780318200000,1.945,1.954,1.94,1.953,61746.61
1780318500000,1.953,1.954,1.943,1.943,39683.34
1780318800000,1.943,1.948,1.932,1.933,44876.11
1780319100000,1.933,1.937,1.932,1.932,32310.92
1780319400000,1.933,1.934,1.921,1.932,92553.38
1780319700000,1.931,1.943,1.929,1.941,110467.1
1780320000000,1.942,1.96,1.94,1.949,246411.75
1780320300000,1.948,1.948,1.932,1.933,59251.58
1780320600000,1.932,1.947,1.925,1.94,60447.2
1780320900000,1.939,1.954,1.939,1.943,69367.65
1780321200000,1.942,1.947,1.933,1.942,48145.33
1780321500000,1.943,1.95,1.927,1.93,102593.99
1780321800000,1.93,1.937,1.928,1.928,103755.99
1780322100000,1.928,1.945,1.92,1.937,276094.58
1780322400000,1.937,1.951,1.933,1.945,150628.24
1780322700000,1.945,1.945,1.933,1.939,69058.11
1780323000000,1.939,1.94,1.932,1.937,52209.99
1780323300000,1.936,1.941,1.928,1.937,107202.07
1780323600000,1.937,1.947,1.937,1.943,70981.97
1780323900000,1.943,1.951,1.942,1.942,58878.72
1780324200000,1.942,1.945,1.931,1.933,68104.45
1780324500000,1.932,1.95,1.932,1.945,48171.09
1780324800000,1.944,1.952,1.944,1.95,50648.48
1780325100000,1.951,1.959,1.95,1.959,88459.9
1780325400000,1.959,1.961,1.945,1.946,61423.62
1780325700000,1.947,1.948,1.939,1.94,61657.69
1780326000000,1.941,1.949,1.938,1.948,64421.34
1780326300000,1.948,1.968,1.946,1.966,285454.75
1780326600000,1.966,1.98,1.966,1.978,237029.89
1780326900000,1.978,1.98,1.958,1.963,195491.5
1780327200000,1.963,1.969,1.947,1.951,198709.39
1780327500000,1.951,1.952,1.941,1.948,57812.48
1780327800000,1.948,1.977,1.945,1.97,171574.38
1780328100000,1.97,2.018,1.965,1.997,849209.01
1780328400000,1.998,2.15,1.996,2.129,4225850.94
1780328700000,2.129,2.129,2.057,2.099,2057748.66
1780329000000,2.098,2.104,2.044,2.06,996618.17
1780329300000,2.06,2.083,2.059,2.08,527742.47
1780329600000,2.079,2.099,2.075,2.095,544553.82
1780329900000,2.095,2.1,2.069,2.089,471181.86
1780330200000,2.09,2.117,2.088,2.113,704586.01
1780330500000,2.113,2.161,2.111,2.148,895672.08
1780330800000,2.149,2.187,2.144,2.182,1032899.41
1780331100000,2.183,2.19,2.154,2.18,663230.81
1780331400000,2.179,2.194,2.151,2.17,772366.06
1780331700000,2.17,2.22,2.167,2.209,1006181.32
1780332000000,2.208,2.245,2.205,2.238,1254601.56
1780332300000,2.238,2.278,2.235,2.264,1021548.71
1780332600000,2.265,2.282,2.209,2.227,1008185.66
1780332900000,2.226,2.265,2.214,2.248,591577.0
1780333200000,2.249,2.251,2.203,2.205,661891.66
1780333500000,2.204,2.224,2.168,2.181,974639.74
1780333800000,2.181,2.19,2.167,2.171,297715.96
1780334100000,2.171,2.173,2.122,2.154,772304.33
1780334400000,2.155,2.167,2.142,2.152,409549.75
1780334700000,2.152,2.168,2.15,2.16,325990.57
1780335000000,2.159,2.176,2.154,2.157,196472.2
1780335300000,2.157,2.183,2.157,2.17,129848.49
1780335600000,2.17,2.189,2.16,2.189,162495.45
1780335900000,2.188,2.191,2.167,2.174,200349.61
1780336200000,2.175,2.19,2.167,2.187,134076.72
1780336500000,2.188,2.197,2.177,2.179,177429.58
1780336800000,2.179,2.192,2.179,2.187,113764.5
1780337100000,2.187,2.21,2.186,2.204,399318.33
1780337400000,2.204,2.217,2.185,2.187,195518.6
1780337700000,2.188,2.203,2.186,2.19,116584.45
1780338000000,2.19,2.205,2.188,2.203,132070.37
1780338300000,2.203,2.216,2.199,2.216,278652.07
1780338600000,2.215,2.217,2.186,2.209,152529.14
1780338900000,2.208,2.214,2.197,2.2,187776.0
1780339200000,2.201,2.208,2.18,2.186,173743.07
1780339500000,2.185,2.189,2.173,2.175,162052.27
1780339800000,2.176,2.203,2.176,2.202,94414.15
1780340100000,2.201,2.218,2.201,2.208,209598.51
1780340400000,2.208,2.214,2.198,2.211,124332.13
1780340700000,2.212,2.219,2.193,2.194,125696.05
1780341000000,2.193,2.201,2.187,2.194,133482.65
1780341300000,2.195,2.206,2.191,2.2,139488.74
1780341600000,2.201,2.204,2.182,2.191,185446.51
1780341900000,2.191,2.197,2.182,2.185,198710.96
1780342200000,2.185,2.196,2.184,2.19,68980.12
1780342500000,2.191,2.211,2.189,2.211,125285.73
1780342800000,2.212,2.22,2.207,2.219,199984.48
1780343100000,2.218,2.239,2.208,2.208,353513.8
1780343400000,2.208,2.217,2.204,2.21,96762.01
1780343700000,2.211,2.219,2.192,2.206,344282.53
1780344000000,2.207,2.208,2.188,2.201,117311.13
1780344300000,2.2,2.202,2.182,2.19,156743.87
1780344600000,2.189,2.209,2.188,2.201,143091.57
1780344900000,2.202,2.206,2.196,2.204,51067.03
1780345200000,2.204,2.219,2.201,2.212,84872.29
1780345500000,2.212,2.212,2.175,2.182,410606.71
1780345800000,2.182,2.186,2.178,2.184,52836.32
1780346100000,2.183,2.186,2.172,2.176,95836.65
1780346400000,2.176,2.183,2.163,2.163,136939.11
1780346700000,2.164,2.178,2.164,2.174,78823.23
1780347000000,2.173,2.174,2.163,2.168,54897.08
1780347300000,2.168,2.169,2.155,2.159,77055.89
1780347600000,2.159,2.162,2.141,2.147,304317.24
1780347900000,2.147,2.148,2.141,2.144,47413.58
1780348200000,2.145,2.15,2.121,2.132,357670.0
1780348500000,2.133,2.141,2.117,2.13,225385.87
1780348800000,2.131,2.151,2.128,2.15,149670.06
1780349100000,2.15,2.15,2.133,2.135,67168.28
1780349400000,2.136,2.15,2.136,2.15,14105.14
1780349700000,2.151,2.155,2.14,2.141,73654.85
1780350000000,2.141,2.145,2.09,2.116,352650.97
1780350300000,2.116,2.126,2.114,2.123,113881.93
1780350600000,2.122,2.129,2.118,2.121,58510.02
1780350900000,2.121,2.123,2.113,2.12,54604.36
1780351200000,2.12,2.121,2.1,2.102,220207.71
1780351500000,2.102,2.108,2.092,2.106,168855.65
1780351800000,2.106,2.11,2.101,2.105,88830.09
1780352100000,2.105,2.117,2.094,2.117,161411.57
1780352400000,2.117,2.132,2.114,2.124,122111.79
1780352700000,2.125,2.141,2.124,2.139,128826.04
1780353000000,2.138,2.141,2.12,2.12,120780.11
1780353300000,2.12,2.121,2.109,2.113,100842.59
1780353600000,2.112,2.116,2.109,2.109,37305.4
1780353900000,2.11,2.136,2.11,2.125,106523.54
1780354200000,2.125,2.144,2.122,2.141,124975.23
1780354500000,2.141,2.158,2.132,2.156,249138.22
1780354800000,2.155,2.155,2.142,2.15,69482.1
1780355100000,2.149,2.151,2.141,2.141,44426.35
1780355400000,2.141,2.147,2.134,2.135,39433.12
1780355700000,2.135,2.137,2.122,2.122,110403.75
1780356000000,2.122,2.124,2.108,2.109,155431.78
1780356300000,2.109,2.11,2.102,2.103,50727.9
1780356600000,2.103,2.105,2.095,2.099,80803.75
1780356900000,2.099,2.104,2.095,2.096,55100.81
1780357200000,2.096,2.103,2.095,2.103,39607.54
1780357500000,2.104,2.112,2.102,2.106,44721.44
1780357800000,2.107,2.108,2.094,2.094,68713.41
1780358100000,2.094,2.1,2.094,2.094,79606.8
1780358400000,2.095,2.099,2.088,2.089,118372.94
1780358700000,2.089,2.093,2.082,2.084,171966.58
1780359000000,2.085,2.087,2.075,2.079,148967.96
1780359300000,2.079,2.083,2.073,2.077,366298.37
1780359600000,2.078,2.081,2.073,2.076,82548.2
1780359900000,2.075,2.077,2.066,2.068,98743.83
1780360200000,2.069,2.078,2.066,2.078,93994.01
1780360500000,2.078,2.079,2.062,2.062,134745.75
1780360800000,2.062,2.066,2.059,2.064,99289.56
1780361100000,2.064,2.071,2.054,2.069,100019.62
1780361400000,2.069,2.075,2.063,2.072,37553.72
1780361700000,2.071,2.071,2.06,2.063,24748.11
1780362000000,2.063,2.068,2.049,2.055,90799.16
1780362300000,2.055,2.061,2.052,2.054,43354.84
1780362600000,2.054,2.06,2.05,2.058,26601.89
1780362900000,2.058,2.063,2.055,2.056,28324.51
1780363200000,2.056,2.068,2.056,2.067,32606.5
1780363500000,2.067,2.077,2.059,2.059,92061.14
1780363800000,2.059,2.076,2.059,2.071,63980.2
1780364100000,2.07,2.079,2.068,2.074,96170.03
1780364400000,2.073,2.086,2.073,2.085,144578.1
1780364700000,2.084,2.085,2.057,2.062,124369.49
1780365000000,2.061,2.068,2.047,2.049,73343.9
1780365300000,2.049,2.058,2.049,2.057,56593.83
1780365600000,2.057,2.07,2.057,2.063,85221.71
1780365900000,2.064,2.066,2.039,2.039,171026.65
1780366200000,2.039,2.049,2.037,2.047,96904.78
1780366500000,2.048,2.058,2.045,2.057,81590.86
1780366800000,2.057,2.075,2.054,2.074,73986.02
1780367100000,2.073,2.081,2.071,2.079,90508.74
1780367400000,2.079,2.086,2.076,2.085,93800.32
1780367700000,2.086,2.088,2.077,2.088,58921.15
1780368000000,2.088,2.095,2.085,2.092,101799.43
1780368300000,2.092,2.096,2.087,2.093,57072.42
1780368600000,2.093,2.11,2.092,2.109,257052.91
1780368900000,2.108,2.117,2.106,2.117,110984.05
1780369200000,2.118,2.118,2.096,2.099,102336.02
1780369500000,2.099,2.108,2.097,2.108,48736.92
1780369800000,2.108,2.108,2.092,2.095,93265.05
1780370100000,2.096,2.1,2.092,2.095,37382.59
1780370400000,2.095,2.095,2.082,2.083,68132.31
1780370700000,2.082,2.086,2.076,2.086,72108.21
1780371000000,2.086,2.103,2.085,2.099,74056.13
1780371300000,2.098,2.112,2.097,2.109,109352.44
1780371600000,2.109,2.125,2.108,2.12,219619.85
1780371900000,2.12,2.12,2.101,2.102,117662.99
1780372200000,2.102,2.115,2.101,2.114,77011.18
1780372500000,2.113,2.113,2.103,2.108,47333.62
1780372800000,2.108,2.112,2.103,2.11,45280.05
1780373100000,2.11,2.11,2.095,2.095,32435.78
1780373400000,2.095,2.097,2.085,2.089,59474.89
1780373700000,2.09,2.092,2.086,2.09,27009.38
1780374000000,2.09,2.106,2.09,2.102,34995.33
1780374300000,2.101,2.105,2.095,2.104,30477.87
1780374600000,2.104,2.104,2.089,2.091,34634.41
1780374900000,2.091,2.094,2.087,2.09,14107.82
1780375200000,2.09,2.095,2.089,2.095,26534.84
1780375500000,2.094,2.094,2.079,2.087,112220.62
1780375800000,2.088,2.09,2.082,2.085,51474.24
1780376100000,2.085,2.09,2.079,2.085,91360.67
1780376400000,2.086,2.087,2.063,2.065,167913.23
1780376700000,2.064,2.071,2.063,2.066,90127.89
1780377000000,2.065,2.082,2.065,2.079,35775.34
1780377300000,2.079,2.081,2.069,2.07,27510.33
1780377600000,2.07,2.073,2.066,2.069,42682.72
1780377900000,2.068,2.068,2.056,2.061,117930.41
1780378200000,2.061,2.069,2.06,2.061,43446.13
1780378500000,2.062,2.065,2.056,2.06,81749.45
1780378800000,2.06,2.062,2.054,2.059,63614.79
1780379100000,2.059,2.06,2.052,2.053,75833.04
1780379400000,2.052,2.06,2.046,2.057,52348.5
1780379700000,2.057,2.059,2.049,2.058,42569.47
1780380000000,2.059,2.069,2.057,2.066,74405.19
1780380300000,2.065,2.07,2.055,2.059,23702.77
1780380600000,2.058,2.06,2.048,2.051,25090.1
1780380900000,2.05,2.059,2.049,2.053,31561.93
1780381200000,2.053,2.062,2.053,2.06,44885.63
1780381500000,2.06,2.069,2.059,2.067,20331.97
1780381800000,2.067,2.079,2.067,2.077,38862.28
1780382100000,2.078,2.08,2.071,2.074,36321.3
1780382400000,2.075,2.082,2.074,2.077,44759.49
1780382700000,2.077,2.083,2.066,2.074,96433.86
1780383000000,2.074,2.078,2.064,2.07,72938.11
1780383300000,2.07,2.075,2.067,2.071,44424.48
1780383600000,2.071,2.072,2.053,2.056,75538.4
1780383900000,2.057,2.062,2.05,2.058,103803.64
1780384200000,2.059,2.06,2.053,2.056,49837.41
1780384500000,2.056,2.06,2.052,2.054,22296.73
1780384800000,2.055,2.056,2.04,2.048,69194.58
1780385100000,2.048,2.048,2.032,2.038,61311.34
1780385400000,2.038,2.048,2.038,2.047,39565.12
1780385700000,2.047,2.057,2.047,2.055,27658.43
1780386000000,2.055,2.059,2.053,2.056,30251.74
1780386300000,2.056,2.056,2.026,2.029,747998.64
1780386600000,2.03,2.039,2.027,2.038,62599.55
1780386900000,2.038,2.043,2.024,2.03,237042.94
1780387200000,2.03,2.034,2.016,2.023,186541.93
1780387500000,2.023,2.032,2.015,2.02,101936.75
1780387800000,2.021,2.024,2.019,2.021,21365.32
1780388100000,2.021,2.025,2.016,2.018,89801.74
1780388400000,2.018,2.019,1.984,1.987,438132.52
1780388700000,1.987,1.994,1.985,1.993,151246.69
1780389000000,1.993,1.995,1.985,1.992,57817.16
1780389300000,1.992,1.996,1.99,1.994,20579.0
1780389600000,1.995,1.997,1.991,1.994,13941.9
1780389900000,1.994,2.002,1.993,1.998,91059.96
1780390200000,1.998,2.007,1.997,1.999,45286.4
1780390500000,2.0,2.008,1.997,2.006,24512.16
1780390800000,2.006,2.007,1.987,2.001,153785.81
1780391100000,2.002,2.002,1.997,1.999,27219.07
1780391400000,1.999,2.0,1.993,1.997,14411.64
1780391700000,1.997,2.017,1.997,2.013,96882.37
1780392000000,2.012,2.014,2.009,2.014,57945.18
1780392300000,2.013,2.013,2.002,2.011,45660.38
1780392600000,2.011,2.022,2.01,2.018,84603.3
1780392900000,2.017,2.017,2.005,2.009,61563.95
1780393200000,2.009,2.01,2.005,2.008,29331.54
1780393500000,2.008,2.022,2.001,2.019,93988.82
1780393800000,2.019,2.019,2.01,2.013,46404.28
1780394100000,2.013,2.017,2.011,2.015,50564.95
1780394400000,2.014,2.014,2.004,2.008,87343.47
1780394700000,2.008,2.02,2.003,2.02,52637.23
1780395000000,2.02,2.03,2.016,2.023,84397.44
1780395300000,2.023,2.023,2.016,2.019,56676.19
1780395600000,2.019,2.02,2.007,2.016,114985.62
1780395900000,2.017,2.026,2.015,2.026,52529.93
1780396200000,2.026,2.027,2.017,2.02,30335.03
1780396500000,2.019,2.021,2.012,2.015,72851.8
1780396800000,2.014,2.017,2.012,2.014,33393.43
1780397100000,2.014,2.017,2.009,2.016,25126.24
1780397400000,2.015,2.027,2.014,2.027,74677.62
1780397700000,2.027,2.041,2.026,2.04,49487.2
1780398000000,2.039,2.044,2.034,2.035,74881.99
1780398300000,2.036,2.038,2.034,2.037,16142.3
1780398600000,2.037,2.039,2.032,2.038,17878.46
1780398900000,2.039,2.04,2.03,2.031,19675.26
1780399200000,2.031,2.044,2.029,2.042,138005.98
1780399500000,2.042,2.042,2.031,2.032,26022.11
1780399800000,2.032,2.032,2.018,2.021,42129.47
1780400100000,2.02,2.025,2.015,2.025,12433.57
1780400400000,2.025,2.029,2.024,2.024,11067.8
1780400700000,2.025,2.027,2.021,2.026,18251.76
1780401000000,2.027,2.036,2.026,2.031,14943.6
1780401300000,2.031,2.031,2.019,2.02,126924.23
1780401600000,2.02,2.031,2.02,2.03,17868.9
1780401900000,2.031,2.031,2.019,2.027,41185.45
1780402200000,2.026,2.03,2.022,2.024,24114.07
1780402500000,2.024,2.025,2.015,2.018,31035.17
1780402800000,2.019,2.026,2.016,2.022,21397.63
1780403100000,2.022,2.027,2.018,2.025,28895.14
1780403400000,2.026,2.026,2.016,2.02,24198.58
1780403700000,2.019,2.026,2.016,2.024,20223.1
1780404000000,2.024,2.037,2.023,2.03,32368.03
1780404300000,2.03,2.035,2.029,2.03,15758.96
1780404600000,2.03,2.03,2.021,2.023,40190.22
1780404900000,2.023,2.033,2.022,2.032,37272.96
1780405200000,2.032,2.038,2.024,2.029,84245.8
1780405500000,2.028,2.032,2.006,2.013,339307.82
1780405800000,2.013,2.021,2.012,2.013,29319.56
1780406100000,2.013,2.022,2.006,2.019,224564.51
1780406400000,2.02,2.034,2.02,2.033,120973.47
1780406700000,2.033,2.035,2.025,2.027,81115.49
1780407000000,2.027,2.033,2.022,2.028,22022.18
1780407300000,2.028,2.039,2.026,2.037,49980.26
1780407600000,2.038,2.05,2.034,2.045,91161.21
1780407900000,2.045,2.049,2.041,2.044,31848.16
1780408200000,2.044,2.046,2.028,2.033,125331.43
1780408500000,2.033,2.036,2.03,2.033,25428.56
1780408800000,2.034,2.037,2.028,2.03,82549.87
1780409100000,2.03,2.043,2.03,2.03,36254.83
1780409400000,2.029,2.055,2.027,2.048,164836.32
1780409700000,2.047,2.048,2.028,2.031,63459.74
1780410000000,2.031,2.035,2.019,2.023,119773.41
1780410300000,2.023,2.031,1.981,1.992,424278.26
1780410600000,1.992,2.005,1.99,2.0,129532.01
1780410900000,2.0,2.016,2.0,2.006,92893.71
1780411200000,2.006,2.006,1.984,2.0,219845.11
1780411500000,2.001,2.014,2.001,2.013,59722.08
1780411800000,2.013,2.017,2.005,2.008,81500.25
1780412100000,2.009,2.016,1.999,2.0,50145.58
1780412400000,2.0,2.001,1.968,1.977,258624.29
1780412700000,1.976,1.982,1.964,1.974,173575.4
1780413000000,1.974,1.974,1.95,1.952,211936.11
1780413300000,1.953,1.961,1.95,1.951,181016.46
1780413600000,1.951,1.962,1.941,1.954,270906.81
1780413900000,1.954,1.958,1.923,1.929,477449.8
1780414200000,1.928,1.937,1.915,1.918,329909.9
1780414500000,1.919,1.928,1.908,1.921,246112.89
1780414800000,1.921,1.936,1.918,1.927,112918.61
1780415100000,1.927,1.952,1.926,1.94,136125.55
1780415400000,1.939,1.948,1.936,1.944,52525.52
1780415700000,1.944,1.975,1.943,1.972,332657.59
1780416000000,1.972,1.972,1.951,1.952,74778.33
1780416300000,1.953,1.958,1.944,1.946,61106.41
1780416600000,1.945,1.971,1.94,1.968,200125.74
1780416900000,1.967,1.97,1.958,1.958,115561.42
1780417200000,1.958,1.967,1.942,1.949,262782.7
1780417500000,1.949,1.951,1.935,1.941,260107.75
1780417800000,1.942,1.948,1.935,1.942,217144.07
1780418100000,1.942,1.943,1.928,1.939,434056.37
1780418400000,1.939,1.95,1.934,1.934,274136.72
1780418700000,1.935,1.948,1.935,1.948,75475.92
1780419000000,1.947,1.956,1.943,1.951,84303.13
1780419300000,1.951,1.954,1.946,1.949,41337.02
1780419600000,1.949,1.97,1.946,1.969,159627.56
1780419900000,1.969,1.982,1.968,1.975,143161.97
1780420200000,1.975,1.975,1.966,1.974,83025.3
1780420500000,1.974,1.978,1.966,1.972,22321.21
1780420800000,1.972,1.985,1.969,1.983,90088.21
1780421100000,1.982,1.984,1.972,1.982,64927.8
1780421400000,1.982,1.991,1.978,1.988,91503.23
1780421700000,1.988,1.989,1.978,1.979,89193.03
1780422000000,1.978,1.984,1.975,1.983,36580.66
1780422300000,1.983,1.995,1.982,1.991,182654.11
1780422600000,1.991,1.994,1.984,1.989,92599.52
1780422900000,1.989,1.99,1.98,1.987,44615.02
1780423200000,1.988,1.996,1.984,1.99,39802.35
1780423500000,1.991,1.991,1.96,1.963,72567.5
1780423800000,1.963,1.974,1.958,1.964,284830.06
1780424100000,1.963,1.97,1.961,1.97,40541.83
1780424400000,1.969,1.97,1.954,1.96,92654.6
1780424700000,1.959,1.963,1.948,1.956,143088.64
1780425000000,1.956,1.962,1.947,1.957,59221.56
1780425300000,1.956,1.966,1.955,1.962,39816.36
1780425600000,1.961,1.963,1.957,1.959,9555.2
1780425900000,1.96,1.963,1.955,1.96,32430.32
1780426200000,1.96,1.96,1.95,1.955,57360.81
1780426500000,1.955,1.963,1.955,1.958,23901.64
1780426800000,1.958,1.963,1.955,1.956,10080.34
1780427100000,1.957,1.961,1.956,1.958,10725.78
1780427400000,1.957,1.97,1.957,1.969,16660.27
1780427700000,1.968,1.968,1.959,1.963,11924.18
1780428000000,1.962,1.964,1.958,1.958,14818.18
1780428300000,1.959,1.97,1.959,1.963,113556.46
1780428600000,1.964,1.965,1.921,1.93,373226.47
1780428900000,1.93,1.948,1.928,1.94,90220.13
1780429200000,1.94,1.945,1.932,1.936,50803.79
1780429500000,1.936,1.956,1.933,1.955,33388.98
1780429800000,1.954,1.976,1.954,1.967,89412.46
1780430100000,1.967,1.968,1.959,1.962,40450.43
1780430400000,1.962,1.974,1.957,1.97,50781.7
1780430700000,1.971,1.991,1.971,1.982,212381.33
1780431000000,1.981,1.985,1.977,1.983,123466.2
1780431300000,1.983,1.983,1.955,1.957,82001.72
1780431600000,1.958,1.962,1.952,1.957,52070.95
1780431900000,1.957,1.96,1.95,1.953,12526.79
1780432200000,1.953,1.974,1.952,1.964,23931.07
1780432500000,1.963,1.979,1.963,1.978,21371.52
1780432800000,1.977,1.983,1.969,1.979,96104.3
1780433100000,1.979,1.987,1.972,1.987,67675.77
1780433400000,1.988,2.002,1.988,1.997,109920.67
1780433700000,1.997,2.005,1.993,1.996,206097.47
1780434000000,1.997,2.006,1.993,1.994,69453.36
1780434300000,1.995,2.004,1.993,1.998,99526.21
1780434600000,1.998,2.0,1.984,1.989,208731.98
1780434900000,1.99,1.996,1.986,1.994,35183.3
1780435200000,1.994,2.002,1.992,2.0,37915.68
1780435500000,2.001,2.006,1.999,2.001,114199.12
1780435800000,2.001,2.004,1.999,2.001,40209.15
1780436100000,2.001,2.008,1.998,1.998,85761.06
1780436400000,1.998,2.007,1.992,1.999,69536.48
1780436700000,1.999,2.003,1.993,1.994,66802.2
1780437000000,1.994,1.998,1.994,1.996,14962.6
1780437300000,1.997,2.001,1.996,1.996,34175.1
1780437600000,1.996,1.996,1.98,1.987,58659.12
1780437900000,1.987,1.994,1.986,1.987,17242.16
1780438200000,1.988,1.994,1.982,1.993,13166.09
1780438500000,1.992,1.996,1.973,1.975,68121.39
1780438800000,1.975,1.991,1.974,1.987,77783.05
1780439100000,1.987,2.01,1.987,2.004,101883.02
1780439400000,2.003,2.007,1.994,1.994,73628.38
1780439700000,1.995,2.005,1.994,1.995,34497.21
1780440000000,1.996,1.997,1.99,1.996,24610.0
1780440300000,1.996,1.996,1.96,1.969,332023.74
1780440600000,1.97,1.97,1.948,1.964,128531.15
1780440900000,1.965,1.97,1.952,1.955,56071.09
1780441200000,1.955,1.969,1.952,1.968,67587.31
1780441500000,1.968,1.976,1.963,1.963,52214.33
1780441800000,1.963,1.971,1.963,1.965,5699.5
1780442100000,1.964,1.965,1.95,1.951,61714.17
1780442400000,1.951,1.961,1.944,1.947,51638.33
1780442700000,1.947,1.95,1.931,1.939,82774.24
1780443000000,1.939,1.947,1.933,1.942,72290.12
1780443300000,1.942,1.952,1.941,1.949,32727.05
1780443600000,1.948,1.955,1.944,1.954,24044.6
1780443900000,1.954,1.966,1.952,1.965,75003.04
1780444200000,1.965,1.981,1.965,1.974,119472.08
1780444500000,1.974,1.979,1.97,1.972,37619.66
1780444800000,1.972,1.981,1.97,1.978,37374.82
1780445100000,1.979,1.991,1.976,1.99,71947.75
1780445400000,1.991,2.0,1.989,1.994,72341.44
1780445700000,1.994,2.006,1.992,2.003,76247.09
1780446000000,2.004,2.004,1.987,1.989,62552.57
1780446300000,1.99,2.0,1.99,1.995,24669.53
1780446600000,1.996,2.013,1.991,2.007,100341.35
1780446900000,2.008,2.011,2.004,2.008,40731.07
1780447200000,2.007,2.02,2.002,2.019,82283.04
1780447500000,2.018,2.019,2.005,2.005,103367.26
1780447800000,2.006,2.014,2.001,2.012,58576.68
1780448100000,2.012,2.017,2.008,2.01,85874.47
1780448400000,2.009,2.014,1.995,2.014,113194.79
1780448700000,2.013,2.026,2.012,2.021,110401.6
1780449000000,2.021,2.022,2.01,2.016,60897.37
1780449300000,2.016,2.021,2.01,2.016,65769.27
1780449600000,2.016,2.019,2.009,2.017,33777.24
1780449900000,2.018,2.031,2.018,2.025,72888.3
1780450200000,2.025,2.028,2.012,2.013,79705.07
1780450500000,2.014,2.016,2.001,2.001,55437.17
1780450800000,2.001,2.003,1.99,2.002,113188.09
1780451100000,2.003,2.007,1.997,2.006,36164.27
1780451400000,2.006,2.013,2.003,2.01,34253.76
1780451700000,2.01,2.013,2.006,2.007,36436.57
1780452000000,2.006,2.008,1.995,2.005,123247.68
1780452300000,2.005,2.022,2.004,2.022,116380.24
1780452600000,2.022,2.022,2.009,2.01,31993.34
1780452900000,2.01,2.014,2.004,2.007,29422.24
1780453200000,2.006,2.008,1.995,1.998,45361.46
1780453500000,1.998,2.005,1.996,1.996,33201.77
1780453800000,1.995,2.003,1.992,1.999,31636.54
1780454100000,1.999,2.001,1.993,1.999,54961.12
1780454400000,1.998,2.001,1.996,1.997,27259.01
1780454700000,1.997,2.001,1.994,1.999,57458.1
1780455000000,1.998,2.0,1.997,1.999,13886.98
1780455300000,1.998,2.005,1.996,2.003,29463.21
1780455600000,2.004,2.008,1.999,2.008,18831.42
1780455900000,2.008,2.016,2.008,2.014,93199.85
1780456200000,2.014,2.02,2.013,2.019,69376.26
1780456500000,2.019,2.023,2.011,2.012,45477.94
1780456800000,2.013,2.017,2.011,2.012,28028.62
1780457100000,2.012,2.015,1.982,1.988,153465.08
1780457400000,1.987,1.991,1.982,1.99,68748.34
1780457700000,1.99,1.991,1.978,1.98,83466.68
1780458000000,1.979,1.981,1.962,1.965,172880.88
1780458300000,1.966,1.972,1.959,1.961,67869.87
1780458600000,1.962,1.972,1.958,1.97,151040.62
1780458900000,1.971,1.975,1.963,1.966,27459.45
1780459200000,1.966,1.989,1.965,1.988,66185.81
1780459500000,1.988,2.004,1.985,1.989,155591.0
1780459800000,1.989,1.992,1.981,1.983,39949.5
1780460100000,1.984,1.995,1.982,1.992,23553.24
1780460400000,1.992,2.006,1.992,2.004,63922.29
1780460700000,2.004,2.011,1.999,1.999,65608.66
1780461000000,1.998,2.001,1.987,2.001,66227.19
1780461300000,2.002,2.005,2.0,2.003,39918.58
1780461600000,2.003,2.014,2.003,2.01,32931.26
1780461900000,2.01,2.014,2.001,2.012,100526.53
1780462200000,2.012,2.014,2.002,2.007,64933.48
1780462500000,2.007,2.023,2.002,2.023,72868.66
1780462800000,2.023,2.031,2.02,2.029,133667.32
1780463100000,2.028,2.049,2.027,2.047,237816.1
1780463400000,2.047,2.053,2.029,2.03,143601.3
1780463700000,2.029,2.036,2.029,2.032,109502.49
1780464000000,2.032,2.04,2.029,2.033,50727.89
1780464300000,2.033,2.035,2.025,2.028,36548.71
1780464600000,2.028,2.028,2.012,2.021,41272.65
1780464900000,2.021,2.031,2.015,2.023,104061.98
1780465200000,2.024,2.03,2.021,2.023,56700.63
1780465500000,2.022,2.025,2.02,2.024,22349.92
1780465800000,2.024,2.037,2.024,2.037,35380.01
1780466100000,2.037,2.048,2.037,2.047,60720.18
1780466400000,2.047,2.05,2.04,2.04,59998.19
1780466700000,2.041,2.041,2.03,2.032,50254.39
1780467000000,2.032,2.034,2.026,2.031,70633.76
1780467300000,2.031,2.044,2.028,2.04,69546.55
1780467600000,2.04,2.044,2.029,2.038,77637.89
1780467900000,2.038,2.039,2.03,2.03,23725.65
1780468200000,2.03,2.066,2.027,2.066,147183.58
1780468500000,2.067,2.077,2.047,2.065,541979.98
1780468800000,2.065,2.066,2.044,2.049,40615.11
1780469100000,2.05,2.05,2.036,2.036,66256.59
1780469400000,2.035,2.035,2.025,2.028,85008.59
1780469700000,2.027,2.032,2.023,2.028,40644.83
1780470000000,2.027,2.029,2.021,2.029,50958.42
1780470300000,2.028,2.029,2.018,2.024,39242.87
1780470600000,2.024,2.036,2.022,2.034,41832.97
1780470900000,2.033,2.056,2.032,2.047,173476.24
1780471200000,2.048,2.05,2.039,2.039,35224.17
1780471500000,2.038,2.042,2.03,2.031,39921.81
1780471800000,2.03,2.037,2.029,2.032,21135.49
1780472100000,2.032,2.035,2.02,2.022,83167.0
1780472400000,2.022,2.027,2.017,2.023,51953.54
1780472700000,2.023,2.028,2.021,2.027,45048.12
1780473000000,2.027,2.034,2.025,2.031,81327.37
1780473300000,2.031,2.031,2.023,2.025,25373.56
1780473600000,2.025,2.025,2.015,2.022,30149.27
1780473900000,2.023,2.024,2.017,2.021,13206.8
1780474200000,2.021,2.043,2.02,2.029,126480.87
1780474500000,2.029,2.04,2.029,2.039,21417.51
1780474800000,2.038,2.04,2.031,2.031,5693.87
1780475100000,2.031,2.046,2.031,2.042,23146.28
1780475400000,2.043,2.06,2.042,2.059,57349.11
1780475700000,2.058,2.071,2.055,2.064,155595.02
1780476000000,2.065,2.068,2.052,2.062,122529.38
1780476300000,2.062,2.064,2.055,2.064,83636.31
1780476600000,2.065,2.07,2.063,2.068,110367.58
1780476900000,2.069,2.07,2.056,2.057,102878.11
1780477200000,2.057,2.063,2.052,2.055,60584.51
1780477500000,2.055,2.061,2.05,2.057,20157.83
1780477800000,2.057,2.058,2.051,2.051,24157.13
1780478100000,2.051,2.052,2.01,2.013,488027.84
1780478400000,2.013,2.018,2.007,2.011,160875.67
1780478700000,2.011,2.015,2.006,2.007,74708.33
1780479000000,2.007,2.012,2.004,2.009,107393.67
1780479300000,2.009,2.01,2.002,2.006,65023.06
1780479600000,2.005,2.014,2.004,2.013,57240.72
1780479900000,2.013,2.017,2.008,2.017,105874.63
1780480200000,2.016,2.025,2.015,2.016,64813.13
1780480500000,2.015,2.022,2.006,2.007,53920.89
1780480800000,2.008,2.012,2.004,2.012,59781.78
1780481100000,2.012,2.02,2.01,2.014,64608.19
1780481400000,2.014,2.014,1.999,2.003,104732.43
1780481700000,2.003,2.005,1.976,1.98,349140.12
1780482000000,1.981,1.982,1.964,1.978,208679.68
1780482300000,1.978,1.987,1.978,1.987,51661.75
1780482600000,1.986,1.994,1.985,1.994,62169.11
1780482900000,1.994,2.002,1.993,1.997,65147.48
1780483200000,1.997,2.004,1.995,1.999,30388.3
1780483500000,1.999,2.011,1.998,2.01,65319.68
1780483800000,2.011,2.019,2.01,2.016,78857.42
1780484100000,2.016,2.029,2.016,2.028,64490.28
1780484400000,2.027,2.037,2.022,2.035,102094.87
1780484700000,2.036,2.036,2.027,2.033,94930.23
1780485000000,2.033,2.043,2.033,2.043,61180.23
1780485300000,2.042,2.042,2.034,2.038,23845.3
1780485600000,2.038,2.039,2.024,2.03,43323.94
1780485900000,2.03,2.035,2.026,2.029,16752.38
1780486200000,2.03,2.03,2.017,2.017,24283.56
1780486500000,2.016,2.016,2.006,2.008,49881.41
1780486800000,2.009,2.019,2.008,2.014,44241.32
1780487100000,2.014,2.014,1.992,2.002,153799.63
1780487400000,2.002,2.005,1.999,2.002,45925.51
1780487700000,2.002,2.009,2.001,2.004,33545.46
1780488000000,2.003,2.003,1.995,2.002,45355.85
1780488300000,2.002,2.007,1.996,2.007,15728.12
1780488600000,2.008,2.012,2.008,2.012,14901.42
1780488900000,2.012,2.012,1.996,2.004,157943.16
1780489200000,2.003,2.003,1.996,1.998,30683.19
1780489500000,1.997,2.007,1.995,2.007,26088.71
1780489800000,2.007,2.012,2.004,2.006,20087.1
1780490100000,2.006,2.01,2.001,2.006,21825.98
1780490400000,2.005,2.009,2.002,2.006,31389.2
1780490700000,2.006,2.01,2.001,2.008,22082.75
1780491000000,2.008,2.013,2.005,2.006,7150.85
1780491300000,2.005,2.005,1.999,2.002,61836.18
1780491600000,2.002,2.01,2.002,2.005,31775.99
1780491900000,2.005,2.01,2.003,2.01,16914.5
1780492200000,2.01,2.029,2.007,2.022,90704.0
1780492500000,2.023,2.033,2.021,2.033,68413.97
1780492800000,2.033,2.034,2.019,2.024,83645.6
1780493100000,2.023,2.028,2.019,2.025,124152.63
1780493400000,2.025,2.041,2.024,2.039,147478.29
1780493700000,2.04,2.04,2.024,2.035,82118.63
1780494000000,2.035,2.035,2.022,2.023,62479.73
1780494300000,2.022,2.033,2.01,2.03,84772.43
1780494600000,2.031,2.061,2.031,2.059,209387.09
1780494900000,2.059,2.06,2.05,2.055,78075.84
1780495200000,2.055,2.055,2.043,2.052,72740.49
1780495500000,2.053,2.07,2.053,2.062,224248.03
1780495800000,2.062,2.066,2.059,2.065,36912.4
1780496100000,2.066,2.089,2.065,2.068,289710.34
1780496400000,2.068,2.076,2.06,2.071,61680.55
1780496700000,2.071,2.088,2.067,2.081,267764.92
1780497000000,2.081,2.083,2.066,2.073,49534.75
1780497300000,2.073,2.096,2.073,2.091,90442.37
1780497600000,2.091,2.099,2.089,2.095,92485.03
1780497900000,2.094,2.108,2.09,2.091,234901.82
1780498200000,2.09,2.09,2.069,2.084,238752.71
1780498500000,2.085,2.09,2.079,2.09,82724.62
1780498800000,2.09,2.09,2.076,2.081,74448.9
1780499100000,2.082,2.089,2.068,2.072,120614.5
1780499400000,2.073,2.088,2.071,2.084,39429.34
1780499700000,2.084,2.085,2.055,2.067,245055.03
1780500000000,2.068,2.068,2.06,2.064,43957.44
1780500300000,2.064,2.077,2.06,2.071,44074.63
1780500600000,2.071,2.077,2.049,2.054,190541.83
1780500900000,2.054,2.059,2.045,2.048,112878.36
1780501200000,2.049,2.056,2.048,2.053,36066.96
1780501500000,2.052,2.053,2.043,2.049,49901.2
1780501800000,2.05,2.05,2.04,2.042,72925.54
1780502100000,2.042,2.045,2.031,2.033,109456.28
1780502400000,2.032,2.037,2.017,2.027,243590.79
1780502700000,2.028,2.041,2.009,2.016,254433.92
1780503000000,2.015,2.03,2.014,2.021,113272.71
1780503300000,2.021,2.031,2.016,2.017,81719.75
1780503600000,2.018,2.018,2.001,2.011,203927.98
1780503900000,2.011,2.013,1.997,2.005,208849.6
1780504200000,2.006,2.012,1.998,1.999,47238.35
1780504500000,2.0,2.007,1.998,2.005,52986.73
1780504800000,2.004,2.013,2.002,2.01,98074.78
1780505100000,2.01,2.01,1.994,1.998,80098.93
1780505400000,1.999,2.005,1.994,2.004,74173.26
1780505700000,2.003,2.008,2.002,2.004,47669.81
1780506000000,2.004,2.008,1.987,1.991,77768.5
1780506300000,1.99,1.993,1.979,1.983,176740.99
1780506600000,1.984,1.991,1.98,1.982,45208.46
1780506900000,1.983,2.008,1.982,2.006,90745.04
1780507200000,2.006,2.007,1.998,2.001,63744.78
1780507500000,2.001,2.009,2.0,2.008,34604.28
1780507800000,2.009,2.02,2.003,2.012,92202.11
1780508100000,2.012,2.013,2.004,2.011,33008.13
1780508400000,2.011,2.013,2.005,2.006,21710.22
1780508700000,2.006,2.008,1.992,1.998,42965.89
1780509000000,1.999,2.003,1.989,1.994,42244.32
1780509300000,1.993,2.0,1.992,1.998,37208.42
1780509600000,1.999,2.01,1.999,2.007,36114.68
1780509900000,2.007,2.028,2.007,2.027,109561.17
1780510200000,2.027,2.028,2.006,2.011,47908.41
1780510500000,2.012,2.012,2.0,2.008,30897.86
1780510800000,2.007,2.01,2.002,2.009,60433.78
1780511100000,2.009,2.01,2.004,2.01,15865.73
1780511400000,2.011,2.018,2.011,2.014,53266.18
1780511700000,2.013,2.019,2.004,2.016,55276.56
1780512000000,2.016,2.022,2.014,2.014,29805.08
1780512300000,2.013,2.024,2.012,2.022,23191.28
1780512600000,2.022,2.025,2.02,2.022,15945.86
1780512900000,2.022,2.026,2.019,2.025,17619.2
1780513200000,2.025,2.032,2.021,2.03,70178.87
1780513500000,2.029,2.029,2.012,2.012,21992.93
1780513800000,2.013,2.018,2.01,2.018,76644.05
1780514100000,2.018,2.019,1.989,1.993,408310.52
1780514400000,1.993,1.996,1.984,1.993,96847.53
1780514700000,1.993,1.994,1.981,1.985,85573.14
1780515000000,1.985,1.99,1.979,1.984,62846.9
1780515300000,1.983,1.989,1.976,1.989,63916.6
1780515600000,1.989,1.993,1.984,1.984,37988.16
1780515900000,1.985,1.994,1.985,1.989,36153.27
1780516200000,1.988,1.988,1.96,1.967,459423.8
1780516500000,1.966,1.966,1.94,1.946,484702.17
1780516800000,1.946,1.951,1.94,1.948,93573.97
1780517100000,1.947,1.957,1.942,1.957,78438.94
1780517400000,1.957,1.965,1.957,1.964,29058.77
1780517700000,1.963,1.963,1.907,1.929,619045.73
1780518000000,1.929,1.943,1.929,1.939,53453.31
1780518300000,1.94,1.944,1.936,1.941,33708.56
1780518600000,1.942,1.943,1.926,1.934,69861.73
1780518900000,1.934,1.936,1.918,1.927,102762.61
1780519200000,1.926,1.929,1.896,1.9,331691.57
1780519500000,1.9,1.907,1.871,1.881,723864.29
1780519800000,1.88,1.891,1.857,1.863,557013.16
1780520100000,1.864,1.869,1.851,1.863,742719.31
1780520400000,1.862,1.899,1.859,1.895,303257.34
1780520700000,1.895,1.917,1.886,1.914,389826.33
1780521000000,1.914,1.922,1.9,1.902,230876.73
1780521300000,1.902,1.912,1.901,1.909,66717.15
1780521600000,1.91,1.916,1.909,1.911,37860.82
1780521900000,1.912,1.925,1.905,1.921,143151.36
1780522200000,1.92,1.934,1.917,1.93,149200.34
1780522500000,1.93,1.936,1.921,1.925,76666.44
1780522800000,1.924,1.936,1.913,1.93,116750.54
1780523100000,1.93,1.94,1.926,1.936,47251.58
1780523400000,1.936,1.939,1.934,1.938,48314.89
1780523700000,1.937,1.938,1.931,1.932,42542.7
1780524000000,1.932,1.94,1.925,1.927,37810.33
1780524300000,1.928,1.932,1.923,1.924,42978.33
1780524600000,1.924,1.928,1.919,1.924,46652.44
1780524900000,1.923,1.923,1.914,1.922,33892.85
1780525200000,1.922,1.923,1.908,1.913,35896.16
1780525500000,1.913,1.918,1.908,1.916,29412.25
1780525800000,1.915,1.926,1.913,1.921,17059.82
1780526100000,1.921,1.924,1.911,1.913,44283.74
1780526400000,1.914,1.921,1.914,1.918,23308.56
1780526700000,1.918,1.92,1.903,1.906,67856.21
1780527000000,1.906,1.913,1.903,1.903,27652.45
1780527300000,1.904,1.915,1.904,1.913,83734.91
1780527600000,1.913,1.913,1.894,1.896,127954.74
1780527900000,1.897,1.903,1.893,1.899,26553.94
1780528200000,1.9,1.911,1.896,1.908,11343.08
1780528500000,1.907,1.91,1.899,1.904,30830.72
1780528800000,1.905,1.908,1.897,1.898,27406.46
1780529100000,1.898,1.909,1.897,1.907,30861.46
1780529400000,1.907,1.923,1.907,1.92,171214.59
1780529700000,1.919,1.921,1.913,1.916,42979.01
1780530000000,1.917,1.919,1.913,1.913,15627.85
1780530300000,1.914,1.919,1.91,1.917,13937.63
1780530600000,1.916,1.919,1.909,1.91,25900.59
1780530900000,1.911,1.912,1.905,1.905,19537.72
1780531200000,1.905,1.919,1.903,1.919,54107.87
1780531500000,1.92,1.922,1.901,1.906,371978.22
1780531800000,1.905,1.91,1.902,1.909,29243.47
1780532100000,1.908,1.91,1.9,1.902,184864.42
1780532400000,1.902,1.906,1.89,1.891,109548.38
1780532700000,1.891,1.893,1.876,1.877,145633.27
1780533000000,1.877,1.894,1.876,1.888,103788.61
1780533300000,1.888,1.896,1.871,1.875,69113.11
1780533600000,1.875,1.891,1.874,1.886,79364.31
1780533900000,1.886,1.886,1.868,1.87,38730.63
1780534200000,1.871,1.88,1.866,1.875,85713.49
1780534500000,1.874,1.879,1.871,1.878,36945.37
1780534800000,1.878,1.882,1.873,1.88,37239.91
1780535100000,1.879,1.883,1.865,1.871,45812.1
1780535400000,1.871,1.873,1.85,1.858,169159.86
1780535700000,1.858,1.86,1.847,1.856,121902.43
1780536000000,1.857,1.86,1.809,1.815,586890.98
1780536300000,1.815,1.828,1.806,1.809,254571.0
1780536600000,1.81,1.834,1.81,1.824,191735.01
1780536900000,1.825,1.835,1.818,1.823,82698.69
1780537200000,1.823,1.826,1.819,1.82,61405.88
1780537500000,1.819,1.822,1.812,1.812,112903.21
1780537800000,1.811,1.811,1.788,1.792,595364.39
1780538100000,1.792,1.8,1.786,1.79,207117.01
1780538400000,1.791,1.796,1.725,1.733,1057249.23
1780538700000,1.733,1.768,1.729,1.748,715196.07
1780539000000,1.749,1.762,1.746,1.758,340414.93
1780539300000,1.759,1.769,1.743,1.76,248365.02
1780539600000,1.76,1.78,1.757,1.778,162416.08
1780539900000,1.777,1.79,1.769,1.773,280008.93
1780540200000,1.773,1.798,1.769,1.788,485021.46
1780540500000,1.788,1.792,1.78,1.792,131651.71
1780540800000,1.792,1.797,1.787,1.789,139829.54
1780541100000,1.789,1.796,1.785,1.794,77017.53
1780541400000,1.794,1.798,1.79,1.794,108550.14
1780541700000,1.794,1.794,1.78,1.783,103143.39
1780542000000,1.784,1.805,1.783,1.803,118587.08
1780542300000,1.804,1.81,1.799,1.804,83589.16
1780542600000,1.805,1.816,1.802,1.805,153898.98
1780542900000,1.804,1.811,1.803,1.811,64117.38
1780543200000,1.811,1.811,1.799,1.804,79491.26
1780543500000,1.805,1.809,1.798,1.802,116330.5
1780543800000,1.802,1.814,1.797,1.804,132973.54
1780544100000,1.804,1.813,1.8,1.813,164661.22
1780544400000,1.813,1.817,1.807,1.812,259376.12
1780544700000,1.812,1.816,1.807,1.809,108150.35
1780545000000,1.809,1.814,1.804,1.806,43828.36
1780545300000,1.806,1.807,1.801,1.803,89846.68
1780545600000,1.803,1.809,1.803,1.806,65377.54
1780545900000,1.807,1.808,1.799,1.804,95325.55
1780546200000,1.805,1.815,1.805,1.81,111561.39
1780546500000,1.811,1.812,1.788,1.794,152082.43
1780546800000,1.793,1.803,1.793,1.801,90937.51
1780547100000,1.801,1.802,1.789,1.79,41476.29
1780547400000,1.79,1.793,1.778,1.783,110140.61
1780547700000,1.783,1.786,1.779,1.782,64239.41
1780548000000,1.781,1.787,1.777,1.785,87200.43
1780548300000,1.786,1.792,1.785,1.787,24134.84
1780548600000,1.786,1.789,1.78,1.783,55861.43
1780548900000,1.783,1.785,1.778,1.782,26868.15
1780549200000,1.781,1.781,1.751,1.755,553730.38
1780549500000,1.754,1.759,1.748,1.749,80567.42
1780549800000,1.75,1.753,1.739,1.753,109748.52
1780550100000,1.754,1.754,1.745,1.746,41759.52
1780550400000,1.747,1.75,1.742,1.749,65567.97
1780550700000,1.749,1.753,1.747,1.747,66633.13
1780551000000,1.747,1.756,1.744,1.753,85482.5
1780551300000,1.753,1.761,1.749,1.758,53520.53
1780551600000,1.759,1.771,1.756,1.771,96648.7
1780551900000,1.77,1.771,1.764,1.765,42124.8
1780552200000,1.765,1.768,1.758,1.764,66661.74
1780552500000,1.765,1.767,1.762,1.767,55939.72
1780552800000,1.766,1.773,1.762,1.771,48552.66
1780553100000,1.77,1.776,1.766,1.776,106154.24
1780553400000,1.775,1.775,1.771,1.773,35025.8
1780553700000,1.773,1.785,1.769,1.782,112184.34
1780554000000,1.781,1.783,1.778,1.779,125721.19
1780554300000,1.779,1.784,1.778,1.782,43114.93
1780554600000,1.781,1.787,1.774,1.782,176484.41
1780554900000,1.782,1.792,1.782,1.791,59319.82
1780555200000,1.791,1.792,1.784,1.791,119773.72
1780555500000,1.79,1.792,1.783,1.787,85489.7
1780555800000,1.788,1.791,1.783,1.787,44147.66
1780556100000,1.786,1.786,1.774,1.779,95621.65
1780556400000,1.779,1.782,1.766,1.767,79839.97
1780556700000,1.768,1.772,1.757,1.767,133202.28
1780557000000,1.767,1.773,1.759,1.763,74661.1
1780557300000,1.763,1.769,1.746,1.748,229098.61
1780557600000,1.747,1.748,1.73,1.733,249340.42
1780557900000,1.733,1.743,1.729,1.739,202007.49
1780558200000,1.738,1.745,1.733,1.738,97396.16
1780558500000,1.738,1.743,1.735,1.738,89215.0
1780558800000,1.738,1.744,1.737,1.738,87525.68
1780559100000,1.738,1.74,1.732,1.737,164739.99
1780559400000,1.737,1.738,1.725,1.733,234891.91
1780559700000,1.734,1.734,1.72,1.727,175257.63
1780560000000,1.727,1.737,1.723,1.737,108032.09
1780560300000,1.736,1.74,1.727,1.729,97915.53
1780560600000,1.73,1.735,1.721,1.721,99115.99
1780560900000,1.722,1.738,1.718,1.733,130848.67
1780561200000,1.734,1.736,1.725,1.735,114570.3
1780561500000,1.735,1.739,1.731,1.736,68353.66
1780561800000,1.737,1.746,1.731,1.736,115732.89
1780562100000,1.735,1.738,1.731,1.734,43779.86
1780562400000,1.734,1.737,1.726,1.729,59479.41
1780562700000,1.729,1.739,1.729,1.738,142558.83
1780563000000,1.739,1.749,1.736,1.747,107402.13
1780563300000,1.746,1.749,1.741,1.742,72473.82
1780563600000,1.742,1.743,1.724,1.727,100691.95
1780563900000,1.728,1.732,1.723,1.731,111744.65
1780564200000,1.73,1.732,1.718,1.723,87756.69
1780564500000,1.722,1.722,1.703,1.704,311110.86
1780564800000,1.704,1.711,1.702,1.703,259155.88
1780565100000,1.703,1.706,1.693,1.694,412644.71
1780565400000,1.695,1.697,1.688,1.695,342203.09
1780565700000,1.695,1.7,1.686,1.7,160960.1
1780566000000,1.7,1.706,1.697,1.702,97319.68
1780566300000,1.701,1.715,1.701,1.709,188518.17
1780566600000,1.709,1.712,1.704,1.711,71440.53
1780566900000,1.711,1.72,1.708,1.719,75240.2
1780567200000,1.72,1.726,1.715,1.715,96630.5
1780567500000,1.715,1.716,1.709,1.711,68946.67
1780567800000,1.711,1.725,1.709,1.719,92509.12
1780568100000,1.718,1.731,1.712,1.726,82159.43
1780568400000,1.727,1.728,1.721,1.724,52200.11
1780568700000,1.724,1.726,1.716,1.717,105508.27
1780569000000,1.716,1.727,1.713,1.724,93624.45
1780569300000,1.723,1.728,1.719,1.727,60115.22
1780569600000,1.727,1.728,1.718,1.723,63242.65
1780569900000,1.723,1.724,1.71,1.713,190010.95
1780570200000,1.713,1.716,1.705,1.712,179713.88
1780570500000,1.713,1.719,1.71,1.718,80778.62
1780570800000,1.718,1.725,1.714,1.723,102860.16
1780571100000,1.723,1.726,1.718,1.718,151804.1
1780571400000,1.718,1.722,1.71,1.712,100266.78
1780571700000,1.711,1.723,1.708,1.723,61973.98
1780790400000,1.646,1.652,1.644,1.652,33131.06
1780790700000,1.651,1.651,1.638,1.64,33499.12
1780791000000,1.639,1.639,1.633,1.637,40426.6
1780791300000,1.637,1.644,1.637,1.641,15316.29
1780791600000,1.64,1.643,1.639,1.639,15233.06
1780791900000,1.639,1.639,1.635,1.639,16113.11
1780792200000,1.64,1.649,1.632,1.632,88809.47
1780792500000,1.632,1.638,1.63,1.631,49124.54
1780792800000,1.63,1.636,1.628,1.628,33205.47
1780793100000,1.629,1.633,1.624,1.629,50135.95
1780793400000,1.629,1.634,1.628,1.632,17279.63
1780793700000,1.632,1.633,1.628,1.63,11752.81
1780794000000,1.629,1.649,1.628,1.647,101400.04
1780794300000,1.646,1.684,1.641,1.68,392589.84
1780794600000,1.68,1.681,1.668,1.67,97316.9
1780794900000,1.669,1.682,1.661,1.673,129306.55
1780795200000,1.673,1.679,1.666,1.678,81822.35
1780795500000,1.678,1.719,1.677,1.714,452570.23
1780795800000,1.714,1.732,1.709,1.731,204901.21
1780796100000,1.731,1.736,1.726,1.736,124816.89
1780796400000,1.736,1.738,1.721,1.733,78949.1
1780796700000,1.733,1.752,1.724,1.745,290355.58
1780797000000,1.746,1.754,1.74,1.753,89153.07
1780797300000,1.753,1.76,1.743,1.743,214452.0
1780797600000,1.744,1.755,1.736,1.755,146271.91
1780797900000,1.755,1.768,1.753,1.758,316841.98
1780798200000,1.757,1.771,1.756,1.771,183329.28
1780798500000,1.77,1.772,1.738,1.738,160580.91
1780798800000,1.738,1.743,1.729,1.737,136853.27
1780799100000,1.738,1.738,1.719,1.73,180183.2
1780799400000,1.73,1.734,1.719,1.733,100236.76
1780799700000,1.733,1.736,1.729,1.735,94208.92
1780800000000,1.735,1.737,1.727,1.733,49674.19
1780800300000,1.732,1.734,1.728,1.731,58181.56
1780800600000,1.73,1.735,1.712,1.719,88732.69
1780800900000,1.719,1.719,1.711,1.714,46552.2
1780801200000,1.714,1.714,1.696,1.697,134736.26
1780801500000,1.698,1.703,1.695,1.702,86654.32
1780801800000,1.703,1.707,1.696,1.705,52126.07
1780802100000,1.704,1.709,1.696,1.7,60141.09
1780802400000,1.7,1.705,1.693,1.7,58212.02
1780802700000,1.701,1.706,1.698,1.702,33944.5
1780803000000,1.702,1.706,1.689,1.691,91116.11
1780803300000,1.691,1.697,1.691,1.695,38615.13
1780803600000,1.695,1.7,1.69,1.699,16443.38
1780803900000,1.699,1.706,1.696,1.703,51832.92
1780804200000,1.703,1.706,1.701,1.703,32116.21
1780804500000,1.703,1.708,1.7,1.703,48103.69
1780804800000,1.702,1.709,1.697,1.709,38277.85
1780805100000,1.709,1.723,1.709,1.718,101922.79
1780805400000,1.718,1.724,1.713,1.718,118907.67
1780805700000,1.718,1.727,1.716,1.718,98118.44
1780806000000,1.718,1.718,1.712,1.716,49137.32
1780806300000,1.715,1.725,1.714,1.72,38842.03
1780806600000,1.719,1.728,1.717,1.727,37089.9
1780806900000,1.727,1.734,1.724,1.725,85075.78
1780807200000,1.726,1.729,1.72,1.725,69426.08
1780807500000,1.726,1.727,1.72,1.723,26646.77
1780807800000,1.723,1.723,1.693,1.693,91950.06
1780808100000,1.693,1.711,1.692,1.694,111155.56
1780808400000,1.694,1.696,1.688,1.691,87292.04
1780808700000,1.691,1.693,1.686,1.691,41676.74
1780809000000,1.691,1.707,1.69,1.7,59850.63
1780809300000,1.699,1.702,1.695,1.7,105785.78
1780809600000,1.699,1.702,1.694,1.7,38552.69
1780809900000,1.7,1.7,1.696,1.698,50935.06
1780810200000,1.699,1.71,1.696,1.703,109197.04
1780810500000,1.702,1.708,1.7,1.705,19374.87
1780810800000,1.705,1.716,1.703,1.716,56429.72
1780811100000,1.715,1.717,1.709,1.713,67128.71
1780811400000,1.714,1.725,1.712,1.725,75768.37
1780811700000,1.724,1.73,1.724,1.728,30810.33
1780812000000,1.727,1.731,1.722,1.722,40122.74
1780812300000,1.722,1.727,1.717,1.724,54903.24
1780812600000,1.725,1.734,1.725,1.733,39481.84
1780812900000,1.734,1.742,1.731,1.736,94035.64
1780813200000,1.735,1.738,1.731,1.735,109083.9
1780813500000,1.734,1.738,1.72,1.721,74745.06
1780813800000,1.722,1.731,1.721,1.723,75693.56
1780814100000,1.723,1.726,1.72,1.725,42375.18
1780814400000,1.726,1.739,1.726,1.739,60424.91
1780814700000,1.738,1.74,1.731,1.736,43775.92
1780815000000,1.736,1.736,1.723,1.727,66361.56
1780815300000,1.728,1.735,1.725,1.732,41172.17
1780815600000,1.732,1.733,1.726,1.731,51029.15
1780815900000,1.732,1.738,1.73,1.735,54605.51
1780816200000,1.735,1.739,1.733,1.736,32843.35
1780816500000,1.736,1.736,1.726,1.735,17018.97
1780816800000,1.735,1.735,1.729,1.73,28661.81
1780817100000,1.731,1.734,1.728,1.734,39042.7
1780817400000,1.733,1.736,1.732,1.734,26253.36
1780817700000,1.734,1.738,1.731,1.733,15023.7
1780818000000,1.732,1.733,1.725,1.729,38409.35
1780818300000,1.728,1.728,1.719,1.719,58290.44
1780818600000,1.719,1.723,1.717,1.723,24235.81
1780818900000,1.723,1.733,1.722,1.731,30802.93
1780819200000,1.732,1.74,1.731,1.735,68081.52
1780819500000,1.734,1.734,1.722,1.728,51651.65
1780819800000,1.728,1.729,1.724,1.726,43289.73
1780820100000,1.727,1.727,1.719,1.722,27099.02
1780820400000,1.722,1.725,1.718,1.72,23642.32
1780820700000,1.72,1.73,1.715,1.729,78328.36
1780821000000,1.729,1.732,1.723,1.727,15429.42
1780821300000,1.728,1.739,1.727,1.734,33140.42
1780821600000,1.733,1.738,1.732,1.736,27920.81
1780821900000,1.737,1.753,1.737,1.746,129629.49
1780822200000,1.745,1.754,1.745,1.752,29031.49
1780822500000,1.751,1.752,1.745,1.751,63783.93
1780822800000,1.752,1.754,1.744,1.747,21191.17
1780823100000,1.746,1.752,1.744,1.748,14926.94
1780823400000,1.748,1.749,1.736,1.737,57540.94
1780823700000,1.737,1.742,1.734,1.736,22434.9
1780824000000,1.736,1.736,1.724,1.727,57112.13
1780824300000,1.728,1.729,1.726,1.727,10734.94
1780824600000,1.727,1.729,1.704,1.706,114008.86
1780824900000,1.707,1.71,1.705,1.709,31545.57
1780825200000,1.708,1.714,1.708,1.712,22247.88
1780825500000,1.712,1.714,1.708,1.714,19498.8
1780825800000,1.715,1.716,1.71,1.712,28010.99
1780826100000,1.713,1.715,1.707,1.708,46770.81
1780826400000,1.707,1.712,1.705,1.705,38765.75
1780826700000,1.706,1.707,1.695,1.702,72239.71
1780827000000,1.702,1.708,1.702,1.704,24889.16
1780827300000,1.704,1.71,1.703,1.706,65867.05
1780827600000,1.706,1.719,1.706,1.719,54294.74
1780827900000,1.719,1.72,1.712,1.718,68113.82
1780828200000,1.717,1.719,1.708,1.713,41682.83
1780828500000,1.713,1.713,1.71,1.711,12679.26
1780828800000,1.712,1.712,1.704,1.707,12884.66
1780829100000,1.707,1.707,1.7,1.706,38021.26
1780829400000,1.705,1.707,1.701,1.703,10103.44
1780829700000,1.703,1.707,1.702,1.703,8973.3
1780830000000,1.704,1.711,1.704,1.706,19188.38
1780830300000,1.707,1.711,1.707,1.711,21584.0
1780830600000,1.711,1.716,1.709,1.714,20789.54
1780830900000,1.714,1.719,1.713,1.714,19837.38
1780831200000,1.714,1.718,1.709,1.718,75965.98
1780831500000,1.718,1.718,1.714,1.715,10162.31
1780831800000,1.715,1.717,1.711,1.711,14759.53
1780832100000,1.712,1.723,1.712,1.717,103635.35
1780832400000,1.718,1.719,1.714,1.716,14660.1
1780832700000,1.716,1.716,1.708,1.712,37361.66
1780833000000,1.711,1.715,1.705,1.714,37344.14
1780833300000,1.714,1.719,1.712,1.717,16546.27
1780833600000,1.717,1.719,1.709,1.71,85357.19
1780833900000,1.709,1.71,1.683,1.687,256123.74
1780834200000,1.686,1.688,1.675,1.682,176491.55
1780834500000,1.681,1.687,1.677,1.683,41859.06
1780834800000,1.684,1.687,1.676,1.679,42801.37
1780835100000,1.679,1.681,1.674,1.676,43433.97
1780835400000,1.676,1.68,1.671,1.673,59782.61
1780835700000,1.672,1.678,1.669,1.672,63252.52
1780836000000,1.673,1.676,1.659,1.663,193661.22
1780836300000,1.664,1.682,1.664,1.68,109427.21
1780836600000,1.68,1.685,1.679,1.684,38734.01
1780836900000,1.685,1.688,1.681,1.687,21197.81
1780837200000,1.687,1.689,1.685,1.686,35920.61
1780837500000,1.686,1.687,1.681,1.683,46139.51
1780837800000,1.683,1.688,1.677,1.688,30029.14
1780838100000,1.689,1.689,1.679,1.679,33972.96
1780838400000,1.679,1.683,1.678,1.682,12899.84
1780838700000,1.682,1.697,1.682,1.694,30685.55
1780839000000,1.694,1.696,1.686,1.689,35034.0
1780839300000,1.689,1.693,1.685,1.692,35572.96
1780839600000,1.692,1.692,1.688,1.689,18546.46
1780839900000,1.69,1.692,1.687,1.689,5249.94
1780840200000,1.688,1.689,1.679,1.682,55376.12
1780840500000,1.682,1.684,1.681,1.683,5086.47
1780840800000,1.683,1.688,1.683,1.683,21808.67
1780841100000,1.683,1.686,1.683,1.684,9877.29
1780841400000,1.684,1.686,1.681,1.686,37463.64
1780841700000,1.685,1.691,1.684,1.688,68591.7
1780842000000,1.688,1.704,1.688,1.698,134853.49
1780842300000,1.699,1.704,1.696,1.698,76586.22
1780842600000,1.698,1.703,1.698,1.702,27424.01
1780842900000,1.701,1.704,1.697,1.698,15611.04
1780843200000,1.698,1.702,1.689,1.693,63782.55
1780843500000,1.692,1.698,1.691,1.697,27067.07
1780843800000,1.696,1.701,1.693,1.698,21844.22
1780844100000,1.698,1.702,1.694,1.699,40943.55
1780844400000,1.698,1.7,1.693,1.698,59790.95
1780844700000,1.698,1.704,1.694,1.702,25931.57
1780845000000,1.701,1.707,1.7,1.705,56089.1
1780845300000,1.705,1.707,1.691,1.692,63226.67
1780845600000,1.692,1.699,1.691,1.699,17397.76
1780845900000,1.699,1.701,1.693,1.7,36034.15
1780846200000,1.7,1.701,1.695,1.696,30047.87
1780846500000,1.697,1.699,1.692,1.698,68239.79
1780846800000,1.698,1.699,1.697,1.698,15769.04
1780847100000,1.698,1.698,1.687,1.69,25514.87
1780847400000,1.691,1.694,1.689,1.69,23746.78
1780847700000,1.691,1.698,1.689,1.697,33111.69
1780848000000,1.697,1.698,1.687,1.687,44534.06
1780848300000,1.688,1.695,1.688,1.694,16364.4
1780848600000,1.694,1.694,1.685,1.692,32697.36
1780848900000,1.693,1.704,1.693,1.697,61983.81
1780849200000,1.697,1.701,1.694,1.701,36012.23
1780849500000,1.702,1.704,1.701,1.704,30954.91
1780849800000,1.705,1.718,1.704,1.717,71795.06
1780850100000,1.717,1.72,1.715,1.715,23798.5
1780850400000,1.715,1.718,1.713,1.718,30194.96
1780850700000,1.717,1.721,1.715,1.716,26236.92
1780851000000,1.715,1.719,1.715,1.718,17747.14
1780851300000,1.718,1.718,1.708,1.718,20774.42
1780851600000,1.718,1.72,1.715,1.718,22165.23
1780851900000,1.718,1.726,1.715,1.721,23735.22
1780852200000,1.721,1.721,1.717,1.717,14684.41
1780852500000,1.717,1.729,1.712,1.725,172048.92
1780852800000,1.724,1.729,1.721,1.726,34257.54
1780853100000,1.726,1.728,1.724,1.725,13528.86
1780853400000,1.724,1.728,1.722,1.725,31012.4
1780853700000,1.726,1.727,1.723,1.724,18538.6
1780854000000,1.725,1.732,1.724,1.728,24433.33
1780854300000,1.727,1.73,1.722,1.726,27936.83
1780854600000,1.726,1.728,1.724,1.726,12736.47
1780854900000,1.727,1.737,1.727,1.735,82757.6
1780855200000,1.734,1.735,1.731,1.732,24094.21
1780855500000,1.732,1.736,1.731,1.735,14801.85
1780855800000,1.735,1.736,1.731,1.733,14906.52
1780856100000,1.734,1.737,1.729,1.729,10107.21
1780856400000,1.73,1.73,1.722,1.73,41732.26
1780856700000,1.731,1.733,1.727,1.732,8219.63
1780857000000,1.733,1.735,1.731,1.731,9943.89
1780857300000,1.731,1.731,1.713,1.715,213124.73
1780857600000,1.715,1.716,1.71,1.711,16330.59
1780857900000,1.711,1.717,1.705,1.707,92242.4
1780858200000,1.706,1.708,1.704,1.708,28967.06
1780858500000,1.708,1.708,1.682,1.685,205730.5
1780858800000,1.686,1.687,1.664,1.672,220427.43
1780859100000,1.672,1.675,1.669,1.671,46412.21
1780859400000,1.672,1.674,1.659,1.659,83173.19
1780859700000,1.659,1.661,1.644,1.65,352954.39
1780860000000,1.649,1.657,1.648,1.655,63336.58
1780860300000,1.656,1.661,1.648,1.66,80105.91
1780860600000,1.659,1.66,1.646,1.647,58238.63
1780860900000,1.646,1.647,1.641,1.645,106080.98
1780861200000,1.646,1.646,1.634,1.637,103957.65
1780861500000,1.638,1.647,1.636,1.642,78384.29
1780861800000,1.642,1.657,1.64,1.65,153967.87
1780862100000,1.65,1.653,1.649,1.652,58827.28
1780862400000,1.651,1.659,1.65,1.656,31399.0
1780862700000,1.657,1.662,1.656,1.661,41603.6
1780863000000,1.661,1.668,1.661,1.664,51611.63
1780863300000,1.664,1.665,1.659,1.663,45987.71
1780863600000,1.662,1.675,1.66,1.671,113359.68
1780863900000,1.671,1.672,1.667,1.669,17873.98
1780864200000,1.668,1.671,1.666,1.67,48652.54
1780864500000,1.671,1.672,1.662,1.664,47829.05
1780864800000,1.664,1.667,1.663,1.663,18922.6
1780865100000,1.663,1.671,1.663,1.671,16270.52
1780865400000,1.671,1.679,1.671,1.676,47275.26
1780865700000,1.676,1.679,1.675,1.675,8606.62
1780866000000,1.675,1.677,1.666,1.67,44908.2
1780866300000,1.669,1.675,1.667,1.672,16035.83
1780866600000,1.673,1.681,1.673,1.681,31742.39
1780866900000,1.681,1.685,1.676,1.676,29351.41
1780867200000,1.676,1.676,1.671,1.673,27631.01
1780867500000,1.672,1.675,1.671,1.671,7263.95
1780867800000,1.671,1.672,1.663,1.663,58864.41
1780868100000,1.663,1.663,1.656,1.659,70646.0
1780868400000,1.658,1.662,1.657,1.661,13680.63
1780868700000,1.661,1.662,1.658,1.661,6607.74
1780869000000,1.66,1.662,1.654,1.657,41866.79
1780869300000,1.657,1.662,1.657,1.661,6691.32
1780869600000,1.662,1.667,1.66,1.665,32457.04
1780869900000,1.664,1.674,1.664,1.67,24238.84
1780870200000,1.67,1.72,1.669,1.716,273179.97
1780870500000,1.716,1.73,1.707,1.707,400002.68
1780870800000,1.706,1.711,1.7,1.703,113069.28
1780871100000,1.703,1.705,1.695,1.7,64514.67
1780871400000,1.701,1.703,1.692,1.701,42550.04
1780871700000,1.7,1.717,1.7,1.704,100740.95
1780872000000,1.705,1.707,1.703,1.706,26051.65
1780872300000,1.706,1.709,1.703,1.708,32005.48
1780872600000,1.707,1.708,1.703,1.705,33294.16
1780872900000,1.705,1.708,1.695,1.701,72482.09
1780873200000,1.7,1.711,1.698,1.704,36984.75
1780873500000,1.704,1.705,1.702,1.703,24298.72
1780873800000,1.703,1.708,1.703,1.708,6430.03
1780874100000,1.709,1.71,1.7,1.703,18911.25
1780874400000,1.702,1.707,1.702,1.706,23984.32
1780874700000,1.706,1.712,1.706,1.709,16536.0
1780875000000,1.709,1.71,1.704,1.706,23161.2
1780875300000,1.706,1.706,1.701,1.703,11567.69
1780875600000,1.703,1.708,1.703,1.708,22694.3
1780875900000,1.708,1.708,1.7,1.7,54015.39
1780876200000,1.7,1.701,1.695,1.697,19731.9
1780876500000,1.697,1.701,1.695,1.7,32701.43
1780876800000,1.7,1.711,1.7,1.709,54303.31
1780877100000,1.708,1.708,1.7,1.7,20805.12
1780877400000,1.7,1.7,1.696,1.696,50736.13
1780877700000,1.696,1.698,1.694,1.698,22621.28
1780878000000,1.697,1.699,1.695,1.699,12721.35
1780878300000,1.699,1.704,1.699,1.702,83787.79
1780878600000,1.701,1.707,1.696,1.699,41846.6
1780878900000,1.699,1.722,1.699,1.719,108530.14
1780879200000,1.719,1.72,1.71,1.712,37536.0
1780879500000,1.711,1.717,1.708,1.717,16239.29
1780879800000,1.717,1.717,1.711,1.711,36458.45
1780880100000,1.711,1.711,1.699,1.707,98731.12
1780880400000,1.707,1.715,1.703,1.704,76137.24
1780880700000,1.704,1.705,1.689,1.693,161660.36
1780881000000,1.693,1.693,1.684,1.684,39251.27
1780881300000,1.683,1.686,1.677,1.685,99244.96
1780881600000,1.685,1.688,1.681,1.681,30398.92
1780881900000,1.682,1.686,1.679,1.679,46651.91
1780882200000,1.68,1.69,1.678,1.688,66259.56
1780882500000,1.688,1.692,1.683,1.688,47805.98
1780882800000,1.689,1.694,1.689,1.693,40498.65
1780883100000,1.693,1.697,1.693,1.695,20817.24
1780883400000,1.695,1.699,1.692,1.696,17192.32
1780883700000,1.696,1.704,1.696,1.703,29730.9
1780884000000,1.703,1.704,1.695,1.696,15912.44
1780884300000,1.696,1.701,1.696,1.701,34980.99
1780884600000,1.701,1.707,1.7,1.706,39052.22
1780884900000,1.706,1.71,1.702,1.702,60503.35
1780885200000,1.703,1.709,1.703,1.708,16022.32
1780885500000,1.708,1.717,1.705,1.708,107537.04
1780885800000,1.708,1.714,1.705,1.712,40738.87
1780886100000,1.712,1.716,1.711,1.713,36251.66
1780886400000,1.712,1.718,1.71,1.718,39808.01
1780886700000,1.718,1.719,1.711,1.715,28577.76
1780887000000,1.715,1.718,1.709,1.711,52679.62
1780887300000,1.712,1.713,1.708,1.712,11648.52
1780887600000,1.712,1.716,1.71,1.714,42145.07
1780887900000,1.714,1.725,1.713,1.724,32297.79
1780888200000,1.725,1.728,1.72,1.725,106400.42
1780888500000,1.725,1.726,1.711,1.72,190001.12
1780888800000,1.72,1.724,1.718,1.719,49340.26
1780889100000,1.72,1.724,1.717,1.723,30912.81
1780889400000,1.723,1.729,1.722,1.729,22579.74
1780889700000,1.729,1.734,1.728,1.733,60392.11
1780890000000,1.732,1.736,1.727,1.729,44864.59
1780890300000,1.73,1.734,1.727,1.732,56948.48
1780890600000,1.732,1.744,1.732,1.742,132752.68
1780890900000,1.743,1.744,1.734,1.735,71512.58
1780891200000,1.736,1.738,1.729,1.73,33979.57
1780891500000,1.731,1.731,1.72,1.723,53348.91
1780891800000,1.722,1.725,1.714,1.719,49095.26
1780892100000,1.719,1.72,1.706,1.706,205683.02
1780892400000,1.707,1.709,1.704,1.708,19499.0
1780892700000,1.709,1.712,1.708,1.71,8282.31
1780893000000,1.711,1.711,1.701,1.702,18160.41
1780893300000,1.702,1.706,1.7,1.706,26260.82
1780893600000,1.705,1.705,1.694,1.701,46040.41
1780893900000,1.702,1.71,1.701,1.709,13441.85
1780894200000,1.709,1.711,1.702,1.703,14088.72
1780894500000,1.703,1.705,1.699,1.7,15025.13
1780894800000,1.7,1.707,1.699,1.703,15480.38
1780895100000,1.704,1.705,1.697,1.701,35449.88
1780895400000,1.702,1.704,1.687,1.694,121247.8
1780895700000,1.693,1.696,1.692,1.694,94161.8
1780896000000,1.694,1.697,1.693,1.694,15393.93
1780896300000,1.695,1.7,1.69,1.699,16469.06
1780896600000,1.698,1.698,1.691,1.692,16002.26
1780896900000,1.692,1.692,1.686,1.69,20331.63
1780897200000,1.69,1.692,1.684,1.686,15078.05
1780897500000,1.686,1.69,1.686,1.686,15857.58
1780897800000,1.686,1.692,1.686,1.688,9806.8
1780898100000,1.688,1.707,1.688,1.703,139272.77
1780898400000,1.704,1.714,1.703,1.705,76776.17
1780898700000,1.705,1.705,1.697,1.704,16290.32
1780899000000,1.705,1.705,1.698,1.702,22966.69
1780899300000,1.702,1.706,1.702,1.705,24356.57
1780899600000,1.704,1.713,1.702,1.71,32182.37
1780899900000,1.711,1.723,1.71,1.717,71213.27
1780900200000,1.717,1.718,1.714,1.715,20076.84
1780900500000,1.716,1.717,1.711,1.712,13953.71
1780900800000,1.713,1.72,1.713,1.72,65741.85
1780901100000,1.721,1.722,1.71,1.71,27435.99
1780901400000,1.71,1.714,1.707,1.714,13659.67
1780901700000,1.714,1.714,1.709,1.713,6516.51
1780902000000,1.712,1.713,1.703,1.704,24802.27
1780902300000,1.704,1.709,1.703,1.709,16321.5
1780902600000,1.709,1.72,1.708,1.715,25252.26
1780902900000,1.715,1.722,1.709,1.721,57009.73
1780903200000,1.721,1.721,1.715,1.717,23637.11
1780903500000,1.718,1.722,1.714,1.718,37427.96
1780903800000,1.718,1.721,1.718,1.72,32557.25
1780904100000,1.72,1.723,1.719,1.723,17703.4
1780904400000,1.723,1.724,1.718,1.724,48446.16
1780904700000,1.723,1.725,1.718,1.724,70248.18
1780905000000,1.723,1.725,1.722,1.723,24663.95
1780905300000,1.722,1.729,1.721,1.727,35838.23
1780905600000,1.727,1.727,1.711,1.713,89202.36
1780905900000,1.713,1.718,1.71,1.718,14752.82
1780906200000,1.718,1.72,1.713,1.719,18533.0
1780906500000,1.719,1.721,1.711,1.712,28453.71
1780906800000,1.712,1.712,1.704,1.709,37096.6
1780907100000,1.708,1.712,1.706,1.71,34669.54
1780907400000,1.711,1.713,1.706,1.708,36514.29
1780907700000,1.709,1.711,1.704,1.704,99665.79
1780908000000,1.704,1.705,1.697,1.702,45353.62
1780908300000,1.702,1.702,1.694,1.698,45291.19
1780908600000,1.698,1.699,1.692,1.699,22480.33
1780908900000,1.699,1.703,1.696,1.701,24620.66
1780909200000,1.701,1.704,1.698,1.702,19757.02
1780909500000,1.701,1.703,1.696,1.696,27376.51
1780909800000,1.697,1.704,1.696,1.704,56759.29
1780910100000,1.703,1.71,1.699,1.708,44975.0
1780910400000,1.708,1.711,1.707,1.707,36686.67
1780910700000,1.706,1.708,1.703,1.703,25879.19
1780911000000,1.702,1.706,1.697,1.697,136685.6
1780911300000,1.698,1.71,1.698,1.704,110463.0
1780911600000,1.704,1.71,1.701,1.709,52548.86
1780911900000,1.708,1.71,1.704,1.71,133430.58
1780912200000,1.71,1.712,1.708,1.711,60396.35
1780912500000,1.712,1.717,1.711,1.717,28176.61
1780912800000,1.717,1.725,1.716,1.723,185753.6
1780913100000,1.723,1.726,1.72,1.722,91298.91
1780913400000,1.722,1.726,1.721,1.726,26411.79
1780913700000,1.725,1.725,1.715,1.718,83122.49
1780914000000,1.718,1.723,1.718,1.722,85961.43
1780914300000,1.721,1.722,1.715,1.716,57030.43
1780914600000,1.717,1.737,1.712,1.732,139766.52
1780914900000,1.733,1.738,1.729,1.733,50356.59
1780915200000,1.733,1.733,1.724,1.724,57393.61
1780915500000,1.724,1.726,1.719,1.72,46551.21
1780915800000,1.719,1.722,1.718,1.72,61429.55
1780916100000,1.721,1.721,1.717,1.719,35246.9
1780916400000,1.72,1.721,1.712,1.714,61606.7
1780916700000,1.713,1.727,1.713,1.722,113859.68
1780917000000,1.722,1.733,1.722,1.729,71081.67
1780917300000,1.729,1.73,1.72,1.725,68543.46
1780917600000,1.725,1.733,1.723,1.729,62762.31
1780917900000,1.729,1.736,1.729,1.736,31558.23
1780918200000,1.736,1.743,1.733,1.737,58108.7
1780918500000,1.736,1.743,1.736,1.741,58160.66
1780918800000,1.741,1.75,1.737,1.748,138994.04
1780919100000,1.748,1.754,1.743,1.746,251462.36
1780919400000,1.747,1.75,1.746,1.748,95943.27
1780919700000,1.747,1.751,1.743,1.75,44286.36
1780920000000,1.749,1.756,1.725,1.725,124588.14
1780920300000,1.726,1.745,1.725,1.744,87729.55
1780920600000,1.745,1.746,1.731,1.731,76040.87
1780920900000,1.732,1.739,1.732,1.735,77275.67
1780921200000,1.736,1.743,1.736,1.739,48904.83
1780921500000,1.739,1.742,1.736,1.737,32412.69
1780921800000,1.738,1.741,1.724,1.725,42824.62
1780922100000,1.725,1.736,1.725,1.73,94229.7
1780922400000,1.73,1.743,1.729,1.741,45179.58
1780922700000,1.742,1.742,1.729,1.731,60348.06
1780923000000,1.731,1.734,1.727,1.729,29985.47
1780923300000,1.729,1.739,1.728,1.734,76880.31
1780923600000,1.734,1.738,1.731,1.735,48698.36
1780923900000,1.735,1.735,1.73,1.733,47563.17
1780924200000,1.732,1.735,1.726,1.733,33634.59
1780924500000,1.733,1.737,1.73,1.736,45388.31
1780924800000,1.735,1.744,1.734,1.739,37882.99
1780925100000,1.738,1.741,1.734,1.736,90560.48
1780925400000,1.736,1.738,1.726,1.729,78635.56
1780925700000,1.728,1.736,1.726,1.726,59782.42
1780926000000,1.725,1.728,1.719,1.721,87301.43
1780926300000,1.722,1.73,1.72,1.724,38766.99
1780926600000,1.724,1.736,1.719,1.731,64828.06
1780926900000,1.73,1.73,1.722,1.724,25445.2
1780927200000,1.723,1.727,1.715,1.716,58384.96
1780927500000,1.717,1.726,1.715,1.725,25628.26
1780927800000,1.725,1.73,1.72,1.729,24244.55
1780928100000,1.728,1.728,1.72,1.724,51858.43
1780928400000,1.724,1.728,1.722,1.724,16571.92
1780928700000,1.723,1.725,1.721,1.722,19184.9
1780929000000,1.721,1.727,1.721,1.724,18651.48
1780929300000,1.724,1.728,1.721,1.724,49422.25
1780929600000,1.723,1.725,1.716,1.724,59213.01
1780929900000,1.723,1.726,1.722,1.722,17121.19
1780930200000,1.723,1.731,1.723,1.726,25696.44
1780930500000,1.726,1.732,1.724,1.726,28962.74
1780930800000,1.726,1.737,1.724,1.731,45373.68
1780931100000,1.731,1.755,1.728,1.751,137725.27
1780931400000,1.751,1.77,1.746,1.768,250901.71
1780931700000,1.768,1.779,1.765,1.775,180597.07
1780932000000,1.775,1.777,1.758,1.763,66587.64
1780932300000,1.763,1.769,1.759,1.76,32786.7
1780932600000,1.761,1.762,1.751,1.761,43518.84
1780932900000,1.761,1.771,1.759,1.762,78666.12
1780933200000,1.763,1.764,1.757,1.76,40902.97
1780933500000,1.761,1.765,1.76,1.761,58913.07
1780933800000,1.761,1.767,1.758,1.761,154190.39
1780934100000,1.761,1.762,1.749,1.755,32207.32
1780934400000,1.756,1.767,1.751,1.767,45608.99
1780934700000,1.766,1.775,1.762,1.763,65696.07
1780935000000,1.763,1.764,1.755,1.755,38182.3
1780935300000,1.755,1.788,1.754,1.784,198285.74
1780935600000,1.783,1.79,1.777,1.78,118920.45
1780935900000,1.779,1.78,1.762,1.767,79901.72
1780936200000,1.767,1.775,1.748,1.748,369123.72
1780936500000,1.749,1.757,1.747,1.748,154004.02
1780936800000,1.749,1.755,1.748,1.75,100052.73
1780937100000,1.75,1.753,1.742,1.746,105606.84
1780937400000,1.746,1.751,1.744,1.744,30634.4
1780937700000,1.744,1.748,1.742,1.748,17359.19
1780938000000,1.749,1.75,1.739,1.746,53860.59
1780938300000,1.746,1.752,1.741,1.746,49119.94
1780938600000,1.746,1.747,1.741,1.744,40556.12
1780938900000,1.745,1.751,1.742,1.75,34408.18
1780939200000,1.751,1.764,1.751,1.761,42660.56
1780939500000,1.76,1.769,1.76,1.765,46246.52
1780939800000,1.765,1.77,1.762,1.769,71232.21
1780940100000,1.77,1.779,1.766,1.779,81689.71
1780940400000,1.779,1.784,1.774,1.784,49107.46
1780940700000,1.784,1.793,1.78,1.792,86766.8
1780941000000,1.793,1.794,1.784,1.787,48391.3
1780941300000,1.786,1.797,1.785,1.795,127111.7
1780941600000,1.795,1.814,1.795,1.804,401125.38
1780941900000,1.804,1.81,1.798,1.806,158514.83
1780942200000,1.806,1.81,1.803,1.807,80393.49
1780942500000,1.807,1.81,1.796,1.801,71649.86
1780942800000,1.8,1.8,1.785,1.785,44103.66
1780943100000,1.785,1.795,1.784,1.794,33234.51
1780943400000,1.794,1.799,1.789,1.79,30829.56
1780943700000,1.79,1.805,1.789,1.803,69058.39
1780944000000,1.803,1.809,1.8,1.804,99309.84
1780944300000,1.804,1.807,1.786,1.787,216930.23
1780944600000,1.786,1.786,1.777,1.778,56122.35
1780944900000,1.778,1.781,1.772,1.772,26182.14
1780945200000,1.773,1.786,1.772,1.781,32608.61
1780945500000,1.782,1.784,1.774,1.777,41752.11
1780945800000,1.777,1.785,1.773,1.78,17489.08
1780946100000,1.779,1.779,1.772,1.777,26346.03
1780946400000,1.777,1.782,1.775,1.776,21112.95
1780946700000,1.775,1.781,1.772,1.773,25575.4
1780947000000,1.773,1.778,1.772,1.777,7567.74
1780947300000,1.778,1.778,1.769,1.77,18459.9
1780947600000,1.771,1.782,1.769,1.779,18604.85
1780947900000,1.778,1.782,1.778,1.781,13029.81
1780948200000,1.782,1.784,1.776,1.779,43158.71
1780948500000,1.778,1.78,1.773,1.778,11070.04
1780948800000,1.778,1.778,1.769,1.772,47182.55
1780949100000,1.772,1.775,1.767,1.767,25251.67
1780949400000,1.767,1.769,1.76,1.763,35409.84
1780949700000,1.764,1.764,1.759,1.761,8847.52
1780950000000,1.76,1.772,1.76,1.77,45903.39
1780950300000,1.77,1.773,1.767,1.77,12984.7
1780950600000,1.77,1.773,1.767,1.769,14044.35
1780950900000,1.769,1.77,1.763,1.764,6044.99
1780951200000,1.764,1.771,1.764,1.768,8395.33
1780951500000,1.768,1.77,1.765,1.768,11936.0
1780951800000,1.768,1.775,1.766,1.773,21508.33
1780952100000,1.773,1.778,1.773,1.778,10466.97
1780952400000,1.779,1.787,1.779,1.78,62826.78
1780952700000,1.78,1.782,1.771,1.775,33683.73
1780953000000,1.775,1.781,1.773,1.781,45132.56
1780953300000,1.781,1.781,1.758,1.76,76196.5
1780953600000,1.761,1.761,1.744,1.75,157693.99
1780953900000,1.751,1.752,1.747,1.75,21293.53
1780954200000,1.751,1.753,1.746,1.752,69921.74
1780954500000,1.752,1.754,1.748,1.749,16435.14
1780954800000,1.749,1.751,1.746,1.749,11390.87
1780955100000,1.749,1.751,1.742,1.745,27542.08
1780955400000,1.745,1.748,1.734,1.737,42580.42
1780955700000,1.737,1.737,1.73,1.731,49134.7
1780956000000,1.731,1.737,1.722,1.734,211371.19
1780956300000,1.735,1.739,1.735,1.736,44312.07
1780956600000,1.737,1.737,1.732,1.732,38351.62
1780956900000,1.733,1.738,1.731,1.734,25452.56
1780957200000,1.735,1.741,1.734,1.738,38682.44
1780957500000,1.739,1.739,1.727,1.727,77031.91
1780957800000,1.727,1.736,1.726,1.731,20892.48
1780958100000,1.732,1.737,1.731,1.733,44202.75
1780958400000,1.734,1.735,1.733,1.735,2578.12
1780958700000,1.734,1.735,1.728,1.733,15072.36
1780959000000,1.734,1.735,1.731,1.731,2636.71
1780959300000,1.732,1.738,1.732,1.738,23050.67
1780959600000,1.738,1.739,1.729,1.732,31226.62
1780959900000,1.732,1.737,1.731,1.737,12464.27
1780960200000,1.736,1.736,1.731,1.732,11456.96
1780960500000,1.732,1.732,1.719,1.72,49410.27
1780960800000,1.72,1.726,1.718,1.723,33227.5
1780961100000,1.723,1.726,1.718,1.726,30844.7
1780961400000,1.725,1.726,1.72,1.724,14836.01
1780961700000,1.724,1.726,1.721,1.721,3710.12
1780962000000,1.721,1.726,1.721,1.723,8906.59
1780962300000,1.723,1.724,1.718,1.72,13763.64
1780962600000,1.719,1.724,1.719,1.722,16824.6
1780962900000,1.722,1.726,1.721,1.726,4763.65
1780963200000,1.725,1.726,1.721,1.722,36038.79
1780963500000,1.722,1.723,1.718,1.72,30747.89
1780963800000,1.721,1.728,1.721,1.723,29549.36
1780964100000,1.723,1.73,1.722,1.727,27469.31
1780964400000,1.727,1.729,1.697,1.704,311062.17
1780964700000,1.704,1.706,1.699,1.7,112481.54
1780965000000,1.699,1.7,1.676,1.684,263477.98
1780965300000,1.683,1.69,1.672,1.677,185257.26
1780965600000,1.677,1.687,1.675,1.684,128452.29
1780965900000,1.685,1.687,1.681,1.685,66642.58
1780966200000,1.684,1.69,1.684,1.689,30347.87
1780966500000,1.689,1.693,1.683,1.688,32416.96
1780966800000,1.687,1.695,1.686,1.691,47657.75
1780967100000,1.691,1.694,1.689,1.691,22145.05
1780967400000,1.691,1.694,1.688,1.691,19243.21
1780967700000,1.691,1.695,1.689,1.693,22909.4
1780968000000,1.693,1.699,1.692,1.696,44223.95
1780968300000,1.696,1.703,1.695,1.702,42293.73
1780968600000,1.701,1.702,1.693,1.698,83468.01
1780968900000,1.699,1.699,1.692,1.694,22907.25
1780969200000,1.695,1.698,1.692,1.693,9228.75
1780969500000,1.694,1.698,1.692,1.693,25119.53
1780969800000,1.692,1.695,1.69,1.695,15701.46
1780970100000,1.696,1.699,1.696,1.699,12978.72
1780970400000,1.699,1.706,1.698,1.698,36616.0
1780970700000,1.697,1.699,1.694,1.699,10687.0
1780971000000,1.7,1.7,1.695,1.696,10445.39
1780971300000,1.695,1.695,1.687,1.687,20963.68
1780971600000,1.687,1.692,1.686,1.69,19231.15
1780971900000,1.69,1.694,1.689,1.694,18772.91
1780972200000,1.694,1.696,1.691,1.694,16870.18
1780972500000,1.693,1.696,1.688,1.693,61714.57
1780972800000,1.693,1.694,1.69,1.692,11992.59
1780973100000,1.693,1.697,1.693,1.695,15411.78
1780973400000,1.694,1.7,1.69,1.699,45088.35
1780973700000,1.7,1.705,1.7,1.704,23086.34
1780974000000,1.704,1.713,1.704,1.707,60432.33
1780974300000,1.706,1.71,1.704,1.708,17069.8
1780974600000,1.709,1.717,1.708,1.712,19284.82
1780974900000,1.713,1.714,1.707,1.707,15242.52
1780975200000,1.706,1.707,1.701,1.703,30126.73
1780975500000,1.703,1.708,1.701,1.705,30475.49
1780975800000,1.705,1.705,1.696,1.698,41872.4
1780976100000,1.698,1.698,1.689,1.697,64063.26
1780976400000,1.696,1.707,1.696,1.707,12232.58
1780976700000,1.706,1.708,1.703,1.707,19535.69
1780977000000,1.707,1.717,1.706,1.716,19950.55
1780977300000,1.716,1.723,1.715,1.722,55299.14
1780977600000,1.722,1.722,1.713,1.714,35728.44
1780977900000,1.713,1.726,1.712,1.726,78433.26
1780978200000,1.727,1.73,1.724,1.728,60173.67
1780978500000,1.727,1.729,1.725,1.728,10285.24
1780978800000,1.728,1.728,1.723,1.724,12195.03
1780979100000,1.724,1.729,1.724,1.725,53064.96
1780979400000,1.725,1.74,1.72,1.74,212021.64
1780979700000,1.74,1.749,1.737,1.749,99725.29
1780980000000,1.749,1.751,1.739,1.745,47313.9
1780980300000,1.745,1.75,1.744,1.75,35952.58
1780980600000,1.75,1.752,1.742,1.745,50797.06
1780980900000,1.744,1.746,1.739,1.739,22710.37
1780981200000,1.738,1.739,1.734,1.739,25969.94
1780981500000,1.738,1.738,1.733,1.733,14724.82
1780981800000,1.733,1.738,1.73,1.734,40601.97
1780982100000,1.735,1.745,1.735,1.744,24303.52
1780982400000,1.744,1.75,1.742,1.75,54305.88
1780982700000,1.75,1.753,1.747,1.747,28919.39
1780983000000,1.747,1.764,1.747,1.763,87652.64
1780983300000,1.763,1.763,1.756,1.763,30765.49
1780983600000,1.763,1.766,1.759,1.762,38718.19
1780983900000,1.762,1.771,1.761,1.771,41648.87
1780984200000,1.771,1.779,1.766,1.776,93677.59
1780984500000,1.776,1.781,1.774,1.78,58185.91
1780984800000,1.78,1.782,1.773,1.775,46538.47
1780985100000,1.775,1.779,1.771,1.776,62802.46
1780985400000,1.777,1.794,1.777,1.792,202474.85
1780985700000,1.793,1.795,1.786,1.787,90303.54
1780986000000,1.787,1.788,1.781,1.781,29706.8
1780986300000,1.781,1.784,1.777,1.78,56276.78
1780986600000,1.781,1.782,1.767,1.768,68563.48
1780986900000,1.768,1.771,1.763,1.765,32490.7
1780987200000,1.766,1.766,1.763,1.765,39265.74
1780987500000,1.764,1.77,1.764,1.764,17738.04
1780987800000,1.763,1.764,1.761,1.763,29137.1
1780988100000,1.763,1.768,1.763,1.768,5318.94
1780988400000,1.768,1.771,1.762,1.762,40861.76
1780988700000,1.763,1.771,1.763,1.77,17739.2
1780989000000,1.771,1.771,1.76,1.761,35641.31
1780989300000,1.761,1.765,1.756,1.761,63998.7
1780989600000,1.761,1.765,1.755,1.756,15231.94
1780989900000,1.757,1.758,1.751,1.752,56577.62
1780990200000,1.752,1.765,1.75,1.764,67071.24
1780990500000,1.763,1.765,1.755,1.758,31014.61
1780990800000,1.758,1.763,1.758,1.761,15742.9
1780991100000,1.761,1.765,1.76,1.763,42072.94
1780991400000,1.763,1.768,1.76,1.763,136683.2
1780991700000,1.763,1.767,1.763,1.767,31120.02
1780992000000,1.767,1.768,1.75,1.751,73055.82
1780992300000,1.751,1.755,1.741,1.749,196116.07
1780992600000,1.749,1.749,1.744,1.746,50074.53
1780992900000,1.746,1.751,1.745,1.751,16237.48
1780993200000,1.751,1.757,1.747,1.754,30991.59
1780993500000,1.754,1.756,1.752,1.753,13235.0
1780993800000,1.753,1.754,1.749,1.751,34726.11
1780994100000,1.752,1.756,1.748,1.754,38047.81
1780994400000,1.754,1.76,1.753,1.759,66105.64
1780994700000,1.759,1.759,1.748,1.748,33124.18
1780995000000,1.749,1.753,1.745,1.746,12624.17
1780995300000,1.746,1.75,1.744,1.746,19419.33
1780995600000,1.746,1.749,1.745,1.746,12006.28
1780995900000,1.747,1.748,1.742,1.746,12505.84
1780996200000,1.746,1.747,1.742,1.746,19847.96
1780996500000,1.746,1.747,1.741,1.745,22168.81
1780996800000,1.745,1.75,1.744,1.748,24153.13
1780997100000,1.748,1.75,1.733,1.736,45772.65
1780997400000,1.735,1.741,1.726,1.729,100394.52
1780997700000,1.73,1.733,1.718,1.725,84883.56
1780998000000,1.725,1.729,1.723,1.729,10462.93
1780998300000,1.729,1.73,1.728,1.729,8997.61
1780998600000,1.73,1.732,1.725,1.726,49667.29
1780998900000,1.726,1.729,1.726,1.727,14731.47
1780999200000,1.727,1.731,1.727,1.73,8769.68
1780999500000,1.73,1.732,1.719,1.721,89683.64
1780999800000,1.722,1.723,1.717,1.722,73292.25
1781000100000,1.722,1.726,1.718,1.725,31748.99
1781000400000,1.725,1.729,1.724,1.725,15388.73
1781000700000,1.726,1.729,1.724,1.728,16976.54
1781001000000,1.728,1.73,1.718,1.718,23810.95
1781001300000,1.718,1.722,1.718,1.722,19822.71
1781001600000,1.722,1.725,1.721,1.724,8112.32
1781001900000,1.723,1.729,1.723,1.726,25329.99
1781002200000,1.726,1.732,1.719,1.725,102773.3
1781002500000,1.725,1.726,1.718,1.725,66637.36
1781002800000,1.725,1.726,1.722,1.723,47721.55
1781003100000,1.723,1.729,1.723,1.729,16125.42
1781003400000,1.728,1.731,1.722,1.724,35108.84
1781003700000,1.724,1.726,1.723,1.725,10364.42
1781004000000,1.725,1.731,1.724,1.731,12420.98
1781004300000,1.731,1.731,1.724,1.726,12290.99
1781004600000,1.726,1.734,1.725,1.734,18853.75
1781004900000,1.733,1.735,1.731,1.732,21594.96
1781005200000,1.732,1.735,1.732,1.733,8526.67
1781005500000,1.733,1.737,1.731,1.736,21852.6
1781005800000,1.735,1.741,1.735,1.739,79239.36
1781006100000,1.738,1.738,1.733,1.734,20816.94
1781006400000,1.733,1.755,1.73,1.748,307818.89
1781006700000,1.747,1.748,1.744,1.746,11291.59
1781007000000,1.746,1.751,1.746,1.751,12960.3
1781007300000,1.751,1.751,1.744,1.748,9197.29
1781007600000,1.747,1.759,1.741,1.757,127247.94
1781007900000,1.756,1.756,1.745,1.748,42836.63
1781008200000,1.748,1.756,1.747,1.755,16503.1
1781008500000,1.755,1.76,1.754,1.76,12207.08
1781008800000,1.759,1.762,1.752,1.754,26874.52
1781009100000,1.754,1.754,1.742,1.748,90960.92
1781009400000,1.747,1.748,1.743,1.747,19069.37
1781009700000,1.747,1.751,1.746,1.75,27695.18
1781010000000,1.75,1.754,1.749,1.752,22372.62
1781010300000,1.752,1.757,1.751,1.752,15724.2
1781010600000,1.751,1.754,1.745,1.746,22254.2
1781010900000,1.746,1.751,1.735,1.736,84071.13
1781011200000,1.737,1.74,1.733,1.735,64428.95
1781011500000,1.734,1.736,1.729,1.732,49354.19
1781011800000,1.732,1.74,1.728,1.732,75413.55
1781012100000,1.732,1.738,1.731,1.734,51549.57
1781012400000,1.734,1.747,1.733,1.746,62861.05
1781012700000,1.747,1.755,1.742,1.751,56290.72
1781013000000,1.751,1.757,1.748,1.75,45103.0
1781013300000,1.751,1.757,1.751,1.751,13830.78
1781013600000,1.75,1.753,1.74,1.743,27734.92
1781013900000,1.743,1.746,1.739,1.742,119276.83
1781014200000,1.743,1.745,1.729,1.73,62890.72
1781014500000,1.729,1.734,1.713,1.72,104993.46
1781014800000,1.72,1.727,1.715,1.723,81561.02
1781015100000,1.724,1.726,1.716,1.717,38268.73
1781015400000,1.717,1.721,1.704,1.717,247954.16
1781015700000,1.717,1.72,1.713,1.717,60054.65
1781016000000,1.717,1.718,1.71,1.711,45473.11
1781016300000,1.711,1.711,1.698,1.706,138719.62
1781016600000,1.705,1.716,1.704,1.714,51391.95
1781016900000,1.714,1.728,1.713,1.728,40195.49
1781017200000,1.727,1.727,1.72,1.726,37060.02
1781017500000,1.726,1.736,1.723,1.736,42862.04
1781017800000,1.736,1.736,1.728,1.73,23632.01
1781018100000,1.73,1.732,1.726,1.726,21353.55
1781018400000,1.726,1.728,1.712,1.712,58873.54
1781018700000,1.712,1.715,1.707,1.709,34223.24
1781019000000,1.709,1.71,1.695,1.708,98489.74
1781019300000,1.708,1.71,1.696,1.706,103930.85
1781019600000,1.706,1.712,1.704,1.711,20404.11
1781019900000,1.71,1.712,1.703,1.709,31788.18
1781020200000,1.708,1.716,1.706,1.707,35091.84
1781020500000,1.707,1.71,1.699,1.704,43152.02
1781020800000,1.704,1.706,1.698,1.704,47199.77
1781021100000,1.703,1.704,1.691,1.699,79482.36
1781021400000,1.7,1.702,1.693,1.693,182603.09
1781021700000,1.693,1.698,1.68,1.683,110972.07
1781022000000,1.683,1.694,1.681,1.692,58480.46
1781022300000,1.692,1.702,1.689,1.699,92946.5
1781022600000,1.698,1.701,1.694,1.697,28784.61
1781022900000,1.697,1.703,1.674,1.676,175144.27
1781023200000,1.676,1.715,1.675,1.71,213294.64
1781023500000,1.71,1.721,1.705,1.708,406181.8
1781023800000,1.708,1.708,1.693,1.694,44446.85
1781024100000,1.694,1.703,1.692,1.701,25441.3
1781024400000,1.7,1.711,1.698,1.71,43501.31
1781024700000,1.709,1.71,1.704,1.707,36789.52
1781025000000,1.706,1.711,1.702,1.709,40439.5
1781025300000,1.71,1.723,1.709,1.723,73580.12
1781025600000,1.722,1.725,1.72,1.722,83596.02
1781025900000,1.722,1.726,1.715,1.724,225326.12
1781026200000,1.724,1.73,1.723,1.725,30672.35
1781026500000,1.725,1.728,1.721,1.726,21068.21
1781026800000,1.725,1.73,1.724,1.725,14691.58
1781027100000,1.725,1.725,1.717,1.72,31746.22
1781027400000,1.721,1.727,1.719,1.72,31145.55
1781027700000,1.721,1.725,1.718,1.718,19863.0
1781028000000,1.719,1.72,1.712,1.716,14246.55
1781028300000,1.716,1.722,1.715,1.72,12165.91
1781028600000,1.72,1.721,1.714,1.717,42592.28
1781028900000,1.716,1.729,1.715,1.729,22782.79
1781029200000,1.729,1.734,1.722,1.724,36139.99
1781029500000,1.724,1.724,1.713,1.718,53616.57
1781029800000,1.718,1.721,1.716,1.72,23586.2
1781030100000,1.72,1.724,1.719,1.719,26374.65
1781030400000,1.719,1.72,1.699,1.699,114831.4
1781030700000,1.7,1.704,1.698,1.699,282999.64
1781031000000,1.699,1.702,1.696,1.698,21711.82
1781031300000,1.698,1.706,1.698,1.703,17046.32
1781031600000,1.703,1.707,1.701,1.707,11186.33
1781031900000,1.708,1.711,1.707,1.707,20244.1
1781032200000,1.707,1.709,1.702,1.707,55442.93
1781032500000,1.708,1.71,1.707,1.71,11684.23
1781032800000,1.709,1.713,1.707,1.708,17005.51
1781033100000,1.709,1.711,1.702,1.707,43261.83
1781033400000,1.707,1.716,1.707,1.715,30515.22
1781033700000,1.715,1.719,1.71,1.71,36404.08
1781034000000,1.71,1.714,1.709,1.712,39324.44
1781034300000,1.712,1.713,1.705,1.706,11482.25
1781034600000,1.706,1.715,1.706,1.713,64915.6
1781034900000,1.714,1.715,1.709,1.712,10728.54
1781035200000,1.713,1.714,1.709,1.713,20565.18
1781035500000,1.713,1.715,1.71,1.713,12966.08
1781035800000,1.714,1.719,1.712,1.716,19437.44
1781036100000,1.716,1.719,1.71,1.71,6166.58
1781036400000,1.711,1.713,1.71,1.711,6431.16
1781036700000,1.711,1.715,1.71,1.715,8101.57
1781037000000,1.714,1.716,1.709,1.716,19543.65
1781037300000,1.716,1.721,1.712,1.719,31625.44
1781037600000,1.72,1.725,1.717,1.724,22200.7
1781037900000,1.724,1.726,1.718,1.719,27038.95
1781038200000,1.718,1.719,1.715,1.719,5838.04
1781038500000,1.719,1.723,1.719,1.723,5615.54
1781038800000,1.723,1.726,1.72,1.721,28141.37
1781039100000,1.72,1.729,1.72,1.724,32663.74
1781039400000,1.725,1.727,1.722,1.726,35178.17
1781039700000,1.726,1.726,1.714,1.714,30874.33
1781040000000,1.714,1.714,1.702,1.71,81643.04
1781040300000,1.71,1.711,1.699,1.704,31676.96
1781040600000,1.704,1.709,1.703,1.709,12074.21
1781040900000,1.709,1.71,1.706,1.708,7475.68
1781041200000,1.707,1.709,1.702,1.702,20211.32
1781041500000,1.703,1.704,1.7,1.701,3550.18
1781041800000,1.7,1.701,1.696,1.697,8167.24
1781042100000,1.697,1.701,1.695,1.701,7130.97
1781042400000,1.702,1.704,1.695,1.695,6471.22
1781042700000,1.694,1.698,1.689,1.698,34184.25
1781043000000,1.699,1.708,1.699,1.707,11393.8
1781043300000,1.706,1.713,1.706,1.713,13563.48
1781043600000,1.714,1.718,1.708,1.712,73362.83
1781043900000,1.711,1.711,1.708,1.71,3848.74
1781044200000,1.711,1.713,1.708,1.709,5780.27
1781044500000,1.71,1.711,1.701,1.705,97188.96
1781044800000,1.705,1.707,1.7,1.707,12219.24
1781045100000,1.707,1.71,1.704,1.704,18601.4
1781045400000,1.704,1.705,1.701,1.703,13994.66
1781045700000,1.702,1.708,1.698,1.7,63795.06
1781046000000,1.7,1.703,1.696,1.7,246674.15
1781046300000,1.7,1.702,1.699,1.701,45008.06
1781046600000,1.7,1.706,1.697,1.705,29655.24
1781046900000,1.705,1.708,1.703,1.707,12954.03
1781047200000,1.707,1.709,1.705,1.708,15595.78
1781047500000,1.708,1.708,1.704,1.705,8185.73
1781047800000,1.705,1.709,1.703,1.706,7932.31
1781048100000,1.707,1.708,1.701,1.702,22668.54
1781048400000,1.702,1.702,1.695,1.699,35089.76
1781048700000,1.7,1.702,1.698,1.698,7939.28
1781049000000,1.698,1.706,1.696,1.702,12191.04
1781049300000,1.703,1.707,1.7,1.701,39323.98
1781049600000,1.702,1.704,1.697,1.703,15648.98
1781049900000,1.704,1.705,1.699,1.703,18884.63
1781050200000,1.702,1.704,1.7,1.704,22391.69
1781050500000,1.703,1.704,1.694,1.696,22558.77
1781050800000,1.695,1.7,1.691,1.7,37097.42
1781051100000,1.701,1.703,1.692,1.701,70679.89
1781051400000,1.701,1.702,1.693,1.694,25263.31
1781051700000,1.694,1.699,1.689,1.696,45699.73
1781052000000,1.696,1.697,1.679,1.687,115140.05
1781052300000,1.688,1.694,1.686,1.694,36969.64
1781052600000,1.693,1.697,1.689,1.696,31305.99
1781052900000,1.696,1.705,1.695,1.705,47051.82
1781053200000,1.705,1.71,1.704,1.71,51536.92
1781053500000,1.71,1.71,1.699,1.699,21115.57
1781053800000,1.698,1.702,1.696,1.7,12769.45
1781054100000,1.7,1.705,1.699,1.702,16357.95
1781054400000,1.702,1.702,1.696,1.696,19500.73
1781054700000,1.696,1.697,1.692,1.694,12017.77
1781055000000,1.694,1.697,1.69,1.697,44527.24
1781055300000,1.696,1.697,1.687,1.692,25048.04
1781055600000,1.691,1.691,1.685,1.688,15475.43
1781055900000,1.688,1.694,1.686,1.693,21779.05
1781056200000,1.693,1.694,1.69,1.692,29762.35
1781056500000,1.691,1.692,1.686,1.686,13400.1
1781056800000,1.686,1.689,1.686,1.686,12157.21
1781057100000,1.687,1.691,1.686,1.688,22292.66
1781057400000,1.689,1.689,1.681,1.681,23189.46
1781057700000,1.681,1.681,1.664,1.664,273157.17
1781058000000,1.665,1.669,1.665,1.665,25311.37
1781058300000,1.665,1.672,1.665,1.668,27489.09
1781058600000,1.668,1.67,1.663,1.665,41481.65
1781058900000,1.666,1.668,1.665,1.665,19183.54
1781059200000,1.664,1.668,1.664,1.668,22903.54
1781059500000,1.668,1.672,1.667,1.672,97761.66
1781059800000,1.673,1.675,1.671,1.672,46377.96
1781060100000,1.672,1.679,1.672,1.675,29318.83
1781060400000,1.674,1.68,1.673,1.68,17270.45
1781060700000,1.681,1.69,1.681,1.69,43088.47
1781061000000,1.69,1.69,1.685,1.686,6816.94
1781061300000,1.685,1.688,1.682,1.685,29851.77
1781061600000,1.685,1.689,1.683,1.689,11012.6
1781061900000,1.689,1.697,1.689,1.697,13913.15
1781062200000,1.697,1.697,1.685,1.686,11963.22
1781062500000,1.686,1.688,1.681,1.684,30197.45
1781062800000,1.684,1.686,1.682,1.684,11439.72
1781063100000,1.685,1.687,1.682,1.682,10013.88
1781063400000,1.682,1.683,1.679,1.681,20767.98
1781063700000,1.68,1.681,1.679,1.68,9379.46
1781064000000,1.68,1.68,1.676,1.679,21748.14
1781064300000,1.679,1.68,1.677,1.68,23695.86
1781064600000,1.68,1.68,1.676,1.679,7247.81
1781064900000,1.679,1.681,1.677,1.678,12112.29
1781065200000,1.678,1.681,1.677,1.679,6883.66
1781065500000,1.679,1.679,1.672,1.673,10277.05
1781065800000,1.672,1.674,1.666,1.667,28464.95
1781066100000,1.667,1.668,1.661,1.664,51152.15
1781066400000,1.664,1.667,1.658,1.659,52145.34
1781066700000,1.659,1.666,1.658,1.666,15267.55
1781067000000,1.666,1.667,1.662,1.664,20192.29
1781067300000,1.663,1.666,1.662,1.664,15882.94
1781067600000,1.664,1.664,1.657,1.662,20565.03
1781067900000,1.662,1.665,1.66,1.661,19300.65
1781068200000,1.661,1.663,1.654,1.654,51577.1
1781068500000,1.654,1.655,1.649,1.652,61666.07
1781068800000,1.652,1.655,1.65,1.655,42657.2
1781069100000,1.655,1.662,1.655,1.657,18893.55
1781069400000,1.657,1.658,1.652,1.654,46214.81
1781069700000,1.654,1.656,1.646,1.649,36532.79
1781070000000,1.649,1.65,1.646,1.646,18979.91
1781070300000,1.647,1.65,1.646,1.648,11024.31
1781070600000,1.648,1.654,1.648,1.653,22536.07
1781070900000,1.654,1.657,1.651,1.651,16790.78
1781071200000,1.651,1.653,1.649,1.653,16626.25
1781071500000,1.653,1.658,1.65,1.655,39859.51
1781071800000,1.655,1.656,1.653,1.655,16135.81
1781072100000,1.654,1.659,1.654,1.659,16728.02
1781072400000,1.658,1.66,1.651,1.652,14150.24
1781072700000,1.653,1.659,1.653,1.657,8773.0
1781073000000,1.657,1.658,1.651,1.653,34957.92
1781073300000,1.653,1.666,1.652,1.665,53597.49
1781073600000,1.665,1.667,1.663,1.667,18090.4
1781073900000,1.667,1.669,1.663,1.665,27216.87
1781074200000,1.666,1.666,1.662,1.663,13517.51
1781074500000,1.663,1.665,1.662,1.664,6112.41
1781074800000,1.664,1.672,1.664,1.671,7200.92
1781075100000,1.67,1.671,1.664,1.666,18247.09
1781075400000,1.667,1.669,1.665,1.668,44770.76
1781075700000,1.667,1.671,1.666,1.671,12698.13
1781076000000,1.671,1.674,1.67,1.672,22604.48
1781076300000,1.672,1.672,1.665,1.665,11065.95
1781076600000,1.665,1.67,1.659,1.67,21834.27
1781076900000,1.67,1.67,1.666,1.667,17149.6
1781077200000,1.667,1.67,1.667,1.668,5436.13
1781077500000,1.669,1.669,1.663,1.665,5906.56
1781077800000,1.665,1.666,1.66,1.664,15638.63
1781078100000,1.663,1.665,1.662,1.665,12668.13
1781078400000,1.665,1.665,1.658,1.658,12566.82
1781078700000,1.659,1.661,1.655,1.661,12421.53
1781079000000,1.662,1.664,1.66,1.661,16313.85
1781079300000,1.661,1.67,1.661,1.668,28223.82
1781079600000,1.668,1.668,1.661,1.663,18947.51
1781079900000,1.663,1.664,1.66,1.661,10623.51
1781080200000,1.661,1.665,1.657,1.657,22062.28
1781080500000,1.657,1.661,1.654,1.656,18476.1
1781080800000,1.656,1.657,1.649,1.65,58841.58
1781081100000,1.649,1.656,1.649,1.653,14478.87
1781081400000,1.653,1.658,1.653,1.657,7404.21
1781081700000,1.658,1.658,1.652,1.653,15046.06
1781082000000,1.653,1.658,1.652,1.653,25743.23
1781082300000,1.654,1.658,1.653,1.658,20100.74
1781082600000,1.657,1.66,1.652,1.652,28448.95
1781082900000,1.652,1.653,1.645,1.646,61507.29
1781083200000,1.646,1.648,1.643,1.645,38103.97
1781083500000,1.645,1.657,1.643,1.656,101743.95
1781083800000,1.656,1.661,1.655,1.658,26958.32
1781084100000,1.659,1.664,1.658,1.662,12717.68
1781084400000,1.661,1.661,1.659,1.659,8547.12
1781084700000,1.66,1.661,1.655,1.659,5019.94
1781085000000,1.658,1.665,1.658,1.664,8960.1
1781085300000,1.665,1.67,1.664,1.664,18639.93
1781085600000,1.665,1.667,1.662,1.664,28815.77
1781085900000,1.664,1.669,1.66,1.669,26471.73
1781086200000,1.668,1.674,1.666,1.674,17261.27
1781086500000,1.674,1.675,1.661,1.666,56318.26
1781086800000,1.666,1.671,1.664,1.67,26776.7
1781087100000,1.67,1.676,1.669,1.676,15146.91
1781087400000,1.676,1.684,1.672,1.673,18856.91
1781087700000,1.672,1.672,1.669,1.669,16692.83
1781088000000,1.668,1.673,1.667,1.67,14198.12
1781088300000,1.67,1.672,1.666,1.668,18731.29
1781088600000,1.668,1.669,1.661,1.664,59662.17
1781088900000,1.664,1.67,1.664,1.666,12991.35
1781089200000,1.667,1.673,1.652,1.653,91757.15
1781089500000,1.654,1.658,1.649,1.656,27063.56
1781089800000,1.655,1.657,1.65,1.657,46776.56
1781090100000,1.656,1.656,1.649,1.649,13618.97
1782604800000,1.569,1.57,1.567,1.57,1157.94
1782605100000,1.569,1.57,1.562,1.567,9527.9
1782605400000,1.568,1.569,1.565,1.568,4317.45
1782605700000,1.568,1.57,1.567,1.569,2199.36
1782606000000,1.57,1.573,1.566,1.569,7117.48
1782606300000,1.569,1.57,1.568,1.569,1384.42
1782606600000,1.569,1.57,1.568,1.569,2639.53
1782606900000,1.568,1.57,1.567,1.569,5141.5
1782607200000,1.57,1.571,1.568,1.57,4255.42
1782607500000,1.571,1.574,1.57,1.571,5325.01
1782607800000,1.571,1.574,1.569,1.57,2522.38
1782608100000,1.569,1.571,1.568,1.57,1967.35
1782608400000,1.57,1.571,1.567,1.568,2850.06
1782608700000,1.568,1.572,1.567,1.57,8067.2
1782609000000,1.569,1.57,1.567,1.568,3429.21
1782609300000,1.568,1.569,1.567,1.569,2502.48
1782609600000,1.568,1.57,1.567,1.57,2194.12
1782609900000,1.569,1.57,1.568,1.57,1611.68
1782610200000,1.57,1.57,1.568,1.569,1386.2
1782610500000,1.569,1.57,1.566,1.568,1693.52
1782610800000,1.567,1.569,1.566,1.568,2255.24
1782611100000,1.568,1.571,1.568,1.569,3827.74
1782611400000,1.569,1.57,1.568,1.569,2993.37
1782611700000,1.569,1.57,1.568,1.569,2625.01
1782612000000,1.569,1.571,1.568,1.571,3841.61
1782612300000,1.571,1.575,1.57,1.572,9523.52
1782612600000,1.573,1.573,1.571,1.572,2182.38
1782612900000,1.573,1.575,1.571,1.573,4006.41
1782613200000,1.572,1.574,1.567,1.567,2765.49
1782613500000,1.568,1.569,1.567,1.568,1445.69
1782613800000,1.568,1.571,1.568,1.569,2890.95
1782614100000,1.569,1.57,1.568,1.57,3032.78
1782614400000,1.569,1.57,1.562,1.563,8727.31
1782614700000,1.562,1.565,1.561,1.564,2745.74
1782615000000,1.564,1.565,1.561,1.563,1896.24
1782615300000,1.562,1.563,1.561,1.562,1313.52
1782615600000,1.562,1.564,1.562,1.563,1687.32
1782615900000,1.563,1.564,1.561,1.562,2359.83
1782616200000,1.561,1.566,1.56,1.565,5313.01
1782616500000,1.565,1.567,1.563,1.567,2192.58
1782616800000,1.567,1.567,1.566,1.566,1229.1
1782617100000,1.566,1.566,1.564,1.565,1804.0
1782617400000,1.564,1.567,1.564,1.566,3358.21
1782617700000,1.565,1.566,1.564,1.565,2093.52
1782618000000,1.565,1.566,1.565,1.565,1638.53
1782618300000,1.566,1.571,1.565,1.566,7877.03
1782618600000,1.567,1.575,1.566,1.569,6733.85
1782618900000,1.57,1.575,1.568,1.569,4418.74
1782619200000,1.569,1.569,1.568,1.568,2169.11
1782619500000,1.568,1.569,1.568,1.568,1916.06
1782619800000,1.568,1.569,1.567,1.568,4235.51
1782620100000,1.567,1.567,1.56,1.561,6105.84
1782620400000,1.561,1.564,1.561,1.561,3752.11
1782620700000,1.561,1.563,1.559,1.559,2834.83
1782621000000,1.559,1.56,1.555,1.555,9703.72
1782621300000,1.555,1.558,1.555,1.558,2523.22
1782621600000,1.558,1.559,1.557,1.558,1917.5
1782621900000,1.558,1.558,1.556,1.557,3586.72
1782622200000,1.557,1.558,1.556,1.556,2678.07
1782622500000,1.557,1.557,1.556,1.557,2800.68
1782622800000,1.556,1.558,1.554,1.554,9162.98
1782623100000,1.554,1.559,1.554,1.555,6973.07
1782623400000,1.555,1.557,1.554,1.554,3723.33
1782623700000,1.554,1.556,1.55,1.55,25309.03
1782624000000,1.552,1.553,1.544,1.546,44555.13
1782624300000,1.545,1.548,1.54,1.548,21678.12
1782624600000,1.548,1.551,1.547,1.551,5314.36
1782624900000,1.55,1.554,1.55,1.554,7025.25
1782625200000,1.553,1.554,1.551,1.552,9905.49
1782625500000,1.552,1.554,1.552,1.554,3024.47
1782625800000,1.553,1.558,1.552,1.554,6422.16
1782626100000,1.554,1.557,1.553,1.557,3447.86
1782626400000,1.556,1.558,1.554,1.554,5901.92
1782626700000,1.554,1.556,1.553,1.556,1916.94
1782627000000,1.555,1.556,1.551,1.554,4472.67
1782627300000,1.554,1.557,1.55,1.554,16136.28
1782627600000,1.554,1.558,1.554,1.556,4970.31
1782627900000,1.556,1.557,1.555,1.556,2550.48
1782628200000,1.557,1.558,1.549,1.558,15023.1
1782628500000,1.557,1.559,1.552,1.555,8260.57
1782628800000,1.555,1.555,1.552,1.552,5595.97
1782629100000,1.553,1.553,1.547,1.549,9100.29
1782629400000,1.548,1.548,1.547,1.547,11729.34
1782629700000,1.547,1.548,1.547,1.547,2433.08
1782630000000,1.547,1.555,1.547,1.554,6233.46
1782630300000,1.554,1.554,1.551,1.554,8582.63
1782630600000,1.554,1.556,1.553,1.555,7005.01
1782630900000,1.554,1.565,1.553,1.554,24949.8
1782631200000,1.555,1.56,1.553,1.559,3051.85
1782631500000,1.559,1.562,1.557,1.558,5484.73
1782631800000,1.558,1.562,1.558,1.562,3709.79
1782632100000,1.561,1.565,1.561,1.565,4195.01
1782632400000,1.564,1.565,1.56,1.561,1151.18
1782632700000,1.56,1.561,1.556,1.557,4304.91
1782633000000,1.557,1.561,1.554,1.557,12460.41
1782633300000,1.557,1.561,1.557,1.561,7053.74
1782633600000,1.561,1.562,1.559,1.56,7978.66
1782633900000,1.56,1.562,1.559,1.559,3098.25
1782634200000,1.56,1.562,1.557,1.558,6764.28
1782634500000,1.558,1.558,1.54,1.549,41993.12
1782634800000,1.548,1.549,1.548,1.548,1606.38
1782635100000,1.548,1.549,1.543,1.548,12234.51
1782635400000,1.548,1.55,1.547,1.549,4138.96
1782635700000,1.549,1.559,1.549,1.556,8244.1
1782636000000,1.555,1.557,1.554,1.556,3600.94
1782636300000,1.556,1.559,1.551,1.553,9090.64
1782636600000,1.553,1.558,1.553,1.556,3446.69
1782636900000,1.556,1.558,1.554,1.556,4642.95
1782637200000,1.556,1.559,1.554,1.555,4025.13
1782637500000,1.556,1.559,1.551,1.557,9697.96
1782637800000,1.557,1.559,1.557,1.557,2466.81
1782638100000,1.558,1.559,1.556,1.557,3196.38
1782638400000,1.556,1.557,1.556,1.556,1237.39
1782638700000,1.556,1.558,1.554,1.556,6540.55
1782639000000,1.557,1.559,1.555,1.559,5012.5
1782639300000,1.558,1.56,1.557,1.559,15829.84
1782639600000,1.56,1.561,1.557,1.559,14919.65
1782639900000,1.559,1.56,1.557,1.558,4910.14
1782640200000,1.557,1.557,1.555,1.556,3247.34
1782640500000,1.556,1.565,1.555,1.563,27821.68
1782640800000,1.563,1.564,1.559,1.559,6081.99
1782641100000,1.56,1.564,1.557,1.561,7506.12
1782641400000,1.561,1.563,1.56,1.562,2016.4
1782641700000,1.561,1.564,1.561,1.561,12676.33
1782642000000,1.562,1.562,1.561,1.562,2293.03
1782642300000,1.561,1.564,1.559,1.564,3258.49
1782642600000,1.563,1.564,1.561,1.561,2659.66
1782642900000,1.562,1.562,1.558,1.559,3319.09
1782643200000,1.56,1.567,1.559,1.563,15204.0
1782643500000,1.562,1.563,1.559,1.559,2209.87
1782643800000,1.56,1.565,1.556,1.557,11438.93
1782644100000,1.559,1.559,1.557,1.559,3716.84
1782644400000,1.558,1.559,1.555,1.558,13244.16
1782644700000,1.558,1.558,1.555,1.555,5980.99
1782645000000,1.556,1.557,1.554,1.556,15131.89
1782645300000,1.556,1.561,1.555,1.56,22742.02
1782645600000,1.56,1.562,1.558,1.562,6587.54
1782645900000,1.562,1.564,1.554,1.561,20589.94
1782646200000,1.561,1.562,1.559,1.559,3895.0
1782646500000,1.56,1.561,1.555,1.557,5256.59
1782646800000,1.558,1.567,1.558,1.563,12081.29
1782647100000,1.563,1.565,1.561,1.563,4755.62
1782647400000,1.563,1.572,1.561,1.564,19286.57
1782647700000,1.563,1.564,1.56,1.561,2176.79
1782648000000,1.561,1.562,1.558,1.56,4263.62
1782648300000,1.56,1.564,1.559,1.562,7478.35
1782648600000,1.562,1.563,1.558,1.56,8179.39
1782648900000,1.56,1.562,1.558,1.559,6826.08
1782649200000,1.559,1.562,1.558,1.56,8749.08
1782649500000,1.561,1.564,1.56,1.564,5567.52
1782649800000,1.563,1.563,1.559,1.56,2166.76
1782650100000,1.56,1.562,1.557,1.559,2754.98
1782650400000,1.558,1.561,1.557,1.558,7814.57
1782650700000,1.558,1.564,1.557,1.559,12071.3
1782651000000,1.559,1.559,1.555,1.556,11757.33
1782651300000,1.557,1.557,1.554,1.555,7957.11
1782651600000,1.554,1.556,1.553,1.553,4676.53
1782651900000,1.553,1.557,1.553,1.554,13065.46
1782652200000,1.554,1.557,1.553,1.557,6854.01
1782652500000,1.557,1.558,1.556,1.557,1917.22
1782652800000,1.556,1.559,1.551,1.555,7792.16
1782653100000,1.556,1.558,1.555,1.557,2824.32
1782653400000,1.556,1.558,1.556,1.556,1051.23
1782653700000,1.557,1.559,1.556,1.559,8844.79
1782654000000,1.559,1.562,1.558,1.562,3604.56
1782654300000,1.562,1.562,1.556,1.561,5699.58
1782654600000,1.56,1.561,1.559,1.56,3125.05
1782654900000,1.56,1.561,1.557,1.557,1584.82
1782655200000,1.558,1.558,1.543,1.554,39109.25
1782655500000,1.553,1.556,1.54,1.555,53650.49
1782655800000,1.555,1.557,1.541,1.551,41594.71
1782656100000,1.551,1.554,1.535,1.552,55918.74
1782656400000,1.552,1.553,1.539,1.548,52377.41
1782656700000,1.548,1.552,1.547,1.552,22413.12
1782657000000,1.551,1.556,1.55,1.555,14937.57
1782657300000,1.555,1.556,1.553,1.553,2396.44
1782657600000,1.554,1.558,1.551,1.553,10016.95
1782657900000,1.553,1.555,1.552,1.554,4187.87
1782658200000,1.554,1.558,1.552,1.552,5472.28
1782658500000,1.553,1.555,1.552,1.555,2685.64
1782658800000,1.554,1.559,1.554,1.558,6526.2
1782659100000,1.558,1.559,1.554,1.555,2021.71
1782659400000,1.556,1.556,1.553,1.555,4522.19
1782659700000,1.555,1.559,1.555,1.558,4724.63
1782660000000,1.558,1.562,1.557,1.561,16018.52
1782660300000,1.56,1.562,1.559,1.561,4285.5
1782660600000,1.56,1.562,1.557,1.561,22723.03
1782660900000,1.561,1.565,1.558,1.558,9651.9
1782661200000,1.559,1.562,1.542,1.553,109805.36
1782661500000,1.553,1.553,1.549,1.55,4159.34
1782661800000,1.551,1.552,1.549,1.55,3776.58
1782662100000,1.551,1.554,1.548,1.551,10337.36
1782662400000,1.552,1.553,1.551,1.552,2019.83
1782662700000,1.553,1.554,1.552,1.553,1150.29
1782663000000,1.552,1.555,1.541,1.551,32596.41
1782663300000,1.55,1.554,1.55,1.553,2099.63
1782663600000,1.554,1.555,1.551,1.553,4120.22
1782663900000,1.552,1.554,1.551,1.552,3473.18
1782664200000,1.552,1.552,1.541,1.547,10220.75
1782664500000,1.548,1.551,1.545,1.549,7487.45
1782664800000,1.549,1.551,1.547,1.55,6941.71
1782665100000,1.549,1.552,1.547,1.549,6062.92
1782665400000,1.549,1.55,1.548,1.55,1894.23
1782665700000,1.549,1.553,1.548,1.551,3774.4
1782666000000,1.553,1.553,1.55,1.551,5936.7
1782666300000,1.55,1.552,1.549,1.55,4291.48
1782666600000,1.548,1.552,1.548,1.55,4573.23
1782666900000,1.551,1.553,1.546,1.548,10879.25
1782667200000,1.548,1.55,1.547,1.55,3112.52
1782667500000,1.549,1.549,1.546,1.548,4630.05
1782667800000,1.547,1.55,1.547,1.548,11465.05
1782668100000,1.548,1.549,1.543,1.545,10365.92
1782668400000,1.545,1.548,1.544,1.547,12301.39
1782668700000,1.547,1.561,1.546,1.554,52801.34
1782669000000,1.555,1.556,1.544,1.552,20337.94
1782669300000,1.551,1.556,1.551,1.555,4859.17
1782669600000,1.555,1.56,1.555,1.556,9106.6
1782669900000,1.557,1.559,1.555,1.556,5908.3
1782670200000,1.556,1.556,1.554,1.554,2002.12
1782670500000,1.555,1.555,1.553,1.554,1388.18
1782670800000,1.553,1.557,1.55,1.553,11306.98
1782671100000,1.552,1.555,1.55,1.552,9098.37
1782671400000,1.552,1.553,1.55,1.55,4111.29
1782671700000,1.55,1.553,1.549,1.552,6830.84
1782672000000,1.552,1.552,1.547,1.548,7573.79
1782672300000,1.548,1.55,1.546,1.547,6200.11
1782672600000,1.547,1.549,1.547,1.548,2480.45
1782672900000,1.548,1.549,1.546,1.548,9799.6
1782673200000,1.548,1.549,1.546,1.547,3336.48
1782673500000,1.548,1.549,1.546,1.548,5135.95
1782673800000,1.548,1.549,1.547,1.549,2657.38
1782674100000,1.549,1.549,1.546,1.547,3277.33
1782674400000,1.546,1.548,1.545,1.548,4493.94
1782674700000,1.547,1.548,1.547,1.548,1519.01
1782675000000,1.547,1.568,1.547,1.565,49177.95
1782675300000,1.565,1.567,1.561,1.563,16753.47
1782675600000,1.563,1.564,1.561,1.562,6923.26
1782675900000,1.562,1.562,1.558,1.561,8878.14
1782676200000,1.561,1.562,1.559,1.56,6917.87
1782676500000,1.561,1.562,1.559,1.561,5012.01
1782676800000,1.56,1.562,1.559,1.562,5274.73
1782677100000,1.561,1.564,1.561,1.562,7173.13
1782677400000,1.561,1.563,1.56,1.561,3548.55
1782677700000,1.562,1.567,1.561,1.566,14886.43
1782678000000,1.566,1.567,1.563,1.565,4528.85
1782678300000,1.565,1.567,1.563,1.563,6749.99
1782678600000,1.564,1.565,1.56,1.565,7672.03
1782678900000,1.565,1.566,1.564,1.564,9889.74
1782679200000,1.565,1.566,1.563,1.566,6649.51
1782679500000,1.566,1.568,1.565,1.567,7153.62
1782679800000,1.566,1.569,1.565,1.567,6222.78
1782680100000,1.567,1.568,1.566,1.567,4429.78
1782680400000,1.567,1.569,1.563,1.569,22512.76
1782680700000,1.569,1.57,1.565,1.57,12989.48
1782681000000,1.57,1.573,1.567,1.572,21796.64
1782681300000,1.573,1.582,1.571,1.58,41776.65
1782681600000,1.581,1.581,1.575,1.575,3266.71
1782681900000,1.575,1.575,1.571,1.572,3877.75
1782682200000,1.572,1.573,1.571,1.572,3905.84
1782682500000,1.572,1.573,1.571,1.573,3464.15
1782682800000,1.572,1.573,1.571,1.573,13653.91
1782683100000,1.573,1.573,1.571,1.573,6090.79
1782683400000,1.572,1.573,1.571,1.573,4533.32
1782683700000,1.572,1.614,1.571,1.602,298686.88
1782684000000,1.602,1.612,1.588,1.6,127021.73
1782684300000,1.6,1.605,1.596,1.6,10009.4
1782684600000,1.601,1.609,1.6,1.602,13106.5
1782684900000,1.601,1.602,1.591,1.595,10923.61
1782685200000,1.594,1.609,1.592,1.609,20361.68
1782685500000,1.609,1.617,1.602,1.609,38425.93
1782685800000,1.609,1.61,1.604,1.605,6972.0
1782686100000,1.605,1.611,1.603,1.609,43017.27
1782686400000,1.609,1.61,1.602,1.603,23730.56
1782686700000,1.602,1.602,1.587,1.591,46840.64
1782687000000,1.591,1.594,1.587,1.592,19480.49
1782687300000,1.592,1.6,1.587,1.59,45361.99
1782687600000,1.591,1.594,1.59,1.591,7795.03
1782687900000,1.591,1.598,1.59,1.595,14789.61
1782688200000,1.595,1.6,1.595,1.598,7279.83
1782688500000,1.597,1.603,1.595,1.596,14387.45
1782688800000,1.596,1.597,1.592,1.592,10617.57
1782689100000,1.592,1.594,1.591,1.594,2882.7
1782689400000,1.594,1.597,1.593,1.595,7544.39
1782689700000,1.596,1.596,1.583,1.594,55866.93
1782690000000,1.594,1.595,1.587,1.588,7981.13
1782690300000,1.589,1.593,1.588,1.59,9460.71
1782690600000,1.59,1.591,1.582,1.588,16582.53
1782690900000,1.588,1.589,1.587,1.589,3482.7
1782691200000,1.589,1.592,1.588,1.591,10995.64
1782691500000,1.591,1.598,1.589,1.592,15590.01
1782691800000,1.592,1.594,1.583,1.592,30799.19
1782692100000,1.592,1.592,1.581,1.584,17860.52
1782692400000,1.583,1.584,1.579,1.579,10540.3
1782692700000,1.579,1.581,1.578,1.579,6797.24
1782693000000,1.579,1.582,1.574,1.581,9263.55
1782693300000,1.582,1.582,1.575,1.576,6828.8
1782693600000,1.576,1.583,1.576,1.583,9195.81
1782693900000,1.583,1.583,1.578,1.58,7524.58
1782694200000,1.579,1.583,1.577,1.583,9438.17
1782694500000,1.583,1.592,1.582,1.589,11051.62
1782694800000,1.589,1.591,1.586,1.586,3423.05
1782695100000,1.587,1.589,1.585,1.587,5598.73
1782695400000,1.586,1.588,1.582,1.583,7995.6
1782695700000,1.584,1.585,1.582,1.583,2237.49
1782696000000,1.583,1.588,1.583,1.585,1875.51
1782696300000,1.586,1.586,1.582,1.584,1012.6
1782696600000,1.583,1.586,1.583,1.583,3322.96
1782696900000,1.582,1.587,1.582,1.586,7005.21
1782697200000,1.586,1.587,1.584,1.585,4335.76
1782697500000,1.586,1.588,1.584,1.588,18395.48
1782697800000,1.588,1.593,1.586,1.592,7993.71
1782698100000,1.591,1.592,1.589,1.591,2928.35
1782698400000,1.592,1.595,1.587,1.589,14945.1
1782698700000,1.589,1.589,1.584,1.585,2753.11
1782699000000,1.586,1.586,1.581,1.583,3983.49
1782699300000,1.582,1.583,1.578,1.579,17614.87
1782699600000,1.579,1.582,1.578,1.582,22089.81
1782699900000,1.582,1.586,1.579,1.583,63054.81
1782700200000,1.584,1.587,1.584,1.585,9244.13
1782700500000,1.585,1.591,1.585,1.589,13993.11
1782700800000,1.589,1.594,1.588,1.591,5092.24
1782701100000,1.591,1.593,1.585,1.589,7696.96
1782701400000,1.589,1.59,1.585,1.587,3596.85
1782701700000,1.587,1.59,1.58,1.584,10791.33
1782702000000,1.585,1.589,1.584,1.586,4173.17
1782702300000,1.586,1.608,1.586,1.605,60281.75
1782702600000,1.606,1.612,1.599,1.604,35191.62
1782702900000,1.604,1.61,1.604,1.609,11127.54
1782703200000,1.61,1.611,1.606,1.606,24306.02
1782703500000,1.607,1.608,1.592,1.594,26826.92
1782703800000,1.594,1.604,1.593,1.598,19337.19
1782704100000,1.598,1.616,1.596,1.597,54282.72
1782704400000,1.598,1.599,1.595,1.595,8126.92
1782704700000,1.596,1.6,1.594,1.598,4976.95
1782705000000,1.598,1.599,1.596,1.599,3087.96
1782705300000,1.598,1.607,1.597,1.604,26134.55
1782705600000,1.604,1.606,1.601,1.603,6209.72
1782705900000,1.603,1.603,1.599,1.6,6927.98
1782706200000,1.6,1.601,1.599,1.599,4109.68
1782706500000,1.6,1.602,1.599,1.601,5799.27
1782706800000,1.601,1.609,1.599,1.609,21506.99
1782707100000,1.608,1.61,1.607,1.609,8674.44
1782707400000,1.609,1.612,1.604,1.606,18047.81
1782707700000,1.606,1.619,1.606,1.616,24207.59
1782708000000,1.616,1.617,1.61,1.615,16366.36
1782708300000,1.615,1.615,1.607,1.608,12450.41
1782708600000,1.607,1.61,1.604,1.608,9162.6
1782708900000,1.608,1.609,1.605,1.605,6584.98
1782709200000,1.605,1.606,1.602,1.604,4786.18
1782709500000,1.603,1.607,1.601,1.605,6878.96
1782709800000,1.605,1.606,1.601,1.603,4130.63
1782710100000,1.604,1.605,1.596,1.599,11286.91
1782710400000,1.598,1.599,1.593,1.596,3500.85
1782710700000,1.595,1.597,1.593,1.595,28753.5
1782711000000,1.596,1.6,1.595,1.597,6021.68
1782711300000,1.597,1.609,1.595,1.604,40508.15
1782711600000,1.604,1.605,1.602,1.605,3880.53
1782711900000,1.606,1.607,1.605,1.606,5731.26
1782712200000,1.606,1.607,1.605,1.606,4022.2
1782712500000,1.606,1.608,1.603,1.605,18890.15
1782712800000,1.605,1.611,1.604,1.608,16159.76
1782713100000,1.608,1.614,1.6,1.603,38582.81
1782713400000,1.604,1.609,1.604,1.608,8553.5
1782713700000,1.608,1.615,1.608,1.615,10840.1
1782714000000,1.615,1.621,1.612,1.613,22697.4
1782714300000,1.613,1.616,1.61,1.614,7758.55
1782714600000,1.613,1.64,1.613,1.629,152574.01
1782714900000,1.63,1.631,1.624,1.625,6664.5
1782715200000,1.625,1.626,1.617,1.625,37176.77
1782715500000,1.625,1.626,1.616,1.624,78957.4
1782715800000,1.623,1.626,1.62,1.623,9700.77
1782716100000,1.622,1.624,1.619,1.62,14368.2
1782716400000,1.62,1.62,1.607,1.613,28075.95
1782716700000,1.612,1.617,1.609,1.61,11556.75
1782717000000,1.611,1.613,1.607,1.611,8791.61
1782717300000,1.611,1.62,1.611,1.613,41228.57
1782717600000,1.613,1.615,1.606,1.609,20402.42
1782717900000,1.609,1.612,1.606,1.611,12927.05
1782718200000,1.61,1.612,1.606,1.607,10323.17
1782718500000,1.607,1.611,1.605,1.606,22310.54
1782718800000,1.606,1.608,1.605,1.607,21438.72
1782719100000,1.607,1.614,1.605,1.609,54585.82
1782719400000,1.609,1.61,1.607,1.607,6160.45
1782719700000,1.608,1.609,1.605,1.606,11823.58
1782720000000,1.607,1.609,1.605,1.605,3368.29
1782720300000,1.605,1.606,1.601,1.603,6685.16
1782720600000,1.604,1.609,1.603,1.604,5506.63
1782720900000,1.604,1.613,1.6,1.601,23256.51
1782721200000,1.602,1.611,1.601,1.601,16894.85
1782721500000,1.601,1.603,1.592,1.593,19012.13
1782721800000,1.593,1.594,1.586,1.592,46553.63
1782722100000,1.592,1.599,1.59,1.594,15300.69
1782722400000,1.594,1.6,1.591,1.593,12886.49
1782722700000,1.594,1.596,1.585,1.59,21415.25
1782723000000,1.59,1.595,1.589,1.593,8091.87
1782723300000,1.594,1.594,1.59,1.593,3605.35
1782723600000,1.592,1.596,1.592,1.595,2699.82
1782723900000,1.596,1.599,1.596,1.598,5888.5
1782724200000,1.599,1.6,1.597,1.599,3367.78
1782724500000,1.599,1.604,1.598,1.598,6822.51
1782724800000,1.598,1.601,1.595,1.597,5634.29
1782725100000,1.598,1.601,1.595,1.599,5972.25
1782725400000,1.6,1.602,1.598,1.602,1475.62
1782725700000,1.601,1.601,1.599,1.6,3809.88
1782726000000,1.6,1.603,1.599,1.6,22133.29
1782726300000,1.601,1.605,1.6,1.601,5718.68
1782726600000,1.602,1.602,1.599,1.601,2430.83
1782726900000,1.602,1.603,1.601,1.603,2582.75
1782727200000,1.603,1.604,1.602,1.602,2939.73
1782727500000,1.602,1.603,1.601,1.603,2247.56
1782727800000,1.603,1.606,1.599,1.603,38055.61
1782728100000,1.602,1.605,1.601,1.603,13591.26
1782728400000,1.603,1.607,1.601,1.607,12009.05
1782728700000,1.606,1.607,1.603,1.606,8067.99
1782729000000,1.606,1.606,1.603,1.606,3561.93
1782729300000,1.605,1.607,1.604,1.605,6209.38
1782729600000,1.604,1.607,1.602,1.602,13836.75
1782729900000,1.602,1.605,1.601,1.602,10421.37
1782730200000,1.602,1.604,1.601,1.603,2492.69
1782730500000,1.602,1.603,1.596,1.596,7984.16
1782730800000,1.596,1.598,1.595,1.596,13656.03
1782731100000,1.597,1.599,1.592,1.593,7389.59
1782731400000,1.593,1.597,1.582,1.59,67043.69
1782731700000,1.591,1.596,1.59,1.595,7441.2
1782732000000,1.595,1.598,1.594,1.596,4640.81
1782732300000,1.596,1.6,1.594,1.596,7429.71
1782732600000,1.595,1.602,1.594,1.601,12287.87
1782732900000,1.601,1.601,1.599,1.599,4364.62
1782733200000,1.599,1.599,1.583,1.595,89319.34
1782733500000,1.594,1.598,1.592,1.593,12530.79
1782733800000,1.593,1.594,1.585,1.589,50571.39
1782734100000,1.589,1.595,1.586,1.594,40440.93
1782734400000,1.594,1.604,1.585,1.601,25276.35
1782734700000,1.601,1.611,1.598,1.606,55598.71
1782735000000,1.606,1.612,1.597,1.609,46929.66
1782735300000,1.609,1.609,1.593,1.601,24918.39
1782735600000,1.602,1.604,1.597,1.599,9235.41
1782735900000,1.6,1.605,1.598,1.6,10564.93
1782736200000,1.6,1.607,1.599,1.602,10381.96
1782736500000,1.602,1.602,1.594,1.594,3470.09
1782736800000,1.594,1.596,1.593,1.595,4032.1
1782737100000,1.595,1.623,1.594,1.609,254927.23
1782737400000,1.608,1.608,1.601,1.604,7792.53
1782737700000,1.603,1.604,1.6,1.602,3004.47
1782738000000,1.603,1.609,1.603,1.608,6215.21
1782738300000,1.608,1.61,1.607,1.607,3596.29
1782738600000,1.608,1.613,1.608,1.612,9587.31
1782738900000,1.612,1.614,1.611,1.612,3907.62
1782739200000,1.612,1.614,1.609,1.611,6913.5
1782739500000,1.611,1.611,1.599,1.601,23783.65
1782739800000,1.602,1.61,1.6,1.605,13219.48
1782740100000,1.606,1.606,1.594,1.595,9397.25
1782740400000,1.595,1.6,1.589,1.594,24509.27
1782740700000,1.593,1.594,1.588,1.591,17879.09
1782741000000,1.591,1.595,1.59,1.593,10542.14
1782741300000,1.592,1.597,1.591,1.596,8096.59
1782741600000,1.596,1.598,1.59,1.597,24638.04
1782741900000,1.597,1.597,1.593,1.595,12191.46
1782742200000,1.594,1.595,1.59,1.593,3612.54
1782742500000,1.593,1.596,1.592,1.594,8153.47
1782742800000,1.593,1.596,1.592,1.593,4240.9
1782743100000,1.593,1.6,1.593,1.599,6810.33
1782743400000,1.598,1.608,1.598,1.607,15949.77
1782743700000,1.607,1.618,1.607,1.615,23079.83
1782744000000,1.616,1.619,1.604,1.609,20507.93
1782744300000,1.61,1.611,1.606,1.607,17037.79
1782744600000,1.607,1.613,1.607,1.611,15255.14
1782744900000,1.61,1.611,1.607,1.609,2944.58
1782745200000,1.609,1.617,1.607,1.61,12887.51
1782745500000,1.61,1.612,1.607,1.611,20862.23
1782745800000,1.611,1.618,1.609,1.614,11780.15
1782746100000,1.615,1.618,1.613,1.615,5155.99
1782746400000,1.616,1.616,1.61,1.611,4874.9
1782746700000,1.611,1.62,1.61,1.619,16433.4
1782747000000,1.619,1.633,1.618,1.621,47641.29
1782747300000,1.62,1.628,1.618,1.624,20660.0
1782747600000,1.624,1.635,1.619,1.622,27806.48
1782747900000,1.622,1.625,1.611,1.613,25151.35
1782748200000,1.614,1.615,1.609,1.611,9329.33
1782748500000,1.61,1.612,1.608,1.609,2009.54
1782748800000,1.61,1.611,1.606,1.607,23129.55
1782749100000,1.608,1.616,1.608,1.613,10119.76
1782749400000,1.615,1.621,1.612,1.62,12825.4
1782749700000,1.62,1.626,1.617,1.619,14251.34
1782750000000,1.619,1.619,1.618,1.619,1490.21
1782750300000,1.618,1.618,1.608,1.609,6216.83
1782750600000,1.609,1.613,1.605,1.61,23637.25
1782750900000,1.609,1.612,1.608,1.611,16002.09
1782751200000,1.611,1.617,1.611,1.615,14942.19
1782751500000,1.615,1.616,1.613,1.614,12429.69
1782751800000,1.614,1.614,1.609,1.612,8439.83
1782752100000,1.613,1.62,1.612,1.617,9688.44
1782752400000,1.616,1.619,1.615,1.618,14856.54
1782752700000,1.617,1.619,1.612,1.619,21919.02
1782753000000,1.62,1.627,1.619,1.625,15617.35
1782753300000,1.625,1.627,1.622,1.623,16149.29
1782753600000,1.623,1.623,1.598,1.616,350474.27
1782753900000,1.616,1.621,1.611,1.612,26273.8
1782754200000,1.612,1.614,1.607,1.609,45786.62
1782754500000,1.609,1.614,1.6,1.61,31078.77
1782754800000,1.611,1.611,1.607,1.61,14800.47
1782755100000,1.609,1.61,1.606,1.609,8620.32
1782755400000,1.609,1.609,1.607,1.608,13824.81
1782755700000,1.608,1.612,1.606,1.608,14949.32
1782756000000,1.608,1.612,1.607,1.611,9162.3
1782756300000,1.611,1.611,1.602,1.61,9033.64
1782756600000,1.609,1.611,1.608,1.61,5204.84
1782756900000,1.609,1.61,1.604,1.61,16678.42
1782757200000,1.61,1.613,1.605,1.611,11903.64
1782757500000,1.611,1.625,1.609,1.614,66134.75
1782757800000,1.615,1.641,1.615,1.623,114994.09
1782758100000,1.624,1.629,1.621,1.624,10438.9
1782758400000,1.624,1.624,1.621,1.622,3084.63
1782758700000,1.622,1.626,1.622,1.625,2223.7
1782759000000,1.625,1.628,1.623,1.624,12236.89
1782759300000,1.624,1.625,1.623,1.624,5469.39
1782759600000,1.624,1.627,1.623,1.626,5915.25
1782759900000,1.625,1.627,1.625,1.627,3592.41
1782760200000,1.626,1.628,1.626,1.628,3877.47
1782760500000,1.628,1.628,1.623,1.624,12013.37
1782760800000,1.624,1.626,1.623,1.624,28869.68
1782761100000,1.624,1.627,1.624,1.625,10761.49
1782761400000,1.626,1.626,1.618,1.619,29631.47
1782761700000,1.619,1.619,1.617,1.619,1754.09
1782762000000,1.618,1.619,1.616,1.617,10977.66
1782762300000,1.617,1.62,1.616,1.62,13659.73
1782762600000,1.62,1.622,1.617,1.617,12215.8
1782762900000,1.618,1.618,1.613,1.613,2941.83
1782763200000,1.614,1.614,1.607,1.612,24153.1
1782763500000,1.611,1.612,1.607,1.609,23620.05
1782763800000,1.609,1.611,1.608,1.61,2174.03
1782764100000,1.611,1.623,1.608,1.614,29866.47
1782764400000,1.614,1.615,1.611,1.612,9912.93
1782764700000,1.612,1.617,1.61,1.613,17801.03
1782765000000,1.613,1.615,1.612,1.613,9570.76
1782765300000,1.612,1.615,1.61,1.614,16369.73
1782765600000,1.615,1.615,1.611,1.613,11320.71
1782765900000,1.613,1.615,1.611,1.615,8032.48
1782766200000,1.615,1.615,1.61,1.61,1724.73
1782766500000,1.611,1.611,1.608,1.61,1582.72
1782766800000,1.61,1.61,1.609,1.609,1845.13
1782767100000,1.61,1.612,1.609,1.611,2543.37
1782767400000,1.611,1.611,1.609,1.609,4004.07
1782767700000,1.61,1.61,1.601,1.607,16708.49
1782768000000,1.606,1.613,1.605,1.609,6568.32
1782768300000,1.609,1.624,1.608,1.612,23325.0
1782768600000,1.611,1.622,1.611,1.622,8139.41
1782768900000,1.621,1.623,1.618,1.623,3366.1
1782769200000,1.623,1.624,1.615,1.622,3130.99
1782769500000,1.622,1.624,1.62,1.623,5479.76
1782769800000,1.623,1.624,1.619,1.619,2749.16
1782770100000,1.62,1.62,1.617,1.618,1640.08
1782770400000,1.618,1.62,1.613,1.615,2117.95
1782770700000,1.615,1.616,1.613,1.613,616.41
1782771000000,1.613,1.615,1.61,1.614,21663.62
1782771300000,1.614,1.621,1.614,1.617,5490.75
1782771600000,1.617,1.618,1.613,1.616,7764.64
1782771900000,1.617,1.617,1.615,1.617,1906.92
1782772200000,1.618,1.618,1.615,1.616,3965.03
1782772500000,1.615,1.619,1.614,1.616,2339.34
1782772800000,1.616,1.621,1.616,1.618,4811.15
1782773100000,1.617,1.62,1.615,1.617,15571.08
1782773400000,1.617,1.619,1.617,1.618,999.08
1782773700000,1.619,1.62,1.616,1.616,2777.63
1782774000000,1.616,1.617,1.612,1.613,2473.72
1782774300000,1.613,1.614,1.61,1.612,19409.52
1782774600000,1.612,1.617,1.612,1.614,8697.82
1782774900000,1.614,1.616,1.608,1.61,13913.94
1782775200000,1.611,1.614,1.606,1.609,24226.94
1782775500000,1.61,1.612,1.605,1.611,17134.17
1782775800000,1.609,1.61,1.608,1.61,3409.93
1782776100000,1.609,1.611,1.602,1.604,9410.38
1782776400000,1.604,1.607,1.6,1.605,12022.42
1782776700000,1.606,1.606,1.604,1.604,7128.3
1782777000000,1.605,1.605,1.59,1.598,82130.55
1782777300000,1.598,1.603,1.597,1.603,17690.95
1782777600000,1.603,1.609,1.601,1.604,14716.04
1782777900000,1.604,1.606,1.601,1.606,10218.05
1782778200000,1.605,1.607,1.603,1.605,4734.69
1782778500000,1.606,1.611,1.605,1.607,14693.57
1782778800000,1.607,1.609,1.606,1.607,4601.5
1782779100000,1.607,1.608,1.598,1.599,2114.38
1782779400000,1.599,1.601,1.587,1.594,25836.29
1782779700000,1.593,1.594,1.585,1.593,15058.79
1782780000000,1.593,1.596,1.591,1.596,7519.94
1782780300000,1.596,1.602,1.596,1.601,4194.28
1782780600000,1.601,1.601,1.593,1.598,18828.43
1782780900000,1.598,1.6,1.597,1.597,7384.08
1782781200000,1.596,1.598,1.592,1.597,15897.52
1782781500000,1.596,1.596,1.592,1.592,1216.68
1782781800000,1.592,1.594,1.591,1.592,2622.44
1782782100000,1.592,1.596,1.592,1.596,1714.09
1782782400000,1.596,1.597,1.595,1.595,1328.03
1782782700000,1.596,1.598,1.595,1.598,1422.11
1782783000000,1.597,1.599,1.597,1.597,1035.67
1782783300000,1.598,1.598,1.595,1.595,10491.0
1782783600000,1.595,1.596,1.594,1.595,872.58
1782783900000,1.596,1.596,1.595,1.595,875.45
1782784200000,1.595,1.596,1.593,1.594,1202.05
1782784500000,1.595,1.596,1.591,1.592,4527.13
1782784800000,1.592,1.593,1.588,1.592,18667.19
1782785100000,1.592,1.6,1.588,1.594,27706.94
1782785400000,1.594,1.594,1.589,1.592,2298.17
1782785700000,1.591,1.593,1.59,1.593,4752.67
1782786000000,1.593,1.598,1.593,1.597,4181.65
1782786300000,1.598,1.598,1.595,1.596,7221.13
1782786600000,1.597,1.597,1.594,1.597,1239.63
1782786900000,1.597,1.6,1.593,1.599,6917.8
1782787200000,1.599,1.614,1.598,1.605,38968.78
1782787500000,1.604,1.607,1.604,1.606,4028.19
1782787800000,1.606,1.606,1.601,1.602,1215.03
1782788100000,1.602,1.602,1.6,1.6,1444.82
